id,tvt
000d7d20_1442,11750.098625385845
000d7d20_1443,11750.1082412107
000d7d20_1444,11750.116451656537
000d7d20_1445,11750.123665702944
000d7d20_1446,11750.131065416022
000d7d20_1447,11750.138017352054
000d7d20_1448,11750.135183520344
000d7d20_1449,11750.141617218203
000d7d20_1450,11750.147890385802
000d7d20_1451,11750.154618666558
000d7d20_1452,11750.159128860962
000d7d20_1453,11750.169394467846
000d7d20_1454,11750.174581506906
000d7d20_1455,11750.169089671994
000d7d20_1456,11750.172036085112
000d7d20_1457,11750.17403292202
000d7d20_1458,11750.165350579353
000d7d20_1459,11750.16700639741
000d7d20_1460,11750.15997427262
000d7d20_1461,11750.164602586408
000d7d20_1462,11750.158811617806
000d7d20_1463,11750.152455800748
000d7d20_1464,11750.16085626408
000d7d20_1465,11750.160204243004
000d7d20_1466,11750.15989819837
000d7d20_1467,11750.169346173823
000d7d20_1468,11750.169425749544
000d7d20_1469,11750.16954722871
000d7d20_1470,11750.169651379929
000d7d20_1471,11750.169645887385
000d7d20_1472,11750.170050955248
000d7d20_1473,11750.17058046594
000d7d20_1474,11750.171704568109
000d7d20_1475,11750.171225373091
000d7d20_1476,11750.169774450218
000d7d20_1477,11750.167802081418
000d7d20_1478,11750.165246222468
000d7d20_1479,11750.162041824304
000d7d20_1480,11750.15811847942
000d7d20_1481,11750.153388035023
000d7d20_1482,11750.1478735391
000d7d20_1483,11750.132036329913
000d7d20_1484,11750.124332712485
000d7d20_1485,11750.118164297572
000d7d20_1486,11750.10010463198
000d7d20_1487,11750.092296944831
000d7d20_1488,11750.085176880246
000d7d20_1489,11750.06987665204
000d7d20_1490,11750.065418046735
000d7d20_1491,11750.053252213049
000d7d20_1492,11750.051371034862
000d7d20_1493,11750.040668473985
000d7d20_1494,11750.039997004516
000d7d20_1495,11750.030374196129
000d7d20_1496,11750.021187339156
000d7d20_1497,11750.022047296214
000d7d20_1498,11750.01266148618
000d7d20_1499,11750.002713184736
000d7d20_1500,11749.992067566927
000d7d20_1501,11749.990480000655
000d7d20_1502,11749.979108706077
000d7d20_1503,11749.967268628174
000d7d20_1504,11749.954960372575
000d7d20_1505,11749.942099587022
000d7d20_1506,11749.928547962476
000d7d20_1507,11749.925144999866
000d7d20_1508,11749.913099415817
000d7d20_1509,11749.901957762206
000d7d20_1510,11749.891656109994
000d7d20_1511,11749.882052848354
000d7d20_1512,11749.872930061636
000d7d20_1513,11749.862993889685
000d7d20_1514,11749.852496652124
000d7d20_1515,11749.840097401036
000d7d20_1516,11749.83726387566
000d7d20_1517,11749.825290092229
000d7d20_1518,11749.814256827887
000d7d20_1519,11749.802975770925
000d7d20_1520,11749.791429644769
000d7d20_1521,11749.779663986472
000d7d20_1522,11749.769470246698
000d7d20_1523,11749.759757239071
000d7d20_1524,11749.74942100629
000d7d20_1525,11749.739063570927
000d7d20_1526,11749.728092030631
000d7d20_1527,11749.717484325069
000d7d20_1528,11749.706982817414
000d7d20_1529,11749.69651167754
000d7d20_1530,11749.67655908828
000d7d20_1531,11749.665975279797
000d7d20_1532,11749.65574093476
000d7d20_1533,11749.645759128009
000d7d20_1534,11749.63576419295
000d7d20_1535,11749.62593623813
000d7d20_1536,11749.616246462996
000d7d20_1537,11749.60650683094
000d7d20_1538,11749.59683410928
000d7d20_1539,11749.577766847824
000d7d20_1540,11749.568092370926
000d7d20_1541,11749.558201821368
000d7d20_1542,11749.547843606457
000d7d20_1543,11749.534900545024
000d7d20_1544,11749.520555142271
000d7d20_1545,11749.494992031618
000d7d20_1546,11749.477236498122
000d7d20_1547,11749.458776360214
000d7d20_1548,11749.439845282654
000d7d20_1549,11749.411045311754
000d7d20_1550,11749.39169908204
000d7d20_1551,11749.372469225473
000d7d20_1552,11749.35595642283
000d7d20_1553,11749.332378109031
000d7d20_1554,11749.32081150117
000d7d20_1555,11749.31530902537
000d7d20_1556,11749.306061583757
000d7d20_1557,11749.303223658211
000d7d20_1558,11749.29765178443
000d7d20_1559,11749.289625352576
000d7d20_1560,11749.261875291864
000d7d20_1561,11749.240632167694
000d7d20_1562,11749.207007446315
000d7d20_1563,11749.181544602448
000d7d20_1564,11749.1546671601
000d7d20_1565,11749.121466319491
000d7d20_1566,11749.096374902636
000d7d20_1567,11749.060342959308
000d7d20_1568,11749.033400384014
000d7d20_1569,11749.006011904656
000d7d20_1570,11748.968604987169
000d7d20_1571,11748.93902182152
000d7d20_1572,11748.922690646188
000d7d20_1573,11748.91266750802
000d7d20_1574,11748.89039884445
000d7d20_1575,11748.874875862966
000d7d20_1576,11748.84739850928
000d7d20_1577,11748.826561190166
000d7d20_1578,11748.79055675228
000d7d20_1579,11748.773107259483
000d7d20_1580,11748.748548033376
000d7d20_1581,11748.736130651248
000d7d20_1582,11748.71659441595
000d7d20_1583,11748.708877254106
000d7d20_1584,11748.696270516832
000d7d20_1585,11748.683340119527
000d7d20_1586,11748.65099499509
000d7d20_1587,11748.624136028253
000d7d20_1588,11748.61203292558
000d7d20_1589,11748.603857258277
000d7d20_1590,11748.601936057425
000d7d20_1591,11748.587938104094
000d7d20_1592,11748.569892737823
000d7d20_1593,11748.563542037917
000d7d20_1594,11748.549690343792
000d7d20_1595,11748.535085679525
000d7d20_1596,11748.529323305089
000d7d20_1597,11748.513690012713
000d7d20_1598,11748.497698374118
000d7d20_1599,11748.490754338503
000d7d20_1600,11748.474068108506
000d7d20_1601,11748.457176961174
000d7d20_1602,11748.450854296638
000d7d20_1603,11748.435949693903
000d7d20_1604,11748.42160533995
000d7d20_1605,11748.416318672673
000d7d20_1606,11748.401172095497
000d7d20_1607,11748.38567131002
000d7d20_1608,11748.37903468283
000d7d20_1609,11748.362427619262
000d7d20_1610,11748.354725935313
000d7d20_1611,11748.337042999236
000d7d20_1612,11748.318894666492
000d7d20_1613,11748.309705485632
000d7d20_1614,11748.290604594837
000d7d20_1615,11748.271127815837
000d7d20_1616,11748.260886628914
000d7d20_1617,11748.241077115928
000d7d20_1618,11748.230650963163
000d7d20_1619,11748.210766412843
000d7d20_1620,11748.190956185465
000d7d20_1621,11748.18063803975
000d7d20_1622,11748.161634466967
000d7d20_1623,11748.14270348294
000d7d20_1624,11748.133221282164
000d7d20_1625,11748.114304896324
000d7d20_1626,11748.104814646282
000d7d20_1627,11748.085877259844
000d7d20_1628,11748.06698123987
000d7d20_1629,11748.057489645138
000d7d20_1630,11748.038533376755
000d7d20_1631,11748.029107010365
000d7d20_1632,11748.010032578932
000d7d20_1633,11747.990982557774
000d7d20_1634,11747.981402239562
000d7d20_1635,11747.962417545195
000d7d20_1636,11747.95289229782
000d7d20_1637,11747.933936056916
000d7d20_1638,11747.915015061752
000d7d20_1639,11747.90556182593
000d7d20_1640,11747.88672874403
000d7d20_1641,11747.877382602535
000d7d20_1642,11747.858669248635
000d7d20_1643,11747.84945386584
000d7d20_1644,11747.831058720902
000d7d20_1645,11747.812603176277
000d7d20_1646,11747.803413479634
000d7d20_1647,11747.78418003206
000d7d20_1648,11747.774404766533
000d7d20_1649,11747.755141450054
000d7d20_1650,11747.7451728886
000d7d20_1651,11747.725786800123
000d7d20_1652,11747.716144310692
000d7d20_1653,11747.696738790866
000d7d20_1654,11747.677343286165
000d7d20_1655,11747.668230087558
000d7d20_1656,11747.65056216727
000d7d20_1657,11747.64346773757
000d7d20_1658,11747.625987164838
000d7d20_1659,11747.61675467805
000d7d20_1660,11747.597385882538
000d7d20_1661,11747.587881377693
000d7d20_1662,11747.56914027206
000d7d20_1663,11747.550986070735
000d7d20_1664,11747.543012899014
000d7d20_1665,11747.5259059841
000d7d20_1666,11747.518672904378
000d7d20_1667,11747.501390349058
000d7d20_1668,11747.493042513624
000d7d20_1669,11747.474602822813
000d7d20_1670,11747.46501437307
000d7d20_1671,11747.446238665809
000d7d20_1672,11747.43691381724
000d7d20_1673,11747.419097716664
000d7d20_1674,11747.407467601191
000d7d20_1675,11747.38278370404
000d7d20_1676,11747.368008056812
000d7d20_1677,11747.34427957319
000d7d20_1678,11747.330553894311
000d7d20_1679,11747.30781682478
000d7d20_1680,11747.295317234648
000d7d20_1681,11747.273817823889
000d7d20_1682,11747.262459030002
000d7d20_1683,11747.242278111838
000d7d20_1684,11747.232200157525
000d7d20_1685,11747.213243368751
000d7d20_1686,11747.204324498158
000d7d20_1687,11747.186564368396
000d7d20_1688,11747.178796271026
000d7d20_1689,11747.164167507352
000d7d20_1690,11747.159970167404
000d7d20_1691,11747.140699987842
000d7d20_1692,11747.131758224972
000d7d20_1693,11747.114325297756
000d7d20_1694,11747.107218585475
000d7d20_1695,11747.101905292891
000d7d20_1696,11747.0835902917
000d7d20_1697,11747.070614471682
000d7d20_1698,11747.060227080938
000d7d20_1699,11747.05239570036
000d7d20_1700,11747.035505096756
000d7d20_1701,11747.028417081185
000d7d20_1702,11747.021617014474
000d7d20_1703,11747.015073686836
000d7d20_1704,11747.008768773714
000d7d20_1705,11747.002688254672
000d7d20_1706,11746.98746722074
000d7d20_1707,11746.981921303968
000d7d20_1708,11746.976536916269
000d7d20_1709,11746.971290592308
000d7d20_1710,11746.966168309322
000d7d20_1711,11746.963499651529
000d7d20_1712,11746.962157409336
000d7d20_1713,11746.959560921585
000d7d20_1714,11746.955936160715
000d7d20_1715,11746.959949140337
000d7d20_1716,11746.953300435847
000d7d20_1717,11746.945637609802
000d7d20_1718,11746.935639222758
000d7d20_1719,11746.927194864824
000d7d20_1720,11746.92014931248
000d7d20_1721,11746.925347463126
000d7d20_1722,11746.918300079033
000d7d20_1723,11746.911329785788
000d7d20_1724,11746.904539166342
000d7d20_1725,11746.907159324976
000d7d20_1726,11746.900390666971
000d7d20_1727,11746.893979635057
000d7d20_1728,11746.896517841167
000d7d20_1729,11746.88920288074
000d7d20_1730,11746.890939210864
000d7d20_1731,11746.88190929257
000d7d20_1732,11746.880926330978
000d7d20_1733,11746.871850999054
000d7d20_1734,11746.873648813347
000d7d20_1735,11746.867046965775
000d7d20_1736,11746.874031330995
000d7d20_1737,11746.869674906167
000d7d20_1738,11746.873146116524
000d7d20_1739,11746.874173047125
000d7d20_1740,11746.864555766831
000d7d20_1741,11746.86774520295
000d7d20_1742,11746.871147907035
000d7d20_1743,11746.865284098174
000d7d20_1744,11746.869764970488
000d7d20_1745,11746.874518067314
000d7d20_1746,11746.879642564989
000d7d20_1747,11746.885262180424
000d7d20_1748,11746.882007720693
000d7d20_1749,11746.888595421708
000d7d20_1750,11746.894398822584
000d7d20_1751,11746.899462657026
000d7d20_1752,11746.903686572838
000d7d20_1753,11746.907068450306
000d7d20_1754,11746.909641924054
000d7d20_1755,11746.911376621185
000d7d20_1756,11746.912352241075
000d7d20_1757,11746.912591719964
000d7d20_1758,11746.913013989457
000d7d20_1759,11746.913550505487
000d7d20_1760,11746.914677665498
000d7d20_1761,11746.914841758287
000d7d20_1762,11746.913893781108
000d7d20_1763,11746.92147469172
000d7d20_1764,11746.922193724386
000d7d20_1765,11746.925514106702
000d7d20_1766,11746.931430451545
000d7d20_1767,11746.936855356238
000d7d20_1768,11746.951187958452
000d7d20_1769,11746.955516991304
000d7d20_1770,11746.95925892303
000d7d20_1771,11746.969284177816
000d7d20_1772,11746.9692725151
000d7d20_1773,11746.968761897004
000d7d20_1774,11746.977216356954
000d7d20_1775,11746.975744228945
000d7d20_1776,11746.983318383149
000d7d20_1777,11746.98104695026
000d7d20_1778,11746.989130147653
000d7d20_1779,11746.988533369024
000d7d20_1780,11746.998151946402
000d7d20_1781,11746.998720060816
000d7d20_1782,11747.009152270271
000d7d20_1783,11747.019943256588
000d7d20_1784,11747.02209422633
000d7d20_1785,11747.033798164695
000d7d20_1786,11747.03613503465
000d7d20_1787,11747.04804515722
000d7d20_1788,11747.05058641484
000d7d20_1789,11747.062705508482
000d7d20_1790,11747.065462937462
000d7d20_1791,11747.077798561986
000d7d20_1792,11747.07994596261
000d7d20_1793,11747.090835736795
000d7d20_1794,11747.091537030326
000d7d20_1795,11747.09204818798
000d7d20_1796,11747.1018251461
000d7d20_1797,11747.101930457782
000d7d20_1798,11747.111319373478
000d7d20_1799,11747.111071064972
000d7d20_1800,11747.110657500163
000d7d20_1801,11747.109627719845
000d7d20_1802,11747.115181083598
000d7d20_1803,11747.109913196658
000d7d20_1804,11747.105600078092
000d7d20_1805,11747.102134596676
000d7d20_1806,11747.108904080316
000d7d20_1807,11747.106818283028
000d7d20_1808,11747.105306879128
000d7d20_1809,11747.104311506166
000d7d20_1810,11747.103783287752
000d7d20_1811,11747.105652402031
000d7d20_1812,11747.116573278854
000d7d20_1813,11747.117645072289
000d7d20_1814,11747.118384492882
000d7d20_1815,11747.11879169975
000d7d20_1816,11747.118924061737
000d7d20_1817,11747.11822014578
000d7d20_1818,11747.117280880151
000d7d20_1819,11747.117510721817
000d7d20_1820,11747.116582861148
000d7d20_1821,11747.11598843618
000d7d20_1822,11747.115369331716
000d7d20_1823,11747.115397341297
000d7d20_1824,11747.115111122414
000d7d20_1825,11747.115298357428
000d7d20_1826,11747.10496806461
000d7d20_1827,11747.107766650091
000d7d20_1828,11747.109295394152
000d7d20_1829,11747.109264019784
000d7d20_1830,11747.1111157389
000d7d20_1831,11747.111177006582
000d7d20_1832,11747.101623341332
000d7d20_1833,11747.101518962396
000d7d20_1834,11747.101157912575
000d7d20_1835,11747.1013134594
000d7d20_1836,11747.09239055738
000d7d20_1837,11747.09379165389
000d7d20_1838,11747.095422288576
000d7d20_1839,11747.08794472376
000d7d20_1840,11747.090452028651
000d7d20_1841,11747.092709645192
000d7d20_1842,11747.085598562297
000d7d20_1843,11747.087714949424
000d7d20_1844,11747.080376492955
000d7d20_1845,11747.082414121807
000d7d20_1846,11747.07494437366
000d7d20_1847,11747.076715415613
000d7d20_1848,11747.069241291962
000d7d20_1849,11747.071074979714
000d7d20_1850,11747.063509048645
000d7d20_1851,11747.065453961402
000d7d20_1852,11747.057890357117
000d7d20_1853,11747.059792654509
000d7d20_1854,11747.051973820358
000d7d20_1855,11747.05474530225
000d7d20_1856,11747.049090651268
000d7d20_1857,11747.04472026866
000d7d20_1858,11747.049273582024
000d7d20_1859,11747.043929508662
000d7d20_1860,11747.038001759583
000d7d20_1861,11747.04197819871
000d7d20_1862,11747.03678651564
000d7d20_1863,11747.031861190217
000d7d20_1864,11747.027014256191
000d7d20_1865,11747.03131744302
000d7d20_1866,11747.025841016542
000d7d20_1867,11747.019645113944
000d7d20_1868,11747.013178089352
000d7d20_1869,11747.006564521633
000d7d20_1870,11746.999787171137
000d7d20_1871,11747.002136218418
000d7d20_1872,11746.994693823122
000d7d20_1873,11746.988636480331
000d7d20_1874,11746.983603139155
000d7d20_1875,11746.979707481572
000d7d20_1876,11746.97519936684
000d7d20_1877,11746.97018451494
000d7d20_1878,11746.964706326791
000d7d20_1879,11746.958860972696
000d7d20_1880,11746.951341639991
000d7d20_1881,11746.942872586967
000d7d20_1882,11746.9335491478
000d7d20_1883,11746.925972236537
000d7d20_1884,11746.929410441002
000d7d20_1885,11746.924957271309
000d7d20_1886,11746.919282974151
000d7d20_1887,11746.912534079498
000d7d20_1888,11746.904729487607
000d7d20_1889,11746.898483672174
000d7d20_1890,11746.90361266556
000d7d20_1891,11746.898711211426
000d7d20_1892,11746.89329055403
000d7d20_1893,11746.887572193453
000d7d20_1894,11746.883097971671
000d7d20_1895,11746.887687025674
000d7d20_1896,11746.882644182306
000d7d20_1897,11746.877410976367
000d7d20_1898,11746.872014339677
000d7d20_1899,11746.87586850415
000d7d20_1900,11746.870061880309
000d7d20_1901,11746.86271374456
000d7d20_1902,11746.864166969168
000d7d20_1903,11746.855528398562
000d7d20_1904,11746.844493635186
000d7d20_1905,11746.846427147975
000d7d20_1906,11746.839988943177
000d7d20_1907,11746.83453833741
000d7d20_1908,11746.83997111773
000d7d20_1909,11746.83504256859
000d7d20_1910,11746.838644795462
000d7d20_1911,11746.831974406265
000d7d20_1912,11746.825888282465
000d7d20_1913,11746.829795695265
000d7d20_1914,11746.825638970618
000d7d20_1915,11746.830313123242
000d7d20_1916,11746.824913547538
000d7d20_1917,11746.827671465404
000d7d20_1918,11746.822167654946
000d7d20_1919,11746.827173278069
000d7d20_1920,11746.825542603448
000d7d20_1921,11746.835590574548
000d7d20_1922,11746.834079876024
000d7d20_1923,11746.840107192327
000d7d20_1924,11746.83615639681
000d7d20_1925,11746.841116270813
000d7d20_1926,11746.845319453369
000d7d20_1927,11746.839615594989
000d7d20_1928,11746.842004671977
000d7d20_1929,11746.833747520495
000d7d20_1930,11746.83603946566
000d7d20_1931,11746.840721718056
000d7d20_1932,11746.838307249873
000d7d20_1933,11746.847582167084
000d7d20_1934,11746.862384076425
000d7d20_1935,11746.86854213686
000d7d20_1936,11746.88391042572
000d7d20_1937,11746.89923754606
000d7d20_1938,11746.898057929924
000d7d20_1939,11746.905483658333
000d7d20_1940,11746.911834356504
000d7d20_1941,11746.91574548137
000d7d20_1942,11746.91411864172
000d7d20_1943,11746.926162730848
000d7d20_1944,11746.942261626118
000d7d20_1945,11746.959301113142
000d7d20_1946,11746.976941912411
000d7d20_1947,11746.985648152784
000d7d20_1948,11747.00437355966
000d7d20_1949,11747.020000807212
000d7d20_1950,11747.037251991362
000d7d20_1951,11747.056405701023
000d7d20_1952,11747.07751314774
000d7d20_1953,11747.100863415371
000d7d20_1954,11747.114072811408
000d7d20_1955,11747.13579252378
000d7d20_1956,11747.15645382069
000d7d20_1957,11747.16263873426
000d7d20_1958,11747.15453125865
000d7d20_1959,11747.146277538615
000d7d20_1960,11747.13795995769
000d7d20_1961,11747.129681491806
000d7d20_1962,11747.120446242854
000d7d20_1963,11747.109823942126
000d7d20_1964,11747.093909423786
000d7d20_1965,11747.083879192218
000d7d20_1966,11747.07884620204
000d7d20_1967,11747.078170794644
000d7d20_1968,11747.0903216594
000d7d20_1969,11747.095712036638
000d7d20_1970,11747.096117645253
000d7d20_1971,11747.096582722816
000d7d20_1972,11747.09711371662
000d7d20_1973,11747.10715483084
000d7d20_1974,11747.107766969357
000d7d20_1975,11747.108454577536
000d7d20_1976,11747.109226039498
000d7d20_1977,11747.110071321553
000d7d20_1978,11747.110987971526
000d7d20_1979,11747.122364461164
000d7d20_1980,11747.125154949954
000d7d20_1981,11747.12876645887
000d7d20_1982,11747.13315877449
000d7d20_1983,11747.145530534444
000d7d20_1984,11747.147094771071
000d7d20_1985,11747.147502088115
000d7d20_1986,11747.15389350753
000d7d20_1987,11747.153584252026
000d7d20_1988,11747.153797275872
000d7d20_1989,11747.163962281307
000d7d20_1990,11747.165032968333
000d7d20_1991,11747.175938019083
000d7d20_1992,11747.177666507569
000d7d20_1993,11747.18915156235
000d7d20_1994,11747.191383393849
000d7d20_1995,11747.203291866694
000d7d20_1996,11747.205897745182
000d7d20_1997,11747.21812272889
000d7d20_1998,11747.22100102037
000d7d20_1999,11747.233451092305
000d7d20_2000,11747.236529188654
000d7d20_2001,11747.2491441721
000d7d20_2002,11747.25495135124
000d7d20_2003,11747.269779639217
000d7d20_2004,11747.284107187104
000d7d20_2005,11747.28849321067
000d7d20_2006,11747.303983950116
000d7d20_2007,11747.321452267082
000d7d20_2008,11747.326785144904
000d7d20_2009,11747.34409321838
000d7d20_2010,11747.359915648636
000d7d20_2011,11747.37359834592
000d7d20_2012,11747.382365436
000d7d20_2013,11747.403767021076
000d7d20_2014,11747.42093290792
000d7d20_2015,11747.43748978224
000d7d20_2016,11747.453628927888
000d7d20_2017,11747.469844459849
000d7d20_2018,11747.497324758791
000d7d20_2019,11747.521391892926
000d7d20_2020,11747.542937521832
000d7d20_2021,11747.561845100709
000d7d20_2022,11747.57718402927
000d7d20_2023,11747.594675102991
000d7d20_2024,11747.614266529265
000d7d20_2025,11747.635955810703
000d7d20_2026,11747.648569448782
000d7d20_2027,11747.664143686949
000d7d20_2028,11747.683549316433
000d7d20_2029,11747.699009003154
000d7d20_2030,11747.712857677308
000d7d20_2031,11747.732186318295
000d7d20_2032,11747.745828780831
000d7d20_2033,11747.760731101764
000d7d20_2034,11747.788221013125
000d7d20_2035,11747.80563114415
000d7d20_2036,11747.82233730329
000d7d20_2037,11747.838385458388
000d7d20_2038,11747.853762557084
000d7d20_2039,11747.877550862228
000d7d20_2040,11747.89086826708
000d7d20_2041,11747.8996815733
000d7d20_2042,11747.911869248494
000d7d20_2043,11747.936626633818
000d7d20_2044,11747.95060649228
000d7d20_2045,11747.963370579702
000d7d20_2046,11747.984456606298
000d7d20_2047,11747.996588347083
000d7d20_2048,11748.009207351592
000d7d20_2049,11748.031719669132
000d7d20_2050,11748.04305923398
000d7d20_2051,11748.06233594847
000d7d20_2052,11748.070817082653
000d7d20_2053,11748.076166914396
000d7d20_2054,11748.092100549762
000d7d20_2055,11748.099463146664
000d7d20_2056,11748.117116653117
000d7d20_2057,11748.125951025628
000d7d20_2058,11748.144854274971
000d7d20_2059,11748.164233626056
000d7d20_2060,11748.174516473164
000d7d20_2061,11748.195276908093
000d7d20_2062,11748.206457919188
000d7d20_2063,11748.227084583246
000d7d20_2064,11748.247581978165
000d7d20_2065,11748.258813168724
000d7d20_2066,11748.279678962705
000d7d20_2067,11748.300632974042
000d7d20_2068,11748.312187542077
000d7d20_2069,11748.333307120978
000d7d20_2070,11748.344764253328
000d7d20_2071,11748.36556049879
000d7d20_2072,11748.386318812549
000d7d20_2073,11748.39761916282
000d7d20_2074,11748.418508109497
000d7d20_2075,11748.43004994681
000d7d20_2076,11748.451284033184
000d7d20_2077,11748.463393809843
000d7d20_2078,11748.48541527304
000d7d20_2079,11748.507864585838
000d7d20_2080,11748.521086820856
000d7d20_2081,11748.543818381266
000d7d20_2082,11748.557060829658
000d7d20_2083,11748.579708108728
000d7d20_2084,11748.591440991757
000d7d20_2085,11748.612980994138
000d7d20_2086,11748.625079480764
000d7d20_2087,11748.64664395333
000d7d20_2088,11748.658716645534
000d7d20_2089,11748.680161205531
000d7d20_2090,11748.692014091026
000d7d20_2091,11748.703994917752
000d7d20_2092,11748.725445394206
000d7d20_2093,11748.73736333445
000d7d20_2094,11748.758858155128
000d7d20_2095,11748.770505108718
000d7d20_2096,11748.792063962585
000d7d20_2097,11748.803496114037
000d7d20_2098,11748.815093276142
000d7d20_2099,11748.836291437856
000d7d20_2100,11748.848373187471
000d7d20_2101,11748.86858314801
000d7d20_2102,11748.87988995143
000d7d20_2103,11748.891125305536
000d7d20_2104,11748.912247390132
000d7d20_2105,11748.921863478232
000d7d20_2106,11748.932796462375
000d7d20_2107,11748.951711101448
000d7d20_2108,11748.959960684108
000d7d20_2109,11748.968864747578
000d7d20_2110,11748.989325563658
000d7d20_2111,11748.998062127692
000d7d20_2112,11749.007225649846
000d7d20_2113,11749.026055462424
000d7d20_2114,11749.03657176461
000d7d20_2115,11749.045855772238
000d7d20_2116,11749.05576280973
000d7d20_2117,11749.074913151486
000d7d20_2118,11749.085727041323
000d7d20_2119,11749.096056126007
000d7d20_2120,11749.105421259732
000d7d20_2121,11749.125738557308
000d7d20_2122,11749.13487545183
000d7d20_2123,11749.145157210149
000d7d20_2124,11749.154522043078
000d7d20_2125,11749.163374062962
000d7d20_2126,11749.183951051336
000d7d20_2127,11749.19473055335
000d7d20_2128,11749.2051314196
000d7d20_2129,11749.215960177698
000d7d20_2130,11749.225090527758
000d7d20_2131,11749.244280871308
000d7d20_2132,11749.255049082163
000d7d20_2133,11749.265067733464
000d7d20_2134,11749.276201713808
000d7d20_2135,11749.286871568132
000d7d20_2136,11749.296585733764
000d7d20_2137,11749.306174219306
000d7d20_2138,11749.316520130087
000d7d20_2139,11749.337847785246
000d7d20_2140,11749.35043737523
000d7d20_2141,11749.362016205112
000d7d20_2142,11749.372648881925
000d7d20_2143,11749.383916324769
000d7d20_2144,11749.39504047179
000d7d20_2145,11749.406000755216
000d7d20_2146,11749.418369201034
000d7d20_2147,11749.42985755296
000d7d20_2148,11749.440310204283
000d7d20_2149,11749.451647880358
000d7d20_2150,11749.461029639951
000d7d20_2151,11749.470612981386
000d7d20_2152,11749.480450636407
000d7d20_2153,11749.490655936586
000d7d20_2154,11749.500930080674
000d7d20_2155,11749.51148643676
000d7d20_2156,11749.523156182862
000d7d20_2157,11749.533026334842
000d7d20_2158,11749.541597744656
000d7d20_2159,11749.551274857393
000d7d20_2160,11749.56106441703
000d7d20_2161,11749.57123505222
000d7d20_2162,11749.581676079044
000d7d20_2163,11749.5923944634
000d7d20_2164,11749.603278392464
000d7d20_2165,11749.61438021891
000d7d20_2166,11749.625640539723
000d7d20_2167,11749.637110196909
000d7d20_2168,11749.649548088912
000d7d20_2169,11749.661226707813
000d7d20_2170,11749.6723379812
000d7d20_2171,11749.682620421618
000d7d20_2172,11749.69412766752
000d7d20_2173,11749.707067150528
000d7d20_2174,11749.720040894465
000d7d20_2175,11749.733204266706
000d7d20_2176,11749.746605050328
000d7d20_2177,11749.7587759711
000d7d20_2178,11749.772089888556
000d7d20_2179,11749.786592943923
000d7d20_2180,11749.799981437172
000d7d20_2181,11749.812257099546
000d7d20_2182,11749.821914370155
000d7d20_2183,11749.841519688043
000d7d20_2184,11749.852142142414
000d7d20_2185,11749.86381572461
000d7d20_2186,11749.87558652894
000d7d20_2187,11749.887344054276
000d7d20_2188,11749.899480979091
000d7d20_2189,11749.910919655078
000d7d20_2190,11749.921611550715
000d7d20_2191,11749.932703648246
000d7d20_2192,11749.953645298516
000d7d20_2193,11749.965572877423
000d7d20_2194,11749.977603854784
000d7d20_2195,11749.989814875536
000d7d20_2196,11750.002205793711
000d7d20_2197,11750.014932083224
000d7d20_2198,11750.027773172207
000d7d20_2199,11750.050277830784
000d7d20_2200,11750.062962057138
000d7d20_2201,11750.075214325372
000d7d20_2202,11750.086832104116
000d7d20_2203,11750.098079765849
000d7d20_2204,11750.11834688229
000d7d20_2205,11750.12878581631
000d7d20_2206,11750.138938296936
000d7d20_2207,11750.148123676645
000d7d20_2208,11750.167364375044
000d7d20_2209,11750.177740587093
000d7d20_2210,11750.188640999486
000d7d20_2211,11750.200060027284
000d7d20_2212,11750.209900056689
000d7d20_2213,11750.22735818559
000d7d20_2214,11750.23566587722
000d7d20_2215,11750.244300918295
000d7d20_2216,11750.26265259302
000d7d20_2217,11750.27181453411
000d7d20_2218,11750.28115914603
000d7d20_2219,11750.290869510867
000d7d20_2220,11750.31015004685
000d7d20_2221,11750.320168897308
000d7d20_2222,11750.330388749227
000d7d20_2223,11750.35019288318
000d7d20_2224,11750.360772016944
000d7d20_2225,11750.371573535676
000d7d20_2226,11750.391956098574
000d7d20_2227,11750.403009720818
000d7d20_2228,11750.414238496876
000d7d20_2229,11750.43497433294
000d7d20_2230,11750.446335549626
000d7d20_2231,11750.457876330409
000d7d20_2232,11750.479347482418
000d7d20_2233,11750.491947372157
000d7d20_2234,11750.505252194638
000d7d20_2235,11750.528510079816
000d7d20_2236,11750.542972226966
000d7d20_2237,11750.567267319677
000d7d20_2238,11750.582553744229
000d7d20_2239,11750.59819469092
000d7d20_2240,11750.62383399992
000d7d20_2241,11750.641214641924
000d7d20_2242,11750.669210312572
000d7d20_2243,11750.689092377164
000d7d20_2244,11750.707835104417
000d7d20_2245,11750.734854500386
000d7d20_2246,11750.751022063952
000d7d20_2247,11750.775196445888
000d7d20_2248,11750.785108690478
000d7d20_2249,11750.807142156633
000d7d20_2250,11750.823535974096
000d7d20_2251,11750.85032867384
000d7d20_2252,11750.868453154602
000d7d20_2253,11750.896944505692
000d7d20_2254,11750.914253741736
000d7d20_2255,11750.929908335846
000d7d20_2256,11750.953358611858
000d7d20_2257,11750.965444036134
000d7d20_2258,11750.97619719789
000d7d20_2259,11750.985327881815
000d7d20_2260,11750.995036544396
000d7d20_2261,11751.0054030415
000d7d20_2262,11751.025785724629
000d7d20_2263,11751.037967323124
000d7d20_2264,11751.04137927205
000d7d20_2265,11751.054908666934
000d7d20_2266,11751.06903126644
000d7d20_2267,11751.082584145224
000d7d20_2268,11751.095598710152
000d7d20_2269,11751.107979811715
000d7d20_2270,11751.108864233614
000d7d20_2271,11751.123247677344
000d7d20_2272,11751.127452094504
000d7d20_2273,11751.140456174557
000d7d20_2274,11751.142837455836
000d7d20_2275,11751.153567104016
000d7d20_2276,11751.153807996569
000d7d20_2277,11751.16255316032
000d7d20_2278,11751.160942913428
000d7d20_2279,11751.158632391493
000d7d20_2280,11751.157694371552
000d7d20_2281,11751.166249613942
000d7d20_2282,11751.167510792782
000d7d20_2283,11751.172627347216
000d7d20_2284,11751.176062947368
000d7d20_2285,11751.176824667056
000d7d20_2286,11751.180446246166
000d7d20_2287,11751.176730457784
000d7d20_2288,11751.16657687099
000d7d20_2289,11751.16363243683
000d7d20_2290,11751.155566869484
000d7d20_2291,11751.15342292001
000d7d20_2292,11751.14468516596
000d7d20_2293,11751.146126345577
000d7d20_2294,11751.144078779203
000d7d20_2295,11751.129157639878
000d7d20_2296,11751.125109606168
000d7d20_2297,11751.11712092634
000d7d20_2298,11751.107987180898
000d7d20_2299,11751.1079666604
000d7d20_2300,11751.100097230294
000d7d20_2301,11751.091107529244
000d7d20_2302,11751.083797424171
000d7d20_2303,11751.084223525188
000d7d20_2304,11751.069986746195
000d7d20_2305,11751.056162180195
000d7d20_2306,11751.042631390435
000d7d20_2307,11751.029390946402
000d7d20_2308,11751.016384756504
000d7d20_2309,11751.003563112556
000d7d20_2310,11750.98113238506
000d7d20_2311,11750.968422120484
000d7d20_2312,11750.955802691724
000d7d20_2313,11750.94322028903
000d7d20_2314,11750.921091378992
000d7d20_2315,11750.908841810504
000d7d20_2316,11750.896693828312
000d7d20_2317,11750.875179906989
000d7d20_2318,11750.85415857062
000d7d20_2319,11750.847598567692
000d7d20_2320,11750.830573323385
000d7d20_2321,11750.821971098943
000d7d20_2322,11750.802643981477
000d7d20_2323,11750.78209318674
000d7d20_2324,11750.765633086903
000d7d20_2325,11750.753421793972
000d7d20_2326,11750.754942456737
000d7d20_2327,11750.748924226844
000d7d20_2328,11750.74480479925
000d7d20_2329,11750.751157860148
000d7d20_2330,11750.759740796972
000d7d20_2331,11750.76074825989
000d7d20_2332,11750.774812054686
000d7d20_2333,11750.790017319538
000d7d20_2334,11750.805094039322
000d7d20_2335,11750.80959242
000d7d20_2336,11750.81908364893
000d7d20_2337,11750.824930341058
000d7d20_2338,11750.818627311502
000d7d20_2339,11750.819643006096
000d7d20_2340,11750.809652390508
000d7d20_2341,11750.807708175906
000d7d20_2342,11750.795364041502
000d7d20_2343,11750.782358663662
000d7d20_2344,11750.777826337162
000d7d20_2345,11750.76295980621
000d7d20_2346,11750.747496578342
000d7d20_2347,11750.731791299087
000d7d20_2348,11750.715421189168
000d7d20_2349,11750.698606963502
000d7d20_2350,11750.680941140949
000d7d20_2351,11750.663078380208
000d7d20_2352,11750.65447342266
000d7d20_2353,11750.636463942656
000d7d20_2354,11750.6193042622
000d7d20_2355,11750.600985300476
000d7d20_2356,11750.58231883234
000d7d20_2357,11750.563253765176
000d7d20_2358,11750.543966949475
000d7d20_2359,11750.524093083228
000d7d20_2360,11750.502573548169
000d7d20_2361,11750.484258293698
000d7d20_2362,11750.463786684688
000d7d20_2363,11750.441069348251
000d7d20_2364,11750.41604069427
000d7d20_2365,11750.388575623523
000d7d20_2366,11750.352777862669
000d7d20_2367,11750.321149259556
000d7d20_2368,11750.284745750749
000d7d20_2369,11750.2617800982
000d7d20_2370,11750.235081511812
000d7d20_2371,11750.204670974415
000d7d20_2372,11750.17432898096
000d7d20_2373,11750.144424602266
000d7d20_2374,11750.114960448383
000d7d20_2375,11750.086574174386
000d7d20_2376,11750.060749236578
000d7d20_2377,11750.028031414013
000d7d20_2378,11750.003729069556
000d7d20_2379,11749.968620880643
000d7d20_2380,11749.936313462642
000d7d20_2381,11749.909737715574
000d7d20_2382,11749.869111519673
000d7d20_2383,11749.843149062488
000d7d20_2384,11749.819598657969
000d7d20_2385,11749.801109260205
000d7d20_2386,11749.78547040652
000d7d20_2387,11749.749481942186
000d7d20_2388,11749.726217513322
000d7d20_2389,11749.693330647113
000d7d20_2390,11749.667900269009
000d7d20_2391,11749.658653102691
000d7d20_2392,11749.64045765077
000d7d20_2393,11749.628913002662
000d7d20_2394,11749.598337028488
000d7d20_2395,11749.577248918416
000d7d20_2396,11749.554417739935
000d7d20_2397,11749.550357247092
000d7d20_2398,11749.546188393078
000d7d20_2399,11749.53462698825
000d7d20_2400,11749.515431201664
000d7d20_2401,11749.50742657026
000d7d20_2402,11749.491568877773
000d7d20_2403,11749.486840274398
000d7d20_2404,11749.47961556722
000d7d20_2405,11749.460948192327
000d7d20_2406,11749.45121600826
000d7d20_2407,11749.431697215165
000d7d20_2408,11749.41999274501
000d7d20_2409,11749.401792786404
000d7d20_2410,11749.395647198307
000d7d20_2411,11749.38243670726
000d7d20_2412,11749.3794318952
000d7d20_2413,11749.367413742591
000d7d20_2414,11749.367924022494
000d7d20_2415,11749.35587205184
000d7d20_2416,11749.350759341009
000d7d20_2417,11749.33453161787
000d7d20_2418,11749.326343527662
000d7d20_2419,11749.307639172814
000d7d20_2420,11749.297355000424
000d7d20_2421,11749.27687307915
000d7d20_2422,11749.265106793962
000d7d20_2423,11749.243268096146
000d7d20_2424,11749.220850744814
000d7d20_2425,11749.203306526288
000d7d20_2426,11749.17641645778
000d7d20_2427,11749.159447063
000d7d20_2428,11749.135661011813
000d7d20_2429,11749.1126535578
000d7d20_2430,11749.09980386418
000d7d20_2431,11749.078260608818
000d7d20_2432,11749.057550555106
000d7d20_2433,11749.046930706323
000d7d20_2434,11749.02774620115
000d7d20_2435,11749.009284273949
000d7d20_2436,11749.000899779448
000d7d20_2437,11748.980912336538
000d7d20_2438,11748.958813136773
000d7d20_2439,11748.934749760982
000d7d20_2440,11748.921233553448
000d7d20_2441,11748.899477284544
000d7d20_2442,11748.878968564535
000d7d20_2443,11748.859805527743
000d7d20_2444,11748.851041328202
000d7d20_2445,11748.833903023273
000d7d20_2446,11748.829747679103
000d7d20_2447,11748.814766101958
000d7d20_2448,11748.798740984948
000d7d20_2449,11748.790712856136
000d7d20_2450,11748.772843683077
000d7d20_2451,11748.764081418603
000d7d20_2452,11748.745531197486
000d7d20_2453,11748.736044375712
000d7d20_2454,11748.72530504686
000d7d20_2455,11748.704048890027
000d7d20_2456,11748.691106614237
000d7d20_2457,11748.67709551638
000d7d20_2458,11748.662012455476
000d7d20_2459,11748.636209516677
000d7d20_2460,11748.616439980671
000d7d20_2461,11748.596830381792
000d7d20_2462,11748.576098321875
000d7d20_2463,11748.554608505268
000d7d20_2464,11748.540241617236
000d7d20_2465,11748.525831882806
000d7d20_2466,11748.512008792335
000d7d20_2467,11748.492837827916
000d7d20_2468,11748.470266564032
000d7d20_2469,11748.452288206645
000d7d20_2470,11748.435341809723
000d7d20_2471,11748.421058390257
000d7d20_2472,11748.411024270546
000d7d20_2473,11748.397369382175
000d7d20_2474,11748.380381550349
000d7d20_2475,11748.360143153886
000d7d20_2476,11748.356590097364
000d7d20_2477,11748.340877542223
000d7d20_2478,11748.317295698842
000d7d20_2479,11748.302582988515
000d7d20_2480,11748.276699367356
000d7d20_2481,11748.26606675532
000d7d20_2482,11748.2427556889
000d7d20_2483,11748.238098837252
000d7d20_2484,11748.22304266423
000d7d20_2485,11748.215943679852
000d7d20_2486,11748.206837128457
000d7d20_2487,11748.18781466148
000d7d20_2488,11748.177717834908
000d7d20_2489,11748.17144079361
000d7d20_2490,11748.16422558843
000d7d20_2491,11748.145214060376
000d7d20_2492,11748.13676367164
000d7d20_2493,11748.13131875232
000d7d20_2494,11748.128569037754
000d7d20_2495,11748.124935006856
000d7d20_2496,11748.12055128914
000d7d20_2497,11748.11349810731
000d7d20_2498,11748.107155974229
000d7d20_2499,11748.101618847631
000d7d20_2500,11748.097070246544
000d7d20_2501,11748.090132466376
000d7d20_2502,11748.0810312185
000d7d20_2503,11748.079378087145
000d7d20_2504,11748.068621279192
000d7d20_2505,11748.05831192027
000d7d20_2506,11748.048305730976
000d7d20_2507,11748.048169484478
000d7d20_2508,11748.038838972208
000d7d20_2509,11748.029849309296
000d7d20_2510,11748.030669221876
000d7d20_2511,11748.022369667731
000d7d20_2512,11748.024252735016
000d7d20_2513,11748.01526126536
000d7d20_2514,11748.01452838696
000d7d20_2515,11748.003434393317
000d7d20_2516,11748.002794625192
000d7d20_2517,11747.993581840656
000d7d20_2518,11747.994716017318
000d7d20_2519,11747.997279132733
000d7d20_2520,11747.987821231916
000d7d20_2521,11747.985499258102
000d7d20_2522,11747.984367189189
000d7d20_2523,11747.98424586328
000d7d20_2524,11747.98522024318
000d7d20_2525,11747.98725884562
000d7d20_2526,11747.980791366535
000d7d20_2527,11747.98455910004
000d7d20_2528,11747.987587521948
000d7d20_2529,11747.990237405096
000d7d20_2530,11747.991566422084
000d7d20_2531,11747.99306138748
000d7d20_2532,11748.00403474455
000d7d20_2533,11748.005671643468
000d7d20_2534,11748.00731116834
000d7d20_2535,11748.008821644224
000d7d20_2536,11748.010147910154
000d7d20_2537,11748.011353682929
000d7d20_2538,11748.021759637038
000d7d20_2539,11748.022582355188
000d7d20_2540,11748.02380912322
000d7d20_2541,11748.024992571514
000d7d20_2542,11748.03550527655
000d7d20_2543,11748.036411190766
000d7d20_2544,11748.037247215922
000d7d20_2545,11748.047342224978
000d7d20_2546,11748.047977142389
000d7d20_2547,11748.048620444228
000d7d20_2548,11748.058680143904
000d7d20_2549,11748.059226569068
000d7d20_2550,11748.06914644723
000d7d20_2551,11748.069583331457
000d7d20_2552,11748.07003360223
000d7d20_2553,11748.079888329312
000d7d20_2554,11748.080315317216
000d7d20_2555,11748.090187121728
000d7d20_2556,11748.090591889812
000d7d20_2557,11748.100472950524
000d7d20_2558,11748.100953421565
000d7d20_2559,11748.110899398162
000d7d20_2560,11748.111385262857
000d7d20_2561,11748.121433478482
000d7d20_2562,11748.122027218464
000d7d20_2563,11748.133746106676
000d7d20_2564,11748.142818998607
000d7d20_2565,11748.140367132764
000d7d20_2566,11748.148229674896
000d7d20_2567,11748.147488670164
000d7d20_2568,11748.15703619856
000d7d20_2569,11748.170546817528
000d7d20_2570,11748.174245951965
000d7d20_2571,11748.186881196189
000d7d20_2572,11748.198844021052
000d7d20_2573,11748.2008390811
000d7d20_2574,11748.21169513392
000d7d20_2575,11748.221915900256
000d7d20_2576,11748.222138456193
000d7d20_2577,11748.23124145161
000d7d20_2578,11748.239758400736
000d7d20_2579,11748.246454004784
000d7d20_2580,11748.251429822269
000d7d20_2581,11748.245455281529
000d7d20_2582,11748.2500833574
000d7d20_2583,11748.255666891837
000d7d20_2584,11748.262186551416
000d7d20_2585,11748.269518347122
000d7d20_2586,11748.28139612389
000d7d20_2587,11748.280999891747
000d7d20_2588,11748.286755935243
000d7d20_2589,11748.28997017102
000d7d20_2590,11748.297698617263
000d7d20_2591,11748.30408480482
000d7d20_2592,11748.311389242625
000d7d20_2593,11748.317700635544
000d7d20_2594,11748.32166863719
000d7d20_2595,11748.327676164528
000d7d20_2596,11748.3330081212
000d7d20_2597,11748.340438003945
000d7d20_2598,11748.346097082924
000d7d20_2599,11748.353197352488
000d7d20_2600,11748.365453985718
000d7d20_2601,11748.372199776157
000d7d20_2602,11748.380262558676
000d7d20_2603,11748.38517877574
000d7d20_2604,11748.394066189469
000d7d20_2605,11748.401711775248
000d7d20_2606,11748.418434980931
000d7d20_2607,11748.426110008611
000d7d20_2608,11748.430659537662
000d7d20_2609,11748.437371386744
000d7d20_2610,11748.443131582602
000d7d20_2611,11748.45050404833
000d7d20_2612,11748.465979171133
000d7d20_2613,11748.47167021301
000d7d20_2614,11748.477990199151
000d7d20_2615,11748.483920065451
000d7d20_2616,11748.490494794512
000d7d20_2617,11748.507012725346
000d7d20_2618,11748.514345344887
000d7d20_2619,11748.52222173336
000d7d20_2620,11748.539854535362
000d7d20_2621,11748.547662841416
000d7d20_2622,11748.555181391996
000d7d20_2623,11748.571402745678
000d7d20_2624,11748.578491327526
000d7d20_2625,11748.585747560726
000d7d20_2626,11748.602623745732
000d7d20_2627,11748.611796172609
000d7d20_2628,11748.629746681134
000d7d20_2629,11748.637465296062
000d7d20_2630,11748.644637063026
000d7d20_2631,11748.660905078446
000d7d20_2632,11748.667368859247
000d7d20_2633,11748.683015709894
000d7d20_2634,11748.688882061915
000d7d20_2635,11748.69459214975
000d7d20_2636,11748.710372763722
000d7d20_2637,11748.716923279491
000d7d20_2638,11748.73331858496
000d7d20_2639,11748.740092133034
000d7d20_2640,11748.746706517875
000d7d20_2641,11748.762647881433
000d7d20_2642,11748.769036844693
000d7d20_2643,11748.77523823944
000d7d20_2644,11748.790814692218
000d7d20_2645,11748.79685483493
000d7d20_2646,11748.802893671043
000d7d20_2647,11748.80891164852
000d7d20_2648,11748.824345557608
000d7d20_2649,11748.829999329228
000d7d20_2650,11748.835531486588
000d7d20_2651,11748.850815795042
000d7d20_2652,11748.856872097993
000d7d20_2653,11748.863131621876
000d7d20_2654,11748.869633937113
000d7d20_2655,11748.885661178703
000d7d20_2656,11748.893266567587
000d7d20_2657,11748.90076467273
000d7d20_2658,11748.908194031868
000d7d20_2659,11748.915402045766
000d7d20_2660,11748.931596399789
000d7d20_2661,11748.938956057287
000d7d20_2662,11748.94643367279
000d7d20_2663,11748.954451026932
000d7d20_2664,11748.961546369548
000d7d20_2665,11748.977340673762
000d7d20_2666,11748.98490211723
000d7d20_2667,11748.990642299868
000d7d20_2668,11748.997110764129
000d7d20_2669,11749.006615744962
000d7d20_2670,11749.014221469448
000d7d20_2671,11749.022632790386
000d7d20_2672,11749.031436932435
000d7d20_2673,11749.049935333673
000d7d20_2674,11749.058119465528
000d7d20_2675,11749.064859546705
000d7d20_2676,11749.072516771044
000d7d20_2677,11749.07915911858
000d7d20_2678,11749.086998878443
000d7d20_2679,11749.093316406948
000d7d20_2680,11749.100433812697
000d7d20_2681,11749.10870755496
000d7d20_2682,11749.11445173293
000d7d20_2683,11749.12086319874
000d7d20_2684,11749.128289193664
000d7d20_2685,11749.135883634175
000d7d20_2686,11749.143647009603
000d7d20_2687,11749.151855451952
000d7d20_2688,11749.160933164676
000d7d20_2689,11749.17088229265
000d7d20_2690,11749.181832833394
000d7d20_2691,11749.189758315868
000d7d20_2692,11749.194875348085
000d7d20_2693,11749.199849256807
000d7d20_2694,11749.20469543224
000d7d20_2695,11749.209351759164
000d7d20_2696,11749.214047061569
000d7d20_2697,11749.21810185151
000d7d20_2698,11749.22314955318
000d7d20_2699,11749.229219779478
000d7d20_2700,11749.238015383477
000d7d20_2701,11749.237564254245
000d7d20_2702,11749.246859753852
000d7d20_2703,11749.256867686649
000d7d20_2704,11749.267609365636
000d7d20_2705,11749.279031812206
000d7d20_2706,11749.29122956575
000d7d20_2707,11749.304313364208
000d7d20_2708,11749.318576441692
000d7d20_2709,11749.324825389354
000d7d20_2710,11749.34230796788
000d7d20_2711,11749.362447586504
000d7d20_2712,11749.385817376153
000d7d20_2713,11749.393911288427
000d7d20_2714,11749.39395889769
000d7d20_2715,11749.4047388119
000d7d20_2716,11749.4189577575
000d7d20_2717,11749.432043251942
000d7d20_2718,11749.44403105176
000d7d20_2719,11749.443754096872
000d7d20_2720,11749.4523178649
000d7d20_2721,11749.460213342576
000d7d20_2722,11749.46751555536
000d7d20_2723,11749.465655263142
000d7d20_2724,11749.473698621185
000d7d20_2725,11749.482029249592
000d7d20_2726,11749.481681070978
000d7d20_2727,11749.492673323568
000d7d20_2728,11749.505473995188
000d7d20_2729,11749.51066174984
000d7d20_2730,11749.527470256586
000d7d20_2731,11749.54985800523
000d7d20_2732,11749.559836494416
000d7d20_2733,11749.57610144278
000d7d20_2734,11749.584502797912
000d7d20_2735,11749.584602091849
000d7d20_2736,11749.595552883357
000d7d20_2737,11749.60130193217
000d7d20_2738,11749.61417709839
000d7d20_2739,11749.61539021818
000d7d20_2740,11749.623744730066
000d7d20_2741,11749.62554373504
000d7d20_2742,11749.640060721256
000d7d20_2743,11749.648210603002
000d7d20_2744,11749.666469534395
000d7d20_2745,11749.675933708222
000d7d20_2746,11749.697086090797
000d7d20_2747,11749.708289515442
000d7d20_2748,11749.728630197082
000d7d20_2749,11749.738965988416
000d7d20_2750,11749.748921943825
000d7d20_2751,11749.767730132184
000d7d20_2752,11749.776549930555
000d7d20_2753,11749.781757119456
000d7d20_2754,11749.79658851531
000d7d20_2755,11749.802232655162
000d7d20_2756,11749.808076167305
000d7d20_2757,11749.823544543287
000d7d20_2758,11749.829660410318
000d7d20_2759,11749.836901009012
000d7d20_2760,11749.851628513909
000d7d20_2761,11749.854603490185
000d7d20_2762,11749.855575590498
000d7d20_2763,11749.85779306903
000d7d20_2764,11749.861208948429
000d7d20_2765,11749.875220296257
000d7d20_2766,11749.878371752222
000d7d20_2767,11749.880369371484
000d7d20_2768,11749.881290856356
000d7d20_2769,11749.881117104693
000d7d20_2770,11749.879894199788
000d7d20_2771,11749.875772864936
000d7d20_2772,11749.881828076708
000d7d20_2773,11749.878912536558
000d7d20_2774,11749.877347797965
000d7d20_2775,11749.874982548852
000d7d20_2776,11749.871798468826
000d7d20_2777,11749.866230362428
000d7d20_2778,11749.861933224713
000d7d20_2779,11749.858765644416
000d7d20_2780,11749.856555155273
000d7d20_2781,11749.85392599459
000d7d20_2782,11749.85094322746
000d7d20_2783,11749.84764768202
000d7d20_2784,11749.84269256881
000d7d20_2785,11749.838883556818
000d7d20_2786,11749.836109931828
000d7d20_2787,11749.834232408515
000d7d20_2788,11749.82387498136
000d7d20_2789,11749.82390572172
000d7d20_2790,11749.824490562489
000d7d20_2791,11749.825801857807
000d7d20_2792,11749.829563287803
000d7d20_2793,11749.831321836667
000d7d20_2794,11749.83085628235
000d7d20_2795,11749.81907352988
000d7d20_2796,11749.81725841392
000d7d20_2797,11749.815856603396
000d7d20_2798,11749.814842980642
000d7d20_2799,11749.80479495845
000d7d20_2800,11749.80451735223
000d7d20_2801,11749.806313311105
000d7d20_2802,11749.807415512589
000d7d20_2803,11749.798482021071
000d7d20_2804,11749.79828729432
000d7d20_2805,11749.797551460431
000d7d20_2806,11749.786794318645
000d7d20_2807,11749.785016102544
000d7d20_2808,11749.78270875993
000d7d20_2809,11749.76809971682
000d7d20_2810,11749.764216045212
000d7d20_2811,11749.751984658054
000d7d20_2812,11749.750376130063
000d7d20_2813,11749.746190422724
000d7d20_2814,11749.730235007952
000d7d20_2815,11749.726047926271
000d7d20_2816,11749.714402654834
000d7d20_2817,11749.714124341272
000d7d20_2818,11749.704103160191
000d7d20_2819,11749.703340998982
000d7d20_2820,11749.692770323954
000d7d20_2821,11749.691445738448
000d7d20_2822,11749.680470294865
000d7d20_2823,11749.679645666616
000d7d20_2824,11749.6700393444
000d7d20_2825,11749.671893297853
000d7d20_2826,11749.663937640942
000d7d20_2827,11749.665119737345
000d7d20_2828,11749.656392309496
000d7d20_2829,11749.656626565842
000d7d20_2830,11749.646063015072
000d7d20_2831,11749.635651651166
000d7d20_2832,11749.63484268275
000d7d20_2833,11749.624660572395
000d7d20_2834,11749.624134782272
000d7d20_2835,11749.614228837298
000d7d20_2836,11749.613909259151
000d7d20_2837,11749.60430573603
000d7d20_2838,11749.604882876383
000d7d20_2839,11749.59548797841
000d7d20_2840,11749.585564955984
000d7d20_2841,11749.584326538676
000d7d20_2842,11749.57538721858
000d7d20_2843,11749.575496021826
000d7d20_2844,11749.56569776123
000d7d20_2845,11749.564897015192
000d7d20_2846,11749.555104499796
000d7d20_2847,11749.545722200502
000d7d20_2848,11749.547106393631
000d7d20_2849,11749.539004167253
000d7d20_2850,11749.530736482962
000d7d20_2851,11749.531823660123
000d7d20_2852,11749.523051444065
000d7d20_2853,11749.52336587015
000d7d20_2854,11749.513942477444
000d7d20_2855,11749.504219855964
000d7d20_2856,11749.50368987091
000d7d20_2857,11749.49336441837
000d7d20_2858,11749.48277890367
000d7d20_2859,11749.481371863316
000d7d20_2860,11749.469173469017
000d7d20_2861,11749.46733993412
000d7d20_2862,11749.456862241052
000d7d20_2863,11749.447700903576
000d7d20_2864,11749.447548585484
000d7d20_2865,11749.437485302024
000d7d20_2866,11749.424621615004
000d7d20_2867,11749.42250879591
000d7d20_2868,11749.41206529328
000d7d20_2869,11749.40403040002
000d7d20_2870,11749.405584743348
000d7d20_2871,11749.397800217845
000d7d20_2872,11749.39030200845
000d7d20_2873,11749.382908436626
000d7d20_2874,11749.385189554694
000d7d20_2875,11749.378198532984
000d7d20_2876,11749.37139033783
000d7d20_2877,11749.37389135491
000d7d20_2878,11749.36658732401
000d7d20_2879,11749.35903600086
000d7d20_2880,11749.350930225934
000d7d20_2881,11749.350620252811
000d7d20_2882,11749.33919459111
000d7d20_2883,11749.328951318956
000d7d20_2884,11749.329271046778
000d7d20_2885,11749.321274664206
000d7d20_2886,11749.313172705126
000d7d20_2887,11749.305086532757
000d7d20_2888,11749.306268886334
000d7d20_2889,11749.297854882849
000d7d20_2890,11749.289249684787
000d7d20_2891,11749.28068045796
000d7d20_2892,11749.28141389585
000d7d20_2893,11749.26994149338
000d7d20_2894,11749.259430317605
000d7d20_2895,11749.249821607613
000d7d20_2896,11749.2411496048
000d7d20_2897,11749.241438791069
000d7d20_2898,11749.231699868757
000d7d20_2899,11749.22147951609
000d7d20_2900,11749.211191533714
000d7d20_2901,11749.210373391288
000d7d20_2902,11749.200042361255
000d7d20_2903,11749.18968030003
000d7d20_2904,11749.179345244484
000d7d20_2905,11749.168990440963
000d7d20_2906,11749.158625892387
000d7d20_2907,11749.15769469498
000d7d20_2908,11749.147255833564
000d7d20_2909,11749.13685735063
000d7d20_2910,11749.126367795352
000d7d20_2911,11749.11579725391
000d7d20_2912,11749.11474785229
000d7d20_2913,11749.104215087173
000d7d20_2914,11749.093615510625
000d7d20_2915,11749.08305815086
000d7d20_2916,11749.072494358748
000d7d20_2917,11749.071355544054
000d7d20_2918,11749.061774928135
000d7d20_2919,11749.051801926184
000d7d20_2920,11749.041278101797
000d7d20_2921,11749.038638424445
000d7d20_2922,11749.027204016707
000d7d20_2923,11749.016531092098
000d7d20_2924,11749.015959069871
000d7d20_2925,11749.006615928713
000d7d20_2926,11748.99611128896
000d7d20_2927,11748.9939724467
000d7d20_2928,11748.981296385691
000d7d20_2929,11748.979023503389
000d7d20_2930,11748.9690342361
000d7d20_2931,11748.968702381238
000d7d20_2932,11748.958668575757
000d7d20_2933,11748.957580327997
000d7d20_2934,11748.946527417991
000d7d20_2935,11748.94510133659
000d7d20_2936,11748.93297743304
000d7d20_2937,11748.929313714263
000d7d20_2938,11748.91701070288
000d7d20_2939,11748.91383856322
000d7d20_2940,11748.910384817324
000d7d20_2941,11748.901039991644
000d7d20_2942,11748.898683480438
000d7d20_2943,11748.89664552527
000d7d20_2944,11748.88464682296
000d7d20_2945,11748.881364798806
000d7d20_2946,11748.87801013546
000d7d20_2947,11748.867098307846
000d7d20_2948,11748.866680380555
000d7d20_2949,11748.86542215182
000d7d20_2950,11748.86335713131
000d7d20_2951,11748.851696476471
000d7d20_2952,11748.85036875976
000d7d20_2953,11748.849844427408
000d7d20_2954,11748.847644198184
000d7d20_2955,11748.850109554038
000d7d20_2956,11748.853170839087
000d7d20_2957,11748.85186066825
000d7d20_2958,11748.851152600417
000d7d20_2959,11748.840910259883
000d7d20_2960,11748.840569927168
000d7d20_2961,11748.839047486428
000d7d20_2962,11748.838688807302
000d7d20_2963,11748.837991105776
000d7d20_2964,11748.835281840731
000d7d20_2965,11748.834491994783
000d7d20_2966,11748.829562921912
000d7d20_2967,11748.836017101548
000d7d20_2968,11748.83253897416
000d7d20_2969,11748.827643224591
000d7d20_2970,11748.823218322394
000d7d20_2971,11748.81908296473
000d7d20_2972,11748.815366413284
000d7d20_2973,11748.81238243716
000d7d20_2974,11748.819461513373
000d7d20_2975,11748.817716275516
000d7d20_2976,11748.816161127364
000d7d20_2977,11748.814752107965
000d7d20_2978,11748.813589438225
000d7d20_2979,11748.82201478308
000d7d20_2980,11748.821509071366
000d7d20_2981,11748.820159568531
000d7d20_2982,11748.82754751901
000d7d20_2983,11748.824856954245
000d7d20_2984,11748.821950359295
000d7d20_2985,11748.82839191709
000d7d20_2986,11748.825266788925
000d7d20_2987,11748.822130031796
000d7d20_2988,11748.828463325415
000d7d20_2989,11748.82514757834
000d7d20_2990,11748.83145513644
000d7d20_2991,11748.828667825335
000d7d20_2992,11748.83573020452
000d7d20_2993,11748.832955048249
000d7d20_2994,11748.839421412253
000d7d20_2995,11748.836253145875
000d7d20_2996,11748.842365598775
000d7d20_2997,11748.83870759788
000d7d20_2998,11748.84485289408
000d7d20_2999,11748.851262466982
000d7d20_3000,11748.848525834266
000d7d20_3001,11748.855541211364
000d7d20_3002,11748.862731907466
000d7d20_3003,11748.860734475928
000d7d20_3004,11748.868406474185
000d7d20_3005,11748.876340223593
000d7d20_3006,11748.875033477403
000d7d20_3007,11748.883334009352
000d7d20_3008,11748.89192730442
000d7d20_3009,11748.891278863564
000d7d20_3010,11748.900270971786
000d7d20_3011,11748.90947098959
000d7d20_3012,11748.918713094605
000d7d20_3013,11748.918698358084
000d7d20_3014,11748.928178553932
000d7d20_3015,11748.937644482328
000d7d20_3016,11748.936903820651
000d7d20_3017,11748.94469360906
000d7d20_3018,11748.9527379527
000d7d20_3019,11748.951537444196
000d7d20_3020,11748.959989773211
000d7d20_3021,11748.959512811118
000d7d20_3022,11748.969022121511
000d7d20_3023,11748.978788052633
000d7d20_3024,11748.97877391973
000d7d20_3025,11748.989246682158
000d7d20_3026,11748.989833148084
000d7d20_3027,11748.99914440728
000d7d20_3028,11749.008711035654
000d7d20_3029,11749.00894721352
000d7d20_3030,11749.018860076343
000d7d20_3031,11749.01927822874
000d7d20_3032,11749.029204667477
000d7d20_3033,11749.028616173917
000d7d20_3034,11749.035036430989
000d7d20_3035,11749.032335437378
000d7d20_3036,11749.039236381805
000d7d20_3037,11749.037016940078
000d7d20_3038,11749.04456259498
000d7d20_3039,11749.043631567374
000d7d20_3040,11749.052305796751
000d7d20_3041,11749.051569285482
000d7d20_3042,11749.06032174094
000d7d20_3043,11749.060202721565
000d7d20_3044,11749.068848745868
000d7d20_3045,11749.067317886762
000d7d20_3046,11749.072301542035
000d7d20_3047,11749.065283475751
000d7d20_3048,11749.060251036648
000d7d20_3049,11749.066456916637
000d7d20_3050,11749.064814890942
000d7d20_3051,11749.071641562705
000d7d20_3052,11749.06796665128
000d7d20_3053,11749.065026056933
000d7d20_3054,11749.072018158193
000d7d20_3055,11749.071294040066
000d7d20_3056,11749.0792509541
000d7d20_3057,11749.077065235835
000d7d20_3058,11749.075448418636
000d7d20_3059,11749.083775147385
000d7d20_3060,11749.081190579747
000d7d20_3061,11749.077132515598
000d7d20_3062,11749.081147294964
000d7d20_3063,11749.074309580552
000d7d20_3064,11749.069708784886
000d7d20_3065,11749.07683094326
000d7d20_3066,11749.074646890467
000d7d20_3067,11749.072675658728
000d7d20_3068,11749.070890575684
000d7d20_3069,11749.078667502916
000d7d20_3070,11749.077596329456
000d7d20_3071,11749.07667511542
000d7d20_3072,11749.075930500834
000d7d20_3073,11749.084737659565
000d7d20_3074,11749.084195987853
000d7d20_3075,11749.083898881196
000d7d20_3076,11749.083828001469
000d7d20_3077,11749.093367431702
000d7d20_3078,11749.093671718892
000d7d20_3079,11749.094177318388
000d7d20_3080,11749.096162186172
000d7d20_3081,11749.09728819804
000d7d20_3082,11749.097222002803
000d7d20_3083,11749.10567315599
000d7d20_3084,11749.10368795852
000d7d20_3085,11749.100179339668
000d7d20_3086,11749.099402455224
000d7d20_3087,11749.101449760865
000d7d20_3088,11749.107823072776
000d7d20_3089,11749.109343746872
000d7d20_3090,11749.114936464171
000d7d20_3091,11749.112336983337
000d7d20_3092,11749.110884057696
000d7d20_3093,11749.111220850966
000d7d20_3094,11749.110174770298
000d7d20_3095,11749.107778035092
000d7d20_3096,11749.103961482671
000d7d20_3097,11749.0987790308
000d7d20_3098,11749.094333885114
000d7d20_3099,11749.090391802472
000d7d20_3100,11749.08691881388
000d7d20_3101,11749.083992721116
000d7d20_3102,11749.085677857522
000d7d20_3103,11749.093087725694
000d7d20_3104,11749.09995168268
000d7d20_3105,11749.10604816521
000d7d20_3106,11749.110936321413
000d7d20_3107,11749.123933470044
000d7d20_3108,11749.129775108546
000d7d20_3109,11749.138136886304
000d7d20_3110,11749.151252283262
000d7d20_3111,11749.16392591633
000d7d20_3112,11749.17580252802
000d7d20_3113,11749.18253992935
000d7d20_3114,11749.185054161342
000d7d20_3115,11749.183264677558
000d7d20_3116,11749.183059292793
000d7d20_3117,11749.184583456925
000d7d20_3118,11749.191580442695
000d7d20_3119,11749.198059561617
000d7d20_3120,11749.20394677308
000d7d20_3121,11749.209224117269
000d7d20_3122,11749.2129255994
000d7d20_3123,11749.231758527463
000d7d20_3124,11749.24701737205
000d7d20_3125,11749.258202928708
000d7d20_3126,11749.265229632088
000d7d20_3127,11749.272742939782
000d7d20_3128,11749.280834973868
000d7d20_3129,11749.29012483653
000d7d20_3130,11749.296699813489
000d7d20_3131,11749.300572938291
000d7d20_3132,11749.300051007362
000d7d20_3133,11749.302017409354
000d7d20_3134,11749.306446476496
000d7d20_3135,11749.3224128839
000d7d20_3136,11749.32459480819
000d7d20_3137,11749.322281271732
000d7d20_3138,11749.315781667425
000d7d20_3139,11749.31253858954
000d7d20_3140,11749.31255519671
000d7d20_3141,11749.31910368835
000d7d20_3142,11749.32387006312
000d7d20_3143,11749.326924634874
000d7d20_3144,11749.328771917397
000d7d20_3145,11749.338893949747
000d7d20_3146,11749.33848459423
000d7d20_3147,11749.339080290632
000d7d20_3148,11749.340868592024
000d7d20_3149,11749.3436873078
000d7d20_3150,11749.349747027189
000d7d20_3151,11749.361214401551
000d7d20_3152,11749.3780407047
000d7d20_3153,11749.40052604824
000d7d20_3154,11749.40968279874
000d7d20_3155,11749.415003697464
000d7d20_3156,11749.419629004962
000d7d20_3157,11749.423353162332
000d7d20_3158,11749.425097671214
000d7d20_3159,11749.426016806729
000d7d20_3160,11749.4354000166
000d7d20_3161,11749.434399796964
000d7d20_3162,11749.432609561269
000d7d20_3163,11749.429995474238
000d7d20_3164,11749.42663088666
000d7d20_3165,11749.423891501829
000d7d20_3166,11749.421545157167
000d7d20_3167,11749.42989581712
000d7d20_3168,11749.427786906284
000d7d20_3169,11749.424742318952
000d7d20_3170,11749.42116304062
000d7d20_3171,11749.416947008867
000d7d20_3172,11749.41165054206
000d7d20_3173,11749.417266031682
000d7d20_3174,11749.414863033417
000d7d20_3175,11749.414078675623
000d7d20_3176,11749.412343829692
000d7d20_3177,11749.409500892383
000d7d20_3178,11749.4057870816
000d7d20_3179,11749.410643137884
000d7d20_3180,11749.408043534506
000d7d20_3181,11749.407516804187
000d7d20_3182,11749.40260244767
000d7d20_3183,11749.393655473232
000d7d20_3184,11749.38511926608
000d7d20_3185,11749.372645345622
000d7d20_3186,11749.36501571348
000d7d20_3187,11749.36066081499
000d7d20_3188,11749.353113885343
000d7d20_3189,11749.342691804057
000d7d20_3190,11749.342763344172
000d7d20_3191,11749.334243260244
000d7d20_3192,11749.32654732963
000d7d20_3193,11749.319601891242
000d7d20_3194,11749.3133414683
000d7d20_3195,11749.317162308767
000d7d20_3196,11749.31306545334
000d7d20_3197,11749.310725953344
000d7d20_3198,11749.310059259917
000d7d20_3199,11749.31821602518
000d7d20_3200,11749.316334527
000d7d20_3201,11749.313391851185
000d7d20_3202,11749.320481411709
000d7d20_3203,11749.318628011117
000d7d20_3204,11749.317498452278
000d7d20_3205,11749.324734701791
000d7d20_3206,11749.321498318892
000d7d20_3207,11749.31731323777
000d7d20_3208,11749.32091557261
000d7d20_3209,11749.314409605517
000d7d20_3210,11749.307425986592
000d7d20_3211,11749.311721311236
000d7d20_3212,11749.307966733846
000d7d20_3213,11749.314729334
000d7d20_3214,11749.31173571985
000d7d20_3215,11749.318001324003
000d7d20_3216,11749.31461986026
000d7d20_3217,11749.3205198951
000d7d20_3218,11749.31679610148
000d7d20_3219,11749.322457769673
000d7d20_3220,11749.327123892326
000d7d20_3221,11749.322711270155
000d7d20_3222,11749.328008105378
000d7d20_3223,11749.324194059762
000d7d20_3224,11749.32928606304
000d7d20_3225,11749.33391307796
000d7d20_3226,11749.329630962811
000d7d20_3227,11749.335165646153
000d7d20_3228,11749.342476231515
000d7d20_3229,11749.340312559008
000d7d20_3230,11749.347614873986
000d7d20_3231,11749.35494448508
000d7d20_3232,11749.362131263026
000d7d20_3233,11749.35976240291
000d7d20_3234,11749.366743179486
000d7d20_3235,11749.373403145646
000d7d20_3236,11749.379404064684
000d7d20_3237,11749.384746700249
000d7d20_3238,11749.379967935763
000d7d20_3239,11749.384073898542
000d7d20_3240,11749.387644453704
000d7d20_3241,11749.392313740142
000d7d20_3242,11749.39801495953
000d7d20_3243,11749.40478979838
000d7d20_3244,11749.412044323952
000d7d20_3245,11749.419887296594
000d7d20_3246,11749.42846575518
000d7d20_3247,11749.4357159728
000d7d20_3248,11749.441365600467
000d7d20_3249,11749.44542865358
000d7d20_3250,11749.448002844449
000d7d20_3251,11749.450327811366
000d7d20_3252,11749.452463169737
000d7d20_3253,11749.45432137544
000d7d20_3254,11749.4597392057
000d7d20_3255,11749.469101152888
000d7d20_3256,11749.477438139942
000d7d20_3257,11749.484598097451
000d7d20_3258,11749.49050399093
000d7d20_3259,11749.49499976746
000d7d20_3260,11749.507877655273
000d7d20_3261,11749.5103181815
000d7d20_3262,11749.51322977102
000d7d20_3263,11749.51643735912
000d7d20_3264,11749.519981123613
000d7d20_3265,11749.53325905092
000d7d20_3266,11749.537320295856
000d7d20_3267,11749.541649214876
000d7d20_3268,11749.546166753616
000d7d20_3269,11749.559953759235
000d7d20_3270,11749.564069885317
000d7d20_3271,11749.5677849866
000d7d20_3272,11749.580616287152
000d7d20_3273,11749.583617107872
000d7d20_3274,11749.586368397151
000d7d20_3275,11749.59821439742
000d7d20_3276,11749.6002958496
000d7d20_3277,11749.6128590033
000d7d20_3278,11749.61683842432
000d7d20_3279,11749.631174667977
000d7d20_3280,11749.636901753096
000d7d20_3281,11749.64166071232
000d7d20_3282,11749.6548144612
000d7d20_3283,11749.657557661456
000d7d20_3284,11749.670303826562
000d7d20_3285,11749.68353798052
000d7d20_3286,11749.687563806168
000d7d20_3287,11749.701250637763
000d7d20_3288,11749.705724765132
000d7d20_3289,11749.719865874593
000d7d20_3290,11749.72551005586
000d7d20_3291,11749.74187175709
000d7d20_3292,11749.759702827094
000d7d20_3293,11749.769770912246
000d7d20_3294,11749.787608765888
000d7d20_3295,11749.793844667243
000d7d20_3296,11749.810339861291
000d7d20_3297,11749.818215803052
000d7d20_3298,11749.834729582948
000d7d20_3299,11749.8409960358
000d7d20_3300,11749.846134818716
000d7d20_3301,11749.86009419486
000d7d20_3302,11749.864065281468
000d7d20_3303,11749.86746673894
000d7d20_3304,11749.879751451275
000d7d20_3305,11749.88210326022
000d7d20_3306,11749.885570084632
000d7d20_3307,11749.89912964002
000d7d20_3308,11749.904499332091
000d7d20_3309,11749.909107024672
000d7d20_3310,11749.912791820188
000d7d20_3311,11749.928815149808
000d7d20_3312,11749.936501225307
000d7d20_3313,11749.945346899987
000d7d20_3314,11749.956897663977
000d7d20_3315,11749.967913025692
000d7d20_3316,11749.97845310216
000d7d20_3317,11749.986346345491
000d7d20_3318,11750.0008430476
000d7d20_3319,11750.007272939249
000d7d20_3320,11750.015033768734
000d7d20_3321,11750.028575067454
000d7d20_3322,11750.044616566503
000d7d20_3323,11750.060022603382
000d7d20_3324,11750.07447578723
000d7d20_3325,11750.087935587064
000d7d20_3326,11750.0908604065
000d7d20_3327,11750.102011706154
000d7d20_3328,11750.113659671071
000d7d20_3329,11750.125662700584
000d7d20_3330,11750.138717930246
000d7d20_3331,11750.149549160373
000d7d20_3332,11750.157966774368
000d7d20_3333,11750.158076616191
000d7d20_3334,11750.168628617084
000d7d20_3335,11750.181955296568
000d7d20_3336,11750.194230741336
000d7d20_3337,11750.196055281567
000d7d20_3338,11750.206480685374
000d7d20_3339,11750.214729290528
000d7d20_3340,11750.215454601645
000d7d20_3341,11750.22863612973
000d7d20_3342,11750.239341938945
000d7d20_3343,11750.238107271116
000d7d20_3344,11750.24968540628
000d7d20_3345,11750.254904384794
000d7d20_3346,11750.273005353853
000d7d20_3347,11750.289764153416
000d7d20_3348,11750.295670783726
000d7d20_3349,11750.308455148785
000d7d20_3350,11750.309824676968
000d7d20_3351,11750.318805905088
000d7d20_3352,11750.316279162567
000d7d20_3353,11750.311404220794
000d7d20_3354,11750.319767294995
000d7d20_3355,11750.322941405657
000d7d20_3356,11750.334444027449
000d7d20_3357,11750.335595327047
000d7d20_3358,11750.333726772442
000d7d20_3359,11750.338409875676
000d7d20_3360,11750.336305791428
000d7d20_3361,11750.33678258575
000d7d20_3362,11750.339867942226
000d7d20_3363,11750.351159801785
000d7d20_3364,11750.35168079782
000d7d20_3365,11750.351058494412
000d7d20_3366,11750.34928008066
000d7d20_3367,11750.34697296988
000d7d20_3368,11750.353619483298
000d7d20_3369,11750.349082201366
000d7d20_3370,11750.343220151526
000d7d20_3371,11750.336140613115
000d7d20_3372,11750.32790808249
000d7d20_3373,11750.31554356526
000d7d20_3374,11750.306947598485
000d7d20_3375,11750.301833220978
000d7d20_3376,11750.295219170752
000d7d20_3377,11750.287251248748
000d7d20_3378,11750.27800029864
000d7d20_3379,11750.267562511615
000d7d20_3380,11750.25940295377
000d7d20_3381,11750.253319756786
000d7d20_3382,11750.249214015948
000d7d20_3383,11750.236030864124
000d7d20_3384,11750.232660963567
000d7d20_3385,11750.230100430465
000d7d20_3386,11750.225494410512
000d7d20_3387,11750.218928572236
000d7d20_3388,11750.208584393407
000d7d20_3389,11750.200130343112
000d7d20_3390,11750.193378745038
000d7d20_3391,11750.177674739349
000d7d20_3392,11750.17188983106
000d7d20_3393,11750.16650836176
000d7d20_3394,11750.161505615612
000d7d20_3395,11750.158134959463
000d7d20_3396,11750.153700231276
000d7d20_3397,11750.148226101055
000d7d20_3398,11750.142016090063
000d7d20_3399,11750.12558997321
000d7d20_3400,11750.11795168406
000d7d20_3401,11750.112115660337
000d7d20_3402,11750.10805596372
000d7d20_3403,11750.105903700209
000d7d20_3404,11750.102754260084
000d7d20_3405,11750.098756707
000d7d20_3406,11750.093723008478
000d7d20_3407,11750.087843651743
000d7d20_3408,11750.08295544068
000d7d20_3409,11750.06951458558
000d7d20_3410,11750.066548404786
000d7d20_3411,11750.064414914024
000d7d20_3412,11750.063256878351
000d7d20_3413,11750.062973636552
000d7d20_3414,11750.063690018638
000d7d20_3415,11750.064187108852
000d7d20_3416,11750.064401893997
000d7d20_3417,11750.064321567415
000d7d20_3418,11750.064003508547
000d7d20_3419,11750.063154866975
000d7d20_3420,11750.063427639012
000d7d20_3421,11750.05284254932
000d7d20_3422,11750.052913858575
000d7d20_3423,11750.0548595674
000d7d20_3424,11750.062358591453
000d7d20_3425,11750.069483566018
000d7d20_3426,11750.076522328243
000d7d20_3427,11750.08665129354
000d7d20_3428,11750.09249569728
000d7d20_3429,11750.094160147735
000d7d20_3430,11750.095193585568
000d7d20_3431,11750.101371122111
000d7d20_3432,11750.103384331294
000d7d20_3433,11750.108589745312
000d7d20_3434,11750.10667549467
000d7d20_3435,11750.107585498998
000d7d20_3436,11750.110032550603
000d7d20_3437,11750.11409781624
000d7d20_3438,11750.106235233114
000d7d20_3439,11750.106216662924
000d7d20_3440,11750.105078182163
000d7d20_3441,11750.095556778291
000d7d20_3442,11750.08713901164
000d7d20_3443,11750.079797915078
000d7d20_3444,11750.073414756853
000d7d20_3445,11750.067936981734
000d7d20_3446,11750.063466028096
000d7d20_3447,11750.05977003754
000d7d20_3448,11750.056948752552
000d7d20_3449,11750.054112755935
000d7d20_3450,11750.051207450042
000d7d20_3451,11750.048142924596
000d7d20_3452,11750.045144735252
000d7d20_3453,11750.042050161268
000d7d20_3454,11750.038954035375
000d7d20_3455,11750.035851518078
000d7d20_3456,11750.03260208069
000d7d20_3457,11750.028544144709
000d7d20_3458,11750.025147501996
000d7d20_3459,11750.022294795266
000d7d20_3460,11750.020058784095
000d7d20_3461,11750.018362883882
000d7d20_3462,11750.01812534875
000d7d20_3463,11750.014161216788
000d7d20_3464,11750.006507471871
000d7d20_3465,11749.998545795572
000d7d20_3466,11749.990288334471
000d7d20_3467,11749.98176187736
000d7d20_3468,11749.972701898409
000d7d20_3469,11749.96567870252
000d7d20_3470,11749.960520066632
000d7d20_3471,11749.957275620343
000d7d20_3472,11749.951790464213
000d7d20_3473,11749.944188858412
000d7d20_3474,11749.934593117288
000d7d20_3475,11749.925944844492
000d7d20_3476,11749.918174351358
000d7d20_3477,11749.911236682336
000d7d20_3478,11749.905080279124
000d7d20_3479,11749.902136749237
000d7d20_3480,11749.902225914611
000d7d20_3481,11749.901170060592
000d7d20_3482,11749.899033677497
000d7d20_3483,11749.891274165486
000d7d20_3484,11749.88420079515
000d7d20_3485,11749.87778970242
000d7d20_3486,11749.872000223488
000d7d20_3487,11749.86679695558
000d7d20_3488,11749.862160542058
000d7d20_3489,11749.85794771433
000d7d20_3490,11749.854105099845
000d7d20_3491,11749.850645286151
000d7d20_3492,11749.84760996566
000d7d20_3493,11749.845857169292
000d7d20_3494,11749.836117842417
000d7d20_3495,11749.837391696608
000d7d20_3496,11749.838165378842
000d7d20_3497,11749.83863529294
000d7d20_3498,11749.83804671973
000d7d20_3499,11749.835966345236
000d7d20_3500,11749.822926067996
000d7d20_3501,11749.816590649696
000d7d20_3502,11749.808785013722
000d7d20_3503,11749.799597031735
000d7d20_3504,11749.779640264758
000d7d20_3505,11749.768018434335
000d7d20_3506,11749.75975451861
000d7d20_3507,11749.75188333161
000d7d20_3508,11749.734900884829
000d7d20_3509,11749.727775477806
000d7d20_3510,11749.720981140514
000d7d20_3511,11749.70502391418
000d7d20_3512,11749.700708558345
000d7d20_3513,11749.696721868624
000d7d20_3514,11749.68362865988
000d7d20_3515,11749.680320506115
000d7d20_3516,11749.677354099853
000d7d20_3517,11749.664345100104
000d7d20_3518,11749.660377002592
000d7d20_3519,11749.64644028273
000d7d20_3520,11749.643240931351
000d7d20_3521,11749.631786053773
000d7d20_3522,11749.631056844422
000d7d20_3523,11749.630714338296
000d7d20_3524,11749.621370521323
000d7d20_3525,11749.621895653956
000d7d20_3526,11749.614255559249
000d7d20_3527,11749.614599479522
000d7d20_3528,11749.604075771174
000d7d20_3529,11749.601814287407
000d7d20_3530,11749.589717620962
000d7d20_3531,11749.57734066824
000d7d20_3532,11749.574261013113
000d7d20_3533,11749.561409157815
000d7d20_3534,11749.559518384149
000d7d20_3535,11749.549660380648
000d7d20_3536,11749.55086229626
000d7d20_3537,11749.5410754147
000d7d20_3538,11749.529758908486
000d7d20_3539,11749.52640795297
000d7d20_3540,11749.515571018386
000d7d20_3541,11749.506820212811
000d7d20_3542,11749.509695731324
000d7d20_3543,11749.502557500566
000d7d20_3544,11749.49502821125
000d7d20_3545,11749.496306301924
000d7d20_3546,11749.48659157745
000d7d20_3547,11749.477509134584
000d7d20_3548,11749.46890135061
000d7d20_3549,11749.470325931552
000d7d20_3550,11749.462934048188
000d7d20_3551,11749.454590624617
000d7d20_3552,11749.445267324389
000d7d20_3553,11749.444546807994
000d7d20_3554,11749.431444707066
000d7d20_3555,11749.420176070256
000d7d20_3556,11749.41090803363
000d7d20_3557,11749.402617889722
000d7d20_3558,11749.39534505797
000d7d20_3559,11749.398401627932
000d7d20_3560,11749.394727298832
000d7d20_3561,11749.390319239752
000d7d20_3562,11749.384513821393
000d7d20_3563,11749.377399794812
000d7d20_3564,11749.369366752158
000d7d20_3565,11749.360102683891
000d7d20_3566,11749.349474159031
000d7d20_3567,11749.337621791376
000d7d20_3568,11749.32206289774
000d7d20_3569,11749.307875365685
000d7d20_3570,11749.295033887976
000d7d20_3571,11749.283641474663
000d7d20_3572,11749.270938476668
000d7d20_3573,11749.257086045633
000d7d20_3574,11749.242098610572
000d7d20_3575,11749.226816039762
000d7d20_3576,11749.211129989197
000d7d20_3577,11749.19512037722
000d7d20_3578,11749.17666551445
000d7d20_3579,11749.155894296588
000d7d20_3580,11749.132941011654
000d7d20_3581,11749.111773895567
000d7d20_3582,11749.092305555168
000d7d20_3583,11749.074446940223
000d7d20_3584,11749.048652802525
000d7d20_3585,11749.0320036051
000d7d20_3586,11749.015004324465
000d7d20_3587,11748.997682924906
000d7d20_3588,11748.98040963188
000d7d20_3589,11748.963189961389
000d7d20_3590,11748.946016537697
000d7d20_3591,11748.919428205703
000d7d20_3592,11748.902381757844
000d7d20_3593,11748.885380034077
000d7d20_3594,11748.868420958526
000d7d20_3595,11748.85150610009
000d7d20_3596,11748.82516390635
000d7d20_3597,11748.808371238309
000d7d20_3598,11748.7916242997
000d7d20_3599,11748.774920495283
000d7d20_3600,11748.754377080004
000d7d20_3601,11748.741555751589
000d7d20_3602,11748.727100440572
000d7d20_3603,11748.701687636123
000d7d20_3604,11748.682870124998
000d7d20_3605,11748.665606543722
000d7d20_3606,11748.642698632988
000d7d20_3607,11748.628772037531
000d7d20_3608,11748.614335483117
000d7d20_3609,11748.590033050146
000d7d20_3610,11748.574826227905
000d7d20_3611,11748.55931013462
000d7d20_3612,11748.53386377533
000d7d20_3613,11748.517709756152
000d7d20_3614,11748.501344664024
000d7d20_3615,11748.475177069438
000d7d20_3616,11748.458351074947
000d7d20_3617,11748.433683690924
000d7d20_3618,11748.420065764563
000d7d20_3619,11748.398380011771
000d7d20_3620,11748.38366732319
000d7d20_3621,11748.357617103367
000d7d20_3622,11748.342415885
000d7d20_3623,11748.32714191916
000d7d20_3624,11748.302636157989
000d7d20_3625,11748.288918487777
000d7d20_3626,11748.265792900354
000d7d20_3627,11748.250900433452
000d7d20_3628,11748.226163169356
000d7d20_3629,11748.200824110949
000d7d20_3630,11748.184510550886
000d7d20_3631,11748.162414451614
000d7d20_3632,11748.148073993094
000d7d20_3633,11748.123409712429
000d7d20_3634,11748.109425852545
000d7d20_3635,11748.08506483219
000d7d20_3636,11748.06111876552
000d7d20_3637,11748.047655797458
000d7d20_3638,11748.023411698106
000d7d20_3639,11748.01039232034
000d7d20_3640,11747.987114197398
000d7d20_3641,11747.963813860211
000d7d20_3642,11747.949983540975
000d7d20_3643,11747.926211940605
000d7d20_3644,11747.90311193335
000d7d20_3645,11747.89009430442
000d7d20_3646,11747.868217530944
000d7d20_3647,11747.846839331352
000d7d20_3648,11747.826096135454
000d7d20_3649,11747.815073973265
000d7d20_3650,11747.793517984435
000d7d20_3651,11747.77115321724
000d7d20_3652,11747.760514982823
000d7d20_3653,11747.739771761962
000d7d20_3654,11747.718436897572
000d7d20_3655,11747.696102890231
000d7d20_3656,11747.672832502283
000d7d20_3657,11747.658235106612
000d7d20_3658,11747.633414864673
000d7d20_3659,11747.607633974532
000d7d20_3660,11747.582733025876
000d7d20_3661,11747.558815659908
000d7d20_3662,11747.545364899155
000d7d20_3663,11747.523044688714
000d7d20_3664,11747.501371789424
000d7d20_3665,11747.480289573945
000d7d20_3666,11747.459717728589
000d7d20_3667,11747.437888941004
000d7d20_3668,11747.414127209666
000d7d20_3669,11747.390981478184
000d7d20_3670,11747.368298763631
000d7d20_3671,11747.35458854633
000d7d20_3672,11747.330820076411
000d7d20_3673,11747.306379997754
000d7d20_3674,11747.281440756104
000d7d20_3675,11747.255840546011
000d7d20_3676,11747.23181579696
000d7d20_3677,11747.20946118903
000d7d20_3678,11747.186690666287
000d7d20_3679,11747.162669374176
000d7d20_3680,11747.139894815506
000d7d20_3681,11747.12785628286
000d7d20_3682,11747.107546059517
000d7d20_3683,11747.088438498378
000d7d20_3684,11747.07044222809
000d7d20_3685,11747.053440506446
000d7d20_3686,11747.037339286177
000d7d20_3687,11747.021380827537
000d7d20_3688,11747.005411502578
000d7d20_3689,11746.989376361687
000d7d20_3690,11746.97329862346
000d7d20_3691,11746.95712553816
000d7d20_3692,11746.9419187337
000d7d20_3693,11746.924935412964
000d7d20_3694,11746.915660278744
000d7d20_3695,11746.89721399567
000d7d20_3696,11746.878856253265
000d7d20_3697,11746.860631601046
000d7d20_3698,11746.843044802235
000d7d20_3699,11746.825976979764
000d7d20_3700,11746.80943354177
000d7d20_3701,11746.79438170226
000d7d20_3702,11746.777896910298
000d7d20_3703,11746.760291272883
000d7d20_3704,11746.741710637029
000d7d20_3705,11746.72312016269
000d7d20_3706,11746.704456948984
000d7d20_3707,11746.685860689213
000d7d20_3708,11746.667170785746
000d7d20_3709,11746.648574874698
000d7d20_3710,11746.63005405497
000d7d20_3711,11746.611707322012
000d7d20_3712,11746.593430187622
000d7d20_3713,11746.575214089313
000d7d20_3714,11746.557453536943
000d7d20_3715,11746.540011886023
000d7d20_3716,11746.522935377936
000d7d20_3717,11746.507339964894
000d7d20_3718,11746.502030230444
000d7d20_3719,11746.488352001665
000d7d20_3720,11746.47614417574
000d7d20_3721,11746.466616519
000d7d20_3722,11746.457065318624
000d7d20_3723,11746.447378538443
000d7d20_3724,11746.43759641872
000d7d20_3725,11746.427609221217
000d7d20_3726,11746.417264579908
000d7d20_3727,11746.406594916438
000d7d20_3728,11746.394274062195
000d7d20_3729,11746.378895770536
000d7d20_3730,11746.36021103013
000d7d20_3731,11746.337705612676
000d7d20_3732,11746.312589558607
000d7d20_3733,11746.284943904424
000d7d20_3734,11746.2568389356
000d7d20_3735,11746.228322062929
000d7d20_3736,11746.199450096372
000d7d20_3737,11746.170290542676
000d7d20_3738,11746.131456656649
000d7d20_3739,11746.101449873608
000d7d20_3740,11746.071090668464
000d7d20_3741,11746.040453941989
000d7d20_3742,11746.009580103286
000d7d20_3743,11745.980059950907
000d7d20_3744,11745.95179537262
000d7d20_3745,11745.924691137368
000d7d20_3746,11745.89867493224
000d7d20_3747,11745.86635816364
000d7d20_3748,11745.828273406803
000d7d20_3749,11745.786438001229
000d7d20_3750,11745.73850635618
000d7d20_3751,11745.68825016979
000d7d20_3752,11745.634931602286
000d7d20_3753,11745.581664923337
000d7d20_3754,11745.528283967204
000d7d20_3755,11745.475049015364
000d7d20_3756,11745.423468176336
000d7d20_3757,11745.369947198877
000d7d20_3758,11745.314835491805
000d7d20_3759,11745.25871297826
000d7d20_3760,11745.20706175652
000d7d20_3761,11745.163420532264
000d7d20_3762,11745.126901317695
000d7d20_3763,11745.080547836858
000d7d20_3764,11745.043487131206
000d7d20_3765,11745.00652978384
000d7d20_3766,11744.965385534131
000d7d20_3767,11744.9283533028
000d7d20_3768,11744.894460637292
000d7d20_3769,11744.862975381497
000d7d20_3770,11744.83195002133
000d7d20_3771,11744.801318466598
000d7d20_3772,11744.77137785508
000d7d20_3773,11744.74117551578
000d7d20_3774,11744.71176018946
000d7d20_3775,11744.68318420308
000d7d20_3776,11744.65552937958
000d7d20_3777,11744.62850902514
000d7d20_3778,11744.601842666412
000d7d20_3779,11744.574734488357
000d7d20_3780,11744.547561295793
000d7d20_3781,11744.520318086245
000d7d20_3782,11744.492991112988
000d7d20_3783,11744.465584304373
000d7d20_3784,11744.438074009371
000d7d20_3785,11744.41031953038
000d7d20_3786,11744.381440600811
000d7d20_3787,11744.351130351572
000d7d20_3788,11744.321093997349
000d7d20_3789,11744.291514139688
000d7d20_3790,11744.262928182548
000d7d20_3791,11744.232611110405
000d7d20_3792,11744.20034146044
000d7d20_3793,11744.17455917732
000d7d20_3794,11744.14843021454
000d7d20_3795,11744.1218980135
000d7d20_3796,11744.095147793374
000d7d20_3797,11744.067986464452
000d7d20_3798,11744.0405555195
000d7d20_3799,11744.01460440388
000d7d20_3800,11743.990047694324
000d7d20_3801,11743.967818877354
000d7d20_3802,11743.945095400974
000d7d20_3803,11743.921894611143
000d7d20_3804,11743.893699980174
000d7d20_3805,11743.859936402372
000d7d20_3806,11743.83045650391
000d7d20_3807,11743.804074196403
000d7d20_3808,11743.777400358173
000d7d20_3809,11743.75056538511
000d7d20_3810,11743.723565322522
000d7d20_3811,11743.693263887131
000d7d20_3812,11743.660377428034
000d7d20_3813,11743.632141413544
000d7d20_3814,11743.607758118294
000d7d20_3815,11743.584112329603
000d7d20_3816,11743.561153637913
000d7d20_3817,11743.536465940251
000d7d20_3818,11743.508768474288
000d7d20_3819,11743.47910110782
000d7d20_3820,11743.448039553725
000d7d20_3821,11743.41623570524
000d7d20_3822,11743.385156705584
000d7d20_3823,11743.36397628657
000d7d20_3824,11743.33526718658
000d7d20_3825,11743.307712401082
000d7d20_3826,11743.280076715058
000d7d20_3827,11743.252468505118
000d7d20_3828,11743.224860293736
000d7d20_3829,11743.197413397404
000d7d20_3830,11743.1703113369
000d7d20_3831,11743.143538752847
000d7d20_3832,11743.117110026327
000d7d20_3833,11743.09104678222
000d7d20_3834,11743.065488738152
000d7d20_3835,11743.03991485581
000d7d20_3836,11743.014400897002
000d7d20_3837,11742.998309789848
000d7d20_3838,11742.974419626711
000d7d20_3839,11742.951733942082
000d7d20_3840,11742.92905241916
000d7d20_3841,11742.906571105656
000d7d20_3842,11742.88413583472
000d7d20_3843,11742.861767511611
000d7d20_3844,11742.839492963616
000d7d20_3845,11742.817264201862
000d7d20_3846,11742.795089537758
000d7d20_3847,11742.773118517129
000d7d20_3848,11742.760269773938
000d7d20_3849,11742.737977856425
000d7d20_3850,11742.715653199662
000d7d20_3851,11742.69331884843
000d7d20_3852,11742.67098739223
000d7d20_3853,11742.64863589946
000d7d20_3854,11742.626105037822
000d7d20_3855,11742.60338230702
000d7d20_3856,11742.579798516324
000d7d20_3857,11742.566086537028
000d7d20_3858,11742.543374619829
000d7d20_3859,11742.52162297666
000d7d20_3860,11742.499348049863
000d7d20_3861,11742.476596336042
000d7d20_3862,11742.453289371108
000d7d20_3863,11742.438887025226
000d7d20_3864,11742.414383424932
000d7d20_3865,11742.389271881788
000d7d20_3866,11742.36448482468
000d7d20_3867,11742.34947820665
000d7d20_3868,11742.325254963092
000d7d20_3869,11742.301264475387
000d7d20_3870,11742.28693227299
000d7d20_3871,11742.263334749354
000d7d20_3872,11742.23998787214
000d7d20_3873,11742.226315968015
000d7d20_3874,11742.203350405918
000d7d20_3875,11742.19006044564
000d7d20_3876,11742.167546150493
000d7d20_3877,11742.145301948623
000d7d20_3878,11742.132657721
000d7d20_3879,11742.110716739182
000d7d20_3880,11742.098438655305
000d7d20_3881,11742.076834875406
000d7d20_3882,11742.057790502437
000d7d20_3883,11742.030942869704
000d7d20_3884,11742.01526953996
000d7d20_3885,11741.989859986956
000d7d20_3886,11741.973625257038
000d7d20_3887,11741.956785827137
000d7d20_3888,11741.930283835434
000d7d20_3889,11741.913066046009
000d7d20_3890,11741.886286101031
000d7d20_3891,11741.86857620399
000d7d20_3892,11741.85006840292
000d7d20_3893,11741.821534401872
000d7d20_3894,11741.801942612925
000d7d20_3895,11741.780578553937
000d7d20_3896,11741.749736263044
000d7d20_3897,11741.728409167768
000d7d20_3898,11741.706992681162
000d7d20_3899,11741.685602906724
000d7d20_3900,11741.656240124012
000d7d20_3901,11741.637096900224
000d7d20_3902,11741.615218904775
000d7d20_3903,11741.593765997784
000d7d20_3904,11741.572753667231
000d7d20_3905,11741.552181538558
000d7d20_3906,11741.522359239054
000d7d20_3907,11741.50344761507
000d7d20_3908,11741.48541793527
000d7d20_3909,11741.46735003161
000d7d20_3910,11741.449572789335
000d7d20_3911,11741.43197909773
000d7d20_3912,11741.414228421632
000d7d20_3913,11741.396435322336
000d7d20_3914,11741.378747446688
000d7d20_3915,11741.361126156697
000d7d20_3916,11741.343659798567
000d7d20_3917,11741.326331799024
000d7d20_3918,11741.308872278
000d7d20_3919,11741.29118680762
000d7d20_3920,11741.273170217892
000d7d20_3921,11741.255207563094
000d7d20_3922,11741.23732301699
000d7d20_3923,11741.218253305004
000d7d20_3924,11741.208295447312
000d7d20_3925,11741.188254959305
000d7d20_3926,11741.168157217133
000d7d20_3927,11741.148158986169
000d7d20_3928,11741.127362561418
000d7d20_3929,11741.105635413456
000d7d20_3930,11741.092430665418
000d7d20_3931,11741.06911418447
000d7d20_3932,11741.04510010096
000d7d20_3933,11741.020455707872
000d7d20_3934,11741.004753735057
000d7d20_3935,11740.980459819732
000d7d20_3936,11740.95904434853
000d7d20_3937,11740.95024024478
000d7d20_3938,11740.930273069178
000d7d20_3939,11740.908532526184
000d7d20_3940,11740.894433898226
000d7d20_3941,11740.874940650298
000d7d20_3942,11740.859663352712
000d7d20_3943,11740.853089105502
000d7d20_3944,11740.83484703392
000d7d20_3945,11740.823878329053
000d7d20_3946,11740.803246069028
000d7d20_3947,11740.791957880638
000d7d20_3948,11740.77102836012
000d7d20_3949,11740.759486886847
000d7d20_3950,11740.738304695267
000d7d20_3951,11740.725537834403
000d7d20_3952,11740.7027230042
000d7d20_3953,11740.692711838556
000d7d20_3954,11740.672938761058
000d7d20_3955,11740.662437068408
000d7d20_3956,11740.642118104788
000d7d20_3957,11740.630469327978
000d7d20_3958,11740.619328512004
000d7d20_3959,11740.59914726102
000d7d20_3960,11740.588766021405
000d7d20_3961,11740.568665917335
000d7d20_3962,11740.557838107505
000d7d20_3963,11740.546824587436
000d7d20_3964,11740.525896161998
000d7d20_3965,11740.51518209704
000d7d20_3966,11740.505273454855
000d7d20_3967,11740.48659327354
000d7d20_3968,11740.477697724826
000d7d20_3969,11740.46845931831
000d7d20_3970,11740.450152396426
000d7d20_3971,11740.441071793648
000d7d20_3972,11740.431960274298
000d7d20_3973,11740.422885953492
000d7d20_3974,11740.40437725778
000d7d20_3975,11740.395272370806
000d7d20_3976,11740.385910443569
000d7d20_3977,11740.37582489816
000d7d20_3978,11740.355724823434
000d7d20_3979,11740.346055065596
000d7d20_3980,11740.337763871945
000d7d20_3981,11740.33210280703
000d7d20_3982,11740.32468278589
000d7d20_3983,11740.306722849567
000d7d20_3984,11740.296873178788
000d7d20_3985,11740.286844273587
000d7d20_3986,11740.276630733828
000d7d20_3987,11740.266081546954
000d7d20_3988,11740.25270254254
000d7d20_3989,11740.23113353275
000d7d20_3990,11740.220636041116
000d7d20_3991,11740.21201109388
000d7d20_3992,11740.204630313245
000d7d20_3993,11740.198507533463
000d7d20_3994,11740.196871428274
000d7d20_3995,11740.199390187589
000d7d20_3996,11740.205248755465
000d7d20_3997,11740.213114409453
000d7d20_3998,11740.216932545583
000d7d20_3999,11740.217698274815
000d7d20_4000,11740.216427364683
000d7d20_4001,11740.212949615923
000d7d20_4002,11740.20788934111
000d7d20_4003,11740.203136041231
000d7d20_4004,11740.19858391596
000d7d20_4005,11740.19427998444
000d7d20_4006,11740.19035572829
000d7d20_4007,11740.186619221697
000d7d20_4008,11740.18308356764
000d7d20_4009,11740.178828963695
000d7d20_4010,11740.174085022856
000d7d20_4011,11740.16925097404
000d7d20_4012,11740.1644182424
000d7d20_4013,11740.159738825792
000d7d20_4014,11740.156868339169
000d7d20_4015,11740.152703133776
000d7d20_4016,11740.15689482422
000d7d20_4017,11740.14947255174
000d7d20_4018,11740.14166359375
000d7d20_4019,11740.133604412433
000d7d20_4020,11740.125250795118
000d7d20_4021,11740.116828502112
000d7d20_4022,11740.117714579212
000d7d20_4023,11740.109096859698
000d7d20_4024,11740.10037594306
000d7d20_4025,11740.09120163842
000d7d20_4026,11740.082305750697
000d7d20_4027,11740.083423805643
000d7d20_4028,11740.07417322537
000d7d20_4029,11740.063980605895
000d7d20_4030,11740.054603746075
000d7d20_4031,11740.055509425783
000d7d20_4032,11740.047816709775
000d7d20_4033,11740.038317490387
000d7d20_4034,11740.026775140192
000d7d20_4035,11740.025147542206
000d7d20_4036,11740.01459378638
000d7d20_4037,11740.005100845445
000d7d20_4038,11740.004341609534
000d7d20_4039,11739.993270864274
000d7d20_4040,11739.980509034787
000d7d20_4041,11739.979110552324
000d7d20_4042,11739.970669535876
000d7d20_4043,11739.973299383122
000d7d20_4044,11739.968064770048
000d7d20_4045,11739.964210225511
000d7d20_4046,11739.968901082084
000d7d20_4047,11739.963449086285
000d7d20_4048,11739.957422446623
000d7d20_4049,11739.960225788866
000d7d20_4050,11739.95283052268
000d7d20_4051,11739.946427952122
000d7d20_4052,11739.950309668347
000d7d20_4053,11739.944218413231
000d7d20_4054,11739.937515899066
000d7d20_4055,11739.939427700609
000d7d20_4056,11739.93140402624
000d7d20_4057,11739.922902147866
000d7d20_4058,11739.91287744755
000d7d20_4059,11739.914845683412
000d7d20_4060,11739.909835272734
000d7d20_4061,11739.906616370316
000d7d20_4062,11739.902882705514
000d7d20_4063,11739.908134101546
000d7d20_4064,11739.898062989589
000d7d20_4065,11739.893225498812
000d7d20_4066,11739.894727552764
000d7d20_4067,11739.903210244342
000d7d20_4068,11739.904641367546
000d7d20_4069,11739.907691635784
000d7d20_4070,11739.905414702362
000d7d20_4071,11739.899058326562
000d7d20_4072,11739.890506571748
000d7d20_4073,11739.892239624362
000d7d20_4074,11739.88980338637
000d7d20_4075,11739.886511967294
000d7d20_4076,11739.883734898354
000d7d20_4077,11739.8812507408
000d7d20_4078,11739.88148492048
000d7d20_4079,11739.879157670868
000d7d20_4080,11739.884006693095
000d7d20_4081,11739.87810766928
000d7d20_4082,11739.873429621992
000d7d20_4083,11739.867819874671
000d7d20_4084,11739.86148278231
000d7d20_4085,11739.853418950908
000d7d20_4086,11739.84740822934
000d7d20_4087,11739.84538931023
000d7d20_4088,11739.84045291252
000d7d20_4089,11739.840781064977
000d7d20_4090,11739.84106551556
000d7d20_4091,11739.838394015098
000d7d20_4092,11739.835101088356
000d7d20_4093,11739.8313271228
000d7d20_4094,11739.82612950126
000d7d20_4095,11739.821700715043
000d7d20_4096,11739.815379008063
000d7d20_4097,11739.810801635243
000d7d20_4098,11739.807834681456
000d7d20_4099,11739.80349949964
000d7d20_4100,11739.799875150276
000d7d20_4101,11739.796629259085
000d7d20_4102,11739.79619080467
000d7d20_4103,11739.791629112333
000d7d20_4104,11739.787923454916
000d7d20_4105,11739.78029043161
000d7d20_4106,11739.770641726072
000d7d20_4107,11739.766007482973
000d7d20_4108,11739.752409152925
000d7d20_4109,11739.748302564694
000d7d20_4110,11739.744190089888
000d7d20_4111,11739.74005676642
000d7d20_4112,11739.73591310639
000d7d20_4113,11739.731747773418
000d7d20_4114,11739.727559538263
000d7d20_4115,11739.723652335111
000d7d20_4116,11739.71044302968
000d7d20_4117,11739.706725717304
000d7d20_4118,11739.703231816777
000d7d20_4119,11739.699272108095
000d7d20_4120,11739.694964712482
000d7d20_4121,11739.68099158663
000d7d20_4122,11739.676244645312
000d7d20_4123,11739.671307282732
000d7d20_4124,11739.666348438795
000d7d20_4125,11739.661027237227
000d7d20_4126,11739.646270998302
000d7d20_4127,11739.640896647936
000d7d20_4128,11739.635165998578
000d7d20_4129,11739.62898690943
000d7d20_4130,11739.613009760184
000d7d20_4131,11739.607108339404
000d7d20_4132,11739.601827597338
000d7d20_4133,11739.59703370732
000d7d20_4134,11739.584862507852
000d7d20_4135,11739.58142602757
000d7d20_4136,11739.577344771633
000d7d20_4137,11739.56339341557
000d7d20_4138,11739.55858414486
000d7d20_4139,11739.553420327218
000d7d20_4140,11739.53849172754
000d7d20_4141,11739.533142351942
000d7d20_4142,11739.52794940482
000d7d20_4143,11739.522704784407
000d7d20_4144,11739.508213452682
000d7d20_4145,11739.503225940787
000d7d20_4146,11739.49822570996
000d7d20_4147,11739.493251291067
000d7d20_4148,11739.47891554888
000d7d20_4149,11739.474122347468
000d7d20_4150,11739.469598216365
000d7d20_4151,11739.464860002274
000d7d20_4152,11739.459952961875
000d7d20_4153,11739.454839801778
000d7d20_4154,11739.43926552208
000d7d20_4155,11739.43280435429
000d7d20_4156,11739.426197020595
000d7d20_4157,11739.419397785692
000d7d20_4158,11739.412469016632
000d7d20_4159,11739.405379865597
000d7d20_4160,11739.398117003744
000d7d20_4161,11739.381169193915
000d7d20_4162,11739.373470399394
000d7d20_4163,11739.36550852428
000d7d20_4164,11739.357327369322
000d7d20_4165,11739.34887206887
000d7d20_4166,11739.340042252
000d7d20_4167,11739.330883645827
000d7d20_4168,11739.32137286761
000d7d20_4169,11739.307716443
000d7d20_4170,11739.291763935378
000d7d20_4171,11739.27263385393
000d7d20_4172,11739.248621777831
000d7d20_4173,11739.218699803514
000d7d20_4174,11739.181441485129
000d7d20_4175,11739.141408243988
000d7d20_4176,11739.099260563173
000d7d20_4177,11739.055929420265
000d7d20_4178,11739.016315207116
000d7d20_4179,11738.974902992652
000d7d20_4180,11738.932270895017
000d7d20_4181,11738.888904863485
000d7d20_4182,11738.854783767589
000d7d20_4183,11738.816427277754
000d7d20_4184,11738.783135151576
000d7d20_4185,11738.75291286005
000d7d20_4186,11738.725480450272
000d7d20_4187,11738.701157295058
000d7d20_4188,11738.670046158088
000d7d20_4189,11738.637927587377
000d7d20_4190,11738.620433167283
000d7d20_4191,11738.597568297886
000d7d20_4192,11738.578136023363
000d7d20_4193,11738.56141970725
000d7d20_4194,11738.542537291463
000d7d20_4195,11738.53384619674
000d7d20_4196,11738.516462391442
000d7d20_4197,11738.499450496656
000d7d20_4198,11738.484045908528
000d7d20_4199,11738.479277710288
000d7d20_4200,11738.466086200457
000d7d20_4201,11738.452708662542
000d7d20_4202,11738.439336047612
000d7d20_4203,11738.43552206382
000d7d20_4204,11738.422661970357
000d7d20_4205,11738.41032142186
000d7d20_4206,11738.407798012498
000d7d20_4207,11738.39620823265
000d7d20_4208,11738.385163101208
000d7d20_4209,11738.38385066179
000d7d20_4210,11738.373486674369
000d7d20_4211,11738.363204546617
000d7d20_4212,11738.362555619771
000d7d20_4213,11738.352818360923
000d7d20_4214,11738.343195817451
000d7d20_4215,11738.343030626002
000d7d20_4216,11738.3331422762
000d7d20_4217,11738.332862692969
000d7d20_4218,11738.323204775035
000d7d20_4219,11738.323084254973
000d7d20_4220,11738.31368676807
000d7d20_4221,11738.313920916722
000d7d20_4222,11738.30486062538
000d7d20_4223,11738.296247686274
000d7d20_4224,11738.29714308209
000d7d20_4225,11738.2887439669
000d7d20_4226,11738.289930640343
000d7d20_4227,11738.28150079324
000d7d20_4228,11738.282359112696
000d7d20_4229,11738.28289310094
000d7d20_4230,11738.274264425916
000d7d20_4231,11738.275289026957
000d7d20_4232,11738.267131272469
000d7d20_4233,11738.268238953246
000d7d20_4234,11738.259717248377
000d7d20_4235,11738.260309305031
000d7d20_4236,11738.26097899573
000d7d20_4237,11738.252250081048
000d7d20_4238,11738.253032332732
000d7d20_4239,11738.253790149896
000d7d20_4240,11738.24518527418
000d7d20_4241,11738.246100199329
000d7d20_4242,11738.24700501726
000d7d20_4243,11738.247913495756
000d7d20_4244,11738.248636902012
000d7d20_4245,11738.23977562526
000d7d20_4246,11738.240230621235
000d7d20_4247,11738.24092360855
000d7d20_4248,11738.241840188148
000d7d20_4249,11738.242963389024
000d7d20_4250,11738.243924364177
000d7d20_4251,11738.24458244189
000d7d20_4252,11738.244801165947
000d7d20_4253,11738.245099304451
000d7d20_4254,11738.245486626734
000d7d20_4255,11738.245945452769
000d7d20_4256,11738.246492427365
000d7d20_4257,11738.24706466058
000d7d20_4258,11738.247679793749
000d7d20_4259,11738.248288318777
000d7d20_4260,11738.248829998012
000d7d20_4261,11738.24928904559
000d7d20_4262,11738.259083780462
000d7d20_4263,11738.259290835782
000d7d20_4264,11738.259509957808
000d7d20_4265,11738.25977405565
000d7d20_4266,11738.260054134316
000d7d20_4267,11738.269587787963
000d7d20_4268,11738.269531783992
000d7d20_4269,11738.269483704493
000d7d20_4270,11738.278872726738
000d7d20_4271,11738.2787521456
000d7d20_4272,11738.278637002546
000d7d20_4273,11738.287920430495
000d7d20_4274,11738.287639276594
000d7d20_4275,11738.296745835009
000d7d20_4276,11738.296404453911
000d7d20_4277,11738.305243891638
000d7d20_4278,11738.304742915814
000d7d20_4279,11738.313666829106
000d7d20_4280,11738.313118312351
000d7d20_4281,11738.322125366349
000d7d20_4282,11738.32159866245
000d7d20_4283,11738.330392871774
000d7d20_4284,11738.329633555932
000d7d20_4285,11738.338263652004
000d7d20_4286,11738.347001377222
000d7d20_4287,11738.346212748143
000d7d20_4288,11738.354702229297
000d7d20_4289,11738.363050465983
000d7d20_4290,11738.37150092692
000d7d20_4291,11738.370554600424
000d7d20_4292,11738.37899743454
000d7d20_4293,11738.387528367308
000d7d20_4294,11738.39596199815
000d7d20_4295,11738.40437264352
000d7d20_4296,11738.403036524467
000d7d20_4297,11738.411240578756
000d7d20_4298,11738.419308523844
000d7d20_4299,11738.427416300015
000d7d20_4300,11738.435449929002
000d7d20_4301,11738.443444635372
000d7d20_4302,11738.45166496998
000d7d20_4303,11738.459792927842
000d7d20_4304,11738.46781151443
000d7d20_4305,11738.475694182456
000d7d20_4306,11738.483381977368
000d7d20_4307,11738.490874771129
000d7d20_4308,11738.4982068775
000d7d20_4309,11738.505592085688
000d7d20_4310,11738.522453779871
000d7d20_4311,11738.529852627233
000d7d20_4312,11738.5372862329
000d7d20_4313,11738.544914771268
000d7d20_4314,11738.552533296332
000d7d20_4315,11738.56958299034
000d7d20_4316,11738.577129678832
000d7d20_4317,11738.584605409937
000d7d20_4318,11738.592022402408
000d7d20_4319,11738.60872883847
000d7d20_4320,11738.615464217124
000d7d20_4321,11738.631255900247
000d7d20_4322,11738.63781373781
000d7d20_4323,11738.644650177004
000d7d20_4324,11738.661123795246
000d7d20_4325,11738.66796062951
000d7d20_4326,11738.684171299428
000d7d20_4327,11738.690774265762
000d7d20_4328,11738.706713160169
000d7d20_4329,11738.712771982013
000d7d20_4330,11738.718798715128
000d7d20_4331,11738.734191922547
000d7d20_4332,11738.740127697289
000d7d20_4333,11738.755512108786
000d7d20_4334,11738.76157260334
000d7d20_4335,11738.767676638146
000d7d20_4336,11738.78323422141
000d7d20_4337,11738.789384427124
000d7d20_4338,11738.804956636151
000d7d20_4339,11738.81108217764
000d7d20_4340,11738.817275214638
000d7d20_4341,11738.832810810703
000d7d20_4342,11738.838917023191
000d7d20_4343,11738.845204837631
000d7d20_4344,11738.851593481071
000d7d20_4345,11738.867337608948
000d7d20_4346,11738.873581630609
000d7d20_4347,11738.879737692056
000d7d20_4348,11738.886158761086
000d7d20_4349,11738.90202318495
000d7d20_4350,11738.908416282884
000d7d20_4351,11738.914773505605
000d7d20_4352,11738.921085452115
000d7d20_4353,11738.927422915924
000d7d20_4354,11738.943133188171
000d7d20_4355,11738.949370384282
000d7d20_4356,11738.955681318572
000d7d20_4357,11738.961935376012
000d7d20_4358,11738.968268295275
000d7d20_4359,11738.974617905966
000d7d20_4360,11738.981033874295
000d7d20_4361,11738.987457499516
000d7d20_4362,11739.003232123814
000d7d20_4363,11739.00958630036
000d7d20_4364,11739.0159339569
000d7d20_4365,11739.022271113125
000d7d20_4366,11739.02862631453
000d7d20_4367,11739.035016024884
000d7d20_4368,11739.041436823847
000d7d20_4369,11739.047835066218
000d7d20_4370,11739.054253152915
000d7d20_4371,11739.060694443997
000d7d20_4372,11739.067057178094
000d7d20_4373,11739.073501678418
000d7d20_4374,11739.079899047652
000d7d20_4375,11739.08630258958
000d7d20_4376,11739.092660783388
000d7d20_4377,11739.08967628621
000d7d20_4378,11739.09611114082
000d7d20_4379,11739.102507678925
000d7d20_4380,11739.108980434014
000d7d20_4381,11739.11531552749
000d7d20_4382,11739.121711028563
000d7d20_4383,11739.127954692784
000d7d20_4384,11739.13434310816
000d7d20_4385,11739.13121662518
000d7d20_4386,11739.137492565224
000d7d20_4387,11739.143845464943
000d7d20_4388,11739.15008999913
000d7d20_4389,11739.156425189482
000d7d20_4390,11739.153147944702
000d7d20_4391,11739.1592105741
000d7d20_4392,11739.165244038468
000d7d20_4393,11739.17144533915
000d7d20_4394,11739.168183464875
000d7d20_4395,11739.174458431837
000d7d20_4396,11739.180775439425
000d7d20_4397,11739.17766301404
000d7d20_4398,11739.184106549394
000d7d20_4399,11739.19060124945
000d7d20_4400,11739.18768699948
000d7d20_4401,11739.194322327976
000d7d20_4402,11739.201100564494
000d7d20_4403,11739.198678994377
000d7d20_4404,11739.20589933519
000d7d20_4405,11739.203879676828
000d7d20_4406,11739.20928556674
000d7d20_4407,11739.21332151617
000d7d20_4408,11739.208486155889
000d7d20_4409,11739.213194541737
000d7d20_4410,11739.208387920688
000d7d20_4411,11739.21347349431
000d7d20_4412,11739.21064655875
000d7d20_4413,11739.218560331668
000d7d20_4414,11739.21604548572
000d7d20_4415,11739.222561155786
000d7d20_4416,11739.21906069203
000d7d20_4417,11739.22445481017
000d7d20_4418,11739.22068657523
000d7d20_4419,11739.227149889764
000d7d20_4420,11739.224352009718
000d7d20_4421,11739.231275450256
000d7d20_4422,11739.228909598483
000d7d20_4423,11739.227063033632
000d7d20_4424,11739.235285722338
000d7d20_4425,11739.234647400111
000d7d20_4426,11739.244109687235
000d7d20_4427,11739.244800425353
000d7d20_4428,11739.255856997996
000d7d20_4429,11739.257000474236
000d7d20_4430,11739.26696719139
000d7d20_4431,11739.267341753184
000d7d20_4432,11739.26754103294
000d7d20_4433,11739.27695249497
000d7d20_4434,11739.276872856575
000d7d20_4435,11739.285993622352
000d7d20_4436,11739.2855254967
000d7d20_4437,11739.294253357042
000d7d20_4438,11739.293899746506
000d7d20_4439,11739.3030597203
000d7d20_4440,11739.302976881509
000d7d20_4441,11739.312338312217
000d7d20_4442,11739.312537398971
000d7d20_4443,11739.33354960242
000d7d20_4444,11739.334811429526
000d7d20_4445,11739.332410542576
000d7d20_4446,11739.339543568292
000d7d20_4447,11739.337016907975
000d7d20_4448,11739.344012049936
000d7d20_4449,11739.341365590702
000d7d20_4450,11739.34826966281
000d7d20_4451,11739.345525390663
000d7d20_4452,11739.352387584857
000d7d20_4453,11739.349663410629
000d7d20_4454,11739.356592440805
000d7d20_4455,11739.354585910787
000d7d20_4456,11739.362679437305
000d7d20_4457,11739.36088417003
000d7d20_4458,11739.368149375276
000d7d20_4459,11739.3653927437
000d7d20_4460,11739.372556333668
000d7d20_4461,11739.370580168104
000d7d20_4462,11739.37726332443
000d7d20_4463,11739.37302602845
000d7d20_4464,11739.37926481276
000d7d20_4465,11739.377133993308
000d7d20_4466,11739.38564224069
000d7d20_4467,11739.385803362216
000d7d20_4468,11739.39546863281
000d7d20_4469,11739.395958312767
000d7d20_4470,11739.405882287789
000d7d20_4471,11739.4056369725
000d7d20_4472,11739.413736537568
000d7d20_4473,11739.421684768638
000d7d20_4474,11739.419973159704
000d7d20_4475,11739.42824625707
000d7d20_4476,11739.427474358456
000d7d20_4477,11739.436415432432
000d7d20_4478,11739.436685405648
000d7d20_4479,11739.445823094298
000d7d20_4480,11739.445023091768
000d7d20_4481,11739.453669846222
000d7d20_4482,11739.452957130332
000d7d20_4483,11739.461574734074
000d7d20_4484,11739.46073764588
000d7d20_4485,11739.469204192246
000d7d20_4486,11739.477444427652
000d7d20_4487,11739.47623833023
000d7d20_4488,11739.484321551949
000d7d20_4489,11739.482989282753
000d7d20_4490,11739.491016791326
000d7d20_4491,11739.489634043091
000d7d20_4492,11739.497630557364
000d7d20_4493,11739.496275235517
000d7d20_4494,11739.504174809408
000d7d20_4495,11739.511708445403
000d7d20_4496,11739.509799092531
000d7d20_4497,11739.516936583814
000d7d20_4498,11739.514783508535
000d7d20_4499,11739.52182697399
000d7d20_4500,11739.519572877069
000d7d20_4501,11739.526643006366
000d7d20_4502,11739.533813714756
000d7d20_4503,11739.531472587729
000d7d20_4504,11739.538378444246
000d7d20_4505,11739.535946711134
000d7d20_4506,11739.54302586268
000d7d20_4507,11739.55024572305
000d7d20_4508,11739.548178363995
000d7d20_4509,11739.55553450262
000d7d20_4510,11739.553361909797
000d7d20_4511,11739.5606072891
000d7d20_4512,11739.567753273855
000d7d20_4513,11739.565402744098
000d7d20_4514,11739.572381545184
000d7d20_4515,11739.569803715787
000d7d20_4516,11739.576584206294
000d7d20_4517,11739.583116399112
000d7d20_4518,11739.5806033014
000d7d20_4519,11739.587894362252
000d7d20_4520,11739.585792153914
000d7d20_4521,11739.593196085609
000d7d20_4522,11739.591127072308
000d7d20_4523,11739.598586348333
000d7d20_4524,11739.606371868154
000d7d20_4525,11739.603966574505
000d7d20_4526,11739.610588814314
000d7d20_4527,11739.607975477546
000d7d20_4528,11739.614855791033
000d7d20_4529,11739.621906334312
000d7d20_4530,11739.619739495523
000d7d20_4531,11739.626272627906
000d7d20_4532,11739.62372887096
000d7d20_4533,11739.630971264856
000d7d20_4534,11739.628949037542
000d7d20_4535,11739.636330303165
000d7d20_4536,11739.64358176606
000d7d20_4537,11739.641501885932
000d7d20_4538,11739.64902790212
000d7d20_4539,11739.647245032422
000d7d20_4540,11739.655117941566
000d7d20_4541,11739.653535554566
000d7d20_4542,11739.661612015949
000d7d20_4543,11739.659929124407
000d7d20_4544,11739.667503153298
000d7d20_4545,11739.67481066476
000d7d20_4546,11739.672825069369
000d7d20_4547,11739.68047530436
000d7d20_4548,11739.678934827713
000d7d20_4549,11739.687242112845
000d7d20_4550,11739.68590906754
000d7d20_4551,11739.69413892677
000d7d20_4552,11739.692683104386
000d7d20_4553,11739.70073655638
000d7d20_4554,11739.69913071191
000d7d20_4555,11739.707081931743
000d7d20_4556,11739.705340709055
000d7d20_4557,11739.713166058958
000d7d20_4558,11739.71138731958
000d7d20_4559,11739.719159149152
000d7d20_4560,11739.726995827004
000d7d20_4561,11739.725277003676
000d7d20_4562,11739.73321271102
000d7d20_4563,11739.731466976871
000d7d20_4564,11739.739220040165
000d7d20_4565,11739.737336319948
000d7d20_4566,11739.74468797204
000d7d20_4567,11739.742915852712
000d7d20_4568,11739.751171575594
000d7d20_4569,11739.750421911544
000d7d20_4570,11739.758926811315
000d7d20_4571,11739.757956102085
000d7d20_4572,11739.76603620492
000d7d20_4573,11739.76465834118
000d7d20_4574,11739.772812764608
000d7d20_4575,11739.771552171762
000d7d20_4576,11739.779812572364
000d7d20_4577,11739.778868575931
000d7d20_4578,11739.78734429186
000d7d20_4579,11739.786451134796
000d7d20_4580,11739.794945839703
000d7d20_4581,11739.793977657806
000d7d20_4582,11739.792993229978
000d7d20_4583,11739.801413922338
000d7d20_4584,11739.800447007849
000d7d20_4585,11739.808931840826
000d7d20_4586,11739.808044454574
000d7d20_4587,11739.816297722513
000d7d20_4588,11739.814855289707
000d7d20_4589,11739.822694367678
000d7d20_4590,11739.820942028186
000d7d20_4591,11739.828687931718
000d7d20_4592,11739.826830094416
000d7d20_4593,11739.834706806894
000d7d20_4594,11739.833421494011
000d7d20_4595,11739.841607528975
000d7d20_4596,11739.840444305748
000d7d20_4597,11739.83958328985
000d7d20_4598,11739.84819209315
000d7d20_4599,11739.847033091297
000d7d20_4600,11739.855169497812
000d7d20_4601,11739.853924097366
000d7d20_4602,11739.862024208003
000d7d20_4603,11739.860757309038
000d7d20_4604,11739.8684338559
000d7d20_4605,11739.866668467474
000d7d20_4606,11739.864927209916
000d7d20_4607,11739.87241723745
000d7d20_4608,11739.87050603632
000d7d20_4609,11739.8778821474
000d7d20_4610,11739.875885231686
000d7d20_4611,11739.87395671634
000d7d20_4612,11739.881528067708
000d7d20_4613,11739.87958978054
000d7d20_4614,11739.877830041318
000d7d20_4615,11739.885504401303
000d7d20_4616,11739.883665485648
000d7d20_4617,11739.881804132565
000d7d20_4618,11739.889400649152
000d7d20_4619,11739.887565031757
000d7d20_4620,11739.885650387225
000d7d20_4621,11739.883677515954
000d7d20_4622,11739.881782680415
000d7d20_4623,11739.889323568852
000d7d20_4624,11739.887428221486
000d7d20_4625,11739.885660304297
000d7d20_4626,11739.883889343346
000d7d20_4627,11739.882111047027
000d7d20_4628,11739.880304245766
000d7d20_4629,11739.878541708464
000d7d20_4630,11739.876696601676
000d7d20_4631,11739.874882890084
000d7d20_4632,11739.872919653004
000d7d20_4633,11739.870912779808
000d7d20_4634,11739.86867996481
000d7d20_4635,11739.866502403209
000d7d20_4636,11739.86452966775
000d7d20_4637,11739.862667750833
000d7d20_4638,11739.861065769772
000d7d20_4639,11739.859404359133
000d7d20_4640,11739.846384972032
000d7d20_4641,11739.843929854243
000d7d20_4642,11739.841818864808
000d7d20_4643,11739.8409734798
000d7d20_4644,11739.839976905396
000d7d20_4645,11739.827563500376
000d7d20_4646,11739.825348085224
000d7d20_4647,11739.822410135172
000d7d20_4648,11739.821775208358
000d7d20_4649,11739.811156425654
000d7d20_4650,11739.81053154069
000d7d20_4651,11739.81031598269
000d7d20_4652,11739.802187212235
000d7d20_4653,11739.80125466684
000d7d20_4654,11739.789713507716
000d7d20_4655,11739.787407085929
000d7d20_4656,11739.773969331334
000d7d20_4657,11739.770187456892
000d7d20_4658,11739.76970367599
000d7d20_4659,11739.759647882016
000d7d20_4660,11739.749957658698
000d7d20_4661,11739.74813982295
000d7d20_4662,11739.737004012106
000d7d20_4663,11739.735950561151
000d7d20_4664,11739.726593698531
000d7d20_4665,11739.724734875435
000d7d20_4666,11739.7119051267
000d7d20_4667,11739.699683399966
000d7d20_4668,11739.69768820062
000d7d20_4669,11739.686944189298
000d7d20_4670,11739.675801349897
000d7d20_4671,11739.664222817966
000d7d20_4672,11739.661689563552
000d7d20_4673,11739.649044158246
000d7d20_4674,11739.636625854591
000d7d20_4675,11739.624733721224
000d7d20_4676,11739.622728080987
000d7d20_4677,11739.611659709752
000d7d20_4678,11739.599601681895
000d7d20_4679,11739.586447663689
000d7d20_4680,11739.572159088371
000d7d20_4681,11739.556494975312
000d7d20_4682,11739.539867452691
000d7d20_4683,11739.527803203167
000d7d20_4684,11739.520371683104
000d7d20_4685,11739.510959328243
000d7d20_4686,11739.498981772334
000d7d20_4687,11739.490890478834
000d7d20_4688,11739.486583669706
000d7d20_4689,11739.479874337778
000d7d20_4690,11739.470720853176
000d7d20_4691,11739.462183476388
000d7d20_4692,11739.454172574357
000d7d20_4693,11739.446768670194
000d7d20_4694,11739.438925568193
000d7d20_4695,11739.421245465704
000d7d20_4696,11739.410778337138
000d7d20_4697,11739.403802075074
000d7d20_4698,11739.400077212633
000d7d20_4699,11739.384842313546
000d7d20_4700,11739.37691710138
000d7d20_4701,11739.368965759706
000d7d20_4702,11739.361062675316
000d7d20_4703,11739.344465797703
000d7d20_4704,11739.339535646452
000d7d20_4705,11739.336565397834
000d7d20_4706,11739.326141176118
000d7d20_4707,11739.323422504978
000d7d20_4708,11739.317350996724
000d7d20_4709,11739.312768611806
000d7d20_4710,11739.30926464631
000d7d20_4711,11739.296103600656
000d7d20_4712,11739.29192548792
000d7d20_4713,11739.287545242309
000d7d20_4714,11739.282184687609
000d7d20_4715,11739.275268103103
000d7d20_4716,11739.26810465749
000d7d20_4717,11739.260692274
000d7d20_4718,11739.25305939227
000d7d20_4719,11739.24518634555
000d7d20_4720,11739.23710836954
000d7d20_4721,11739.228855198544
000d7d20_4722,11739.220520541325
000d7d20_4723,11739.212105349468
000d7d20_4724,11739.203487002706
000d7d20_4725,11739.194890893215
000d7d20_4726,11739.18611351494
000d7d20_4727,11739.177173910168
000d7d20_4728,11739.177606820958
000d7d20_4729,11739.168442590551
000d7d20_4730,11739.159224098992
000d7d20_4731,11739.14969280251
000d7d20_4732,11739.140122488629
000d7d20_4733,11739.139800062714
000d7d20_4734,11739.130274658244
000d7d20_4735,11739.120092593885
000d7d20_4736,11739.11863161704
000d7d20_4737,11739.108091086417
000d7d20_4738,11739.0963078073
000d7d20_4739,11739.092799669645
000d7d20_4740,11739.080831425938
000d7d20_4741,11739.071000874896
000d7d20_4742,11739.0695963273
000d7d20_4743,11739.05659092424
000d7d20_4744,11739.054024766228
000d7d20_4745,11739.041717407626
000d7d20_4746,11739.037337764285
000d7d20_4747,11739.025819290868
000d7d20_4748,11739.021301108629
000d7d20_4749,11739.006163885371
000d7d20_4750,11739.003091877672
000d7d20_4751,11738.99185813794
000d7d20_4752,11738.986585647932
000d7d20_4753,11738.981676198224
000d7d20_4754,11738.9683361994
000d7d20_4755,11738.963265806357
000d7d20_4756,11738.956537511178
000d7d20_4757,11738.943094817496
000d7d20_4758,11738.939349908476
000d7d20_4759,11738.935737951047
000d7d20_4760,11738.920329890429
000d7d20_4761,11738.91273216415
000d7d20_4762,11738.906018152538
000d7d20_4763,11738.900081601558
000d7d20_4764,11738.8948928995
000d7d20_4765,11738.880943036074
000d7d20_4766,11738.879081064895
000d7d20_4767,11738.875716143642
000d7d20_4768,11738.87082034075
000d7d20_4769,11738.86625226316
000d7d20_4770,11738.8619902911
000d7d20_4771,11738.85802904862
000d7d20_4772,11738.854303106002
000d7d20_4773,11738.850824718058
000d7d20_4774,11738.84761083126
000d7d20_4775,11738.844048969797
000d7d20_4776,11738.840182438538
000d7d20_4777,11738.8360975065
000d7d20_4778,11738.83280309154
000d7d20_4779,11738.830260000006
000d7d20_4780,11738.82842973834
000d7d20_4781,11738.83552872735
000d7d20_4782,11738.832534490488
000d7d20_4783,11738.828824728416
000d7d20_4784,11738.826137727034
000d7d20_4785,11738.824215251503
000d7d20_4786,11738.822197255691
000d7d20_4787,11738.829569463467
000d7d20_4788,11738.827333161062
000d7d20_4789,11738.825069250946
000d7d20_4790,11738.832225222202
000d7d20_4791,11738.829559530855
000d7d20_4792,11738.826813692443
000d7d20_4793,11738.833392756507
000d7d20_4794,11738.83041438227
000d7d20_4795,11738.827370592571
000d7d20_4796,11738.833505000966
000d7d20_4797,11738.829999924694
000d7d20_4798,11738.835659429957
000d7d20_4799,11738.83212057361
000d7d20_4800,11738.83826397057
000d7d20_4801,11738.835511952328
000d7d20_4802,11738.833019528973
000d7d20_4803,11738.84031369488
000d7d20_4804,11738.83857629725
000d7d20_4805,11738.836875069388
000d7d20_4806,11738.844647314374
000d7d20_4807,11738.842990737485
000d7d20_4808,11738.841361241131
000d7d20_4809,11738.849208967362
000d7d20_4810,11738.847597138443
000d7d20_4811,11738.84616886946
000d7d20_4812,11738.854441960731
000d7d20_4813,11738.853419913969
000d7d20_4814,11738.852366469651
000d7d20_4815,11738.861086948473
000d7d20_4816,11738.860150027154
000d7d20_4817,11738.8591211217
000d7d20_4818,11738.867526624415
000d7d20_4819,11738.866504315283
000d7d20_4820,11738.865562458788
000d7d20_4821,11738.864604986771
000d7d20_4822,11738.873135447908
000d7d20_4823,11738.872181518036
000d7d20_4824,11738.871358492424
000d7d20_4825,11738.87059965125
000d7d20_4826,11738.870201998408
000d7d20_4827,11738.878270237285
000d7d20_4828,11738.87442093925
000d7d20_4829,11738.869983155184
000d7d20_4830,11738.866036394136
000d7d20_4831,11738.86338281001
000d7d20_4832,11738.87183172291
000d7d20_4833,11738.872467404452
000d7d20_4834,11738.874786113283
000d7d20_4835,11738.87704908176
000d7d20_4836,11738.879226770752
000d7d20_4837,11738.881069445615
000d7d20_4838,11738.883198947917
000d7d20_4839,11738.894529999992
000d7d20_4840,11738.896792316393
000d7d20_4841,11738.898279138772
000d7d20_4842,11738.899181728108
000d7d20_4843,11738.90066490736
000d7d20_4844,11738.902319139386
000d7d20_4845,11738.903669419176
000d7d20_4846,11738.90379350355
000d7d20_4847,11738.903123530992
000d7d20_4848,11738.901893003458
000d7d20_4849,11738.90030179709
000d7d20_4850,11738.898693989107
000d7d20_4851,11738.896795948423
000d7d20_4852,11738.89505180547
000d7d20_4853,11738.892999186255
000d7d20_4854,11738.889946232355
000d7d20_4855,11738.886729257243
000d7d20_4856,11738.88329397422
000d7d20_4857,11738.879870509569
000d7d20_4858,11738.875730189557
000d7d20_4859,11738.87074789083
000d7d20_4860,11738.864816304407
000d7d20_4861,11738.858785185705
000d7d20_4862,11738.85261356477
000d7d20_4863,11738.846623493717
000d7d20_4864,11738.841536564392
000d7d20_4865,11738.837437513434
000d7d20_4866,11738.832614827124
000d7d20_4867,11738.827096831064
000d7d20_4868,11738.821897449536
000d7d20_4869,11738.816952348514
000d7d20_4870,11738.803139491196
000d7d20_4871,11738.799778951336
000d7d20_4872,11738.796194591672
000d7d20_4873,11738.79237306776
000d7d20_4874,11738.788026481876
000d7d20_4875,11738.783954337256
000d7d20_4876,11738.780102299816
000d7d20_4877,11738.7765091768
000d7d20_4878,11738.763727371475
000d7d20_4879,11738.760313393548
000d7d20_4880,11738.756773306644
000d7d20_4881,11738.753128306304
000d7d20_4882,11738.749362546094
000d7d20_4883,11738.736033943642
000d7d20_4884,11738.731141357472
000d7d20_4885,11738.727908864574
000d7d20_4886,11738.726301931008
000d7d20_4887,11738.713252757325
000d7d20_4888,11738.708880140466
000d7d20_4889,11738.704271698218
000d7d20_4890,11738.69972965397
000d7d20_4891,11738.68588369521
000d7d20_4892,11738.681600662469
000d7d20_4893,11738.677375104731
000d7d20_4894,11738.673236881536
000d7d20_4895,11738.669148975245
000d7d20_4896,11738.655717308364
000d7d20_4897,11738.652032385342
000d7d20_4898,11738.648143476668
000d7d20_4899,11738.64406628151
000d7d20_4900,11738.63980258834
000d7d20_4901,11738.63537487539
000d7d20_4902,11738.630819866585
000d7d20_4903,11738.626074604814
000d7d20_4904,11738.62146665705
000d7d20_4905,11738.616978387376
000d7d20_4906,11738.612617918268
000d7d20_4907,11738.608455045778
000d7d20_4908,11738.604240057874
000d7d20_4909,11738.600147360052
000d7d20_4910,11738.59618033794
000d7d20_4911,11738.592303840243
000d7d20_4912,11738.588480139566
000d7d20_4913,11738.59418768584
000d7d20_4914,11738.590449744765
000d7d20_4915,11738.58675282366
000d7d20_4916,11738.58309538812
000d7d20_4917,11738.57945856375
000d7d20_4918,11738.585347238764
000d7d20_4919,11738.58176441678
000d7d20_4920,11738.578241221345
000d7d20_4921,11738.584239078558
000d7d20_4922,11738.58089949697
000d7d20_4923,11738.57762181538
000d7d20_4924,11738.583744159238
000d7d20_4925,11738.58043946942
000d7d20_4926,11738.586549448471
000d7d20_4927,11738.583211548288
000d7d20_4928,11738.589344612445
000d7d20_4929,11738.586057882869
000d7d20_4930,11738.59226188705
000d7d20_4931,11738.589038178154
000d7d20_4932,11738.595276614687
000d7d20_4933,11738.592050539632
000d7d20_4934,11738.598208109535
000d7d20_4935,11738.594869050605
000d7d20_4936,11738.601068605994
000d7d20_4937,11738.607248240229
000d7d20_4938,11738.603919479672
000d7d20_4939,11738.609971231726
000d7d20_4940,11738.616000175223
000d7d20_4941,11738.62198698144
000d7d20_4942,11738.618580838853
000d7d20_4943,11738.624595965488
000d7d20_4944,11738.630535779666
000d7d20_4945,11738.636463776782
000d7d20_4946,11738.642333882606
000d7d20_4947,11738.638778559918
000d7d20_4948,11738.644660711914
000d7d20_4949,11738.650501312492
000d7d20_4950,11738.656334965322
000d7d20_4951,11738.662208886162
000d7d20_4952,11738.66804004119
000d7d20_4953,11738.673866285391
000d7d20_4954,11738.679632635556
000d7d20_4955,11738.685412583409
000d7d20_4956,11738.691199246889
000d7d20_4957,11738.696678240394
000d7d20_4958,11738.702361711985
000d7d20_4959,11738.708232575687
000d7d20_4960,11738.723544761771
000d7d20_4961,11738.729276463491
000d7d20_4962,11738.735295446018
000d7d20_4963,11738.741367516654
000d7d20_4964,11738.74740628309
000d7d20_4965,11738.753410295103
000d7d20_4966,11738.768704076683
000d7d20_4967,11738.774228987537
000d7d20_4968,11738.779896210535
000d7d20_4969,11738.795149559986
000d7d20_4970,11738.8010507291
000d7d20_4971,11738.807050417798
000d7d20_4972,11738.822354605452
000d7d20_4973,11738.82829383768
000d7d20_4974,11738.843932695054
000d7d20_4975,11738.850259734803
000d7d20_4976,11738.856877815597
000d7d20_4977,11738.87220074696
000d7d20_4978,11738.878324005394
000d7d20_4979,11738.894241275088
000d7d20_4980,11738.900731419017
000d7d20_4981,11738.916929823094
000d7d20_4982,11738.932458541703
000d7d20_4983,11738.937788580984
000d7d20_4984,11738.953318882674
000d7d20_4985,11738.95904220935
000d7d20_4986,11738.975247497532
000d7d20_4987,11738.9906182938
000d7d20_4988,11738.995132100506
000d7d20_4989,11739.010515311682
000d7d20_4990,11739.01693458143
000d7d20_4991,11739.032411535049
000d7d20_4992,11739.046850785286
000d7d20_4993,11739.051760400182
000d7d20_4994,11739.066286312736
000d7d20_4995,11739.071958744653
000d7d20_4996,11739.087595996503
000d7d20_4997,11739.094268399267
000d7d20_4998,11739.099184282768
000d7d20_4999,11739.115320309376
000d7d20_5000,11739.12075646031
000d7d20_5001,11739.134470832189
000d7d20_5002,11739.139546093562
000d7d20_5003,11739.14545309094
000d7d20_5004,11739.16241656082
000d7d20_5005,11739.169265828266
000d7d20_5006,11739.17452703699
000d7d20_5007,11739.190978509496
000d7d20_5008,11739.199580668535
000d7d20_5009,11739.207629183707
000d7d20_5010,11739.215114042609
000d7d20_5011,11739.232985903753
000d7d20_5012,11739.24088361704
000d7d20_5013,11739.248438923622
000d7d20_5014,11739.256605612753
000d7d20_5015,11739.26443921686
000d7d20_5016,11739.281879045528
000d7d20_5017,11739.289217639429
000d7d20_5018,11739.295916677936
000d7d20_5019,11739.302688660422
000d7d20_5020,11739.309402949057
000d7d20_5021,11739.31589102629
000d7d20_5022,11739.322256135596
000d7d20_5023,11739.328486798597
000d7d20_5024,11739.334808646963
000d7d20_5025,11739.341358992133
000d7d20_5026,11739.347979247994
000d7d20_5027,11739.353839236652
000d7d20_5028,11739.360598926723
000d7d20_5029,11739.367647492472
000d7d20_5030,11739.373702428638
000d7d20_5031,11739.379919115672
000d7d20_5032,11739.386444410591
000d7d20_5033,11739.383776866389
000d7d20_5034,11739.390986579096
000d7d20_5035,11739.39843675754
000d7d20_5036,11739.406232889654
000d7d20_5037,11739.41425749648
000d7d20_5038,11739.413431383293
000d7d20_5039,11739.42371871002
000d7d20_5040,11739.433423929628
000d7d20_5041,11739.442498845934
000d7d20_5042,11739.44169513706
000d7d20_5043,11739.44937098322
000d7d20_5044,11739.455567320882
000d7d20_5045,11739.455169460756
000d7d20_5046,11739.464486281357
000d7d20_5047,11739.47402148959
000d7d20_5048,11739.474431214348
000d7d20_5049,11739.48525449516
000d7d20_5050,11739.486335881284
000d7d20_5051,11739.49458083446
000d7d20_5052,11739.50211128685
000d7d20_5053,11739.502067961192
000d7d20_5054,11739.51255225611
000d7d20_5055,11739.514480744889
000d7d20_5056,11739.525834588949
000d7d20_5057,11739.528191851425
000d7d20_5058,11739.53057620343
000d7d20_5059,11739.54222988632
000d7d20_5060,11739.54275477996
000d7d20_5061,11739.550606015437
000d7d20_5062,11739.550584593451
000d7d20_5063,11739.550797303207
000d7d20_5064,11739.56025618951
000d7d20_5065,11739.5604233911
000d7d20_5066,11739.560645496167
000d7d20_5067,11739.571888079248
000d7d20_5068,11739.57199201302
000d7d20_5069,11739.57055872026
000d7d20_5070,11739.56772049899
000d7d20_5071,11739.574777419795
000d7d20_5072,11739.57282584244
000d7d20_5073,11739.57109352591
000d7d20_5074,11739.56967178233
000d7d20_5075,11739.567832820603
000d7d20_5076,11739.565556255611
000d7d20_5077,11739.572017298724
000d7d20_5078,11739.568699322448
000d7d20_5079,11739.564716891337
000d7d20_5080,11739.55932063887
000d7d20_5081,11739.554670454392
000d7d20_5082,11739.551013432188
000d7d20_5083,11739.546958970652
000d7d20_5084,11739.542517582588
000d7d20_5085,11739.537640187818
000d7d20_5086,11739.532353978344
000d7d20_5087,11739.527817581033
000d7d20_5088,11739.53350955103
000d7d20_5089,11739.52833627098
000d7d20_5090,11739.52138715529
000d7d20_5091,11739.515123785714
000d7d20_5092,11739.509526620364
000d7d20_5093,11739.503348163247
000d7d20_5094,11739.49622855915
000d7d20_5095,11739.489963182135
000d7d20_5096,11739.484300408703
000d7d20_5097,11739.48784514696
000d7d20_5098,11739.482386256335
000d7d20_5099,11739.477634718922
000d7d20_5100,11739.473611958634
000d7d20_5101,11739.47032609511
000d7d20_5102,11739.467409253024
000d7d20_5103,11739.46501069872
000d7d20_5104,11739.459686484108
000d7d20_5105,11739.454482698062
000d7d20_5106,11739.458932260168
000d7d20_5107,11739.45395864103
000d7d20_5108,11739.449148850175
000d7d20_5109,11739.444614410297
000d7d20_5110,11739.440428026395
000d7d20_5111,11739.435917547731
000d7d20_5112,11739.432297881638
000d7d20_5113,11739.439017091376
000d7d20_5114,11739.435873268434
000d7d20_5115,11739.432247587189
000d7d20_5116,11739.42776910204
000d7d20_5117,11739.42161536379
000d7d20_5118,11739.415104366202
000d7d20_5119,11739.409515265275
000d7d20_5120,11739.414131384508
000d7d20_5121,11739.410490820355
000d7d20_5122,11739.407154627152
000d7d20_5123,11739.40491131376
000d7d20_5124,11739.40196575013
000d7d20_5125,11739.397871104962
000d7d20_5126,11739.40334232281
000d7d20_5127,11739.399498413291
000d7d20_5128,11739.3969020953
000d7d20_5129,11739.396778812852
000d7d20_5130,11739.398315553584
000d7d20_5131,11739.40178596084
000d7d20_5132,11739.416510538693
000d7d20_5133,11739.420067642515
000d7d20_5134,11739.42163971415
000d7d20_5135,11739.421822595888
000d7d20_5136,11739.421570435165
000d7d20_5137,11739.430056687705
000d7d20_5138,11739.428585744745
000d7d20_5139,11739.428915644334
000d7d20_5140,11739.431458212832
000d7d20_5141,11739.433237210107
000d7d20_5142,11739.44353409696
000d7d20_5143,11739.445085136482
000d7d20_5144,11739.447343167842
000d7d20_5145,11739.450483314087
000d7d20_5146,11739.45319396616
000d7d20_5147,11739.465065711163
000d7d20_5148,11739.467201890096
000d7d20_5149,11739.469047141654
000d7d20_5150,11739.470619811262
000d7d20_5151,11739.470441874688
000d7d20_5152,11739.479428948762
000d7d20_5153,11739.478562081164
000d7d20_5154,11739.475803811223
000d7d20_5155,11739.474880465745
000d7d20_5156,11739.475389225216
000d7d20_5157,11739.486959741012
000d7d20_5158,11739.490974627268
000d7d20_5159,11739.491815503345
000d7d20_5160,11739.49147025804
000d7d20_5161,11739.503274645367
000d7d20_5162,11739.507985716691
000d7d20_5163,11739.509701333674
000d7d20_5164,11739.51052915656
000d7d20_5165,11739.518617574522
000d7d20_5166,11739.51790541718
000d7d20_5167,11739.517901193634
000d7d20_5168,11739.519752246137
000d7d20_5169,11739.523012488908
000d7d20_5170,11739.536104601984
000d7d20_5171,11739.539939410131
000d7d20_5172,11739.54382873967
000d7d20_5173,11739.556425325924
000d7d20_5174,11739.559293830582
000d7d20_5175,11739.561597224789
000d7d20_5176,11739.562912399044
000d7d20_5177,11739.573573886337
000d7d20_5178,11739.574586976676
000d7d20_5179,11739.575729656211
000d7d20_5180,11739.576781754657
000d7d20_5181,11739.577783300178
000d7d20_5182,11739.588236425603
000d7d20_5183,11739.58919136451
000d7d20_5184,11739.590122837806
000d7d20_5185,11739.591073301224
000d7d20_5186,11739.601409928007
000d7d20_5187,11739.60188713641
000d7d20_5188,11739.602174349586
000d7d20_5189,11739.603120223055
000d7d20_5190,11739.613157738982
000d7d20_5191,11739.613264082904
000d7d20_5192,11739.61367084066
000d7d20_5193,11739.614175227473
000d7d20_5194,11739.61424837213
000d7d20_5195,11739.623309450117
000d7d20_5196,11739.621862368916
000d7d20_5197,11739.620328546149
000d7d20_5198,11739.618841606583
000d7d20_5199,11739.61743604482
000d7d20_5200,11739.625611292751
000d7d20_5201,11739.624607456764
000d7d20_5202,11739.623798633256
000d7d20_5203,11739.62351823959
000d7d20_5204,11739.622825169989
000d7d20_5205,11739.631198242632
000d7d20_5206,11739.63136906098
000d7d20_5207,11739.6327874222
000d7d20_5208,11739.632498828283
000d7d20_5209,11739.630430172378
000d7d20_5210,11739.638227337662
000d7d20_5211,11739.63730541116
000d7d20_5212,11739.636859359292
000d7d20_5213,11739.634502163231
000d7d20_5214,11739.634560057091
000d7d20_5215,11739.636746693992
000d7d20_5216,11739.64907063874
000d7d20_5217,11739.652945888614
000d7d20_5218,11739.655990449197
000d7d20_5219,11739.658407424276
000d7d20_5220,11739.661288637451
000d7d20_5221,11739.664608620513
000d7d20_5222,11739.67752750552
000d7d20_5223,11739.678346115168
000d7d20_5224,11739.68056054174
000d7d20_5225,11739.683525235643
000d7d20_5226,11739.685483352683
000d7d20_5227,11739.68653378713
000d7d20_5228,11739.686770178423
000d7d20_5229,11739.696411950195
000d7d20_5230,11739.696606772375
000d7d20_5231,11739.697214725342
000d7d20_5232,11739.696649081843
000d7d20_5233,11739.694792952898
000d7d20_5234,11739.695731558111
000d7d20_5235,11739.698644397606
000d7d20_5236,11739.706836692763
000d7d20_5237,11739.704147606732
000d7d20_5238,11739.7054159342
000d7d20_5239,11739.707172900373
000d7d20_5240,11739.709454193278
000d7d20_5241,11739.712097433863
000d7d20_5242,11739.713139584426
000d7d20_5243,11739.712715681811
000d7d20_5244,11739.721507373324
000d7d20_5245,11739.720442164573
000d7d20_5246,11739.71959970978
000d7d20_5247,11739.719103350511
000d7d20_5248,11739.7191514695
000d7d20_5249,11739.719847850649
000d7d20_5250,11739.719747197858
000d7d20_5251,11739.719089133629
000d7d20_5252,11739.714955599791
000d7d20_5253,11739.711706855036
000d7d20_5254,11739.718916896823
000d7d20_5255,11739.719316966572
000d7d20_5256,11739.721433214763
000d7d20_5257,11739.722122388845
000d7d20_5258,11739.721009497924
000d7d20_5259,11739.72050902559
000d7d20_5260,11739.720612207528
000d7d20_5261,11739.720124831978
000d7d20_5262,11739.719196084428
000d7d20_5263,11739.717568789363
000d7d20_5264,11739.71816849413
000d7d20_5265,11739.717620392064
000d7d20_5266,11739.726197209488
000d7d20_5267,11739.725000981844
000d7d20_5268,11739.723580503036
000d7d20_5269,11739.7219555857
000d7d20_5270,11739.720576107711
000d7d20_5271,11739.719301886693
000d7d20_5272,11739.718551986633
000d7d20_5273,11739.717287504882
000d7d20_5274,11739.715400677054
000d7d20_5275,11739.71222867778
000d7d20_5276,11739.70978359449
000d7d20_5277,11739.70822577038
00bbac68_1545,12222.597679284325
00bbac68_1546,12222.639448864054
00bbac68_1547,12222.667078915758
00bbac68_1548,12222.698236760169
00bbac68_1549,12222.726894355294
00bbac68_1550,12222.754124177953
00bbac68_1551,12222.778040871564
00bbac68_1552,12222.800027435578
00bbac68_1553,12222.820411665696
00bbac68_1554,12222.840761141888
00bbac68_1555,12222.859845681722
00bbac68_1556,12222.87820571719
00bbac68_1557,12222.896631639203
00bbac68_1558,12222.915490581472
00bbac68_1559,12222.931622534055
00bbac68_1560,12222.9578169363
00bbac68_1561,12222.975566377918
00bbac68_1562,12222.992081158814
00bbac68_1563,12223.008736656891
00bbac68_1564,12223.027015633386
00bbac68_1565,12223.052993560135
00bbac68_1566,12223.07278867001
00bbac68_1567,12223.08682696178
00bbac68_1568,12223.112902456647
00bbac68_1569,12223.130137309234
00bbac68_1570,12223.147198492084
00bbac68_1571,12223.174215245765
00bbac68_1572,12223.192276869197
00bbac68_1573,12223.218605970293
00bbac68_1574,12223.235174393358
00bbac68_1575,12223.252119345669
00bbac68_1576,12223.280111950591
00bbac68_1577,12223.30939797618
00bbac68_1578,12223.327201167716
00bbac68_1579,12223.354555620775
00bbac68_1580,12223.37202152907
00bbac68_1581,12223.39845835022
00bbac68_1582,12223.414694720264
00bbac68_1583,12223.438476029762
00bbac68_1584,12223.46240346745
00bbac68_1585,12223.477883135123
00bbac68_1586,12223.50389945812
00bbac68_1587,12223.531142004482
00bbac68_1588,12223.5589526419
00bbac68_1589,12223.577076742433
00bbac68_1590,12223.60598628639
00bbac68_1591,12223.636517444362
00bbac68_1592,12223.665307460997
00bbac68_1593,12223.694485761996
00bbac68_1594,12223.728159249044
00bbac68_1595,12223.757744948014
00bbac68_1596,12223.776468721886
00bbac68_1597,12223.806530524676
00bbac68_1598,12223.835680223076
00bbac68_1599,12223.864372909571
00bbac68_1600,12223.89415729665
00bbac68_1601,12223.923384929629
00bbac68_1602,12223.95032540968
00bbac68_1603,12223.986720254148
00bbac68_1604,12224.011534573314
00bbac68_1605,12224.038700440617
00bbac68_1606,12224.068918675644
00bbac68_1607,12224.099507379266
00bbac68_1608,12224.12627863286
00bbac68_1609,12224.154269416742
00bbac68_1610,12224.185339213866
00bbac68_1611,12224.216736118537
00bbac68_1612,12224.25104255383
00bbac68_1613,12224.287464323785
00bbac68_1614,12224.326896765288
00bbac68_1615,12224.364224356808
00bbac68_1616,12224.400824871924
00bbac68_1617,12224.436180176142
00bbac68_1618,12224.474488709617
00bbac68_1619,12224.509482303663
00bbac68_1620,12224.542824770197
00bbac68_1621,12224.577220162511
00bbac68_1622,12224.612547114612
00bbac68_1623,12224.64694182621
00bbac68_1624,12224.679722126082
00bbac68_1625,12224.714169853303
00bbac68_1626,12224.749243455217
00bbac68_1627,12224.780746599525
00bbac68_1628,12224.809201171753
00bbac68_1629,12224.83489302029
00bbac68_1630,12224.86068158648
00bbac68_1631,12224.88051427384
00bbac68_1632,12224.90371200615
00bbac68_1633,12224.917864306595
00bbac68_1634,12224.943176760207
00bbac68_1635,12224.973667268714
00bbac68_1636,12225.00701031483
00bbac68_1637,12225.028577694484
00bbac68_1638,12225.047133120082
00bbac68_1639,12225.07011555776
00bbac68_1640,12225.091576356572
00bbac68_1641,12225.115816755448
00bbac68_1642,12225.114908281384
00bbac68_1643,12225.117137748928
00bbac68_1644,12225.12667143768
00bbac68_1645,12225.152573344469
00bbac68_1646,12225.17160523754
00bbac68_1647,12225.182578445463
00bbac68_1648,12225.19115505498
00bbac68_1649,12225.193803436996
00bbac68_1650,12225.210073392229
00bbac68_1651,12225.264303714446
00bbac68_1652,12225.348311411844
00bbac68_1653,12225.358430441458
00bbac68_1654,12225.363150247184
00bbac68_1655,12225.349133950464
00bbac68_1656,12225.330555102144
00bbac68_1657,12225.342204768756
00bbac68_1658,12225.3593746563
00bbac68_1659,12225.379251690209
00bbac68_1660,12225.392137804309
00bbac68_1661,12225.42880479084
00bbac68_1662,12225.457111739088
00bbac68_1663,12225.483431126964
00bbac68_1664,12225.501749990935
00bbac68_1665,12225.50819583614
00bbac68_1666,12225.520206463036
00bbac68_1667,12225.54804206708
00bbac68_1668,12225.574534309397
00bbac68_1669,12225.580577067773
00bbac68_1670,12225.5970839668
00bbac68_1671,12225.609792660174
00bbac68_1672,12225.623643986795
00bbac68_1673,12225.625261747717
00bbac68_1674,12225.640840970043
00bbac68_1675,12225.671510760456
00bbac68_1676,12225.682195173767
00bbac68_1677,12225.689899116573
00bbac68_1678,12225.693811301266
00bbac68_1679,12225.70065955071
00bbac68_1680,12225.714157225691
00bbac68_1681,12225.744735191378
00bbac68_1682,12225.771058049311
00bbac68_1683,12225.787391787384
00bbac68_1684,12225.817134981677
00bbac68_1685,12225.846484877266
00bbac68_1686,12225.864675795896
00bbac68_1687,12225.89288750164
00bbac68_1688,12225.91983853544
00bbac68_1689,12225.936301531669
00bbac68_1690,12225.961065025076
00bbac68_1691,12225.986393778832
00bbac68_1692,12226.0091384515
00bbac68_1693,12226.04416222362
00bbac68_1694,12226.067603357087
00bbac68_1695,12226.092614783824
00bbac68_1696,12226.112307748026
00bbac68_1697,12226.128042764603
00bbac68_1698,12226.16399399523
00bbac68_1699,12226.196405821582
00bbac68_1700,12226.24217959868
00bbac68_1701,12226.26903215231
00bbac68_1702,12226.30265410925
00bbac68_1703,12226.323505801982
00bbac68_1704,12226.354995859328
00bbac68_1705,12226.38288490188
00bbac68_1706,12226.41819596026
00bbac68_1707,12226.465945175594
00bbac68_1708,12226.491621763858
00bbac68_1709,12226.509776447998
00bbac68_1710,12226.5246734443
00bbac68_1711,12226.5461636712
00bbac68_1712,12226.564256066387
00bbac68_1713,12226.584084797563
00bbac68_1714,12226.609680267617
00bbac68_1715,12226.63046181475
00bbac68_1716,12226.640260783706
00bbac68_1717,12226.656294225397
00bbac68_1718,12226.681610981275
00bbac68_1719,12226.69909487191
00bbac68_1720,12226.70950660578
00bbac68_1721,12226.71815089073
00bbac68_1722,12226.725000579245
00bbac68_1723,12226.732135937076
00bbac68_1724,12226.743141984898
00bbac68_1725,12226.749372265118
00bbac68_1726,12226.7674165278
00bbac68_1727,12226.780646307454
00bbac68_1728,12226.788944819284
00bbac68_1729,12226.791004860232
00bbac68_1730,12226.80602859085
00bbac68_1731,12226.81492816448
00bbac68_1732,12226.836718521448
00bbac68_1733,12226.861571472737
00bbac68_1734,12226.878256939435
00bbac68_1735,12226.90570847232
00bbac68_1736,12226.924476741977
00bbac68_1737,12226.95350107298
00bbac68_1738,12226.96597693336
00bbac68_1739,12226.97213146593
00bbac68_1740,12226.9684110631
00bbac68_1741,12226.92660299578
00bbac68_1742,12226.899400156975
00bbac68_1743,12226.90973830919
00bbac68_1744,12226.917865834286
00bbac68_1745,12226.93229077333
00bbac68_1746,12226.940719668868
00bbac68_1747,12226.943029880284
00bbac68_1748,12226.949398601384
00bbac68_1749,12226.969204412082
00bbac68_1750,12226.981970274395
00bbac68_1751,12226.997193861356
00bbac68_1752,12227.013560891644
00bbac68_1753,12227.030924491568
00bbac68_1754,12227.049153529744
00bbac68_1755,12227.066500734649
00bbac68_1756,12227.071855464212
00bbac68_1757,12227.082935015074
00bbac68_1758,12227.088378259405
00bbac68_1759,12227.097727581437
00bbac68_1760,12227.119155032964
00bbac68_1761,12227.130949595505
00bbac68_1762,12227.147789331237
00bbac68_1763,12227.165411199418
00bbac68_1764,12227.174122117796
00bbac68_1765,12227.184396984932
00bbac68_1766,12227.182248253968
00bbac68_1767,12227.15858087942
00bbac68_1768,12227.151997498351
00bbac68_1769,12227.145788664107
00bbac68_1770,12227.157411834636
00bbac68_1771,12227.165664973803
00bbac68_1772,12227.187385259283
00bbac68_1773,12227.191216902926
00bbac68_1774,12227.190788299187
00bbac68_1775,12227.204164437202
00bbac68_1776,12227.2077383063
00bbac68_1777,12227.209125173576
00bbac68_1778,12227.222704470296
00bbac68_1779,12227.229352612554
00bbac68_1780,12227.238795276977
00bbac68_1781,12227.24981634433
00bbac68_1782,12227.26083211286
00bbac68_1783,12227.269613373075
00bbac68_1784,12227.281978207437
00bbac68_1785,12227.281495446536
00bbac68_1786,12227.284155967998
00bbac68_1787,12227.288898646408
00bbac68_1788,12227.29157346957
00bbac68_1789,12227.28359685774
00bbac68_1790,12227.285729248431
00bbac68_1791,12227.28760690388
00bbac68_1792,12227.289822235603
00bbac68_1793,12227.29220060412
00bbac68_1794,12227.296498357664
00bbac68_1795,12227.301417596824
00bbac68_1796,12227.307184290728
00bbac68_1797,12227.302469515407
00bbac68_1798,12227.304293539955
00bbac68_1799,12227.303354922777
00bbac68_1800,12227.30182876781
00bbac68_1801,12227.300784060648
00bbac68_1802,12227.30031412794
00bbac68_1803,12227.301181324468
00bbac68_1804,12227.303421998784
00bbac68_1805,12227.295065236152
00bbac68_1806,12227.294570439784
00bbac68_1807,12227.29560686565
00bbac68_1808,12227.29396840823
00bbac68_1809,12227.291835665594
00bbac68_1810,12227.289526965067
00bbac68_1811,12227.28918503403
00bbac68_1812,12227.287825230183
00bbac68_1813,12227.286669490208
00bbac68_1814,12227.279397361532
00bbac68_1815,12227.283806872623
00bbac68_1816,12227.28609557307
00bbac68_1817,12227.286724188212
00bbac68_1818,12227.286342417532
00bbac68_1819,12227.289321172571
00bbac68_1820,12227.290726841306
00bbac68_1821,12227.286799066913
00bbac68_1822,12227.280759070478
00bbac68_1823,12227.279585313445
00bbac68_1824,12227.269258604418
00bbac68_1825,12227.267615221315
00bbac68_1826,12227.269650982673
00bbac68_1827,12227.274380801857
00bbac68_1828,12227.276349364349
00bbac68_1829,12227.277004917643
00bbac68_1830,12227.276101144824
00bbac68_1831,12227.279634676324
00bbac68_1832,12227.287076979714
00bbac68_1833,12227.288596956469
00bbac68_1834,12227.287628184771
00bbac68_1835,12227.289878354217
00bbac68_1836,12227.291728162138
00bbac68_1837,12227.279574796754
00bbac68_1838,12227.271102503732
00bbac68_1839,12227.263165231072
00bbac68_1840,12227.272969081634
00bbac68_1841,12227.27872716229
00bbac68_1842,12227.281447335856
00bbac68_1843,12227.283485719596
00bbac68_1844,12227.284793090535
00bbac68_1845,12227.284995912309
00bbac68_1846,12227.284388717237
00bbac68_1847,12227.284885246074
00bbac68_1848,12227.28644629019
00bbac68_1849,12227.28946259058
00bbac68_1850,12227.293826700128
00bbac68_1851,12227.294810350257
00bbac68_1852,12227.292799412362
00bbac68_1853,12227.296154860354
00bbac68_1854,12227.304450232465
00bbac68_1855,12227.310240366936
00bbac68_1856,12227.313476409392
00bbac68_1857,12227.304214247706
00bbac68_1858,12227.301721907956
00bbac68_1859,12227.302373967006
00bbac68_1860,12227.306963413232
00bbac68_1861,12227.309384333304
00bbac68_1862,12227.304825055367
00bbac68_1863,12227.298858896043
00bbac68_1864,12227.297579436916
00bbac68_1865,12227.2994896135
00bbac68_1866,12227.304363292656
00bbac68_1867,12227.310567151988
00bbac68_1868,12227.312458288656
00bbac68_1869,12227.31077560248
00bbac68_1870,12227.309330247055
00bbac68_1871,12227.31249209903
00bbac68_1872,12227.32001161636
00bbac68_1873,12227.326517583444
00bbac68_1874,12227.329542715848
00bbac68_1875,12227.329261471405
00bbac68_1876,12227.329237753547
00bbac68_1877,12227.330057221958
00bbac68_1878,12227.331116660076
00bbac68_1879,12227.332955798567
00bbac68_1880,12227.3355157233
00bbac68_1881,12227.33877290928
00bbac68_1882,12227.342709566696
00bbac68_1883,12227.35275366317
00bbac68_1884,12227.36597028002
00bbac68_1885,12227.37634294832
00bbac68_1886,12227.383002611414
00bbac68_1887,12227.385309870844
00bbac68_1888,12227.38398908776
00bbac68_1889,12227.384609408384
00bbac68_1890,12227.38712320074
00bbac68_1891,12227.38189569514
00bbac68_1892,12227.370152881964
00bbac68_1893,12227.367041310396
00bbac68_1894,12227.382847910794
00bbac68_1895,12227.38672124002
00bbac68_1896,12227.385567931644
00bbac68_1897,12227.381078798013
00bbac68_1898,12227.374180931884
00bbac68_1899,12227.369250196349
00bbac68_1900,12227.368138026792
00bbac68_1901,12227.367846650275
00bbac68_1902,12227.373375797824
00bbac68_1903,12227.367862402309
00bbac68_1904,12227.365963061951
00bbac68_1905,12227.367455407291
00bbac68_1906,12227.372230793111
00bbac68_1907,12227.38049950136
00bbac68_1908,12227.395561378513
00bbac68_1909,12227.398027206284
00bbac68_1910,12227.385701680534
00bbac68_1911,12227.361428988615
00bbac68_1912,12227.348326974172
00bbac68_1913,12227.329624117348
00bbac68_1914,12227.315557569387
00bbac68_1915,12227.306963551417
00bbac68_1916,12227.312202532425
00bbac68_1917,12227.308641960091
00bbac68_1918,12227.306758931596
00bbac68_1919,12227.318095959436
00bbac68_1920,12227.322763802267
00bbac68_1921,12227.326267509225
00bbac68_1922,12227.337068767043
00bbac68_1923,12227.33570321602
00bbac68_1924,12227.331806510876
00bbac68_1925,12227.338754464396
00bbac68_1926,12227.33781235078
00bbac68_1927,12227.348102462818
00bbac68_1928,12227.348399920824
00bbac68_1929,12227.34835647716
00bbac68_1930,12227.357470330686
00bbac68_1931,12227.35301674978
00bbac68_1932,12227.353388228254
00bbac68_1933,12227.347438669767
00bbac68_1934,12227.360313316338
00bbac68_1935,12227.367337432584
00bbac68_1936,12227.381124981755
00bbac68_1937,12227.383793085157
00bbac68_1938,12227.396221749026
00bbac68_1939,12227.399273304494
00bbac68_1940,12227.412024780737
00bbac68_1941,12227.416012988671
00bbac68_1942,12227.432440963406
00bbac68_1943,12227.440956870498
00bbac68_1944,12227.457087565628
00bbac68_1945,12227.461355969464
00bbac68_1946,12227.471531544734
00bbac68_1947,12227.47802320222
00bbac68_1948,12227.475482013426
00bbac68_1949,12227.48321574957
00bbac68_1950,12227.480260183853
00bbac68_1951,12227.486020605662
00bbac68_1952,12227.494793040883
00bbac68_1953,12227.49727711202
00bbac68_1954,12227.50901185392
00bbac68_1955,12227.519842588916
00bbac68_1956,12227.520193800065
00bbac68_1957,12227.52922290907
00bbac68_1958,12227.53790260006
00bbac68_1959,12227.536378852674
00bbac68_1960,12227.545649319864
00bbac68_1961,12227.556656131355
00bbac68_1962,12227.566331600012
00bbac68_1963,12227.565388377065
00bbac68_1964,12227.573702522815
00bbac68_1965,12227.58161478663
00bbac68_1966,12227.593782341042
00bbac68_1967,12227.598158659115
00bbac68_1968,12227.609172502433
00bbac68_1969,12227.617909458928
00bbac68_1970,12227.624819578436
00bbac68_1971,12227.630348566709
00bbac68_1972,12227.625835567262
00bbac68_1973,12227.632668224533
00bbac68_1974,12227.643220618387
00bbac68_1975,12227.657207108308
00bbac68_1976,12227.674076756946
00bbac68_1977,12227.691143536367
00bbac68_1978,12227.706686706895
00bbac68_1979,12227.721075469244
00bbac68_1980,12227.725167706369
00bbac68_1981,12227.737722563768
00bbac68_1982,12227.746351509768
00bbac68_1983,12227.751370061033
00bbac68_1984,12227.756533032214
00bbac68_1985,12227.762299476322
00bbac68_1986,12227.77130830849
00bbac68_1987,12227.784582662423
00bbac68_1988,12227.798704971126
00bbac68_1989,12227.810172140376
00bbac68_1990,12227.819024400073
00bbac68_1991,12227.825402297536
00bbac68_1992,12227.830438096937
00bbac68_1993,12227.827918322226
00bbac68_1994,12227.837772897125
00bbac68_1995,12227.847587970204
00bbac68_1996,12227.856613575304
00bbac68_1997,12227.867663142111
00bbac68_1998,12227.88264479716
00bbac68_1999,12227.898848714884
00bbac68_2000,12227.91112477308
00bbac68_2001,12227.919716609238
00bbac68_2002,12227.929947483066
00bbac68_2003,12227.941790035948
00bbac68_2004,12227.952673328258
00bbac68_2005,12227.962076395172
00bbac68_2006,12227.961523506614
00bbac68_2007,12227.970787676888
00bbac68_2008,12227.980246459238
00bbac68_2009,12227.990601608532
00bbac68_2010,12228.001676576185
00bbac68_2011,12228.013173014317
00bbac68_2012,12228.0244035224
00bbac68_2013,12228.031777616818
00bbac68_2014,12228.035919057484
00bbac68_2015,12228.043407514437
00bbac68_2016,12228.054001774366
00bbac68_2017,12228.063770061322
00bbac68_2018,12228.0724240397
00bbac68_2019,12228.077260165272
00bbac68_2020,12228.08755408938
00bbac68_2021,12228.077304942928
00bbac68_2022,12228.054234667505
00bbac68_2023,12228.034713600588
00bbac68_2024,12228.029790997964
00bbac68_2025,12228.042915521886
00bbac68_2026,12228.061944927136
00bbac68_2027,12228.078373226224
00bbac68_2028,12228.092626653
00bbac68_2029,12228.10693285963
00bbac68_2030,12228.121852974422
00bbac68_2031,12228.13735308131
00bbac68_2032,12228.1380073459
00bbac68_2033,12228.142734920504
00bbac68_2034,12228.14899183701
00bbac68_2035,12228.15697253095
00bbac68_2036,12228.16507144425
00bbac68_2037,12228.172753852494
00bbac68_2038,12228.182641183945
00bbac68_2039,12228.195419297112
00bbac68_2040,12228.209674363772
00bbac68_2041,12228.22451827094
00bbac68_2042,12228.237279489267
00bbac68_2043,12228.24632137766
00bbac68_2044,12228.255210270798
00bbac68_2045,12228.256960024712
00bbac68_2046,12228.26903616381
00bbac68_2047,12228.279481147783
00bbac68_2048,12228.288339985616
00bbac68_2049,12228.296404579927
00bbac68_2050,12228.303160784892
00bbac68_2051,12228.308851538415
00bbac68_2052,12228.31485375585
00bbac68_2053,12228.322373587458
00bbac68_2054,12228.331671662989
00bbac68_2055,12228.343164269718
00bbac68_2056,12228.353681090874
00bbac68_2057,12228.360095071854
00bbac68_2058,12228.35551136117
00bbac68_2059,12228.359948807823
00bbac68_2060,12228.366219029696
00bbac68_2061,12228.375194838014
00bbac68_2062,12228.385042488915
00bbac68_2063,12228.39571248104
00bbac68_2064,12228.40594557534
00bbac68_2065,12228.414461466678
00bbac68_2066,12228.421445505515
00bbac68_2067,12228.428313068463
00bbac68_2068,12228.435126094297
00bbac68_2069,12228.441940393715
00bbac68_2070,12228.446786253156
00bbac68_2071,12228.440251016082
00bbac68_2072,12228.441340805237
00bbac68_2073,12228.440393792416
00bbac68_2074,12228.440459036628
00bbac68_2075,12228.445966299912
00bbac68_2076,12228.454777609524
00bbac68_2077,12228.463151475866
00bbac68_2078,12228.47065328888
00bbac68_2079,12228.477193473886
00bbac68_2080,12228.484342161064
00bbac68_2081,12228.497120685572
00bbac68_2082,12228.503368450736
00bbac68_2083,12228.51222207944
00bbac68_2084,12228.51635626018
00bbac68_2085,12228.523244602113
00bbac68_2086,12228.532436796006
00bbac68_2087,12228.540904967129
00bbac68_2088,12228.5490594845
00bbac68_2089,12228.55855993136
00bbac68_2090,12228.560120841172
00bbac68_2091,12228.5713374904
00bbac68_2092,12228.581971304511
00bbac68_2093,12228.590981826295
00bbac68_2094,12228.595951418274
00bbac68_2095,12228.587696450748
00bbac68_2096,12228.590537798422
00bbac68_2097,12228.595112239933
00bbac68_2098,12228.601588873717
00bbac68_2099,12228.610038697196
00bbac68_2100,12228.609848027025
00bbac68_2101,12228.619934428672
00bbac68_2102,12228.630157190342
00bbac68_2103,12228.641174218428
00bbac68_2104,12228.64341459567
00bbac68_2105,12228.657037892975
00bbac68_2106,12228.670952437593
00bbac68_2107,12228.684900287302
00bbac68_2108,12228.687670526386
00bbac68_2109,12228.697661137348
00bbac68_2110,12228.70477847546
00bbac68_2111,12228.698933061369
00bbac68_2112,12228.702849118716
00bbac68_2113,12228.706399396378
00bbac68_2114,12228.702220345702
00bbac68_2115,12228.709129201028
00bbac68_2116,12228.71659528704
00bbac68_2117,12228.714637268868
00bbac68_2118,12228.722458277043
00bbac68_2119,12228.73042201858
00bbac68_2120,12228.728964748336
00bbac68_2121,12228.73726389822
00bbac68_2122,12228.747889264616
00bbac68_2123,12228.751125915269
00bbac68_2124,12228.764111366025
00bbac68_2125,12228.766286782393
00bbac68_2126,12228.779872458732
00bbac68_2127,12228.7935887534
00bbac68_2128,12228.797313018867
00bbac68_2129,12228.809625139009
00bbac68_2130,12228.810058276556
00bbac68_2131,12228.8158988974
00bbac68_2132,12228.810740250088
00bbac68_2133,12228.819987464198
00bbac68_2134,12228.831692503923
00bbac68_2135,12228.830799991296
00bbac68_2136,12228.84207014503
00bbac68_2137,12228.840730423288
00bbac68_2138,12228.844546614053
00bbac68_2139,12228.847505233016
00bbac68_2140,12228.863380950954
00bbac68_2141,12228.863665408571
00bbac68_2142,12228.872132899747
00bbac68_2143,12228.87121166916
00bbac68_2144,12228.880676714523
00bbac68_2145,12228.879844616684
00bbac68_2146,12228.887331798593
00bbac68_2147,12228.885741499684
00bbac68_2148,12228.89441005413
00bbac68_2149,12228.894748272443
00bbac68_2150,12228.894559102926
00bbac68_2151,12228.906180239745
00bbac68_2152,12228.912973561954
00bbac68_2153,12228.92882025903
00bbac68_2154,12228.934015022258
00bbac68_2155,12228.938446890908
00bbac68_2156,12228.952268036364
00bbac68_2157,12228.956351349238
00bbac68_2158,12228.969836804465
00bbac68_2159,12228.9731453511
00bbac68_2160,12228.975965591071
00bbac68_2161,12228.987314650183
00bbac68_2162,12228.986645758325
00bbac68_2163,12228.994116161462
00bbac68_2164,12228.997013556049
00bbac68_2165,12229.004402282824
00bbac68_2166,12229.018976517877
00bbac68_2167,12229.021786166171
00bbac68_2168,12229.0241704334
00bbac68_2169,12229.0356526852
00bbac68_2170,12229.03719347911
00bbac68_2171,12229.037693471437
00bbac68_2172,12229.038080600309
00bbac68_2173,12229.048703787848
00bbac68_2174,12229.048933274047
00bbac68_2175,12229.046281514518
00bbac68_2176,12229.051451072988
00bbac68_2177,12229.048024509488
00bbac68_2178,12229.045446290524
00bbac68_2179,12229.043439435887
00bbac68_2180,12229.051429859155
00bbac68_2181,12229.04985268074
00bbac68_2182,12229.048328120649
00bbac68_2183,12229.055764109458
00bbac68_2184,12229.051277713806
00bbac68_2185,12229.04424060097
00bbac68_2186,12229.041510418016
00bbac68_2187,12229.054357722658
00bbac68_2188,12229.057355259543
00bbac68_2189,12229.056193644748
00bbac68_2190,12229.048097530444
00bbac68_2191,12229.036509402806
00bbac68_2192,12229.002613484638
00bbac68_2193,12228.984168358144
00bbac68_2194,12228.987748185722
00bbac68_2195,12229.030428256883
00bbac68_2196,12229.077509185
00bbac68_2197,12229.106454149103
00bbac68_2198,12229.124961096311
00bbac68_2199,12229.137402384056
00bbac68_2200,12229.154258609024
00bbac68_2201,12229.153696306805
00bbac68_2202,12229.145302508809
00bbac68_2203,12229.141899926452
00bbac68_2204,12229.15242529936
00bbac68_2205,12229.152496856172
00bbac68_2206,12229.144921407153
00bbac68_2207,12229.13002728418
00bbac68_2208,12229.114287197664
00bbac68_2209,12229.115874564835
00bbac68_2210,12229.117114813958
00bbac68_2211,12229.120140947256
00bbac68_2212,12229.121311988829
00bbac68_2213,12229.12069399389
00bbac68_2214,12229.119931637386
00bbac68_2215,12229.128107880704
00bbac68_2216,12229.108467278904
00bbac68_2217,12229.057891314442
00bbac68_2218,12229.02916894856
00bbac68_2219,12229.032809767596
00bbac68_2220,12229.031204197248
00bbac68_2221,12229.033694253158
00bbac68_2222,12229.033981204931
00bbac68_2223,12229.041837443989
00bbac68_2224,12229.054283243113
00bbac68_2225,12229.069693521878
00bbac68_2226,12229.078727306009
00bbac68_2227,12229.078949248302
00bbac68_2228,12229.090976919864
00bbac68_2229,12229.099619962855
00bbac68_2230,12229.109959786252
00bbac68_2231,12229.120263933117
00bbac68_2232,12229.131419650774
00bbac68_2233,12229.14480537574
00bbac68_2234,12229.159321508085
00bbac68_2235,12229.17400434981
00bbac68_2236,12229.193528899848
00bbac68_2237,12229.19299676755
00bbac68_2238,12229.192690994623
00bbac68_2239,12229.195281852437
00bbac68_2240,12229.200443454867
00bbac68_2241,12229.207636445928
00bbac68_2242,12229.215759264294
00bbac68_2243,12229.222211528093
00bbac68_2244,12229.226621546595
00bbac68_2245,12229.229091301368
00bbac68_2246,12229.231746779127
00bbac68_2247,12229.234297449835
00bbac68_2248,12229.2462018305
00bbac68_2249,12229.248374466062
00bbac68_2250,12229.250427476622
00bbac68_2251,12229.252352166071
00bbac68_2252,12229.25414357416
00bbac68_2253,12229.25595439481
00bbac68_2254,12229.25752578947
00bbac68_2255,12229.243112942548
00bbac68_2256,12229.232475507306
00bbac68_2257,12229.2306138996
00bbac68_2258,12229.237681463932
00bbac68_2259,12229.252241724753
00bbac68_2260,12229.267092010828
00bbac68_2261,12229.279942664883
00bbac68_2262,12229.291085911977
00bbac68_2263,12229.299877388388
00bbac68_2264,12229.30817741466
00bbac68_2265,12229.321842813752
00bbac68_2266,12229.335896621238
00bbac68_2267,12229.345150414018
00bbac68_2268,12229.350990267772
00bbac68_2269,12229.367045656938
00bbac68_2270,12229.394865883309
00bbac68_2271,12229.429857979274
00bbac68_2272,12229.472492261011
00bbac68_2273,12229.515011532583
00bbac68_2274,12229.553270664532
00bbac68_2275,12229.555860930272
00bbac68_2276,12229.505252335535
00bbac68_2277,12229.46290040599
00bbac68_2278,12229.501553309949
00bbac68_2279,12229.52942452064
00bbac68_2280,12229.530772598751
00bbac68_2281,12229.53631392169
00bbac68_2282,12229.544119694969
00bbac68_2283,12229.554062705194
00bbac68_2284,12229.56603036952
00bbac68_2285,12229.57989974604
00bbac68_2286,12229.583818068157
00bbac68_2287,12229.595669437973
00bbac68_2288,12229.605909819606
00bbac68_2289,12229.614692073492
00bbac68_2290,12229.622260277783
00bbac68_2291,12229.621006015692
00bbac68_2292,12229.630622086896
00bbac68_2293,12229.641643325309
00bbac68_2294,12229.65453649574
00bbac68_2295,12229.65845374419
00bbac68_2296,12229.668645621145
00bbac68_2297,12229.67524823439
00bbac68_2298,12229.676584816076
00bbac68_2299,12229.693281739192
00bbac68_2300,12229.714768144751
00bbac68_2301,12229.729041476654
00bbac68_2302,12229.753421179665
00bbac68_2303,12229.768162812148
00bbac68_2304,12229.766210736656
00bbac68_2305,12229.77063191435
00bbac68_2306,12229.772979184188
00bbac68_2307,12229.763708559733
00bbac68_2308,12229.762064492765
00bbac68_2309,12229.748637745815
00bbac68_2310,12229.742736142733
00bbac68_2311,12229.725116775217
00bbac68_2312,12229.69291945385
00bbac68_2313,12229.693864583833
00bbac68_2314,12229.700968179966
00bbac68_2315,12229.71886759371
00bbac68_2316,12229.718483463132
00bbac68_2317,12229.719597150392
00bbac68_2318,12229.702243234147
00bbac68_2319,12229.683776146272
00bbac68_2320,12229.64414575572
00bbac68_2321,12229.600167960452
00bbac68_2322,12229.549477247689
00bbac68_2323,12229.51574104056
00bbac68_2324,12229.488992249582
00bbac68_2325,12229.47122053182
00bbac68_2326,12229.465264725624
00bbac68_2327,12229.450476299822
00bbac68_2328,12229.449485697753
00bbac68_2329,12229.451307629688
00bbac68_2330,12229.481354122783
00bbac68_2331,12229.519681526464
00bbac68_2332,12229.49604779403
00bbac68_2333,12229.44546235416
00bbac68_2334,12229.397512202731
00bbac68_2335,12229.363025430344
00bbac68_2336,12229.347566961227
00bbac68_2337,12229.331931713528
00bbac68_2338,12229.321368474755
00bbac68_2339,12229.31324396024
00bbac68_2340,12229.314710931732
00bbac68_2341,12229.306921964191
00bbac68_2342,12229.29881967318
00bbac68_2343,12229.299491145066
00bbac68_2344,12229.284771816205
00bbac68_2345,12229.275653990337
00bbac68_2346,12229.271724062755
00bbac68_2347,12229.266393250324
00bbac68_2348,12229.26883044726
00bbac68_2349,12229.26230356631
00bbac68_2350,12229.25605707482
00bbac68_2351,12229.249780827657
00bbac68_2352,12229.24411170038
00bbac68_2353,12229.248162034277
00bbac68_2354,12229.24328146274
00bbac68_2355,12229.238740295052
00bbac68_2356,12229.234448261
00bbac68_2357,12229.2290434959
00bbac68_2358,12229.222495233698
00bbac68_2359,12229.214915779208
00bbac68_2360,12229.206288399328
00bbac68_2361,12229.196543319784
00bbac68_2362,12229.19559958006
00bbac68_2363,12229.18426634943
00bbac68_2364,12229.17221295216
00bbac68_2365,12229.159565901233
00bbac68_2366,12229.151740204066
00bbac68_2367,12229.14356818311
00bbac68_2368,12229.13507907018
00bbac68_2369,12229.126332435351
00bbac68_2370,12229.117981642548
00bbac68_2371,12229.10953507796
00bbac68_2372,12229.111794575509
00bbac68_2373,12229.10526923641
00bbac68_2374,12229.098918138605
00bbac68_2375,12229.096746387428
00bbac68_2376,12229.09329975858
00bbac68_2377,12229.08307084776
00bbac68_2378,12229.075306173549
00bbac68_2379,12229.06684488861
00bbac68_2380,12229.066902821252
00bbac68_2381,12229.059281419706
00bbac68_2382,12229.051988569416
00bbac68_2383,12229.043951611477
00bbac68_2384,12229.035221844231
00bbac68_2385,12229.025862010152
00bbac68_2386,12229.017043057367
00bbac68_2387,12229.00873877369
00bbac68_2388,12229.011582824856
00bbac68_2389,12229.007595859184
00bbac68_2390,12229.002802367964
00bbac68_2391,12228.996519735472
00bbac68_2392,12228.989661735117
00bbac68_2393,12228.985772548524
00bbac68_2394,12228.98851447478
00bbac68_2395,12228.977090887438
00bbac68_2396,12228.968615779062
00bbac68_2397,12228.962491295146
00bbac68_2398,12228.956329697849
00bbac68_2399,12228.950117565624
00bbac68_2400,12228.94359373275
00bbac68_2401,12228.946257953072
00bbac68_2402,12228.936561717215
00bbac68_2403,12228.924532723482
00bbac68_2404,12228.91301452194
00bbac68_2405,12228.901933212315
00bbac68_2406,12228.892340280192
00bbac68_2407,12228.893693672204
00bbac68_2408,12228.886782013164
00bbac68_2409,12228.876240370984
00bbac68_2410,12228.85232375026
00bbac68_2411,12228.808132246497
00bbac68_2412,12228.781182707124
00bbac68_2413,12228.789403364464
00bbac68_2414,12228.802405588123
00bbac68_2415,12228.824194348004
00bbac68_2416,12228.835084774886
00bbac68_2417,12228.837676555915
00bbac68_2418,12228.847777198862
00bbac68_2419,12228.84673267412
00bbac68_2420,12228.824221200312
00bbac68_2421,12228.792532575182
00bbac68_2422,12228.768118989808
00bbac68_2423,12228.764954787266
00bbac68_2424,12228.759524746496
00bbac68_2425,12228.75896874865
00bbac68_2426,12228.762361484172
00bbac68_2427,12228.76837794693
00bbac68_2428,12228.78421411102
00bbac68_2429,12228.784972902486
00bbac68_2430,12228.7816499713
00bbac68_2431,12228.77725919645
00bbac68_2432,12228.774329924614
00bbac68_2433,12228.780231851635
00bbac68_2434,12228.77497475073
00bbac68_2435,12228.773153228798
00bbac68_2436,12228.774425681262
00bbac68_2437,12228.774196765748
00bbac68_2438,12228.780796576266
00bbac68_2439,12228.776137878129
00bbac68_2440,12228.769389765392
00bbac68_2441,12228.761754646232
00bbac68_2442,12228.76516025062
00bbac68_2443,12228.758983343543
00bbac68_2444,12228.752221013609
00bbac68_2445,12228.739200700878
00bbac68_2446,12228.730416922004
00bbac68_2447,12228.70708821326
00bbac68_2448,12228.676717236816
00bbac68_2449,12228.64714492192
00bbac68_2450,12228.641953680704
00bbac68_2451,12228.641168827678
00bbac68_2452,12228.638420110648
00bbac68_2453,12228.63422048844
00bbac68_2454,12228.631996894228
00bbac68_2455,12228.641346146243
00bbac68_2456,12228.645136122004
00bbac68_2457,12228.65170839762
00bbac68_2458,12228.656821227469
00bbac68_2459,12228.668978201636
00bbac68_2460,12228.669467320806
00bbac68_2461,12228.668689974476
00bbac68_2462,12228.666627904468
00bbac68_2463,12228.663469594992
00bbac68_2464,12228.670258309532
00bbac68_2465,12228.67109885481
00bbac68_2466,12228.672971008698
00bbac68_2467,12228.675580482068
00bbac68_2468,12228.679419307837
00bbac68_2469,12228.694750851684
00bbac68_2470,12228.698260334848
00bbac68_2471,12228.697129164848
00bbac68_2472,12228.689448708315
00bbac68_2473,12228.67481379358
00bbac68_2474,12228.667096790045
00bbac68_2475,12228.678616894696
00bbac68_2476,12228.68188575008
00bbac68_2477,12228.688070832188
00bbac68_2478,12228.70068708699
00bbac68_2479,12228.716758832084
00bbac68_2480,12228.733788597678
00bbac68_2481,12228.740906038864
00bbac68_2482,12228.739532924898
00bbac68_2483,12228.73908244058
00bbac68_2484,12228.750225479993
00bbac68_2485,12228.754026660725
00bbac68_2486,12228.759288665564
00bbac68_2487,12228.766032177697
00bbac68_2488,12228.770426856428
00bbac68_2489,12228.770269689823
00bbac68_2490,12228.768046437892
00bbac68_2491,12228.767834152964
00bbac68_2492,12228.775964659642
00bbac68_2493,12228.798769093422
00bbac68_2494,12228.790141297442
00bbac68_2495,12228.76241855435
00bbac68_2496,12228.751548682603
00bbac68_2497,12228.736338992
00bbac68_2498,12228.710908580524
00bbac68_2499,12228.69724142728
00bbac68_2500,12228.688609359204
00bbac68_2501,12228.676844454072
00bbac68_2502,12228.663325757538
00bbac68_2503,12228.649284461517
00bbac68_2504,12228.637340402787
00bbac68_2505,12228.62666392323
00bbac68_2506,12228.611471205302
00bbac68_2507,12228.59232225154
00bbac68_2508,12228.564843099422
00bbac68_2509,12228.561088819
00bbac68_2510,12228.56680874615
00bbac68_2511,12228.571427778836
00bbac68_2512,12228.56162296587
00bbac68_2513,12228.550949406888
00bbac68_2514,12228.553139161604
00bbac68_2515,12228.543568174684
00bbac68_2516,12228.5333698317
00bbac68_2517,12228.537674492689
00bbac68_2518,12228.546172174276
00bbac68_2519,12228.55015184233
00bbac68_2520,12228.549213425582
00bbac68_2521,12228.54214174019
00bbac68_2522,12228.530033116756
00bbac68_2523,12228.512146513667
00bbac68_2524,12228.507140405178
00bbac68_2525,12228.505165925
00bbac68_2526,12228.496824069842
00bbac68_2527,12228.466992750644
00bbac68_2528,12228.447956080998
00bbac68_2529,12228.442547604594
00bbac68_2530,12228.44036057766
00bbac68_2531,12228.434387466476
00bbac68_2532,12228.41214151432
00bbac68_2533,12228.397049961097
00bbac68_2534,12228.384536440686
00bbac68_2535,12228.37750988454
00bbac68_2536,12228.374637536068
00bbac68_2537,12228.368465780935
00bbac68_2538,12228.341252341732
00bbac68_2539,12228.326992804634
00bbac68_2540,12228.315931439054
00bbac68_2541,12228.313133161582
00bbac68_2542,12228.301730027752
00bbac68_2543,12228.287332768215
00bbac68_2544,12228.267336883908
00bbac68_2545,12228.259289962089
00bbac68_2546,12228.25302986581
00bbac68_2547,12228.249159231687
00bbac68_2548,12228.239363812385
00bbac68_2549,12228.238233454886
00bbac68_2550,12228.227525271046
00bbac68_2551,12228.21193929917
00bbac68_2552,12228.2008730076
00bbac68_2553,12228.183912039438
00bbac68_2554,12228.17728020204
00bbac68_2555,12228.155516707657
00bbac68_2556,12228.060577705694
00bbac68_2557,12227.970506161584
00bbac68_2558,12227.954532944215
00bbac68_2559,12227.960115069634
00bbac68_2560,12227.969390729728
00bbac68_2561,12227.950803641015
00bbac68_2562,12227.932052344995
00bbac68_2563,12227.919245336883
00bbac68_2564,12227.913811263326
00bbac68_2565,12227.90748937462
00bbac68_2566,12227.906630555044
00bbac68_2567,12227.892479110276
00bbac68_2568,12227.882433101448
00bbac68_2569,12227.868353297095
00bbac68_2570,12227.871713889834
00bbac68_2571,12227.88026176322
00bbac68_2572,12227.888583104108
00bbac68_2573,12227.886955740269
00bbac68_2574,12227.895227522811
00bbac68_2575,12227.896506145053
00bbac68_2576,12227.891872776649
00bbac68_2577,12227.878801073788
00bbac68_2578,12227.878872170568
00bbac68_2579,12227.880248786936
00bbac68_2580,12227.880674869182
00bbac68_2581,12227.870695750702
00bbac68_2582,12227.869115707294
00bbac68_2583,12227.866454671312
00bbac68_2584,12227.861485378944
00bbac68_2585,12227.86548679601
00bbac68_2586,12227.859491394069
00bbac68_2587,12227.848305164214
00bbac68_2588,12227.83133249435
00bbac68_2589,12227.826959916854
00bbac68_2590,12227.824448921734
00bbac68_2591,12227.811084788464
00bbac68_2592,12227.8041022301
00bbac68_2593,12227.799748094603
00bbac68_2594,12227.78968256763
00bbac68_2595,12227.787845603516
00bbac68_2596,12227.785488546137
00bbac68_2597,12227.781919015171
00bbac68_2598,12227.769149885982
00bbac68_2599,12227.763239304106
00bbac68_2600,12227.755429003952
00bbac68_2601,12227.736848707793
00bbac68_2602,12227.72895128453
00bbac68_2603,12227.72348067393
00bbac68_2604,12227.709081044784
00bbac68_2605,12227.704311031584
00bbac68_2606,12227.700036045891
00bbac68_2607,12227.686486540824
00bbac68_2608,12227.68230615697
00bbac68_2609,12227.677634840247
00bbac68_2610,12227.663572015292
00bbac68_2611,12227.654414425351
00bbac68_2612,12227.640181249471
00bbac68_2613,12227.620500591487
00bbac68_2614,12227.619819812084
00bbac68_2615,12227.621849578803
00bbac68_2616,12227.60917305551
00bbac68_2617,12227.60244801598
00bbac68_2618,12227.59788092086
00bbac68_2619,12227.585708484145
00bbac68_2620,12227.584494331591
00bbac68_2621,12227.584063992792
00bbac68_2622,12227.57103090162
00bbac68_2623,12227.565526949977
00bbac68_2624,12227.560874673394
00bbac68_2625,12227.54857926964
00bbac68_2626,12227.54982681617
00bbac68_2627,12227.55076682872
00bbac68_2628,12227.537216853329
00bbac68_2629,12227.530871890456
00bbac68_2630,12227.5249503858
00bbac68_2631,12227.510627157922
00bbac68_2632,12227.507225989804
00bbac68_2633,12227.500121835505
00bbac68_2634,12227.479881805892
00bbac68_2635,12227.47013839902
00bbac68_2636,12227.451737955342
00bbac68_2637,12227.450697934966
00bbac68_2638,12227.449807785351
00bbac68_2639,12227.434190534615
00bbac68_2640,12227.427451755517
00bbac68_2641,12227.422369332971
00bbac68_2642,12227.403957867438
00bbac68_2643,12227.391762843574
00bbac68_2644,12227.370294328455
00bbac68_2645,12227.358754073546
00bbac68_2646,12227.349923573858
00bbac68_2647,12227.337728646644
00bbac68_2648,12227.34074785038
00bbac68_2649,12227.333501794355
00bbac68_2650,12227.332870037137
00bbac68_2651,12227.320262079546
00bbac68_2652,12227.316281972104
00bbac68_2653,12227.301845120368
00bbac68_2654,12227.297405446823
00bbac68_2655,12227.28287888384
00bbac68_2656,12227.2748334055
00bbac68_2657,12227.255373809512
00bbac68_2658,12227.23778623245
00bbac68_2659,12227.233377563298
00bbac68_2660,12227.221152412032
00bbac68_2661,12227.21707691147
00bbac68_2662,12227.200443476144
00bbac68_2663,12227.181540571946
00bbac68_2664,12227.174280943129
00bbac68_2665,12227.161016960108
00bbac68_2666,12227.145592029894
00bbac68_2667,12227.137947787587
00bbac68_2668,12227.121311835586
00bbac68_2669,12227.109830280424
00bbac68_2670,12227.10041496625
00bbac68_2671,12227.080920082142
00bbac68_2672,12227.063857454472
00bbac68_2673,12227.04982381242
00bbac68_2674,12227.038292324967
00bbac68_2675,12227.042872713071
00bbac68_2676,12227.035639192603
00bbac68_2677,12227.0229171763
00bbac68_2678,12227.007418883652
00bbac68_2679,12226.985328901004
00bbac68_2680,12226.967291340745
00bbac68_2681,12226.964489378788
00bbac68_2682,12226.9523710823
00bbac68_2683,12226.939381867014
00bbac68_2684,12226.926173842316
00bbac68_2685,12226.911510925358
00bbac68_2686,12226.896215401688
00bbac68_2687,12226.881035332328
00bbac68_2688,12226.869130138555
00bbac68_2689,12226.859450554162
00bbac68_2690,12226.852546268889
00bbac68_2691,12226.847413787937
00bbac68_2692,12226.840983159012
00bbac68_2693,12226.828616162116
00bbac68_2694,12226.815814844233
00bbac68_2695,12226.804783732212
00bbac68_2696,12226.792406077113
00bbac68_2697,12226.778305897918
00bbac68_2698,12226.764009655755
00bbac68_2699,12226.750029719173
00bbac68_2700,12226.736386159664
00bbac68_2701,12226.713544024808
00bbac68_2702,12226.70063373416
00bbac68_2703,12226.687978942558
00bbac68_2704,12226.67240594014
00bbac68_2705,12226.65271996297
00bbac68_2706,12226.628875600563
00bbac68_2707,12226.598526946913
00bbac68_2708,12226.58171783705
00bbac68_2709,12226.568156297695
00bbac68_2710,12226.557296016548
00bbac68_2711,12226.542543282932
00bbac68_2712,12226.542258293735
00bbac68_2713,12226.531584433458
00bbac68_2714,12226.515704730486
00bbac68_2715,12226.49282273297
00bbac68_2716,12226.48145923047
00bbac68_2717,12226.470513738022
00bbac68_2718,12226.450903913845
00bbac68_2719,12226.442034753612
00bbac68_2720,12226.422214244894
00bbac68_2721,12226.409599976432
00bbac68_2722,12226.397526302604
00bbac68_2723,12226.37654289934
00bbac68_2724,12226.364864320018
00bbac68_2725,12226.343433480164
00bbac68_2726,12226.329268931797
00bbac68_2727,12226.313589033114
00bbac68_2728,12226.290243057669
00bbac68_2729,12226.2784208522
00bbac68_2730,12226.263420557329
00bbac68_2731,12226.255703566843
00bbac68_2732,12226.233083572928
00bbac68_2733,12226.2081713262
00bbac68_2734,12226.19150024158
00bbac68_2735,12226.16445203787
00bbac68_2736,12226.146842373531
00bbac68_2737,12226.119358432426
00bbac68_2738,12226.10115798155
00bbac68_2739,12226.072184968703
00bbac68_2740,12226.046615537742
00bbac68_2741,12226.035859716549
00bbac68_2742,12226.012782751086
00bbac68_2743,12225.994919942805
00bbac68_2744,12225.969374429627
00bbac68_2745,12225.95082787018
00bbac68_2746,12225.938224317117
00bbac68_2747,12225.908866255748
00bbac68_2748,12225.850177351618
00bbac68_2749,12225.746409524963
00bbac68_2750,12225.649440939163
00bbac68_2751,12225.588433293857
00bbac68_2752,12225.537694372426
00bbac68_2753,12225.508439611072
00bbac68_2754,12225.475657503905
00bbac68_2755,12225.44679290446
00bbac68_2756,12225.428316331943
00bbac68_2757,12225.40022377997
00bbac68_2758,12225.381838982206
00bbac68_2759,12225.354066143862
00bbac68_2760,12225.3243700618
00bbac68_2761,12225.304431678544
00bbac68_2762,12225.276110858917
00bbac68_2763,12225.255659545684
00bbac68_2764,12225.22515614024
00bbac68_2765,12225.19503006846
00bbac68_2766,12225.173556303427
00bbac68_2767,12225.14141694784
00bbac68_2768,12225.117257020942
00bbac68_2769,12225.081786245602
00bbac68_2770,12225.050839365507
00bbac68_2771,12225.029675937223
00bbac68_2772,12224.995245114102
00bbac68_2773,12224.966817548186
00bbac68_2774,12224.93258471876
00bbac68_2775,12224.901607205771
00bbac68_2776,12224.882894207449
00bbac68_2777,12224.853589355203
00bbac68_2778,12224.833058435775
00bbac68_2779,12224.801992417237
00bbac68_2780,12224.770037608869
00bbac68_2781,12224.747377037193
00bbac68_2782,12224.71551952532
00bbac68_2783,12224.694274027615
00bbac68_2784,12224.665100514192
00bbac68_2785,12224.637164568428
00bbac68_2786,12224.618875729397
00bbac68_2787,12224.590775782926
00bbac68_2788,12224.574017489387
00bbac68_2789,12224.550860976342
00bbac68_2790,12224.526917416602
00bbac68_2791,12224.509911803309
00bbac68_2792,12224.481122383995
00bbac68_2793,12224.459880171204
00bbac68_2794,12224.429087645318
00bbac68_2795,12224.3994302155
00bbac68_2796,12224.384629389957
00bbac68_2797,12224.367356089047
00bbac68_2798,12224.35642316155
00bbac68_2799,12224.329506168166
00bbac68_2800,12224.30081044674
00bbac68_2801,12224.280643130758
00bbac68_2802,12224.249680055678
00bbac68_2803,12224.227121438342
00bbac68_2804,12224.19698407537
00bbac68_2805,12224.16966110176
00bbac68_2806,12224.15316116558
00bbac68_2807,12224.12794436393
00bbac68_2808,12224.107107306378
00bbac68_2809,12224.070236832988
00bbac68_2810,12224.03982352328
00bbac68_2811,12224.022159208853
00bbac68_2812,12223.995516140249
00bbac68_2813,12223.978304767988
00bbac68_2814,12223.947512536077
00bbac68_2815,12223.913204230244
00bbac68_2816,12223.889624429245
00bbac68_2817,12223.858722834177
00bbac68_2818,12223.839384772278
00bbac68_2819,12223.812095899626
00bbac68_2820,12223.785589066949
00bbac68_2821,12223.769053232174
00bbac68_2822,12223.74338387203
00bbac68_2823,12223.726590792588
00bbac68_2824,12223.699005968196
00bbac68_2825,12223.673026373051
00bbac68_2826,12223.6537565761
00bbac68_2827,12223.625124975806
00bbac68_2828,12223.607207591687
00bbac68_2829,12223.579481403343
00bbac68_2830,12223.55172722959
00bbac68_2831,12223.532451763538
00bbac68_2832,12223.505521200774
00bbac68_2833,12223.487428415838
00bbac68_2834,12223.459498822407
00bbac68_2835,12223.446695461696
00bbac68_2836,12223.420574155643
00bbac68_2837,12223.40588234754
00bbac68_2838,12223.38995190182
00bbac68_2839,12223.363717212826
00bbac68_2840,12223.350880620485
00bbac68_2841,12223.336766404293
00bbac68_2842,12223.317505262396
00bbac68_2843,12223.295513461737
00bbac68_2844,12223.272602304169
00bbac68_2845,12223.253945029322
00bbac68_2846,12223.235590954064
00bbac68_2847,12223.215524939997
00bbac68_2848,12223.195485960969
00bbac68_2849,12223.185017578046
00bbac68_2850,12223.175923244027
00bbac68_2851,12223.171996243427
00bbac68_2852,12223.15902117804
00bbac68_2853,12223.143343388116
00bbac68_2854,12223.134701498564
00bbac68_2855,12223.117338084754
00bbac68_2856,12223.102818309437
00bbac68_2857,12223.09570722692
00bbac68_2858,12223.088565113354
00bbac68_2859,12223.079467813048
00bbac68_2860,12223.085612183644
00bbac68_2861,12223.094880747964
00bbac68_2862,12223.084621667693
00bbac68_2863,12223.077259975393
00bbac68_2864,12223.069175167677
00bbac68_2865,12223.070482611223
00bbac68_2866,12223.06596529591
00bbac68_2867,12223.064109296338
00bbac68_2868,12223.055301818182
00bbac68_2869,12223.032831733371
00bbac68_2870,12223.014647061447
00bbac68_2871,12223.009274927674
00bbac68_2872,12223.005570095358
00bbac68_2873,12223.003534557296
00bbac68_2874,12222.985076205216
00bbac68_2875,12222.952872505271
00bbac68_2876,12222.917208535871
00bbac68_2877,12222.903008455622
00bbac68_2878,12222.88642938772
00bbac68_2879,12222.884332173677
00bbac68_2880,12222.88191744816
00bbac68_2881,12222.903307426215
00bbac68_2882,12222.93256612576
00bbac68_2883,12222.96814749769
00bbac68_2884,12222.994708447575
00bbac68_2885,12223.005339972762
00bbac68_2886,12223.019631492836
00bbac68_2887,12223.033744619685
00bbac68_2888,12223.051773210642
00bbac68_2889,12223.067252934648
00bbac68_2890,12223.078952008367
00bbac68_2891,12223.088252955416
00bbac68_2892,12223.095867197551
00bbac68_2893,12223.101305041391
00bbac68_2894,12223.105042573796
00bbac68_2895,12223.109344640254
00bbac68_2896,12223.11475550276
00bbac68_2897,12223.1351115886
00bbac68_2898,12223.147754339998
00bbac68_2899,12223.155635590116
00bbac68_2900,12223.170281738128
00bbac68_2901,12223.175160249812
00bbac68_2902,12223.189901583091
00bbac68_2903,12223.196237103117
00bbac68_2904,12223.211164756774
00bbac68_2905,12223.224351497094
00bbac68_2906,12223.228129403882
00bbac68_2907,12223.242653449928
00bbac68_2908,12223.256814356057
00bbac68_2909,12223.270529025116
00bbac68_2910,12223.27471523684
00bbac68_2911,12223.288188323366
00bbac68_2912,12223.301160287489
00bbac68_2913,12223.313537032438
00bbac68_2914,12223.325171926255
00bbac68_2915,12223.335914684078
00bbac68_2916,12223.345707075388
00bbac68_2917,12223.364281761544
00bbac68_2918,12223.37511588978
00bbac68_2919,12223.38801272903
00bbac68_2920,12223.401168182689
00bbac68_2921,12223.42310805919
00bbac68_2922,12223.434330675214
00bbac68_2923,12223.443847944738
00bbac68_2924,12223.460970911265
00bbac68_2925,12223.46858470024
00bbac68_2926,12223.486427801254
00bbac68_2927,12223.49768976011
00bbac68_2928,12223.523139991768
00bbac68_2929,12223.546047588445
00bbac68_2930,12223.55590709929
00bbac68_2931,12223.573678051063
00bbac68_2932,12223.580886899364
00bbac68_2933,12223.598768311307
00bbac68_2934,12223.608140438091
00bbac68_2935,12223.631284797484
00bbac68_2936,12223.650818245282
00bbac68_2937,12223.6537691856
00bbac68_2938,12223.670520645415
00bbac68_2939,12223.682330772515
00bbac68_2940,12223.697478946006
00bbac68_2941,12223.709841393187
00bbac68_2942,12223.71329312896
00bbac68_2943,12223.730026897383
00bbac68_2944,12223.73938586936
00bbac68_2945,12223.757850354748
00bbac68_2946,12223.775663623614
00bbac68_2947,12223.783176854797
00bbac68_2948,12223.803283038917
00bbac68_2949,12223.826328594188
00bbac68_2950,12223.836214708166
00bbac68_2951,12223.854952285808
00bbac68_2952,12223.875888381635
00bbac68_2953,12223.884652042496
00bbac68_2954,12223.901659122635
00bbac68_2955,12223.923182515033
00bbac68_2956,12223.9383105492
00bbac68_2957,12223.968152778074
00bbac68_2958,12223.995075739933
00bbac68_2959,12224.006833759428
00bbac68_2960,12224.02358685572
00bbac68_2961,12224.036517305649
00bbac68_2962,12224.046963193236
00bbac68_2963,12224.04690272246
00bbac68_2964,12224.05536208434
00bbac68_2965,12224.063198476544
00bbac68_2966,12224.069475785283
00bbac68_2967,12224.09225849892
00bbac68_2968,12224.11135756466
00bbac68_2969,12224.128722850715
00bbac68_2970,12224.13781252125
00bbac68_2971,12224.158042514606
00bbac68_2972,12224.18057639771
00bbac68_2973,12224.202878112115
00bbac68_2974,12224.22293554067
00bbac68_2975,12224.23309612311
00bbac68_2976,12224.25338067939
00bbac68_2977,12224.274250397884
00bbac68_2978,12224.29575352771
00bbac68_2979,12224.311658154347
00bbac68_2980,12224.335376032202
00bbac68_2981,12224.354783616443
00bbac68_2982,12224.368661824396
00bbac68_2983,12224.380755915055
00bbac68_2984,12224.396373796191
00bbac68_2985,12224.405767795595
00bbac68_2986,12224.4280957586
00bbac68_2987,12224.44935912792
00bbac68_2988,12224.468636855538
00bbac68_2989,12224.485879848846
00bbac68_2990,12224.504159362154
00bbac68_2991,12224.516304333967
00bbac68_2992,12224.541684617472
00bbac68_2993,12224.571111630978
00bbac68_2994,12224.603753805251
00bbac68_2995,12224.634557570418
00bbac68_2996,12224.663061093725
00bbac68_2997,12224.682045779964
00bbac68_2998,12224.693800193969
00bbac68_2999,12224.707839274954
00bbac68_3000,12224.717550721189
00bbac68_3001,12224.74413807292
00bbac68_3002,12224.768964362103
00bbac68_3003,12224.79035236172
00bbac68_3004,12224.807398133704
00bbac68_3005,12224.826573817543
00bbac68_3006,12224.855567235129
00bbac68_3007,12224.8843181652
00bbac68_3008,12224.90937498184
00bbac68_3009,12224.918733653867
00bbac68_3010,12224.930469971954
00bbac68_3011,12224.968376143328
00bbac68_3012,12225.001484694436
00bbac68_3013,12225.019146800829
00bbac68_3014,12225.042621238576
00bbac68_3015,12225.066265619384
00bbac68_3016,12225.078277909506
00bbac68_3017,12225.091069586591
00bbac68_3018,12225.112254674184
00bbac68_3019,12225.138551340544
00bbac68_3020,12225.168703638004
00bbac68_3021,12225.199200966052
00bbac68_3022,12225.218033319215
00bbac68_3023,12225.22752628173
00bbac68_3024,12225.241723223373
00bbac68_3025,12225.264779526706
00bbac68_3026,12225.29090957309
00bbac68_3027,12225.31737444522
00bbac68_3028,12225.343768098564
00bbac68_3029,12225.370826810053
00bbac68_3030,12225.398040817428
00bbac68_3031,12225.415787690265
00bbac68_3032,12225.429861638078
00bbac68_3033,12225.441659352797
00bbac68_3034,12225.450269871726
00bbac68_3035,12225.46974615548
00bbac68_3036,12225.49208988373
00bbac68_3037,12225.504452799933
00bbac68_3038,12225.519710896784
00bbac68_3039,12225.544505413896
00bbac68_3040,12225.56282863755
00bbac68_3041,12225.576179886142
00bbac68_3042,12225.597453251445
00bbac68_3043,12225.623002085642
00bbac68_3044,12225.65797535836
00bbac68_3045,12225.683016708108
00bbac68_3046,12225.707739070309
00bbac68_3047,12225.723044324708
00bbac68_3048,12225.738739524604
00bbac68_3049,12225.773481109189
00bbac68_3050,12225.8035452341
00bbac68_3051,12225.811204046922
00bbac68_3052,12225.84400994206
00bbac68_3053,12225.875185906652
00bbac68_3054,12225.909066023429
00bbac68_3055,12225.928134312497
00bbac68_3056,12225.942786675336
00bbac68_3057,12225.954980139071
00bbac68_3058,12225.966432998182
00bbac68_3059,12225.980801927595
00bbac68_3060,12226.00703761412
00bbac68_3061,12226.04074542968
00bbac68_3062,12226.078688379444
00bbac68_3063,12226.110930013092
00bbac68_3064,12226.149228978746
00bbac68_3065,12226.192976168297
00bbac68_3066,12226.229136900987
00bbac68_3067,12226.243054596498
00bbac68_3068,12226.256882679883
00bbac68_3069,12226.28216400218
00bbac68_3070,12226.292195488004
00bbac68_3071,12226.30567283413
00bbac68_3072,12226.32586856486
00bbac68_3073,12226.320119009337
00bbac68_3074,12226.291388746498
00bbac68_3075,12226.25234700788
00bbac68_3076,12226.231261027304
00bbac68_3077,12226.24152451056
00bbac68_3078,12226.259361577911
00bbac68_3079,12226.279687027629
00bbac68_3080,12226.312145001197
00bbac68_3081,12226.343771795351
00bbac68_3082,12226.377460162324
00bbac68_3083,12226.410898303242
00bbac68_3084,12226.43612671268
00bbac68_3085,12226.458629056397
00bbac68_3086,12226.461635451731
00bbac68_3087,12226.472217005434
00bbac68_3088,12226.506797638092
00bbac68_3089,12226.534234173989
00bbac68_3090,12226.54636347838
00bbac68_3091,12226.552063008716
00bbac68_3092,12226.560628985348
00bbac68_3093,12226.592450262558
00bbac68_3094,12226.634143027297
00bbac68_3095,12226.660424858612
00bbac68_3096,12226.6816400549
00bbac68_3097,12226.699934496564
00bbac68_3098,12226.726993560796
00bbac68_3099,12226.730937725104
00bbac68_3100,12226.73788711787
00bbac68_3101,12226.756434088042
00bbac68_3102,12226.776522618016
00bbac68_3103,12226.784048870491
00bbac68_3104,12226.792741048796
00bbac68_3105,12226.819568941672
00bbac68_3106,12226.869700733285
00bbac68_3107,12226.899648766965
00bbac68_3108,12226.912022592503
00bbac68_3109,12226.925527727572
00bbac68_3110,12226.949324100073
00bbac68_3111,12226.952892431553
00bbac68_3112,12226.95113515953
00bbac68_3113,12226.959316826104
00bbac68_3114,12226.997381525303
00bbac68_3115,12227.0349289219
00bbac68_3116,12227.078244061977
00bbac68_3117,12227.114777218649
00bbac68_3118,12227.161320382227
00bbac68_3119,12227.227208823251
00bbac68_3120,12227.267572003111
00bbac68_3121,12227.300727695
00bbac68_3122,12227.370189356672
00bbac68_3123,12227.434997593597
00bbac68_3124,12227.497030769811
00bbac68_3125,12227.563022770502
00bbac68_3126,12227.621182428997
00bbac68_3127,12227.683671877276
00bbac68_3128,12227.74223156804
00bbac68_3129,12227.78193024152
00bbac68_3130,12227.831347469666
00bbac68_3131,12227.916015522944
00bbac68_3132,12227.974885291387
00bbac68_3133,12228.02818378283
00bbac68_3134,12228.076978023972
00bbac68_3135,12228.107759949638
00bbac68_3136,12228.139792324757
00bbac68_3137,12228.16830009038
00bbac68_3138,12228.2056717307
00bbac68_3139,12228.230448424843
00bbac68_3140,12228.263845508192
00bbac68_3141,12228.2868206877
00bbac68_3142,12228.309845906815
00bbac68_3143,12228.341938098149
00bbac68_3144,12228.363401752522
00bbac68_3145,12228.393353460506
00bbac68_3146,12228.412561159166
00bbac68_3147,12228.44008485884
00bbac68_3148,12228.456443122644
00bbac68_3149,12228.48136712494
00bbac68_3150,12228.4948906775
00bbac68_3151,12228.517024619052
00bbac68_3152,12228.530286766374
00bbac68_3153,12228.55333114844
00bbac68_3154,12228.56540733733
00bbac68_3155,12228.585596875771
00bbac68_3156,12228.59789523464
00bbac68_3157,12228.62081731639
00bbac68_3158,12228.632099394745
00bbac68_3159,12228.650639128828
00bbac68_3160,12228.66489430512
00bbac68_3161,12228.692316384386
00bbac68_3162,12228.7068186921
00bbac68_3163,12228.728394999627
00bbac68_3164,12228.750171844624
00bbac68_3165,12228.791972385912
00bbac68_3166,12228.821396033136
00bbac68_3167,12228.857425189495
00bbac68_3168,12228.89523817257
00bbac68_3169,12228.925751159162
00bbac68_3170,12228.967041514135
00bbac68_3171,12228.999389818497
00bbac68_3172,12229.042420305144
00bbac68_3173,12229.077639354737
00bbac68_3174,12229.120565324944
00bbac68_3175,12229.15023155999
00bbac68_3176,12229.158557130191
00bbac68_3177,12229.184922674352
00bbac68_3178,12229.222195158703
00bbac68_3179,12229.251820578833
00bbac68_3180,12229.28118916816
00bbac68_3181,12229.303566601286
00bbac68_3182,12229.343402934635
00bbac68_3183,12229.391630029437
00bbac68_3184,12229.431585672002
00bbac68_3185,12229.47104067698
00bbac68_3186,12229.500421616667
00bbac68_3187,12229.51083375166
00bbac68_3188,12229.53363663079
00bbac68_3189,12229.55959399909
00bbac68_3190,12229.579920641274
00bbac68_3191,12229.631325707676
00bbac68_3192,12229.698495099889
00bbac68_3193,12229.759416670642
00bbac68_3194,12229.818210424366
00bbac68_3195,12229.865810221769
00bbac68_3196,12229.90429927354
00bbac68_3197,12229.92904170152
00bbac68_3198,12229.962191515957
00bbac68_3199,12229.995067037416
00bbac68_3200,12230.018364712783
00bbac68_3201,12230.05111342951
00bbac68_3202,12230.083209314746
00bbac68_3203,12230.114675195677
00bbac68_3204,12230.136159130692
00bbac68_3205,12230.166841941003
00bbac68_3206,12230.196172484855
00bbac68_3207,12230.224881825092
00bbac68_3208,12230.243976710844
00bbac68_3209,12230.272947494965
00bbac68_3210,12230.302744439849
00bbac68_3211,12230.333345316409
00bbac68_3212,12230.362931640697
00bbac68_3213,12230.38166258888
00bbac68_3214,12230.410357916337
00bbac68_3215,12230.439667059198
00bbac68_3216,12230.467258774916
00bbac68_3217,12230.482537034166
00bbac68_3218,12230.506221202812
00bbac68_3219,12230.531867821064
00bbac68_3220,12230.558496044723
00bbac68_3221,12230.575984321717
00bbac68_3222,12230.60351051258
00bbac68_3223,12230.633688677057
00bbac68_3224,12230.655908099838
00bbac68_3225,12230.682974849156
00bbac68_3226,12230.704743468072
00bbac68_3227,12230.726206848089
00bbac68_3228,12230.738718957138
00bbac68_3229,12230.762183472269
00bbac68_3230,12230.787206691612
00bbac68_3231,12230.804202083134
00bbac68_3232,12230.832095521971
00bbac68_3233,12230.861301550704
00bbac68_3234,12230.878301804172
00bbac68_3235,12230.90208270322
00bbac68_3236,12230.929364266663
00bbac68_3237,12230.960241432598
00bbac68_3238,12230.983325051397
00bbac68_3239,12231.014468021314
00bbac68_3240,12231.04407007815
00bbac68_3241,12231.058583298694
00bbac68_3242,12231.07877112902
00bbac68_3243,12231.102597500929
00bbac68_3244,12231.120707651393
00bbac68_3245,12231.149982030656
00bbac68_3246,12231.170915086392
00bbac68_3247,12231.202225727153
00bbac68_3248,12231.23413514327
00bbac68_3249,12231.256947992682
00bbac68_3250,12231.28965228967
00bbac68_3251,12231.322845776787
00bbac68_3252,12231.34763305701
00bbac68_3253,12231.382986298957
00bbac68_3254,12231.416667617652
00bbac68_3255,12231.437620531911
00bbac68_3256,12231.465594501631
00bbac68_3257,12231.48407585985
00bbac68_3258,12231.512379111986
00bbac68_3259,12231.537139478194
00bbac68_3260,12231.55246135196
00bbac68_3261,12231.582027434635
00bbac68_3262,12231.60102986683
00bbac68_3263,12231.62743348357
00bbac68_3264,12231.653003405165
00bbac68_3265,12231.670033739543
00bbac68_3266,12231.700655660525
00bbac68_3267,12231.716975942169
00bbac68_3268,12231.736284183076
00bbac68_3269,12231.75078260757
00bbac68_3270,12231.77671363536
00bbac68_3271,12231.805629288208
00bbac68_3272,12231.826401119382
00bbac68_3273,12231.85566145845
00bbac68_3274,12231.873725791898
00bbac68_3275,12231.90242535454
00bbac68_3276,12231.921588685283
00bbac68_3277,12231.94674184234
00bbac68_3278,12231.962135832571
00bbac68_3279,12231.990357598324
00bbac68_3280,12232.01779877046
00bbac68_3281,12232.034462208874
00bbac68_3282,12232.06103943789
00bbac68_3283,12232.078445492132
00bbac68_3284,12232.105788481576
00bbac68_3285,12232.1262409284
00bbac68_3286,12232.156442187654
00bbac68_3287,12232.1782230383
00bbac68_3288,12232.209812589756
00bbac68_3289,12232.232119606506
00bbac68_3290,12232.262366610566
00bbac68_3291,12232.278702552949
00bbac68_3292,12232.305036640417
00bbac68_3293,12232.325715901768
00bbac68_3294,12232.362034954798
00bbac68_3295,12232.38683677061
00bbac68_3296,12232.413986261829
00bbac68_3297,12232.43570094342
00bbac68_3298,12232.471301246267
00bbac68_3299,12232.49976386137
00bbac68_3300,12232.539400899474
00bbac68_3301,12232.570137001176
00bbac68_3302,12232.607132569656
00bbac68_3303,12232.631410765223
00bbac68_3304,12232.65689530942
00bbac68_3305,12232.692721719744
00bbac68_3306,12232.717972775015
00bbac68_3307,12232.751500062785
00bbac68_3308,12232.774479239932
00bbac68_3309,12232.80720468919
00bbac68_3310,12232.829487411303
00bbac68_3311,12232.85081829419
00bbac68_3312,12232.881097915268
00bbac68_3313,12232.901442820455
00bbac68_3314,12232.931202809676
00bbac68_3315,12232.95131086868
00bbac68_3316,12232.971018914415
00bbac68_3317,12232.998741620757
00bbac68_3318,12233.017090094558
00bbac68_3319,12233.047228425085
00bbac68_3320,12233.06788413451
00bbac68_3321,12233.08714494914
00bbac68_3322,12233.116505314058
00bbac68_3323,12233.1377935557
00bbac68_3324,12233.159510203792
00bbac68_3325,12233.191028911226
00bbac68_3326,12233.206372606151
00bbac68_3327,12233.221839136246
00bbac68_3328,12233.239491642616
00bbac68_3329,12233.265351904258
00bbac68_3330,12233.282780449788
00bbac68_3331,12233.3010523283
00bbac68_3332,12233.32720797265
00bbac68_3333,12233.341073466452
00bbac68_3334,12233.358759463415
00bbac68_3335,12233.380793151104
00bbac68_3336,12233.411580268132
00bbac68_3337,12233.430615112717
00bbac68_3338,12233.450553169578
00bbac68_3339,12233.474710049944
00bbac68_3340,12233.50874972599
00bbac68_3341,12233.531786583164
00bbac68_3342,12233.552574222074
00bbac68_3343,12233.573578719424
00bbac68_3344,12233.597365655249
00bbac68_3345,12233.63546061217
00bbac68_3346,12233.65610244995
00bbac68_3347,12233.672311947636
00bbac68_3348,12233.68948842452
00bbac68_3349,12233.705885077245
00bbac68_3350,12233.723512313809
00bbac68_3351,12233.75554711555
00bbac68_3352,12233.784287297887
00bbac68_3353,12233.810418089002
00bbac68_3354,12233.834473887257
00bbac68_3355,12233.857700987764
00bbac68_3356,12233.880228570328
00bbac68_3357,12233.900484830585
00bbac68_3358,12233.917960911327
00bbac68_3359,12233.944663142203
00bbac68_3360,12233.96584157347
00bbac68_3361,12233.990248266282
00bbac68_3362,12234.01064193053
00bbac68_3363,12234.028347917656
00bbac68_3364,12234.047194191076
00bbac68_3365,12234.067911150694
00bbac68_3366,12234.087562504685
00bbac68_3367,12234.107005772465
00bbac68_3368,12234.12615405256
00bbac68_3369,12234.145223335265
00bbac68_3370,12234.1646105303
00bbac68_3371,12234.183907748687
00bbac68_3372,12234.20398360059
00bbac68_3373,12234.225140640698
00bbac68_3374,12234.248970267025
00bbac68_3375,12234.275468856216
00bbac68_3376,12234.302052105695
00bbac68_3377,12234.326002162445
00bbac68_3378,12234.349834414335
00bbac68_3379,12234.3768532756
00bbac68_3380,12234.41009351097
00bbac68_3381,12234.446680040266
00bbac68_3382,12234.479801794449
00bbac68_3383,12234.509324002229
00bbac68_3384,12234.536224306228
00bbac68_3385,12234.563624394954
00bbac68_3386,12234.590379463
00bbac68_3387,12234.618231770455
00bbac68_3388,12234.651310337518
00bbac68_3389,12234.6728279576
00bbac68_3390,12234.698878569336
00bbac68_3391,12234.723814087223
00bbac68_3392,12234.750085390762
00bbac68_3393,12234.777925365282
00bbac68_3394,12234.803855442584
00bbac68_3395,12234.828651929509
00bbac68_3396,12234.853583677905
00bbac68_3397,12234.86843392458
00bbac68_3398,12234.891646190514
00bbac68_3399,12234.912898454775
00bbac68_3400,12234.933233571985
00bbac68_3401,12234.952741973528
00bbac68_3402,12234.971029761464
00bbac68_3403,12234.978788914632
00bbac68_3404,12234.99548535556
00bbac68_3405,12235.011855343404
00bbac68_3406,12235.027400481404
00bbac68_3407,12235.032264285845
00bbac68_3408,12235.04570424612
00bbac68_3409,12235.058363027889
00bbac68_3410,12235.06095470313
00bbac68_3411,12235.072555380792
00bbac68_3412,12235.085708368882
00bbac68_3413,12235.095993376042
00bbac68_3414,12235.095105693328
00bbac68_3415,12235.102925692112
00bbac68_3416,12235.1000497659
00bbac68_3417,12235.104920995984
00bbac68_3418,12235.107516757647
00bbac68_3419,12235.104807910557
00bbac68_3420,12235.11358400863
00bbac68_3421,12235.112916489685
00bbac68_3422,12235.120905845912
00bbac68_3423,12235.127093833891
00bbac68_3424,12235.124942273142
00bbac68_3425,12235.132549632315
00bbac68_3426,12235.132061113482
00bbac68_3427,12235.141672723406
00bbac68_3428,12235.144903159751
00bbac68_3429,12235.159452977428
00bbac68_3430,12235.164337992152
00bbac68_3431,12235.17835600758
00bbac68_3432,12235.182779455943
00bbac68_3433,12235.196317260436
00bbac68_3434,12235.20027273514
00bbac68_3435,12235.202547795749
00bbac68_3436,12235.212305689583
00bbac68_3437,12235.213997172614
00bbac68_3438,12235.226133177392
00bbac68_3439,12235.22952252402
00bbac68_3440,12235.23371677558
00bbac68_3441,12235.24818818714
00bbac68_3442,12235.255206843192
00bbac68_3443,12235.262803437974
00bbac68_3444,12235.27914511219
00bbac68_3445,12235.285536698852
00bbac68_3446,12235.293470270935
00bbac68_3447,12235.302291468346
00bbac68_3448,12235.321259086097
00bbac68_3449,12235.33048753511
00bbac68_3450,12235.339269989165
00bbac68_3451,12235.347652107996
00bbac68_3452,12235.36556763398
00bbac68_3453,12235.37387017014
00bbac68_3454,12235.382383858832
00bbac68_3455,12235.39118143266
00bbac68_3456,12235.398999498591
00bbac68_3457,12235.415847375334
00bbac68_3458,12235.42193990814
00bbac68_3459,12235.425985359354
00bbac68_3460,12235.426680424824
00bbac68_3461,12235.4267779274
00bbac68_3462,12235.427933174728
00bbac68_3463,12235.427129165895
00bbac68_3464,12235.423192593378
00bbac68_3465,12235.41879589174
00bbac68_3466,12235.427133914329
00bbac68_3467,12235.426367389664
00bbac68_3468,12235.42528428616
00bbac68_3469,12235.424633430164
00bbac68_3470,12235.426299851642
00bbac68_3471,12235.441695985495
00bbac68_3472,12235.486078338094
00bbac68_3473,12235.521145708884
00bbac68_3474,12235.53000982297
00bbac68_3475,12235.543083069988
00bbac68_3476,12235.574314204636
00bbac68_3477,12235.606350958364
00bbac68_3478,12235.65878713695
00bbac68_3479,12235.717363689597
00bbac68_3480,12235.778086472346
00bbac68_3481,12235.833328572584
00bbac68_3482,12235.878405117228
00bbac68_3483,12235.91945692094
00bbac68_3484,12235.96297986182
00bbac68_3485,12236.003093754714
00bbac68_3486,12236.025053303709
00bbac68_3487,12236.047109699475
00bbac68_3488,12236.062523109513
00bbac68_3489,12236.07757726008
00bbac68_3490,12236.092629718769
00bbac68_3491,12236.09702353511
00bbac68_3492,12236.110501946474
00bbac68_3493,12236.126637739237
00bbac68_3494,12236.143521944165
00bbac68_3495,12236.149994411451
00bbac68_3496,12236.164715680126
00bbac68_3497,12236.1767826244
00bbac68_3498,12236.178299694646
00bbac68_3499,12236.191166674997
00bbac68_3500,12236.20405072054
00bbac68_3501,12236.20813369468
00bbac68_3502,12236.212810019482
00bbac68_3503,12236.196694671611
00bbac68_3504,12236.213184797947
00bbac68_3505,12236.24693970176
00bbac68_3506,12236.244381461984
00bbac68_3507,12236.215971848284
00bbac68_3508,12236.231403598713
00bbac68_3509,12236.296585853865
00bbac68_3510,12236.338832840796
00bbac68_3511,12236.360604531274
00bbac68_3512,12236.36177368706
00bbac68_3513,12236.371791502135
00bbac68_3514,12236.3712713165
00bbac68_3515,12236.377902154352
00bbac68_3516,12236.379043913666
00bbac68_3517,12236.3839842307
00bbac68_3518,12236.405837417858
00bbac68_3519,12236.426747276735
00bbac68_3520,12236.455157216542
00bbac68_3521,12236.48099756228
00bbac68_3522,12236.491290314712
00bbac68_3523,12236.500887034896
00bbac68_3524,12236.519496964347
00bbac68_3525,12236.528530202011
00bbac68_3526,12236.53776431942
00bbac68_3527,12236.547335059744
00bbac68_3528,12236.566863284232
00bbac68_3529,12236.576887093384
00bbac68_3530,12236.587350860693
00bbac68_3531,12236.596237863108
00bbac68_3532,12236.613863628343
00bbac68_3533,12236.62227513034
00bbac68_3534,12236.6303715466
00bbac68_3535,12236.638289236644
00bbac68_3536,12236.647025766768
00bbac68_3537,12236.65560328337
00bbac68_3538,12236.663988859222
00bbac68_3539,12236.67215575022
00bbac68_3540,12236.680014325611
00bbac68_3541,12236.68766825282
00bbac68_3542,12236.70451993612
00bbac68_3543,12236.711425648042
00bbac68_3544,12236.71856306644
00bbac68_3545,12236.72457394033
00bbac68_3546,12236.719488273047
00bbac68_3547,12236.723174162566
00bbac68_3548,12236.723477316702
00bbac68_3549,12236.722465640483
00bbac68_3550,12236.719345911382
00bbac68_3551,12236.71241323
00bbac68_3552,12236.698842445276
00bbac68_3553,12236.676191549368
00bbac68_3554,12236.667921196562
00bbac68_3555,12236.675309861845
00bbac68_3556,12236.665734333845
00bbac68_3557,12236.657725854418
00bbac68_3558,12236.567000762348
00bbac68_3559,12236.482196800273
00bbac68_3560,12236.44304615694
00bbac68_3561,12236.335752137416
00bbac68_3562,12236.248160950803
00bbac68_3563,12236.231079815936
00bbac68_3564,12236.27443702911
00bbac68_3565,12236.217431377892
00bbac68_3566,12236.09677901902
00bbac68_3567,12236.011783756683
00bbac68_3568,12235.95931063088
00bbac68_3569,12235.931587185372
00bbac68_3570,12235.872318430183
00bbac68_3571,12235.789108520315
00bbac68_3572,12235.676433504006
00bbac68_3573,12235.466150967632
00bbac68_3574,12235.334689263913
00bbac68_3575,12235.20098876801
00bbac68_3576,12235.09270732173
00bbac68_3577,12235.018471413036
00bbac68_3578,12234.955698391026
00bbac68_3579,12234.916639353234
00bbac68_3580,12234.87424733736
00bbac68_3581,12234.82953837359
00bbac68_3582,12234.79289398541
00bbac68_3583,12234.746194419637
00bbac68_3584,12234.71741216861
00bbac68_3585,12234.68909170678
00bbac68_3586,12234.65682449378
00bbac68_3587,12234.608432444244
00bbac68_3588,12234.564070681416
00bbac68_3589,12234.547841488114
00bbac68_3590,12234.518493858788
00bbac68_3591,12234.496312205709
00bbac68_3592,12234.465311232276
00bbac68_3593,12234.43646139701
00bbac68_3594,12234.426141120932
00bbac68_3595,12234.407351087168
00bbac68_3596,12234.38891555378
00bbac68_3597,12234.381118193192
00bbac68_3598,12234.365499250149
00bbac68_3599,12234.359918823888
00bbac68_3600,12234.34605303574
00bbac68_3601,12234.333088004722
00bbac68_3602,12234.33049082807
00bbac68_3603,12234.319150345047
00bbac68_3604,12234.308268819075
00bbac68_3605,12234.307394512223
00bbac68_3606,12234.297770000903
00bbac68_3607,12234.287826627176
00bbac68_3608,12234.287354924378
00bbac68_3609,12234.27810562589
00bbac68_3610,12234.27860296868
00bbac68_3611,12234.270117293798
00bbac68_3612,12234.261388081271
00bbac68_3613,12234.261797029763
00bbac68_3614,12234.252553182609
00bbac68_3615,12234.243116770938
00bbac68_3616,12234.243113016526
00bbac68_3617,12234.234046949725
00bbac68_3618,12234.225596957727
00bbac68_3619,12234.227056038884
00bbac68_3620,12234.21993368788
00bbac68_3621,12234.21243198423
00bbac68_3622,12234.21356025434
00bbac68_3623,12234.204483059197
00bbac68_3624,12234.195873644365
00bbac68_3625,12234.197151749497
00bbac68_3626,12234.188627581225
00bbac68_3627,12234.180355913946
00bbac68_3628,12234.18291418887
00bbac68_3629,12234.17569308951
00bbac68_3630,12234.16828498616
00bbac68_3631,12234.169659008408
00bbac68_3632,12234.162339899736
00bbac68_3633,12234.155354420544
00bbac68_3634,12234.157809250875
00bbac68_3635,12234.150807371334
00bbac68_3636,12234.14422110157
00bbac68_3637,12234.137419581792
00bbac68_3638,12234.139711316446
00bbac68_3639,12234.13228172231
00bbac68_3640,12234.124706639428
00bbac68_3641,12234.125959125216
00bbac68_3642,12234.118400471629
00bbac68_3643,12234.110776586183
00bbac68_3644,12234.112242213045
00bbac68_3645,12234.103762005983
00bbac68_3646,12234.095288208197
00bbac68_3647,12234.096428159324
00bbac68_3648,12234.088185553604
00bbac68_3649,12234.08021975448
00bbac68_3650,12234.072330760995
00bbac68_3651,12234.073778049653
00bbac68_3652,12234.065520935545
00bbac68_3653,12234.057224021912
00bbac68_3654,12234.058634863566
00bbac68_3655,12234.05065506325
00bbac68_3656,12234.043449946988
00bbac68_3657,12234.036175370276
00bbac68_3658,12234.0381611687
00bbac68_3659,12234.03027019417
00bbac68_3660,12234.022487020704
00bbac68_3661,12234.024432318549
00bbac68_3662,12234.01679868828
00bbac68_3663,12234.00908902492
00bbac68_3664,12234.001409087923
00bbac68_3665,12234.003338372591
00bbac68_3666,12233.995757445564
00bbac68_3667,12233.987815816125
00bbac68_3668,12233.979539137075
00bbac68_3669,12233.98086327091
00bbac68_3670,12233.97311671073
00bbac68_3671,12233.965427287298
00bbac68_3672,12233.9574682384
00bbac68_3673,12233.958890493312
00bbac68_3674,12233.950653227032
00bbac68_3675,12233.94271120834
00bbac68_3676,12233.94457629025
00bbac68_3677,12233.93713364839
00bbac68_3678,12233.929222779483
00bbac68_3679,12233.921396368558
00bbac68_3680,12233.922907338074
00bbac68_3681,12233.91471534894
00bbac68_3682,12233.906542359964
00bbac68_3683,12233.898542637537
00bbac68_3684,12233.890723069648
00bbac68_3685,12233.892169031478
00bbac68_3686,12233.883879440456
00bbac68_3687,12233.87556937326
00bbac68_3688,12233.867298556605
00bbac68_3689,12233.859097410266
00bbac68_3690,12233.851220093018
00bbac68_3691,12233.843428809329
00bbac68_3692,12233.844525762875
00bbac68_3693,12233.83604898435
00bbac68_3694,12233.827692457882
00bbac68_3695,12233.819283262736
00bbac68_3696,12233.810797785634
00bbac68_3697,12233.802499527144
00bbac68_3698,12233.79451978472
00bbac68_3699,12233.786923287184
00bbac68_3700,12233.77869933738
00bbac68_3701,12233.77029821105
00bbac68_3702,12233.762095646593
00bbac68_3703,12233.753949167443
00bbac68_3704,12233.745671991755
00bbac68_3705,12233.737256536047
00bbac68_3706,12233.728466758348
00bbac68_3707,12233.709971379474
00bbac68_3708,12233.701653406466
00bbac68_3709,12233.693423367824
00bbac68_3710,12233.68464773443
00bbac68_3711,12233.676121198288
00bbac68_3712,12233.668289028266
00bbac68_3713,12233.661195066772
00bbac68_3714,12233.64464901628
00bbac68_3715,12233.636247908771
00bbac68_3716,12233.626421121297
00bbac68_3717,12233.617023748497
00bbac68_3718,12233.598627048075
00bbac68_3719,12233.589864613044
00bbac68_3720,12233.581109456069
00bbac68_3721,12233.57235259383
00bbac68_3722,12233.5540281398
00bbac68_3723,12233.54535876882
00bbac68_3724,12233.53672582161
00bbac68_3725,12233.51852195332
00bbac68_3726,12233.510292720674
00bbac68_3727,12233.503215395824
00bbac68_3728,12233.48674895962
00bbac68_3729,12233.479551834924
00bbac68_3730,12233.462507226532
00bbac68_3731,12233.45499160123
00bbac68_3732,12233.448492614012
00bbac68_3733,12233.433653473823
00bbac68_3734,12233.42907919486
00bbac68_3735,12233.41554055767
00bbac68_3736,12233.409303002887
00bbac68_3737,12233.391623386548
00bbac68_3738,12233.385508964766
00bbac68_3739,12233.370772677368
00bbac68_3740,12233.36243456496
00bbac68_3741,12233.341697940032
00bbac68_3742,12233.330885315509
00bbac68_3743,12233.310722683877
00bbac68_3744,12233.29058226934
00bbac68_3745,12233.280247465063
00bbac68_3746,12233.260435449132
00bbac68_3747,12233.250426762042
00bbac68_3748,12233.23027223413
00bbac68_3749,12233.209509803206
00bbac68_3750,12233.19905619704
00bbac68_3751,12233.1800141957
00bbac68_3752,12233.161538644908
00bbac68_3753,12233.152289890102
00bbac68_3754,12233.131995470088
00bbac68_3755,12233.109575571769
00bbac68_3756,12233.085101690916
00bbac68_3757,12233.069360298166
00bbac68_3758,12233.04447332928
00bbac68_3759,12233.019995038449
00bbac68_3760,12232.996010331928
00bbac68_3761,12232.972879296129
00bbac68_3762,12232.960072826125
00bbac68_3763,12232.938183062151
00bbac68_3764,12232.916797819036
00bbac68_3765,12232.895279788025
00bbac68_3766,12232.873635760669
00bbac68_3767,12232.85220461617
00bbac68_3768,12232.829904740174
00bbac68_3769,12232.807114040406
00bbac68_3770,12232.794194921826
00bbac68_3771,12232.76968438878
00bbac68_3772,12232.817887323376
00bbac68_3773,12233.04824461956
00bbac68_3774,12233.095112835326
00bbac68_3775,12233.087873018794
00bbac68_3776,12233.070961336503
00bbac68_3777,12233.059415895465
00bbac68_3778,12233.053216731396
00bbac68_3779,12233.04242746012
00bbac68_3780,12233.025011087146
00bbac68_3781,12233.001579784408
00bbac68_3782,12232.97392590559
00bbac68_3783,12232.944861136995
00bbac68_3784,12232.91881530252
00bbac68_3785,12232.897439871636
00bbac68_3786,12232.890094495231
00bbac68_3787,12232.875392865715
00bbac68_3788,12232.85890919882
00bbac68_3789,12232.845120988804
00bbac68_3790,12232.836278297604
00bbac68_3791,12232.828111234838
00bbac68_3792,12232.828016696938
00bbac68_3793,12232.806651628956
00bbac68_3794,12232.756532184225
00bbac68_3795,12232.69128283457
00bbac68_3796,12232.670218852772
00bbac68_3797,12232.662573761909
00bbac68_3798,12232.6570005086
00bbac68_3799,12232.656095688244
00bbac68_3800,12232.67144381879
00bbac68_3801,12232.66980458111
00bbac68_3802,12232.662549229502
00bbac68_3803,12232.687512360631
00bbac68_3804,12232.712738011356
00bbac68_3805,12232.732849123471
00bbac68_3806,12232.757654238025
00bbac68_3807,12232.749443888291
00bbac68_3808,12232.741890921734
00bbac68_3809,12232.725585856084
00bbac68_3810,12232.709024906417
00bbac68_3811,12232.700494352785
00bbac68_3812,12232.68359321274
00bbac68_3813,12232.677961252191
00bbac68_3814,12232.661584017134
00bbac68_3815,12232.65312384663
00bbac68_3816,12232.635766743042
00bbac68_3817,12232.63016296176
00bbac68_3818,12232.615796433134
00bbac68_3819,12232.607719773809
00bbac68_3820,12232.586034855278
00bbac68_3821,12232.573783476677
00bbac68_3822,12232.5523807654
00bbac68_3823,12232.54234924553
00bbac68_3824,12232.52382460372
00bbac68_3825,12232.514763894833
00bbac68_3826,12232.502987513495
00bbac68_3827,12232.481583320485
00bbac68_3828,12232.469657157504
00bbac68_3829,12232.44167709093
00bbac68_3830,12232.423471916074
00bbac68_3831,12232.414184928515
00bbac68_3832,12232.40067275802
00bbac68_3833,12232.397987159007
00bbac68_3834,12232.387717964171
00bbac68_3835,12232.3665424173
00bbac68_3836,12232.35722866507
00bbac68_3837,12232.34333387081
00bbac68_3838,12232.332372497742
00bbac68_3839,12232.314984080542
00bbac68_3840,12232.306289385411
00bbac68_3841,12232.295495885117
00bbac68_3842,12232.283357836746
00bbac68_3843,12232.26507614122
00bbac68_3844,12232.255254498115
00bbac68_3845,12232.244414733195
00bbac68_3846,12232.23138634399
00bbac68_3847,12232.2161543348
00bbac68_3848,12232.204525398543
00bbac68_3849,12232.18828062593
00bbac68_3850,12232.182770921483
00bbac68_3851,12232.175674362788
00bbac68_3852,12232.167206495047
00bbac68_3853,12232.15746693251
00bbac68_3854,12232.14928291719
00bbac68_3855,12232.142248995511
00bbac68_3856,12232.136052651089
00bbac68_3857,12232.12753966367
00bbac68_3858,12232.114042832402
00bbac68_3859,12232.10047163393
00bbac68_3860,12232.088736409056
00bbac68_3861,12232.07668699712
00bbac68_3862,12232.065079167933
00bbac68_3863,12232.054329277356
00bbac68_3864,12232.044605733194
00bbac68_3865,12232.03436976485
00bbac68_3866,12232.02341114091
00bbac68_3867,12232.01287947888
00bbac68_3868,12232.003112180317
00bbac68_3869,12231.996547835291
00bbac68_3870,12231.991125637494
00bbac68_3871,12231.984886141172
00bbac68_3872,12231.978592080968
00bbac68_3873,12231.97189674314
00bbac68_3874,12231.96670677582
00bbac68_3875,12231.965071478777
00bbac68_3876,12231.962616373818
00bbac68_3877,12231.956882060433
00bbac68_3878,12231.956741025168
00bbac68_3879,12231.942706289728
00bbac68_3880,12231.925723487517
00bbac68_3881,12231.911430235834
00bbac68_3882,12231.897693560526
00bbac68_3883,12231.899301499156
00bbac68_3884,12231.895525975571
00bbac68_3885,12231.885793257165
00bbac68_3886,12231.87046878045
00bbac68_3887,12231.850862507588
00bbac68_3888,12231.83188609981
00bbac68_3889,12231.810328766202
00bbac68_3890,12231.802925282787
00bbac68_3891,12231.792496879463
00bbac68_3892,12231.786041701818
00bbac68_3893,12231.776785737682
00bbac68_3894,12231.769186849546
00bbac68_3895,12231.784603551563
00bbac68_3896,12231.795382226052
00bbac68_3897,12231.775207438252
00bbac68_3898,12231.756911360331
00bbac68_3899,12231.746954359303
00bbac68_3900,12231.77203839922
00bbac68_3901,12231.795213279886
00bbac68_3902,12231.76529578178
00bbac68_3903,12231.739472819134
00bbac68_3904,12231.714926047758
00bbac68_3905,12231.69532505192
00bbac68_3906,12231.679714525497
00bbac68_3907,12231.65908966059
00bbac68_3908,12231.63911493992
00bbac68_3909,12231.60945173912
00bbac68_3910,12231.591165376543
00bbac68_3911,12231.577412781236
00bbac68_3912,12231.564705625124
00bbac68_3913,12231.551516930624
00bbac68_3914,12231.52982830068
00bbac68_3915,12231.51985277457
00bbac68_3916,12231.510726529094
00bbac68_3917,12231.499552316973
00bbac68_3918,12231.48794349494
00bbac68_3919,12231.468971572607
00bbac68_3920,12231.460907035484
00bbac68_3921,12231.453462998696
00bbac68_3922,12231.447058968502
00bbac68_3923,12231.432766940776
00bbac68_3924,12231.425829645585
00bbac68_3925,12231.41547779071
00bbac68_3926,12231.405770904164
00bbac68_3927,12231.388887656216
00bbac68_3928,12231.383840023209
00bbac68_3929,12231.379734562615
00bbac68_3930,12231.366303846422
00bbac68_3931,12231.362620324948
00bbac68_3932,12231.359376768816
00bbac68_3933,12231.346844223586
00bbac68_3934,12231.34297947813
00bbac68_3935,12231.335441651489
00bbac68_3936,12231.31495682098
00bbac68_3937,12231.302964747303
00bbac68_3938,12231.29028016304
00bbac68_3939,12231.267402620717
00bbac68_3940,12231.253801006204
00bbac68_3941,12231.257304719724
00bbac68_3942,12231.312712716415
00bbac68_3943,12231.457884781586
00bbac68_3944,12231.47982754768
00bbac68_3945,12231.425750611985
00bbac68_3946,12231.372767395243
00bbac68_3947,12231.316234365102
00bbac68_3948,12231.279357638958
00bbac68_3949,12231.241819880248
00bbac68_3950,12231.23878450552
00bbac68_3951,12231.22266675729
00bbac68_3952,12231.212997409491
00bbac68_3953,12231.20131429451
00bbac68_3954,12231.178850237253
00bbac68_3955,12231.165387077112
00bbac68_3956,12231.14163926207
00bbac68_3957,12231.127425330857
00bbac68_3958,12231.103218121254
00bbac68_3959,12231.084729581611
00bbac68_3960,12231.054859189857
00bbac68_3961,12231.036192253372
00bbac68_3962,12231.00999008248
00bbac68_3963,12230.997244679897
00bbac68_3964,12230.979948791755
00bbac68_3965,12230.97156367412
00bbac68_3966,12230.951136029362
00bbac68_3967,12230.939712857926
00bbac68_3968,12230.919360563075
00bbac68_3969,12230.90915388184
00bbac68_3970,12230.890780765872
00bbac68_3971,12230.881436170228
00bbac68_3972,12230.861840072948
00bbac68_3973,12230.852321374132
00bbac68_3974,12230.8337728486
00bbac68_3975,12230.825321147391
00bbac68_3976,12230.808493818728
00bbac68_3977,12230.800761431314
00bbac68_3978,12230.781746394685
00bbac68_3979,12230.771451750705
00bbac68_3980,12230.752103591254
00bbac68_3981,12230.742710951265
00bbac68_3982,12230.7240621024
00bbac68_3983,12230.715338381024
00bbac68_3984,12230.706602486363
00bbac68_3985,12230.68889823144
00bbac68_3986,12230.680384388475
00bbac68_3987,12230.661764880657
00bbac68_3988,12230.652098772503
00bbac68_3989,12230.6318378733
00bbac68_3990,12230.622236246323
00bbac68_3991,12230.606130566748
00bbac68_3992,12230.601787582067
00bbac68_3993,12230.597069553483
00bbac68_3994,12230.58361051778
00bbac68_3995,12230.583815946822
00bbac68_3996,12230.57793593322
00bbac68_3997,12230.574736422666
00bbac68_3998,12230.554211202669
00bbac68_3999,12230.541579625977
00bbac68_4000,12230.52728259032
00bbac68_4001,12230.50596628378
00bbac68_4002,12230.497039584168
00bbac68_4003,12230.476679171275
00bbac68_4004,12230.464048406213
00bbac68_4005,12230.449616866474
00bbac68_4006,12230.423637463864
00bbac68_4007,12230.410892435848
00bbac68_4008,12230.401708712683
00bbac68_4009,12230.386289843953
00bbac68_4010,12230.383410426874
00bbac68_4011,12230.373945861187
00bbac68_4012,12230.376498980851
00bbac68_4013,12230.38080031496
00bbac68_4014,12230.370588342714
00bbac68_4015,12230.364882983771
00bbac68_4016,12230.358993859816
00bbac68_4017,12230.3436852618
00bbac68_4018,12230.340836761516
00bbac68_4019,12230.340495887487
00bbac68_4020,12230.334499720288
00bbac68_4021,12230.341341107309
00bbac68_4022,12230.34094866232
00bbac68_4023,12230.324628057391
00bbac68_4024,12230.317582747084
00bbac68_4025,12230.311183438747
00bbac68_4026,12230.295887816308
00bbac68_4027,12230.290727366046
00bbac68_4028,12230.284287204158
00bbac68_4029,12230.267239622252
00bbac68_4030,12230.25155070153
00bbac68_4031,12230.227072531055
00bbac68_4032,12230.202026858406
00bbac68_4033,12230.198101152906
00bbac68_4034,12230.194919649675
00bbac68_4035,12230.191060771444
00bbac68_4036,12230.177151223495
00bbac68_4037,12230.171439458818
00bbac68_4038,12230.162189726643
00bbac68_4039,12230.138063622437
00bbac68_4040,12230.124363285864
00bbac68_4041,12230.119104819163
00bbac68_4042,12230.121170276378
00bbac68_4043,12230.121602154875
00bbac68_4044,12230.125276902112
00bbac68_4045,12230.121714803914
00bbac68_4046,12230.112437682088
00bbac68_4047,12230.098717058849
00bbac68_4048,12230.09966450455
00bbac68_4049,12230.10236940706
00bbac68_4050,12230.100250472202
00bbac68_4051,12230.08479040961
00bbac68_4052,12230.076688123125
00bbac68_4053,12230.068949710532
00bbac68_4054,12230.061647163331
00bbac68_4055,12230.046369398093
00bbac68_4056,12230.04239029275
00bbac68_4057,12230.036997724992
00bbac68_4058,12230.029084646278
00bbac68_4059,12230.00926766723
00bbac68_4060,12229.99643111018
00bbac68_4061,12229.9859384485
00bbac68_4062,12229.980128650075
00bbac68_4063,12229.972987162408
00bbac68_4064,12229.96529465797
00bbac68_4065,12229.960993069131
00bbac68_4066,12229.956998491518
00bbac68_4067,12229.949447621451
00bbac68_4068,12229.940510684995
00bbac68_4069,12229.92289236218
00bbac68_4070,12229.915891867382
00bbac68_4071,12229.909317570084
00bbac68_4072,12229.910438288436
00bbac68_4073,12229.901474810618
00bbac68_4074,12229.894002546842
00bbac68_4075,12229.8869399594
00bbac68_4076,12229.879576102288
00bbac68_4077,12229.870576840704
00bbac68_4078,12229.864164913404
00bbac68_4079,12229.862126593807
00bbac68_4080,12229.85641079896
00bbac68_4081,12229.8601345904
00bbac68_4082,12229.854674613296
00bbac68_4083,12229.848998220636
00bbac68_4084,12229.842559830358
00bbac68_4085,12229.845270171958
00bbac68_4086,12229.838044477438
00bbac68_4087,12229.830236236874
00bbac68_4088,12229.830937384537
00bbac68_4089,12229.820966714651
00bbac68_4090,12229.810209224484
00bbac68_4091,12229.809072369011
00bbac68_4092,12229.797856150311
00bbac68_4093,12229.787614444484
00bbac68_4094,12229.78779044402
00bbac68_4095,12229.777005056734
00bbac68_4096,12229.773118121704
00bbac68_4097,12229.757993071167
00bbac68_4098,12229.755417521468
00bbac68_4099,12229.744218583426
00bbac68_4100,12229.742413953933
00bbac68_4101,12229.728988512756
00bbac68_4102,12229.725596897311
00bbac68_4103,12229.713934917176
00bbac68_4104,12229.711453180098
00bbac68_4105,12229.70943691222
00bbac68_4106,12229.697723312149
00bbac68_4107,12229.695340436683
00bbac68_4108,12229.693264858224
00bbac68_4109,12229.682279458071
00bbac68_4110,12229.68080951936
00bbac68_4111,12229.678758780825
00bbac68_4112,12229.667865193636
00bbac68_4113,12229.66583567747
00bbac68_4114,12229.661514341067
00bbac68_4115,12229.658791212974
00bbac68_4116,12229.658367714444
00bbac68_4117,12229.645472908116
00bbac68_4118,12229.639762598354
00bbac68_4119,12229.632817594977
00bbac68_4120,12229.627847574013
00bbac68_4121,12229.628576543728
00bbac68_4122,12229.626702608612
00bbac68_4123,12229.621771015674
00bbac68_4124,12229.61528738994
00bbac68_4125,12229.608572404602
00bbac68_4126,12229.601824184989
00bbac68_4127,12229.59699975874
00bbac68_4128,12229.59424018914
00bbac68_4129,12229.59248359982
00bbac68_4130,12229.589753559436
00bbac68_4131,12229.585840007469
00bbac68_4132,12229.577815244957
00bbac68_4133,12229.56524851385
00bbac68_4134,12229.555093400566
00bbac68_4135,12229.55613592916
00bbac68_4136,12229.549640349718
00bbac68_4137,12229.545103539414
00bbac68_4138,12229.540555126918
00bbac68_4139,12229.53595985208
00bbac68_4140,12229.548547328564
00bbac68_4141,12229.561472415024
00bbac68_4142,12229.566132095562
00bbac68_4143,12229.562180734732
00bbac68_4144,12229.566751859054
00bbac68_4145,12229.5601168603
00bbac68_4146,12229.5486716032
00bbac68_4147,12229.544178193148
00bbac68_4148,12229.534296942376
00bbac68_4149,12229.535810330295
00bbac68_4150,12229.52555815842
00bbac68_4151,12229.523690308431
00bbac68_4152,12229.513537142691
00bbac68_4153,12229.50467224538
00bbac68_4154,12229.508466134825
00bbac68_4155,12229.500721861434
00bbac68_4156,12229.497595334702
00bbac68_4157,12229.484720027202
00bbac68_4158,12229.482304548135
00bbac68_4159,12229.482884826168
00bbac68_4160,12229.475347259176
00bbac68_4161,12229.477061320344
00bbac68_4162,12229.469340258069
00bbac68_4163,12229.470809006818
00bbac68_4164,12229.46308124811
00bbac68_4165,12229.465211520292
00bbac68_4166,12229.467301985524
00bbac68_4167,12229.460425500534
00bbac68_4168,12229.464776366613
00bbac68_4169,12229.461184088044
00bbac68_4170,12229.46793534866
00bbac68_4171,12229.474788414684
00bbac68_4172,12229.472136999972
00bbac68_4173,12229.478715610689
00bbac68_4174,12229.48334941656
00bbac68_4175,12229.477623368704
00bbac68_4176,12229.481234425228
00bbac68_4177,12229.48913486016
00bbac68_4178,12229.500165841404
00bbac68_4179,12229.501589409618
00bbac68_4180,12229.51202975501
00bbac68_4181,12229.51970799924
00bbac68_4182,12229.520108416904
00bbac68_4183,12229.540890429918
00bbac68_4184,12229.56397582667
00bbac68_4185,12229.578919055388
00bbac68_4186,12229.58798444808
00bbac68_4187,12229.58460995828
00bbac68_4188,12229.590792022584
00bbac68_4189,12229.59791259524
00bbac68_4190,12229.603003616196
00bbac68_4191,12229.606096865004
00bbac68_4192,12229.609863864564
00bbac68_4193,12229.616603684888
00bbac68_4194,12229.61671257204
00bbac68_4195,12229.622408850742
00bbac68_4196,12229.623965444503
00bbac68_4197,12229.623383795904
00bbac68_4198,12229.625379313848
00bbac68_4199,12229.629940917452
00bbac68_4200,12229.637001219076
00bbac68_4201,12229.652940020536
00bbac68_4202,12229.665940788733
00bbac68_4203,12229.675333629812
00bbac68_4204,12229.679260575733
00bbac68_4205,12229.678780492271
00bbac68_4206,12229.686407051227
00bbac68_4207,12229.699960264494
00bbac68_4208,12229.70945055727
00bbac68_4209,12229.716052049322
00bbac68_4210,12229.725916114585
00bbac68_4211,12229.739030906056
00bbac68_4212,12229.755319121425
00bbac68_4213,12229.7741925159
00bbac68_4214,12229.815532674213
00bbac68_4215,12229.835946589184
00bbac68_4216,12229.843945413084
00bbac68_4217,12229.853222788604
00bbac68_4218,12229.86068264172
00bbac68_4219,12229.876718078134
00bbac68_4220,12229.884681131833
00bbac68_4221,12229.892731747745
00bbac68_4222,12229.899932634566
00bbac68_4223,12229.906931737492
00bbac68_4224,12229.914153833286
00bbac68_4225,12229.92085731619
00bbac68_4226,12229.936868400864
00bbac68_4227,12229.944164599348
00bbac68_4228,12229.951199610236
00bbac68_4229,12229.95728216759
00bbac68_4230,12229.970590438968
00bbac68_4231,12229.970378235515
00bbac68_4232,12229.96491309985
00bbac68_4233,12229.971766591962
00bbac68_4234,12229.989281732527
00bbac68_4235,12229.993489494793
00bbac68_4236,12229.998629651414
00bbac68_4237,12230.003317711262
00bbac68_4238,12230.0196543254
00bbac68_4239,12230.026621193205
00bbac68_4240,12230.029949079382
00bbac68_4241,12230.044328671824
00bbac68_4242,12230.049581496272
00bbac68_4243,12230.054103966366
00bbac68_4244,12230.070241446232
00bbac68_4245,12230.077684879494
00bbac68_4246,12230.09219057554
00bbac68_4247,12230.093923046348
00bbac68_4248,12230.096315646231
00bbac68_4249,12230.108965454365
00bbac68_4250,12230.112817854775
00bbac68_4251,12230.119289225142
00bbac68_4252,12230.136289855624
00bbac68_4253,12230.144287852832
00bbac68_4254,12230.153887492615
00bbac68_4255,12230.158892870732
00bbac68_4256,12230.16030968314
00bbac68_4257,12230.172384409132
00bbac68_4258,12230.174155848365
00bbac68_4259,12230.176488880186
00bbac68_4260,12230.17968583057
00bbac68_4261,12230.183254934993
00bbac68_4262,12230.186646915748
00bbac68_4263,12230.18738929103
00bbac68_4264,12230.18950535394
00bbac68_4265,12230.196941357894
00bbac68_4266,12230.201503917977
00bbac68_4267,12230.201237764746
00bbac68_4268,12230.199556962218
00bbac68_4269,12230.198393933157
00bbac68_4270,12230.199044159224
00bbac68_4271,12230.200041250522
00bbac68_4272,12230.200918118497
00bbac68_4273,12230.192461014523
00bbac68_4274,12230.19393588782
00bbac68_4275,12230.195937190854
00bbac68_4276,12230.19940698484
00bbac68_4277,12230.204676700276
00bbac68_4278,12230.201417104729
00bbac68_4279,12230.206622371868
00bbac68_4280,12230.208029488616
00bbac68_4281,12230.194978279938
00bbac68_4282,12230.191299333494
00bbac68_4283,12230.188633748758
00bbac68_4284,12230.178876652371
00bbac68_4285,12230.179923647029
00bbac68_4286,12230.172283094296
00bbac68_4287,12230.174268776052
00bbac68_4288,12230.167044145332
00bbac68_4289,12230.16882785964
00bbac68_4290,12230.161096355929
00bbac68_4291,12230.163461749013
00bbac68_4292,12230.158163736043
00bbac68_4293,12230.15330133342
00bbac68_4294,12230.156938645125
00bbac68_4295,12230.150117433695
00bbac68_4296,12230.15301189411
00bbac68_4297,12230.146614202664
00bbac68_4298,12230.14062980856
00bbac68_4299,12230.134447010403
00bbac68_4300,12230.136917604454
00bbac68_4301,12230.12926999836
00bbac68_4302,12230.120944196788
00bbac68_4303,12230.112105680444
00bbac68_4304,12230.10560566702
00bbac68_4305,12230.113170335222
00bbac68_4306,12230.121514981423
00bbac68_4307,12230.121413164426
00bbac68_4308,12230.106598843437
00bbac68_4309,12230.08546566465
00bbac68_4310,12230.07005083928
00bbac68_4311,12230.062666826125
00bbac68_4312,12230.058911270902
00bbac68_4313,12230.056325124368
00bbac68_4314,12230.054837741449
00bbac68_4315,12230.053040237815
00bbac68_4316,12230.04941701786
00bbac68_4317,12230.045156394352
00bbac68_4318,12230.041584796223
00bbac68_4319,12230.028895277672
00bbac68_4320,12230.02596821841
00bbac68_4321,12230.02290442584
00bbac68_4322,12230.019695188568
00bbac68_4323,12230.016361440012
00bbac68_4324,12230.0046552578
00bbac68_4325,12230.002857779771
00bbac68_4326,12230.000846748884
00bbac68_4327,12229.994022132249
00bbac68_4328,12229.990515701142
00bbac68_4329,12229.9878898064
00bbac68_4330,12229.978622880062
00bbac68_4331,12229.98013533997
00bbac68_4332,12229.974326242536
00bbac68_4333,12229.97318145066
00bbac68_4334,12229.973127053538
00bbac68_4335,12229.972436602373
00bbac68_4336,12229.98117420966
00bbac68_4337,12229.97765313126
00bbac68_4338,12229.968015118538
00bbac68_4339,12229.967100041282
00bbac68_4340,12229.958339720337
00bbac68_4341,12229.969465850834
00bbac68_4342,12229.9784563452
00bbac68_4343,12229.985308368476
00bbac68_4344,12229.99832841528
00bbac68_4345,12229.998545951248
00bbac68_4346,12230.005480198157
00bbac68_4347,12230.00005662283
00bbac68_4348,12230.004208936538
00bbac68_4349,12230.002456691973
00bbac68_4350,12230.012377559253
00bbac68_4351,12230.022464468291
00bbac68_4352,12230.0124191784
00bbac68_4353,12230.011286470864
00bbac68_4354,12230.008724660664
00bbac68_4355,12230.0078521026
00bbac68_4356,12230.004088777823
00bbac68_4357,12229.992672967726
00bbac68_4358,12229.993413325166
00bbac68_4359,12229.995559498057
00bbac68_4360,12229.99831469716
00bbac68_4361,12229.986463262008
00bbac68_4362,12229.980267692596
00bbac68_4363,12229.979777420544
00bbac68_4364,12229.98086905915
00bbac68_4365,12229.981475019951
00bbac68_4366,12229.968983206489
00bbac68_4367,12229.962449439645
00bbac68_4368,12229.955466073685
00bbac68_4369,12229.954732059734
00bbac68_4370,12229.951934560144
00bbac68_4371,12229.943410152706
00bbac68_4372,12229.936832285117
00bbac68_4373,12229.93602454216
00bbac68_4374,12229.937104446322
00bbac68_4375,12229.938845884
00bbac68_4376,12229.942822843375
00bbac68_4377,12229.949107000655
00bbac68_4378,12229.95203777243
00bbac68_4379,12229.956363748555
00bbac68_4380,12229.960138797203
00bbac68_4381,12229.955746825675
00bbac68_4382,12229.95264852299
00bbac68_4383,12229.9580514547
00bbac68_4384,12229.951925790016
00bbac68_4385,12229.94740162144
00bbac68_4386,12229.940950364646
00bbac68_4387,12229.935204451896
00bbac68_4388,12229.94111585647
00bbac68_4389,12229.934296989766
00bbac68_4390,12229.92519153253
00bbac68_4391,12229.914071523512
00bbac68_4392,12229.910019228966
00bbac68_4393,12229.899477904042
00bbac68_4394,12229.891531622265
00bbac68_4395,12229.894570321616
00bbac68_4396,12229.886148445572
00bbac68_4397,12229.887484915584
00bbac68_4398,12229.879729395998
00bbac68_4399,12229.872662863349
00bbac68_4400,12229.875577973038
00bbac68_4401,12229.869356038573
00bbac68_4402,12229.873059265472
00bbac68_4403,12229.86758438069
00bbac68_4404,12229.871636440865
00bbac68_4405,12229.865486322262
00bbac68_4406,12229.867748392047
00bbac68_4407,12229.86941171028
00bbac68_4408,12229.862180119144
00bbac68_4409,12229.86457955261
00bbac68_4410,12229.85712574008
00bbac68_4411,12229.859545435782
00bbac68_4412,12229.862045536582
00bbac68_4413,12229.86604690058
00bbac68_4414,12229.863332049585
00bbac68_4415,12229.871115238762
00bbac68_4416,12229.87813231141
00bbac68_4417,12229.876800043585
00bbac68_4418,12229.886204075146
00bbac68_4419,12229.897931915102
00bbac68_4420,12229.910156554191
00bbac68_4421,12229.920586314413
00bbac68_4422,12229.929648266756
00bbac68_4423,12229.93572162864
00bbac68_4424,12229.95552192191
00bbac68_4425,12229.96667207095
00bbac68_4426,12229.980392183375
00bbac68_4427,12229.991532615048
00bbac68_4428,12230.004864743249
00bbac68_4429,12230.017908984208
00bbac68_4430,12230.034034745537
00bbac68_4431,12230.052335501789
00bbac68_4432,12230.066285412251
00bbac68_4433,12230.078133284278
00bbac68_4434,12230.088136103284
00bbac68_4435,12230.094545721808
00bbac68_4436,12230.09809832102
00bbac68_4437,12230.088812200269
00bbac68_4438,12230.081311987797
00bbac68_4439,12230.0786351734
00bbac68_4440,12230.0775460757
00bbac68_4441,12230.075308801815
00bbac68_4442,12230.07175226461
00bbac68_4443,12230.06696611088
00bbac68_4444,12230.060976387593
00bbac68_4445,12230.055838330907
00bbac68_4446,12230.049669004493
00bbac68_4447,12230.06186358905
00bbac68_4448,12230.082573445452
00bbac68_4449,12230.104702985134
00bbac68_4450,12230.11987434225
00bbac68_4451,12230.145697412598
00bbac68_4452,12230.14686317831
00bbac68_4453,12230.13446838528
00bbac68_4454,12230.117350159098
00bbac68_4455,12230.09816614994
00bbac68_4456,12230.116128635544
00bbac68_4457,12230.12129905178
00bbac68_4458,12230.131298921273
00bbac68_4459,12230.139581294268
00bbac68_4460,12230.15592743614
00bbac68_4461,12230.157184139804
00bbac68_4462,12230.159984213064
00bbac68_4463,12230.171325966852
00bbac68_4464,12230.169029873889
00bbac68_4465,12230.165748323834
00bbac68_4466,12230.171071120652
00bbac68_4467,12230.165146208616
00bbac68_4468,12230.160145505562
00bbac68_4469,12230.158653773076
00bbac68_4470,12230.153352112682
00bbac68_4471,12230.148710497078
00bbac68_4472,12230.156328953555
00bbac68_4473,12230.156692006563
00bbac68_4474,12230.155420641173
00bbac68_4475,12230.155246167003
00bbac68_4476,12230.15478438694
00bbac68_4477,12230.154133377093
00bbac68_4478,12230.153279401153
00bbac68_4479,12230.151726930691
00bbac68_4480,12230.138078420156
00bbac68_4481,12230.131811564956
00bbac68_4482,12230.128149532637
00bbac68_4483,12230.12325177736
00bbac68_4484,12230.116930163496
00bbac68_4485,12230.107534454964
00bbac68_4486,12230.084464127256
00bbac68_4487,12230.06582612071
00bbac68_4488,12230.042480322034
00bbac68_4489,12230.01204480475
00bbac68_4490,12229.99683298834
00bbac68_4491,12229.995085511571
00bbac68_4492,12229.98775656397
00bbac68_4493,12229.992383163504
00bbac68_4494,12229.99161776481
00bbac68_4495,12229.992767841271
00bbac68_4496,12229.978048462266
00bbac68_4497,12229.97781014476
00bbac68_4498,12229.966669603791
00bbac68_4499,12229.959950291654
00bbac68_4500,12229.946405991768
00bbac68_4501,12229.934064251793
00bbac68_4502,12229.930563431966
00bbac68_4503,12229.915481310672
00bbac68_4504,12229.899229951105
00bbac68_4505,12229.899711290866
00bbac68_4506,12229.891916214568
00bbac68_4507,12229.879371447809
00bbac68_4508,12229.86680840405
00bbac68_4509,12229.855528465712
00bbac68_4510,12229.843648496197
00bbac68_4511,12229.840644423606
00bbac68_4512,12229.82749037696
00bbac68_4513,12229.815854855431
00bbac68_4514,12229.804520487343
00bbac68_4515,12229.79124222878
00bbac68_4516,12229.776451930067
00bbac68_4517,12229.763573373006
00bbac68_4518,12229.75304259222
00bbac68_4519,12229.737074082372
00bbac68_4520,12229.731604357152
00bbac68_4521,12229.722117295987
00bbac68_4522,12229.710777981516
00bbac68_4523,12229.69961628878
00bbac68_4524,12229.6777906222
00bbac68_4525,12229.66440041027
00bbac68_4526,12229.647266477245
00bbac68_4527,12229.631127659624
00bbac68_4528,12229.608743699446
00bbac68_4529,12229.594600267885
00bbac68_4530,12229.578811527374
00bbac68_4531,12229.55238267786
00bbac68_4532,12229.53550484728
00bbac68_4533,12229.509984054584
00bbac68_4534,12229.499225937603
00bbac68_4535,12229.494140665514
00bbac68_4536,12229.472519890222
00bbac68_4537,12229.455821337158
00bbac68_4538,12229.444603265409
00bbac68_4539,12229.4237111841
00bbac68_4540,12229.4063958032
00bbac68_4541,12229.387675410686
00bbac68_4542,12229.365096904396
00bbac68_4543,12229.351016612214
00bbac68_4544,12229.32885043367
00bbac68_4545,12229.296224183196
00bbac68_4546,12229.282909282982
00bbac68_4547,12229.27428700791
00bbac68_4548,12229.2693440021
00bbac68_4549,12229.24265527089
00bbac68_4550,12229.21734219465
00bbac68_4551,12229.193601579636
00bbac68_4552,12229.161511955175
00bbac68_4553,12229.141473224538
00bbac68_4554,12229.117338389711
00bbac68_4555,12229.09164184674
00bbac68_4556,12229.059862685051
00bbac68_4557,12229.03987577952
00bbac68_4558,12229.024184822818
00bbac68_4559,12229.011301842287
00bbac68_4560,12228.992478947392
00bbac68_4561,12228.962391226389
00bbac68_4562,12228.94353453558
00bbac68_4563,12228.920793594432
00bbac68_4564,12228.8960348725
00bbac68_4565,12228.86388127379
00bbac68_4566,12228.843554811216
00bbac68_4567,12228.824915834428
00bbac68_4568,12228.80437981434
00bbac68_4569,12228.780851153277
00bbac68_4570,12228.75608581388
00bbac68_4571,12228.7244070343
00bbac68_4572,12228.70564275018
00bbac68_4573,12228.68647040345
00bbac68_4574,12228.66486856402
00bbac68_4575,12228.644886496571
00bbac68_4576,12228.627948923147
00bbac68_4577,12228.598990417528
00bbac68_4578,12228.576136842616
00bbac68_4579,12228.54193610766
00bbac68_4580,12228.50113748529
00bbac68_4581,12228.47669278291
00bbac68_4582,12228.463531265514
00bbac68_4583,12228.443266344908
00bbac68_4584,12228.41894497308
00bbac68_4585,12228.402463723229
00bbac68_4586,12228.382758963353
00bbac68_4587,12228.37073190416
00bbac68_4588,12228.35653313059
00bbac68_4589,12228.32552465921
00bbac68_4590,12228.287616780446
00bbac68_4591,12228.259855350345
00bbac68_4592,12228.2407924808
00bbac68_4593,12228.230621685869
00bbac68_4594,12228.266019292969
00bbac68_4595,12228.426489235131
00bbac68_4596,12228.517216821623
00bbac68_4597,12228.49112588185
00bbac68_4598,12228.458701362715
00bbac68_4599,12228.4153247239
00bbac68_4600,12228.39695085346
00bbac68_4601,12228.378343087765
00bbac68_4602,12228.358753268449
00bbac68_4603,12228.338144207242
00bbac68_4604,12228.315793860953
00bbac68_4605,12228.290432760628
00bbac68_4606,12228.261787569472
00bbac68_4607,12228.22302518572
00bbac68_4608,12228.171899683766
00bbac68_4609,12228.111906431735
00bbac68_4610,12228.064729045214
00bbac68_4611,12228.023599511504
00bbac68_4612,12227.985494288612
00bbac68_4613,12227.961916720002
00bbac68_4614,12227.944209519012
00bbac68_4615,12227.922626442
00bbac68_4616,12227.898331213488
00bbac68_4617,12227.871125897953
00bbac68_4618,12227.83670324036
00bbac68_4619,12227.802530928037
00bbac68_4620,12227.774616296996
00bbac68_4621,12227.748039498792
00bbac68_4622,12227.722725669912
00bbac68_4623,12227.70040963746
00bbac68_4624,12227.678698451027
00bbac68_4625,12227.666916807677
00bbac68_4626,12227.64642837854
00bbac68_4627,12227.628771574897
00bbac68_4628,12227.613946488644
00bbac68_4629,12227.598513394449
00bbac68_4630,12227.585879779726
00bbac68_4631,12227.5840528784
00bbac68_4632,12227.57900979864
00bbac68_4633,12227.56700788841
00bbac68_4634,12227.54431239055
00bbac68_4635,12227.525704580836
00bbac68_4636,12227.507859678415
00bbac68_4637,12227.493524865076
00bbac68_4638,12227.482432438785
00bbac68_4639,12227.48574725592
00bbac68_4640,12227.4749888814
00bbac68_4641,12227.463560374792
00bbac68_4642,12227.458491863888
00bbac68_4643,12227.447795539949
00bbac68_4644,12227.429435610136
00bbac68_4645,12227.40907135174
00bbac68_4646,12227.388154468124
00bbac68_4647,12227.362376909428
00bbac68_4648,12227.349503538208
00bbac68_4649,12227.33469503616
00bbac68_4650,12227.31959794621
00bbac68_4651,12227.304367944796
00bbac68_4652,12227.295921881005
00bbac68_4653,12227.270606758982
00bbac68_4654,12227.234000088723
00bbac68_4655,12227.22163424372
00bbac68_4656,12227.2093294607
00bbac68_4657,12227.197895662155
00bbac68_4658,12227.196988340344
00bbac68_4659,12227.185674614297
00bbac68_4660,12227.17344095498
00bbac68_4661,12227.170235725303
00bbac68_4662,12227.15442528442
00bbac68_4663,12227.139383475229
00bbac68_4664,12227.135723660562
00bbac68_4665,12227.122072160357
00bbac68_4666,12227.105580914596
00bbac68_4667,12227.100799149515
00bbac68_4668,12227.089478813448
00bbac68_4669,12227.07524622538
00bbac68_4670,12227.063501877166
00bbac68_4671,12227.034138520394
00bbac68_4672,12227.021606308012
00bbac68_4673,12227.007235119943
00bbac68_4674,12226.99352080093
00bbac68_4675,12226.989343349323
00bbac68_4676,12226.974573600906
00bbac68_4677,12226.968510274228
00bbac68_4678,12226.952436622025
00bbac68_4679,12226.947333712316
00bbac68_4680,12226.93358122344
00bbac68_4681,12226.92883477822
00bbac68_4682,12226.91442463628
00bbac68_4683,12226.90818155653
00bbac68_4684,12226.894309012385
00bbac68_4685,12226.890813619915
00bbac68_4686,12226.874960058109
00bbac68_4687,12226.87002147215
00bbac68_4688,12226.856795054153
00bbac68_4689,12226.857323330483
00bbac68_4690,12226.846788315106
00bbac68_4691,12226.844020430046
00bbac68_4692,12226.830137778234
00bbac68_4693,12226.824517142742
00bbac68_4694,12226.808737491809
00bbac68_4695,12226.80246869563
00bbac68_4696,12226.786596760196
00bbac68_4697,12226.77950825989
00bbac68_4698,12226.763774696215
00bbac68_4699,12226.762792442183
00bbac68_4700,12226.761473851731
00bbac68_4701,12226.743969458425
00bbac68_4702,12226.736993735936
00bbac68_4703,12226.721685367616
00bbac68_4704,12226.71751655282
00bbac68_4705,12226.714453996678
00bbac68_4706,12226.702597494186
00bbac68_4707,12226.699873961525
00bbac68_4708,12226.698293241025
00bbac68_4709,12226.687830879358
00bbac68_4710,12226.681623298666
00bbac68_4711,12226.6741767149
00bbac68_4712,12226.66596359133
00bbac68_4713,12226.667810465762
00bbac68_4714,12226.667934847896
00bbac68_4715,12226.654417649832
00bbac68_4716,12226.647051593352
00bbac68_4717,12226.63679217727
00bbac68_4718,12226.615736878117
00bbac68_4719,12226.604931910975
00bbac68_4720,12226.597003402056
00bbac68_4721,12226.591008705183
00bbac68_4722,12226.576732112975
00bbac68_4723,12226.572723913983
00bbac68_4724,12226.56693020369
00bbac68_4725,12226.55751450556
00bbac68_4726,12226.539289711607
00bbac68_4727,12226.534959058015
00bbac68_4728,12226.533913257812
00bbac68_4729,12226.531185087328
00bbac68_4730,12226.527846065585
00bbac68_4731,12226.513266952312
00bbac68_4732,12226.508332740328
00bbac68_4733,12226.507663102984
00bbac68_4734,12226.465879139289
00bbac68_4735,12226.461069479616
00bbac68_4736,12226.451472281402
00bbac68_4737,12226.44388148218
00bbac68_4738,12226.436755709625
00bbac68_4739,12226.419941862718
00bbac68_4740,12226.412830200214
00bbac68_4741,12226.405992753507
00bbac68_4742,12226.399485617949
00bbac68_4743,12226.393371012744
00bbac68_4744,12226.38768820262
00bbac68_4745,12226.38237882368
00bbac68_4746,12226.3772041906
00bbac68_4747,12226.372052163291
00bbac68_4748,12226.367559900811
00bbac68_4749,12226.364239016182
00bbac68_4750,12226.360834847028
00bbac68_4751,12226.354002867944
00bbac68_4752,12226.343932092876
00bbac68_4753,12226.335900379974
00bbac68_4754,12226.330058789425
00bbac68_4755,12226.326136200354
00bbac68_4756,12226.323722731013
00bbac68_4757,12226.33157783444
00bbac68_4758,12226.32794174987
00bbac68_4759,12226.323350855968
00bbac68_4760,12226.31849403378
00bbac68_4761,12226.312888810424
00bbac68_4762,12226.306647043972
00bbac68_4763,12226.29976584094
00bbac68_4764,12226.29221968876
00bbac68_4765,12226.29223330797
00bbac68_4766,12226.281838217514
00bbac68_4767,12226.27373629971
00bbac68_4768,12226.266724302046
00bbac68_4769,12226.25862629956
00bbac68_4770,12226.262997219055
00bbac68_4771,12226.259325207237
00bbac68_4772,12226.251923339394
00bbac68_4773,12226.244200625762
00bbac68_4774,12226.237344885909
00bbac68_4775,12226.23519025756
00bbac68_4776,12226.225360328532
00bbac68_4777,12226.2229337645
00bbac68_4778,12226.228649559534
00bbac68_4779,12226.223176752075
00bbac68_4780,12226.21558594712
00bbac68_4781,12226.215540564514
00bbac68_4782,12226.20471254427
00bbac68_4783,12226.194515094225
00bbac68_4784,12226.195168893128
00bbac68_4785,12226.1878515179
00bbac68_4786,12226.181465492562
00bbac68_4787,12226.185981708555
00bbac68_4788,12226.18679668396
00bbac68_4789,12226.19755751484
00bbac68_4790,12226.217042187016
00bbac68_4791,12226.216622017717
00bbac68_4792,12226.222617690944
00bbac68_4793,12226.21994950605
00bbac68_4794,12226.226378008085
00bbac68_4795,12226.222014634144
00bbac68_4796,12226.215858963476
00bbac68_4797,12226.21716488615
00bbac68_4798,12226.206700337603
00bbac68_4799,12226.20371873658
00bbac68_4800,12226.1997748203
00bbac68_4801,12226.224113885532
00bbac68_4802,12226.242140284588
00bbac68_4803,12226.255821913595
00bbac68_4804,12226.263250111708
00bbac68_4805,12226.26512627088
00bbac68_4806,12226.26588576041
00bbac68_4807,12226.237368885171
00bbac68_4808,12226.221004737832
00bbac68_4809,12226.209371195517
00bbac68_4810,12226.212488655725
00bbac68_4811,12226.21329214002
00bbac68_4812,12226.205612515449
00bbac68_4813,12226.211840452852
00bbac68_4814,12226.218149770775
00bbac68_4815,12226.208760478115
00bbac68_4816,12226.194112562156
00bbac68_4817,12226.157881413455
00bbac68_4818,12226.12615428149
00bbac68_4819,12226.111691186024
00bbac68_4820,12226.09884331893
00bbac68_4821,12226.098949541423
00bbac68_4822,12226.098236232516
00bbac68_4823,12226.086052673145
00bbac68_4824,12226.08366774196
00bbac68_4825,12226.0824236363
00bbac68_4826,12226.080106483314
00bbac68_4827,12226.068581498876
00bbac68_4828,12226.067014947565
00bbac68_4829,12226.065775560906
00bbac68_4830,12226.055234664676
00bbac68_4831,12226.05703827458
00bbac68_4832,12226.058526378574
00bbac68_4833,12226.04899415523
00bbac68_4834,12226.04950042244
00bbac68_4835,12226.050485891386
00bbac68_4836,12226.053274873502
00bbac68_4837,12226.04675050006
00bbac68_4838,12226.049890970158
00bbac68_4839,12226.05149527849
00bbac68_4840,12226.052240429042
00bbac68_4841,12226.044118537246
00bbac68_4842,12226.045334408736
00bbac68_4843,12226.046123891449
00bbac68_4844,12226.047782320604
00bbac68_4845,12226.049439147664
00bbac68_4846,12226.043533061424
00bbac68_4847,12226.048625009798
00bbac68_4848,12226.055157754532
00bbac68_4849,12226.059632236516
00bbac68_4850,12226.061073204291
00bbac68_4851,12226.052027186272
00bbac68_4852,12226.05511894762
00bbac68_4853,12226.060242847749
00bbac68_4854,12226.065891042732
00bbac68_4855,12226.071100965635
00bbac68_4856,12226.05989448959
00bbac68_4857,12226.054931427863
00bbac68_4858,12226.05211569978
00bbac68_4859,12226.054292333289
00bbac68_4860,12226.061917499968
00bbac68_4861,12226.068378796626
00bbac68_4862,12226.072154956631
00bbac68_4863,12226.061205934286
00bbac68_4864,12226.059064340468
00bbac68_4865,12226.05792959193
00bbac68_4866,12226.062425378706
00bbac68_4867,12226.069891050782
00bbac68_4868,12226.073173492923
00bbac68_4869,12226.072846455168
00bbac68_4870,12226.06878900747
00bbac68_4871,12226.064239298146
00bbac68_4872,12226.0591879761
00bbac68_4873,12226.042803969203
00bbac68_4874,12226.031736000788
00bbac68_4875,12226.01256458039
00bbac68_4876,12225.99839109942
00bbac68_4877,12225.987137541795
00bbac68_4878,12225.983070556924
00bbac68_4879,12225.984077129331
00bbac68_4880,12225.986813616855
00bbac68_4881,12225.988561966002
00bbac68_4882,12225.989187036552
00bbac68_4883,12225.989041610688
00bbac68_4884,12225.988243010688
00bbac68_4885,12225.985727119802
00bbac68_4886,12225.980788556688
00bbac68_4887,12225.974993341184
00bbac68_4888,12225.977024034546
00bbac68_4889,12225.987190030131
00bbac68_4890,12226.000395784637
00bbac68_4891,12226.015043723164
00bbac68_4892,12226.012372214049
00bbac68_4893,12225.998408983623
00bbac68_4894,12226.00002778496
00bbac68_4895,12226.005546637844
00bbac68_4896,12226.005845861058
00bbac68_4897,12226.010046817792
00bbac68_4898,12226.018099245888
00bbac68_4899,12226.021571471616
00bbac68_4900,12226.02592992868
00bbac68_4901,12226.040665098932
00bbac68_4902,12226.048345762232
00bbac68_4903,12226.048877345354
00bbac68_4904,12226.044425044587
00bbac68_4905,12226.036279625258
00bbac68_4906,12226.03144653479
00bbac68_4907,12226.039781125492
00bbac68_4908,12226.046994896944
00bbac68_4909,12226.045082416407
00bbac68_4910,12226.045161045628
00bbac68_4911,12226.057794164966
00bbac68_4912,12226.07112719569
00bbac68_4913,12226.07935582522
00bbac68_4914,12226.084585135664
00bbac68_4915,12226.08266275438
00bbac68_4916,12226.048305005692
00bbac68_4917,12226.02060904546
00bbac68_4918,12226.023734553772
00bbac68_4919,12226.029626038702
00bbac68_4920,12226.0370871441
00bbac68_4921,12226.053101087962
00bbac68_4922,12226.057737839888
00bbac68_4923,12226.063027566688
00bbac68_4924,12226.068963299802
00bbac68_4925,12226.079567425755
00bbac68_4926,12226.126440958706
00bbac68_4927,12226.157991308834
00bbac68_4928,12226.171162691408
00bbac68_4929,12226.17649678311
00bbac68_4930,12226.197913246784
00bbac68_4931,12226.205715228962
00bbac68_4932,12226.207305839964
00bbac68_4933,12226.215424652672
00bbac68_4934,12226.21785685378
00bbac68_4935,12226.224645894714
00bbac68_4936,12226.240776903182
00bbac68_4937,12226.246380279694
00bbac68_4938,12226.250715012036
00bbac68_4939,12226.26132252074
00bbac68_4940,12226.25903231248
00bbac68_4941,12226.25964104648
00bbac68_4942,12226.275909773936
00bbac68_4943,12226.28082081719
00bbac68_4944,12226.279361852165
00bbac68_4945,12226.288584741002
00bbac68_4946,12226.29448287849
00bbac68_4947,12226.314769741011
00bbac68_4948,12226.32579522247
00bbac68_4949,12226.32457225765
00bbac68_4950,12226.331401493931
00bbac68_4951,12226.336985689051
00bbac68_4952,12226.35149834201
00bbac68_4953,12226.354295768697
00bbac68_4954,12226.368839102342
00bbac68_4955,12226.3759398543
00bbac68_4956,12226.394246819027
00bbac68_4957,12226.406788641576
00bbac68_4958,12226.432359596009
00bbac68_4959,12226.442264109995
00bbac68_4960,12226.457281936957
00bbac68_4961,12226.460457792356
00bbac68_4962,12226.47640779742
00bbac68_4963,12226.487316933524
00bbac68_4964,12226.49881782061
00bbac68_4965,12226.508365164767
00bbac68_4966,12226.530742487452
00bbac68_4967,12226.555164596217
00bbac68_4968,12226.558470107144
00bbac68_4969,12226.574573481896
00bbac68_4970,12226.584106181856
00bbac68_4971,12226.604898830528
00bbac68_4972,12226.627319951736
00bbac68_4973,12226.638947989282
00bbac68_4974,12226.656748160509
00bbac68_4975,12226.660633971636
00bbac68_4976,12226.668103086427
00bbac68_4977,12226.67488983172
00bbac68_4978,12226.67486506112
00bbac68_4979,12226.684943098118
00bbac68_4980,12226.695303327608
00bbac68_4981,12226.696815063851
00bbac68_4982,12226.708314111072
00bbac68_4983,12226.722399814986
00bbac68_4984,12226.73894860105
00bbac68_4985,12226.748862596469
00bbac68_4986,12226.768830857738
00bbac68_4987,12226.789839010611
00bbac68_4988,12226.813863647476
00bbac68_4989,12226.82768692233
00bbac68_4990,12226.845775152084
00bbac68_4991,12226.858563828098
00bbac68_4992,12226.867595703026
00bbac68_4993,12226.873097842645
00bbac68_4994,12226.89093422404
00bbac68_4995,12226.906098937972
00bbac68_4996,12226.92022974449
00bbac68_4997,12226.935822994164
00bbac68_4998,12226.943489991983
00bbac68_4999,12226.959140576468
00bbac68_5000,12226.970655317436
00bbac68_5001,12226.984403655511
00bbac68_5002,12227.000078733803
00bbac68_5003,12227.026888876246
00bbac68_5004,12227.044895331825
00bbac68_5005,12227.06154729223
00bbac68_5006,12227.06774718719
00bbac68_5007,12227.065798314745
00bbac68_5008,12226.991631569084
00bbac68_5009,12226.969002505186
00bbac68_5010,12226.995740589788
00bbac68_5011,12226.977489705656
00bbac68_5012,12226.980698432384
00bbac68_5013,12226.987693869492
00bbac68_5014,12226.995794785544
00bbac68_5015,12227.004665813023
00bbac68_5016,12227.006040728857
00bbac68_5017,12227.019770624069
00bbac68_5018,12227.033821666662
00bbac68_5019,12227.04504756349
00bbac68_5020,12227.057009651342
00bbac68_5021,12227.07073818091
00bbac68_5022,12227.075157169798
00bbac68_5023,12227.08909198898
00bbac68_5024,12227.102637668117
00bbac68_5025,12227.114963937423
00bbac68_5026,12227.125804112144
00bbac68_5027,12227.127355705416
00bbac68_5028,12227.138767884127
00bbac68_5029,12227.150375357567
00bbac68_5030,12227.162188268752
00bbac68_5031,12227.174199339152
00bbac68_5032,12227.175038817046
00bbac68_5033,12227.18516980897
00bbac68_5034,12227.19600242769
00bbac68_5035,12227.207457590352
00bbac68_5036,12227.220989498788
00bbac68_5037,12227.22638568904
00bbac68_5038,12227.241819143484
00bbac68_5039,12227.257810278676
00bbac68_5040,12227.27405002348
00bbac68_5041,12227.281815662123
00bbac68_5042,12227.301191714449
00bbac68_5043,12227.322952624992
00bbac68_5044,12227.347487656289
00bbac68_5045,12227.373889091916
00bbac68_5046,12227.388357532604
00bbac68_5047,12227.408694298256
00bbac68_5048,12227.426004332689
00bbac68_5049,12227.444460633107
00bbac68_5050,12227.448570207316
00bbac68_5051,12227.4444908521
00bbac68_5052,12227.43476403667
00bbac68_5053,12227.424729628572
00bbac68_5054,12227.422372479108
00bbac68_5055,12227.435736727815
00bbac68_5056,12227.445832284076
00bbac68_5057,12227.454829347313
00bbac68_5058,12227.46800216438
00bbac68_5059,12227.472322058382
00bbac68_5060,12227.48569498422
00bbac68_5061,12227.49849205474
00bbac68_5062,12227.509709675567
00bbac68_5063,12227.50993483326
00bbac68_5064,12227.518353312784
00bbac68_5065,12227.525489117956
00bbac68_5066,12227.528871122064
00bbac68_5067,12227.549439154503
00bbac68_5068,12227.571209063008
00bbac68_5069,12227.583817817653
00bbac68_5070,12227.580848788804
00bbac68_5071,12227.58369446034
00bbac68_5072,12227.595047835672
00bbac68_5073,12227.617077163628
00bbac68_5074,12227.620691619546
00bbac68_5075,12227.62475919791
00bbac68_5076,12227.634057161657
00bbac68_5077,12227.646951761551
00bbac68_5078,12227.648079076143
00bbac68_5079,12227.655823360572
00bbac68_5080,12227.659973157926
00bbac68_5081,12227.653779798307
00bbac68_5082,12227.658521506954
00bbac68_5083,12227.667657216703
00bbac68_5084,12227.684043557652
00bbac68_5085,12227.682134917164
00bbac68_5086,12227.681867439242
00bbac68_5087,12227.688743803252
00bbac68_5088,12227.690275032925
00bbac68_5089,12227.69703325255
00bbac68_5090,12227.702046281434
00bbac68_5091,12227.69581386155
00bbac68_5092,12227.697713682472
00bbac68_5093,12227.69509137182
00bbac68_5094,12227.70512877575
00bbac68_5095,12227.7091719596
00bbac68_5096,12227.721824012811
00bbac68_5097,12227.7330198786
00bbac68_5098,12227.736190411955
00bbac68_5099,12227.7500935595
00bbac68_5100,12227.76073283288
00bbac68_5101,12227.759784898237
00bbac68_5102,12227.76688607317
00bbac68_5103,12227.773777651975
00bbac68_5104,12227.770317218075
00bbac68_5105,12227.756419143208
00bbac68_5106,12227.73822232013
00bbac68_5107,12227.70713536544
00bbac68_5108,12227.695182594653
00bbac68_5109,12227.712955110012
00bbac68_5110,12227.738982440253
00bbac68_5111,12227.75951294654
00bbac68_5112,12227.78013964788
00bbac68_5113,12227.799415274152
00bbac68_5114,12227.806632835824
00bbac68_5115,12227.819774794578
00bbac68_5116,12227.83046167362
00bbac68_5117,12227.834635718642
00bbac68_5118,12227.849701146746
00bbac68_5119,12227.859052418906
00bbac68_5120,12227.863014281576
00bbac68_5121,12227.877348276335
00bbac68_5122,12227.88899217495
00bbac68_5123,12227.89903634458
00bbac68_5124,12227.899199325102
00bbac68_5125,12227.90659395254
00bbac68_5126,12227.914668475154
00bbac68_5127,12227.9203286054
00bbac68_5128,12227.936452114076
00bbac68_5129,12227.950872409592
00bbac68_5130,12227.95497855419
00bbac68_5131,12227.968026863657
00bbac68_5132,12227.980030069071
00bbac68_5133,12227.98187678675
00bbac68_5134,12227.99405322812
00bbac68_5135,12228.006663818252
00bbac68_5136,12228.019328719258
00bbac68_5137,12228.021525202566
00bbac68_5138,12228.031543379444
00bbac68_5139,12228.042583612383
00bbac68_5140,12228.046376787532
00bbac68_5141,12228.059304218415
00bbac68_5142,12228.071158570652
00bbac68_5143,12228.073694622512
00bbac68_5144,12228.086253950263
00bbac68_5145,12228.09960437382
00bbac68_5146,12228.10352793865
00bbac68_5147,12228.115515903632
00bbac68_5148,12228.126793978185
00bbac68_5149,12228.138603937145
00bbac68_5150,12228.1416096805
00bbac68_5151,12228.155101274402
00bbac68_5152,12228.16803786235
00bbac68_5153,12228.170432501853
00bbac68_5154,12228.182494973542
00bbac68_5155,12228.19710536517
00bbac68_5156,12228.204841594428
00bbac68_5157,12228.22539875664
00bbac68_5158,12228.249498047113
00bbac68_5159,12228.22743035521
00bbac68_5160,12228.182648311158
00bbac68_5161,12228.138718982556
00bbac68_5162,12228.14077678246
00bbac68_5163,12228.159028261583
00bbac68_5164,12228.186293995232
00bbac68_5165,12228.204714010246
00bbac68_5166,12228.20914603361
00bbac68_5167,12228.224356693923
00bbac68_5168,12228.240133273674
00bbac68_5169,12228.246387093122
00bbac68_5170,12228.258558738167
00bbac68_5171,12228.266098987093
00bbac68_5172,12228.267318667167
00bbac68_5173,12228.28116769948
00bbac68_5174,12228.295164540508
00bbac68_5175,12228.299741030083
00bbac68_5176,12228.315712553507
00bbac68_5177,12228.330107448028
00bbac68_5178,12228.34159568029
00bbac68_5179,12228.34119924829
00bbac68_5180,12228.349398411234
00bbac68_5181,12228.360226791034
00bbac68_5182,12228.362566550277
00bbac68_5183,12228.37331373398
00bbac68_5184,12228.38348457708
00bbac68_5185,12228.378236990651
00bbac68_5186,12228.354576585663
00bbac68_5187,12228.228554830395
00bbac68_5188,12228.119635200928
00bbac68_5189,12228.133377937902
00bbac68_5190,12228.192871957654
00bbac68_5191,12228.24618213982
00bbac68_5192,12228.28075422383
00bbac68_5193,12228.307275611844
00bbac68_5194,12228.310234583363
00bbac68_5195,12228.32684106304
00bbac68_5196,12228.353181798857
00bbac68_5197,12228.362834718171
00bbac68_5198,12228.374928860074
00bbac68_5199,12228.383663812332
00bbac68_5200,12228.405899755431
00bbac68_5201,12228.41692719353
00bbac68_5202,12228.435848836529
00bbac68_5203,12228.444124466
00bbac68_5204,12228.464387547145
00bbac68_5205,12228.472668275146
00bbac68_5206,12228.4748815718
00bbac68_5207,12228.456462407596
00bbac68_5208,12228.390851285414
00bbac68_5209,12228.344111766944
00bbac68_5210,12228.358478812825
00bbac68_5211,12228.378497475986
00bbac68_5212,12228.403036507088
00bbac68_5213,12228.38574213659
00bbac68_5214,12228.345119869156
00bbac68_5215,12228.367878289951
00bbac68_5216,12228.399852940838
00bbac68_5217,12228.422761614009
00bbac68_5218,12228.432871911344
00bbac68_5219,12228.448002086585
00bbac68_5220,12228.466736069804
00bbac68_5221,12228.48348999704
00bbac68_5222,12228.49405327903
00bbac68_5223,12228.504367544563
00bbac68_5224,12228.517854803493
00bbac68_5225,12228.531887166486
00bbac68_5226,12228.554137053856
00bbac68_5227,12228.565394822312
00bbac68_5228,12228.573119809787
00bbac68_5229,12228.57820006406
00bbac68_5230,12228.582364133965
00bbac68_5231,12228.577784135929
00bbac68_5232,12228.582457204911
00bbac68_5233,12228.58004476213
00bbac68_5234,12228.574395869298
00bbac68_5235,12228.570071621043
00bbac68_5236,12228.568306697558
00bbac68_5237,12228.56978652148
00bbac68_5238,12228.572318293393
00bbac68_5239,12228.56566214371
00bbac68_5240,12228.57088381214
00bbac68_5241,12228.57808267376
00bbac68_5242,12228.57853898218
00bbac68_5243,12228.564831822308
00bbac68_5244,12228.562713241405
00bbac68_5245,12228.561799372836
00bbac68_5246,12228.562284680214
00bbac68_5247,12228.554680922303
00bbac68_5248,12228.56088944314
00bbac68_5249,12228.567612415653
00bbac68_5250,12228.5634775215
00bbac68_5251,12228.567858458822
00bbac68_5252,12228.560855803147
00bbac68_5253,12228.56419813393
00bbac68_5254,12228.558470107298
00bbac68_5255,12228.559295721852
00bbac68_5256,12228.547606366728
00bbac68_5257,12228.547001293868
00bbac68_5258,12228.538493758246
00bbac68_5259,12228.53829471044
00bbac68_5260,12228.528570689306
00bbac68_5261,12228.529293381802
00bbac68_5262,12228.521398547164
00bbac68_5263,12228.52329028341
00bbac68_5264,12228.515685731923
00bbac68_5265,12228.508322086498
00bbac68_5266,12228.509605066583
00bbac68_5267,12228.500546576568
00bbac68_5268,12228.48820583516
00bbac68_5269,12228.466227264073
00bbac68_5270,12228.437961461008
00bbac68_5271,12228.396978379971
00bbac68_5272,12228.384347323474
00bbac68_5273,12228.387838948847
00bbac68_5274,12228.3967381957
00bbac68_5275,12228.392557951864
00bbac68_5276,12228.385206557892
00bbac68_5277,12228.376478178436
00bbac68_5278,12228.370775962165
00bbac68_5279,12228.366720164722
00bbac68_5280,12228.360602204131
00bbac68_5281,12228.35185210548
00bbac68_5282,12228.338454508908
00bbac68_5283,12228.320161944644
00bbac68_5284,12228.301858408133
00bbac68_5285,12228.283589421526
00bbac68_5286,12228.271743836049
00bbac68_5287,12228.266212002194
00bbac68_5288,12228.276423611847
00bbac68_5289,12228.282713174123
00bbac68_5290,12228.286500530676
00bbac68_5291,12228.284483112113
00bbac68_5292,12228.27722269945
00bbac68_5293,12228.26496700828
00bbac68_5294,12228.249303416254
00bbac68_5295,12228.241169420337
00bbac68_5296,12228.238459018245
00bbac68_5297,12228.23245176395
00bbac68_5298,12228.224920263128
00bbac68_5299,12228.226518560934
00bbac68_5300,12228.23310994008
00bbac68_5301,12228.223284786343
00bbac68_5302,12228.22284475874
00bbac68_5303,12228.21723529417
00bbac68_5304,12228.218897858933
00bbac68_5305,12228.221528230082
00bbac68_5306,12228.219021419283
00bbac68_5307,12228.214681754904
00bbac68_5308,12228.209534008329
00bbac68_5309,12228.203897603502
00bbac68_5310,12228.206717612802
00bbac68_5311,12228.200097773872
00bbac68_5312,12228.195063503765
00bbac68_5313,12228.194915694316
00bbac68_5314,12228.188303566769
00bbac68_5315,12228.179052718147
00bbac68_5316,12228.180635856235
00bbac68_5317,12228.17281386704
00bbac68_5318,12228.161149956804
00bbac68_5319,12228.145531981538
00bbac68_5320,12228.13256160499
00bbac68_5321,12228.122904697257
00bbac68_5322,12228.126929587665
00bbac68_5323,12228.125689783486
00bbac68_5324,12228.122921876567
00bbac68_5325,12228.1114091031
00bbac68_5326,12228.111638433851
00bbac68_5327,12228.108513396772
00bbac68_5328,12228.120030734464
00bbac68_5329,12228.131684405666
00bbac68_5330,12228.129923795252
00bbac68_5331,12228.139428993254
00bbac68_5332,12228.14289125087
00bbac68_5333,12228.144012933475
00bbac68_5334,12228.143346521494
00bbac68_5335,12228.147861185986
00bbac68_5336,12228.141995525457
00bbac68_5337,12228.136440134567
00bbac68_5338,12228.1442095151
00bbac68_5339,12228.14375231907
00bbac68_5340,12228.137669808471
00bbac68_5341,12228.130598491882
00bbac68_5342,12228.135189393342
00bbac68_5343,12228.129466690323
00bbac68_5344,12228.122077302742
00bbac68_5345,12228.127895228845
00bbac68_5346,12228.126405326722
00bbac68_5347,12228.120687601548
00bbac68_5348,12228.123662527058
00bbac68_5349,12228.120123278271
00bbac68_5350,12228.11431311678
00bbac68_5351,12228.115750388471
00bbac68_5352,12228.10604808462
00bbac68_5353,12228.094383071886
00bbac68_5354,12228.099666521906
00bbac68_5355,12228.104371680827
00bbac68_5356,12228.107457334949
00bbac68_5357,12228.11431080578
00bbac68_5358,12228.108187905407
00bbac68_5359,12228.109571201983
00bbac68_5360,12228.100258963048
00bbac68_5361,12228.091030024423
00bbac68_5362,12228.09152627084
00bbac68_5363,12228.083255514712
00bbac68_5364,12228.084211292567
00bbac68_5365,12228.075201037427
00bbac68_5366,12228.064661213291
00bbac68_5367,12228.068901681612
00bbac68_5368,12228.066819135423
00bbac68_5369,12228.073393596618
00bbac68_5370,12228.07005577003
00bbac68_5371,12228.066501284178
00bbac68_5372,12228.071230051464
00bbac68_5373,12228.064422519285
00bbac68_5374,12228.064098910483
00bbac68_5375,12228.059111946945
00bbac68_5376,12228.069407586305
00bbac68_5377,12228.06711139635
00bbac68_5378,12228.072027980112
00bbac68_5379,12228.065745734755
00bbac68_5380,12228.060269791717
00bbac68_5381,12228.065424842467
00bbac68_5382,12228.05534632444
00bbac68_5383,12228.048046490863
00bbac68_5384,12228.052737042142
00bbac68_5385,12228.049934748244
00bbac68_5386,12228.048364839098
00bbac68_5387,12228.046732006838
00bbac68_5388,12228.03766078974
00bbac68_5389,12228.026558685113
00bbac68_5390,12228.015658309803
00bbac68_5391,12228.009295207765
00bbac68_5392,12228.003761823024
00bbac68_5393,12227.998992753854
00bbac68_5394,12227.995017584955
00bbac68_5395,12227.991538538692
00bbac68_5396,12227.989296215052
00bbac68_5397,12227.987093190695
00bbac68_5398,12227.9753657303
00bbac68_5399,12227.97294992521
00bbac68_5400,12227.969501657572
00bbac68_5401,12227.9641634466
00bbac68_5402,12227.948543380317
00bbac68_5403,12227.94357472958
00bbac68_5404,12227.929729906442
00bbac68_5405,12227.924602354173
00bbac68_5406,12227.90929778478
00bbac68_5407,12227.90149538322
00bbac68_5408,12227.88448023523
00bbac68_5409,12227.876194818562
00bbac68_5410,12227.858455664891
00bbac68_5411,12227.84317042804
00bbac68_5412,12227.838039376464
00bbac68_5413,12227.816979827348
00bbac68_5414,12227.79711285528
00bbac68_5415,12227.779179168738
00bbac68_5416,12227.76440611768
00bbac68_5417,12227.7547928259
00bbac68_5418,12227.735549108647
00bbac68_5419,12227.718499807832
00bbac68_5420,12227.702805716632
00bbac68_5421,12227.688617168493
00bbac68_5422,12227.6728978259
00bbac68_5423,12227.642222467744
00bbac68_5424,12227.619823347815
00bbac68_5425,12227.601105978869
00bbac68_5426,12227.583903860965
00bbac68_5427,12227.565423107388
00bbac68_5428,12227.534080819289
00bbac68_5429,12227.50772379396
00bbac68_5430,12227.478277882496
00bbac68_5431,12227.442954726192
00bbac68_5432,12227.424942081536
00bbac68_5433,12227.413182266027
00bbac68_5434,12227.395319975338
00bbac68_5435,12227.380952410222
00bbac68_5436,12227.34834354513
00bbac68_5437,12227.314699270555
00bbac68_5438,12227.27697610504
00bbac68_5439,12227.25107386447
00bbac68_5440,12227.243194591942
00bbac68_5441,12227.2339893221
00bbac68_5442,12227.230863865076
00bbac68_5443,12227.231368505036
00bbac68_5444,12227.222942245216
00bbac68_5445,12227.185038973594
00bbac68_5446,12227.144512302872
00bbac68_5447,12227.10493888591
00bbac68_5448,12227.088689217077
00bbac68_5449,12227.077524883807
00bbac68_5450,12227.055853107817
00bbac68_5451,12227.024579085735
00bbac68_5452,12226.996179753614
00bbac68_5453,12226.97233047479
00bbac68_5454,12226.952147419142
00bbac68_5455,12226.920936780854
00bbac68_5456,12226.897700505751
00bbac68_5457,12226.87533570053
00bbac68_5458,12226.857952843371
00bbac68_5459,12226.83561331717
00bbac68_5460,12226.823411567124
00bbac68_5461,12226.80681935028
00bbac68_5462,12226.77817783895
00bbac68_5463,12226.76347691888
00bbac68_5464,12226.741843336433
00bbac68_5465,12226.727125962838
00bbac68_5466,12226.70203720172
00bbac68_5467,12226.676073191842
00bbac68_5468,12226.659088422088
00bbac68_5469,12226.6325433273
00bbac68_5470,12226.602322495382
00bbac68_5471,12226.577058625036
00bbac68_5472,12226.544188525631
00bbac68_5473,12226.506433251843
00bbac68_5474,12226.44537885996
00bbac68_5475,12226.365341766246
00bbac68_5476,12226.281687770796
00bbac68_5477,12226.2251777753
00bbac68_5478,12226.20762657906
00bbac68_5479,12226.216961894355
00bbac68_5480,12226.19542418914
00bbac68_5481,12226.170100326097
00bbac68_5482,12226.14423955942
00bbac68_5483,12226.123847256526
00bbac68_5484,12226.108087251338
00bbac68_5485,12226.077352775672
00bbac68_5486,12226.040930803532
00bbac68_5487,12225.99658197981
00bbac68_5488,12225.958869872597
00bbac68_5489,12225.905093922493
00bbac68_5490,12225.850830517502
00bbac68_5491,12225.80872318704
00bbac68_5492,12225.76657794907
00bbac68_5493,12225.734825813295
00bbac68_5494,12225.697463611476
00bbac68_5495,12225.659120838034
00bbac68_5496,12225.617051106092
00bbac68_5497,12225.57744176553
00bbac68_5498,12225.550790730102
00bbac68_5499,12225.518045927893
00bbac68_5500,12225.487078706612
00bbac68_5501,12225.45655717788
00bbac68_5502,12225.42629147381
00bbac68_5503,12225.40539711586
00bbac68_5504,12225.374331986168
00bbac68_5505,12225.344190490108
00bbac68_5506,12225.31323604035
00bbac68_5507,12225.277848527548
00bbac68_5508,12225.249461801855
00bbac68_5509,12225.21443738928
00bbac68_5510,12225.190328019296
00bbac68_5511,12225.161756963593
00bbac68_5512,12225.128275040724
00bbac68_5513,12225.09205477026
00bbac68_5514,12225.068509247958
00bbac68_5515,12225.042072663682
00bbac68_5516,12225.007684909611
00bbac68_5517,12224.96986089232
00bbac68_5518,12224.92718909706
00bbac68_5519,12224.878424033815
00bbac68_5520,12224.82725819483
00bbac68_5521,12224.760173850413
00bbac68_5522,12224.68766980188
00bbac68_5523,12224.608823297884
00bbac68_5524,12224.5073489705
00bbac68_5525,12224.42980745211
00bbac68_5526,12224.405547961638
00bbac68_5527,12224.30178642337
00bbac68_5528,12224.210531824438
00bbac68_5529,12224.115671761483
00bbac68_5530,12224.024283263769
00bbac68_5531,12223.93621522667
00bbac68_5532,12223.87024668922
00bbac68_5533,12223.817089252523
00bbac68_5534,12223.756255183524
00bbac68_5535,12223.690458692678
00bbac68_5536,12223.623884370834
00bbac68_5537,12223.562231719176
00bbac68_5538,12223.508658766248
00bbac68_5539,12223.462598955532
00bbac68_5540,12223.431150145709
00bbac68_5541,12223.397451759109
00bbac68_5542,12223.36104304784
00bbac68_5543,12223.336312685607
00bbac68_5544,12223.31428971033
00bbac68_5545,12223.290531831914
00bbac68_5546,12223.263530572112
00bbac68_5547,12223.235668985892
00bbac68_5548,12223.214586756412
00bbac68_5549,12223.176039872184
00bbac68_5550,12223.131925802256
00bbac68_5551,12223.085713535424
00bbac68_5552,12223.041343009272
00bbac68_5553,12222.997488413104
00bbac68_5554,12222.958559110371
00bbac68_5555,12222.923396558012
00bbac68_5556,12222.892610564675
00bbac68_5557,12222.896253229088
00bbac68_5558,12222.892097934777
00bbac68_5559,12222.8799000902
00bbac68_5560,12222.86751118947
00bbac68_5561,12222.849034642004
00bbac68_5562,12222.818417057582
00bbac68_5563,12222.781715216526
00bbac68_5564,12222.74120111471
00bbac68_5565,12222.693744882012
00bbac68_5566,12222.640517968228
00bbac68_5567,12222.608744615149
00bbac68_5568,12222.58996479048
00bbac68_5569,12222.571514147285
00bbac68_5570,12222.5436415262
00bbac68_5571,12222.518472311966
00bbac68_5572,12222.494753676165
00bbac68_5573,12222.472946888003
00bbac68_5574,12222.444216258657
00bbac68_5575,12222.416300415382
00bbac68_5576,12222.388669824277
00bbac68_5577,12222.35943559848
00bbac68_5578,12222.31966524615
00bbac68_5579,12222.288334246534
00bbac68_5580,12222.25605082727
00bbac68_5581,12222.221346882665
00bbac68_5582,12222.184373146223
00bbac68_5583,12222.14716930596
00bbac68_5584,12222.109556859705
00bbac68_5585,12222.070630900727
00bbac68_5586,12222.020450071532
00bbac68_5587,12221.977865330544
00bbac68_5588,12221.936024645776
00bbac68_5589,12221.901536191408
00bbac68_5590,12221.870549259733
00bbac68_5591,12221.825095823504
00bbac68_5592,12221.787117339343
00bbac68_5593,12221.75374919604
00bbac68_5594,12221.723855542674
00bbac68_5595,12221.683379272174
00bbac68_5596,12221.650447082811
00bbac68_5597,12221.611279953297
00bbac68_5598,12221.562617492546
00bbac68_5599,12221.524581288011
00bbac68_5600,12221.487513570464
00bbac68_5601,12221.44182041795
00bbac68_5602,12221.406340293885
00bbac68_5603,12221.37222767926
00bbac68_5604,12221.32979582221
00bbac68_5605,12221.297963775472
00bbac68_5606,12221.257488014871
00bbac68_5607,12221.224458801898
00bbac68_5608,12221.181587245805
00bbac68_5609,12221.136063361504
00bbac68_5610,12221.118440729148
00bbac68_5611,12221.090580570284
00bbac68_5612,12221.06596849375
00bbac68_5613,12221.025002359607
00bbac68_5614,12221.00209638457
00bbac68_5615,12220.984631658212
00bbac68_5616,12220.97262821797
00bbac68_5617,12220.959694327312
00bbac68_5618,12220.937476534256
00bbac68_5619,12220.923707108645
00bbac68_5620,12220.892768700138
00bbac68_5621,12220.86105989241
00bbac68_5622,12220.843304699429
00bbac68_5623,12220.808948087832
00bbac68_5624,12220.766846532017
00bbac68_5625,12220.71455340272
00bbac68_5626,12220.669443149072
00bbac68_5627,12220.60834664582
00bbac68_5628,12220.557828113668
00bbac68_5629,12220.506077601694
00bbac68_5630,12220.457760105028
00bbac68_5631,12220.42338178526
00bbac68_5632,12220.383473121978
00bbac68_5633,12220.296554223209
00bbac68_5634,12220.198112089603
00bbac68_5635,12220.11908897807
00bbac68_5636,12220.069513382738
00bbac68_5637,12220.031976198065
00bbac68_5638,12219.99196506948
00bbac68_5639,12219.93340065239
00bbac68_5640,12219.873502293613
00bbac68_5641,12219.822184558332
00bbac68_5642,12219.774996195656
00bbac68_5643,12219.738449315291
00bbac68_5644,12219.693859613935
00bbac68_5645,12219.650452357604
00bbac68_5646,12219.607945769138
00bbac68_5647,12219.566551098436
00bbac68_5648,12219.526506886992
00bbac68_5649,12219.4879076111
00bbac68_5650,12219.450645437835
00bbac68_5651,12219.415150701669
00bbac68_5652,12219.381187408875
00bbac68_5653,12219.348896737272
00bbac68_5654,12219.318738223585
00bbac68_5655,12219.289856223964
00bbac68_5656,12219.259259467097
00bbac68_5657,12219.223178608168
00bbac68_5658,12219.167281510196
00bbac68_5659,12219.121327315364
00bbac68_5660,12219.07565935609
00bbac68_5661,12219.001067653007
00bbac68_5662,12218.887268963386
00bbac68_5663,12218.762379179232
00bbac68_5664,12218.65892032547
00bbac68_5665,12218.564478074712
00bbac68_5666,12218.485905483916
00bbac68_5667,12218.414331427382
00bbac68_5668,12218.35320232237
00bbac68_5669,12218.298699570878
00bbac68_5670,12218.24676169643
00bbac68_5671,12218.1901939059
00bbac68_5672,12218.147698991992
00bbac68_5673,12218.102140701449
00bbac68_5674,12218.053523932907
00bbac68_5675,12218.005480797849
00bbac68_5676,12217.951967991714
00bbac68_5677,12217.912505573517
00bbac68_5678,12217.871109933869
00bbac68_5679,12217.826019442067
00bbac68_5680,12217.787339771914
00bbac68_5681,12217.73678662736
00bbac68_5682,12217.686399652182
00bbac68_5683,12217.641220575197
00bbac68_5684,12217.60883045791
00bbac68_5685,12217.554414829096
00bbac68_5686,12217.494617342176
00bbac68_5687,12217.421764192535
00bbac68_5688,12217.34688628669
00bbac68_5689,12217.269284458076
00bbac68_5690,12217.204175122102
00bbac68_5691,12217.14338512736
00bbac68_5692,12217.08750289284
00bbac68_5693,12217.039286927378
00bbac68_5694,12216.988767965817
00bbac68_5695,12216.938767946653
00bbac68_5696,12216.879650006524
00bbac68_5697,12216.8297152978
00bbac68_5698,12216.779853073782
00bbac68_5699,12216.721315937062
00bbac68_5700,12216.673445731569
00bbac68_5701,12216.626710150927
00bbac68_5702,12216.57045059005
00bbac68_5703,12216.524995712854
00bbac68_5704,12216.482715730644
00bbac68_5705,12216.428625934888
00bbac68_5706,12216.380895641654
00bbac68_5707,12216.332575274697
00bbac68_5708,12216.272572697657
00bbac68_5709,12216.22183981532
00bbac68_5710,12216.17207106242
00bbac68_5711,12216.114366027905
00bbac68_5712,12216.06760609859
00bbac68_5713,12216.0100970819
00bbac68_5714,12215.96187193002
00bbac68_5715,12215.91387702679
00bbac68_5716,12215.85642058733
00bbac68_5717,12215.8087583635
00bbac68_5718,12215.751603672174
00bbac68_5719,12215.7040387673
00bbac68_5720,12215.65627188206
00bbac68_5721,12215.598560009044
00bbac68_5722,12215.551429157773
00bbac68_5723,12215.495352533597
00bbac68_5724,12215.447849187003
00bbac68_5725,12215.390806901614
00bbac68_5726,12215.342917974016
00bbac68_5727,12215.29288203342
00bbac68_5728,12215.23029337426
00bbac68_5729,12215.174840541347
00bbac68_5730,12215.107303046729
00bbac68_5731,12215.053642460423
00bbac68_5732,12214.99563487386
00bbac68_5733,12214.946298743913
00bbac68_5734,12214.885154597245
00bbac68_5735,12214.83671352568
00bbac68_5736,12214.779517722423
00bbac68_5737,12214.73192676684
00bbac68_5738,12214.672724645752
00bbac68_5739,12214.623589878893
00bbac68_5740,12214.568112216908
00bbac68_5741,12214.522700180703
00bbac68_5742,12214.465788855245
00bbac68_5743,12214.41715032276
00bbac68_5744,12214.360665275086
00bbac68_5745,12214.3044993493
00bbac68_5746,12214.23683175804
00bbac68_5747,12214.168696424964
00bbac68_5748,12214.11265897536
00bbac68_5749,12214.04993002512
00bbac68_5750,12214.00002260356
00bbac68_5751,12213.94252063164
00bbac68_5752,12213.89591009087
00bbac68_5753,12213.842668062973
00bbac68_5754,12213.788204492936
00bbac68_5755,12213.74386750067
00bbac68_5756,12213.691075880644
00bbac68_5757,12213.646919699831
00bbac68_5758,12213.59209868696
00bbac68_5759,12213.545634344791
00bbac68_5760,12213.500752917536
00bbac68_5761,12213.468520517356
00bbac68_5762,12213.413668068986
00bbac68_5763,12213.360246047998
00bbac68_5764,12213.318010992652
00bbac68_5765,12213.271596876735
00bbac68_5766,12213.24549358289
00bbac68_5767,12213.220598938118
00bbac68_5768,12213.213182841644
00bbac68_5769,12213.200725708057
00bbac68_5770,12213.19481214212
00bbac68_5771,12213.16981907616
00bbac68_5772,12213.134620052124
00bbac68_5773,12213.095734650547
00bbac68_5774,12213.05965980551
00bbac68_5775,12213.038526948956
00bbac68_5776,12213.010085233267
00bbac68_5777,12212.991205212977
00bbac68_5778,12212.960303600325
00bbac68_5779,12212.925828280177
00bbac68_5780,12212.870026602746
00bbac68_5781,12212.8111950156
00bbac68_5782,12212.738981930295
00bbac68_5783,12212.64733070609
00bbac68_5784,12212.58546280166
00bbac68_5785,12212.530852063155
00bbac68_5786,12212.473944439547
00bbac68_5787,12212.40471452236
00bbac68_5788,12212.32153823251
00bbac68_5789,12212.2465771749
00bbac68_5790,12212.17752803246
00bbac68_5791,12212.106805347004
00bbac68_5792,12212.051216428064
00bbac68_5793,12211.998241361774
00bbac68_5794,12211.937256339828
00bbac68_5795,12211.88709569098
00bbac68_5796,12211.8382030332
00bbac68_5797,12211.779061268087
00bbac68_5798,12211.730419741372
00bbac68_5799,12211.684144763723
00bbac68_5800,12211.631877360069
00bbac68_5801,12211.590037852464
00bbac68_5802,12211.548487590724
00bbac68_5803,12211.506790242667
00bbac68_5804,12211.455467068994
00bbac68_5805,12211.414027456854
00bbac68_5806,12211.372907231347
00bbac68_5807,12211.319186531273
00bbac68_5808,12211.272147295607
00bbac68_5809,12211.22266964118
00bbac68_5810,12211.172683109518
00bbac68_5811,12211.123432565377
00bbac68_5812,12211.065989225664
00bbac68_5813,12211.019023088667
00bbac68_5814,12210.972547479589
00bbac68_5815,12210.925920683403
00bbac68_5816,12210.879253973017
00bbac68_5817,12210.823278917223
00bbac68_5818,12210.7764240575
00bbac68_5819,12210.730007904269
00bbac68_5820,12210.68395660228
00bbac68_5821,12210.638626569653
00bbac68_5822,12210.593593253532
00bbac68_5823,12210.538285543258
00bbac68_5824,12210.492589176356
00bbac68_5825,12210.447612043532
00bbac68_5826,12210.40362336506
00bbac68_5827,12210.360961900704
00bbac68_5828,12210.317984639942
00bbac68_5829,12210.274492390392
00bbac68_5830,12210.230385424107
00bbac68_5831,12210.17614053325
00bbac68_5832,12210.131271410271
00bbac68_5833,12210.086406986313
00bbac68_5834,12210.041925832093
00bbac68_5835,12209.99778649346
00bbac68_5836,12209.952753013446
00bbac68_5837,12209.90354890578
00bbac68_5838,12209.851938931628
00bbac68_5839,12209.804671665956
00bbac68_5840,12209.76071509676
00bbac68_5841,12209.71767278622
00bbac68_5842,12209.674248479449
00bbac68_5843,12209.630754285874
00bbac68_5844,12209.585210054203
00bbac68_5845,12209.54092060893
00bbac68_5846,12209.497126393857
00bbac68_5847,12209.453156937188
00bbac68_5848,12209.403092971052
00bbac68_5849,12209.348997219888
00bbac68_5850,12209.29792258613
00bbac68_5851,12209.24662984131
00bbac68_5852,12209.20227148534
00bbac68_5853,12209.152468734495
00bbac68_5854,12209.102464690504
00bbac68_5855,12209.056253598352
00bbac68_5856,12209.0075873811
00bbac68_5857,12208.96864147908
00bbac68_5858,12208.920280401871
00bbac68_5859,12208.873433291175
00bbac68_5860,12208.827171987405
00bbac68_5861,12208.78039050136
00bbac68_5862,12208.734618721488
00bbac68_5863,12208.699763375727
00bbac68_5864,12208.654048502469
00bbac68_5865,12208.606585433874
00bbac68_5866,12208.55820658024
00bbac68_5867,12208.520712472484
00bbac68_5868,12208.482211247314
00bbac68_5869,12208.445910039669
00bbac68_5870,12208.415486998996
00bbac68_5871,12208.376442214616
00bbac68_5872,12208.338490092206
00bbac68_5873,12208.309086446385
00bbac68_5874,12208.27256680258
00bbac68_5875,12208.237170593697
00bbac68_5876,12208.203538154798
00bbac68_5877,12208.156229489308
00bbac68_5878,12208.117243299112
00bbac68_5879,12208.067765907495
00bbac68_5880,12208.026696749854
00bbac68_5881,12207.979202984989
00bbac68_5882,12207.944290785848
00bbac68_5883,12207.901668298664
00bbac68_5884,12207.866631207222
00bbac68_5885,12207.819663464645
00bbac68_5886,12207.781720594903
00bbac68_5887,12207.734175089856
00bbac68_5888,12207.697320102452
00bbac68_5889,12207.66125761092
00bbac68_5890,12207.616152013918
00bbac68_5891,12207.580827134305
00bbac68_5892,12207.546145216718
00bbac68_5893,12207.502294841725
00bbac68_5894,12207.466916602458
00bbac68_5895,12207.430350450864
00bbac68_5896,12207.38832464652
00bbac68_5897,12207.354824264026
00bbac68_5898,12207.3163522372
00bbac68_5899,12207.276360543408
00bbac68_5900,12207.224668178587
00bbac68_5901,12207.180352192883
00bbac68_5902,12207.136363843629
00bbac68_5903,12207.095326876504
00bbac68_5904,12207.056047206224
00bbac68_5905,12207.010228408992
00bbac68_5906,12206.978145077948
00bbac68_5907,12206.948253468532
00bbac68_5908,12206.917227419726
00bbac68_5909,12206.885060391014
00bbac68_5910,12206.85178378144
00bbac68_5911,12206.81741812846
00bbac68_5912,12206.78191028689
00bbac68_5913,12206.745569714614
00bbac68_5914,12206.708493673948
00bbac68_5915,12206.66661243644
00bbac68_5916,12206.619503240048
00bbac68_5917,12206.570110309302
00bbac68_5918,12206.520422884794
00bbac68_5919,12206.478069352794
00bbac68_5920,12206.439957809824
00bbac68_5921,12206.402153414962
00bbac68_5922,12206.363052169563
00bbac68_5923,12206.324834613566
00bbac68_5924,12206.287726833696
00bbac68_5925,12206.251233762889
00bbac68_5926,12206.224674711711
00bbac68_5927,12206.18907607048
00bbac68_5928,12206.154412396856
00bbac68_5929,12206.119432300467
00bbac68_5930,12206.084174515589
00bbac68_5931,12206.05844865135
00bbac68_5932,12206.022465644251
00bbac68_5933,12205.985799002574
00bbac68_5934,12205.94864423017
00bbac68_5935,12205.92166119517
00bbac68_5936,12205.8870227794
00bbac68_5937,12205.848985966211
00bbac68_5938,12205.818853217626
00bbac68_5939,12205.779991770574
00bbac68_5940,12205.742176801105
00bbac68_5941,12205.71530396969
00bbac68_5942,12205.67982226026
00bbac68_5943,12205.64226602193
00bbac68_5944,12205.612455938
00bbac68_5945,12205.573714502994
00bbac68_5946,12205.545623739128
00bbac68_5947,12205.507976113768
00bbac68_5948,12205.470558170986
00bbac68_5949,12205.444465393271
00bbac68_5950,12205.410104160705
00bbac68_5951,12205.37642844736
00bbac68_5952,12205.351711992178
00bbac68_5953,12205.319557750416
00bbac68_5954,12205.286775739698
00bbac68_5955,12205.2586277589
00bbac68_5956,12205.219975529126
00bbac68_5957,12205.183696402451
00bbac68_5958,12205.16220693446
00bbac68_5959,12205.128858458887
00bbac68_5960,12205.095207661092
00bbac68_5961,12205.06896713465
00bbac68_5962,12205.030704131965
00bbac68_5963,12204.997143625327
00bbac68_5964,12204.97136708018
00bbac68_5965,12204.935207045884
00bbac68_5966,12204.900902296584
00bbac68_5967,12204.871075519848
00bbac68_5968,12204.821841577745
00bbac68_5969,12204.780689750243
00bbac68_5970,12204.74208821206
00bbac68_5971,12204.708332534145
00bbac68_5972,12204.671386686208
00bbac68_5973,12204.639036654717
00bbac68_5974,12204.603968899444
00bbac68_5975,12204.576708285143
00bbac68_5976,12204.542672892489
00bbac68_5977,12204.513791091978
00bbac68_5978,12204.488161899062
00bbac68_5979,12204.474936328314
00bbac68_5980,12204.4544163505
00bbac68_5981,12204.427286206968
00bbac68_5982,12204.399369217008
00bbac68_5983,12204.371859798275
00bbac68_5984,12204.35455722734
00bbac68_5985,12204.327330060616
00bbac68_5986,12204.300324572408
00bbac68_5987,12204.273568818016
00bbac68_5988,12204.247106141342
00bbac68_5989,12204.229619997775
00bbac68_5990,12204.20415720976
00bbac68_5991,12204.177718218603
00bbac68_5992,12204.150175883738
00bbac68_5993,12204.122350524927
00bbac68_5994,12204.094944974198
00bbac68_5995,12204.06719678324
00bbac68_5996,12204.0494437791
00bbac68_5997,12204.024301658104
00bbac68_5998,12203.996493259869
00bbac68_5999,12203.97011264422
00bbac68_6000,12203.943031785706
00bbac68_6001,12203.912069240085
00bbac68_6002,12203.877004834085
00bbac68_6003,12203.850385833854
00bbac68_6004,12203.833692835327
00bbac68_6005,12203.80612942137
00bbac68_6006,12203.776570281356
00bbac68_6007,12203.745659259252
00bbac68_6008,12203.70978552953
00bbac68_6009,12203.666382243326
00bbac68_6010,12203.626866184622
00bbac68_6011,12203.595361448271
00bbac68_6012,12203.571306091855
00bbac68_6013,12203.546009245238
00bbac68_6014,12203.521434470224
00bbac68_6015,12203.4963202481
00bbac68_6016,12203.468423911272
00bbac68_6017,12203.438568945949
00bbac68_6018,12203.41594652312
00bbac68_6019,12203.38113802108
00bbac68_6020,12203.350450657495
00bbac68_6021,12203.325581586609
00bbac68_6022,12203.301313732154
00bbac68_6023,12203.273538185342
00bbac68_6024,12203.243451044991
00bbac68_6025,12203.210267955998
00bbac68_6026,12203.177067302173
00bbac68_6027,12203.14633618903
00bbac68_6028,12203.123630781036
00bbac68_6029,12203.105352805069
00bbac68_6030,12203.082804152553
00bbac68_6031,12203.057937721424
00bbac68_6032,12203.03177692708
00bbac68_6033,12202.997354239276
00bbac68_6034,12202.974733117788
00bbac68_6035,12202.947069695258
00bbac68_6036,12202.912642102732
00bbac68_6037,12202.885585152066
00bbac68_6038,12202.863203654364
00bbac68_6039,12202.833387845663
00bbac68_6040,12202.796692261523
00bbac68_6041,12202.75370851482
00bbac68_6042,12202.708095321095
00bbac68_6043,12202.663804339354
00bbac68_6044,12202.62018722336
00bbac68_6045,12202.57581571647
00bbac68_6046,12202.542678787642
00bbac68_6047,12202.52244878372
00bbac68_6048,12202.501260924617
00bbac68_6049,12202.472072920053
00bbac68_6050,12202.437687239488
00bbac68_6051,12202.399031313891
00bbac68_6052,12202.365770119792
00bbac68_6053,12202.339685675955
00bbac68_6054,12202.31295469112
00bbac68_6055,12202.286345811466
00bbac68_6056,12202.260889716448
00bbac68_6057,12202.234442495555
00bbac68_6058,12202.20808259412
00bbac68_6059,12202.183382473298
00bbac68_6060,12202.166410669131
00bbac68_6061,12202.14795740386
00bbac68_6062,12202.109409934686
00bbac68_6063,12202.07763814479
00bbac68_6064,12202.045783362742
00bbac68_6065,12202.009730162568
00bbac68_6066,12201.985559448976
00bbac68_6067,12201.96804284777
00bbac68_6068,12201.93216841258
00bbac68_6069,12201.905118772973
00bbac68_6070,12201.906260483393
00bbac68_6071,12201.897627228456
00bbac68_6072,12201.88046189308
00bbac68_6073,12201.861577204754
00bbac68_6074,12201.84160548203
00bbac68_6075,12201.820416083989
00bbac68_6076,12201.798623915614
00bbac68_6077,12201.775648344095
00bbac68_6078,12201.74737099001
00bbac68_6079,12201.713794923427
00bbac68_6080,12201.685619059916
00bbac68_6081,12201.66806336101
00bbac68_6082,12201.644840334651
00bbac68_6083,12201.624801222932
00bbac68_6084,12201.603802486969
00bbac68_6085,12201.586591047191
00bbac68_6086,12201.556314103627
00bbac68_6087,12201.521505312776
00bbac68_6088,12201.497361880298
00bbac68_6089,12201.481581413878
00bbac68_6090,12201.471440382093
00bbac68_6091,12201.463853428486
00bbac68_6092,12201.456249465513
00bbac68_6093,12201.444054126208
00bbac68_6094,12201.42591714079
00bbac68_6095,12201.40231895438
00bbac68_6096,12201.371978204188
00bbac68_6097,12201.341391667627
00bbac68_6098,12201.311991337125
00bbac68_6099,12201.284756853602
00bbac68_6100,12201.259639519383
00bbac68_6101,12201.23797236092
00bbac68_6102,12201.21866620168
00bbac68_6103,12201.19450733903
00bbac68_6104,12201.166302963704
00bbac68_6105,12201.137193401815
00bbac68_6106,12201.108583308238
00bbac68_6107,12201.087311345427
00bbac68_6108,12201.065882707484
00bbac68_6109,12201.043741085528
00bbac68_6110,12201.020839110244
00bbac68_6111,12201.00614877534
00bbac68_6112,12200.980908143012
00bbac68_6113,12200.954841045515
00bbac68_6114,12200.928166666974
00bbac68_6115,12200.901043610342
00bbac68_6116,12200.87424246012
00bbac68_6117,12200.84870054583
00bbac68_6118,12200.823180672352
00bbac68_6119,12200.797382534229
00bbac68_6120,12200.77205731594
00bbac68_6121,12200.746724111668
00bbac68_6122,12200.72144263123
00bbac68_6123,12200.695438953771
00bbac68_6124,12200.669237568609
00bbac68_6125,12200.644315128084
00bbac68_6126,12200.62809768327
00bbac68_6127,12200.600926815952
00bbac68_6128,12200.573246862288
00bbac68_6129,12200.545718843308
00bbac68_6130,12200.51827463058
00bbac68_6131,12200.49099147123
00bbac68_6132,12200.466089631474
00bbac68_6133,12200.44100918972
00bbac68_6134,12200.413902624789
00bbac68_6135,12200.386081910749
00bbac68_6136,12200.36839612052
00bbac68_6137,12200.3409755697
00bbac68_6138,12200.312821515789
00bbac68_6139,12200.286039137593
00bbac68_6140,12200.262186112705
00bbac68_6141,12200.247220524006
00bbac68_6142,12200.219649220824
00bbac68_6143,12200.195113769678
00bbac68_6144,12200.182898916
00bbac68_6145,12200.160538486703
00bbac68_6146,12200.137895716343
00bbac68_6147,12200.12494069525
00bbac68_6148,12200.102353629853
00bbac68_6149,12200.079017704122
00bbac68_6150,12200.064429857111
00bbac68_6151,12200.039510697778
00bbac68_6152,12200.024328505337
00bbac68_6153,12200.002105750063
00bbac68_6154,12199.991415447465
00bbac68_6155,12199.970697309976
00bbac68_6156,12199.959147050698
00bbac68_6157,12199.93588735978
00bbac68_6158,12199.921135549304
00bbac68_6159,12199.899871252626
00bbac68_6160,12199.890623958583
00bbac68_6161,12199.880695147953
00bbac68_6162,12199.859952427249
00bbac68_6163,12199.842021216396
00bbac68_6164,12199.828552145253
00bbac68_6165,12199.81015112399
00bbac68_6166,12199.803237169332
00bbac68_6167,12199.791717387036
00bbac68_6168,12199.765815555644
00bbac68_6169,12199.75170219832
00bbac68_6170,12199.74578603234
00bbac68_6171,12199.7408986419
00bbac68_6172,12199.736435955429
00bbac68_6173,12199.721693292806
00bbac68_6174,12199.713970100982
00bbac68_6175,12199.703774692647
00bbac68_6176,12199.6916275535
00bbac68_6177,12199.67792142786
00bbac68_6178,12199.662770462626
00bbac68_6179,12199.649122270092
00bbac68_6180,12199.635973351778
00bbac68_6181,12199.6217899677
00bbac68_6182,12199.60682400503
00bbac68_6183,12199.591356648893
00bbac68_6184,12199.57538806205
00bbac68_6185,12199.558634937328
00bbac68_6186,12199.542016003885
00bbac68_6187,12199.525424804417
00bbac68_6188,12199.508747823347
00bbac68_6189,12199.491509349104
00bbac68_6190,12199.472993211555
00bbac68_6191,12199.4640437101
00bbac68_6192,12199.446601496256
00bbac68_6193,12199.430014054744
00bbac68_6194,12199.414007060112
00bbac68_6195,12199.39706071368
00bbac68_6196,12199.388557609414
00bbac68_6197,12199.369530088488
00bbac68_6198,12199.353716771824
00bbac68_6199,12199.338134780215
00bbac68_6200,12199.328296836668
00bbac68_6201,12199.30480944397
00bbac68_6202,12199.27812787406
00bbac68_6203,12199.258599616882
00bbac68_6204,12199.233480740322
00bbac68_6205,12199.220999813702
00bbac68_6206,12199.20118056394
00bbac68_6207,12199.182647512684
00bbac68_6208,12199.174742571748
00bbac68_6209,12199.156951779103
00bbac68_6210,12199.14647869008
00bbac68_6211,12199.124302108092
00bbac68_6212,12199.109728608795
00bbac68_6213,12199.09718464354
00bbac68_6214,12199.07618815179
00bbac68_6215,12199.063900046913
00bbac68_6216,12199.036972676318
00bbac68_6217,12199.021893047458
00bbac68_6218,12199.008972478385
00bbac68_6219,12198.986857341231
00bbac68_6220,12198.97456275238
00bbac68_6221,12198.963796441136
00bbac68_6222,12198.944058762036
00bbac68_6223,12198.933776284295
00bbac68_6224,12198.923443030822
00bbac68_6225,12198.912658132613
00bbac68_6226,12198.891656518066
00bbac68_6227,12198.879048263854
00bbac68_6228,12198.866612991467
00bbac68_6229,12198.85575555671
00bbac68_6230,12198.84435673092
00bbac68_6231,12198.833223077514
00bbac68_6232,12198.823394043382
00bbac68_6233,12198.809822627229
00bbac68_6234,12198.796888753412
00bbac68_6235,12198.79030276179
00bbac68_6236,12198.775399166225
00bbac68_6237,12198.757126306078
00bbac68_6238,12198.741091432326
00bbac68_6239,12198.72655516924
00bbac68_6240,12198.713324167926
00bbac68_6241,12198.710212798527
00bbac68_6242,12198.697443025863
00bbac68_6243,12198.684652204762
00bbac68_6244,12198.681045251113
00bbac68_6245,12198.668185675098
00bbac68_6246,12198.655864492996
00bbac68_6247,12198.653619925048
00bbac68_6248,12198.642214024374
00bbac68_6249,12198.639863239976
00bbac68_6250,12198.627697052205
00bbac68_6251,12198.625127136596
00bbac68_6252,12198.612136513331
00bbac68_6253,12198.606956006392
00bbac68_6254,12198.593487441556
00bbac68_6255,12198.590134094857
00bbac68_6256,12198.586493945038
00bbac68_6257,12198.573467483217
00bbac68_6258,12198.569925102223
00bbac68_6259,12198.566516868252
00bbac68_6260,12198.562991168985
00bbac68_6261,12198.54990352424
00bbac68_6262,12198.546070740673
00bbac68_6263,12198.542533088148
00bbac68_6264,12198.53997145386
00bbac68_6265,12198.53706054582
00bbac68_6266,12198.53268961974
00bbac68_6267,12198.529925343162
00bbac68_6268,12198.529970606412
00bbac68_6269,12198.528729287098
00bbac68_6270,12198.525972649351
00bbac68_6271,12198.521569899456
00bbac68_6272,12198.51660475216
00bbac68_6273,12198.51295010784
00bbac68_6274,12198.505519375043
00bbac68_6275,12198.499314661696
00bbac68_6276,12198.486108379804
00bbac68_6277,12198.47766637155
00bbac68_6278,12198.468610620706
00bbac68_6279,12198.467333128496
00bbac68_6280,12198.453822182484
00bbac68_6281,12198.448956775872
00bbac68_6282,12198.437147733312
00bbac68_6283,12198.42740984914
00bbac68_6284,12198.430590191894
00bbac68_6285,12198.422204921668
00bbac68_6286,12198.419436681934
00bbac68_6287,12198.410915894936
00bbac68_6288,12198.413087671062
00bbac68_6289,12198.412290723038
00bbac68_6290,12198.406085407025
00bbac68_6291,12198.413337693824
00bbac68_6292,12198.420921776958
00bbac68_6293,12198.416531449744
00bbac68_6294,12198.42049688976
00bbac68_6295,12198.427333950269
00bbac68_6296,12198.437771126764
00bbac68_6297,12198.447884265264
00bbac68_6298,12198.456650955322
00bbac68_6299,12198.454398966973
00bbac68_6300,12198.46015873882
00bbac68_6301,12198.464110786632
00bbac68_6302,12198.459932638456
00bbac68_6303,12198.451310697708
00bbac68_6304,12198.444477535428
00bbac68_6305,12198.443353778575
00bbac68_6306,12198.42466565349
00bbac68_6307,12198.410928991538
00bbac68_6308,12198.407538500143
00bbac68_6309,12198.409341977014
00bbac68_6310,12198.409133013773
00bbac68_6311,12198.416961026249
00bbac68_6312,12198.410743905068
00bbac68_6313,12198.401545234114
00bbac68_6314,12198.396919026309
00bbac68_6315,12198.383377260758
00bbac68_6316,12198.38169005922
00bbac68_6317,12198.385497983829
00bbac68_6318,12198.379062017915
00bbac68_6319,12198.383913136477
00bbac68_6320,12198.380950532082
00bbac68_6321,12198.3892396088
00bbac68_6322,12198.38973584817
00bbac68_6323,12198.396475355668
00bbac68_6324,12198.390625818349
00bbac68_6325,12198.390313935555
00bbac68_6326,12198.380179811593
00bbac68_6327,12198.381503654064
00bbac68_6328,12198.379433439652
00bbac68_6329,12198.389128550594
00bbac68_6330,12198.389792615828
00bbac68_6331,12198.389380465856
00bbac68_6332,12198.3992387525
00bbac68_6333,12198.400462804388
00bbac68_6334,12198.41212776875
00bbac68_6335,12198.41509632274
00bbac68_6336,12198.418617930278
00bbac68_6337,12198.432224267934
00bbac68_6338,12198.43678768124
00bbac68_6339,12198.441269145736
00bbac68_6340,12198.44542430008
00bbac68_6341,12198.45909027211
00bbac68_6342,12198.461634702007
00bbac68_6343,12198.460742704618
00bbac68_6344,12198.460773973433
00bbac68_6345,12198.47089082746
00bbac68_6346,12198.4723734011
00bbac68_6347,12198.47498146729
00bbac68_6348,12198.478302482086
00bbac68_6349,12198.482292857683
00bbac68_6350,12198.495307197973
00bbac68_6351,12198.498434850995
00bbac68_6352,12198.501993292994
00bbac68_6353,12198.504740384771
00bbac68_6354,12198.506523175316
00bbac68_6355,12198.508967687632
00bbac68_6356,12198.51200917836
00bbac68_6357,12198.513382919378
00bbac68_6358,12198.5138972367
00bbac68_6359,12198.515348405925
00bbac68_6360,12198.517600330852
00bbac68_6361,12198.520429339522
00bbac68_6362,12198.523452557358
00bbac68_6363,12198.52646160247
00bbac68_6364,12198.529500432554
00bbac68_6365,12198.532552345994
00bbac68_6366,12198.53561670538
00bbac68_6367,12198.538660848271
00bbac68_6368,12198.541620921367
00bbac68_6369,12198.544569917867
00bbac68_6370,12198.547521877044
00bbac68_6371,12198.550472460982
00bbac68_6372,12198.553376350084
00bbac68_6373,12198.556249214882
00bbac68_6374,12198.549795932942
00bbac68_6375,12198.55664359286
00bbac68_6376,12198.560523176688
00bbac68_6377,12198.56143383464
00bbac68_6378,12198.56231144298
00bbac68_6379,12198.553926628316
00bbac68_6380,12198.555761517737
00bbac68_6381,12198.55836568879
00bbac68_6382,12198.561203197823
00bbac68_6383,12198.554743311568
00bbac68_6384,12198.558815839491
00bbac68_6385,12198.56372208134
00bbac68_6386,12198.568510735517
00bbac68_6387,12198.563544912406
00bbac68_6388,12198.567383640908
00bbac68_6389,12198.570376732418
00bbac68_6390,12198.564566944282
00bbac68_6391,12198.569402226967
00bbac68_6392,12198.565674714157
00bbac68_6393,12198.572267040676
00bbac68_6394,12198.577674433216
00bbac68_6395,12198.57277492552
00bbac68_6396,12198.577429360248
00bbac68_6397,12198.571869579348
00bbac68_6398,12198.573688343964
00bbac68_6399,12198.566307723671
00bbac68_6400,12198.57102809893
00bbac68_6401,12198.565707714137
00bbac68_6402,12198.56848966274
00bbac68_6403,12198.56346808838
00bbac68_6404,12198.569376579171
00bbac68_6405,12198.564521772623
00bbac68_6406,12198.56909537752
00bbac68_6407,12198.565622816546
00bbac68_6408,12198.562758487444
00bbac68_6409,12198.570034121534
00bbac68_6410,12198.565167837924
00bbac68_6411,12198.568434086124
00bbac68_6412,12198.563554848204
00bbac68_6413,12198.559658995628
00bbac68_6414,12198.565530108095
00bbac68_6415,12198.5618765956
00bbac68_6416,12198.5557615061
00bbac68_6417,12198.556687478052
00bbac68_6418,12198.545045568277
00bbac68_6419,12198.531973342351
00bbac68_6420,12198.528807570732
00bbac68_6421,12198.518535442128
00bbac68_6422,12198.51094471974
00bbac68_6423,12198.513350726676
00bbac68_6424,12198.506344246456
00bbac68_6425,12198.499185759198
00bbac68_6426,12198.501240381236
00bbac68_6427,12198.49423469452
00bbac68_6428,12198.48832244932
00bbac68_6429,12198.491819543677
00bbac68_6430,12198.48565181626
00bbac68_6431,12198.47964620599
00bbac68_6432,12198.483304229676
00bbac68_6433,12198.477803564248
00bbac68_6434,12198.480567424202
00bbac68_6435,12198.47509591474
00bbac68_6436,12198.472994089205
00bbac68_6437,12198.473967916443
00bbac68_6438,12198.46460118411
00bbac68_6439,12198.457645607192
00bbac68_6440,12198.461552742769
00bbac68_6441,12198.453851799306
00bbac68_6442,12198.453333689362
00bbac68_6443,12198.443878130072
00bbac68_6444,12198.43578971793
00bbac68_6445,12198.438731200662
00bbac68_6446,12198.433659000468
00bbac68_6447,12198.43896893902
00bbac68_6448,12198.435188546013
00bbac68_6449,12198.438310460697
00bbac68_6450,12198.427026921405
00bbac68_6451,12198.421162334002
00bbac68_6452,12198.43060544454
00bbac68_6453,12198.4298030573
00bbac68_6454,12198.426917006083
00bbac68_6455,12198.419590872816
00bbac68_6456,12198.42780268771
00bbac68_6457,12198.416566452075
00bbac68_6458,12198.416818380643
00bbac68_6459,12198.426581709917
00bbac68_6460,12198.423934295495
00bbac68_6461,12198.436482401728
00bbac68_6462,12198.439366497714
00bbac68_6463,12198.45055672266
00bbac68_6464,12198.449005636196
00bbac68_6465,12198.456461742153
00bbac68_6466,12198.459176048786
00bbac68_6467,12198.46780577614
00bbac68_6468,12198.465408806784
00bbac68_6469,12198.47170275163
00bbac68_6470,12198.46878966384
00bbac68_6471,12198.475938769152
00bbac68_6472,12198.474379010968
00bbac68_6473,12198.482481379831
00bbac68_6474,12198.477668463294
00bbac68_6475,12198.48190574094
00bbac68_6476,12198.47981518
00bbac68_6477,12198.48719696888
00bbac68_6478,12198.48409913453
00bbac68_6479,12198.493150722046
00bbac68_6480,12198.489875432246
00bbac68_6481,12198.496501903868
00bbac68_6482,12198.494591077751
00bbac68_6483,12198.501972275291
00bbac68_6484,12198.502440039363
00bbac68_6485,12198.508640848311
00bbac68_6486,12198.503637799196
00bbac68_6487,12198.50889627685
00bbac68_6488,12198.514456793946
00bbac68_6489,12198.509767515276
00bbac68_6490,12198.516954234934
00bbac68_6491,12198.514211710704
00bbac68_6492,12198.520324520634
00bbac68_6493,12198.517231581198
00bbac68_6494,12198.525411279634
00bbac68_6495,12198.533673344777
00bbac68_6496,12198.533557170089
00bbac68_6497,12198.53995055938
00bbac68_6498,12198.53443140383
00bbac68_6499,12198.539884842508
00bbac68_6500,12198.535737058926
00bbac68_6501,12198.539767112446
00bbac68_6502,12198.545178898024
00bbac68_6503,12198.543117406947
00bbac68_6504,12198.55023267154
00bbac68_6505,12198.546209236452
00bbac68_6506,12198.55395450175
00bbac68_6507,12198.562229722118
00bbac68_6508,12198.561065743996
00bbac68_6509,12198.569803361095
00bbac68_6510,12198.575419114148
00bbac68_6511,12198.574925148334
00bbac68_6512,12198.583075294398
00bbac68_6513,12198.581089485631
00bbac68_6514,12198.59163123006
00bbac68_6515,12198.599683314318
00bbac68_6516,12198.597511811333
00bbac68_6517,12198.60549142843
00bbac68_6518,12198.613566490743
00bbac68_6519,12198.608638233269
00bbac68_6520,12198.616021209127
00bbac68_6521,12198.62416325636
00bbac68_6522,12198.621044019554
00bbac68_6523,12198.626838020617
00bbac68_6524,12198.635332767824
00bbac68_6525,12198.645909045104
00bbac68_6526,12198.649034754031
00bbac68_6527,12198.654983978926
00bbac68_6528,12198.66040784786
00bbac68_6529,12198.658381265064
00bbac68_6530,12198.6657414787
00bbac68_6531,12198.6727522662
00bbac68_6532,12198.679353791253
00bbac68_6533,12198.678181223047
00bbac68_6534,12198.685560229049
00bbac68_6535,12198.691106822209
00bbac68_6536,12198.687075551392
00bbac68_6537,12198.693423084633
00bbac68_6538,12198.70041294879
00bbac68_6539,12198.70714263208
00bbac68_6540,12198.71396665814
00bbac68_6541,12198.712327700585
00bbac68_6542,12198.719650340154
00bbac68_6543,12198.726202965428
00bbac68_6544,12198.73215506178
00bbac68_6545,12198.728699419871
00bbac68_6546,12198.735466849084
00bbac68_6547,12198.742518133466
00bbac68_6548,12198.749619555816
00bbac68_6549,12198.75649611818
00bbac68_6550,12198.7523048656
00bbac68_6551,12198.75773930792
00bbac68_6552,12198.76298462937
00bbac68_6553,12198.768125436543
00bbac68_6554,12198.773795035242
00bbac68_6555,12198.77942818929
00bbac68_6556,12198.775233219352
00bbac68_6557,12198.780835792511
00bbac68_6558,12198.78658156244
00bbac68_6559,12198.792083941407
00bbac68_6560,12198.79802567559
00bbac68_6561,12198.803006180984
00bbac68_6562,12198.805960077094
00bbac68_6563,12198.810319045077
00bbac68_6564,12198.806077626814
00bbac68_6565,12198.811610799396
00bbac68_6566,12198.817280487194
00bbac68_6567,12198.823083698908
00bbac68_6568,12198.828828281226
00bbac68_6569,12198.83461879598
00bbac68_6570,12198.840486218383
00bbac68_6571,12198.84626103474
00bbac68_6572,12198.851892565604
00bbac68_6573,12198.85764818695
00bbac68_6574,12198.863664024371
00bbac68_6575,12198.860111945678
00bbac68_6576,12198.86626934094
00bbac68_6577,12198.871667633422
00bbac68_6578,12198.876990469316
00bbac68_6579,12198.882224679077
00bbac68_6580,12198.885969875406
00bbac68_6581,12198.89011072441
00bbac68_6582,12198.895046834552
00bbac68_6583,12198.899599498043
00bbac68_6584,12198.904256704796
00bbac68_6585,12198.909362239869
00bbac68_6586,12198.914592882804
00bbac68_6587,12198.920058829464
00bbac68_6588,12198.926326507664
00bbac68_6589,12198.93244957197
00bbac68_6590,12198.938186043795
00bbac68_6591,12198.94488969657
00bbac68_6592,12198.95059957691
00bbac68_6593,12198.954982629752
00bbac68_6594,12198.958897550863
00bbac68_6595,12198.96302850776
00bbac68_6596,12198.9671732233
00bbac68_6597,12198.971070267193
00bbac68_6598,12198.97543259396
00bbac68_6599,12198.980363275674
00bbac68_6600,12198.995121521002
00bbac68_6601,12199.000615318571
00bbac68_6602,12199.006004606696
00bbac68_6603,12199.011749761805
00bbac68_6604,12199.016105093018
00bbac68_6605,12199.020606527674
00bbac68_6606,12199.026045656832
00bbac68_6607,12199.029971316622
00bbac68_6608,12199.03416032036
00bbac68_6609,12199.039307594669
00bbac68_6610,12199.045065541111
00bbac68_6611,12199.050488247753
00bbac68_6612,12199.065060455929
00bbac68_6613,12199.068486270084
00bbac68_6614,12199.073041430702
00bbac68_6615,12199.077855613468
00bbac68_6616,12199.08304970786
00bbac68_6617,12199.088622987914
00bbac68_6618,12199.094007618434
00bbac68_6619,12199.10843675123
00bbac68_6620,12199.113445188308
00bbac68_6621,12199.121193070052
00bbac68_6622,12199.123985865312
00bbac68_6623,12199.124684951006
00bbac68_6624,12199.128166768642
00bbac68_6625,12199.142156536822
00bbac68_6626,12199.146861882657
00bbac68_6627,12199.150541865876
00bbac68_6628,12199.15491867324
00bbac68_6629,12199.159959259683
00bbac68_6630,12199.16541749769
00bbac68_6631,12199.180634274358
00bbac68_6632,12199.187192429608
00bbac68_6633,12199.194649272624
00bbac68_6634,12199.200519806678
00bbac68_6635,12199.21422956109
00bbac68_6636,12199.22007380384
00bbac68_6637,12199.22723913718
00bbac68_6638,12199.23347782531
00bbac68_6639,12199.247266267412
00bbac68_6640,12199.248360432128
00bbac68_6641,12199.249747659664
00bbac68_6642,12199.253569393211
00bbac68_6643,12199.26742358342
00bbac68_6644,12199.27159603897
00bbac68_6645,12199.276618757598
00bbac68_6646,12199.279972989922
00bbac68_6647,12199.292611648816
00bbac68_6648,12199.296699457946
00bbac68_6649,12199.298411310345
00bbac68_6650,12199.309353630875
00bbac68_6651,12199.311244148726
00bbac68_6652,12199.313907627293
00bbac68_6653,12199.317770716696
00bbac68_6654,12199.330653985033
00bbac68_6655,12199.333797647629
00bbac68_6656,12199.336977788122
00bbac68_6657,12199.349845177656
00bbac68_6658,12199.352435862593
00bbac68_6659,12199.352291261914
00bbac68_6660,12199.363155855564
00bbac68_6661,12199.36555054589
00bbac68_6662,12199.36921346499
00bbac68_6663,12199.38260042743
00bbac68_6664,12199.382692237332
00bbac68_6665,12199.389527519075
00bbac68_6666,12199.387833360424
00bbac68_6667,12199.391903198122
00bbac68_6668,12199.404884080854
00bbac68_6669,12199.407713729235
00bbac68_6670,12199.408892255586
00bbac68_6671,12199.41983459131
00bbac68_6672,12199.4226872561
00bbac68_6673,12199.431231251288
00bbac68_6674,12199.433355696076
00bbac68_6675,12199.44916557824
00bbac68_6676,12199.455324729315
00bbac68_6677,12199.459204896117
00bbac68_6678,12199.471337658935
00bbac68_6679,12199.475632867416
00bbac68_6680,12199.489577717612
00bbac68_6681,12199.491092673694
00bbac68_6682,12199.500170604308
00bbac68_6683,12199.5028810254
00bbac68_6684,12199.50949817614
00bbac68_6685,12199.525788538833
00bbac68_6686,12199.535572369485
00bbac68_6687,12199.556851292537
00bbac68_6688,12199.569693307469
00bbac68_6689,12199.591210645416
00bbac68_6690,12199.602585147082
00bbac68_6691,12199.622469905284
00bbac68_6692,12199.63259248922
00bbac68_6693,12199.651046709843
00bbac68_6694,12199.65932497721
00bbac68_6695,12199.677289452378
00bbac68_6696,12199.685520472678
00bbac68_6697,12199.702257922443
00bbac68_6698,12199.70753756156
00bbac68_6699,12199.720929792908
00bbac68_6700,12199.733757030805
00bbac68_6701,12199.737027736162
00bbac68_6702,12199.750616419606
00bbac68_6703,12199.755308333555
00bbac68_6704,12199.77078768716
00bbac68_6705,12199.778026975342
00bbac68_6706,12199.79437655031
00bbac68_6707,12199.80059928206
00bbac68_6708,12199.815993846696
00bbac68_6709,12199.831644320377
00bbac68_6710,12199.836589746668
00bbac68_6711,12199.850808795753
00bbac68_6712,12199.857564841835
00bbac68_6713,12199.8733509085
00bbac68_6714,12199.886775971836
00bbac68_6715,12199.886896803257
00bbac68_6716,12199.89703030001
00bbac68_6717,12199.910702104582
00bbac68_6718,12199.918577341818
00bbac68_6719,12199.933157647964
00bbac68_6720,12199.950039053014
00bbac68_6721,12199.958014588485
00bbac68_6722,12199.972880056048
00bbac68_6723,12199.98746090668
00bbac68_6724,12199.9912849654
00bbac68_6725,12200.005192603488
00bbac68_6726,12200.020404452152
00bbac68_6727,12200.034315933864
00bbac68_6728,12200.036854399705
00bbac68_6729,12200.051602767357
00bbac68_6730,12200.066909058593
00bbac68_6731,12200.070364256942
00bbac68_6732,12200.082202151969
00bbac68_6733,12200.092620634436
00bbac68_6734,12200.103010704208
00bbac68_6735,12200.108830707695
00bbac68_6736,12200.125414067268
00bbac68_6737,12200.140286169128
00bbac68_6738,12200.15435077668
00bbac68_6739,12200.172069114758
00bbac68_6740,12200.178399292728
00bbac68_6741,12200.1906681747
00bbac68_6742,12200.199151592284
00bbac68_6743,12200.204397070273
00bbac68_6744,12200.2149719202
00bbac68_6745,12200.228677132003
00bbac68_6746,12200.228119499045
00bbac68_6747,12200.233652743123
00bbac68_6748,12200.240220665648
00bbac68_6749,12200.243795765466
00bbac68_6750,12200.245862776936
00bbac68_6751,12200.249860959497
00bbac68_6752,12200.26239468541
00bbac68_6753,12200.258061564018
00bbac68_6754,12200.259729474958
00bbac68_6755,12200.264565045263
00bbac68_6756,12200.270971666898
00bbac68_6757,12200.27955512633
00bbac68_6758,12200.288921365292
00bbac68_6759,12200.297499770752
00bbac68_6760,12200.305224799624
00bbac68_6761,12200.318431235268
00bbac68_6762,12200.330711400724
00bbac68_6763,12200.34181539266
00bbac68_6764,12200.353361351768
00bbac68_6765,12200.364538951257
00bbac68_6766,12200.37605186124
00bbac68_6767,12200.387736876402
00bbac68_6768,12200.399326725104
00bbac68_6769,12200.410628306974
00bbac68_6770,12200.422305623208
00bbac68_6771,12200.434167975016
00bbac68_6772,12200.446149843534
00bbac68_6773,12200.458253163322
00bbac68_6774,12200.470634058904
00bbac68_6775,12200.4832945755
00bbac68_6776,12200.496232905196
00bbac68_6777,12200.509277016505
00bbac68_6778,12200.52222520751
00bbac68_6779,12200.5351381333
00bbac68_6780,12200.54864423201
00bbac68_6781,12200.56267647595
00bbac68_6782,12200.576966974708
00bbac68_6783,12200.59083955285
00bbac68_6784,12200.604849102758
00bbac68_6785,12200.619061687346
00bbac68_6786,12200.631942780026
00bbac68_6787,12200.654014818418
00bbac68_6788,12200.669421979192
00bbac68_6789,12200.678763745016
00bbac68_6790,12200.689999835751
00bbac68_6791,12200.707909266708
00bbac68_6792,12200.728805400651
00bbac68_6793,12200.747547010888
00bbac68_6794,12200.777162361926
00bbac68_6795,12200.797131852109
00bbac68_6796,12200.817308369951
00bbac68_6797,12200.840958526598
00bbac68_6798,12200.856663117347
00bbac68_6799,12200.87618255996
00bbac68_6800,12200.910766940971
00bbac68_6801,12200.920199107786
00bbac68_6802,12200.934263620911
00bbac68_6803,12200.957010723105
00bbac68_6804,12200.98019898188
00bbac68_6805,12201.00249641876
00bbac68_6806,12201.024850564332
00bbac68_6807,12201.055840118905
00bbac68_6808,12201.07403322278
00bbac68_6809,12201.09362609744
00bbac68_6810,12201.117440753404
00bbac68_6811,12201.139127148905
00bbac68_6812,12201.158586751522
00bbac68_6813,12201.186787144095
00bbac68_6814,12201.203527523368
00bbac68_6815,12201.221179267854
00bbac68_6816,12201.238419066854
00bbac68_6817,12201.256084745692
00bbac68_6818,12201.273276676142
00bbac68_6819,12201.29930362808
00bbac68_6820,12201.315707546448
00bbac68_6821,12201.332337229946
00bbac68_6822,12201.34893860233
00bbac68_6823,12201.365971630195
00bbac68_6824,12201.38396635695
00bbac68_6825,12201.409554108504
00bbac68_6826,12201.425387854106
00bbac68_6827,12201.441348811126
00bbac68_6828,12201.45540147476
00bbac68_6829,12201.46982668257
00bbac68_6830,12201.4845310053
00bbac68_6831,12201.507145331418
00bbac68_6832,12201.52086502727
00bbac68_6833,12201.536216305378
00bbac68_6834,12201.553585953789
00bbac68_6835,12201.57165297928
00bbac68_6836,12201.589969380586
00bbac68_6837,12201.616989923452
00bbac68_6838,12201.629636087237
00bbac68_6839,12201.641591055137
00bbac68_6840,12201.655314755582
00bbac68_6841,12201.666813901807
00bbac68_6842,12201.672416310774
00bbac68_6843,12201.68381800585
00bbac68_6844,12201.717410740825
00bbac68_6845,12201.737286035011
00bbac68_6846,12201.753643870208
00bbac68_6847,12201.773403287418
00bbac68_6848,12201.796156323053
00bbac68_6849,12201.821504365664
00bbac68_6850,12201.856758839684
00bbac68_6851,12201.879194399193
00bbac68_6852,12201.897657509558
00bbac68_6853,12201.912631886858
00bbac68_6854,12201.937078436296
00bbac68_6855,12201.967749455856
00bbac68_6856,12202.00850371871
00bbac68_6857,12202.030364430128
00bbac68_6858,12202.049522641088
00bbac68_6859,12202.066091075989
00bbac68_6860,12202.081494900283
00bbac68_6861,12202.097754553495
00bbac68_6862,12202.123998701998
00bbac68_6863,12202.140513756389
00bbac68_6864,12202.156978912566
00bbac68_6865,12202.170989882585
00bbac68_6866,12202.186849925967
00bbac68_6867,12202.205613646933
00bbac68_6868,12202.23214002962
00bbac68_6869,12202.249510665675
00bbac68_6870,12202.262761917837
00bbac68_6871,12202.274884401326
00bbac68_6872,12202.289767063636
00bbac68_6873,12202.303848402227
00bbac68_6874,12202.327795545443
00bbac68_6875,12202.342101902635
00bbac68_6876,12202.356895473493
00bbac68_6877,12202.371548363672
00bbac68_6878,12202.38542779865
00bbac68_6879,12202.398064342811
00bbac68_6880,12202.410596509671
00bbac68_6881,12202.432911559055
00bbac68_6882,12202.44647184046
00bbac68_6883,12202.460169539052
00bbac68_6884,12202.475410505962
00bbac68_6885,12202.490211107644
00bbac68_6886,12202.503476012314
00bbac68_6887,12202.525494056616
00bbac68_6888,12202.54017600273
00bbac68_6889,12202.554654628995
00bbac68_6890,12202.56887007156
00bbac68_6891,12202.587394702705
00bbac68_6892,12202.6057044298
00bbac68_6893,12202.623371536132
00bbac68_6894,12202.65107237702
00bbac68_6895,12202.670462073993
00bbac68_6896,12202.68959738837
00bbac68_6897,12202.708057091775
00bbac68_6898,12202.72728788928
00bbac68_6899,12202.746288724633
00bbac68_6900,12202.765834885897
00bbac68_6901,12202.787245453652
00bbac68_6902,12202.807034480724
00bbac68_6903,12202.830492716146
00bbac68_6904,12202.8559432884
00bbac68_6905,12202.87800463162
00bbac68_6906,12202.89918998493
00bbac68_6907,12202.91548007596
00bbac68_6908,12202.928987215211
00bbac68_6909,12202.941973524634
00bbac68_6910,12202.95422185416
00bbac68_6911,12202.971550199887
00bbac68_6912,12202.99210677136
00bbac68_6913,12203.014407842367
00bbac68_6914,12203.038309363066
00bbac68_6915,12203.053980062854
00bbac68_6916,12203.063239731484
00bbac68_6917,12203.074829247584
00bbac68_6918,12203.093063397444
00bbac68_6919,12203.111433645894
00bbac68_6920,12203.13020052962
00bbac68_6921,12203.149834221516
00bbac68_6922,12203.173401433836
00bbac68_6923,12203.189568453825
00bbac68_6924,12203.19285396332
00bbac68_6925,12203.2069244361
00bbac68_6926,12203.222570444186
00bbac68_6927,12203.235718967362
00bbac68_6928,12203.248974462778
00bbac68_6929,12203.264792387894
00bbac68_6930,12203.2724493662
00bbac68_6931,12203.289783307122
00bbac68_6932,12203.307352517728
00bbac68_6933,12203.32495440657
00bbac68_6934,12203.34214259295
00bbac68_6935,12203.350084690624
00bbac68_6936,12203.371719606632
00bbac68_6937,12203.391855735756
00bbac68_6938,12203.409516740976
00bbac68_6939,12203.42687639575
00bbac68_6940,12203.442141174655
00bbac68_6941,12203.465842311598
00bbac68_6942,12203.485227828764
00bbac68_6943,12203.49271733222
00bbac68_6944,12203.509925650616
00bbac68_6945,12203.527756781416
00bbac68_6946,12203.54411440256
00bbac68_6947,12203.548888691075
00bbac68_6948,12203.561804765544
00bbac68_6949,12203.575472807928
00bbac68_6950,12203.583072363956
00bbac68_6951,12203.601976579466
00bbac68_6952,12203.619875565912
00bbac68_6953,12203.629808504267
00bbac68_6954,12203.65255213742
00bbac68_6955,12203.675011812942
00bbac68_6956,12203.686839131067
00bbac68_6957,12203.703138719178
00bbac68_6958,12203.70921025451
00bbac68_6959,12203.72595756531
00bbac68_6960,12203.742343205606
00bbac68_6961,12203.749903030488
00bbac68_6962,12203.767766900826
00bbac68_6963,12203.776352743154
00bbac68_6964,12203.793408187945
00bbac68_6965,12203.800490248934
00bbac68_6966,12203.815888388324
00bbac68_6967,12203.8195467645
00bbac68_6968,12203.831961153262
00bbac68_6969,12203.83709999756
00bbac68_6970,12203.85389848124
00bbac68_6971,12203.860867008836
00bbac68_6972,12203.877633415708
00bbac68_6973,12203.883871664424
00bbac68_6974,12203.899139931184
00bbac68_6975,12203.906524788425
00bbac68_6976,12203.92345909994
00bbac68_6977,12203.929761339352
00bbac68_6978,12203.944868444025
00bbac68_6979,12203.95009102424
00bbac68_6980,12203.964358134928
00bbac68_6981,12203.96789107553
00bbac68_6982,12203.971841563312
00bbac68_6983,12203.986487774626
00bbac68_6984,12203.991602363556
00bbac68_6985,12204.00605586964
00bbac68_6986,12204.010554515013
00bbac68_6987,12204.01487249376
00bbac68_6988,12204.027474369708
00bbac68_6989,12204.029246584962
00bbac68_6990,12204.031882184834
00bbac68_6991,12204.044205884284
00bbac68_6992,12204.045345786191
00bbac68_6993,12204.046788153364
00bbac68_6994,12204.059117599638
00bbac68_6995,12204.061786562264
00bbac68_6996,12204.06425212176
00bbac68_6997,12204.076317259189
00bbac68_6998,12204.078698001713
00bbac68_6999,12204.081202129595
00bbac68_7000,12204.0940499736
00bbac68_7001,12204.096856651302
00bbac68_7002,12204.10029172262
00bbac68_7003,12204.113599150352
00bbac68_7004,12204.116681421863
00bbac68_7005,12204.12033986064
00bbac68_7006,12204.125931928213
00bbac68_7007,12204.146064194349
00bbac68_7008,12204.154888930134
00bbac68_7009,12204.165009538863
00bbac68_7010,12204.18754835158
00bbac68_7011,12204.19941492953
00bbac68_7012,12204.210276193491
00bbac68_7013,12204.218900167232
00bbac68_7014,12204.233931087609
00bbac68_7015,12204.242901434363
00bbac68_7016,12204.253981364796
00bbac68_7017,12204.262445793582
00bbac68_7018,12204.268066372695
00bbac68_7019,12204.274851433194
00bbac68_7020,12204.272521332035
00bbac68_7021,12204.271667910603
00bbac68_7022,12204.282128568164
00bbac68_7023,12204.287173302377
00bbac68_7024,12204.302322931417
00bbac68_7025,12204.30888400687
00bbac68_7026,12204.322389501258
00bbac68_7027,12204.326805204091
00bbac68_7028,12204.319714889802
00bbac68_7029,12204.32777101679
00bbac68_7030,12204.30773520986
00bbac68_7031,12204.277664814896
00bbac68_7032,12204.258973881477
00bbac68_7033,12204.254853508077
00bbac68_7034,12204.242321405536
00bbac68_7035,12204.228651095713
00bbac68_7036,12204.217788000533
00bbac68_7037,12204.231184800645
00bbac68_7038,12204.2927008818
00bbac68_7039,12204.3901707268
00bbac68_7040,12204.458774868042
00bbac68_7041,12204.493690173153
00bbac68_7042,12204.494307777564
00bbac68_7043,12204.509052795283
00bbac68_7044,12204.537495406465
00bbac68_7045,12204.587719779342
00bbac68_7046,12204.641692010464
00bbac68_7047,12204.686232445383
00bbac68_7048,12204.722326361654
00bbac68_7049,12204.7771969953
00bbac68_7050,12204.816325420654
00bbac68_7051,12204.843368354475
00bbac68_7052,12204.871032084007
00bbac68_7053,12204.899879771228
00bbac68_7054,12204.918765436272
00bbac68_7055,12204.929875404516
00bbac68_7056,12204.937235798796
00bbac68_7057,12204.942340519858
00bbac68_7058,12204.943293067328
00bbac68_7059,12204.939388733736
00bbac68_7060,12204.927805145431
00bbac68_7061,12204.909014904097
00bbac68_7062,12204.88338617502
00bbac68_7063,12204.885511395922
00bbac68_7064,12204.916749211
00bbac68_7065,12204.93334979142
00bbac68_7066,12204.95365919718
00bbac68_7067,12204.991647692908
00bbac68_7068,12205.019483912683
00bbac68_7069,12205.035311004418
00bbac68_7070,12205.03990283593
00bbac68_7071,12205.045931205506
00bbac68_7072,12205.05969843038
00bbac68_7073,12205.072332958174
00bbac68_7074,12205.079864248848
00bbac68_7075,12205.074619460238
00bbac68_7076,12205.07131758638
00bbac68_7077,12205.078461045414
00bbac68_7078,12205.081532956954
00bbac68_7079,12205.08175861241
00bbac68_7080,12205.075705156316
00bbac68_7081,12205.076399469111
00bbac68_7082,12205.081943384084
00bbac68_7083,12205.097620897635
00bbac68_7084,12205.117975676392
00bbac68_7085,12205.13768648453
00bbac68_7086,12205.156096985447
00bbac68_7087,12205.173174029438
00bbac68_7088,12205.18908256498
00bbac68_7089,12205.20182217208
00bbac68_7090,12205.213689776749
00bbac68_7091,12205.226999665058
00bbac68_7092,12205.239155763553
00bbac68_7093,12205.250442230568
00bbac68_7094,12205.263772808812
00bbac68_7095,12205.279116270172
00bbac68_7096,12205.29429929948
00bbac68_7097,12205.305547065
00bbac68_7098,12205.31628532594
00bbac68_7099,12205.326198005056
00bbac68_7100,12205.335670353325
00bbac68_7101,12205.346945788651
00bbac68_7102,12205.358328643102
00bbac68_7103,12205.369829866451
00bbac68_7104,12205.38291475296
00bbac68_7105,12205.398766142973
00bbac68_7106,12205.414911388254
00bbac68_7107,12205.431630826928
00bbac68_7108,12205.44732588475
00bbac68_7109,12205.462173921922
00bbac68_7110,12205.477760570984
00bbac68_7111,12205.493505868875
00bbac68_7112,12205.507585579351
00bbac68_7113,12205.520220618571
00bbac68_7114,12205.530242073266
00bbac68_7115,12205.536099437992
00bbac68_7116,12205.545305567875
00bbac68_7117,12205.560715534944
00bbac68_7118,12205.582067775966
00bbac68_7119,12205.604967999969
00bbac68_7120,12205.623651301166
00bbac68_7121,12205.650191685958
00bbac68_7122,12205.662286061111
00bbac68_7123,12205.671311546635
00bbac68_7124,12205.680485375651
00bbac68_7125,12205.69113468675
00bbac68_7126,12205.696054694963
00bbac68_7127,12205.70859223818
00bbac68_7128,12205.719522198502
00bbac68_7129,12205.727981151407
00bbac68_7130,12205.73570044534
00bbac68_7131,12205.742625482802
00bbac68_7132,12205.74873947419
00bbac68_7133,12205.763461801864
00bbac68_7134,12205.76787671492
00bbac68_7135,12205.77518198084
00bbac68_7136,12205.782989042817
00bbac68_7137,12205.795041175086
00bbac68_7138,12205.811249524697
00bbac68_7139,12205.823784584343
00bbac68_7140,12205.837685934115
00bbac68_7141,12205.863544511034
00bbac68_7142,12205.879085761544
00bbac68_7143,12205.890507978784
00bbac68_7144,12205.902194642067
00bbac68_7145,12205.907916100565
00bbac68_7146,12205.913027229357
00bbac68_7147,12205.917215121874
00bbac68_7148,12205.93101639464
00bbac68_7149,12205.938709367623
00bbac68_7150,12205.95673458378
00bbac68_7151,12205.966481529033
00bbac68_7152,12205.973720656464
00bbac68_7153,12205.988386865189
00bbac68_7154,12206.01094021816
00bbac68_7155,12206.021268955008
00bbac68_7156,12206.032460618411
00bbac68_7157,12206.047607299111
00bbac68_7158,12206.055049376908
00bbac68_7159,12206.06158318062
00bbac68_7160,12206.043039074097
00bbac68_7161,12206.023334984264
00bbac68_7162,12206.007860025158
00bbac68_7163,12205.998888754766
00bbac68_7164,12205.995325815717
00bbac68_7165,12205.996397632098
00bbac68_7166,12206.000641327366
00bbac68_7167,12206.002091446884
00bbac68_7168,12206.002710986577
00bbac68_7169,12206.014450415045
00bbac68_7170,12206.019800128724
00bbac68_7171,12206.028524036596
00bbac68_7172,12206.037396940468
00bbac68_7173,12206.052965967232
00bbac68_7174,12206.05529502324
00bbac68_7175,12206.057949178205
00bbac68_7176,12206.061700765264
00bbac68_7177,12206.073962376338
00bbac68_7178,12206.076328675394
00bbac68_7179,12206.078205511774
00bbac68_7180,12206.08866260032
00bbac68_7181,12206.0896610928
00bbac68_7182,12206.094045359949
00bbac68_7183,12206.099094891944
00bbac68_7184,12206.116102325135
00bbac68_7185,12206.12062288759
00bbac68_7186,12206.130949815531
00bbac68_7187,12206.152406944502
00bbac68_7188,12206.160959617217
00bbac68_7189,12206.171089486954
00bbac68_7190,12206.184820231643
00bbac68_7191,12206.187104714549
00bbac68_7192,12206.195830756313
00bbac68_7193,12206.21647125879
00bbac68_7194,12206.220639870293
00bbac68_7195,12206.222267896384
00bbac68_7196,12206.23697509551
00bbac68_7197,12206.243524345187
00bbac68_7198,12206.251046500129
00bbac68_7199,12206.266839115957
00bbac68_7200,12206.27262227597
00bbac68_7201,12206.27844716673
00bbac68_7202,12206.29325171899
00bbac68_7203,12206.297959942773
00bbac68_7204,12206.310740712155
00bbac68_7205,12206.315338813882
00bbac68_7206,12206.32028306158
00bbac68_7207,12206.331797003648
00bbac68_7208,12206.336180192113
00bbac68_7209,12206.34948530866
00bbac68_7210,12206.356001213548
00bbac68_7211,12206.37003018704
00bbac68_7212,12206.364326350142
00bbac68_7213,12206.361689112897
00bbac68_7214,12206.360457675855
00bbac68_7215,12206.353006809852
00bbac68_7216,12206.356426141634
00bbac68_7217,12206.351527951289
00bbac68_7218,12206.35747879009
00bbac68_7219,12206.357706555616
00bbac68_7220,12206.364471013145
00bbac68_7221,12206.3582271932
00bbac68_7222,12206.36094167898
00bbac68_7223,12206.354414330195
00bbac68_7224,12206.350274459865
00bbac68_7225,12206.371736297197
00bbac68_7226,12206.38460778728
00bbac68_7227,12206.402239268711
00bbac68_7228,12206.413103959654
00bbac68_7229,12206.44314531325
00bbac68_7230,12206.491036021327
00bbac68_7231,12206.532337939005
00bbac68_7232,12206.560240223513
00bbac68_7233,12206.548865547622
00bbac68_7234,12206.55626954027
00bbac68_7235,12206.570942439766
00bbac68_7236,12206.612793063465
00bbac68_7237,12206.666339604595
00bbac68_7238,12206.704003840165
00bbac68_7239,12206.740701937246
00bbac68_7240,12206.82302075471
00bbac68_7241,12206.951049301788
00bbac68_7242,12207.155249456637
00bbac68_7243,12207.410211452676
00bbac68_7244,12207.567779075109
00bbac68_7245,12207.636500008488
00bbac68_7246,12207.654627080668
00bbac68_7247,12207.654475791627
00bbac68_7248,12207.665743970752
00bbac68_7249,12207.681583593943
00bbac68_7250,12207.748376361871
00bbac68_7251,12207.79755259371
00bbac68_7252,12207.82671321958
00bbac68_7253,12207.84342110937
00bbac68_7254,12207.991812097203
00bbac68_7255,12208.13731480028
00bbac68_7256,12208.273125803336
00bbac68_7257,12208.40297988205
00bbac68_7258,12208.486802628242
00bbac68_7259,12208.535248641318
00bbac68_7260,12208.53850550214
00bbac68_7261,12208.549789208664
00bbac68_7262,12208.608418278282
00bbac68_7263,12208.658282611868
00bbac68_7264,12208.699516597
00bbac68_7265,12208.735899130072
00bbac68_7266,12208.780938450353
00bbac68_7267,12208.820181138326
00bbac68_7268,12208.854303576189
00bbac68_7269,12208.87609023604
00bbac68_7270,12208.905746615152
00bbac68_7271,12208.934326564084
00bbac68_7272,12208.949286996876
00bbac68_7273,12208.968425542982
00bbac68_7274,12208.991144757114
00bbac68_7275,12209.021866732295
00bbac68_7276,12209.036034078574
00bbac68_7277,12209.051654680505
00bbac68_7278,12209.070711371089
00bbac68_7279,12209.081661203218
00bbac68_7280,12209.106725515954
00bbac68_7281,12209.137931478028
00bbac68_7282,12209.168224970226
00bbac68_7283,12209.20071559527
00bbac68_7284,12209.223408451178
00bbac68_7285,12209.237368172018
00bbac68_7286,12209.261328759563
00bbac68_7287,12209.287821676486
00bbac68_7288,12209.297158639582
00bbac68_7289,12209.308142096676
00bbac68_7290,12209.323617625389
00bbac68_7291,12209.3425550277
00bbac68_7292,12209.35433694138
00bbac68_7293,12209.37476566116
00bbac68_7294,12209.394415083148
00bbac68_7295,12209.404047506749
00bbac68_7296,12209.426055502756
00bbac68_7297,12209.44944881054
00bbac68_7298,12209.459266059106
00bbac68_7299,12209.476538051858
00bbac68_7300,12209.494358291751
00bbac68_7301,12209.506090519437
00bbac68_7302,12209.533344099622
00bbac68_7303,12209.558177638652
00bbac68_7304,12209.578940255044
00bbac68_7305,12209.589190169478
00bbac68_7306,12209.61129853672
00bbac68_7307,12209.636331617494
00bbac68_7308,12209.6524341174
00bbac68_7309,12209.675540026568
00bbac68_7310,12209.700217392334
00bbac68_7311,12209.720570141168
00bbac68_7312,12209.753599676053
00bbac68_7313,12209.78576561518
00bbac68_7314,12209.805609726853
00bbac68_7315,12209.834113785766
00bbac68_7316,12209.86231938627
00bbac68_7317,12209.890272683751
00bbac68_7318,12209.908701495546
00bbac68_7319,12209.93709773307
00bbac68_7320,12209.965291213874
00bbac68_7321,12209.98346293269
00bbac68_7322,12210.00939771739
00bbac68_7323,12210.03204857266
00bbac68_7324,12210.045189620436
00bbac68_7325,12210.069469024624
00bbac68_7326,12210.09709775056
00bbac68_7327,12210.118400251597
00bbac68_7328,12210.152516641028
00bbac68_7329,12210.191547588269
00bbac68_7330,12210.235647889123
00bbac68_7331,12210.272401667416
00bbac68_7332,12210.319352179167
00bbac68_7333,12210.358986279543
00bbac68_7334,12210.379151496672
00bbac68_7335,12210.39889064633
00bbac68_7336,12210.406582926636
00bbac68_7337,12210.413504698954
00bbac68_7338,12210.438714561637
00bbac68_7339,12210.455922835192
00bbac68_7340,12210.456722568795
00bbac68_7341,12210.46102946566
00bbac68_7342,12210.457273023729
00bbac68_7343,12210.436833373296
00bbac68_7344,12210.431156281307
00bbac68_7345,12210.432533894393
00bbac68_7346,12210.44094995794
00bbac68_7347,12210.44532185672
00bbac68_7348,12210.463094872888
00bbac68_7349,12210.49236059813
00bbac68_7350,12210.533025298548
00bbac68_7351,12210.600275171186
00bbac68_7352,12210.668344310014
00bbac68_7353,12210.72701051558
00bbac68_7354,12210.776649306634
00bbac68_7355,12210.819249001916
00bbac68_7356,12210.879256048607
00bbac68_7357,12210.939572729909
00bbac68_7358,12210.967174100711
00bbac68_7359,12211.00000738919
00bbac68_7360,12211.030827517036
00bbac68_7361,12211.06625517002
00bbac68_7362,12211.102140460323
00bbac68_7363,12211.132990758206
00bbac68_7364,12211.168513185254
00bbac68_7365,12211.197528001789
00bbac68_7366,12211.214208934947
00bbac68_7367,12211.23917478894
00bbac68_7368,12211.258831267696
00bbac68_7369,12211.27340248188
00bbac68_7370,12211.27677843183
00bbac68_7371,12211.310580239371
00bbac68_7372,12211.34828052982
00bbac68_7373,12211.366551134022
00bbac68_7374,12211.392476133811
00bbac68_7375,12211.4183069473
00bbac68_7376,12211.440224233416
00bbac68_7377,12211.447854746057
00bbac68_7378,12211.456715753107
00bbac68_7379,12211.46050634812
00bbac68_7380,12211.464996212042
00bbac68_7381,12211.476518206584
00bbac68_7382,12211.520869507434
00bbac68_7383,12211.567565925194
00bbac68_7384,12211.61295094051
00bbac68_7385,12211.63897019184
00bbac68_7386,12211.67145992994
00bbac68_7387,12211.701497264534
00bbac68_7388,12211.73303965903
00bbac68_7389,12211.76857642664
00bbac68_7390,12211.79503956016
00bbac68_7391,12211.821056916306
00bbac68_7392,12211.837885608837
00bbac68_7393,12211.859313319545
00bbac68_7394,12211.8883350574
00bbac68_7395,12211.91116921214
00bbac68_7396,12211.940917037551
00bbac68_7397,12211.971797130547
00bbac68_7398,12212.007989787911
00bbac68_7399,12212.041151717518
00bbac68_7400,12212.057465076554
00bbac68_7401,12212.078822002277
00bbac68_7402,12212.095918404
00bbac68_7403,12212.111338567738
00bbac68_7404,12212.131651483814
00bbac68_7405,12212.171777704036
00bbac68_7406,12212.207405209963
00bbac68_7407,12212.244803039475
00bbac68_7408,12212.287484318962
00bbac68_7409,12212.340383203831
00bbac68_7410,12212.38550673486
00bbac68_7411,12212.421163647168
00bbac68_7412,12212.452973204176
00bbac68_7413,12212.47719713429
00bbac68_7414,12212.522903871855
00bbac68_7415,12212.57628577829
00bbac68_7416,12212.634075959451
00bbac68_7417,12212.68190554044
00bbac68_7418,12212.716666441049
00bbac68_7419,12212.74497973487
00bbac68_7420,12212.76844943374
00bbac68_7421,12212.78559562602
00bbac68_7422,12212.822050212675
00bbac68_7423,12212.86741752728
00bbac68_7424,12212.902611717896
00bbac68_7425,12212.926845400643
00bbac68_7426,12212.952477734749
00bbac68_7427,12212.987542857203
00bbac68_7428,12213.023392640784
00bbac68_7429,12213.04617363112
00bbac68_7430,12213.057116551754
00bbac68_7431,12213.06073488156
00bbac68_7432,12213.075957088138
00bbac68_7433,12213.092974452737
00bbac68_7434,12213.113274269908
00bbac68_7435,12213.138315940383
00bbac68_7436,12213.168822270076
00bbac68_7437,12213.196872984689
00bbac68_7438,12213.224085872163
00bbac68_7439,12213.256351001955
00bbac68_7440,12213.295117658585
00bbac68_7441,12213.319735114434
00bbac68_7442,12213.344681489323
00bbac68_7443,12213.39191109241
00bbac68_7444,12213.412685301037
00bbac68_7445,12213.416592098634
00bbac68_7446,12213.43500189084
00bbac68_7447,12213.451481766971
00bbac68_7448,12213.466830314035
00bbac68_7449,12213.481505324722
00bbac68_7450,12213.49578868135
00bbac68_7451,12213.509470357352
00bbac68_7452,12213.519536115831
00bbac68_7453,12213.535139505117
00bbac68_7454,12213.54634561446
00bbac68_7455,12213.545580031998
00bbac68_7456,12213.549592075637
00bbac68_7457,12213.561881002996
00bbac68_7458,12213.577792325144
00bbac68_7459,12213.606290560136
00bbac68_7460,12213.650558785454
00bbac68_7461,12213.686441708332
00bbac68_7462,12213.713617407371
00bbac68_7463,12213.73434797914
00bbac68_7464,12213.750385325477
00bbac68_7465,12213.77575929007
00bbac68_7466,12213.80113296728
00bbac68_7467,12213.822024936908
00bbac68_7468,12213.826263946932
00bbac68_7469,12213.847428658162
00bbac68_7470,12213.870284296452
00bbac68_7471,12213.911115577004
00bbac68_7472,12213.978998147872
00bbac68_7473,12214.08317354444
00bbac68_7474,12214.12898968389
00bbac68_7475,12214.14661767913
00bbac68_7476,12214.159446512422
00bbac68_7477,12214.190620076748
00bbac68_7478,12214.220102921376
00bbac68_7479,12214.228536526009
00bbac68_7480,12214.236566359445
00bbac68_7481,12214.251612291151
00bbac68_7482,12214.254240025592
00bbac68_7483,12214.27968141184
00bbac68_7484,12214.34152683881
00bbac68_7485,12214.395583713553
00bbac68_7486,12214.444798410455
00bbac68_7487,12214.501105133964
00bbac68_7488,12214.54362951356
00bbac68_7489,12214.596647575254
00bbac68_7490,12214.649315969917
00bbac68_7491,12214.664407523098
00bbac68_7492,12214.689909817662
00bbac68_7493,12214.715935265174
00bbac68_7494,12214.748097444592
00bbac68_7495,12214.792888628694
00bbac68_7496,12214.82166166418
00bbac68_7497,12214.858550275852
00bbac68_7498,12214.88644672266
00bbac68_7499,12214.922430795168
00bbac68_7500,12214.9452381317
00bbac68_7501,12214.961006499843
00bbac68_7502,12214.96165134083
00bbac68_7503,12214.984484962111
00bbac68_7504,12214.998763959176
00bbac68_7505,12215.016796933032
00bbac68_7506,12215.02759224676
00bbac68_7507,12215.050281236956
00bbac68_7508,12215.07194507688
00bbac68_7509,12215.08611542314
00bbac68_7510,12215.112627150927
00bbac68_7511,12215.138518698865
00bbac68_7512,12215.154054843288
00bbac68_7513,12215.17751769098
00bbac68_7514,12215.193026845503
00bbac68_7515,12215.228445855377
00bbac68_7516,12215.27551172871
00bbac68_7517,12215.333786301444
00bbac68_7518,12215.37917736228
00bbac68_7519,12215.420980244124
00bbac68_7520,12215.449591277738
00bbac68_7521,12215.47999076932
00bbac68_7522,12215.520580021326
00bbac68_7523,12215.535068160032
00bbac68_7524,12215.534051432089
00bbac68_7525,12215.525630229024
00bbac68_7526,12215.544551104673
00bbac68_7527,12215.598637048915
00bbac68_7528,12215.618466488748
00bbac68_7529,12215.566482391838
00bbac68_7530,12215.533593689934
00bbac68_7531,12215.539959518892
00bbac68_7532,12215.55921502234
00bbac68_7533,12215.582784051132
00bbac68_7534,12215.61255822846
00bbac68_7535,12215.65753294852
00bbac68_7536,12215.68155352775
00bbac68_7537,12215.692810556982
00bbac68_7538,12215.737952873766
00bbac68_7539,12215.813816126292
00bbac68_7540,12215.907992527193
00bbac68_7541,12215.990809964966
00bbac68_7542,12216.028559892791
00bbac68_7543,12216.047308637824
00bbac68_7544,12216.071555145452
00bbac68_7545,12216.100774357295
00bbac68_7546,12216.13451142989
00bbac68_7547,12216.171913579285
00bbac68_7548,12216.206164767584
00bbac68_7549,12216.217688324625
00bbac68_7550,12216.226410365414
00bbac68_7551,12216.285240178087
00bbac68_7552,12216.373865031324
00bbac68_7553,12216.438652537712
00bbac68_7554,12216.486985960648
00bbac68_7555,12216.556815265873
00bbac68_7556,12216.642103050268
00bbac68_7557,12216.7204588215
00bbac68_7558,12216.77056708977
00e12e8b_2083,11603.131507592396
00e12e8b_2084,11603.096857326298
00e12e8b_2085,11603.077898404335
00e12e8b_2086,11603.064448293926
00e12e8b_2087,11603.060443013204
00e12e8b_2088,11603.055658549563
00e12e8b_2089,11603.051866049997
00e12e8b_2090,11603.058151006791
00e12e8b_2091,11603.05658896448
00e12e8b_2092,11603.0488445641
00e12e8b_2093,11603.05251690374
00e12e8b_2094,11603.053591558311
00e12e8b_2095,11603.048306435525
00e12e8b_2096,11603.059495872509
00e12e8b_2097,11603.062123308848
00e12e8b_2098,11603.074426399638
00e12e8b_2099,11603.089611300293
00e12e8b_2100,11603.09395402595
00e12e8b_2101,11603.107893658662
00e12e8b_2102,11603.119044875666
00e12e8b_2103,11603.13737636229
00e12e8b_2104,11603.16119925172
00e12e8b_2105,11603.178941915445
00e12e8b_2106,11603.21252317639
00e12e8b_2107,11603.22498022936
00e12e8b_2108,11603.252683415942
00e12e8b_2109,11603.297660693564
00e12e8b_2110,11603.350296222943
00e12e8b_2111,11603.4385811949
00e12e8b_2112,11603.49577320549
00e12e8b_2113,11603.573436188555
00e12e8b_2114,11603.634234383428
00e12e8b_2115,11603.703780419995
00e12e8b_2116,11603.758654597965
00e12e8b_2117,11603.816934830456
00e12e8b_2118,11603.856519792987
00e12e8b_2119,11603.891063689784
00e12e8b_2120,11603.909299548195
00e12e8b_2121,11603.939431066694
00e12e8b_2122,11603.962385537878
00e12e8b_2123,11603.991998553418
00e12e8b_2124,11604.011461159604
00e12e8b_2125,11604.035750357703
00e12e8b_2126,11604.049005653604
00e12e8b_2127,11604.074152403096
00e12e8b_2128,11604.08696884558
00e12e8b_2129,11604.109494960216
00e12e8b_2130,11604.144191627216
00e12e8b_2131,11604.177854082363
00e12e8b_2132,11604.219719300672
00e12e8b_2133,11604.259370991178
00e12e8b_2134,11604.276182914233
00e12e8b_2135,11604.30040257415
00e12e8b_2136,11604.3226159408
00e12e8b_2137,11604.34544907862
00e12e8b_2138,11604.36596256248
00e12e8b_2139,11604.39048159977
00e12e8b_2140,11604.407052953116
00e12e8b_2141,11604.417935984024
00e12e8b_2142,11604.427981724635
00e12e8b_2143,11604.411204512027
00e12e8b_2144,11604.429812727542
00e12e8b_2145,11604.432121748356
00e12e8b_2146,11604.426477915074
00e12e8b_2147,11604.419823449076
00e12e8b_2148,11604.40904973508
00e12e8b_2149,11604.410849792406
00e12e8b_2150,11604.422251196003
00e12e8b_2151,11604.427333449474
00e12e8b_2152,11604.432370988545
00e12e8b_2153,11604.448731801043
00e12e8b_2154,11604.457071498387
00e12e8b_2155,11604.465373996354
00e12e8b_2156,11604.477217084945
00e12e8b_2157,11604.501459362711
00e12e8b_2158,11604.5129741844
00e12e8b_2159,11604.524697331191
00e12e8b_2160,11604.543318614007
00e12e8b_2161,11604.574265478515
00e12e8b_2162,11604.60313281953
00e12e8b_2163,11604.636019638432
00e12e8b_2164,11604.671317464174
00e12e8b_2165,11604.708710823274
00e12e8b_2166,11604.751126853806
00e12e8b_2167,11604.795951709451
00e12e8b_2168,11604.82862622559
00e12e8b_2169,11604.87243368794
00e12e8b_2170,11604.91853553332
00e12e8b_2171,11604.966624268896
00e12e8b_2172,11605.003873701296
00e12e8b_2173,11605.042099348377
00e12e8b_2174,11605.090657345578
00e12e8b_2175,11605.129885898345
00e12e8b_2176,11605.157957890411
00e12e8b_2177,11605.198472140031
00e12e8b_2178,11605.227108416311
00e12e8b_2179,11605.267637865789
00e12e8b_2180,11605.309358159944
00e12e8b_2181,11605.343000576133
00e12e8b_2182,11605.38484410401
00e12e8b_2183,11605.416655532636
00e12e8b_2184,11605.453094275565
00e12e8b_2185,11605.489619500564
00e12e8b_2186,11605.52134867544
00e12e8b_2187,11605.549041667928
00e12e8b_2188,11605.574920822504
00e12e8b_2189,11605.598113807438
00e12e8b_2190,11605.618747951405
00e12e8b_2191,11605.628907898536
00e12e8b_2192,11605.64644407662
00e12e8b_2193,11605.660571396304
00e12e8b_2194,11605.671439403352
00e12e8b_2195,11605.68364485322
00e12e8b_2196,11605.69507328487
00e12e8b_2197,11605.704508216366
00e12e8b_2198,11605.711877441969
00e12e8b_2199,11605.70329522138
00e12e8b_2200,11605.70687090758
00e12e8b_2201,11605.705072624552
00e12e8b_2202,11605.707031420745
00e12e8b_2203,11605.69723208248
00e12e8b_2204,11605.693935735297
00e12e8b_2205,11605.687425116972
00e12e8b_2206,11605.685801685797
00e12e8b_2207,11605.681032544217
00e12e8b_2208,11605.673949259142
00e12e8b_2209,11605.665312755276
00e12e8b_2210,11605.674711381364
00e12e8b_2211,11605.680615485971
00e12e8b_2212,11605.677891828042
00e12e8b_2213,11605.675742087991
00e12e8b_2214,11605.680141624129
00e12e8b_2215,11605.676313370466
00e12e8b_2216,11605.68504781322
00e12e8b_2217,11605.685211247936
00e12e8b_2218,11605.67298094451
00e12e8b_2219,11605.680912502565
00e12e8b_2220,11605.685218878503
00e12e8b_2221,11605.68576199094
00e12e8b_2222,11605.707238973822
00e12e8b_2223,11605.733019014242
00e12e8b_2224,11605.76768702383
00e12e8b_2225,11605.79271636423
00e12e8b_2226,11605.82690122029
00e12e8b_2227,11605.874540782226
00e12e8b_2228,11605.924847644246
00e12e8b_2229,11605.978439076833
00e12e8b_2230,11606.0248386875
00e12e8b_2231,11606.115337095904
00e12e8b_2232,11606.18446822668
00e12e8b_2233,11606.271738190628
00e12e8b_2234,11606.351570261482
00e12e8b_2235,11606.429226019509
00e12e8b_2236,11606.499947146174
00e12e8b_2237,11606.54490985836
00e12e8b_2238,11606.60414118291
00e12e8b_2239,11606.64064217049
00e12e8b_2240,11606.67914903849
00e12e8b_2241,11606.702642367349
00e12e8b_2242,11606.733384126965
00e12e8b_2243,11606.753279873685
00e12e8b_2244,11606.76748377821
00e12e8b_2245,11606.78595893475
00e12e8b_2246,11606.803652119015
00e12e8b_2247,11606.82748684418
00e12e8b_2248,11606.831418697117
00e12e8b_2249,11606.837865920235
00e12e8b_2250,11606.855917526853
00e12e8b_2251,11606.867087952178
00e12e8b_2252,11606.87601347064
00e12e8b_2253,11606.899047987776
00e12e8b_2254,11606.917056266651
00e12e8b_2255,11606.921310988537
00e12e8b_2256,11606.943904567595
00e12e8b_2257,11606.955656504446
00e12e8b_2258,11606.963926862754
00e12e8b_2259,11606.984100607602
00e12e8b_2260,11606.992341177403
00e12e8b_2261,11606.998341334078
00e12e8b_2262,11607.00865446215
00e12e8b_2263,11607.02815565304
00e12e8b_2264,11607.035794524634
00e12e8b_2265,11607.045902758236
00e12e8b_2266,11607.050077001704
00e12e8b_2267,11607.07255865456
00e12e8b_2268,11607.082146513443
00e12e8b_2269,11607.092577599022
00e12e8b_2270,11607.094723719292
00e12e8b_2271,11607.11298638629
00e12e8b_2272,11607.125269269987
00e12e8b_2273,11607.137295469856
00e12e8b_2274,11607.150087661676
00e12e8b_2275,11607.169083666377
00e12e8b_2276,11607.179845659532
00e12e8b_2277,11607.188164584071
00e12e8b_2278,11607.196513881216
00e12e8b_2279,11607.205411720504
00e12e8b_2280,11607.219813801716
00e12e8b_2281,11607.22310062025
00e12e8b_2282,11607.228392221568
00e12e8b_2283,11607.225530648082
00e12e8b_2284,11607.22559829331
00e12e8b_2285,11607.223283214931
00e12e8b_2286,11607.219264499348
00e12e8b_2287,11607.227739817426
00e12e8b_2288,11607.22574974088
00e12e8b_2289,11607.218720560442
00e12e8b_2290,11607.20996827877
00e12e8b_2291,11607.199534054704
00e12e8b_2292,11607.187704675473
00e12e8b_2293,11607.174250931295
00e12e8b_2294,11607.170258371008
00e12e8b_2295,11607.167189500771
00e12e8b_2296,11607.15843085958
00e12e8b_2297,11607.14213352254
00e12e8b_2298,11607.130754939835
00e12e8b_2299,11607.111724519198
00e12e8b_2300,11607.095950892272
00e12e8b_2301,11607.084121975236
00e12e8b_2302,11607.066501602709
00e12e8b_2303,11607.050996157996
00e12e8b_2304,11607.023888297095
00e12e8b_2305,11607.011856883826
00e12e8b_2306,11606.998677361556
00e12e8b_2307,11606.984359550524
00e12e8b_2308,11606.969036016197
00e12e8b_2309,11606.952727059972
00e12e8b_2310,11606.93410479443
00e12e8b_2311,11606.91583764673
00e12e8b_2312,11606.897927455566
00e12e8b_2313,11606.88785284814
00e12e8b_2314,11606.878985060102
00e12e8b_2315,11606.86918539136
00e12e8b_2316,11606.848056381388
00e12e8b_2317,11606.82923493312
00e12e8b_2318,11606.812895130446
00e12e8b_2319,11606.79258085512
00e12e8b_2320,11606.77637558739
00e12e8b_2321,11606.753788103111
00e12e8b_2322,11606.743068960945
00e12e8b_2323,11606.725452948633
00e12e8b_2324,11606.707151293893
00e12e8b_2325,11606.693215051622
00e12e8b_2326,11606.67510305982
00e12e8b_2327,11606.661040401115
00e12e8b_2328,11606.648952047595
00e12e8b_2329,11606.632942380944
00e12e8b_2330,11606.619981416854
00e12e8b_2331,11606.609124684648
00e12e8b_2332,11606.60325981633
00e12e8b_2333,11606.59304260403
00e12e8b_2334,11606.584053419756
00e12e8b_2335,11606.567165461642
00e12e8b_2336,11606.559117070135
00e12e8b_2337,11606.55025330855
00e12e8b_2338,11606.547252830092
00e12e8b_2339,11606.541844159368
00e12e8b_2340,11606.532649624289
00e12e8b_2341,11606.520339629047
00e12e8b_2342,11606.51518078786
00e12e8b_2343,11606.510448078609
00e12e8b_2344,11606.506394417243
00e12e8b_2345,11606.503991473322
00e12e8b_2346,11606.495780178782
00e12e8b_2347,11606.491956354435
00e12e8b_2348,11606.489914076776
00e12e8b_2349,11606.479736592364
00e12e8b_2350,11606.475744674228
00e12e8b_2351,11606.477036175223
00e12e8b_2352,11606.479226364369
00e12e8b_2353,11606.474179144836
00e12e8b_2354,11606.480252100551
00e12e8b_2355,11606.4716933767
00e12e8b_2356,11606.478286919291
00e12e8b_2357,11606.48327118062
00e12e8b_2358,11606.473667561624
00e12e8b_2359,11606.476296870997
00e12e8b_2360,11606.475207729423
00e12e8b_2361,11606.461329900254
00e12e8b_2362,11606.46618644042
00e12e8b_2363,11606.459614592495
00e12e8b_2364,11606.46607485696
00e12e8b_2365,11606.460443332086
00e12e8b_2366,11606.458953919451
00e12e8b_2367,11606.455141136568
00e12e8b_2368,11606.462077146254
00e12e8b_2369,11606.456466855943
00e12e8b_2370,11606.457789678225
00e12e8b_2371,11606.447461208336
00e12e8b_2372,11606.45025739185
00e12e8b_2373,11606.444527238436
00e12e8b_2374,11606.448933219011
00e12e8b_2375,11606.443623913809
00e12e8b_2376,11606.440280962031
00e12e8b_2377,11606.444390626812
00e12e8b_2378,11606.438268863994
00e12e8b_2379,11606.433512612064
00e12e8b_2380,11606.440610546872
00e12e8b_2381,11606.435598964674
00e12e8b_2382,11606.437612248828
00e12e8b_2383,11606.431313552215
00e12e8b_2384,11606.425733601303
00e12e8b_2385,11606.42119539063
00e12e8b_2386,11606.426675894878
00e12e8b_2387,11606.424583798793
00e12e8b_2388,11606.421841700492
00e12e8b_2389,11606.427812829415
00e12e8b_2390,11606.428555388828
00e12e8b_2391,11606.427797517532
00e12e8b_2392,11606.424772184817
00e12e8b_2393,11606.424169341806
00e12e8b_2394,11606.43102821592
00e12e8b_2395,11606.431478124312
00e12e8b_2396,11606.430651134207
00e12e8b_2397,11606.429008776277
00e12e8b_2398,11606.432458545529
00e12e8b_2399,11606.4353755773
00e12e8b_2400,11606.445534968863
00e12e8b_2401,11606.444355609212
00e12e8b_2402,11606.44733994782
00e12e8b_2403,11606.451228180518
00e12e8b_2404,11606.449992507827
00e12e8b_2405,11606.448463987454
00e12e8b_2406,11606.450732372306
00e12e8b_2407,11606.453271369985
00e12e8b_2408,11606.456292818544
00e12e8b_2409,11606.465136130786
00e12e8b_2410,11606.469633053095
00e12e8b_2411,11606.471876897
00e12e8b_2412,11606.476395934553
00e12e8b_2413,11606.482218239127
00e12e8b_2414,11606.484039649871
00e12e8b_2415,11606.487183090643
00e12e8b_2416,11606.493547349415
00e12e8b_2417,11606.49849700984
00e12e8b_2418,11606.498367615808
00e12e8b_2419,11606.504295693088
00e12e8b_2420,11606.506593476726
00e12e8b_2421,11606.512142126188
00e12e8b_2422,11606.51629778831
00e12e8b_2423,11606.51686274563
00e12e8b_2424,11606.521879071155
00e12e8b_2425,11606.5321655378
00e12e8b_2426,11606.53809111371
00e12e8b_2427,11606.54601067019
00e12e8b_2428,11606.555966928576
00e12e8b_2429,11606.553147969697
00e12e8b_2430,11606.562107187588
00e12e8b_2431,11606.5707773935
00e12e8b_2432,11606.576502539468
00e12e8b_2433,11606.57824689276
00e12e8b_2434,11606.575829821775
00e12e8b_2435,11606.57758189385
00e12e8b_2436,11606.582484302577
00e12e8b_2437,11606.575765456402
00e12e8b_2438,11606.577861290358
00e12e8b_2439,11606.58251897851
00e12e8b_2440,11606.58489773459
00e12e8b_2441,11606.58047008848
00e12e8b_2442,11606.58395758994
00e12e8b_2443,11606.578732768116
00e12e8b_2444,11606.581961312131
00e12e8b_2445,11606.584057934757
00e12e8b_2446,11606.579591455808
00e12e8b_2447,11606.581954503325
00e12e8b_2448,11606.587743945152
00e12e8b_2449,11606.581921236031
00e12e8b_2450,11606.585965143136
00e12e8b_2451,11606.581434175012
00e12e8b_2452,11606.586431425369
00e12e8b_2453,11606.583008764905
00e12e8b_2454,11606.58629327636
00e12e8b_2455,11606.583363364238
00e12e8b_2456,11606.589173029142
00e12e8b_2457,11606.586770453729
00e12e8b_2458,11606.593738597729
00e12e8b_2459,11606.59207640548
00e12e8b_2460,11606.59723220098
00e12e8b_2461,11606.59534767902
00e12e8b_2462,11606.601191564489
00e12e8b_2463,11606.600908416807
00e12e8b_2464,11606.606925843753
00e12e8b_2465,11606.602747518593
00e12e8b_2466,11606.601679590633
00e12e8b_2467,11606.609524786549
00e12e8b_2468,11606.607923720005
00e12e8b_2469,11606.615912316314
00e12e8b_2470,11606.61202422794
00e12e8b_2471,11606.61603764429
00e12e8b_2472,11606.622213011146
00e12e8b_2473,11606.632628576624
00e12e8b_2474,11606.633123966716
00e12e8b_2475,11606.633276633407
00e12e8b_2476,11606.642829127695
00e12e8b_2477,11606.642365114476
00e12e8b_2478,11606.64220219665
00e12e8b_2479,11606.651543980495
00e12e8b_2480,11606.652121450386
00e12e8b_2481,11606.65195256216
00e12e8b_2482,11606.652366267102
00e12e8b_2483,11606.652422450476
00e12e8b_2484,11606.6621643972
00e12e8b_2485,11606.662105087067
00e12e8b_2486,11606.662189565095
00e12e8b_2487,11606.662389502248
00e12e8b_2488,11606.66266363695
00e12e8b_2489,11606.672195945264
00e12e8b_2490,11606.672573823918
00e12e8b_2491,11606.67254453274
00e12e8b_2492,11606.67262428644
00e12e8b_2493,11606.672361635869
00e12e8b_2494,11606.672886747896
00e12e8b_2495,11606.67368140585
00e12e8b_2496,11606.674819667414
00e12e8b_2497,11606.6750518686
00e12e8b_2498,11606.675378073893
00e12e8b_2499,11606.67590988005
00e12e8b_2500,11606.674166651434
00e12e8b_2501,11606.674541688732
00e12e8b_2502,11606.685575701074
00e12e8b_2503,11606.686274527
00e12e8b_2504,11606.676659926376
00e12e8b_2505,11606.680291076924
00e12e8b_2506,11606.678016157754
00e12e8b_2507,11606.674373874142
00e12e8b_2508,11606.669489203114
00e12e8b_2509,11606.662321961494
00e12e8b_2510,11606.654257400944
00e12e8b_2511,11606.64610395961
00e12e8b_2512,11606.640793348804
00e12e8b_2513,11606.63326585328
00e12e8b_2514,11606.62501884928
00e12e8b_2515,11606.619181872638
00e12e8b_2516,11606.600644627191
00e12e8b_2517,11606.589985590532
00e12e8b_2518,11606.581668421022
00e12e8b_2519,11606.569346110484
00e12e8b_2520,11606.562863994674
00e12e8b_2521,11606.555586674483
00e12e8b_2522,11606.539722562778
00e12e8b_2523,11606.533542731726
00e12e8b_2524,11606.526257751735
00e12e8b_2525,11606.518878149203
00e12e8b_2526,11606.502537175911
00e12e8b_2527,11606.49553999824
00e12e8b_2528,11606.488915373902
00e12e8b_2529,11606.48227420145
00e12e8b_2530,11606.46702592935
00e12e8b_2531,11606.460541026025
00e12e8b_2532,11606.455890609745
00e12e8b_2533,11606.449250116597
00e12e8b_2534,11606.442621111251
00e12e8b_2535,11606.427444518877
00e12e8b_2536,11606.419279804906
00e12e8b_2537,11606.410992309888
00e12e8b_2538,11606.405831187412
00e12e8b_2539,11606.40007617795
00e12e8b_2540,11606.383245275912
00e12e8b_2541,11606.375216133923
00e12e8b_2542,11606.3655534606
00e12e8b_2543,11606.35718942897
00e12e8b_2544,11606.346148527113
00e12e8b_2545,11606.332750342424
00e12e8b_2546,11606.323508641106
00e12e8b_2547,11606.303003025934
00e12e8b_2548,11606.295708697382
00e12e8b_2549,11606.289431458556
00e12e8b_2550,11606.282756327188
00e12e8b_2551,11606.275744449662
00e12e8b_2552,11606.268765330196
00e12e8b_2553,11606.262648801005
00e12e8b_2554,11606.257380638122
00e12e8b_2555,11606.253533196848
00e12e8b_2556,11606.249338512063
00e12e8b_2557,11606.236417787595
00e12e8b_2558,11606.23304006218
00e12e8b_2559,11606.22983381045
00e12e8b_2560,11606.227481663704
00e12e8b_2561,11606.2261234679
00e12e8b_2562,11606.22588297095
00e12e8b_2563,11606.227576741594
00e12e8b_2564,11606.225645140406
00e12e8b_2565,11606.228506112891
00e12e8b_2566,11606.22752090095
00e12e8b_2567,11606.229159692844
00e12e8b_2568,11606.235140277397
00e12e8b_2569,11606.241610466046
00e12e8b_2570,11606.247144332989
00e12e8b_2571,11606.257005691026
00e12e8b_2572,11606.264185313134
00e12e8b_2573,11606.266895609248
00e12e8b_2574,11606.273626613787
00e12e8b_2575,11606.274996737982
00e12e8b_2576,11606.283950940182
00e12e8b_2577,11606.28397332615
00e12e8b_2578,11606.295421347131
00e12e8b_2579,11606.31057266022
00e12e8b_2580,11606.315221118582
00e12e8b_2581,11606.323153456528
00e12e8b_2582,11606.339022246792
00e12e8b_2583,11606.353479928635
00e12e8b_2584,11606.366314542982
00e12e8b_2585,11606.367097830613
00e12e8b_2586,11606.372092499318
00e12e8b_2587,11606.380841556778
00e12e8b_2588,11606.379790360665
00e12e8b_2589,11606.396418077446
00e12e8b_2590,11606.412647601855
00e12e8b_2591,11606.44117361973
00e12e8b_2592,11606.444104370314
00e12e8b_2593,11606.453270559685
00e12e8b_2594,11606.467339202023
00e12e8b_2595,11606.496724495832
00e12e8b_2596,11606.513663650114
00e12e8b_2597,11606.535249528008
00e12e8b_2598,11606.558586732088
00e12e8b_2599,11606.57214099648
00e12e8b_2600,11606.584149165275
00e12e8b_2601,11606.605897515135
00e12e8b_2602,11606.62423490165
00e12e8b_2603,11606.637764603576
00e12e8b_2604,11606.65796916909
00e12e8b_2605,11606.683932512957
00e12e8b_2606,11606.703316128882
00e12e8b_2607,11606.710215767416
00e12e8b_2608,11606.727022348628
00e12e8b_2609,11606.748960688154
00e12e8b_2610,11606.75447523184
00e12e8b_2611,11606.76915622462
00e12e8b_2612,11606.777367944427
00e12e8b_2613,11606.795701914556
00e12e8b_2614,11606.813816583994
00e12e8b_2615,11606.810696210156
00e12e8b_2616,11606.818888315976
00e12e8b_2617,11606.826410646829
00e12e8b_2618,11606.830813321094
00e12e8b_2619,11606.844066136102
00e12e8b_2620,11606.8612893884
00e12e8b_2621,11606.868364473572
00e12e8b_2622,11606.87460497268
00e12e8b_2623,11606.89090491593
00e12e8b_2624,11606.891890662033
00e12e8b_2625,11606.900778444016
00e12e8b_2626,11606.914725222654
00e12e8b_2627,11606.914850968436
00e12e8b_2628,11606.928728495312
00e12e8b_2629,11606.92468231068
00e12e8b_2630,11606.94321012542
00e12e8b_2631,11606.95087908825
00e12e8b_2632,11606.963865792412
00e12e8b_2633,11606.968755840571
00e12e8b_2634,11606.99348660862
00e12e8b_2635,11606.99852745732
00e12e8b_2636,11607.00737036888
00e12e8b_2637,11607.016071942882
00e12e8b_2638,11607.028326863754
00e12e8b_2639,11607.022591832128
00e12e8b_2640,11607.007851435264
00e12e8b_2641,11607.021272411748
00e12e8b_2642,11607.027632020556
00e12e8b_2643,11607.025898978492
00e12e8b_2644,11607.01603900206
00e12e8b_2645,11607.016291944989
00e12e8b_2646,11607.014460304455
00e12e8b_2647,11607.014715864914
00e12e8b_2648,11607.001374937465
00e12e8b_2649,11606.985257942251
00e12e8b_2650,11606.980352871224
00e12e8b_2651,11606.96175653416
00e12e8b_2652,11606.960691578144
00e12e8b_2653,11606.968067617
00e12e8b_2654,11606.957881617822
00e12e8b_2655,11606.946304427962
00e12e8b_2656,11606.942547281553
00e12e8b_2657,11606.935265418895
00e12e8b_2658,11606.92466684577
00e12e8b_2659,11606.909330604896
00e12e8b_2660,11606.913353410246
00e12e8b_2661,11606.917321491228
00e12e8b_2662,11606.896479361829
00e12e8b_2663,11606.891253367869
00e12e8b_2664,11606.896582500936
00e12e8b_2665,11606.918315601217
00e12e8b_2666,11606.924535084856
00e12e8b_2667,11606.936942060507
00e12e8b_2668,11606.947474095325
00e12e8b_2669,11606.965614878802
00e12e8b_2670,11606.964067567777
00e12e8b_2671,11606.981723505363
00e12e8b_2672,11607.015144047924
00e12e8b_2673,11607.044368656409
00e12e8b_2674,11607.045773683429
00e12e8b_2675,11607.081260878636
00e12e8b_2676,11607.118810403614
00e12e8b_2677,11607.158167346615
00e12e8b_2678,11607.178783668856
00e12e8b_2679,11607.200559134231
00e12e8b_2680,11607.215819155796
00e12e8b_2681,11607.240587420443
00e12e8b_2682,11607.268568420834
00e12e8b_2683,11607.284227207416
00e12e8b_2684,11607.305265707755
00e12e8b_2685,11607.330491014178
00e12e8b_2686,11607.3494593895
00e12e8b_2687,11607.369336676677
00e12e8b_2688,11607.37825036007
00e12e8b_2689,11607.404154932465
00e12e8b_2690,11607.425039993785
00e12e8b_2691,11607.457101579846
00e12e8b_2692,11607.467808435324
00e12e8b_2693,11607.488411924507
00e12e8b_2694,11607.500916168872
00e12e8b_2695,11607.515457502015
00e12e8b_2696,11607.514477581855
00e12e8b_2697,11607.529575435565
00e12e8b_2698,11607.538504271408
00e12e8b_2699,11607.566249547846
00e12e8b_2700,11607.569760157165
00e12e8b_2701,11607.57238337467
00e12e8b_2702,11607.58171674271
00e12e8b_2703,11607.589954509314
00e12e8b_2704,11607.603281929803
00e12e8b_2705,11607.600047309872
00e12e8b_2706,11607.589274322609
00e12e8b_2707,11607.605617891611
00e12e8b_2708,11607.614310598025
00e12e8b_2709,11607.60825984122
00e12e8b_2710,11607.620811251698
00e12e8b_2711,11607.64096389523
00e12e8b_2712,11607.650558869407
00e12e8b_2713,11607.670809300524
00e12e8b_2714,11607.680059305663
00e12e8b_2715,11607.698272016243
00e12e8b_2716,11607.704930925343
00e12e8b_2717,11607.716432024668
00e12e8b_2718,11607.722024510818
00e12e8b_2719,11607.739921149194
00e12e8b_2720,11607.745297733583
00e12e8b_2721,11607.750287079398
00e12e8b_2722,11607.759038616345
00e12e8b_2723,11607.767628929309
00e12e8b_2724,11607.782230481997
00e12e8b_2725,11607.785065732154
00e12e8b_2726,11607.798646362417
00e12e8b_2727,11607.804465164323
00e12e8b_2728,11607.810557744033
00e12e8b_2729,11607.817326790013
00e12e8b_2730,11607.819891253928
00e12e8b_2731,11607.834645154897
00e12e8b_2732,11607.83416454339
00e12e8b_2733,11607.836523315607
00e12e8b_2734,11607.8425752858
00e12e8b_2735,11607.850525363056
00e12e8b_2736,11607.860006502458
00e12e8b_2737,11607.86209676977
00e12e8b_2738,11607.862877593088
00e12e8b_2739,11607.864575615142
00e12e8b_2740,11607.866900931616
00e12e8b_2741,11607.884139274562
00e12e8b_2742,11607.89062777368
00e12e8b_2743,11607.895041387055
00e12e8b_2744,11607.899882572076
00e12e8b_2745,11607.90747366066
00e12e8b_2746,11607.916488252393
00e12e8b_2747,11607.918322261625
00e12e8b_2748,11607.924130940664
00e12e8b_2749,11607.931576736217
00e12e8b_2750,11607.937367791274
00e12e8b_2751,11607.944297197377
00e12e8b_2752,11607.94837725354
00e12e8b_2753,11607.953350124912
00e12e8b_2754,11607.959055721987
00e12e8b_2755,11607.9653297539
00e12e8b_2756,11607.971210094349
00e12e8b_2757,11607.97644609996
00e12e8b_2758,11607.980609321268
00e12e8b_2759,11607.986537337209
00e12e8b_2760,11607.99268483466
00e12e8b_2761,11607.996744333876
00e12e8b_2762,11607.994908491622
00e12e8b_2763,11608.000691687
00e12e8b_2764,11608.008296075915
00e12e8b_2765,11608.014100464728
00e12e8b_2766,11608.019113792168
00e12e8b_2767,11608.022790208008
00e12e8b_2768,11608.027419457489
00e12e8b_2769,11608.032613238553
00e12e8b_2770,11608.0366809981
00e12e8b_2771,11608.040232556395
00e12e8b_2772,11608.043865479787
00e12e8b_2773,11608.038408908931
00e12e8b_2774,11608.044957536236
00e12e8b_2775,11608.051764404092
00e12e8b_2776,11608.055779272288
00e12e8b_2777,11608.0643261908
00e12e8b_2778,11608.069432823626
00e12e8b_2779,11608.067900691149
00e12e8b_2780,11608.075783623011
00e12e8b_2781,11608.08365513278
00e12e8b_2782,11608.091916494954
00e12e8b_2783,11608.09805064771
00e12e8b_2784,11608.095444553128
00e12e8b_2785,11608.10042455522
00e12e8b_2786,11608.108015666336
00e12e8b_2787,11608.11518752468
00e12e8b_2788,11608.12471945696
00e12e8b_2789,11608.124063557918
00e12e8b_2790,11608.13317862175
00e12e8b_2791,11608.142575693924
00e12e8b_2792,11608.149722726605
00e12e8b_2793,11608.149709840378
00e12e8b_2794,11608.156596048351
00e12e8b_2795,11608.166186557955
00e12e8b_2796,11608.173625011725
00e12e8b_2797,11608.170848648797
00e12e8b_2798,11608.17894937826
00e12e8b_2799,11608.186812654045
00e12e8b_2800,11608.18740295398
00e12e8b_2801,11608.194763729283
00e12e8b_2802,11608.203057728228
00e12e8b_2803,11608.197512843728
00e12e8b_2804,11608.205275301429
00e12e8b_2805,11608.215900573829
00e12e8b_2806,11608.216222641106
00e12e8b_2807,11608.224530240424
00e12e8b_2808,11608.233969207047
00e12e8b_2809,11608.23295675336
00e12e8b_2810,11608.241939754971
00e12e8b_2811,11608.250448589246
00e12e8b_2812,11608.249987724495
00e12e8b_2813,11608.259249891093
00e12e8b_2814,11608.266602465288
00e12e8b_2815,11608.266118229114
00e12e8b_2816,11608.272738942416
00e12e8b_2817,11608.27933491436
00e12e8b_2818,11608.27906688862
00e12e8b_2819,11608.28557036383
00e12e8b_2820,11608.291836358409
00e12e8b_2821,11608.29835980697
00e12e8b_2822,11608.297068310363
00e12e8b_2823,11608.306573695889
00e12e8b_2824,11608.31716856773
00e12e8b_2825,11608.325283974938
00e12e8b_2826,11608.32165080907
00e12e8b_2827,11608.329263480864
00e12e8b_2828,11608.337542724674
00e12e8b_2829,11608.345348102614
00e12e8b_2830,11608.352375554565
00e12e8b_2831,11608.358235731672
00e12e8b_2832,11608.355070987544
00e12e8b_2833,11608.361203711102
00e12e8b_2834,11608.36691548697
00e12e8b_2835,11608.374444872949
00e12e8b_2836,11608.381586879595
00e12e8b_2837,11608.388437629075
00e12e8b_2838,11608.397789028471
00e12e8b_2839,11608.404461459082
00e12e8b_2840,11608.409733339053
00e12e8b_2841,11608.413448958176
00e12e8b_2842,11608.415266763222
00e12e8b_2843,11608.422712399504
00e12e8b_2844,11608.428028698749
00e12e8b_2845,11608.43057203207
00e12e8b_2846,11608.435119713702
00e12e8b_2847,11608.439845362613
00e12e8b_2848,11608.444776464476
00e12e8b_2849,11608.449866552372
00e12e8b_2850,11608.465353131696
00e12e8b_2851,11608.47103641841
00e12e8b_2852,11608.47981607883
00e12e8b_2853,11608.486851863774
00e12e8b_2854,11608.49539430811
00e12e8b_2855,11608.512229934098
00e12e8b_2856,11608.51666402612
00e12e8b_2857,11608.51879029194
00e12e8b_2858,11608.516529418392
00e12e8b_2859,11608.52611812426
00e12e8b_2860,11608.530338965378
00e12e8b_2861,11608.546137513946
00e12e8b_2862,11608.551946508393
00e12e8b_2863,11608.55683316396
00e12e8b_2864,11608.5591017106
00e12e8b_2865,11608.57993006352
00e12e8b_2866,11608.587154969857
00e12e8b_2867,11608.591665685237
00e12e8b_2868,11608.591679756324
00e12e8b_2869,11608.60203413328
00e12e8b_2870,11608.596769383545
00e12e8b_2871,11608.5964534811
00e12e8b_2872,11608.60110613882
00e12e8b_2873,11608.59849017334
00e12e8b_2874,11608.590301697115
00e12e8b_2875,11608.589738209705
00e12e8b_2876,11608.585594096508
00e12e8b_2877,11608.567629595616
00e12e8b_2878,11608.568507580823
00e12e8b_2879,11608.562615914256
00e12e8b_2880,11608.560640877551
00e12e8b_2881,11608.556183207103
00e12e8b_2882,11608.562253453283
00e12e8b_2883,11608.560676688774
00e12e8b_2884,11608.559569401674
00e12e8b_2885,11608.557941237515
00e12e8b_2886,11608.574065651956
00e12e8b_2887,11608.561904739392
00e12e8b_2888,11608.567716222176
00e12e8b_2889,11608.573421978146
00e12e8b_2890,11608.593974462005
00e12e8b_2891,11608.595010163675
00e12e8b_2892,11608.613690941876
00e12e8b_2893,11608.618538332395
00e12e8b_2894,11608.63064810372
00e12e8b_2895,11608.634461633264
00e12e8b_2896,11608.64346641148
00e12e8b_2897,11608.656754838628
00e12e8b_2898,11608.654954568909
00e12e8b_2899,11608.671047512868
00e12e8b_2900,11608.688360939796
00e12e8b_2901,11608.701834954738
00e12e8b_2902,11608.716047247415
00e12e8b_2903,11608.732700951225
00e12e8b_2904,11608.752281811192
00e12e8b_2905,11608.765643549885
00e12e8b_2906,11608.785209682672
00e12e8b_2907,11608.810328919484
00e12e8b_2908,11608.81390888986
00e12e8b_2909,11608.821752917633
00e12e8b_2910,11608.835443617612
00e12e8b_2911,11608.841219726251
00e12e8b_2912,11608.851292614334
00e12e8b_2913,11608.86728244238
00e12e8b_2914,11608.880904777592
00e12e8b_2915,11608.898640497477
00e12e8b_2916,11608.90943811609
00e12e8b_2917,11608.926351890552
00e12e8b_2918,11608.936575537473
00e12e8b_2919,11608.9523787541
00e12e8b_2920,11608.955692025102
00e12e8b_2921,11608.974657948773
00e12e8b_2922,11608.976910053
00e12e8b_2923,11608.980844805345
00e12e8b_2924,11609.008807904853
00e12e8b_2925,11609.010870666543
00e12e8b_2926,11609.009853820353
00e12e8b_2927,11609.026408471846
00e12e8b_2928,11609.030848888466
00e12e8b_2929,11609.040241222485
00e12e8b_2930,11609.06241263708
00e12e8b_2931,11609.077692737956
00e12e8b_2932,11609.091518206176
00e12e8b_2933,11609.101135089511
00e12e8b_2934,11609.11088475768
00e12e8b_2935,11609.117900908408
00e12e8b_2936,11609.128224351094
00e12e8b_2937,11609.144082602972
00e12e8b_2938,11609.153957935385
00e12e8b_2939,11609.166655050443
00e12e8b_2940,11609.17830941706
00e12e8b_2941,11609.188209450416
00e12e8b_2942,11609.19791720588
00e12e8b_2943,11609.200155371758
00e12e8b_2944,11609.198432425152
00e12e8b_2945,11609.20815806555
00e12e8b_2946,11609.21415117422
00e12e8b_2947,11609.22466470844
00e12e8b_2948,11609.230559996837
00e12e8b_2949,11609.238904178705
00e12e8b_2950,11609.242206371217
00e12e8b_2951,11609.242851600213
00e12e8b_2952,11609.25547556673
00e12e8b_2953,11609.263018524363
00e12e8b_2954,11609.269532014716
00e12e8b_2955,11609.270107283062
00e12e8b_2956,11609.276521318878
00e12e8b_2957,11609.279836806149
00e12e8b_2958,11609.275045621234
00e12e8b_2959,11609.281927008711
00e12e8b_2960,11609.281397443094
00e12e8b_2961,11609.288780243269
00e12e8b_2962,11609.290029052385
00e12e8b_2963,11609.299253552184
00e12e8b_2964,11609.29612441636
00e12e8b_2965,11609.29944773972
00e12e8b_2966,11609.297237646311
00e12e8b_2967,11609.308376964746
00e12e8b_2968,11609.303901065394
00e12e8b_2969,11609.311935717276
00e12e8b_2970,11609.30932972786
00e12e8b_2971,11609.309070214407
00e12e8b_2972,11609.31901595788
00e12e8b_2973,11609.317857825128
00e12e8b_2974,11609.314633762053
00e12e8b_2975,11609.314025549573
00e12e8b_2976,11609.314603764358
00e12e8b_2977,11609.31239338976
00e12e8b_2978,11609.309724038074
00e12e8b_2979,11609.307805826733
00e12e8b_2980,11609.301392881289
00e12e8b_2981,11609.296402743534
00e12e8b_2982,11609.301972056328
00e12e8b_2983,11609.295023901828
00e12e8b_2984,11609.29137789612
00e12e8b_2985,11609.290695611326
00e12e8b_2986,11609.286518841936
00e12e8b_2987,11609.286074721562
00e12e8b_2988,11609.284891292686
00e12e8b_2989,11609.28666387761
00e12e8b_2990,11609.285185786532
00e12e8b_2991,11609.28223344748
00e12e8b_2992,11609.27465502418
00e12e8b_2993,11609.277537629265
00e12e8b_2994,11609.273166197445
00e12e8b_2995,11609.270842699842
00e12e8b_2996,11609.270427095977
00e12e8b_2997,11609.268709107637
00e12e8b_2998,11609.263811115685
00e12e8b_2999,11609.267138457992
00e12e8b_3000,11609.261041835962
00e12e8b_3001,11609.250360137925
00e12e8b_3002,11609.252630984513
00e12e8b_3003,11609.255335235472
00e12e8b_3004,11609.258468477845
00e12e8b_3005,11609.256858010256
00e12e8b_3006,11609.256134001856
00e12e8b_3007,11609.257420244438
00e12e8b_3008,11609.248674730346
00e12e8b_3009,11609.248692682437
00e12e8b_3010,11609.248356054435
00e12e8b_3011,11609.248613330969
00e12e8b_3012,11609.24060075481
00e12e8b_3013,11609.240257990108
00e12e8b_3014,11609.237396858176
00e12e8b_3015,11609.226645728682
00e12e8b_3016,11609.22276608019
00e12e8b_3017,11609.217005402368
00e12e8b_3018,11609.216032375713
00e12e8b_3019,11609.202291889547
00e12e8b_3020,11609.201829271387
00e12e8b_3021,11609.198695797815
00e12e8b_3022,11609.190010132525
00e12e8b_3023,11609.177966730516
00e12e8b_3024,11609.169009538306
00e12e8b_3025,11609.163829376985
00e12e8b_3026,11609.161271906152
00e12e8b_3027,11609.150565393964
00e12e8b_3028,11609.143804876172
00e12e8b_3029,11609.136158263693
00e12e8b_3030,11609.11978598434
00e12e8b_3031,11609.09618808865
00e12e8b_3032,11609.085284751469
00e12e8b_3033,11609.071341513823
00e12e8b_3034,11609.050697883811
00e12e8b_3035,11609.022829440968
00e12e8b_3036,11608.994129885616
00e12e8b_3037,11608.977538501736
00e12e8b_3038,11608.963268914114
00e12e8b_3039,11608.942430744346
00e12e8b_3040,11608.94057649508
00e12e8b_3041,11608.934435252406
00e12e8b_3042,11608.92064775464
00e12e8b_3043,11608.923455633942
00e12e8b_3044,11608.911141806517
00e12e8b_3045,11608.910818612634
00e12e8b_3046,11608.892761828572
00e12e8b_3047,11608.893176373267
00e12e8b_3048,11608.882213773755
00e12e8b_3049,11608.879684990588
00e12e8b_3050,11608.894915081322
00e12e8b_3051,11608.903231966178
00e12e8b_3052,11608.907665249531
00e12e8b_3053,11608.906185523543
00e12e8b_3054,11608.899234765446
00e12e8b_3055,11608.90598517183
00e12e8b_3056,11608.919289992004
00e12e8b_3057,11608.9295662806
00e12e8b_3058,11608.923728596315
00e12e8b_3059,11608.92844752946
00e12e8b_3060,11608.933089282751
00e12e8b_3061,11608.935719143788
00e12e8b_3062,11608.9366386183
00e12e8b_3063,11608.924329675065
00e12e8b_3064,11608.926376590289
00e12e8b_3065,11608.928597822664
00e12e8b_3066,11608.928383515164
00e12e8b_3067,11608.925894068292
00e12e8b_3068,11608.91594561097
00e12e8b_3069,11608.91653905958
00e12e8b_3070,11608.914634655988
00e12e8b_3071,11608.913134799874
00e12e8b_3072,11608.911017476692
00e12e8b_3073,11608.89924704387
00e12e8b_3074,11608.896139645864
00e12e8b_3075,11608.893911357987
00e12e8b_3076,11608.89037007476
00e12e8b_3077,11608.887573651506
00e12e8b_3078,11608.883551802246
00e12e8b_3079,11608.870774132927
00e12e8b_3080,11608.865416447368
00e12e8b_3081,11608.861394907804
00e12e8b_3082,11608.857649760586
00e12e8b_3083,11608.854933859811
00e12e8b_3084,11608.851009376707
00e12e8b_3085,11608.840202029513
00e12e8b_3086,11608.83942521152
00e12e8b_3087,11608.837568030714
00e12e8b_3088,11608.835262650857
00e12e8b_3089,11608.831936735036
00e12e8b_3090,11608.828208164845
00e12e8b_3091,11608.824733550424
00e12e8b_3092,11608.813817383896
00e12e8b_3093,11608.812977450636
00e12e8b_3094,11608.802442907428
00e12e8b_3095,11608.79984656662
00e12e8b_3096,11608.797824327909
00e12e8b_3097,11608.796496835404
00e12e8b_3098,11608.79439091119
00e12e8b_3099,11608.782320957966
00e12e8b_3100,11608.779598258194
00e12e8b_3101,11608.77630139432
00e12e8b_3102,11608.772838846337
00e12e8b_3103,11608.769684237814
00e12e8b_3104,11608.756229859951
00e12e8b_3105,11608.75203507339
00e12e8b_3106,11608.748049055728
00e12e8b_3107,11608.743967971322
00e12e8b_3108,11608.730271069402
00e12e8b_3109,11608.72565849944
00e12e8b_3110,11608.720687466315
00e12e8b_3111,11608.706442409286
00e12e8b_3112,11608.701049065605
00e12e8b_3113,11608.695119778666
00e12e8b_3114,11608.679350023396
00e12e8b_3115,11608.673012357089
00e12e8b_3116,11608.666353409471
00e12e8b_3117,11608.649875784591
00e12e8b_3118,11608.641850698572
00e12e8b_3119,11608.633573279694
00e12e8b_3120,11608.61610925783
00e12e8b_3121,11608.607059676217
00e12e8b_3122,11608.588934899992
00e12e8b_3123,11608.580482342482
00e12e8b_3124,11608.564001287084
00e12e8b_3125,11608.554350260763
00e12e8b_3126,11608.545986033712
00e12e8b_3127,11608.524304424644
00e12e8b_3128,11608.51494743891
00e12e8b_3129,11608.494801620029
00e12e8b_3130,11608.484607254815
00e12e8b_3131,11608.464611766078
00e12e8b_3132,11608.455173316182
00e12e8b_3133,11608.436931713328
00e12e8b_3134,11608.414391103304
00e12e8b_3135,11608.402672943386
00e12e8b_3136,11608.383661126109
00e12e8b_3137,11608.376609488292
00e12e8b_3138,11608.355697355348
00e12e8b_3139,11608.344639322491
00e12e8b_3140,11608.323350484308
00e12e8b_3141,11608.302708660987
00e12e8b_3142,11608.28932572177
00e12e8b_3143,11608.268277566714
00e12e8b_3144,11608.243619754672
00e12e8b_3145,11608.230055477146
00e12e8b_3146,11608.20501204604
00e12e8b_3147,11608.181324975318
00e12e8b_3148,11608.1648595795
00e12e8b_3149,11608.141653961717
00e12e8b_3150,11608.11390546279
00e12e8b_3151,11608.096331294364
00e12e8b_3152,11608.070541781675
00e12e8b_3153,11608.043071082231
00e12e8b_3154,11608.013662551735
00e12e8b_3155,11607.9888123445
00e12e8b_3156,11607.968611265404
00e12e8b_3157,11607.934054407053
00e12e8b_3158,11607.902110133697
00e12e8b_3159,11607.867407192778
00e12e8b_3160,11607.83332234946
00e12e8b_3161,11607.80796543206
00e12e8b_3162,11607.775954319222
00e12e8b_3163,11607.73853052188
00e12e8b_3164,11607.707876623615
00e12e8b_3165,11607.671777828384
00e12e8b_3166,11607.64187307037
00e12e8b_3167,11607.607510056405
00e12e8b_3168,11607.56742065361
00e12e8b_3169,11607.541783731673
00e12e8b_3170,11607.50903773032
00e12e8b_3171,11607.46963209723
00e12e8b_3172,11607.429457459144
00e12e8b_3173,11607.398940226938
00e12e8b_3174,11607.361678298324
00e12e8b_3175,11607.325358962682
00e12e8b_3176,11607.291004701823
00e12e8b_3177,11607.258702278765
00e12e8b_3178,11607.228135237909
00e12e8b_3179,11607.185587930437
00e12e8b_3180,11607.149807711336
00e12e8b_3181,11607.116533032717
00e12e8b_3182,11607.078900432309
00e12e8b_3183,11607.04040410063
00e12e8b_3184,11606.991977107316
00e12e8b_3185,11606.95411303174
00e12e8b_3186,11606.919303392442
00e12e8b_3187,11606.890151944672
00e12e8b_3188,11606.858641412698
00e12e8b_3189,11606.82485342236
00e12e8b_3190,11606.788483470478
00e12e8b_3191,11606.756432193104
00e12e8b_3192,11606.72851675523
00e12e8b_3193,11606.685074400517
00e12e8b_3194,11606.651759172542
00e12e8b_3195,11606.62929847953
00e12e8b_3196,11606.601558842547
00e12e8b_3197,11606.573238814886
00e12e8b_3198,11606.54275182654
00e12e8b_3199,11606.517534355266
00e12e8b_3200,11606.488538770802
00e12e8b_3201,11606.470616545466
00e12e8b_3202,11606.442474989872
00e12e8b_3203,11606.41693846797
00e12e8b_3204,11606.401401031311
00e12e8b_3205,11606.37612409076
00e12e8b_3206,11606.359093505984
00e12e8b_3207,11606.339342757532
00e12e8b_3208,11606.327981099625
00e12e8b_3209,11606.308127991611
00e12e8b_3210,11606.306379952824
00e12e8b_3211,11606.298941952591
00e12e8b_3212,11606.285980055876
00e12e8b_3213,11606.28811652254
00e12e8b_3214,11606.285300513924
00e12e8b_3215,11606.286691076635
00e12e8b_3216,11606.288601178265
00e12e8b_3217,11606.290882167352
00e12e8b_3218,11606.293742658136
00e12e8b_3219,11606.2957751314
00e12e8b_3220,11606.294760566596
00e12e8b_3221,11606.292925813232
00e12e8b_3222,11606.292194744869
00e12e8b_3223,11606.29126345086
00e12e8b_3224,11606.290155850002
00e12e8b_3225,11606.299289572631
00e12e8b_3226,11606.299316332384
00e12e8b_3227,11606.298607273378
00e12e8b_3228,11606.307861760111
00e12e8b_3229,11606.305750238986
00e12e8b_3230,11606.314456371225
00e12e8b_3231,11606.3136011294
00e12e8b_3232,11606.325531890674
00e12e8b_3233,11606.32601645239
00e12e8b_3234,11606.335026664923
00e12e8b_3235,11606.34292377678
00e12e8b_3236,11606.339197090212
00e12e8b_3237,11606.341047749564
00e12e8b_3238,11606.34024878481
00e12e8b_3239,11606.344584176584
00e12e8b_3240,11606.34290494508
00e12e8b_3241,11606.344224275696
00e12e8b_3242,11606.342724937014
00e12e8b_3243,11606.341732456527
00e12e8b_3244,11606.342634572173
00e12e8b_3245,11606.354593130916
00e12e8b_3246,11606.372236668962
00e12e8b_3247,11606.380553557838
00e12e8b_3248,11606.388103724716
00e12e8b_3249,11606.413799203025
00e12e8b_3250,11606.428619639915
00e12e8b_3251,11606.449101891283
00e12e8b_3252,11606.473346326178
00e12e8b_3253,11606.490069734264
00e12e8b_3254,11606.514249347878
00e12e8b_3255,11606.531373528776
00e12e8b_3256,11606.554161537792
00e12e8b_3257,11606.56856711339
00e12e8b_3258,11606.590433601648
00e12e8b_3259,11606.60912370703
00e12e8b_3260,11606.617271236615
00e12e8b_3261,11606.633430689151
00e12e8b_3262,11606.648309511116
00e12e8b_3263,11606.661432897085
00e12e8b_3264,11606.672296391822
00e12e8b_3265,11606.683863546996
00e12e8b_3266,11606.692938454677
00e12e8b_3267,11606.701882036446
00e12e8b_3268,11606.711148358105
00e12e8b_3269,11606.715951044664
00e12e8b_3270,11606.721331266224
00e12e8b_3271,11606.725766745223
00e12e8b_3272,11606.736356458268
00e12e8b_3273,11606.74475484675
00e12e8b_3274,11606.758634183683
00e12e8b_3275,11606.764004188926
00e12e8b_3276,11606.765031821453
00e12e8b_3277,11606.77258779483
00e12e8b_3278,11606.778015429258
00e12e8b_3279,11606.788386211249
00e12e8b_3280,11606.788482374468
00e12e8b_3281,11606.796681332831
00e12e8b_3282,11606.803398470298
00e12e8b_3283,11606.802832198708
00e12e8b_3284,11606.806923981045
00e12e8b_3285,11606.816792845282
00e12e8b_3286,11606.820889069906
00e12e8b_3287,11606.830590817955
00e12e8b_3288,11606.84186556939
00e12e8b_3289,11606.850261542768
00e12e8b_3290,11606.856861583332
00e12e8b_3291,11606.857759832224
00e12e8b_3292,11606.865174522143
00e12e8b_3293,11606.873245615512
00e12e8b_3294,11606.880497904174
00e12e8b_3295,11606.881131450697
00e12e8b_3296,11606.89016799479
00e12e8b_3297,11606.900923538144
00e12e8b_3298,11606.907125989248
00e12e8b_3299,11606.90546432365
00e12e8b_3300,11606.915199715751
00e12e8b_3301,11606.926336615552
00e12e8b_3302,11606.933350173982
00e12e8b_3303,11606.929523596216
00e12e8b_3304,11606.935977502044
00e12e8b_3305,11606.943421294887
00e12e8b_3306,11606.947488020438
00e12e8b_3307,11606.95894948526
00e12e8b_3308,11606.966011389606
00e12e8b_3309,11606.976514194304
00e12e8b_3310,11606.97522044765
00e12e8b_3311,11606.987473573276
00e12e8b_3312,11606.997880341594
00e12e8b_3313,11606.9930575987
00e12e8b_3314,11607.003594893167
00e12e8b_3315,11607.018242289862
00e12e8b_3316,11607.028571588671
00e12e8b_3317,11607.031564655594
00e12e8b_3318,11607.040206152997
00e12e8b_3319,11607.053413772264
00e12e8b_3320,11607.05523692143
00e12e8b_3321,11607.061151004513
00e12e8b_3322,11607.075561321111
00e12e8b_3323,11607.07575610364
00e12e8b_3324,11607.086028311842
00e12e8b_3325,11607.096686254934
00e12e8b_3326,11607.107718750922
00e12e8b_3327,11607.107976307672
00e12e8b_3328,11607.119417357297
00e12e8b_3329,11607.133649001762
00e12e8b_3330,11607.137032104583
00e12e8b_3331,11607.1472762855
00e12e8b_3332,11607.154311675433
00e12e8b_3333,11607.157139786555
00e12e8b_3334,11607.172239520838
00e12e8b_3335,11607.183274101031
00e12e8b_3336,11607.186836384866
00e12e8b_3337,11607.19721456288
00e12e8b_3338,11607.213736887436
00e12e8b_3339,11607.22096704631
00e12e8b_3340,11607.23705058525
00e12e8b_3341,11607.24819032286
00e12e8b_3342,11607.2618113946
00e12e8b_3343,11607.2764901136
00e12e8b_3344,11607.285906943242
00e12e8b_3345,11607.301379953984
00e12e8b_3346,11607.311830391189
00e12e8b_3347,11607.319571156964
00e12e8b_3348,11607.3322826708
00e12e8b_3349,11607.34671400916
00e12e8b_3350,11607.349514005307
00e12e8b_3351,11607.362266450964
00e12e8b_3352,11607.364453500351
00e12e8b_3353,11607.377330449412
00e12e8b_3354,11607.39546966528
00e12e8b_3355,11607.400626476505
00e12e8b_3356,11607.41743819245
00e12e8b_3357,11607.430145969796
00e12e8b_3358,11607.43436874311
00e12e8b_3359,11607.447285692087
00e12e8b_3360,11607.450553506573
00e12e8b_3361,11607.464812579052
00e12e8b_3362,11607.48085264754
00e12e8b_3363,11607.4873180436
00e12e8b_3364,11607.503972334958
00e12e8b_3365,11607.51041020291
00e12e8b_3366,11607.52544342921
00e12e8b_3367,11607.536898822897
00e12e8b_3368,11607.545060807965
00e12e8b_3369,11607.561979465016
00e12e8b_3370,11607.571086453954
00e12e8b_3371,11607.588701617162
00e12e8b_3372,11607.606403661115
00e12e8b_3373,11607.61502175176
00e12e8b_3374,11607.628268335691
00e12e8b_3375,11607.641352566052
00e12e8b_3376,11607.653187140451
00e12e8b_3377,11607.658025852894
00e12e8b_3378,11607.676854346597
00e12e8b_3379,11607.689508015705
00e12e8b_3380,11607.700460592803
00e12e8b_3381,11607.72253013528
00e12e8b_3382,11607.7364973055
00e12e8b_3383,11607.759289884872
00e12e8b_3384,11607.767984991882
00e12e8b_3385,11607.78788454126
00e12e8b_3386,11607.800640084626
00e12e8b_3387,11607.824066396975
00e12e8b_3388,11607.831289101425
00e12e8b_3389,11607.84835161323
00e12e8b_3390,11607.858261049218
00e12e8b_3391,11607.875349219728
00e12e8b_3392,11607.884619979315
00e12e8b_3393,11607.893545748491
00e12e8b_3394,11607.914248452713
00e12e8b_3395,11607.924102468582
00e12e8b_3396,11607.93368112356
00e12e8b_3397,11607.952089603394
00e12e8b_3398,11607.96063573902
00e12e8b_3399,11607.982238171318
00e12e8b_3400,11607.987652797432
00e12e8b_3401,11607.996903011504
00e12e8b_3402,11608.005524093458
00e12e8b_3403,11608.02274575696
00e12e8b_3404,11608.031370979876
00e12e8b_3405,11608.039696496608
00e12e8b_3406,11608.046608321143
00e12e8b_3407,11608.060867641729
00e12e8b_3408,11608.069892801272
00e12e8b_3409,11608.0762671295
00e12e8b_3410,11608.08341431238
00e12e8b_3411,11608.10047397236
00e12e8b_3412,11608.109269521712
00e12e8b_3413,11608.1138473353
00e12e8b_3414,11608.120973474228
00e12e8b_3415,11608.126301126264
00e12e8b_3416,11608.133959659066
00e12e8b_3417,11608.142812785129
00e12e8b_3418,11608.150852718514
00e12e8b_3419,11608.167238276785
00e12e8b_3420,11608.178289174442
00e12e8b_3421,11608.186841915604
00e12e8b_3422,11608.1968494463
00e12e8b_3423,11608.20408725902
00e12e8b_3424,11608.208625166784
00e12e8b_3425,11608.214307946078
00e12e8b_3426,11608.22210201786
00e12e8b_3427,11608.225820554931
00e12e8b_3428,11608.22559329392
00e12e8b_3429,11608.230677000069
00e12e8b_3430,11608.233527648346
00e12e8b_3431,11608.236977400698
00e12e8b_3432,11608.232356073971
00e12e8b_3433,11608.234759863386
00e12e8b_3434,11608.241639688524
00e12e8b_3435,11608.244551434513
00e12e8b_3436,11608.251116200208
00e12e8b_3437,11608.254583321695
00e12e8b_3438,11608.257755035793
00e12e8b_3439,11608.260685875206
00e12e8b_3440,11608.257063709008
00e12e8b_3441,11608.260579213078
00e12e8b_3442,11608.266071096825
00e12e8b_3443,11608.271060070194
00e12e8b_3444,11608.275084111838
00e12e8b_3445,11608.269073211992
00e12e8b_3446,11608.270201960397
00e12e8b_3447,11608.27428187439
00e12e8b_3448,11608.270157192665
00e12e8b_3449,11608.273877151669
00e12e8b_3450,11608.276672609643
00e12e8b_3451,11608.27977703446
00e12e8b_3452,11608.274332566423
00e12e8b_3453,11608.27740412047
00e12e8b_3454,11608.27983929908
00e12e8b_3455,11608.27706556281
00e12e8b_3456,11608.281385967914
00e12e8b_3457,11608.276888119111
00e12e8b_3458,11608.27828570024
00e12e8b_3459,11608.280844416928
00e12e8b_3460,11608.274736515268
00e12e8b_3461,11608.278179955378
00e12e8b_3462,11608.271287259078
00e12e8b_3463,11608.274755390825
00e12e8b_3464,11608.26977956404
00e12e8b_3465,11608.27459896974
00e12e8b_3466,11608.267370652236
00e12e8b_3467,11608.272163247657
00e12e8b_3468,11608.266668895294
00e12e8b_3469,11608.270171416272
00e12e8b_3470,11608.264213383847
00e12e8b_3471,11608.266811349476
00e12e8b_3472,11608.260932185343
00e12e8b_3473,11608.256832191702
00e12e8b_3474,11608.25979327799
00e12e8b_3475,11608.254470909393
00e12e8b_3476,11608.257723209412
00e12e8b_3477,11608.250574078898
00e12e8b_3478,11608.245966519253
00e12e8b_3479,11608.250817407068
00e12e8b_3480,11608.244321286204
00e12e8b_3481,11608.237200140496
00e12e8b_3482,11608.240796713497
00e12e8b_3483,11608.236850256168
00e12e8b_3484,11608.231871534268
00e12e8b_3485,11608.225709390988
00e12e8b_3486,11608.227518359516
00e12e8b_3487,11608.22044302628
00e12e8b_3488,11608.214624122793
00e12e8b_3489,11608.209692205985
00e12e8b_3490,11608.21266500685
00e12e8b_3491,11608.205946303107
00e12e8b_3492,11608.201995006935
00e12e8b_3493,11608.196907038377
00e12e8b_3494,11608.192533512907
00e12e8b_3495,11608.195750510456
00e12e8b_3496,11608.190513852143
00e12e8b_3497,11608.185140927077
00e12e8b_3498,11608.17958947374
00e12e8b_3499,11608.173846529016
00e12e8b_3500,11608.167924986135
00e12e8b_3501,11608.162346055944
00e12e8b_3502,11608.157050113548
00e12e8b_3503,11608.15174947476
00e12e8b_3504,11608.15645631249
00e12e8b_3505,11608.151405257448
00e12e8b_3506,11608.146555225332
00e12e8b_3507,11608.14188434436
00e12e8b_3508,11608.137298506676
00e12e8b_3509,11608.13286381988
00e12e8b_3510,11608.127783602358
00e12e8b_3511,11608.123101627662
00e12e8b_3512,11608.11830521892
00e12e8b_3513,11608.113422441498
00e12e8b_3514,11608.10769706306
00e12e8b_3515,11608.09375085047
00e12e8b_3516,11608.089273574107
00e12e8b_3517,11608.085127551449
00e12e8b_3518,11608.081243060593
00e12e8b_3519,11608.076369212837
00e12e8b_3520,11608.072245319632
00e12e8b_3521,11608.068099048558
00e12e8b_3522,11608.06330555121
00e12e8b_3523,11608.059172953384
00e12e8b_3524,11608.045728388704
00e12e8b_3525,11608.041407327368
00e12e8b_3526,11608.03723011099
00e12e8b_3527,11608.03367214975
00e12e8b_3528,11608.029933170274
00e12e8b_3529,11608.02566962742
00e12e8b_3530,11608.012088902313
00e12e8b_3531,11608.008022305885
00e12e8b_3532,11608.00473064296
00e12e8b_3533,11608.00141961995
00e12e8b_3534,11607.987861796955
00e12e8b_3535,11607.983629665385
00e12e8b_3536,11607.979712831617
00e12e8b_3537,11607.96683224697
00e12e8b_3538,11607.962943752604
00e12e8b_3539,11607.959090253502
00e12e8b_3540,11607.955007414574
00e12e8b_3541,11607.942003524266
00e12e8b_3542,11607.938740377653
00e12e8b_3543,11607.926135714308
00e12e8b_3544,11607.922502513711
00e12e8b_3545,11607.918879047424
00e12e8b_3546,11607.90623311378
00e12e8b_3547,11607.902962675522
00e12e8b_3548,11607.899722747105
00e12e8b_3549,11607.887305990307
00e12e8b_3550,11607.88419159304
00e12e8b_3551,11607.8717070654
00e12e8b_3552,11607.868645452225
00e12e8b_3553,11607.856539612145
00e12e8b_3554,11607.85358503141
00e12e8b_3555,11607.841650089798
00e12e8b_3556,11607.838918256151
00e12e8b_3557,11607.82690073382
00e12e8b_3558,11607.824122125312
00e12e8b_3559,11607.812200812035
00e12e8b_3560,11607.80959373332
00e12e8b_3561,11607.797798078487
00e12e8b_3562,11607.79525586238
00e12e8b_3563,11607.783639134375
00e12e8b_3564,11607.772079720737
00e12e8b_3565,11607.769696979
00e12e8b_3566,11607.758153715467
00e12e8b_3567,11607.757361873766
00e12e8b_3568,11607.747421852822
00e12e8b_3569,11607.743535922518
00e12e8b_3570,11607.741359759128
00e12e8b_3571,11607.73000299319
00e12e8b_3572,11607.718774309398
00e12e8b_3573,11607.716714911065
00e12e8b_3574,11607.705379100891
00e12e8b_3575,11607.694139639842
00e12e8b_3576,11607.692202009115
00e12e8b_3577,11607.680998525762
00e12e8b_3578,11607.66995228141
00e12e8b_3579,11607.668174049344
00e12e8b_3580,11607.656993870873
00e12e8b_3581,11607.64613676948
00e12e8b_3582,11607.644260952336
00e12e8b_3583,11607.6330516477
00e12e8b_3584,11607.622009211953
00e12e8b_3585,11607.62945267445
00e12e8b_3586,11607.628627681655
00e12e8b_3587,11607.616952956269
00e12e8b_3588,11607.6049929928
00e12e8b_3589,11607.602071435236
00e12e8b_3590,11607.589729930602
00e12e8b_3591,11607.577816347264
00e12e8b_3592,11607.575022555098
00e12e8b_3593,11607.562495604894
00e12e8b_3594,11607.55501846376
00e12e8b_3595,11607.557667616024
00e12e8b_3596,11607.559557779436
00e12e8b_3597,11607.547280160848
00e12e8b_3598,11607.533601968194
00e12e8b_3599,11607.545170137448
00e12e8b_3600,11607.529094096002
00e12e8b_3601,11607.515142245678
00e12e8b_3602,11607.504472104383
00e12e8b_3603,11607.485775186426
00e12e8b_3604,11607.471417852796
00e12e8b_3605,11607.444553051811
00e12e8b_3606,11607.421419502478
00e12e8b_3607,11607.389242983016
00e12e8b_3608,11607.363595450226
00e12e8b_3609,11607.345546265353
00e12e8b_3610,11607.337408515104
00e12e8b_3611,11607.32313723681
00e12e8b_3612,11607.307842092623
00e12e8b_3613,11607.293297639602
00e12e8b_3614,11607.288105603617
00e12e8b_3615,11607.275239078266
00e12e8b_3616,11607.262566456136
00e12e8b_3617,11607.251507063384
00e12e8b_3618,11607.25060578941
00e12e8b_3619,11607.244742178287
00e12e8b_3620,11607.237903722917
00e12e8b_3621,11607.23336149119
00e12e8b_3622,11607.241709896842
00e12e8b_3623,11607.231727861328
00e12e8b_3624,11607.23129415252
00e12e8b_3625,11607.232399246532
00e12e8b_3626,11607.248333483209
00e12e8b_3627,11607.2599293223
00e12e8b_3628,11607.2770765414
00e12e8b_3629,11607.312764598091
00e12e8b_3630,11607.342267698508
00e12e8b_3631,11607.38997359683
00e12e8b_3632,11607.429818946306
00e12e8b_3633,11607.484688945426
00e12e8b_3634,11607.533138979965
00e12e8b_3635,11607.5769863895
00e12e8b_3636,11607.634529653002
00e12e8b_3637,11607.679570378716
00e12e8b_3638,11607.719313528944
00e12e8b_3639,11607.75372059729
00e12e8b_3640,11607.796987316497
00e12e8b_3641,11607.841502428444
00e12e8b_3642,11607.876456574097
00e12e8b_3643,11607.911873195531
00e12e8b_3644,11607.944960427603
00e12e8b_3645,11607.977162799676
00e12e8b_3646,11608.006657732276
00e12e8b_3647,11608.028574019008
00e12e8b_3648,11608.046524734043
00e12e8b_3649,11608.055684181008
00e12e8b_3650,11608.06079275678
00e12e8b_3651,11608.059339319125
00e12e8b_3652,11608.062444169442
00e12e8b_3653,11608.043260304608
00e12e8b_3654,11608.02525426684
00e12e8b_3655,11608.013472909475
00e12e8b_3656,11607.987304936594
00e12e8b_3657,11607.961842519882
00e12e8b_3658,11607.949161756052
00e12e8b_3659,11607.925842773438
00e12e8b_3660,11607.904228140816
00e12e8b_3661,11607.8866318832
00e12e8b_3662,11607.867672615785
00e12e8b_3663,11607.844124132993
00e12e8b_3664,11607.833601518116
00e12e8b_3665,11607.834489676648
00e12e8b_3666,11607.832165115717
00e12e8b_3667,11607.836482828056
00e12e8b_3668,11607.837931513795
00e12e8b_3669,11607.82277542137
00e12e8b_3670,11607.805194430615
00e12e8b_3671,11607.771661547516
00e12e8b_3672,11607.74913347364
00e12e8b_3673,11607.732338213144
00e12e8b_3674,11607.70666251289
00e12e8b_3675,11607.683627584553
00e12e8b_3676,11607.658199855005
00e12e8b_3677,11607.63722598959
00e12e8b_3678,11607.61226476929
00e12e8b_3679,11607.581349729197
00e12e8b_3680,11607.546541631446
00e12e8b_3681,11607.50635094743
00e12e8b_3682,11607.471782373745
00e12e8b_3683,11607.440376548526
00e12e8b_3684,11607.4067512285
00e12e8b_3685,11607.377261524782
00e12e8b_3686,11607.34137721445
00e12e8b_3687,11607.318684176738
00e12e8b_3688,11607.298537377575
00e12e8b_3689,11607.280101830824
00e12e8b_3690,11607.2634118105
00e12e8b_3691,11607.247187225665
00e12e8b_3692,11607.233612372758
00e12e8b_3693,11607.217967138376
00e12e8b_3694,11607.20119071804
00e12e8b_3695,11607.182445743194
00e12e8b_3696,11607.16480011461
00e12e8b_3697,11607.14665099703
00e12e8b_3698,11607.118204699957
00e12e8b_3699,11607.098320038534
00e12e8b_3700,11607.084849009862
00e12e8b_3701,11607.073173150897
00e12e8b_3702,11607.062953365925
00e12e8b_3703,11607.055565401532
00e12e8b_3704,11607.03338314003
00e12e8b_3705,11607.028360316965
00e12e8b_3706,11607.019487000114
00e12e8b_3707,11607.01772615583
00e12e8b_3708,11607.013278219838
00e12e8b_3709,11607.00279403114
00e12e8b_3710,11606.99046447577
00e12e8b_3711,11606.974358300266
00e12e8b_3712,11606.9509673988
00e12e8b_3713,11606.932305735112
00e12e8b_3714,11606.905946443325
00e12e8b_3715,11606.895830531415
00e12e8b_3716,11606.866139235795
00e12e8b_3717,11606.81970508986
00e12e8b_3718,11606.771532965986
00e12e8b_3719,11606.709921099857
00e12e8b_3720,11606.650899907469
00e12e8b_3721,11606.587211263934
00e12e8b_3722,11606.526783199462
00e12e8b_3723,11606.473770133744
00e12e8b_3724,11606.410616276027
00e12e8b_3725,11606.369873078953
00e12e8b_3726,11606.3140761392
00e12e8b_3727,11606.285492222169
00e12e8b_3728,11606.256418980536
00e12e8b_3729,11606.216717583016
00e12e8b_3730,11606.185880123036
00e12e8b_3731,11606.158371566886
00e12e8b_3732,11606.123460158826
00e12e8b_3733,11606.100854230592
00e12e8b_3734,11606.068624200614
00e12e8b_3735,11606.046954584071
00e12e8b_3736,11606.015019367138
00e12e8b_3737,11605.99169902892
00e12e8b_3738,11605.96985905715
00e12e8b_3739,11605.9397010744
00e12e8b_3740,11605.919764732294
00e12e8b_3741,11605.8898307024
00e12e8b_3742,11605.870036405786
00e12e8b_3743,11605.841032806558
00e12e8b_3744,11605.819429691965
00e12e8b_3745,11605.787290979122
00e12e8b_3746,11605.763393759318
00e12e8b_3747,11605.736070456009
00e12e8b_3748,11605.712027142044
00e12e8b_3749,11605.682452657364
00e12e8b_3750,11605.657447028774
00e12e8b_3751,11605.64299979798
00e12e8b_3752,11605.619040267124
00e12e8b_3753,11605.608597032024
00e12e8b_3754,11605.58330390811
00e12e8b_3755,11605.564094715137
00e12e8b_3756,11605.539976849566
00e12e8b_3757,11605.520800260225
00e12e8b_3758,11605.508872625483
00e12e8b_3759,11605.483122973346
00e12e8b_3760,11605.465154702288
00e12e8b_3761,11605.44329017
00e12e8b_3762,11605.42197971963
00e12e8b_3763,11605.410270503642
00e12e8b_3764,11605.38673278921
00e12e8b_3765,11605.366852885752
00e12e8b_3766,11605.35514205144
00e12e8b_3767,11605.334234363574
00e12e8b_3768,11605.324777748348
00e12e8b_3769,11605.305450999962
00e12e8b_3770,11605.297649068936
00e12e8b_3771,11605.28444868572
00e12e8b_3772,11605.272130855928
00e12e8b_3773,11605.269825738438
00e12e8b_3774,11605.261200544575
00e12e8b_3775,11605.26469526035
00e12e8b_3776,11605.25559128532
00e12e8b_3777,11605.253790621156
00e12e8b_3778,11605.240129014952
00e12e8b_3779,11605.225313467374
00e12e8b_3780,11605.227923008806
00e12e8b_3781,11605.226638689111
00e12e8b_3782,11605.245483279525
00e12e8b_3783,11605.263504625284
00e12e8b_3784,11605.289920520032
00e12e8b_3785,11605.314361749086
00e12e8b_3786,11605.353223550384
00e12e8b_3787,11605.38623015508
00e12e8b_3788,11605.4182204467
00e12e8b_3789,11605.45179276308
00e12e8b_3790,11605.499307326469
00e12e8b_3791,11605.533365935406
00e12e8b_3792,11605.571548422611
00e12e8b_3793,11605.605761647275
00e12e8b_3794,11605.649045546192
00e12e8b_3795,11605.673969798949
00e12e8b_3796,11605.707697365116
00e12e8b_3797,11605.731215120066
00e12e8b_3798,11605.758578369578
00e12e8b_3799,11605.774637505889
00e12e8b_3800,11605.79818363268
00e12e8b_3801,11605.812968414804
00e12e8b_3802,11605.821122144513
00e12e8b_3803,11605.829201834931
00e12e8b_3804,11605.825437627876
00e12e8b_3805,11605.830339111864
00e12e8b_3806,11605.825455807972
00e12e8b_3807,11605.826795903968
00e12e8b_3808,11605.818306635105
00e12e8b_3809,11605.81643899442
00e12e8b_3810,11605.811317732225
00e12e8b_3811,11605.797797342191
00e12e8b_3812,11605.793900430916
00e12e8b_3813,11605.780975474883
00e12e8b_3814,11605.775712460483
00e12e8b_3815,11605.768397013935
00e12e8b_3816,11605.751771353473
00e12e8b_3817,11605.74328542297
00e12e8b_3818,11605.725921427033
00e12e8b_3819,11605.71729103622
00e12e8b_3820,11605.708597918514
00e12e8b_3821,11605.690102503791
00e12e8b_3822,11605.68080451167
00e12e8b_3823,11605.671335027822
00e12e8b_3824,11605.652516685472
00e12e8b_3825,11605.64296196986
00e12e8b_3826,11605.63274912928
00e12e8b_3827,11605.61244267814
00e12e8b_3828,11605.601331382764
00e12e8b_3829,11605.59038850716
00e12e8b_3830,11605.570287443275
00e12e8b_3831,11605.55945535466
00e12e8b_3832,11605.548743387171
00e12e8b_3833,11605.528612014945
00e12e8b_3834,11605.5177193051
00e12e8b_3835,11605.506643840828
00e12e8b_3836,11605.486260974722
00e12e8b_3837,11605.475382608109
00e12e8b_3838,11605.464403029324
00e12e8b_3839,11605.444221813666
00e12e8b_3840,11605.433311405195
00e12e8b_3841,11605.42221239282
00e12e8b_3842,11605.410702280513
00e12e8b_3843,11605.390201341455
00e12e8b_3844,11605.379565934734
00e12e8b_3845,11605.368649850165
00e12e8b_3846,11605.34821014082
00e12e8b_3847,11605.33744034971
00e12e8b_3848,11605.326489359444
00e12e8b_3849,11605.315866067242
00e12e8b_3850,11605.295818220326
00e12e8b_3851,11605.284832772082
00e12e8b_3852,11605.274044982105
00e12e8b_3853,11605.26337342976
00e12e8b_3854,11605.252612873452
00e12e8b_3855,11605.232292748988
00e12e8b_3856,11605.221590560916
00e12e8b_3857,11605.210494817828
00e12e8b_3858,11605.199393341883
00e12e8b_3859,11605.17914316821
00e12e8b_3860,11605.168015793117
00e12e8b_3861,11605.156845798818
00e12e8b_3862,11605.145427951347
00e12e8b_3863,11605.125344774511
00e12e8b_3864,11605.114340909016
00e12e8b_3865,11605.10323232692
00e12e8b_3866,11605.091860627885
00e12e8b_3867,11605.071602998358
00e12e8b_3868,11605.060573837118
00e12e8b_3869,11605.049218400703
00e12e8b_3870,11605.03807943172
00e12e8b_3871,11605.017935648437
00e12e8b_3872,11605.006875706678
00e12e8b_3873,11604.995681136928
00e12e8b_3874,11604.984663502732
00e12e8b_3875,11604.964321687032
00e12e8b_3876,11604.953366967116
00e12e8b_3877,11604.942139153462
00e12e8b_3878,11604.921828867056
00e12e8b_3879,11604.91037242356
00e12e8b_3880,11604.899018838902
00e12e8b_3881,11604.887808783014
00e12e8b_3882,11604.867412618303
00e12e8b_3883,11604.856047814175
00e12e8b_3884,11604.84468960643
00e12e8b_3885,11604.824041778556
00e12e8b_3886,11604.81231674356
00e12e8b_3887,11604.800614928914
00e12e8b_3888,11604.779681994069
00e12e8b_3889,11604.76790846354
00e12e8b_3890,11604.755998199314
00e12e8b_3891,11604.743976169651
00e12e8b_3892,11604.722681149788
00e12e8b_3893,11604.710515042849
00e12e8b_3894,11604.6982640118
00e12e8b_3895,11604.676962327794
00e12e8b_3896,11604.66523107413
00e12e8b_3897,11604.652920986731
00e12e8b_3898,11604.631566419404
00e12e8b_3899,11604.619863690466
00e12e8b_3900,11604.608006358703
00e12e8b_3901,11604.587228291948
00e12e8b_3902,11604.575694436777
00e12e8b_3903,11604.56409175857
00e12e8b_3904,11604.543238583468
00e12e8b_3905,11604.53197080462
00e12e8b_3906,11604.520345331392
00e12e8b_3907,11604.49966058474
00e12e8b_3908,11604.488026331534
00e12e8b_3909,11604.467305819531
00e12e8b_3910,11604.455557268542
00e12e8b_3911,11604.443849675352
00e12e8b_3912,11604.423042862752
00e12e8b_3913,11604.411419433374
00e12e8b_3914,11604.399462029472
00e12e8b_3915,11604.378137475363
00e12e8b_3916,11604.365790534375
00e12e8b_3917,11604.354905566512
00e12e8b_3918,11604.340660715608
00e12e8b_3919,11604.32819889683
00e12e8b_3920,11604.306509128106
00e12e8b_3921,11604.293760573471
00e12e8b_3922,11604.28047820318
00e12e8b_3923,11604.258067198243
00e12e8b_3924,11604.244772453312
00e12e8b_3925,11604.222897473252
00e12e8b_3926,11604.210169691962
00e12e8b_3927,11604.197626574263
00e12e8b_3928,11604.17603379318
00e12e8b_3929,11604.164102273096
00e12e8b_3930,11604.143070744138
00e12e8b_3931,11604.130373565093
00e12e8b_3932,11604.118045344474
00e12e8b_3933,11604.096785546091
00e12e8b_3934,11604.08444999998
00e12e8b_3935,11604.062648842704
00e12e8b_3936,11604.050534644965
00e12e8b_3937,11604.03820814944
00e12e8b_3938,11604.016155793386
00e12e8b_3939,11604.007989221496
00e12e8b_3940,11603.985834570998
00e12e8b_3941,11603.972464017272
00e12e8b_3942,11603.949304169157
00e12e8b_3943,11603.9351898876
00e12e8b_3944,11603.913080613696
00e12e8b_3945,11603.898778290866
00e12e8b_3946,11603.884871863762
00e12e8b_3947,11603.862619869637
00e12e8b_3948,11603.84876950039
00e12e8b_3949,11603.823843325335
00e12e8b_3950,11603.808830048816
00e12e8b_3951,11603.78599532564
00e12e8b_3952,11603.77345785813
00e12e8b_3953,11603.75108588581
00e12e8b_3954,11603.7380820054
00e12e8b_3955,11603.715406913703
00e12e8b_3956,11603.703157426064
00e12e8b_3957,11603.682098026273
00e12e8b_3958,11603.665859567102
00e12e8b_3959,11603.64691579666
00e12e8b_3960,11603.633949814408
00e12e8b_3961,11603.61506907981
00e12e8b_3962,11603.605757043346
00e12e8b_3963,11603.58727947808
00e12e8b_3964,11603.569061306149
00e12e8b_3965,11603.559046200717
00e12e8b_3966,11603.5393072868
00e12e8b_3967,11603.51966490548
00e12e8b_3968,11603.508754060347
00e12e8b_3969,11603.488459246337
00e12e8b_3970,11603.476591369274
00e12e8b_3971,11603.455924538344
00e12e8b_3972,11603.43498592504
00e12e8b_3973,11603.414006033234
00e12e8b_3974,11603.40214709174
00e12e8b_3975,11603.381086919437
00e12e8b_3976,11603.359626925812
00e12e8b_3977,11603.347139238089
00e12e8b_3978,11603.32512191452
00e12e8b_3979,11603.303517662258
00e12e8b_3980,11603.281726672232
00e12e8b_3981,11603.2692920195
00e12e8b_3982,11603.24755950219
00e12e8b_3983,11603.225551454718
00e12e8b_3984,11603.203577450422
00e12e8b_3985,11603.181510324668
00e12e8b_3986,11603.168461025518
00e12e8b_3987,11603.149069640358
00e12e8b_3988,11603.12641858025
00e12e8b_3989,11603.103973272397
00e12e8b_3990,11603.08133728136
00e12e8b_3991,11603.0674682486
00e12e8b_3992,11603.044210739468
00e12e8b_3993,11603.030440816548
00e12e8b_3994,11603.007055316437
00e12e8b_3995,11602.98317651898
00e12e8b_3996,11602.960247016954
00e12e8b_3997,11602.93721384318
00e12e8b_3998,11602.91408770411
00e12e8b_3999,11602.8913128469
00e12e8b_4000,11602.868684082336
00e12e8b_4001,11602.845820180446
00e12e8b_4002,11602.822406127903
00e12e8b_4003,11602.799074103625
00e12e8b_4004,11602.777972144097
00e12e8b_4005,11602.75415776351
00e12e8b_4006,11602.730438128752
00e12e8b_4007,11602.712516840566
00e12e8b_4008,11602.687857963112
00e12e8b_4009,11602.661096980117
00e12e8b_4010,11602.634954702013
00e12e8b_4011,11602.606130452
00e12e8b_4012,11602.57648608738
00e12e8b_4013,11602.544096663967
00e12e8b_4014,11602.50057653607
00e12e8b_4015,11602.46879766931
00e12e8b_4016,11602.43658754
00e12e8b_4017,11602.402854850052
00e12e8b_4018,11602.373141842663
00e12e8b_4019,11602.348699068923
00e12e8b_4020,11602.32471993654
00e12e8b_4021,11602.289695041856
00e12e8b_4022,11602.262676716036
00e12e8b_4023,11602.236277372682
00e12e8b_4024,11602.208138586864
00e12e8b_4025,11602.191078027558
00e12e8b_4026,11602.161263347967
00e12e8b_4027,11602.144221878278
00e12e8b_4028,11602.129130628176
00e12e8b_4029,11602.117743285087
00e12e8b_4030,11602.097870386942
00e12e8b_4031,11602.086011009924
00e12e8b_4032,11602.075546153408
00e12e8b_4033,11602.060493215402
00e12e8b_4034,11602.036847680807
00e12e8b_4035,11602.02275646989
00e12e8b_4036,11602.006957487698
00e12e8b_4037,11601.981153922952
00e12e8b_4038,11601.96346476128
00e12e8b_4039,11601.946574217967
00e12e8b_4040,11601.919368469496
00e12e8b_4041,11601.900602776312
00e12e8b_4042,11601.87353662939
00e12e8b_4043,11601.854620518356
00e12e8b_4044,11601.836015332628
00e12e8b_4045,11601.80837638311
00e12e8b_4046,11601.789388227113
00e12e8b_4047,11601.770356986288
00e12e8b_4048,11601.74154502102
00e12e8b_4049,11601.721824294422
00e12e8b_4050,11601.70165171065
00e12e8b_4051,11601.681617550354
00e12e8b_4052,11601.652051432353
00e12e8b_4053,11601.632154203851
00e12e8b_4054,11601.612061959178
00e12e8b_4055,11601.591168088878
00e12e8b_4056,11601.569752222198
00e12e8b_4057,11601.548611370674
00e12e8b_4058,11601.527579137226
00e12e8b_4059,11601.505829555548
00e12e8b_4060,11601.484034061992
00e12e8b_4061,11601.462438402745
00e12e8b_4062,11601.440869515114
00e12e8b_4063,11601.41958137431
00e12e8b_4064,11601.39835020794
00e12e8b_4065,11601.376963860292
00e12e8b_4066,11601.364155269788
00e12e8b_4067,11601.341979782928
00e12e8b_4068,11601.319592014444
00e12e8b_4069,11601.29722101878
00e12e8b_4070,11601.283791885106
00e12e8b_4071,11601.261124455565
00e12e8b_4072,11601.23825730034
00e12e8b_4073,11601.224556989271
00e12e8b_4074,11601.201653283795
00e12e8b_4075,11601.18778645977
00e12e8b_4076,11601.164674996557
00e12e8b_4077,11601.150646050526
00e12e8b_4078,11601.127487033333
00e12e8b_4079,11601.113368360944
00e12e8b_4080,11601.099289196703
00e12e8b_4081,11601.07609472837
00e12e8b_4082,11601.062036892348
00e12e8b_4083,11601.047728118328
00e12e8b_4084,11601.0243467673
00e12e8b_4085,11601.0099845015
00e12e8b_4086,11600.995641042582
00e12e8b_4087,11600.981215385806
00e12e8b_4088,11600.95764653567
00e12e8b_4089,11600.943177474928
00e12e8b_4090,11600.928626857534
00e12e8b_4091,11600.91401238267
00e12e8b_4092,11600.899405524367
00e12e8b_4093,11600.884755773635
00e12e8b_4094,11600.86999069302
00e12e8b_4095,11600.85518639655
00e12e8b_4096,11600.84021922792
00e12e8b_4097,11600.82525031583
00e12e8b_4098,11600.81024026006
00e12e8b_4099,11600.804221946102
00e12e8b_4100,11600.788953877336
00e12e8b_4101,11600.773640195952
00e12e8b_4102,11600.758307680608
00e12e8b_4103,11600.752057900412
00e12e8b_4104,11600.736590132889
00e12e8b_4105,11600.721068425082
00e12e8b_4106,11600.71465374791
00e12e8b_4107,11600.698998390844
00e12e8b_4108,11600.69089810463
00e12e8b_4109,11600.687357672776
00e12e8b_4110,11600.67160176367
00e12e8b_4111,11600.671109435174
00e12e8b_4112,11600.659791580172
00e12e8b_4113,11600.653225167956
00e12e8b_4114,11600.637451524435
00e12e8b_4115,11600.630752826062
00e12e8b_4116,11600.624104253313
00e12e8b_4117,11600.608298083804
00e12e8b_4118,11600.60170633384
00e12e8b_4119,11600.595194508374
00e12e8b_4120,11600.58861536324
00e12e8b_4121,11600.572667077142
00e12e8b_4122,11600.565728645412
00e12e8b_4123,11600.558990235557
00e12e8b_4124,11600.552258561416
00e12e8b_4125,11600.545605299028
00e12e8b_4126,11600.539292754567
00e12e8b_4127,11600.532297534934
00e12e8b_4128,11600.524992303292
00e12e8b_4129,11600.51785743707
00e12e8b_4130,11600.510302634617
00e12e8b_4131,11600.502791151825
00e12e8b_4132,11600.495172582128
00e12e8b_4133,11600.487628442568
00e12e8b_4134,11600.480236339212
00e12e8b_4135,11600.47260491387
00e12e8b_4136,11600.474347353162
00e12e8b_4137,11600.466648292802
00e12e8b_4138,11600.459307274024
00e12e8b_4139,11600.461679930118
00e12e8b_4140,11600.45473295675
00e12e8b_4141,11600.447456128864
00e12e8b_4142,11600.44940490904
00e12e8b_4143,11600.44158383386
00e12e8b_4144,11600.443297691814
00e12e8b_4145,11600.436072281736
00e12e8b_4146,11600.437861378354
00e12e8b_4147,11600.439848967966
00e12e8b_4148,11600.44276016043
00e12e8b_4149,11600.444340125385
00e12e8b_4150,11600.43730410856
00e12e8b_4151,11600.438790648255
00e12e8b_4152,11600.438754063587
00e12e8b_4153,11600.43770071864
00e12e8b_4154,11600.447177696247
00e12e8b_4155,11600.448336095476
00e12e8b_4156,11600.451930361847
00e12e8b_4157,11600.45455909914
00e12e8b_4158,11600.465374175306
00e12e8b_4159,11600.468523365937
00e12e8b_4160,11600.470310566016
00e12e8b_4161,11600.479030917311
00e12e8b_4162,11600.48532361846
00e12e8b_4163,11600.483633927484
00e12e8b_4164,11600.491613187743
00e12e8b_4165,11600.500230718804
00e12e8b_4166,11600.500972292555
00e12e8b_4167,11600.509840038609
00e12e8b_4168,11600.515744559443
00e12e8b_4169,11600.522187687053
00e12e8b_4170,11600.52919178086
00e12e8b_4171,11600.538683756677
00e12e8b_4172,11600.546440548796
00e12e8b_4173,11600.557633158616
00e12e8b_4174,11600.578783608706
00e12e8b_4175,11600.591071898734
00e12e8b_4176,11600.599846370596
00e12e8b_4177,11600.609777020858
00e12e8b_4178,11600.624351200044
00e12e8b_4179,11600.627891151373
00e12e8b_4180,11600.643673115716
00e12e8b_4181,11600.662444676698
00e12e8b_4182,11600.674428483442
00e12e8b_4183,11600.695801259277
00e12e8b_4184,11600.715846094508
00e12e8b_4185,11600.732002152385
00e12e8b_4186,11600.737692207107
00e12e8b_4187,11600.75375372703
00e12e8b_4188,11600.771305789323
00e12e8b_4189,11600.785154353627
00e12e8b_4190,11600.79942195763
00e12e8b_4191,11600.812046061636
00e12e8b_4192,11600.816464723555
00e12e8b_4193,11600.825579223028
00e12e8b_4194,11600.833774096009
00e12e8b_4195,11600.853070359964
00e12e8b_4196,11600.863365938672
00e12e8b_4197,11600.880222215608
00e12e8b_4198,11600.88431883583
00e12e8b_4199,11600.899332475705
00e12e8b_4200,11600.906695823302
00e12e8b_4201,11600.924589250044
00e12e8b_4202,11600.94216562106
00e12e8b_4203,11600.95827656429
00e12e8b_4204,11600.977056452848
00e12e8b_4205,11600.994505742849
00e12e8b_4206,11601.003219559752
00e12e8b_4207,11601.032239360258
00e12e8b_4208,11601.049633254022
00e12e8b_4209,11601.070979878315
00e12e8b_4210,11601.09099775454
00e12e8b_4211,11601.112496777812
00e12e8b_4212,11601.13227335948
00e12e8b_4213,11601.163128462198
00e12e8b_4214,11601.185415345224
00e12e8b_4215,11601.215882347176
00e12e8b_4216,11601.23654896795
00e12e8b_4217,11601.268267247297
00e12e8b_4218,11601.291518793094
00e12e8b_4219,11601.322776240388
00e12e8b_4220,11601.35500876244
00e12e8b_4221,11601.389886572057
00e12e8b_4222,11601.422687179647
00e12e8b_4223,11601.444798165565
00e12e8b_4224,11601.475766945036
00e12e8b_4225,11601.506975179587
00e12e8b_4226,11601.546946602142
00e12e8b_4227,11601.577333544412
00e12e8b_4228,11601.608016272205
00e12e8b_4229,11601.63740067767
00e12e8b_4230,11601.66728884912
00e12e8b_4231,11601.7074346285
00e12e8b_4232,11601.737372201063
00e12e8b_4233,11601.776644581209
00e12e8b_4234,11601.807310211285
00e12e8b_4235,11601.844954419374
00e12e8b_4236,11601.871007127498
00e12e8b_4237,11601.9020966757
00e12e8b_4238,11601.93043789249
00e12e8b_4239,11601.967604773416
00e12e8b_4240,11601.994015886632
00e12e8b_4241,11602.029123257214
00e12e8b_4242,11602.057300342503
00e12e8b_4243,11602.093140460333
00e12e8b_4244,11602.119385635786
00e12e8b_4245,11602.15380637096
00e12e8b_4246,11602.178813517356
00e12e8b_4247,11602.21403375718
00e12e8b_4248,11602.248889495704
00e12e8b_4249,11602.273899448164
00e12e8b_4250,11602.306821354396
00e12e8b_4251,11602.33245945052
00e12e8b_4252,11602.36545880497
00e12e8b_4253,11602.390966585408
00e12e8b_4254,11602.4251221066
00e12e8b_4255,11602.449830569103
00e12e8b_4256,11602.48453563778
00e12e8b_4257,11602.510006114358
00e12e8b_4258,11602.544719111103
00e12e8b_4259,11602.569756380237
00e12e8b_4260,11602.604607016538
00e12e8b_4261,11602.630684297745
00e12e8b_4262,11602.665434786302
00e12e8b_4263,11602.69166014484
00e12e8b_4264,11602.726021233222
00e12e8b_4265,11602.751707769272
00e12e8b_4266,11602.786399697748
00e12e8b_4267,11602.811962080385
00e12e8b_4268,11602.84748887474
00e12e8b_4269,11602.871979037956
00e12e8b_4270,11602.906011719324
00e12e8b_4271,11602.930615336092
00e12e8b_4272,11602.954798459064
00e12e8b_4273,11602.988329407195
00e12e8b_4274,11603.01416191369
00e12e8b_4275,11603.048914727
00e12e8b_4276,11603.0736794906
00e12e8b_4277,11603.108037912834
00e12e8b_4278,11603.13257373831
00e12e8b_4279,11603.16692680564
00e12e8b_4280,11603.192906758406
00e12e8b_4281,11603.22694751953
00e12e8b_4282,11603.251352267176
00e12e8b_4283,11603.286330128263
00e12e8b_4284,11603.3121974524
00e12e8b_4285,11603.3476381233
00e12e8b_4286,11603.373267605471
00e12e8b_4287,11603.398812447673
00e12e8b_4288,11603.434505417346
00e12e8b_4289,11603.461808278496
00e12e8b_4290,11603.498720090192
00e12e8b_4291,11603.525508344228
00e12e8b_4292,11603.561451395317
00e12e8b_4293,11603.588104640516
00e12e8b_4294,11603.624882508542
00e12e8b_4295,11603.651169007986
00e12e8b_4296,11603.677592092896
00e12e8b_4297,11603.712655018497
00e12e8b_4298,11603.738802842796
00e12e8b_4299,11603.773774386344
00e12e8b_4300,11603.800159750535
00e12e8b_4301,11603.83595421418
00e12e8b_4302,11603.862901035198
00e12e8b_4303,11603.889940311818
00e12e8b_4304,11603.925526469871
00e12e8b_4305,11603.952745497698
00e12e8b_4306,11603.988600055874
00e12e8b_4307,11604.01497653501
00e12e8b_4308,11604.050649128563
00e12e8b_4309,11604.077782232976
00e12e8b_4310,11604.105564984826
00e12e8b_4311,11604.141917785557
00e12e8b_4312,11604.168459621438
00e12e8b_4313,11604.204381676336
00e12e8b_4314,11604.230730557523
00e12e8b_4315,11604.266836751438
00e12e8b_4316,11604.293165820742
00e12e8b_4317,11604.31930330101
00e12e8b_4318,11604.354932865486
00e12e8b_4319,11604.380676889345
00e12e8b_4320,11604.4146937653
00e12e8b_4321,11604.439248285104
00e12e8b_4322,11604.46428376337
00e12e8b_4323,11604.49713087482
00e12e8b_4324,11604.52114686762
00e12e8b_4325,11604.54518263039
00e12e8b_4326,11604.578420212463
00e12e8b_4327,11604.602818170602
00e12e8b_4328,11604.636555859115
00e12e8b_4329,11604.660363736844
00e12e8b_4330,11604.685134520914
00e12e8b_4331,11604.717831217173
00e12e8b_4332,11604.741935792625
00e12e8b_4333,11604.775998813571
00e12e8b_4334,11604.80784853458
00e12e8b_4335,11604.83491420545
00e12e8b_4336,11604.870357707136
00e12e8b_4337,11604.906385731889
00e12e8b_4338,11604.942865239787
00e12e8b_4339,11604.970545432345
00e12e8b_4340,11605.001692405329
00e12e8b_4341,11605.03997919186
00e12e8b_4342,11605.071305327738
00e12e8b_4343,11605.111077424424
00e12e8b_4344,11605.142407869038
00e12e8b_4345,11605.171687222884
00e12e8b_4346,11605.212296099668
00e12e8b_4347,11605.246735659624
00e12e8b_4348,11605.288720011957
00e12e8b_4349,11605.320279327463
00e12e8b_4350,11605.357402779238
00e12e8b_4351,11605.402702083513
00e12e8b_4352,11605.43501101305
00e12e8b_4353,11605.472876951091
00e12e8b_4354,11605.49954703916
00e12e8b_4355,11605.52515307222
00e12e8b_4356,11605.558512225629
00e12e8b_4357,11605.579456887972
00e12e8b_4358,11605.612296827108
00e12e8b_4359,11605.63540315413
00e12e8b_4360,11605.66008176123
00e12e8b_4361,11605.692441810852
00e12e8b_4362,11605.713857514023
00e12e8b_4363,11605.746464329655
00e12e8b_4364,11605.76854588144
00e12e8b_4365,11605.80324775388
00e12e8b_4366,11605.827933124516
00e12e8b_4367,11605.851572471676
00e12e8b_4368,11605.885047233152
00e12e8b_4369,11605.909089508135
00e12e8b_4370,11605.941955699918
00e12e8b_4371,11605.957351296089
00e12e8b_4372,11605.98899998188
00e12e8b_4373,11606.008690604996
00e12e8b_4374,11606.027599519855
00e12e8b_4375,11606.05697174917
00e12e8b_4376,11606.07695509485
00e12e8b_4377,11606.105847695251
00e12e8b_4378,11606.125360343109
00e12e8b_4379,11606.151309158688
00e12e8b_4380,11606.167652896898
00e12e8b_4381,11606.18447693587
00e12e8b_4382,11606.211698208155
00e12e8b_4383,11606.22998488278
00e12e8b_4384,11606.255936177622
00e12e8b_4385,11606.272287362386
00e12e8b_4386,11606.296272312182
00e12e8b_4387,11606.31277711554
00e12e8b_4388,11606.33762787252
00e12e8b_4389,11606.35470293742
00e12e8b_4390,11606.379714861823
00e12e8b_4391,11606.394824038163
00e12e8b_4392,11606.412629837569
00e12e8b_4393,11606.438852539415
00e12e8b_4394,11606.455994544973
00e12e8b_4395,11606.483587177452
00e12e8b_4396,11606.50222871068
00e12e8b_4397,11606.530258344266
00e12e8b_4398,11606.548548856075
00e12e8b_4399,11606.575768693328
00e12e8b_4400,11606.594911817316
00e12e8b_4401,11606.623852868132
00e12e8b_4402,11606.644956891065
00e12e8b_4403,11606.6651820872
00e12e8b_4404,11606.694857560606
00e12e8b_4405,11606.717164606884
00e12e8b_4406,11606.748216582291
00e12e8b_4407,11606.76975385338
00e12e8b_4408,11606.803118390866
00e12e8b_4409,11606.825659544693
00e12e8b_4410,11606.860192658069
00e12e8b_4411,11606.88424771048
00e12e8b_4412,11606.91790481131
00e12e8b_4413,11606.944478532792
00e12e8b_4414,11606.980874332352
00e12e8b_4415,11607.008285843487
00e12e8b_4416,11607.04116620817
00e12e8b_4417,11607.066736817284
00e12e8b_4418,11607.103095362483
00e12e8b_4419,11607.129368638878
00e12e8b_4420,11607.161541894708
00e12e8b_4421,11607.183645967563
00e12e8b_4422,11607.215070455395
00e12e8b_4423,11607.237483322098
00e12e8b_4424,11607.260386824277
00e12e8b_4425,11607.2922309052
00e12e8b_4426,11607.31448837825
00e12e8b_4427,11607.344910487249
00e12e8b_4428,11607.366836184134
00e12e8b_4429,11607.39734660115
00e12e8b_4430,11607.419325334402
00e12e8b_4431,11607.450298227792
00e12e8b_4432,11607.471727914872
00e12e8b_4433,11607.503009980475
00e12e8b_4434,11607.52523612176
00e12e8b_4435,11607.557106057246
00e12e8b_4436,11607.580236711216
00e12e8b_4437,11607.602095346703
00e12e8b_4438,11607.63660240759
00e12e8b_4439,11607.661727607214
00e12e8b_4440,11607.695560561531
00e12e8b_4441,11607.719668641908
00e12e8b_4442,11607.742592669369
00e12e8b_4443,11607.773457517273
00e12e8b_4444,11607.791938017135
00e12e8b_4445,11607.822906167026
00e12e8b_4446,11607.84502272224
00e12e8b_4447,11607.86397707257
00e12e8b_4448,11607.886729308077
00e12e8b_4449,11607.907356083022
00e12e8b_4450,11607.928533723874
00e12e8b_4451,11607.95876415098
00e12e8b_4452,11607.978277394885
00e12e8b_4453,11607.998134730466
00e12e8b_4454,11608.026935396574
00e12e8b_4455,11608.046390281685
00e12e8b_4456,11608.065657173069
00e12e8b_4457,11608.093974611673
00e12e8b_4458,11608.113393212703
00e12e8b_4459,11608.133108867589
00e12e8b_4460,11608.161864345202
00e12e8b_4461,11608.181082970988
00e12e8b_4462,11608.200807469584
00e12e8b_4463,11608.229916728857
00e12e8b_4464,11608.249979460168
00e12e8b_4465,11608.269643339298
00e12e8b_4466,11608.289665718632
00e12e8b_4467,11608.319372367188
00e12e8b_4468,11608.339589968537
00e12e8b_4469,11608.359374990416
00e12e8b_4470,11608.379923441198
00e12e8b_4471,11608.409016040529
00e12e8b_4472,11608.429444610909
00e12e8b_4473,11608.449871393235
00e12e8b_4474,11608.47052721482
00e12e8b_4475,11608.499936079968
00e12e8b_4476,11608.520197920585
00e12e8b_4477,11608.540761243405
00e12e8b_4478,11608.561297428154
00e12e8b_4479,11608.591312687786
00e12e8b_4480,11608.611987261946
00e12e8b_4481,11608.632928383098
00e12e8b_4482,11608.653798811409
00e12e8b_4483,11608.674637998764
00e12e8b_4484,11608.695453978333
00e12e8b_4485,11608.725620885987
00e12e8b_4486,11608.74643804075
00e12e8b_4487,11608.767468264728
00e12e8b_4488,11608.78861215398
00e12e8b_4489,11608.809703564522
00e12e8b_4490,11608.830892511138
00e12e8b_4491,11608.861239104814
00e12e8b_4492,11608.882596601405
00e12e8b_4493,11608.903842582627
00e12e8b_4494,11608.925137269454
00e12e8b_4495,11608.946322716489
00e12e8b_4496,11608.967620375264
00e12e8b_4497,11608.988950026414
00e12e8b_4498,11609.010276036552
00e12e8b_4499,11609.040719045252
00e12e8b_4500,11609.062031832133
00e12e8b_4501,11609.083385350505
00e12e8b_4502,11609.104777555502
00e12e8b_4503,11609.126179735142
00e12e8b_4504,11609.14761082566
00e12e8b_4505,11609.169154914323
00e12e8b_4506,11609.190617264689
00e12e8b_4507,11609.212112244484
00e12e8b_4508,11609.233594382758
00e12e8b_4509,11609.255144912737
00e12e8b_4510,11609.276722496184
00e12e8b_4511,11609.298350393086
00e12e8b_4512,11609.319967738062
00e12e8b_4513,11609.341598234378
00e12e8b_4514,11609.363192685074
00e12e8b_4515,11609.38480092369
00e12e8b_4516,11609.406439294438
00e12e8b_4517,11609.427982847312
00e12e8b_4518,11609.44955027257
00e12e8b_4519,11609.471163814227
00e12e8b_4520,11609.492841836867
00e12e8b_4521,11609.514465071738
00e12e8b_4522,11609.536060298586
00e12e8b_4523,11609.55773932785
00e12e8b_4524,11609.579345230715
00e12e8b_4525,11609.601017337574
00e12e8b_4526,11609.622616763218
00e12e8b_4527,11609.644233356034
00e12e8b_4528,11609.665841866388
00e12e8b_4529,11609.687530628811
00e12e8b_4530,11609.709180253738
00e12e8b_4531,11609.72162017672
00e12e8b_4532,11609.743096081953
00e12e8b_4533,11609.76470011745
00e12e8b_4534,11609.786408067046
00e12e8b_4535,11609.808047184091
00e12e8b_4536,11609.829800287702
00e12e8b_4537,11609.84229329925
00e12e8b_4538,11609.863957426674
00e12e8b_4539,11609.885680109846
00e12e8b_4540,11609.907544071517
00e12e8b_4541,11609.920157918796
00e12e8b_4542,11609.942024141672
00e12e8b_4543,11609.964054716096
00e12e8b_4544,11609.98577506878
00e12e8b_4545,11609.998569860018
00e12e8b_4546,11610.0204094677
00e12e8b_4547,11610.0423074809
00e12e8b_4548,11610.054844375332
00e12e8b_4549,11610.076764548576
00e12e8b_4550,11610.098446735716
00e12e8b_4551,11610.111011814126
00e12e8b_4552,11610.13304325975
00e12e8b_4553,11610.14568912617
00e12e8b_4554,11610.167690370909
00e12e8b_4555,11610.18961079304
00e12e8b_4556,11610.20233606296
00e12e8b_4557,11610.224481354018
00e12e8b_4558,11610.237418600713
00e12e8b_4559,11610.259459857152
00e12e8b_4560,11610.272258083336
00e12e8b_4561,11610.294328552189
00e12e8b_4562,11610.307080335686
00e12e8b_4563,11610.329136687666
00e12e8b_4564,11610.341751399455
00e12e8b_4565,11610.36339149771
00e12e8b_4566,11610.375964269031
00e12e8b_4567,11610.397746995171
00e12e8b_4568,11610.410391926229
00e12e8b_4569,11610.432111387145
00e12e8b_4570,11610.4448366332
00e12e8b_4571,11610.457609174084
00e12e8b_4572,11610.479778632009
00e12e8b_4573,11610.493006461944
00e12e8b_4574,11610.515130929594
00e12e8b_4575,11610.52813404998
00e12e8b_4576,11610.541323749483
00e12e8b_4577,11610.563418961614
00e12e8b_4578,11610.576425413925
00e12e8b_4579,11610.589254185585
00e12e8b_4580,11610.611453936128
00e12e8b_4581,11610.624331529894
00e12e8b_4582,11610.63724981582
00e12e8b_4583,11610.650494223357
00e12e8b_4584,11610.672598605011
00e12e8b_4585,11610.685334021471
00e12e8b_4586,11610.69840246292
00e12e8b_4587,11610.710929095982
00e12e8b_4588,11610.73280966613
00e12e8b_4589,11610.745434747436
00e12e8b_4590,11610.75822932815
00e12e8b_4591,11610.771162706298
00e12e8b_4592,11610.783801024234
00e12e8b_4593,11610.796304188792
00e12e8b_4594,11610.817820959726
00e12e8b_4595,11610.83032509938
00e12e8b_4596,11610.842852958389
00e12e8b_4597,11610.854943513426
00e12e8b_4598,11610.86716396976
00e12e8b_4599,11610.879261528877
00e12e8b_4600,11610.891827322102
00e12e8b_4601,11610.90481964569
00e12e8b_4602,11610.9182437034
00e12e8b_4603,11610.931472167673
00e12e8b_4604,11610.944579048572
00e12e8b_4605,11610.957952657678
00e12e8b_4606,11610.971435011856
00e12e8b_4607,11610.984957247343
00e12e8b_4608,11610.998304368277
00e12e8b_4609,11611.011857271727
00e12e8b_4610,11611.025479332451
00e12e8b_4611,11611.038898779543
00e12e8b_4612,11611.052356129783
00e12e8b_4613,11611.065921648096
00e12e8b_4614,11611.07957222234
00e12e8b_4615,11611.093298475404
00e12e8b_4616,11611.106267959904
00e12e8b_4617,11611.119473686558
00e12e8b_4618,11611.132233959876
00e12e8b_4619,11611.145195034253
00e12e8b_4620,11611.149130634383
00e12e8b_4621,11611.162263773467
00e12e8b_4622,11611.17546769241
00e12e8b_4623,11611.188641874243
00e12e8b_4624,11611.20190780864
00e12e8b_4625,11611.215192302754
00e12e8b_4626,11611.228488721714
00e12e8b_4627,11611.24215112466
00e12e8b_4628,11611.255808742962
00e12e8b_4629,11611.26894500781
00e12e8b_4630,11611.282324297368
00e12e8b_4631,11611.286870256306
00e12e8b_4632,11611.30006417583
00e12e8b_4633,11611.3135600648
00e12e8b_4634,11611.326892719628
00e12e8b_4635,11611.340376229202
00e12e8b_4636,11611.35346532548
00e12e8b_4637,11611.366977213322
00e12e8b_4638,11611.38024300556
00e12e8b_4639,11611.393499451116
00e12e8b_4640,11611.406700366882
00e12e8b_4641,11611.419857494768
00e12e8b_4642,11611.423624269026
00e12e8b_4643,11611.436651876207
00e12e8b_4644,11611.449766571968
00e12e8b_4645,11611.462919842064
00e12e8b_4646,11611.47614156
00e12e8b_4647,11611.48935858978
00e12e8b_4648,11611.502693172022
00e12e8b_4649,11611.51604706273
00e12e8b_4650,11611.529407604545
00e12e8b_4651,11611.54278663073
00e12e8b_4652,11611.545936803614
00e12e8b_4653,11611.558368142389
00e12e8b_4654,11611.570419946773
00e12e8b_4655,11611.582643158416
00e12e8b_4656,11611.595093584365
00e12e8b_4657,11611.60722211478
00e12e8b_4658,11611.619582844
00e12e8b_4659,11611.631783844996
00e12e8b_4660,11611.643812193102
00e12e8b_4661,11611.646783170896
00e12e8b_4662,11611.659040164845
00e12e8b_4663,11611.671369997102
00e12e8b_4664,11611.683853889705
00e12e8b_4665,11611.696775983666
00e12e8b_4666,11611.712489928428
00e12e8b_4667,11611.726503593403
00e12e8b_4668,11611.746652418444
00e12e8b_4669,11611.760092772054
00e12e8b_4670,11611.774474885917
00e12e8b_4671,11611.78508037672
00e12e8b_4672,11611.802954401604
00e12e8b_4673,11611.814241936454
00e12e8b_4674,11611.820719124538
00e12e8b_4675,11611.826426798449
00e12e8b_4676,11611.834080432534
00e12e8b_4677,11611.839093152306
00e12e8b_4678,11611.84440598134
00e12e8b_4679,11611.839915072633
00e12e8b_4680,11611.841862435223
00e12e8b_4681,11611.84434336144
00e12e8b_4682,11611.845870743107
00e12e8b_4683,11611.843848481503
00e12e8b_4684,11611.840018846618
00e12e8b_4685,11611.832073515838
00e12e8b_4686,11611.819931647784
00e12e8b_4687,11611.80265554002
00e12e8b_4688,11611.802670609197
00e12e8b_4689,11611.811361397868
00e12e8b_4690,11611.824219214408
00e12e8b_4691,11611.839570335109
00e12e8b_4692,11611.853190557076
00e12e8b_4693,11611.865770298977
00e12e8b_4694,11611.88317127841
00e12e8b_4695,11611.886114912642
00e12e8b_4696,11611.90099223041
00e12e8b_4697,11611.912827069593
00e12e8b_4698,11611.927265067818
00e12e8b_4699,11611.936851230274
00e12e8b_4700,11611.950213782413
00e12e8b_4701,11611.96016051091
00e12e8b_4702,11611.971779855594
00e12e8b_4703,11611.975276111192
00e12e8b_4704,11611.99073048176
00e12e8b_4705,11612.005243566437
00e12e8b_4706,11612.015738575015
00e12e8b_4707,11612.029891425103
00e12e8b_4708,11612.040047315448
00e12e8b_4709,11612.052761547804
00e12e8b_4710,11612.05229197345
00e12e8b_4711,11612.065858084228
00e12e8b_4712,11612.07954930426
00e12e8b_4713,11612.09324218862
00e12e8b_4714,11612.107105456562
00e12e8b_4715,11612.11244655554
00e12e8b_4716,11612.125125388227
00e12e8b_4717,11612.1368037123
00e12e8b_4718,11612.140856842834
00e12e8b_4719,11612.15376528685
00e12e8b_4720,11612.166791979656
00e12e8b_4721,11612.170379881323
00e12e8b_4722,11612.183250959337
00e12e8b_4723,11612.187074592071
00e12e8b_4724,11612.200604476711
00e12e8b_4725,11612.205117167028
00e12e8b_4726,11612.21800557704
00e12e8b_4727,11612.221185674774
00e12e8b_4728,11612.233762518628
00e12e8b_4729,11612.236885469238
00e12e8b_4730,11612.249411117356
00e12e8b_4731,11612.252252294278
00e12e8b_4732,11612.264476782191
00e12e8b_4733,11612.26739501144
00e12e8b_4734,11612.27034949429
00e12e8b_4735,11612.282602455787
00e12e8b_4736,11612.28614348589
00e12e8b_4737,11612.28946106566
00e12e8b_4738,11612.292547452224
00e12e8b_4739,11612.304258288075
00e12e8b_4740,11612.307183186873
00e12e8b_4741,11612.309483308718
00e12e8b_4742,11612.311752191592
00e12e8b_4743,11612.31348007619
00e12e8b_4744,11612.316607474368
00e12e8b_4745,11612.319668409862
00e12e8b_4746,11612.332080972625
00e12e8b_4747,11612.3353242435
00e12e8b_4748,11612.339853549434
00e12e8b_4749,11612.343795756326
00e12e8b_4750,11612.349656805092
00e12e8b_4751,11612.35582291218
00e12e8b_4752,11612.36172765418
00e12e8b_4753,11612.36965651178
00e12e8b_4754,11612.367793304322
00e12e8b_4755,11612.374528333206
00e12e8b_4756,11612.383220100686
00e12e8b_4757,11612.389703437524
00e12e8b_4758,11612.3980844234
00e12e8b_4759,11612.405805223596
00e12e8b_4760,11612.403478078744
00e12e8b_4761,11612.412074257494
00e12e8b_4762,11612.419085778509
00e12e8b_4763,11612.42625011508
00e12e8b_4764,11612.423868401293
00e12e8b_4765,11612.429496072304
00e12e8b_4766,11612.435196525725
00e12e8b_4767,11612.432741575412
00e12e8b_4768,11612.438323528391
00e12e8b_4769,11612.444236412544
00e12e8b_4770,11612.441814394902
00e12e8b_4771,11612.4479765654
00e12e8b_4772,11612.44414511488
00e12e8b_4773,11612.448702055117
00e12e8b_4774,11612.444068986955
00e12e8b_4775,11612.448427153562
00e12e8b_4776,11612.445115536451
00e12e8b_4777,11612.449705547442
00e12e8b_4778,11612.445991559864
00e12e8b_4779,11612.442079324292
00e12e8b_4780,11612.448558938851
00e12e8b_4781,11612.444930523692
00e12e8b_4782,11612.441963953095
00e12e8b_4783,11612.447909794277
00e12e8b_4784,11612.444178888458
00e12e8b_4785,11612.440456783945
00e12e8b_4786,11612.445815478222
00e12e8b_4787,11612.442638125443
00e12e8b_4788,11612.439731848448
00e12e8b_4789,11612.435536508943
00e12e8b_4790,11612.433007082023
00e12e8b_4791,11612.429655486874
00e12e8b_4792,11612.428623055788
00e12e8b_4793,11612.424858368648
00e12e8b_4794,11612.425659642797
00e12e8b_4795,11612.425204455549
00e12e8b_4796,11612.425792041227
00e12e8b_4797,11612.42520138341
00e12e8b_4798,11612.421832654589
00e12e8b_4799,11612.415071379615
00e12e8b_4800,11612.410966690271
00e12e8b_4801,11612.407400437183
00e12e8b_4802,11612.404256870204
00e12e8b_4803,11612.40028928599
00e12e8b_4804,11612.39114160222
00e12e8b_4805,11612.387167778032
00e12e8b_4806,11612.38602333477
00e12e8b_4807,11612.381497214728
00e12e8b_4808,11612.378641833224
00e12e8b_4809,11612.378994426712
00e12e8b_4810,11612.37716779582
00e12e8b_4811,11612.376378508008
00e12e8b_4812,11612.376334073855
00e12e8b_4813,11612.374851948944
00e12e8b_4814,11612.372377249749
00e12e8b_4815,11612.37957797022
00e12e8b_4816,11612.378215614495
00e12e8b_4817,11612.374434556084
00e12e8b_4818,11612.371818053414
00e12e8b_4819,11612.3695336723
00e12e8b_4820,11612.36852748842
00e12e8b_4821,11612.37423110339
00e12e8b_4822,11612.37133540674
00e12e8b_4823,11612.36492614757
00e12e8b_4824,11612.37117465784
00e12e8b_4825,11612.368847565644
00e12e8b_4826,11612.364563039597
00e12e8b_4827,11612.36686327033
00e12e8b_4828,11612.365839129152
00e12e8b_4829,11612.35324304443
00e12e8b_4830,11612.35267316845
00e12e8b_4831,11612.34045893497
00e12e8b_4832,11612.33969855544
00e12e8b_4833,11612.323314554404
00e12e8b_4834,11612.318563310482
00e12e8b_4835,11612.30715783197
00e12e8b_4836,11612.307216236224
00e12e8b_4837,11612.301059496544
00e12e8b_4838,11612.304011769043
00e12e8b_4839,11612.31238728126
00e12e8b_4840,11612.308543967803
00e12e8b_4841,11612.314958862467
00e12e8b_4842,11612.319403528958
00e12e8b_4843,11612.315787411186
00e12e8b_4844,11612.319525351875
00e12e8b_4845,11612.327540299226
00e12e8b_4846,11612.33221767348
00e12e8b_4847,11612.328362215178
00e12e8b_4848,11612.33505365602
00e12e8b_4849,11612.33845938282
00e12e8b_4850,11612.340441312275
00e12e8b_4851,11612.34099672198
00e12e8b_4852,11612.343722929738
00e12e8b_4853,11612.342020986089
00e12e8b_4854,11612.34998986488
00e12e8b_4855,11612.354169187536
00e12e8b_4856,11612.353171798444
00e12e8b_4857,11612.352571051502
00e12e8b_4858,11612.352915137262
00e12e8b_4859,11612.349560933291
00e12e8b_4860,11612.350010361935
00e12e8b_4861,11612.361628301012
00e12e8b_4862,11612.366835923192
00e12e8b_4863,11612.371058356344
00e12e8b_4864,11612.377323311472
00e12e8b_4865,11612.38401276326
00e12e8b_4866,11612.385068350535
00e12e8b_4867,11612.385755181249
00e12e8b_4868,11612.4003659403
00e12e8b_4869,11612.408602666705
00e12e8b_4870,11612.41509465225
00e12e8b_4871,11612.421834483182
00e12e8b_4872,11612.43960558133
00e12e8b_4873,11612.448498861411
00e12e8b_4874,11612.456444994628
00e12e8b_4875,11612.474559890004
00e12e8b_4876,11612.482337860753
00e12e8b_4877,11612.49665921343
00e12e8b_4878,11612.503365659002
00e12e8b_4879,11612.51858307163
00e12e8b_4880,11612.52425576214
00e12e8b_4881,11612.53839352576
00e12e8b_4882,11612.542813339674
00e12e8b_4883,11612.555551862308
00e12e8b_4884,11612.558926721067
00e12e8b_4885,11612.571074650508
00e12e8b_4886,11612.574016408067
00e12e8b_4887,11612.585647746164
00e12e8b_4888,11612.596891280517
00e12e8b_4889,11612.59940981319
00e12e8b_4890,11612.6100560458
00e12e8b_4891,11612.621622202789
00e12e8b_4892,11612.624330958852
00e12e8b_4893,11612.63532296809
00e12e8b_4894,11612.64762755518
00e12e8b_4895,11612.658990084376
00e12e8b_4896,11612.668880242038
00e12e8b_4897,11612.67092297718
00e12e8b_4898,11612.681316193271
00e12e8b_4899,11612.69177814822
00e12e8b_4900,11612.70090715604
00e12e8b_4901,11612.709837930874
00e12e8b_4902,11612.709820308051
00e12e8b_4903,11612.7192945403
00e12e8b_4904,11612.728802166404
00e12e8b_4905,11612.737300975525
00e12e8b_4906,11612.736540454682
00e12e8b_4907,11612.744975218504
00e12e8b_4908,11612.744146309631
00e12e8b_4909,11612.752788957729
00e12e8b_4910,11612.761780806084
00e12e8b_4911,11612.762620019956
00e12e8b_4912,11612.763131717697
00e12e8b_4913,11612.773012386468
00e12e8b_4914,11612.77349585878
00e12e8b_4915,11612.782844920852
00e12e8b_4916,11612.78308455975
00e12e8b_4917,11612.783621330887
00e12e8b_4918,11612.793775027983
00e12e8b_4919,11612.794635136344
00e12e8b_4920,11612.795007874976
00e12e8b_4921,11612.79559316952
00e12e8b_4922,11612.80597935666
00e12e8b_4923,11612.80729796879
00e12e8b_4924,11612.80862684232
00e12e8b_4925,11612.810426405891
00e12e8b_4926,11612.814012359271
00e12e8b_4927,11612.81600552138
00e12e8b_4928,11612.817925569936
00e12e8b_4929,11612.820081567344
00e12e8b_4930,11612.822114417297
00e12e8b_4931,11612.82410807448
00e12e8b_4932,11612.825970327354
00e12e8b_4933,11612.827905294958
00e12e8b_4934,11612.830186988222
00e12e8b_4935,11612.823721883346
00e12e8b_4936,11612.82398631029
00e12e8b_4937,11612.826614309786
00e12e8b_4938,11612.82949859286
00e12e8b_4939,11612.823230054011
00e12e8b_4940,11612.825927723994
00e12e8b_4941,11612.829193924572
00e12e8b_4942,11612.82302760927
00e12e8b_4943,11612.82589751235
00e12e8b_4944,11612.819722441642
00e12e8b_4945,11612.822621426423
00e12e8b_4946,11612.815800415854
00e12e8b_4947,11612.818838371008
00e12e8b_4948,11612.814147518711
00e12e8b_4949,11612.807678681029
00e12e8b_4950,11612.811663088509
00e12e8b_4951,11612.806333286266
00e12e8b_4952,11612.801041259643
00e12e8b_4953,11612.804460311678
00e12e8b_4954,11612.799888729634
00e12e8b_4955,11612.794819313336
00e12e8b_4956,11612.788782923806
00e12e8b_4957,11612.790935015217
00e12e8b_4958,11612.784877716173
00e12e8b_4959,11612.77884739922
00e12e8b_4960,11612.77275303856
00e12e8b_4961,11612.767284078376
00e12e8b_4962,11612.762024591097
00e12e8b_4963,11612.756754559205
00e12e8b_4964,11612.750989850289
00e12e8b_4965,11612.74576421412
00e12e8b_4966,11612.741039961136
00e12e8b_4967,11612.738492884222
00e12e8b_4968,11612.723855342749
00e12e8b_4969,11612.713788139949
00e12e8b_4970,11612.70334528392
00e12e8b_4971,11612.69344363805
00e12e8b_4972,11612.675093742077
00e12e8b_4973,11612.663885508682
00e12e8b_4974,11612.652930040427
00e12e8b_4975,11612.632188466572
00e12e8b_4976,11612.623786713044
00e12e8b_4977,11612.61206520978
00e12e8b_4978,11612.589793263543
00e12e8b_4979,11612.579759983855
00e12e8b_4980,11612.557366187051
00e12e8b_4981,11612.545824208171
00e12e8b_4982,11612.52823076813
00e12e8b_4983,11612.520725348542
00e12e8b_4984,11612.51256111055
00e12e8b_4985,11612.502669227357
00e12e8b_4986,11612.50914230349
00e12e8b_4987,11612.510452782955
00e12e8b_4988,11612.51011210004
00e12e8b_4989,11612.506740145453
00e12e8b_4990,11612.512442915177
00e12e8b_4991,11612.508372888396
00e12e8b_4992,11612.498259040876
00e12e8b_4993,11612.486208523967
00e12e8b_4994,11612.475554774051
00e12e8b_4995,11612.464294673937
00e12e8b_4996,11612.44970774354
00e12e8b_4997,11612.43012440135
00e12e8b_4998,11612.423346843418
00e12e8b_4999,11612.41057290832
00e12e8b_5000,11612.40247973126
00e12e8b_5001,11612.391434152383
00e12e8b_5002,11612.38313193083
00e12e8b_5003,11612.372956671385
00e12e8b_5004,11612.36387331611
00e12e8b_5005,11612.354561839576
00e12e8b_5006,11612.34759942799
00e12e8b_5007,11612.347362513534
00e12e8b_5008,11612.333943283253
00e12e8b_5009,11612.321651858994
00e12e8b_5010,11612.309721787264
00e12e8b_5011,11612.297432468264
00e12e8b_5012,11612.2852803703
00e12e8b_5013,11612.272343683446
00e12e8b_5014,11612.259562549403
00e12e8b_5015,11612.246935020805
00e12e8b_5016,11612.234333256434
00e12e8b_5017,11612.220178915948
00e12e8b_5018,11612.215750621066
00e12e8b_5019,11612.202624776415
00e12e8b_5020,11612.188116317884
00e12e8b_5021,11612.172369470994
00e12e8b_5022,11612.158376672904
00e12e8b_5023,11612.145638386366
00e12e8b_5024,11612.128089591364
00e12e8b_5025,11612.111089957369
00e12e8b_5026,11612.091534019044
00e12e8b_5027,11612.070148180108
00e12e8b_5028,11612.049565429785
00e12e8b_5029,11612.028132694048
00e12e8b_5030,11612.002896094282
00e12e8b_5031,11611.979725577768
00e12e8b_5032,11611.970586263384
00e12e8b_5033,11611.94294515492
00e12e8b_5034,11611.924712445323
00e12e8b_5035,11611.914431706828
00e12e8b_5036,11611.913069121509
00e12e8b_5037,11611.893246435557
00e12e8b_5038,11611.883373169405
00e12e8b_5039,11611.881081826128
00e12e8b_5040,11611.878419744064
00e12e8b_5041,11611.87329690438
00e12e8b_5042,11611.859142664154
00e12e8b_5043,11611.853520224617
00e12e8b_5044,11611.845637888302
00e12e8b_5045,11611.84094820386
00e12e8b_5046,11611.83543510425
00e12e8b_5047,11611.81953087575
00e12e8b_5048,11611.806242736266
00e12e8b_5049,11611.796775165974
00e12e8b_5050,11611.785439177456
00e12e8b_5051,11611.77368045066
00e12e8b_5052,11611.762086865858
00e12e8b_5053,11611.749598693625
00e12e8b_5054,11611.73618395161
00e12e8b_5055,11611.731040351837
00e12e8b_5056,11611.716621710952
00e12e8b_5057,11611.701878013206
00e12e8b_5058,11611.686851591618
00e12e8b_5059,11611.671503674885
00e12e8b_5060,11611.656041464244
00e12e8b_5061,11611.640238715345
00e12e8b_5062,11611.624268348482
00e12e8b_5063,11611.60802039169
00e12e8b_5064,11611.591745747295
00e12e8b_5065,11611.575338089217
00e12e8b_5066,11611.558879410157
00e12e8b_5067,11611.542281845464
00e12e8b_5068,11611.525562859224
00e12e8b_5069,11611.50891214235
00e12e8b_5070,11611.491934540692
00e12e8b_5071,11611.475002664029
00e12e8b_5072,11611.457867684938
00e12e8b_5073,11611.440681452405
00e12e8b_5074,11611.423369500462
00e12e8b_5075,11611.406026016866
00e12e8b_5076,11611.388501515456
00e12e8b_5077,11611.3709587562
00e12e8b_5078,11611.353057781129
00e12e8b_5079,11611.335150683712
00e12e8b_5080,11611.317141608866
00e12e8b_5081,11611.298912392627
00e12e8b_5082,11611.271576902258
00e12e8b_5083,11611.253113333709
00e12e8b_5084,11611.234925876131
00e12e8b_5085,11611.216541878017
00e12e8b_5086,11611.198186641484
00e12e8b_5087,11611.17960236883
00e12e8b_5088,11611.160920304064
00e12e8b_5089,11611.142171454208
00e12e8b_5090,11611.1234752142
00e12e8b_5091,11611.104904343483
00e12e8b_5092,11611.086158148197
00e12e8b_5093,11611.067492980712
00e12e8b_5094,11611.048868995174
00e12e8b_5095,11611.030364156402
00e12e8b_5096,11611.011998463751
00e12e8b_5097,11610.984748243653
00e12e8b_5098,11610.96676637634
00e12e8b_5099,11610.949004815266
00e12e8b_5100,11610.931204022325
00e12e8b_5101,11610.913575161518
00e12e8b_5102,11610.88680600955
00e12e8b_5103,11610.869366817951
00e12e8b_5104,11610.852232896166
00e12e8b_5105,11610.835240253762
00e12e8b_5106,11610.809179738848
00e12e8b_5107,11610.792244146516
00e12e8b_5108,11610.775746043815
00e12e8b_5109,11610.75006433839
00e12e8b_5110,11610.733268693291
00e12e8b_5111,11610.716687697384
00e12e8b_5112,11610.6910751551
00e12e8b_5113,11610.674360120633
00e12e8b_5114,11610.648895982924
00e12e8b_5115,11610.63219834243
00e12e8b_5116,11610.615641507238
00e12e8b_5117,11610.590162575489
00e12e8b_5118,11610.573494661625
00e12e8b_5119,11610.547886765911
00e12e8b_5120,11610.531613376928
00e12e8b_5121,11610.506083001826
00e12e8b_5122,11610.489584321236
00e12e8b_5123,11610.464438070454
00e12e8b_5124,11610.448348715165
00e12e8b_5125,11610.423297133178
00e12e8b_5126,11610.398298061686
00e12e8b_5127,11610.382308574648
00e12e8b_5128,11610.357403898548
00e12e8b_5129,11610.341615758727
00e12e8b_5130,11610.316562505266
00e12e8b_5131,11610.291522551212
00e12e8b_5132,11610.275633873973
00e12e8b_5133,11610.250796865694
00e12e8b_5134,11610.226272478354
00e12e8b_5135,11610.21090603846
00e12e8b_5136,11610.18619920161
00e12e8b_5137,11610.161280961303
00e12e8b_5138,11610.137147350571
00e12e8b_5139,11610.121710075882
00e12e8b_5140,11610.097489665715
00e12e8b_5141,11610.07268195014
00e12e8b_5142,11610.04826557842
00e12e8b_5143,11610.02375234111
00e12e8b_5144,11610.0086975313
00e12e8b_5145,11609.983871258682
00e12e8b_5146,11609.958972920636
00e12e8b_5147,11609.935008693632
00e12e8b_5148,11609.91032668403
00e12e8b_5149,11609.886295644746
00e12e8b_5150,11609.862158898482
00e12e8b_5151,11609.839144743126
00e12e8b_5152,11609.825330526864
00e12e8b_5153,11609.801965172815
00e12e8b_5154,11609.778322429884
00e12e8b_5155,11609.755598357491
00e12e8b_5156,11609.732430408776
00e12e8b_5157,11609.709379490689
00e12e8b_5158,11609.686488599387
00e12e8b_5159,11609.66348956282
00e12e8b_5160,11609.631865111474
00e12e8b_5161,11609.609764046458
00e12e8b_5162,11609.58741027987
00e12e8b_5163,11609.564654787468
00e12e8b_5164,11609.541535580143
00e12e8b_5165,11609.518710466516
00e12e8b_5166,11609.49677197757
00e12e8b_5167,11609.474282379551
00e12e8b_5168,11609.451961051958
00e12e8b_5169,11609.420479579729
00e12e8b_5170,11609.398147005406
00e12e8b_5171,11609.37621511814
00e12e8b_5172,11609.353056652792
00e12e8b_5173,11609.321103244794
00e12e8b_5174,11609.298270397994
00e12e8b_5175,11609.276229610825
00e12e8b_5176,11609.253937845062
00e12e8b_5177,11609.22252181638
00e12e8b_5178,11609.20044864127
00e12e8b_5179,11609.178119337908
00e12e8b_5180,11609.146623168312
00e12e8b_5181,11609.124654986468
00e12e8b_5182,11609.103416168738
00e12e8b_5183,11609.071804506297
00e12e8b_5184,11609.05065209812
00e12e8b_5185,11609.027903045591
00e12e8b_5186,11608.995910883812
00e12e8b_5187,11608.974769093787
00e12e8b_5188,11608.95310120043
00e12e8b_5189,11608.931848687316
00e12e8b_5190,11608.90996163544
00e12e8b_5191,11608.888262927218
00e12e8b_5192,11608.866779932856
00e12e8b_5193,11608.845547513714
00e12e8b_5194,11608.824293243952
00e12e8b_5195,11608.802404443431
00e12e8b_5196,11608.780403706636
00e12e8b_5197,11608.758764078371
00e12e8b_5198,11608.737547082525
00e12e8b_5199,11608.716325234238
00e12e8b_5200,11608.695205172284
00e12e8b_5201,11608.681786138664
00e12e8b_5202,11608.659988446274
00e12e8b_5203,11608.637756515702
00e12e8b_5204,11608.625076379409
00e12e8b_5205,11608.602687751953
00e12e8b_5206,11608.589629970116
00e12e8b_5207,11608.56730562724
00e12e8b_5208,11608.544971102274
00e12e8b_5209,11608.531440426275
00e12e8b_5210,11608.51791131021
00e12e8b_5211,11608.495244276652
00e12e8b_5212,11608.481550730174
00e12e8b_5213,11608.4583406649
00e12e8b_5214,11608.444333812831
00e12e8b_5215,11608.43044191124
00e12e8b_5216,11608.416220981013
00e12e8b_5217,11608.39219167609
00e12e8b_5218,11608.378327770628
00e12e8b_5219,11608.362440579787
00e12e8b_5220,11608.345023386148
00e12e8b_5221,11608.328688500373
00e12e8b_5222,11608.312168172832
00e12e8b_5223,11608.295689394812
00e12e8b_5224,11608.278595078318
00e12e8b_5225,11608.261914667832
00e12e8b_5226,11608.24565335715
00e12e8b_5227,11608.23035202505
00e12e8b_5228,11608.21394033725
00e12e8b_5229,11608.207154126778
00e12e8b_5230,11608.192161479396
00e12e8b_5231,11608.176159487051
00e12e8b_5232,11608.160556821951
00e12e8b_5233,11608.153482913798
00e12e8b_5234,11608.137581973391
00e12e8b_5235,11608.13134206614
00e12e8b_5236,11608.116118626456
00e12e8b_5237,11608.109570052076
00e12e8b_5238,11608.093949876937
00e12e8b_5239,11608.08756658471
00e12e8b_5240,11608.071215539076
00e12e8b_5241,11608.06331588834
00e12e8b_5242,11608.046425195167
00e12e8b_5243,11608.039051151827
00e12e8b_5244,11608.031076094196
00e12e8b_5245,11608.023674286533
00e12e8b_5246,11608.007488858815
00e12e8b_5247,11608.00117520938
00e12e8b_5248,11607.993348826512
00e12e8b_5249,11607.987134525296
00e12e8b_5250,11607.981051940891
00e12e8b_5251,11607.9745131646
00e12e8b_5252,11607.968054588884
00e12e8b_5253,11607.961688143954
00e12e8b_5254,11607.95485570248
00e12e8b_5255,11607.948078907088
00e12e8b_5256,11607.941385843216
00e12e8b_5257,11607.934736308984
00e12e8b_5258,11607.928118546328
00e12e8b_5259,11607.930535617576
00e12e8b_5260,11607.923593326384
00e12e8b_5261,11607.916796841178
00e12e8b_5262,11607.909564110005
00e12e8b_5263,11607.911724478008
00e12e8b_5264,11607.904669493451
00e12e8b_5265,11607.90674905981
00e12e8b_5266,11607.899460321552
00e12e8b_5267,11607.901222345276
00e12e8b_5268,11607.894036106914
00e12e8b_5269,11607.89586499606
00e12e8b_5270,11607.888550475436
00e12e8b_5271,11607.890348204604
00e12e8b_5272,11607.89209701054
00e12e8b_5273,11607.884638005387
00e12e8b_5274,11607.886340651345
00e12e8b_5275,11607.887932828058
00e12e8b_5276,11607.889450187464
00e12e8b_5277,11607.881779729469
00e12e8b_5278,11607.88323020338
00e12e8b_5279,11607.88461373777
00e12e8b_5280,11607.885980492512
00e12e8b_5281,11607.88727547885
00e12e8b_5282,11607.888520711456
00e12e8b_5283,11607.880621544196
00e12e8b_5284,11607.881850883368
00e12e8b_5285,11607.88303587334
00e12e8b_5286,11607.8841672862
00e12e8b_5287,11607.885261296617
00e12e8b_5288,11607.877174957765
00e12e8b_5289,11607.878242008566
00e12e8b_5290,11607.879238214497
00e12e8b_5291,11607.880118178657
00e12e8b_5292,11607.871840524384
00e12e8b_5293,11607.872700096465
00e12e8b_5294,11607.87353226101
00e12e8b_5295,11607.874301159676
00e12e8b_5296,11607.86589399254
00e12e8b_5297,11607.866710938704
00e12e8b_5298,11607.867325643952
00e12e8b_5299,11607.858784322148
00e12e8b_5300,11607.85917700169
00e12e8b_5301,11607.859696468724
00e12e8b_5302,11607.85095169258
00e12e8b_5303,11607.851397121009
00e12e8b_5304,11607.851844653607
00e12e8b_5305,11607.843018338135
00e12e8b_5306,11607.843432465112
00e12e8b_5307,11607.84372833325
00e12e8b_5308,11607.834782385193
00e12e8b_5309,11607.8352454227
00e12e8b_5310,11607.835508891912
00e12e8b_5311,11607.826667867064
00e12e8b_5312,11607.827034974243
00e12e8b_5313,11607.818191375924
00e12e8b_5314,11607.81856937262
00e12e8b_5315,11607.81888296885
00e12e8b_5316,11607.81002553854
00e12e8b_5317,11607.810341522649
00e12e8b_5318,11607.801430197987
00e12e8b_5319,11607.801673944045
00e12e8b_5320,11607.79276202524
00e12e8b_5321,11607.79305232871
00e12e8b_5322,11607.784135911415
00e12e8b_5323,11607.784289910833
00e12e8b_5324,11607.775370196645
00e12e8b_5325,11607.775578536784
00e12e8b_5326,11607.766664230998
00e12e8b_5327,11607.766838535024
00e12e8b_5328,11607.757838726224
00e12e8b_5329,11607.75794324016
00e12e8b_5330,11607.748890822131
00e12e8b_5331,11607.749039209257
00e12e8b_5332,11607.740031337227
00e12e8b_5333,11607.740207699071
00e12e8b_5334,11607.731200180511
00e12e8b_5335,11607.722187691012
00e12e8b_5336,11607.722321243647
00e12e8b_5337,11607.7133095405
00e12e8b_5338,11607.713471605632
00e12e8b_5339,11607.704385405672
00e12e8b_5340,11607.69538458298
00e12e8b_5341,11607.695538451477
00e12e8b_5342,11607.68651697363
00e12e8b_5343,11607.68667369603
00e12e8b_5344,11607.677606387517
00e12e8b_5345,11607.668634185577
00e12e8b_5346,11607.668805321984
00e12e8b_5347,11607.659811151378
00e12e8b_5348,11607.650917878756
00e12e8b_5349,11607.651048328604
00e12e8b_5350,11607.642106324374
00e12e8b_5351,11607.633189893962
00e12e8b_5352,11607.633399711016
00e12e8b_5353,11607.62436519109
00e12e8b_5354,11607.615267218844
00e12e8b_5355,11607.606470552771
00e12e8b_5356,11607.606701530294
00e12e8b_5357,11607.597928682317
00e12e8b_5358,11607.588953752358
00e12e8b_5359,11607.579901999805
00e12e8b_5360,11607.580237917098
00e12e8b_5361,11607.57139683148
00e12e8b_5362,11607.562708303154
00e12e8b_5363,11607.553724554698
00e12e8b_5364,11607.554132732035
00e12e8b_5365,11607.545280873928
00e12e8b_5366,11607.536555807212
00e12e8b_5367,11607.527714450622
00e12e8b_5368,11607.518837388849
00e12e8b_5369,11607.519093758436
00e12e8b_5370,11607.510338241498
00e12e8b_5371,11607.501464969262
00e12e8b_5372,11607.49290893481
00e12e8b_5373,11607.484126230986
00e12e8b_5374,11607.475424937656
00e12e8b_5375,11607.475862564408
00e12e8b_5376,11607.467173750323
00e12e8b_5377,11607.458430705865
00e12e8b_5378,11607.449693539807
00e12e8b_5379,11607.44109160694
00e12e8b_5380,11607.441543833223
00e12e8b_5381,11607.432889772334
00e12e8b_5382,11607.424352454454
00e12e8b_5383,11607.415947949496
00e12e8b_5384,11607.41653346634
00e12e8b_5385,11607.408107258834
00e12e8b_5386,11607.39920084384
00e12e8b_5387,11607.390499554012
00e12e8b_5388,11607.391361611668
00e12e8b_5389,11607.382883736282
00e12e8b_5390,11607.373821334795
00e12e8b_5391,11607.374397140611
00e12e8b_5392,11607.365686771753
00e12e8b_5393,11607.356810363304
00e12e8b_5394,11607.357159925425
00e12e8b_5395,11607.348365821665
00e12e8b_5396,11607.339610969586
00e12e8b_5397,11607.340029235913
00e12e8b_5398,11607.331329161643
00e12e8b_5399,11607.331589729278
00e12e8b_5400,11607.322710781737
00e12e8b_5401,11607.313751928115
00e12e8b_5402,11607.314045418025
00e12e8b_5403,11607.3049775429
00e12e8b_5404,11607.30476032323
00e12e8b_5405,11607.296586833214
00e12e8b_5406,11607.296590096652
00e12e8b_5407,11607.287014189658
00e12e8b_5408,11607.27765550341
00e12e8b_5409,11607.277759421322
00e12e8b_5410,11607.268494527498
00e12e8b_5411,11607.268214751728
00e12e8b_5412,11607.258694315904
00e12e8b_5413,11607.258454761864
00e12e8b_5414,11607.249109874116
00e12e8b_5415,11607.248930173366
00e12e8b_5416,11607.2395410043
00e12e8b_5417,11607.239819825589
00e12e8b_5418,11607.23990718871
00e12e8b_5419,11607.23087536472
00e12e8b_5420,11607.230731099164
00e12e8b_5421,11607.221448187796
00e12e8b_5422,11607.22145095075
00e12e8b_5423,11607.212214816784
00e12e8b_5424,11607.21201157588
00e12e8b_5425,11607.211687556584
00e12e8b_5426,11607.202354464056
00e12e8b_5427,11607.208313299278
00e12e8b_5428,11607.199020051736
00e12e8b_5429,11607.198761158184
00e12e8b_5430,11607.19692420751
00e12e8b_5431,11607.18753493217
00e12e8b_5432,11607.1871235877
00e12e8b_5433,11607.186660284957
00e12e8b_5434,11607.17701627378
00e12e8b_5435,11607.182634393545
00e12e8b_5436,11607.182169075804
00e12e8b_5437,11607.181684952888
00e12e8b_5438,11607.171958890956
00e12e8b_5439,11607.171478262764
00e12e8b_5440,11607.17100540853
00e12e8b_5441,11607.161372078166
00e12e8b_5442,11607.160960383171
00e12e8b_5443,11607.16052949149
00e12e8b_5444,11607.160123645988
00e12e8b_5445,11607.159834288988
00e12e8b_5446,11607.150389454064
00e12e8b_5447,11607.15030104695
00e12e8b_5448,11607.150273109648
00e12e8b_5449,11607.150494199668
00e12e8b_5450,11607.150411116998
00e12e8b_5451,11607.14139289487
00e12e8b_5452,11607.14127270132
00e12e8b_5453,11607.14131418214
00e12e8b_5454,11607.141022183689
00e12e8b_5455,11607.140823443802
00e12e8b_5456,11607.140380995052
00e12e8b_5457,11607.131093040249
00e12e8b_5458,11607.130586195672
00e12e8b_5459,11607.130413902914
00e12e8b_5460,11607.130473529329
00e12e8b_5461,11607.12968671223
00e12e8b_5462,11607.129025910292
00e12e8b_5463,11607.128663623378
00e12e8b_5464,11607.127862987549
00e12e8b_5465,11607.127288613709
00e12e8b_5466,11607.126598099396
00e12e8b_5467,11607.125853345671
00e12e8b_5468,11607.125327210617
00e12e8b_5469,11607.124246039511
00e12e8b_5470,11607.123730255156
00e12e8b_5471,11607.114073142506
00e12e8b_5472,11607.113634700014
00e12e8b_5473,11607.11320350759
00e12e8b_5474,11607.112477645656
00e12e8b_5475,11607.111220551596
00e12e8b_5476,11607.110611669264
00e12e8b_5477,11607.109384268382
00e12e8b_5478,11607.107793532852
00e12e8b_5479,11607.09693230751
00e12e8b_5480,11607.095974365946
00e12e8b_5481,11607.095042204011
00e12e8b_5482,11607.098941607608
00e12e8b_5483,11607.098982539166
00e12e8b_5484,11607.092057598573
00e12e8b_5485,11607.096675257691
00e12e8b_5486,11607.102502416335
00e12e8b_5487,11607.105778932062
00e12e8b_5488,11607.09892216838
00e12e8b_5489,11607.099954428228
00e12e8b_5490,11607.098376512877
00e12e8b_5491,11607.098203435631
00e12e8b_5492,11607.082440847147
00e12e8b_5493,11607.081946191303
00e12e8b_5494,11607.07470996389
00e12e8b_5495,11607.064005408836
00e12e8b_5496,11607.06276986427
00e12e8b_5497,11607.061113405627
00e12e8b_5498,11607.050245000137
00e12e8b_5499,11607.04833101334
00e12e8b_5500,11607.046376949074
00e12e8b_5501,11607.035121518897
00e12e8b_5502,11607.032150155776
00e12e8b_5503,11607.029895848878
00e12e8b_5504,11607.018495664406
00e12e8b_5505,11607.016082637385
00e12e8b_5506,11607.004619887744
00e12e8b_5507,11607.002274370896
00e12e8b_5508,11606.991344056963
00e12e8b_5509,11606.98973748587
00e12e8b_5510,11606.988265703763
00e12e8b_5511,11606.977703198938
00e12e8b_5512,11606.976446356426
00e12e8b_5513,11606.966200598215
00e12e8b_5514,11606.964945464968
00e12e8b_5515,11606.954856350789
00e12e8b_5516,11606.954048861528
00e12e8b_5517,11606.944321839785
00e12e8b_5518,11606.934588586118
00e12e8b_5519,11606.934129489378
00e12e8b_5520,11606.924490487185
00e12e8b_5521,11606.924083730071
00e12e8b_5522,11606.914555085148
00e12e8b_5523,11606.914377946134
00e12e8b_5524,11606.905132818922
00e12e8b_5525,11606.89589915014
00e12e8b_5526,11606.895768969543
00e12e8b_5527,11606.886456954611
00e12e8b_5528,11606.8771494608
00e12e8b_5529,11606.87698259885
00e12e8b_5530,11606.867560371053
00e12e8b_5531,11606.858198342725
00e12e8b_5532,11606.857921332055
00e12e8b_5533,11606.84896640194
00e12e8b_5534,11606.84000511993
00e12e8b_5535,11606.84036034588
00e12e8b_5536,11606.831510634049
00e12e8b_5537,11606.822842646894
00e12e8b_5538,11606.823125066254
00e12e8b_5539,11606.814291529
00e12e8b_5540,11606.805452182292
00e12e8b_5541,11606.796604041008
00e12e8b_5542,11606.78777511717
00e12e8b_5543,11606.788337628785
00e12e8b_5544,11606.779603388142
00e12e8b_5545,11606.770730156564
00e12e8b_5546,11606.762069607616
00e12e8b_5547,11606.753845282656
00e12e8b_5548,11606.75447084209
00e12e8b_5549,11606.74577459482
00e12e8b_5550,11606.737370275943
00e12e8b_5551,11606.728947434967
00e12e8b_5552,11606.72024632734
00e12e8b_5553,11606.71192453579
00e12e8b_5554,11606.70351868433
00e12e8b_5555,11606.694771790522
00e12e8b_5556,11606.69512587358
00e12e8b_5557,11606.68644796885
00e12e8b_5558,11606.678275301483
00e12e8b_5559,11606.670056741244
00e12e8b_5560,11606.662091093349
00e12e8b_5561,11606.65366096851
00e12e8b_5562,11606.64545057912
00e12e8b_5563,11606.63678301073
00e12e8b_5564,11606.628197077704
00e12e8b_5565,11606.6194320938
00e12e8b_5566,11606.61069020435
00e12e8b_5567,11606.602525500732
00e12e8b_5568,11606.594311988172
00e12e8b_5569,11606.595414695736
00e12e8b_5570,11606.586911858189
00e12e8b_5571,11606.57862661634
00e12e8b_5572,11606.570194285106
00e12e8b_5573,11606.562521166456
00e12e8b_5574,11606.554992771267
00e12e8b_5575,11606.55686660284
00e12e8b_5576,11606.548978011057
00e12e8b_5577,11606.540798525208
00e12e8b_5578,11606.532685100026
00e12e8b_5579,11606.533713780766
00e12e8b_5580,11606.525468608184
00e12e8b_5581,11606.517818628874
00e12e8b_5582,11606.509496372024
00e12e8b_5583,11606.51045150204
00e12e8b_5584,11606.50227148955
00e12e8b_5585,11606.494009326429
00e12e8b_5586,11606.495111845536
00e12e8b_5587,11606.487161022074
00e12e8b_5588,11606.48799672077
00e12e8b_5589,11606.479349660456
00e12e8b_5590,11606.471023022756
00e12e8b_5591,11606.47188835871
00e12e8b_5592,11606.463805616428
00e12e8b_5593,11606.46477126598
00e12e8b_5594,11606.45647821591
00e12e8b_5595,11606.457443514904
00e12e8b_5596,11606.449009235152
00e12e8b_5597,11606.449528064084
00e12e8b_5598,11606.44128671302
00e12e8b_5599,11606.44260558901
00e12e8b_5600,11606.434849844489
00e12e8b_5601,11606.435956708452
00e12e8b_5602,11606.427617888752
00e12e8b_5603,11606.428228549168
00e12e8b_5604,11606.419768810943
00e12e8b_5605,11606.420582641627
00e12e8b_5606,11606.421325221145
00e12e8b_5607,11606.413082669997
00e12e8b_5608,11606.414223911755
00e12e8b_5609,11606.405708893137
00e12e8b_5610,11606.406218385517
00e12e8b_5611,11606.406950474468
00e12e8b_5612,11606.407655399584
00e12e8b_5613,11606.399179687534
00e12e8b_5614,11606.399844887368
00e12e8b_5615,11606.400684975397
00e12e8b_5616,11606.392066102831
00e12e8b_5617,11606.393170235262
00e12e8b_5618,11606.393976229889
00e12e8b_5619,11606.39471775511
00e12e8b_5620,11606.39552172888
00e12e8b_5621,11606.386718809905
00e12e8b_5622,11606.387346242713
00e12e8b_5623,11606.388202394734
00e12e8b_5624,11606.389007118783
00e12e8b_5625,11606.389657963637
00e12e8b_5626,11606.390335032918
00e12e8b_5627,11606.381663673275
00e12e8b_5628,11606.382609487797
00e12e8b_5629,11606.383341232784
00e12e8b_5630,11606.385603063574
00e12e8b_5631,11606.3907425313
00e12e8b_5632,11606.39261460042
00e12e8b_5633,11606.393011303991
00e12e8b_5634,11606.392845461509
00e12e8b_5635,11606.397819279598
00e12e8b_5636,11606.399506347743
00e12e8b_5637,11606.400973008029
00e12e8b_5638,11606.400855868436
00e12e8b_5639,11606.400315089775
00e12e8b_5640,11606.400320374272
00e12e8b_5641,11606.40005238384
00e12e8b_5642,11606.399937045631
00e12e8b_5643,11606.399560501734
00e12e8b_5644,11606.409109670938
00e12e8b_5645,11606.409142459655
00e12e8b_5646,11606.408877174405
00e12e8b_5647,11606.408712250504
00e12e8b_5648,11606.408734548448
00e12e8b_5649,11606.40856539232
00e12e8b_5650,11606.408289019371
00e12e8b_5651,11606.417424948697
00e12e8b_5652,11606.417655220044
00e12e8b_5653,11606.417688978545
00e12e8b_5654,11606.417720224135
00e12e8b_5655,11606.427098662356
00e12e8b_5656,11606.42730942096
00e12e8b_5657,11606.427501396827
00e12e8b_5658,11606.427734276906
00e12e8b_5659,11606.43720391758
00e12e8b_5660,11606.43753777786
00e12e8b_5661,11606.437887496248
00e12e8b_5662,11606.438282873089
00e12e8b_5663,11606.44796938196
00e12e8b_5664,11606.44855594358
00e12e8b_5665,11606.449161033952
00e12e8b_5666,11606.449932604291
00e12e8b_5667,11606.450658301295
00e12e8b_5668,11606.451487443672
00e12e8b_5669,11606.461820532231
00e12e8b_5670,11606.46302399554
00e12e8b_5671,11606.46409271457
00e12e8b_5672,11606.465179073122
00e12e8b_5673,11606.466242832315
00e12e8b_5674,11606.465814465197
00e12e8b_5675,11606.46076830017
00e12e8b_5676,11606.461522738911
00e12e8b_5677,11606.462278711342
00e12e8b_5678,11606.462909132308
00e12e8b_5679,11606.463473971373
00e12e8b_5680,11606.47312441061
00e12e8b_5681,11606.473622725953
00e12e8b_5682,11606.47406761886
00e12e8b_5683,11606.47441866428
00e12e8b_5684,11606.47466042414
00e12e8b_5685,11606.47487777822
00e12e8b_5686,11606.466199682372
00e12e8b_5687,11606.466823263088
00e12e8b_5688,11606.467220183276
00e12e8b_5689,11606.46757321867
00e12e8b_5690,11606.468151200032
00e12e8b_5691,11606.468673188792
00e12e8b_5692,11606.469165874512
00e12e8b_5693,11606.469748960051
00e12e8b_5694,11606.468591495372
00e12e8b_5695,11606.46292010949
00e12e8b_5696,11606.463333126349
00e12e8b_5697,11606.463719999552
00e12e8b_5698,11606.455198782029
00e12e8b_5699,11606.455764776574
00e12e8b_5700,11606.45643012074
00e12e8b_5701,11606.45714202044
00e12e8b_5702,11606.457861204926
00e12e8b_5703,11606.458633664046
00e12e8b_5704,11606.45029165244
00e12e8b_5705,11606.451364070115
00e12e8b_5706,11606.452495443966
00e12e8b_5707,11606.453639536532
00e12e8b_5708,11606.445680023817
00e12e8b_5709,11606.44694955371
00e12e8b_5710,11606.448001258192
00e12e8b_5711,11606.44938590995
00e12e8b_5712,11606.441546781489
00e12e8b_5713,11606.44291298604
00e12e8b_5714,11606.444245384751
00e12e8b_5715,11606.43646309028
00e12e8b_5716,11606.437678215363
00e12e8b_5717,11606.439066358877
00e12e8b_5718,11606.43143596274
00e12e8b_5719,11606.43284786504
00e12e8b_5720,11606.434291384978
00e12e8b_5721,11606.42681854497
00e12e8b_5722,11606.428281679851
00e12e8b_5723,11606.42083950582
00e12e8b_5724,11606.422568876824
00e12e8b_5725,11606.424323213796
00e12e8b_5726,11606.416978300476
00e12e8b_5727,11606.4189592233
00e12e8b_5728,11606.411719721058
00e12e8b_5729,11606.413470401749
00e12e8b_5730,11606.406011981631
00e12e8b_5731,11606.407930293091
00e12e8b_5732,11606.400638312589
00e12e8b_5733,11606.40264577978
00e12e8b_5734,11606.39576535883
00e12e8b_5735,11606.397638848111
00e12e8b_5736,11606.390471600404
00e12e8b_5737,11606.392342506868
00e12e8b_5738,11606.385417588635
00e12e8b_5739,11606.387520453278
00e12e8b_5740,11606.3804162839
00e12e8b_5741,11606.382644364096
00e12e8b_5742,11606.375607075375
00e12e8b_5743,11606.36857705788
00e12e8b_5744,11606.370820994727
00e12e8b_5745,11606.364011524089
00e12e8b_5746,11606.357292838911
00e12e8b_5747,11606.359863918678
00e12e8b_5748,11606.352902991805
00e12e8b_5749,11606.355277624309
00e12e8b_5750,11606.348358158852
00e12e8b_5751,11606.341372198982
00e12e8b_5752,11606.334582121042
00e12e8b_5753,11606.337199714942
00e12e8b_5754,11606.330673725546
00e12e8b_5755,11606.333161892204
00e12e8b_5756,11606.326445772109
00e12e8b_5757,11606.32885734018
00e12e8b_5758,11606.321609617142
00e12e8b_5759,11606.32392807338
00e12e8b_5760,11606.316927421123
00e12e8b_5761,11606.319674219298
00e12e8b_5762,11606.313402777325
00e12e8b_5763,11606.31597754773
00e12e8b_5764,11606.318913749175
00e12e8b_5765,11606.312376671796
00e12e8b_5766,11606.31502317251
00e12e8b_5767,11606.317588461625
00e12e8b_5768,11606.320350877648
00e12e8b_5769,11606.31360306537
00e12e8b_5770,11606.31594862107
00e12e8b_5771,11606.31849050802
00e12e8b_5772,11606.321064051484
00e12e8b_5773,11606.32382799178
00e12e8b_5774,11606.326718856011
00e12e8b_5775,11606.329205201546
00e12e8b_5776,11606.33188316825
00e12e8b_5777,11606.334607465322
00e12e8b_5778,11606.337413112164
00e12e8b_5779,11606.340340969084
00e12e8b_5780,11606.342919279195
00e12e8b_5781,11606.35493020724
00e12e8b_5782,11606.357430566455
00e12e8b_5783,11606.359860623466
00e12e8b_5784,11606.362223409596
00e12e8b_5785,11606.373782128632
00e12e8b_5786,11606.376185496025
00e12e8b_5787,11606.378630581446
00e12e8b_5788,11606.39027134333
00e12e8b_5789,11606.392790079914
00e12e8b_5790,11606.404446332814
00e12e8b_5791,11606.406983988238
00e12e8b_5792,11606.409568326762
00e12e8b_5793,11606.421208875823
00e12e8b_5794,11606.432709711977
00e12e8b_5795,11606.435016592315
00e12e8b_5796,11606.446508345354
00e12e8b_5797,11606.448801126546
00e12e8b_5798,11606.460211904898
00e12e8b_5799,11606.471607944048
00e12e8b_5800,11606.473814001229
00e12e8b_5801,11606.4851802719
00e12e8b_5802,11606.496464573174
00e12e8b_5803,11606.507796083895
00e12e8b_5804,11606.51906883698
00e12e8b_5805,11606.530298103027
00e12e8b_5806,11606.532402704006
00e12e8b_5807,11606.543617724885
00e12e8b_5808,11606.554766557225
00e12e8b_5809,11606.565915255702
00e12e8b_5810,11606.577034659793
00e12e8b_5811,11606.587973929953
00e12e8b_5812,11606.598993470256
00e12e8b_5813,11606.61918514928
00e12e8b_5814,11606.63004024862
00e12e8b_5815,11606.640963819387
00e12e8b_5816,11606.65183508511
00e12e8b_5817,11606.662692383816
00e12e8b_5818,11606.682702940583
00e12e8b_5819,11606.693450981453
00e12e8b_5820,11606.70425761936
00e12e8b_5821,11606.715102143777
00e12e8b_5822,11606.734923370686
00e12e8b_5823,11606.74546867154
00e12e8b_5824,11606.765087723448
00e12e8b_5825,11606.77569069344
00e12e8b_5826,11606.79524048254
00e12e8b_5827,11606.805637223508
00e12e8b_5828,11606.825245727065
00e12e8b_5829,11606.835587564285
00e12e8b_5830,11606.854974663454
00e12e8b_5831,11606.865596723046
00e12e8b_5832,11606.884981702957
00e12e8b_5833,11606.904696609234
00e12e8b_5834,11606.915232627029
00e12e8b_5835,11606.934520397304
00e12e8b_5836,11606.9538460961
00e12e8b_5837,11606.972939191077
00e12e8b_5838,11606.991920476794
00e12e8b_5839,11607.01105045107
00e12e8b_5840,11607.021057483338
00e12e8b_5841,11607.040074110402
00e12e8b_5842,11607.059118082225
00e12e8b_5843,11607.078207580318
00e12e8b_5844,11607.097034631575
00e12e8b_5845,11607.115716404986
00e12e8b_5846,11607.134810601345
00e12e8b_5847,11607.15398294786
00e12e8b_5848,11607.17275223673
00e12e8b_5849,11607.20070613318
00e12e8b_5850,11607.219232233643
00e12e8b_5851,11607.238006041893
00e12e8b_5852,11607.25654060499
00e12e8b_5853,11607.275234647284
00e12e8b_5854,11607.294135643924
00e12e8b_5855,11607.312598175446
00e12e8b_5856,11607.33135197316
00e12e8b_5857,11607.34990519298
00e12e8b_5858,11607.368264629828
00e12e8b_5859,11607.386967640889
00e12e8b_5860,11607.405527548955
00e12e8b_5861,11607.43312534164
00e12e8b_5862,11607.451789243343
00e12e8b_5863,11607.470688962603
00e12e8b_5864,11607.48942654968
00e12e8b_5865,11607.508390223416
00e12e8b_5866,11607.527102175243
00e12e8b_5867,11607.545385333024
00e12e8b_5868,11607.563629373411
00e12e8b_5869,11607.591204206765
00e12e8b_5870,11607.609791145118
00e12e8b_5871,11607.62814869827
00e12e8b_5872,11607.64632041765
00e12e8b_5873,11607.66490334217
00e12e8b_5874,11607.683295147635
00e12e8b_5875,11607.701555224648
00e12e8b_5876,11607.729141659502
00e12e8b_5877,11607.747586158284
00e12e8b_5878,11607.765921405213
00e12e8b_5879,11607.784585678706
00e12e8b_5880,11607.802978951437
00e12e8b_5881,11607.821633346855
00e12e8b_5882,11607.849499209338
00e12e8b_5883,11607.868192602187
00e12e8b_5884,11607.886574294604
00e12e8b_5885,11607.905233456388
00e12e8b_5886,11607.92761708915
00e12e8b_5887,11607.96538180086
00e12e8b_5888,11607.988384690483
00e12e8b_5889,11608.007421150847
00e12e8b_5890,11608.028603576677
00e12e8b_5891,11608.051831250265
00e12e8b_5892,11608.085853760513
00e12e8b_5893,11608.110519408196
00e12e8b_5894,11608.134752048816
00e12e8b_5895,11608.1576064507
00e12e8b_5896,11608.188980614495
00e12e8b_5897,11608.211320839586
00e12e8b_5898,11608.23157293218
00e12e8b_5899,11608.251980606909
00e12e8b_5900,11608.271906535603
00e12e8b_5901,11608.300582192747
00e12e8b_5902,11608.317569112678
00e12e8b_5903,11608.336970936018
00e12e8b_5904,11608.357227855642
00e12e8b_5905,11608.385965870624
00e12e8b_5906,11608.40646584025
00e12e8b_5907,11608.425730407407
00e12e8b_5908,11608.452245242612
00e12e8b_5909,11608.46891346844
00e12e8b_5910,11608.486365776438
00e12e8b_5911,11608.504101823317
00e12e8b_5912,11608.529559566898
00e12e8b_5913,11608.544557449772
00e12e8b_5914,11608.558656990332
00e12e8b_5915,11608.58396463092
00e12e8b_5916,11608.599340677738
00e12e8b_5917,11608.615829521266
00e12e8b_5918,11608.63281706443
00e12e8b_5919,11608.659822033303
00e12e8b_5920,11608.67861498747
00e12e8b_5921,11608.716342199465
00e12e8b_5922,11608.74525074866
00e12e8b_5923,11608.768332457454
00e12e8b_5924,11608.810598979177
00e12e8b_5925,11608.85760687882
00e12e8b_5926,11608.891402526982
00e12e8b_5927,11608.92119508198
00e12e8b_5928,11608.959241889535
00e12e8b_5929,11608.992123096144
00e12e8b_5930,11609.028734302685
00e12e8b_5931,11609.07381234051
00e12e8b_5932,11609.114491056453
00e12e8b_5933,11609.159182873267
00e12e8b_5934,11609.200053619345
00e12e8b_5935,11609.226353678116
00e12e8b_5936,11609.263220280229
00e12e8b_5937,11609.2876580039
00e12e8b_5938,11609.312523506243
00e12e8b_5939,11609.34546141719
00e12e8b_5940,11609.369760330275
00e12e8b_5941,11609.394374697698
00e12e8b_5942,11609.428325020204
00e12e8b_5943,11609.452820888677
00e12e8b_5944,11609.476904410474
00e12e8b_5945,11609.509762816382
00e12e8b_5946,11609.533008573482
00e12e8b_5947,11609.55568986349
00e12e8b_5948,11609.578198108064
00e12e8b_5949,11609.600245960692
00e12e8b_5950,11609.622324538475
00e12e8b_5951,11609.644489640325
00e12e8b_5952,11609.66645302962
00e12e8b_5953,11609.687935437596
00e12e8b_5954,11609.708343896466
00e12e8b_5955,11609.729552767058
00e12e8b_5956,11609.750820741849
00e12e8b_5957,11609.77134982665
00e12e8b_5958,11609.783192660863
00e12e8b_5959,11609.804150532254
00e12e8b_5960,11609.824902296592
00e12e8b_5961,11609.846510751504
00e12e8b_5962,11609.858556999714
00e12e8b_5963,11609.877924492122
00e12e8b_5964,11609.896387641857
00e12e8b_5965,11609.914346164076
00e12e8b_5966,11609.9327112665
00e12e8b_5967,11609.94143059287
00e12e8b_5968,11609.950789871844
00e12e8b_5969,11609.970541854756
00e12e8b_5970,11609.982545950084
00e12e8b_5971,11610.005259025109
00e12e8b_5972,11610.022605374388
00e12e8b_5973,11610.04245884935
00e12e8b_5974,11610.06425925182
00e12e8b_5975,11610.098734273852
00e12e8b_5976,11610.11831428992
00e12e8b_5977,11610.132806667789
00e12e8b_5978,11610.148563240798
00e12e8b_5979,11610.163829082556
00e12e8b_5980,11610.176941738697
00e12e8b_5981,11610.18738203681
00e12e8b_5982,11610.198465595557
00e12e8b_5983,11610.208493295431
00e12e8b_5984,11610.218000812563
00e12e8b_5985,11610.227308174666
00e12e8b_5986,11610.236327745864
00e12e8b_5987,11610.245339484114
00e12e8b_5988,11610.246417672966
00e12e8b_5989,11610.257546627525
00e12e8b_5990,11610.269561484982
00e12e8b_5991,11610.27277332464
00e12e8b_5992,11610.284433613588
00e12e8b_5993,11610.295529764198
00e12e8b_5994,11610.297659110944
00e12e8b_5995,11610.30880391847
00e12e8b_5996,11610.310736759604
00e12e8b_5997,11610.32284841084
00e12e8b_5998,11610.3250778326
00e12e8b_5999,11610.334774957457
00e12e8b_6000,11610.335524528668
00e12e8b_6001,11610.336995494858
00e12e8b_6002,11610.339266270474
00e12e8b_6003,11610.35146637777
00e12e8b_6004,11610.35554071188
00e12e8b_6005,11610.362096976443
00e12e8b_6006,11610.36038338652
00e12e8b_6007,11610.365593393848
00e12e8b_6008,11610.382539725986
00e12e8b_6009,11610.38940207898
00e12e8b_6010,11610.397582269
00e12e8b_6011,11610.40524524718
00e12e8b_6012,11610.41347724436
00e12e8b_6013,11610.41234363992
00e12e8b_6014,11610.420288096577
00e12e8b_6015,11610.42826855255
00e12e8b_6016,11610.436262794976
00e12e8b_6017,11610.444191463452
00e12e8b_6018,11610.452063665773
00e12e8b_6019,11610.45073373135
00e12e8b_6020,11610.458414398949
00e12e8b_6021,11610.46650310204
00e12e8b_6022,11610.466023393548
00e12e8b_6023,11610.47514929814
00e12e8b_6024,11610.474278992426
00e12e8b_6025,11610.48413224562
00e12e8b_6026,11610.483732481487
00e12e8b_6027,11610.49322680059
00e12e8b_6028,11610.49650974046
00e12e8b_6029,11610.50798522788
00e12e8b_6030,11610.507824782417
00e12e8b_6031,11610.504811425384
00e12e8b_6032,11610.513526191977
00e12e8b_6033,11610.511960704873
00e12e8b_6034,11610.509444158895
00e12e8b_6035,11610.508812073156
00e12e8b_6036,11610.506408815743
00e12e8b_6037,11610.50488537454
00e12e8b_6038,11610.51426516506
00e12e8b_6039,11610.511960429769
00e12e8b_6040,11610.510602544557
00e12e8b_6041,11610.50803498048
00e12e8b_6042,11610.506971515366
00e12e8b_6043,11610.506352092403
00e12e8b_6044,11610.505418652629
00e12e8b_6045,11610.504852484291
00e12e8b_6046,11610.504047540897
00e12e8b_6047,11610.500880474996
00e12e8b_6048,11610.508942616198
00e12e8b_6049,11610.510504665035
00e12e8b_6050,11610.512357679345
00e12e8b_6051,11610.515142831087
00e12e8b_6052,11610.51713019906
00e12e8b_6053,11610.517666867678
00e12e8b_6054,11610.515914706592
00e12e8b_6055,11610.499646414224
00e12e8b_6056,11610.485225643231
00e12e8b_6057,11610.465463070066
00e12e8b_6058,11610.458883047064
00e12e8b_6059,11610.45393361213
00e12e8b_6060,11610.445867426635
00e12e8b_6061,11610.438751082356
00e12e8b_6062,11610.431285797998
00e12e8b_6063,11610.42397666143
00e12e8b_6064,11610.417842380186
00e12e8b_6065,11610.403425395994
00e12e8b_6066,11610.398601240177
00e12e8b_6067,11610.393239292993
00e12e8b_6068,11610.388036497308
00e12e8b_6069,11610.382276717331
00e12e8b_6070,11610.37490709712
00e12e8b_6071,11610.368985338602
00e12e8b_6072,11610.363734169838
00e12e8b_6073,11610.359433328216
00e12e8b_6074,11610.354465909191
00e12e8b_6075,11610.343170684826
00e12e8b_6076,11610.34023744012
00e12e8b_6077,11610.33827296435
00e12e8b_6078,11610.337844735446
00e12e8b_6079,11610.337846142174
00e12e8b_6080,11610.336686756693
00e12e8b_6081,11610.336267530329
00e12e8b_6082,11610.325804068303
00e12e8b_6083,11610.3246110645
00e12e8b_6084,11610.323551057145
00e12e8b_6085,11610.322159132014
00e12e8b_6086,11610.320993558493
00e12e8b_6087,11610.310906760104
00e12e8b_6088,11610.310423280109
00e12e8b_6089,11610.309997305809
00e12e8b_6090,11610.3096467947
00e12e8b_6091,11610.30033689704
00e12e8b_6092,11610.289637461336
00e12e8b_6093,11610.287992548258
00e12e8b_6094,11610.286390329047
00e12e8b_6095,11610.277281971448
00e12e8b_6096,11610.27711808537
00e12e8b_6097,11610.277037701842
00e12e8b_6098,11610.267725860233
00e12e8b_6099,11610.267737332331
00e12e8b_6100,11610.26791649637
00e12e8b_6101,11610.259212360916
00e12e8b_6102,11610.259770294197
00e12e8b_6103,11610.260451613178
00e12e8b_6104,11610.252021443486
00e12e8b_6105,11610.252570472989
00e12e8b_6106,11610.253053122397
00e12e8b_6107,11610.244309891952
00e12e8b_6108,11610.243643236878
00e12e8b_6109,11610.244526312932
00e12e8b_6110,11610.236178174664
00e12e8b_6111,11610.236998171022
00e12e8b_6112,11610.228673476528
00e12e8b_6113,11610.229071237569
00e12e8b_6114,11610.219978112098
00e12e8b_6115,11610.220035867904
00e12e8b_6116,11610.21925851622
00e12e8b_6117,11610.209328882826
00e12e8b_6118,11610.208019717362
00e12e8b_6119,11610.197506780576
00e12e8b_6120,11610.195668382108
00e12e8b_6121,11610.184751819255
00e12e8b_6122,11610.181878254203
00e12e8b_6123,11610.171002184958
00e12e8b_6124,11610.168399238535
00e12e8b_6125,11610.157166342333
00e12e8b_6126,11610.154588435887
00e12e8b_6127,11610.142149328229
00e12e8b_6128,11610.13965640528
00e12e8b_6129,11610.128199194509
00e12e8b_6130,11610.126205742496
00e12e8b_6131,11610.115282068884
00e12e8b_6132,11610.114093765706
00e12e8b_6133,11610.104278688592
00e12e8b_6134,11610.106196343242
00e12e8b_6135,11610.097306428726
00e12e8b_6136,11610.088388163418
00e12e8b_6137,11610.089103450318
00e12e8b_6138,11610.081283610378
00e12e8b_6139,11610.08267016555
00e12e8b_6140,11610.074983928942
00e12e8b_6141,11610.067368972934
00e12e8b_6142,11610.069014384231
00e12e8b_6143,11610.061655101856
00e12e8b_6144,11610.06358723089
00e12e8b_6145,11610.05656822807
00e12e8b_6146,11610.04971906556
00e12e8b_6147,11610.052221318523
00e12e8b_6148,11610.045776381508
00e12e8b_6149,11610.039970599406
00e12e8b_6150,11610.043259760345
00e12e8b_6151,11610.0376459559
00e12e8b_6152,11610.032676803256
00e12e8b_6153,11610.036008972464
00e12e8b_6154,11610.03088360168
00e12e8b_6155,11610.025970508004
00e12e8b_6156,11610.0209786538
00e12e8b_6157,11610.024866757882
00e12e8b_6158,11610.020417284895
00e12e8b_6159,11610.015659313123
00e12e8b_6160,11610.02014696156
00e12e8b_6161,11610.0153071414
00e12e8b_6162,11610.0104162033
00e12e8b_6163,11610.005836766924
00e12e8b_6164,11610.01076322398
00e12e8b_6165,11610.00576531799
00e12e8b_6166,11610.0001613332
00e12e8b_6167,11609.993682189912
00e12e8b_6168,11609.99685665749
00e12e8b_6169,11609.99169488068
00e12e8b_6170,11609.987349406314
00e12e8b_6171,11609.98406188042
00e12e8b_6172,11609.98185009624
00e12e8b_6173,11609.977738885878
00e12e8b_6174,11609.987455813563
00e12e8b_6175,11609.988752485146
00e12e8b_6176,11609.98196927488
00e12e8b_6177,11609.981669110111
00e12e8b_6178,11609.980317539304
00e12e8b_6179,11609.97970213116
00e12e8b_6180,11609.985860433111
00e12e8b_6181,11609.98297918743
00e12e8b_6182,11609.979999149486
00e12e8b_6183,11609.976282676456
00e12e8b_6184,11609.972781694869
00e12e8b_6185,11609.96930249856
00e12e8b_6186,11609.965321961708
00e12e8b_6187,11609.96136219074
00e12e8b_6188,11609.95744478524
00e12e8b_6189,11609.962511942842
00e12e8b_6190,11609.958554570056
00e12e8b_6191,11609.954710063905
00e12e8b_6192,11609.950823001194
00e12e8b_6193,11609.947259135402
00e12e8b_6194,11609.943463673211
00e12e8b_6195,11609.939858424354
00e12e8b_6196,11609.936084870496
00e12e8b_6197,11609.93167038743
00e12e8b_6198,11609.927094659895
00e12e8b_6199,11609.92235731993
00e12e8b_6200,11609.917648047012
00e12e8b_6201,11609.913046680076
00e12e8b_6202,11609.908190262337
00e12e8b_6203,11609.903658603333
00e12e8b_6204,11609.8991984231
00e12e8b_6205,11609.895481096471
00e12e8b_6206,11609.89126468594
00e12e8b_6207,11609.887450231126
00e12e8b_6208,11609.883607243428
00e12e8b_6209,11609.880070841204
00e12e8b_6210,11609.877223525162
00e12e8b_6211,11609.874190957937
00e12e8b_6212,11609.87113353007
00e12e8b_6213,11609.868646619076
00e12e8b_6214,11609.866227666183
00e12e8b_6215,11609.855418559138
00e12e8b_6216,11609.85379897181
00e12e8b_6217,11609.851797241208
00e12e8b_6218,11609.850883945586
00e12e8b_6219,11609.850020405946
00e12e8b_6220,11609.848621876885
00e12e8b_6221,11609.847975428249
00e12e8b_6222,11609.847492324116
00e12e8b_6223,11609.846913997286
00e12e8b_6224,11609.836994723428
00e12e8b_6225,11609.83593445044
00e12e8b_6226,11609.836296582387
00e12e8b_6227,11609.836703858324
00e12e8b_6228,11609.83565430767
00e12e8b_6229,11609.83585152332
00e12e8b_6230,11609.826889673968
00e12e8b_6231,11609.825829200025
00e12e8b_6232,11609.826147481155
00e12e8b_6233,11609.8268406134
00e12e8b_6234,11609.818058899413
00e12e8b_6235,11609.817364714974
00e12e8b_6236,11609.81813336381
00e12e8b_6237,11609.819404541857
00e12e8b_6238,11609.811149335224
00e12e8b_6239,11609.811260261107
00e12e8b_6240,11609.811116748842
00e12e8b_6241,11609.802996970426
00e12e8b_6242,11609.803766121368
00e12e8b_6243,11609.804336848458
00e12e8b_6244,11609.794221348337
00e12e8b_6245,11609.79406566466
00e12e8b_6246,11609.794237796048
00e12e8b_6247,11609.786014772748
00e12e8b_6248,11609.78752361519
00e12e8b_6249,11609.77982642692
00e12e8b_6250,11609.780503751284
00e12e8b_6251,11609.781372427446
00e12e8b_6252,11609.77379355354
00e12e8b_6253,11609.776800225138
00e12e8b_6254,11609.769193141256
00e12e8b_6255,11609.771122648037
00e12e8b_6256,11609.763425658171
00e12e8b_6257,11609.766884044358
00e12e8b_6258,11609.76080614194
00e12e8b_6259,11609.763584371398
00e12e8b_6260,11609.756721227626
00e12e8b_6261,11609.758564752225
00e12e8b_6262,11609.752453889723
00e12e8b_6263,11609.7457188894
00e12e8b_6264,11609.748766524692
00e12e8b_6265,11609.741925470453
00e12e8b_6266,11609.74393625305
00e12e8b_6267,11609.73769676143
00e12e8b_6268,11609.731325748207
00e12e8b_6269,11609.734019866955
00e12e8b_6270,11609.72735122292
00e12e8b_6271,11609.730032667414
00e12e8b_6272,11609.723189999157
00e12e8b_6273,11609.71600589509
00e12e8b_6274,11609.719041979752
00e12e8b_6275,11609.712593831806
00e12e8b_6276,11609.70586380392
00e12e8b_6277,11609.698859142854
00e12e8b_6278,11609.700439909891
00e12e8b_6279,11609.693222875463
00e12e8b_6280,11609.686383430557
00e12e8b_6281,11609.679203769549
00e12e8b_6282,11609.679884329404
00e12e8b_6283,11609.673045274496
00e12e8b_6284,11609.665087054876
00e12e8b_6285,11609.660073643026
00e12e8b_6286,11609.662050258648
00e12e8b_6287,11609.650883691736
00e12e8b_6288,11609.639883731405
00e12e8b_6289,11609.629150906903
00e12e8b_6290,11609.618982963211
00e12e8b_6291,11609.609422996547
00e12e8b_6292,11609.600482251752
00e12e8b_6293,11609.602127129056
00e12e8b_6294,11609.59415745118
00e12e8b_6295,11609.583625277368
00e12e8b_6296,11609.575963073126
00e12e8b_6297,11609.566425979292
00e12e8b_6298,11609.561496909511
00e12e8b_6299,11609.556366159186
00e12e8b_6300,11609.54743761272
00e12e8b_6301,11609.53177552968
00e12e8b_6302,11609.517870946627
00e12e8b_6303,11609.504986763424
00e12e8b_6304,11609.496846630353
00e12e8b_6305,11609.482576836948
00e12e8b_6306,11609.473670619444
00e12e8b_6307,11609.46137400136
00e12e8b_6308,11609.44473650991
00e12e8b_6309,11609.434322955669
00e12e8b_6310,11609.423235462207
00e12e8b_6311,11609.417917481082
00e12e8b_6312,11609.41652907096
00e12e8b_6313,11609.41250285138
00e12e8b_6314,11609.410129786527
00e12e8b_6315,11609.403995934468
00e12e8b_6316,11609.389330385731
00e12e8b_6317,11609.38175937532
00e12e8b_6318,11609.369285036028
00e12e8b_6319,11609.358648563417
00e12e8b_6320,11609.348994046532
00e12e8b_6321,11609.341213309788
00e12e8b_6322,11609.334646769616
00e12e8b_6323,11609.317926996728
00e12e8b_6324,11609.310979573962
00e12e8b_6325,11609.301909002368
00e12e8b_6326,11609.291617630011
00e12e8b_6327,11609.280294879394
00e12e8b_6328,11609.26792623508
00e12e8b_6329,11609.245940933864
00e12e8b_6330,11609.23378417143
00e12e8b_6331,11609.22232760256
00e12e8b_6332,11609.21910202768
00e12e8b_6333,11609.213244960683
00e12e8b_6334,11609.20592600865
00e12e8b_6335,11609.19209349635
00e12e8b_6336,11609.19101464286
00e12e8b_6337,11609.190395906224
00e12e8b_6338,11609.185988117702
00e12e8b_6339,11609.18422200964
00e12e8b_6340,11609.184915733482
00e12e8b_6341,11609.179705150556
00e12e8b_6342,11609.18291054774
00e12e8b_6343,11609.186731320726
00e12e8b_6344,11609.188868482925
00e12e8b_6345,11609.18989147848
00e12e8b_6346,11609.192916247694
00e12e8b_6347,11609.185418104817
00e12e8b_6348,11609.185871365742
00e12e8b_6349,11609.186473305748
00e12e8b_6350,11609.186026802658
00e12e8b_6351,11609.18297311298
00e12e8b_6352,11609.172283115891
00e12e8b_6353,11609.171321188074
00e12e8b_6354,11609.164783636814
00e12e8b_6355,11609.160288362456
00e12e8b_6356,11609.157223342689
00e12e8b_6357,11609.157100152855
00e12e8b_6358,11609.14692573745
00e12e8b_6359,11609.14671358782
00e12e8b_6360,11609.145096793984
00e12e8b_6361,11609.14572673521
00e12e8b_6362,11609.147214490364
00e12e8b_6363,11609.147115630263
00e12e8b_6364,11609.137259486124
00e12e8b_6365,11609.136858506228
00e12e8b_6366,11609.13601938284
00e12e8b_6367,11609.132193903322
00e12e8b_6368,11609.130409336598
00e12e8b_6369,11609.122887625908
00e12e8b_6370,11609.124224141451
00e12e8b_6371,11609.125163848968
00e12e8b_6372,11609.125799989391
00e12e8b_6373,11609.126151377262
00e12e8b_6374,11609.125476790708
00e12e8b_6375,11609.116455862204
00e12e8b_6376,11609.11530246472
00e12e8b_6377,11609.113514272643
00e12e8b_6378,11609.112783913297
00e12e8b_6379,11609.112424506113
00e12e8b_6380,11609.102031282764
00e12e8b_6381,11609.10180188124
00e12e8b_6382,11609.10158091005
00e12e8b_6383,11609.1014147461
