tree
version=v4
num_class=1
num_tree_per_iteration=1
label_index=0
max_feature_idx=18
objective=regression
feature_names=Column_0 Column_1 Column_2 Column_3 Column_4 Column_5 Column_6 Column_7 Column_8 Column_9 Column_10 Column_11 Column_12 Column_13 Column_14 Column_15 Column_16 Column_17 Column_18
feature_infos=[1:10052] [17.980072021484375:400.35589599609375] [-85.591636657714844:64.589332580566406] [0.0030836109071969986:137.3016357421875] [-341.35000610351562:427.41000366210938] [-0.44999998807907104:0.1550000011920929] [17.186140060424805:392.201904296875] [10038.6181640625:12870.568359375] [-1:1] [-0.99998748302459717:0.85439145565032959] [-25:25] [0:0.99383389949798584] [0:0.6786121129989624] [-25:25] [-0.07535572350025177:0.96812313795089722] [1.2707172572845593e-05:0.70555102825164795] [-25:25] [-0.33253172039985657:0.92736095190048218] [1.0667117749108002e-06:0.841361403465271]
tree_sizes=1599 1649 1633 1682 1653 1665 1684 1638 1633 1653 1631 1665 1632 1634 1659 1632 1672 1658 1653 1670 1644 1633 1663 1642 1636 1640 1639 1647 1665 1646 1655 1644 1646 1675 1646 1653 1644 1675 1662 1659 1662 1669 1624 1634 1653 1655 1619 1645 1659 1662 1649 1662 1634 1652 1619 1619 1644 1603 1628 1633 1656 1620 1641 1646 1612 1591 1634 1616 1599 1618 1643 1628 1629 1627 1651 1610 1612 1655 1615 1614 1578 1613 1654 1628 1655 1619 1623 1621 1626 1589 1623 1637 1645 1604 1606 1622 1659 1647 1619 1656 1644 1660 1623 1603 1614 1653 1649 1614 1622 1612 1651 1664 1639 1644 1607 1651 1639 1645 1656 1610 1657 1584 1661 1639 1626 1622 1588 1605 1600 1605 1595 1595 1580 1651 1622 1625 1618 1594 1587 1612 1589 1612 1596 1655 1640 1596 1647 1600 1614 1631 1587 1612 1635 1584 1611 1591 1626 1601 1625 1588 1595 1610 1575 1601 1615 1620 1630 1648 1616 1575 1598 1579 1625 1604 1583 1573 1580 1620 1611 1629 1586 1579 1581 1604 1615 1573 1616 1637 1637 1621 1615 1603 1622 1610 1613 1573 1576 1621 1645 1568 1537 1544 1588 1614 1587 1620 1545 1543 1508 1612 1606 1617 1598 1619 1592 1596 1600 1608 1588 1581 1539 1607 1544 1546 1598 1577 1591 1607 1497 1625 1596 1535 1582 1603 1583 1575 1556 1555 1550 1596 1624 1601 1545 1586 1635 1494 1599 1612 1590 1594 1577 1561 1621 1609 1582 1540 1593 1606 1562 1566 1605 1607 1611 1578 1595 1588 1592 1559 1599 1596 1563 1541 1602 1569 1582 1592 1578 1566 1566 1540 1590 1560 1581 1590 1615 1559 1587 1607 1521 1520 1573 1540 1569 1526 1577 1601 1586 1607 1589 1559

Tree=0
num_leaves=15
num_cat=0
split_feature=8 7 7 8 8 7 7 0 7 7 8 7 7 7
split_gain=3.58846e+07 5.81256e+06 6.18124e+06 6.19239e+06 4.67624e+06 5.25412e+06 5.07595e+06 5.07177e+06 3.50936e+06 9.38243e+06 8.44783e+06 3.60819e+06 4.77067e+06 7.20663e+06
threshold=-0.66993230581283558 10942.550292968752 10853.744628906252 0.98362845182418834 -0.83435350656509388 10765.747070312502 10699.223144531252 2571.5000000000005 12169.453125000002 12205.039550781252 -0.95844322443008412 10880.121582031252 10953.176757812502 11006.505859375002
decision_type=2 2 2 2 2 2 2 2 2 2 2 2 2 2
left_child=4 2 -2 -4 8 6 -6 -7 11 10 -10 -1 -13 -14
right_child=1 -3 3 -5 5 7 -8 -9 9 -11 -12 12 13 -15
leaf_value=0.94566517827868724 0.92029705731085476 0.88634417732223914 1.1787741348868694 0.6943986017160757 0.58659939797613081 0.77039735729993697 1.1981151430870058 0.6605324620113856 0.93101837119216457 0.82543821011668472 1.780241563762448 0.57518677379960292 1.8066778799765177 0.77794777826454142
leaf_weight=46951 197084 1460768 82615 12098 7830 350606 17657 322868 10526 103654 8438 48874 2735 354635
leaf_count=46951 197084 1460768 82615 12098 7830 350606 17657 322868 10526 103654 8438 48874 2735 354635
internal_value=0.843898 0.902624 0.984117 1.11689 0.763161 0.728393 1.01022 0.717725 0.805365 0.900284 1.30917 0.779683 0.760498 0.785848
internal_weight=3.02734e+06 1.75256e+06 291797 94713 1.27477e+06 698961 25487 673474 575813 122618 18964 453195 406244 357370
internal_count=3027339 1752565 291797 94713 1274774 698961 25487 673474 575813 122618 18964 453195 406244 357370
is_linear=0
shrinkage=1


Tree=1
num_leaves=15
num_cat=0
split_feature=8 8 0 0 8 0 5 5 8 1 0 12 0 8
split_gain=3.44634e+07 4.49114e+06 4.09537e+06 3.36465e+06 2.18643e+06 1.92144e+06 1.78885e+06 1.72699e+06 1.5745e+06 1.27337e+06 1.18907e+06 658275 567747 648592
threshold=-0.66993230581283558 -0.83435350656509388 2571.5000000000005 1779.5000000000002 -0.95380857586860646 3454.5000000000005 0.082499999552965178 -0.0074999998323619357 0.68809700012207042 97.685295104980483 4772.5000000000009 0.16834595799446109 6238.5000000000009 -0.9322390854358672
decision_type=2 2 2 2 2 2 2 2 2 2 2 2 2 2
left_child=1 4 -3 -2 5 -1 8 9 -5 10 -4 -6 -13 -14
right_child=3 2 7 6 11 -7 -8 -9 -10 -11 -12 12 13 -15
leaf_value=-0.044328416554619096 0.020811306911256346 -0.067104005552792043 -0.12780399206839502 0.17054542320012456 -0.012780611164642176 -0.15917277931718896 0.22834388139470349 -0.044963179714357412 0.068160522396047876 -0.24557006568349363 -0.24341926927083868 0.05267715725876565 0.6700299797935757 -0.044191487750266135
leaf_weight=205968 635512 366662 156850 63828 238153 81262 30958 42493 1022267 86913 46043 48317 1272 841
leaf_count=205968 635512 366662 156850 63828 238153 81262 30958 42493 1022267 86913 46043 48317 1272 841
internal_value=1.17023e-07 -0.0791219 -0.113194 0.0575517 -0.0377612 -0.0768242 0.0784536 -0.164047 0.074179 -0.181506 -0.154052 0.00111996 0.0667546 0.386882
internal_weight=3.02734e+06 1.27477e+06 698961 1.75256e+06 575813 287230 1.11705e+06 332299 1.0861e+06 289806 202893 288583 50430 2113
internal_count=3027339 1274774 698961 1752565 575813 287230 1117053 332299 1086095 289806 202893 288583 50430 2113
is_linear=0
shrinkage=0.02


Tree=2
num_leaves=15
num_cat=0
split_feature=8 7 7 9 9 7 7 0 0 7 7 8 7 7
split_gain=3.30987e+07 5.57107e+06 5.93044e+06 5.99868e+06 4.38092e+06 5.0443e+06 4.87405e+06 4.66731e+06 3.41567e+06 3.3639e+06 8.98552e+06 8.06561e+06 3.43385e+06 4.6169e+06
threshold=-0.66993230581283558 10942.550292968752 10853.744628906252 -0.17292127013206479 0.55122801661491405 10765.747070312502 10699.223144531252 2551.5000000000005 3864.5000000000005 12169.453125000002 12205.039550781252 -0.95844322443008412 10880.121582031252 10953.176757812502
decision_type=2 2 2 2 2 2 2 2 2 2 2 2 2 2
left_child=4 2 8 -4 9 6 -6 -7 -2 12 11 -11 -1 -14
right_child=1 -3 3 -5 5 7 -8 -9 -10 10 -12 -13 13 -15
leaf_value=0.10010482168983986 0.021000624112117304 0.040462943865003063 0.32716913865557501 -0.14941752751766793 -0.25034535609704039 -0.070662865851993092 0.34888620121328329 -0.17625316807880687 0.20528714120790859 0.086756292476770747 -0.0171337427566432 0.91654758162758798 -0.26285671539124361 -0.055723599604551088
leaf_weight=46951 140764 1460768 82606 12107 7830 345434 17657 325013 56320 10526 103654 8438 48874 360397
leaf_count=46951 140764 1460768 82606 12107 7830 345434 17657 325013 56320 10526 103654 8438 48874 360397
internal_value=1.2949e-07 0.0564007 0.136183 0.266238 -0.0775395 -0.111353 0.164766 -0.121852 0.0736714 -0.0368847 0.056112 0.45626 -0.06188 -0.0804647
internal_weight=3.02734e+06 1.75256e+06 291797 94713 1.27477e+06 695934 25487 670447 197084 578840 122618 18964 456222 409271
internal_count=3027339 1752565 291797 94713 1274774 695934 25487 670447 197084 578840 122618 18964 456222 409271
is_linear=0
shrinkage=0.02


Tree=3
num_leaves=15
num_cat=0
split_feature=8 9 0 0 8 17 0 4 9 17 4 5 0 9
split_gain=3.18172e+07 4.54254e+06 3.86917e+06 3.19406e+06 2.08728e+06 1.91747e+06 1.85718e+06 1.77977e+06 1.36187e+06 1.22791e+06 1.91921e+06 1.17364e+06 1.17975e+06 1.11453e+06
threshold=-0.68934190273284901 0.55122801661491405 2532.5000000000005 1759.5000000000002 -0.95380857586860646 0.26605693995952612 2870.5000000000005 284.38999938964849 -0.72804987430572499 0.19986895471811297 -222.23500061035153 -0.012499999720603226 4452.5000000000009 0.12003337591886522
decision_type=2 2 2 2 2 2 2 2 2 2 2 2 2 2
left_child=1 4 -3 -2 6 -4 -1 8 -5 10 -6 12 -7 -10
right_child=3 2 5 7 9 11 -8 -9 13 -11 -12 -13 -14 -15
leaf_value=-0.033272985038976931 0.018584380207263298 -0.06599599565026619 -0.02626218900708225 0.18052572425275695 0.88676359898770885 -0.16785644233455208 -0.13728411222780681 0.32553255203546066 0.071894920231591761 -0.0097907570666217435 0.09962226255297689 -0.090021994595167784 -0.26379836501860521 -0.027307984428986642
leaf_weight=173644 637413 346296 36944 44430 1314 166430 113586 11177 1035450 270741 19384 48995 74167 47368
leaf_count=173644 637413 346296 36944 44430 1314 166430 113586 11177 1035450 270741 19384 48995 74167 47368
internal_value=1.96528e-07 -0.0772349 -0.112571 0.0544309 -0.0361472 -0.161961 -0.0744079 0.0745013 0.0720093 0.00156217 0.149999 -0.179271 -0.197442 0.067555
internal_weight=3.02734e+06 1.2515e+06 672832 1.77584e+06 578669 326536 287230 1.13842e+06 1.12725e+06 291439 20698 289592 240597 1.08282e+06
internal_count=3027339 1251501 672832 1775838 578669 326536 287230 1138425 1127248 291439 20698 289592 240597 1082818
is_linear=0
shrinkage=0.02


Tree=4
num_leaves=15
num_cat=0
split_feature=8 8 0 0 8 17 0 4 17 4 1 0 4 8
split_gain=3.05573e+07 4.29752e+06 3.7379e+06 3.06916e+06 2.00185e+06 1.84949e+06 1.78672e+06 1.70457e+06 1.21025e+06 1.82675e+06 1.03981e+06 948197 928465 971545
threshold=-0.68934190273284901 -0.83435350656509388 2591.5000000000005 1800.5000000000002 -0.95380857586860646 0.24476148933172229 3454.5000000000005 284.38999938964849 0.19986895471811297 -222.23500061035153 97.685295104980483 4842.5000000000009 118.33499908447267 0.95380857586860668
decision_type=2 2 2 2 2 2 2 2 2 2 2 2 2 2
left_child=1 4 -3 -2 6 -4 -1 12 9 -6 11 -7 13 -5
right_child=3 2 5 7 8 10 -8 -9 -10 -11 -12 -13 -14 -15
leaf_value=-0.041584056234333325 0.018829650528834323 -0.065410308933604153 0.0022284088203124107 0.10034618484391689 0.86916228268481233 -0.12676448022500572 -0.15232906916338679 0.31902772094827864 -0.0095712003317075054 0.100536826490639 -0.23213850250433449 -0.23022648446143826 0.050512466908938791 0.039077483695424936
leaf_weight=205968 652177 356659 25939 485358 1314 161020 81262 11177 268402 18867 86617 45453 495509 131617
leaf_count=205968 652177 356659 25939 485358 1314 161020 81262 11177 268402 18867 86617 45453 495509 131617
internal_value=2.43014e-07 -0.0756902 -0.109903 0.0533423 -0.035542 -0.15964 -0.0729199 0.0733732 0.00166178 0.150989 -0.173965 -0.149551 0.0709023 0.0872768
internal_weight=3.02734e+06 1.2515e+06 675688 1.77584e+06 575813 319029 287230 1.12366e+06 288583 20181 293090 206473 1.11248e+06 616975
internal_count=3027339 1251501 675688 1775838 575813 319029 287230 1123661 288583 20181 293090 206473 1112484 616975
is_linear=0
shrinkage=0.02


Tree=5
num_leaves=15
num_cat=0
split_feature=4 9 9 4 0 9 0 4 9 4 0 9 0 3
split_gain=2.71104e+07 3.96782e+06 3.24777e+06 3.1634e+06 2.56095e+06 1.82748e+06 1.60326e+06 1.56186e+06 1.51402e+06 1.44416e+06 1.57993e+06 1.31527e+06 2.15644e+06 1.13046e+06
threshold=3.9550000429153447 0.55122801661491405 0.15994049608707431 -113.6949996948242 2072.5000000000005 0.70835387706756603 1993.5000000000002 284.38999938964849 0.64018929004669201 118.33499908447267 3521.5000000000005 0.30041404068470007 3454.5000000000005 4.7254962921142587
decision_type=2 2 2 2 2 2 2 2 2 2 2 2 2 2
left_child=1 11 4 8 -2 6 -5 9 -3 10 -6 12 -1 -4
right_child=2 3 13 5 7 -7 -8 -9 -10 -11 -12 -13 -14 -15
leaf_value=-0.028616046755019706 0.026829524456752095 -0.09572994672730277 -0.34570734207268833 -0.055929704148271718 0.079694396616101365 0.015909154488379717 -0.13259954956421471 0.31265286923611851 -0.21049924836132591 0.050746170198793017 0.16555354541943565 0.0016289009022287194 -0.14593112714021148 -0.056154743313463915
leaf_weight=267662 663558 73926 9952 256116 371931 78745 190081 11177 121726 489307 111420 288137 81830 11771
leaf_count=267662 663558 73926 9952 256116 371931 78745 190081 11177 121726 489307 111420 288137 81830 11771
internal_value=2.79815e-07 -0.066347 0.0539897 -0.0985026 0.0571937 -0.0729173 -0.0885935 0.0776727 -0.167142 0.0749693 0.0994893 -0.0300066 -0.0560876 -0.188907
internal_weight=3.02734e+06 1.35822e+06 1.66912e+06 720594 1.64739e+06 524942 446197 983835 195652 972658 483351 637629 349492 21723
internal_count=3027339 1358223 1669116 720594 1647393 524942 446197 983835 195652 972658 483351 637629 349492 21723
is_linear=0
shrinkage=0.02


Tree=6
num_leaves=15
num_cat=0
split_feature=8 9 0 0 8 5 0 5 9 1 9 4 8 4
split_gain=2.82404e+07 4.01868e+06 3.45621e+06 2.84444e+06 1.86099e+06 1.68795e+06 1.67161e+06 1.38451e+06 1.36432e+06 1.09706e+06 1.0079e+06 2.71575e+06 1.22331e+06 1.18553e+06
threshold=-0.68934190273284901 0.55122801661491405 2434.5000000000005 1739.5000000000002 -0.95380857586860646 0.082499999552965178 2372.5000000000005 -0.0074999998323619357 -0.72804987430572499 97.685295104980483 0.15994049608707431 -29.404999732971188 0.63649341464042675 87.844997406005874
decision_type=2 2 2 2 2 2 2 2 2 2 2 2 2 2
left_child=1 4 -3 -2 6 8 -1 9 -5 -4 13 12 -12 -10
right_child=3 2 7 5 -6 -7 -8 -9 10 -11 11 -13 -14 -15
leaf_value=-0.022333778353530613 0.017151638592805583 -0.060243003880051618 -0.14097925390242178 0.17509014677791157 0.001488404894645445 0.21511475489735665 -0.118833255411251 -0.044978929706598461 0.097844115165800008 -0.22479189600667618 0.062144702094099127 -0.21614214966628079 0.60727307135753006 0.051244526286379238
leaf_weight=144629 630196 333271 206899 44030 291439 31204 142601 43101 315561 89561 25220 18630 1752 709245
leaf_count=144629 630196 333271 206899 44030 291439 31204 142601 43101 315561 89561 25220 18630 1752 709245
internal_value=2.47224e-07 -0.0727642 -0.106001 0.0512803 -0.0341182 0.0700535 -0.0702454 -0.150908 0.0659899 -0.166306 0.0615005 -0.0304947 0.0977669 0.0655944
internal_weight=3.02734e+06 1.2515e+06 672832 1.77584e+06 578669 1.14564e+06 287230 339561 1.11444e+06 296460 1.07041e+06 45602 26972 1.02481e+06
internal_count=3027339 1251501 672832 1775838 578669 1145642 287230 339561 1114438 296460 1070408 45602 26972 1024806
is_linear=0
shrinkage=0.02


Tree=7
num_leaves=15
num_cat=0
split_feature=8 7 7 9 9 7 7 0 7 4 7 7 7 0
split_gain=2.71308e+07 5.31371e+06 5.67405e+06 5.72539e+06 3.58276e+06 4.80899e+06 4.67415e+06 3.90611e+06 3.2634e+06 1.12905e+07 3.25185e+06 4.47687e+06 6.92505e+06 3.22945e+06
threshold=-0.66993230581283558 10942.550292968752 10853.744628906252 -0.17292127013206479 0.55122801661491405 10765.747070312502 10699.223144531252 2571.5000000000005 12169.453125000002 -174.19499969482419 10880.121582031252 10953.176757812502 11006.505859375002 3890.5000000000005
decision_type=2 2 2 2 2 2 2 2 2 2 2 2 2 2
left_child=4 2 13 -4 8 6 -6 -7 10 -10 -1 -12 -13 -2
right_child=1 -3 3 -5 5 7 -8 -9 9 -11 11 12 -14 -15
leaf_value=0.099578019272349036 0.017061053969104838 0.035498317316965115 0.31572093839660514 -0.14988099421735709 -0.23769508005256737 -0.064570792438673127 0.34912380233367918 -0.1611939295469893 0.88459950490734995 0.013596094392787287 -0.2557455708794395 0.94894217251254775 -0.059456891211242903 0.1969217277197573
leaf_weight=46951 141455 1460768 82606 12107 7830 348080 17657 322367 6264 116354 48874 2735 357662 55629
leaf_count=46951 141455 1460768 82606 12107 7830 348080 17657 322367 6264 116354 48874 2735 357662 55629
internal_value=2.68688e-07 0.0510636 0.128981 0.256194 -0.0702016 -0.10078 0.168821 -0.111031 -0.0334364 0.0581604 -0.0580555 -0.0761411 -0.0517781 0.0678361
internal_weight=3.02734e+06 1.75256e+06 291797 94713 1.27477e+06 695934 25487 670447 578840 122618 456222 409271 360397 197084
internal_count=3027339 1752565 291797 94713 1274774 695934 25487 670447 578840 122618 456222 409271 360397 197084
is_linear=0
shrinkage=0.02


Tree=8
num_leaves=15
num_cat=0
split_feature=8 7 7 8 8 7 7 0 0 0 7 7 8 7
split_gain=2.60741e+07 5.07326e+06 5.4618e+06 5.41955e+06 3.65608e+06 4.65834e+06 4.48977e+06 3.93607e+06 3.24685e+06 3.15121e+06 3.14702e+06 8.36612e+06 7.39776e+06 3.13815e+06
threshold=-0.68934190273284901 10942.550292968752 10853.744628906252 0.97920829057693493 -0.83435350656509388 10765.747070312502 10699.223144531252 2413.5000000000005 1720.5000000000002 3839.5000000000005 12169.453125000002 12205.039550781252 -0.95844322443008412 10880.121582031252
decision_type=2 2 2 2 2 2 2 2 2 2 2 2 2 2
left_child=4 2 9 8 10 6 -6 -7 -4 -2 13 12 -12 -1
right_child=1 -3 3 -5 5 7 -8 -9 -10 -11 11 -13 -14 -15
leaf_value=0.097586884231230797 0.014642161391459777 0.034248300531648811 0.12147742613489626 -0.13893602671316799 -0.23294724198626188 -0.061496468728974039 0.3431714403933061 -0.15992599724699483 0.39245656635884374 0.19088937957736149 0.089226816781749249 -0.013677773414729732 0.8839287512385372 -0.075099039671047058
leaf_weight=46951 140824 1482870 25652 12459 7830 317818 17461 332579 57038 56995 10526 103654 8438 406244
leaf_count=46951 140824 1482870 25652 12459 7830 317818 17461 332579 57038 56995 10526 103654 8438 406244
internal_value=3.91087e-07 0.0492744 0.125326 0.249833 -0.0699175 -0.101474 0.164785 -0.11183 0.308419 0.0654291 -0.0328866 0.0569987 0.443109 -0.057207
internal_weight=3.02734e+06 1.77584e+06 292968 95149 1.2515e+06 675688 25291 650397 82690 197819 575813 122618 18964 453195
internal_count=3027339 1775838 292968 95149 1251501 675688 25291 650397 82690 197819 575813 122618 18964 453195
is_linear=0
shrinkage=0.02


Tree=9
num_leaves=15
num_cat=0
split_feature=8 9 8 17 5 9 9 16 17 16 17 6 1 17
split_gain=2.50467e+07 3.68107e+06 1.68634e+06 1.64604e+06 1.48702e+06 1.19432e+06 1.52249e+06 1.11396e+06 1.41635e+06 1.23032e+06 1.07193e+06 886889 859825 818935
threshold=-0.69446012377738942 0.56217131018638622 -0.95380857586860646 0.33213816583156591 0.082499999552965178 0.12003337591886522 0.71953120827674877 -18.100000381469723 0.53381189703941356 -0.50000001490116108 0.19986895471811297 80.258087158203139 75.297054290771499 0.66964086890220653
decision_type=2 2 2 2 2 2 2 2 2 2 2 2 2 2
left_child=1 2 -1 -3 5 -2 11 -5 -9 -10 -4 -7 -11 -14
right_child=4 3 10 7 -6 6 -8 8 9 12 -12 -13 13 -15
leaf_value=-0.067264603888157165 0.04880508335058905 -0.052605312122327511 0.13780549441902451 -0.045334988920568406 0.1655895676867303 -0.31150119729490922 0.021837992106507768 -0.11606869070474111 -0.097489474516894936 -0.15674344480579935 -0.0098787533657875171 -0.052719375897140992 -0.2693231544750545 -0.49590237929703179
leaf_weight=287230 1662251 193372 21139 64940 41983 10048 59890 318843 25461 18295 279013 11203 25087 8584
leaf_count=287230 1662251 193372 21139 64940 41983 10048 59890 318843 25461 18295 279013 11203 25087 8584
internal_value=4.81682e-07 -0.0689731 -0.0326239 -0.10159 0.0479808 0.0451477 -0.0297732 -0.122126 -0.134708 -0.211441 0.000526479 -0.175168 -0.267243 -0.327217
internal_weight=3.02734e+06 1.24196e+06 587382 654582 1.78538e+06 1.74339e+06 81141 461210 396270 77427 300152 21251 51966 33671
internal_count=3027339 1241964 587382 654582 1785375 1743392 81141 461210 396270 77427 300152 21251 51966 33671
is_linear=0
shrinkage=0.02


Tree=10
num_leaves=15
num_cat=0
split_feature=8 7 7 9 9 7 7 4 4 7 4 7 7 7
split_gain=2.40573e+07 4.88951e+06 5.23362e+06 5.28632e+06 3.18461e+06 4.44332e+06 4.31075e+06 3.21056e+06 3.07011e+06 3.02072e+06 1.04984e+07 2.99055e+06 4.3056e+06 6.65334e+06
threshold=-0.66993230581283558 10942.550292968752 10853.744628906252 -0.17292127013206479 0.55122801661491405 10765.747070312502 10699.223144531252 -83.704998016357408 39.375000000000007 12169.453125000002 -174.19499969482419 10880.121582031252 10953.176757812502 11006.505859375002
decision_type=2 2 2 2 2 2 2 2 2 2 2 2 2 2
left_child=4 2 -2 8 9 6 -6 -8 -4 11 -11 -1 -13 -14
right_child=1 -3 3 -5 5 -7 7 -9 -10 10 -12 12 13 -15
leaf_value=0.096037998276630121 0.064103234557056729 0.033153430849563612 0.05565144916867585 -0.14519024505848804 -0.22618199595531785 -0.10478876878578275 0.71165464618514218 0.14299875044203617 0.36250213840233281 0.85360175525634807 0.013709254803473726 -0.24860842607710537 0.9323101647642793 -0.056107530789406973
leaf_weight=46951 197084 1460768 16237 12107 7830 670447 6026 11631 66369 6264 116354 48874 2735 357662
leaf_count=46951 197084 1460768 16237 12107 7830 670447 6026 11631 66369 6264 116354 48874 2735 357662
internal_value=3.84852e-07 0.0480845 0.122827 0.245003 -0.0661057 -0.094935 0.164213 0.337364 0.302202 -0.0314434 0.0566818 -0.0551294 -0.0724731 -0.0485809
internal_weight=3.02734e+06 1.75256e+06 291797 94713 1.27477e+06 695934 25487 17657 82606 578840 122618 456222 409271 360397
internal_count=3027339 1752565 291797 94713 1274774 695934 25487 17657 82606 578840 122618 456222 409271 360397
is_linear=0
shrinkage=0.02


Tree=11
num_leaves=15
num_cat=0
split_feature=4 7 7 9 7 0 0 0 9 7 7 7 7 7
split_gain=2.13319e+07 4.90302e+06 5.28674e+06 5.21791e+06 3.25727e+06 3.33724e+06 2.9657e+06 2.44242e+06 2.3395e+06 4.74878e+06 2.43635e+06 4.28691e+06 2.76467e+06 2.77077e+06
threshold=3.9550000429153447 10942.550292968752 10853.744628906252 -0.17292127013206479 11452.539062500002 4637.5000000000009 3915.5000000000005 1838.5000000000002 0.15994049608707431 11470.466308593752 10992.782226562502 11185.928222656252 11240.761718750002 11368.623535156252
decision_type=2 2 2 2 2 2 2 2 2 2 2 2 2 2
left_child=4 2 6 7 5 -1 -2 -4 10 -10 -3 -12 -13 -14
right_child=1 8 3 -5 -6 -7 -8 -9 9 -11 11 12 13 -15
leaf_value=-0.066786088842460081 0.013876022913219417 -0.053588095607776109 0.14028015671819088 -0.15028665283622336 -0.017607256539195929 -0.18241880767415808 0.18785217731376666 0.37918520663259669 0.13251443488049597 -0.46437084246420646 0.13661012591371025 -0.042047569722818284 0.14380747421076248 0.031057489800443379
leaf_weight=753401 136378 112304 24767 11476 489739 115083 54990 55531 10330 11001 171281 182498 97826 800734
leaf_count=753401 136378 112304 24767 11476 489739 115083 54990 55531 10330 11001 171281 182498 97826 800734
internal_value=5.42258e-07 0.0478917 0.12373 0.248517 -0.0588527 -0.0821106 0.0638757 0.305525 0.0323979 -0.175389 0.0356472 0.0436498 0.0289201 0.043334
internal_weight=3.02734e+06 1.66912e+06 283142 91774 1.35822e+06 868484 191368 80298 1.38597e+06 21331 1.36464e+06 1.25234e+06 1.08106e+06 898560
internal_count=3027339 1669116 283142 91774 1358223 868484 191368 80298 1385974 21331 1364643 1252339 1081058 898560
is_linear=0
shrinkage=0.02


Tree=12
num_leaves=15
num_cat=0
split_feature=9 7 7 9 7 7 0 7 7 9 0 7 0 0
split_gain=1.88588e+07 5.14537e+06 7.6085e+06 4.87394e+06 4.22341e+06 5.00703e+06 3.92888e+06 3.19691e+06 7.54338e+06 6.26735e+06 4.23688e+06 2.91859e+06 2.86491e+06 2.81539e+06
threshold=-0.17292127013206479 10942.550292968752 10853.744628906252 0.55122801661491405 10974.288085937502 11130.324218750002 3280.5000000000005 12158.952636718752 12205.039550781252 0.15994049608707431 3345.5000000000005 11002.349121093752 3839.5000000000005 1661.5000000000002
decision_type=2 2 2 2 2 2 2 2 2 2 2 2 2 2
left_child=1 2 12 7 -5 6 -6 -2 9 -9 -11 -8 -1 -4
right_child=3 -3 13 4 5 -7 11 8 -10 10 -12 -13 -14 -15
leaf_value=0.012881441604946791 -0.034096230307749269 0.033657678172547084 0.11043116316926557 -0.0019394518498113222 -0.14648113792899944 -0.087429761313100998 -0.25426708895488787 0.15597225979803889 -0.021087761382838598 0.34387694862301965 1.1591559556717836 -0.63052032416962212 0.18108850252380129 0.36608760076340446
leaf_weight=139916 693955 1170230 24509 179520 53099 457387 18371 34985 115001 5582 4703 14989 56995 58097
leaf_count=139916 693955 1170230 24509 179520 53099 457387 18371 34985 115001 5582 4703 14989 56995 58097
internal_value=5.43469e-07 0.0520728 0.129166 -0.0478519 -0.086053 -0.113818 -0.25339 -0.0155022 0.0650046 0.283665 0.717444 -0.423461 0.061575 0.290258
internal_weight=3.02734e+06 1.44975e+06 279517 1.57759e+06 723366 543846 86459 854226 160271 45270 10285 33360 196911 82606
internal_count=3027339 1449747 279517 1577592 723366 543846 86459 854226 160271 45270 10285 33360 196911 82606
is_linear=0
shrinkage=0.02


Tree=13
num_leaves=15
num_cat=0
split_feature=8 7 7 8 8 7 7 4 4 7 4 7 7 7
split_gain=2.15966e+07 4.26814e+06 4.62336e+06 4.65594e+06 3.18713e+06 4.24342e+06 4.12631e+06 3.02143e+06 2.99583e+06 2.77946e+06 9.68105e+06 2.89686e+06 4.09383e+06 6.39852e+06
threshold=-0.69446012377738942 10942.550292968752 10853.744628906252 0.97920829057693493 -0.83435350656509388 10765.747070312502 10699.223144531252 -85.235000610351548 39.375000000000007 12169.453125000002 -174.19499969482419 10880.121582031252 10953.176757812502 11006.505859375002
decision_type=2 2 2 2 2 2 2 2 2 2 2 2 2 2
left_child=4 2 -2 8 9 6 -6 -8 -4 11 -11 -1 -13 -14
right_child=1 -3 3 -5 5 -7 7 -9 -10 10 -12 12 13 -15
leaf_value=0.096282060420550764 0.059169180689877018 0.030838864443828815 0.046996319442624952 -0.13177820849449989 -0.22029136918363879 -0.10384320291154414 0.70438440383966894 0.14533297597283404 0.34404197174171486 0.82015822804961713 0.013621721789464856 -0.24129417516297794 0.91574301433563232 -0.053593138896750714
leaf_weight=46951 198043 1491915 17114 12459 7830 640951 5805 11565 65844 6264 116354 48874 2735 354635
leaf_count=46951 198043 1491915 17114 12459 7830 640951 5805 11565 65844 6264 116354 48874 2735 354635
internal_value=6.11107e-07 0.044554 0.114277 0.228637 -0.0640466 -0.0938336 0.160696 0.332465 0.282776 -0.0295854 0.0548877 -0.0524414 -0.0696319 -0.0461492
internal_weight=3.02734e+06 1.78538e+06 293460 95417 1.24196e+06 666151 25200 17370 82958 575813 122618 453195 406244 357370
internal_count=3027339 1785375 293460 95417 1241964 666151 25200 17370 82958 575813 122618 453195 406244 357370
is_linear=0
shrinkage=0.02


Tree=14
num_leaves=15
num_cat=0
split_feature=9 9 9 17 5 17 5 13 6 17 5 9 9 17
split_gain=1.74272e+07 4.48969e+06 1.93415e+06 1.58091e+06 1.40709e+06 1.07836e+06 852201 1.04217e+06 735748 661504 659775 630542 898263 691128
threshold=-0.17292127013206479 0.55122801661491405 0.71458885073661815 0.33213816583156591 0.082499999552965178 0.20504906773567202 -1.0000000180025095e-35 -9.0999999046325666 102.35916137695314 0.20504906773567202 -0.027499999850988385 -0.45021446049213404 -0.62102523446083058 0.68667489290237438
decision_type=2 2 2 2 2 2 2 2 2 2 2 2 2 2
left_child=4 5 3 9 11 -2 7 -7 -6 -3 -5 12 13 -1
right_child=1 2 -4 10 8 6 -8 -9 -10 -11 -12 -13 -14 -15
leaf_value=0.048252750308372824 0.077974907037568569 0.043545964455072327 0.017438354686372975 -0.13325281334135719 0.11926804114572201 0.010549731399614107 0.0067480075152240495 -0.053432022969562273 0.3217401673806255 -0.060724329235810011 -0.084486887161954558 0.069548921406577216 0.010668648852400969 0.18593918419977304
leaf_weight=719137 47182 28556 69759 273850 29686 140108 294221 372715 9470 164471 186730 361610 314968 14876
leaf_count=719137 47182 28556 69759 273850 29686 140108 294221 372715 9470 164471 186730 361610 314968 14876
internal_value=7.59487e-07 -0.0459996 -0.0826639 -0.0933479 0.0500576 -0.0149513 -0.0203849 -0.0359517 0.168307 -0.0452972 -0.113484 0.046774 0.0389223 0.0510457
internal_weight=3.02734e+06 1.57759e+06 723366 653607 1.44975e+06 854226 807044 512823 39156 193027 460580 1.41059e+06 1.04898e+06 734013
internal_count=3027339 1577592 723366 653607 1449747 854226 807044 512823 39156 193027 460580 1410591 1048981 734013
is_linear=0
shrinkage=0.02


Tree=15
num_leaves=15
num_cat=0
split_feature=8 7 7 8 8 7 7 4 4 7 7 7 7 7
split_gain=1.99412e+07 4.07716e+06 4.43626e+06 4.44795e+06 2.9604e+06 4.84388e+06 5.06525e+06 3.122e+06 2.8827e+06 2.65487e+06 4.82925e+06 3.3945e+06 2.58595e+06 2.27893e+06
threshold=-0.69446012377738942 10942.550292968752 10853.744628906252 0.97920829057693493 -0.78840065002441395 10765.747070312502 10699.223144531252 -94.514999389648423 44.585000991821296 10974.288085937502 11149.020507812502 10869.183593750002 10686.048828125002 10997.610839843752
decision_type=2 2 2 2 2 2 2 2 2 2 2 2 2 2
left_child=4 2 12 8 -1 6 -6 9 -4 11 13 -7 -2 -11
right_child=1 -3 3 -5 5 7 -8 -9 -10 10 -12 -13 -14 -15
leaf_value=-0.03398086208527136 0.14693882926565394 0.029407872036458126 0.063459024989563753 -0.12929258041919531 -0.21783238700349691 -0.43793568213878414 0.44767871183160424 -0.070039488166967145 0.34132972431085684 -0.23261924070934259 -0.15014670386405538 0.012995051890687838 -0.0010779620679402056 -0.56075064938849939
leaf_weight=691245 77670 1491915 19540 12459 7108 7779 12800 331685 63418 14783 109896 46791 120373 19877
leaf_count=691245 77670 1491915 19540 12459 7108 7779 12800 331685 63418 14783 109896 46791 120373 19877
internal_value=7.83733e-07 0.0428127 0.110958 0.22298 -0.0615429 -0.0961367 0.210072 -0.107625 0.275896 -0.170224 -0.215091 -0.0513536 0.0569768 -0.420906
internal_weight=3.02734e+06 1.78538e+06 293460 95417 1.24196e+06 550719 19908 530811 82958 199126 144556 54570 198043 34660
internal_count=3027339 1785375 293460 95417 1241964 550719 19908 530811 82958 199126 144556 54570 198043 34660
is_linear=0
shrinkage=0.02


Tree=16
num_leaves=15
num_cat=0
split_feature=5 7 7 7 7 7 7 7 7 7 7 7 7 7
split_gain=1.59618e+07 4.03073e+06 3.95929e+06 2.84885e+06 3.05841e+06 2.25009e+06 2.17745e+06 2.12882e+06 1.70545e+06 4.42565e+06 2.53634e+06 2.28783e+06 2.46524e+06 1.99281e+06
threshold=-0.0074999998323619357 10942.550292968752 10853.744628906252 11456.161132812502 10974.288085937502 11754.592285156252 10939.776855468752 10686.048828125002 10997.610839843752 11185.928222656252 11252.907714843752 11368.623535156252 11326.573730468752 11057.007324218752
decision_type=2 2 2 2 2 2 2 2 2 2 2 2 2 2
left_child=3 2 7 4 -1 -5 -4 -2 -3 13 -11 12 -12 -10
right_child=1 8 6 5 -6 -7 -8 -9 9 10 11 -13 -14 -15
leaf_value=-0.023894294080393463 0.13598729211892815 -0.043750394006745248 0.17591177316531564 0.15383796502278935 -0.10859703716941271 -0.028046529903830872 0.48934101468150404 0.0017776798533127986 0.046779259224676899 -0.046412240230210407 0.0053435656340468495 0.019447300350842665 0.20107894260214693 0.17947548230244068
leaf_weight=256307 76143 136510 89768 29247 509449 388147 9833 124669 80203 211768 44750 906015 60576 103954
leaf_count=256307 76143 136510 89768 29247 509449 388147 9833 124669 80203 211768 44750 906015 60576 103954
internal_value=7.15067e-07 0.0367846 0.103811 -0.0573345 -0.0802468 -0.0152984 0.206901 0.052671 0.0237409 0.0302881 0.0165253 0.0297044 0.117925 0.12169
internal_weight=3.02734e+06 1.84419e+06 300413 1.18315e+06 765756 417394 99601 200812 1.54378e+06 1.40727e+06 1.22311e+06 1.01134e+06 105326 184157
internal_count=3027339 1844189 300413 1183150 765756 417394 99601 200812 1543776 1407266 1223109 1011341 105326 184157
is_linear=0
shrinkage=0.02


Tree=17
num_leaves=15
num_cat=0
split_feature=9 9 0 0 9 0 9 6 6 13 9 9 14 3
split_gain=1.56643e+07 4.07086e+06 2.40457e+06 2.14345e+06 1.48708e+06 1.72702e+06 1.20883e+06 1.01134e+06 1.00095e+06 716574 690949 711813 1.20126e+06 852845
threshold=-0.17292127013206479 0.55122801661491405 4668.5000000000009 1150.5000000000002 0.70835387706756603 1993.5000000000002 -0.72804987430572499 102.69880676269533 114.09402465820314 -5.9000000953674308 -0.45021446049213404 -0.62102523446083058 0.72887307405471813 4.7254962921142587
decision_type=2 2 2 2 2 2 2 2 2 2 2 2 2 2
left_child=3 9 4 -1 5 -3 7 -5 -7 -2 11 12 13 -8
right_child=1 2 -4 6 -6 8 10 -9 -10 -11 -12 -13 -14 -15
leaf_value=0.0037966382102162652 0.010971690643828792 -0.039005604384965024 -0.17553412921963049 0.0971747532537445 0.01358338240943421 -0.096679445804662353 0.077273407578890216 0.2785070780760403 -0.21256025760487032 -0.027458027014191592 0.082889412617451086 0.019016201206496428 0.19499128231231935 0.02396392669264133
leaf_weight=343264 298121 257430 89543 44877 83955 258737 261845 16951 33701 556105 278588 257553 24999 221670
leaf_count=343264 298121 257430 89543 44877 83955 258737 261845 16951 33701 556105 278588 257553 24999 221670
internal_value=7.77817e-07 -0.0436109 -0.0785233 0.0474583 -0.0648155 -0.0767857 0.0610033 0.146927 -0.110041 -0.0140462 0.0559166 0.0461066 0.0598267 0.0528344
internal_weight=3.02734e+06 1.57759e+06 723366 1.44975e+06 633823 549868 1.10648e+06 61828 292438 854226 1.04466e+06 766067 508514 483515
internal_count=3027339 1577592 723366 1449747 633823 549868 1106483 61828 292438 854226 1044655 766067 508514 483515
is_linear=0
shrinkage=0.02


Tree=18
num_leaves=15
num_cat=0
split_feature=8 0 17 8 0 5 13 17 0 5 8 8 5 0
split_gain=1.79019e+07 3.15235e+06 2.97016e+06 2.68079e+06 2.40276e+06 1.55996e+06 1.22836e+06 1.17797e+06 905200 1.19194e+06 724491 962084 704662 595546
threshold=-0.69446012377738942 2353.5000000000005 0.20985870063304904 -0.77128207683563221 2052.5000000000005 0.082499999552965178 -10.499999999999998 0.44497837126255041 6238.5000000000009 -0.052500000223517411 0.68809700012207042 0.42604035139083868 -0.027499999850988385 777.50000000000011
decision_type=2 2 2 2 2 2 2 2 2 2 2 2 2 2
left_child=1 -1 -3 6 13 10 -4 -8 12 -10 11 -6 -5 -2
right_child=4 2 3 8 5 -7 7 -9 9 -11 -12 -13 -14 -15
leaf_value=-0.024978590875797794 -0.009598677338966289 0.090318478200469843 -0.0040886695565226748 -0.17477961098378358 0.031423264662040838 0.20565879169464818 -0.056305963035525187 -0.13873821219157123 -0.83783194765668778 -0.24328187489933537 0.051321362937233807 0.17677666567934197 -0.10066132977735824 0.027187629895565665
leaf_weight=593022 283724 35035 93557 129927 31317 28689 184876 110978 1614 8067 934328 43545 84888 463772
leaf_count=593022 283724 35035 93557 129927 31317 28689 184876 110978 1614 8067 934328 43545 84888 463772
internal_value=7.79221e-07 -0.0583112 -0.0887705 -0.0989923 0.0405645 0.0602547 -0.0672564 -0.0872309 -0.154036 -0.343169 0.0561191 0.115984 -0.145497 0.0132248
internal_weight=3.02734e+06 1.24196e+06 648942 613907 1.78538e+06 1.03788e+06 389411 295854 224496 9681 1.00919e+06 74862 214815 747496
internal_count=3027339 1241964 648942 613907 1785375 1037879 389411 295854 224496 9681 1009190 74862 214815 747496
is_linear=0
shrinkage=0.02


Tree=19
num_leaves=15
num_cat=0
split_feature=4 7 7 7 0 0 0 7 7 7 7 7 7 7
split_gain=1.5735e+07 3.93625e+06 4.31181e+06 2.76423e+06 2.92611e+06 2.64831e+06 2.31936e+06 2.30478e+06 2.1411e+06 4.48557e+06 2.31559e+06 2.76299e+06 2.11451e+06 2.69735e+06
threshold=3.9550000429153447 10942.550292968752 10853.744628906252 11452.539062500002 4637.5000000000009 3940.5000000000005 2151.5000000000005 11754.592285156252 10997.610839843752 11185.928222656252 11240.761718750002 11368.623535156252 11200.173339843752 11282.365722656252
decision_type=2 2 2 2 2 2 2 2 2 2 2 2 2 2
left_child=3 2 5 4 12 -2 -4 -5 -3 -10 -11 -12 -1 -14
right_child=1 8 6 7 -6 -7 -8 -9 9 10 11 -13 13 -15
leaf_value=-0.029325715717993063 0.0081576437967814126 -0.054020630621404699 0.096100173255604757 0.13753787240475024 -0.16589725394794905 0.17312502834614787 0.30223097597521836 -0.02509151705452474 0.13202435661964088 -0.044717517320340294 0.13264786212972463 0.021122050549691407 -0.18214439401382579 -0.056747987403939597
leaf_weight=439781 137003 118566 35828 37760 115083 54365 55946 451979 165236 182841 99651 819680 101405 212215
leaf_count=439781 137003 118566 35828 37760 115083 54365 55946 451979 165236 182841 99651 819680 101405 212215
internal_value=6.96666e-07 0.0411322 0.109083 -0.0505456 -0.071971 0.0550293 0.221778 -0.0125498 0.0272497 0.0348529 0.020284 0.0332122 -0.0576216 -0.0972979
internal_weight=3.02734e+06 1.66912e+06 283142 1.35822e+06 868484 191368 91774 489739 1.38597e+06 1.26741e+06 1.10217e+06 919331 753401 313620
internal_count=3027339 1669116 283142 1358223 868484 191368 91774 489739 1385974 1267408 1102172 919331 753401 313620
is_linear=0
shrinkage=0.02


Tree=20
num_leaves=15
num_cat=0
split_feature=8 0 9 0 4 8 4 9 9 4 10 4 4 0
split_gain=1.65757e+07 2.9882e+06 2.82411e+06 2.25814e+06 2.23581e+06 1.48493e+06 1.46209e+06 1.13779e+06 1.1354e+06 1.09511e+06 1.0427e+06 974138 963795 938915
threshold=-0.69446012377738942 2333.5000000000005 0.63649341464042675 1346.5000000000002 -38.67499923706054 -0.95380857586860646 284.38999938964849 -0.72804987430572499 0.55122801661491405 -271.19000244140619 -14.499999999999998 -146.71500396728513 -132.33499908447263 7400.5000000000009
decision_type=2 2 2 2 2 2 2 2 2 2 2 2 2 2
left_child=1 12 4 -2 5 -3 7 -5 10 13 11 -7 -1 -4
right_child=3 2 9 6 -6 8 -8 -9 -10 -11 -12 -13 -14 -15
leaf_value=0.61211947388813859 0.002477785331313832 -0.10193178776960414 -0.071911784392942962 0.13996633169005462 -0.5008879794317127 0.2810296279726377 0.28053262991622413 0.046908688252690595 -0.071133424229761016 -0.13662913929011841 -0.0092928612221827491 0.022066559539521639 -0.024427855106896532 -0.89266831627561327
leaf_weight=943 490314 142252 919 54897 4428 10262 11177 1228987 111673 232980 136574 13382 587136 1415
leaf_count=943 490314 142252 919 54897 4428 10262 11177 1228987 111673 232980 136574 13382 587136 1415
internal_value=7.12182e-07 -0.0561098 -0.0855298 0.0390331 -0.0543631 -0.0495769 0.0528729 0.0508888 -0.0221823 -0.140964 0.0119392 0.134534 -0.0233967 -0.571194
internal_weight=3.02734e+06 1.24196e+06 653885 1.78538e+06 418571 414143 1.29506e+06 1.28388e+06 271891 235314 160218 23644 588079 2334
internal_count=3027339 1241964 653885 1785375 418571 414143 1295061 1283884 271891 235314 160218 23644 588079 2334
is_linear=0
shrinkage=0.02


Tree=21
num_leaves=15
num_cat=0
split_feature=8 0 8 0 4 8 4 4 14 4 13 0 8 4
split_gain=1.59194e+07 2.87231e+06 2.58085e+06 2.18895e+06 2.17886e+06 1.43151e+06 1.34206e+06 1.22519e+06 1.10635e+06 1.04884e+06 969522 901979 877792 877001
threshold=-0.69446012377738942 2434.5000000000005 -0.77128207683563221 2052.5000000000005 -41.434999465942376 -0.95380857586860646 284.38999938964849 118.33499908447267 0.35856397449970251 -271.19000244140619 -12.099999904632567 7400.5000000000009 -0.844174563884735 -164.48500061035153
decision_type=2 2 2 2 2 2 2 2 2 2 2 2 2 2
left_child=1 -1 4 -2 5 -3 7 -5 13 11 -10 -4 -6 -7
right_child=3 2 9 6 12 8 -8 -9 10 -11 -12 -13 -14 -15
leaf_value=-0.024175222736082209 0.012157511282278747 -0.10215722691347633 -0.070489029987736235 0.075712504148986101 -0.26345494075798248 0.42539999316776039 0.27492699114560998 0.031984815594692538 0.045416702086180774 -0.13448927672223784 -0.050632232494132137 -0.87494023373252461 -0.83683520379942822 0.035042317006316596
leaf_weight=612937 747496 136225 919 532659 2684 3772 11177 494043 53350 224881 198112 1415 1780 5889
leaf_count=612937 747496 136225 919 532659 2684 3772 11177 494043 53350 224881 198112 1415 1780 5889
internal_value=6.69745e-07 -0.0549877 -0.0850112 0.0382525 -0.0545451 -0.0496019 0.0570461 0.0546715 -0.0221814 -0.138883 -0.0302535 -0.559852 -0.493452 0.187736
internal_weight=3.02734e+06 1.24196e+06 629027 1.78538e+06 401812 397348 1.03788e+06 1.0267e+06 261123 227215 251462 2334 4464 9661
internal_count=3027339 1241964 629027 1785375 401812 397348 1037879 1026702 261123 227215 251462 2334 4464 9661
is_linear=0
shrinkage=0.02


Tree=22
num_leaves=15
num_cat=0
split_feature=4 7 7 7 7 4 7 7 7 7 7 7 7 7
split_gain=1.39607e+07 3.81535e+06 4.14472e+06 2.62217e+06 2.74612e+06 3.03142e+06 2.60819e+06 2.52722e+06 6.8594e+06 2.38569e+06 2.0806e+06 4.27101e+06 2.22149e+06 2.6721e+06
threshold=4.9049999713897714 10942.550292968752 10853.744628906252 11456.161132812502 10974.288085937502 -115.9449996948242 11754.592285156252 11310.526855468752 11240.761718750002 10686.048828125002 10997.610839843752 11185.928222656252 11240.761718750002 11368.623535156252
decision_type=2 2 2 2 2 2 2 2 2 2 2 2 2 2
left_child=3 2 9 4 -1 7 -5 8 -6 -2 -3 -12 -13 -14
right_child=1 10 -4 6 5 -7 -8 -9 -10 -11 11 12 13 -15
leaf_value=-0.017681816187739244 0.14024158337002918 -0.055060911471521867 0.21692760167445768 0.16055261537304027 -0.19336375153072907 -0.0640228305861959 -0.022656479967985772 -0.08916106793389568 -0.90430000158243407 -0.0045366155538675472 0.12790624593283173 -0.045339176070144982 0.12927489858436647 0.019322758027301698
leaf_weight=291151 75514 117745 91274 33335 75912 419540 457932 86551 5838 114621 164373 181466 99191 812896
leaf_count=291151 75514 117745 91274 33335 75912 419540 457932 86551 5838 114621 164373 181466 99191 812896
internal_value=5.59693e-07 0.039056 0.106153 -0.0472299 -0.0679133 -0.0927916 -0.0102217 -0.164498 -0.244238 0.0529677 0.0253298 0.032855 0.0185667 0.0312815
internal_weight=3.02734e+06 1.65708e+06 281409 1.37026e+06 878992 587841 491267 168301 81750 190135 1.37567e+06 1.25793e+06 1.09355e+06 912087
internal_count=3027339 1657080 281409 1370259 878992 587841 491267 168301 81750 190135 1375671 1257926 1093553 912087
is_linear=0
shrinkage=0.02


Tree=23
num_leaves=15
num_cat=0
split_feature=9 9 17 5 9 17 16 17 16 17 13 5 17 1
split_gain=1.27533e+07 3.35463e+06 1.67454e+06 1.24178e+06 1.22157e+06 1.00639e+06 787637 1.68269e+06 882488 930728 723940 651633 646342 614588
threshold=-0.17292127013206479 0.55122801661491405 0.26605693995952612 0.082499999552965178 0.70960983633995067 0.19986895471811297 -18.499999999999996 0.50179636478424083 -0.90000000596046437 0.66964086890220653 -3.1000000238418575 -0.022499999962747094 0.57800757884979259 72.88214492797853
decision_type=2 2 2 2 2 2 2 2 2 2 2 2 2 2
left_child=3 5 -3 -1 6 -2 -4 -8 -9 -10 12 -12 -7 -11
right_child=1 2 4 -5 -6 10 7 8 9 13 11 -13 -14 -15
leaf_value=0.039737242434778566 0.081063230507580353 0.011098269142225845 -0.031504277600639202 0.1539076704126065 -0.0031060833798113347 -0.0055862673334629818 -0.082038545649917596 -0.090964123653251933 -0.1794419238435464 -0.15388466629960326 -0.058376309569969344 -0.011642594818501247 0.077530941664779238 -0.46072655493925302
leaf_weight=1410591 43615 87290 74716 39156 69385 287419 387890 35122 56407 3725 221767 258410 43015 8831
leaf_count=1410591 43615 87290 74716 39156 69385 287419 387890 35122 56407 3725 221767 258410 43015 8831
internal_value=5.08353e-07 -0.0393507 -0.0710434 0.0428219 -0.0823159 -0.0125126 -0.092014 -0.101203 -0.172606 -0.214166 -0.0175484 -0.0332271 0.00523566 -0.369892
internal_weight=3.02734e+06 1.57759e+06 723366 1.44975e+06 636076 854226 566691 491975 104085 68963 810611 480177 330434 12556
internal_count=3027339 1577592 723366 1449747 636076 854226 566691 491975 104085 68963 810611 480177 330434 12556
is_linear=0
shrinkage=0.02


Tree=24
num_leaves=15
num_cat=0
split_feature=8 7 0 7 0 17 8 7 7 7 7 7 7 7
split_gain=1.41926e+07 3.39337e+06 3.89996e+06 2.80444e+06 2.71218e+06 2.76027e+06 2.22238e+06 4.56821e+06 2.84499e+06 4.15855e+06 3.50021e+06 5.41205e+06 2.09709e+06 3.45381e+06
threshold=-0.69446012377738942 10942.550292968752 3679.5000000000005 10939.776855468752 2273.5000000000005 0.24476148933172229 -0.77128207683563221 10974.288085937502 11130.324218750002 11208.547363281252 11282.365722656252 11240.761718750002 10775.280273437502 10869.183593750002
decision_type=2 2 2 2 2 2 2 2 2 2 2 2 2 2
left_child=4 2 3 -2 -1 -6 -7 12 -9 -10 11 -11 -8 -14
right_child=1 -3 -4 -5 5 6 7 8 9 10 -12 -13 13 -15
leaf_value=-0.020000088432137502 0.037359559814888331 0.023888902057410163 0.20985262409892472 0.46151191389317625 0.050110981375715395 -0.062929929691855874 0.29258591842511655 -0.35318283340646295 -0.019986702192706984 -0.24043365219279925 -0.12498942273854152 -0.80416132058184175 -0.45793692449601098 0.024952881851345095
leaf_weight=573292 199218 1491915 87815 6427 60017 385144 8848 36094 54671 23839 40461 9536 6856 43206
leaf_count=573292 199218 1491915 87815 6427 60017 385144 8848 36094 54671 23839 40461 9536 6856 43206
internal_value=4.50052e-07 0.0361181 0.0982866 0.0506374 -0.05192 -0.079286 -0.092046 -0.142212 -0.196301 -0.152214 -0.250103 -0.401697 0.00892558 -0.0412568
internal_weight=3.02734e+06 1.78538e+06 293460 205645 1.24196e+06 668672 608655 223511 164601 128507 73836 33375 58910 50062
internal_count=3027339 1785375 293460 205645 1241964 668672 608655 223511 164601 128507 73836 33375 58910 50062
is_linear=0
shrinkage=0.02


Tree=25
num_leaves=15
num_cat=0
split_feature=8 7 7 8 0 17 4 0 8 7 7 7 7 7
split_gain=1.36307e+07 3.25903e+06 3.75172e+06 4.1403e+06 2.60566e+06 2.66786e+06 2.55785e+06 2.44165e+06 2.18935e+06 4.37337e+06 2.7391e+06 4.01458e+06 3.44238e+06 5.1914e+06
threshold=-0.69446012377738942 10942.550292968752 10853.744628906252 0.97920829057693493 2232.5000000000005 0.23908232897520068 39.375000000000007 3940.5000000000005 -0.77128207683563221 10974.288085937502 11130.324218750002 11208.547363281252 11282.365722656252 11240.761718750002
decision_type=2 2 2 2 2 2 2 2 2 2 2 2 2 2
left_child=4 2 7 6 -1 -6 -4 -2 -7 -10 -11 -12 13 -13
right_child=1 -3 3 -5 5 8 -8 -9 9 10 11 12 -14 -15
leaf_value=-0.019077038203038788 0.0034788642789252396 0.023411127144164153 0.032535639460011298 -0.14052472265263738 0.054616289992509282 -0.060627280313367317 0.30700284090937541 0.16082864231528876 0.0076843050941157488 -0.34337363695201972 -0.019780352831511784 -0.23681473789406238 -0.12131245116657909 -0.78588026010115042
leaf_weight=563167 143677 1491915 17114 12459 56261 394072 65844 54366 60299 36786 55973 24239 41546 9621
leaf_count=563167 143677 1491915 17114 12459 56261 394072 65844 54366 60299 36786 55973 24239 41546 9621
internal_value=3.75861e-07 0.0353958 0.0963214 0.199339 -0.0508819 -0.0772682 0.250392 0.04668 -0.0891878 -0.138446 -0.190842 -0.14811 -0.243352 -0.393013
internal_weight=3.02734e+06 1.78538e+06 293460 95417 1.24196e+06 678797 82958 198043 622536 228464 168165 131379 75406 33860
internal_count=3027339 1785375 293460 95417 1241964 678797 82958 198043 622536 228464 168165 131379 75406 33860
is_linear=0
shrinkage=0.02


Tree=26
num_leaves=15
num_cat=0
split_feature=8 17 9 13 17 16 9 9 6 17 6 17 8 9
split_gain=1.30984e+07 2.24798e+06 1.91242e+06 950793 787875 2.19073e+06 767468 1.54348e+06 829996 708653 653026 631508 619493 618589
threshold=-0.66993230581283558 0.25502470135688787 0.56217131018638622 -9.0999999046325666 0.49147778749465948 -5.0999999046325675 0.12003337591886522 0.71953120827674877 80.258087158203139 0.62830656766891491 79.319911956787124 0.12508517503738406 -0.94326764345169056 -0.72323438525199879
decision_type=2 2 2 2 2 2 2 2 2 2 2 2 2 2
left_child=1 -1 3 -3 -4 -6 11 8 -8 -7 -11 -2 -5 -13
right_child=6 2 4 12 5 9 7 -9 -10 10 -12 13 -14 -15
leaf_value=0.028409616908877437 0.14157053693868299 0.014901625974438178 -0.068883569446197584 -0.067351872165922033 -0.026949145421617086 -0.1495483064521923 -0.30137099542586548 0.05680342387746553 -0.052329325141894922 -0.14980420633982491 -0.36177565455470823 0.084561589976815871 -0.015399594014688387 0.033244423411545251
leaf_weight=134941 23097 140144 469922 223952 59315 66722 10103 27432 11384 9793 14379 99893 155606 1580656
leaf_count=134941 23097 140144 469922 223952 59315 66722 10103 27432 11384 9793 14379 99893 155606 1580656
internal_value=2.92932e-07 -0.048778 -0.0579162 -0.0296167 -0.0816318 -0.121507 0.0354806 -0.042617 -0.169513 -0.183202 -0.275996 0.0377233 -0.0460542 0.0362952
internal_weight=3.02734e+06 1.27477e+06 1.13983e+06 519702 620131 150209 1.75256e+06 48919 21487 90894 24172 1.70365e+06 379558 1.68055e+06
internal_count=3027339 1274774 1139833 519702 620131 150209 1752565 48919 21487 90894 24172 1703646 379558 1680549
is_linear=0
shrinkage=0.02


Tree=27
num_leaves=15
num_cat=0
split_feature=4 9 0 0 9 9 4 4 3 9 4 9 10 9
split_gain=1.15412e+07 2.45736e+06 2.41479e+06 1.55966e+06 1.48798e+06 1.86059e+06 1.45127e+06 1.36589e+06 1.30915e+06 1.12397e+06 3.06137e+06 980750 1.04493e+06 900043
threshold=10.015000343322756 0.20284801721572879 2611.5000000000005 2212.5000000000005 0.74242034554481517 0.63649341464042675 87.844997406005874 284.38999938964849 4.7254962921142587 0.30041404068470007 -44.215000152587884 0.55122801661491405 -14.90000009536743 0.68684327602386486
decision_type=2 2 2 2 2 2 2 2 2 2 2 2 2 2
left_child=2 3 -1 -2 5 9 -5 -8 -3 -4 11 12 -11 -7
right_child=1 8 4 6 -6 13 7 -9 -10 10 -12 -13 -14 -15
leaf_value=-0.01874783231896919 0.01561998592990781 -0.39213911983446781 -0.095853113380097901 0.10412685576424238 0.14704967050178233 -0.14791717702027712 0.039767678192289185 0.26246188519136848 -0.043532564645756 0.14786380776475802 -0.86816452202206307 -0.065651137228598055 -0.0059285241541096939 -0.061688904516394846
leaf_weight=817286 644137 7774 130295 198063 12231 155468 725995 11177 9659 20613 1693 99114 123482 70352
leaf_count=817286 644137 7774 130295 198063 12231 155468 725995 11177 9659 20613 1693 99114 123482 70352
internal_value=2.31384e-07 0.0369615 -0.041257 0.0395687 -0.0712545 -0.0756995 0.0560628 0.0431477 -0.199126 -0.0483973 -0.0231464 -0.0172286 0.0160803 -0.121058
internal_weight=3.02734e+06 1.5968e+06 1.43053e+06 1.57937e+06 613248 601017 935235 737172 17433 375197 244902 243209 144095 225820
internal_count=3027339 1596805 1430534 1579372 613248 601017 935235 737172 17433 375197 244902 243209 144095 225820
is_linear=0
shrinkage=0.02


Tree=28
num_leaves=15
num_cat=0
split_feature=4 7 7 7 4 7 7 7 7 7 7 7 7 7
split_gain=1.10842e+07 3.50019e+06 3.85225e+06 2.38373e+06 2.49777e+06 2.43646e+06 2.397e+06 5.19637e+06 8.74286e+06 2.23233e+06 2.10992e+06 4.06276e+06 2.22191e+06 2.728e+06
threshold=10.015000343322756 10942.550292968752 10853.744628906252 11456.161132812502 -249.45500183105466 11754.592285156252 11203.090820312502 11282.365722656252 11240.761718750002 10686.048828125002 10997.610839843752 11185.928222656252 11240.761718750002 11368.623535156252
decision_type=2 2 2 2 2 2 2 2 2 2 2 2 2 2
left_child=3 2 9 4 -1 -5 -6 8 -8 -2 -3 -12 -13 -14
right_child=1 10 -4 5 6 -7 7 -9 -10 -11 11 12 13 -15
leaf_value=-0.29966802523378622 0.13424973665028367 -0.059725341144430941 0.20961788299920783 0.15565540027503791 -0.029223229479420888 -0.01792340687810403 -0.14533520972643912 -0.047241255876350988 -0.6986031824539779 -0.0076099548901888605 0.12428441752776059 -0.048814359533145661 0.13034890609283609 0.016862811852685417
leaf_weight=17062 74093 113400 88781 34630 543495 488514 86850 246836 13147 110586 160257 175291 95052 779345
leaf_count=17062 74093 113400 88781 34630 543495 488514 86850 246836 13147 110586 160257 175291 95052 779345
internal_value=1.61416e-07 0.0362223 0.10136 -0.040432 -0.0600349 -0.0064304 -0.0554393 -0.0965183 -0.218138 0.0493081 0.0227614 0.0304927 0.0161724 0.0292008
internal_weight=3.02734e+06 1.5968e+06 273460 1.43053e+06 907390 523144 890328 346833 99997 184679 1.32334e+06 1.20994e+06 1.04969e+06 874397
internal_count=3027339 1596805 273460 1430534 907390 523144 890328 346833 99997 184679 1323345 1209945 1049688 874397
is_linear=0
shrinkage=0.02


Tree=29
num_leaves=15
num_cat=0
split_feature=8 0 17 9 0 4 5 13 17 9 4 4 4 0
split_gain=1.17029e+07 2.38437e+06 2.49016e+06 2.0775e+06 1.93777e+06 1.8008e+06 1.26043e+06 1.13997e+06 1.07774e+06 1.04076e+06 978408 930675 834806 822125
threshold=-0.69446012377738942 2212.5000000000005 0.20504906773567202 0.63474419713020336 1246.5000000000002 -37.545000076293938 0.082499999552965178 -10.299999713897703 0.45255975425243383 -0.72804987430572499 -129.87499999999997 -271.19000244140619 -132.33499908447263 7400.5000000000009
decision_type=2 2 2 2 2 2 2 2 2 2 2 2 2 2
left_child=1 12 10 5 -2 7 9 -4 -9 -6 -3 13 -1 -5
right_child=4 2 3 11 6 -7 -8 8 -10 -11 -12 -13 -14 -15
leaf_value=0.70656700904840042 -0.0028846776981808577 0.21268793765834962 0.010731806370124148 -0.04152631595788521 0.12604557896015961 -0.46000594598325611 0.16535414573037741 -0.040181594994891622 -0.11922548339183464 0.038008448185285294 -0.0013943620429745635 -0.12322987673922711 -0.017305384033554149 -0.82564523738626872
leaf_weight=628 453986 15270 97360 861 56135 4296 33891 196521 106337 1241363 19356 242306 557622 1407
leaf_count=628 453986 15270 97360 861 56135 4296 33891 196521 106337 1241363 19356 242306 557622 1407
internal_value=1.19171e-07 -0.0471469 -0.0721869 -0.0810029 0.0327972 -0.0531787 0.0449641 -0.0488003 -0.0679379 0.0418182 0.0930491 -0.127019 -0.0164784 -0.529468
internal_weight=3.02734e+06 1.24196e+06 683714 649088 1.78538e+06 404514 1.33139e+06 400218 302858 1.2975e+06 34626 244574 558250 2268
internal_count=3027339 1241964 683714 649088 1785375 404514 1331389 400218 302858 1297498 34626 244574 558250 2268
is_linear=0
shrinkage=0.02


Tree=30
num_leaves=15
num_cat=0
split_feature=4 7 7 9 7 4 7 7 7 7 0 9 7 7
split_gain=1.02245e+07 3.35222e+06 3.69583e+06 4.22522e+06 2.26106e+06 2.37878e+06 2.34892e+06 2.30343e+06 4.83543e+06 8.36558e+06 2.15925e+06 2.09741e+06 5.41925e+06 2.18069e+06
threshold=10.015000343322756 10942.550292968752 10853.744628906252 -0.17292127013206479 11456.161132812502 -271.19000244140619 11749.025390625002 11203.090820312502 11282.365722656252 11240.761718750002 3940.5000000000005 0.20284801721572879 11470.466308593752 10997.610839843752
decision_type=2 2 2 2 2 2 2 2 2 2 2 2 2 2
left_child=4 2 10 -4 5 -1 -6 -7 9 -9 -2 13 -13 -3
right_child=1 11 3 -5 6 7 -8 8 -10 -11 -12 12 -14 -15
leaf_value=-0.38926900905005563 0.0033767433031240404 -0.059280468027408918 0.25525212368613898 -0.17091334990761323 0.18650821700248721 -0.029033333275398157 -0.015060159619460809 -0.14110117281657103 -0.048004858340047696 -0.68229938626280306 0.15341723552963368 0.17603401608495109 -0.52991784679157938 0.032495594829214908
leaf_weight=8575 130314 113400 78226 10555 24239 546208 498905 86850 252610 13147 54365 8242 9191 1192512
leaf_count=8575 130314 113400 78226 10555 24239 546208 498905 86850 252610 13147 54365 8242 9191 1192512
internal_value=9.15862e-08 0.0347892 0.098535 0.204572 -0.0388325 -0.0579243 -0.0057174 -0.0547589 -0.0946071 -0.212316 0.047551 0.0216159 -0.196246 0.0245257
internal_weight=3.02734e+06 1.5968e+06 273460 88781 1.43053e+06 907390 523144 898815 352607 99997 184679 1.32334e+06 17433 1.30591e+06
internal_count=3027339 1596805 273460 88781 1430534 907390 523144 898815 352607 99997 184679 1323345 17433 1305912
is_linear=0
shrinkage=0.02


Tree=31
num_leaves=15
num_cat=0
split_feature=8 7 7 7 0 8 0 7 7 9 7 7 7 7
split_gain=1.085e+07 2.93937e+06 3.07951e+06 2.98673e+06 3.54746e+06 2.41795e+06 2.26644e+06 2.57959e+06 5.04537e+06 3.32165e+06 3.58924e+06 2.49072e+06 3.94312e+06 3.87908e+06
threshold=-0.69446012377738942 11185.928222656252 11057.007324218752 10947.744140625002 3521.5000000000005 0.69195944070816051 2273.5000000000005 10775.280273437502 10699.223144531252 0.61516112089157116 10853.744628906252 10974.288085937502 10869.183593750002 11130.324218750002
decision_type=2 2 2 2 2 2 2 2 2 2 2 2 2 2
left_child=6 2 3 4 -2 -5 -1 8 -8 10 -9 12 -11 -13
right_child=1 -3 -4 5 -6 -7 7 9 -10 11 -12 13 -14 -15
leaf_value=-0.016217328291442085 0.039438708062915703 0.013139268035252668 0.17014440873344641 0.11846413889029696 0.18373481397876476 -0.049599231783424562 -0.2392284178947213 0.39387371719886993 0.43435256700977315 -0.42761524620934249 -0.046536645767230808 -0.3304512170119458 0.031945554107564805 -0.11914238285024448
leaf_weight=573292 209330 1177429 97717 43862 101044 155993 7448 7547 11015 8505 360944 43763 60738 168712
leaf_count=573292 209330 1177429 97717 43862 101044 155993 7448 7547 11015 8505 360944 43763 60738 168712
internal_value=6.11118e-09 0.0315794 0.0672921 0.0475912 0.0864196 -0.0127103 -0.0453965 -0.0704129 0.162646 -0.0770331 -0.0375062 -0.128732 -0.0245548 -0.162679
internal_weight=3.02734e+06 1.78538e+06 607946 510229 310374 199855 1.24196e+06 668672 18463 650209 368491 281718 69243 212475
internal_count=3027339 1785375 607946 510229 310374 199855 1241964 668672 18463 650209 368491 281718 69243 212475
is_linear=0
shrinkage=0.02


Tree=32
num_leaves=15
num_cat=0
split_feature=8 7 7 7 7 8 4 8 7 7 7 8 7 7
split_gain=1.04208e+07 2.82837e+06 2.97766e+06 2.85801e+06 2.71633e+06 3.26279e+06 2.63007e+06 2.27182e+06 2.10191e+06 2.09553e+06 2.44032e+06 2.07106e+06 3.57908e+06 3.70855e+06
threshold=-0.69954469799995411 11185.928222656252 11057.007324218752 10947.744140625002 10853.744628906252 0.98865905404090892 44.585000991821296 0.69195944070816051 11240.761718750002 10679.781738281252 10619.391601562502 -0.83435350656509388 10765.747070312502 10699.223144531252
decision_type=2 2 2 2 2 2 2 2 2 2 2 2 2 2
left_child=11 2 3 4 9 6 -6 -5 -3 10 -2 -1 13 -13
right_child=1 8 -4 7 5 -7 -8 -9 -10 -11 -12 12 -14 -15
leaf_value=-0.017111964512450221 0.026232192482113104 -0.046936750810352999 0.16654454370556676 0.11193371850884312 0.030624683035386818 -0.15735291107743279 0.26024395684509694 -0.048607310866439948 0.024608081915072359 -0.0059191948069585677 0.2728517176421893 -0.19614707068049381 -0.078408632978644602 0.32822560335767109
leaf_weight=575813 37311 197030 98245 45544 27275 11453 74350 155993 987171 132828 28157 7828 631033 17308
leaf_count=575813 37311 197030 98245 45544 27275 11453 74350 155993 987171 132828 28157 7828 631033 17308
internal_value=1.6246e-08 0.030738 0.0656806 0.0463578 0.0843388 0.16256 0.198626 -0.0123239 0.012704 0.0397271 0.132326 -0.044794 -0.0690854 0.164909
internal_weight=3.02734e+06 1.79536e+06 611156 512911 311374 113078 101625 201537 1.1842e+06 198296 65468 1.23198e+06 656169 25136
internal_count=3027339 1795357 611156 512911 311374 113078 101625 201537 1184201 198296 65468 1231982 656169 25136
is_linear=0
shrinkage=0.02


Tree=33
num_leaves=15
num_cat=0
split_feature=4 7 7 7 4 7 7 7 7 7 7 7 7 7
split_gain=9.10267e+06 2.9934e+06 3.43083e+06 2.14701e+06 2.28831e+06 2.27772e+06 2.20827e+06 4.6384e+06 8.01607e+06 2.04969e+06 3.19431e+06 2.01756e+06 1.89818e+06 3.65951e+06
threshold=10.015000343322756 10942.550292968752 10853.744628906252 11456.161132812502 -249.45500183105466 11754.592285156252 11203.090820312502 11282.365722656252 11240.761718750002 12723.007324218752 12629.550292968752 10686.048828125002 10997.610839843752 11185.928222656252
decision_type=2 2 2 2 2 2 2 2 2 2 2 2 2 2
left_child=3 2 11 4 -1 -5 -6 8 -8 10 12 -2 -3 -14
right_child=1 9 -4 5 6 -7 7 -9 -10 -11 -12 -13 13 -15
leaf_value=-0.28460945252261849 0.12469324092622178 -0.057655054898868893 0.19522770709205919 0.15234564249683077 -0.025682931842748551 -0.015483479682008279 -0.1354684297766339 -0.043717980466045046 -0.66523979776551401 -0.099838776629321405 0.21889186943620201 -0.010169853562345836 0.11668542375962726 0.013461595654567796
leaf_weight=17062 74093 113400 88781 34630 543495 488514 86850 246836 13147 54390 33268 110586 160257 962030
leaf_count=17062 74093 113400 88781 34630 543495 488514 86850 246836 13147 54390 33268 110586 160257 962030
internal_value=6.04143e-08 0.0328252 0.0930627 -0.0366402 -0.0552443 -0.00437114 -0.0508457 -0.0902743 -0.205179 0.0203769 0.0255303 0.0439408 0.0203227 0.0282024
internal_weight=3.02734e+06 1.5968e+06 273460 1.43053e+06 907390 523144 890328 346833 99997 1.32334e+06 1.26896e+06 184679 1.23569e+06 1.12229e+06
internal_count=3027339 1596805 273460 1430534 907390 523144 890328 346833 99997 1323345 1268955 184679 1235687 1122287
is_linear=0
shrinkage=0.02


Tree=34
num_leaves=15
num_cat=0
split_feature=9 7 7 7 7 7 9 9 7 7 9 7 7 7
split_gain=8.58155e+06 3.06667e+06 5.09623e+06 2.52457e+06 6.75908e+06 2.26333e+06 2.93515e+06 5.86196e+06 2.05565e+06 2.69281e+06 2.26307e+06 1.88553e+06 2.34049e+06 1.79929e+06
threshold=-0.20045207440853116 10942.550292968752 10853.744628906252 12158.952636718752 12205.039550781252 12189.963378906252 0.51117742061615001 0.28987027704715734 12723.007324218752 12629.550292968752 -0.68669712543487538 10679.781738281252 10619.391601562502 10997.610839843752
decision_type=2 2 2 2 2 2 2 2 2 2 2 2 2 2
left_child=1 2 11 -2 5 -5 7 -7 9 13 -11 12 -1 -3
right_child=3 8 -4 4 -6 6 -8 -9 -10 10 -12 -13 -14 -15
leaf_value=0.023415603183931918 -0.043924912687909864 -0.050230441697161121 0.22717030646286795 0.14052706883980715 -0.026856634948683903 0.058414837501736365 -0.042619754378495751 0.98102779520690453 -0.092685445514268314 0.54768514968567894 0.12549402938594151 -0.0040441339023795158 0.26493983773745283 0.03075177028545216
leaf_weight=37309 1300628 124230 82133 41536 227452 4783 3963 6490 60299 6020 32261 131445 28157 940633
leaf_count=37309 1300628 124230 82133 41536 227452 4783 3963 6490 60299 6020 32261 131445 28157 940633
internal_value=2.4478e-08 0.0352955 0.0948392 -0.0321249 0.0218721 0.21707 0.425511 0.589975 0.0210137 0.0272294 0.192013 0.0396341 0.12732 0.0213037
internal_weight=3.02734e+06 1.44249e+06 279044 1.58485e+06 284224 56772 15236 11273 1.16344e+06 1.10314e+06 38281 196911 65466 1.06486e+06
internal_count=3027339 1442487 279044 1584852 284224 56772 15236 11273 1163443 1103144 38281 196911 65466 1064863
is_linear=0
shrinkage=0.02


Tree=35
num_leaves=15
num_cat=0
split_feature=8 7 7 7 7 8 8 7 8 7 7 7 7 8
split_gain=9.37149e+06 2.57095e+06 2.81419e+06 2.543e+06 2.42333e+06 3.06551e+06 2.16886e+06 2.02971e+06 1.94562e+06 3.42872e+06 3.56181e+06 2.44501e+06 6.90279e+06 6.14435e+06
threshold=-0.69954469799995411 11185.928222656252 11057.007324218752 10947.744140625002 10853.744628906252 0.98865905404090892 0.69195944070816051 11240.761718750002 -0.83435350656509388 10765.747070312502 10699.223144531252 12169.453125000002 12205.039550781252 -0.95844322443008412
decision_type=2 2 2 2 2 2 2 2 2 2 2 2 2 2
left_child=8 2 3 4 -2 -6 -5 -3 11 10 -10 -1 13 -13
right_child=1 7 -4 6 5 -7 -8 -9 9 -11 -12 12 -14 -15
leaf_value=-0.037085311779459659 0.037369091897163365 -0.046651562695263743 0.1605202725731317 0.10973533746357035 0.18834703657597829 -0.15670050300761459 -0.047125874282301909 0.023653661216009387 -0.19083875339344952 -0.075148437701911208 0.32305623420462171 0.091775945371021225 -0.00062032790430619292 0.81604534735732048
leaf_weight=453195 198296 197030 98245 45544 101625 11453 155993 987171 7828 631033 17308 10526 103654 8438
leaf_count=453195 198296 197030 98245 45544 101625 11453 155993 987171 7828 631033 17308 10526 103654 8438
internal_value=1.65403e-07 0.0291496 0.0624641 0.0436793 0.079506 0.153388 -0.0116741 0.0119558 -0.0424789 -0.0660231 0.163003 -0.0156483 0.0635793 0.4143
internal_weight=3.02734e+06 1.79536e+06 611156 512911 311374 113078 201537 1.1842e+06 1.23198e+06 656169 25136 575813 122618 18964
internal_count=3027339 1795357 611156 512911 311374 113078 201537 1184201 1231982 656169 25136 575813 122618 18964
is_linear=0
shrinkage=0.02


Tree=36
num_leaves=15
num_cat=0
split_feature=8 7 7 7 0 8 0 7 7 9 7 7 7 7
split_gain=9.01414e+06 2.50069e+06 2.61583e+06 2.49998e+06 3.23536e+06 2.39948e+06 2.11484e+06 2.41593e+06 4.36292e+06 2.33479e+06 3.3498e+06 2.16655e+06 3.89282e+06 3.20679e+06
threshold=-0.66993230581283558 11185.928222656252 11057.007324218752 10947.744140625002 3521.5000000000005 0.69195944070816051 2551.5000000000005 10775.280273437502 10699.223144531252 0.61516112089157116 10853.744628906252 10974.288085937502 11130.324218750002 10869.183593750002
decision_type=2 2 2 2 2 2 2 2 2 2 2 2 2 2
left_child=6 2 3 4 -2 -5 -1 8 -8 10 -9 13 -13 -11
right_child=1 -3 -4 5 -6 -7 7 9 -10 11 -12 12 -14 -15
leaf_value=-0.015590185453423033 0.034442444572140268 0.012301514154587873 0.15797831865807263 0.13620401792203637 0.17286329229315481 -0.046183416729097287 -0.23563442341845001 0.41211079004834111 0.43643690497884835 -0.41300096342964621 -0.047045096772236152 -0.32337782907027618 -0.10557751806479143 0.030646694248584724
leaf_weight=659690 206876 1157391 96635 35390 100280 155993 6336 6473 9872 7315 323628 41218 161162 59080
leaf_count=659690 206876 1157391 96635 35390 100280 155993 6336 6473 9872 7315 323628 41218 161162 59080
internal_value=2.41395e-07 0.0294336 0.0627484 0.0442865 0.0796382 -0.0124514 -0.0404648 -0.0671426 0.173728 -0.0736644 -0.0380292 -0.117427 -0.14995 -0.0182863
internal_weight=3.02734e+06 1.75256e+06 595174 498539 307156 191383 1.27477e+06 615084 16208 598876 330101 268775 202380 66395
internal_count=3027339 1752565 595174 498539 307156 191383 1274774 615084 16208 598876 330101 268775 202380 66395
is_linear=0
shrinkage=0.02


Tree=37
num_leaves=15
num_cat=0
split_feature=8 0 9 4 0 8 4 9 9 4 0 0 9 4
split_gain=8.65739e+06 2.10026e+06 1.96988e+06 1.83273e+06 1.69982e+06 1.28724e+06 1.1917e+06 915012 900114 895086 1.07319e+06 1.06846e+06 1.50492e+06 2.70222e+06
threshold=-0.69954469799995411 2151.5000000000005 0.63649341464042675 -37.545000076293938 1424.5000000000002 -0.95380857586860646 284.38999938964849 0.55122801661491405 -0.72804987430572499 124.47500228881837 3679.5000000000005 2748.5000000000005 0.10024872794747354 -1.0000000180025095e-35
decision_type=2 2 2 2 2 2 2 2 2 2 2 2 2 2
left_child=1 -1 3 5 -2 -3 8 -7 -6 11 -11 -10 -13 -14
right_child=4 2 -4 -5 6 7 -8 -9 9 10 -12 12 13 -15
leaf_value=-0.011199398872874782 -0.0023796877408367302 -0.081358419918606886 -0.10935072238391794 -0.40204726834586513 0.11928313878054712 0.020325946638083594 0.24599349602865264 -0.051836804974914309 0.027304521186301139 -0.044825727485166895 0.029531109579150033 0.089366076704744141 0.042378051729106928 -0.37492647603091284
leaf_weight=538610 521946 152639 245668 5480 53047 169550 11177 120035 439244 101652 328598 302207 29646 7840
leaf_count=538610 521946 152639 245668 5480 53047 169550 11177 120035 439244 101652 328598 302207 29646 7840
internal_value=2.50029e-07 -0.0408283 -0.0638435 -0.0388704 0.0280171 -0.0343609 0.040476 -0.0095867 0.0386542 0.0351161 0.0119627 0.0479046 0.0745402 -0.0449752
internal_weight=3.02734e+06 1.23198e+06 693372 447704 1.79536e+06 442224 1.27341e+06 289585 1.26223e+06 1.20919e+06 430250 778937 339693 37486
internal_count=3027339 1231982 693372 447704 1795357 442224 1273411 289585 1262234 1209187 430250 778937 339693 37486
is_linear=0
shrinkage=0.02


Tree=38
num_leaves=15
num_cat=0
split_feature=8 7 7 7 7 9 8 7 7 7 7 9 7 7
split_gain=8.32321e+06 2.38593e+06 2.5153e+06 2.41291e+06 2.35981e+06 3.01845e+06 2.28265e+06 1.91401e+06 1.8469e+06 2.182e+06 1.81411e+06 2.74788e+06 6.14526e+06 3.6467e+06
threshold=-0.66993230581283558 11185.928222656252 11057.007324218752 10947.744140625002 10853.744628906252 -0.17292127013206479 0.69195944070816051 11240.761718750002 11452.539062500002 11754.592285156252 10974.288085937502 0.53606674075126659 11006.505859375002 11227.193847656252
decision_type=2 2 2 2 2 2 2 2 2 2 2 2 2 2
left_child=8 2 3 4 -2 -6 -5 -3 10 -10 -1 12 -12 -13
right_child=1 7 -4 6 5 -7 -8 -9 9 -11 11 13 -14 -15
leaf_value=-0.014393035331919768 0.036019184037863396 -0.046040874248463093 0.15420653602355885 0.13197090370765147 0.18870471005065967 -0.14410793879117567 -0.045920910309752955 0.023034763598667456 0.14433448031545021 -0.019292408229937746 0.91879351573047996 -0.08220226036230012 -0.034839821093516375 -0.25244943416854715
leaf_weight=270076 197084 192448 96635 35390 97812 12260 155993 964943 35331 420175 2727 267186 217276 62003
leaf_count=270076 197084 192448 96635 35390 97812 12260 155993 964943 35331 420175 2727 267186 217276 62003
internal_value=2.11702e-07 0.0282831 0.0608244 0.0427208 0.0774514 0.151626 -0.0130204 0.0115487 -0.0388831 -0.00659787 -0.0568331 -0.0777032 -0.0229779 -0.114275
internal_weight=3.02734e+06 1.75256e+06 595174 498539 307156 110072 191383 1.15739e+06 1.27477e+06 455506 819268 549192 220003 329189
internal_count=3027339 1752565 595174 498539 307156 110072 191383 1157391 1274774 455506 819268 549192 220003 329189
is_linear=0
shrinkage=0.02


Tree=39
num_leaves=15
num_cat=0
split_feature=8 7 7 7 0 0 17 5 4 7 4 7 7 7
split_gain=7.99507e+06 2.26453e+06 2.49977e+06 2.25555e+06 3.06849e+06 2.01917e+06 2.24718e+06 2.00181e+06 1.93087e+06 1.86586e+06 1.80728e+06 1.75487e+06 2.66406e+06 1.78607e+06
threshold=-0.69954469799995411 11185.928222656252 11057.007324218752 10947.744140625002 3521.5000000000005 2151.5000000000005 0.26605693995952612 0.057499999180436141 52.375000000000007 11240.761718750002 166.83499908447268 11368.623535156252 11326.573730468752 11754.592285156252
decision_type=2 2 2 2 2 2 2 2 2 2 2 2 2 2
left_child=5 2 3 4 -2 -1 -7 8 -5 -3 -6 12 -11 -13
right_child=1 9 -4 7 10 6 -8 -9 -10 11 -12 13 -14 -15
leaf_value=-0.010184164804691228 0.030617031878502409 -0.045404678168226423 0.1506064049953291 0.037747196389836264 0.24837128392849142 0.03437246755452298 -0.075280813510206865 0.11876533484077412 -0.10129985774789167 -0.0067115466091566692 0.07941823031155569 -0.061502243864239289 0.1912759064526911 0.023583700322124829
leaf_weight=538610 210047 197030 98245 69552 51087 85229 608143 38157 93828 51563 50240 113292 57488 764828
leaf_count=538610 210047 197030 98245 69552 51087 85229 608143 38157 93828 51563 50240 113292 57488 764828
internal_value=2.70432e-07 0.0269241 0.0581903 0.0404859 0.0742272 -0.0392355 -0.0618019 -0.0116452 -0.0421078 0.0107875 0.164617 0.0220033 0.0976685 0.0126056
internal_weight=3.02734e+06 1.79536e+06 611156 512911 311374 1.23198e+06 693372 201537 163380 1.1842e+06 101327 987171 109051 878120
internal_count=3027339 1795357 611156 512911 311374 1231982 693372 201537 163380 1184201 101327 987171 109051 878120
is_linear=0
shrinkage=0.02


Tree=40
num_leaves=15
num_cat=0
split_feature=17 7 0 0 7 7 0 7 7 0 7 7 7 7
split_gain=2.02343e+06 1.70914e+06 1.57612e+06 1.25943e+06 1.70793e+06 1.6214e+06 1.22325e+06 1.1185e+06 2.83142e+06 1.38793e+06 1.19748e+06 3.51253e+06 3.98421e+06 3.95556e+06
threshold=0.162966363132 10775.280273437502 2689.5000000000005 6951.5000000000009 10619.391601562502 10699.223144531252 8173.0000000000009 10814.940429687502 10889.665527343752 4313.5000000000009 11519.124511718752 11200.173339843752 11282.365722656252 11368.623535156252
decision_type=2 2 2 2 2 2 2 2 2 2 2 2 2 2
left_child=-1 2 -2 4 -4 -5 7 9 -9 -3 11 -10 -13 -14
right_child=1 6 3 5 -6 -7 -8 8 10 -11 -12 12 13 -15
leaf_value=0.10135815298725258 -0.0039205503165748489 -0.099227343800167442 0.012177247933096673 0.074127388202285011 0.23199119549369887 -0.46307094775312868 -0.28046012358986622 0.10381852976908207 0.0093192396872912499 0.22799649945899178 0.0080337611085482992 -0.11826655913484027 0.065660580255943068 -0.06126645020354958
leaf_weight=76775 71524 78122 20852 8760 43918 3012 6477 95266 791359 5544 1155899 239636 151699 278496
leaf_count=76775 71524 78122 20852 8760 43918 3012 6477 95266 791359 5544 1155899 239636 151699 278496
internal_value=3.05672e-07 -0.0026374 0.0635835 0.126655 0.161238 -0.0635956 -0.00613631 -0.00549983 -0.00327801 -0.0775195 -0.00717687 -0.0192095 -0.0529139 -0.0165078
internal_weight=3.02734e+06 2.95056e+06 148066 76542 64770 11772 2.8025e+06 2.79602e+06 2.71236e+06 83666 2.61709e+06 1.46119e+06 669831 430195
internal_count=3027339 2950564 148066 76542 64770 11772 2802498 2796021 2712355 83666 2617089 1461190 669831 430195
is_linear=0
shrinkage=0.02


Tree=41
num_leaves=15
num_cat=0
split_feature=4 7 7 9 7 7 9 9 7 17 7 7 3 4
split_gain=6.95235e+06 2.34273e+06 2.95684e+06 3.51959e+06 1.90979e+06 2.93391e+06 2.84964e+06 1.88795e+06 5.18009e+06 1.87196e+06 1.82514e+06 3.04507e+06 1.85572e+06 1.78233e+06
threshold=10.015000343322756 10942.550292968752 10853.744628906252 -0.20045207440853116 12723.007324218752 12629.550292968752 -0.68419089913368214 0.20284801721572879 11470.466308593752 0.24476148933172229 10997.610839843752 11006.505859375002 4.7732071876525888 -113.6949996948242
decision_type=2 2 2 2 2 2 2 2 2 2 2 2 2 2
left_child=9 2 -2 -4 5 7 -7 10 -9 -1 -3 12 -12 -11
right_child=1 4 3 -5 -6 6 -8 8 -10 13 11 -13 -14 -15
leaf_value=0.039695795182427961 0.036375218428982857 -0.055791143106185874 0.22424621161703834 -0.15743469708787727 -0.098365602971240876 0.65989454819553506 0.13211165396424276 0.17502972390640537 -0.51516718789923766 -0.078581539960537294 -0.0024913579745076951 0.025408694785843462 0.59445428190658167 -0.025334047311103353
leaf_weight=132129 184679 113400 77753 11028 54390 4770 28498 8242 9191 341013 3169 1095617 6068 957392
leaf_count=132129 184679 113400 77753 11028 54390 4770 28498 8242 9191 341013 3169 1095617 6068 957392
internal_value=2.87068e-07 0.0286874 0.0819775 0.176823 0.0176748 0.0226493 0.207962 0.0176586 -0.18894 -0.0320211 0.0206165 0.0284593 0.389873 -0.0393195
internal_weight=3.02734e+06 1.5968e+06 273460 88781 1.32334e+06 1.26896e+06 33268 1.23569e+06 17433 1.43053e+06 1.21825e+06 1.10485e+06 9237 1.2984e+06
internal_count=3027339 1596805 273460 88781 1323345 1268955 33268 1235687 17433 1430534 1218254 1104854 9237 1298405
is_linear=0
shrinkage=0.02


Tree=42
num_leaves=15
num_cat=0
split_feature=8 7 7 7 0 8 4 0 7 7 7 8 7 4
split_gain=7.3617e+06 2.11761e+06 2.34604e+06 2.13034e+06 2.89553e+06 2.13982e+06 2.04984e+06 1.85972e+06 2.24722e+06 4.1669e+06 2.09946e+06 2.0853e+06 3.19415e+06 2.44113e+06
threshold=-0.66993230581283558 11185.928222656252 11057.007324218752 10947.744140625002 3702.5000000000005 0.69195944070816051 166.83499908447268 2551.5000000000005 10775.280273437502 10699.223144531252 10759.808593750002 -0.78840065002441395 10853.744628906252 -168.94499969482419
decision_type=2 2 2 2 2 2 2 2 2 2 2 2 2 2
left_child=7 2 3 4 -2 -5 -6 -1 9 -9 -11 12 13 -10
right_child=1 -3 -4 5 6 -7 -8 8 11 10 -12 -13 -14 -15
leaf_value=-0.013242111668227766 0.032361734806275744 0.010834128867058172 0.14744172469793748 0.127778990246324 0.26647286954333682 -0.044457681470605519 0.076993447966108713 -0.22933909565561092 0.94901649854998982 0.79896719975847452 0.19827642541228432 -0.10916106794822543 -0.042956566698453956 0.12798994127038016
leaf_weight=659690 215519 1157391 96635 35390 43313 155993 48324 6336 2179 3757 6115 269296 323107 4294
leaf_count=659690 215519 1157391 96635 35390 43313 155993 48324 6336 2179 3757 6115 269296 323107 4294
internal_value=3.44624e-07 0.0265995 0.0572564 0.0397726 0.0724062 -0.012603 0.166572 -0.0365682 -0.0615851 0.170722 0.427461 -0.0678751 -0.0341384 0.405412
internal_weight=3.02734e+06 1.75256e+06 595174 498539 307156 191383 91637 1.27477e+06 615084 16208 9872 598876 329580 6473
internal_count=3027339 1752565 595174 498539 307156 191383 91637 1274774 615084 16208 9872 598876 329580 6473
is_linear=0
shrinkage=0.02


Tree=43
num_leaves=15
num_cat=0
split_feature=8 0 8 4 0 8 5 8 4 4 0 4 5 4
split_gain=7.07982e+06 1.83702e+06 1.73912e+06 1.75932e+06 1.57003e+06 1.23902e+06 1.18226e+06 857606 830550 781506 756898 756147 728493 656837
threshold=-0.69954469799995411 2151.5000000000005 -0.77128207683563221 -37.545000076293938 1150.5000000000002 -0.95380857586860646 0.082499999552965178 -0.83435350656509388 -271.19000244140619 -271.19000244140619 7400.5000000000009 -127.61500167846678 -0.027499999850988385 124.47500228881837
decision_type=2 2 2 2 2 2 2 2 2 2 2 2 2 2
left_child=1 11 3 5 -2 9 13 -7 10 -3 -4 -1 -10 -6
right_child=4 2 8 -5 6 7 -8 -9 12 -11 -12 -13 -14 -15
leaf_value=0.60870011627410958 -0.0084106726352616342 -0.574671287504673 -0.025405401641967119 -0.39075638642439658 0.042498711652661031 0.02289559836313923 0.15093749089764813 -0.047024192060997512 -0.12540723084888997 -0.072479896559139723 -0.76431685876679001 -0.01011987640771062 -0.054690253328270162 0.0126577628251627
leaf_weight=781 421859 1240 909 5480 899775 168880 34703 120035 147769 151399 1415 537829 96245 439020
leaf_count=781 421859 1240 909 5480 899775 168880 34703 120035 147769 151399 1415 537829 96245 439020
internal_value=4.89895e-07 -0.0369212 -0.0584458 -0.0349315 0.0253364 -0.0305067 0.0357016 -0.00615441 -0.101114 -0.0765971 -0.476658 -0.00921125 -0.0975182 0.0327134
internal_weight=3.02734e+06 1.23198e+06 693372 447034 1.79536e+06 441554 1.3735e+06 288915 246338 152639 2324 538610 244014 1.3388e+06
internal_count=3027339 1231982 693372 447034 1795357 441554 1373498 288915 246338 152639 2324 538610 244014 1338795
is_linear=0
shrinkage=0.02


Tree=44
num_leaves=15
num_cat=0
split_feature=5 7 7 7 0 5 7 7 0 0 7 7 7 7
split_gain=5.98839e+06 1.95677e+06 2.2552e+06 2.25427e+06 3.15202e+06 2.167e+06 1.82018e+06 4.84153e+06 3.35522e+06 2.09705e+06 1.78435e+06 1.88084e+06 2.19715e+06 1.69546e+06
threshold=-0.0074999998323619357 11187.670410156252 11057.007324218752 10947.744140625002 3771.5000000000005 0.047500001266598708 12158.952636718752 12205.039550781252 6238.5000000000009 4668.5000000000009 11252.907714843752 11368.623535156252 11326.573730468752 12194.770507812502
decision_type=2 2 2 2 2 2 2 2 2 2 2 2 2 2
left_child=6 2 3 4 -2 -5 9 8 13 -1 -3 12 -12 -8
right_child=1 10 -4 5 -6 -7 7 -9 -10 -11 11 -13 -14 -15
leaf_value=-0.03553493858767335 0.027247253833141544 -0.04626420082046117 0.13259977930348038 -0.061026309547511745 0.16752551960662565 0.083587852257960449 0.12850639535700492 -0.019768692005109518 1.1572804207184093 -0.12286858860644513 -0.0076990958386090888 0.0092911718425241589 0.17708321224528231 0.5251919063732875
leaf_weight=834184 227206 203887 111835 142204 89230 58486 22194 193200 1557 126673 44750 906015 60576 5342
leaf_count=834184 227206 203887 111835 142204 89230 58486 22194 193200 1557 126673 44750 906015 60576 5342
internal_value=3.97663e-07 0.0225309 0.0511668 0.0335536 0.0668076 -0.01888 -0.035118 0.0164557 0.256939 -0.0470496 0.00770963 0.0185912 0.098581 0.205627
internal_weight=3.02734e+06 1.84419e+06 628961 517126 316436 200690 1.18315e+06 222293 29093 960857 1.21523e+06 1.01134e+06 105326 27536
internal_count=3027339 1844189 628961 517126 316436 200690 1183150 222293 29093 960857 1215228 1011341 105326 27536
is_linear=0
shrinkage=0.02


Tree=45
num_leaves=15
num_cat=0
split_feature=8 0 9 4 0 8 4 4 14 4 9 0 0 8
split_gain=6.57662e+06 1.74957e+06 1.6689e+06 1.70961e+06 1.49843e+06 1.20799e+06 1.07556e+06 1.08316e+06 879392 863834 859823 1.42841e+06 1.18892e+06 1.07838e+06
threshold=-0.69954469799995411 2172.5000000000005 0.63649341464042675 -37.545000076293938 1720.5000000000002 -0.95380857586860646 284.38999938964849 118.33499908447267 0.36789068579673773 -160.13500213623044 -0.14281811565160749 3389.5000000000005 5131.5000000000009 0.93120476603508007
decision_type=2 2 2 2 2 2 2 2 2 2 2 2 2 2
left_child=1 -1 3 5 -2 -3 7 10 9 -7 11 -6 -12 -13
right_child=4 2 -4 -5 6 8 -8 -9 -10 -11 12 13 -14 -15
leaf_value=-0.0087717080490564616 -0.00041963607319127724 -0.075076556377597553 -0.098802134743582862 -0.38966238514790957 0.048342543377424343 0.3703659886269608 0.23302538970104003 0.013637919349608615 -0.012834824711119814 0.030330774351433797 0.019993945130629208 0.1059232025540203 -0.39565984307039698 0.29259722829740004
leaf_weight=543776 630369 151457 243926 5322 391599 4748 11177 495680 274712 8041 159471 89919 2791 14351
leaf_count=543776 630369 151457 243926 5322 391599 4748 11177 495680 274712 8041 159471 89919 2791 14351
internal_value=5.29753e-07 -0.0355849 -0.0567705 -0.0336918 0.0244195 -0.0293671 0.0378597 0.0359671 -0.00528527 0.156763 0.0527841 0.0658608 0.0128204 0.131642
internal_weight=3.02734e+06 1.23198e+06 688206 444280 1.79536e+06 438958 1.16499e+06 1.15381e+06 287501 12789 658131 495869 162262 104270
internal_count=3027339 1231982 688206 444280 1795357 438958 1164988 1153811 287501 12789 658131 495869 162262 104270
is_linear=0
shrinkage=0.02


Tree=46
num_leaves=15
num_cat=0
split_feature=8 0 0 9 5 8 9 10 5 9 0 1 0 1
split_gain=6.3162e+06 1.68294e+06 1.45153e+06 1.34808e+06 1.28052e+06 1.14914e+06 1.08516e+06 902528 808450 706850 523703 524469 519486 463550
threshold=-0.69954469799995411 2513.5000000000005 2212.5000000000005 0.63649341464042675 0.082499999552965178 -0.95380857586860646 0.53606674075126659 -14.90000009536743 -0.027499999850988385 -0.72804987430572499 4202.5000000000009 158.71256256103518 5131.5000000000009 108.56073379516603
decision_type=2 2 2 2 2 2 2 2 2 2 2 2 2 2
left_child=1 -1 -2 5 9 10 7 -7 12 13 -3 -12 -5 -4
right_child=2 3 4 8 -6 6 -8 -9 -10 -11 11 -13 -14 -15
leaf_value=-0.011908687564304007 0.004105865092947184 -0.05711231957008038 0.081641884001069795 -0.1116249830274388 0.17571020052770933 0.14584607325447707 -0.059241223817252699 0.0038220172087122927 -0.050851293830928866 0.033077160033274773 -0.15211823435244765 0.36200786583511924 -0.21649769153748008 0.24844384693922567
leaf_weight=626928 810421 92262 25585 107518 27133 20875 109076 125133 85178 923207 41278 800 22934 9011
leaf_count=626928 810421 92262 25585 107518 27133 20875 109076 125133 85178 923207 41278 800 22934 9011
internal_value=5.27957e-07 -0.0348732 0.0239311 -0.0586673 0.0402434 -0.0364513 -0.0115175 0.0241362 -0.0987854 0.0364041 -0.0837908 -0.142259 -0.130077 0.125148
internal_weight=3.02734e+06 1.23198e+06 1.79536e+06 605054 984936 389424 255084 146008 215630 957803 134340 42078 130452 34596
internal_count=3027339 1231982 1795357 605054 984936 389424 255084 146008 215630 957803 134340 42078 130452 34596
is_linear=0
shrinkage=0.02


Tree=47
num_leaves=15
num_cat=0
split_feature=9 7 7 7 1 7 7 7 7 7 7 7 9 7
split_gain=5.62762e+06 3.02262e+06 3.98498e+06 3.01192e+06 2.88122e+06 2.49952e+06 3.7406e+06 8.57711e+06 1.70545e+06 1.65742e+06 2.81818e+06 4.71281e+06 2.50139e+06 6.23479e+06
threshold=0.53606674075126659 10974.288085937502 11130.324218750002 11019.201171875002 76.334281921386733 11199.130371093752 11282.365722656252 11240.761718750002 12707.136718750002 11187.670410156252 10997.610839843752 11006.505859375002 -0.20045207440853116 10880.121582031252
decision_type=2 2 2 2 2 2 2 2 2 2 2 2 2 2
left_child=9 -2 3 -3 -5 -4 7 -7 -8 10 12 -12 -1 -14
right_child=1 2 5 4 -6 6 8 -9 -10 -11 11 -13 13 -15
leaf_value=0.039569741146270127 0.022869116246382437 -0.10763089414421717 0.039497494885703095 -0.088955271073190623 -0.49323313818977549 -0.10648486357028804 -0.047401987075361404 -0.6596382496339086 0.11617085994639161 0.0041440362065672601 0.48729323551854847 0.080825847570780332 0.10649635913001863 -0.20047554537069051
leaf_weight=403274 180142 55536 101458 10790 20370 106292 216380 12526 28892 1594871 12189 176595 46340 61684
leaf_count=403274 180142 55536 101458 10790 20370 106292 216380 12526 28892 1594871 12189 176595 46340 61684
internal_value=5.43411e-07 -0.0482692 -0.0714746 -0.195965 -0.353315 -0.0482878 -0.0727507 -0.16485 -0.0281298 0.015405 0.0410583 0.107094 0.0166745 -0.0687933
internal_weight=3.02734e+06 732386 552244 86696 31160 465548 364090 118818 245272 2.29495e+06 700082 188784 511298 108024
internal_count=3027339 732386 552244 86696 31160 465548 364090 118818 245272 2294953 700082 188784 511298 108024
is_linear=0
shrinkage=0.02


Tree=48
num_leaves=15
num_cat=0
split_feature=5 17 0 13 17 0 5 17 17 13 17 0 0 13
split_gain=5.16653e+06 1.66034e+06 1.85451e+06 1.32026e+06 1.43065e+06 1.24581e+06 1.09106e+06 696985 685717 674286 661426 561177 533105 517961
threshold=-0.0074999998323619357 0.30344274640083319 2631.5000000000005 -10.499999999999998 0.56281241774559032 1035.5000000000002 0.082499999552965178 0.12508517503738406 0.162966363132 0.90000000596046459 0.55930975079536449 4637.5000000000009 8173.0000000000009 12.500000000000002
decision_type=2 2 2 2 2 2 2 2 2 2 2 2 2 2
left_child=1 8 -3 10 11 -2 7 -7 -1 -6 -4 -5 13 -9
right_child=5 2 3 4 9 6 -8 12 -10 -11 -12 -13 -14 -15
leaf_value=0.10348248558420578 -0.010843569586579383 -0.018223063331127741 -0.037525693330855717 -0.059629967645069643 -0.073291189021269021 0.14234079155316914 0.13904091433449392 0.032349400450343471 0.0011337745900981231 -0.23762016272353387 0.089380380612224128 -0.12290861678806202 -0.16505671098560912 0.0030927909894793476
leaf_weight=29752 389420 494684 86766 206696 13771 20535 35432 1081044 217824 36464 20254 76939 5869 311889
leaf_count=29752 389420 494684 86766 206696 13771 20535 35432 1081044 217824 36464 20254 76939 5869 311889
internal_value=4.79278e-07 -0.0326192 -0.0448069 -0.0746331 -0.0942273 0.0209279 0.0294327 0.0266955 0.0134371 -0.192596 -0.0135019 -0.0767988 0.0249967 0.0257987
internal_weight=3.02734e+06 1.18315e+06 935574 440890 333870 1.84419e+06 1.45477e+06 1.41934e+06 247576 50235 107020 283635 1.3988e+06 1.39293e+06
internal_count=3027339 1183150 935574 440890 333870 1844189 1454769 1419337 247576 50235 107020 283635 1398802 1392933
is_linear=0
shrinkage=0.02


Tree=49
num_leaves=15
num_cat=0
split_feature=8 7 7 7 7 9 8 7 7 17 7 7 7 7
split_gain=5.67627e+06 1.8362e+06 2.22478e+06 1.95416e+06 2.15069e+06 2.60281e+06 1.78523e+06 1.73389e+06 2.12908e+06 1.70385e+06 1.65038e+06 1.59918e+06 2.42561e+06 1.62757e+06
threshold=-0.69954469799995411 11185.928222656252 11057.007324218752 10947.744140625002 10853.744628906252 -0.20045207440853116 0.69195944070816051 10679.781738281252 10619.391601562502 0.30344274640083319 11240.761718750002 11368.623535156252 11326.573730468752 11754.592285156252
decision_type=2 2 2 2 2 2 2 2 2 2 2 2 2 2
left_child=9 2 3 4 7 -6 -5 8 -2 -1 -3 12 -12 -13
right_child=1 10 -4 6 5 -7 -8 -9 -10 -11 11 13 -14 -15
leaf_value=0.012645059994800312 0.010986712911076701 -0.044692035153955749 0.13802568875186202 0.095765524470231456 0.17372920078343124 -0.10342604726752605 -0.046548291490132385 -0.015671000465199671 0.24133874507077518 -0.045163245244301271 -0.0086637134430230037 -0.061010188411114434 0.18025503196123147 0.020212710792183054
leaf_weight=257949 37311 197030 98245 45544 97339 15739 155993 132828 28157 974033 51563 113292 57488 764828
leaf_count=257949 37311 197030 98245 45544 97339 15739 155993 132828 28157 974033 51563 113292 57488 764828
internal_value=4.55371e-07 0.0226864 0.0508408 0.0341387 0.0655449 0.135147 -0.0143845 0.0258495 0.11008 -0.0330595 0.00815581 0.0187041 0.0909351 0.00973302
internal_weight=3.02734e+06 1.79536e+06 611156 512911 311374 113078 201537 198296 65468 1.23198e+06 1.1842e+06 987171 109051 878120
internal_count=3027339 1795357 611156 512911 311374 113078 201537 198296 65468 1231982 1184201 987171 109051 878120
is_linear=0
shrinkage=0.02


Tree=50
num_leaves=15
num_cat=0
split_feature=9 7 7 7 1 7 7 7 7 7 7 9 7 7
split_gain=5.16115e+06 2.89191e+06 3.8134e+06 2.88114e+06 2.75748e+06 2.3955e+06 3.56725e+06 8.20656e+06 1.62912e+06 1.51611e+06 2.14053e+06 2.28968e+06 1.52897e+06 1.48317e+06
threshold=0.53606674075126659 10974.288085937502 11130.324218750002 11019.201171875002 76.334281921386733 11199.130371093752 11282.365722656252 11240.761718750002 12707.136718750002 12723.007324218752 12629.550292968752 -0.68669712543487538 12775.274902343752 11192.676269531252
decision_type=2 2 2 2 2 2 2 2 2 2 2 2 2 2
left_child=9 -2 3 -3 -5 -4 7 -7 -8 10 13 -12 -11 -1
right_child=1 2 5 4 -6 6 8 -9 -10 12 11 -13 -14 -15
leaf_value=0.038523571680051008 0.023357610954466326 -0.10430946484610541 0.039697792070527788 -0.085980856020373489 -0.48148085571439087 -0.10303953207577876 -0.045451298738361637 -0.64411205067897803 0.11441913820469125 -0.16497731622308401 0.51950046775560321 0.098933475725346054 -0.00021460492734450194 0.0034851919874861383
leaf_weight=730944 180142 55536 101458 10790 20370 106292 216380 12526 28892 36509 6020 36711 58809 1425960
leaf_count=730944 180142 55536 101458 10790 20370 106292 216380 12526 28892 36509 6020 36711 58809 1425960
internal_value=4.82344e-07 -0.0462255 -0.0689236 -0.190704 -0.3446 -0.0462415 -0.07019 -0.16013 -0.0266153 0.0147527 0.0181367 0.158292 -0.0633334 0.0153593
internal_weight=3.02734e+06 732386 552244 86696 31160 465548 364090 118818 245272 2.29495e+06 2.19964e+06 42731 95318 2.1569e+06
internal_count=3027339 732386 552244 86696 31160 465548 364090 118818 245272 2294953 2199635 42731 95318 2156904
is_linear=0
shrinkage=0.02


Tree=51
num_leaves=15
num_cat=0
split_feature=5 7 7 7 7 7 5 7 7 7 7 7 6 7
split_gain=4.70213e+06 1.72198e+06 2.84583e+06 1.78595e+06 1.71397e+06 2.05952e+06 1.84163e+06 1.4784e+06 1.93129e+06 1.40084e+06 3.14421e+06 1.38701e+06 1.36203e+06 1.58235e+06
threshold=-0.022499999962747094 11192.676269531252 11252.907714843752 11227.193847656252 11057.007324218752 10947.744140625002 0.062499998137354858 11368.623535156252 11326.573730468752 12158.952636718752 12205.039550781252 10853.744628906252 78.466175079345717 11346.758300781252
decision_type=2 2 2 2 2 2 2 2 2 2 2 2 2 2
left_child=9 4 3 -3 5 11 -7 8 -4 -1 -11 -2 -10 -14
right_child=1 2 7 -5 -6 6 -8 -9 12 10 -12 -13 13 -15
leaf_value=-0.050509332529277258 0.023620611223418977 -0.041468845898046384 -0.011597033801727351 -0.20835552520575154 0.097784414267719805 -0.041328817364351018 0.12717906719282362 0.0072052501095836519 -0.015693176069226395 0.23472682574750167 -0.020979755845078215 0.10462749415988168 0.38159461536451406 0.13357991358731419
leaf_weight=727019 217525 176645 51330 29999 162632 211207 29566 1055369 15330 22378 136559 138299 13906 39575
leaf_count=727019 217525 176645 51330 29999 162632 211207 29566 1055369 15330 22378 136559 138299 13906 39575
internal_value=4.20285e-07 0.0160331 0.00274057 -0.0657052 0.0402314 0.024541 -0.0206322 0.0147732 0.0812468 -0.0387508 0.0150356 0.0551079 0.150496 0.198128
internal_weight=3.02734e+06 2.14138e+06 1.38215e+06 206644 759229 596597 240773 1.17551e+06 120141 885956 158937 355824 68811 53481
internal_count=3027339 2141383 1382154 206644 759229 596597 240773 1175510 120141 885956 158937 355824 68811 53481
is_linear=0
shrinkage=0.02


Tree=52
num_leaves=15
num_cat=0
split_feature=9 9 17 4 4 4 9 4 4 6 3 4 4 16
split_gain=4.83074e+06 1.41436e+06 1.18241e+06 1.35561e+06 1.05702e+06 923394 883552 1.06776e+06 880852 764110 1.37405e+06 1.70071e+06 741611 712562
threshold=0.53606674075126659 -0.20045207440853116 0.33213816583156591 -113.6949996948242 284.38999938964849 178.21500396728518 0.30041404068470007 66.505001068115249 -271.19000244140619 42.53692817687989 2.0301544666290288 -153.3450012207031 147.99500274658206 -18.499999999999996
decision_type=2 2 2 2 2 2 2 2 2 2 2 2 2 2
left_child=1 4 -2 -4 12 6 8 9 -3 -8 11 -11 -1 -5
right_child=2 5 3 13 -6 -7 7 -9 -10 10 -12 -13 -14 -15
leaf_value=0.031619081445538932 -0.0058078195435865296 -0.55365352474951934 -0.11400017628459158 0.026954159019889415 0.21999721534502073 0.15865655762197367 -0.17964915439738172 -0.57340651970415346 -0.022136774620230049 0.58770276477362171 0.017076480362314208 0.094570502593920608 -0.0056927134601616096 -0.052501044555405753
leaf_weight=1170828 218964 1240 141510 52575 11177 13375 7258 1197 557262 3650 256590 11894 260482 319337
leaf_count=1170828 218964 1240 141510 52575 11177 13375 7258 1197 557262 3650 256590 11894 260482 319337
internal_value=4.59325e-07 0.0142726 -0.0447214 -0.0613167 0.0263425 -0.00615131 -0.00878021 0.020174 -0.0233268 0.0227375 0.0281418 0.210671 0.0248288 -0.0412685
internal_weight=3.02734e+06 2.29495e+06 732386 513422 1.44249e+06 852466 839091 280589 558502 279392 272134 15544 1.43131e+06 371912
internal_count=3027339 2294953 732386 513422 1442487 852466 839091 280589 558502 279392 272134 15544 1431310 371912
is_linear=0
shrinkage=0.02


Tree=53
num_leaves=15
num_cat=0
split_feature=8 7 7 7 7 0 0 8 6 7 7 7 7 7
split_gain=4.97636e+06 1.6994e+06 2.10254e+06 1.75733e+06 2.6753e+06 2.59672e+06 1.74742e+06 1.65291e+06 1.62594e+06 1.59456e+06 1.55989e+06 2.64307e+06 1.63081e+06 2.40478e+06
threshold=-0.70585528016090382 11185.928222656252 11057.007324218752 10942.550292968752 10939.776855468752 3839.5000000000005 6951.5000000000009 0.69195944070816051 108.1636199951172 11240.761718750002 11456.161132812502 11749.025390625002 10880.121582031252 10814.940429687502
decision_type=2 2 2 2 2 2 2 2 2 2 2 2 2 2
left_child=10 2 3 4 5 -2 -7 -5 -4 -3 12 -12 13 -1
right_child=1 9 8 7 -6 6 -8 -9 -10 -11 11 -13 -14 -15
leaf_value=-0.047093995576000809 0.015592697135334982 -0.044372466135238493 0.2019087297210492 0.084148045764708745 0.38548421900093333 0.19113228248605427 -0.072569556577852926 -0.041834047716200785 0.038817597830132944 0.017402451441248686 0.21664286922664094 -0.011896136563949906 -0.059100130363139297 0.15377924820442826
leaf_weight=65222 208387 200881 56963 55358 9973 65982 11852 168218 42846 994793 21307 401297 686701 37559
leaf_count=65222 208387 200881 56963 55358 9973 65982 11852 168218 42846 994793 21307 401297 686701 37559
internal_value=4.25464e-07 0.0209537 0.0478358 0.0316896 0.0636391 0.0524117 0.150973 -0.0106381 0.131908 0.00702356 -0.0313797 -0.000368674 -0.0479795 0.0263182
internal_weight=3.02734e+06 1.81525e+06 619579 519770 296194 286221 77834 223576 99809 1.19567e+06 1.21209e+06 422604 789482 102781
internal_count=3027339 1815253 619579 519770 296194 286221 77834 223576 99809 1195674 1212086 422604 789482 102781
is_linear=0
shrinkage=0.02


Tree=54
num_leaves=15
num_cat=0
split_feature=8 17 4 4 8 4 10 4 17 4 8 17 17 4
split_gain=4.78669e+06 1.64209e+06 1.23664e+06 1.15474e+06 1.33734e+06 1.06119e+06 871574 840579 692215 911573 626080 568401 540404 505527
threshold=-0.66576555371284474 0.30344274640083319 -60.42499923706054 -113.6949996948242 -0.76821613311767567 284.38999938964849 -9.0999999046325666 -249.45500183105466 0.162966363132 -129.87499999999997 0.65512093901634227 0.12508517503738406 0.64796206355094921 -271.19000244140619
decision_type=2 2 2 2 2 2 2 2 2 2 2 2 2 2
left_child=1 8 10 4 6 11 -3 -8 9 13 -2 -4 -13 -1
right_child=2 3 5 -5 -6 -7 7 -9 -10 -11 -12 12 -14 -15
leaf_value=0.84831240413072229 0.20143152210349904 0.027841359844917687 0.11707801356289316 -0.027174943357703211 -0.13453922986305386 0.21453719374687852 -0.23069735166347616 -0.054744916760809621 0.0025597961917741109 0.036236739731368622 0.72798207891398459 0.015141673326505791 0.065902955720881159 0.23274616763043868
leaf_weight=562 6841 50055 23362 710886 98104 11177 11763 140370 234208 24168 1034 1617925 88470 8414
leaf_count=562 6841 50055 23362 710886 98104 11177 11763 140370 234208 24168 1034 1617925 88470 8414
internal_value=4.85172e-07 -0.0294119 0.0215036 -0.0410665 -0.0739503 0.0203716 -0.0445465 -0.068364 0.0146679 0.100201 0.271407 0.0191157 0.0177738 0.272191
internal_weight=3.02734e+06 1.27853e+06 1.74881e+06 1.01118e+06 300292 1.74093e+06 202188 152133 267352 33144 7875 1.72976e+06 1.7064e+06 8976
internal_count=3027339 1278530 1748809 1011178 300292 1740934 202188 152133 267352 33144 7875 1729757 1706395 8976
is_linear=0
shrinkage=0.02


Tree=55
num_leaves=15
num_cat=0
split_feature=9 7 7 7 7 7 7 1 7 7 7 9 7 7
split_gain=4.39304e+06 2.82699e+06 3.14062e+06 2.77782e+06 3.80839e+06 3.59527e+06 2.75225e+06 2.6345e+06 2.30282e+06 3.28986e+06 7.82375e+06 1.77213e+06 1.6601e+06 1.54937e+06
threshold=0.53606674075126659 10765.747070312502 10699.223144531252 10857.246582031252 10974.288085937502 11130.324218750002 11019.201171875002 76.334281921386733 11199.130371093752 11282.365722656252 11240.761718750002 0.61151722073555004 10759.808593750002 12707.136718750002
decision_type=2 2 2 2 2 2 2 2 2 2 2 2 2 2
left_child=-1 2 -2 -3 -5 6 -6 -8 -7 10 -10 -4 -13 -11
right_child=1 3 11 4 5 8 7 -9 9 13 -12 12 -14 -15
leaf_value=0.013610859391344885 -0.17391625902399391 -0.24745821047111011 -0.023071278773564075 0.056752602099996712 -0.09872119465979981 0.041369780116234149 -0.080791513632828826 -0.46736728902697894 -0.097000911353295582 -0.04289422090786315 -0.62530205850777687 0.64664057331796243 0.20310900177526109 0.11301377456862449
leaf_weight=2294953 7837 27442 4871 126470 55536 101458 10790 20370 106292 216380 12526 6656 6866 28892
leaf_count=2294953 7837 27442 4871 126470 55536 101458 10790 20370 106292 216380 12526 6656 6866 28892
internal_value=6.11301e-07 -0.0426471 0.161194 -0.0502209 -0.0422426 -0.0649142 -0.18316 -0.333574 -0.0428905 -0.0663712 -0.152743 0.303998 0.421749 -0.024525
internal_weight=3.02734e+06 732386 26230 706156 678714 552244 86696 31160 465548 364090 118818 18393 13522 245272
internal_count=3027339 732386 26230 706156 678714 552244 86696 31160 465548 364090 118818 18393 13522 245272
is_linear=0
shrinkage=0.02


Tree=56
num_leaves=15
num_cat=0
split_feature=8 0 17 0 8 5 13 14 17 13 17 17 8 14
split_gain=4.48376e+06 1.48744e+06 1.81946e+06 1.31254e+06 1.26541e+06 975201 925690 964037 653842 1.1277e+06 571225 521703 497709 491235
threshold=-0.70585528016090382 2131.5000000000005 0.20504906773567202 1366.5000000000002 -0.77128207683563221 0.082499999552965178 -10.499999999999998 0.64459627866745006 0.49554784595966345 -3.8999999761581416 0.66964086890220653 0.15326625853776935 -0.99391409754753102 0.60114550590515148
decision_type=2 2 2 2 2 2 2 2 2 2 2 2 2 2
left_child=1 -1 -3 -2 6 11 13 12 -6 -10 -11 -5 -8 -4
right_child=3 2 4 5 8 -7 7 -9 9 10 -12 -13 -14 -15
leaf_value=-0.0044506802001445965 -0.007471954730235042 0.09199309237500361 -0.015150995979306128 0.11440100053789808 -0.076672823356735725 0.13764698184735205 -0.086316102919496193 -0.11928815077354356 -0.044792772450525896 -0.19288371217469913 -0.41106897836690087 0.025794782698747052 -0.019598536106565118 0.077500115385131157
leaf_weight=525256 505845 34674 67761 27149 177465 33085 57999 68810 20605 23561 6036 1249174 195364 34555
leaf_count=525256 505845 34674 67761 27149 177465 33085 57999 68810 20605 23561 6036 1249174 195364 34555
internal_value=5.46842e-07 -0.029786 -0.0491609 0.0198898 -0.0566672 0.03046 -0.036263 -0.0529066 -0.0947077 -0.158433 -0.237505 0.0276804 -0.0348742 0.0161442
internal_weight=3.02734e+06 1.21209e+06 686830 1.81525e+06 652156 1.30941e+06 424489 322173 227667 50202 29597 1.27632e+06 253363 102316
internal_count=3027339 1212086 686830 1815253 652156 1309408 424489 322173 227667 50202 29597 1276323 253363 102316
is_linear=0
shrinkage=0.02


Tree=57
num_leaves=15
num_cat=0
split_feature=4 17 4 10 4 4 4 14 14 3 4 5 4 5
split_gain=3.93388e+06 1.36324e+06 1.20664e+06 1.07723e+06 974962 974508 966660 626878 622003 619197 1.24657e+06 587960 631665 1.87291e+06
threshold=16.57499980926514 0.20504906773567202 -113.6949996948242 -9.2999997138977033 284.38999938964849 -249.45500183105466 -164.48500061035153 0.65560260415077221 0.36789068579673773 2.3870741128921513 -222.23500061035153 0.082499999552965178 253.78499603271487 0.027499999850988392
decision_type=2 2 2 2 2 2 2 2 2 2 2 2 2 2
left_child=1 6 3 9 11 7 8 -5 -1 10 -3 12 -2 -14
right_child=4 2 -4 5 -6 -7 -8 -9 -10 -11 -12 -13 13 -15
leaf_value=0.57042421605896343 0.020327469692069208 0.66903908960203762 -0.016782600443478717 -0.1575610873173762 0.2086556787191034 -0.06958744492832257 0.033961644040527567 -0.44147081657956205 0.16601345491983327 -0.01852712177657112 0.053801169909110935 0.10102402651514293 -0.51877247935275861 0.077944589708553544
leaf_weight=1965 1468723 1539 1071648 13006 11177 247496 67386 4089 6691 79803 8823 36071 3379 5543
leaf_count=1965 1468723 1539 1071648 13006 11177 247496 67386 4089 6691 79803 8823 36071 3379 5543
internal_value=5.00041e-07 -0.0229678 -0.0273666 -0.0593373 0.0226307 -0.0796813 0.0595377 -0.22569 0.258373 0.000364426 0.145737 0.0212558 0.0193078 -0.148374
internal_weight=3.02734e+06 1.50245e+06 1.4264e+06 354756 1.52489e+06 264591 76042 17095 8656 90165 10362 1.51372e+06 1.47764e+06 8922
internal_count=3027339 1502446 1426404 354756 1524893 264591 76042 17095 8656 90165 10362 1513716 1477645 8922
is_linear=0
shrinkage=0.02


Tree=58
num_leaves=15
num_cat=0
split_feature=9 9 0 0 4 0 9 4 3 4 5 4 9 4
split_gain=4.0002e+06 1.16455e+06 1.09874e+06 1.09799e+06 990252 1.79364e+06 1.11529e+06 1.11322e+06 950164 1.02779e+06 943099 857259 894897 1.03687e+06
threshold=0.53606674075126659 -0.20045207440853116 4482.5000000000009 1053.5000000000002 124.47500228881837 3029.5000000000005 -0.360153779387474 284.38999938964849 5.1855273246765146 44.585000991821296 -0.012499999720603226 178.21500396728518 0.30041404068470007 66.505001068115249
decision_type=2 2 2 2 2 2 2 2 2 2 2 2 2 2
left_child=1 3 -2 -1 5 -5 8 -6 9 -7 -4 12 -3 -14
right_child=2 11 10 4 7 6 -8 -9 -10 -11 -12 -13 13 -15
leaf_value=-0.0091875009194864361 -0.030553311148128138 -0.022717386810950542 -0.13001018178299895 0.028486107211703884 0.0021200518022695476 0.44860465364815205 0.22830570838414271 0.2044862987015629 0.021620485015363903 0.1076058191294068 0.016904427296665227 0.1532516117374903 0.023587918297953116 -0.56386827055639532
leaf_weight=313277 625231 558502 85168 541741 387826 3661 23724 11177 64316 96765 21987 13375 279392 1197
leaf_count=313277 625231 558502 85168 541741 387826 3661 23724 11177 64316 96765 21987 13375 279392 1197
internal_value=5.35045e-07 0.012988 -0.0406957 0.0239402 0.0331309 0.0469754 0.100118 0.00779383 0.081645 0.12008 -0.099866 -0.00554469 -0.00807771 0.0210617
internal_weight=3.02734e+06 2.29495e+06 732386 1.44249e+06 1.12921e+06 730207 188466 399003 164742 100426 107155 852466 839091 280589
internal_count=3027339 2294953 732386 1442487 1129210 730207 188466 399003 164742 100426 107155 852466 839091 280589
is_linear=0
shrinkage=0.02


Tree=59
num_leaves=15
num_cat=0
split_feature=8 7 7 7 7 0 0 8 6 7 7 7 7 7
split_gain=4.03677e+06 1.61082e+06 2.026e+06 1.6865e+06 2.54592e+06 2.46848e+06 1.67122e+06 1.5974e+06 1.5628e+06 1.52027e+06 1.55787e+06 1.51678e+06 1.49308e+06 2.27677e+06
threshold=-0.70585528016090382 11185.928222656252 11057.007324218752 10942.550292968752 10939.776855468752 3839.5000000000005 6951.5000000000009 0.69195944070816051 108.1636199951172 11240.761718750002 11204.128417968752 10699.223144531252 11368.623535156252 11326.573730468752
decision_type=2 2 2 2 2 2 2 2 2 2 2 2 2 2
left_child=-1 2 3 4 5 -2 -7 -5 -4 10 -3 -8 13 -11
right_child=1 9 8 7 -6 6 11 -9 -10 12 -12 -13 -14 -15
leaf_value=-0.028262300816098915 0.013643135452854109 0.0094862796567086599 0.19620024709244024 0.080909930160169105 0.37446012924362521 0.1849122321376282 0.059366745007288516 -0.042938381121646794 0.036307529597900609 -0.010835845474944698 -0.10193530105380777 -0.4592774927915324 0.0068228318184571672 0.17171287939541771
leaf_weight=1212086 208387 102879 56963 55358 9973 65982 8834 168218 42846 52011 98002 3018 885207 57575
leaf_count=1212086 208387 102879 56963 55358 9973 65982 8834 168218 42846 52011 98002 3018 885207 57575
internal_value=5.56634e-07 0.0188724 0.0450445 0.0291949 0.0604939 0.0495414 0.145638 -0.0122709 0.127572 0.00531013 -0.0448742 -0.0729753 0.0154443 0.0850795
internal_weight=3.02734e+06 1.81525e+06 619579 519770 296194 286221 77834 223576 99809 1.19567e+06 200881 11852 994793 109586
internal_count=3027339 1815253 619579 519770 296194 286221 77834 223576 99809 1195674 200881 11852 994793 109586
is_linear=0
shrinkage=0.02


Tree=60
num_leaves=15
num_cat=0
split_feature=8 17 0 0 4 9 5 5 4 0 0 5 4 9
split_gain=3.87763e+06 1.4992e+06 1.76136e+06 1.21466e+06 1.11326e+06 1.86103e+06 907799 839835 858524 1.89948e+06 911329 823024 793834 782359
threshold=-0.66576555371284474 0.32226191461086279 2631.5000000000005 1130.5000000000002 -60.42499923706054 0.15994049608707431 -0.027499999850988385 0.082499999552965178 118.33499908447267 2890.5000000000005 4175.5000000000009 0.062499998137354858 -271.19000244140619 0.58831891417503368
decision_type=2 2 2 2 2 2 2 2 2 2 2 2 2 2
left_child=1 -1 -3 -2 -5 7 12 8 9 -6 -10 -11 -4 -14
right_child=3 2 6 4 5 -7 -8 -9 10 11 -12 -13 13 -15
leaf_value=0.0097904853907284026 -0.011080761378802973 -0.013649471833229456 -0.30333316806971977 0.26543187980134553 0.020549593473390495 -0.14161198932961158 -0.033107941431261077 0.12750444244783232 -0.02471308204389408 0.080878019101075532 0.030813316777304155 0.27669599768299258 -0.05017940379228443 -0.11954203425653517
leaf_weight=336139 403496 499321 6894 7875 561940 25646 175661 34665 209307 225268 271694 8918 125912 134603
leaf_count=336139 403496 499321 6894 7875 561940 25646 175661 34665 209307 225268 271694 8918 125912 134603
internal_value=5.78357e-07 -0.026472 -0.0394064 0.0193544 0.0284827 0.0270856 -0.0684323 0.0303847 0.0277476 0.0404934 0.00665102 0.0883465 -0.0916347 -0.086021
internal_weight=3.02734e+06 1.27853e+06 942391 1.74881e+06 1.34531e+06 1.33744e+06 443070 1.31179e+06 1.27713e+06 796126 481001 234186 267409 260515
internal_count=3027339 1278530 942391 1748809 1345313 1337438 443070 1311792 1277127 796126 481001 234186 267409 260515
is_linear=0
shrinkage=0.02


Tree=61
num_leaves=15
num_cat=0
split_feature=9 7 7 7 7 7 7 1 7 7 7 0 7 7
split_gain=3.64988e+06 2.70913e+06 3.01065e+06 2.66651e+06 3.63351e+06 3.411e+06 2.61837e+06 2.50967e+06 2.19989e+06 3.10041e+06 7.46273e+06 2.01614e+06 1.88239e+06 1.46733e+06
threshold=0.53606674075126659 10765.747070312502 10699.223144531252 10857.246582031252 10974.288085937502 11130.324218750002 11019.201171875002 77.869140625000014 11199.130371093752 11282.365722656252 11235.322753906252 3113.5000000000005 10727.798339843752 12707.136718750002
decision_type=2 2 2 2 2 2 2 2 2 2 2 2 2 2
left_child=-1 2 -2 -3 -5 6 -6 -8 -7 10 -10 12 -4 -11
right_child=1 3 11 4 5 8 7 -9 9 13 -12 -13 -14 -15
leaf_value=0.012406306651484011 -0.16743157555026808 -0.2395318126021235 0.75873009381525536 0.058225235736916736 -0.093432124458214624 0.043191868890008749 -0.088433692667090058 -0.46015211834774278 -0.074524003981919648 -0.039366473252711823 -0.49765685199485937 0.66642233815499663 0.086605286223115807 0.11235782501595645
leaf_weight=2294953 7837 27442 1928 126470 55536 101458 11545 19615 98768 216380 20050 4529 11936 28892
leaf_count=2294953 7837 27442 1928 126470 55536 101458 11545 19615 98768 216380 20050 4529 11936 28892
internal_value=5.73981e-07 -0.0388728 0.160674 -0.0462871 -0.0384703 -0.0606153 -0.175791 -0.322501 -0.0391635 -0.0621134 -0.145962 0.300491 0.180555 -0.0214901
internal_weight=3.02734e+06 732386 26230 706156 678714 552244 86696 31160 465548 364090 118818 18393 13864 245272
internal_count=3027339 732386 26230 706156 678714 552244 86696 31160 465548 364090 118818 18393 13864 245272
is_linear=0
shrinkage=0.02


Tree=62
num_leaves=15
num_cat=0
split_feature=8 0 17 13 17 0 17 0 17 13 17 1 8 8
split_gain=3.63665e+06 1.34199e+06 1.64059e+06 1.18572e+06 1.89747e+06 1.14585e+06 634235 556673 476909 468103 709140 589574 448617 627730
threshold=-0.70585528016090382 2131.5000000000005 0.20985870063304904 -9.4999999999999982 0.49970324337482458 2192.5000000000005 0.59111854434013378 4482.5000000000009 0.12508517503738406 12.09999990463257 0.62238925695419323 74.214008331298842 -0.79548987746238697 -0.95380857586860646
decision_type=2 2 2 2 2 2 2 2 2 2 2 2 2 2
left_child=1 -1 -3 6 12 -2 -4 -6 -7 10 -10 -12 13 -5
right_child=5 2 3 4 7 8 -8 -9 9 -11 11 -13 -14 -15
leaf_value=-0.002760398656169069 0.00024353222701101358 0.084151740917929985 -0.02166618119579276 -0.069102128029396956 -0.11408073859875527 0.14728847476919446 0.096315938063845072 -0.21511611452076193 0.032624406699950405 0.0051525976725680933 0.017431071517331129 0.15457389540582586 -0.071038686813341481 0.0028047036262697222
leaf_weight=525256 811666 37078 149686 82800 77638 14190 20742 30364 709644 224431 19210 36112 171107 117415
leaf_count=525256 811666 37078 149686 82800 77638 14190 20742 30364 709644 224431 19210 36112 171107 117415
internal_value=5.67462e-07 -0.0268251 -0.0452283 -0.0526126 -0.0687225 0.0179127 -0.0073022 -0.142504 0.0322028 0.0305507 0.038002 0.106965 -0.0472594 -0.0269346
internal_weight=3.02734e+06 1.21209e+06 686830 649752 479324 1.81525e+06 170428 108002 1.00359e+06 989397 764966 55322 371322 200215
internal_count=3027339 1212086 686830 649752 479324 1815253 170428 108002 1003587 989397 764966 55322 371322 200215
is_linear=0
shrinkage=0.02


Tree=63
num_leaves=15
num_cat=0
split_feature=8 0 9 4 0 8 5 4 9 0 4 14 4 4
split_gain=3.49266e+06 1.28885e+06 1.21978e+06 1.53455e+06 1.11321e+06 1.08326e+06 852500 776910 1.02336e+06 1.02772e+06 789059 746988 809750 722540
threshold=-0.70585528016090382 2131.5000000000005 0.63649341464042675 -37.545000076293938 1387.5000000000002 -0.95380857586860646 0.082499999552965178 90.094997406005874 0.27604819834232336 3367.5000000000005 147.99500274658206 0.36789068579673773 -160.13500213623044 -129.87499999999997
decision_type=2 2 2 2 2 2 2 2 2 2 2 2 2 2
left_child=1 13 3 5 -2 -3 7 -6 9 -9 -11 12 -7 -1
right_child=4 2 -4 -5 6 11 -8 8 -10 10 -12 -13 -14 -15
leaf_value=0.70038828031147082 -0.0073781553466750298 -0.06383798496793483 -0.081168150640889877 -0.35302060891355669 0.042972904820242103 0.35768524457410272 0.12786891674566561 -0.022215408601154497 -0.46130246353097243 0.056091326718366627 0.0054350064761632165 -0.0051539293202379393 0.030071087035585135 -0.0034877452257843101
leaf_weight=574 513623 153778 235941 5625 539765 4748 32914 232129 1818 228193 266811 278481 8257 524682
leaf_count=574 513623 153778 235941 5625 539765 4748 32914 232129 1818 228193 266811 278481 8257 524682
internal_value=5.59402e-07 -0.0262886 -0.0443238 -0.0250425 0.0175545 -0.0208913 0.0273929 0.0247853 0.0113175 0.0125055 0.0287879 0.00176723 0.149864 -0.00270519
internal_weight=3.02734e+06 1.21209e+06 686830 450889 1.81525e+06 445264 1.30163e+06 1.26872e+06 728951 727133 495004 291486 13005 525256
internal_count=3027339 1212086 686830 450889 1815253 445264 1301630 1268716 728951 727133 495004 291486 13005 525256
is_linear=0
shrinkage=0.02


Tree=64
num_leaves=15
num_cat=0
split_feature=8 4 9 9 8 4 14 4 4 5 6 3 4 8
split_gain=3.36111e+06 1.14348e+06 1.56352e+06 958997 1.15537e+06 876772 807749 758059 700084 741654 685811 1.26556e+06 1.61069e+06 594325
threshold=-0.66576555371284474 -60.42499923706054 0.15994049608707431 0.55122801661491405 -0.95380857586860646 284.38999938964849 0.54995644092559826 -271.19000244140619 -125.01499938964842 -0.0074999998323619357 42.53692817687989 2.0301544666290288 -153.3450012207031 0.65512093901634227
decision_type=2 2 2 2 2 2 2 2 2 2 2 2 2 2
left_child=3 13 5 4 7 -3 -5 -1 9 -8 -6 12 -12 -2
right_child=1 2 -4 6 10 -7 8 -9 -10 -11 11 -13 -14 -15
leaf_value=-0.52553237128578867 0.19016015361782709 0.018480374338402047 -0.11539904483719873 -0.020103996286972493 -0.16714432417566966 0.19612334362375636 -0.13518465567183738 -0.031923766980713975 -0.046695764473892898 0.06713514655763024 0.56575262388171166 0.017030796149042866 0.090449934397455981 0.70314946541840995
leaf_weight=1240 6841 1694770 34987 369798 7428 11177 71708 285990 250106 8056 3689 268038 12477 1034
leaf_count=1240 6841 1694770 34987 369798 7428 11177 71708 285990 250106 8056 3689 268038 12477 1034
internal_value=5.69425e-07 0.0180193 0.0169308 -0.0246459 -0.0056024 0.0196454 -0.040401 -0.034073 -0.0631533 -0.114745 0.0224386 0.0273993 0.199196 0.258325
internal_weight=3.02734e+06 1.74881e+06 1.74093e+06 1.27853e+06 578862 1.70595e+06 699668 287230 329870 79764 291632 284204 16166 7875
internal_count=3027339 1748809 1740934 1278530 578862 1705947 699668 287230 329870 79764 291632 284204 16166 7875
is_linear=0
shrinkage=0.02


Tree=65
num_leaves=15
num_cat=0
split_feature=8 9 8 4 4 4 3 4 4 1 1 4 1 1
split_gain=3.23062e+06 1.08481e+06 1.11233e+06 864974 728293 637201 885186 1.59804e+06 819050 797844 731436 623577 715255 563973
threshold=-0.70585528016090382 0.55122801661491405 -0.95380857586860646 284.38999938964849 -271.19000244140619 -49.735000610351555 2.2360858917236333 -168.94499969482419 -204.52999877929685 43.224521636962898 79.734138488769545 -94.514999389648423 97.174186706542983 145.800895690918
decision_type=2 2 2 2 2 2 2 2 2 2 2 2 2 2
left_child=1 2 4 -2 -1 6 7 -4 10 -9 -8 12 -3 -10
right_child=3 11 5 -5 -6 -7 8 9 13 -11 -12 -13 -14 -15
leaf_value=-0.51510580950707197 0.015795978174024474 -0.044751034803063881 0.51042506864342374 0.19220438199656076 -0.031285314109449541 -0.023887104162654774 0.10565941636384649 -0.21292779002256745 0.044540289434057058 0.14694475534307871 -0.11884863646537054 -0.027359601216704225 -0.11733582481151827 0.70307806963322261
leaf_weight=1240 1804076 169886 4281 11177 285990 85248 7638 3095 154177 11940 24086 384168 79825 512
leaf_count=1240 1804076 169886 4281 11177 285990 85248 7638 3095 154177 11940 24086 384168 79825 512
internal_value=6.11181e-07 -0.0252832 -0.00547217 0.0168832 -0.0333919 0.0220882 0.0411394 0.169983 0.0277802 0.0727703 -0.0647783 -0.0433538 -0.067958 0.0467654
internal_weight=3.02734e+06 1.21209e+06 578207 1.81525e+06 287230 290977 205729 19316 186413 15035 31724 633879 249711 154689
internal_count=3027339 1212086 578207 1815253 287230 290977 205729 19316 186413 15035 31724 633879 249711 154689
is_linear=0
shrinkage=0.02


Tree=66
num_leaves=15
num_cat=0
split_feature=9 17 17 0 16 9 17 0 5 16 9 9 9 6
split_gain=3.06617e+06 993156 958908 996902 1.15263e+06 949991 898675 880697 854917 827785 769300 615091 765566 738040
threshold=0.53606674075126659 0.12508517503738406 0.33335362374782568 1170.5000000000002 -19.100000381469723 -0.20045207440853116 0.50179636478424083 976.50000000000011 0.082499999552965178 -0.90000000596046437 0.44621255993843084 -0.45021446049213404 -0.72804987430572499 104.45268630981447
decision_type=2 2 2 2 2 2 2 2 2 2 2 2 2 2
left_child=1 -1 -2 -4 -5 7 -6 -3 11 -8 -7 12 13 -9
right_child=2 5 3 4 6 10 9 8 -10 -11 -12 -13 -14 -15
leaf_value=0.12133784199431104 -0.00092524448975217553 -0.011557728730725747 -0.00032418129723364757 0.027862718820241449 -0.058945019558994928 -0.010656688672167661 -0.050601345730820653 0.044745702915912358 0.12912678968734315 -0.17491474243287861 0.095497794634676836 0.050630211905305769 0.010688369312727226 0.20675086294069964
leaf_weight=32378 221963 286989 120075 45949 250186 810876 32970 46046 32258 61243 28249 274627 768652 14878
leaf_count=32378 221963 286989 120075 45949 250186 810876 32970 46046 32258 61243 28249 274627 768652 14878
internal_value=6.40121e-07 0.0113712 -0.035629 -0.0507199 -0.0662217 0.00979701 -0.0787748 0.0197471 0.0276526 -0.131421 -0.0070819 0.0246869 0.016098 0.0843361
internal_weight=3.02734e+06 2.29495e+06 732386 510423 390348 2.26258e+06 344399 1.42345e+06 1.13646e+06 94213 839125 1.1042e+06 829576 60924
internal_count=3027339 2294953 732386 510423 390348 2262575 344399 1423450 1136461 94213 839125 1104203 829576 60924
is_linear=0
shrinkage=0.02


Tree=67
num_leaves=15
num_cat=0
split_feature=8 17 0 0 4 5 0 8 10 4 6 0 4 4
split_gain=3.00078e+06 1.26036e+06 1.58258e+06 1.05451e+06 1.10963e+06 1.27142e+06 909014 789034 695173 1.11186e+06 677316 716208 903138 831517
threshold=-0.70585528016090382 0.3297963440418244 2413.5000000000005 2192.5000000000005 118.33499908447267 0.062499998137354858 4842.5000000000009 0.67130485177040111 -7.9000000953674308 -249.45500183105466 64.672111511230483 5760.5000000000009 253.78499603271487 284.38999938964849
decision_type=2 2 2 2 2 2 2 2 2 2 2 2 2 2
left_child=1 -1 -3 -2 5 -5 7 -6 -4 -10 11 -8 -13 -14
right_child=3 2 8 4 6 -7 10 -9 9 -11 -12 12 13 -15
leaf_value=0.0078339950266327601 -0.00067859426975716444 -0.0094198281278957824 -0.023818842257499112 0.043547808312274033 0.16463996471330075 0.18599757051254184 0.036560937979016321 -0.01585093289886785 -0.2624674129629746 -0.071652657720405549 0.057733336461189833 -0.15324083496818697 -1.4453396931915621 -0.19101138518523361
leaf_weight=347001 811666 419750 126257 473434 9980 26455 7750 320761 12714 306364 159383 4978 443 403
leaf_count=347001 811666 419750 126257 473434 9980 26455 7750 320761 12714 306364 159383 4978 443 403
internal_value=6.52339e-07 -0.0243671 -0.0372835 0.0162716 0.0299803 0.0510901 0.00902945 -0.0103998 -0.0635456 -0.0792639 0.0461821 -0.0893919 -0.256776 -0.857064
internal_weight=3.02734e+06 1.21209e+06 865085 1.81525e+06 1.00359e+06 499889 503698 330741 445335 319078 172957 13574 5824 846
internal_count=3027339 1212086 865085 1815253 1003587 499889 503698 330741 445335 319078 172957 13574 5824 846
is_linear=0
shrinkage=0.02


Tree=68
num_leaves=15
num_cat=0
split_feature=16 0 13 14 0 14 14 14 0 14 0 14 10 0
split_gain=978532 948188 519783 1.49843e+06 813813 748065 473892 386368 324320 344836 318003 315266 262416 321207
threshold=-20.100000381469723 8173.0000000000009 6.0999999046325692 0.64459627866745006 2950.5000000000005 0.70356088876724254 0.46917729079723364 0.72479343414306652 1073.5000000000002 0.63755670189857494 3655.5000000000005 0.34733173251152044 -18.499999999999996 5223.5000000000009
decision_type=2 2 2 2 2 2 2 2 2 2 2 2 2 2
left_child=8 2 5 6 -5 -2 10 -6 -1 -10 -4 12 13 -12
right_child=1 -3 3 4 7 -7 -8 -9 9 -11 11 -13 -14 -15
leaf_value=-0.0041104994093494633 -0.00015022129166773158 -0.19159446325046151 0.0081227492565941802 -0.027980732353424284 -0.07637733472119046 0.048811671115981899 -0.011475494920907952 -0.16290009137057473 0.031976136341459897 0.089653626074101142 0.048026178876417025 0.043727335481547155 0.13963324410909597 0.85444625461677548
leaf_weight=69525 1535868 10704 172524 125271 59177 135851 587096 31729 183497 53567 340 54677 7047 466
leaf_count=69525 1535868 10704 172524 125271 59177 135851 587096 31729 183497 53567 340 54677 7047 466
internal_value=5.28063e-07 -0.0038165 -0.00307411 -0.014188 -0.0610413 0.00382889 -0.0018677 -0.106591 0.0338729 0.0450123 0.0221291 0.0607658 0.179188 0.519051
internal_weight=3.02734e+06 2.72075e+06 2.71005e+06 1.03833e+06 216177 1.67172e+06 822150 90906 306589 237064 235054 62530 7853 806
internal_count=3027339 2720750 2710046 1038327 216177 1671719 822150 90906 306589 237064 235054 62530 7853 806
is_linear=0
shrinkage=0.02


Tree=69
num_leaves=15
num_cat=0
split_feature=9 7 7 7 7 7 4 4 7 7 7 7 7 7
split_gain=2.88073e+06 2.59699e+06 2.88587e+06 2.55335e+06 3.46835e+06 3.20151e+06 3.10139e+06 2.45963e+06 2.17477e+06 2.09453e+06 2.90094e+06 4.17249e+06 3.00182e+06 1.61313e+06
threshold=0.53606674075126659 10765.747070312502 10699.223144531252 10857.246582031252 10974.288085937502 11130.324218750002 -115.9449996948242 -48.325000762939446 10997.610839843752 11199.130371093752 11310.526855468752 11235.322753906252 11282.365722656252 10759.808593750002
decision_type=2 2 2 2 2 2 2 2 2 2 2 2 2 2
left_child=-1 2 -2 -3 -5 6 8 13 -6 -7 11 -11 -13 -4
right_child=1 3 7 4 5 9 -8 -9 -10 10 -12 12 -14 -15
leaf_value=0.011021918787908177 -0.16039889815262307 -0.23089392007928611 0.71638749036768967 0.060327184335060277 -0.14777729227719863 0.045360624605881465 -0.080997934612878103 0.0051765986108243131 -0.49125032854244638 -0.068931371416560167 -0.015220996247326674 -0.48086099367707613 -0.076318416133757533 0.2383586502843765
leaf_weight=2294953 7837 27442 5722 126470 13685 101458 57001 7076 16010 98768 233697 20050 11575 5595
leaf_count=2294953 7837 27442 5722 126470 13685 101458 57001 7076 16010 98768 233697 20050 11575 5595
internal_value=5.69577e-07 -0.0345348 0.160838 -0.0417941 -0.034145 -0.0557809 -0.167364 0.297726 -0.333064 -0.0349984 -0.057392 -0.132966 -0.332867 0.480476
internal_weight=3.02734e+06 732386 26230 706156 678714 552244 86696 18393 29695 465548 364090 130393 31625 11317
internal_count=3027339 732386 26230 706156 678714 552244 86696 18393 29695 465548 364090 130393 31625 11317
is_linear=0
shrinkage=0.02


Tree=70
num_leaves=15
num_cat=0
split_feature=8 7 7 7 7 8 0 7 7 8 6 7 7 7
split_gain=2.80698e+06 1.50881e+06 1.95052e+06 1.62662e+06 2.43967e+06 2.75199e+06 1.75296e+06 1.6161e+06 2.03421e+06 1.52796e+06 1.50425e+06 1.4283e+06 1.49104e+06 1.4604e+06
threshold=-0.70585528016090382 11185.928222656252 11057.007324218752 10942.550292968752 10853.744628906252 0.98865905404090892 1819.5000000000002 10679.781738281252 10619.391601562502 0.68809700012207042 108.1636199951172 11240.761718750002 11204.128417968752 11368.623535156252
decision_type=2 2 2 2 2 2 2 2 2 2 2 2 2 2
left_child=-1 2 3 4 7 6 -6 8 -2 -5 -4 12 -3 -13
right_child=1 11 10 9 5 -7 -8 -9 -10 -11 -12 13 -14 -15
leaf_value=-0.023567275653222197 0.00067261878639187755 0.0071506788705301841 0.18937281726751531 0.081025956329034199 0.047007634538520561 -0.15288061437327632 0.23978139184632952 -0.023928530442981103 0.22572505108150814 -0.043611163709465571 0.032505021442164307 0.081303398460348078 -0.1018548447454805 0.0039078643496356534
leaf_weight=1212086 37393 102879 56963 50947 27978 11453 57979 133234 28157 172629 42846 109586 98002 885207
leaf_count=1212086 37393 102879 56963 50947 27978 11453 57979 133234 28157 172629 42846 109586 98002 885207
internal_value=5.13053e-07 0.0157373 0.0410672 0.0255157 0.0562542 0.138245 0.177049 0.016071 0.0973639 -0.0152072 0.122043 0.00261155 -0.0460312 0.0124345
internal_weight=3.02734e+06 1.81525e+06 619579 519770 296194 97410 85957 198784 65550 223576 99809 1.19567e+06 200881 994793
internal_count=3027339 1815253 619579 519770 296194 97410 85957 198784 65550 223576 99809 1195674 200881 994793
is_linear=0
shrinkage=0.02


Tree=71
num_leaves=15
num_cat=0
split_feature=9 8 17 4 17 4 4 4 16 1 6 17 16 9
split_gain=2.71604e+06 1.47935e+06 942014 907868 869994 906173 840757 690344 605897 535371 508104 452780 1.27579e+06 475875
threshold=0.53606674075126659 -0.95380857586860646 0.12508517503738406 -132.33499908447263 0.33335362374782568 -113.6949996948242 284.38999938964849 -271.19000244140619 -18.30000019073486 71.942596435546889 34.687686920166023 0.64082762598991405 11.09999990463257 0.44621255993843084
decision_type=2 2 2 2 2 2 2 2 2 2 2 2 2 2
left_child=1 7 3 -3 -2 9 10 -1 -7 -6 -4 13 -13 -12
right_child=4 2 6 -5 5 8 -8 -9 -10 -11 11 12 -14 -15
leaf_value=-0.5007460480258018 -0.00047747020701102304 0.51032176061895318 -0.13123463847342445 0.095847370238364996 -0.016850164097831636 0.031050130139139945 0.18981775846137747 -0.029699774939885539 -0.041949622985957981 -0.11158980059168341 0.011226471271554801 0.09456953317796192 -0.061888009698090295 0.095495559838678759
leaf_weight=1240 221963 2275 9566 28396 30450 53101 10942 285990 316581 110291 1820160 81142 28046 27196
leaf_count=1240 221963 2275 9566 28396 30450 53101 10942 285990 316581 110291 1820160 81142 28046 27196
internal_value=5.40432e-07 0.0107022 0.0167758 0.126748 -0.0335331 -0.0479074 0.0150691 -0.0317508 -0.0314634 -0.0910952 0.0140956 0.0148068 0.0543797 0.0124676
internal_weight=3.02734e+06 2.29495e+06 2.00772e+06 30671 732386 510423 1.97705e+06 287230 369682 140741 1.96611e+06 1.95654e+06 109188 1.84736e+06
internal_count=3027339 2294953 2007723 30671 732386 510423 1977052 287230 369682 140741 1966110 1956544 109188 1847356
is_linear=0
shrinkage=0.02


Tree=72
num_leaves=15
num_cat=0
split_feature=5 0 0 8 17 4 17 9 6 4 0 4 8 0
split_gain=2.64363e+06 1.63458e+06 847220 879700 811988 766797 752335 665754 800460 652062 928718 832762 1.33003e+06 780540
threshold=-0.022499999962747094 3994.5000000000005 1035.5000000000002 -0.96664980053901661 0.15326625853776935 284.38999938964849 0.20504906773567202 -0.72804987430572499 104.45268630981447 138.31500244140628 3940.5000000000005 184.59500122070315 0.99834027886390697 3239.5000000000005
decision_type=2 2 2 2 2 2 2 2 2 2 2 2 2 2
left_child=1 -1 -2 -4 -5 7 -3 8 -6 13 -11 -12 -13 -9
right_child=2 6 3 4 5 -7 -8 9 -10 10 11 12 -14 -15
leaf_value=-0.014777146701609543 -0.012248551651463928 0.099451746032056976 -0.049791902150191421 0.11372026977593908 0.044611924357387277 0.18677319874278944 -0.08944801077095281 0.011777813103923769 0.22098448088941097 -0.065969049094293117 0.043170428110129 -0.046187406075684674 0.31465895043748399 0.047055391597368948
leaf_weight=694196 453465 8833 72126 37373 46267 10865 182927 818309 13231 85475 137172 101061 4248 361791
leaf_count=694196 453465 8833 72126 37373 46267 10865 182927 818309 13231 85475 137172 101061 4248 361791
internal_value=5.38233e-07 -0.0290556 0.012022 0.0185425 0.0215931 0.019411 -0.0807419 0.0182498 0.083864 0.0156606 -0.00928611 0.0106965 -0.0316027 0.0225934
internal_weight=3.02734e+06 885956 2.14138e+06 1.68792e+06 1.61579e+06 1.57842e+06 191760 1.56755e+06 59498 1.50806e+06 327956 242481 105309 1.1801e+06
internal_count=3027339 885956 2141383 1687918 1615792 1578419 191760 1567554 59498 1508056 327956 242481 105309 1180100
is_linear=0
shrinkage=0.02


Tree=73
num_leaves=15
num_cat=0
split_feature=9 8 17 4 17 16 4 17 16 4 17 16 9 8
split_gain=2.56847e+06 1.37447e+06 882278 1.00184e+06 835018 1.04723e+06 778150 751361 864738 663331 449986 1.21466e+06 473143 439523
threshold=0.53606674075126659 -0.95380857586860646 0.14011336863040927 -143.60500335693357 0.37123006582260137 -18.100000381469723 284.38999938964849 0.5426442325115205 -0.50000001490116108 -249.45500183105466 0.64082762598991405 11.09999990463257 0.44621255993843084 0.7837890386581422
decision_type=2 2 2 2 2 2 2 2 2 2 2 2 2 2
left_child=1 9 3 -3 -2 -6 10 -7 -9 -1 12 13 -4 -12
right_child=4 2 6 -5 5 7 -8 8 -10 -11 11 -13 -14 -15
leaf_value=-0.35867299103473527 -0.0084342877795351209 0.50482649562290294 0.0098986658149638786 0.084543686254778691 0.024903618471288486 -0.04887367034585266 0.18282057423389039 -0.025116085882355223 -0.1649342319327976 -0.027696937689013858 0.15064726566416473 -0.060696302352815937 0.094326491239198118 0.055210272454224885
leaf_weight=2433 321018 2411 1821518 36232 61131 270314 10903 26447 53476 284797 31312 28058 26934 50355
leaf_count=2433 321018 2411 1821518 36232 61131 270314 10903 26447 53476 284797 31312 28058 26934 50355
internal_value=5.80825e-07 0.0104075 0.0162618 0.11089 -0.0326093 -0.051474 0.0144041 -0.0648055 -0.118677 -0.030513 0.0134655 0.0528146 0.0111294 0.091816
internal_weight=3.02734e+06 2.29495e+06 2.00772e+06 38643 732386 411368 1.96908e+06 350237 79923 287230 1.95818e+06 109725 1.84845e+06 81667
internal_count=3027339 2294953 2007723 38643 732386 411368 1969080 350237 79923 287230 1958177 109725 1848452 81667
is_linear=0
shrinkage=0.02


Tree=74
num_leaves=15
num_cat=0
split_feature=5 0 7 7 7 7 7 7 7 7 0 0 4 5
split_gain=2.47425e+06 1.57013e+06 1.96807e+06 1.91158e+06 3.18738e+06 1.41068e+06 2.24889e+06 1.54424e+06 1.51894e+06 1.70035e+06 2.76146e+06 1.6728e+06 1.55508e+06 1.5276e+06
threshold=-0.022499999962747094 3994.5000000000005 10880.121582031252 11302.514160156252 11240.761718750002 11192.676269531252 11252.907714843752 11219.278320312502 11057.007324218752 10947.744140625002 3771.5000000000005 2253.5000000000005 166.83499908447268 0.047500001266598708
decision_type=2 2 2 2 2 2 2 2 2 2 2 2 2 2
left_child=1 -1 -3 4 -4 8 7 -7 9 10 -2 -10 -12 -11
right_child=5 2 3 -5 -6 6 -8 -9 11 13 12 -13 -14 -15
leaf_value=-0.014115145565162949 0.011551481344097489 0.19423758320296255 -0.13339455594907965 -0.034250629357267907 -0.65867120555853054 -0.032253665739974291 0.010295907286951957 -0.16435329687072306 0.018361085869452211 -0.050818228439517908 0.2087374886816189 0.14703720718733759 0.05111008612103117 0.066645955294289724
leaf_weight=694196 255213 10002 78222 98634 4902 161302 1175510 45342 74986 182287 53709 87646 46902 58486
leaf_count=694196 255213 10002 78222 98634 4902 161302 1175510 45342 74986 182287 53709 87646 46902 58486
internal_value=5.96482e-07 -0.0281093 -0.0787665 -0.0937997 -0.164447 0.0116306 -0.000400538 -0.0612457 0.0335327 0.0187621 0.046536 0.0877124 0.135269 -0.0222834
internal_weight=3.02734e+06 885956 191760 181758 83124 2.14138e+06 1.38215e+06 206644 759229 596597 355824 162632 100611 240773
internal_count=3027339 885956 191760 181758 83124 2141383 1382154 206644 759229 596597 355824 162632 100611 240773
is_linear=0
shrinkage=0.02


Tree=75
num_leaves=15
num_cat=0
split_feature=9 4 0 0 4 0 9 6 9 4 4 4 5 9
split_gain=2.39074e+06 872958 1.14931e+06 831347 892973 1.65416e+06 1.06754e+06 888007 864629 1.16175e+06 850751 769658 652417 638145
threshold=-0.20045207440853116 178.21500396728518 4668.5000000000009 875.50000000000011 124.47500228881837 3029.5000000000005 -0.360153779387474 99.696311950683608 -0.60080829262733448 42.504999160766609 284.38999938964849 97.424999237060561 -0.022499999962747094 -0.7565920054912566
decision_type=2 2 2 2 2 2 2 2 2 2 2 2 2 2
left_child=3 2 -2 -1 5 -5 7 8 9 -7 13 -8 -4 -6
right_child=1 -3 12 4 10 6 11 -9 -10 -11 -12 -13 -14 -15
leaf_value=-0.013720668298725603 -0.012157263352943851 0.14387827745186868 -0.097473708737570108 0.021798624080163004 0.24330156421687818 0.57691472572172997 0.3410411428025108 0.012355550299957328 0.039884103422850009 0.13891446753769815 0.17335230710535715 0.11199259813709157 -0.020256223874962318 -0.0062224390564642497
leaf_weight=260379 1390642 13375 106546 594639 4134 2522 10680 62535 43085 56600 11177 13044 74289 383692
leaf_count=260379 1390642 13375 106546 594639 4134 2522 10680 62535 43085 56600 11177 13044 74289 383692
internal_value=5.5944e-07 -0.0169555 -0.0183253 0.0186301 0.025756 0.0381638 0.0897942 0.071722 0.10804 0.157693 0.00140339 0.215206 -0.0657549 -0.0035564
internal_weight=3.02734e+06 1.58485e+06 1.57148e+06 1.44249e+06 1.18211e+06 783105 188466 164742 102207 59122 399003 23724 180835 387826
internal_count=3027339 1584852 1571477 1442487 1182108 783105 188466 164742 102207 59122 399003 23724 180835 387826
is_linear=0
shrinkage=0.02


Tree=76
num_leaves=15
num_cat=0
split_feature=9 7 7 7 7 7 7 7 7 7 7 0 0 7
split_gain=2.327e+06 2.46815e+06 2.76181e+06 2.46773e+06 3.30166e+06 3.0226e+06 2.41862e+06 1.97135e+06 2.7181e+06 3.95226e+06 2.76236e+06 1.87356e+06 1.75931e+06 1.75357e+06
threshold=0.53606674075126659 10765.747070312502 10699.223144531252 10857.246582031252 10974.288085937502 11130.324218750002 11019.201171875002 11199.130371093752 11310.526855468752 11235.322753906252 11282.365722656252 3113.5000000000005 4284.5000000000009 10727.798339843752
decision_type=2 2 2 2 2 2 2 2 2 2 2 2 2 2
left_child=-1 2 -2 -3 -5 6 -6 -7 9 -9 -11 13 -8 -4
right_child=1 3 11 4 5 7 12 8 -10 10 -12 -13 -14 -15
leaf_value=0.0099062685739587566 -0.1548318156159178 -0.22401756745356655 0.73576118758342302 0.061578194880983705 -0.080972720466935211 0.046448101329711909 -0.21957155364039907 -0.064069403215738951 -0.012416941183986618 -0.46291308466876346 -0.074839348784183621 0.64609824732184007 -0.57846222176358442 0.08703679731914063
leaf_weight=2294953 7837 27442 1928 126470 55536 101458 24093 98768 233697 20050 11575 4529 7067 11936
leaf_count=2294953 7837 27442 1928 126470 55536 101458 24093 98768 233697 20050 11575 4529 7067 11936
internal_value=6.5804e-07 -0.0310385 0.159426 -0.0381155 -0.0305958 -0.0517055 -0.160126 -0.031512 -0.0532373 -0.126391 -0.320944 0.293339 -0.301127 0.177719
internal_weight=3.02734e+06 732386 26230 706156 678714 552244 86696 465548 364090 130393 31625 18393 31160 13864
internal_count=3027339 732386 26230 706156 678714 552244 86696 465548 364090 130393 31625 18393 31160 13864
is_linear=0
shrinkage=0.02


Tree=77
num_leaves=15
num_cat=0
split_feature=5 0 7 7 7 7 7 7 7 7 0 7 0 5
split_gain=2.2545e+06 1.44786e+06 1.89635e+06 1.78163e+06 2.9927e+06 1.38209e+06 1.34339e+06 1.8187e+06 1.80661e+06 1.75931e+06 1.62541e+06 1.61943e+06 2.63797e+06 1.45942e+06
threshold=-0.022499999962747094 3967.5000000000005 10880.121582031252 11302.514160156252 11240.761718750002 10935.090332031252 11189.119628906252 11057.007324218752 11252.907714843752 11204.128417968752 2253.5000000000005 10947.744140625002 3771.5000000000005 0.057499999180436141
decision_type=2 2 2 2 2 2 2 2 2 2 2 2 2 2
left_child=1 -1 -3 4 5 -4 7 11 9 -8 -9 12 -2 -13
right_child=6 2 3 -5 -6 -7 8 10 -10 -11 -12 13 -14 -15
leaf_value=-0.013220897332612096 0.010931229571511603 0.1895201172896834 -0.33746044672039616 -0.032769305306264908 -0.63363052947238918 -0.094382600096949668 0.0078065176500406175 0.023361874205290165 0.0097667352961010798 -0.10232834488329885 0.16218906216348569 -0.043406272044562384 0.13185027937014915 0.091412920593419628
leaf_weight=690327 255213 10273 10825 100872 4956 68703 108343 61880 1175510 124884 74169 202616 100611 38157
leaf_count=690327 255213 10273 10825 100872 4956 68703 108343 61880 1175510 124884 74169 202616 100611 38157
internal_value=6.25496e-07 -0.026832 -0.074859 -0.0895213 -0.15727 -0.127508 0.0111022 0.033068 -0.000321778 -0.0511682 0.0990519 0.0180195 0.0451245 -0.0220375
internal_weight=3.02734e+06 885956 195629 185356 84484 79528 2.14138e+06 732646 1.40874e+06 233227 136049 596597 355824 240773
internal_count=3027339 885956 195629 185356 84484 79528 2141383 732646 1408737 233227 136049 596597 355824 240773
is_linear=0
shrinkage=0.02


Tree=78
num_leaves=15
num_cat=0
split_feature=8 0 13 14 4 0 14 4 0 0 8 4 13 4
split_gain=2.14834e+06 1.07649e+06 1.01739e+06 1.98319e+06 1.01569e+06 895218 715595 672108 847810 842376 707100 660397 735095 660126
threshold=-0.70585528016090382 2013.5000000000002 -10.499999999999998 0.61200520396232616 -249.45500183105466 1424.5000000000002 0.39797872304916387 118.33499908447267 4842.5000000000009 2571.5000000000005 0.65512093901634227 -168.94499969482419 11.09999990463257 221.06999969482425
decision_type=2 2 2 2 2 2 2 2 2 2 2 2 2 2
left_child=1 -1 -3 6 -5 -2 11 9 10 -7 -9 12 -4 -10
right_child=5 2 3 4 -6 7 -8 8 13 -11 -12 -13 -14 -15
leaf_value=0.0020088529519267117 -0.008181216341852076 0.0057192771453008573 0.061736578778143904 -0.37430692988761854 -0.10143084059731904 0.014581697847518551 -0.035371290926298864 0.23441151620352421 0.062769036401687447 0.056170987022922593 -0.017202675718256299 0.0091308624698813647 0.42688267838668859 -0.028601207823734678
leaf_weight=496531 527348 174218 5804 5663 143962 408919 351173 4519 131300 372057 329453 31184 3551 41657
leaf_count=496531 527348 174218 5804 5663 143962 408919 351173 4519 131300 372057 329453 31184 3551 41657
internal_value=5.7137e-07 -0.0206176 -0.0363182 -0.049847 -0.111783 0.0137679 -0.0261865 0.0227552 0.004822 0.0343953 -0.0137911 0.0533659 0.20065 0.0407619
internal_weight=3.02734e+06 1.21209e+06 715555 541337 149625 1.81525e+06 391712 1.2879e+06 506929 780976 333972 40539 9355 172957
internal_count=3027339 1212086 715555 541337 149625 1815253 391712 1287905 506929 780976 333972 40539 9355 172957
is_linear=0
shrinkage=0.02


Tree=79
num_leaves=15
num_cat=0
split_feature=5 4 17 16 17 4 4 8 17 16 4 17 5 4
split_gain=2.1107e+06 885680 769922 877144 768948 747416 620529 607292 461418 694995 454851 441050 391852 558785
threshold=-0.027499999850988385 -271.19000244140619 0.30344274640083319 -17.30000019073486 0.10326559469103815 284.38999938964849 -104.10499954223631 -0.96664980053901661 0.53118324279785167 -3.4999999999999996 -222.23500061035153 0.53971388936042797 0.082499999552965178 253.78499603271487
decision_type=2 2 2 2 2 2 2 2 2 2 2 2 2 2
left_child=1 -1 -3 11 10 7 8 -6 -5 -10 -2 -4 13 -9
right_child=4 2 3 6 5 -7 -8 12 9 -11 -12 -13 -14 -15
leaf_value=-0.2279009744260318 0.88306636998286625 0.01309957493380296 -0.0058745739497965245 -0.059480395100384165 -0.037191134839522862 0.17311392963847147 -0.029553163018194363 0.0096999030888077799 0.0051570853961474816 -0.18650969646412566 0.11390730028881157 0.093475928563148528 0.074178784993370384 -0.14945421870558684
leaf_weight=8807 302 157426 68563 155300 114095 10977 316338 2062909 10251 28889 22888 24165 37577 8852
leaf_count=8807 302 157426 68563 155300 114095 10977 316338 2062909 10251 28889 22888 24165 37577 8852
internal_value=5.8058e-07 -0.0285991 -0.0262894 -0.0365642 0.00975187 0.00856245 -0.0468375 0.00774929 -0.0749546 -0.136322 0.124301 0.0200233 0.0101803 0.00901916
internal_weight=3.02734e+06 769739 760932 603506 2.2576e+06 2.23441e+06 510778 2.22343e+06 194440 39140 23190 92728 2.10934e+06 2.07176e+06
internal_count=3027339 769739 760932 603506 2257600 2234410 510778 2223433 194440 39140 23190 92728 2109338 2071761
is_linear=0
shrinkage=0.02


Tree=80
num_leaves=15
num_cat=0
split_feature=5 0 0 5 4 0 3 4 4 1 14 0 4 0
split_gain=2.02842e+06 1.34893e+06 737626 773419 606026 1.80331e+06 615141 485076 476662 463754 492201 454178 441907 622605
threshold=-0.022499999962747094 3967.5000000000005 1035.5000000000002 0.082499999552965178 -160.13500213623044 4541.5000000000009 2.8718401193618779 -113.6949996948242 54.725000381469734 61.505416870117195 0.49570529162883764 5760.5000000000009 -271.19000244140619 8173.0000000000009
decision_type=2 2 2 2 2 2 2 2 2 2 2 2 2 2
left_child=1 -1 -2 4 5 -4 12 11 9 -3 -11 -6 13 -7
right_child=2 8 3 -5 7 6 -8 -9 -10 10 -12 -13 -14 -15
leaf_value=-0.012313200556926661 -0.012115636926326754 0.046709621038772638 0.380334633837207 0.1090575258918082 -0.064037870378073389 0.94468600906767297 -0.0097454666248066851 0.014794247036667381 0.16078299952137634 -0.036270260221803179 -0.10677027997288537 0.14656097724636438 0.14490023320800438 -0.28204820931752522
leaf_weight=690327 453465 11572 7114 35432 49028 656 26534 1560626 3453 58699 121905 4460 3853 215
leaf_count=690327 453465 11572 7114 35432 49028 656 26534 1560626 3453 58699 121905 4460 3853 215
internal_value=6.13181e-07 -0.0254511 0.0105308 0.0166149 0.0146321 0.0931757 0.0277199 0.0127644 -0.0718082 -0.0759956 -0.0838601 -0.046453 0.237738 0.642089
internal_weight=3.02734e+06 885956 2.14138e+06 1.68792e+06 1.65249e+06 38372 31258 1.61411e+06 195629 192176 180604 53488 4724 871
internal_count=3027339 885956 2141383 1687918 1652486 38372 31258 1614114 195629 192176 180604 53488 4724 871
is_linear=0
shrinkage=0.02


Tree=81
num_leaves=15
num_cat=0
split_feature=9 4 4 9 9 9 4 4 6 4 10 4 3 4
split_gain=2.05316e+06 677368 607448 567262 556059 704579 780694 735078 574845 618246 564717 897842 2.35422e+06 889256
threshold=0.53606674075126659 284.38999938964849 -113.6949996948242 0.64190164208412182 0.44621255993843084 -0.20045207440853116 147.99500274658206 178.21500396728518 64.672111511230483 253.78499603271487 -9.0999999046325666 -160.13500213623044 2.5429897308349614 -249.45500183105466
decision_type=2 2 2 2 2 2 2 2 2 2 2 2 2 2
left_child=1 4 3 -2 5 6 -1 10 9 -8 11 12 -7 -12
right_child=2 -3 -4 -5 -6 7 8 -9 -10 -11 13 -13 -14 -15
leaf_value=0.022867557005406498 -0.018190835430427384 0.1645529359374282 -0.018061900249524615 -0.087082441739642996 0.095236443282209524 0.6671626271473704 -0.086355838561756409 0.1396828923084332 -0.0060957638407232728 -0.55667690323548735 -0.19232370359809178 0.0057274129342083724 0.052265186940242396 -0.016185321136287435
leaf_weight=1170828 80593 11177 534247 117546 29207 2966 22152 13375 237162 1168 11683 191267 15283 588685
leaf_count=1170828 80593 11177 534247 117546 29207 2966 22152 13375 237162 1168 11683 191267 15283 588685
internal_value=6.95055e-07 0.00930523 -0.029155 -0.0590632 0.00854471 0.00742123 0.0159006 -0.00732088 -0.0154146 -0.110142 -0.00975032 0.0185196 0.152516 -0.0196161
internal_weight=3.02734e+06 2.29495e+06 732386 198139 2.28378e+06 2.25457e+06 1.43131e+06 823259 260482 23320 809884 209516 18249 600368
internal_count=3027339 2294953 732386 198139 2283776 2254569 1431310 823259 260482 23320 809884 209516 18249 600368
is_linear=0
shrinkage=0.02


Tree=82
num_leaves=15
num_cat=0
split_feature=9 8 0 0 17 17 16 0 17 16 9 9 13 14
split_gain=1.97186e+06 1.12495e+06 1.00311e+06 1.00248e+06 946214 758287 875842 978543 670167 871819 603238 565325 489914 1.27626e+06
threshold=0.53606674075126659 -0.95380857586860646 4175.5000000000009 1092.5000000000002 0.12508517503738406 0.35531614720821386 -19.100000381469723 1053.5000000000002 0.52585801482200634 -0.90000000596046437 -0.72804987430572499 0.44621255993843084 6.2999999523162851 0.63590994477272045
decision_type=2 2 2 2 2 2 2 2 2 2 2 2 2 2
left_child=1 2 -1 -3 -5 -2 -7 -8 -9 -10 -6 12 13 -12
right_child=5 3 -4 4 10 6 7 8 9 -11 11 -13 -14 -15
leaf_value=-0.012116438191610842 -0.0025964465076259414 -0.01211118742188644 -0.11640209510554721 0.14524163494525316 0.080959849961421818 0.028673017609746131 0.0065782987652874296 -0.054406688855910768 -0.029153181677771187 -0.17059761962431477 0.012446668697197221 0.11860141583578612 0.00033411680512089907 0.069644850257771909
leaf_weight=243765 278562 443871 43465 24497 62259 57159 81776 237471 26512 50906 737466 21749 519972 197909
leaf_count=243765 278562 443871 43465 24497 62259 57159 81776 237471 26512 50906 737466 21749 519972 197909
internal_value=6.91885e-07 0.00911915 -0.027901 0.0144155 0.0219446 -0.028572 -0.0445156 -0.0550625 -0.0710702 -0.12217 0.0199816 0.0174108 0.0158978 0.0245494
internal_weight=3.02734e+06 2.29495e+06 287230 2.00772e+06 1.56385e+06 732386 453824 396665 314889 77418 1.53936e+06 1.4771e+06 1.45535e+06 935375
internal_count=3027339 2294953 287230 2007723 1563852 732386 453824 396665 314889 77418 1539355 1477096 1455347 935375
is_linear=0
shrinkage=0.02


Tree=83
num_leaves=15
num_cat=0
split_feature=5 7 7 7 0 7 7 4 0 4 7 6 4 7
split_gain=1.85133e+06 1.37961e+06 2.70783e+06 1.45007e+06 1.25586e+06 1.75365e+06 4.58049e+06 1.85901e+06 1.30946e+06 1.80556e+06 2.62656e+06 1.64101e+06 1.33447e+06 1.25494e+06
threshold=-0.027499999850988385 11196.523925781252 11252.907714843752 11227.193847656252 3301.5000000000005 11149.020507812502 10954.217285156252 284.38999938964849 4637.5000000000009 197.09500122070315 11019.201171875002 106.8024139404297 -156.56500244140622 11368.623535156252
decision_type=2 2 2 2 2 2 2 2 2 2 2 2 2 2
left_child=-1 4 3 -3 -2 6 -6 8 12 -10 11 -11 -8 -4
right_child=1 2 13 -5 5 -7 7 -9 9 10 -12 -13 -14 -15
leaf_value=-0.0267842232284984 0.011884211749625151 -0.047662226219341734 0.06785379113405697 -0.19372478497817888 0.10646975816945604 0.16145998767104858 0.55530006561185863 0.20428001563102374 -0.15221702628188025 -1.2516712049462053 -0.017590505790463177 0.12931033372312714 -0.065789979685830474 0.0013156987651140903
leaf_weight=769739 543154 159894 126247 32751 143655 58400 1419 8203 24025 2052 1802 411 43750 1111837
leaf_count=769739 543154 159894 126247 32751 143655 58400 1419 8203 24025 2052 1802 411 43750 1111837
internal_value=6.82318e-07 0.0091332 -0.0027525 -0.0725028 0.0296988 0.0638016 0.0384834 -0.0811124 -0.113005 -0.21968 -0.598452 -1.02163 -0.0461592 0.00810107
internal_weight=3.02734e+06 2.2576e+06 1.43073e+06 192645 826871 283717 225317 81662 73459 28290 4265 2463 45169 1.23808e+06
internal_count=3027339 2257600 1430729 192645 826871 283717 225317 81662 73459 28290 4265 2463 45169 1238084
is_linear=0
shrinkage=0.02


Tree=84
num_leaves=15
num_cat=0
split_feature=5 7 7 7 0 7 7 0 7 7 6 7 7 6
split_gain=1.77802e+06 1.32497e+06 2.60062e+06 1.39267e+06 1.25463e+06 1.6163e+06 1.63265e+06 1.20612e+06 1.68423e+06 4.39918e+06 1.61995e+06 1.20525e+06 1.80819e+06 1.23305e+06
threshold=-0.027499999850988385 11196.523925781252 11252.907714843752 11227.193847656252 3967.5000000000005 10880.121582031252 10935.090332031252 3301.5000000000005 11149.020507812502 10954.217285156252 124.20388031005861 11368.623535156252 11326.573730468752 78.466175079345717
decision_type=2 2 2 2 2 2 2 2 2 2 2 2 2 2
left_child=4 7 3 -3 -1 -6 -7 -2 9 -9 -11 12 -4 -14
right_child=1 2 11 -5 5 6 -8 8 -10 10 -12 -13 13 -15
leaf_value=-0.012698704843743233 0.011646531902577053 -0.046709041381319691 -0.020667369976611276 -0.18985147165132824 0.18644236956128021 -0.33287677506602659 -0.072289525030240956 0.10434051119256366 0.15823134087678406 -0.11943591538845447 0.11908962120101549 0.0012893850910610178 -0.02369645484964171 0.1761579194887847
leaf_weight=600618 543154 159894 54272 32751 8990 10268 149863 143655 58400 67990 13672 1111837 15826 56149
leaf_count=600618 543154 159894 54272 32751 8990 10268 149863 143655 58400 67990 13672 1111837 15826 56149
internal_value=6.34487e-07 0.0089505 -0.00269747 -0.071053 -0.0262485 -0.0743659 -0.0890189 0.0291047 0.0625254 0.0377133 -0.0794916 0.00793906 0.0664968 0.132216
internal_weight=3.02734e+06 2.2576e+06 1.43073e+06 192645 769739 169121 160131 826871 283717 225317 81662 1.23808e+06 126247 71975
internal_count=3027339 2257600 1430729 192645 769739 169121 160131 826871 283717 225317 81662 1238084 126247 71975
is_linear=0
shrinkage=0.02


Tree=85
num_leaves=15
num_cat=0
split_feature=9 7 7 7 7 7 4 4 7 7 7 7 7 7
split_gain=1.80642e+06 2.32601e+06 2.63524e+06 2.40938e+06 3.11414e+06 2.82915e+06 2.67522e+06 2.29132e+06 2.01599e+06 1.80247e+06 2.47985e+06 3.71153e+06 2.49519e+06 1.47743e+06
threshold=0.53606674075126659 10765.747070312502 10699.223144531252 10857.246582031252 10974.288085937502 11130.324218750002 -115.9449996948242 -48.325000762939446 10997.610839843752 11199.130371093752 11310.526855468752 11235.322753906252 11282.365722656252 10759.808593750002
decision_type=2 2 2 2 2 2 2 2 2 2 2 2 2 2
left_child=-1 2 -2 -3 -5 6 8 13 -6 -7 11 -11 -13 -4
right_child=1 3 7 4 5 9 -8 -9 -10 10 -12 12 -14 -15
leaf_value=0.0087281674280766438 -0.14942287426495435 -0.21790811547957667 0.69052131855313126 0.062730861716864081 -0.12769700423060815 0.046793825752301219 -0.071969792997393547 0.0059956228289284779 -0.45837477499006746 -0.058006642558243081 -0.0095357309201501064 -0.44186399014315692 -0.073032106958689127 0.23302310934850495
leaf_weight=2294953 7837 27442 5722 126470 13685 101458 57001 7076 16010 98768 233697 20050 11575 5595
leaf_count=2294953 7837 27442 5722 126470 13685 101458 57001 7076 16010 98768 233697 20050 11575 5595
internal_value=6.17501e-07 -0.0273471 0.157551 -0.0342173 -0.0267871 -0.0472885 -0.152182 0.28836 -0.306076 -0.027752 -0.0485259 -0.1184 -0.306935 0.464746
internal_weight=3.02734e+06 732386 26230 706156 678714 552244 86696 18393 29695 465548 364090 130393 31625 11317
internal_count=3027339 732386 26230 706156 678714 552244 86696 18393 29695 465548 364090 130393 31625 11317
is_linear=0
shrinkage=0.02


Tree=86
num_leaves=15
num_cat=0
split_feature=9 17 16 4 17 4 13 17 17 5 4 9 3 1
split_gain=1.73832e+06 1.14611e+06 846870 813415 797006 1.09664e+06 832826 674800 651712 648453 658279 618043 704584 597176
threshold=-0.20045207440853116 0.22587483376264575 -18.100000381469723 -164.48500061035153 0.43767431378364569 -92.784999847412095 -7.9000000953674308 0.56281241774559032 0.5426442325115205 0.082499999552965178 147.99500274658206 0.51117742061615001 2.9120316505432133 60.511138916015632
decision_type=2 2 2 2 2 2 2 2 2 2 2 2 2 2
left_child=9 3 8 11 -4 6 -6 -8 -3 10 -1 12 -2 -12
right_child=1 2 4 -5 5 -7 7 -9 -10 -11 13 -13 -14 -15
leaf_value=0.020132399738363817 0.78143995746985839 -0.00025885304487530125 -0.01275933520504462 0.029214393286141477 -0.0092458302710636767 -0.023456308945459168 -0.079448075869845119 -0.17762166783740438 0.086400844721732623 0.096337369565944506 -0.11259824449310057 0.067627956836882538 0.23732550675865979 -0.0057336624048965933
leaf_weight=1146725 1231 154166 791837 99509 41582 316185 83154 42246 44789 38982 22962 5992 4161 233818
leaf_count=1146725 1231 154166 791837 99509 41582 316185 83154 42246 44789 38982 22962 5992 4161 233818
internal_value=5.67617e-07 -0.014458 -0.0191231 0.0475461 -0.0251116 -0.0453544 -0.0868149 -0.112533 0.0192533 0.0158861 0.0136509 0.207618 0.362768 -0.0152939
internal_weight=3.02734e+06 1.58485e+06 1.47396e+06 110893 1.275e+06 483167 166982 125400 198955 1.44249e+06 1.4035e+06 11384 5392 256780
internal_count=3027339 1584852 1473959 110893 1275004 483167 166982 125400 198955 1442487 1403505 11384 5392 256780
is_linear=0
shrinkage=0.02


Tree=87
num_leaves=15
num_cat=0
split_feature=9 7 7 7 7 7 4 4 7 7 7 7 7 7
split_gain=1.69324e+06 2.23154e+06 2.52934e+06 2.31072e+06 2.98114e+06 2.70577e+06 2.55333e+06 2.20401e+06 1.92759e+06 1.72746e+06 2.37985e+06 3.55984e+06 2.38823e+06 1.41953e+06
threshold=0.53606674075126659 10765.747070312502 10699.223144531252 10857.246582031252 10974.288085937502 11130.324218750002 -115.9449996948242 -48.325000762939446 10997.610839843752 11199.130371093752 11310.526855468752 11235.322753906252 11282.365722656252 10759.808593750002
decision_type=2 2 2 2 2 2 2 2 2 2 2 2 2 2
left_child=-1 2 -2 -3 -5 6 8 13 -6 -7 11 -11 -13 -4
right_child=1 3 7 4 5 9 -8 -9 -10 10 -12 12 -14 -15
leaf_value=0.0084503418317089293 -0.14611459406014432 -0.21309632406965978 0.67708194407232147 0.061656244942004619 -0.12449223390871005 0.046095753632632866 -0.070205251383951492 0.005848981498661361 -0.44783814614849138 -0.056524041342389399 -0.0090235004150224334 -0.43231757231346751 -0.071477808938718732 0.22863599998058617
leaf_weight=2294953 7837 27442 5722 126470 13685 101458 57001 7076 16010 98768 233697 20050 11575 5595
leaf_count=2294953 7837 27442 5722 126470 13685 101458 57001 7076 16010 98768 233697 20050 11575 5595
internal_value=6.15315e-07 -0.0264766 0.154628 -0.0332058 -0.0259293 -0.0459882 -0.148569 0.282781 -0.298916 -0.0268825 -0.0472195 -0.11567 -0.300312 0.455775
internal_weight=3.02734e+06 732386 26230 706156 678714 552244 86696 18393 29695 465548 364090 130393 31625 11317
internal_count=3027339 732386 26230 706156 678714 552244 86696 18393 29695 465548 364090 130393 31625 11317
is_linear=0
shrinkage=0.02


Tree=88
num_leaves=15
num_cat=0
split_feature=9 17 0 4 4 0 4 0 4 4 5 0 4 9
split_gain=1.63342e+06 1.08828e+06 812490 1.21325e+06 786097 710011 879462 1.41455e+06 799045 758942 770264 732093 649015 1.37054e+06
threshold=-0.20045207440853116 0.2223223149776459 4482.5000000000009 159.60500335693362 -164.48500061035153 855.50000000000011 147.99500274658206 3542.5000000000005 284.38999938964849 86.755001068115249 0.077500000596046462 2273.5000000000005 97.424999237060561 -0.35578875243663782
decision_type=2 2 2 2 2 2 2 2 2 2 2 2 2 2
left_child=5 4 -3 -4 -2 -1 7 9 -8 11 -11 -7 13 -9
right_child=1 2 3 -5 -6 6 8 12 -10 10 -12 -13 -14 -15
leaf_value=-0.014921805759357093 0.2090896006153464 -0.012392927651928792 -0.067365005882280879 0.12852130386750227 0.029576970179778755 0.019115357663625689 -0.016819461430219798 0.11143260851332375 0.15580005635801031 -0.019623403779716834 0.13632763939048542 0.075783526807583365 0.061596173884435654 0.4896942779479222
leaf_weight=254419 10876 1269088 197179 13505 94204 376634 260482 33945 11177 222303 13424 120318 145474 4311
leaf_count=254419 10876 1269088 197179 13505 94204 376634 260482 33945 11177 222303 13424 120318 145474 4311
internal_value=5.66599e-07 -0.0140149 -0.0184314 -0.0548029 0.0481752 0.0153993 0.0218925 0.0312613 -0.00971174 0.0188176 -0.0107369 0.0328367 0.0808804 0.154176
internal_weight=3.02734e+06 1.58485e+06 1.47977e+06 210684 105080 1.44249e+06 1.18807e+06 916409 271659 732679 235727 496952 183730 38256
internal_count=3027339 1584852 1479772 210684 105080 1442487 1188068 916409 271659 732679 235727 496952 183730 38256
is_linear=0
shrinkage=0.02


Tree=89
num_leaves=15
num_cat=0
split_feature=9 8 17 4 8 17 16 4 4 4 17 16 1 4
split_gain=1.58644e+06 994948 767286 905236 713794 675971 964044 606907 598378 588118 510302 658274 481145 493609
threshold=0.53606674075126659 -0.95380857586860646 0.14011336863040927 -132.33499908447263 0.65512093901634227 0.40405377745628362 -18.100000381469723 -57.374999999999993 -271.19000244140619 284.38999938964849 0.5426442325115205 -0.50000001490116108 71.456691741943374 -92.784999847412095
decision_type=2 2 2 2 2 2 2 2 2 2 2 2 2 2
left_child=1 8 3 -3 5 -2 -7 -6 -1 -4 -8 -12 -13 -14
right_child=4 2 9 -5 7 6 10 -9 -10 -11 11 12 13 -15
leaf_value=-0.4632747775525376 -0.0092806528508277003 0.45525740433589179 0.010612072244483812 0.074907188647095585 0.67491677557988805 0.031754447269764556 -0.045417880044636254 -0.061318282798873545 -0.024726560581326752 0.15784282074474315 -0.023408638330415746 -0.058400946907448292 -0.26957561089629822 -0.12102168807678819
leaf_weight=1240 403151 2681 1958177 35962 1063 51184 196489 766 285990 10903 26266 17169 16093 20205
leaf_count=1240 403151 2681 1958177 35962 1063 51184 196489 766 285990 10903 26266 17169 16093 20205
internal_value=6.40738e-07 0.00817954 0.0131605 0.101407 -0.0256279 -0.0266182 -0.0479658 0.367908 -0.0266359 0.0114281 -0.0627387 -0.105412 -0.145684 -0.186941
internal_weight=3.02734e+06 2.29495e+06 2.00772e+06 38643 732386 730557 327406 1829 287230 1.96908e+06 276222 79733 53467 36298
internal_count=3027339 2294953 2007723 38643 732386 730557 327406 1829 287230 1969080 276222 79733 53467 36298
is_linear=0
shrinkage=0.02


Tree=90
num_leaves=15
num_cat=0
split_feature=9 7 7 7 7 7 4 4 7 7 7 7 7 7
split_gain=1.52361e+06 2.14276e+06 2.42951e+06 2.21479e+06 2.84544e+06 2.57871e+06 2.42424e+06 2.13472e+06 1.8427e+06 1.65432e+06 2.27787e+06 3.40667e+06 2.27539e+06 1.33809e+06
threshold=0.53606674075126659 10765.747070312502 10699.223144531252 10857.246582031252 10974.288085937502 11130.324218750002 -115.9449996948242 -83.704998016357408 10997.610839843752 11199.130371093752 11310.526855468752 11235.322753906252 11282.365722656252 10790.399414062502
decision_type=2 2 2 2 2 2 2 2 2 2 2 2 2 2
left_child=-1 2 -2 13 -5 6 8 -4 -6 -7 11 -11 -13 -3
right_child=1 3 7 4 5 9 -8 -9 -10 10 -12 12 -14 -15
leaf_value=0.0080159712398053719 -0.14239888387172125 -0.086512775419758617 0.5759603680152936 0.060983383019013453 -0.12028459357161737 0.04588574264775315 -0.067968882681587406 0.12212174391872772 -0.43642889995918149 -0.054541109635308282 -0.0080640458136844659 -0.42187577018900291 -0.06966351738194064 -0.36864240065241705
leaf_weight=2294953 7837 15651 6306 126470 13685 101458 57001 12087 16010 98768 233697 20050 11575 11791
leaf_count=2294953 7837 15651 6306 126470 13685 101458 57001 12087 16010 98768 233697 20050 11575 11791
internal_value=6.49122e-07 -0.0251153 0.15235 -0.0317093 -0.0245855 -0.0441826 -0.144326 0.277949 -0.290823 -0.0255308 -0.0454326 -0.112401 -0.293027 -0.207826
internal_weight=3.02734e+06 732386 26230 706156 678714 552244 86696 18393 29695 465548 364090 130393 31625 27442
internal_count=3027339 732386 26230 706156 678714 552244 86696 18393 29695 465548 364090 130393 31625 27442
is_linear=0
shrinkage=0.02


Tree=91
num_leaves=15
num_cat=0
split_feature=9 7 7 9 7 4 9 9 7 4 7 7 7 4
split_gain=1.48352e+06 2.15228e+06 1.95213e+06 1.92467e+06 1.8443e+06 5.17024e+06 3.5966e+06 3.45342e+06 2.51135e+06 1.96452e+06 1.76439e+06 1.55819e+06 3.73824e+06 1.67605e+06
threshold=-0.20045207440853116 12723.007324218752 12629.550292968752 -0.68669712543487538 12158.952636718752 -168.94499969482419 0.51117742061615001 0.28987027704715734 12205.039550781252 -249.45500183105466 12707.136718750002 10942.550292968752 10853.744628906252 39.375000000000007
decision_type=2 2 2 2 2 2 2 2 2 2 2 2 2 2
left_child=1 2 11 -4 9 6 7 -6 -7 -2 -8 12 -1 -14
right_child=4 -3 3 -5 5 8 10 -9 -10 -11 -12 -13 13 -15
leaf_value=0.010555109987276309 -0.21906075999246075 -0.10227819721260037 0.48858615395273602 0.099251413298023922 0.037478874216115711 0.13980197083413334 0.10823642049186796 1.0326355387296291 -0.020549163251323305 -0.02035330929795242 1.09363231146662 0.0047421185585589751 -0.010831935769451446 0.21601264975776996
leaf_weight=196911 20206 60299 6020 32261 2023 47720 13967 4488 215269 1280422 757 1064863 16237 65896
leaf_count=196911 20206 60299 6020 32261 2023 47720 13967 4488 215269 1280422 757 1064863 16237 65896
internal_value=5.71678e-07 0.0146757 0.0197786 0.16059 -0.0133563 0.0327956 0.332911 0.72397 0.00855108 -0.023442 0.159607 0.0157665 0.0578349 0.171171
internal_weight=3.02734e+06 1.44249e+06 1.38219e+06 38281 1.58485e+06 284224 21235 6511 262989 1.30063e+06 14724 1.34391e+06 279044 82133
internal_count=3027339 1442487 1382188 38281 1584852 284224 21235 6511 262989 1300628 14724 1343907 279044 82133
is_linear=0
shrinkage=0.02


Tree=92
num_leaves=15
num_cat=0
split_feature=5 7 7 7 7 6 7 7 4 6 9 7 7 5
split_gain=1.43896e+06 1.20743e+06 1.89832e+06 1.59817e+06 2.81102e+06 1.5781e+06 1.34507e+06 1.30842e+06 1.27422e+06 1.96473e+06 1.85121e+06 2.80059e+06 2.59713e+06 1.26507e+06
threshold=-0.027499999850988385 11187.670410156252 11057.007324218752 11326.573730468752 11368.623535156252 107.27175903320314 10947.744140625002 11204.128417968752 40.375000000000007 78.466175079345717 -0.2852825373411178 11346.758300781252 11358.889648437502 0.062499998137354858
decision_type=2 2 2 2 2 2 2 2 2 2 2 2 2 2
left_child=-1 2 6 7 8 -4 -2 -3 -5 -10 12 -12 -11 -8
right_child=1 3 5 4 -6 -7 13 -9 9 10 11 -13 -14 -15
leaf_value=-0.023613358754928343 0.038467541130002177 0.0069711017306224353 0.15614200233902223 0.020701507095831909 0.00046109044982265823 0.015493509116969575 -0.037170731266715794 -0.076022987020072638 -0.038182527476181199 -0.053822498317394593 0.45033928625867864 0.034494620073298704 0.81288329816007021 0.1019063866650385
leaf_weight=769739 371012 127794 76826 26969 1111837 54579 226615 187396 10970 1934 10580 16689 4833 29566
leaf_count=769739 371012 127794 76826 26969 1111837 54579 226615 187396 10970 1934 10580 16689 4833 29566
internal_value=7.49612e-07 0.00805217 0.0286124 -0.00235285 0.00830298 0.0977295 0.0141301 -0.0423738 0.129424 0.194554 0.269556 0.195943 0.565463 -0.0211163
internal_weight=3.02734e+06 2.2576e+06 758598 1.499e+06 1.18381e+06 131405 627193 315190 71975 45006 34036 27269 6767 256181
internal_count=3027339 2257600 758598 1499002 1183812 131405 627193 315190 71975 45006 34036 27269 6767 256181
is_linear=0
shrinkage=0.02


Tree=93
num_leaves=15
num_cat=0
split_feature=9 8 0 0 8 0 4 0 0 9 8 1 4 0
split_gain=1.3883e+06 913924 939290 908329 684622 684799 643909 808946 762228 908159 1.23456e+06 758814 735269 703187
threshold=0.53606674075126659 -0.95380857586860646 3454.5000000000005 1073.5000000000002 0.65512093901634227 1073.5000000000002 124.47500228881837 4807.5000000000009 2890.5000000000005 -0.24782751500606534 0.93289250135421764 60.019386291503913 73.594997406005874 5760.5000000000009
decision_type=2 2 2 2 2 2 2 2 2 2 2 2 2 2
left_child=1 2 -1 -3 5 -2 8 -8 -5 10 -10 13 -12 -9
right_child=4 3 -4 6 -6 -7 7 11 9 -11 12 -13 -14 -15
leaf_value=-0.0029971733951899781 0.011558629148159591 -0.013109601222427303 -0.083291230541711517 0.015162227730991167 0.36143585724555322 -0.035215296242655604 -0.02112084965525653 0.012688765202530539 0.060154746454618525 0.017901510865037065 0.44410329085703765 0.045590595396787822 0.1593337263998662 -0.28285443975443608
leaf_weight=205968 160429 436155 81262 705374 1829 570128 285469 7620 189540 191886 4374 160568 21171 5566
leaf_count=205968 160429 436155 81262 705374 1829 570128 285469 7620 189540 191886 4374 160568 21171 5566
internal_value=8.28233e-07 0.00765194 -0.0257158 0.0124257 -0.0239739 -0.0249438 0.0195126 -0.000411716 0.0277381 0.049534 0.0777525 0.0336115 0.20825 -0.112183
internal_weight=3.02734e+06 2.29495e+06 287230 2.00772e+06 732386 730557 1.57157e+06 459223 1.11234e+06 406971 215085 173754 25545 13186
internal_count=3027339 2294953 287230 2007723 732386 730557 1571568 459223 1112345 406971 215085 173754 25545 13186
is_linear=0
shrinkage=0.02


Tree=94
num_leaves=15
num_cat=0
split_feature=9 0 9 4 14 13 14 9 4 4 4 9 13 14
split_gain=1.33332e+06 624930 732314 609325 602557 697718 604510 580659 603538 614192 552886 528316 520774 1.14199e+06
threshold=0.53606674075126659 1053.5000000000002 0.70835387706756603 -30.874999999999996 0.53559944033622753 -7.7000000476837149 0.70677906274795543 0.74616098403930675 -97.694999694824205 -115.9449996948242 284.38999938964849 0.44621255993843084 -1.1000000238418577 0.63109514117240917
decision_type=2 2 2 2 2 2 2 2 2 2 2 2 2 2
left_child=10 -2 4 7 -3 -6 -7 -4 9 -9 11 12 13 -1
right_child=1 2 3 -5 5 6 -8 8 -10 -11 -12 -13 -14 -15
leaf_value=0.0045692666696320787 0.011777507963609563 -0.018475719122736947 0.02399113251662378 -0.092093908604076596 -0.014001549870558266 -0.068662854226894637 -0.1700017407812193 -0.29212744681731517 0.12827640586682112 0.76303334957643387 0.14775783506360701 0.091313206722367174 -0.0031974531964973317 0.054144257937318384
leaf_weight=800394 157665 238202 44943 13726 82666 155966 27732 266 10055 1165 11177 29207 1212104 242071
leaf_count=800394 157665 238202 44943 13726 82666 155966 27732 266 10055 1165 11177 29207 1212104 242071
internal_value=8.57441e-07 -0.0234943 -0.0331707 0.0273713 -0.0415889 -0.0622567 -0.08397 0.056442 0.183285 0.566216 0.00749894 0.00681184 0.00571676 0.0160815
internal_weight=3.02734e+06 732386 574721 70155 504566 266364 183698 56429 11486 1431 2.29495e+06 2.28378e+06 2.25457e+06 1.04246e+06
internal_count=3027339 732386 574721 70155 504566 266364 183698 56429 11486 1431 2294953 2283776 2254569 1042465
is_linear=0
shrinkage=0.02


Tree=95
num_leaves=15
num_cat=0
split_feature=5 5 13 14 8 8 6 13 14 14 6 8 8 14
split_gain=1.32168e+06 553063 525570 873494 513369 463398 455548 380728 821193 411089 371670 370595 352658 366047
threshold=-0.027499999850988385 0.082499999552965178 -9.4999999999999982 0.64809018373489391 -0.96664980053901661 -0.844174563884735 102.35916137695314 10.900000095367433 0.70356088876724254 0.66761866211891185 42.53692817687989 0.73663246631622326 -0.844174563884735 0.5895049273967744
decision_type=2 2 2 2 2 2 2 2 2 2 2 2 2 2
left_child=2 4 12 -4 -2 10 -3 8 -7 -9 -6 -8 13 -1
right_child=1 6 3 -5 5 7 11 9 -10 -11 -12 -13 -14 -15
leaf_value=0.0037538232597679817 -0.034878859959564329 0.041868161612879637 -0.021192308015148379 -0.086744667778471299 -0.18992333498111597 0.0069887143329317586 0.31729268685905887 -0.00067173780530309455 0.060715100918292006 -0.049445149864477414 0.052908865748309032 0.078063203694560226 -0.018513623791583271 0.086858136719552365
leaf_weight=58832 114538 31744 460801 98725 2569 1341314 5041 437480 124337 82086 113156 5335 118245 33136
leaf_count=58832 114538 31744 460801 98725 2569 1341314 5041 437480 124337 82086 113156 5335 118245 33136
internal_value=8.77714e-07 0.00771723 -0.0226305 -0.03276 0.00635213 0.0086001 0.0795019 0.00633213 0.0115469 -0.00837827 0.0475021 0.194484 0.00433137 0.0337026
internal_weight=3.02734e+06 2.2576e+06 769739 559526 2.21548e+06 2.10094e+06 42120 1.98522e+06 1.46565e+06 519566 115725 10376 210213 91968
internal_count=3027339 2257600 769739 559526 2215480 2100942 42120 1985217 1465651 519566 115725 10376 210213 91968
is_linear=0
shrinkage=0.02


Tree=96
num_leaves=15
num_cat=0
split_feature=9 7 7 8 7 7 8 7 8 7 7 7 9 7
split_gain=1.27194e+06 2.06412e+06 1.86412e+06 1.84944e+06 1.67831e+06 4.29465e+06 2.22029e+06 4.61251e+06 2.25919e+06 1.47169e+06 1.2385e+06 3.58397e+06 1.60704e+06 1.39404e+06
threshold=-0.24782751500606534 12723.007324218752 12629.550292968752 0.72694364190101635 12158.952636718752 12205.039550781252 -0.8594742715358733 12186.018554687502 -0.95844322443008412 12584.038574218752 10942.550292968752 10853.744628906252 -0.47019329667091364 10679.781738281252
decision_type=2 2 2 2 2 2 2 2 2 2 2 2 2 2
left_child=1 2 9 -4 -2 6 7 -6 -9 10 11 13 -12 -1
right_child=4 -3 3 -5 5 -7 -8 8 -10 -11 12 -13 -14 -15
leaf_value=0.084694898397061208 -0.021749136376613368 -0.1007011044337907 0.47796089670241226 0.09631202663903278 0.048767706202323888 -0.0084238219887019482 0.091593967684350713 0.23476369618030796 0.84434021418135796 -0.15433862019620664 -0.0079828819011480614 0.1686108990470018 0.048157729859694992 -0.02831429526479922
leaf_weight=65466 1318507 60299 6020 32261 10648 227828 39536 3714 7091 20232 744477 79310 280901 131049
leaf_count=65466 1318507 60299 6020 32261 10648 227828 39536 3714 7091 20232 744477 79310 280901 131049
internal_value=8.76475e-07 0.0137932 0.0188713 0.156439 -0.0121841 0.0314812 0.180526 0.344301 0.635223 0.0148849 0.0175173 0.0551375 0.00739707 0.0093353
internal_weight=3.02734e+06 1.42002e+06 1.35972e+06 38281 1.60732e+06 288817 60989 21453 10805 1.32144e+06 1.3012e+06 275825 1.02538e+06 196515
internal_count=3027339 1420015 1359716 38281 1607324 288817 60989 21453 10805 1321435 1301203 275825 1025378 196515
is_linear=0
shrinkage=0.02


Tree=97
num_leaves=15
num_cat=0
split_feature=5 7 7 7 7 7 4 6 9 7 7 7 7 5
split_gain=1.2415e+06 1.13551e+06 2.24283e+06 1.18739e+06 1.18665e+06 1.60817e+06 1.2136e+06 1.88152e+06 1.76299e+06 2.68869e+06 2.49116e+06 1.10533e+06 1.24865e+06 1.18706e+06
threshold=-0.027499999850988385 11196.523925781252 11252.907714843752 11227.193847656252 11368.623535156252 11326.573730468752 40.375000000000007 78.466175079345717 -0.2852825373411178 11346.758300781252 11358.889648437502 11057.007324218752 10947.744140625002 0.052500000223517425
decision_type=2 2 2 2 2 2 2 2 2 2 2 2 2 2
left_child=-1 11 3 -3 5 -4 -7 -8 10 -10 -9 12 -2 -14
right_child=1 2 4 -5 -6 6 7 8 9 -11 -12 -13 13 -15
leaf_value=-0.021933146886235981 0.036538290612793844 -0.044304539270793475 -0.017523676949537693 -0.1764772971122664 -2.3832155045857424e-05 0.020552018855496134 -0.037535735675651168 -0.054127964923760007 0.44103946244457531 0.033586994267099594 0.79470601848265665 0.067118167265562148 -0.041425662198735676 0.069290096774786578
leaf_weight=769739 371012 159894 54272 32751 1111837 26969 10970 1934 10580 16689 4833 199678 208623 47558
leaf_count=769739 371012 159894 54272 32751 1111837 26969 10970 1934 10580 16689 4833 199678 208623 47558
internal_value=9.76409e-07 0.00747959 -0.0033035 -0.0667829 0.0065743 0.0646786 0.126656 0.190218 0.263615 0.191777 0.552385 0.0261373 0.0130894 -0.0208702
internal_weight=3.02734e+06 2.2576e+06 1.43073e+06 192645 1.23808e+06 126247 71975 45006 34036 27269 6767 826871 627193 256181
internal_count=3027339 2257600 1430729 192645 1238084 126247 71975 45006 34036 27269 6767 826871 627193 256181
is_linear=0
shrinkage=0.02


Tree=98
num_leaves=15
num_cat=0
split_feature=8 17 16 4 17 16 4 4 17 4 17 17 17 16
split_gain=1.10206e+06 886009 1.0179e+06 809187 629126 967151 495710 492160 466646 558179 422761 419055 424692 690698
threshold=-0.70585528016090382 0.32226191461086279 -18.100000381469723 -249.45500183105466 0.49345955252647405 -1.4999999999999998 284.38999938964849 -65.215000152587876 0.12508517503738406 -111.73500061035155 0.61151048541069042 0.10326559469103815 0.6548142433166505 8.0999999046325701
decision_type=2 2 2 2 2 2 2 2 2 2 2 2 2 2
left_child=1 8 -3 -4 -5 -6 11 10 9 -1 -7 -2 -13 -14
right_child=6 2 3 4 5 7 -8 -9 -10 -11 -12 12 13 -15
leaf_value=0.2570219155028089 0.10636482906270925 0.028725341470204779 -0.17614650324327399 -0.018969399722439419 0.00047061892014368945 -0.087792204642490837 0.14258443228523476 -0.043811196545377559 0.0080227191021888557 0.024943684856081713 -0.18119710339502101 0.0058993128073864991 0.088607255015900763 -0.03585539976622986
leaf_weight=6727 17514 121892 15569 539480 72112 57561 11177 57456 301257 10783 29249 1701201 59989 25372
leaf_count=6727 17514 121892 15569 539480 72112 57561 11177 57456 301257 10783 29249 1701201 59989 25372
internal_value=1.02726e-06 -0.0147663 -0.0249807 -0.033467 -0.0305258 -0.0593363 0.00986155 -0.0892292 0.0138586 0.114201 -0.119281 0.00903848 0.00808377 0.0516129
internal_weight=3.02734e+06 1.21209e+06 893319 771427 755858 216378 1.81525e+06 144266 318767 17510 86810 1.80408e+06 1.78656e+06 85361
internal_count=3027339 1212086 893319 771427 755858 216378 1815253 144266 318767 17510 86810 1804076 1786562 85361
is_linear=0
shrinkage=0.02


Tree=99
num_leaves=15
num_cat=0
split_feature=5 7 7 6 7 7 7 7 5 6 9 7 7 7
split_gain=1.161e+06 1.09623e+06 1.96981e+06 1.42516e+06 1.38181e+06 2.60035e+06 1.27013e+06 1.19868e+06 1.13949e+06 1.09232e+06 2.17368e+06 2.34912e+06 1.86664e+06 1.04591e+06
threshold=-0.027499999850988385 11185.928222656252 11057.007324218752 103.74929046630861 11326.573730468752 11368.623535156252 11204.128417968752 10947.744140625002 0.06749999895691873 77.044223785400405 -0.29443810880184168 11346.758300781252 11358.889648437502 11727.023925781252
decision_type=2 2 2 2 2 2 2 2 2 2 2 2 2 2
left_child=-1 2 7 -4 6 9 -3 -2 -9 -6 12 -12 -11 -7
right_child=1 4 3 -5 5 13 -8 8 -10 10 11 -13 -14 -15
leaf_value=-0.021210143893551532 0.035659147883169075 0.007139391552116574 0.16314824157752053 0.026106659167128954 -0.031852889422170551 -0.045288028427459583 -0.072996802076399567 -0.033887227862650207 0.1131859898658216 -0.034086578637955993 0.32930995788962619 0.025760437762711929 0.65494401085212195 0.0082155661449100446
leaf_weight=769739 371012 136906 66315 55978 14400 173083 187396 233024 23157 2152 14338 35263 5822 938754
leaf_count=769739 371012 136906 66315 55978 14400 173083 187396 233024 23157 2152 14338 35263 5822 938754
internal_value=1.01484e-06 0.00723313 0.0270023 0.100427 -0.00259166 0.00742845 -0.0391676 0.0126843 -0.0205888 0.123922 0.162882 0.113556 0.469178 -0.000113813
internal_weight=3.02734e+06 2.2576e+06 749486 122293 1.50811e+06 1.18381e+06 324302 627193 256181 71975 57575 49601 7974 1.11184e+06
internal_count=3027339 2257600 749486 122293 1508114 1183812 324302 627193 256181 71975 57575 49601 7974 1111837
is_linear=0
shrinkage=0.02


Tree=100
num_leaves=15
num_cat=0
split_feature=17 8 7 8 7 7 7 7 7 7 7 7 7 7
split_gain=1.06663e+06 1.09692e+06 1.02017e+06 1.92808e+06 1.33642e+06 1.30885e+06 959238 1.7905e+06 991547 957420 2.73677e+06 1.24262e+06 3.27502e+06 3.78489e+06
threshold=0.162966363132 -0.70585528016090382 12723.007324218752 0.70585528016090404 12629.550292968752 12584.038574218752 10679.781738281252 10619.391601562502 10065.734863281252 11456.161132812502 11754.592285156252 11211.744628906252 11282.365722656252 11240.761718750002
decision_type=2 2 2 2 2 2 2 2 2 2 2 2 2 2
left_child=-1 9 4 -4 5 6 7 8 -3 11 -11 -2 13 -13
right_child=1 2 3 -5 -6 -7 -8 -9 -10 10 -12 12 -14 -15
leaf_value=0.07359134251433723 -0.010263256540341537 0.13956332674816646 0.07227481652449258 -0.14408159484729532 0.11655220985170971 -0.15179524660301 0.0070898600883359791 0.2060292396224141 -0.086042643003726355 0.20041218047773718 -0.005991229844638876 -0.11390679047811762 -0.028545539966084218 -0.50927522122608115
leaf_weight=76775 483434 11814 25772 45641 46789 20199 1569104 27938 22844 27554 379151 47199 230946 12179
leaf_count=76775 483434 11814 25772 45641 46789 20199 1569104 27938 22844 27554 379151 47199 230946 12179
internal_value=1.06902e-06 -0.00191402 0.00804442 -0.066002 0.0111577 0.00817179 0.010153 0.0869227 -0.00912085 -0.0168466 0.007997 -0.029905 -0.0626099 -0.195073
internal_weight=3.02734e+06 2.95056e+06 1.7701e+06 71413 1.69869e+06 1.6519e+06 1.6317e+06 62596 34658 1.18046e+06 406705 773758 290324 59378
internal_count=3027339 2950564 1770101 71413 1698688 1651899 1631700 62596 34658 1180463 406705 773758 290324 59378
is_linear=0
shrinkage=0.02


Tree=101
num_leaves=15
num_cat=0
split_feature=5 0 7 7 7 7 7 7 0 7 0 4 7 7
split_gain=1.08998e+06 1.08067e+06 1.4949e+06 1.594e+06 1.03591e+06 1.89936e+06 1.32217e+06 1.70711e+06 1.23891e+06 1.13845e+06 2.32736e+06 1.11371e+06 1.17705e+06 1.113e+06
threshold=-0.027499999850988385 3967.5000000000005 10880.121582031252 10935.090332031252 11185.928222656252 11057.007324218752 11252.907714843752 11204.128417968752 2052.5000000000005 10947.744140625002 3389.5000000000005 166.83499908447268 10939.776855468752 11368.623535156252
decision_type=2 2 2 2 2 2 2 2 2 2 2 2 2 2
left_child=1 -1 -3 -4 5 9 7 -6 -7 10 -2 -12 -13 -8
right_child=4 2 3 -5 6 8 13 -9 -10 -11 11 12 -14 -15
leaf_value=-0.0079757814866435565 -0.0015227246344632439 0.18561201793061 -0.32025191699078243 -0.062770963548490183 0.006948187136236508 0.020177175165628444 0.062475455505108225 -0.093632896824965603 0.15017836439611468 -0.020260040494590483 0.15286542385832669 0.0058141735263023729 0.38342796545382274 -0.0001866541491204174
leaf_weight=600618 244287 8990 10268 149863 136906 48784 126247 133124 73509 256181 75586 47601 3538 1111837
leaf_count=600618 244287 8990 10268 149863 136906 48784 126247 133124 73509 256181 75586 47601 3538 1111837
internal_value=1.03195e-06 -0.0205511 -0.0652081 -0.0793004 0.00700845 0.0262261 -0.0025422 -0.0426396 0.0983255 0.0121664 0.0345566 0.104101 0.0320092 0.00620342
internal_weight=3.02734e+06 769739 169121 160131 2.2576e+06 749486 1.50811e+06 270030 122293 627193 371012 126725 51139 1.23808e+06
internal_count=3027339 769739 169121 160131 2257600 749486 1508114 270030 122293 627193 371012 126725 51139 1238084
is_linear=0
shrinkage=0.02


Tree=102
num_leaves=15
num_cat=0
split_feature=9 7 7 7 7 7 7 6 9 7 7 7 7 7
split_gain=1.07778e+06 2.02211e+06 2.31706e+06 2.16281e+06 2.71553e+06 2.41172e+06 2.14081e+06 1.79802e+06 1.51944e+06 1.49611e+06 1.99381e+06 3.43337e+06 3.64436e+06 1.27412e+06
threshold=0.53606674075126659 10765.747070312502 10699.223144531252 10857.246582031252 10974.288085937502 11130.324218750002 11019.201171875002 76.490684509277358 0.61151722073555004 12707.136718750002 11210.325195312502 11282.365722656252 11240.761718750002 10790.399414062502
decision_type=2 2 2 2 2 2 2 2 2 2 2 2 2 2
left_child=-1 2 -2 13 -5 6 -6 -8 -4 10 -7 12 -12 -3
right_child=1 3 8 4 5 9 7 -9 -10 -11 11 -13 -14 -15
leaf_value=0.0067424084945560993 -0.13657467978827567 -0.083189444197136184 -0.028908057096700239 0.06310359464257749 -0.062014537216713406 0.026050531743664083 -0.054411455535542129 -0.37662439963163141 0.3829638416455925 0.11776258970105107 -0.11699947090592913 -0.02517181172790256 -0.49828522911221601 -0.3584910856576643
leaf_weight=2294953 7837 15651 4871 126470 55536 157590 10400 20760 13522 28892 50160 216380 12526 11791
leaf_count=2294953 7837 15651 4871 126470 55536 157590 10400 20760 13522 28892 50160 216380 12526 11791
internal_value=1.04173e-06 -0.021123 0.151274 -0.0275287 -0.0204891 -0.0396336 -0.13648 -0.269135 0.273931 -0.0215959 -0.0308193 -0.0629339 -0.193256 -0.201566
internal_weight=3.02734e+06 732386 26230 706156 678714 552244 86696 31160 18393 465548 436656 279066 62686 27442
internal_count=3027339 732386 26230 706156 678714 552244 86696 31160 18393 465548 436656 279066 62686 27442
is_linear=0
shrinkage=0.02


Tree=103
num_leaves=15
num_cat=0
split_feature=9 4 0 0 10 3 4 9 14 4 4 3 6 4
split_gain=1.04092e+06 664381 814169 772000 669526 708742 1.22987e+06 646870 617570 613567 582558 1.34686e+06 663116 657026
threshold=-0.24782751500606534 175.27500152587893 4668.5000000000009 5086.5000000000009 -6.9000000953674308 2.0301544666290288 -222.23500061035153 -0.47019329667091364 0.75259011983871471 -249.45500183105466 -164.48500061035153 2.6301535367965703 98.36899566650392 -197.13000488281247
decision_type=2 2 2 2 2 2 2 2 2 2 2 2 2 2
left_child=7 2 10 -3 5 6 -4 8 -1 -6 11 12 -2 -13
right_child=1 3 4 -5 9 -7 -8 -9 -10 -11 -12 13 -14 -15
leaf_value=0.0016279418575166358 0.36677299932158675 -0.004376641076754304 0.78413235541334514 0.25854535967008507 -0.19552151287362471 -0.013729317330722501 0.0099282730580611614 0.035753343006181638 0.081591908560781759 -0.061397320669458751 -0.0098008682440567669 -0.088186642408503199 -0.24976792183059915 0.072382082259921224
leaf_weight=1022476 6833 10349 1237 7849 15589 52441 2402 357399 40140 109016 1355984 15645 770 29209
leaf_count=1022476 6833 10349 1237 7849 15589 52441 2402 357399 40140 109016 1355984 15645 770 29209
internal_value=9.44512e-07 -0.0110221 -0.0123984 0.109103 -0.0523656 0.00502128 0.274536 0.012478 0.00464931 -0.0781917 -0.00727078 0.0581196 0.304084 0.0163684
internal_weight=3.02734e+06 1.60732e+06 1.58913e+06 18198 180685 56080 3639 1.42002e+06 1.06262e+06 124605 1.40844e+06 52457 7603 44854
internal_count=3027339 1607324 1589126 18198 180685 56080 3639 1420015 1062616 124605 1408441 52457 7603 44854
is_linear=0
shrinkage=0.02


Tree=104
num_leaves=15
num_cat=0
split_feature=17 5 0 4 0 4 4 0 0 4 8 4 0 0
split_gain=1.01443e+06 1.0536e+06 1.10939e+06 642340 576118 596332 548612 2.08993e+06 489000 656414 1.36051e+06 453186 426234 424489
threshold=0.18074148148298266 -0.027499999850988385 3967.5000000000005 -129.87499999999997 8173.0000000000009 284.38999938964849 -271.19000244140619 6408.5000000000009 1600.5000000000002 -65.215000152587876 -0.65120527148246754 -271.19000244140619 3679.5000000000005 1073.5000000000002
decision_type=2 2 2 2 2 2 2 2 2 2 2 2 2 2
left_child=3 2 8 -1 5 6 7 -3 -2 10 -10 -4 -12 -8
right_child=1 4 11 -5 -6 -7 13 -9 9 -11 12 -13 -14 -15
leaf_value=0.20453641464326858 0.011967597841365788 -0.22365040087856083 -0.21003255759645242 0.044358636529863979 -0.17008294507000529 0.15636281045483977 -0.012157568281927425 1.017815709865155 -0.01430562689486038 -0.079538946989446052 0.77315403053891707 -0.060834475413054437 -0.066335059032318705 0.0091555422939632557
leaf_weight=11254 242196 1232 8587 90383 7494 10415 480760 955 267021 70522 1146 155167 304 1679903
leaf_count=11254 242196 1232 8587 90383 7494 10415 480760 955 267021 70522 1146 155167 304 1679903
internal_value=9.90889e-07 -0.00215695 -0.0226918 0.0621133 0.00485778 0.00546181 0.00473443 0.320618 -0.00973595 -0.0252422 -0.010977 -0.0686707 0.597888 0.00441321
internal_weight=3.02734e+06 2.9257e+06 744943 101637 2.18076e+06 2.17326e+06 2.16285e+06 2187 581189 338993 268471 163754 1450 2.16066e+06
internal_count=3027339 2925702 744943 101637 2180759 2173265 2162850 2187 581189 338993 268471 163754 1450 2160663
is_linear=0
shrinkage=0.02


Tree=105
num_leaves=15
num_cat=0
split_feature=5 7 7 7 7 7 7 8 5 7 8 7 8 8
split_gain=960462 995566 1.82173e+06 1.24452e+06 2.45568e+06 1.14712e+06 1.08092e+06 1.72382e+06 1.24481e+06 1.08652e+06 1.04824e+06 1.4467e+06 1.94481e+06 1.02164e+06
threshold=-0.027499999850988385 11185.928222656252 11057.007324218752 11326.573730468752 11368.623535156252 11204.128417968752 10947.744140625002 -0.844174563884735 0.047500001266598708 11006.505859375002 0.98865905404090892 10853.744628906252 0.72930297255516063 0.90368562936782848
decision_type=2 2 2 2 2 2 2 2 2 2 2 2 2 2
left_child=-1 2 6 5 13 -3 10 9 -9 -8 11 -2 -13 -5
right_child=1 3 -4 4 -6 -7 7 8 -10 -11 -12 12 -14 -15
leaf_value=-0.019291407622831155 0.0083720258271809157 0.0065123206325811136 0.096029325963756018 0.00054644663959002528 -0.00060396271503751356 -0.069644763416096003 0.95787175655364987 -0.049413599904084497 0.055770429845531995 0.12734924873373707 -0.15481316584880223 0.023327812436240138 0.17612989253367295 0.16748430712746148
leaf_weight=769739 224617 136906 122293 20505 1111837 187396 1126 195146 58486 1423 11453 74989 59953 51470
leaf_count=769739 224617 136906 122293 20505 1111837 187396 1126 195146 58486 1423 11453 74989 59953 51470
internal_value=1.06201e-06 0.00657898 0.0254186 -0.00278384 0.00672549 -0.0374953 0.0116493 -0.0199473 -0.0251575 0.496543 0.0334665 0.039468 0.091224 0.119932
internal_weight=3.02734e+06 2.2576e+06 749486 1.50811e+06 1.18381e+06 324302 627193 256181 253632 2549 371012 359559 134942 71975
internal_count=3027339 2257600 749486 1508114 1183812 324302 627193 256181 253632 2549 371012 359559 134942 71975
is_linear=0
shrinkage=0.02


Tree=106
num_leaves=15
num_cat=0
split_feature=17 9 9 16 17 17 8 13 17 16 8 3 5 17
split_gain=977269 1.00259e+06 647341 608998 752248 521487 477223 503224 945495 450903 443832 506975 424656 415030
threshold=0.15326625853776935 -0.24782751500606534 -0.45021446049213404 -20.100000381469723 0.37123006582260137 0.73045894503593456 0.99276980757713329 -7.7000000476837149 0.54591253399848949 5.9000000953674325 0.78062468767166149 4.6800465583801278 0.072500001639127745 0.52041375637054454
decision_type=2 2 2 2 2 2 2 2 2 2 2 2 2 2
left_child=-1 2 5 13 -5 10 7 -6 -9 -10 11 -2 -13 -3
right_child=1 3 -4 4 6 -7 -8 8 9 -11 -12 12 -14 -15
leaf_value=0.076264816221935969 0.025758119938000014 0.0053037881107116814 0.03519100464961547 0.00049633786425613553 -0.0082126326291182931 0.11488556470079214 0.0058367589582137783 -0.031419189408085878 -0.04634580918261233 -0.12845337259648815 -0.018184578681430391 -0.013924127015627926 0.07397716738271963 0.079358444831571617
leaf_weight=65741 384127 114094 328885 589192 192550 16419 131601 388587 43325 70007 322571 315424 23621 41195
leaf_count=65741 384127 114094 328885 589192 192550 16419 131601 388587 43325 70007 322571 315424 23621 41195
internal_value=1.12886e-06 -0.001692 0.0106727 -0.0126435 -0.0167689 0.00308059 -0.0290831 -0.0357004 -0.0462451 -0.097072 0.00132406 0.010026 -0.00779805 0.0249529
internal_weight=3.02734e+06 2.9616e+06 1.39105e+06 1.57055e+06 1.41526e+06 1.06216e+06 826070 694469 501919 113332 1.04574e+06 723172 339045 155289
internal_count=3027339 2961598 1391047 1570551 1415262 1062162 826070 694469 501919 113332 1045743 723172 339045 155289
is_linear=0
shrinkage=0.02


Tree=107
num_leaves=15
num_cat=0
split_feature=9 8 8 5 6 8 9 3 3 6 5 5 6 8
split_gain=937313 686613 641357 512747 478140 549421 1.55972e+06 1.18098e+06 863747 886517 515603 501819 446589 422607
threshold=0.53606674075126659 -0.95380857586860646 0.65512093901634227 -0.0074999998323619357 48.16533279418946 0.68809700012207042 0.20284801721572879 4.7254962921142587 2.2360858917236333 108.55185699462892 0.087500002235174193 0.047500001266598708 151.35574340820315 0.89291974902153026
decision_type=2 2 2 2 2 2 2 2 2 2 2 2 2 2
left_child=1 12 3 -2 -3 8 10 11 -6 -10 13 -8 -1 -7
right_child=2 4 -4 -5 5 6 7 -9 9 -11 -12 -13 -14 -15
leaf_value=-0.024284705619409788 -0.027157723520105342 -0.058456360202064295 0.3533336647591529 0.022415899206813108 0.13017674404923985 -0.00095987088942094806 -0.41904114416087629 -0.033548873445459849 0.013676678174689996 0.12619704650321301 0.099415626404148763 0.11885395747823065 0.35397541900665952 0.020380764885819861
leaf_weight=285986 634468 39506 1829 96089 33816 950076 6967 9588 302266 30859 24723 766 1244 609156
leaf_count=285986 634468 39506 1829 96089 33816 950076 6967 9588 302266 30859 24723 766 1244 609156
internal_value=1.11783e-06 0.00628786 -0.0196984 -0.0206371 0.0104256 0.0118085 0.00675002 -0.181953 0.0338822 0.0241035 0.00881469 -0.365672 -0.0226341 0.00737749
internal_weight=3.02734e+06 2.29495e+06 732386 730557 2.00772e+06 1.96822e+06 1.60128e+06 17321 366941 333125 1.58396e+06 7733 287230 1.55923e+06
internal_count=3027339 2294953 732386 730557 2007723 1968217 1601276 17321 366941 333125 1583955 7733 287230 1559232
is_linear=0
shrinkage=0.02


Tree=108
num_leaves=15
num_cat=0
split_feature=9 0 9 9 14 13 14 13 14 0 9 14 0 9
split_gain=900191 570742 630425 519151 514280 630431 536061 460873 1.06633e+06 415193 415134 389140 769462 415891
threshold=0.53606674075126659 976.50000000000011 0.70835387706756603 0.44621255993843084 0.53559944033622753 -8.0999999046325666 0.70677906274795543 -1.1000000238418577 0.63109514117240917 976.50000000000011 -0.20045207440853116 0.36789068579673773 5760.5000000000009 0.40984697639942175
decision_type=2 2 2 2 2 2 2 2 2 2 2 2 2 2
left_child=3 -2 4 7 -3 -6 -7 8 -1 -10 -9 12 13 -12
right_child=1 2 -4 -5 5 6 -8 10 9 -11 11 -13 -14 -15
leaf_value=0.0036985479636623755 0.016062531547597247 -0.014705863126603453 0.027534519898439851 0.089929996166028286 -0.0081625989681418792 -0.060569783740955563 -0.15460093512875273 0.0056285676670353888 -0.0012843395757073733 0.064361951375356163 0.012753944061634831 -0.022268220927414241 0.60702489047083652 0.40929924678629093
leaf_weight=804619 146101 243027 71484 29207 81399 161851 28524 769004 47979 195820 14707 431473 1014 1130
leaf_count=804619 146101 243027 71484 29207 81399 161851 28524 769004 47979 195820 14707 431473 1014 1130
internal_value=1.14033e-06 -0.0193043 -0.0281178 0.00616214 -0.035846 -0.0547487 -0.074666 0.00508191 0.0148015 0.0514433 -0.00328909 -0.0185853 0.0756737 0.0412899
internal_weight=3.02734e+06 732386 586285 2.29495e+06 514801 271774 190375 2.26575e+06 1.04842e+06 243799 1.21733e+06 448324 16851 15837
internal_count=3027339 732386 586285 2294953 514801 271774 190375 2265746 1048418 243799 1217328 448324 16851 15837
is_linear=0
shrinkage=0.02


Tree=109
num_leaves=15
num_cat=0
split_feature=9 7 7 7 7 7 7 1 8 7 7 7 7 7
split_gain=864554 1.93605e+06 2.22238e+06 2.07874e+06 2.59168e+06 2.27934e+06 2.04005e+06 2.04757e+06 1.46051e+06 1.42339e+06 1.88684e+06 3.24524e+06 3.477e+06 1.26526e+06
threshold=0.53606674075126659 10765.747070312502 10699.223144531252 10857.246582031252 10974.288085937502 11130.324218750002 11019.201171875002 76.334281921386733 -0.79123097658157338 12707.136718750002 11210.325195312502 11282.365722656252 11240.761718750002 10759.808593750002
decision_type=2 2 2 2 2 2 2 2 2 2 2 2 2 2
left_child=-1 2 -2 -3 -5 6 -6 -8 -4 10 -7 12 -12 -10
right_child=1 3 8 4 5 9 7 -9 13 -11 11 -13 -14 -15
leaf_value=0.0060389955924244464 -0.13213768097405054 -0.19580801510991591 -0.0270161641325567 0.063379287557736447 -0.058447178286800572 0.026874703235816616 -0.037816989246096049 -0.37858268095327063 0.57313351352902242 0.11647750931856077 -0.11190676525582943 -0.022976887323053183 -0.48433361224154686 0.18589814323978796
leaf_weight=2294953 7837 27442 4871 126470 55536 157590 10790 20370 6656 28892 50160 216380 12526 6866
leaf_count=2294953 7837 27442 4871 126470 55536 157590 10790 20370 6656 28892 50160 216380 12526 6866
internal_value=1.18221e-06 -0.0189183 0.14977 -0.0251862 -0.0182848 -0.0369876 -0.131138 -0.260634 0.269895 -0.019452 -0.0284485 -0.0596898 -0.186391 0.376793
internal_weight=3.02734e+06 732386 26230 706156 678714 552244 86696 31160 18393 465548 436656 279066 62686 13522
internal_count=3027339 732386 26230 706156 678714 552244 86696 31160 18393 465548 436656 279066 62686 13522
is_linear=0
shrinkage=0.02


Tree=110
num_leaves=15
num_cat=0
split_feature=9 7 7 9 7 4 9 9 7 4 7 7 9 7
split_gain=840107 1.89578e+06 1.75577e+06 1.76527e+06 1.51671e+06 4.8612e+06 3.15817e+06 3.08526e+06 1.96867e+06 1.7059e+06 1.68127e+06 1.36521e+06 1.23711e+06 1.64253e+06
threshold=-0.29443810880184168 12723.007324218752 12629.550292968752 -0.68669712543487538 12158.952636718752 -168.94499969482419 0.51117742061615001 0.28987027704715734 12205.039550781252 -249.45500183105466 12707.136718750002 12584.038574218752 -0.47019329667091364 11196.523925781252
decision_type=2 2 2 2 2 2 2 2 2 2 2 2 2 2
left_child=1 2 11 -4 9 6 7 -6 -7 -2 -8 12 13 -1
right_child=4 -3 3 -5 5 8 10 -9 -10 -11 -12 -13 -14 -15
leaf_value=0.027189912824509738 -0.20103580433418666 -0.098230074698760689 0.46410670840204032 0.091153602651549384 0.040406770774814839 0.11688778260747822 0.11028872864983001 0.98105005221877861 -0.01794738234892982 -0.015916965093919971 1.0722026904527646 -0.15049173881970324 0.051258411326740638 -0.025006860340476937
leaf_weight=549911 20206 60299 6020 32160 2023 53997 13967 4488 218749 1323937 757 20232 291115 429478
leaf_count=549911 20206 60299 6020 32160 2023 53997 13967 4488 218749 1323937 757 20232 291115 429478
internal_value=1.12649e-06 0.0114419 0.0164189 0.150065 -0.00970122 0.0314481 0.322846 0.689301 0.0087499 -0.0187013 0.160439 0.0124645 0.0150606 0.00430074
internal_weight=3.02734e+06 1.38922e+06 1.32892e+06 38180 1.63812e+06 293981 21235 6511 272746 1.34414e+06 14724 1.29074e+06 1.2705e+06 979389
internal_count=3027339 1389215 1328916 38180 1638124 293981 21235 6511 272746 1344143 14724 1290736 1270504 979389
is_linear=0
shrinkage=0.02


Tree=111
num_leaves=15
num_cat=0
split_feature=17 5 0 7 7 7 7 7 7 4 7 0 0 7
split_gain=913413 840419 1.03851e+06 1.45261e+06 1.48204e+06 878948 1.72619e+06 1.0908e+06 1.2982e+06 1.12428e+06 1.53241e+06 1.40686e+06 1.04978e+06 1.58285e+06
threshold=0.15326625853776935 -0.027499999850988385 3967.5000000000005 10880.121582031252 10935.090332031252 11196.523925781252 11252.907714843752 11368.623535156252 11326.573730468752 118.33499908447267 12592.827636718752 6008.5000000000009 3301.5000000000005 11149.020507812502
decision_type=2 2 2 2 2 2 2 2 2 2 2 2 2 2
left_child=-1 2 -2 -4 -5 12 -7 8 -8 -9 -11 -12 -3 -14
right_child=1 5 3 4 -6 6 7 9 -10 10 11 -13 13 -15
leaf_value=0.073731262449024892 -0.0074191988680260904 0.0047351528548628639 0.18672517497733396 -0.31029094816913205 -0.061831330103971842 -0.060644939577155624 -0.014504882387248895 0.0076228929695293744 0.11668717616892105 -0.022044633819389817 -0.14773789482396235 -0.83549394334188021 0.028058123742329182 0.14527663747215566
leaf_weight=65741 588308 535158 8736 10268 146455 192523 52934 863502 70143 185653 28634 1232 219754 58298
leaf_count=65741 588308 535158 8736 10268 146455 192523 52934 863502 70143 185653 28634 1232 219754 58298
internal_value=1.2658e-06 -0.00163562 -0.0198694 -0.0641341 -0.0781285 0.00458955 -0.00504656 0.00385826 0.0602662 -0.00257631 -0.0434392 -0.176379 0.0211149 0.0526393
internal_weight=3.02734e+06 2.9616e+06 753767 165459 156723 2.20783e+06 1.39462e+06 1.2021e+06 123077 1.07902e+06 215519 29866 813210 278052
internal_count=3027339 2961598 753767 165459 156723 2207831 1394621 1202098 123077 1079021 215519 29866 813210 278052
is_linear=0
shrinkage=0.02


Tree=112
num_leaves=15
num_cat=0
split_feature=17 0 4 0 13 14 4 4 4 4 17 4 0 4
split_gain=882136 774390 625925 712762 777374 1.28877e+06 671771 597419 520665 492524 460296 423548 1.16208e+06 853729
threshold=0.18074148148298266 8173.0000000000009 31.384999275207523 2748.5000000000005 -10.499999999999998 0.61200520396232616 -153.3450012207031 -129.87499999999997 284.38999938964849 -249.45500183105466 0.58230808377265941 138.31500244140628 2870.5000000000005 40.375000000000007
decision_type=2 2 2 2 2 2 2 2 2 2 2 2 2 2
left_child=7 2 3 6 10 -6 -2 -1 11 -7 -5 12 -4 -14
right_child=1 -3 8 4 5 9 -8 -9 -10 -11 -12 -13 13 -15
leaf_value=0.19527420520304697 0.46384854244648799 -0.16665098075015153 -0.0021576918653504178 -0.00052747699959598316 -0.019470835936826046 -0.30674569405445867 -0.00063104154478128491 0.040799660951601584 0.14961745889394698 -0.089392206920617556 0.10991277668826005 -0.011645252374033417 0.39184376082056183 0.040528895254327194
leaf_weight=11254 1237 11373 617303 116426 299249 4320 1043657 90383 10415 114521 17334 335920 2779 351168
leaf_count=11254 1237 11373 617303 116426 299249 4320 1043657 90383 10415 114521 17334 335920 2779 351168
internal_value=1.18098e-06 -0.00201113 -0.00136806 -0.00978768 -0.0281744 -0.0416007 -7.67134e-05 0.0579219 0.00883542 -0.0973186 0.0137915 0.00771258 0.0144078 0.0432983
internal_weight=3.02734e+06 2.9257e+06 2.91433e+06 1.59674e+06 551850 418090 1.04489e+06 101637 1.31758e+06 118841 133760 1.30717e+06 971250 353947
internal_count=3027339 2925702 2914329 1596744 551850 418090 1044894 101637 1317585 118841 133760 1307170 971250 353947
is_linear=0
shrinkage=0.02


Tree=113
num_leaves=15
num_cat=0
split_feature=17 9 7 7 9 7 4 9 9 7 4 7 7 7
split_gain=848654 820795 1.79682e+06 1.68733e+06 1.63187e+06 1.19936e+06 3.78964e+06 2.3962e+06 2.8941e+06 1.61948e+06 1.56945e+06 1.53573e+06 1.0657e+06 2.96272e+06
threshold=0.15326625853776935 -0.24782751500606534 12723.007324218752 12657.802246093752 -0.68669712543487538 12158.952636718752 -168.94499969482419 0.51117742061615001 0.28987027704715734 12205.039550781252 -249.45500183105466 12707.136718750002 10942.550292968752 10853.744628906252
decision_type=2 2 2 2 2 2 2 2 2 2 2 2 2 2
left_child=-1 2 3 12 -5 10 7 8 -7 -8 -3 -9 13 -2
right_child=1 5 -4 4 -6 6 9 11 -10 -11 -12 -13 -14 -15
leaf_value=0.071069507115649203 0.0045838265507747904 -0.19498692446862514 -0.098466271728270841 0.46591556709260384 0.088983101150154967 0.03606269794066002 0.10936714497110513 0.10586461247088119 0.98986541987944654 -0.018046845769569816 -0.016860689143707554 1.0514843682650861 0.0019215106791005828 0.15122237640330258
leaf_weight=65741 192571 20089 58915 5855 21240 1986 49145 13190 3536 211977 1269913 715 1035265 77201
leaf_count=65741 192571 20089 58915 5855 21240 1986 49145 13190 3536 211977 1269913 715 1035265 77201
internal_value=1.20955e-06 -0.00157658 0.00961104 0.0143916 0.170578 -0.0114855 0.0259913 0.295408 0.647517 0.00593656 -0.0196361 0.155211 0.0111476 0.0465517
internal_weight=3.02734e+06 2.9616e+06 1.39105e+06 1.33213e+06 27095 1.57055e+06 280549 19427 5522 261122 1.29e+06 13905 1.30504e+06 269772
internal_count=3027339 2961598 1391047 1332132 27095 1570551 280549 19427 5522 261122 1290002 13905 1305037 269772
is_linear=0
shrinkage=0.02


Tree=114
num_leaves=15
num_cat=0
split_feature=17 5 16 17 5 13 17 17 16 16 17 1 8 8
split_gain=820118 787275 438026 594685 433314 378777 870780 666787 424669 366035 323408 316328 345915 361763
threshold=0.18767879158258441 -0.032499999739229672 -19.30000019073486 0.40023520588874822 0.082499999552965178 8.5000000000000018 0.6167568862438203 0.56281241774559032 12.900000095367433 -2.8999999761581416 0.73045894503593456 106.42305374145509 0.8110111951828004 0.94381833076477062
decision_type=2 2 2 2 2 2 2 2 2 2 2 2 2 2
left_child=-1 2 -2 -4 5 6 -3 -7 -8 -9 11 12 -6 -14
right_child=1 4 3 -5 10 7 8 9 -10 -11 -12 -13 13 -15
leaf_value=0.05279557981574777 0.024479858413579192 0.0034899414243140759 -0.0077070234000248062 -0.049347293665191451 -0.029599824222553979 -0.0028099445550638781 0.074198966815653841 0.045628492218592165 -0.048720006090876934 -0.079032452088574678 0.40419911578811218 0.16612084737755697 0.17777866558887889 -0.051506020793142072
leaf_weight=113282 71626 1431391 280080 268905 17397 623421 102339 10813 12623 72892 1107 8576 8912 3975
leaf_count=113282 71626 1431391 280080 268905 17397 623421 102339 10813 12623 72892 1107 8576 8912 3975
internal_value=1.36773e-06 -0.00205114 -0.0220348 -0.0281039 0.00335654 0.00219864 0.00774347 -0.00992679 0.060699 -0.062925 0.0686257 0.0589642 0.0285735 0.107069
internal_weight=3.02734e+06 2.91406e+06 620611 548985 2.29345e+06 2.25348e+06 1.54635e+06 707126 114962 83705 39967 38860 30284 12887
internal_count=3027339 2914057 620611 548985 2293446 2253479 1546353 707126 114962 83705 39967 38860 30284 12887
is_linear=0
shrinkage=0.02


Tree=115
num_leaves=15
num_cat=0
split_feature=17 9 7 7 9 7 7 0 7 7 0 7 7 7
split_gain=790525 770059 1.7278e+06 1.61845e+06 1.5699e+06 1.1515e+06 3.03253e+06 2.31046e+06 1.02133e+06 2.843e+06 1.68202e+06 1.49336e+06 2.24648e+06 1.40063e+06
threshold=0.15326625853776935 -0.24782751500606534 12723.007324218752 12657.802246093752 -0.68669712543487538 12158.952636718752 12205.039550781252 6008.5000000000009 10942.550292968752 10853.744628906252 2072.5000000000005 10997.610839843752 11006.505859375002 10679.781738281252
decision_type=2 2 2 2 2 2 2 2 2 2 2 2 2 2
left_child=-1 2 3 8 -5 -3 7 -7 9 13 -11 -10 -13 -2
right_child=1 5 -4 4 -6 6 -8 -9 11 10 -12 12 -14 -15
leaf_value=0.068592582331181873 0.081937488021373697 -0.019105538834672853 -0.096666343429578347 0.45664315078832379 0.086937691646897727 0.13081197666097538 -0.0075107096780595555 0.799015500605328 -0.065130215034797323 0.027933813026112007 0.22059013194059063 0.31761468428005235 0.0072256865123383916 -0.033131212713019373
leaf_weight=65741 62762 1290002 58915 5855 21240 54606 223801 2142 118140 29086 48115 9414 907711 129809
leaf_count=65741 62762 1290002 58915 5855 21240 54606 223801 2142 118140 29086 48115 9414 907711 129809
internal_value=1.3853e-06 -0.00152141 0.00931492 0.0140028 0.166968 -0.0111192 0.0256022 0.156171 0.0108257 0.0454849 0.148019 0.0017937 0.0104152 0.00437374
internal_weight=3.02734e+06 2.9616e+06 1.39105e+06 1.33213e+06 27095 1.57055e+06 280549 56748 1.30504e+06 269772 77201 1.03526e+06 917125 192571
internal_count=3027339 2961598 1391047 1332132 27095 1570551 280549 56748 1305037 269772 77201 1035265 917125 192571
is_linear=0
shrinkage=0.02


Tree=116
num_leaves=15
num_cat=0
split_feature=17 9 9 16 0 8 17 16 17 17 8 8 0 0
split_gain=768173 776536 609632 596132 663946 920604 1.01455e+06 951278 730231 524009 499649 475822 634541 466170
threshold=0.20504906773567202 -0.24782751500606534 -0.47990448772907252 -20.100000381469723 1974.5000000000002 0.99468204379081737 0.4363336861133576 -4.0999999046325675 0.56281241774559032 0.73045894503593456 0.90368562936782848 0.78501197695732128 2551.5000000000005 7400.5000000000009
decision_type=2 2 2 2 2 2 2 2 2 2 2 2 2 2
left_child=-1 2 9 -3 -5 6 10 -8 -9 11 -6 12 -2 -14
right_child=1 3 -4 4 5 -7 7 8 -10 -11 -12 -13 13 -15
leaf_value=0.044225258626150295 -0.0104106163605949 0.025795438007282928 0.031681389942562525 0.00089933290489748081 -0.0124564092074274 0.022631303552883408 -0.01215954839938967 -0.064861594791349966 -0.15018678238099051 0.1164637334091857 -0.10753445312342881 -0.024011436239019239 0.030401824554008163 -0.12758249590074824
leaf_weight=149350 381859 149905 345074 546901 412895 124531 85927 122097 59771 15439 23350 262477 340134 7629
leaf_count=149350 381859 149905 345074 546901 412895 124531 85927 122097 59771 15439 23350 262477 340134 7629
internal_value=1.48862e-06 -0.00229359 0.00873872 -0.0120764 -0.016204 -0.027493 -0.0363592 -0.0670016 -0.0929106 0.000880774 -0.0175479 -0.000919058 0.00738847 0.0269324
internal_weight=3.02734e+06 2.87799e+06 1.35261e+06 1.52538e+06 1.37547e+06 828571 704040 267795 181868 1.00754e+06 436245 992099 729622 347763
internal_count=3027339 2877989 1352612 1525377 1375472 828571 704040 267795 181868 1007538 436245 992099 729622 347763
is_linear=0
shrinkage=0.02


Tree=117
num_leaves=15
num_cat=0
split_feature=7 7 7 7 7 7 7 9 0 9 9 9 7 0
split_gain=760106 3.2492e+06 1.80215e+06 1.59142e+06 1.86492e+06 1.31079e+06 1.86304e+06 3.38604e+06 1.23764e+06 1.31405e+06 1.12566e+06 1.91026e+06 2.35223e+06 1.20436e+06
threshold=11200.173339843752 11310.526855468752 11368.623535156252 11519.124511718752 11470.466308593752 11057.007324218752 11019.201171875002 0.53606674075126659 2769.5000000000005 0.70585528016090404 -0.2852825373411178 -0.42819528281688685 11358.889648437502 1170.5000000000002
decision_type=2 2 2 2 2 2 2 2 2 2 2 2 2 2
left_child=5 -2 10 4 -4 6 -1 -8 -9 -10 11 -3 -13 -14
right_child=1 2 3 -5 -6 -7 7 8 9 -11 -12 12 13 -15
leaf_value=0.010176122372419974 -0.072922247744146865 -0.047147869589443545 -0.035422654653485305 0.0065891832560447307 -0.29515855988142486 0.049903641277475597 -0.0026067396014647893 -0.14623397917517683 -0.50478412937259942 0.076046847636948842 0.052984231901603458 -0.051887135307410882 0.036760763776743546 0.7789355093765491
leaf_weight=773529 263618 5656 275021 1200784 11511 286434 57112 13897 10712 1820 118422 2828 1064 4931
leaf_count=773529 263618 5656 275021 1200784 11511 286434 57112 13897 10712 1820 118422 2828 1064 4931
internal_value=1.44293e-06 -0.00780643 0.00278863 -0.00351678 -0.0458672 0.0128643 0.000485229 -0.0892357 -0.276365 -0.420436 0.0733486 0.239753 0.423519 0.647497
internal_weight=3.02734e+06 1.88384e+06 1.62022e+06 1.48732e+06 286532 1.1435e+06 857070 83541 26429 12532 132901 14479 8823 5995
internal_count=3027339 1883835 1620217 1487316 286532 1143504 857070 83541 26429 12532 132901 14479 8823 5995
is_linear=0
shrinkage=0.02


Tree=118
num_leaves=15
num_cat=0
split_feature=17 7 7 7 7 7 7 7 9 8 7 9 8 7
split_gain=750448 707252 3.0301e+06 1.77134e+06 1.5509e+06 1.76816e+06 1.30527e+06 1.74433e+06 3.2439e+06 1.20169e+06 1.30459e+06 1.08869e+06 1.85122e+06 2.23474e+06
threshold=0.10326559469103815 11200.173339843752 11310.526855468752 11368.623535156252 11519.124511718752 11470.466308593752 11057.007324218752 11019.201171875002 0.53606674075126659 -0.95380857586860646 11421.926269531252 -0.2852825373411178 0.90368562936782848 11358.889648437502
decision_type=2 2 2 2 2 2 2 2 2 2 2 2 2 2
left_child=-1 6 -3 11 5 9 7 -2 -9 10 -5 12 -4 -14
right_child=1 2 3 4 -6 -7 -8 8 -10 -11 -12 -13 13 -15
leaf_value=0.099249133680026275 0.0084814593470737363 -0.071472962188686678 -0.046208091674319683 -0.081039020234012299 0.0055119508325933639 -0.28927199977621137 0.048462878329795338 -0.0029339959619578094 -0.2709752960697881 -0.012444780494352631 -0.37885131516061771 0.051842321990662896 -0.050938095688376268 0.63507383494424807
leaf_weight=30161 765597 263117 5653 59579 1184670 11510 285289 57041 26418 205641 6520 117379 2778 5986
leaf_count=30161 765597 263117 5653 59579 1184670 11510 285289 57041 26418 205641 6520 117379 2778 5986
internal_value=1.40427e-06 -0.00099766 -0.008579 0.001766 -0.00454025 -0.0465815 0.0114524 -0.000983737 -0.087802 -0.0362916 -0.110468 0.0719991 0.235958 0.41781
internal_weight=3.02734e+06 2.99718e+06 1.86283e+06 1.59972e+06 1.46792e+06 283250 1.13434e+06 849056 83459 271740 66099 131796 14417 8764
internal_count=3027339 2997178 1862833 1599716 1467920 283250 1134345 849056 83459 271740 66099 131796 14417 8764
is_linear=0
shrinkage=0.02


Tree=119
num_leaves=15
num_cat=0
split_feature=0 7 6 7 4 7 7 0 7 7 9 7 4 7
split_gain=704605 801881 1.83973e+06 1.96486e+06 2.23499e+06 1.72369e+06 1.61198e+06 1.26624e+06 1.23551e+06 1.14039e+06 2.36696e+06 1.67683e+06 1.73909e+06 1.92937e+06
threshold=8173.0000000000009 10775.280273437502 52.668022155761726 10619.391601562502 -71.405002593994126 10679.781738281252 10759.808593750002 2013.5000000000002 10065.734863281252 10814.940429687502 0.58831891417503368 10889.665527343752 -174.19499969482419 10853.744628906252
decision_type=2 2 2 2 2 2 2 2 2 2 2 2 2 2
left_child=1 2 -1 8 6 7 -5 -6 -4 10 -3 12 13 -11
right_child=-2 9 3 4 5 -7 -8 -9 -10 11 -12 -13 -14 -15
leaf_value=-0.14796992660108774 -0.15314743449057752 -0.01306599182382117 0.14160563711940177 0.68403222781221173 -0.059412187016716543 0.02256981399084999 0.18712188614576861 0.29906256236359119 -0.098411103099027356 0.8963457850888582 -0.25710910519098495 -0.0024825895544502087 0.060243809631760854 0.14788194206274646
leaf_weight=17257 11959 63749 11582 4530 4932 50738 6173 19555 32995 2112 21169 2685490 91156 3942
leaf_count=17257 11959 63749 11582 4530 4932 50738 6173 19555 32995 2112 21169 2685490 91156 3942
internal_value=1.35213e-06 0.000609253 0.0460429 0.0717073 0.127597 0.0890931 0.397881 0.226865 -0.0360317 -0.00173199 -0.0739262 0.000471371 0.0820685 0.410042
internal_weight=3.02734e+06 3.01538e+06 147762 130505 85928 75225 10703 24487 44577 2.86762e+06 84918 2.7827e+06 97210 6054
internal_count=3027339 3015380 147762 130505 85928 75225 10703 24487 44577 2867618 84918 2782700 97210 6054
is_linear=0
shrinkage=0.02


Tree=120
num_leaves=15
num_cat=0
split_feature=7 7 7 7 7 7 7 4 7 8 4 7 7 8
split_gain=692260 2.99736e+06 1.66208e+06 1.46761e+06 1.72032e+06 1.21805e+06 1.71566e+06 1.93083e+06 1.82656e+06 3.90578e+06 3.32534e+06 1.53797e+06 1.31982e+06 1.1982e+06
threshold=11200.173339843752 11310.526855468752 11368.623535156252 11519.124511718752 11470.466308593752 11057.007324218752 11006.505859375002 -113.6949996948242 10997.610839843752 -0.80862879753112782 -99.344997406005845 10976.409667968752 11033.102539062502 -0.95380857586860646
decision_type=2 2 2 2 2 2 2 2 2 2 2 2 2 2
left_child=5 -2 -3 4 13 6 8 12 11 -10 -11 -1 -8 -4
right_child=1 2 3 -5 -6 -7 7 -9 9 10 -12 -13 -14 -15
leaf_value=0.014040050573177601 -0.069991291987241605 0.07048879634475981 -0.10814707179214862 0.0063758366278258106 -0.28343115982826605 0.047981969462666245 -0.49177258392860146 -0.043853891513001023 0.89487322503822675 -0.41704762176808791 0.21730523626913603 -0.092632771077668347 -0.07566735168242758 -0.010474428196219339
leaf_weight=668213 263618 132901 66141 1200784 11511 286434 6950 94247 2727 4119 16568 58812 5434 208880
leaf_count=668213 263618 132901 66141 1200784 11511 286434 6950 94247 2727 4119 16568 58812 5434 208880
internal_value=1.4379e-06 -0.00744983 0.00272635 -0.00332906 -0.0439988 0.0122768 0.000343653 -0.0747203 0.0110105 0.184843 0.0908574 0.00540967 -0.309399 -0.0339673
internal_weight=3.02734e+06 1.88384e+06 1.62022e+06 1.48732e+06 286532 1.1435e+06 857070 106631 750439 23414 20687 727025 12384 275021
internal_count=3027339 1883835 1620217 1487316 286532 1143504 857070 106631 750439 23414 20687 727025 12384 275021
is_linear=0
shrinkage=0.02


Tree=121
num_leaves=15
num_cat=0
split_feature=0 9 0 4 0 4 3 4 9 4 4 0 5 4
split_gain=668235 619846 617548 709402 1.08487e+06 633716 623959 700034 1.43012e+06 667350 589506 731240 720105 484745
threshold=8173.0000000000009 -0.29443810880184168 875.50000000000011 150.1549987792969 3564.5000000000005 284.38999938964849 4.8968198299407968 51.254999160766609 -0.51891005039215077 44.585000991821296 84.395000457763686 2393.5000000000005 0.077500000596046462 121.40500259399415
decision_type=2 2 2 2 2 2 2 2 2 2 2 2 2 2
left_child=1 2 -1 4 10 -5 9 8 -8 -6 11 -4 -12 -11
right_child=-2 -3 3 5 6 -7 7 -9 -10 13 12 -13 -14 -15
leaf_value=-0.017970395139017398 -0.14914247433923492 -0.0077598740967502501 0.014765583380705834 -0.02006654544916299 0.463697526884219 0.13615010942786751 0.14541562870386357 0.03569490198731743 -0.83206418574971053 0.13966439122188823 -0.019607409438588245 0.078694149459615587 0.1280266159070387 0.053346121332223329
leaf_weight=250667 11959 1631151 367540 236711 1967 10854 1277 74362 1113 47860 231934 88869 14004 57071
leaf_count=250667 11959 1631151 367540 236711 1967 10854 1277 74362 1113 47860 231934 88869 14004 57071
internal_value=1.38604e-06 0.00059339 0.0104367 0.0167186 0.0250819 -0.0132122 0.0683601 0.0248488 -0.311349 0.0995955 0.0137647 0.0272148 -0.011196 0.0927264
internal_weight=3.02734e+06 3.01538e+06 1.38423e+06 1.13356e+06 885997 247565 183650 76752 2390 106898 702347 456409 245938 104931
internal_count=3027339 3015380 1384229 1133562 885997 247565 183650 76752 2390 106898 702347 456409 245938 104931
is_linear=0
shrinkage=0.02


Tree=122
num_leaves=15
num_cat=0
split_feature=17 7 7 7 8 7 7 8 8 6 7 7 7 7
split_gain=718093 641815 3.32603e+06 1.74426e+06 1.46075e+06 1.06171e+06 1.60089e+06 1.93618e+06 2.01571e+06 1.00174e+06 989996 1.52124e+06 1.42122e+06 1.63013e+06
threshold=0.10326559469103815 11203.090820312502 11252.907714843752 11235.322753906252 0.67900785803794872 11057.007324218752 11019.201171875002 -0.70585528016090382 -0.844174563884735 137.68394470214847 11368.623535156252 11326.573730468752 11519.124511718752 11470.466308593752
decision_type=2 2 2 2 2 2 2 2 2 2 2 2 2 2
left_child=-1 5 3 -3 -5 6 9 8 -8 -2 11 -4 13 -12
right_child=1 2 10 4 -6 -7 7 -9 -10 -11 12 -13 -14 -15
leaf_value=0.097086017268677091 0.0052604063629368494 -0.063948693444933105 -0.023846818967411011 -0.34215717334105122 0.00045200200088656894 0.041621568367175003 0.16100914296673804 -0.013648222379857019 -0.28895071394802907 0.20200982184146085 -0.034703900779186808 0.098625424625972846 0.0052839271902101349 -0.277609389518154
leaf_weight=30161 755112 168989 70001 17486 6957 320307 4751 54283 24425 10485 271740 96462 1184670 11510
leaf_count=30161 755112 168989 70001 17486 6957 320307 4751 54283 24425 10485 271740 96462 1184670 11510
internal_value=1.3684e-06 -0.000975921 -0.00837856 -0.0867986 -0.244682 0.010595 -0.00111012 -0.0842822 -0.215649 0.00795756 0.000903045 0.047125 -0.00433882 -0.044584
internal_weight=3.02734e+06 2.99718e+06 1.82782e+06 193432 24443 1.16936e+06 849056 83459 29176 765597 1.63438e+06 166463 1.46792e+06 283250
internal_count=3027339 2997178 1827815 193432 24443 1169363 849056 83459 29176 765597 1634383 166463 1467920 283250
is_linear=0
shrinkage=0.02


Tree=123
num_leaves=15
num_cat=0
split_feature=17 5 0 7 7 0 7 7 8 5 7 7 6 0
split_gain=697815 672406 986103 824804 2.25821e+06 939614 1.08578e+06 3.12165e+06 2.6494e+06 992319 868125 1.17549e+06 874118 1.22065e+06
threshold=0.21437171846628192 -0.032499999739229672 1641.5000000000002 11203.090820312502 11252.907714843752 2748.5000000000005 11057.007324218752 10947.744140625002 -0.844174563884735 0.062499998137354858 11368.623535156252 11326.573730468752 77.044223785400405 1484.5000000000002
decision_type=2 2 2 2 2 2 2 2 2 2 2 2 2 2
left_child=-1 2 -2 5 -5 -3 7 -7 -9 -10 11 -6 -13 -14
right_child=1 3 -4 4 10 6 -8 8 9 -11 -12 12 13 -15
leaf_value=0.039000513377030248 0.0152042715022881 -0.00080422040928174881 -0.03891954756062703 -0.079930024662895685 -0.017027129116007164 0.075166966911058966 0.094311617957824639 0.72016234712312233 -0.092916185587299666 0.085201161876598305 -0.0037032147620169099 -0.035526099187005784 0.00060420271960817575 0.20417054204557528
leaf_weight=173023 201198 488878 407052 151268 54964 168932 109204 1709 100993 14272 1086413 13826 16946 38661
leaf_count=173023 201198 488878 407052 151268 54964 168932 109204 1709 100993 14272 1086413 13826 16946 38661
internal_value=1.3124e-06 -0.00236286 -0.0210164 0.0026887 -0.00707502 0.0177329 0.0406687 0.0201768 -0.0592386 -0.0708562 0.00202742 0.052072 0.106766 0.142146
internal_weight=3.02734e+06 2.85432e+06 608250 2.24607e+06 1.36208e+06 883988 395110 285906 116974 115265 1.21081e+06 124397 69433 55607
internal_count=3027339 2854316 608250 2246066 1362078 883988 395110 285906 116974 115265 1210810 124397 69433 55607
is_linear=0
shrinkage=0.02


Tree=124
num_leaves=15
num_cat=0
split_feature=17 0 7 6 7 9 7 7 0 7 7 9 7 0
split_gain=678829 639149 719900 1.75224e+06 1.70766e+06 1.26961e+06 1.91085e+06 1.75907e+06 1.18517e+06 1.18505e+06 1.09919e+06 2.24877e+06 1.63324e+06 998455
threshold=0.12508517503738406 8173.0000000000009 10775.280273437502 52.668022155761726 10619.391601562502 0.61151722073555004 10679.781738281252 10759.808593750002 2013.5000000000002 10065.734863281252 10814.940429687502 0.58831891417503368 10889.665527343752 4202.5000000000009
decision_type=2 2 2 2 2 2 2 2 2 2 2 2 2 2
left_child=-1 2 3 -2 9 6 8 -7 -6 -5 11 13 -12 -4
right_child=1 -3 10 4 5 7 -8 -9 -10 -11 12 -13 -14 -15
leaf_value=0.079748992569628252 -0.1467049791320075 -0.14928568537077963 -0.038311821432436818 0.13760368373703352 -0.05801204337965736 0.54633528703202605 -0.0019642372845718871 0.12972243753335175 0.28963640534968643 -0.099798033096849356 0.080279498843207467 -0.25225560024876759 -0.0035266978973953244 0.24685021905885646
leaf_weight=42092 17153 11591 57849 11553 4899 6057 42108 12246 19606 30843 96392 21164 2648429 5357
leaf_count=42092 17153 11591 57849 11553 4899 6057 42108 12246 19606 30843 96392 21164 2648429 5357
internal_value=1.34989e-06 -0.00112335 -0.000545321 0.0430013 0.0685705 0.120322 0.0797616 0.267816 0.220139 -0.0350879 -0.00276906 -0.0738694 -0.000583322 -0.0141075
internal_weight=3.02734e+06 2.98525e+06 2.97366e+06 144465 127312 84916 66613 18303 24505 42396 2.82919e+06 84370 2.74482e+06 63206
internal_count=3027339 2985247 2973656 144465 127312 84916 66613 18303 24505 42396 2829191 84370 2744821 63206
is_linear=0
shrinkage=0.02


Tree=125
num_leaves=15
num_cat=0
split_feature=17 5 7 7 1 7 7 7 7 8 8 7 7 1
split_gain=656438 642068 787792 1.60117e+06 1.18345e+06 967323 1.4712e+06 833661 1.12895e+06 805472 2.04684e+06 1.68818e+06 1.06815e+06 1.31231e+06
threshold=0.21437171846628192 -0.032499999739229672 11185.928222656252 11057.007324218752 103.82711791992189 11252.907714843752 11219.278320312502 11368.623535156252 11326.573730468752 0.90368562936782848 0.95567026734352123 11358.889648437502 11346.758300781252 83.91241836547853
decision_type=2 2 2 2 2 2 2 2 2 2 2 2 2 2
left_child=-1 -2 3 -3 -5 6 -4 8 -7 -10 11 -11 13 -12
right_child=1 2 5 4 -6 7 -8 -9 9 10 12 -13 -14 -15
leaf_value=0.037826674079854676 -0.02051948816105564 0.0064461557117937926 -0.016904707072967328 0.13854698015466504 0.012829578531354743 -0.016616127360541424 -0.13279249268465765 -0.0035555293876160942 0.0047488683032557042 -0.059213005705283032 0.026376131041371591 0.62684138194528582 0.0084381423770521369 0.38795467699072095
leaf_weight=173023 608250 627452 230988 70878 51870 54964 54068 1086413 22023 1921 7525 5638 23724 8602
leaf_count=173023 608250 627452 230988 70878 51870 54964 54068 1086413 22023 1921 7525 5638 23724 8602
internal_value=1.37286e-06 -0.00229164 0.00264465 0.0193701 0.0854277 -0.00574351 -0.0388897 0.0020602 0.0511013 0.104702 0.151121 0.452641 0.0938291 0.219361
internal_weight=3.02734e+06 2.85432e+06 2.24607e+06 750200 122748 1.49587e+06 285056 1.21081e+06 124397 69433 47410 7559 39851 16127
internal_count=3027339 2854316 2246066 750200 122748 1495866 285056 1210810 124397 69433 47410 7559 39851 16127
is_linear=0
shrinkage=0.02


Tree=126
num_leaves=15
num_cat=0
split_feature=8 10 4 14 4 14 4 3 8 4 4 1 4 6
split_gain=447136 528323 842999 520551 463172 416627 408522 1.25579e+06 1.0042e+06 379478 356601 514716 924096 678819
threshold=-0.71208626031875599 -9.7000002861022931 -249.45500183105466 0.67896097898483287 -222.23500061035153 0.65560260415077221 -160.13500213623044 2.3114973306655888 -0.8594742715358733 284.38999938964849 138.31500244140628 60.511138916015632 253.78499603271487 58.917928695678718
decision_type=2 2 2 2 2 2 2 2 2 2 2 2 2 2
left_child=1 6 5 -4 -2 -3 7 8 -1 10 -6 12 -12 -14
right_child=4 2 3 -5 9 -7 -8 -9 -10 -11 11 -13 13 -15
leaf_value=0.66201964139135172 0.46889038662552684 -0.1005523748656942 -0.0087475460724465281 -0.055840119869507321 0.0096068381411709043 -0.33120383815601223 0.0041547769923569108 0.034110156887531627 0.047992895952523568 0.12210908638163166 -0.068307524061286998 -0.0053168684433145888 -0.10398889356716114 -1.0414645151968127
leaf_weight=2432 855 13213 770329 106913 1469152 4103 257023 36832 1893 11177 29504 322668 562 683
leaf_count=2432 855 13213 770329 106913 1469152 4103 257023 36832 1893 11177 29504 322668 562 683
internal_value=1.41178e-06 -0.00953128 -0.0172162 -0.0144875 0.00619897 -0.155366 0.0135237 0.0720166 0.394003 0.00598067 0.00526783 -0.0127691 -0.090942 -0.622499
internal_weight=3.02734e+06 1.19274e+06 894558 877242 1.8346e+06 17316 298180 41157 4325 1.83375e+06 1.82257e+06 353417 30749 1245
internal_count=3027339 1192738 894558 877242 1834601 17316 298180 41157 4325 1833746 1822569 353417 30749 1245
is_linear=0
shrinkage=0.02


Tree=127
num_leaves=15
num_cat=0
split_feature=17 0 16 5 0 17 4 0 5 6 17 16 4 4
split_gain=643675 605911 571300 593718 947336 618486 566479 2.03022e+06 387483 396046 343264 335150 333139 480216
threshold=0.10326559469103815 8173.0000000000009 -22.100000381469723 -0.032499999739229672 1620.5000000000002 0.34498000144958502 -271.19000244140619 6408.5000000000009 0.077500000596046462 102.35916137695314 0.74596279859542858 -16.89999961853027 -271.19000244140619 221.06999969482425
decision_type=2 2 2 2 2 2 2 2 2 2 2 2 2 2
left_child=-1 2 -2 4 -4 -6 7 -5 -8 10 -10 -7 -3 -14
right_child=1 12 3 6 5 11 8 -9 9 -11 -12 -13 13 -15
leaf_value=0.091917859108292921 0.032980136808456524 -0.32324903220482204 0.015809981591941951 -0.18095302113518422 -0.0019127871809067833 0.0081229274975193246 0.00041067316068626634 0.9018470527586453 0.014738624934389075 0.14717169852927753 0.38697752694748894 -0.062904274443909586 0.038292582226432254 -0.26884985028226138
leaf_weight=30161 192306 3072 194730 1603 129028 29853 2138579 1206 41869 13665 1005 241695 5255 3312
leaf_count=30161 192306 3072 194730 1603 129028 29853 2138579 1206 41869 13665 1005 241695 5255 3312
internal_value=1.35904e-06 -0.000923906 -0.00036219 -0.00265783 -0.0203752 -0.0379657 0.00214095 0.285473 0.00177708 0.0534516 0.0235529 -0.0550957 -0.144885 -0.0806213
internal_weight=3.02734e+06 2.99718e+06 2.98554e+06 2.79323e+06 595306 400576 2.19793e+06 2809 2.19512e+06 56539 42874 271548 11639 8567
internal_count=3027339 2997178 2985539 2793233 595306 400576 2197927 2809 2195118 56539 42874 271548 11639 8567
is_linear=0
shrinkage=0.02


Tree=128
num_leaves=15
num_cat=0
split_feature=17 9 17 16 5 9 6 9 6 9 17 9 9 16
split_gain=618193 562881 406075 1.07461e+06 396974 396678 379371 370370 361874 328055 315781 382537 358593 271951
threshold=0.10326559469103815 0.55122801661491405 0.47805738449096685 -14.499999999999998 0.082499999552965178 0.74616098403930675 102.35916137695314 0.44621255993843084 34.687686920166023 -0.67629325389862049 0.73045894503593456 -0.58503037691116322 -0.33046366274356836 -16.100000381469723
decision_type=2 2 2 2 2 2 2 2 2 2 2 2 2 2
left_child=-1 4 -3 5 7 -4 10 8 -2 -8 11 -6 -13 -10
right_child=1 2 3 -5 6 -7 9 -9 13 -11 -12 12 -14 -15
leaf_value=0.090080111587344511 -0.11884852772417012 -0.0077460664070614039 0.031705402108464974 -0.071171415160603879 -0.043804039323295622 0.37299551775105771 0.2862149003729868 0.065294284178736048 0.017734505870853144 0.060460741787250555 0.38747426652506689 0.16901474334031533 -0.058566112440450742 -0.00091055514959910292
leaf_weight=30161 9896 539575 42969 132575 16930 1397 5014 37314 378130 5296 950 9131 3967 1814034
leaf_count=30161 9896 539575 42969 132575 16930 1397 5014 37314 378130 5296 950 9131 3967 1814034
internal_value=1.38529e-06 -0.00090538 -0.0163685 -0.0426601 0.0039527 0.0425341 0.0653966 0.00281955 0.00176061 0.170423 0.0303976 0.0189748 0.100094 0.00230562
internal_weight=3.02734e+06 2.99718e+06 716516 176941 2.28066e+06 44366 41288 2.23937e+06 2.20206e+06 10310 30978 30028 13098 2.19216e+06
internal_count=3027339 2997178 716516 176941 2280662 44366 41288 2239374 2202060 10310 30978 30028 13098 2192164
is_linear=0
shrinkage=0.02


Tree=129
num_leaves=15
num_cat=0
split_feature=0 16 9 0 4 9 14 9 6 4 4 4 0 6
split_gain=582695 546511 536480 543377 618788 901811 479770 423425 354299 349661 826242 343388 329621 376909
threshold=8173.0000000000009 -22.100000381469723 0.53606674075126659 976.50000000000011 -30.874999999999996 0.74242034554481517 0.54234197735786449 0.44621255993843084 34.687686920166023 -97.694999694824205 -115.9449996948242 284.38999938964849 2810.5000000000005 114.09402465820314
decision_type=2 2 2 2 2 2 2 2 2 2 2 2 2 2
left_child=1 -1 7 -4 5 6 -5 8 -3 10 -7 -10 -8 -14
right_child=-2 2 3 4 -6 9 12 -9 11 -11 -12 -13 13 -15
leaf_value=0.032947432331920816 -0.13926978595119688 -0.11951121874410764 0.018639992040521653 -0.0041220556873901668 -0.09856184275325823 -0.22863667735997556 -0.016249965819336881 0.082804283256839958 0.0022325783355651562 0.10189532088491067 0.67579385205142051 0.11911911160314188 -0.052363713329452763 -0.15969008554807781
leaf_weight=194857 11959 9507 135887 241689 43334 579 102287 26413 2093343 11077 1296 10092 130477 14542
leaf_count=194857 11959 9507 135887 241689 43334 579 102287 26413 2093343 11077 1296 10092 130477 14542
internal_value=1.43576e-06 0.000554252 -0.00168375 -0.0171417 -0.0260589 -0.0197978 -0.0241619 0.0032381 0.00224308 0.144857 0.396764 0.00279396 -0.0437455 -0.0631364
internal_weight=3.02734e+06 3.01538e+06 2.82052e+06 681168 545281 501947 488995 2.13936e+06 2.11294e+06 12952 1875 2.10344e+06 247306 145019
internal_count=3027339 3015380 2820523 681168 545281 501947 488995 2139355 2112942 12952 1875 2103435 247306 145019
is_linear=0
shrinkage=0.02


Tree=130
num_leaves=15
num_cat=0
split_feature=17 4 16 4 17 13 17 16 18 17 16 4 17 4
split_gain=600322 559402 553205 562574 726594 695683 741809 489969 350237 345564 375133 323319 315064 290710
threshold=0.18074148148298266 -129.87499999999997 -22.100000381469723 -94.514999389648423 0.33213816583156591 -10.299999713897703 0.54591253399848949 5.9000000953674325 0.082660127431154265 0.57800757884979259 -5.2999999523162833 284.38999938964849 0.45416918396949774 -271.19000244140619
decision_type=2 2 2 2 2 2 2 2 2 2 2 2 2 2
left_child=1 13 12 4 -4 9 -7 8 -8 -6 -11 -5 -2 -1
right_child=2 -3 3 11 5 6 7 -9 -10 10 -12 -13 -14 -15
leaf_value=0.57107965934626215 0.0079894518833102061 0.031215369586355304 0.019249066740234144 -0.0003812871663234606 -0.0056335826965453776 -0.037467574944734953 0.046115701325154301 -0.17325471204651316 -0.11410522999084263 0.16121700296546648 -0.094984489541202047 0.11346639663739179 0.060026624603179667 0.1540436473940589
leaf_weight=706 102834 90383 115110 2271331 64669 209876 9019 30592 13792 10541 2911 10012 85015 10548
leaf_count=706 102834 90383 115110 2271331 64669 209876 9019 30592 13792 10541 2911 10012 85015 10548
internal_value=1.42101e-06 0.0477828 -0.00165862 -0.00393669 -0.0242032 -0.0388542 -0.0544055 -0.120953 -0.0507638 0.0135559 0.105744 0.000118836 0.031542 0.180691
internal_weight=3.02734e+06 101637 2.9257e+06 2.73785e+06 456510 341400 263279 53403 22811 78121 13452 2.28134e+06 187849 11254
internal_count=3027339 101637 2925702 2737853 456510 341400 263279 53403 22811 78121 13452 2281343 187849 11254
is_linear=0
shrinkage=0.02


Tree=131
num_leaves=15
num_cat=0
split_feature=17 4 16 4 8 17 13 17 17 8 3 16 5 6
split_gain=580293 596816 567402 650492 930817 671723 645051 565379 534964 469598 443166 390824 358090 388827
threshold=0.21437171846628192 -164.48500061035153 -20.100000381469723 -94.514999389648423 -0.63895034790039051 0.40023520588874822 -8.7000002861022931 0.56281241774559032 0.47429822385311132 -0.8594742715358733 3.4163157939910893 5.9000000953674325 0.062499998137354858 130.3179626464844
decision_type=2 2 2 2 2 2 2 2 2 2 2 2 2 2
left_child=1 9 8 4 5 -4 -7 -8 -2 10 -1 -9 -5 -14
right_child=2 -3 3 12 -6 6 7 11 -10 -11 -12 -13 13 -15
leaf_value=0.6338997806916512 0.0026084875075547643 0.026483477596148598 -0.0023910146587768229 -0.0028205133568608774 0.91238091475606808 0.0063209974067972756 -0.050522612507329097 -0.059651282830178974 0.058499050599104319 0.055589848285305957 0.20510014985993086 -0.18310530996799529 0.022155518887957894 0.17012646804715856
leaf_weight=1372 175007 163276 205488 1993255 411 56004 124993 16916 112555 5129 3246 26103 136099 7485
leaf_count=1372 175007 163276 205488 1993255 411 56004 124993 16916 112555 5129 3246 26103 136099 7485
internal_value=1.44164e-06 0.0355653 -0.00215448 -0.0051392 -0.0275856 -0.0285064 -0.0524605 -0.0720537 0.024486 0.187514 0.333595 -0.134586 -0.000623033 0.0298807
internal_weight=3.02734e+06 173023 2.85432e+06 2.56675e+06 429915 429504 224016 168012 287562 9747 4618 43019 2.13684e+06 143584
internal_count=3027339 173023 2854316 2566754 429915 429504 224016 168012 287562 9747 4618 43019 2136839 143584
is_linear=0
shrinkage=0.02


Tree=132
num_leaves=15
num_cat=0
split_feature=0 9 0 4 0 3 4 8 4 4 0 4 4 0
split_gain=559019 490924 576618 708709 1.0329e+06 598143 673402 1.37152e+06 643885 565214 699281 529184 459785 574679
threshold=8173.0000000000009 -0.29443810880184168 855.50000000000011 150.1549987792969 3564.5000000000005 4.8968198299407968 51.254999160766609 0.85482841730117809 44.585000991821296 84.395000457763686 2393.5000000000005 284.38999938964849 121.40500259399415 4313.5000000000009
decision_type=2 2 2 2 2 2 2 2 2 2 2 2 2 2
left_child=1 2 -1 4 9 8 7 -7 -6 10 -4 -5 -10 -14
right_child=-2 -3 3 11 5 6 -8 -9 12 -11 -12 -13 13 -15
leaf_value=-0.018533300319102247 -0.13641090281523138 -0.006890982764216025 0.013667048895455822 -0.020911665476674664 0.45408916485118062 0.14084151937276354 0.033901219441792453 -0.8164098452587587 0.13541351381261665 -0.011856560692561982 0.076090034439419058 0.12184093224759018 -0.011241214308844465 0.11568574160050504
leaf_weight=244973 11959 1631151 373234 236711 1967 1277 74362 1113 47860 245938 88869 10854 28933 28138
leaf_count=244973 11959 1631151 373234 236711 1967 1277 74362 1113 47860 245938 88869 10854 28933 28138
internal_value=1.5319e-06 0.000543001 0.00930308 0.0152888 0.0236005 0.0658648 0.0232633 -0.306477 0.0964471 0.0126373 0.0256733 -0.0146482 0.0897 0.0513472
internal_weight=3.02734e+06 3.01538e+06 1.38423e+06 1.13926e+06 891691 183650 76752 2390 106898 708041 462103 247565 104931 57071
internal_count=3027339 3015380 1384229 1139256 891691 183650 76752 2390 106898 708041 462103 247565 104931 57071
is_linear=0
shrinkage=0.02


Tree=133
num_leaves=15
num_cat=0
split_feature=7 7 7 7 7 8 7 7 7 7 8 8 6 1
split_gain=596507 2.57783e+06 1.4511e+06 1.30198e+06 1.59202e+06 1.11136e+06 1.23229e+06 1.08709e+06 1.55513e+06 1.72995e+06 3.70483e+06 2.2577e+06 1.61658e+06 1.5572e+06
threshold=11200.173339843752 11310.526855468752 11368.623535156252 11519.124511718752 11470.466308593752 -0.95380857586860646 11421.926269531252 11057.007324218752 11006.505859375002 10997.610839843752 -0.80862879753112782 0.60995402932167064 105.63557815551759 97.685295104980483
decision_type=2 2 2 2 2 2 2 2 2 2 2 2 2 2
left_child=7 -2 -3 4 5 6 -4 8 9 -1 -11 13 -10 -12
right_child=1 2 3 -5 -6 -7 -8 -9 12 10 11 -13 -14 -15
leaf_value=0.0048277951342366775 -0.06491493250798136 0.065837661828317365 -0.074624346211499604 0.0060047566148564192 -0.27177264265641471 -0.0091666711090976957 -0.36383753556237614 0.04512743003547634 -0.14295738851138373 0.87097506126261648 0.074112876782375853 0.33010959110676974 0.013324912981339256 -0.40736918482141116
leaf_weight=727025 263618 132901 59610 1200784 11511 208880 6531 286434 57765 2727 7774 8819 48866 4094
leaf_count=727025 263618 132901 59610 1200784 11511 208880 6531 286434 57765 2727 7774 8819 48866 4094
internal_value=1.50585e-06 -0.00691527 0.00252192 -0.00313613 -0.0414422 -0.0317922 -0.103233 0.0113963 0.00012294 0.0102785 0.179451 0.0879156 -0.0713429 -0.0921812
internal_weight=3.02734e+06 1.88384e+06 1.62022e+06 1.48732e+06 286532 275021 66141 1.1435e+06 857070 750439 23414 20687 106631 11868
internal_count=3027339 1883835 1620217 1487316 286532 275021 66141 1143504 857070 750439 23414 20687 106631 11868
is_linear=0
shrinkage=0.02


Tree=134
num_leaves=15
num_cat=0
split_feature=17 16 9 17 16 8 4 9 4 3 4 1 3 4
split_gain=567181 485327 519269 627128 523403 413230 550120 602722 946759 1.3496e+06 698171 555714 1.03319e+06 666638
threshold=0.10326559469103815 -22.100000381469723 0.55122801661491405 0.48001144826412206 -4.9000000953674308 -0.95380857586860646 -49.735000610351555 0.15994049608707431 46.784999847412116 4.7254962921142587 119.77499771118165 40.519136428833015 2.2360858917236333 -204.52999877929685
decision_type=2 2 2 2 2 2 2 2 2 2 2 2 2 2
left_child=-1 -2 5 -4 -5 -3 11 -8 -9 10 -10 -7 -13 -14
right_child=1 2 3 4 -6 6 7 8 9 -11 -12 12 13 -15
leaf_value=0.086283677157395641 0.029800404334233078 -0.021263003152121613 -0.0076042543196999891 -0.0027729255607064317 -0.079501095500924268 -0.17872477937883008 0.0044840522453167952 -0.021616987160061406 -0.54643343293825508 -0.029846279770214371 -0.0051103258367376234 0.20519671532018646 -0.057628454886353743 0.047306775399788663
leaf_weight=30161 193104 270168 513895 54127 103680 4624 1579682 80470 4567 7747 1204 14470 29264 140176
leaf_count=30161 193104 270168 513895 54127 103680 4624 1579682 80470 4567 7747 1204 14470 29264 140176
internal_value=1.48073e-06 -0.000867067 -0.0029791 -0.0183136 -0.0531857 0.00185136 0.0052049 0.00155637 -0.0476451 -0.202453 -0.433705 0.037592 0.0430403 0.029181
internal_weight=3.02734e+06 2.99718e+06 2.80407e+06 671702 157807 2.13237e+06 1.8622e+06 1.67367e+06 93988 13518 5771 188534 183910 169440
internal_count=3027339 2997178 2804074 671702 157807 2132372 1862204 1673670 93988 13518 5771 188534 183910 169440
is_linear=0
shrinkage=0.02


Tree=135
num_leaves=15
num_cat=0
split_feature=17 0 5 0 9 9 5 8 0 8 9 6 5 6
split_gain=545578 533220 477917 832774 472182 474526 453048 358285 504903 660156 547988 609788 485491 434970
threshold=0.15326625853776935 8173.0000000000009 -0.032499999739229672 1620.5000000000002 0.75179949402809154 0.60596671700477611 -0.052500000223517411 -0.96664980053901661 1150.5000000000002 -0.844174563884735 -0.72804987430572499 102.35916137695314 0.087500002235174193 42.53692817687989
decision_type=2 2 2 2 2 2 2 2 2 2 2 2 2 2
left_child=-1 2 3 -2 5 -5 -6 -4 -9 13 11 -11 -12 -10
right_child=1 -3 7 4 6 -7 -8 8 9 10 12 -13 -14 -15
leaf_value=0.056983591346807375 0.016658468453824484 -0.13717958249003154 -0.027994212199630768 -0.014141425637152495 0.49293588362593105 -0.056893142246362639 0.039618640558607358 -0.011797518717043903 -0.22405806825587379 0.026651406731207691 0.0037583566142887245 0.16778409290540791 0.101445655042581 0.064596834712423265
leaf_weight=65741 206539 11491 136437 218219 1271 198162 2837 519876 2121 43336 1478820 17062 20624 104803
leaf_count=65741 206539 11491 136437 218219 1271 198162 2837 519876 2121 43336 1478820 17062 20624 104803
internal_value=1.41219e-06 -0.00126365 -0.000733771 -0.0162281 -0.0323816 -0.0344885 0.180735 0.00344838 0.00541039 0.0107777 0.00748206 0.0665419 0.00510267 0.0588503
internal_weight=3.02734e+06 2.9616e+06 2.95011e+06 627028 420489 416381 4108 2.32308e+06 2.18664e+06 1.66677e+06 1.55984e+06 60398 1.49944e+06 106924
internal_count=3027339 2961598 2950107 627028 420489 416381 4108 2323079 2186642 1666766 1559842 60398 1499444 106924
is_linear=0
shrinkage=0.02


Tree=136
num_leaves=15
num_cat=0
split_feature=7 7 7 5 7 7 7 6 0 7 6 5 7 0
split_gain=575748 2.91657e+06 1.62087e+06 1.03588e+06 917071 1.49066e+06 1.65524e+06 1.54434e+06 2.00684e+06 1.441e+06 1.10296e+06 1.15158e+06 1.09264e+06 1.25536e+06
threshold=11203.090820312502 11252.907714843752 11235.322753906252 1.0000000180025095e-35 11057.007324218752 11006.505859375002 10997.610839843752 105.63557815551759 4541.5000000000009 10976.409667968752 123.25500106811525 0.06749999895691873 11019.201171875002 6643.5000000000009
decision_type=2 2 2 2 2 2 2 2 2 2 2 2 2 2
left_child=4 2 -2 -4 5 6 9 8 -7 -1 11 -8 13 -10
right_child=1 -3 3 -5 -6 7 10 -9 12 -11 -12 -13 -14 -15
leaf_value=0.013085823716234925 -0.058419082828880989 0.001624929277555538 -0.31644469502682043 -0.030393194290881373 0.039733017648697924 -0.080552108920735568 0.057873150789036279 0.012906307956850329 -0.91873152817324844 -0.090169336331105743 0.44758580238444118 0.61653252650900636 -0.2528541386243926 -0.030212762037957353
leaf_weight=668213 168994 1655379 17278 7165 321453 46115 17065 48866 2401 58812 4743 1606 8384 865
leaf_count=668213 168994 1655379 17278 7165 321453 46115 17065 48866 2401 58812 4743 1606 8384 865
internal_value=1.41713e-06 -0.00696223 -0.0804451 -0.232642 0.0109257 0.000120818 0.0100636 -0.0698479 -0.139844 0.00473194 0.175543 0.106232 -0.374271 -0.684224
internal_weight=3.02734e+06 1.84882e+06 193437 24443 1.17852e+06 857070 750439 106631 57765 727025 23414 18671 11650 3266
internal_count=3027339 1848816 193437 24443 1178523 857070 750439 106631 57765 727025 23414 18671 11650 3266
is_linear=0
shrinkage=0.02


Tree=137
num_leaves=15
num_cat=0
split_feature=7 9 7 7 9 7 9 7 4 7 7 7 7 4
split_gain=565528 1.27906e+06 2.05452e+06 1.86258e+06 1.12671e+06 1.07885e+06 2.10874e+06 1.50372e+06 1.6639e+06 1.81673e+06 920880 1.29158e+06 900756 879965
threshold=10775.280273437502 0.60596671700477611 10699.223144531252 10759.808593750002 -0.36449530720710749 10814.940429687502 0.58831891417503368 10889.665527343752 -174.19499969482419 10853.744628906252 10699.223144531252 10619.391601562502 10065.734863281252 -37.545000076293938
decision_type=2 2 2 2 2 2 2 2 2 2 2 2 2 2
left_child=1 4 -3 13 10 6 -2 8 9 -7 11 12 -1 -4
right_child=5 2 3 -5 -6 7 -8 -9 -10 -11 -12 -13 -14 -15
leaf_value=0.12434758811295338 -0.014768256981185919 -0.1250444911783446 0.63368891662902038 0.1247238424417029 -0.11747036264050076 0.87011928351615342 -0.24511541665990685 -0.0026437248559298817 0.056073094162666808 0.14383158121701825 -0.082331990749763787 0.13956707034130761 -0.086391963973715208 0.039868542059775733
leaf_weight=11908 63749 7283 5755 12855 22533 2112 21169 2692463 91156 3942 20231 45573 25401 1209
leaf_count=11908 63749 7283 5755 12855 22533 2112 21169 2692463 91156 3942 20231 45573 25401 1209
internal_value=1.34962e-06 0.0374997 0.162085 0.267609 0.0106155 -0.00199133 -0.0722133 0.000146482 0.0774204 0.398225 0.0386146 0.0681435 -0.0191139 0.530805
internal_weight=3.02734e+06 152748 27102 19819 125646 2.87459e+06 84918 2.78967e+06 97210 6054 103113 82882 37309 6964
internal_count=3027339 152748 27102 19819 125646 2874591 84918 2789673 97210 6054 103113 82882 37309 6964
is_linear=0
shrinkage=0.02


Tree=138
num_leaves=15
num_cat=0
split_feature=17 0 13 14 4 14 17 14 13 4 13 4 0 4
split_gain=528089 513071 446815 840879 678358 975834 454834 359062 349834 315968 333264 314686 303422 302397
threshold=0.10326559469103815 8173.0000000000009 -9.0999999046325666 0.6342817246913911 -105.83499908447264 0.53669670224189769 0.54591253399848949 0.35856397449970251 1.3000000119209292 -174.19499969482419 8.2999997138977069 -111.73500061035155 976.50000000000011 -271.19000244140619
decision_type=2 2 2 2 2 2 2 2 2 2 2 2 2 2
left_child=11 2 3 -2 5 7 -7 9 -8 10 -4 -1 -5 -3
right_child=1 13 4 12 -6 6 8 -9 -10 -11 -12 -13 -14 -15
leaf_value=0.2263671806730089 0.00057068886589102411 -0.3032404870988839 0.075412001604365633 -0.001005916860954867 -0.00065695505998867188 -0.048498324196566342 -0.023732006988057202 -0.0029446630517064526 -0.16510541560964886 0.038450612726263843 0.47982746344566174 0.054074803632899168 0.059072109797341503 -0.072090756900336977
leaf_weight=5097 633714 3072 1584 42167 1846732 121872 9424 129315 27272 5796 1679 25064 165984 8567
leaf_count=5097 633714 3072 1584 42167 1846732 121872 9424 129315 27272 5796 1679 25064 165984 8567
internal_value=1.41898e-06 -0.000836662 -0.000319768 0.0120265 -0.00516846 -0.0332253 -0.0670926 0.00558649 -0.128816 0.127238 0.284343 0.0832571 0.046902 -0.13331
internal_weight=3.02734e+06 2.99718e+06 2.98554e+06 841865 2.14367e+06 296942 158568 138374 36696 9059 3263 30161 208151 11639
internal_count=3027339 2997178 2985539 841865 2143674 296942 158568 138374 36696 9059 3263 30161 208151 11639
is_linear=0
shrinkage=0.02


Tree=139
num_leaves=15
num_cat=0
split_feature=13 4 11 10 4 5 9 4 8 9 9 3 8 9
split_gain=451661 622454 406795 483593 364739 333088 372515 258748 529741 482073 363147 370586 583407 312884
threshold=-9.2999997138977033 -113.6949996948242 0.75967693328857433 -1.6999999880790708 -249.45500183105466 0.082499999552965178 -0.90470352768897999 147.99500274658206 0.9969644844532014 1.0025126284674004e-09 -0.20045207440853116 4.8218188285827646 0.9084724783897401 -0.7377723455429076
decision_type=2 2 2 2 2 2 2 2 2 2 2 2 2 2
left_child=-1 2 -2 -4 -5 7 -7 10 13 -10 11 -3 -13 -9
right_child=1 5 3 4 -6 6 -8 8 9 -11 -12 12 -14 -15
leaf_value=0.012421180220595298 -0.0077019776753767689 0.021386849060074157 -0.0058694661588526041 -0.22729045677265627 -0.072530657358189407 0.55827482951397922 0.056211859906659854 0.10804819450202285 0.17797832564316934 -0.042126551489200484 -0.0083499194499573378 -0.019967680806429643 0.043770169557435977 -0.036997336962855468
leaf_weight=844501 131318 488441 49133 6550 85891 594 28164 6138 9540 6819 851606 260917 73649 184078
leaf_count=844501 131318 488441 49133 6550 85891 594 28164 6138 9540 6819 851606 260917 73649 184078
internal_value=1.41126e-06 -0.0048036 -0.0330575 -0.0565739 -0.0835199 -0.000766531 0.0667732 -0.00179938 -0.0229177 0.0862601 0.000805819 0.0102797 -0.00593593 -0.0323114
internal_weight=3.02734e+06 2.18284e+06 272892 141574 92441 1.90995e+06 28758 1.88119e+06 206575 16359 1.67461e+06 823007 334566 190216
internal_count=3027339 2182838 272892 141574 92441 1909946 28758 1881188 206575 16359 1674613 823007 334566 190216
is_linear=0
shrinkage=0.02


Tree=140
num_leaves=15
num_cat=0
split_feature=17 4 9 9 14 4 8 9 6 8 4 6 4 8
split_gain=514158 565417 463679 551720 531494 457890 438860 398586 364153 350540 346028 1.77524e+06 425783 1.34791e+06
threshold=0.21437171846628192 -164.48500061035153 -0.24782751500606534 -0.47990448772907252 0.778945952653885 238.91999816894534 -0.8594742715358733 -0.61948043107986439 48.16533279418946 0.78062468767166149 184.59500122070315 98.127983093261733 253.78499603271487 0.75335711240768444
decision_type=2 2 2 2 2 2 2 2 2 2 2 2 2 2
left_child=1 6 3 4 7 -4 -1 10 -5 -6 -2 12 -12 -14
right_child=2 -3 5 8 9 -7 -8 -9 -10 -11 11 -13 13 -15
leaf_value=0.32259362385208595 0.008749883243784503 0.024637814550006777 -0.0098974913822788592 -0.087946560888101613 0.14279104248821992 0.42321839284750434 0.053841020620176372 -0.024527123935861476 0.032128002138460315 -0.017621075092805888 -0.084748223881596405 0.12418005277503903 0.031804733836274864 -0.58407171998916185
leaf_weight=4618 651835 163276 1512015 10411 16698 967 5129 259471 331381 8083 39198 18581 2899 2777
leaf_count=4618 651835 163276 1512015 10411 16698 967 5129 259471 331381 8083 39198 18581 2899 2777
internal_value=1.41958e-06 0.0334774 -0.00202793 0.00653326 -0.000967488 -0.00961786 0.181375 -0.00329329 0.028468 0.0904814 0.00440948 -0.0401709 -0.108237 -0.270008
internal_weight=3.02734e+06 173023 2.85432e+06 1.34133e+06 999542 1.51298e+06 9747 974761 341792 24781 715290 63455 44874 5676
internal_count=3027339 173023 2854316 1341334 999542 1512982 9747 974761 341792 24781 715290 63455 44874 5676
is_linear=0
shrinkage=0.02


Tree=141
num_leaves=15
num_cat=0
split_feature=17 0 5 0 4 0 9 9 5 4 4 4 0 8
split_gain=496507 482029 414948 770827 581838 2.0125e+06 465129 447534 444377 365300 362337 361896 316243 574533
threshold=0.10326559469103815 8173.0000000000009 -0.032499999739229672 1620.5000000000002 -271.19000244140619 6408.5000000000009 0.75179949402809154 0.60596671700477611 -0.052500000223517411 284.38999938964849 -107.91500091552733 -271.19000244140619 1130.5000000000002 -0.96664980053901661
decision_type=2 2 2 2 2 2 2 2 2 2 2 2 2 2
left_child=-1 2 3 10 5 -4 7 11 -8 12 -2 -5 -6 -14
right_child=1 -3 4 6 9 -7 8 -9 -10 -11 -12 -13 13 -15
leaf_value=0.08072917705180789 0.60223856040228041 -0.12921471587374903 -0.16905914601828026 -0.17062506189625568 -0.010604590433301276 0.87912975351664102 0.48397327928229217 -0.053868771543181343 0.040027473483900428 0.11999910973508676 0.015595464198420736 -0.0084456726606817936 -0.038487972529973616 0.0095911733371469039
leaf_weight=30161 412 11639 1695 5638 548806 1277 1306 200129 2873 10654 208685 215488 105649 1682927
leaf_count=30161 412 11639 1695 5638 548806 1277 1306 200129 2873 10654 208685 215488 105649 1682927
internal_value=1.41492e-06 -0.000811219 -0.000310206 -0.0146622 0.0035634 0.282755 -0.0301159 -0.0322006 0.179596 0.0032088 0.0167802 -0.0125883 0.00267594 0.00675099
internal_weight=3.02734e+06 2.99718e+06 2.98554e+06 634531 2.35101e+06 2972 425434 421255 4179 2.34804e+06 209097 221126 2.33738e+06 1.78858e+06
internal_count=3027339 2997178 2985539 634531 2351008 2972 425434 421255 4179 2348036 209097 221126 2337382 1788576
is_linear=0
shrinkage=0.02


Tree=142
num_leaves=15
num_cat=0
split_feature=17 4 13 4 14 14 4 8 3 5 17 4 9 9
split_gain=484270 540432 451339 866890 812965 806504 528441 415474 414729 261874 348332 278787 448457 484169
threshold=0.21437171846628192 -164.48500061035153 -9.0999999046325666 -113.6949996948242 0.58338662981987011 0.64100536704063427 -249.45500183105466 -0.8594742715358733 3.4163157939910893 0.082499999552965178 0.74596279859542858 147.99500274658206 -0.10297428816556929 1.0025126284674004e-09
decision_type=2 2 2 2 2 2 2 2 2 2 2 2 2 2
left_child=1 7 5 4 -4 -2 -6 8 -1 11 -11 -5 -13 -14
right_child=2 -3 3 9 6 -7 -8 -9 -10 10 -12 12 13 -15
leaf_value=0.60497037654330177 -0.00044436291815910046 0.023847863140713646 -0.013015341318860191 -0.00018692932386401548 -0.25496371885856034 0.046610720728370303 -0.073495526894309285 0.052991786511501611 0.19022098551678507 0.048607410600449048 0.51021840522945727 -0.035587243588986177 0.17819539820394209 -0.026916097766667861
leaf_weight=1372 614052 163276 157093 1573210 6890 191012 92522 5129 3246 25906 661 174467 8553 9950
leaf_count=1372 614052 163276 157093 1573210 6890 191012 92522 5129 3246 25906 661 174467 8553 9950
internal_value=1.49569e-06 0.03249 -0.00196799 -0.00695279 -0.0413415 0.0107205 -0.0860972 0.177082 0.314488 -0.00203226 0.0602809 -0.00296993 -0.0256573 0.0679405
internal_weight=3.02734e+06 173023 2.85432e+06 2.04925e+06 256505 805064 99412 9747 4618 1.79275e+06 26567 1.76618e+06 192970 18503
internal_count=3027339 173023 2854316 2049252 256505 805064 99412 9747 4618 1792747 26567 1766180 192970 18503
is_linear=0
shrinkage=0.02


Tree=143
num_leaves=15
num_cat=0
split_feature=7 7 7 7 7 7 7 9 8 7 7 8 9 9
split_gain=551186 2.34841e+06 1.40084e+06 1.22064e+06 1.49969e+06 1.02182e+06 1.42743e+06 2.68335e+06 1.0171e+06 1.17391e+06 972382 1.5781e+06 960712 1.66905e+06
threshold=11200.173339843752 11310.526855468752 11368.623535156252 11519.124511718752 11470.466308593752 11057.007324218752 11019.201171875002 0.53606674075126659 -0.95380857586860646 11421.926269531252 11219.278320312502 0.69195944070816051 -0.2852825373411178 -0.42819528281688685
decision_type=2 2 2 2 2 2 2 2 2 2 2 2 2 2
left_child=5 10 12 4 8 6 -1 -8 9 -4 -2 -12 13 -3
right_child=1 2 3 -5 -6 -7 7 -9 -10 -11 11 -13 -14 -15
leaf_value=0.00850785210656539 -0.030044000276271087 -0.049868182045956042 -0.071344517383806191 0.0056517318611992093 -0.26384091905381135 0.043657751234673435 -0.0013911797975457764 -0.24509352857531061 -0.0092784308213360624 -0.3536230001062684 -0.17851615478507477 -0.024958874138939265 0.045756902205231147 0.39007182977213867
leaf_weight=773529 155781 5656 59610 1200784 11511 286434 57112 26429 208880 6531 58430 49407 118422 8823
leaf_count=773529 155781 5656 59610 1200784 11511 286434 57112 26429 208880 6531 58430 49407 118422 8823
internal_value=1.54842e-06 -0.00664727 0.00236019 -0.00319901 -0.0402892 0.010955 2.52259e-05 -0.0785091 -0.0309231 -0.0992673 -0.0620059 -0.108171 0.0645698 0.218299
internal_weight=3.02734e+06 1.88384e+06 1.62022e+06 1.48732e+06 286532 1.1435e+06 857070 83541 275021 66141 263618 107837 132901 14479
internal_count=3027339 1883835 1620217 1487316 286532 1143504 857070 83541 275021 66141 263618 107837 132901 14479
is_linear=0
shrinkage=0.02


Tree=144
num_leaves=15
num_cat=0
split_feature=17 0 16 17 8 0 13 14 16 8 0 17 0 17
split_gain=466076 452897 431669 342797 430638 748798 415614 751197 347917 305622 369340 284048 317197 264685
threshold=0.10326559469103815 8173.0000000000009 -22.100000381469723 0.30344274640083319 0.42604035139083868 2850.5000000000005 -10.299999713897703 0.66362661123275768 6.7000000476837167 0.68809700012207042 1073.5000000000002 0.45416918396949774 1523.5000000000002 0.54591253399848949
decision_type=2 2 2 2 2 2 2 2 2 2 2 2 2 2
left_child=-1 2 11 8 5 -5 -7 13 -4 10 -6 -2 -13 -8
right_child=1 -3 3 4 9 6 7 -9 -10 -11 -12 12 -14 -15
leaf_value=0.078216205941328873 0.0071520373893784947 -0.12524877009425739 -0.0018078474000688372 -0.00083383889693567324 -0.03357745678095831 0.00076437071990200487 -0.025162942538669207 -0.11151497649411002 0.029502706256257075 -0.00050334620046112101 0.072535147267245054 0.00069949152066212366 0.083199671446738094 -0.088629307341696204
leaf_weight=30161 107766 11639 337748 552767 18022 92036 224545 59532 244867 1185771 48182 27749 56791 29763
leaf_count=30161 107766 11639 337748 552767 18022 92036 224545 59532 244867 1185771 48182 27749 56791 29763
internal_value=1.46815e-06 -0.000785869 -0.000300231 -0.00229571 -0.00589262 -0.0159804 -0.0366081 -0.0475676 0.0113519 0.00183169 0.0436482 0.0286825 0.0561237 -0.032594
internal_weight=3.02734e+06 2.99718e+06 2.98554e+06 2.79323e+06 2.21062e+06 958643 405876 313840 582615 1.25198e+06 66204 192306 84540 254308
internal_count=3027339 2997178 2985539 2793233 2210618 958643 405876 313840 582615 1251975 66204 192306 84540 254308
is_linear=0
shrinkage=0.02


Tree=145
num_leaves=15
num_cat=0
split_feature=7 7 8 7 8 7 8 8 7 7 0 7 0 0
split_gain=540662 1.05065e+06 1.66172e+06 1.42464e+06 1.03527e+06 948020 1.05641e+06 1.83384e+06 2.09573e+06 1.69603e+06 1.05078e+06 1.01298e+06 989795 899490
threshold=10775.280273437502 10814.940429687502 0.69195944070816051 10889.665527343752 -0.81390005350112904 10619.391601562502 -0.79909458756446827 -0.68934190273284901 10679.781738281252 10759.808593750002 5918.5000000000009 10065.734863281252 3793.5000000000005 698.50000000000011
decision_type=2 2 2 2 2 2 2 2 2 2 2 2 2 2
left_child=5 2 4 -3 -2 11 -7 9 12 13 -10 -1 -9 -8
right_child=1 3 -4 -5 -6 6 7 8 10 -11 -12 -13 -14 -15
leaf_value=0.12159991953235055 0.117179687068039 0.075377473371554343 0.0036697821296961504 -0.0025531117391011178 -0.21555333203685961 -0.1109278430467419 0.045581693274737455 0.042149504133507792 0.0041140828040078774 0.12353406802839041 -0.26248652039263987 -0.091655285898181837 0.2827774974874403 0.61923460573763467
leaf_weight=11908 4243 97210 49460 2692463 31215 11496 1351 11701 39360 12474 6949 35291 16456 5762
leaf_count=11908 4243 97210 49460 2692463 31215 11496 1351 11701 39360 12474 6949 35291 16456 5762
internal_value=1.43092e-06 -0.00194694 -0.0712451 0.00016274 -0.175715 0.0366661 0.069983 0.0921052 0.0467959 0.26425 -0.0359389 -0.0378376 0.182833 0.510498
internal_weight=3.02734e+06 2.87459e+06 84918 2.78967e+06 35458 152748 105549 94053 74466 19587 46309 47199 28157 7113
internal_count=3027339 2874591 84918 2789673 35458 152748 105549 94053 74466 19587 46309 47199 28157 7113
is_linear=0
shrinkage=0.02


Tree=146
num_leaves=15
num_cat=0
split_feature=7 7 7 8 7 7 9 14 7 7 7 7 7 8
split_gain=522388 2.67336e+06 1.51672e+06 1.29558e+06 869282 1.36076e+06 2.56419e+06 820293 815610 801453 1.30067e+06 1.16718e+06 1.4412e+06 971145
threshold=11203.090820312502 11252.907714843752 11235.322753906252 0.67900785803794872 11057.007324218752 11019.201171875002 0.53606674075126659 0.7640318274497987 11184.371582031252 11368.623535156252 11326.573730468752 11519.124511718752 11470.466308593752 -0.95380857586860646
decision_type=2 2 2 2 2 2 2 2 2 2 2 2 2 2
left_child=4 2 -2 -4 5 7 -7 -1 -6 10 -3 12 13 -11
right_child=1 9 3 -5 8 6 -8 -9 -10 11 -12 -13 -14 -15
leaf_value=0.0038159561019477217 -0.055677455394341921 -0.022226951303494173 -0.31600843985623372 0.0066409322189749168 0.074619449742333949 -0.0014044602087565819 -0.239634233394905 0.10559835638601901 0.010391227617145669 -0.096958081380468186 0.090451799845868652 0.0055664072364266471 -0.2585065653926325 -0.0090255682330836681
leaf_weight=740451 168994 70797 17486 6957 140442 57112 26429 33078 181011 66141 97266 1200784 11511 208880
leaf_count=740451 168994 70797 17486 6957 140442 57112 26429 33078 181011 66141 97266 1200784 11511 208880
internal_value=1.45251e-06 -0.00663165 -0.076984 -0.22421 0.0104072 -0.000112347 -0.0767906 0.00816976 0.0384539 0.00158968 0.0429869 -0.00308836 -0.0393573 -0.0301757
internal_weight=3.02734e+06 1.84882e+06 193437 24443 1.17852e+06 857070 83541 773529 321453 1.65538e+06 168063 1.48732e+06 286532 275021
internal_count=3027339 1848816 193437 24443 1178523 857070 83541 773529 321453 1655379 168063 1487316 286532 275021
is_linear=0
shrinkage=0.02


Tree=147
num_leaves=15
num_cat=0
split_feature=7 6 7 4 7 7 0 0 7 9 7 4 7 7
split_gain=514650 1.46771e+06 1.50849e+06 2.20055e+06 1.78011e+06 1.34487e+06 1.33508e+06 1.07679e+06 1.01381e+06 1.92946e+06 1.3596e+06 1.60754e+06 1.73497e+06 983781
threshold=10775.280273437502 52.668022155761726 10619.391601562502 -71.405002593994126 10679.781738281252 10759.808593750002 5918.5000000000009 1993.5000000000002 10814.940429687502 0.58831891417503368 10889.665527343752 -174.19499969482419 10853.744628906252 10065.734863281252
decision_type=2 2 2 2 2 2 2 2 2 2 2 2 2 2
left_child=1 -1 13 5 7 -4 -6 -5 9 -2 11 12 -10 -3
right_child=8 2 3 4 6 -7 -8 -9 10 -11 -12 -13 -14 -15
leaf_value=-0.13777637932016915 -0.015022796326940667 0.11892049500044305 0.63544673898619186 -0.064079899065921236 0.041100802773000579 0.18153584175340839 -0.25636238129135724 0.26467315273847958 0.85012839510573401 -0.23536095441942895 -0.0024803190134936037 0.052668187512642815 0.140371421924671 -0.093095582374328426
leaf_weight=17277 63749 11905 4530 4892 46648 6173 6922 21406 2112 21169 2692463 91156 3942 32995
leaf_count=17277 63749 11905 4530 4892 46648 6173 6922 21406 2112 21169 2692463 91156 3942 32995
internal_value=1.37679e-06 0.0357732 0.0579151 0.104901 0.0687884 0.374067 0.00262332 0.203516 -0.00189955 -0.0699718 0.000172814 0.0736506 0.388974 -0.0368662
internal_weight=3.02734e+06 152748 135471 90571 79868 10703 53570 26298 2.87459e+06 84918 2.78967e+06 97210 6054 44900
internal_count=3027339 152748 135471 90571 79868 10703 53570 26298 2874591 84918 2789673 97210 6054 44900
is_linear=0
shrinkage=0.02


Tree=148
num_leaves=15
num_cat=0
split_feature=7 4 8 9 7 7 7 7 9 9 4 9 7 7
split_gain=500889 4.57776e+06 2.62991e+06 2.59945e+06 2.50027e+06 1.72581e+06 1.57337e+06 1.16104e+06 1.20889e+06 1.14065e+06 1.07429e+06 891622 875566 1.05021e+06
threshold=12158.952636718752 -168.94499969482419 -0.8594742715358733 0.28987027704715734 12043.893554687502 12200.578613281252 12707.136718750002 12073.221679687502 0.60120347142219555 -0.70459485054016102 -271.19000244140619 -0.17292127013206479 12557.411132812502 12478.809082031252
decision_type=2 2 2 2 2 2 2 2 2 2 2 2 2 2
left_child=4 2 3 -2 10 -3 12 8 -6 -7 -1 -12 13 -4
right_child=1 5 6 -5 7 9 -8 -9 -10 -11 11 -13 -14 -15
leaf_value=-0.22127952382972396 0.043319236055516193 0.095423213375624594 0.10129170926893108 0.90676887488884628 -0.1181966692320119 0.10592312419170789 1.0383749403574321 -0.035922490636382268 -0.50710727767694719 -0.014877472849782553 0.016358606326412898 -0.0091386752433615503 -0.15754609414029452 0.60644944440287452
leaf_weight=8575 2023 75092 8258 4488 68053 33399 757 128664 3346 487478 1038099 1163398 3661 2048
leaf_count=8575 2023 75092 8258 4488 68053 33399 757 128664 3346 487478 1038099 1163398 3661 2048
internal_value=1.44707e-06 0.0160772 0.304562 0.638972 -0.00411539 0.00579328 0.15635 -0.0718188 -0.136491 -0.00712973 0.00201363 0.00288438 0.107834 0.202169
internal_weight=3.02734e+06 617204 21235 6511 2.41014e+06 595969 14724 200063 71399 520877 2.21007e+06 2.2015e+06 13967 10306
internal_count=3027339 617204 21235 6511 2410135 595969 14724 200063 71399 520877 2210072 2201497 13967 10306
is_linear=0
shrinkage=0.02


Tree=149
num_leaves=15
num_cat=0
split_feature=17 0 13 17 5 0 17 0 8 0 8 8 0 0
split_gain=438861 422650 370450 633182 416608 735242 461293 330381 301828 344332 253589 250442 430529 284308
threshold=0.12508517503738406 8173.0000000000009 -9.0999999046325666 0.57404530048370372 -0.027499999850988385 3940.5000000000005 0.54591253399848949 1542.5000000000002 -0.68419089913368214 2631.5000000000005 -0.79548987746238697 -0.96246585249900807 4202.5000000000009 1130.5000000000002
decision_type=2 2 2 2 2 2 2 2 2 2 2 2 2 2
left_child=-1 2 3 -2 5 7 -7 -4 10 -10 -9 12 -6 -13
right_child=1 -3 4 -5 11 6 -8 8 9 -11 -12 13 -14 -15
leaf_value=0.064122666755267774 0.003775567188522665 -0.12138622980643858 0.014277127228393917 0.053637666742198262 -0.013488515159189288 -0.04736501110908245 -0.15867027836683628 -0.0069183202845683051 -0.059024117683194967 0.2027571336482929 -0.047586121156106033 -0.013573633925487048 -0.13566031776238002 0.0070202756832391661
leaf_weight=42092 720238 11591 168153 118643 73933 104455 17365 131832 3376 4943 114688 349397 13662 1152971
leaf_count=42092 720238 11591 168153 118643 73933 104455 17365 131832 3376 4943 114688 349397 13662 1152971
internal_value=1.54035e-06 -0.000902773 -0.000432728 0.0108281 -0.00485784 -0.0199511 -0.0632431 -0.00748193 -0.0218395 0.0965759 -0.0258394 0.000314051 -0.0325569 0.0022308
internal_weight=3.02734e+06 2.98525e+06 2.97366e+06 838881 2.13478e+06 544812 121820 422992 254839 8319 246520 1.58996e+06 87595 1.50237e+06
internal_count=3027339 2985247 2973656 838881 2134775 544812 121820 422992 254839 8319 246520 1589963 87595 1502368
is_linear=0
shrinkage=0.02


Tree=150
num_leaves=15
num_cat=0
split_feature=7 1 7 4 7 7 7 8 7 4 7 8 7 4
split_gain=488485 1.38559e+06 1.43639e+06 2.11872e+06 1.68752e+06 1.26275e+06 981398 1.53913e+06 1.30034e+06 1.55286e+06 1.66263e+06 975788 938394 732168
threshold=10775.280273437502 47.909349441528327 10619.391601562502 -72.844997406005845 10679.781738281252 10759.808593750002 10814.940429687502 0.69195944070816051 10889.665527343752 -174.19499969482419 10853.744628906252 -0.81390005350112904 10065.734863281252 59.594999313354499
decision_type=2 2 2 2 2 2 2 2 2 2 2 2 2 2
left_child=1 -1 12 5 13 -4 7 11 9 10 -8 -2 -3 -5
right_child=6 2 3 4 -6 -7 8 -9 -10 -11 -12 -13 -14 -15
leaf_value=-0.13571992007727601 0.11498550697029025 0.11607052485358012 0.62358512523335174 -0.039682573298156547 0.0030722454569270942 0.17942277512217528 0.83339951395651402 0.0032727325423019854 -0.0024061811573541517 0.051424725827155897 0.13859204510509637 -0.20804538215305968 -0.090845261605631195 0.24528273049738933
leaf_weight=16928 4243 11907 4469 4312 54014 6005 2112 49460 2692463 91156 3942 31215 33163 21950
leaf_count=16928 4243 11907 4469 4312 54014 6005 2112 49460 2692463 91156 3942 31215 33163 21950
internal_value=1.49196e-06 0.0348521 0.05612 0.101952 0.0670213 0.369352 -0.00185048 -0.0688258 0.000188487 0.0720471 0.381961 -0.169369 -0.0361663 0.198496
internal_weight=3.02734e+06 152748 135820 90750 80276 10474 2.87459e+06 84918 2.78967e+06 97210 6054 35458 45070 26262
internal_count=3027339 152748 135820 90750 80276 10474 2874591 84918 2789673 97210 6054 35458 45070 26262
is_linear=0
shrinkage=0.02


Tree=151
num_leaves=15
num_cat=0
split_feature=7 7 0 7 9 7 9 9 9 7 0 9 9 0
split_gain=480507 3.10895e+06 2.661e+06 2.39388e+06 1.1444e+06 1.11463e+06 1.15807e+06 1.06846e+06 1.96413e+06 1.846e+06 1.06095e+06 949704 918259 742664
threshold=12158.952636718752 12205.039550781252 6008.5000000000009 12043.893554687502 -0.70459485054016102 12073.221679687502 0.60120347142219555 0.050314346328377731 0.51117742061615001 12194.770507812502 2789.5000000000005 -0.17292127013206479 0.56217131018638622 4702.5000000000009
decision_type=2 2 2 2 2 2 2 2 2 2 2 2 2 2
left_child=3 2 7 11 10 6 -5 -2 9 -9 -3 -1 -4 -13
right_child=1 4 12 5 -6 -7 -8 8 -10 -11 -12 13 -14 -15
leaf_value=0.015896805015763005 0.063917622734879123 0.032689058270366285 0.88989730612024087 -0.11573861327793607 -0.010917456605477311 -0.035106498967829296 -0.4963861886732151 0.25119278690386554 0.0051567164458639582 0.81460504988020366 0.27786689768471651 -0.0047146996854841522 -0.20022918816768762 -0.055174208074820957
leaf_weight=1038099 68890 21811 2300 68053 490541 128664 3346 10191 9676 3011 10431 1040577 353 131396
leaf_count=1038099 68890 21811 2300 68053 490541 128664 3346 10191 9676 3011 10431 1040577 353 131396
internal_value=1.5837e-06 0.0157469 0.121361 -0.00403063 -0.00333021 -0.070278 -0.133644 0.103263 0.221659 0.380212 0.112072 0.00196658 0.744634 -0.0103724
internal_weight=3.02734e+06 617204 94421 2.41014e+06 522783 200063 71399 91768 22878 13202 32242 2.21007e+06 2653 1.17197e+06
internal_count=3027339 617204 94421 2410135 522783 200063 71399 91768 22878 13202 32242 2210072 2653 1171973
is_linear=0
shrinkage=0.02


Tree=152
num_leaves=15
num_cat=0
split_feature=7 7 7 4 4 4 7 7 5 4 9 9 7 5
split_gain=472761 2.57749e+06 1.4487e+06 1.2481e+06 905481 897950 795786 1.08065e+06 1.61414e+06 1.34549e+06 1.74419e+06 3.9979e+06 1.32603e+06 1.23107e+06
threshold=11203.090820312502 11252.907714843752 11235.322753906252 -5.3849999904632559 134.48500061035159 -249.45500183105466 11057.007324218752 10971.728027343752 0.047500001266598708 97.424999237060561 0.53606674075126659 0.24076627939939502 11019.201171875002 0.0224999999627471
decision_type=2 2 2 2 2 2 2 2 2 2 2 2 2 2
left_child=5 2 4 -4 -2 -1 7 -7 9 10 11 -9 -12 -11
right_child=1 -3 3 -5 -6 6 -8 8 -10 13 12 -13 -14 -15
leaf_value=-0.22483037523482019 -0.036543782140166618 0.0017640326585649086 -0.30982812858376063 0.0061753461555971601 -0.1735108899241572 0.014015514078178271 0.038020240735687473 0.00048260132667846708 0.065952039651027305 -0.34266860650405329 -0.043319148900609061 0.65067805001620183 -0.21808478798102296 -0.087281956735893257
leaf_weight=6473 146771 1655379 17436 7007 22223 639874 321208 44987 46430 12116 58608 4120 24673 20034
leaf_count=6473 146771 1655379 17436 7007 22223 639874 321208 44987 46430 12116 58608 4120 24673 20034
internal_value=1.6467e-06 -0.00630853 -0.0753878 -0.219274 -0.0545645 0.00990076 0.0111991 0.00107323 -0.0381799 -0.0675666 -0.0393755 0.0551548 -0.0951158 -0.183604
internal_weight=3.02734e+06 1.84882e+06 193437 24443 168994 1.17852e+06 1.17205e+06 850842 210968 164538 132388 49107 83281 32150
internal_count=3027339 1848816 193437 24443 168994 1178523 1172050 850842 210968 164538 132388 49107 83281 32150
is_linear=0
shrinkage=0.02


Tree=153
num_leaves=15
num_cat=0
split_feature=17 4 16 17 4 17 16 18 9 0 14 17 9 1
split_gain=418613 503709 491785 635993 491092 642164 650754 615135 448694 390350 381027 376114 345341 288920
threshold=0.24203566461801532 -156.56500244140622 -18.100000381469723 0.48757193982601171 -94.514999389648423 0.48001144826412206 -1.4999999999999998 0.064700100570917143 0.75889986753463756 1523.5000000000002 0.36789068579673773 0.57800757884979259 0.72930297255516063 60.511138916015632
decision_type=2 2 2 2 2 2 2 2 2 2 2 2 2 2
left_child=1 10 3 -2 5 8 7 -7 -4 -5 -1 -8 -11 -13
right_child=2 -3 4 9 -6 6 11 -9 -10 12 -12 13 -14 -15
leaf_value=0.3380786132766721 -0.00030538803870202766 0.016910954104082845 -0.010524441801802309 0.0035118067241199074 -0.0016006902963740927 0.11377705207557127 -0.062158784134352205 -0.053955901243296446 0.75699396077140435 0.072142614059694007 0.08621854439787377 0.0083426943742136925 0.38731459805372886 -0.17500743887423378
leaf_weight=2930 245491 252183 284326 42199 1978683 12828 44140 27426 295 90422 13222 3920 1403 27871
leaf_count=2930 245491 252183 284326 42199 1978683 12828 44140 27426 295 90422 13222 3920 1403 27871
internal_value=1.56998e-06 0.0238486 -0.00231782 0.018825 -0.00569005 -0.0258776 -0.0654983 -0.000487888 -0.0097023 0.0538635 0.132089 -0.0999579 0.077 -0.152403
internal_weight=3.02734e+06 268335 2.759e+06 379515 2.37949e+06 400806 116185 40254 284621 134024 16152 75931 91825 31791
internal_count=3027339 268335 2759004 379515 2379489 400806 116185 40254 284621 134024 16152 75931 91825 31791
is_linear=0
shrinkage=0.02


Tree=154
num_leaves=15
num_cat=0
split_feature=7 4 9 9 7 7 7 7 9 9 4 7 7 9
split_gain=455996 4.29012e+06 2.38937e+06 2.38913e+06 2.30093e+06 1.59311e+06 1.51313e+06 1.06991e+06 1.11016e+06 1.04998e+06 987787 837258 1.00447e+06 788113
threshold=12158.952636718752 -168.94499969482419 0.51117742061615001 0.28987027704715734 12043.893554687502 12200.578613281252 12707.136718750002 12073.221679687502 0.60120347142219555 -0.70459485054016102 -271.19000244140619 12557.411132812502 12478.809082031252 -0.17292127013206479
decision_type=2 2 2 2 2 2 2 2 2 2 2 2 2 2
left_child=4 2 3 -2 10 -3 11 8 -6 -7 -1 12 -4 -12
right_child=1 5 6 -5 7 9 -8 -9 -10 -11 13 -13 -14 -15
leaf_value=-0.21216142843229155 0.042314883970691407 0.091499544502256711 0.099352890090967552 0.87010171008247872 -0.11342567939882521 0.10143485089075602 1.0183120360492572 -0.034416139681115197 -0.48611657296220806 -0.014465170150855187 0.015456189369743847 -0.15374883338634646 0.59338724399562948 -0.0085154510027587935
leaf_weight=8575 2023 75092 8258 4488 68053 33399 757 128664 3346 487478 1038099 3661 2048 1163398
leaf_count=8575 2023 75092 8258 4488 68053 33399 757 128664 3346 487478 1038099 3661 2048 1163398
internal_value=1.63659e-06 0.0153401 0.294614 0.613367 -0.00392639 0.00538448 0.153339 -0.0688749 -0.130957 -0.00703174 0.00195324 0.105762 0.198009 0.0027882
internal_weight=3.02734e+06 617204 21235 6511 2.41014e+06 595969 14724 200063 71399 520877 2.21007e+06 13967 10306 2.2015e+06
internal_count=3027339 617204 21235 6511 2410135 595969 14724 200063 71399 520877 2210072 13967 10306 2201497
is_linear=0
shrinkage=0.02


Tree=155
num_leaves=15
num_cat=0
split_feature=7 1 7 7 8 7 7 7 8 7 8 7 7 8
split_gain=449487 1.32763e+06 1.38264e+06 1.10387e+06 1.00805e+06 1.09175e+06 1.0413e+06 962692 1.46442e+06 1.23121e+06 937593 899220 783407 782680
threshold=10775.280273437502 47.909349441528327 10619.391601562502 10640.455566406252 -0.68419089913368214 10699.223144531252 10727.798339843752 10814.940429687502 0.69195944070816051 10889.665527343752 -0.81390005350112904 10065.734863281252 10759.808593750002 -0.78596645593643177
decision_type=2 2 2 2 2 2 2 2 2 2 2 2 2 2
left_child=1 -1 11 -4 6 -6 -5 8 10 -9 -2 -3 -7 -8
right_child=7 2 3 4 5 12 13 9 -10 -11 -12 -13 -14 -15
leaf_value=-0.13353409124287136 0.11255246391970208 0.11273306425417215 0.37364647320325783 0.63521126242680037 0.099205373740154673 -0.17387276007659014 -0.040855384642730364 0.070166990904971513 0.0022184668757563946 -0.0022800978120368306 -0.20409331937802416 -0.089817883983607849 0.078962654373793587 0.22345321945465974
leaf_weight=16928 4243 11907 5498 1924 39818 13083 6155 97210 49460 2692463 31215 33163 7828 16444
leaf_count=16928 4243 11907 5498 1924 39818 13083 6155 97210 49460 2692463 31215 33163 7828 16444
internal_value=1.72336e-06 0.0334323 0.0542506 0.0992172 0.081477 0.0377607 0.189676 -0.00177479 -0.0681088 0.000244656 -0.166181 -0.0362926 -0.0792308 0.15148
internal_weight=3.02734e+06 152748 135820 90750 85252 60729 24523 2.87459e+06 84918 2.78967e+06 35458 45070 20911 22599
internal_count=3027339 152748 135820 90750 85252 60729 24523 2874591 84918 2789673 35458 45070 20911 22599
is_linear=0
shrinkage=0.02


Tree=156
num_leaves=15
num_cat=0
split_feature=7 7 7 7 7 9 7 9 5 1 0 7 8 1
split_gain=440993 2.47824e+06 1.39432e+06 819761 1.21794e+06 1.78145e+06 1.58388e+06 3.54324e+06 1.6655e+06 1.5606e+06 1.40035e+06 1.30905e+06 1.22206e+06 1.20764e+06
threshold=11203.090820312502 11252.907714843752 11230.460449218752 11057.007324218752 11006.505859375002 0.53606674075126659 10997.610839843752 0.58831891417503368 1.0000000180025095e-35 97.685295104980483 2830.5000000000005 10976.409667968752 -0.70835387706756581 92.93146133422853
decision_type=2 2 2 2 2 2 2 2 2 2 2 2 2 2
left_child=3 2 -2 4 6 13 11 8 -8 -9 -7 -1 -12 -6
right_child=1 -3 -4 -5 5 10 7 9 -10 -11 12 -13 -14 -15
leaf_value=0.011081133070740075 -0.047888699109649824 0.001822892226014635 -0.18499188325875326 0.036798628228369289 -0.12743685533355678 -0.075776640388863781 0.8288954873749057 0.086765929505172257 0.27653328758236961 -0.40728755351770091 -0.41309829128178333 -0.087333045162057504 0.091502239894788853 0.049335048578202402
leaf_weight=668213 156850 1655379 36587 321453 22597 20843 2848 7301 9341 3924 12032 58812 2280 48879
leaf_count=668213 156850 1655379 36587 321453 22597 20843 2848 7301 9341 3924 12032 58812 2280 48879
internal_value=1.75944e-06 -0.00609272 -0.073829 0.0095625 -0.000652982 -0.0638983 0.00833435 0.170208 0.40617 -0.0861507 -0.18044 0.00311889 -0.332703 -0.00656078
internal_weight=3.02734e+06 1.84882e+06 193437 1.17852e+06 857070 106631 750439 23414 12189 11225 35155 727025 14312 71476
internal_count=3027339 1848816 193437 1178523 857070 106631 750439 23414 12189 11225 35155 727025 14312 71476
is_linear=0
shrinkage=0.02


Tree=157
num_leaves=15
num_cat=0
split_feature=7 4 9 9 7 7 7 7 9 9 4 7 7 7
split_gain=438514 4.12091e+06 2.29482e+06 2.29471e+06 2.20905e+06 1.53003e+06 1.45404e+06 1.02757e+06 1.06636e+06 1.00841e+06 936077 804205 964911 776138
threshold=12158.952636718752 -168.94499969482419 0.51117742061615001 0.28987027704715734 12043.893554687502 12200.578613281252 12707.136718750002 12073.221679687502 0.60120347142219555 -0.70459485054016102 -271.19000244140619 12557.411132812502 12478.809082031252 11519.124511718752
decision_type=2 2 2 2 2 2 2 2 2 2 2 2 2 2
left_child=4 2 3 -2 10 -3 11 8 -6 -7 -1 12 -4 -12
right_child=1 5 6 -5 7 9 -8 -9 -10 -11 13 -13 -14 -15
leaf_value=-0.20652414260113239 0.04148184856123658 0.089678940153243916 0.097377368572083456 0.85274748804305278 -0.1111483563506237 0.099415902493704675 0.99822035241158102 -0.033718726920106079 -0.47641409508461863 -0.014166728793536492 -0.0027307323095349767 -0.15067311406251371 0.58158626491520682 0.028578098579418235
leaf_weight=8575 2023 75092 8258 4488 68053 33399 757 128664 3346 487478 1817980 3661 2048 383517
leaf_count=8575 2023 75092 8258 4488 68053 33399 757 128664 3346 487478 1817980 3661 2048 383517
internal_value=1.72681e-06 0.0150433 0.288754 0.601136 -0.00385027 0.005286 0.150302 -0.0674889 -0.128331 -0.00688192 0.00191078 0.103663 0.194071 0.00272359
internal_weight=3.02734e+06 617204 21235 6511 2.41014e+06 595969 14724 200063 71399 520877 2.21007e+06 13967 10306 2.2015e+06
internal_count=3027339 617204 21235 6511 2410135 595969 14724 200063 71399 520877 2210072 13967 10306 2201497
is_linear=0
shrinkage=0.02


Tree=158
num_leaves=15
num_cat=0
split_feature=7 7 7 7 7 6 4 7 7 7 4 4 7 7
split_gain=431057 2.02896e+06 1.30404e+06 1.09229e+06 1.38423e+06 1.03996e+06 1.46097e+06 1.02662e+06 1.76544e+06 1.40787e+06 952025 945204 3.11821e+06 1.84942e+06
threshold=11200.173339843752 11310.526855468752 11368.623535156252 11519.124511718752 11470.466308593752 84.197589874267592 45.635000228881843 11361.743164062502 11346.758300781252 11326.573730468752 40.375000000000007 -164.48500061035153 12179.006835937502 12557.411132812502
decision_type=2 2 2 2 2 2 2 2 2 2 2 2 2 2
left_child=-1 -2 5 4 -4 -3 -7 8 9 -8 -6 12 -5 -14
right_child=1 2 3 11 10 6 7 -9 -10 -11 -12 -13 13 -15
leaf_value=0.0096883244925297114 -0.057333939708433701 -0.0043325849985595861 -0.028956965324166452 -0.088905084098106407 -0.023535548099613109 0.038135716222234724 -0.048028363397706927 0.42763045294787022 -0.014722796316450662 0.44855933643926371 -0.39698445924901954 0.0020798476652965493 0.3648911155328568 -0.027802291072535162
leaf_weight=1143504 263618 54744 275021 19581 4451 46587 3043 7014 12394 9119 7060 1157703 16787 6713
leaf_count=1143504 263618 54744 275021 19581 4451 46587 3043 7014 12394 9119 7060 1157703 16787 6713
internal_value=1.81078e-06 -0.005878 0.00249445 -0.00286923 -0.0379553 0.0625162 0.109334 0.214354 0.153285 0.324371 -0.252729 0.00550325 0.097477 0.25275
internal_weight=3.02734e+06 1.88384e+06 1.62022e+06 1.48732e+06 286532 132901 78157 31570 24556 12162 11511 1.20078e+06 43081 23500
internal_count=3027339 1883835 1620217 1487316 286532 132901 78157 31570 24556 12162 11511 1200784 43081 23500
is_linear=0
shrinkage=0.02


Tree=159
num_leaves=15
num_cat=0
split_feature=7 6 7 4 7 7 0 0 7 9 7 4 7 0
split_gain=422266 1.29835e+06 1.34488e+06 2.0122e+06 1.90919e+06 1.11559e+06 1.10031e+06 940846 935414 1.69859e+06 1.16899e+06 1.50178e+06 1.59092e+06 938935
threshold=10775.280273437502 52.668022155761726 10619.391601562502 -48.325000762939446 10679.781738281252 10759.808593750002 5918.5000000000009 1993.5000000000002 10814.940429687502 0.58831891417503368 10889.665527343752 -174.19499969482419 10853.744628906252 4228.5000000000009
decision_type=2 2 2 2 2 2 2 2 2 2 2 2 2 2
left_child=1 -1 -3 5 7 -4 -6 -5 9 13 11 12 -10 -2
right_child=8 2 3 4 6 -7 -8 -9 10 -11 -12 -13 -14 -15
leaf_value=-0.13082525299340275 -0.038577769642493223 -0.0362640035033229 0.51060448844325101 -0.072107110828412771 0.020838227715159263 0.16199971588079634 -0.25078547699592979 0.24963621519721937 0.81477236126639951 -0.22228680546023835 -0.0021895637493226363 0.048123017684660256 0.13511521256011996 0.24019422016466477
leaf_weight=17277 58491 44900 6325 4374 42774 8770 6922 21406 2112 21169 2692463 91156 3942 5258
leaf_count=17277 58491 44900 6325 4374 42774 8770 6922 21406 2112 21169 2692463 91156 3942 5258
internal_value=1.81368e-06 0.0324043 0.0532297 0.0975949 0.0554165 0.308312 -0.0170378 0.19504 -0.00172007 -0.0671075 0.000270563 0.0684031 0.373176 -0.0155504
internal_weight=3.02734e+06 152748 135471 90571 75476 15095 49696 25780 2.87459e+06 84918 2.78967e+06 97210 6054 63749
internal_count=3027339 152748 135471 90571 75476 15095 49696 25780 2874591 84918 2789673 97210 6054 63749
is_linear=0
shrinkage=0.02


Tree=160
num_leaves=15
num_cat=0
split_feature=16 5 6 1 8 9 9 6 5 3 8 6 9 8
split_gain=387040 373232 345239 277250 591882 282533 268230 525892 206189 203765 218689 691435 289765 196925
threshold=-23.100000381469723 0.062499998137354858 130.3179626464844 94.94791412353517 0.89291974902153026 0.28987027704715734 -0.72323438525199879 104.7943458557129 0.037499999627470977 3.6932228803634648 -0.844174563884735 151.35574340820315 0.060343615710735328 -0.95380857586860646
decision_type=2 2 2 2 2 2 2 2 2 2 2 2 2 2
left_child=-1 3 -3 13 6 -6 7 -5 -9 -8 11 12 -11 -2
right_child=1 2 -4 4 5 -7 9 8 -10 10 -12 -13 -14 -15
leaf_value=0.03210257388753298 -0.017902766552916189 0.021030802540849672 0.15363273802006436 -0.055844353933242809 0.020764172634764752 -0.46013869608893082 -0.0036270997678356097 0.057883737191764241 0.20864600433791519 -0.051625890911696386 -0.036566299526256264 0.44447683485222095 0.015597676322150271 0.0032963439674358677
leaf_weight=143127 196119 155533 8262 12448 181574 480 156714 8830 6164 41707 399868 1344 66580 1648589
leaf_count=143127 196119 155533 8262 12448 181574 480 156714 8830 6164 41707 399868 1344 66580 1648589
internal_value=1.87177e-06 -0.0015912 0.0277285 -0.00335663 -0.0126234 0.0194709 -0.021047 0.0402216 0.119961 -0.0235713 -0.0297056 -0.00468042 -0.0102958 0.00104248
internal_weight=3.02734e+06 2.88421e+06 163795 2.72042e+06 875709 182054 693655 27442 14994 666213 509499 109631 108287 1.84471e+06
internal_count=3027339 2884212 163795 2720417 875709 182054 693655 27442 14994 666213 509499 109631 108287 1844708
is_linear=0
shrinkage=0.02


Tree=161
num_leaves=15
num_cat=0
split_feature=7 7 7 4 4 6 7 7 4 0 7 6 6 7
split_gain=412869 2.29362e+06 1.3417e+06 1.21887e+06 876191 933780 805481 1.17657e+06 1.42417e+06 1.0505e+06 835493 832132 809940 1.39826e+06
threshold=11203.090820312502 11252.907714843752 11235.322753906252 146.004997253418 134.48500061035159 116.64034652709962 11057.007324218752 11019.201171875002 -17.064999580383297 2571.5000000000005 11038.045410156252 135.4106140136719 116.64034652709962 11189.119628906252
decision_type=2 2 2 2 2 2 2 2 2 2 2 2 2 2
left_child=6 2 4 -4 5 -2 7 11 10 -8 -9 -1 13 -11
right_child=1 -3 3 -5 -6 -7 9 8 -10 12 -12 -13 -14 -15
leaf_value=0.004057925583592803 -0.015926763391027884 0.0017199913254387048 -0.24545329101930297 0.34453768894325865 -0.16802646403572666 -0.17983354360964318 0.0035210155837096576 -0.27505938543423336 -0.014212496264003545 0.17521000578976637 -0.047593351589417292 0.16218071425062972 -0.0057614305710709211 0.031675537453263652
leaf_weight=759989 131230 1655379 22960 1483 22223 15541 176677 17230 55974 54327 10337 13540 36183 54266
leaf_count=759989 131230 1655379 22960 1483 22223 15541 176677 17230 55974 54327 10337 13540 36183 54266
internal_value=1.85654e-06 -0.00589508 -0.0710596 -0.20953 -0.05102 -0.0332934 0.00925271 -0.000873403 -0.0721737 0.0362506 -0.189814 0.00682782 0.0761889 0.103493
internal_weight=3.02734e+06 1.84882e+06 193437 24443 168994 146771 1.17852e+06 857070 83541 321453 27567 773529 144776 108593
internal_count=3027339 1848816 193437 24443 168994 146771 1178523 857070 83541 321453 27567 773529 144776 108593
is_linear=0
shrinkage=0.02


Tree=162
num_leaves=15
num_cat=0
split_feature=7 4 9 9 7 7 7 7 9 9 4 0 7 7
split_gain=407152 3.81375e+06 2.19705e+06 2.1744e+06 2.12227e+06 1.46766e+06 1.41674e+06 985353 1.01817e+06 968908 890536 772566 737115 927042
threshold=12158.952636718752 -168.94499969482419 0.51117742061615001 0.28987027704715734 12043.893554687502 12200.578613281252 12707.136718750002 12073.221679687502 0.60120347142219555 -0.70459485054016102 -271.19000244140619 2789.5000000000005 12557.411132812502 12478.809082031252
decision_type=2 2 2 2 2 2 2 2 2 2 2 2 2 2
left_child=4 2 3 -2 10 -3 12 8 -6 11 -1 -7 13 -4
right_child=1 5 6 -5 7 9 -8 -9 -10 -11 -12 -13 -14 -15
leaf_value=-0.2013645146838772 0.038683991780146351 0.087763816863564284 0.0880990622011327 0.82838741894879309 -0.1088749946786495 0.028144556281822105 0.97930355524612678 -0.033016851952693778 -0.46579289111149985 -0.013949108213871358 0.0027296541347861547 0.23100350675087747 -0.14718223358736734 0.5626934278764345
leaf_weight=8575 2023 75092 8258 4488 68053 22007 757 128664 3346 487478 2201497 11392 3661 2048
leaf_count=8575 2023 75092 8258 4488 68053 22007 757 128664 3346 487478 2201497 11392 3661 2048
internal_value=1.804e-06 0.0144955 0.277808 0.583461 -0.00370989 0.0051089 0.142342 -0.0660859 -0.125665 -0.00680843 0.00193686 0.0973864 0.0963097 0.182866
internal_weight=3.02734e+06 617204 21235 6511 2.41014e+06 595969 14724 200063 71399 520877 2.21007e+06 33399 13967 10306
internal_count=3027339 617204 21235 6511 2410135 595969 14724 200063 71399 520877 2210072 33399 13967 10306
is_linear=0
shrinkage=0.02


Tree=163
num_leaves=15
num_cat=0
split_feature=7 6 7 9 7 7 0 0 7 9 7 0 7 7
split_gain=400549 1.24878e+06 1.32508e+06 1.33189e+06 1.7318e+06 1.50937e+06 1.01149e+06 953122 903314 1.62905e+06 1.11306e+06 901597 877643 681060
threshold=10775.280273437502 55.651912689208991 10619.391601562502 0.61151722073555004 10679.781738281252 10759.808593750002 5918.5000000000009 1993.5000000000002 10814.940429687502 0.58831891417503368 10889.665527343752 4202.5000000000009 10065.734863281252 10930.946777343752
decision_type=2 2 2 2 2 2 2 2 2 2 2 2 2 2
left_child=1 -1 12 4 7 -5 -6 -4 9 11 -10 -2 -3 -12
right_child=8 2 3 5 6 -7 -8 -9 10 -11 13 -13 -14 -15
leaf_value=-0.12259552770303818 -0.038325604608183669 0.11065725790288039 -0.066805123741023723 0.48846112802463709 0.021879743789995257 0.11418421389681717 -0.24246201183931218 0.24341975735156685 0.066763899617009181 -0.21790038551722193 -0.054920488209888818 0.23165671713181141 -0.089854038090898231 -0.00020325369645827395
leaf_weight=18468 58353 11903 4856 6654 37716 12226 6830 21403 97210 21169 94283 5396 32692 2598180
leaf_count=18468 58353 11903 4856 6654 37716 12226 6830 21403 97210 21169 94283 5396 32692 2598180
internal_value=1.89217e-06 0.0315601 0.0527694 0.0970684 0.0572513 0.246283 -0.0186952 0.186046 -0.00167513 -0.0659308 0.000281049 -0.01544 -0.0363216 -0.00211951
internal_weight=3.02734e+06 152748 134280 89685 70805 18880 44546 26259 2.87459e+06 84918 2.78967e+06 63749 44595 2.69246e+06
internal_count=3027339 152748 134280 89685 70805 18880 44546 26259 2874591 84918 2789673 63749 44595 2692463
is_linear=0
shrinkage=0.02


Tree=164
num_leaves=15
num_cat=0
split_feature=7 7 7 6 7 7 7 6 0 7 7 0 5 6
split_gain=392330 2.20842e+06 1.30107e+06 876288 773442 1.13164e+06 1.51015e+06 1.2996e+06 1.75408e+06 1.2495e+06 1.1355e+06 1.18608e+06 1.01065e+06 1.22327e+06
threshold=11203.090820312502 11252.907714843752 11230.460449218752 116.64034652709962 11057.007324218752 11006.505859375002 10997.610839843752 105.63557815551759 4541.5000000000009 10976.409667968752 11019.201171875002 6643.5000000000009 -0.037499999627470963 102.35916137695314
decision_type=2 2 2 2 2 2 2 2 2 2 2 2 2 2
left_child=4 2 3 -2 5 6 9 8 -7 -1 11 -10 -8 -14
right_child=1 -3 -4 -5 -6 7 12 -9 10 -11 -12 -13 13 -15
leaf_value=0.010446482125801045 -0.028320779746069596 0.0017257923856274979 -0.17707028373310688 -0.1816533273678454 0.035475175380426806 -0.070645930749592106 -0.075690402722032799 0.014047662934032843 -0.8891005193595074 -0.085703211547754191 -0.2215351903343683 -0.025493970920698984 0.080132034838925517 0.40961890218989289
leaf_weight=668213 140176 1655379 36587 16674 321453 46115 5344 48866 2401 58812 8384 865 9461 8609
leaf_count=668213 140176 1655379 36587 16674 321453 46115 5344 48866 2401 58812 8384 865 9461 8609
internal_value=1.88339e-06 -0.0057465 -0.0696892 -0.0446315 0.00901969 -0.000902985 0.00776007 -0.0618663 -0.126077 0.00266744 -0.345243 -0.661156 0.165821 0.237249
internal_weight=3.02734e+06 1.84882e+06 193437 156850 1.17852e+06 857070 750439 106631 57765 727025 11650 3266 23414 18070
internal_count=3027339 1848816 193437 156850 1178523 857070 750439 106631 57765 727025 11650 3266 23414 18070
is_linear=0
shrinkage=0.02


Tree=165
num_leaves=15
num_cat=0
split_feature=17 13 17 17 4 14 18 14 4 4 9 14 4 9
split_gain=384407 329015 898822 833711 835318 313311 293477 240881 268424 232425 229367 307992 221355 208156
threshold=0.10326559469103815 2.1000000238418584 0.61151048541069042 0.56281241774559032 -51.17499923706054 0.63109514117240917 0.0674569606781006 0.61200520396232616 -125.01499938964842 -111.73500061035155 0.010024622548371555 0.63755670189857494 166.83499908447268 0.51117742061615001
decision_type=2 2 2 2 2 2 2 2 2 2 2 2 2 2
left_child=9 2 5 7 10 -2 -4 -3 -9 -1 -5 -12 -6 -7
right_child=1 3 6 4 12 13 -8 8 -10 -11 11 -13 -14 -15
leaf_value=0.19402484669049372 -0.0034208894924227548 0.0025614493892342953 0.090247326641209186 -0.0092791900707863313 -0.0091205630740012703 0.029669589011800918 0.029938521041334071 -0.073189568273440544 -0.01157470119159176 0.045954492049456397 -0.075158258437238473 -0.18324771104256571 -0.10261125894817343 -0.011498104671363578
leaf_weight=5097 1218408 926809 55685 6551 91162 212655 76797 31738 259138 25064 18658 24309 11387 63881
leaf_count=5097 1218408 926809 55685 6551 91162 212655 76797 31738 259138 25064 18658 24309 11387 63881
internal_value=1.76565e-06 -0.000713269 0.00536599 -0.00793614 -0.0520882 0.000941129 0.0552926 -0.00242194 -0.0183 0.071034 -0.119536 -0.13634 -0.0195109 0.0201595
internal_weight=3.02734e+06 2.99718e+06 1.62743e+06 1.36975e+06 152067 1.49494e+06 132482 1.21768e+06 290876 30161 49518 42967 102549 276536
internal_count=3027339 2997178 1627426 1369752 152067 1494944 132482 1217685 290876 30161 49518 42967 102549 276536
is_linear=0
shrinkage=0.02


Tree=166
num_leaves=15
num_cat=0
split_feature=17 16 5 17 5 16 17 9 17 9 13 17 17 16
split_gain=370527 353943 333365 299271 385190 367151 233228 246725 228527 284790 220054 484083 438624 255913
threshold=0.072292223572731032 -22.100000381469723 0.062499998137354858 0.30344274640083319 -0.032499999739229672 6.7000000476837167 0.45416918396949774 0.72443613409996044 0.795109122991562 -0.59636875987052906 8.5000000000000018 0.62830656766891491 0.54591253399848949 -2.8999999761581416
decision_type=2 2 2 2 2 2 2 2 2 2 2 2 2 2
left_child=-1 6 3 5 -5 -3 -2 -8 -4 -10 11 -6 -12 -14
right_child=1 2 8 4 10 -7 7 -9 9 -11 12 -13 13 -15
leaf_value=0.089750627812639858 0.0062226990119342712 -0.0048443068658608618 0.023560285457795507 -0.023245377817176668 -0.001345424089201522 0.027976885051603968 0.046317713776420376 0.33458991845888841 0.56007211057739081 -0.024252534839010315 -0.0052306865074663589 0.050871517949149903 0.04345107794754343 -0.065741532138071698
leaf_weight=18279 109098 323954 157836 479265 1010013 235379 83820 1195 701 627 441904 76377 9621 79270
leaf_count=18279 109098 323954 157836 479265 1010013 235379 83820 1195 701 627 441904 76377 9621 79270
internal_value=1.7241e-06 -0.000543759 -0.00234505 -0.00403002 -0.00749786 0.00896775 0.0255765 0.0504089 0.0257684 0.286056 -0.00283083 0.00232602 -0.0133854 -0.0539194
internal_weight=3.02734e+06 3.00906e+06 2.81495e+06 2.65578e+06 2.09645e+06 559333 194113 85015 159164 1328 1.61718e+06 1.08639e+06 530795 88891
internal_count=3027339 3009060 2814947 2655783 2096450 559333 194113 85015 159164 1328 1617185 1086390 530795 88891
is_linear=0
shrinkage=0.02


Tree=167
num_leaves=15
num_cat=0
split_feature=0 17 16 5 9 9 1 0 17 16 5 0 0 9
split_gain=381712 363898 332762 315732 263153 264814 345710 305696 264206 332866 321189 596080 259443 255488
threshold=8173.0000000000009 0.072292223572731032 -23.100000381469723 0.062499998137354858 -0.90470352768897999 -0.72323438525199879 109.93676757812501 2551.5000000000005 0.32099780440330511 3.8999999761581425 -0.032499999739229672 1600.5000000000002 737.50000000000011 -0.77939680218696583
decision_type=2 2 2 2 2 2 2 2 2 2 2 2 2 2
left_child=1 -1 -3 4 -4 7 8 -6 9 -7 11 -10 -5 -9
right_child=-2 2 3 12 5 6 -8 13 10 -11 -12 -13 -14 -15
leaf_value=0.089983555279408559 -0.11272024844134211 0.029872577615244179 -0.12318661015245948 -0.032445380484012 0.0030389403518854834 -0.003739263429843237 -0.022139104222123077 0.26598979855117011 0.014636766683705685 0.02644701695309221 -0.00017544764346193975 -0.037774852894652405 0.03658749268268869 0.06701868846259583
leaf_weight=18039 11959 141266 7282 25916 44492 308900 359128 2887 128397 277271 1273981 267864 136098 23859
leaf_count=18039 11959 141266 7282 25916 44492 308900 359128 2887 128397 277271 1273981 267864 136098 23859
internal_value=1.75978e-06 0.000449194 -8.99451e-05 -0.00157205 -0.0032028 -0.00287714 -0.00391344 0.0351662 -0.00101257 0.0105396 -0.00506687 -0.0207924 0.0255434 0.088588
internal_weight=3.02734e+06 3.01538e+06 2.99734e+06 2.85608e+06 2.69406e+06 2.68678e+06 2.61554e+06 71238 2.25641e+06 586171 1.67024e+06 396261 162014 26746
internal_count=3027339 3015380 2997341 2856075 2694061 2686779 2615541 71238 2256413 586171 1670242 396261 162014 26746
is_linear=0
shrinkage=0.02


Tree=168
num_leaves=15
num_cat=0
split_feature=7 7 8 7 7 8 7 8 1 7 7 8 7 7
split_gain=383042 2.5894e+06 2.07129e+06 3.38079e+06 2.03469e+06 1.4356e+06 946003 850418 1.84037e+06 769916 1.72908e+06 1.26039e+06 3.10518e+06 1.45951e+06
threshold=12158.952636718752 12205.039550781252 -0.8594742715358733 12186.018554687502 12043.893554687502 -0.95844322443008412 12073.221679687502 0.99276980757713329 82.08219146728517 11519.124511718752 11470.466308593752 0.95380857586860668 11727.023925781252 11749.025390625002
decision_type=2 2 2 2 2 2 2 2 2 2 2 2 2 2
left_child=4 2 3 -2 9 -5 -6 -4 -9 10 -1 13 -13 -11
right_child=1 -3 7 5 6 -7 -8 8 -10 11 -12 12 -14 -15
leaf_value=-0.0019281471517466665 0.030155418935621767 -0.0033504843200322112 0.016298007578728055 0.21289970425704333 -0.12305075440270224 0.69893873571281429 -0.032271829904857066 0.076265011443639272 0.55370401389463653 0.21351637648510277 -0.24771941567903277 -0.83573034850982553 -0.022831040638852499 0.0349708957761352
leaf_weight=1815044 10648 522783 52021 3714 71399 7091 128664 16967 3980 19575 11511 1915 79805 282222
leaf_count=1815044 10648 522783 52021 3714 71399 7091 128664 16967 3980 19575 11511 1915 79805 282222
internal_value=1.7379e-06 0.0140598 0.110446 0.283159 -0.00359838 0.532226 -0.0646739 0.0596354 0.167202 0.00193063 -0.00347849 0.0276918 -0.0419804 0.0465584
internal_weight=3.02734e+06 617204 94421 21453 2.41014e+06 10805 200063 72968 20947 2.21007e+06 1.82656e+06 383517 81720 301797
internal_count=3027339 617204 94421 21453 2410135 10805 200063 72968 20947 2210072 1826555 383517 81720 301797
is_linear=0
shrinkage=0.02


Tree=169
num_leaves=15
num_cat=0
split_feature=5 17 4 4 3 9 14 9 9 17 9 9 4 1
split_gain=340070 323698 413530 309358 580864 368936 299418 278150 291690 256246 225094 443296 459384 353744
threshold=0.082499999552965178 0.24476148933172229 -156.56500244140622 -249.45500183105466 1.9304550290107729 0.27604819834232336 0.36789068579673773 0.38693533837795263 0.70082291960716259 0.73045894503593456 0.55122801661491405 0.35578875243663793 -51.17499923706054 150.61450958251956
decision_type=2 2 2 2 2 2 2 2 2 2 2 2 2 2
left_child=1 2 6 4 -3 -6 -1 -7 -9 -2 11 -5 13 -13
right_child=9 3 -4 10 5 7 -8 8 -10 -11 -12 12 -14 -15
leaf_value=0.29627759638560347 0.04827387136269165 0.38318208241815854 0.013626182718131341 -0.0015866659060927075 -0.39648589867718365 0.0078708203102431356 0.076394898492204918 -0.1674351599483655 0.36912604237279151 0.3553440303221625 -0.012481993797259686 0.05694874623817324 -0.017505745284333903 0.73810261687324707
leaf_weight=3016 41013 1029 258533 1888524 1558 8500 13736 10085 413 1107 655242 98368 45919 296
leaf_count=3016 41013 1029 258533 1888524 1558 8500 13736 10085 413 1107 655242 98368 45919 296
internal_value=1.74079e-06 -0.000794575 0.0198683 -0.00289366 -0.0782894 -0.101566 0.116137 -0.0771831 -0.145993 0.0564272 -0.00228801 0.000997409 0.0347482 0.0590671
internal_weight=3.02734e+06 2.98522e+06 275285 2.70993e+06 21585 20556 16752 18998 10498 42120 2.68835e+06 2.03311e+06 144583 98664
internal_count=3027339 2985219 275285 2709934 21585 20556 16752 18998 10498 42120 2688349 2033107 144583 98664
is_linear=0
shrinkage=0.02


Tree=170
num_leaves=15
num_cat=0
split_feature=7 7 7 7 7 6 9 7 4 7 7 4 4 8
split_gain=385892 2.0981e+06 1.2486e+06 1.0239e+06 1.27135e+06 993618 1.61333e+06 1.32638e+06 914551 909325 1.33831e+06 1.43502e+06 981793 876061
threshold=11203.090820312502 11310.526855468752 11368.623535156252 11519.124511718752 11470.466308593752 84.197589874267592 -0.29443810880184168 11358.889648437502 40.375000000000007 11346.758300781252 11326.573730468752 58.465000152587898 84.395000457763686 -0.95380857586860646
decision_type=2 2 2 2 2 2 2 2 2 2 2 2 2 2
left_child=-1 -2 5 4 13 -3 7 -7 -6 10 -8 -12 -13 -4
right_child=1 2 3 -5 8 6 9 -9 -10 -11 11 12 -14 -15
leaf_value=0.0089453432524117804 -0.062419004084542831 -0.004306488284139035 -0.091719856639457517 0.0051615069512499605 -0.018119547486094796 -0.045083861171406017 0.011972183175900134 0.58366484984394063 -0.38413261394687476 0.028264070547029754 0.066635510428985592 0.82519898550079196 0.3377243987730823 -0.0082029090476972641
leaf_weight=1178523 228599 54744 66141 1200784 4451 1870 10694 4731 7060 47404 5595 2373 5490 208880
leaf_count=1178523 228599 54744 66141 1200784 4451 1870 10694 4731 7060 47404 5595 2373 5490 208880
internal_value=1.8221e-06 -0.00569921 0.0023038 -0.00294465 -0.0369146 0.0610359 0.106799 0.405745 -0.242745 0.0791684 0.179026 0.311662 0.485705 -0.0282909
internal_weight=3.02734e+06 1.84882e+06 1.62022e+06 1.48732e+06 286532 132901 78157 6601 11511 71556 24152 13458 7863 275021
internal_count=3027339 1848816 1620217 1487316 286532 132901 78157 6601 11511 71556 24152 13458 7863 275021
is_linear=0
shrinkage=0.02


Tree=171
num_leaves=15
num_cat=0
split_feature=7 6 7 7 8 7 7 7 8 7 8 7 8 7
split_gain=372528 1.20427e+06 1.24681e+06 1.01896e+06 895403 1.00635e+06 954908 882552 1.30188e+06 1.04794e+06 868523 833427 721356 849077
threshold=10775.280273437502 52.668022155761726 10619.391601562502 10640.455566406252 -0.68419089913368214 10699.223144531252 10727.798339843752 10814.940429687502 0.69195944070816051 10889.665527343752 -0.81390005350112904 10065.734863281252 -0.78596645593643177 10759.808593750002
decision_type=2 2 2 2 2 2 2 2 2 2 2 2 2 2
left_child=1 -1 11 -4 6 -6 -5 8 10 -9 -2 -3 -8 -14
right_child=7 2 3 4 5 -7 12 9 -10 -11 -12 -13 13 -15
leaf_value=-0.12676788285577895 0.11066898849560934 0.10771350683876492 0.35624661148548004 0.60424883520473971 0.093765174212251681 -0.077945953760348477 -0.04330058681107999 0.064826814436348468 0.0011811671194631537 -0.0020111389421907325 -0.19408724801538177 -0.087430021485538634 0.42842005377475817 0.11570901657001008
leaf_weight=17277 4243 11905 5522 1927 39705 20795 6155 97210 49460 2692463 31215 32995 4975 11492
leaf_count=17277 4243 11905 5522 1927 39705 20795 6155 97210 49460 2692463 31215 32995 4975 11492
internal_value=1.86848e-06 0.0304362 0.0504929 0.09321 0.0760916 0.0347413 0.177941 -0.00161542 -0.0651284 0.000318139 -0.157598 -0.0356758 0.141376 0.210389
internal_weight=3.02734e+06 152748 135471 90571 85049 60500 24549 2.87459e+06 84918 2.78967e+06 35458 44900 22622 16467
internal_count=3027339 152748 135471 90571 85049 60500 24549 2874591 84918 2789673 35458 44900 22622 16467
is_linear=0
shrinkage=0.02


Tree=172
num_leaves=15
num_cat=0
split_feature=0 17 16 5 6 17 5 0 16 17 0 9 9 6
split_gain=366273 340222 314536 295468 317015 258501 348407 734835 332555 223065 279855 267134 220989 261984
threshold=8173.0000000000009 0.072292223572731032 -22.100000381469723 0.062499998137354858 130.3179626464844 0.30344274640083319 -0.032499999739229672 1620.5000000000002 6.7000000476837167 0.45416918396949774 1523.5000000000002 0.71458885073661815 0.60120347142219555 151.35574340820315
decision_type=2 2 2 2 2 2 2 2 2 2 2 2 2 2
left_child=1 -1 9 5 -5 8 7 -7 -4 -3 -11 -12 13 -9
right_child=-2 2 3 4 -6 6 -8 12 -10 10 11 -13 -14 -15
leaf_value=0.08701290951013109 -0.11041692314471771 0.0056515612150364681 -0.0044324903707493373 0.018138865252041173 0.14636614677895773 0.014312564468763672 -0.0021609196111808098 -0.024329303987376875 0.026866409323466942 -0.0030963377510738921 0.067782786307595877 0.35965630616458866 -0.05560663037317036 0.32526748992589122
leaf_weight=18039 11959 108772 322935 150920 8118 154016 1611187 162983 234301 27749 55517 1274 158717 852
leaf_count=18039 11959 108772 322935 150920 8118 154016 1611187 162983 234301 27749 55517 1274 158717 852
internal_value=1.92062e-06 0.000440213 -8.10921e-05 -0.00178225 0.0246931 -0.00337426 -0.00660446 -0.0216268 0.00872797 0.0245933 0.0489606 0.0743929 -0.0387876 -0.0224914
internal_weight=3.02734e+06 3.01538e+06 2.99734e+06 2.80403e+06 159038 2.64499e+06 2.08776e+06 476568 557236 193312 84540 56791 322552 163835
internal_count=3027339 3015380 2997341 2804029 159038 2644991 2087755 476568 557236 193312 84540 56791 322552 163835
is_linear=0
shrinkage=0.02


Tree=173
num_leaves=15
num_cat=0
split_feature=7 7 7 7 7 4 9 9 7 4 4 7 9 7
split_gain=365784 2.00728e+06 1.1991e+06 981276 1.221e+06 879138 848787 1.51786e+06 1.99953e+06 1.09121e+06 843331 2.80205e+06 1.7131e+06 2.66397e+06
threshold=11203.090820312502 11310.526855468752 11368.623535156252 11519.124511718752 11470.466308593752 35.954999923706062 -0.2852825373411178 -0.42819528281688685 11358.889648437502 38.23500061035157 -164.48500061035153 12179.006835937502 0.51117742061615001 12767.550292968752
decision_type=2 2 2 2 2 2 2 2 2 2 2 2 2 2
left_child=-1 -2 6 4 -4 -6 7 -3 -9 -10 11 -5 13 -13
right_child=1 2 3 10 5 -7 -8 8 9 -11 -12 12 -14 -15
leaf_value=0.0087093299960004488 -0.061027156763311864 -0.051394343903860912 -0.027668209801595692 -0.084733047954797663 -0.011568299449224018 -0.3727520215524433 0.042152391412405114 -0.070105291012729914 -0.056556726532186422 0.68969875654959534 0.001837924065733563 0.71454084195909573 0.1242281215204752 -0.16321779832203778
leaf_weight=1178523 228599 5656 275021 19581 4304 7207 118422 2828 925 5070 1157703 5466 16188 1846
leaf_count=1178523 228599 5656 275021 19581 4304 7207 118422 2828 925 5070 1157703 5466 16188 1846
internal_value=1.93869e-06 -0.00554857 0.00227931 -0.00286404 -0.0361194 -0.237833 0.0598354 0.204332 0.368141 0.574649 0.00507158 0.0919476 0.239138 0.493017
internal_weight=3.02734e+06 1.84882e+06 1.62022e+06 1.48732e+06 286532 11511 132901 14479 8823 5995 1.20078e+06 43081 23500 7312
internal_count=3027339 1848816 1620217 1487316 286532 11511 132901 14479 8823 5995 1200784 43081 23500 7312
is_linear=0
shrinkage=0.02


Tree=174
num_leaves=15
num_cat=0
split_feature=7 7 7 4 7 0 0 4 7 7 7 7 4 7
split_gain=353834 853891 999263 1.44633e+06 1.52396e+06 853592 744279 915467 968432 1.0281e+06 910167 662642 2.28401e+06 869344
threshold=10775.280273437502 10814.940429687502 10889.665527343752 -174.19499969482419 10853.744628906252 4284.5000000000009 2591.5000000000005 166.83499908447268 10759.808593750002 10699.223144531252 10619.391601562502 10930.946777343752 60.784999847412116 10942.550292968752
decision_type=2 2 2 2 2 2 2 2 2 2 2 2 2 2
left_child=6 5 3 4 -3 -2 -1 10 9 -9 -8 12 -4 -13
right_child=1 2 11 -5 -6 -7 7 8 -10 -11 -12 13 -14 -15
leaf_value=-0.018046336143981979 -0.081252967733981801 0.79461312084575508 -0.12214490083108823 0.04341858989779885 0.12942485180502095 0.16952317061564706 -0.018509429659800375 0.0074565453050521738 0.43456504596521311 -0.31465184564518422 0.16874049710991521 0.097433771644177034 0.088197024170888649 -0.0014295428698390452
leaf_weight=70459 79098 2112 63752 91156 3942 5820 14093 22220 1747 4814 39415 36069 30531 2562111
leaf_count=70459 79098 2112 63752 91156 3942 5820 14093 22220 1747 4814 39415 36069 30531 2562111
internal_value=1.94446e-06 -0.00157425 0.00032766 0.0633203 0.362414 -0.0640474 0.0296628 0.0705108 -0.0204422 -0.0499964 0.119428 -0.00194687 -0.054029 -5.67044e-05
internal_weight=3.02734e+06 2.87459e+06 2.78967e+06 97210 6054 84918 152748 82289 28781 27034 53508 2.69246e+06 94283 2.59818e+06
internal_count=3027339 2874591 2789673 97210 6054 84918 152748 82289 28781 27034 53508 2692463 94283 2598180
is_linear=0
shrinkage=0.02


Tree=175
num_leaves=15
num_cat=0
split_feature=7 4 7 9 9 7 7 9 7 9 4 0 7 7
split_gain=351286 3.43379e+06 1.95516e+06 1.91319e+06 1.93151e+06 1.36588e+06 1.34516e+06 920623 909564 960863 813048 734101 701176 885623
threshold=12158.952636718752 -168.94499969482419 12043.893554687502 0.51117742061615001 0.28987027704715734 12707.136718750002 12200.578613281252 -0.70459485054016102 12073.221679687502 0.60120347142219555 -271.19000244140619 2789.5000000000005 12557.411132812502 12478.809082031252
decision_type=2 2 2 2 2 2 2 2 2 2 2 2 2 2
left_child=2 3 10 4 -2 12 -3 11 9 -4 -1 -8 13 -5
right_child=1 6 8 5 -6 -7 7 -9 -10 -11 -12 -13 -14 -15
leaf_value=-0.19228107780330189 0.035100764017879683 0.083688212961879435 -0.10424713878454338 0.083502807616177108 0.779385027633131 0.95869813717639429 0.027218162971550743 -0.013811702637080425 -0.031543639546403726 -0.45097280934658651 0.0027317298100792233 0.22496256305326412 -0.14577448155211645 0.5473679653942527
leaf_weight=8575 2023 75092 68053 8258 4488 757 22007 487478 128664 3346 2201497 11392 3661 2048
leaf_count=8575 2023 75092 68053 8258 4488 757 22007 487478 128664 3346 2201497 11392 3661 2048
internal_value=1.99682e-06 0.0134647 -0.00344566 0.263317 0.548544 0.1369 0.00455791 -0.00685122 -0.0633155 -0.120557 0.00197421 0.0947142 0.091704 0.176125
internal_weight=3.02734e+06 617204 2.41014e+06 21235 6511 14724 595969 520877 200063 71399 2.21007e+06 33399 13967 10306
internal_count=3027339 617204 2410135 21235 6511 14724 595969 520877 200063 71399 2210072 33399 13967 10306
is_linear=0
shrinkage=0.02


Tree=176
num_leaves=15
num_cat=0
split_feature=0 5 0 16 0 1 8 11 8 0 5 1 8 0
split_gain=343483 313245 303344 290730 287708 236925 498265 234710 204149 402068 397711 322343 265729 675508
threshold=8173.0000000000009 0.082499999552965178 2172.5000000000005 -23.100000381469723 2671.5000000000005 94.94791412353517 0.89291974902153026 0.76620391011238109 0.95380857586860668 5495.5000000000009 0.027499999850988392 69.36277008056642 0.97559595108032238 2454.5000000000005
decision_type=2 2 2 2 2 2 2 2 2 2 2 2 2 2
left_child=1 3 -3 -1 7 8 -7 -4 -5 12 -11 -12 13 -10
right_child=-2 2 4 5 -6 6 -8 -9 9 10 11 -13 -14 -15
leaf_value=0.027821495991669588 -0.10692638496544636 -0.019259423904077581 0.060870891924971277 0.0046026996029901743 0.062635050936234282 -0.017904890349451703 0.017955534776668686 0.33786897825237788 0.001226882470405821 -0.060790339334677049 0.073486306807867094 0.47719842484682828 -0.010197518177764875 -0.17692535597640033
leaf_weight=139726 11959 14559 2027 1700836 22436 714205 197928 3098 21263 2042 1441 1756 179875 14188
leaf_count=139726 11959 14559 2027 1700836 22436 714205 197928 3098 21263 2042 1441 1756 179875 14188
internal_value=2.07635e-06 0.000426515 0.0545793 -0.000340803 0.0935779 -0.00172963 -0.0101232 0.228649 0.00225503 -0.0158478 0.1571 0.296034 -0.0200629 -0.0701014
internal_weight=3.02734e+06 3.01538e+06 42120 2.97326e+06 27561 2.83353e+06 912133 5125 1.9214e+06 220565 5239 3197 215326 35451
internal_count=3027339 3015380 42120 2973260 27561 2833534 912133 5125 1921401 220565 5239 3197 215326 35451
is_linear=0
shrinkage=0.02


Tree=177
num_leaves=15
num_cat=0
split_feature=7 7 7 6 9 7 7 4 7 7 7 7 7 9
split_gain=348194 1.65e+06 1.15055e+06 943632 1.37152e+06 1.1187e+06 992069 1.31042e+06 1.20882e+06 942100 1.16812e+06 865872 1.07957e+06 2.08624e+06
threshold=11200.173339843752 11310.526855468752 11368.623535156252 85.560726165771499 -0.29443810880184168 11358.889648437502 11346.758300781252 57.174999237060554 11335.633789062502 11519.124511718752 11470.466308593752 11057.007324218752 11019.201171875002 0.53606674075126659
decision_type=2 2 2 2 2 2 2 2 2 2 2 2 2 2
left_child=11 -2 3 -3 5 -5 7 -6 -9 10 -4 12 -1 -14
right_child=1 2 9 4 6 -7 -8 8 -10 -11 -12 -13 13 -15
leaf_value=0.0060237373020644615 -0.051684828197189676 -0.00035953789202519199 -0.027089018929508185 -0.033669509188864348 0.048043234699560095 0.55920724689933787 0.027262371052898415 0.14103569338028585 0.58291111272213481 0.0050051860564833354 -0.23265243789988765 0.038811930855493719 -0.0016524974961758729 -0.21653592920300735
leaf_weight=773529 263618 59708 275021 1779 11643 4456 45402 4989 4924 1200784 11511 286434 57112 26429
leaf_count=773529 263618 59708 275021 1779 11643 4456 45402 4989 4924 1200784 11511 286434 57112 26429
internal_value=2.07946e-06 -0.00528245 0.00226773 0.0586465 0.106775 0.390259 0.080323 0.192016 0.360893 -0.00277042 -0.0353551 0.00870792 -0.00135319 -0.069651
internal_weight=3.02734e+06 1.88384e+06 1.62022e+06 132901 73193 6235 66958 21556 9913 1.48732e+06 286532 1.1435e+06 857070 83541
internal_count=3027339 1883835 1620217 132901 73193 6235 66958 21556 9913 1487316 286532 1143504 857070 83541
is_linear=0
shrinkage=0.02


Tree=178
num_leaves=15
num_cat=0
split_feature=0 17 4 16 3 17 4 8 10 17 16 16 4 8
split_gain=327215 318615 315568 274170 250769 247960 442280 624989 314160 340131 505167 311217 353787 454295
threshold=8173.0000000000009 0.072292223572731032 284.38999938964849 -22.100000381469723 7.1331772804260263 0.32099780440330511 -94.514999389648423 -0.63895034790039051 -9.2999997138977033 0.51076588034629833 -1.6999999880790708 6.7000000476837167 -72.844997406005845 0.53606674075126659
decision_type=2 2 2 2 2 2 2 2 2 2 2 2 2 2
left_child=1 -1 3 -3 -4 11 7 8 -7 -10 -11 -5 13 -13
right_child=-2 2 4 5 -6 6 -8 -9 9 10 -12 12 -14 -15
leaf_value=0.084194876049972639 -0.10436344040286921 0.02260405728971317 0.031922133205793422 -0.0031014905638758624 0.2310495342679694 0.006443563971189439 -0.0014178841409826536 0.87160141372680666 -0.023760822027249162 -0.0020888454997275412 -0.1132171143126275 0.060548643777953055 0.012188611414971675 0.71745045213204506
leaf_weight=18039 11959 192579 6603 429806 4095 85855 1704735 300 193993 25071 47099 64123 242668 414
leaf_count=18039 11959 192579 6603 429806 4095 85855 1704735 300 193993 25071 47099 64123 242668 414
internal_value=2.09367e-06 0.000416359 -8.81208e-05 -0.000476697 0.108291 -0.0020676 -0.0056339 -0.0260329 -0.0268227 -0.0375532 -0.0746184 0.0078861 0.0232583 0.0648734
internal_weight=3.02734e+06 3.01538e+06 2.99734e+06 2.98664e+06 10698 2.79406e+06 2.05705e+06 352318 352018 266163 72170 737011 307205 64537
internal_count=3027339 3015380 2997341 2986643 10698 2794064 2057053 352318 352018 266163 72170 737011 307205 64537
is_linear=0
shrinkage=0.02


Tree=179
num_leaves=15
num_cat=0
split_feature=7 7 7 7 7 0 7 9 9 7 7 7 9 9
split_gain=348706 1.73271e+06 1.54766e+06 1.73665e+06 1.51531e+06 1.96513e+06 1.21827e+06 1.8042e+06 1.71379e+06 1.11738e+06 1.10228e+06 1.04138e+06 1.00918e+06 2.20981e+06
threshold=12535.058593750002 12629.550292968752 12169.453125000002 12043.893554687502 12205.039550781252 6008.5000000000009 12723.007324218752 -0.074976801872253404 -0.68669712543487538 12805.279296875002 12478.809082031252 12680.433105468752 0.045067228376865394 0.51117742061615001
decision_type=2 2 2 2 2 2 2 2 2 2 2 2 2 2
left_child=2 -2 3 -1 5 12 8 -8 11 -9 -6 -3 -4 -14
right_child=1 6 4 -5 10 -7 7 9 -10 -11 -12 -13 13 -15
leaf_value=0.0019864875649875137 -0.084181961056508853 0.58574906453318987 0.057297545120033738 -0.057992603541319097 -0.013689558242160995 0.65579507997850084 -0.096606665995119925 0.10905534058994487 0.055023843576495812 -0.092959951606906857 0.077205900166387037 0.016063840077718314 0.40635008265951306 -0.0051348947829510444
leaf_weight=2210072 108109 4166 59268 211571 154200 2614 60299 44255 53757 14544 81599 1854 11428 9603
leaf_count=2210072 108109 4166 59268 211571 154200 2614 60299 44255 53757 14544 81599 1854 11428 9603
internal_value=2.17031e-06 -0.0209725 0.00219882 -0.0032539 0.0436286 0.117166 0.0172326 -0.0197456 0.0908983 0.059079 0.017767 0.410622 0.0995524 0.218547
internal_weight=3.02734e+06 286984 2.74036e+06 2.42164e+06 318712 82913 178875 119098 59777 58799 235799 6020 80299 21031
internal_count=3027339 286984 2740355 2421643 318712 82913 178875 119098 59777 58799 235799 6020 80299 21031
is_linear=0
shrinkage=0.02


Tree=180
num_leaves=15
num_cat=0
split_feature=7 6 7 4 7 7 0 0 7 8 7 4 7 8
split_gain=335839 1.16035e+06 1.21305e+06 1.81172e+06 1.38888e+06 1.09445e+06 1.04734e+06 906228 828214 1.24075e+06 951084 1.39074e+06 1.46077e+06 832289
threshold=10775.280273437502 55.651912689208991 10619.391601562502 -71.405002593994126 10679.781738281252 10759.808593750002 5918.5000000000009 1993.5000000000002 10814.940429687502 0.69195944070816051 10889.665527343752 -174.19499969482419 10853.744628906252 -0.81390005350112904
decision_type=2 2 2 2 2 2 2 2 2 2 2 2 2 2
left_child=1 -1 -3 5 7 -4 -6 -5 9 13 11 12 -10 -2
right_child=8 2 3 4 6 -7 -8 -9 10 -11 -12 -13 -14 -15
leaf_value=-0.11969809086401501 0.10927729850562942 -0.035897797638581509 0.57244685051084943 -0.068870076522602255 0.033949220447667808 0.16238809942586954 -0.23129608682092773 0.23381069858652231 0.77822897958710524 0.001674017787992185 -0.001879287728165909 0.042279597290853003 0.12697542433363351 -0.18905281693189804
leaf_weight=18468 4243 44595 4514 4852 45992 6161 6830 21336 2112 49460 2692463 91156 3942 31215
leaf_count=18468 4243 44595 4514 4852 45992 6161 6830 21336 2112 49460 2692463 91156 3942 31215
internal_value=2.23379e-06 0.0288991 0.0493437 0.0917287 0.0586652 0.33616 -0.000384487 0.177726 -0.00153336 -0.0630601 0.000339737 0.061795 0.355084 -0.153333
internal_weight=3.02734e+06 152748 134280 89685 79010 10675 52822 26188 2.87459e+06 84918 2.78967e+06 97210 6054 35458
internal_count=3027339 152748 134280 89685 79010 10675 52822 26188 2874591 84918 2789673 97210 6054 35458
is_linear=0
shrinkage=0.02


Tree=181
num_leaves=15
num_cat=0
split_feature=0 5 0 4 4 13 14 4 14 14 0 9 9 5
split_gain=310907 300162 288981 358635 428691 286488 521152 308676 710744 342019 290739 284444 374891 330932
threshold=8173.0000000000009 0.082499999552965178 2172.5000000000005 166.83499908447268 238.91999816894534 -12.099999904632567 0.64100536704063427 -113.6949996948242 0.53559944033622753 0.35328684747219091 4070.5000000000005 -0.33046366274356836 -0.47019329667091364 0.11250000074505807
decision_type=2 2 2 2 2 2 2 2 2 2 2 2 2 2
left_child=1 5 -3 11 -5 6 -1 8 9 -7 -10 12 13 -4
right_child=-2 2 3 4 -6 7 -8 -9 10 -11 -12 -13 -14 -15
leaf_value=0.0012237276915272356 -0.10172930734870315 -0.018653504165489613 0.17379644050829057 -0.11834724035802058 0.12209798923389681 0.13369507646637693 0.042775071737270742 -0.0008987173770618036 -0.019710437881481347 0.0022275664990966072 -0.075649387573020394 -0.041101536023464641 0.40223257670314666 -0.20622348955938755
leaf_weight=497070 11959 14559 9494 5609 6272 8434 159470 2028616 63426 126457 89787 2502 2678 1006
leaf_count=497070 11959 14559 9494 5609 6272 8434 159470 2028616 63426 126457 89787 2502 2678 1006
internal_value=2.28282e-06 0.000406093 0.053416 0.0914801 0.00857846 -0.00034503 0.0113169 -0.00364996 -0.0230214 0.010457 -0.0524951 0.154249 0.191344 0.137223
internal_weight=3.02734e+06 3.01538e+06 42120 27561 11881 2.97326e+06 656540 2.31672e+06 288104 134891 153213 15680 13178 10500
internal_count=3027339 3015380 42120 27561 11881 2973260 656540 2316720 288104 134891 153213 15680 13178 10500
is_linear=0
shrinkage=0.02


Tree=182
num_leaves=15
num_cat=0
split_feature=5 16 4 8 8 5 8 9 4 5 4 4 3 8
split_gain=294814 281023 238926 961523 3.03281e+06 1.06214e+06 437660 223084 300859 222363 374086 332191 757081 373714
threshold=0.062499998137354858 -23.100000381469723 253.78499603271487 0.74837565422058117 0.7692478895187379 0.032499999739229686 0.96999460458755504 -0.90470352768897999 71.174999237060561 -0.032499999739229672 -271.19000244140619 -179.65499877929685 2.5429897308349614 -0.8594742715358733
decision_type=2 2 2 2 2 2 2 2 2 2 2 2 2 2
left_child=1 -1 7 -4 5 -5 -6 8 -3 10 -9 12 13 -11
right_child=-2 2 3 4 6 -7 -8 9 -10 11 -12 -13 -14 -15
leaf_value=0.026985663496055683 0.025182662912567155 -0.036797636363903208 0.1376259922436685 -1.2207849945445639 -0.048593591524285239 -0.11573760730028151 0.59264094558097657 -0.14911607261983759 -0.32902429526343063 0.43115977315770548 -0.011026921166593354 -0.00029228237304148306 0.024202923513468359 0.096013011928096165
leaf_weight=131710 175212 5436 4353 1355 4608 470 459 7940 1894 2903 607274 2043251 38010 2464
leaf_count=131710 175212 5436 4353 1355 4608 470 459 7940 1894 2903 607274 2043251 38010 2464
internal_value=2.25644e-06 -0.0015447 -0.00292611 -0.094884 -0.241727 -0.93839 0.0105423 -0.00254407 -0.112654 -0.00224492 -0.0128115 0.000870544 0.0556328 0.277762
internal_weight=3.02734e+06 2.85213e+06 2.72042e+06 11245 6892 1825 5067 2.70917e+06 7330 2.70184e+06 615214 2.08663e+06 43377 5367
internal_count=3027339 2852127 2720417 11245 6892 1825 5067 2709172 7330 2701842 615214 2086628 43377 5367
is_linear=0
shrinkage=0.02


Tree=183
num_leaves=15
num_cat=0
split_feature=0 17 13 17 17 0 9 9 14 17 14 9 14 13
split_gain=297268 300120 265010 913013 686312 485644 389849 330542 242097 227640 225739 251524 218533 212164
threshold=8173.0000000000009 0.072292223572731032 8.5000000000000018 0.56281241774559032 0.62830656766891491 2689.5000000000005 0.07535238936543466 -0.62499999999999989 0.67665356397628795 0.73045894503593456 0.51137384772300731 0.30041404068470007 0.34733173251152044 -7.0999999046325675
decision_type=2 2 2 2 2 2 2 2 2 2 2 2 2 2
left_child=1 -1 4 10 -3 -5 -7 9 -8 -6 11 -4 -13 -11
right_child=-2 2 3 5 7 6 8 -9 -10 13 -12 12 -14 -15
leaf_value=0.081707575318656481 -0.099473004048517444 0.00092281853597728431 -0.0010977756337154998 -0.022377431691863882 0.078141399750181625 -0.060534950303488558 -0.10589879430945055 0.033533020003879685 -0.23798790322166427 0.14423278590901931 -0.010065970407911833 0.13930479996475803 0.028348630313228124 0.39874932361200288
leaf_weight=18039 11959 1926755 217897 58135 16780 31609 11512 107221 10762 4520 501597 7628 101077 1848
leaf_count=18039 11959 1926755 217897 58135 16780 31609 11512 107221 10762 4520 501597 7628 101077 1848
internal_value=2.17289e-06 0.000397027 -9.25916e-05 -0.00888903 0.00392787 -0.0624756 -0.105726 0.0483367 -0.169799 0.116862 -0.00164049 0.0112993 0.0361469 0.218606
internal_weight=3.02734e+06 3.01538e+06 2.99734e+06 940217 2.05712e+06 112018 53883 130369 22274 23148 828199 326602 108705 6368
internal_count=3027339 3015380 2997341 940217 2057124 112018 53883 130369 22274 23148 828199 326602 108705 6368
is_linear=0
shrinkage=0.02


Tree=184
num_leaves=15
num_cat=0
split_feature=0 4 13 14 4 14 0 6 14 4 9 9 0 4
split_gain=285506 270835 262678 482634 311515 674089 328588 353539 290149 262994 575303 505975 363582 701055
threshold=8173.0000000000009 284.38999938964849 -12.099999904632567 0.64100536704063427 -113.6949996948242 0.50699326395988475 4070.5000000000005 60.54444885253907 0.34733173251152044 147.99500274658206 -0.10297428816556929 1.0025126284674004e-09 4842.5000000000009 188.28499603271487
decision_type=2 2 2 2 2 2 2 2 2 2 2 2 2 2
left_child=1 2 3 -1 5 8 -7 -8 -4 -6 12 -12 -11 -14
right_child=-2 -3 4 -5 9 6 7 -9 -10 10 11 -13 13 -15
leaf_value=0.0014623454255086952 -0.097485206365304264 0.1000681064348673 0.13904170305472377 0.041195328264629828 0.0021145749286268652 -0.013993305905081821 0.080612389576591156 -0.077244594280826154 0.0086552685796982207 -0.055731351700900759 0.17229426704564307 -0.016008477640684395 0.063277316780767312 -0.050261001195263541
leaf_weight=502660 11959 10854 7329 161590 1828790 76040 6005 100960 97853 111678 10942 11917 38116 50646
leaf_count=502660 11959 10854 7329 161590 1828790 76040 6005 100960 97853 111678 10942 11917 38116 50646
internal_value=2.15372e-06 0.000389117 2.86835e-05 0.0111286 -0.00312187 -0.0225929 -0.0457815 -0.0683756 0.017753 -0.000387333 -0.0208769 0.0741621 -0.0317188 -0.00150374
internal_weight=3.02734e+06 3.01538e+06 3.00453e+06 664250 2.34028e+06 288187 183005 106965 105182 2.05209e+06 223299 22859 200440 88762
internal_count=3027339 3015380 3004526 664250 2340276 288187 183005 106965 105182 2052089 223299 22859 200440 88762
is_linear=0
shrinkage=0.02


Tree=185
num_leaves=15
num_cat=0
split_feature=5 13 4 1 9 9 4 3 9 5 9 9 1 4
split_gain=285414 268941 325397 430867 288730 377862 266904 397469 361750 296514 245706 269975 352645 392072
threshold=0.082499999552965178 -12.099999904632567 -113.6949996948242 95.19150543212892 0.30041404068470007 0.64190164208412182 -153.3450012207031 2.5429897308349614 0.53606674075126659 -0.022499999962747094 -0.30041404068469996 -0.50931808352470387 100.96920776367189 166.83499908447268
decision_type=2 2 2 2 2 2 2 2 2 2 2 2 2 2
left_child=1 6 3 4 -3 -6 7 8 -1 -9 11 12 13 -2
right_child=10 2 -4 -5 5 -7 -8 9 -10 -11 -12 -13 -14 -15
leaf_value=0.39140926476843801 0.039263785449526106 -0.05676132225116317 -0.0010786406989025334 -0.057084105091121023 0.028891056580221557 -0.036001664556138797 0.0072498036883339445 0.00065567495044193942 0.066482894570276604 0.13011843183068411 -0.085097301459298086 0.16317086663242036 0.14974791154610395 -0.17590401943281925
leaf_weight=2556 15938 36447 2032621 100895 100594 55790 617330 26371 2953 9662 4662 9143 8086 4291
leaf_count=2556 15938 36447 2032621 100895 100594 55790 617330 26371 2953 9662 4662 9143 8086 4291
internal_value=2.13059e-06 -0.000727392 -0.00392213 -0.0235987 -0.00607591 0.00573963 0.0105525 0.0596171 0.217678 0.0353972 0.0516948 0.0687386 0.0381986 -0.00644124
internal_weight=3.02734e+06 2.98522e+06 2.32635e+06 293726 192831 156384 658872 41542 5509 36033 42120 37458 28315 20229
internal_count=3027339 2985219 2326347 293726 192831 156384 658872 41542 5509 36033 42120 37458 28315 20229
is_linear=0
shrinkage=0.02


Tree=186
num_leaves=15
num_cat=0
split_feature=7 7 7 9 7 1 7 7 9 7 4 7 7 9
split_gain=336140 591942 852573 1.76087e+06 1.33086e+06 1.11851e+06 1.51599e+06 799227 1.4246e+06 908270 1.32953e+06 1.3768e+06 631508 3.26871e+06
threshold=10065.734863281252 10619.391601562502 10775.280273437502 0.61151722073555004 10759.808593750002 55.377189636230476 10679.781738281252 10814.940429687502 0.58831891417503368 10889.665527343752 -174.19499969482419 10853.744628906252 10930.946777343752 -0.14281811565160749
decision_type=2 2 2 2 2 2 2 2 2 2 2 2 2 2
left_child=-1 -2 3 5 -5 -3 -7 8 -4 10 11 -9 13 -11
right_child=1 2 7 4 -6 6 -8 9 -10 12 -12 -13 -14 -15
leaf_value=0.10600847174738225 -0.081834593942965786 -0.12523016970660733 -0.01472641180864015 0.45860283998623291 0.10737589819364995 0.17680215156406986 -0.017212060224249984 0.75796126549924814 -0.20405645958004706 0.10694757465317423 0.041312695039643466 0.12569283124873168 1.4407425775114575e-05 -0.1395334652776721
leaf_weight=11908 35291 17378 63749 6656 12263 25480 43772 2112 21169 33224 91156 3942 2598180 61059
leaf_count=11908 35291 17378 63749 6656 12263 25480 43772 2112 21169 33224 91156 3942 2598180 61059
internal_value=2.12557e-06 -0.000416839 0.000547579 0.0563711 0.231121 0.0181852 0.0541868 -0.00150233 -0.0619427 0.000337696 0.0603938 0.347156 -0.00183081 -0.0526747
internal_weight=3.02734e+06 3.01543e+06 2.98014e+06 105549 18919 86630 69252 2.87459e+06 84918 2.78967e+06 97210 6054 2.69246e+06 94283
internal_count=3027339 3015431 2980140 105549 18919 86630 69252 2874591 84918 2789673 97210 6054 2692463 94283
is_linear=0
shrinkage=0.02


Tree=187
num_leaves=15
num_cat=0
split_feature=7 7 4 7 4 9 7 7 9 9 0 9 4 8
split_gain=334169 1.66492e+06 1.60875e+06 1.47506e+06 3.72712e+06 2.46219e+06 1.66813e+06 1.46881e+06 1.99823e+06 1.4023e+06 1.04299e+06 1.03742e+06 1.24675e+06 1.17531e+06
threshold=12535.058593750002 12629.550292968752 100.98500061035158 12169.453125000002 -160.13500213623044 0.51117742061615001 12043.893554687502 12680.433105468752 -0.68419089913368214 0.60120347142219555 2393.5000000000005 0.060343615710735328 -58.934999465942376 0.82543140649795543
decision_type=2 2 2 2 2 2 2 2 2 2 2 2 2 2
left_child=3 -2 7 6 5 -5 -1 8 -3 11 -11 13 -13 -6
right_child=1 2 -4 4 9 -7 -8 -9 -10 10 -12 12 -14 -15
leaf_value=0.001965230349683086 -0.082491191654138346 0.57382479875439729 -0.12218809139962038 0.66641080196747116 -0.032538235455407419 0.16094228402657057 -0.056818793128951689 0.011862628572186546 0.10232376876567961 -0.015388406338798271 -0.25707878395657946 0.21183274743193234 0.017406453033201753 0.061570023259111824
leaf_weight=2210072 108109 4176 28032 5715 92600 11829 211571 121131 25536 20239 11028 27968 24968 124365
leaf_count=2210072 108109 4176 28032 5715 92600 11829 211571 121131 25536 20239 11028 27968 24968 124365
internal_value=2.16908e-06 -0.0205307 0.0169196 0.00215255 0.042599 0.325887 -0.00317074 0.0427773 0.168764 0.0260862 -0.100689 0.0407759 0.12015 0.0214052
internal_weight=3.02734e+06 286984 178875 2.74036e+06 318712 17544 2.42164e+06 150843 29712 301168 31267 269901 52936 216965
internal_count=3027339 286984 178875 2740355 318712 17544 2421643 150843 29712 301168 31267 269901 52936 216965
is_linear=0
shrinkage=0.02


Tree=188
num_leaves=15
num_cat=0
split_feature=7 7 7 7 7 9 7 8 9 7 7 7 7 8
split_gain=327877 1.86536e+06 1.23145e+06 740838 1.02402e+06 1.96491e+06 742739 706388 684424 665114 1.0565e+06 897741 1.1228e+06 815099
threshold=11203.090820312502 11252.907714843752 11230.460449218752 11057.007324218752 11019.201171875002 0.53606674075126659 11184.371582031252 0.98865905404090892 -0.64684358239173878 11368.623535156252 11326.573730468752 11519.124511718752 11470.466308593752 -0.95380857586860646
decision_type=2 2 2 2 2 2 2 2 2 2 2 2 2 2
left_child=3 2 -2 4 7 -6 -5 -1 -4 10 -3 12 13 -11
right_child=1 9 8 6 5 -7 -8 -9 -10 11 -12 -13 -14 -15
leaf_value=0.0081391341544447982 -0.039641855295748894 -0.019448139916385249 0.035388646329909991 0.068650088773144408 -0.001991189976192932 -0.21053242963157204 0.0073584051487523292 -0.14523554422212187 -0.20516963938295465 -0.087533336897898523 0.082104975697775084 0.0049433435187718547 -0.22788792886527659 -0.0069747055803247469
leaf_weight=761335 156850 70797 5579 140442 57112 26429 181011 12194 31008 66141 97266 1200784 11511 208880
leaf_count=761335 156850 70797 5579 140442 57112 26429 181011 12194 31008 66141 97266 1200784 11511 208880
internal_value=2.208e-06 -0.00525283 -0.0640195 0.00824608 -0.0014652 -0.0679828 0.034138 0.00571945 -0.168488 0.0016146 0.0393267 -0.00264699 -0.0344553 -0.0263512
internal_weight=3.02734e+06 1.84882e+06 193437 1.17852e+06 857070 83541 321453 773529 36587 1.65538e+06 168063 1.48732e+06 286532 275021
internal_count=3027339 1848816 193437 1178523 857070 83541 321453 773529 36587 1655379 168063 1487316 286532 275021
is_linear=0
shrinkage=0.02


Tree=189
num_leaves=15
num_cat=0
split_feature=7 7 7 7 7 8 8 8 7 7 7 8 8 7
split_gain=324086 1.59901e+06 1.40889e+06 1.60961e+06 1.4094e+06 2.06398e+06 3.28346e+06 1.14647e+06 2.33334e+06 1.0278e+06 972545 925716 1.54018e+06 1.41969e+06
threshold=12535.058593750002 12629.550292968752 12169.453125000002 12043.893554687502 12205.039550781252 -0.8594742715358733 -0.99391409754753102 0.70960983633995067 12723.007324218752 12478.809082031252 12073.221679687502 0.83204790949821483 0.78062468767166149 12229.861328125002
decision_type=2 2 2 2 2 2 2 2 2 2 2 2 2 2
left_child=2 -2 3 -1 5 6 -4 -3 -9 11 -5 12 -6 -14
right_child=1 7 4 10 9 -7 -8 8 -10 -11 -12 -13 13 -15
leaf_value=0.0019623579631005651 -0.080940378131545948 0.061187705026690374 0.03217763977592613 -0.11585786848258614 -0.020068054287164291 0.05864294054298589 0.56168651821762983 0.087988093659052705 -0.13327506649546889 0.074102706494256543 -0.025174100322173897 0.059420635984580854 0.014840397290756431 -0.44209449632844189
leaf_weight=2210072 108109 100513 9360 71399 94929 64183 9370 32730 45632 81599 140172 47813 4433 7025
leaf_count=2210072 108109 100513 9360 71399 94929 64183 9370 32730 45632 81599 140172 47813 4433 7025
internal_value=2.11457e-06 -0.0202186 0.0021198 -0.00308272 0.0416486 0.11257 0.297233 0.016483 -0.0408589 0.0167071 -0.0557813 -0.013668 -0.0465186 -0.26545
internal_weight=3.02734e+06 286984 2.74036e+06 2.42164e+06 318712 82913 18730 178875 78362 235799 211571 154200 106387 11458
internal_count=3027339 286984 2740355 2421643 318712 82913 18730 178875 78362 235799 211571 154200 106387 11458
is_linear=0
shrinkage=0.02


Tree=190
num_leaves=15
num_cat=0
split_feature=7 7 7 9 7 1 7 7 9 7 7 9 7 9
split_gain=321343 571965 811524 1.69123e+06 1.27825e+06 1.07424e+06 1.45598e+06 774190 1.36821e+06 864793 604299 3.12522e+06 1.16228e+06 905403
threshold=10065.734863281252 10619.391601562502 10775.280273437502 0.61151722073555004 10759.808593750002 55.377189636230476 10679.781738281252 10814.940429687502 0.58831891417503368 10889.665527343752 10930.946777343752 -0.14281811565160749 10925.662597656252 0.47709186375141149
decision_type=2 2 2 2 2 2 2 2 2 2 2 2 2 2
left_child=-1 -2 3 5 -5 -3 -7 8 -4 -9 11 12 -11 -13
right_child=1 2 7 4 -6 6 -8 9 -10 10 -12 13 -14 -15
leaf_value=0.10364894939790702 -0.080439631765673245 -0.12296820232201063 -0.014673226357848514 0.44920357083258533 0.10498899223118625 0.1730262560889281 -0.017109176903071014 0.058952581260060095 -0.20021847776563384 0.16230212919098336 4.0530493697164557e-05 -0.16713218757605122 -0.13765027603293614 0.056685699120835327
leaf_weight=11908 35291 17378 63749 6656 12263 25480 43772 97210 21169 26833 2598180 52685 6391 8374
leaf_count=11908 35291 17378 63749 6656 12263 25480 43772 97210 21169 26833 2598180 52685 6391 8374
internal_value=2.08144e-06 -0.000407558 0.000540447 0.0550035 0.226263 0.0175803 0.0528623 -0.0014595 -0.0609457 0.000351472 -0.0017645 -0.051501 0.104578 -0.136432
internal_weight=3.02734e+06 3.01543e+06 2.98014e+06 105549 18919 86630 69252 2.87459e+06 84918 2.78967e+06 2.69246e+06 94283 33224 61059
internal_count=3027339 3015431 2980140 105549 18919 86630 69252 2874591 84918 2789673 2692463 94283 33224 61059
is_linear=0
shrinkage=0.02


Tree=191
num_leaves=15
num_cat=0
split_feature=7 7 7 4 4 6 7 7 4 8 6 7 6 4
split_gain=311941 1.7955e+06 1.1862e+06 1.15454e+06 851619 858323 711392 983566 1.17541e+06 1.56272e+06 982517 1.66817e+06 765759 681092
threshold=11203.090820312502 11252.907714843752 11235.322753906252 146.004997253418 134.48500061035159 116.64034652709962 11057.007324218752 11019.201171875002 -17.064999580383297 -0.844174563884735 108.1636199951172 11182.957519531252 137.68394470214847 57.174999237060554
decision_type=2 2 2 2 2 2 2 2 2 2 2 2 2 2
left_child=6 2 4 -4 5 -2 7 12 9 -9 11 13 -1 -8
right_child=1 -3 3 -5 -6 -7 10 8 -10 -11 -12 -13 -14 -15
leaf_value=0.0032322371103097325 -0.0098117496794092977 0.0016139353698535006 -0.22794306672082776 0.34623935737149958 -0.15929065419102204 -0.16695575499788948 0.087848822334431809 0.17007114644926793 -0.014006869113882426 -0.23946167865850204 -0.016744620530009312 0.017298301199485985 0.17509606797440058 0.21270356050934264
leaf_weight=763026 131230 1655379 22960 1483 22223 15541 47356 4435 55974 23132 105118 141264 10503 27715
leaf_count=763026 131230 1655379 22960 1483 22223 15541 47356 4435 55974 23132 105118 141264 10503 27715
internal_value=2.06415e-06 -0.00512367 -0.0627794 -0.192978 -0.0439373 -0.0264615 0.00804309 -0.00147323 -0.0666637 -0.173537 0.0334152 0.0577878 0.00556807 0.133966
internal_weight=3.02734e+06 1.84882e+06 193437 24443 168994 146771 1.17852e+06 857070 83541 27567 321453 216335 773529 75071
internal_count=3027339 1848816 193437 24443 168994 146771 1178523 857070 83541 27567 321453 216335 773529 75071
is_linear=0
shrinkage=0.02


Tree=192
num_leaves=15
num_cat=0
split_feature=16 6 13 14 4 14 14 4 14 14 8 4 13 4
split_gain=256162 212940 193984 742372 476119 445835 200212 311102 480180 189469 238176 483879 289415 281947
threshold=-23.100000381469723 34.687686920166023 8.5000000000000018 0.67433816194534313 -60.42499923706054 0.7640318274497987 0.51137384772300731 -156.56500244140622 0.36333513259887701 0.61614686250686657 0.53606674075126659 -65.215000152587876 -10.299999713897703 -249.45500183105466
decision_type=2 2 2 2 2 2 2 2 2 2 2 2 2 2
left_child=-1 -2 5 6 -5 9 7 8 -4 -3 12 -12 -11 -14
right_child=1 2 3 4 -6 -7 -8 -9 -10 10 11 -13 13 -15
leaf_value=0.026117243894441509 -0.086878039999532003 -0.0025524701643459269 0.33860245137427597 -0.10769078512107902 -0.026769858258958487 0.054215745360160481 -0.0096669487122989142 0.0059797732217236488 0.048865313468807764 0.026425783585411637 0.6996023080629461 0.024162441632842327 -0.24051539937469593 -0.021051155881244964
leaf_weight=143127 11572 1464762 2643 41800 95589 64759 451403 312783 16672 69888 415 246230 2386 103310
leaf_count=143127 11572 1464762 2643 41800 95589 64759 451403 312783 16672 69888 415 246230 2386 103310
internal_value=2.03476e-06 -0.00129399 -0.000948923 -0.00851512 -0.0513959 0.00262104 -0.000995278 0.0107915 0.0886677 0.000850086 0.0126538 0.0253273 -0.00514921 -0.0260279
internal_weight=3.02734e+06 2.88421e+06 2.87264e+06 920890 137389 1.95175e+06 783501 332098 19315 1.88699e+06 422229 246645 175584 105696
internal_count=3027339 2884212 2872640 920890 137389 1951750 783501 332098 19315 1886991 422229 246645 175584 105696
is_linear=0
shrinkage=0.02


Tree=193
num_leaves=15
num_cat=0
split_feature=7 7 7 7 7 8 9 8 7 0 7 7 9 8
split_gain=312018 1.53522e+06 1.34702e+06 1.54569e+06 1.3479e+06 1.97553e+06 3.15726e+06 1.1039e+06 2.24012e+06 1.07682e+06 985998 934340 915172 887578
threshold=12535.058593750002 12629.550292968752 12169.453125000002 12043.893554687502 12205.039550781252 -0.8594742715358733 0.12003337591886522 0.70960983633995067 12723.007324218752 1170.5000000000002 12478.809082031252 12073.221679687502 0.60120347142219555 0.83204790949821483
decision_type=2 2 2 2 2 2 2 2 2 2 2 2 2 2
left_child=2 -2 3 -1 5 6 -4 -3 -9 -8 13 12 -5 -6
right_child=1 7 4 11 10 -7 9 8 -10 -11 -12 -13 -14 -15
leaf_value=0.0019368229765978813 -0.079336698003168171 0.059990200287857336 0.036540473181969291 -0.097616846737025739 -0.04557808014211668 0.057328824360300991 0.049399912927744254 0.086103053931408033 -0.13069495942148168 0.6486842035043876 0.072555964066239181 -0.024648722180341302 -0.4359938366693934 0.058155962960055235
leaf_weight=2210072 108109 100513 9568 68053 106387 64183 1421 32730 45632 7741 81599 140172 3346 47813
leaf_count=2210072 108109 100513 9568 68053 106387 64183 1421 32730 45632 7741 81599 140172 3346 47813
internal_value=2.04221e-06 -0.0198386 0.00207993 -0.00300707 0.040731 0.110088 0.290751 0.0161234 -0.0401437 0.555894 0.0163397 -0.0546488 -0.113533 -0.0134113
internal_weight=3.02734e+06 286984 2.74036e+06 2.42164e+06 318712 82913 18730 178875 78362 9162 235799 211571 71399 154200
internal_count=3027339 286984 2740355 2421643 318712 82913 18730 178875 78362 9162 235799 211571 71399 154200
is_linear=0
shrinkage=0.02


Tree=194
num_leaves=15
num_cat=0
split_feature=7 7 7 9 7 6 7 7 9 7 7 9 9 6
split_gain=306668 550259 777753 1.62351e+06 1.22673e+06 1.1073e+06 1.47023e+06 747925 1.31147e+06 824710 582529 3.00273e+06 1.92847e+06 925802
threshold=10065.734863281252 10619.391601562502 10775.280273437502 0.61151722073555004 10759.808593750002 62.573467254638679 10679.781738281252 10814.940429687502 0.58831891417503368 10889.665527343752 10930.946777343752 -0.38939756155014033 -0.67629325389862049 95.940456390380874
decision_type=2 2 2 2 2 2 2 2 2 2 2 2 2 2
left_child=-1 -2 3 5 -5 -3 -7 8 -4 -9 11 12 -11 -14
right_child=1 2 7 4 -6 6 -8 9 -10 10 -12 -13 13 -15
leaf_value=0.10125462499344215 -0.078896952147168395 -0.1202730936218618 -0.014591688742436288 0.44004629325695022 0.10284009757007954 0.17693999837059754 -0.015979767692779166 0.057580683353433484 -0.19624909094252271 -0.010460538470146878 5.9647497138493749e-05 -0.1231969394180463 0.53510025115223214 0.16473833485959485
leaf_weight=11908 35291 18441 63749 6656 12263 24860 43329 97210 21169 16696 2598180 66660 4901 6026
leaf_count=11908 35291 18441 63749 6656 12263 24860 43329 97210 21169 16696 2598180 66660 4901 6026
internal_value=2.01859e-06 -0.000398158 0.000531685 0.0538495 0.221645 0.0171832 0.0543693 -0.00142621 -0.0598946 0.00035378 -0.00171257 -0.050545 0.12476 0.331193
internal_weight=3.02734e+06 3.01543e+06 2.98014e+06 105549 18919 86630 68189 2.87459e+06 84918 2.78967e+06 2.69246e+06 94283 27623 10927
internal_count=3027339 3015431 2980140 105549 18919 86630 68189 2874591 84918 2789673 2692463 94283 27623 10927
is_linear=0
shrinkage=0.02


Tree=195
num_leaves=15
num_cat=0
split_feature=0 17 4 3 1 4 9 9 4 0 1 9 9 4
split_gain=274011 270549 275022 239057 225839 602492 1.3943e+06 2.02559e+06 490892 370043 320962 592012 304275 508519
threshold=8173.0000000000009 0.072292223572731032 284.38999938964849 7.1331772804260263 94.94791412353517 253.78499603271487 -0.63350945711135853 -0.65761160850524891 -118.1949996948242 5556.5000000000009 158.71256256103518 0.58831891417503368 -0.72323438525199879 112.28499984741212
decision_type=2 2 2 2 2 2 2 2 2 2 2 2 2 2
left_child=1 -1 4 -4 5 -3 7 -7 10 -9 -6 -12 13 -10
right_child=-2 2 3 -5 8 6 -8 9 12 -11 11 -13 -14 -15
leaf_value=0.07758203808109275 -0.095502593462737179 0.0040346212416820827 0.026537384227472552 0.22094917664846153 -0.050440355572091908 0.065849315996170041 0.041580586768502049 -0.53410325359665189 0.0066348811797004381 -1.1808674220141842 0.4951120429614852 -0.23490066160778864 -0.0054925579744320389 0.17796556758594259
leaf_weight=18039 11959 2013431 6603 4095 117789 1365 4767 555 24233 1117 1141 716 811834 9695
leaf_count=18039 11959 2013431 6603 4095 117789 1365 4767 555 24233 1117 1141 716 811834 9695
internal_value=2.04555e-06 0.000381139 -8.37323e-05 0.101093 -0.000446487 0.00335439 -0.171924 -0.506092 -0.0084042 -0.970646 -0.0463202 0.213881 -0.00303989 0.0556316
internal_weight=3.02734e+06 3.01538e+06 2.99734e+06 10698 2.98664e+06 2.02124e+06 7804 3037 965408 1672 119646 1857 845762 33928
internal_count=3027339 3015380 2997341 10698 2986643 2021235 7804 3037 965408 1672 119646 1857 845762 33928
is_linear=0
shrinkage=0.02


Tree=196
num_leaves=15
num_cat=0
split_feature=0 6 1 8 9 6 9 8 8 9 3 0 1 0
split_gain=263168 213560 219169 364133 435559 672720 261021 247468 234745 580491 747023 743694 565161 539459
threshold=8173.0000000000009 34.687686920166023 94.94791412353517 0.89291974902153026 -0.72323438525199879 103.03854370117189 -0.24782751500606534 0.95567026734352123 0.9514024853706361 0.20284801721572879 4.7254962921142587 3432.5000000000005 83.91241836547853 5326.5000000000009
decision_type=2 2 2 2 2 2 2 2 2 2 2 2 2 2
left_child=1 -1 8 4 5 -4 -5 -8 -3 13 11 -11 -13 -10
right_child=-2 2 3 6 -6 -7 7 -9 9 10 -12 12 -14 -15
leaf_value=-0.082637627370496652 -0.093594137362614904 0.0069349006354139887 -0.064159694865206132 0.035870149372983287 -0.016992890325629215 0.11513315974541023 -0.45364140154790117 -0.006197559203094111 -0.011801115549470654 -0.080157018428613447 0.0072203525363484849 -0.58886008981646532 0.37048739973469419 0.18344783359890157
leaf_weight=12336 11959 1791355 12768 118087 723427 24267 487 95687 218285 3190 6456 2973 261 5801
leaf_count=12336 11959 1791355 12768 118087 723427 24267 487 95687 218285 3190 6456 2973 261 5801
internal_value=1.93981e-06 0.000373458 0.000714734 -0.00707931 -0.0135679 0.0533199 0.0159498 -0.00851043 0.00446024 -0.0142465 -0.144761 -0.297275 -0.510526 -0.00673858
internal_weight=3.02734e+06 3.01538e+06 3.00304e+06 974723 760462 37035 214261 96174 2.02832e+06 236966 12880 6424 3234 224086
internal_count=3027339 3015380 3003044 974723 760462 37035 214261 96174 2028321 236966 12880 6424 3234 224086
is_linear=0
shrinkage=0.02


Tree=197
num_leaves=15
num_cat=0
split_feature=7 7 4 7 7 4 7 4 7 7 4 7 4 5
split_gain=303279 1.47586e+06 1.47107e+06 1.36901e+06 1.28589e+06 3.43717e+06 1.48931e+06 1.05334e+06 895766 868073 800879 1.29072e+06 1.09151e+06 1.04359e+06
threshold=12535.058593750002 12629.550292968752 100.98500061035158 12680.433105468752 12169.453125000002 -146.71500396728513 12043.893554687502 10.015000343322756 12073.221679687502 12189.963378906252 -29.404999732971188 12805.279296875002 -174.19499969482419 -1.0000000180025095e-35
decision_type=2 2 2 2 2 2 2 2 2 2 2 2 2 2
left_child=4 -2 3 7 6 -6 -1 -3 -8 -7 11 12 -5 -14
right_child=1 2 -4 10 5 9 8 -9 -10 -11 -12 -13 13 -15
leaf_value=0.0019330757023779553 -0.077895476937816496 0.014118913777663212 -0.11732109571110654 0.91236924021012888 0.29010542809286505 0.10461996128001162 -0.11126718936896447 0.25789063347889973 -0.024236608028070861 0.008385175496772472 -0.035504885868658895 -0.10220711221155951 0.084877078692779995 0.51965612642930448
leaf_weight=2210072 108109 11685 28032 681 20523 43970 71399 18027 140172 254219 67176 13395 37542 2337
leaf_count=2210072 108109 11685 28032 681 20523 43970 71399 18027 140172 254219 67176 13395 37542 2337
internal_value=1.85564e-06 -0.0195589 0.0157009 0.0404274 0.00205043 0.0398144 -0.00291981 0.162059 -0.0536108 0.0225788 0.0105816 0.0679573 0.124166 0.110481
internal_weight=3.02734e+06 286984 178875 150843 2.74036e+06 318712 2.42164e+06 29712 211571 298189 121131 53955 40560 39879
internal_count=3027339 286984 178875 150843 2740355 318712 2421643 29712 211571 298189 121131 53955 40560 39879
is_linear=0
shrinkage=0.02


Tree=198
num_leaves=15
num_cat=0
split_feature=17 16 9 9 14 3 9 17 16 16 17 17 9 13
split_gain=250974 235870 201138 526351 411395 466614 335862 282762 437908 359567 356425 303560 491671 312439
threshold=0.072292223572731032 -23.100000381469723 -0.30041404068469996 -0.47990448772907252 0.81895083189010631 4.8968198299407968 -0.62499999999999989 0.38841691613197332 -10.700000286102293 -1.6999999880790708 0.56281241774559032 0.51076588034629833 0.070003718137741103 2.6999999284744267
decision_type=2 2 2 2 2 2 2 2 2 2 2 2 2 2
left_child=-1 -2 3 4 5 6 -3 9 10 -4 -9 -10 -13 -14
right_child=1 2 7 -5 -6 -7 -8 8 11 -11 -12 12 13 -15
leaf_value=0.073866045043031153 0.024724629476115187 0.017404621274474445 -0.013841719575049021 0.026986463454638756 0.12444588905800624 -0.020940846180165812 -0.014993492126379897 -0.0050547107783389693 -0.0125631135779561 0.014075831864374298 0.05554282750405528 -0.00098762750340408451 -0.027761693171727657 -0.087939206462645136
leaf_weight=18279 141874 401225 320111 307343 10028 398970 187935 148366 384934 435696 52576 76315 57640 86047
leaf_count=18279 141874 401225 320111 307343 10028 398970 187935 148366 384934 435696 52576 76315 57640 86047
internal_value=1.93277e-06 -0.000447004 -0.00169263 0.00410105 -0.00294578 -0.00423987 0.0070699 -0.00653591 -0.0147775 0.00225171 0.0108024 -0.0232744 -0.0420144 -0.0638028
internal_weight=3.02734e+06 3.00906e+06 2.86719e+06 1.3055e+06 998158 988130 589160 1.56168e+06 805878 755807 200942 604936 220002 143687
internal_count=3027339 3009060 2867186 1305501 998158 988130 589160 1561685 805878 755807 200942 604936 220002 143687
is_linear=0
shrinkage=0.02


Tree=199
num_leaves=15
num_cat=0
split_feature=17 4 4 8 9 9 6 8 1 4 6 4 1 6
split_gain=241236 229682 224069 583641 597359 454990 482111 451823 445299 712795 577784 425663 456480 329237
threshold=0.10326559469103815 284.38999938964849 147.99500274658206 0.9969644844532014 1.0025126284674004e-09 -0.24782751500606534 106.05419921875001 0.69195944070816051 60.511138916015632 253.78499603271487 58.917928695678718 178.21500396728518 80.314807891845717 151.35574340820315
decision_type=2 2 2 2 2 2 2 2 2 2 2 2 2 2
left_child=-1 2 5 8 11 6 -2 13 9 -4 -11 -5 -13 -8
right_child=1 -3 3 4 -6 -7 7 -9 -10 10 -12 12 -14 -15
leaf_value=0.05627248252797417 0.016840641577280668 0.09071137752809047 -0.082567708403045045 0.063288053395083449 -0.032997571778470139 -0.0061542105093043966 0.073849780739024512 -0.023735354658015729 -0.01768000267969402 -0.094826443026532661 -0.96026493577294691 0.194311958411859 0.60169728118661081 0.64997299808497522
leaf_weight=30161 921739 10977 22364 6266 9903 1552301 14744 206603 244973 562 681 4174 1493 398
leaf_count=30161 921739 10977 22364 6266 9903 1552301 14744 206603 244973 562 681 4174 1493 398
internal_value=1.90397e-06 -0.000564534 -0.000900365 -0.0175915 0.0818211 0.000897817 0.0104711 -0.0160052 -0.0256767 -0.108616 -0.572868 0.177057 0.302514 0.0894132
internal_weight=3.02734e+06 2.99718e+06 2.9862e+06 290416 21836 2.69578e+06 1.14348e+06 221745 268580 23607 1243 11933 5667 15142
internal_count=3027339 2997178 2986201 290416 21836 2695785 1143484 221745 268580 23607 1243 11933 5667 15142
is_linear=0
shrinkage=0.02


Tree=200
num_leaves=15
num_cat=0
split_feature=5 6 8 4 8 4 8 5 9 9 1 4 5 8
split_gain=271838 259598 262788 471921 485051 312810 300363 251295 266626 249798 229410 469309 1.01419e+06 1.29176e+06
threshold=0.082499999552965178 102.35916137695314 0.8110111951828004 166.83499908447268 0.78935310244560253 77.194999694824233 0.94224876165390026 0.11749999970197679 -0.90470352768897999 -0.67629325389862049 94.94791412353517 253.78499603271487 0.027499999850988392 0.77171322703361522
decision_type=2 2 2 2 2 2 2 2 2 2 2 2 2 2
left_child=10 2 3 7 -5 -4 -7 8 -2 -3 11 -1 13 -13
right_child=1 9 5 4 -6 6 -8 -9 -10 -11 -12 12 -14 -15
leaf_value=0.003806861641717878 0.47753304065261759 0.2382944712805776 -0.060287267541849231 -0.17632207181497284 -1.1627817553309769 0.21766509567129877 -0.036512481972616015 -0.29754869996822031 0.025356717093485002 0.041937991880125217 -0.0087394558604095354 -0.7630451011304128 0.014076876130279659 -0.0037004556919237497
leaf_weight=2011169 533 5029 3974 3259 203 7042 2522 914 13297 5347 963791 1878 6675 1706
leaf_count=2011169 533 5029 3974 3259 203 7042 2522 914 13297 5347 963791 1878 6675 1706
internal_value=1.90081e-06 0.0504502 0.0220444 -0.0275737 -0.237353 0.0887437 0.150669 0.0218102 0.0431172 0.137247 -0.00071006 0.00311827 -0.131744 -0.402615
internal_weight=3.02734e+06 42120 31744 18206 3462 13538 9564 14744 13830 10376 2.98522e+06 2.02143e+06 10259 3584
internal_count=3027339 42120 31744 18206 3462 13538 9564 14744 13830 10376 2985219 2021428 10259 3584
is_linear=0
shrinkage=0.02


Tree=201
num_leaves=15
num_cat=0
split_feature=5 0 4 9 1 4 14 1 4 1 5 4 9 0
split_gain=262744 271643 1.06308e+06 427994 348652 339423 288549 251329 723778 815720 1.03151e+06 430884 297379 257610
threshold=0.062499998137354858 2273.5000000000005 119.77499771118165 0.20284801721572879 57.663961410522468 253.78499603271487 0.8612688183784486 94.94791412353517 253.78499603271487 65.212997436523452 0.032499999739229686 -190.46500396728513 -0.24782751500606534 4702.5000000000009
decision_type=2 2 2 2 2 2 2 2 2 2 2 2 2 2
left_child=7 -2 4 5 -3 -4 -6 8 -1 10 -10 13 -11 -9
right_child=1 2 3 -5 6 -7 -8 11 9 12 -12 -13 -14 -15
leaf_value=0.0034597722289043918 -0.0034351342646438371 0.43166716946652872 -0.016723896197913962 0.48984642117927812 0.12935382935353171 0.10952927996579263 0.74508276577568755 -0.16319850572062231 -1.0087938014225297 -0.10345829310240126 -0.076357142735526198 -0.0071594183607674331 0.57781302462802842 -0.045194124547006283
leaf_weight=1922843 79869 1723 59405 715 23268 9933 299 9855 947 6454 945 881155 257 29671
leaf_count=1922843 79869 1723 59405 715 23268 9933 299 9855 947 6454 945 881155 257 29671
internal_value=1.76409e-06 0.0237732 0.0465639 0.00643047 0.157686 0.00137537 0.137479 -0.00145864 0.00264038 -0.18029 -0.545929 -0.0100577 -0.0765449 -0.0746504
internal_weight=3.02734e+06 175212 95343 70053 25290 69338 23567 2.85213e+06 1.93145e+06 8603 1892 920681 6711 39526
internal_count=3027339 175212 95343 70053 25290 69338 23567 2852127 1931446 8603 1892 920681 6711 39526
is_linear=0
shrinkage=0.02


Tree=202
num_leaves=15
num_cat=0
split_feature=7 7 7 6 7 7 9 6 7 6 7 9 7 7
split_gain=308200 1.71886e+06 1.14519e+06 786348 688721 939778 1.78426e+06 906372 1.60042e+06 726838 969446 645002 915313 898962
threshold=11203.090820312502 11252.907714843752 11230.460449218752 116.64034652709962 11057.007324218752 11019.201171875002 0.53606674075126659 108.1636199951172 11182.957519531252 130.3179626464844 11002.349121093752 0.57128185033798229 11240.761718750002 11240.761718750002
decision_type=2 2 2 2 2 2 2 2 2 2 2 2 2 2
left_child=4 2 3 -2 5 9 -7 8 -6 -1 -11 12 -4 -13
right_child=1 -3 11 -5 7 6 -8 -9 -10 10 -12 13 -14 -15
leaf_value=0.0021213071869733073 -0.022545906002464599 0.0014991382521788354 -0.13965575576136777 -0.16779580589009485 0.13098306583464114 -0.0022067380680711986 -0.20093075009631745 -0.015217972237405676 0.016709337317544076 0.044567429543104546 0.35161097139041053 -0.12232920299111247 0.27910211365656579 -0.36591079176812719
leaf_weight=750557 140176 1655379 8359 16674 75071 57112 26429 105118 141264 17614 5358 15494 2772 9962
leaf_count=750557 140176 1655379 8359 16674 75071 57112 26429 105118 141264 17614 5358 15494 2772 9962
internal_value=1.79874e-06 -0.00509311 -0.061505 -0.0379966 0.00799447 -0.00136899 -0.0650918 0.032959 0.0563681 0.00551378 0.116305 -0.162248 -0.035212 -0.21776
internal_weight=3.02734e+06 1.84882e+06 193437 156850 1.17852e+06 857070 83541 321453 216335 773529 22972 36587 11131 25456
internal_count=3027339 1848816 193437 156850 1178523 857070 83541 321453 216335 773529 22972 36587 11131 25456
is_linear=0
shrinkage=0.02


Tree=203
num_leaves=15
num_cat=0
split_feature=7 7 7 4 7 0 9 7 7 7 7 7 9 9
split_gain=296001 1.65542e+06 1.05254e+06 860363 1.28414e+06 1.37922e+06 1.16086e+06 2.01893e+06 2.0828e+06 1.25117e+06 1.1077e+06 929548 773175 1.41363e+06
threshold=11203.090820312502 11310.526855468752 11368.623535156252 118.33499908447267 12592.827636718752 6008.5000000000009 -0.59636875987052906 12229.861328125002 12508.298339843752 12238.857910156252 12208.447753906252 11389.049316406252 -0.2852825373411178 -0.42819528281688685
decision_type=2 2 2 2 2 2 2 2 2 2 2 2 2 2
left_child=-1 -2 12 -4 6 -6 7 10 9 -9 -5 -8 13 -3
right_child=1 2 3 4 5 -7 11 8 -10 -11 -12 -13 -14 -15
leaf_value=0.0078346353966689906 -0.055373439690862412 -0.052832778202541737 0.0036833802248027727 -0.0893191961657816 -0.13217752714675216 -0.81296305568897775 -0.26276519926048714 -0.28798700791937082 -0.072620562262932453 -1.1936426956529562 0.41430282382813505 0.013355465811684647 0.039164672879748966 0.35203683992881379
leaf_weight=1178523 228599 5656 1264542 30820 28942 1232 5031 955 2531 1720 1842 149701 118422 8823
leaf_count=1178523 228599 5656 1264542 30820 28942 1232 5031 955 2531 1720 1842 149701 118422 8823
internal_value=1.74861e-06 -0.00499131 0.00211747 -0.00270132 -0.0389417 -0.160235 -0.0199317 -0.119169 -0.484563 -0.872599 -0.0607983 0.00436107 0.0560416 0.193952
internal_weight=3.02734e+06 1.84882e+06 1.62022e+06 1.48732e+06 222774 30174 192600 37868 5206 2675 32662 154732 132901 14479
internal_count=3027339 1848816 1620217 1487316 222774 30174 192600 37868 5206 2675 32662 154732 132901 14479
is_linear=0
shrinkage=0.02


Tree=204
num_leaves=15
num_cat=0
split_feature=7 7 7 9 7 1 7 0 0 7 9 0 7 0
split_gain=291335 533391 739469 1.56119e+06 1.17467e+06 977847 1.34263e+06 779912 775668 730857 1.24738e+06 812997 776232 616507
threshold=10065.734863281252 10619.391601562502 10775.280273437502 0.61151722073555004 10759.808593750002 55.377189636230476 10679.781738281252 5918.5000000000009 2072.5000000000005 10814.940429687502 0.58831891417503368 4202.5000000000009 10889.665527343752 1170.5000000000002
decision_type=2 2 2 2 2 2 2 2 2 2 2 2 2 2
left_child=-1 -2 3 5 -5 -3 8 -8 -7 10 11 -4 13 -11
right_child=1 2 9 4 -6 6 7 -9 -10 12 -12 -13 -14 -15
leaf_value=0.098690372689382966 -0.077674743229575946 -0.11753400345717183 -0.036729296113409214 0.43077694671274913 0.10080269760507692 -0.071276005138850893 0.018825889190730968 -0.21599650370502765 0.21697097014149092 -0.024818736748290462 -0.192160414455157 0.21964438327147634 -0.0016272241275113197 0.087319726945588969
leaf_weight=11908 35291 17378 58353 6656 12263 4539 37107 6665 20941 27240 21169 5396 2692463 69970
leaf_count=11908 35291 17378 58353 6656 12263 4539 37107 6665 20941 27240 21169 5396 2692463 69970
internal_value=1.57245e-06 -0.000388471 0.000527009 0.052516 0.21706 0.0165603 0.0502222 -0.0169704 0.165614 -0.00138209 -0.0591795 -0.0149973 0.000377472 0.055897
internal_weight=3.02734e+06 3.01543e+06 2.98014e+06 105549 18919 86630 69252 43772 25480 2.87459e+06 84918 63749 2.78967e+06 97210
internal_count=3027339 3015431 2980140 105549 18919 86630 69252 43772 25480 2874591 84918 63749 2789673 97210
is_linear=0
shrinkage=0.02


Tree=205
num_leaves=15
num_cat=0
split_feature=7 7 7 7 7 8 8 0 8 7 7 7 8 8
split_gain=286552 1.42042e+06 1.22844e+06 1.43918e+06 1.24769e+06 1.87403e+06 2.99826e+06 1.05363e+06 1.03334e+06 2.07836e+06 945396 855060 839730 1.42826e+06
threshold=12535.058593750002 12629.550292968752 12169.453125000002 12043.893554687502 12205.039550781252 -0.8594742715358733 -0.99391409754753102 1170.5000000000002 0.70960983633995067 12723.007324218752 12478.809082031252 12073.221679687502 0.83204790949821483 0.78062468767166149
decision_type=2 2 2 2 2 2 2 2 2 2 2 2 2 2
left_child=2 -2 3 -1 5 6 -4 -8 -3 -10 12 -5 13 -6
right_child=1 8 4 11 10 -7 7 -9 9 -11 -12 -13 -14 -15
leaf_value=0.0019054268961224861 -0.076242658859913312 0.058021032993803692 0.028312609112913209 -0.10902676862958448 -0.019511789530133983 0.054246849586331899 0.042678790416332227 0.62575435234195109 0.082743196451424736 -0.12608080414614117 0.070483127927440783 -0.023996557086843024 0.0559160167939576 -0.25581033302199574
leaf_weight=2210072 108109 100513 9360 71399 94929 64183 1472 7898 32730 45632 81599 140172 47813 11458
leaf_count=2210072 108109 100513 9360 71399 94929 64183 1472 7898 32730 45632 81599 140172 47813 11458
internal_value=1.56948e-06 -0.0190122 0.00199286 -0.00286508 0.0389035 0.105632 0.281593 0.5343 0.0155792 -0.0388602 0.0154364 -0.0526956 -0.0136956 -0.0449832
internal_weight=3.02734e+06 286984 2.74036e+06 2.42164e+06 318712 82913 18730 9370 178875 78362 235799 211571 154200 106387
internal_count=3027339 286984 2740355 2421643 318712 82913 18730 9370 178875 78362 235799 211571 154200 106387
is_linear=0
shrinkage=0.02


Tree=206
num_leaves=15
num_cat=0
split_feature=5 6 4 6 5 8 8 5 8 6 8 6 4 8
split_gain=257366 320466 312342 971911 867772 452175 1.2532e+06 380659 363218 285813 553358 503329 432994 348300
threshold=0.057499999180436141 130.3179626464844 253.78499603271487 70.17313385009767 0.032499999739229686 0.74837565422058117 0.7692478895187379 0.032499999739229686 0.96999460458755504 110.03726196289064 -0.844174563884735 151.35574340820315 -234.370002746582 -0.95380857586860646
decision_type=2 2 2 2 2 2 2 2 2 2 2 2 2 2
left_child=2 -2 9 4 -4 -5 7 -7 -8 13 11 12 -11 -1
right_child=1 -3 3 5 -6 6 8 -9 -10 10 -12 -13 -14 -15
leaf_value=-0.02070359078020308 0.014756248666234255 0.12469972666057792 -0.89772836512282339 0.16700848825952302 -0.070974061762645813 -1.0022512438645306 -0.041735557945706145 -0.15172682289908554 0.57241324339674116 -0.27756978485912265 -0.02685864680911693 0.39467784474870249 0.052352470518664235 0.0037939902432024787
leaf_weight=260087 229918 11108 1053 3300 976 723 4012 301 416 1655 315724 1640 35938 2160488
leaf_count=260087 229918 11108 1053 3300 976 723 4012 301 416 1655 315724 1640 35938 2160488
internal_value=1.5654e-06 0.0198282 -0.00171357 -0.109105 -0.502347 -0.0174676 -0.129233 -0.756148 0.0171175 -0.00129602 -0.0180556 0.0527745 0.0377574 0.00116168
internal_weight=3.02734e+06 241026 2.78631e+06 10781 2029 8752 5452 1024 4428 2.77553e+06 354957 39233 37593 2.42058e+06
internal_count=3027339 241026 2786313 10781 2029 8752 5452 1024 4428 2775532 354957 39233 37593 2420575
is_linear=0
shrinkage=0.02


Tree=207
num_leaves=15
num_cat=0
split_feature=5 9 8 1 4 17 4 5 17 4 4 9 9 8
split_gain=250447 232015 259873 304687 358850 268695 249627 226864 211101 306792 270605 380550 357520 313656
threshold=0.082499999552965178 -0.30041404068469996 0.86057791113853466 100.96920776367189 166.83499908447268 0.73045894503593456 253.78499603271487 0.12749999761581424 0.2525623887777329 -129.87499999999997 -249.45500183105466 0.27604819834232336 0.3644953072071076 -0.71333315968513478
decision_type=2 2 2 2 2 2 2 2 2 2 2 2 2 2
left_child=8 2 3 4 5 7 -6 -2 9 -1 11 -10 -13 -14
right_child=1 -3 -4 -5 6 -7 -8 -9 10 -11 -12 12 13 -15
leaf_value=0.076633046098356333 0.034619003042386791 -0.084500425936852447 0.15763448372429542 0.13871171800395071 -0.28680383220586919 0.45796214187395579 0.027632944327796297 -0.418733485365962 -0.37001212192132832 0.0085207756096363427 -0.0019245564810771274 0.072705305105649265 -0.1287028755833014 0.36017052876688271
leaf_weight=29184 14918 4662 9143 8086 2675 575 1616 445 1591 281655 2653051 6453 12747 538
leaf_count=29184 14918 4662 9143 8086 2675 575 1616 445 1591 281655 2653051 6453 12747 538
internal_value=1.45721e-06 0.0484242 0.0649866 0.0350245 -0.00646873 0.0372571 -0.168593 0.0212222 -0.000681918 0.014918 -0.00249513 -0.0734319 -0.0493495 -0.108648
internal_weight=3.02734e+06 42120 37458 28315 20229 15938 4291 15363 2.98522e+06 310839 2.67438e+06 21329 19738 13285
internal_count=3027339 42120 37458 28315 20229 15938 4291 15363 2985219 310839 2674380 21329 19738 13285
is_linear=0
shrinkage=0.02


Tree=208
num_leaves=15
num_cat=0
split_feature=5 4 8 8 5 8 4 4 8 8 8 4 5 5
split_gain=243186 300120 852141 2.8883e+06 735445 364865 242547 261949 345003 295466 456952 328781 381880 300449
threshold=0.057499999180436141 253.78499603271487 0.75086346268653881 0.7692478895187379 0.032499999739229686 0.96999460458755504 253.78499603271487 162.1549987792969 0.85010257363319408 0.78501197695732128 0.79456663131713878 192.47499847412112 0.06749999895691873 0.06749999895691873
decision_type=2 2 2 2 2 2 2 2 2 2 2 2 2 2
left_child=1 -1 -3 4 -4 -5 7 -2 9 -9 11 12 -11 -13
right_child=6 2 3 5 -6 -7 -8 8 -10 10 -12 13 -14 -15
leaf_value=-0.0012564912507102674 0.02452881789497691 0.12355466508255697 -1.14190439173394 -0.049665170259912718 -0.12568906513420311 0.56155531809536574 0.11142190027255183 -0.044075768210026775 0.041561303804500939 0.18319137245797745 -0.10368714712224572 -1.2087091031473904 -0.7973451712830546 -0.29864509733298078
leaf_weight=2775532 191230 4018 1406 4580 360 417 10899 18702 15298 381 3630 384 259 243
leaf_count=2775532 191230 4018 1406 4580 360 417 10899 18702 15298 381 3630 384 259 243
internal_value=1.43123e-06 -0.00166578 -0.106936 -0.243857 -0.936634 0.0023569 0.0192741 0.0149052 -0.0324012 -0.0803454 -0.218485 -0.543983 -0.219751 -0.866262
internal_weight=3.02734e+06 2.78631e+06 10781 6763 1766 4997 241026 230127 38897 23599 4897 1267 640 627
internal_count=3027339 2786313 10781 6763 1766 4997 241026 230127 38897 23599 4897 1267 640 627
is_linear=0
shrinkage=0.02


Tree=209
num_leaves=15
num_cat=0
split_feature=7 7 7 4 4 7 7 9 1 7 1 8 1 7
split_gain=279951 1.59343e+06 1.10038e+06 933289 769316 669269 905005 1.70157e+06 794423 1.39478e+06 658293 630729 615950 610877
threshold=11203.090820312502 11252.907714843752 11230.460449218752 146.004997253418 131.08499908447268 11057.007324218752 11019.201171875002 0.53606674075126659 109.93676757812501 11167.782714843752 111.49222946166994 0.98865905404090892 77.869140625000014 11368.623535156252
decision_type=2 2 2 2 2 2 2 2 2 2 2 2 2 2
left_child=5 2 4 -4 10 6 11 -8 9 -7 -2 -1 -9 -3
right_child=1 13 3 -5 -6 8 7 12 -10 -11 -12 -13 -14 -15
leaf_value=0.0074291928619595613 -0.0017523827977538456 0.037634376340768834 -0.17937626287403066 0.31681106992808145 -0.14314012366407808 0.17261921003673678 -0.0027336069413405341 -0.057674332134808486 -0.016981012773118313 0.031998487303551183 -0.14037430132143353 -0.13749925280076597 -0.26382335249037586 -0.0025915693477846853
leaf_weight=761335 118433 168063 35011 1576 22931 32970 57112 8599 93181 195302 15486 12194 17830 1487316
leaf_count=761335 118433 168063 35011 1576 22931 32970 57112 8599 93181 195302 15486 12194 17830 1487316
internal_value=1.22205e-06 -0.00485458 -0.0591691 -0.157922 -0.0361253 0.00761879 -0.00161149 -0.0641442 0.0322283 0.0523155 -0.0177916 0.00514275 -0.196798 0.00149258
internal_weight=3.02734e+06 1.84882e+06 193437 36587 156850 1.17852e+06 857070 83541 321453 228272 133919 773529 26429 1.65538e+06
internal_count=3027339 1848816 193437 36587 156850 1178523 857070 83541 321453 228272 133919 773529 26429 1655379
is_linear=0
shrinkage=0.02


Tree=210
num_leaves=15
num_cat=0
split_feature=7 7 7 9 7 9 7 7 9 7 7 7 7 9
split_gain=278241 516067 702511 1.49985e+06 1.127e+06 915281 1.19532e+06 710945 1.19441e+06 737979 672283 623937 554501 2.86066e+06
threshold=10065.734863281252 10619.391601562502 10775.280273437502 0.61151722073555004 10759.808593750002 -0.47990448772907252 10699.223144531252 10814.940429687502 0.58831891417503368 10889.665527343752 10759.808593750002 10640.455566406252 10930.946777343752 -0.38939756155014033
decision_type=2 2 2 2 2 2 2 2 2 2 2 2 2 2
left_child=-1 -2 3 5 -5 6 11 8 -4 -9 -8 -3 13 -11
right_child=1 2 7 4 -6 -7 10 9 -10 12 -12 -13 -14 -15
leaf_value=0.096446814089746771 -0.076400788740419445 0.29782745835330338 -0.015110983255903399 0.42180742307929642 0.098598841316281341 -0.098641191810842202 -0.1622155922952167 0.054529320699412187 -0.1884715837976853 0.12190454902431548 0.077240192132881552 0.080555370992599781 0.0001695091497748362 -0.1201151306837507
leaf_weight=11908 35291 6104 63749 6656 12263 21084 12860 97210 21169 27623 7371 39211 2598180 66660
leaf_count=11908 35291 6104 63749 6656 12263 21084 12860 97210 21169 27623 7371 39211 2598180 66660
internal_value=1.17173e-06 -0.000380006 0.000520483 0.0511936 0.212472 0.0159515 0.0528219 -0.00134029 -0.058345 0.000395131 -0.0749758 0.109882 -0.00155954 -0.0492027
internal_weight=3.02734e+06 3.01543e+06 2.98014e+06 105549 18919 86630 65546 2.87459e+06 84918 2.78967e+06 20231 45315 2.69246e+06 94283
internal_count=3027339 3015431 2980140 105549 18919 86630 65546 2874591 84918 2789673 20231 45315 2692463 94283
is_linear=0
shrinkage=0.02


Tree=211
num_leaves=15
num_cat=0
split_feature=7 7 4 7 9 7 4 9 7 9 9 4 7 7
split_gain=274889 1.36619e+06 1.34635e+06 1.29073e+06 1.90576e+06 1.18226e+06 3.22079e+06 2.07525e+06 1.37911e+06 1.29366e+06 944761 1.15511e+06 872164 821794
threshold=12535.058593750002 12629.550292968752 100.98500061035158 12680.433105468752 -0.68419089913368214 12169.453125000002 -160.13500213623044 0.51117742061615001 12043.893554687502 0.60120347142219555 0.060343615710735328 -58.934999465942376 12478.809082031252 12073.221679687502
decision_type=2 2 2 2 2 2 2 2 2 2 2 2 2 2
left_child=5 -2 3 4 -3 8 7 -7 -1 10 -8 -12 -9 -10
right_child=1 2 -4 -5 -6 6 9 12 13 -11 11 -13 -14 -15
leaf_value=0.0018556812163955023 -0.074748841253228046 0.5526345652754775 -0.11195526804084165 0.009978068826180176 0.092179322606350561 0.61413055048946685 0.018435480061479031 0.0691066227262329 -0.10681839275416714 -0.098953539250740782 0.20091596315355001 0.013773132950962686 0.51440641196590975 -0.023458613541283535
leaf_weight=2210072 108109 4176 28032 121131 25536 5715 216965 9688 71399 31267 27968 24968 2141 140172
leaf_count=2210072 108109 4176 28032 121131 25536 5715 216965 9688 71399 31267 27968 24968 2141 140172
internal_value=1.18744e-06 -0.0186216 0.0153029 0.038958 0.157061 0.00195153 0.0381617 0.301505 -0.00281422 0.0228116 0.0369208 0.112667 0.150072 -0.0515939
internal_weight=3.02734e+06 286984 178875 150843 29712 2.74036e+06 318712 17544 2.42164e+06 301168 269901 52936 11829 211571
internal_count=3027339 286984 178875 150843 29712 2740355 318712 17544 2421643 301168 269901 52936 11829 211571
is_linear=0
shrinkage=0.02


Tree=212
num_leaves=15
num_cat=0
split_feature=7 7 7 8 7 0 7 7 4 7 7 9 0 7
split_gain=267022 496134 674671 1.54267e+06 565376 408036 833658 408446 2.43993e+06 991243 689332 1.14713e+06 776148 701453
threshold=10065.734863281252 10619.391601562502 10679.781738281252 0.6970425844192506 10640.455566406252 7400.5000000000009 12189.963378906252 10775.280273437502 -46.995000839233391 10759.808593750002 10814.940429687502 0.58831891417503368 4202.5000000000009 10889.665527343752
decision_type=2 2 2 2 2 2 2 2 2 2 2 2 2 2
left_child=-1 -2 3 -3 -5 7 -7 8 9 -4 11 12 -9 -12
right_child=1 2 5 4 -6 6 -8 10 -10 -11 13 -13 -14 -15
leaf_value=0.094482413726682687 -0.074910308913552034 -0.11773332586776586 0.47991455414802919 0.36411015159637478 0.12554725880832729 -0.12427531094717878 0.61022385623224806 -0.036079658557799155 -0.015544864688562999 0.14355806352288322 0.053401736677161235 -0.18474102800205697 0.2144166075989242 -0.0012860833990809522
leaf_weight=11908 35291 10267 5794 4985 19555 16722 632 58353 51670 8880 97210 21169 5396 2679507
leaf_count=11908 35291 10267 5794 4985 19555 16722 632 58353 51670 8880 97210 21169 5396 2679507
internal_value=1.27463e-06 -0.000372139 0.000510788 0.0880351 0.174138 -0.000523834 -0.0971891 4.94196e-05 0.0491048 0.276606 -0.00108804 -0.0572157 -0.0148459 0.000628659
internal_weight=3.02734e+06 3.01543e+06 2.98014e+06 34807 24540 2.94533e+06 17354 2.92798e+06 66344 14674 2.86164e+06 84918 63749 2.77672e+06
internal_count=3027339 3015431 2980140 34807 24540 2945333 17354 2927979 66344 14674 2861635 84918 63749 2776717
is_linear=0
shrinkage=0.02


Tree=213
num_leaves=15
num_cat=0
split_feature=7 7 7 7 7 0 7 0 7 0 7 5 0 7
split_gain=263733 1.32289e+06 975314 855594 1.06632e+06 756264 743500 939262 732793 993478 865004 763109 1.05519e+06 1.11421e+06
threshold=11200.173339843752 11310.526855468752 11368.623535156252 11519.124511718752 11470.466308593752 1759.5000000000002 11219.278320312502 5615.5000000000009 11057.007324218752 3432.5000000000005 11019.201171875002 -1.0000000180025095e-35 2870.5000000000005 11038.045410156252
decision_type=2 2 2 2 2 2 2 2 2 2 2 2 2 2
left_child=8 6 -3 4 -4 -6 -2 -8 10 -10 -1 12 -12 -14
right_child=1 2 3 -5 5 -7 7 -9 9 -11 11 -13 13 -15
leaf_value=0.0049256773261446519 -0.018199143633866665 0.054070796475219972 -0.025630959661129667 0.0049340427040404835 -0.018583701836453081 -0.35112255566438427 -0.077261938874701785 -0.46340834298278594 0.011416336229428168 0.093428478553849018 -0.039287234293488703 -0.017761389033538341 -0.39703309587974128 0.011388285335562883
leaf_weight=773529 155781 132901 275021 1200784 4473 7038 105265 2572 203124 83310 16824 53715 9247 3755
leaf_count=773529 155781 132901 275021 1200784 4473 7038 105265 2572 203124 83310 16824 53715 9247 3755
internal_value=1.35028e-06 -0.00459781 0.00216266 -0.00247598 -0.0335287 -0.222033 -0.0461467 -0.0865141 0.0075781 0.0352723 -0.00167761 -0.0628128 -0.143914 -0.279161
internal_weight=3.02734e+06 1.88384e+06 1.62022e+06 1.48732e+06 286532 11511 263618 107837 1.1435e+06 286434 857070 83541 29826 13002
internal_count=3027339 1883835 1620217 1487316 286532 11511 263618 107837 1143504 286434 857070 83541 29826 13002
is_linear=0
shrinkage=0.02


Tree=214
num_leaves=15
num_cat=0
split_feature=5 6 8 5 8 8 14 13 14 1 8 8 8 3
split_gain=234998 231666 242799 298671 297607 225767 224815 212671 430053 200853 283902 213582 183761 183340
threshold=0.082499999552965178 102.35916137695314 0.8110111951828004 0.11749999970197679 0.93928104639053356 0.73663246631622326 0.8612688183784486 -12.099999904632567 0.63109514117240917 94.94791412353517 0.89291974902153026 -0.9504232108592986 0.78501197695732128 3.6574686765670781
decision_type=2 2 2 2 2 2 2 2 2 2 2 2 2 2
left_child=7 2 3 6 -4 -3 -2 8 -1 11 13 -9 -10 -11
right_child=1 5 4 -5 -6 -7 -8 9 12 10 -12 -13 -14 -15
leaf_value=-0.00040384279764001026 -0.016697627154894021 0.22474227776757374 0.15625703045538056 -0.34119803418667827 -0.037668892670560471 0.038086244928670597 0.51926848804315429 -0.020539101257922049 0.051395245918174633 0.0020040635620184179 0.011680254618464959 0.0031120892188522889 0.0088839454446753546 -0.024525790268813109
leaf_weight=482382 16768 5041 8505 1129 5033 5335 309 171317 112910 135232 158978 1406874 63580 453946
leaf_count=482382 16768 5041 8505 1129 5033 5335 309 171317 112910 135232 158978 1406874 63580 453946
internal_value=1.24161e-06 0.0469067 0.0200729 -0.0276203 0.0841854 0.128901 -0.00670019 -0.00066072 0.00936992 -0.00350165 -0.0120368 0.000544561 0.0360822 -0.0184365
internal_weight=3.02734e+06 42120 31744 18206 13538 10376 17077 2.98522e+06 658872 2.32635e+06 748156 1.57819e+06 176490 589178
internal_count=3027339 42120 31744 18206 13538 10376 17077 2985219 658872 2326347 748156 1578191 176490 589178
is_linear=0
shrinkage=0.02


Tree=215
num_leaves=15
num_cat=0
split_feature=7 7 7 7 7 8 8 8 7 0 7 8 1 0
split_gain=267104 1.31347e+06 1.12852e+06 1.32833e+06 1.17353e+06 1.72493e+06 2.78984e+06 981616 1.97259e+06 977648 886186 828540 1.66519e+06 870432
threshold=12535.058593750002 12629.550292968752 12169.453125000002 12043.893554687502 12205.039550781252 -0.8594742715358733 -0.99391409754753102 0.70960983633995067 12723.007324218752 1170.5000000000002 12478.809082031252 0.99276980757713329 82.08219146728517 3239.5000000000005
decision_type=2 2 2 2 2 2 2 2 2 2 2 2 2 2
left_child=2 -2 3 -1 5 6 -4 -3 -9 -8 -6 -7 -13 -14
right_child=1 7 4 -5 10 11 9 8 -10 -11 -12 12 13 -15
leaf_value=0.0018506960149295754 -0.073389610197848357 0.056273583529905129 0.026515037184881889 -0.050605476777332757 -0.013662326205738401 0.0061947567880255919 0.041034904085338504 0.080317117336621599 -0.12312381098481061 0.60269286342245965 0.067837664635684081 0.067009622850164249 0.16542681117107932 0.76979363879828033
leaf_weight=2210072 108109 100513 9360 211571 154200 45232 1472 32730 45632 7898 81599 14979 1601 2371
leaf_count=2210072 108109 100513 9360 211571 154200 45232 1472 32730 45632 7898 81599 14979 1601 2371
internal_value=1.25499e-06 -0.0183559 0.00192378 -0.00273241 0.0373015 0.102017 0.270832 0.0149076 -0.0381516 0.514598 0.0145426 0.0527178 0.163695 0.527223
internal_weight=3.02734e+06 286984 2.74036e+06 2.42164e+06 318712 82913 18730 178875 78362 9370 235799 64183 18951 3972
internal_count=3027339 286984 2740355 2421643 318712 82913 18730 178875 78362 9370 235799 64183 18951 3972
is_linear=0
shrinkage=0.02


Tree=216
num_leaves=15
num_cat=0
split_feature=7 7 7 7 7 8 7 8 8 7 8 8 1 7
split_gain=259001 1.57779e+06 986983 1.40254e+06 1.04659e+06 1.35615e+06 2.38764e+06 966706 942749 1.89449e+06 794302 752831 1.65388e+06 699792
threshold=12544.754394531252 12629.550292968752 12158.952636718752 12043.893554687502 12205.039550781252 -0.8594742715358733 12186.018554687502 -0.95844322443008412 0.70960983633995067 12723.007324218752 0.98865905404090892 0.99276980757713329 82.08219146728517 12775.274902343752
decision_type=2 2 2 2 2 2 2 2 2 2 2 2 2 2
left_child=2 -2 3 -1 5 6 -4 -8 -3 -10 -5 -7 -13 -11
right_child=1 8 4 10 -6 11 7 -9 9 13 -12 12 -14 -15
leaf_value=0.0018136822622887233 -0.090462415869244014 0.055148223820471208 0.017137576002970108 -0.07784155373933252 0.012252826894785422 0.0081092024345164066 0.17700974392261012 0.57586496275617627 0.078711265451288606 -0.19538711221997968 0.011711339394665987 0.063888453732706796 0.51648301363402493 -0.038566047852582816
leaf_weight=2210072 84004 100513 10648 145648 259904 52021 3714 7091 32730 23881 54415 16967 3980 21751
leaf_count=2210072 84004 100513 10648 145648 259904 52021 3714 7091 32730 23881 54415 16967 3980 21751
internal_value=1.33798e-06 -0.0189687 0.00180531 -0.00277677 0.0329721 0.0899968 0.229749 0.439059 0.0146095 -0.0373886 -0.0534847 0.0488828 0.150089 -0.120662
internal_weight=3.02734e+06 262879 2.76446e+06 2.41014e+06 354325 94421 21453 10805 178875 78362 200063 72968 20947 45632
internal_count=3027339 262879 2764460 2410135 354325 94421 21453 10805 178875 78362 200063 72968 20947 45632
is_linear=0
shrinkage=0.02


Tree=217
num_leaves=15
num_cat=0
split_feature=16 17 16 13 17 17 16 16 8 1 8 1 17 14
split_gain=216146 221987 221538 204812 767537 521863 298729 265218 234455 212675 197518 195286 184516 177351
threshold=-23.100000381469723 0.25725664198398596 7.5000000000000009 8.5000000000000018 0.57800757884979259 0.64796206355094921 -2.1000000238418575 6.0999999046325692 -0.71333315968513478 64.040943145751967 -0.97058293223381031 63.644889831542976 0.68667489290237438 0.68388274312019359
decision_type=2 2 2 2 2 2 2 2 2 2 2 2 2 2
left_child=-1 2 -2 5 13 -3 -6 9 10 -7 -8 -12 -13 -5
right_child=1 3 -4 4 6 7 8 -9 -10 -11 11 12 -14 -15
leaf_value=0.023990297517685808 8.4179625536502921e-05 -0.0018374354876184193 0.033564585591112105 -0.0010295016327460935 0.041443557026169982 -0.0075122087115400953 -0.039196774629517234 -0.024920187241990039 -0.046692310817042205 0.079365644100182375 -0.018428517342128661 -0.12423731274953145 -0.24320632595266076 -0.032991923409506262
leaf_weight=143127 184349 1640594 138400 656716 9518 13823 10486 16655 47076 60988 4386 15753 7826 77642
leaf_count=143127 184349 1640594 138400 656716 9518 13823 10486 16655 47076 60988 4386 15753 7826 77642
internal_value=1.38574e-06 -0.00118912 0.0144418 -0.0031587 -0.0113313 0.000754802 -0.0648075 0.0472462 -0.0766355 0.0633139 -0.113273 -0.141025 -0.163811 -0.00440925
internal_weight=3.02734e+06 2.88421e+06 322749 2.56146e+06 829403 1.73206e+06 95045 91466 85527 74811 38451 27965 23579 734358
internal_count=3027339 2884212 322749 2561463 829403 1732060 95045 91466 85527 74811 38451 27965 23579 734358
is_linear=0
shrinkage=0.02


Tree=218
num_leaves=15
num_cat=0
split_feature=0 17 16 0 8 0 1 0 8 8 1 3 1 0
split_gain=231898 210304 192074 174342 173201 663288 382164 319902 304387 295401 328686 484580 306110 273475
threshold=7400.5000000000009 0.072292223572731032 -23.100000381469723 1523.5000000000002 -0.95380857586860646 2353.5000000000005 158.71256256103518 4482.5000000000009 -0.9994668960571288 -0.844174563884735 43.224521636962898 2.1212507486343388 145.800895690918 1326.5000000000002
decision_type=2 2 2 2 2 2 2 2 2 2 2 2 2 2
left_child=1 -1 3 -3 5 -4 7 -7 -9 10 -6 13 -13 -12
right_child=-2 2 4 -5 9 6 -8 8 -10 -11 11 12 -14 -15
leaf_value=0.068844642329538089 -0.06496823125317179 -0.0089233711094811093 0.014988645117521335 0.03844450090500897 -0.11242595192201088 -0.034544726876309932 0.36233697795808711 -0.02045878449874361 -0.16012889163890351 -0.0017140441434587894 -0.012258353637705452 0.016115995890702152 0.45108157429377765 0.17681656224543016
leaf_weight=17878 21807 46308 137242 94488 7186 109728 896 9635 17729 2313602 4070 233829 639 12302
leaf_count=17878 21807 46308 137242 94488 7186 109728 896 9635 17729 2313602 4070 233829 639 12302
internal_value=1.33334e-06 0.000472949 6.35799e-05 0.0228655 -0.00106419 -0.0161431 -0.0471055 -0.0498079 -0.110977 0.000549681 0.0208468 0.0246692 0.0173207 0.129833
internal_weight=3.02734e+06 3.00553e+06 2.98765e+06 140796 2.84686e+06 275230 137988 137092 27364 2.57163e+06 258026 250840 234468 16372
internal_count=3027339 3005532 2987654 140796 2846858 275230 137988 137092 27364 2571628 258026 250840 234468 16372
is_linear=0
shrinkage=0.02


Tree=219
num_leaves=15
num_cat=0
split_feature=7 7 7 8 7 0 7 7 8 0 7 7 8 8
split_gain=255175 479178 649892 1.47059e+06 541435 377069 751041 388231 1.002e+06 968175 992551 669019 966478 720194
threshold=10065.734863281252 10619.391601562502 10679.781738281252 0.6970425844192506 10640.455566406252 7400.5000000000009 12189.963378906252 10775.280273437502 -0.68419089913368214 1954.5000000000002 10759.808593750002 10814.940429687502 0.69195944070816051 -0.81390005350112904
decision_type=2 2 2 2 2 2 2 2 2 2 2 2 2 2
left_child=-1 -2 3 -3 -5 7 -7 8 9 -4 -11 12 13 -9
right_child=1 2 5 4 -6 6 -8 11 -10 10 -12 -13 -14 -15
leaf_value=0.092362857171523274 -0.073617092793268044 -0.11449791737956927 0.021680300096934824 0.35637974076562218 0.12292230117007416 -0.1191447803565986 0.57801214089646147 0.10823977035641986 -0.011740274384830093 0.51613117704144484 0.14180385216942273 0.00062191508136986333 0.00076929764072390292 -0.16926514973644427
leaf_weight=11908 35291 10267 12097 4985 19555 16722 632 4243 41778 4353 8116 2776717 49460 31215
leaf_count=11908 35291 10267 12097 4985 19555 16722 632 4243 41778 4353 8116 2776717 49460 31215
internal_value=1.35354e-06 -0.000363682 0.000504026 0.086406 0.170473 -0.000511418 -0.0934362 3.96532e-05 0.0478657 0.149198 0.272794 -0.0010693 -0.0563638 -0.136036
internal_weight=3.02734e+06 3.01543e+06 2.98014e+06 34807 24540 2.94533e+06 17354 2.92798e+06 66344 24566 12469 2.86164e+06 84918 35458
internal_count=3027339 3015431 2980140 34807 24540 2945333 17354 2927979 66344 24566 12469 2861635 84918 35458
is_linear=0
shrinkage=0.02


Tree=220
num_leaves=15
num_cat=0
split_feature=0 4 4 0 8 0 8 8 8 8 0 1 4 1
split_gain=216612 209600 192750 1.05079e+06 1.30881e+06 665314 468344 426802 430644 793134 227453 226374 407496 273665
threshold=7400.5000000000009 284.38999938964849 253.78499603271487 5918.5000000000009 0.77865210175514232 6643.5000000000009 0.65512093901634227 0.79939252138137828 0.75801146030426036 0.7692478895187379 5495.5000000000009 94.94791412353517 -118.1949996948242 158.71256256103518
decision_type=2 2 2 2 2 2 2 2 2 2 2 2 2 2
left_child=1 2 11 6 5 -5 -4 8 -8 -10 -11 -1 13 -13
right_child=-2 -3 3 4 -6 -7 7 -9 9 10 -12 12 -14 -15
leaf_value=0.0042386065951473271 -0.062790477960611504 0.089408126059821333 0.68765199257777287 -1.3628897584529083 -0.061289593562374019 -0.3188826274871826 0.073015101385862133 0.24992406441122955 -0.8105712321281433 -0.36449581478099163 0.14958886076695271 -0.046085772275843671 -0.0026676033145966844 0.1974868886197908
leaf_weight=2021022 21807 10549 406 652 1551 399 2611 1901 790 519 976 116815 845476 1865
leaf_count=2021022 21807 10549 406 652 1551 399 2611 1901 790 519 976 116815 845476 1865
internal_value=1.42283e-06 0.000457231 0.000143622 -0.0883412 -0.431994 -0.973304 0.0362235 -0.0036379 -0.102403 -0.302301 -0.0301021 0.000434558 -0.00753927 -0.0422417
internal_weight=3.02734e+06 3.00553e+06 2.99498e+06 9805 2602 1051 7203 6797 4896 2285 1495 2.98518e+06 964156 118680
internal_count=3027339 3005532 2994983 9805 2602 1051 7203 6797 4896 2285 1495 2985178 964156 118680
is_linear=0
shrinkage=0.02


Tree=221
num_leaves=15
num_cat=0
split_feature=7 7 7 6 4 8 7 7 7 7 7 4 8 7
split_gain=252944 1.48904e+06 929199 881779 1.22798e+06 1.03678e+06 1.51433e+06 1.42941e+06 1.33722e+06 824642 1.02508e+06 806424 737503 1.06875e+06
threshold=11203.090820312502 11310.526855468752 11368.623535156252 84.197589874267592 45.635000228881843 0.95380857586860668 11358.889648437502 11346.758300781252 11326.573730468752 11519.124511718752 11470.466308593752 40.375000000000007 -0.95380857586860646 11421.926269531252
decision_type=2 2 2 2 2 2 2 2 2 2 2 2 2 2
left_child=-1 -2 3 -3 -5 6 -6 8 -7 10 12 -12 13 -4
right_child=1 2 9 4 5 7 -8 -9 -10 -11 11 -13 -14 -15
leaf_value=0.0072421140301060886 -0.052397623682128823 -0.0087606288975774268 -0.056699113289146619 0.030630906419958696 -0.074129067191434292 -0.052329119126345386 0.66666570066702591 0.010178702557897174 0.436034440440209 0.0048748349779750549 -0.006803240881850945 -0.35047487541945993 -0.0067111833251250032 -0.32603068651602146
leaf_weight=1178523 228599 54744 59610 46587 1565 3043 3720 14746 8496 1200784 4451 7060 208880 6531
leaf_count=1178523 228599 54744 59610 46587 1565 3043 3720 14746 8496 1200784 4451 7060 208880 6531
internal_value=1.28984e-06 -0.00461436 0.00212773 0.0527939 0.0959047 0.192187 0.447571 0.140686 0.30731 -0.00239992 -0.0328858 -0.217709 -0.0251423 -0.0833394
internal_weight=3.02734e+06 1.84882e+06 1.62022e+06 132901 78157 31570 5285 26285 11539 1.48732e+06 286532 11511 275021 66141
internal_count=3027339 1848816 1620217 132901 78157 31570 5285 26285 11539 1487316 286532 11511 275021 66141
is_linear=0
shrinkage=0.02


Tree=222
num_leaves=15
num_cat=0
split_feature=5 0 4 9 8 0 4 4 8 8 5 8 17 9
split_gain=227487 328054 1.08391e+06 398960 326033 362860 302692 278952 795104 2.66083e+06 688686 335821 236759 231367
threshold=0.057499999180436141 2292.5000000000005 110.8050003051758 0.20284801721572879 -0.78159695863723744 3092.5000000000005 253.78499603271487 253.78499603271487 0.75086346268653881 0.7692478895187379 0.032499999739229686 0.96999460458755504 0.76619762182235729 -0.90470352768897999
decision_type=2 2 2 2 2 2 2 2 2 2 2 2 2 2
left_child=7 -2 4 6 -3 12 -4 13 -9 10 -10 -11 -6 -1
right_child=1 2 3 -5 5 -7 -8 8 9 11 -12 -13 -14 -15
leaf_value=-0.10955906910785622 -0.0060153624172820316 -0.46620565370455408 -0.0065705396919377634 0.39089029578724876 0.098067031175787953 0.26652028999404959 0.10514500606794243 0.1195418007513129 -1.0989313669881577 -0.048943972245828617 -0.11573912406612086 0.53744455788677137 0.55684558202177936 -0.00090885737027895865
leaf_weight=7852 113868 328 87628 1078 18148 8625 10899 4018 1406 4580 360 417 452 2767680
leaf_count=7852 113868 328 87628 1078 18148 8625 10899 4018 1406 4580 360 417 452 2767680
internal_value=1.27813e-06 0.0186415 0.0407203 0.0100034 0.151718 0.159332 0.00579658 -0.00161122 -0.103101 -0.23536 -0.900299 0.000961852 0.10951 -0.00121663
internal_weight=3.02734e+06 241026 127158 99605 27553 27225 98527 2.78631e+06 10781 6763 1766 4997 18600 2.77553e+06
internal_count=3027339 241026 127158 99605 27553 27225 98527 2786313 10781 6763 1766 4997 18600 2775532
is_linear=0
shrinkage=0.02


Tree=223
num_leaves=15
num_cat=0
split_feature=5 6 1 8 0 8 0 5 6 8 0 1 0 0
split_gain=219214 255743 229586 343086 223170 200318 364232 379783 279236 255912 650383 285961 299373 240706
threshold=0.062499998137354858 135.4106140136719 94.94791412353517 0.89291974902153026 2273.5000000000005 0.95380857586860668 5495.5000000000009 0.027499999850988392 57.979869842529304 0.97559595108032238 2454.5000000000005 79.374374389648452 4637.5000000000009 4996.5000000000009
decision_type=2 2 2 2 2 2 2 2 2 2 2 2 2 2
left_child=2 4 5 -4 -2 -1 9 -8 -9 10 -7 12 -12 -13
right_child=1 -3 3 -5 -6 6 7 8 -10 -11 11 13 -14 -15
leaf_value=0.0048852354944843544 -0.0078214992182702708 0.14534338365763697 -0.01583577881824649 0.014166580321730562 0.03830541664890337 0.0024680585287513651 -0.0559360320109063 -0.1466787886325224 0.37861379594762257 -0.0098419504965213435 -0.18656229442201608 -0.1111516483258651 -0.4805796305481817 0.30443595126080819
leaf_weight=1712981 77991 6437 727835 192846 90784 20423 2080 476 2528 179021 6454 5102 1765 616
leaf_count=1712981 77991 6437 727835 192846 90784 20423 2080 476 2528 179021 6454 5102 1765 616
internal_value=1.26693e-06 0.0217144 -0.00133268 -0.00955137 0.0169908 0.00258502 -0.0154502 0.151686 0.295161 -0.0194394 -0.0694259 -0.174706 -0.250211 -0.0659236
internal_weight=3.02734e+06 175212 2.85213e+06 920681 168775 1.93145e+06 218465 5084 3004 213381 34360 13937 8219 5718
internal_count=3027339 175212 2852127 920681 168775 1931446 218465 5084 3004 213381 34360 13937 8219 5718
is_linear=0
shrinkage=0.02


Tree=224
num_leaves=15
num_cat=0
split_feature=7 7 4 7 9 7 4 9 7 9 0 7 0 4
split_gain=252736 1.51381e+06 1.24376e+06 1.19792e+06 1.8356e+06 931956 3.03044e+06 2.15987e+06 1.3515e+06 1.18932e+06 999791 898406 895638 726116
threshold=12544.754394531252 12629.550292968752 100.98500061035158 12680.433105468752 -0.68419089913368214 12158.952636718752 -146.71500396728513 0.51117742061615001 12043.893554687502 0.60120347142219555 2950.5000000000005 12478.809082031252 3564.5000000000005 -29.404999732971188
decision_type=2 2 2 2 2 2 2 2 2 2 2 2 2 2
left_child=5 -2 3 4 -3 8 7 -7 -1 -8 -11 -9 -6 -5
right_child=1 2 -4 13 12 6 9 11 -10 10 -12 -13 -14 -15
leaf_value=0.0018368896833925183 -0.088767308610884874 0.53888849508574399 -0.10816118758729762 0.063602162539333568 0.024545484301043613 0.56782907684886941 0.02990452224670552 0.057991281399408186 -0.052445955440450887 -0.039426193405022757 -0.31010199011695516 0.49707550185743898 0.31161984344323562 -0.034912605551398121
leaf_weight=2210072 84004 4176 28032 53955 19990 6534 301566 11786 200063 25281 6953 2205 5546 67176
leaf_count=2210072 84004 4176 28032 53955 19990 6534 301566 11786 200063 25281 6953 2205 5546 67176
internal_value=1.233e-06 -0.018738 0.0141525 0.0368886 0.150666 0.00178326 0.0320688 0.267884 -0.00266927 0.0175611 -0.0978907 0.127499 0.0869917 0.00896998
internal_weight=3.02734e+06 262879 178875 150843 29712 2.76446e+06 354325 20525 2.41014e+06 333800 32234 13991 25536 121131
internal_count=3027339 262879 178875 150843 29712 2764460 354325 20525 2410135 333800 32234 13991 25536 121131
is_linear=0
shrinkage=0.02


Tree=225
num_leaves=15
num_cat=0
split_feature=7 7 7 0 1 0 0 7 7 5 7 0 7 0
split_gain=243823 463087 621366 1.2409e+06 437460 366191 354734 700149 368318 676264 950487 661167 648455 726838
threshold=10065.734863281252 10619.391601562502 10679.781738281252 4255.5000000000009 60.019386291503913 6951.5000000000009 7400.5000000000009 12189.963378906252 10775.280273437502 -0.012499999720603226 10727.798339843752 2454.5000000000005 10814.940429687502 4996.5000000000009
decision_type=2 2 2 2 2 2 2 2 2 2 2 2 2 2
left_child=-1 -2 3 4 -3 -5 8 -8 9 10 -4 -12 13 -10
right_child=1 2 6 5 -6 -7 7 -9 12 -11 11 -13 -14 -15
leaf_value=0.090284941141160563 -0.072368456601162923 -0.11125733701710068 0.60441155734206686 0.28759285964323666 0.076743412982724787 0.073679109368720783 -0.11544816088766963 0.55767493019965575 -0.06527295029825296 0.0051219013474889446 -0.0021311031699628668 0.24230279021082715 0.00062397007333873391 0.29383230896693968
leaf_weight=11908 35291 10134 1640 10371 9661 4641 16722 632 82610 46648 10310 7746 2776717 2308
leaf_count=11908 35291 10134 1640 10371 9661 4641 16722 632 82610 46648 10310 7746 2776717 2308
internal_value=1.30502e-06 -0.000355519 0.000497496 0.084493 -0.0195097 0.221555 -0.000495413 -0.0906261 3.90886e-05 0.0466224 0.144859 0.102806 -0.00104105 -0.0554791
internal_weight=3.02734e+06 3.01543e+06 2.98014e+06 34807 19795 15012 2.94533e+06 17354 2.92798e+06 66344 19696 18056 2.86164e+06 84918
internal_count=3027339 3015431 2980140 34807 19795 15012 2945333 17354 2927979 66344 19696 18056 2861635 84918
is_linear=0
shrinkage=0.02


Tree=226
num_leaves=15
num_cat=0
split_feature=7 7 7 4 4 6 7 7 7 4 6 7 6 7
split_gain=243788 1.43716e+06 1.03894e+06 1.04135e+06 792000 741994 714651 621535 833404 951117 816038 1.50059e+06 676345 897795
threshold=11203.090820312502 11252.907714843752 11235.322753906252 -5.3849999904632559 134.48500061035159 114.09402465820314 11240.761718750002 11057.007324218752 11019.201171875002 -17.064999580383297 108.1636199951172 11182.957519531252 130.3179626464844 11002.349121093752
decision_type=2 2 2 2 2 2 2 2 2 2 2 2 2 2
left_child=7 2 4 -4 5 -2 -5 8 12 -10 11 -9 -1 -14
right_child=1 -3 3 6 -6 -7 -8 10 9 -11 -12 -13 13 -15
leaf_value=0.0014239728349330367 -0.004955502306885488 0.0014979629266354819 -0.26067654605508778 -0.13537845910254848 -0.14972091894704451 -0.14292383186932348 0.27705082955418692 0.1252878373341246 -0.15793052827740611 -0.014425710761686644 -0.014887555319225351 0.014635736136631638 0.042534650322528657 0.33801346173651964
leaf_weight=750557 129046 1655379 17436 4235 22223 17725 2772 75071 27567 55974 105118 141264 17614 5358
leaf_count=750557 129046 1655379 17436 4235 22223 17725 2772 75071 27567 55974 105118 141264 17614 5358
internal_value=1.40271e-06 -0.00452993 -0.0561125 -0.177961 -0.0384788 -0.0216262 0.0279398 0.00710996 -0.00178507 -0.0617931 0.0308256 0.0530375 0.00469648 0.11157
internal_weight=3.02734e+06 1.84882e+06 193437 24443 168994 146771 7007 1.17852e+06 857070 83541 321453 216335 773529 22972
internal_count=3027339 1848816 193437 24443 168994 146771 7007 1178523 857070 83541 321453 216335 773529 22972
is_linear=0
shrinkage=0.02


Tree=227
num_leaves=15
num_cat=0
split_feature=7 7 7 7 7 0 8 7 7 8 8 8 7 7
split_gain=244256 1.16901e+06 986516 1.29917e+06 900841 1.36245e+06 878564 1.78194e+06 832268 790830 783758 1.37338e+06 1.36071e+06 2.44839e+06
threshold=12535.058593750002 12629.550292968752 12158.952636718752 12043.893554687502 12205.039550781252 6008.5000000000009 0.70960983633995067 12723.007324218752 12478.809082031252 0.91719016432762157 0.83204790949821483 0.78062468767166149 12233.516601562502 12291.576660156252
decision_type=2 2 2 2 2 2 2 2 2 2 2 2 2 2
left_child=2 -2 3 -1 5 -4 -3 -8 10 -10 11 -6 -12 -14
right_child=1 6 4 -5 8 -7 7 -9 9 -11 12 -13 13 -15
leaf_value=0.0018160309807065101 -0.069472281215223641 0.052962330456095046 0.073506943675858416 -0.051405412555288417 -0.019229763930013605 0.53243718704871112 0.076229401333328853 -0.11713060261294901 0.10025243246206098 -0.044942667057642674 -0.036209278897719792 -0.25094358050311866 0.3523505088756822 -0.10785798373165653
leaf_weight=2210072 108109 100513 91768 200063 94929 2653 32730 45632 61789 19810 28070 11458 12367 7376
leaf_count=2210072 108109 100513 91768 200063 94929 2653 32730 45632 61789 19810 28070 11458 12367 7376
internal_value=1.36908e-06 -0.0175531 0.00183983 -0.00260202 0.0342581 0.086457 0.0138279 -0.0363689 0.0133533 0.0650016 -0.0139801 -0.044207 0.0532716 0.180448
internal_weight=3.02734e+06 286984 2.74036e+06 2.41014e+06 330220 94421 178875 78362 235799 81599 154200 106387 47813 19743
internal_count=3027339 286984 2740355 2410135 330220 94421 178875 78362 235799 81599 154200 106387 47813 19743
is_linear=0
shrinkage=0.02


Tree=228
num_leaves=15
num_cat=0
split_feature=5 0 4 4 6 8 8 5 8 4 8 8 0 0
split_gain=214044 247294 356217 317418 254300 243159 310949 215189 229800 238625 208335 203236 197619 188035
threshold=0.082499999552965178 2192.5000000000005 166.83499908447268 238.91999816894534 95.695373535156264 0.8110111951828004 0.7692478895187379 0.12249999865889551 0.96743166446685802 59.594999313354499 0.67900785803794872 0.75552397966384899 7400.5000000000009 4370.5000000000009
decision_type=2 2 2 2 2 2 2 2 2 2 2 2 2 2
left_child=12 -2 7 4 5 6 -4 8 9 -3 -5 -9 -1 -12
right_child=1 2 3 10 -6 -7 -8 11 -10 -11 13 -13 -14 -15
leaf_value=-0.00018885150580048426 -0.02139923646135141 -0.30569763987334736 -0.27059714967980258 -0.19861464621461347 0.069546257629804875 -0.03320234146251945 -1.0710000227047847 -0.45141118708716499 -0.084673590725241527 0.19844359910227879 0.44127138759951179 0.29574019511174499 -0.06060308261387877 0.094348409624784829
leaf_weight=2963412 14703 378 1739 827 1996 1663 211 440 1399 13112 712 207 21807 4733
leaf_count=2963412 14703 378 1739 827 1996 1663 211 440 1399 13112 712 207 21807 4733
internal_value=1.37395e-06 0.0447668 0.0802454 -0.00219924 -0.111412 -0.211304 -0.362237 0.143256 0.158804 0.1841 0.0954874 -0.211476 -0.000630385 0.140442
internal_weight=3.02734e+06 42120 27417 11881 5609 3613 1950 15536 14889 13490 6272 647 2.98522e+06 5445
internal_count=3027339 42120 27417 11881 5609 3613 1950 15536 14889 13490 6272 647 2985219 5445
is_linear=0
shrinkage=0.02


Tree=229
num_leaves=15
num_cat=0
split_feature=7 7 4 7 7 4 7 4 7 4 7 0 7 7
split_gain=237463 1.40574e+06 1.16737e+06 1.17018e+06 1.84405e+06 1.45935e+06 860760 2.87128e+06 1.24713e+06 713697 689129 757260 640622 1.27542e+06
threshold=12544.754394531252 12629.550292968752 100.98500061035158 12767.550292968752 12775.274902343752 -164.48500061035153 12158.952636718752 -146.71500396728513 12043.893554687502 197.09500122070315 12073.221679687502 1954.5000000000002 11519.124511718752 11470.466308593752
decision_type=2 2 2 2 2 2 2 2 2 2 2 2 2 2
left_child=6 -2 3 5 -5 -3 8 -8 12 -4 11 -10 13 -1
right_child=1 2 9 4 -6 -7 7 -9 10 -11 -12 -13 -14 -15
leaf_value=-0.0018243722926087817 -0.08564621012253279 0.89372593713463033 -0.16231931563368007 -0.26746561447004724 0.019835419055823093 0.071642247471827999 0.26037367896116947 0.016712786607088304 -0.018123642255517654 0.072463154347043146 -0.022711802018475512 -0.15188331926201404 0.025276963921552188 -0.21292303747447261
leaf_weight=1815044 84004 862 21185 11049 46551 92381 20525 333800 27598 6847 128664 43801 383517 11511
leaf_count=1815044 84004 862 21185 11049 46551 92381 20525 333800 27598 6847 128664 43801 383517 11511
internal_value=1.25332e-06 -0.0181629 0.0135317 0.0355585 -0.035312 0.0793374 0.0017286 0.0308343 -0.00255048 -0.104966 -0.0503665 -0.100191 0.00177819 -0.00315589
internal_weight=3.02734e+06 262879 178875 150843 57600 93243 2.76446e+06 354325 2.41014e+06 28032 200063 71399 2.21007e+06 1.82656e+06
internal_count=3027339 262879 178875 150843 57600 93243 2764460 354325 2410135 28032 200063 71399 2210072 1826555
is_linear=0
shrinkage=0.02


Tree=230
num_leaves=15
num_cat=0
split_feature=7 7 7 6 9 7 7 7 7 7 7 9 7 6
split_gain=234524 1.18039e+06 890839 847942 1.0644e+06 1.02355e+06 901345 852025 783446 935582 696260 1.07181e+06 903000 897357
threshold=11200.173339843752 11310.526855468752 11368.623535156252 87.443473815917983 -0.29443810880184168 11346.758300781252 11326.573730468752 11358.889648437502 11519.124511718752 11470.466308593752 11219.278320312502 0.55122801661491405 11240.761718750002 114.09402465820314
decision_type=2 2 2 2 2 2 2 2 2 2 2 2 2 2
left_child=-1 10 3 -3 7 6 -6 -5 9 -4 13 12 -12 -2
right_child=1 2 8 4 5 -7 -8 -9 -10 -11 11 -13 -14 -15
leaf_value=0.0071461247012822608 0.0018539875582448675 0.0012932531014353257 -0.024699822175228703 -0.024467983114689795 0.019856956081941723 0.02337710940586174 0.30869417094750828 0.52090831881195443 0.0047077351060678544 -0.20866827301314619 -0.094721497197619672 -0.14250689138611705 0.073743722650413027 -0.14180820303694872
leaf_weight=1143504 135846 66654 275021 1601 6865 42107 11662 4012 1200784 11511 27306 56711 23820 19935
leaf_count=1143504 135846 66654 275021 1601 6865 42107 11662 4012 1200784 11511 27306 56711 23820 19935
internal_value=1.25687e-06 -0.00433574 0.00205023 0.0516595 0.102327 0.0779007 0.201738 0.36558 -0.00238298 -0.0320976 -0.0435831 -0.082647 -0.0162328 -0.016538
internal_weight=3.02734e+06 1.88384e+06 1.62022e+06 132901 66247 60634 18527 5613 1.48732e+06 286532 263618 107837 51126 155781
internal_count=3027339 1883835 1620217 132901 66247 60634 18527 5613 1487316 286532 263618 107837 51126 155781
is_linear=0
shrinkage=0.02


Tree=231
num_leaves=15
num_cat=0
split_feature=5 0 4 9 9 0 4 4 1 5 9 9 5 9
split_gain=209903 299324 1.03143e+06 387275 313954 332186 279063 268848 1.03205e+06 764091 379095 960087 334661 301321
threshold=0.057499999180436141 2292.5000000000005 110.8050003051758 0.20284801721572879 0.050314346328377731 3092.5000000000005 253.78499603271487 253.78499603271487 66.258960723876967 0.032499999739229686 -0.66327509284019459 -0.63895034790039051 0.027499999850988392 -0.24782751500606534
decision_type=2 2 2 2 2 2 2 2 2 2 2 2 2 2
left_child=7 -2 4 6 5 -3 -4 -1 9 -9 -10 12 -12 -13
right_child=1 2 3 -5 -6 -7 -8 8 10 -11 11 13 -14 -15
leaf_value=-0.0011602920144467973 -0.0056458700515760246 0.11068235447407833 -0.0069868712653002396 0.38429992972674565 -0.24864531133457637 0.26215893001964241 0.10027970522574137 -0.89762465475818731 0.15554362982917397 -0.092708552145991399 -0.90499208228832906 -0.039198268502777987 -0.12506385624765637 0.51984843016790117
leaf_weight=2775532 113868 18299 87628 1078 770 8484 10899 1008 3386 884 701 4062 324 416
leaf_count=2775532 113868 18299 87628 1078 770 8484 10899 1008 3386 884 701 4062 324 416
internal_value=1.25345e-06 0.0179066 0.0389964 0.00903232 0.147274 0.158746 0.00488767 -0.00154767 -0.101182 -0.524019 -0.0106927 -0.113078 -0.662068 0.0137745
internal_weight=3.02734e+06 241026 127158 99605 27553 26783 98527 2.78631e+06 10781 1892 8889 5503 1025 4478
internal_count=3027339 241026 127158 99605 27553 26783 98527 2786313 10781 1892 8889 5503 1025 4478
is_linear=0
shrinkage=0.02


Tree=232
num_leaves=15
num_cat=0
split_feature=7 7 7 8 7 0 7 7 4 7 4 7 8 8
split_gain=233326 446820 596274 1.36625e+06 515380 331058 642774 350741 2.20611e+06 908895 638192 627785 918198 690425
threshold=10065.734863281252 10619.391601562502 10679.781738281252 0.6970425844192506 10640.455566406252 7400.5000000000009 12189.963378906252 10775.280273437502 -46.995000839233391 10759.808593750002 206.77500152587893 10814.940429687502 0.69195944070816051 -0.81390005350112904
decision_type=2 2 2 2 2 2 2 2 2 2 2 2 2 2
left_child=-1 -2 3 -3 -5 7 -7 8 9 -4 -10 12 13 -9
right_child=1 2 5 4 -6 6 -8 11 10 -11 -12 -13 -14 -15
leaf_value=0.088320061383253434 -0.071084716148525615 -0.11087342370753463 0.45649641882379166 0.34517789566719737 0.1174116735219166 -0.11133652759398648 0.53361854909365047 0.10693210154617534 -0.027266748756923774 0.13442120041556896 0.42154746531706594 0.00061793655789769476 0.0011039543102431082 -0.16477568207529683
leaf_weight=11908 35291 10267 5794 4985 19555 16722 632 4243 50380 8880 1290 2776717 49460 31215
leaf_count=11908 35291 10267 5794 4985 19555 16722 632 4243 50380 8880 1290 2776717 49460 31215
internal_value=1.17571e-06 -0.000347883 0.000490016 0.0827721 0.163802 -0.000482638 -0.0875535 3.37178e-05 0.0454919 0.261818 -0.0159818 -0.00102033 -0.0545837 -0.132241
internal_weight=3.02734e+06 3.01543e+06 2.98014e+06 34807 24540 2.94533e+06 17354 2.92798e+06 66344 14674 51670 2.86164e+06 84918 35458
internal_count=3027339 3015431 2980140 34807 24540 2945333 17354 2927979 66344 14674 51670 2861635 84918 35458
is_linear=0
shrinkage=0.02


Tree=233
num_leaves=15
num_cat=0
split_feature=7 7 4 7 7 8 4 7 4 8 7 9 0 7
split_gain=230538 1.34948e+06 1.12105e+06 1.12321e+06 1.77099e+06 1.55304e+06 1.4024e+06 819218 2.75237e+06 2.02546e+06 1.20335e+06 1.13396e+06 957081 858055
threshold=12544.754394531252 12629.550292968752 100.98500061035158 12767.550292968752 12775.274902343752 0.84417456388473522 -164.48500061035153 12158.952636718752 -146.71500396728513 -0.8594742715358733 12043.893554687502 0.60120347142219555 2950.5000000000005 12478.809082031252
decision_type=2 2 2 2 2 2 2 2 2 2 2 2 2 2
left_child=7 -2 3 6 5 -5 -3 10 9 -9 -1 -10 -13 -11
right_child=1 2 -4 4 -6 -7 -8 8 11 13 -12 12 -14 -15
leaf_value=0.0017807045538714122 -0.084015288173977784 0.87597404967754255 -0.1029649962800587 -0.18330209712572981 0.019353568695606217 -0.97625777385273926 0.070091106360944386 0.5452942785837922 0.028324567845248009 0.050968059529990929 -0.049440582422115298 -0.039258007476596225 -0.30408958808505437 0.48006967376640097
leaf_weight=2210072 84004 862 28032 9961 46551 1088 92381 6534 301566 11786 200063 25281 6953 2205
leaf_count=2210072 84004 862 28032 9961 46551 1088 92381 6534 301566 11786 200063 25281 6953 2205
internal_value=1.26637e-06 -0.0178961 0.0131579 0.0347432 -0.0346904 -0.262199 0.0776346 0.00170323 0.030098 0.254834 -0.0024713 0.0162719 -0.0964604 0.118891
internal_weight=3.02734e+06 262879 178875 150843 57600 11049 93243 2.76446e+06 354325 20525 2.41014e+06 333800 32234 13991
internal_count=3027339 262879 178875 150843 57600 11049 93243 2764460 354325 20525 2410135 333800 32234 13991
is_linear=0
shrinkage=0.02


Tree=234
num_leaves=15
num_cat=0
split_feature=5 0 6 9 6 9 8 6 8 0 0 8 0 9
split_gain=203178 290945 236196 213542 219942 548226 582376 454101 334427 695218 312442 254949 249336 212589
threshold=0.057499999180436141 816.50000000000011 130.3179626464844 -0.90470352768897999 110.03726196289064 -0.72323438525199879 -0.844174563884735 151.35574340820315 -0.95380857586860646 4148.5000000000009 4735.5000000000009 -0.9994668960571288 2091.5000000000005 -0.23308163881301877
decision_type=2 2 2 2 2 2 2 2 2 2 2 2 2 2
left_child=3 -2 -3 -1 8 -6 7 10 9 12 -7 -11 -5 -4
right_child=1 2 13 4 5 6 -8 -9 -10 11 -12 -13 -14 -15
leaf_value=-0.10560854210074029 -0.030242687229526447 0.022729060564936725 0.16138937623601254 0.013296802059816743 0.1249927036396174 0.060208715467546477 -0.02954385587141601 0.37704012388555391 0.0035086984773117142 -0.025873497532063205 -0.11169171137768689 -0.13604483424010438 -0.029121053226486181 -0.10161661365019072
leaf_weight=7852 41954 189216 8424 115964 10706 32746 306589 1640 2161846 12564 4847 25389 106170 1432
leaf_count=7852 41954 189216 8424 115964 10706 32746 306589 1640 2161846 12564 4847 25389 106170 1432
internal_value=1.26302e-06 0.0176174 0.0277049 -0.00152265 -0.00122811 -0.015894 -0.0202592 0.0522852 0.000930878 -0.0204952 0.0380206 -0.0995906 -0.00697732 0.12311
internal_weight=3.02734e+06 241026 199072 2.78631e+06 2.77846e+06 356528 345822 39233 2.42193e+06 260087 37593 37953 222134 9856
internal_count=3027339 241026 199072 2786313 2778461 356528 345822 39233 2421933 260087 37593 37953 222134 9856
is_linear=0
shrinkage=0.02


Tree=235
num_leaves=15
num_cat=0
split_feature=7 7 7 6 9 7 4 7 7 4 4 7 7 4
split_gain=225437 1.33143e+06 853948 816115 1.25507e+06 1.09744e+06 808566 779790 1.1169e+06 1.25234e+06 951790 755248 901045 773125
threshold=11203.090820312502 11310.526855468752 11368.623535156252 84.197589874267592 -0.29443810880184168 11358.889648437502 39.375000000000007 11346.758300781252 11326.573730468752 58.465000152587898 84.395000457763686 11519.124511718752 11470.466308593752 35.954999923706062
decision_type=2 2 2 2 2 2 2 2 2 2 2 2 2 2
left_child=-1 -2 3 -3 5 -5 -7 8 -6 -10 -11 12 -4 -14
right_child=1 2 11 4 7 6 -8 -9 9 10 -12 -13 13 -15
leaf_value=0.0068370322831421623 -0.049539768636852999 -0.0086279022152027877 -0.024236408612502758 -0.05427708315888935 0.0075587994801662849 -0.082917680033235727 0.63099381597217208 0.020556770279449459 0.05245569251364169 0.77809189948923585 0.29832245031205695 0.0046405724273678381 0.0073555202749960415 -0.33130004479155589
leaf_weight=1178523 228599 54744 275021 1870 10694 752 3979 47404 5595 2373 5490 1200784 4304 7207
leaf_count=1178523 228599 54744 275021 1870 10694 752 3979 47404 5595 2373 5490 1200784 4304 7207
internal_value=1.25028e-06 -0.0043562 0.00201907 0.0505903 0.0920649 0.355736 0.517577 0.0676948 0.160167 0.281335 0.443921 -0.00232137 -0.0314963 -0.204777
internal_weight=3.02734e+06 1.84882e+06 1.62022e+06 132901 78157 6601 4731 71556 24152 13458 7863 1.48732e+06 286532 11511
internal_count=3027339 1848816 1620217 132901 78157 6601 4731 71556 24152 13458 7863 1487316 286532 11511
is_linear=0
shrinkage=0.02


Tree=236
num_leaves=15
num_cat=0
split_feature=0 8 0 6 4 8 4 0 4 1 6 3 4 4
split_gain=191274 182907 620004 437423 402769 316979 522502 466403 723186 381953 371007 642297 400372 386557
threshold=7400.5000000000009 -0.95380857586860646 3432.5000000000005 151.35574340820315 2.0949999094009404 -0.844174563884735 -48.325000762939446 1819.5000000000002 -109.70499801635741 145.800895690918 45.350690841674812 2.1212507486343388 -143.60500335693357 -204.52999877929685
decision_type=2 2 2 2 2 2 2 2 2 2 2 2 2 2
left_child=1 2 4 -4 -1 6 7 8 -3 10 -9 12 -12 -13
right_child=-2 5 3 -5 -6 -7 -8 9 -10 -11 11 13 -14 -15
leaf_value=0.0075109971415093599 -0.059003828247620453 0.95796737970825496 -0.066233605385939295 0.34698009265985102 -0.21409213670327873 -0.00025490542785067377 -0.021633107716601235 -0.15653835638523281 0.107522624163311 0.5539249292422469 0.33178096195606593 -0.049096955780346417 0.086259316816530721 0.034770201802470438
leaf_weight=201426 21807 397 81451 1028 3325 2443933 77342 4309 23847 541 4165 26448 7335 129985
leaf_count=201426 21807 397 81451 1028 3325 2443933 77342 4309 23847 541 4165 26448 7335 129985
internal_value=1.30851e-06 0.000429629 -0.0147482 -0.0610417 0.00390195 0.00203346 0.0224163 0.039708 0.121839 0.0281773 0.0264938 0.0311994 0.175394 0.0205885
internal_weight=3.02734e+06 3.00553e+06 287230 82479 204751 2.7183e+06 274369 197027 24244 172783 172242 167933 11500 156433
internal_count=3027339 3005532 287230 82479 204751 2718302 274369 197027 24244 172783 172242 167933 11500 156433
is_linear=0
shrinkage=0.02


Tree=237
num_leaves=15
num_cat=0
split_feature=5 0 0 11 1 8 0 8 8 8 8 0 8 8
split_gain=198075 230568 263553 222610 201002 284912 215151 318050 268299 229990 227724 306406 320485 342979
threshold=0.082499999552965178 2172.5000000000005 2671.5000000000005 0.76620391011238109 94.94791412353517 0.89291974902153026 6122.5000000000009 0.9084724783897401 0.97920829057693493 -0.9322390854358672 0.9514024853706361 5495.5000000000009 0.96152326464653026 0.99929141998291027
decision_type=2 2 2 2 2 2 2 2 2 2 2 2 2 2
left_child=4 -2 3 -3 6 -6 10 9 -9 -8 -1 -12 -13 -14
right_child=1 2 -4 -5 5 -7 7 8 -10 -11 11 12 13 -15
leaf_value=0.0065956826313055099 -0.021307697609021958 0.043032812179232209 0.047457133047326683 0.31269056669844225 -0.013865463219842208 0.012465917867622611 0.10523609885035183 -0.20567850817979683 0.25499222338253413 -0.033131593289627372 -0.017665444300948616 -0.2711686064750421 0.36805013452642471 -0.0026526865976259492
leaf_weight=1729812 14559 2027 22436 3098 753576 210215 5370 5964 544 44966 230068 631 2335 1738
leaf_count=1729812 14559 2027 22436 3098 753576 210215 5370 5964 544 44966 230068 631 2335 1738
internal_value=1.40521e-06 0.0430646 0.0770651 0.206333 -0.000606331 -0.00812217 0.00297714 -0.0353782 -0.166836 -0.0183517 0.00408711 -0.0143956 0.145223 0.210243
internal_weight=3.02734e+06 42120 27561 5125 2.98522e+06 963791 2.02143e+06 56844 6508 50336 1.96458e+06 234772 4704 4073
internal_count=3027339 42120 27561 5125 2985219 963791 2021428 56844 6508 50336 1964584 234772 4704 4073
is_linear=0
shrinkage=0.02


Tree=238
num_leaves=15
num_cat=0
split_feature=5 9 4 4 4 1 5 9 1 4 5 9 9 4
split_gain=191110 236770 209140 432118 358923 303566 277693 222262 203181 400721 733929 1.03261e+06 1.44578e+06 397621
threshold=0.077500000596046462 -0.90470352768897999 83.314998626708999 169.55500030517581 253.78499603271487 93.820613861083999 0.097500000149011626 -0.72804987430572499 94.94791412353517 253.78499603271487 0.027499999850988392 -0.63597059249877919 -0.65761160850524891 -125.01499938964842
decision_type=2 2 2 2 2 2 2 2 2 2 2 2 2 2
left_child=8 -2 -3 -4 5 -5 -7 -6 9 -1 11 12 -11 -10
right_child=1 2 3 4 7 6 -8 -9 13 10 -12 -13 -14 -15
leaf_value=0.0035113967000072557 0.33318736127567017 -0.021196332948269676 0.10822867855285338 -0.19717003171652869 -0.16557722455097387 -0.029028538657256957 0.49710586756077396 0.14272980881824032 -0.043506637705911684 0.10149610276185264 0.006533971583588977 0.0044555168010409494 -1.0684240374608889 -0.0035916712607658636
leaf_weight=1997695 1034 21358 24762 5637 1125 3232 448 5332 113218 635 6250 1706 1243 843664
leaf_count=1997695 1034 21358 24762 5637 1125 3232 448 5332 113218 635 6250 1706 1243 843664
internal_value=1.41575e-06 0.0344883 0.0294449 0.0561263 -0.0256793 -0.105056 0.0361908 0.0888376 -0.000730772 0.00288415 -0.124407 -0.352138 -0.674391 -0.00831482
internal_weight=3.02734e+06 62928 61894 40536 15774 9317 3680 6457 2.96441e+06 2.00753e+06 9834 3584 1878 956882
internal_count=3027339 62928 61894 40536 15774 9317 3680 6457 2964411 2007529 9834 3584 1878 956882
is_linear=0
shrinkage=0.02


Tree=239
num_leaves=15
num_cat=0
split_feature=17 13 17 17 0 9 9 0 17 13 9 17 13 9
split_gain=189855 187217 753745 514398 455586 298429 289063 253549 202841 230943 199205 194463 176082 128396
threshold=0.072292223572731032 8.5000000000000018 0.57404530048370372 0.62830656766891491 2689.5000000000005 0.07535238936543466 -0.62499999999999989 6238.5000000000009 0.74596279859542858 -5.9000000953674308 -0.90470352768897999 0.74596279859542858 1.1000000238418581 -0.72804987430572499
decision_type=2 2 2 2 2 2 2 2 2 2 2 2 2 2
left_child=-1 3 -3 10 -4 7 8 -6 -5 -10 -2 -7 -8 -12
right_child=1 2 4 6 5 11 12 -9 9 -11 13 -13 -14 -15
leaf_value=0.064244952911110237 -0.11140819510374678 -0.0015789924305891385 -0.017997674285084361 0.074230911284477757 -0.04665531289906661 -0.13586118150756549 0.039150042638772677 -0.30354457109106103 0.13551709137824619 0.44291115083334165 0.031952194370376844 -0.31165161547510012 -0.02853982632169659 -0.00010231870420263475
leaf_weight=18279 6345 842488 51837 18268 27067 17588 89388 1620 3676 1330 51342 2939 18556 1876616
leaf_count=18279 6345 842488 51837 18268 27067 17588 89388 1620 3676 1330 51342 2939 18556 1876616
internal_value=1.36556e-06 -0.000389098 -0.00777017 0.00298262 -0.0593821 -0.102959 0.0413015 -0.0612637 0.105216 0.21791 0.000382956 -0.161171 0.0275121 0.000751452
internal_weight=3.02734e+06 3.00906e+06 943539 2.06552e+06 101051 49214 131218 28687 23274 5006 1.9343e+06 20527 107944 1.92796e+06
internal_count=3027339 3009060 943539 2065521 101051 49214 131218 28687 23274 5006 1934303 20527 107944 1927958
is_linear=0
shrinkage=0.02


Tree=240
num_leaves=15
num_cat=0
split_feature=17 0 9 0 9 3 8 0 8 17 0 0 9 8
split_gain=182340 183176 180621 428400 501125 515173 524942 417259 513830 382736 341930 263049 487037 410275
threshold=0.072292223572731032 7400.5000000000009 -0.30041404068469996 836.50000000000011 -0.47990448772907252 4.7254962921142587 0.78062468767166149 5918.5000000000009 0.9084724783897401 0.69637182354927074 5223.5000000000009 1858.5000000000002 0.74242034554481517 0.99591365456581127
decision_type=2 2 2 2 2 2 2 2 2 2 2 2 2 2
left_child=-1 2 3 -2 5 6 -5 -6 -9 -7 -8 13 -13 -4
right_child=1 -3 11 4 7 9 10 8 -10 -11 -12 12 -14 -15
leaf_value=0.062960756540045779 -0.019042541820832117 -0.058664678338346779 0.012232742265844938 0.031638171055745637 0.039732348486057507 -0.017665261082850822 -0.021119183652467424 0.12846201739594082 -0.16372175979524278 0.10818179405770599 0.089118661195586382 -0.012603933481825411 0.096635410019397558 -0.035213768038723281
leaf_weight=18279 236965 21406 535447 319797 256881 368638 147870 3343 8537 9917 12172 987118 16590 84379
leaf_count=18279 236965 21406 535447 319797 256881 368638 147870 3343 8537 9917 12172 987118 16590 84379
internal_value=1.32653e-06 -0.000381332 3.64463e-05 0.00540123 0.0105403 0.00307816 0.01684 0.0343723 -0.0814615 -0.0143656 -0.0127299 -0.00447113 -0.0107974 0.00577319
internal_weight=3.02734e+06 3.00906e+06 2.98765e+06 1.36412e+06 1.12716e+06 858394 479839 268761 11880 378555 160042 1.62353e+06 1.00371e+06 619826
internal_count=3027339 3009060 2987654 1364120 1127155 858394 479839 268761 11880 378555 160042 1623534 1003708 619826
is_linear=0
shrinkage=0.02


Tree=241
num_leaves=15
num_cat=0
split_feature=7 7 7 7 7 8 8 8 7 7 8 6 8 7
split_gain=227128 1.03973e+06 861094 1.05207e+06 979035 1.4346e+06 2.38498e+06 816872 1.66928e+06 787212 771974 2.43126e+06 749574 739642
threshold=12535.058593750002 12629.550292968752 12169.453125000002 12043.893554687502 12205.039550781252 -0.8594742715358733 -0.99391409754753102 0.70960983633995067 12723.007324218752 12478.809082031252 0.99276980757713329 80.747592926025405 0.91719016432762157 12073.221679687502
decision_type=2 2 2 2 2 2 2 2 2 2 2 2 2 2
left_child=2 -2 3 -1 5 6 -4 -3 -9 -6 -7 -12 -11 -5
right_child=1 7 4 13 9 10 -8 8 -10 12 11 -13 -14 -15
leaf_value=0.0017856768092903441 -0.065890618497110906 0.050403948850388861 0.019850810528917028 -0.097289522152525634 -0.014693593382686781 0.0019219212565011622 0.47112620150572154 0.073246923183509088 -0.11390065435186189 0.096439538491584098 0.031055636664213872 0.5713783178106987 -0.044917211551790875 -0.018206575082056951
leaf_weight=2210072 108109 100513 9360 71399 154200 45232 9370 32730 45632 61789 14649 4302 19810 140172
leaf_count=2210072 108109 100513 9360 71399 154200 45232 9370 32730 45632 61789 14649 4302 19810 140172
internal_value=1.31591e-06 -0.0169265 0.00177414 -0.0022931 0.0326771 0.0917867 0.245741 0.0126685 -0.0357338 0.0118896 0.0468278 0.15395 0.0621205 -0.0448982
internal_weight=3.02734e+06 286984 2.74036e+06 2.42164e+06 318712 82913 18730 178875 78362 235799 64183 18951 81599 211571
internal_count=3027339 286984 2740355 2421643 318712 82913 18730 178875 78362 235799 64183 18951 81599 211571
is_linear=0
shrinkage=0.02


Tree=242
num_leaves=15
num_cat=0
split_feature=5 6 4 1 5 8 8 5 8 1 4 8 8 8
split_gain=185789 259383 243055 969285 709477 353043 894460 308189 280633 275851 348416 342103 210659 203251
threshold=0.057499999180436141 135.4106140136719 253.78499603271487 66.258960723876967 0.032499999739229686 0.74837565422058117 0.7692478895187379 0.027499999850988392 0.96999460458755504 94.94791412353517 -190.46500396728513 -0.9994668960571288 -0.71333315968513478 0.95380857586860668
decision_type=2 2 2 2 2 2 2 2 2 2 2 2 2 2
left_child=2 -2 9 4 -4 -5 7 -7 -8 13 11 -11 -13 -1
right_child=1 -3 3 5 -6 6 8 -9 -10 10 -12 12 -14 -15
leaf_value=0.0056155267772852067 0.013067120413750993 0.13075310737793683 -0.86597457977813208 0.1519224685861798 -0.090342654348851109 -0.87032276323240687 -0.035994382630357806 -0.12180456615493683 0.50352044262236828 0.19001699338244635 -0.0075351624114406461 -0.088980898256074317 0.22339895873319091 -0.015179299298397219
leaf_weight=1666559 233296 7730 1008 3386 884 701 4062 324 416 1941 857542 36707 875 211908
leaf_count=1666559 233296 7730 1008 3386 884 701 4062 324 416 1941 857542 36707 875 211908
internal_value=1.35345e-06 0.0168468 -0.00145589 -0.0961905 -0.505967 -0.00849791 -0.107305 -0.6372 0.0151316 -0.00108756 -0.0102115 -0.068263 -0.0816499 0.0032696
internal_weight=3.02734e+06 241026 2.78631e+06 10781 1892 8889 5503 1025 4478 2.77553e+06 897065 39523 37582 1.87847e+06
internal_count=3027339 241026 2786313 10781 1892 8889 5503 1025 4478 2775532 897065 39523 37582 1878467
is_linear=0
shrinkage=0.02


Tree=243
num_leaves=15
num_cat=0
split_feature=5 6 9 6 9 8 6 8 3 9 8 9 3 5
split_gain=178884 214103 191289 186468 622815 554263 416323 319877 230289 209748 189470 580873 708360 201443
threshold=0.062499998137354858 135.4106140136719 -0.90470352768897999 110.03726196289064 -0.72323438525199879 -0.844174563884735 151.35574340820315 -0.95380857586860646 0.92187789082527172 0.25251799821853643 0.95380857586860668 0.20284801721572879 4.7254962921142587 0.047500001266598708
decision_type=2 2 2 2 2 2 2 2 2 2 2 2 2 2
left_child=2 -2 -1 7 -5 6 9 -4 -7 -6 -9 -12 13 -13
right_child=1 -3 3 4 5 8 -8 10 -10 -11 11 12 -14 -15
leaf_value=-0.097568454978436234 0.015293699846022104 0.13273322563870935 -0.019940248425831517 0.12839735238256084 0.001159913302213431 -0.45340909942808355 0.3627707298893143 0.0057327545170444963 -0.027215215818515222 0.098466103793395682 -0.0052441693406351485 -0.31426345566221242 0.0010446050147393806 0.096185944673852788
leaf_weight=8206 168775 6437 260161 11833 23306 498 1640 1936192 313553 14287 268430 6302 7206 513
leaf_count=8206 168775 6437 260161 11833 23306 498 1640 1936192 313553 14287 268430 6302 7206 513
internal_value=1.26811e-06 0.0196157 -0.00120374 -0.000925338 -0.0142689 -0.019051 0.0518163 0.00104015 -0.0279055 0.0381574 0.00350043 -0.0118017 -0.13725 -0.283268
internal_weight=3.02734e+06 175212 2.85213e+06 2.84392e+06 365117 353284 39233 2.4788e+06 314051 37593 2.21864e+06 282451 14021 6815
internal_count=3027339 175212 2852127 2843921 365117 353284 39233 2478804 314051 37593 2218643 282451 14021 6815
is_linear=0
shrinkage=0.02


Tree=244
num_leaves=15
num_cat=0
split_feature=16 9 9 3 17 8 17 16 16 17 17 9 13 17
split_gain=181653 181251 441915 377165 330220 271573 245406 351902 340791 294324 273350 418512 256020 290871
threshold=-23.100000381469723 -0.30041404068469996 -0.47990448772907252 5.0763630867004403 0.73045894503593456 0.78062468767166149 0.38841691613197332 -10.700000286102293 -1.6999999880790708 0.54900881648063671 0.51076588034629833 0.070003718137741103 2.6999999284744267 0.66194292902946483
decision_type=2 2 2 2 2 2 2 2 2 2 2 2 2 2
left_child=-1 2 3 5 -5 -2 8 9 -3 -8 -9 -12 -13 -14
right_child=1 6 -4 4 -6 -7 7 10 -10 -11 11 12 13 -15
leaf_value=0.021992897089621512 0.016475109121356742 -0.013174474039289626 0.025281503676813158 -0.020140379021016192 0.1308418535400124 -0.011873906566208577 -0.0060284767833639012 -0.010828754917409825 0.013847335565036681 0.047149300002286426 -0.00092444316380595637 -0.026252744817902119 -0.06098797864136464 -0.14927649193223494
leaf_weight=143127 426839 323112 309615 372961 5876 197795 142064 384934 442136 58878 76315 57640 66824 19223
leaf_count=143127 426839 323112 309615 372961 5876 197795 142064 384934 442136 58878 76315 57640 66824 19223
internal_value=1.238e-06 -0.00109015 0.00439405 -0.00205082 -0.0177951 0.0074981 -0.00567364 -0.0133761 0.00243782 0.00955461 -0.0209931 -0.038776 -0.0588782 -0.080727
internal_weight=3.02734e+06 2.88421e+06 1.31309e+06 1.00347e+06 378837 624634 1.57113e+06 805878 765248 200942 604936 220002 143687 86047
internal_count=3027339 2884212 1313086 1003471 378837 624634 1571126 805878 765248 200942 604936 220002 143687 86047
is_linear=0
shrinkage=0.02


Tree=245
num_leaves=15
num_cat=0
split_feature=5 0 4 6 9 9 9 5 0 9 9 9 9 5
split_gain=174612 214077 333451 288396 374358 254408 337917 373599 250692 234399 219671 262544 226757 216912
threshold=0.082499999552965178 2192.5000000000005 166.83499908447268 95.695373535156264 -0.51891005039215077 -0.33046366274356836 -0.47990448772907252 0.12249999865889551 5435.5000000000009 -0.66327509284019459 -0.66576555371284474 -0.69954469799995411 -0.72804987430572499 0.092500001192092909
decision_type=2 2 2 2 2 2 2 2 2 2 2 2 2 2
left_child=-1 -2 5 4 8 6 7 10 -4 -10 11 12 -3 -8
right_child=1 2 3 -5 -6 -7 13 -9 9 -11 -12 -13 -14 -15
leaf_value=-0.00056939701880616379 -0.02112786094751281 0.21561018695043327 -0.35257824121036857 0.10061739996354004 0.064819232317823328 -0.05023063593236099 0.18582990748023925 -0.42411002034046613 -0.24470141743960447 0.35931112326567993 0.047741782058187437 0.3931509108681025 -0.19824574927357719 0.53895610585482301
leaf_weight=2985219 14703 1872 2382 5450 3026 2500 1401 478 574 449 4858 2294 728 1405
leaf_count=2985219 14703 1872 2382 5450 3026 2500 1401 478 574 449 4858 2294 728 1405
internal_value=1.20981e-06 0.0404335 0.0734436 -0.00631964 -0.0969629 0.134408 0.16983 0.116283 -0.240512 0.0212954 0.14318 0.237621 0.0994073 0.363938
internal_weight=3.02734e+06 42120 27417 11881 6431 15536 13036 10230 3405 1023 9752 4894 2600 2806
internal_count=3027339 42120 27417 11881 6431 15536 13036 10230 3405 1023 9752 4894 2600 2806
is_linear=0
shrinkage=0.02


Tree=246
num_leaves=15
num_cat=0
split_feature=7 7 7 9 9 7 7 7 7 7 0 7 0 9
split_gain=222272 1.25566e+06 744848 1.42969e+06 1.23537e+06 1.01928e+06 864952 742191 1.10071e+06 872197 1.18888e+06 726995 944964 1.25798e+06
threshold=12544.754394531252 12629.550292968752 12723.007324218752 -0.68669712543487538 -0.05255246348679065 12805.279296875002 12680.433105468752 12158.952636718752 12043.893554687502 12205.039550781252 6008.5000000000009 12785.869140625002 2769.5000000000005 -0.58503037691116322
decision_type=2 2 2 2 2 2 2 2 2 2 2 2 2 2
left_child=7 -2 3 6 11 -6 -3 8 -1 10 -9 12 -4 -14
right_child=1 2 4 -5 5 -7 -8 9 -10 -11 -12 -13 13 -15
leaf_value=0.0017655989014973518 -0.081351738846186156 0.52160690701784307 -0.055707640787938793 0.037219907029129813 0.096645975162672287 -0.096353793747698938 0.0024844936130052763 0.068659340739907995 -0.047222593486183718 0.0097848762849647251 0.49736109581738541 0.012518490014366165 0.11054889058677141 -0.35407462180149701
leaf_weight=2210072 84004 4166 24240 53757 44148 14544 1854 91768 200063 259904 2653 21738 2917 11511
leaf_count=2210072 84004 4166 24240 53757 44148 14544 1854 91768 200063 259904 2653 21738 2917 11511
internal_value=1.22621e-06 -0.0175723 0.0123828 0.0699835 -0.0165312 0.0488116 0.362004 0.0016724 -0.00230103 0.0286993 0.0807564 -0.0800178 -0.132029 -0.260126
internal_weight=3.02734e+06 262879 178875 59777 119098 58692 6020 2.76446e+06 2.41014e+06 354325 94421 60406 38668 14428
internal_count=3027339 262879 178875 59777 119098 58692 6020 2764460 2410135 354325 94421 60406 38668 14428
is_linear=0
shrinkage=0.02


Tree=247
num_leaves=15
num_cat=0
split_feature=0 9 0 9 3 8 0 8 5 0 5 6 0 9
split_gain=174673 179689 426649 478465 470059 488586 387291 506115 370582 329211 313262 316542 228076 486979
threshold=7400.5000000000009 -0.30794906616210932 836.50000000000011 -0.47990448772907252 4.7254962921142587 0.78062468767166149 5918.5000000000009 0.9084724783897401 0.087500002235174193 5223.5000000000009 0.072500001639127745 101.75041580200197 1858.5000000000002 0.74242034554481517
decision_type=2 2 2 2 2 2 2 2 2 2 2 2 2 2
left_child=1 2 -1 4 5 -4 8 -8 -5 -7 -6 -12 -3 -14
right_child=-2 12 3 6 10 9 7 -9 -10 -11 11 -13 13 -15
leaf_value=-0.018654992401484265 -0.05638526282637938 0.0054418094996482036 0.031032508897666743 0.036569010580885089 -0.018259224574033034 -0.019906021284735873 0.12823808629821509 -0.16134582053467017 0.22909617931248225 0.087871932937105574 -0.00017866727700613003 0.1337084109494015 -0.011700474741118422 0.096925392443394986
leaf_weight=236379 21807 626494 321674 248398 350615 148405 3385 8354 4055 12264 19404 11096 998233 16776
leaf_count=236379 21807 626494 321674 248398 350615 148405 3385 8354 4055 12264 19404 11096 998233 16776
internal_value=1.25003e-06 0.000410562 0.00577517 0.0108964 0.00368999 0.0168069 0.0344479 -0.0778031 0.0396705 -0.0116742 -0.0129108 0.0485571 -0.00404722 -0.00990416
internal_weight=3.02734e+06 3.00553e+06 1.36403e+06 1.12765e+06 863458 482343 264192 11739 252453 160669 381115 30500 1.6415e+06 1.01501e+06
internal_count=3027339 3005532 1364029 1127650 863458 482343 264192 11739 252453 160669 381115 30500 1641503 1015009
is_linear=0
shrinkage=0.02


Tree=248
num_leaves=15
num_cat=0
split_feature=7 7 7 6 0 7 0 7 7 4 7 7 0 7
split_gain=221899 439895 563713 1.17143e+06 555803 310596 292776 561833 322480 2.13655e+06 870688 615693 678811 621536
threshold=10065.734863281252 10619.391601562502 10679.781738281252 63.714874267578132 2013.5000000000002 10640.455566406252 7400.5000000000009 12189.963378906252 10775.280273437502 -46.995000839233391 10759.808593750002 10814.940429687502 4996.5000000000009 10889.665527343752
decision_type=2 2 2 2 2 2 2 2 2 2 2 2 2 2
left_child=-1 -2 3 -3 -5 -6 8 -8 9 10 -4 12 -10 -13
right_child=1 2 6 4 5 -7 7 -9 11 -11 -12 13 -14 -15
leaf_value=0.086130324756668181 -0.070525723735657589 -0.097964065635421954 0.44705162912299112 -0.071930470765045135 0.33937672188925205 0.1540444377317762 -0.1045705163801549 0.49841145844474394 -0.063488347867266273 -0.016876167836448668 0.13181786752191443 0.050319773180927369 0.28355024721388278 -0.0011585569566645319
leaf_weight=11908 35291 10336 5794 3641 4668 16162 16722 632 82610 51670 8880 97210 2308 2679507
leaf_count=11908 35291 10336 5794 3641 4668 16162 16722 632 82610 51670 8880 97210 2308 2679507
internal_value=1.25559e-06 -0.000339148 0.000492233 0.0804962 0.155884 0.195721 -0.000453492 -0.0823355 3.20922e-05 0.0436204 0.256508 -0.000978599 -0.0540236 0.000643814
internal_weight=3.02734e+06 3.01543e+06 2.98014e+06 34807 24471 20830 2.94533e+06 17354 2.92798e+06 66344 14674 2.86164e+06 84918 2.77672e+06
internal_count=3027339 3015431 2980140 34807 24471 20830 2945333 17354 2927979 66344 14674 2861635 84918 2776717
is_linear=0
shrinkage=0.02


Tree=249
num_leaves=15
num_cat=0
split_feature=7 7 4 7 0 7 4 7 4 4 7 3 4 7
split_gain=213419 1.20377e+06 1.0282e+06 1.04866e+06 957685 712653 2.56717e+06 1.0487e+06 693974 666780 1.17409e+06 1.00492e+06 663042 641981
threshold=12544.754394531252 12629.550292968752 100.98500061035158 12680.433105468752 3154.5000000000005 12158.952636718752 -146.71500396728513 12043.893554687502 197.09500122070315 -29.404999732971188 12805.279296875002 4.4513583183288583 -164.48500061035153 12073.221679687502
decision_type=2 2 2 2 2 2 2 2 2 2 2 2 2 2
left_child=5 -2 3 4 -3 7 -7 -1 -4 10 11 -5 -13 -9
right_child=1 2 8 9 -6 6 -8 13 -10 -11 -12 12 -14 -15
leaf_value=0.0017147198269033444 -0.079666187288277152 0.06451261386140017 -0.15565552295827473 0.031332304263311767 0.31181356299156676 0.24516594455662524 0.014769713041653199 -0.094191870360984378 0.07585634793599981 -0.035389388315046157 -0.10327776542131745 0.77471508434919645 0.20409394980390561 -0.019410424859021433
leaf_weight=2210072 84004 20744 21185 24341 8968 20525 333800 71399 6847 67176 13395 852 15367 128664
leaf_count=2210072 84004 20744 21185 24341 8968 20525 333800 71399 6847 67176 13395 852 15367 128664
internal_value=1.33381e-06 -0.0172187 0.0121108 0.032783 0.139236 0.00163889 0.0281225 -0.00225467 -0.0990996 0.00666182 0.0590144 0.112624 0.234529 -0.0461021
internal_weight=3.02734e+06 262879 178875 150843 29712 2.76446e+06 354325 2.41014e+06 28032 121131 53955 40560 16219 200063
internal_count=3027339 262879 178875 150843 29712 2764460 354325 2410135 28032 121131 53955 40560 16219 200063
is_linear=0
shrinkage=0.02


Tree=250
num_leaves=15
num_cat=0
split_feature=7 7 7 8 7 0 0 7 7 8 0 7 7 8
split_gain=212946 422905 540933 1.26238e+06 473549 294972 282012 531898 309211 875861 853116 877818 592139 864364
threshold=10065.734863281252 10619.391601562502 10679.781738281252 0.6970425844192506 10640.455566406252 1974.5000000000002 7400.5000000000009 12189.963378906252 10775.280273437502 -0.68419089913368214 1954.5000000000002 10759.808593750002 10814.940429687502 0.69195944070816051
decision_type=2 2 2 2 2 2 2 2 2 2 2 2 2 2
left_child=-1 -2 3 -3 -5 -6 8 -8 9 10 -4 -12 13 -10
right_child=1 2 6 4 5 -7 7 -9 12 -11 11 -13 -14 -15
leaf_value=0.084374897975819971 -0.069149893526195771 -0.10728466674023882 0.017756274218926681 0.33060209973080384 -0.075107176835158412 0.14442850450139527 -0.10244039148508143 0.48425962194011218 -0.128323153523489 -0.013012064111657654 0.4823131774528131 0.13029265130128387 0.00063464459137800035 0.0010536149439764396
leaf_weight=11908 35291 10267 12097 4985 2862 16693 16722 632 35458 41778 4353 8116 2776717 49460
leaf_count=11908 35291 10267 12097 4985 2862 16693 16722 632 35458 41778 4353 8116 2776717 49460
internal_value=1.38907e-06 -0.000332076 0.000483092 0.0788538 0.156743 0.112275 -0.000443327 -0.0808061 3.32478e-05 0.0427154 0.137455 0.253475 -0.000956432 -0.0529769
internal_weight=3.02734e+06 3.01543e+06 2.98014e+06 34807 24540 19555 2.94533e+06 17354 2.92798e+06 66344 24566 12469 2.86164e+06 84918
internal_count=3027339 3015431 2980140 34807 24540 19555 2945333 17354 2927979 66344 24566 12469 2861635 84918
is_linear=0
shrinkage=0.02


Tree=251
num_leaves=15
num_cat=0
split_feature=16 5 0 4 9 0 0 4 4 4 9 5 4 0
split_gain=171947 182300 571323 327408 653718 464989 444088 365136 300132 271869 258062 236898 231616 1.06705e+06
threshold=-23.100000381469723 -0.032499999739229672 1620.5000000000002 -63.635000228881829 0.75889986753463756 2789.5000000000005 3702.5000000000005 -146.71500396728513 49.114999771118171 -105.83499908447264 0.60596671700477611 -0.057499999180436127 -179.65499877929685 4202.5000000000009
decision_type=2 2 2 2 2 2 2 2 2 2 2 2 2 2
left_child=-1 2 9 4 5 7 -6 -4 -5 10 -2 -9 13 -3
right_child=1 12 3 8 6 -7 -8 11 -10 -11 -12 -13 -14 -15
leaf_value=0.021397484639055681 0.99903997308043047 0.38342549458801573 0.25297977646518233 -0.080032205224841488 0.69794283145398905 -0.032818097402132707 -0.03716478524025104 -0.042451301161014685 0.16601665334091087 0.015869611379068397 0.061200318246855775 0.030267643392077832 0.00066382499823780603 0.018082899876821185
leaf_weight=143127 209 3465 2572 51046 846 262746 532 23953 2054 200007 256 71045 2225384 40097
leaf_count=143127 209 3465 2572 51046 846 262746 532 23953 2054 200007 256 71045 2225384 40097
internal_value=1.43954e-06 -0.00106039 -0.0107161 -0.0241143 -0.0173049 -0.0189732 0.415905 0.0183091 -0.0704848 0.0170055 0.494924 0.0119294 0.00155797 0.0472247
internal_weight=3.02734e+06 2.88421e+06 615266 414794 361694 360316 1378 97570 53100 200472 465 94998 2.26895e+06 43562
internal_count=3027339 2884212 615266 414794 361694 360316 1378 97570 53100 200472 465 94998 2268946 43562
is_linear=0
shrinkage=0.02


Tree=252
num_leaves=15
num_cat=0
split_feature=17 0 6 10 14 11 14 0 3 0 0 14 6 10
split_gain=166806 163139 149358 115675 202631 119077 109694 265912 175722 106015 99885.6 98942.6 98580.4 111981
threshold=0.072292223572731032 7400.5000000000009 34.687686920166023 -1.0000000180025095e-35 0.7640318274497987 0.77159741520881664 0.71345472335815441 3301.5000000000005 0.92187789082527172 5223.5000000000009 875.50000000000011 0.55107694864273082 71.478870391845717 -6.2999999523162833
decision_type=2 2 2 2 2 2 2 2 2 2 2 2 2 2
left_child=10 2 -2 4 5 9 -5 -8 -9 -4 -1 -12 -3 -14
right_child=1 12 3 6 -6 -7 7 8 -10 -11 11 -13 13 -15
leaf_value=-0.055695970778102177 -0.069423704785603904 -0.1733191827511264 -0.0044008754935755982 -0.001930830644141396 0.042533191554381421 0.0094423183649499903 0.00044229014103600939 -0.48258761635891684 -0.05811695541559337 0.025922003152470532 0.051660864888910273 0.17109289198493652 0.031800365912938687 -0.072805469589122124
leaf_weight=2551 12324 2494 701933 1433773 53726 618205 75931 384 42025 49353 12134 3594 5980 12932
leaf_count=2551 12324 2494 701933 1433773 53726 618205 75931 384 42025 49353 12134 3594 5980 12932
internal_value=1.5737e-06 -0.000364421 2.98456e-05 0.000317766 0.00443597 0.00294108 -0.00345843 -0.0219645 -0.0620737 -0.00240858 0.0602193 0.0790449 -0.0553677 -0.0397286
internal_weight=3.02734e+06 3.00906e+06 2.98765e+06 2.97533e+06 1.42322e+06 1.36949e+06 1.55211e+06 118340 42409 751286 18279 15728 21406 18912
internal_count=3027339 3009060 2987654 2975330 1423217 1369491 1552113 118340 42409 751286 18279 15728 21406 18912
is_linear=0
shrinkage=0.02


Tree=253
num_leaves=15
num_cat=0
split_feature=7 7 7 4 8 8 7 7 7 7 7 7 8 7
split_gain=211517 1.28514e+06 829312 714129 1.1219e+06 920423 880235 2.91283e+06 1.17923e+06 863610 1.2412e+06 789992 771658 1.01242e+06
threshold=11203.090820312502 11310.526855468752 11365.239746093752 134.48500061035159 0.85482841730117809 -0.9504232108592986 12229.861328125002 12499.051757812502 12238.857910156252 12723.007324218752 12753.250976562502 12208.447753906252 0.9514024853706361 11749.025390625002
decision_type=2 2 2 2 2 2 2 2 2 2 2 2 2 2
left_child=-1 -2 -3 5 6 -4 11 8 -8 -9 -11 -5 -7 -14
right_child=1 2 3 4 -6 12 7 9 -10 10 -12 -13 13 -15
leaf_value=0.0066228744240339702 -0.04861053569581536 0.052318084422515156 -0.033431341179096061 -0.068910542149341988 -0.0026156877383949062 0.01813800147720411 -0.32749417391002916 -0.020714459500119561 -1.222973438979009 -0.7426152229005526 -0.13757404314158347 0.51656483949998677 -0.13466190697030775 -0.0063995938939978049
leaf_weight=1178523 228599 121403 229976 39449 111386 911408 999 11263 1455 1875 4858 934 29219 155992
leaf_count=1178523 228599 121403 229976 39449 111386 911408 999 11263 1455 1875 4858 934 29219 155992
internal_value=1.50329e-06 -0.00421927 0.00204421 -0.00202825 -0.0403424 0.00294595 -0.109408 -0.216287 -0.861249 -0.127907 -0.30692 -0.0552443 0.010575 -0.0266406
internal_weight=3.02734e+06 1.84882e+06 1.62022e+06 1.49881e+06 172219 1.3266e+06 60833 20450 2454 17996 6733 40383 1.09662e+06 185211
internal_count=3027339 1848816 1620217 1498814 172219 1326595 60833 20450 2454 17996 6733 40383 1096619 185211
is_linear=0
shrinkage=0.02


Tree=254
num_leaves=15
num_cat=0
split_feature=9 9 14 3 4 9 4 13 1 9 4 9 10 14
split_gain=164606 393375 392688 412381 744469 340477 292692 275666 255265 284231 664456 597054 219138 380157
threshold=-0.30794906616210932 -0.47990448772907252 0.72887307405471813 5.0763630867004403 172.26499938964847 -0.62102523446083058 284.38999938964849 14.09999990463257 66.602512359619155 -0.52661553025245655 253.78499603271487 -0.65761160850524891 0.30000000447034841 0.71345472335815441
decision_type=2 2 2 2 2 2 2 2 2 2 2 2 2 2
left_child=1 2 3 4 -1 7 -5 -4 9 10 -6 -12 -2 -14
right_child=12 -3 5 6 8 -7 -8 -9 -10 -11 11 -13 13 -15
leaf_value=0.014303597586239088 0.0031469091106251725 0.024489758041965258 0.10970597910208384 -0.022596429316564918 -0.11649757799992128 -0.020217926759180865 0.11703123785819429 -0.025367432308635234 -0.03701844478490697 0.071092095208973999 -0.1384871477304038 -0.97219808860494195 -0.0073271245139469813 -0.055708864715741935
leaf_weight=546732 814097 321257 31387 368029 8468 18656 6095 7480 61553 2134 642 739 769124 70946
leaf_count=546732 814097 321257 31387 368029 8468 18656 6095 7480 61553 2134 642 739 769124 70946
internal_value=1.32997e-06 0.00511989 -0.000795862 -0.00373512 0.00626757 0.0500062 -0.0203186 0.0837106 -0.0534729 -0.137892 -0.183201 -0.588418 -0.00424773 -0.0114137
internal_weight=3.02734e+06 1.37317e+06 1.05192e+06 994392 620268 57523 374124 38867 73536 11983 9849 1381 1.65417e+06 840070
internal_count=3027339 1373172 1051915 994392 620268 57523 374124 38867 73536 11983 9849 1381 1654167 840070
is_linear=0
shrinkage=0.02


Tree=255
num_leaves=15
num_cat=0
split_feature=5 6 4 1 5 8 8 5 8 1 4 8 8 9
split_gain=166213 233965 229006 901556 665997 336618 858044 297519 269247 261331 349723 312029 294832 210895
threshold=0.057499999180436141 130.3179626464844 253.78499603271487 66.258960723876967 0.032499999739229686 0.74837565422058117 0.7692478895187379 0.027499999850988392 0.96999460458755504 92.062114715576186 -190.46500396728513 -0.9994668960571288 -0.71333315968513478 -0.68151110410690297
decision_type=2 2 2 2 2 2 2 2 2 2 2 2 2 2
left_child=2 -2 9 4 -4 -5 7 -7 -8 -1 11 -11 -13 -3
right_child=1 13 3 5 -6 6 8 -9 -10 10 -12 12 -14 -15
leaf_value=0.0037387159761586865 0.011600879448083141 0.19989359574212359 -0.83733353924745457 0.1478856916037575 -0.08586690673527779 -0.85328330073510883 -0.035399035716763977 -0.11790372375956552 0.49305833109107938 0.17914162986442855 -0.0064513354481512556 -0.083035771890206028 0.23199785508971033 0.02507241998385026
leaf_weight=1733436 229918 5106 1008 3386 884 701 4062 324 416 2025 996341 42517 1213 6002
leaf_count=1733436 229918 5106 1008 3386 884 701 4062 324 416 2025 996341 42517 1213 6002
internal_value=1.23311e-06 0.0159345 -0.0013771 -0.0933331 -0.488533 -0.00875902 -0.10524 -0.624236 0.0146787 -0.00101957 -0.00893455 -0.0629943 -0.0742457 0.105542
internal_weight=3.02734e+06 241026 2.78631e+06 10781 1892 8889 5503 1025 4478 2.77553e+06 1.0421e+06 45755 43730 11108
internal_count=3027339 241026 2786313 10781 1892 8889 5503 1025 4478 2775532 1042096 45755 43730 11108
is_linear=0
shrinkage=0.02


Tree=256
num_leaves=15
num_cat=0
split_feature=16 5 0 8 5 17 16 8 0 8 0 6 3 6
split_gain=162496 170639 545247 325930 405407 305825 216825 213582 342789 297608 358681 263336 200597 214694
threshold=-23.100000381469723 -0.032499999739229672 1641.5000000000002 -0.65938973426818837 -0.052500000223517411 0.36316201090812689 -16.89999961853027 -0.96664980053901661 2052.5000000000005 -0.844174563884735 1246.5000000000002 42.53692817687989 2.2360858917236333 108.55185699462892
decision_type=2 2 2 2 2 2 2 2 2 2 2 2 2 2
left_child=-1 2 -2 5 -5 -4 -7 8 -3 10 -9 -12 -13 -14
right_child=1 7 3 4 -6 6 -8 9 -10 -11 11 12 13 -15
leaf_value=0.020800880975558982 0.016428658924599677 0.013685345976515939 -0.0040558590123934805 0.37989424003813627 0.025348056129757334 0.0094106774644776708 -0.046847651879113369 -0.02502461149529522 -0.051240226145722614 0.0010680443304474558 -0.17661400557086984 0.14739424252467845 0.038169493759428207 0.16536839849545573
leaf_weight=143127 203292 57346 156650 1695 5308 31360 216961 33946 75139 1998383 2005 8480 88007 5640
leaf_count=143127 203292 57346 156650 1695 5308 31360 216961 33946 75139 1998383 2005 8480 88007 5640
internal_value=1.16042e-06 -0.00103107 -0.0103729 -0.0235985 0.111584 -0.0259389 -0.0397427 0.00150216 -0.0231382 0.00303026 0.0314268 0.0498302 0.0542929 0.0458472
internal_weight=3.02734e+06 2.88421e+06 615266 411974 7003 404971 248321 2.26895e+06 132485 2.13646e+06 138078 104132 102127 93647
internal_count=3027339 2884212 615266 411974 7003 404971 248321 2268946 132485 2136461 138078 104132 102127 93647
is_linear=0
shrinkage=0.02


Tree=257
num_leaves=15
num_cat=0
split_feature=17 13 17 17 0 16 16 9 0 1 0 1 9 14
split_gain=158732 164902 690107 464514 421340 353270 287455 285858 226142 271531 217306 188040 185753 168278
threshold=0.072292223572731032 8.5000000000000018 0.56281241774559032 0.62830656766891491 2689.5000000000005 -2.1000000238418575 6.9000000953674325 0.20284801721572879 976.50000000000011 64.040943145751967 6238.5000000000009 61.007989883422859 -0.90470352768897999 0.61752086877822887
decision_type=2 2 2 2 2 2 2 2 2 2 2 2 2 2
left_child=-1 3 -3 12 -4 -6 8 10 -5 -10 -7 -9 -2 -14
right_child=1 2 4 6 5 7 -8 11 9 -11 -12 -13 13 -15
leaf_value=0.058743463506130342 -0.10761251282294165 -0.00098658244407421117 -0.016295676454761807 -0.007563558306948711 0.038320455071336461 -0.061285221465766836 -0.027783625090851069 0.0010754754321619171 -0.01160948092166612 0.081719067444679827 -0.31468904971901263 -0.19746625169989809 -0.0024325894050775099 0.011860421397044825
leaf_weight=18279 6345 830945 58135 20523 7051 27386 21422 2158 14981 74292 1415 16449 1506225 421733
leaf_count=18279 6345 830945 58135 20523 7051 27386 21422 2158 14981 74292 1415 16449 1506225 421733
internal_value=1.17168e-06 -0.000355855 -0.00728308 0.00280854 -0.0537469 -0.0937154 0.0392221 -0.113358 0.0522969 0.0660577 -0.0738406 -0.174451 0.000338146 0.000693984
internal_weight=3.02734e+06 3.00906e+06 943539 2.06552e+06 112594 54459 131218 47408 109796 89273 28801 18607 1.9343e+06 1.92796e+06
internal_count=3027339 3009060 943539 2065521 112594 54459 131218 47408 109796 89273 28801 18607 1934303 1927958
is_linear=0
shrinkage=0.02


Tree=258
num_leaves=15
num_cat=0
split_feature=16 4 8 8 10 8 8 8 8 4 8 4 1 4
split_gain=153668 147951 364680 465085 385120 334002 196071 165552 308791 134137 368484 418610 273963 247757
threshold=-23.100000381469723 -249.45500183105466 -0.95844322443008412 -0.9322390854358672 -6.7000000476837149 -0.71333315968513478 -0.75060239434242237 -0.89492630958557118 -0.91586777567863453 138.31500244140628 0.9969644844532014 178.21500396728518 60.511138916015632 172.26499938964847
decision_type=2 2 2 2 2 2 2 2 2 2 2 2 2 2
left_child=-1 2 -2 4 -4 6 7 8 -5 -3 12 -12 13 -11
right_child=1 9 3 5 -6 -7 -8 -9 -10 10 11 -13 -14 -15
leaf_value=0.020227979300548142 -0.32582475003678502 0.0010129339312809466 0.27526650894944366 -0.038913746250262116 -0.022295749779758994 0.35172667189921647 -0.29690122157909249 0.0063018700159219523 -0.31513557055077157 -0.018340552441418675 0.0088959839961028127 0.17960505695033535 -0.012670175076343106 -0.13740242716653403
leaf_weight=143127 1777 2514356 3005 4145 4110 632 2015 4813 2650 13909 20575 7963 290208 14054
leaf_count=143127 1777 2514356 3005 4145 4110 632 2015 4813 2650 13909 20575 7963 290208 14054
internal_value=1.11072e-06 -0.00100269 -0.0513524 -0.0283863 0.103586 -0.0942846 -0.11522 -0.0834527 -0.146946 -0.000595161 -0.0122569 0.0565761 -0.0184325 -0.0782086
internal_weight=3.02734e+06 2.88421e+06 23147 21370 7115 14255 13623 11608 6795 2.86106e+06 346709 28538 318171 27963
internal_count=3027339 2884212 23147 21370 7115 14255 13623 11608 6795 2861065 346709 28538 318171 27963
is_linear=0
shrinkage=0.02


Tree=259
num_leaves=15
num_cat=0
split_feature=9 0 4 0 4 6 6 4 9 9 4 9 0 0
split_gain=155566 393186 574145 838191 573797 629860 507081 536742 481880 727336 1.3562e+06 830178 743380 468355
threshold=-0.30794906616210932 836.50000000000011 147.99500274658206 3113.5000000000005 86.755001068115249 106.05419921875001 107.72320938110353 90.094997406005874 -0.35578875243663782 -0.51891005039215077 50.155000686645515 -0.45021446049213404 3994.5000000000005 1897.5000000000002
decision_type=2 2 2 2 2 2 2 2 2 2 2 2 2 2
left_child=1 -1 3 4 5 13 7 8 9 -5 11 -11 -13 -3
right_child=-2 2 -4 6 -6 -7 -8 -9 -10 10 -12 12 -14 -15
leaf_value=-0.018491804948917029 -0.0041296708546860027 0.010761302092185008 -0.016297706357232225 0.16262141043716505 -0.027991814107463521 -0.031280090259630466 -0.0054010929056525214 0.046912696834781178 0.3344124881790656 -0.94230157758303335 0.075882381898181667 0.29329627710140022 -0.96684729391069557 0.057814504079477462
leaf_weight=236379 1654167 233324 259170 24026 158497 89798 56930 169220 4128 945 7123 612 258 132762
leaf_count=236379 1654167 233324 259170 24026 158497 89798 56930 169220 4128 945 7123 612 258 132762
internal_value=1.06681e-06 0.00497709 0.00985724 0.0175811 0.00478686 0.0161834 0.0474404 0.0620212 0.130917 0.105339 -0.048647 -0.535114 -0.0871191 0.0278264
internal_weight=3.02734e+06 1.37317e+06 1.13679e+06 877623 614381 455884 263242 206312 37092 32964 8938 1815 870 366086
internal_count=3027339 1373172 1136793 877623 614381 455884 263242 206312 37092 32964 8938 1815 870 366086
is_linear=0
shrinkage=0.02


Tree=260
num_leaves=15
num_cat=0
split_feature=7 7 7 6 0 7 0 7 0 5 9 9 9 9
split_gain=212254 1.22235e+06 976610 730345 686676 612450 981141 779590 1.61267e+06 1.17932e+06 1.40133e+06 1.50946e+06 1.86307e+06 736825
threshold=11203.090820312502 11252.907714843752 11227.193847656252 116.64034652709962 5615.5000000000009 11057.007324218752 2571.5000000000005 10971.728027343752 3748.5000000000005 0.047500001266598708 -0.57933691143989552 0.58100306987762462 0.24076627939939502 0.70209196209907543
decision_type=2 2 2 2 2 2 2 2 2 2 2 2 2 2
left_child=5 2 3 -2 -4 7 -7 -1 -9 10 -10 12 -12 -13
right_child=1 -3 4 -5 -6 6 -8 8 9 -11 11 13 -14 -15
leaf_value=0.0087871456177089722 -0.0099694503256808047 0.001332019994651779 -0.11784251396695121 -0.15271935928103658 -0.61346846450685832 -0.001454583811493222 0.068772854996863711 -0.0008400517719681131 -0.32130459838271874 0.047222897137843479 0.043806357498607638 -0.20967798508228097 1.0226845344543458 0.091174692719487638
leaf_weight=643670 128939 1655379 47242 16120 1136 176677 144776 153161 15997 12815 5733 20955 890 3849
leaf_count=643670 128939 1655379 47242 16120 1136 176677 144776 153161 15997 12815 5733 20955 890 3849
internal_value=9.77086e-07 -0.00422715 -0.0517987 -0.0258424 -0.129605 0.00663388 0.0301755 -0.00219589 -0.0353225 -0.122981 -0.168975 -0.0913573 0.176695 -0.162974
internal_weight=3.02734e+06 1.84882e+06 193437 145059 48378 1.17852e+06 321453 857070 213400 60239 47424 31427 6623 24804
internal_count=3027339 1848816 193437 145059 48378 1178523 321453 857070 213400 60239 47424 31427 6623 24804
is_linear=0
shrinkage=0.02


Tree=261
num_leaves=15
num_cat=0
split_feature=17 13 17 17 0 9 9 0 17 13 14 9 18 14
split_gain=150927 157874 657265 444373 402774 257549 254502 228566 184520 240199 179271 178871 177554 162171
threshold=0.072292223572731032 8.5000000000000018 0.57404530048370372 0.62830656766891491 2689.5000000000005 -0.62499999999999989 0.07535238936543466 6238.5000000000009 0.76619762182235729 -7.0999999046325675 0.67665356397628795 -0.90470352768897999 0.076306343078613295 0.61752086877822887
decision_type=2 2 2 2 2 2 2 2 2 2 2 2 2 2
left_child=-1 3 -3 11 -4 8 7 -6 -5 -10 -8 -2 -7 -13
right_child=1 2 4 5 6 12 10 -9 9 -11 -12 13 -14 -15
leaf_value=0.057280944909345974 -0.10559942011501608 -0.0013438313124777177 -0.016409064816214642 0.074548222835765107 -0.043919042446506407 0.051859928451839024 -0.090318000261712147 -0.28782374154625495 0.12131721763516247 0.47636354161384203 -0.20866413080383064 -0.0023873363647014668 0.00053283880883232696 0.011643939130413698
leaf_weight=18279 6345 842488 51837 19679 27067 52183 10179 1620 2502 1093 10348 1506225 55761 421733
leaf_count=18279 6345 842488 51837 19679 27067 52183 10179 1620 2502 1093 10348 1506225 55761 421733
internal_value=9.47811e-07 -0.000347191 -0.0071252 0.00274904 -0.0553209 0.0383644 -0.0962945 -0.0577889 0.0986943 0.230291 -0.150052 0.000332798 0.0253484 0.000681982
internal_weight=3.02734e+06 3.00906e+06 943539 2.06552e+06 101051 131218 49214 28687 23274 3595 20527 1.9343e+06 107944 1.92796e+06
internal_count=3027339 3009060 943539 2065521 101051 131218 49214 28687 23274 3595 20527 1934303 107944 1927958
is_linear=0
shrinkage=0.02


Tree=262
num_leaves=15
num_cat=0
split_feature=7 4 7 4 7 4 9 9 0 7 7 7 7 9
split_gain=212418 1.0153e+06 1.12642e+06 1.30067e+06 743519 2.40326e+06 1.71358e+06 1.01728e+06 1.17434e+06 929214 837370 725652 1.69631e+06 804925
threshold=12535.058593750002 100.98500061035158 12571.960937500002 -49.735000610351555 12169.453125000002 -127.61500167846678 0.51117742061615001 0.60120347142219555 2513.5000000000005 12043.893554687502 12478.809082031252 12767.550292968752 12775.274902343752 -0.69185054302215565
decision_type=2 2 2 2 2 2 2 2 2 2 2 2 2 2
left_child=4 2 3 -2 9 6 -6 -7 -9 -1 -8 13 -13 -4
right_child=1 -3 11 -5 5 7 10 8 -10 -11 -12 12 -14 -15
leaf_value=0.0017692415740987889 -0.24909800730326362 -0.087101154034236947 0.20807981720258087 -0.012552074643384634 0.4257596174540052 0.025913296701371748 0.035518803803699581 -0.022629730830864267 -0.31643157135684197 -0.042104250749800828 0.43937411490177009 -0.25591781645171202 0.019634101011213073 0.035922424194814943
leaf_weight=2210072 13731 63268 12026 28762 9598 264289 14723 20299 7426 211571 2377 11049 46551 111597
leaf_count=2210072 13731 63268 12026 28762 9598 264289 14723 20299 7426 211571 2377 11049 46551 111597
internal_value=9.31031e-07 -0.0163695 0.00363662 -0.0890296 0.00171539 0.0304312 0.212027 0.0138216 -0.101409 -0.00206399 0.0918822 0.0253687 -0.033258 0.0526855
internal_weight=3.02734e+06 286984 223716 42493 2.74036e+06 318712 26698 292014 27725 2.42164e+06 17100 181223 57600 123623
internal_count=3027339 286984 223716 42493 2740355 318712 26698 292014 27725 2421643 17100 181223 57600 123623
is_linear=0
shrinkage=0.02


Tree=263
num_leaves=15
num_cat=0
split_feature=7 7 7 9 9 7 5 3 7 6 7 7 7 7
split_gain=205462 1.13797e+06 653066 1.31241e+06 1.15627e+06 940749 824419 839251 814437 765777 692857 644506 975793 806722
threshold=12544.754394531252 12629.550292968752 12723.007324218752 -0.68669712543487538 -0.05255246348679065 12805.279296875002 0.0224999999627471 3.9258437156677251 12680.433105468752 93.031139373779311 12785.869140625002 12158.952636718752 12043.893554687502 12205.039550781252
decision_type=2 2 2 2 2 2 2 2 2 2 2 2 2 2
left_child=11 -2 3 8 10 6 7 9 -3 -6 -4 12 -1 -13
right_child=1 2 4 -5 5 -7 -8 -9 -10 -11 -12 13 -14 -15
leaf_value=0.0017338569184390282 -0.077611837245919815 0.5002150624076982 -0.12764853208535354 0.034166273565032795 -0.044530415304698305 -0.091697291222289645 0.78274107353031985 0.17592768109239779 -0.0034677592699132189 0.29944141234508992 0.013464136136617075 0.076858273492917253 -0.044390761021608202 0.0086026542596126174
leaf_weight=2210072 84004 4166 38668 53757 20029 14544 674 20482 1854 2963 21738 94421 200063 259904
leaf_count=2210072 84004 4166 38668 53757 20029 14544 674 20482 1854 2963 21738 94421 200063 259904
internal_value=9.26047e-07 -0.0168951 0.0116216 0.0655569 -0.0154523 0.0477639 0.0937184 0.0828582 0.345342 -9.06736e-05 -0.0768729 0.00160767 -0.00209506 0.0267932
internal_weight=3.02734e+06 262879 178875 59777 119098 58692 44148 43474 6020 22992 60406 2.76446e+06 2.41014e+06 354325
internal_count=3027339 262879 178875 59777 119098 58692 44148 43474 6020 22992 60406 2764460 2410135 354325
is_linear=0
shrinkage=0.02


Tree=264
num_leaves=15
num_cat=0
split_feature=7 7 7 4 9 7 4 4 7 7 4 7 7 7
split_gain=200692 408159 517057 1.07153e+06 436270 322395 273174 261402 1.19846e+06 850476 1.31959e+06 640077 588871 1.12771e+06
threshold=10065.734863281252 10619.391601562502 10679.781738281252 59.594999313354499 -0.7183113396167754 10640.455566406252 166.83499908447268 118.33499908447267 12592.827636718752 12775.274902343752 181.20500183105472 10759.808593750002 10944.346679687502 10905.096679687502
decision_type=2 2 2 2 2 2 2 2 2 2 2 2 2 2
left_child=-1 -2 3 -3 -5 -6 -7 -4 11 10 -10 -9 13 -13
right_child=1 2 7 4 5 6 -8 8 9 -11 -12 12 -14 -15
leaf_value=0.081911018845458372 -0.067930064173594679 -0.091941757526897455 0.0021749326548244378 -0.095692435401973669 0.31954916287548996 0.18591137656255147 0.0039796675400666755 -0.13981156859763358 -0.13978261390864619 -0.0058713580978866468 -0.57481808055681805 -0.00058063999345422371 -0.011144103783424706 0.18400157327607583
leaf_weight=11908 35291 10477 2473418 2580 5021 12204 4525 13788 14674 12063 3437 43850 365147 18956
leaf_count=11908 35291 10477 2473418 2580 5021 12204 4525 13788 14674 12063 3437 43850 365147 18956
internal_value=1.00713e-06 -0.000322721 0.000478108 0.0770998 0.149901 0.179065 0.136734 -0.000427635 -0.0140681 -0.135996 -0.222614 -0.00573667 -0.00141377 0.0551498
internal_weight=3.02734e+06 3.01543e+06 2.98014e+06 34807 24330 21750 16729 2.94533e+06 471915 30174 18111 441741 427953 62806
internal_count=3027339 3015431 2980140 34807 24330 21750 16729 2945333 471915 30174 18111 441741 427953 62806
is_linear=0
shrinkage=0.02


Tree=265
num_leaves=15
num_cat=0
split_feature=7 7 7 6 4 7 7 7 7 7 4 7 6 7
split_gain=196694 966136 796182 779371 1.10438e+06 767798 1.3727e+06 734926 706890 829087 747032 703029 844326 1.28445e+06
threshold=11199.130371093752 11310.526855468752 11368.623535156252 87.443473815917983 45.635000228881843 11346.758300781252 11361.743164062502 11335.633789062502 11519.124511718752 11470.466308593752 35.954999923706062 11057.007324218752 107.27175903320314 11164.235351562502
decision_type=2 2 2 2 2 2 2 2 2 2 2 2 2 2
left_child=11 -2 3 -3 -5 7 -7 -6 9 -4 -11 -1 13 -13
right_child=1 2 8 4 5 6 -8 -9 -10 10 -12 12 -14 -15
leaf_value=-0.002315628250237602 -0.038529458997435977 0.0005679357354208233 -0.023497476077822554 0.030356436431590389 0.12961830516473286 -0.018462800678605319 0.35584848607748071 0.48452895948191088 0.0044993464058410574 0.011832561404357249 -0.321048908945957 0.20275109950710746 -0.011285019630138624 0.040337969936065171
leaf_weight=857070 275935 66654 275021 39566 3965 10916 6103 5697 1200784 4304 7207 22371 101524 150222
leaf_count=857070 275935 66654 275021 39566 3965 10916 6103 5697 1200784 4304 7207 22371 101524 150222
internal_value=9.6333e-07 -0.00393657 0.00195504 0.0488547 0.0974304 0.196847 0.115894 0.339171 -0.00223602 -0.0304615 -0.196679 0.00660125 0.0344804 0.0614001
internal_weight=3.02734e+06 1.89615e+06 1.62022e+06 132901 66247 26681 17019 9662 1.48732e+06 286532 11511 1.13119e+06 274117 172593
internal_count=3027339 1896152 1620217 132901 66247 26681 17019 9662 1487316 286532 11511 1131187 274117 172593
is_linear=0
shrinkage=0.02


Tree=266
num_leaves=15
num_cat=0
split_feature=7 7 7 8 7 0 0 7 7 7 7 7 8 7
split_gain=192974 391450 497229 1.14573e+06 433217 273539 249730 1.60922e+06 763772 1.16766e+06 417394 409929 727775 584444
threshold=10065.734863281252 10619.391601562502 10679.781738281252 0.6970425844192506 10640.455566406252 1779.5000000000002 6008.5000000000009 12592.827636718752 12147.545410156252 12422.749511718752 10925.662597656252 10775.280273437502 0.87731993198394786 10814.940429687502
decision_type=2 2 2 2 2 2 2 2 2 2 2 2 2 2
left_child=-1 -2 3 -3 -5 -6 11 8 10 -10 -8 12 -4 -13
right_child=1 2 6 4 5 -7 7 -9 9 -11 -12 13 -14 -15
leaf_value=0.080320446710027998 -0.066525548285711028 -0.10172427916855985 0.076654100324398497 0.31609964555543701 -0.087817252825930781 0.13591076623444404 -0.19411371590131418 -0.74604432798370823 0.43927427683670067 0.013318239865321824 -0.037418928554360138 -0.052287710768011107 -0.12428999549180135 0.00099216975285069649
leaf_weight=11908 35291 10267 55609 4985 2500 17055 7883 1247 3175 13428 49165 84912 8274 2721640
leaf_count=11908 35291 10267 55609 4985 2500 17055 7883 1247 3175 13428 49165 84912 8274 2721640
internal_value=1.00016e-06 -0.000316442 0.000467824 0.075606 0.149809 0.107277 -0.000420381 -0.0364705 -0.0243567 0.0949906 -0.0591019 0.000520389 0.0506125 -0.000619982
internal_weight=3.02734e+06 3.01543e+06 2.98014e+06 34807 24540 19555 2.94533e+06 74898 73651 16603 57048 2.87044e+06 63883 2.80655e+06
internal_count=3027339 3015431 2980140 34807 24540 19555 2945333 74898 73651 16603 57048 2870435 63883 2806552
is_linear=0
shrinkage=0.02


Tree=267
num_leaves=15
num_cat=0
split_feature=7 7 4 7 9 4 4 7 4 7 7 7 1 7
split_gain=191500 1.08133e+06 887597 941887 1.56462e+06 659936 646360 1.08895e+06 947118 918395 805084 1.47517e+06 1.3804e+06 611883
threshold=12544.754394531252 12629.550292968752 100.98500061035158 12680.433105468752 -0.68419089913368214 197.09500122070315 -29.404999732971188 12805.279296875002 -174.19499969482419 12723.007324218752 12767.550292968752 12775.274902343752 81.393573760986342 12169.453125000002
decision_type=2 2 2 2 2 2 2 2 2 2 2 2 2 2
left_child=13 -2 3 4 -3 -4 7 8 -5 -10 12 -12 -11 -1
right_child=1 2 5 6 -6 -7 -8 -9 9 10 11 -13 -14 -15
leaf_value=-0.0019881447714665541 -0.075497409180894773 0.4900020720909728 -0.1469921701401643 0.84331858407226212 0.072798993217181071 0.078766895967991579 -0.035464008141584749 -0.098814010376148328 -0.078329734079242389 0.12732280480371425 -0.19329089176292663 0.18734714840904709 0.58980007627570008 0.026559963312600954
leaf_weight=2421643 84004 4176 21185 681 25536 6847 67176 13395 9241 7864 5915 13020 3839 342817
leaf_count=2421643 84004 4176 21185 681 25536 6847 67176 13395 9241 7864 5915 13020 3839 342817
internal_value=9.56927e-07 -0.0163108 0.0114872 0.030694 0.131582 -0.0918399 0.00593823 0.057483 0.109112 0.0963658 0.149066 0.0684014 0.279408 0.00155214
internal_weight=3.02734e+06 262879 178875 150843 29712 28032 121131 53955 40560 39879 30638 18935 11703 2.76446e+06
internal_count=3027339 262879 178875 150843 29712 28032 121131 53955 40560 39879 30638 18935 11703 2764460
is_linear=0
shrinkage=0.02


Tree=268
num_leaves=15
num_cat=0
split_feature=7 7 7 6 0 7 9 7 7 0 8 0 8 7
split_gain=193720 1.14156e+06 767434 831670 686328 744525 912413 847085 741016 637404 629203 1.06894e+06 987351 1.04698e+06
threshold=11203.090820312502 11310.526855468752 11365.239746093752 90.782703399658217 1443.5000000000002 11346.758300781252 -0.26078417897224421 11358.889648437502 11335.633789062502 1035.5000000000002 -0.9504232108592986 2353.5000000000005 -0.82622474431991566 12169.453125000002
decision_type=2 2 2 2 2 2 2 2 2 2 2 2 2 2
left_child=-1 9 3 -3 -5 8 7 -7 -6 -2 11 -4 13 -12
right_child=1 2 10 4 5 6 -8 -9 -10 -11 12 -13 -14 -15
leaf_value=0.0063377495902253566 0.020388475423656533 0.0067730287288354195 0.01051164685159192 -0.0082068159717073735 0.10674866202250455 -0.18776678788512244 0.055508439804598471 0.65272685569276034 0.43410046923667323 -0.062705947248265864 0.019367804217919293 -0.075723068288894468 -0.0042497868443282325 0.12794212788895062
leaf_weight=1178523 46299 71880 115301 13521 4863 627 22102 1979 6431 182300 157799 114675 1065199 45840
leaf_count=1178523 46299 71880 115301 13521 4863 627 22102 1979 6431 182300 157799 114675 1065199 45840
internal_value=1.05576e-06 -0.00403826 0.00186497 0.0502269 0.113283 0.158901 0.0973408 0.450553 0.293369 -0.0458763 -0.00205261 -0.0324897 0.00346428 0.0438135
internal_weight=3.02734e+06 1.84882e+06 1.62022e+06 121403 49523 36002 24708 2606 11294 228599 1.49881e+06 229976 1.26884e+06 203639
internal_count=3027339 1848816 1620217 121403 49523 36002 24708 2606 11294 228599 1498814 229976 1268838 203639
is_linear=0
shrinkage=0.02


Tree=269
num_leaves=15
num_cat=0
split_feature=7 7 7 4 4 7 1 7 7 9 1 7 8 1
split_gain=186044 1.09992e+06 933949 629974 626999 619325 603509 571457 763268 1.44252e+06 648898 1.19378e+06 582652 549824
threshold=11203.090820312502 11252.907714843752 11227.193847656252 -46.995000839233391 131.08499908447268 11240.761718750002 113.87413024902345 11057.007324218752 11019.201171875002 0.53606674075126659 112.66473770141603 11167.782714843752 0.98865905404090892 77.869140625000014
decision_type=2 2 2 2 2 2 2 2 2 2 2 2 2 2
left_child=7 2 4 5 6 -4 -2 8 12 -10 11 -9 -1 -11
right_child=1 -3 3 -5 -6 -7 -8 10 9 13 -12 -13 -14 -15
leaf_value=0.0060822709956486892 0.0088238606367477147 0.0013160483875997804 -0.11763424784932337 -0.063169671683589224 -0.12497398392392961 -0.34113845519190217 -0.13244940332113295 0.15379916281989645 -0.0032025218539147586 -0.050446941657737332 -0.017954758251936927 0.027297725348819368 -0.1332131256165654 -0.24520985548064214
leaf_weight=761335 110572 1655379 12129 27849 20916 8400 13571 35061 57112 8599 86296 200096 12194 17830
leaf_count=761335 110572 1655379 12129 27849 20916 8400 13571 35061 57112 8599 86296 200096 12194 17830
internal_value=1.10795e-06 -0.00395737 -0.0490836 -0.125172 -0.0237007 -0.20921 -0.00662904 0.006211 -0.00231815 -0.0597457 0.0289512 0.0461644 0.00388468 -0.181885
internal_weight=3.02734e+06 1.84882e+06 193437 48378 145059 20529 124143 1.17852e+06 857070 83541 321453 235157 773529 26429
internal_count=3027339 1848816 193437 48378 145059 20529 124143 1178523 857070 83541 321453 235157 773529 26429
is_linear=0
shrinkage=0.02


Tree=270
num_leaves=15
num_cat=0
split_feature=7 7 7 8 7 0 0 7 7 6 7 7 7 9
split_gain=184358 378384 474813 1.1004e+06 416113 263252 239629 1.53921e+06 732425 849101 405726 503462 1.11501e+06 461256
threshold=10065.734863281252 10619.391601562502 10679.781738281252 0.6970425844192506 10640.455566406252 1974.5000000000002 6008.5000000000009 12592.827636718752 11033.102539062502 70.17313385009767 11189.119628906252 12147.545410156252 12422.749511718752 0.56217131018638622
decision_type=2 2 2 2 2 2 2 2 2 2 2 2 2 2
left_child=-1 -2 3 -3 -5 -6 -4 8 9 -8 -10 -12 13 -13
right_child=1 2 6 4 5 -7 7 -9 10 -11 11 12 -14 -15
leaf_value=0.078506923271356485 -0.065403992612837497 -0.099900207572160865 0.00051540255824631493 0.30958208973247847 -0.072094266213331384 0.13529919472588173 -0.42803885072135528 -0.72968599962780378 0.22010388613293574 -0.067812553788094143 -0.04797404201869411 0.54230709260459686 0.012595926986842318 -0.080449818949545587
leaf_weight=11908 35291 10267 2870435 4985 2862 16693 2933 1247 3849 23723 26543 2596 13428 579
leaf_count=11908 35291 10267 2870435 4985 2862 16693 2933 1247 3849 23723 26543 2596 13428 579
internal_value=1.01682e-06 -0.000309257 0.000461809 0.0738868 0.146607 0.104923 -0.000406145 -0.0357197 -0.0238723 -0.107595 0.0236285 0.00605377 0.0924054 0.428837
internal_weight=3.02734e+06 3.01543e+06 2.98014e+06 34807 24540 19555 2.94533e+06 74898 73651 26656 46995 43146 16603 3175
internal_count=3027339 3015431 2980140 34807 24540 19555 2945333 74898 73651 26656 46995 43146 16603 3175
is_linear=0
shrinkage=0.02


Tree=271
num_leaves=15
num_cat=0
split_feature=7 7 7 8 7 8 7 0 7 1 5 7 9 0
split_gain=182256 838131 691462 818632 698313 663163 1.41735e+06 642007 1.50293e+06 610669 500400 796740 637640 507191
threshold=12535.058593750002 12629.550292968752 12524.694824218752 -0.92389282584190358 12528.031738281252 0.70960983633995067 12723.007324218752 2769.5000000000005 12775.274902343752 96.67765045166017 -1.0000000180025095e-35 12680.433105468752 0.74242034554481517 1246.5000000000002
decision_type=2 2 2 2 2 2 2 2 2 2 2 2 2 2
left_child=2 -2 -1 4 -4 10 -7 -8 9 -9 -3 13 -13 -12
right_child=1 5 3 -5 -6 6 7 8 -10 -11 11 12 -14 -15
leaf_value=0.00043865408602718545 -0.059124448317565498 0.020605232085831642 0.54010233170258715 0.026328740118974073 0.14951176542071828 0.068218250026071112 -0.037268707579371299 -0.28951493006257201 -0.032345171798728707 -0.68160443949069338 -0.13400835679824355 0.052582546114020821 0.72751429546230584 0.47399060389782444
leaf_weight=2704898 108109 76800 2344 24808 8305 32730 25406 7039 11130 2057 647 19030 567 3469
leaf_count=2704898 108109 76800 2344 24808 8305 32730 25406 7039 11130 2057 647 19030 567 3469
internal_value=9.76906e-07 -0.0151628 0.00158906 0.0893241 0.235914 0.0114087 -0.0322027 -0.10423 -0.18828 -0.378837 0.045409 0.125698 0.0724725 0.37832
internal_weight=3.02734e+06 286984 2.74036e+06 35457 10649 178875 78362 45632 20226 9096 100513 23713 19597 4116
internal_count=3027339 286984 2740355 35457 10649 178875 78362 45632 20226 9096 100513 23713 19597 4116
is_linear=0
shrinkage=0.02


Tree=272
num_leaves=15
num_cat=0
split_feature=7 7 7 7 7 1 7 8 7 7 7 8 7 1
split_gain=178885 905048 738288 671303 795073 627690 647201 625525 1.0066e+06 799242 617823 1.07265e+06 733065 708634
threshold=11200.173339843752 11310.526855468752 11368.623535156252 11519.124511718752 11470.466308593752 88.854778289794936 11346.758300781252 -0.95380857586860646 11421.926269531252 11432.574218750002 11219.278320312502 0.69195944070816051 11240.761718750002 111.49222946166994
decision_type=2 2 2 2 2 2 2 2 2 2 2 2 2 2
left_child=-1 10 5 4 7 -3 -7 8 -4 -10 13 -12 -13 -2
right_child=1 2 3 -5 -6 6 -8 -9 9 -11 11 12 -14 -15
leaf_value=0.0062410527784823979 0.0031857029819679439 0.0086808744135867932 -0.050660841039614962 0.0043328658002620372 -0.19250922801641651 0.20762499031890222 0.056241542191409255 -0.005942641817516128 -0.47863666326386189 -0.018569489058150982 -0.13294644877332099 -0.079881272571968823 0.074330048933188064 -0.12737300192864126
leaf_weight=1143504 136862 74841 59610 1200784 11511 15356 42704 208880 4162 2369 58430 25849 23558 18919
leaf_count=1143504 136862 74841 59610 1200784 11511 15356 42704 208880 4162 2369 58430 25849 23558 18919
internal_value=1.01216e-06 -0.00378675 0.00180504 -0.00223077 -0.0297366 0.0469674 0.0963094 -0.0229169 -0.0765142 -0.312042 -0.0381532 -0.0749509 -0.00635043 -0.0126772
internal_weight=3.02734e+06 1.88384e+06 1.62022e+06 1.48732e+06 286532 132901 58060 275021 66141 6531 263618 107837 49407 155781
internal_count=3027339 1883835 1620217 1487316 286532 132901 58060 275021 66141 6531 263618 107837 49407 155781
is_linear=0
shrinkage=0.02


Tree=273
num_leaves=15
num_cat=0
split_feature=7 7 9 7 0 7 7 7 0 7 6 9 9 9
split_gain=178117 1.02843e+06 760974 729379 705618 930977 567303 897381 916289 864614 702056 862468 569886 561189
threshold=12544.754394531252 12571.960937500002 0.44621255993843084 12557.411132812502 6008.5000000000009 12592.827636718752 12169.453125000002 12200.578613281252 6008.5000000000009 12043.893554687502 77.592971801757827 0.59558829665184032 0.56217131018638622 0.64190164208412182
decision_type=2 2 2 2 2 2 2 2 2 2 2 2 2 2
left_child=6 2 -2 -4 -3 -6 9 8 -8 -1 -11 -12 -10 -9
right_child=1 4 3 -5 5 -7 7 13 12 10 11 -13 -14 -15
leaf_value=0.0017856507392894098 -0.037578586494888912 0.0049814820832289729 -0.093523870873861437 -0.37141093482743281 -0.05476748241306164 -0.71412126563007106 0.074740855756511335 0.016693602994294114 0.57472903695394983 -0.0048292047264932676 -0.066976899211392368 -0.3880863534095142 -0.28316418645138913 -0.098299645244018435
leaf_weight=2210072 21731 221999 8184 7023 2695 1247 68750 253291 2238 107920 100199 3452 353 18185
leaf_count=2210072 21731 221999 8184 7023 2695 1247 68750 253291 2238 107920 100199 3452 353 18185
internal_value=9.4369e-07 -0.0157305 -0.113552 -0.222021 0.000265975 -0.26463 0.00149695 0.0255765 0.0886937 -0.00191194 -0.0405353 -0.0777077 0.457202 0.00898729
internal_weight=3.02734e+06 262879 36938 15207 225941 3942 2.76446e+06 342817 71341 2.42164e+06 211571 103651 2591 271476
internal_count=3027339 262879 36938 15207 225941 3942 2764460 342817 71341 2421643 211571 103651 2591 271476
is_linear=0
shrinkage=0.02


Tree=274
num_leaves=15
num_cat=0
split_feature=7 7 7 0 6 0 4 7 0 4 7 0 7 7
split_gain=176286 365341 453856 994162 335044 321480 239980 1.06824e+06 1.08961e+06 684732 590943 693415 1.19534e+06 894556
threshold=10065.734863281252 10619.391601562502 10679.781738281252 4255.5000000000009 65.61450576782228 6951.5000000000009 118.33499908447267 12592.827636718752 6008.5000000000009 221.06999969482425 10759.808593750002 4878.5000000000009 10925.662597656252 11022.756347656252
decision_type=2 2 2 2 2 2 2 2 2 2 2 2 2 2
left_child=-1 -2 3 4 -3 -5 -4 10 9 -9 -8 -12 -13 -14
right_child=1 2 6 5 -6 -7 7 8 -10 -11 11 12 13 -15
leaf_value=0.076768937136218546 -0.064265542501087763 -0.1007425762694138 0.0021001453804146758 0.25679399742125364 0.063808192923825044 0.056403948877936289 -0.13442350597714664 -0.1455340596772044 -0.70871904634239213 0.12204101510834377 -0.018196807975759483 0.2667062279405088 -0.10801140739813368 0.044051350706218802
leaf_weight=11908 35291 10183 2473418 10371 9612 4641 13788 24414 1232 4528 298631 8475 18212 102635
leaf_count=11908 35291 10183 2473418 10371 9612 4641 13788 24414 1232 4528 298631 8475 18212 102635
internal_value=8.28901e-07 -0.000302577 0.000455083 0.0722413 -0.0208476 0.194923 -0.0003935 -0.0134631 -0.128576 -0.103643 -0.00559731 -0.00144364 0.0372411 0.0211278
internal_weight=3.02734e+06 3.01543e+06 2.98014e+06 34807 19795 15012 2.94533e+06 471915 30174 28942 441741 427953 129322 120847
internal_count=3027339 3015431 2980140 34807 19795 15012 2945333 471915 30174 28942 441741 427953 129322 120847
is_linear=0
shrinkage=0.02


Tree=275
num_leaves=15
num_cat=0
split_feature=7 7 7 6 9 7 0 7 7 0 7 0 6 7
split_gain=169697 829881 706161 711566 1.29197e+06 1.14193e+06 806368 651151 764658 647864 644514 954937 754143 1.01222e+06
threshold=11199.130371093752 11310.526855468752 11368.623535156252 82.169273376464858 -0.29443810880184168 11358.889648437502 1035.5000000000002 11519.124511718752 11470.466308593752 1542.5000000000002 11057.007324218752 2273.5000000000005 115.35206604003908 11189.119628906252
decision_type=2 2 2 2 2 2 2 2 2 2 2 2 2 2
left_child=10 -2 3 -3 5 -5 -7 8 -4 -10 -1 -12 13 -13
right_child=1 2 7 4 -6 6 -8 -9 9 -11 11 12 -14 -15
leaf_value=-0.0024063198855268468 -0.035717446064728493 -0.015661142670441223 -0.022545081187254467 -0.070258269073797092 0.057276168440269795 -0.098669500120521822 0.60423110781623468 0.0043211725220980999 0.010798280947061875 -0.30150336004381467 -0.0052469015728582903 0.14955865320686804 -0.0031771914803123695 0.018145283222556988
leaf_weight=857070 275935 47912 275021 1955 77959 766 4309 1200784 4155 7356 134359 61116 40603 38039
leaf_count=857070 275935 47912 275021 1955 77959 766 4309 1200784 4155 7356 134359 61116 40603 38039
internal_value=7.86479e-07 -0.00365656 0.00180382 0.0459726 0.0807162 0.3402 0.498149 -0.0021432 -0.029233 -0.188862 0.00613141 0.0328251 0.0694243 0.0991514
internal_weight=3.02734e+06 1.89615e+06 1.62022e+06 132901 84989 7030 5075 1.48732e+06 286532 11511 1.13119e+06 274117 139758 99155
internal_count=3027339 1896152 1620217 132901 84989 7030 5075 1487316 286532 11511 1131187 274117 139758 99155
is_linear=0
shrinkage=0.02


Tree=276
num_leaves=15
num_cat=0
split_feature=7 7 7 9 4 9 7 7 7 4 7 9 7 4
split_gain=169528 350337 443802 1.20641e+06 1.12064e+06 781295 901821 623376 577828 732778 561684 969379 572979 1.2796e+06
threshold=10065.734863281252 10619.391601562502 10775.280273437502 0.60596671700477611 -44.215000152587884 -0.360153779387474 10699.223144531252 10759.808593750002 10759.808593750002 188.28499603271487 10814.940429687502 0.58831891417503368 10889.665527343752 -174.19499969482419
decision_type=2 2 2 2 2 2 2 2 2 2 2 2 2 2
left_child=-1 -2 3 5 7 6 -3 -5 -8 -10 11 -4 13 -12
right_child=1 2 10 4 -6 -7 8 -9 9 -11 12 -13 -14 -15
leaf_value=0.07528293272295293 -0.062932482990978353 0.09019427685083907 -0.012753520976059434 0.4498666704092707 -0.025222332235915274 -0.10249969047343693 -0.1509600422686386 0.16947418725120192 -0.034241033115020199 0.44803328153217403 0.32953282094127773 -0.16893171225760295 -0.0012136068921306436 0.029490776383802215
leaf_weight=11908 35291 45853 63749 5590 6867 19646 12860 7362 5769 1602 6054 21169 2692463 91156
leaf_count=11908 35291 45853 63749 5590 6867 19646 12860 7362 5769 1602 6054 21169 2692463 91156
internal_value=7.89321e-07 -0.000296743 0.000445195 0.0407212 0.181308 0.00820272 0.0411241 0.290745 -0.0700808 0.0710379 -0.00103378 -0.0517023 0.000508746 0.0482088
internal_weight=3.02734e+06 3.01543e+06 2.98014e+06 105549 19819 85730 66084 12952 20231 7371 2.87459e+06 84918 2.78967e+06 97210
internal_count=3027339 3015431 2980140 105549 19819 85730 66084 12952 20231 7371 2874591 84918 2789673 97210
is_linear=0
shrinkage=0.02


Tree=277
num_leaves=15
num_cat=0
split_feature=9 9 0 4 0 8 0 4 3 4 0 4 0 8
split_gain=151262 385201 331532 375923 463850 676306 467894 913185 315512 681485 904345 377682 552000 527303
threshold=-0.30794906616210932 -0.47990448772907252 1620.5000000000002 78.444999694824233 2890.5000000000005 0.93289250135421764 3915.5000000000005 54.725000381469734 4.7254962921142587 172.26499938964847 4313.5000000000009 134.48500061035159 2870.5000000000005 0.79939252138137828
decision_type=2 2 2 2 2 2 2 2 2 2 2 2 2 2
left_child=1 8 -3 4 -4 6 -6 -8 9 10 11 12 -1 -14
right_child=-2 2 3 -5 5 -7 7 -9 -10 -11 -12 -13 13 -15
leaf_value=0.0016031498821119162 -0.0040723547024765581 -0.0045827865970053793 0.055475162326158935 0.022835633659173814 0.13507488680777405 0.36883549310137909 -0.93724127733871376 0.27619369332060922 -0.013320171494684221 -0.049636556711745085 0.093542717592444799 -0.050226654017833806 0.088235526677301321 -0.022165599648140719
leaf_weight=336320 1654167 107458 44775 158629 4349 5070 499 477 462137 70408 54744 41158 63345 23803
leaf_count=336320 1654167 107458 44775 158629 4349 5070 499 477 462137 70408 54744 41158 63345 23803
internal_value=8.41522e-07 0.00490755 0.0240751 0.0384786 0.0834437 0.203743 0.0461559 -0.347393 -0.000946415 0.00874941 0.0166653 0.00760546 0.0132274 0.058082
internal_weight=3.02734e+06 1.37317e+06 321257 213799 55170 10395 5325 976 1.05192e+06 589778 519370 464626 423468 87148
internal_count=3027339 1373172 321257 213799 55170 10395 5325 976 1051915 589778 519370 464626 423468 87148
is_linear=0
shrinkage=0.02


Tree=278
num_leaves=15
num_cat=0
split_feature=7 7 7 9 7 7 9 9 7 0 9 1 7 9
split_gain=168618 783246 653952 591252 810631 581072 1.16595e+06 1.03495e+06 1.35365e+06 1.03598e+06 1.25231e+06 952208 891349 790111
threshold=12535.058593750002 12629.550292968752 12524.694824218752 0.30041404068470007 12528.031738281252 12723.007324218752 -0.68669712543487538 0.59558829665184032 12775.274902343752 2769.5000000000005 -0.58503037691116322 81.393573760986342 12767.550292968752 -0.47990448772907252
decision_type=2 2 2 2 2 2 2 2 2 2 2 2 2 2
left_child=2 -2 -1 -4 -5 6 -3 8 9 -7 -11 -9 -13 -12
right_child=1 5 3 4 -6 7 -8 11 -10 10 13 12 -14 -15
leaf_value=0.00040956831249304443 -0.057082495602344692 0.32569052567412987 0.0055982404478413647 0.41772181796034025 0.094965279014086829 -0.061711996702812376 0.03239024101743402 0.016149144285321625 0.015515668495445315 0.10101574300036457 -0.65547329431064139 0.42945165742167418 -0.038283971999104965 -0.26942470667714419
leaf_weight=2704898 108109 6020 17823 4030 13604 23830 53757 16095 58809 2650 3054 5331 2343 6986
leaf_count=2704898 108109 6020 17823 4030 13604 23830 53757 16095 58809 2650 3054 5331 2343 6986
internal_value=8.22086e-07 -0.0145846 0.00152833 0.0868505 0.168923 0.0111021 0.0619777 -0.014436 -0.0438767 -0.139496 -0.285399 0.103608 0.286778 -0.387392
internal_weight=3.02734e+06 286984 2.74036e+06 35457 17634 178875 59777 119098 95329 36520 12690 23769 7674 10040
internal_count=3027339 286984 2740355 35457 17634 178875 59777 119098 95329 36520 12690 23769 7674 10040
is_linear=0
shrinkage=0.02


Tree=279
num_leaves=15
num_cat=0
split_feature=5 7 7 7 3 4 7 7 7 7 7 7 6 4
split_gain=165964 489139 708592 509769 406619 370314 807838 3.50988e+06 473580 406694 333784 271453 582512 693650
threshold=0.057499999180436141 10853.744628906252 11019.201171875002 10997.610839843752 5.6898519992828378 144.14499664306643 12238.857910156252 12478.809082031252 12775.274902343752 12607.619628906252 11013.437500000002 10775.280273437502 50.641965866088874 -72.844997406005845
decision_type=2 2 2 2 2 2 2 2 2 2 2 2 2 2
left_child=11 -2 3 -3 -5 -4 -7 -8 9 -9 -6 12 -1 -14
right_child=1 2 5 4 10 6 7 8 -10 -11 -12 -13 13 -15
leaf_value=-0.098307465730724575 -0.051695587557489472 0.061647116742197 0.026018201162105167 0.075678926951948264 0.42955855464744724 -0.00044336397791926169 -1.2254022995071794 -0.048032128166004107 0.18922274164535491 -0.49295487186629838 0.10025032892991405 -0.0027937498139358548 0.17003247261052459 0.022505220655283681
leaf_weight=13547 36332 32318 122680 4302 4136 31961 1184 2974 2250 1127 1762 2649741 14435 108590
leaf_count=13547 36332 32318 122680 4302 4136 31961 1184 2974 2250 1127 1762 2649741 14435 108590
internal_value=8.29764e-07 0.0159222 0.027926 0.10059 0.223796 0.00887027 -0.0443862 -0.230527 -0.0434168 -0.171208 0.331519 -0.00137647 0.0261193 0.0398277
internal_weight=3.02734e+06 241026 204694 42518 10200 162176 39496 7535 6351 4101 5898 2.78631e+06 136572 123025
internal_count=3027339 241026 204694 42518 10200 162176 39496 7535 6351 4101 5898 2786313 136572 123025
is_linear=0
shrinkage=0.02


Tree=280
num_leaves=15
num_cat=0
split_feature=7 7 4 4 7 7 4 7 4 7 7 0 7 4
split_gain=162573 974475 1.21788e+06 1.12939e+06 653897 1.54499e+06 540028 538488 2.27607e+06 908604 610695 716996 562459 769629
threshold=12544.754394531252 12571.960937500002 102.36500167846681 -80.674999237060533 12767.550292968752 12775.274902343752 -156.56500244140622 12158.952636718752 -143.60500335693357 12043.893554687502 12073.221679687502 2111.5000000000005 12189.963378906252 80.805000305175795
decision_type=2 2 2 2 2 2 2 2 2 2 2 2 2 2
left_child=7 3 4 6 -3 -6 -2 9 -9 -1 11 -11 13 -10
right_child=1 2 -4 -5 5 -7 -8 8 12 10 -12 -13 -14 -15
leaf_value=0.00174022720241154 -0.76547548626049156 0.049244934428127739 -0.093759429711934197 -0.048255814902972219 -0.24477235182044577 0.018166714167374327 -0.25364952210607017 0.22510567433620041 0.026370437007399019 -0.014960735943133898 -0.016735168877383633 -0.14343373442885549 5.5739739341319174e-05 0.19787449959775205
leaf_weight=2210072 915 124195 44081 28116 11049 46616 7907 21246 41222 29884 128664 41515 277837 14020
leaf_count=2210072 915 124195 44081 28116 11049 46616 7907 21246 41222 29884 128664 41515 277837 14020
internal_value=7.57347e-07 -0.0150287 0.000542613 -0.110249 0.0234045 -0.0322475 -0.307544 0.00143 0.0244511 -0.00195452 -0.0427681 -0.0896714 0.0116456 0.0699252
internal_weight=3.02734e+06 262879 225941 36938 181860 57665 8822 2.76446e+06 354325 2.41014e+06 200063 71399 333079 55242
internal_count=3027339 262879 225941 36938 181860 57665 8822 2764460 354325 2410135 200063 71399 333079 55242
is_linear=0
shrinkage=0.02


Tree=281
num_leaves=15
num_cat=0
split_feature=5 0 9 9 6 14 5 5 9 9 9 0 6 9
split_gain=160734 208374 198144 255418 438208 263127 243003 227529 187488 385538 169992 205428 160401 593893
threshold=0.062499998137354858 737.50000000000011 -0.30794906616210932 -0.50931808352470387 102.69880676269533 0.8612688183784486 0.10749999806284906 0.087500002235174193 0.20284801721572879 0.27604819834232336 -0.90470352768897999 2393.5000000000005 110.03726196289064 -0.72323438525199879
decision_type=2 2 2 2 2 2 2 2 2 2 2 2 2 2
left_child=10 -2 3 4 5 6 -3 -5 -4 -10 11 -1 -12 -14
right_child=1 2 8 7 -6 -7 -8 -9 9 -11 12 -13 13 -15
leaf_value=-0.051698417475548188 -0.03176243301214883 -0.0010533536111572562 -0.04169729174285236 0.060944205734714672 0.096940753538292304 0.35954059710656322 -0.20341030414508182 0.1982737081125823 0.5227918653735153 -0.24610859760774664 0.00094381912921639196 -0.34080332770226612 0.12605928038789149 -0.017924655254658698
leaf_weight=7073 27670 66965 20424 27268 22715 777 2451 5859 666 417 2478804 1133 11833 353284
leaf_count=7073 27670 66965 20424 27268 22715 777 2451 5859 666 417 2478804 1133 11833 353284
internal_value=6.71743e-07 0.0185934 0.0280388 0.0376129 0.0206072 -0.00410499 -0.00822691 0.0852861 -0.028058 0.227172 -0.00114157 -0.0919837 -0.000879122 -0.0132549
internal_weight=3.02734e+06 175212 147542 126035 92908 70193 69416 33127 21507 1083 2.85213e+06 8206 2.84392e+06 365117
internal_count=3027339 175212 147542 126035 92908 70193 69416 33127 21507 1083 2852127 8206 2843921 365117
is_linear=0
shrinkage=0.02


Tree=282
num_leaves=15
num_cat=0
split_feature=5 0 1 8 8 8 8 8 0 0 6 1 1 8
split_gain=155157 337546 231996 221426 212878 170205 168915 172417 575837 438177 347466 333649 310883 310325
threshold=0.052500000223517425 2292.5000000000005 92.062114715576186 -0.78159695863723744 0.89291974902153026 0.80448952317237865 0.94590127468109142 0.97559595108032238 2970.5000000000005 5435.5000000000009 54.277832031250007 79.374374389648452 49.555944442749031 0.99929141998291027
decision_type=2 2 2 2 2 2 2 2 2 2 2 2 2 2
left_child=2 -2 6 -3 5 -4 -1 8 12 -9 -10 -12 -8 -11
right_child=1 3 4 -5 -6 -7 7 9 10 13 11 -13 -14 -15
leaf_value=0.0053411827985399406 -0.0080912566783227866 -0.42218992676681877 -0.011286055779698788 0.033851813663273125 0.0094062682881911885 -0.048899328345061596 -0.16230039152533077 -0.0094121684606318038 0.27742229260474205 0.39521887021332708 -0.23404355457421197 -0.037756438337926544 0.028729770795685308 0.038349748774564339
leaf_weight=1480477 156523 417 764083 168092 199218 51349 3912 157403 734 1816 9919 5327 25973 2096
leaf_count=1480477 156523 417 764083 168092 199218 51349 3912 157403 734 1816 9919 5327 25973 2096
internal_value=6.8653e-07 0.0130558 -0.00156961 0.0326982 -0.00912722 -0.0136552 0.00297417 -0.0139395 -0.0481521 -0.00420966 -0.145023 -0.165531 0.00367699 0.204603
internal_weight=3.02734e+06 325032 2.70231e+06 168509 1.01465e+06 815432 1.68766e+06 207180 45865 161315 15980 15246 29885 3912
internal_count=3027339 325032 2702307 168509 1014650 815432 1687657 207180 45865 161315 15980 15246 29885 3912
is_linear=0
shrinkage=0.02


Tree=283
num_leaves=15
num_cat=0
split_feature=7 7 7 8 7 4 7 8 7 7 7 7 8 7
split_gain=161929 340606 420612 975879 397353 231600 968213 725028 559944 560631 1.08549e+06 877293 1.79447e+06 906612
threshold=10065.734863281252 10619.391601562502 10679.781738281252 0.6970425844192506 10640.455566406252 118.33499908447267 12592.827636718752 0.92462494969367992 10759.808593750002 10944.346679687502 10905.096679687502 10987.445312500002 0.70960983633995067 11006.505859375002
decision_type=2 2 2 2 2 2 2 2 2 2 2 2 2 2
left_child=-1 -2 3 -3 -5 -4 8 -8 -7 10 -10 12 -11 -13
right_child=1 2 5 4 -6 6 7 -9 9 11 -12 13 -14 -15
leaf_value=0.073576220191187855 -0.062049873043465188 -0.094110166053467739 0.0020742457004710715 0.29728451758987073 0.097301787265673886 -0.13112808229517112 -0.089999782228161559 -0.41607038909637534 -0.0011695327467982741 -0.49805764212015019 0.17992408222907674 0.1854935110394737 -0.03902558452640581 -0.0093133767637932317
leaf_weight=11908 35291 10267 2473418 4985 19555 13788 27150 3024 43850 4368 18956 9826 15361 335592
leaf_count=11908 35291 10267 2473418 4985 19555 13788 27150 3024 43850 4368 18956 9826 15361 335592
internal_value=6.62915e-07 -0.000290125 0.000441437 0.0695487 0.138031 -0.000375477 -0.0132149 -0.122806 -0.00572638 -0.00168311 0.0535075 -0.0111773 -0.140857 -0.0037665
internal_weight=3.02734e+06 3.01543e+06 2.98014e+06 34807 24540 2.94533e+06 471915 30174 441741 427953 62806 365147 19729 345418
internal_count=3027339 3015431 2980140 34807 24540 2945333 471915 30174 441741 427953 62806 365147 19729 345418
is_linear=0
shrinkage=0.02


Tree=284
num_leaves=15
num_cat=0
split_feature=9 9 14 3 8 13 17 13 9 8 8 8 11 12
split_gain=149751 375601 355769 376838 297107 238526 215924 323737 159800 538849 510683 343646 253303 235880
threshold=-0.30794906616210932 -0.47990448772907252 0.72887307405471813 5.0763630867004403 0.7837890386581422 14.09999990463257 0.73045894503593456 -6.2999999523162833 0.30041404068470007 0.90368562936782848 0.65512093901634227 -0.844174563884735 0.77976340055465709 0.17870972305536273
decision_type=2 2 2 2 2 2 2 2 2 2 2 2 2 2
left_child=1 2 3 -1 5 6 -4 -8 -2 10 11 13 -13 -10
right_child=8 -3 4 -5 -6 -7 7 -9 9 -11 -12 12 -14 -15
leaf_value=0.0058664369199420705 -0.011865407358982139 0.023809975610504654 0.081407682592255559 -0.019548186333343934 -0.018142332633040981 -0.022523555446992933 0.1213350247313298 0.49129336917879685 0.011931630344970766 -0.40571706729604878 0.33439815624542535 0.0036397104818689575 -0.020212573546421586 0.063285924573652397
leaf_weight=620268 641192 321257 26817 374124 18656 7480 3237 1333 237173 1292 1829 422956 307601 42124
leaf_count=620268 641192 321257 26817 374124 18656 7480 3237 1333 237173 1292 1829 422956 307601 42124
internal_value=6.15742e-07 0.00488276 -0.000897802 -0.00369549 0.0474573 0.0789419 0.103123 0.230088 -0.00405219 0.000893466 0.00141676 0.000810359 -0.0064034 0.019679
internal_weight=3.02734e+06 1.37317e+06 1.05192e+06 994392 57523 38867 31387 4570 1.65417e+06 1.01298e+06 1.01168e+06 1.00985e+06 730557 279297
internal_count=3027339 1373172 1051915 994392 57523 38867 31387 4570 1654167 1012975 1011683 1009854 730557 279297
is_linear=0
shrinkage=0.02


Tree=285
num_leaves=15
num_cat=0
split_feature=5 9 6 8 17 0 5 1 8 9 0 6 9 0
split_gain=150504 218739 271526 394117 270923 224788 203159 174383 200454 240958 507198 411023 220404 167386
threshold=0.077500000596046462 -0.31321409344673151 102.35916137695314 0.86057791113853466 0.73045894503593456 1620.5000000000002 0.11749999970197679 94.94791412353517 0.89291974902153026 -0.72323438525199879 6122.5000000000009 101.11130905151369 0.28987027704715734 6122.5000000000009
decision_type=2 2 2 2 2 2 2 2 2 2 2 2 2 2
left_child=7 2 3 4 6 -5 -2 13 9 10 11 -9 -10 -1
right_child=1 -3 -4 5 -6 -7 -8 8 12 -11 -12 -13 -14 -15
leaf_value=0.0036841569167902063 -0.016672066634352681 -0.066350545200264691 0.12573593241506381 -0.045549611939432806 0.31064740556840664 0.16876573475444989 -0.27991537646229819 -0.075301770451543903 0.010750397571709565 -0.014946402934627337 0.81201319984583198 0.078404335970113564 -0.39571538799917583 -0.031182936803293627
leaf_weight=1950865 28568 8100 12755 2511 969 8812 1213 9947 207276 715701 327 23106 525 56664
leaf_count=1950865 28568 8100 12755 2511 969 8812 1213 9947 207276 715701 327 23106 525 56664
internal_value=6.45906e-07 0.0306052 0.0449388 0.0204195 -0.0167317 0.121239 -0.0274852 -0.000649117 -0.00767518 -0.0124965 0.0400199 0.0321385 0.00970439 0.00269985
internal_weight=3.02734e+06 62928 54828 42073 30750 11323 29781 2.96441e+06 956882 749081 33380 33053 207801 2.00753e+06
internal_count=3027339 62928 54828 42073 30750 11323 29781 2964411 956882 749081 33380 33053 207801 2007529
is_linear=0
shrinkage=0.02


Tree=286
num_leaves=15
num_cat=0
split_feature=7 7 7 6 0 7 7 0 7 8 0 8 7 7
split_gain=160269 982693 685975 757857 654970 699390 710921 599458 590152 586430 1.017e+06 915003 928408 2.1811e+06
threshold=11203.090820312502 11310.526855468752 11365.239746093752 90.782703399658217 1443.5000000000002 11346.758300781252 11335.633789062502 1092.5000000000002 11361.743164062502 -0.9504232108592986 2353.5000000000005 -0.82622474431991566 12169.453125000002 12205.039550781252
decision_type=2 2 2 2 2 2 2 2 2 2 2 2 2 2
left_child=-1 7 3 -3 -5 6 -6 -2 -7 10 -4 12 -11 -14
right_child=1 2 9 4 5 8 -8 -9 -10 11 -12 -13 13 -15
leaf_value=0.0057643612630160447 0.01943632481544345 0.0060462769337176368 0.010659172081591554 -0.010960045695177898 0.099832588734402358 0.041502999714723522 0.42045293456966315 -0.059427514249899213 0.27954736924933837 0.019248838740414879 -0.07345441747077415 -0.0040001350763411202 0.4160039766937681 0.056863538812597314
leaf_weight=1178523 49092 71880 115301 13521 4863 19412 6431 179507 5296 157799 114675 1065199 8239 37601
leaf_count=1178523 49092 71880 115301 13521 4863 19412 6431 179507 5296 157799 114675 1065199 8239 37601
internal_value=6.71327e-07 -0.00367338 0.0018037 0.047527 0.10772 0.152283 0.282612 -0.0424912 0.0926195 -0.00190014 -0.0312844 0.00342594 0.0422688 0.12149
internal_weight=3.02734e+06 1.84882e+06 1.62022e+06 121403 49523 36002 11294 228599 24708 1.49881e+06 229976 1.26884e+06 203639 45840
internal_count=3027339 1848816 1620217 121403 49523 36002 11294 228599 24708 1498814 229976 1268838 203639 45840
is_linear=0
shrinkage=0.02


Tree=287
num_leaves=15
num_cat=0
split_feature=7 7 7 6 4 7 7 7 0 7 4 7 4 7
split_gain=154872 328042 408408 1.0009e+06 1.19442e+06 737874 685964 536913 635788 538345 1.23018e+06 575419 1.82636e+06 766104
threshold=10065.734863281252 10619.391601562502 10775.280273437502 57.979869842529304 -71.405002593994126 10640.455566406252 10759.808593750002 10814.940429687502 4284.5000000000009 10889.665527343752 -212.43000030517575 10930.946777343752 60.784999847412116 10942.550292968752
decision_type=2 2 2 2 2 2 2 2 2 2 2 2 2 2
left_child=-1 -2 3 -3 6 -6 -5 8 -4 10 -9 12 -11 -13
right_child=1 2 7 4 5 -7 -8 9 -10 11 -12 13 -14 -15
leaf_value=0.071955327621802387 -0.060893654465802076 -0.10356468778821505 -0.065372687006573907 0.45159400701311553 0.2654702347800541 0.022024823358613128 0.12644129614343114 0.50431241013073969 0.15105498336037657 -0.11058973362819394 0.035693426405998221 0.092134298065555204 0.077502162475412001 -0.00067320152206202686
leaf_weight=11908 35291 16578 79098 4504 5335 72999 6133 2285 5820 63752 94925 36069 30531 2562111
leaf_count=11908 35291 16578 79098 4504 5335 72999 6133 2285 5820 63752 94925 36069 30531 2562111
internal_value=7.39789e-07 -0.000283641 0.000434301 0.0390709 0.0656571 0.0386369 0.264417 -0.000984477 -0.0505232 0.000523656 0.0467596 -0.00114583 -0.0496793 0.000615532
internal_weight=3.02734e+06 3.01543e+06 2.98014e+06 105549 88971 78334 10637 2.87459e+06 84918 2.78967e+06 97210 2.69246e+06 94283 2.59818e+06
internal_count=3027339 3015431 2980140 105549 88971 78334 10637 2874591 84918 2789673 97210 2692463 94283 2598180
is_linear=0
shrinkage=0.02


Tree=288
num_leaves=15
num_cat=0
split_feature=4 3 9 9 9 10 5 0 4 6 9 0 9 0
split_gain=153166 348836 281970 205973 233530 168356 153171 194585 349336 246486 334135 244887 238541 227354
threshold=-249.45500183105466 2.0301544666290288 0.27604819834232336 0.38693533837795263 0.70082291960716259 -6.0999999046325675 0.082499999552965178 2192.5000000000005 166.83499908447268 95.695373535156264 -0.52661553025245655 4148.5000000000009 -0.2852825373411178 5435.5000000000009
decision_type=2 2 2 2 2 2 2 2 2 2 2 2 2 2
left_child=1 5 -3 -4 -5 -1 -2 -8 11 10 13 12 -9 -10
right_child=6 2 3 4 -6 -7 7 8 9 -11 -12 -13 -14 -15
leaf_value=0.4101595572617705 -0.00013497504437152047 -0.32567072953697757 0.018544261409941584 -0.12673079177399257 0.32200422782504684 -0.0081921439513997305 -0.020330687063932932 0.12706885263488638 -0.34312481833921354 0.087251654388062358 0.054343144285557074 0.31189223188736215 -0.14946409232015698 0.014482969401362789
leaf_weight=917 2961331 1599 9397 10953 475 657 14703 11497 2316 5450 3092 2538 1391 1023
leaf_count=917 2961331 1599 9397 10953 475 657 14703 11497 2316 5450 3092 2538 1391 1023
internal_value=8.21778e-07 -0.050315 -0.0705499 -0.0508131 -0.107812 0.236574 0.00040304 0.0383198 0.0698958 -0.0116156 -0.0954099 0.132643 0.0971284 -0.233839
internal_weight=3.02734e+06 23998 22424 20825 11428 1574 3.00334e+06 42010 27307 11881 6431 15426 12888 3339
internal_count=3027339 23998 22424 20825 11428 1574 3003341 42010 27307 11881 6431 15426 12888 3339
is_linear=0
shrinkage=0.02


Tree=289
num_leaves=15
num_cat=0
split_feature=4 3 8 8 8 10 8 8 5 8 13 4 0 4
split_gain=147086 335136 271642 194096 224420 161761 152429 313253 147744 206010 173779 168639 607334 292207
threshold=-249.45500183105466 2.0301544666290288 -0.96246585249900807 -0.92210632562637318 -0.71333315968513478 -6.0999999046325675 -0.75060239434242237 -0.89492630958557118 0.077500000596046462 0.42604035139083868 -5.0999999046325675 169.55500030517581 4121.5000000000009 253.78499603271487
decision_type=2 2 2 2 2 2 2 2 2 2 2 2 2 2
left_child=1 5 -3 -4 6 -1 7 -5 -2 10 -10 12 -11 -13
right_child=8 2 3 4 -6 -7 -8 -9 9 11 -12 13 -14 -15
leaf_value=0.40204485757194036 -0.00025330101834617613 -0.32542791872191629 0.016765786685382748 -0.22118788076139725 0.31569692914510511 -0.0080307572338384255 -0.28213107000881882 0.016650142603338223 -0.068401672806155653 0.023418538404419806 0.47473409039405334 -0.1020888909268706 0.28691766014723868 0.072861236833464821
leaf_weight=917 2940544 1531 9465 3970 475 657 1991 4992 341 42140 736 9317 3806 6457
leaf_count=917 2940544 1531 9465 3970 475 657 1991 4992 341 42140 736 9317 3806 6457
internal_value=8.29934e-07 -0.0493063 -0.0691399 -0.0502119 -0.105653 0.231893 -0.124198 -0.0888346 0.000394984 0.0307472 0.303701 0.0259355 0.045304 -0.030472
internal_weight=3.02734e+06 23998 22424 20893 11428 1574 10953 8962 3.00334e+06 62797 1077 61720 45946 15774
internal_count=3027339 23998 22424 20893 11428 1574 10953 8962 3003341 62797 1077 61720 45946 15774
is_linear=0
shrinkage=0.02


Tree=290
num_leaves=15
num_cat=0
split_feature=7 7 7 8 7 0 7 0 7 8 8 0 6 7
split_gain=153316 946412 871300 900656 671652 579930 550650 907411 720883 796458 1.33603e+06 1.24869e+06 598983 795619
threshold=11203.090820312502 11252.907714843752 11235.322753906252 0.67900785803794872 11240.761718750002 2475.5000000000005 11057.007324218752 2591.5000000000005 11019.201171875002 -0.70585528016090382 -0.844174563884735 3216.5000000000005 130.3179626464844 11002.349121093752
decision_type=2 2 2 2 2 2 2 2 2 2 2 2 2 2
left_child=6 2 -2 5 -5 -4 8 -8 12 10 -10 -12 -1 -14
right_child=1 -3 3 4 -6 -7 7 -9 9 -11 11 -13 13 -15
leaf_value=0.00021418556123660847 -0.029303692293309695 0.0012990098820587403 -0.049448443667396952 -0.12445271473486895 0.27632249109870149 -0.30563399635170985 -0.0022000228575165372 0.065396647122542589 0.16381423447415952 -0.013286694579390055 -0.099146175788946384 -0.4003986031015655 0.038881897625996475 0.31703809074471095
leaf_weight=750557 168994 1655379 4923 4185 2772 12563 178031 143422 4751 54356 16064 8370 17614 5358
leaf_count=750557 168994 1655379 4923 4185 2772 12563 178031 143422 4751 54356 16064 8370 17614 5358
internal_value=8.53076e-07 -0.00359261 -0.0454517 -0.157037 0.0353997 -0.233578 0.00563812 0.0279605 -0.00273431 -0.0585446 -0.142802 -0.202464 0.00329384 0.10387
internal_weight=3.02734e+06 1.84882e+06 193437 24443 6957 17486 1.17852e+06 321453 857070 83541 29185 24434 773529 22972
internal_count=3027339 1848816 193437 24443 6957 17486 1178523 321453 857070 83541 29185 24434 773529 22972
is_linear=0
shrinkage=0.02


Tree=291
num_leaves=15
num_cat=0
split_feature=1 4 4 0 1 0 4 8 4 4 4 8 8 0
split_gain=139472 335972 256773 716895 383105 590090 539173 394387 504716 413965 373813 366603 588632 276564
threshold=94.94791412353517 -125.01499938964842 118.33499908447267 4095.5000000000005 60.019386291503913 5760.5000000000009 253.78499603271487 0.70585528016090404 228.54000091552737 228.54000091552737 284.38999938964849 0.73663246631622326 0.77619159221649181 5918.5000000000009
decision_type=2 2 2 2 2 2 2 2 2 2 2 2 2 2
left_child=2 -2 -1 -4 5 -5 -7 8 -6 -9 -8 13 -13 -11
right_child=1 -3 3 4 7 6 10 9 -10 11 -12 12 -14 -15
leaf_value=0.0061486278810704686 -0.038604423127523629 -0.0019710500701885969 -0.047346308312824228 -0.0090417573467591068 -0.19673380878994362 -0.15375022456121884 -1.0269117066642242 0.04030328188402546 0.23686403345162144 0.32326473152946672 -0.22694493825634776 -0.22885890724559854 -0.0055902294231114057 -0.070742428950854933
leaf_weight=1704798 113242 864984 141446 18352 6142 4623 526 146768 1292 1725 427 6905 14905 1204
leaf_count=1704798 113242 864984 141446 18352 6142 4623 526 146768 1292 1725 427 6905 14905 1204
internal_value=8.25118e-07 -0.0062122 0.00296689 -0.0127865 0.0113107 -0.0638319 -0.243817 0.0213619 -0.121157 0.0275462 -0.674579 -0.0481221 -0.07635 0.161607
internal_weight=3.02734e+06 978226 2.04911e+06 344315 202869 23928 5576 178941 7434 171507 953 24739 21810 2929
internal_count=3027339 978226 2049113 344315 202869 23928 5576 178941 7434 171507 953 24739 21810 2929
is_linear=0
shrinkage=0.02


Tree=292
num_leaves=15
num_cat=0
split_feature=5 0 1 8 9 8 9 8 8 8 0 5 0 8
split_gain=139385 313747 214006 210894 361069 189202 233746 178965 401719 192226 330855 427488 270182 355751
threshold=0.052500000223517425 2292.5000000000005 91.864318847656264 -0.78159695863723744 0.20284801721572879 0.89291974902153026 0.28987027704715734 0.94968119263648998 0.86057791113853466 0.75801146030426036 4284.5000000000009 0.10749999806284906 5495.5000000000009 0.71709984540939342
decision_type=2 2 2 2 2 2 2 2 2 2 2 2 2 2
left_child=2 -2 -1 -3 7 -4 -7 8 9 10 11 -5 -12 -14
right_child=1 3 5 4 -6 6 -8 -9 -10 -11 12 -13 13 -15
leaf_value=0.00291308795334969 -0.0080133818774510319 -0.41262489930781115 -0.012928100667324881 0.084678710962855563 0.31466492765033854 0.0098358324511682756 -0.40568307251925023 -0.019507977956676938 0.094075447372115414 -0.011701208991519314 -0.095944065440404028 -0.34222580924599189 0.2067010672547544 -0.10285852561038163
leaf_weight=1677032 156523 417 824301 38483 1784 200441 533 25365 37685 47626 10165 952 3424 2608
leaf_count=1677032 156523 417 824301 38483 1784 200441 533 25365 37685 47626 10165 952 3424 2608
internal_value=7.15072e-07 0.0123746 -0.00148764 0.0313118 0.0324377 -0.00868584 0.00871361 0.0293914 0.0381925 0.0177902 0.0430354 0.0742882 -0.0330538 0.0729076
internal_weight=3.02734e+06 325032 2.70231e+06 168509 168092 1.02528e+06 200974 166308 140943 103258 55632 39435 16197 6032
internal_count=3027339 325032 2702307 168509 168092 1025275 200974 166308 140943 103258 55632 39435 16197 6032
is_linear=0
shrinkage=0.02


Tree=293
num_leaves=15
num_cat=0
split_feature=4 3 8 8 8 10 8 8 5 0 4 4 0 11
split_gain=135576 320350 261496 182730 214153 155208 145155 296641 139458 182675 328782 229964 222856 297150
threshold=-249.45500183105466 2.0301544666290288 -0.96246585249900807 -0.92210632562637318 -0.71333315968513478 -6.0999999046325675 -0.89492630958557118 -0.75060239434242237 0.082499999552965178 2192.5000000000005 166.83499908447268 238.91999816894534 4148.5000000000009 0.77609717845916759
decision_type=2 2 2 2 2 2 2 2 2 2 2 2 2 2
left_child=1 5 -3 -4 6 -1 -5 -8 -2 -10 12 -12 13 -11
right_child=8 2 3 4 -6 -7 7 -9 9 10 11 -13 -14 -15
leaf_value=0.39425665582267982 -0.00013429440651268075 -0.31818443461411344 0.016827806754544927 -0.2165029177096375 0.3096391126101779 -0.007432671484650522 0.01742265606297181 -0.27075808428335885 -0.020268097844963688 -0.0064595979661937943 -0.10487354135898233 0.071232793757682197 0.29902575194388642 0.18573308443385461
leaf_weight=917 2961331 1531 9465 3970 475 657 4992 1991 14703 6146 5609 6272 2538 6742
leaf_count=917 2961331 1531 9465 3970 475 657 4992 1991 14703 6146 5609 6272 2538 6742
internal_value=6.54098e-07 -0.0473378 -0.0667293 -0.0481587 -0.101952 0.227587 -0.120069 -0.0650106 0.000379072 0.0365587 0.0671531 -0.0119233 0.128027 0.0941452
internal_weight=3.02734e+06 23998 22424 20893 11428 1574 10953 6983 3.00334e+06 42010 27307 11881 15426 12888
internal_count=3027339 23998 22424 20893 11428 1574 10953 6983 3003341 42010 27307 11881 15426 12888
is_linear=0
shrinkage=0.02


Tree=294
num_leaves=15
num_cat=0
split_feature=7 7 4 4 7 7 8 4 8 7 4 4 7 4
split_gain=152160 940132 1.15139e+06 1.08206e+06 623370 1.48156e+06 1.29711e+06 518625 500911 500868 878016 556574 498429 2.15535e+06
threshold=12544.754394531252 12571.960937500002 100.98500061035158 -80.674999237060533 12767.550292968752 12775.274902343752 0.84417456388473522 -156.56500244140622 0.92534694075584423 12805.279296875002 -44.215000152587884 -99.344997406005845 12169.453125000002 -127.61500167846678
decision_type=2 2 2 2 2 2 2 2 2 2 2 2 2 2
left_child=12 3 4 7 -3 6 -6 -2 -4 10 -7 -11 -1 -14
right_child=1 2 8 -5 5 9 -8 -9 -10 11 -12 -13 13 -15
leaf_value=-0.0018118847298882856 -0.74994781139476885 0.048501779681068773 -0.068052782678572732 -0.047386505153786951 -0.16714065774825121 0.21592570184156745 -0.89181976735266177 -0.24836828678391773 -0.29331202943237439 -0.18158571667872597 -0.032095240081551318 0.023243566304900362 0.19642825127386934 0.0093728779300394464
leaf_weight=2421643 915 123623 40349 28116 9961 10800 1088 7907 4369 8021 12095 15635 26713 316104
leaf_count=2421643 915 123623 40349 28116 9961 10800 1088 7907 4369 8021 12095 15635 26713 316104
internal_value=6.63834e-07 -0.0145395 0.000754951 -0.108067 0.0231833 -0.0311547 -0.239244 -0.301184 -0.090122 0.0182761 0.0849432 -0.0462541 0.00138337 0.023954
internal_weight=3.02734e+06 262879 225941 36938 181223 57600 11049 8822 44718 46551 22895 23656 2.76446e+06 342817
internal_count=3027339 262879 225941 36938 181223 57600 11049 8822 44718 46551 22895 23656 2764460 342817
is_linear=0
shrinkage=0.02


Tree=295
num_leaves=15
num_cat=0
split_feature=7 7 7 0 4 7 0 7 8 7 0 5 8 7
split_gain=153551 902925 846566 631144 594920 529465 874159 705613 3.65803e+06 1.8616e+06 1.63871e+06 1.40503e+06 877773 3.83431e+06
threshold=11203.090820312502 11252.907714843752 11227.193847656252 5615.5000000000009 131.08499908447268 11057.007324218752 2591.5000000000005 10971.728027343752 -0.844174563884735 11006.505859375002 3725.5000000000005 0.042500000447034843 -0.80862879753112782 10880.121582031252
decision_type=2 2 2 2 2 2 2 2 2 2 2 2 2 2
left_child=5 2 4 -4 -2 7 -7 12 9 -9 -10 -12 13 -1
right_child=1 -3 3 -5 -6 6 -8 8 10 -11 11 -13 -14 -15
leaf_value=0.078018506102360066 -0.0036867049950815968 0.0011821949632888724 -0.105647687531255 -0.58079370482013692 -0.11896414233827943 -0.0020718875221325487 0.06427467989820812 0.7910818467577484 -0.015642912937970745 0.17096029959088829 -0.1972908841251855 0.027103738998161046 0.017881691643498593 -0.16999156252965217
leaf_weight=49592 124143 1655379 47242 1136 20916 178031 143422 2727 144930 6648 44163 14932 543946 50132
leaf_count=49592 124143 1655379 47242 1136 20916 178031 143422 2727 144930 6648 44163 14932 543946 50132
internal_value=5.05213e-07 -0.00359572 -0.0444818 -0.116923 -0.0203157 0.00564211 0.0275308 -0.00256769 -0.0340834 0.351994 -0.0518403 -0.140596 0.00788126 -0.0466624
internal_weight=3.02734e+06 1.84882e+06 193437 48378 145059 1.17852e+06 321453 857070 213400 9375 204025 59095 643670 99724
internal_count=3027339 1848816 193437 48378 145059 1178523 321453 857070 213400 9375 204025 59095 643670 99724
is_linear=0
shrinkage=0.02


Tree=296
num_leaves=15
num_cat=0
split_feature=8 8 1 3 17 6 8 8 8 6 1 8 3 6
split_gain=129373 363037 256404 213138 159531 145809 430341 153686 175831 141936 191702 123608 192968 197642
threshold=0.9514024853706361 0.87731993198394786 88.854778289794936 3.1029646396636967 0.12508517503738406 151.35574340820315 -0.92389282584190358 -0.69446012377738942 0.73180776834487926 48.16533279418946 40.519136428833015 0.99468204379081737 4.0790145397186288 80.258087158203139
decision_type=2 2 2 2 2 2 2 2 2 2 2 2 2 2
left_child=1 2 4 -4 -1 -5 -7 -8 -9 -3 -11 12 13 -2
right_child=11 9 3 5 -6 6 7 8 -10 10 -12 -13 -14 -15
leaf_value=0.058487120896632203 -0.10897442371737462 -0.057625520127017132 0.012299799246225193 -0.013439347687755558 0.0037320206685216568 0.38511272917293154 -0.13449062164498604 0.21229346455384002 -0.023040676759750359 0.52157289356475134 0.023151963044962278 -0.0032214734936861266 -0.0046987778702090718 -0.027671313945980436
leaf_weight=21630 18691 8829 163231 862372 1294837 1424 2171 2008 3421 299 313038 240177 62002 33209
leaf_count=21630 18691 8829 163231 862372 1294837 1424 2171 2008 3421 299 313038 240177 62002 33209
internal_value=4.91964e-07 0.00150522 -0.00122309 -0.0086733 0.00463212 -0.0126021 0.0673304 0.00735764 0.0642279 0.0214153 0.0236443 -0.0113597 -0.0285182 -0.0569671
internal_weight=3.02734e+06 2.67326e+06 2.35109e+06 1.03463e+06 1.31647e+06 871396 9024 7600 5429 322166 313337 354079 113902 51900
internal_count=3027339 2673260 2351094 1034627 1316467 871396 9024 7600 5429 322166 313337 354079 113902 51900
is_linear=0
shrinkage=0.02


Tree=297
num_leaves=15
num_cat=0
split_feature=7 7 7 7 7 8 7 4 7 8 7 7 7 9
split_gain=150303 704266 665204 600570 677478 3.50697e+06 1.78417e+06 1.21889e+06 846042 844489 3.49752e+06 1.05888e+06 1.73335e+06 1.39308e+06
threshold=11199.130371093752 11310.526855468752 11365.239746093752 11057.007324218752 10971.728027343752 -0.844174563884735 11006.505859375002 -113.6949996948242 10992.782226562502 -0.80328845977783192 10880.121582031252 10790.399414062502 10833.774902343752 0.27604819834232336
decision_type=2 2 2 2 2 2 2 2 2 2 2 2 2 2
left_child=3 -2 -3 4 9 6 -6 8 -7 10 11 -1 13 -13
right_child=1 2 -4 -5 5 7 -8 -9 -10 -11 -12 12 -14 -15
leaf_value=-0.078205819410829602 -0.0329764080001878 0.046614456478902666 -0.0020586325969201074 0.031537875546442738 0.77452870440387278 -0.046491178606934282 0.16744068480024193 -0.031022326587897355 -0.2664905350661721 0.017693657077675725 -0.16180501589925469 0.096627061129125863 0.040069645717685745 0.55138731997523172
leaf_weight=13598 275935 121403 1498814 274117 2727 12268 6648 175492 16265 541923 51108 5027 26204 5810
leaf_count=13598 275935 121403 1498814 274117 2727 12268 6648 175492 16265 541923 51108 5027 26204 5810
internal_value=5.37589e-07 -0.00344148 0.0015887 0.00577021 -0.00247131 -0.0333524 0.34467 -0.0507387 -0.17195 0.0077672 -0.0450992 0.0726957 0.128099 0.340721
internal_weight=3.02734e+06 1.89615e+06 1.62022e+06 1.13119e+06 857070 213400 9375 204025 28533 643670 101747 50639 37041 10837
internal_count=3027339 1896152 1620217 1131187 857070 213400 9375 204025 28533 643670 101747 50639 37041 10837
is_linear=0
shrinkage=0.02


Tree=298
num_leaves=15
num_cat=0
split_feature=5 1 9 14 5 9 9 9 9 9 9 5 9 9
split_gain=129933 198301 170327 149500 141567 197584 149545 139833 198707 135747 135347 134858 119537 236232
threshold=0.052500000223517425 92.062114715576186 -0.7565920054912566 0.83636376261711132 -0.042500000447034829 -0.45021446049213404 0.75179949402809154 -0.24782751500606534 -0.032557819038629525 -0.17292127013206479 -0.59396660327911366 -0.052500000223517411 0.20284801721572879 0.27604819834232336
decision_type=2 2 2 2 2 2 2 2 2 2 2 2 2 2
left_child=1 -1 3 -2 6 10 9 -7 -9 -3 -6 -8 -4 -14
right_child=2 4 12 -5 5 7 11 8 -10 -11 -12 -13 13 -15
leaf_value=0.0027644794059699229 0.075503013318817369 0.17682289348282734 0.0080266239949503323 0.50594838760278604 -0.011728568842239462 0.02301974581325331 0.40917782569304112 -0.039054936315709263 0.0026426730545114105 -0.029697957646633185 -0.046968673967220334 0.022166058634474625 0.31108785881784845 -0.055972686149404691
leaf_weight=1687657 10958 1274 310950 323 294229 106438 576 52453 355358 152213 51171 938 1485 1316
leaf_count=1687657 10958 1274 310950 323 294229 106438 576 52453 355358 152213 51171 938 1485 1316
internal_value=5.9995e-07 -0.0014364 0.0119475 0.0882666 -0.00842367 -0.00525129 -0.0260163 0.00260683 -0.00272129 -0.0279722 -0.0169507 0.171136 0.00920068 0.139038
internal_weight=3.02734e+06 2.70231e+06 325032 11281 1.01465e+06 859649 155001 514249 407811 153487 345400 1514 313751 2801
internal_count=3027339 2702307 325032 11281 1014650 859649 155001 514249 407811 153487 345400 1514 313751 2801
is_linear=0
shrinkage=0.02


Tree=299
num_leaves=15
num_cat=0
split_feature=7 7 7 9 7 7 9 9 6 3 7 7 9 7
split_gain=148874 726883 605939 561585 775720 534600 1.73944e+06 554967 873869 592402 561796 1.3143e+06 612732 558483
threshold=12535.058593750002 12629.550292968752 12524.694824218752 0.30041404068470007 12528.031738281252 12680.433105468752 -0.68419089913368214 0.58831891417503368 83.587043762207045 4.4513583183288583 12775.274902343752 12767.550292968752 -0.55470204353332508 12767.550292968752
decision_type=2 2 2 2 2 2 2 2 2 2 2 2 2 2
left_child=2 -2 -1 -4 -5 6 -3 10 9 -9 11 12 -7 -10
right_child=1 5 3 4 -6 7 -8 8 13 -11 -12 -13 -14 -15
leaf_value=0.00035906165235347976 -0.054644482905980028 0.46345651313555736 0.0043793673071103488 0.40693441789908946 0.091207084860080098 0.053845173011853556 0.029316019514875499 -0.069660461097891715 0.28552621455095889 0.18848010360963449 0.015559487495137863 -0.2949078424286215 -0.096036890922338164 -0.047769187395352526
leaf_weight=2704898 108109 4176 17823 4030 13604 19653 31269 15601 8702 4595 58809 8958 24501 2611
leaf_count=2704898 108109 4176 17823 4030 13604 19653 31269 15601 8702 4595 58809 8958 24501 2611
internal_value=6.77924e-07 -0.0137042 0.00143597 0.0835663 0.163553 0.011041 0.0805817 -0.00614849 0.0679832 -0.010863 -0.0270231 -0.0741677 -0.0293267 0.208627
internal_weight=3.02734e+06 286984 2.74036e+06 35457 17634 178875 35445 143430 31509 20196 111921 53112 44154 11313
internal_count=3027339 286984 2740355 35457 17634 178875 35445 143430 31509 20196 111921 53112 44154 11313
is_linear=0
shrinkage=0.02


end of trees

feature_importances:
Column_7=1378
Column_4=518
Column_9=476
Column_0=457
Column_8=434
Column_17=208
Column_5=180
Column_6=145
Column_1=102
Column_14=78
Column_16=78
Column_13=60
Column_3=55
Column_10=19
Column_11=6
Column_18=4
Column_12=2

parameters:
[boosting: gbdt]
[objective: regression]
[metric: l2]
[tree_learner: serial]
[device_type: cpu]
[data_sample_strategy: bagging]
[data: ]
[valid: ]
[num_iterations: 300]
[learning_rate: 0.02]
[num_leaves: 15]
[num_threads: 4]
[seed: 1]
[deterministic: 0]
[force_col_wise: 0]
[force_row_wise: 0]
[histogram_pool_size: -1]
[max_depth: -1]
[min_data_in_leaf: 200]
[min_sum_hessian_in_leaf: 0.001]
[bagging_fraction: 0.7]
[pos_bagging_fraction: 1]
[neg_bagging_fraction: 1]
[bagging_freq: 0]
[bagging_seed: 18467]
[bagging_by_query: 0]
[feature_fraction: 0.6]
[feature_fraction_bynode: 1]
[feature_fraction_seed: 26500]
[extra_trees: 0]
[extra_seed: 15724]
[early_stopping_round: 0]
[early_stopping_min_delta: 0]
[first_metric_only: 0]
[max_delta_step: 0]
[lambda_l1: 1]
[lambda_l2: 10]
[linear_lambda: 0]
[min_gain_to_split: 0]
[drop_rate: 0.1]
[max_drop: 50]
[skip_drop: 0.5]
[xgboost_dart_mode: 0]
[uniform_drop: 0]
[drop_seed: 6334]
[top_rate: 0.2]
[other_rate: 0.1]
[min_data_per_group: 100]
[max_cat_threshold: 32]
[cat_l2: 10]
[cat_smooth: 10]
[max_cat_to_onehot: 4]
[top_k: 20]
[monotone_constraints: ]
[monotone_constraints_method: basic]
[monotone_penalty: 0]
[feature_contri: ]
[forcedsplits_filename: ]
[refit_decay_rate: 0.9]
[cegb_tradeoff: 1]
[cegb_penalty_split: 0]
[cegb_penalty_feature_lazy: ]
[cegb_penalty_feature_coupled: ]
[path_smooth: 0]
[interaction_constraints: ]
[verbosity: -1]
[saved_feature_importance_type: 0]
[use_quantized_grad: 0]
[num_grad_quant_bins: 4]
[quant_train_renew_leaf: 0]
[stochastic_rounding: 1]
[linear_tree: 0]
[max_bin: 255]
[max_bin_by_feature: ]
[min_data_in_bin: 3]
[bin_construct_sample_cnt: 200000]
[data_random_seed: 41]
[is_enable_sparse: 1]
[enable_bundle: 1]
[use_missing: 1]
[zero_as_missing: 0]
[feature_pre_filter: 1]
[pre_partition: 0]
[two_round: 0]
[header: 0]
[label_column: ]
[weight_column: ]
[group_column: ]
[ignore_column: ]
[categorical_feature: ]
[forcedbins_filename: ]
[precise_float_parser: 0]
[parser_config_file: ]
[objective_seed: 19169]
[num_class: 1]
[is_unbalance: 0]
[scale_pos_weight: 1]
[sigmoid: 1]
[boost_from_average: 1]
[reg_sqrt: 0]
[alpha: 0.9]
[fair_c: 1]
[poisson_max_delta_step: 0.7]
[tweedie_variance_power: 1.5]
[lambdarank_truncation_level: 30]
[lambdarank_norm: 1]
[label_gain: ]
[lambdarank_position_bias_regularization: 0]
[eval_at: ]
[multi_error_top_k: 1]
[auc_mu_weights: ]
[num_machines: 1]
[local_listen_port: 12400]
[time_out: 120]
[machine_list_filename: ]
[machines: ]
[gpu_platform_id: -1]
[gpu_device_id: -1]
[gpu_use_dp: 0]
[num_gpu: 1]

end of parameters

pandas_categorical:null
