tree
version=v4
num_class=1
num_tree_per_iteration=1
label_index=0
max_feature_idx=27
objective=regression
feature_names=Column_0 Column_1 Column_2 Column_3 Column_4 Column_5 Column_6 Column_7 Column_8 Column_9 Column_10 Column_11 Column_12 Column_13 Column_14 Column_15 Column_16 Column_17 Column_18 Column_19 Column_20 Column_21 Column_22 Column_23 Column_24 Column_25 Column_26 Column_27
feature_infos=[1:10052] [17.980072021484375:400.35589599609375] [-85.591636657714844:64.589332580566406] [0.0030836109071969986:137.3016357421875] [-341.35000610351562:427.41000366210938] [-0.44999998807907104:0.1550000011920929] [17.186140060424805:392.201904296875] [10038.6181640625:12870.568359375] [-1:1] [-0.99998748302459717:0.85439145565032959] [-25:25] [0:0.99383389949798584] [0:0.6786121129989624] [-25:25] [-0.07535572350025177:0.96812313795089722] [1.2707172572845593e-05:0.70555102825164795] [-25:25] [-0.33253172039985657:0.92736095190048218] [1.0667117749108002e-06:0.841361403465271] [10027.96484375:14717.158203125] [10042.990234375:13162.302734375] [10032.80859375:12956.9853515625] [10018.4990234375:12913.451171875] [10018.0498046875:12913.4521484375] [10024.5322265625:12913.451171875] [0:0.23114879429340363] [10044.0322265625:12886.974609375] [-100.408203125:130.3955078125]
tree_sizes=1606 1645 1642 1651 1638 1640 1664 1639 1653 1643 1657 1636 1655 1659 1651 1654 1645 1636 1660 1628 1651 1633 1646 1659 1653 1647 1650 1640 1640 1639 1646 1653 1640 1640 1632 1654 1643 1644 1647 1662 1635 1644 1648 1658 1638 1640 1641 1656 1639 1647 1657 1665 1639 1636 1650 1644 1676 1632 1658 1654 1652 1643 1639 1667 1642 1640 1631 1636 1644 1647 1636 1644 1638 1651 1644 1622 1652 1624 1664 1619 1645 1647 1630 1647 1646 1682 1637 1641 1643 1652 1621 1634 1642 1642 1649 1604 1651 1617 1630 1637 1654 1643 1635 1642 1651 1626 1636 1640 1621 1634 1635 1619 1657 1651 1645 1633 1623 1646 1593 1646 1627 1608 1637 1643 1625 1611 1650 1598 1648 1649 1652 1612 1589 1592 1627 1591 1633 1597 1604 1646 1598 1618 1628 1599 1603 1629 1613 1604 1602 1633 1616 1603 1640 1585 1605 1588 1583 1595 1584 1641 1603 1577 1650 1586 1564 1603 1571 1605 1583 1611 1600 1578 1643 1580 1568 1607 1621 1588 1571 1632 1569 1626 1602 1596 1624 1590 1608 1603 1630 1561 1628 1605 1577 1555 1628 1643 1648 1607 1623 1658 1648 1586 1598 1574 1556 1621 1574 1637 1588 1648 1624 1640 1662 1642 1546 1582 1598 1558 1615 1653 1566 1613 1576 1542 1612 1579 1581 1596 1574 1576 1611 1616 1555 1630 1629 1608 1636 1545 1636 1590 1663 1571 1547 1571 1597 1535 1555 1602 1535 1604 1606 1593 1546 1549 1584 1595 1558 1573 1584 1581 1603 1620 1567 1551 1571 1557 1616 1531 1594 1553 1581 1588 1672 1570 1587 1585 1595 1589 1566 1604 1549 1569 1557 1573 1640 1571 1569 1585 1608 1555 1604 1634 1551 1618 1578 1570 1572 1598 1539 1613

Tree=0
num_leaves=15
num_cat=0
split_feature=8 7 26 26 7 26 7 4 21 7 7 25 7 22
split_gain=3.58846e+07 5.81256e+06 1.37576e+07 5.11143e+06 4.91643e+06 4.49895e+06 3.86792e+06 5.31297e+06 3.28913e+06 6.14192e+06 5.08997e+06 4.13546e+06 3.12346e+06 2.97918e+06
threshold=-0.66993230581283558 10942.550292968752 10950.395019531252 11399.744628906252 11421.926269531252 10941.998535156252 10880.121582031252 -118.1949996948242 10810.560058593752 10775.280273437502 10699.223144531252 0.050538912415504463 10833.774902343752 10935.586425781252
decision_type=2 2 2 2 2 2 2 2 2 2 2 2 2 2
left_child=3 2 -2 4 6 -3 8 -8 9 10 -1 -12 -10 -7
right_child=1 5 -4 -5 -6 13 7 -9 12 -11 11 -13 -14 -15
leaf_value=0.6342767308764431 0.94728510569108637 0.4386543342961956 1.496200353177944 0.80972236290184152 0.19082253974052221 0.7179124567098405 0.622320817860195 0.75176448279716646 1.332638986486234 0.50323685507272553 0.91413577380788402 1.4716081598596322 0.89779446387349038 0.89389020328831603
leaf_weight=16540 272229 8914 19568 542072 6725 39549 177621 443638 8383 23830 17191 7702 31072 1412305
leaf_count=16540 272229 8914 19568 542072 6725 39549 177621 443638 8383 23830 17191 7702 31072 1412305
internal_value=0.843898 0.902624 0.984117 0.763161 0.728714 0.886344 0.733706 0.714753 0.846149 0.759001 0.906148 1.0868 0.990287 0.889096
internal_weight=3.02734e+06 1.75256e+06 291797 1.27477e+06 732702 1.46077e+06 725977 621259 104718 65263 41433 24893 39455 1.45185e+06
internal_count=3027339 1752565 291797 1274774 732702 1460768 725977 621259 104718 65263 41433 24893 39455 1451854
is_linear=0
shrinkage=1


Tree=1
num_leaves=15
num_cat=0
split_feature=8 7 26 26 7 26 7 26 20 7 7 20 7 8
split_gain=3.44636e+07 5.58245e+06 1.32131e+07 4.90902e+06 4.72208e+06 4.32097e+06 3.73797e+06 5.21253e+06 4.21591e+06 8.61541e+06 3.7764e+06 6.86178e+06 7.94508e+06 4.21454e+06
threshold=-0.66993230581283558 10942.550292968752 10950.395019531252 11399.744628906252 11421.926269531252 10941.998535156252 10974.288085937502 10971.138183593752 10986.533691406252 11013.437500000002 11200.173339843752 11199.758789062502 11230.460449218752 -0.92210632562637318
decision_type=2 2 2 2 2 2 2 2 2 2 2 2 2 2
left_child=3 2 -2 4 6 -3 -1 -8 9 -9 13 12 -12 -10
right_child=1 5 -4 -5 -6 -7 7 8 10 -11 11 -13 -14 -15
leaf_value=-0.049022287432076921 0.10131988408954751 -0.39714743427378835 0.63926341194360736 -0.033491695081678763 -0.64003289772655314 0.044294138045584075 -0.52975678115094582 -0.044918037645343301 0.33700018333834392 -0.78307653980235403 -0.22090243687483227 -0.10632664091984322 -0.75978728182646404 -0.06732657853787713
leaf_weight=270076 272229 8914 19568 542072 6725 1451854 13511 13906 11075 11593 45490 198023 14407 147896
leaf_count=270076 272229 8914 19568 542072 6725 1451854 13511 13906 11075 11593 45490 198023 14407 147896
internal_value=0 0.0575517 0.137415 -0.0791222 -0.11288 0.0415976 -0.107988 -0.142917 -0.131091 -0.380695 -0.115815 -0.163072 -0.350626 -0.0391389
internal_weight=3.02734e+06 1.75256e+06 291797 1.27477e+06 732702 1.46077e+06 725977 455901 442390 25499 416891 257920 59897 158971
internal_count=3027339 1752565 291797 1274774 732702 1460768 725977 455901 442390 25499 416891 257920 59897 158971
is_linear=0
shrinkage=0.02


Tree=2
num_leaves=15
num_cat=0
split_feature=27 27 7 9 27 8 9 22 7 27 7 7 27 19
split_gain=5.70301e+07 2.21018e+07 1.74345e+07 1.09569e+07 8.68031e+06 6.49673e+06 6.09849e+06 5.77301e+06 2.34936e+07 4.85634e+06 6.0716e+06 8.69817e+06 4.96734e+06 4.22807e+06
threshold=4.1293945312500009 -7.3422851562499991 10942.550292968752 -0.20045207440853116 36.633789062500007 0.99468204379081737 0.55122801661491405 12225.106445312502 12205.039550781252 -27.635253906249996 11445.585449218752 11769.250976562502 -40.215820312499993 10948.333007812502
decision_type=2 2 2 2 2 2 2 2 2 2 2 2 2 2
left_child=1 3 13 -1 -4 -6 -3 9 -9 10 12 -12 -5 -2
right_child=2 6 4 7 5 -7 -8 8 -10 -11 11 -13 -14 -15
leaf_value=-0.035459934074806528 0.31375234584306988 0.010305496052884049 0.080390330827665266 -0.76394168956714614 0.23538706960091152 0.77794731562882558 -0.083323985954257121 1.1367197574307057 -0.15870590755580624 -0.19764016827982084 0.37997297561213694 -0.35223632237021735 -0.36136415338526173 0.64550401250160006
leaf_weight=223106 107698 1208358 605829 18395 58197 10401 361504 6205 56578 283738 8938 23616 36846 17930
leaf_count=223106 107698 1208358 605829 18395 58197 10401 361504 6205 56578 283738 8938 23616 36846 17930
internal_value=-1.62775e-07 -0.0520266 0.144836 -0.149382 0.104538 0.317753 -0.0112557 -0.207901 -0.0305148 -0.237875 -0.367869 -0.151146 -0.495535 0.361149
internal_weight=3.02734e+06 2.22728e+06 800055 657422 674427 68598 1.56986e+06 434316 62783 371533 87795 32554 55241 125628
internal_count=3027339 2227284 800055 657422 674427 68598 1569862 434316 62783 371533 87795 32554 55241 125628
is_linear=0
shrinkage=0.02


Tree=3
num_leaves=15
num_cat=0
split_feature=8 9 22 4 20 4 23 23 4 4 21 22 23 21
split_gain=3.19808e+07 4.44597e+06 4.96866e+06 1.19639e+07 3.4145e+06 3.13986e+06 2.46416e+06 2.46156e+06 2.28808e+06 2.103e+06 2.09185e+06 3.89989e+06 3.20262e+06 2.11581e+06
threshold=-0.66993230581283558 0.55122801661491405 12225.106445312502 -174.19499969482419 12396.565429687502 -94.514999389648423 12738.863281250002 10766.468261718752 -249.45500183105466 284.38999938964849 12773.829101562502 12707.513183593752 12677.269531250002 12688.229980468752
decision_type=2 2 2 2 2 2 2 2 2 2 2 2 2 2
left_child=1 2 8 4 -4 6 7 -3 -1 10 11 12 -2 -14
right_child=9 5 3 -5 -6 -7 -8 -9 -10 -11 -12 -13 13 -15
leaf_value=-0.30724732794130838 0.053712335873574643 0.10474657271699699 1.2342499566544842 0.038170069210090043 0.050628752661469448 -0.077205540949667043 0.26332878249238972 -0.18734874768019338 -0.054748531755864235 0.32878431159298982 0.22840303080995694 -0.12057227366864856 0.75215356269716427 0.20242711669078414
leaf_weight=14808 1649332 12104 4486 97870 1246 433298 5260 245272 460430 11177 26976 51434 3932 9714
leaf_count=14808 1649332 12104 4486 97870 1246 433298 5260 245272 460430 11177 26976 51434 3932 9714
internal_value=-5.15425e-08 -0.076219 -0.0352635 0.0902299 0.977499 -0.110282 -0.164848 -0.173608 -0.0626225 0.0554399 0.0536835 0.050933 0.0562382 0.361263
internal_weight=3.02734e+06 1.27477e+06 578840 103602 5732 695934 262636 257376 475238 1.75256e+06 1.74139e+06 1.71441e+06 1.66298e+06 13646
internal_count=3027339 1274774 578840 103602 5732 695934 262636 257376 475238 1752565 1741388 1714412 1662978 13646
is_linear=0
shrinkage=0.02


Tree=4
num_leaves=15
num_cat=0
split_feature=27 27 7 9 27 26 27 19 9 7 19 9 4 7
split_gain=5.44835e+07 2.10666e+07 1.66943e+07 1.02286e+07 8.34133e+06 6.21067e+06 9.41558e+06 7.47109e+06 5.54468e+06 4.66846e+06 4.05915e+06 4.01479e+06 6.50547e+06 1.02534e+07
threshold=4.1293945312500009 -7.3422851562499991 10942.550292968752 -0.20045207440853116 36.633789062500007 11517.272460937502 -40.215820312499993 11745.066894531252 0.55122801661491405 11470.466308593752 10948.333007812502 0.55122801661491405 -174.19499969482419 12189.963378906252
decision_type=2 2 2 2 2 2 2 2 2 2 2 2 2 2
left_child=1 3 10 -1 -4 6 -5 -7 -3 -8 -2 12 13 -9
right_child=2 8 4 5 -6 7 9 11 -10 -11 -12 -13 -14 -15
leaf_value=-0.03582858766994617 0.30679682654463319 0.0095120232945557198 0.078460872504645091 -0.67438547998377885 0.31114272336647975 0.43389614127986842 -0.21878690875233209 -0.29055755810777345 -0.079765008483416056 -1.0830798942402819 0.63185341388207139 -0.28935639630117371 -0.1199250962847024 1.008127752821568
leaf_weight=223106 107698 1208358 605829 20388 68598 9671 248107 4433 361504 2516 17930 48546 95288 5367
leaf_count=223106 107698 1208358 605829 20388 68598 9671 248107 4433 361504 2516 17930 48546 95288 5367
internal_value=1.03201e-07 -0.0508515 0.141565 -0.1459 0.102132 -0.20244 -0.261149 -0.105001 -0.0110468 -0.227506 0.353237 -0.13895 -0.0694482 0.420972
internal_weight=3.02734e+06 2.22728e+06 800055 657422 674427 434316 271011 163305 1.56986e+06 250623 125628 153634 105088 9800
internal_count=3027339 2227284 800055 657422 674427 434316 271011 163305 1569862 250623 125628 153634 105088 9800
is_linear=0
shrinkage=0.02


Tree=5
num_leaves=15
num_cat=0
split_feature=27 27 26 8 21 27 8 26 27 21 27 8 4 21
split_gain=5.23323e+07 2.04045e+07 1.28157e+07 8.73471e+06 8.36955e+06 7.59996e+06 6.64156e+06 5.40028e+06 1.11643e+07 4.85589e+06 4.14092e+06 3.71934e+06 3.1855e+06 4.81774e+06
threshold=4.3481445312500009 -7.6069335937499991 11032.155761718752 -0.69446012377738942 10959.633300781252 33.938964843750007 0.99468204379081737 11399.744628906252 -40.215820312499993 12773.829101562502 33.938964843750007 0.63649341464042675 -271.19000244140619 12237.253906250002
decision_type=2 2 2 2 2 2 2 2 2 2 2 2 2 2
left_child=1 3 10 7 -4 -6 -7 8 -1 -5 -2 -3 13 -9
right_child=2 11 4 9 5 6 -8 12 -10 -11 -12 -13 -14 -15
leaf_value=-0.74197050779057361 0.24918830806016357 -0.045776131225835369 -1.2709879996095437 -0.070638487313806148 0.070839913883453301 0.21046794752670078 0.7535649355980647 -0.286216123564906 -0.22356430320821269 0.3548302470662531 0.55146175778094164 0.015872145207448441 -0.12473222249264236 1.2723424183833256
leaf_weight=17966 175523 692102 1782 238246 517181 63216 10497 1537 220227 11226 20217 901133 154863 1623
leaf_count=17966 175523 692102 1782 238246 517181 63216 10497 1537 220227 11226 20217 901133 154863 1623
internal_value=9.94146e-08 -0.0493449 0.140127 -0.144186 0.0937848 0.0979221 0.287899 -0.202555 -0.262695 -0.0514793 0.280435 -0.010908 -0.111892 0.515754
internal_weight=3.02734e+06 2.23892e+06 788416 645688 592676 590894 73713 396216 238193 249472 195740 1.59324e+06 158023 3160
internal_count=3027339 2238923 788416 645688 592676 590894 73713 396216 238193 249472 195740 1593235 158023 3160
is_linear=0
shrinkage=0.02


Tree=6
num_leaves=15
num_cat=0
split_feature=4 26 0 26 9 20 4 0 19 19 9 26 21 4
split_gain=2.64897e+07 4.28455e+06 4.92248e+06 4.23189e+06 3.25422e+06 5.78791e+06 3.00227e+06 2.72915e+06 2.23977e+06 2.43772e+06 2.3425e+06 2.26282e+06 4.86006e+06 2.89377e+06
threshold=3.9550000429153447 11399.744628906252 2748.5000000000005 10851.689941406252 0.15994049608707431 11594.234375000002 -179.65499877929685 1800.5000000000002 13462.845214843752 12790.271972656252 -0.59959703683853138 11180.830566406252 11204.439941406252 118.33499908447267
decision_type=2 2 2 2 2 2 2 2 2 2 2 2 2 2
left_child=1 2 -1 6 7 -6 -4 -2 9 11 -10 12 -9 -13
right_child=4 -3 3 -5 5 -7 -8 8 10 -11 -12 13 -14 -15
leaf_value=-0.052484040514475694 0.021121113113578553 -0.024354083582222838 0.62111113431397169 -0.17569151165771049 -0.024910833685598457 -0.83600692685608535 0.0012047984743554698 0.10207119009002812 -0.032732900532893225 0.39907004070264096 -0.97048797663246722 0.089901331139565527 0.52738376096319628 0.0084137971217370707
leaf_weight=443895 568687 578679 3559 306966 17316 4407 25124 348215 3044 9319 1630 390619 11080 314799
leaf_count=443895 568687 578679 3559 306966 17316 4407 25124 348215 3044 9319 1630 390619 11080 314799
internal_value=1.44454e-07 -0.0655833 -0.0961883 -0.153984 0.053368 -0.18977 0.0783134 0.0565752 0.075266 0.0771685 -0.361141 0.0743473 0.115201 0.0535375
internal_weight=3.02734e+06 1.35822e+06 779544 335649 1.66912e+06 21723 28683 1.64739e+06 1.07871e+06 1.07403e+06 4674 1.06471e+06 359295 705418
internal_count=3027339 1358223 779544 335649 1669116 21723 28683 1647393 1078706 1074032 4674 1064713 359295 705418
is_linear=0
shrinkage=0.02


Tree=7
num_leaves=15
num_cat=0
split_feature=8 7 19 0 8 7 7 0 24 7 22 25 23 7
split_gain=2.76508e+07 4.75089e+06 9.24447e+06 4.48524e+06 4.33935e+06 4.93746e+06 4.79213e+06 4.74657e+06 4.70029e+06 1.75638e+07 3.64183e+06 3.58822e+06 3.46845e+06 3.31084e+06
threshold=-0.68934190273284901 10942.550292968752 10950.788574218752 3839.5000000000005 -0.83435350656509388 10765.747070312502 10699.223144531252 2532.5000000000005 12220.685058593752 12205.039550781252 10935.586425781252 0.033414689823985107 10951.334960937502 10880.121582031252
decision_type=2 2 2 2 2 2 2 2 2 2 2 2 2 2
left_child=4 2 3 -2 8 6 -6 -7 13 -10 -3 -8 -4 -1
right_child=1 10 12 -5 5 7 11 -9 9 -11 -12 -13 -14 -15
leaf_value=0.10098777082951126 0.038332607283258213 -0.14127984298239959 0.90149592718524407 0.22220604677681199 -0.2431639941658662 -0.064290180359917931 0.048219509723516921 -0.17238256953053302 0.97317162461990292 0.013501692702005606 0.041735912984732108 0.62249746847706711 0.35586895044257605 -0.075969136224974768
leaf_weight=46951 193229 44838 6028 73148 7830 333003 8229 317394 8284 95062 1438032 9232 20563 425516
leaf_count=46951 193229 44838 6028 73148 7830 333003 8229 317394 8284 95062 1438032 9232 20563 425516
internal_value=1.19677e-07 0.0507419 0.124337 0.0888314 -0.0720006 -0.106379 0.16774 -0.117041 -0.0316576 0.0905137 0.0362011 0.352036 0.479852 -0.0583824
internal_weight=3.02734e+06 1.77584e+06 292968 266377 1.2515e+06 675688 25291 650397 575813 103346 1.48287e+06 17461 26591 472467
internal_count=3027339 1775838 292968 266377 1251501 675688 25291 650397 575813 103346 1482870 17461 26591 472467
is_linear=0
shrinkage=0.02


Tree=8
num_leaves=15
num_cat=0
split_feature=27 27 26 9 21 27 26 27 19 9 19 27 9 4
split_gain=4.96015e+07 1.91609e+07 1.19566e+07 8.88762e+06 8.02039e+06 7.37214e+06 5.51713e+06 8.61468e+06 7.17708e+06 4.73333e+06 4.38593e+06 3.91164e+06 3.73724e+06 5.88275e+06
threshold=4.1293945312500009 -7.3422851562499991 11032.155761718752 -0.20045207440853116 10959.633300781252 33.938964843750007 11517.272460937502 -40.215820312499993 11745.066894531252 0.55122801661491405 11519.751464843752 33.938964843750007 0.56217131018638622 -174.19499969482419
decision_type=2 2 2 2 2 2 2 2 2 2 2 2 2 2
left_child=1 3 11 -1 -4 -6 7 -5 -8 -3 -9 -2 13 -10
right_child=2 9 4 6 5 -7 8 10 12 -11 -12 -13 -14 -15
leaf_value=-0.036564281055258274 0.23967841648302557 0.0084373136244233985 -1.2454062264093331 -0.64247484875854066 0.068355083469400432 0.28191626070013037 0.42815307644316319 -0.20657367210387065 0.39623596142703721 -0.074049532233696605 -1.0442996643803371 0.53320887146764895 -0.28122541256947597 -0.11521852064054569
leaf_weight=223106 178507 1208358 1782 20388 525836 73713 9671 248107 9911 361504 2516 20217 47284 96439
leaf_count=223106 178507 1208358 1782 20388 525836 73713 9671 248107 9911 361504 2516 20217 47284 96439
internal_value=2.9034e-07 -0.0485195 0.135074 -0.139167 0.0906244 0.0946162 -0.191871 -0.247204 -0.100033 -0.0105579 -0.215025 0.269566 -0.133308 -0.0675219
internal_weight=3.02734e+06 2.22728e+06 800055 657422 601331 599549 434316 271011 163305 1.56986e+06 250623 198724 153634 106350
internal_count=3027339 2227284 800055 657422 601331 599549 434316 271011 163305 1569862 250623 198724 153634 106350
is_linear=0
shrinkage=0.02


Tree=9
num_leaves=15
num_cat=0
split_feature=8 7 26 8 7 7 0 22 26 0 26 7 26 7
split_gain=2.57165e+07 4.43335e+06 1.10981e+07 4.05667e+06 4.71822e+06 4.55743e+06 4.54872e+06 4.41929e+06 1.6661e+07 3.90199e+06 3.63229e+06 3.11774e+06 4.51449e+06 3.78408e+06
threshold=-0.68934190273284901 10942.550292968752 10950.395019531252 -0.83435350656509388 10765.747070312502 10699.223144531252 2475.5000000000005 12225.106445312502 12195.318359375002 3702.5000000000005 10941.998535156252 10869.183593750002 10915.972167968752 11013.437500000002
decision_type=2 2 2 2 2 2 2 2 2 2 2 2 2 2
left_child=3 2 9 7 5 -5 -6 11 -9 -2 -3 -1 -13 -14
right_child=1 10 -4 4 6 -7 -8 8 -10 -11 -12 12 13 -15
leaf_value=0.1072965196575351 0.039941462073850735 -0.34526523311979362 0.58002592216312909 -0.23542943847102449 -0.060302975056301611 0.34501352348646996 -0.16608827671435517 1.0546493627427846 0.021322547625197485 0.20818211957070268 0.037465658365734657 -0.25345598972658867 0.35480793158551271 -0.059127467442629249
leaf_weight=42364 196799 9976 19568 7830 325803 17461 324594 6661 96941 76601 1472894 48875 9039 371933
leaf_count=42364 196799 9976 19568 7830 325803 17461 324594 6661 96941 76601 1472894 48875 9039 371933
internal_value=1.72772e-07 0.048935 0.120028 -0.0694366 -0.102677 0.165288 -0.113099 -0.0304297 0.087855 0.087085 0.0348885 -0.0563825 -0.0725162 -0.0492973
internal_weight=3.02734e+06 1.77584e+06 292968 1.2515e+06 675688 25291 650397 575813 103602 273400 1.48287e+06 472211 429847 380972
internal_count=3027339 1775838 292968 1251501 675688 25291 650397 575813 103602 273400 1482870 472211 429847 380972
is_linear=0
shrinkage=0.02


Tree=10
num_leaves=15
num_cat=0
split_feature=27 27 26 27 22 26 20 9 9 27 9 22 4 26
split_gain=4.72642e+07 1.74656e+07 1.10459e+07 7.94163e+06 7.90459e+06 1.69931e+07 6.92632e+06 6.02142e+06 4.51593e+06 3.62578e+06 3.37614e+06 3.12711e+06 3.09836e+06 3.08366e+06
threshold=3.1899414062500004 -9.5952148437499982 11025.910644531252 33.938964843750007 12225.106445312502 12187.718750000002 10970.681640625002 0.025054947473108772 0.55122801661491405 33.938964843750007 0.64018929004669201 12762.577636718752 -168.94499969482419 11006.353515625002
decision_type=2 2 2 2 2 2 2 2 2 2 2 2 2 2
left_child=1 4 9 6 7 -6 -4 -1 -3 13 -8 -7 -10 -2
right_child=2 8 3 -5 5 11 10 -9 12 -11 -12 -13 -14 -15
leaf_value=-0.095570003692991443 0.20275123880050744 0.0024975814224670019 -1.11716240537256 0.27938564232812862 1.0187576000555583 -0.099196599287789899 0.080258458121126794 -0.24341246913532363 -0.32378227973500223 0.50756572070172667 -0.076711211686310288 0.22116491776015035 -0.063171714078093313 0.52450358771106043
leaf_weight=188078 179782 1226279 1985 74015 6265 86377 508812 266166 19207 19915 61417 14180 362105 12756
leaf_count=188078 179782 1226279 1985 74015 6265 86377 508812 266166 19207 19915 61417 14180 362105 12756
internal_value=2.77417e-07 -0.049726 0.125586 0.0844547 -0.145799 0.00900234 0.0592362 -0.182202 -0.0161948 0.250689 0.0633508 -0.0540033 -0.0763071 0.224094
internal_weight=3.02734e+06 2.16866e+06 858682 646229 561066 106822 572214 454244 1.60759e+06 212453 570229 100557 381312 192538
internal_count=3027339 2168657 858682 646229 561066 106822 572214 454244 1607591 212453 570229 100557 381312 192538
is_linear=0
shrinkage=0.02


Tree=11
num_leaves=15
num_cat=0
split_feature=8 9 24 26 24 4 26 19 26 19 20 26 26 19
split_gain=2.39242e+07 3.80596e+06 4.19475e+06 1.5626e+07 2.8291e+06 2.76085e+06 2.65788e+06 3.26049e+06 2.54016e+06 5.37047e+06 2.97163e+06 2.39381e+06 3.71335e+06 2.15437e+06
threshold=-0.68934190273284901 0.55122801661491405 12220.685058593752 12195.318359375002 12725.326171875002 -94.514999389648423 10755.825683593752 10698.044921875002 11180.830566406252 11203.142089843752 11166.539550781252 10851.689941406252 10817.308593750002 10802.654296875002
decision_type=2 2 2 2 2 2 2 2 2 2 2 2 2 2
left_child=1 2 11 -4 5 6 7 -3 9 -2 -10 12 -1 -9
right_child=8 4 3 -5 -6 -7 -8 13 10 -11 -12 -13 -14 -15
leaf_value=-0.059591316947856188 0.072251005818554967 -0.2635494157604818 1.015262693562452 0.021024676180393019 0.20495653060237037 -0.072466476404661265 -0.16769616485285105 0.7131415350111161 -0.1372861486838336 0.47298316607339358 0.036561582968177658 -0.06499814629909198 0.44184454203425227 -0.91722862071722333
leaf_weight=15072 559973 3229 6756 96590 11996 406118 247245 3899 40698 13695 1161472 450548 9703 345
leaf_count=15072 559973 3229 6756 96590 11996 406118 247245 3899 40698 13695 1161472 450548 9703 345
internal_value=3.25905e-07 -0.0669731 -0.0293639 0.0861128 -0.0993179 -0.104844 -0.156462 0.214938 0.0471992 0.0818257 0.0306751 -0.0544725 0.136892 0.578757
internal_weight=3.02734e+06 1.2515e+06 578669 103346 672832 660836 254718 7473 1.77584e+06 573668 1.20217e+06 475323 24775 4244
internal_count=3027339 1251501 578669 103346 672832 660836 254718 7473 1775838 573668 1202170 475323 24775 4244
is_linear=0
shrinkage=0.02


Tree=12
num_leaves=15
num_cat=0
split_feature=27 27 7 9 27 26 27 26 7 9 23 7 7 20
split_gain=4.53173e+07 1.75777e+07 1.3755e+07 7.83867e+06 7.10598e+06 4.9291e+06 8.17934e+06 6.40801e+06 4.26665e+06 3.96465e+06 3.79717e+06 4.78358e+06 4.7534e+06 4.56552e+06
threshold=4.3481445312500009 -7.3422851562499991 10942.550292968752 -0.20045207440853116 36.633789062500007 11517.272460937502 -40.215820312499993 11690.550292968752 11470.466308593752 0.55122801661491405 10944.074218750002 11185.928222656252 10976.409667968752 11193.385253906252
decision_type=2 2 2 2 2 2 2 2 2 2 2 2 2 2
left_child=1 3 -2 -1 10 6 -5 -7 -8 -3 12 -12 -4 -13
right_child=2 9 4 5 -6 7 8 -9 -10 -11 11 13 -14 -15
leaf_value=-0.036476558846002399 0.32371959771301551 0.0075179773913116579 -0.046685814916661059 -0.61978463723217814 0.28704664059811064 0.55023735341561741 -0.19494184381099333 -0.11982339185019214 -1.0211890383589768 -0.067732188519103162 0.19785097054886919 -0.11831992034298341 -0.86665284745621851 0.075331646848252332
leaf_weight=223106 124046 1217813 12830 20388 68598 5914 248107 157391 2516 363688 112227 55218 3618 411879
leaf_count=223106 124046 1217813 12830 20388 68598 5914 248107 157391 2516 363688 112227 55218 3618 411879
internal_value=4.04381e-07 -0.0459183 0.130398 -0.132834 0.0942983 -0.182331 -0.234632 -0.0955252 -0.203277 -0.00978714 0.0721005 0.0806096 -0.227469 0.052437
internal_weight=3.02734e+06 2.23892e+06 788416 657422 664370 434316 271011 163305 250623 1.5815e+06 595772 579324 16448 467097
internal_count=3027339 2238923 788416 657422 664370 434316 271011 163305 250623 1581501 595772 579324 16448 467097
is_linear=0
shrinkage=0.02


Tree=13
num_leaves=15
num_cat=0
split_feature=27 27 7 9 27 26 27 26 7 22 7 7 20 9
split_gain=4.35228e+07 1.69169e+07 1.32104e+07 7.7367e+06 6.82466e+06 3.92571e+06 8.34226e+06 6.22297e+06 4.35472e+06 3.76835e+06 4.56682e+06 4.50631e+06 4.38474e+06 3.51892e+06
threshold=4.3481445312500009 -6.0688476562499991 10942.550292968752 -0.20045207440853116 36.633789062500007 11517.272460937502 -40.215820312499993 11690.550292968752 11470.466308593752 10939.849609375002 11185.928222656252 10976.409667968752 11193.385253906252 0.55122801661491405
decision_type=2 2 2 2 2 2 2 2 2 2 2 2 2 2
left_child=1 3 -2 -1 9 6 -5 -7 -8 11 -11 -4 -12 -3
right_child=2 13 4 5 -6 7 8 -9 -10 10 12 -13 -14 -15
leaf_value=-0.033915252239302272 0.31724572928272926 0.0092747366627835611 -0.050176075699172186 -0.60739501728775247 0.28130654378003106 0.53925118592492949 -0.18030187676293183 -0.12007980435926102 -0.99984299853813929 0.19316403762191414 -0.11595395263220509 -0.85364659393034548 0.073825051711386605 -0.063205693678735339
leaf_weight=245116 124046 1174626 12239 20388 68598 5914 271682 171488 2609 112828 55218 3608 411879 347100
leaf_count=245116 124046 1174626 12239 20388 68598 5914 271682 171488 2609 112828 55218 3608 411879 347100
internal_value=2.87349e-07 -0.0450001 0.12779 -0.125079 0.0924122 -0.172411 -0.217161 -0.0980706 -0.188133 0.0706583 0.0789745 -0.233532 0.0513882 -0.00725807
internal_weight=3.02734e+06 2.23892e+06 788416 717197 664370 472081 294679 177402 274291 595772 579925 15847 467097 1.52173e+06
internal_count=3027339 2238923 788416 717197 664370 472081 294679 177402 274291 595772 579925 15847 467097 1521726
is_linear=0
shrinkage=0.02


Tree=14
num_leaves=15
num_cat=0
split_feature=27 27 27 26 24 26 21 9 9 26 26 9 26 9
split_gain=4.18297e+07 1.55096e+07 9.85245e+06 8.26976e+06 7.54658e+06 1.51163e+07 6.76931e+06 4.98631e+06 3.77299e+06 3.60366e+06 3.19462e+06 3.0866e+06 3.02991e+06 3.11471e+06
threshold=3.1899414062500004 -9.5952148437499982 32.173828125000007 11025.910644531252 12220.685058593752 12181.866210937502 10959.633300781252 0.025054947473108772 0.55122801661491405 10980.280273437502 12208.987792968752 0.64018929004669201 11006.353515625002 0.58100306987762462
decision_type=2 2 2 2 2 2 2 2 2 2 2 2 2 2
left_child=1 4 3 12 7 -6 -5 10 -3 -4 -1 -8 -2 -14
right_child=2 8 9 6 5 -7 11 -9 -10 -11 -12 -13 13 -15
leaf_value=-0.083480706783562175 0.18632149581481741 0.0019035757186895901 0.56093930950381843 -1.1581906609184334 0.99824296495647791 -0.04455512612668245 0.074808042677568742 -0.2290801714565005 -0.070127740230904637 0.24666239870009318 -0.76149728498347391 -0.075982481420302034 0.67505056328551116 -0.073732508110438619
leaf_weight=182102 173872 1226279 17463 1825 5863 104456 503048 265832 381312 88906 2813 60861 9840 2867
leaf_count=182102 173872 1226279 17463 1825 5863 104456 503048 265832 381312 88906 2813 60861 9840 2867
internal_value=1.74371e-07 -0.0467801 0.118146 0.0926695 -0.137314 0.0109506 0.0545871 -0.173601 -0.0151822 0.298306 -0.0938357 0.0585326 0.208132 0.506181
internal_weight=3.02734e+06 2.16866e+06 858682 752313 561066 110319 565734 450747 1.60759e+06 106369 184915 563909 186579 12707
internal_count=3027339 2168657 858682 752313 561066 110319 565734 450747 1607591 106369 184915 563909 186579 12707
is_linear=0
shrinkage=0.02


Tree=15
num_leaves=15
num_cat=0
split_feature=27 27 26 9 21 27 26 27 19 19 9 27 9 27
split_gain=4.0228e+07 1.58121e+07 9.6589e+06 7.24954e+06 6.79349e+06 5.95194e+06 3.65723e+06 7.97534e+06 6.28402e+06 4.18277e+06 3.50081e+06 3.47215e+06 3.29749e+06 3.21189e+06
threshold=4.5629882812500009 -6.0688476562499991 11032.155761718752 -0.20045207440853116 10959.633300781252 33.938964843750007 11517.272460937502 -40.215820312499993 11745.066894531252 11519.751464843752 0.56217131018638622 -12.632324218749998 0.55122801661491405 36.633789062500007
decision_type=2 2 2 2 2 2 2 2 2 2 2 2 2 2
left_child=1 3 13 -1 -4 -6 7 -5 11 -9 -10 -8 -3 -2
right_child=2 12 4 6 5 -7 8 9 10 -11 -12 -13 -14 -15
leaf_value=-0.032094145286180945 0.22254574859512008 0.0093506100834171817 -1.1460262652592998 -0.59090612905392248 0.06293196773570095 0.25523922277762401 0.59764904330167024 -0.17329410194632039 -0.06250783891553717 -0.97648903431988887 -0.26061216309284929 -0.27833835791740669 -0.060586958001448289 0.52248525210341346
leaf_weight=245116 177679 1184379 1782 20388 507911 73713 7674 271682 115798 2609 51569 2361 349151 15527
leaf_count=245116 177679 1184379 1782 20388 507911 73713 7674 271682 115798 2609 51569 2361 349151 15527
internal_value=1.86874e-07 -0.0428255 0.124114 -0.120341 0.0835215 0.0873083 -0.166159 -0.209351 -0.0944054 -0.180969 -0.12356 0.391476 -0.00657291 0.246676
internal_weight=3.02734e+06 2.25073e+06 776612 717197 583406 581624 472081 294679 177402 274291 167367 10035 1.53353e+06 193206
internal_count=3027339 2250727 776612 717197 583406 581624 472081 294679 177402 274291 167367 10035 1533530 193206
is_linear=0
shrinkage=0.02


Tree=16
num_leaves=15
num_cat=0
split_feature=4 7 26 26 26 7 7 26 19 7 7 19 7 6
split_gain=1.84483e+07 3.80178e+06 9.29283e+06 4.17557e+06 3.35535e+06 3.692e+06 3.12758e+06 4.28833e+06 3.9545e+06 7.9828e+06 3.28115e+06 5.9837e+06 7.33592e+06 2.76889e+06
threshold=3.9550000429153447 10942.550292968752 10950.395019531252 10941.998535156252 11408.178710937502 11421.926269531252 10974.288085937502 10971.138183593752 10984.387695312502 11013.437500000002 11200.173339843752 11203.142089843752 11235.322753906252 99.129657745361342
decision_type=2 2 2 2 2 2 2 2 2 2 2 2 2 2
left_child=4 2 -2 -3 5 6 -1 -8 9 -9 -10 12 -12 -4
right_child=1 3 13 -5 -6 -7 7 8 10 -11 11 -13 -14 -15
leaf_value=-0.023771515973013246 0.080086957406425907 -0.42064052241360805 0.75967888855008225 0.033562187912028016 -0.016452450141937559 -0.52563748439006108 -0.45748138018372475 -0.025074898646309907 -0.014620745418317448 -0.73958569402600005 -0.18372752663196174 -0.074220708077284286 -0.69660255559010853 0.28306859333943957
leaf_weight=288802 263574 8134 10198 1377840 547060 7377 13511 14202 174815 11168 56737 230671 13880 9370
leaf_count=288802 263574 8134 10198 1377840 547060 7377 13511 14202 174815 11168 56737 230671 13880 9370
internal_value=5.67149e-08 0.0445369 0.111317 0.0308935 -0.054731 -0.080546 -0.0764546 -0.105998 -0.0965192 -0.339774 -0.08355 -0.123543 -0.284619 0.53172
internal_weight=3.02734e+06 1.66912e+06 283142 1.38597e+06 1.35822e+06 811163 803786 514984 501473 25370 476103 301288 70617 19568
internal_count=3027339 1669116 283142 1385974 1358223 811163 803786 514984 501473 25370 476103 301288 70617 19568
is_linear=0
shrinkage=0.02


Tree=17
num_leaves=15
num_cat=0
split_feature=27 27 7 8 27 8 21 22 7 20 7 27 7 7
split_gain=3.82572e+07 1.49754e+07 1.18433e+07 6.09774e+06 6.0689e+06 5.89168e+06 4.15569e+06 3.60698e+06 4.18027e+06 4.15349e+06 4.05589e+06 3.31253e+06 6.93496e+06 5.93024e+06
threshold=4.5629882812500009 -6.0688476562499991 10942.550292968752 -0.69954469799995411 36.633789062500007 0.99468204379081737 12773.829101562502 10939.849609375002 11185.928222656252 11193.385253906252 10976.409667968752 -27.635253906249996 11445.585449218752 11769.250976562502
decision_type=2 2 2 2 2 2 2 2 2 2 2 2 2 2
left_child=1 3 -2 11 7 -6 -5 10 -9 -10 -4 12 -1 -14
right_child=2 -3 4 6 5 -7 -8 8 9 -11 -12 -13 13 -15
leaf_value=-0.42066148172264789 0.30133514963166963 -0.0064831579671450227 -0.057915644902274417 -0.061313630377571211 0.18673796554645761 0.70339268241351394 0.31457803759878039 0.18484879816854236 -0.11587387815859911 0.070044007711757214 -0.82501437803278976 -0.13455897874931805 0.3901264130804844 -0.19541617451361201
leaf_weight=53256 122695 1533530 12058 270824 58197 10401 12289 110742 54539 404415 3565 336616 8575 35637
leaf_count=53256 122695 1533530 12058 270824 58197 10401 12289 110742 54539 404415 3565 336616 8575 35637
internal_value=-6.60955e-08 -0.0417636 0.121035 -0.1172 0.0872012 0.265166 -0.0449868 0.06634 0.0745632 0.0479487 -0.233376 -0.164296 -0.26697 -0.0817861
internal_weight=3.02734e+06 2.25073e+06 776612 717197 653917 68598 283113 585319 569696 458954 15623 434084 97468 44212
internal_count=3027339 2250727 776612 717197 653917 68598 283113 585319 569696 458954 15623 434084 97468 44212
is_linear=0
shrinkage=0.02


Tree=18
num_leaves=15
num_cat=0
split_feature=4 26 0 26 9 20 4 0 19 19 19 9 23 19
split_gain=1.72088e+07 3.17177e+06 3.88291e+06 3.43246e+06 2.93985e+06 4.72395e+06 2.71136e+06 2.26403e+06 2.05463e+06 2.29781e+06 3.78823e+06 2.29352e+06 1.87257e+06 2.6697e+06
threshold=3.9550000429153447 11408.178710937502 2728.5000000000005 10851.689941406252 0.15994049608707431 11594.234375000002 -179.65499877929685 1779.5000000000002 13462.845214843752 12772.923339843752 12728.486816406252 -0.59959703683853138 12738.863281250002 12148.167968750002
decision_type=2 2 2 2 2 2 2 2 2 2 2 2 2 2
left_child=1 2 -1 6 7 -6 -4 -2 9 10 -9 -10 -3 -14
right_child=4 12 3 -5 5 -7 -8 8 11 -11 -12 -13 13 -15
leaf_value=-0.039266976916562737 0.013450853954383151 -0.026772225701876068 0.59723384740333085 -0.14595290839798308 -0.039132679729168195 -0.771908273159291 0.0086126863519399039 0.066499784683577978 -0.032764924553455713 0.30235083302395865 -0.20537612721274484 -0.95736519739104486 0.52615839159580535 0.051179418705329688
leaf_weight=455242 561358 501689 3559 326898 17316 4407 25464 1044368 3107 16029 20901 1630 5359 40012
leaf_count=455242 561358 501689 3559 326898 17316 4407 25464 1044368 3107 16029 20901 1630 5359 40012
internal_value=-4.31606e-08 -0.0528605 -0.0779594 -0.127447 0.0430146 -0.18808 0.080975 0.046063 0.0629195 0.0647417 0.0611636 -0.35227 -0.0156439 0.107386
internal_weight=3.02734e+06 1.35822e+06 811163 355921 1.66912e+06 21723 29023 1.64739e+06 1.08604e+06 1.0813e+06 1.06527e+06 4737 547060 45371
internal_count=3027339 1358223 811163 355921 1669116 21723 29023 1647393 1086035 1081298 1065269 4737 547060 45371
is_linear=0
shrinkage=0.02


Tree=19
num_leaves=15
num_cat=0
split_feature=4 7 19 0 22 20 0 22 7 19 7 7 23 7
split_gain=1.65272e+07 3.50922e+06 8.20454e+06 3.60505e+06 3.54286e+06 4.25651e+06 2.99344e+06 3.54043e+06 1.48082e+07 3.40138e+06 3.17386e+06 4.3322e+06 2.69823e+06 2.63129e+06
threshold=3.9550000429153447 10942.550292968752 10950.788574218752 3839.5000000000005 10935.586425781252 10957.179199218752 2551.5000000000005 12225.106445312502 12205.039550781252 11869.722656250002 10775.280273437502 10699.223144531252 10951.334960937502 12208.447753906252
decision_type=2 2 2 2 2 2 2 2 2 2 2 2 2 2
left_child=6 2 3 -2 5 -3 -1 10 -9 -10 11 -8 -4 -12
right_child=1 4 12 -5 -6 -7 7 8 9 -11 13 -13 -14 -15
leaf_value=-0.024254922520415955 0.025322097423406582 -0.11427727523186765 0.81818167154638632 0.19123714164776634 0.034589797050802951 -1.1801352036863355 -0.23646296524354679 0.96545202041335121 0.63358106140326298 -0.060209103956211374 -0.10710632850780562 0.43323656344570183 0.33372929426313697 -0.47718643971823865
leaf_weight=729906 184493 38885 6024 73148 1345540 1549 6336 6285 2911 87448 507671 9872 19477 7794
leaf_count=729906 184493 38885 6024 73148 1345540 1549 6336 6285 2911 87448 507671 9872 19477 7794
internal_value=-8.50763e-08 0.0421541 0.106314 0.0724334 0.0290462 -0.155392 -0.0518032 -0.0838046 0.0275461 -0.0377901 -0.104045 0.171453 0.448446 -0.112711
internal_weight=3.02734e+06 1.66912e+06 283142 257641 1.38597e+06 40434 1.35822e+06 628317 96644 90359 531673 16208 25501 515465
internal_count=3027339 1669116 283142 257641 1385974 40434 1358223 628317 96644 90359 531673 16208 25501 515465
is_linear=0
shrinkage=0.02


Tree=20
num_leaves=15
num_cat=0
split_feature=8 7 20 8 7 7 0 20 26 20 7 20 7 19
split_gain=1.74829e+07 3.47521e+06 6.38915e+06 3.2663e+06 4.16001e+06 3.97555e+06 3.84871e+06 3.31279e+06 1.37982e+07 3.25922e+06 2.62984e+06 6.83632e+06 3.42117e+06 2.91688e+06
threshold=-0.69446012377738942 11185.928222656252 11202.923339843752 -0.83435350656509388 10765.747070312502 10699.223144531252 2434.5000000000005 12228.782226562502 12195.318359375002 11164.589355468752 10974.288085937502 11038.571289062502 11013.437500000002 10849.483398437502
decision_type=2 2 2 2 2 2 2 2 2 2 2 2 2 2
left_child=3 2 -2 7 5 -5 -6 -1 -9 -3 13 12 -12 -8
right_child=1 9 -4 4 6 -7 10 8 -10 -11 11 -13 -14 -15
leaf_value=-0.045014450283148336 0.066855156475366703 -0.17206149106564805 0.42744362772828148 -0.20973291067178726 -0.04791955150401303 0.33283532945225375 -0.34601699122560697 0.97422628486688667 0.020099525438767439 0.025799252344925704 -0.14588345925454652 -0.14573082251538744 -0.70448597955450321 0.011901467741522754
leaf_weight=473681 587620 34290 20326 7830 315544 17370 10653 6463 95669 1143139 6414 232001 13901 62438
leaf_count=473681 587620 34290 20326 7830 315544 17370 10653 6463 95669 1143139 6414 232001 13901 62438
internal_value=-1.74401e-09 0.0400862 0.0789179 -0.0576255 -0.0877801 0.164235 -0.0976909 -0.022739 0.0805671 0.0200356 -0.145951 -0.176551 -0.528279 -0.040305
internal_weight=3.02734e+06 1.78538e+06 607946 1.24196e+06 666151 25200 640951 575813 102132 1.17743e+06 325407 252316 20315 73091
internal_count=3027339 1785375 607946 1241964 666151 25200 640951 575813 102132 1177429 325407 252316 20315 73091
is_linear=0
shrinkage=0.02


Tree=21
num_leaves=15
num_cat=0
split_feature=8 7 23 9 7 7 24 26 23 7 21 7 4 7
split_gain=1.67906e+07 3.33761e+06 6.62564e+06 3.18166e+06 4.00692e+06 3.81825e+06 3.61818e+06 1.36638e+07 3.10068e+06 7.34855e+06 4.27293e+06 3.71737e+06 2.75199e+06 2.52599e+06
threshold=-0.69446012377738942 11185.928222656252 11188.487304687502 0.55122801661491405 10765.747070312502 10699.223144531252 12220.685058593752 12201.836914062502 11347.997070312502 11368.623535156252 11406.906250000002 11346.758300781252 -94.514999389648423 10869.183593750002
decision_type=2 2 2 2 2 2 2 2 2 2 2 2 2 2
left_child=3 2 -2 6 5 -5 13 -8 -3 10 11 -10 -6 -1
right_child=1 8 -4 4 12 -7 7 -9 9 -11 -12 -13 -14 -15
leaf_value=0.10185600619647771 0.060972011069063185 -0.039296694783731614 0.34369653991412635 -0.20554360640290156 -0.14807769891741804 0.3261824590841908 0.86903152604422218 0.017599823687282929 0.56373041411214686 0.025127430226143811 0.89098167373611592 0.10654811503042008 -0.062928095380814966 -0.059945892032006183
leaf_weight=42364 572762 274007 35184 7830 248867 17370 8178 95168 9709 862782 4363 26568 389409 432778
leaf_count=42364 572762 274007 35184 7830 248867 17370 8178 95168 9709 862782 4363 26568 389409 432778
internal_value=0 0.0392845 0.0773397 -0.056473 -0.0863635 0.160951 -0.0221902 0.0850533 0.0196348 0.037509 0.300296 0.229028 -0.0961302 -0.0455176
internal_weight=3.02734e+06 1.78538e+06 607946 1.24196e+06 663476 25200 578488 103346 1.17743e+06 903422 40640 36277 638276 475142
internal_count=3027339 1785375 607946 1241964 663476 25200 578488 103346 1177429 903422 40640 36277 638276 475142
is_linear=0
shrinkage=0.02


Tree=22
num_leaves=15
num_cat=0
split_feature=27 27 9 27 8 9 23 9 27 20 23 27 4 19
split_gain=3.61441e+07 1.70621e+07 5.82382e+06 5.24809e+06 4.52297e+06 4.15758e+06 4.06718e+06 3.93646e+06 3.4504e+06 6.74682e+06 3.29324e+06 3.28832e+06 3.07058e+06 2.67286e+06
threshold=11.024414062500002 -4.6411132812499991 -0.20045207440853116 33.938964843750007 0.99468204379081737 0.53606674075126659 11050.575195312502 -0.7020561397075652 -27.635253906249996 11414.768554687502 10852.940917968752 -40.215820312499993 -164.48500061035153 10950.788574218752
decision_type=2 2 2 2 2 2 2 2 2 2 2 2 2 2
left_child=1 2 -1 7 6 -3 13 -2 9 11 -9 -4 -7 -5
right_child=3 5 8 4 -6 12 -8 10 -10 -11 -12 -13 -14 -15
leaf_value=-0.033030496048494715 0.31292226422257452 0.020841207113245747 -0.65891594724048586 0.29263166388465506 0.68044277906743333 -0.29073794956540244 0.16492407212681934 0.28602469680351972 -0.12135128439675225 -0.10106681115059175 0.083956712945474202 -0.30785524127362163 -0.040053881554344029 0.77619240213358587
leaf_weight=271319 39688 1343711 15855 10704 10497 20626 64730 35685 411902 56475 335703 32736 369709 7999
leaf_count=271319 39688 1343711 15855 10704 10497 20626 64730 35685 411902 56475 335703 32736 369709 7999
internal_value=1.73549e-07 -0.0309218 -0.108071 0.154442 0.289317 0.00415003 0.240032 0.123618 -0.147452 -0.249758 0.10338 -0.422517 -0.0533076 0.499749
internal_weight=3.02734e+06 2.52233e+06 788287 505006 93930 1.73405e+06 83433 411076 516968 105066 371388 48591 390335 18703
internal_count=3027339 2522333 788287 505006 93930 1734046 83433 411076 516968 105066 371388 48591 390335 18703
is_linear=0
shrinkage=0.02


Tree=23
num_leaves=15
num_cat=0
split_feature=8 7 24 20 9 7 7 0 24 7 20 7 20 7
split_gain=1.54668e+07 3.16841e+06 6.25263e+06 3.11224e+06 2.99687e+06 3.83038e+06 4.58288e+06 4.19155e+06 3.47699e+06 1.31327e+07 2.93444e+06 2.70693e+06 5.51879e+06 6.50541e+06
threshold=-0.69446012377738942 11185.928222656252 11187.234375000002 11164.589355468752 0.55122801661491405 10974.288085937502 11130.324218750002 3134.5000000000005 12220.685058593752 12205.039550781252 11045.292480468752 11199.130371093752 11199.758789062502 11227.193847656252
decision_type=2 2 2 2 2 2 2 2 2 2 2 2 2 2
left_child=4 2 -2 -3 8 -6 7 -7 -1 -10 -9 -8 13 -13
right_child=1 3 -4 -5 5 6 11 10 9 -11 -12 12 -14 -15
leaf_value=-0.04379620144352097 0.058399016778957917 -0.16915668095153996 0.32590345306510449 0.024191417921967728 -0.00024401756107028362 -0.12829968065989497 0.0094235281155075797 -0.65255375529501891 0.8474420930794816 0.017608112681362319 -0.26718826934561701 -0.16411530166296748 -0.071505291855578051 -0.63708549002314596
leaf_weight=475142 570724 34290 37222 1143139 166672 46620 94790 13290 8284 95062 19545 47274 259861 15424
leaf_count=475142 570724 34290 37222 1143139 166672 46620 94790 13290 8284 95062 19545 47274 259861 15424
internal_value=2.40391e-07 0.0377043 0.0747823 0.0185592 -0.0542008 -0.0832102 -0.111044 -0.250255 -0.0209285 0.0842016 -0.423317 -0.0845354 -0.112147 -0.280552
internal_weight=3.02734e+06 1.78538e+06 607946 1.17743e+06 1.24196e+06 663476 496804 79455 578488 103346 32835 417349 322559 62698
internal_count=3027339 1785375 607946 1177429 1241964 663476 496804 79455 578488 103346 32835 417349 322559 62698
is_linear=0
shrinkage=0.02


Tree=24
num_leaves=15
num_cat=0
split_feature=27 27 27 22 19 25 22 9 8 22 19 23 9 27
split_gain=3.45807e+07 1.27308e+07 8.37429e+06 5.87688e+06 4.60293e+06 5.78223e+06 4.55118e+06 3.73026e+06 3.58515e+06 3.48461e+06 2.63432e+06 2.54111e+06 2.45824e+06 2.32794e+06
threshold=3.1899414062500004 -9.5952148437499982 25.224121093750004 12225.106445312502 12402.195800781252 0.075888738036155715 11035.757324218752 0.025054947473108772 0.99468204379081737 11049.984375000002 12772.923339843752 12760.748046875002 0.55122801661491405 -27.635253906249996
decision_type=2 2 2 2 2 2 2 2 2 2 2 2 2 2
left_child=1 3 6 7 5 11 -2 -1 9 -4 -6 -5 -3 -9
right_child=2 12 8 4 10 -7 -8 13 -10 -11 -12 -13 -14 -15
leaf_value=-0.0877582534324296 0.16722248579225515 -0.0001149026216869423 0.34971028163400258 0.055812020278459204 -0.13404505214648646 0.88089114806243007 0.046526811365939356 -0.30133504350733209 0.54640251361708525 0.14564159730173609 0.16744586517859919 0.90604341508240693 -0.058256956726823378 -0.16811697355157723
leaf_weight=188078 164740 1226279 47049 25878 60728 4421 517604 71921 13264 116025 14318 1477 381312 194245
leaf_count=188078 164740 1226279 47049 25878 60728 4421 517604 71921 13264 116025 14318 1477 381312 194245
internal_value=1.78692e-07 -0.0425339 0.107422 -0.124558 0.00892011 0.21064 0.0756687 -0.155946 0.230281 0.204536 -0.0765088 0.102034 -0.0139062 -0.204124
internal_weight=3.02734e+06 2.16866e+06 858682 561066 106822 31776 682344 454244 176338 163074 75046 27355 1.60759e+06 266166
internal_count=3027339 2168657 858682 561066 106822 31776 682344 454244 176338 163074 75046 27355 1607591 266166
is_linear=0
shrinkage=0.02


Tree=25
num_leaves=15
num_cat=0
split_feature=8 7 21 20 0 26 7 20 7 26 7 20 9 7
split_gain=1.43685e+07 2.98604e+06 6.29316e+06 2.98769e+06 2.86593e+06 2.97376e+06 3.88801e+06 5.2894e+06 3.29935e+06 2.63823e+06 3.92289e+06 6.51065e+06 4.41589e+06 2.4304e+06
threshold=-0.69446012377738942 11185.928222656252 11202.996582031252 11166.539550781252 2353.5000000000005 11399.744628906252 10974.288085937502 11005.549804687502 11013.437500000002 10971.138183593752 11208.547363281252 11201.510742187502 0.55122801661491405 11033.102539062502
decision_type=2 2 2 2 2 2 2 2 2 2 2 2 2 2
left_child=4 2 -2 -3 -1 6 -6 8 -8 -9 12 -12 13 -11
right_child=1 3 -4 -5 5 -7 7 9 -10 10 11 -13 -14 -15
leaf_value=-0.020458680064346989 0.060807404557876699 -0.15857355958266983 0.43152238943407012 0.023511127682835871 -0.032768419879088094 -0.031097681463136583 -0.095199579924577227 -0.47567780268159537 -0.72559238122230407 0.99910450034879394 -0.51250315933176482 -0.1331700808504967 -0.068977257107484494 0.17876107328164104
leaf_weight=593022 589051 37212 18895 1140217 136758 273359 4867 9075 10468 2285 22365 94765 91086 3914
leaf_count=593022 589051 37212 18895 1140217 136758 273359 4867 9075 10468 2285 22365 94765 91086 3914
internal_value=3.41511e-07 0.0363411 0.0723362 0.0177551 -0.0522408 -0.0812835 -0.117808 -0.166501 -0.525713 -0.141831 -0.127679 -0.205638 -0.0338055 0.482271
internal_weight=3.02734e+06 1.78538e+06 607946 1.17743e+06 1.24196e+06 648942 375583 238825 15335 223490 214415 117130 97285 6199
internal_count=3027339 1785375 607946 1177429 1241964 648942 375583 238825 15335 223490 214415 117130 97285 6199
is_linear=0
shrinkage=0.02


Tree=26
num_leaves=15
num_cat=0
split_feature=27 27 9 27 8 22 9 9 27 20 27 22 4 4
split_gain=3.32387e+07 1.54972e+07 5.07538e+06 4.87515e+06 4.19943e+06 3.81912e+06 3.73357e+06 3.56196e+06 3.12125e+06 6.15393e+06 3.0394e+06 3.03228e+06 2.98241e+06 2.45771e+06
threshold=11.024414062500002 -4.6411132812499991 -0.20045207440853116 33.938964843750007 0.99468204379081737 11049.984375000002 -0.7020561397075652 0.55122801661491405 -27.635253906249996 11414.768554687502 -40.215820312499993 10852.618164062502 -164.48500061035153 253.78499603271487
decision_type=2 2 2 2 2 2 2 2 2 2 2 2 2 2
left_child=1 2 -1 6 5 -5 -2 -3 9 10 -4 -8 -9 -13
right_child=3 7 8 4 -6 -7 11 12 -10 -11 -12 13 -14 -15
leaf_value=-0.033125936316504484 0.30275725497165623 0.019076911015537476 -0.62951341092695301 0.48097946203473724 0.65497608673587293 0.15745053951993976 0.27399719106410114 -0.28884680058049156 -0.11511788968750777 -0.095238914063735566 -0.29200577950149553 0.084518729216233643 -0.036932731461307301 -0.57553524849644511
leaf_weight=271319 39688 1349363 15855 18854 10497 64579 35666 19810 411902 56475 32736 333460 364873 2262
leaf_count=271319 39688 1349363 15855 18854 10497 64579 35666 19810 411902 56475 32736 333460 364873 2262
internal_value=2.97068e-07 -0.0296528 -0.103179 0.148105 0.278099 0.23061 0.118396 0.00377194 -0.139943 -0.237246 -0.40224 0.0986865 -0.0499128 0.0800544
internal_weight=3.02734e+06 2.52233e+06 788287 505006 93930 83433 411076 1.73405e+06 516968 105066 48591 371388 384683 335722
internal_count=3027339 2522333 788287 505006 93930 83433 411076 1734046 516968 105066 48591 371388 384683 335722
is_linear=0
shrinkage=0.02


Tree=27
num_leaves=15
num_cat=0
split_feature=27 27 7 24 26 27 7 22 7 7 24 9 9 9
split_gain=3.19348e+07 1.22924e+07 1.00215e+07 5.79665e+06 1.2442e+07 5.18884e+06 3.74142e+06 3.45581e+06 3.76094e+06 3.63994e+06 3.87922e+06 3.41921e+06 3.1436e+06 2.72446e+06
threshold=4.5629882812500009 -9.5952148437499982 10942.550292968752 12220.685058593752 12181.866210937502 36.633789062500007 12233.516601562502 10939.849609375002 10976.409667968752 11185.928222656252 11173.964843750002 0.025054947473108772 -0.10297428816556929 0.20284801721572879
decision_type=2 2 2 2 2 2 2 2 2 2 2 2 2 2
left_child=1 3 -2 6 -5 7 11 8 -4 -9 -11 -1 -7 -14
right_child=2 -3 5 4 -6 12 -8 9 -10 10 -12 -13 13 -15
leaf_value=-0.077575359548061246 0.27643661060147146 -0.011222780125623274 -0.064228929210305513 0.90638549783902467 -0.039681294959966286 0.10775739513392724 -0.63061941296976998 0.17113124850352471 -0.80291910322829563 -0.15200393316326655 0.060687032678682015 -0.19038534193093601 0.64479334378148401 0.25978804854396936
leaf_weight=182159 122695 1689661 12058 5863 104456 34092 6406 110742 3565 37329 421625 262182 10632 23874
leaf_count=182159 122695 1689661 12058 5863 104456 34092 6406 110742 3565 37329 421625 262182 10632 23874
internal_value=2.84588e-07 -0.0381566 0.110583 -0.119267 0.0106757 0.0794601 -0.151069 0.0601707 -0.233197 0.0682198 0.0433848 -0.144141 0.244016 0.378569
internal_weight=3.02734e+06 2.25073e+06 776612 561066 110319 653917 450747 585319 15623 569696 458954 444341 68598 34506
internal_count=3027339 2250727 776612 561066 110319 653917 450747 585319 15623 569696 458954 444341 68598 34506
is_linear=0
shrinkage=0.02


Tree=28
num_leaves=15
num_cat=0
split_feature=8 7 21 23 7 20 7 0 17 9 7 7 7 20
split_gain=1.29074e+07 2.76216e+06 6.09841e+06 2.82875e+06 6.72724e+06 4.65896e+06 3.27077e+06 2.67003e+06 2.6687e+06 2.38834e+06 4.70195e+06 2.32655e+06 2.3141e+06 4.99016e+06
threshold=-0.69446012377738942 11185.928222656252 11202.996582031252 11347.997070312502 11368.623535156252 11405.708496093752 11346.758300781252 2372.5000000000005 0.23908232897520068 0.60596671700477611 10775.280273437502 10699.223144531252 10974.288085937502 11038.571289062502
decision_type=2 2 2 2 2 2 2 2 2 2 2 2 2 2
left_child=7 2 -2 -3 5 6 -5 -1 -9 -10 11 -11 -12 -14
right_child=1 3 -4 4 -6 -7 -8 8 9 10 12 -13 13 -15
leaf_value=-0.0190679825505383 0.057714351273227722 -0.039719855127355555 0.42264800062356189 0.51869059811379825 0.021794047828855138 0.84860635742367363 0.08672647209291745 0.057739468098286846 -0.052378455820323674 -0.23080384972488882 -0.04245511670053953 0.44440925533381093 -0.49741030842285633 -0.1510867897086719
leaf_weight=597710 589051 274007 18895 9605 862782 5119 25916 53323 315207 2718 61744 8124 18282 184856
leaf_count=597710 589051 274007 18895 9605 862782 5119 25916 53323 315207 2718 61744 8124 18282 184856
internal_value=3.08789e-07 0.0344438 0.0690633 0.0165682 0.0336406 0.285073 0.203645 -0.0495136 -0.0777588 -0.0899864 -0.132976 0.27508 -0.149688 -0.182278
internal_weight=3.02734e+06 1.78538e+06 607946 1.17743e+06 903422 40640 35521 1.24196e+06 644254 590931 275724 10842 264882 203138
internal_count=3027339 1785375 607946 1177429 903422 40640 35521 1241964 644254 590931 275724 10842 264882 203138
is_linear=0
shrinkage=0.02


Tree=29
num_leaves=15
num_cat=0
split_feature=27 27 9 27 8 22 9 9 0 27 20 0 27 22
split_gain=3.07e+07 1.42456e+07 4.60921e+06 4.48835e+06 3.77646e+06 3.5948e+06 3.54768e+06 3.26174e+06 3.14814e+06 2.93392e+06 5.85462e+06 2.92634e+06 2.88805e+06 2.76204e+06
threshold=11.024414062500002 -4.6411132812499991 -0.20045207440853116 33.938964843750007 0.99468204379081737 11049.984375000002 -0.7020561397075652 0.55122801661491405 3915.5000000000005 -27.635253906249996 11414.768554687502 6008.5000000000009 -40.215820312499993 10852.618164062502
decision_type=2 2 2 2 2 2 2 2 2 2 2 2 2 2
left_child=1 2 -1 6 5 -5 -2 -3 -9 10 12 -12 -4 -8
right_child=3 7 9 4 -6 -7 13 8 -10 -11 11 -13 -14 -15
leaf_value=-0.03223404924251027 0.29354356174332286 0.018194696038014161 -0.61083741593890106 0.4649377593137905 0.62446285151500425 0.15105460526112899 0.26193491915906469 -0.021980910847802026 -0.174494295977832 -0.1099590323867119 -0.12578479100246023 0.48661457604824132 -0.28184360562072253 0.076835591597667452
leaf_weight=271319 39688 1349363 15855 18854 10497 64579 35666 319510 65173 411902 53169 3306 32736 335722
leaf_count=271319 39688 1349363 15855 18854 10497 64579 35666 319510 65173 411902 53169 3306 32736 335722
internal_value=3.97203e-07 -0.0284978 -0.0989922 0.142337 0.267068 0.222033 0.11383 0.0035489 -0.0478236 -0.134027 -0.228365 -0.0898553 -0.389297 0.0946181
internal_weight=3.02734e+06 2.52233e+06 788287 505006 93930 83433 411076 1.73405e+06 384683 516968 105066 56475 48591 371388
internal_count=3027339 2522333 788287 505006 93930 83433 411076 1734046 384683 516968 105066 56475 48591 371388
is_linear=0
shrinkage=0.02


Tree=30
num_leaves=15
num_cat=0
split_feature=8 7 21 20 8 7 7 22 26 0 25 7 26 26
split_gain=1.18835e+07 2.62242e+06 5.88495e+06 2.80107e+06 2.50356e+06 3.56754e+06 3.42431e+06 3.15467e+06 1.17764e+07 3.0605e+06 2.7596e+06 2.27965e+06 2.55746e+06 2.30178e+06
threshold=-0.69446012377738942 11185.928222656252 11204.439941406252 11164.589355468752 -0.83435350656509388 10765.747070312502 10699.223144531252 12225.106445312502 12195.318359375002 2551.5000000000005 0.033414689823985107 10857.246582031252 10810.316894531252 10915.972167968752
decision_type=2 2 2 2 2 2 2 2 2 2 2 2 2 2
left_child=4 2 -2 -3 7 6 -6 11 -9 -7 -8 12 -1 -13
right_child=1 3 -4 -5 5 9 10 8 -10 -11 -12 13 -14 -15
leaf_value=-0.053824077150817475 0.056144612598213746 -0.16245235749594311 0.43081680127323752 0.020975227994566109 -0.18760963379005349 -0.040678447662995859 0.048765946257343526 0.89578453623789256 0.0270344229575438 -0.12812575794879816 0.55371935001326811 -0.16278089727237216 0.32228981430302339 -0.031681206287072904
leaf_weight=14543 590697 34290 17249 1143139 7830 330125 8185 6661 96941 310826 9185 62327 14369 380972
leaf_count=14543 590697 34290 17249 1143139 7830 330125 8185 6661 96941 310826 9185 62327 14369 380972
internal_value=4.56372e-07 0.0330496 0.066782 0.015632 -0.0475089 -0.0739089 0.15947 -0.0169662 0.0829712 -0.083087 0.315944 -0.0388936 0.133147 -0.0501169
internal_weight=3.02734e+06 1.78538e+06 607946 1.17743e+06 1.24196e+06 666151 25200 575813 103602 640951 17370 472211 28912 443299
internal_count=3027339 1785375 607946 1177429 1241964 666151 25200 575813 103602 640951 17370 472211 28912 443299
is_linear=0
shrinkage=0.02


Tree=31
num_leaves=15
num_cat=0
split_feature=5 7 19 0 22 7 0 21 7 7 22 21 19 22
split_gain=9.9027e+06 2.53867e+06 7.18197e+06 3.7708e+06 2.56964e+06 2.47684e+06 2.15579e+06 2.60392e+06 7.20819e+06 1.98598e+06 6.28301e+06 2.97605e+06 1.84852e+06 1.83084e+06
threshold=-0.0074999998323619357 10942.550292968752 10948.333007812502 3839.5000000000005 10935.586425781252 10889.665527343752 4425.5000000000009 12254.822753906252 12205.039550781252 11185.928222656252 11175.656738281252 11187.601074218752 11203.142089843752 10947.228515625002
decision_type=2 2 2 2 2 2 2 2 2 2 2 2 2 2
left_child=6 2 3 -2 -3 -4 -1 -8 -9 10 -6 -11 -12 -7
right_child=1 4 5 -5 9 13 7 8 -10 11 12 -13 -14 -15
leaf_value=-0.033619214349911129 0.0054007782408096814 -0.12448221076035068 0.99222925500131687 0.17335696282346977 0.025980115701714924 0.67181527676290587 -0.13372417313893431 0.98959446577813215 -0.06138045732586498 -0.1078482173075944 0.18394204980259027 0.020496290554569325 0.43660324310385734 0.24514242989591079
leaf_weight=1000368 198883 48601 2445 73120 221071 4975 164182 3130 15470 77122 33188 1145987 17807 20990
leaf_count=1000368 198883 48601 2445 73120 221071 4975 164182 3130 15470 77122 33188 1145987 17807 20990
internal_value=5.52341e-07 0.0289735 0.0821667 0.0505556 0.0186218 0.384692 -0.0451598 -0.108316 0.115913 0.0232743 0.0721461 0.0124028 0.272238 0.327123
internal_weight=3.02734e+06 1.84419e+06 300413 272003 1.54378e+06 28410 1.18315e+06 182782 18600 1.49518e+06 272066 1.22311e+06 50995 25965
internal_count=3027339 1844189 300413 272003 1543776 28410 1183150 182782 18600 1495175 272066 1223109 50995 25965
is_linear=0
shrinkage=0.02


Tree=32
num_leaves=15
num_cat=0
split_feature=27 27 7 20 27 27 8 9 20 0 19 7 9 25
split_gain=2.92718e+07 1.05847e+07 9.20807e+06 5.64764e+06 5.5228e+06 5.03827e+06 4.40266e+06 3.63934e+06 3.10672e+06 3.05125e+06 3.01584e+06 2.94961e+06 2.39097e+06 2.36775e+06
threshold=3.1899414062500004 -10.266113281249998 10942.550292968752 11202.923339843752 -40.215820312499993 36.633789062500007 0.99468204379081737 -0.66045743227004994 12846.489746093752 5495.5000000000009 10948.333007812502 11203.090820312502 -0.71335092186927784 0.047889804467558868
decision_type=2 2 2 2 2 2 2 2 2 2 2 2 2 2
left_child=1 3 10 4 -1 9 13 -5 -9 12 -2 -6 -4 -7
right_child=2 -3 5 7 11 6 -8 8 -10 -11 -12 -13 -14 -15
leaf_value=-0.5444923303538568 0.212181550251273 -0.013766419869446092 0.22929889701694237 0.23355609501637598 -0.13719327539283735 0.053034329816896916 0.61255561421165072 -0.085933863191054019 0.46898631318896317 -0.11826346185513943 0.4825919767069719 -0.37259574468531725 0.055023360282879914 0.31008192870105966
leaf_weight=16747 114836 1631099 33276 15694 172640 32644 10401 304114 4080 38864 19267 24283 583841 25553
leaf_count=16747 114836 1631099 33276 15694 172640 32644 10401 304114 4080 38864 19267 24283 583841 25553
internal_value=7.58709e-07 -0.0391324 0.0988334 -0.116098 -0.19591 0.0706556 0.23373 -0.0634416 -0.0785726 0.0535991 0.251066 -0.166239 0.0644242 0.165932
internal_weight=3.02734e+06 2.16866e+06 858682 537558 213670 724579 68598 323888 308194 655981 134103 196923 617117 58197
internal_count=3027339 2168657 858682 537558 213670 724579 68598 323888 308194 655981 134103 196923 617117 58197
is_linear=0
shrinkage=0.02


Tree=33
num_leaves=15
num_cat=0
split_feature=27 27 7 9 24 4 9 9 0 27 7 19 4 27
split_gain=2.83326e+07 1.30461e+07 4.88113e+06 4.11443e+06 3.87851e+06 3.53792e+06 2.9166e+06 2.87264e+06 2.87785e+06 2.74144e+06 5.77458e+06 6.3536e+06 3.33284e+06 2.71921e+06
threshold=11.024414062500002 -4.6411132812499991 10944.346679687502 -0.20045207440853116 10947.982421875002 238.91999816894534 -0.71335092186927784 0.53606674075126659 3915.5000000000005 -27.635253906249996 11445.585449218752 11758.453613281252 -271.19000244140619 -40.215820312499993
decision_type=2 2 2 2 2 2 2 2 2 2 2 2 2 2
left_child=1 3 -2 -1 5 -4 -6 -3 -9 10 13 -12 -13 -5
right_child=2 7 4 9 6 -7 -8 8 -10 -11 11 12 -14 -15
leaf_value=-0.031764227363837959 0.27681729895749058 0.017165427170402928 -0.11129596342024212 -0.55851230712309663 0.33903517898035435 -1.118072002216921 0.10601678822088763 -0.019958094110080659 -0.16478721959395948 -0.10467363719689562 0.40943916285116561 0.68301107978820796 -0.20933982999562492 -0.26066090425960559
leaf_weight=271319 83120 1343711 9036 18395 22737 1642 388471 324284 66051 411902 9260 1740 38825 36846
leaf_count=271319 83120 1343711 9036 18395 22737 1642 388471 324284 66051 411902 9260 1740 38825 36846
internal_value=8.35308e-07 -0.0273765 0.136739 -0.0948376 0.109135 -0.267015 0.118909 0.00329125 -0.0444692 -0.127939 -0.21913 -0.0629859 -0.170904 -0.359928
internal_weight=3.02734e+06 2.52233e+06 505006 788287 421886 10678 411208 1.73405e+06 390335 516968 105066 49825 40565 55241
internal_count=3027339 2522333 505006 788287 421886 10678 411208 1734046 390335 516968 105066 49825 40565 55241
is_linear=0
shrinkage=0.02


Tree=34
num_leaves=15
num_cat=0
split_feature=27 27 7 22 9 7 9 0 9 27 9 9 7 19
split_gain=2.72106e+07 1.25374e+07 4.6879e+06 3.96597e+06 3.94978e+06 3.27852e+06 2.84524e+06 2.8185e+06 2.77091e+06 2.66764e+06 3.44299e+06 2.55843e+06 2.44778e+06 2.39642e+06
threshold=11.024414062500002 -6.0688476562499991 10944.346679687502 10943.551269531252 -0.20045207440853116 11006.505859375002 0.55122801661491405 3940.5000000000005 -0.70835387706756581 36.633789062500007 -0.10297428816556929 0.72930297255516063 12753.250976562502 10950.788574218752
decision_type=2 2 2 2 2 2 2 2 2 2 2 2 2 2
left_child=1 4 13 5 -1 -4 -3 -8 -5 -10 -11 -6 -13 -2
right_child=2 6 3 8 11 -7 7 -9 9 10 -12 12 -14 -15
leaf_value=-0.032431382086839447 0.22684184011435754 0.014730308513733779 -0.11975197319378814 0.31557282606186887 -0.13710400196418795 -1.0724816384070606 -0.021947852891652953 -0.16404494421947688 0.079166952703366683 0.068400557327104899 0.35690975600449404 0.0077328098572041828 0.82936810008021555 0.53108497075657324
leaf_weight=245116 70995 1402518 8708 26234 465077 1723 335650 66968 318925 31790 34506 4965 2039 12125
leaf_count=245116 70995 1402518 8708 26234 465077 1723 335650 66968 318925 31790 34506 4965 2039 12125
internal_value=7.6845e-07 -0.026829 0.134004 0.106952 -0.097569 -0.278003 0.00127702 -0.0455866 0.116718 0.103168 0.218596 -0.131389 0.247771 0.271282
internal_weight=3.02734e+06 2.52233e+06 505006 421886 717197 10431 1.80514e+06 402618 411455 385221 66296 472081 7004 83120
internal_count=3027339 2522333 505006 421886 717197 10431 1805136 402618 411455 385221 66296 472081 7004 83120
is_linear=0
shrinkage=0.02


Tree=35
num_leaves=15
num_cat=0
split_feature=8 8 24 26 24 26 4 24 4 26 26 26 26 24
split_gain=9.90452e+06 2.29432e+06 3.0609e+06 1.12732e+07 2.36227e+06 2.13557e+06 2.65757e+06 3.28451e+06 2.0065e+06 1.93436e+06 3.05138e+06 1.74704e+06 3.15204e+06 2.0376e+06
threshold=-0.69446012377738942 -0.83435350656509388 12220.685058593752 12195.318359375002 12725.326171875002 10953.105468750002 -125.01499938964842 10984.035156250002 284.38999938964849 10851.689941406252 10810.316894531252 10915.972167968752 11040.634765625002 10868.184570312502
decision_type=2 2 2 2 2 2 2 2 2 2 2 2 2 2
left_child=1 2 9 -4 5 -3 7 -7 -2 10 -1 13 -13 -11
right_child=8 4 3 -5 -6 6 -8 -9 -10 11 -12 12 -14 -15
leaf_value=-0.049904865871829705 0.028489107486671564 0.0039533514678817402 0.87365265853863794 0.02916965485918013 0.22087204566123675 -0.56093149347888427 -0.064955255072010915 -0.14285857747568104 0.2971848950500427 0.0069346468801134631 0.40072909171979626 0.2575013469453557 -0.040276553276725247 -0.22337261930247898
leaf_weight=14543 1774198 116859 6756 96590 11076 7991 405602 124623 11177 24111 10232 14783 366445 42353
leaf_count=14543 1774198 116859 6756 96590 11076 7991 405602 124623 11177 24111 10232 14783 366445 42353
internal_value=8.12101e-07 -0.0433727 -0.0141342 0.0844551 -0.0686455 -0.0735439 -0.0903702 -0.168091 0.0301729 -0.0357007 0.136291 -0.0452215 -0.028723 -0.139836
internal_weight=3.02734e+06 1.24196e+06 575813 103346 666151 655075 538216 132614 1.78538e+06 472467 24775 447692 381228 66464
internal_count=3027339 1241964 575813 103346 666151 655075 538216 132614 1785375 472467 24775 447692 381228 66464
is_linear=0
shrinkage=0.02


Tree=36
num_leaves=15
num_cat=0
split_feature=27 27 7 20 27 27 0 19 7 20 4 4 4 27
split_gain=2.61825e+07 9.40065e+06 8.36648e+06 5.3308e+06 5.07767e+06 4.59806e+06 2.87853e+06 2.82855e+06 2.82452e+06 2.73476e+06 2.18386e+06 2.8161e+06 2.02455e+06 2.01755e+06
threshold=3.1899414062500004 -10.266113281249998 10942.550292968752 11202.923339843752 -40.215820312499993 36.633789062500007 5495.5000000000009 10950.788574218752 11203.090820312502 12846.489746093752 284.38999938964849 253.78499603271487 -168.94499969482419 11.405761718750002
decision_type=2 2 2 2 2 2 2 2 2 2 2 2 2 2
left_child=1 3 7 4 -1 6 13 -2 -6 -5 11 -8 -3 -4
right_child=2 12 5 9 8 -7 10 -9 -10 -11 -12 -13 -14 -15
leaf_value=-0.52132289210580163 0.20204847861541322 -0.14874731923047271 0.02326422279989903 -0.064954999754037332 -0.13021076358466688 0.22240123331004114 -0.1157984324158228 0.46970106433350234 -0.36056612275552868 0.45551253403774133 0.60677241966621642 -1.0975779576713123 -0.0094442824272830805 0.095642416074143019
leaf_weight=16747 115815 42848 296799 319808 172640 68598 36075 18288 24283 4080 1591 1198 1588251 320318
leaf_count=16747 115815 42848 296799 319808 172640 68598 36075 18288 24283 4080 1591 1198 1588251 320318
internal_value=8.64374e-07 -0.0370097 0.0934728 -0.109543 -0.187083 0.0666136 0.0503192 0.238581 -0.158633 -0.0583848 -0.116608 -0.14764 -0.0131046 0.0608335
internal_weight=3.02734e+06 2.16866e+06 858682 537558 213670 724579 655981 134103 196923 323888 38864 37273 1.6311e+06 617117
internal_count=3027339 2168657 858682 537558 213670 724579 655981 134103 196923 323888 38864 37273 1631099 617117
is_linear=0
shrinkage=0.02


Tree=37
num_leaves=15
num_cat=0
split_feature=27 27 7 24 7 27 7 19 27 22 7 7 24 9
split_gain=2.51457e+07 9.02843e+06 8.03527e+06 5.03238e+06 1.07935e+07 4.41602e+06 3.55278e+06 2.95719e+06 4.87457e+06 2.87391e+06 3.34956e+06 3.09087e+06 3.37742e+06 2.83373e+06
threshold=3.1899414062500004 -10.266113281249998 10942.550292968752 12220.685058593752 12205.039550781252 36.633789062500007 12233.516601562502 11201.690917968752 -40.215820312499993 10939.849609375002 10978.788574218752 11185.928222656252 11176.049804687502 -0.10297428816556929
decision_type=2 2 2 2 2 2 2 2 2 2 2 2 2 2
left_child=1 3 -2 6 -5 9 7 8 -1 10 -4 -11 -13 -7
right_child=2 -3 5 4 -6 13 -8 -9 -10 11 -12 12 -14 -15
leaf_value=-0.51090265382583111 0.23381083515530773 -0.012842520112315039 -0.059659807057750459 0.79107379210632955 -0.036488015991366217 0.088590721089366151 -0.6069289372885982 -0.077973144881661155 -0.15544350579482491 0.14514748544257847 -0.73102917499149012 -0.13900558474523675 0.049717761132223481 0.34570163223921696
leaf_weight=16747 134103 1631099 14218 6720 99599 34092 6351 212580 195561 125831 3749 41244 470939 34506
leaf_count=16747 134103 1631099 14218 6720 99599 34092 6351 212580 195561 125831 3749 41244 470939 34506
internal_value=8.22127e-07 -0.0362696 0.0916035 -0.107352 0.0158882 0.0652813 -0.137736 -0.130709 -0.183505 0.0493127 -0.200078 0.0563388 0.0345182 0.217954
internal_weight=3.02734e+06 2.16866e+06 858682 537558 106319 724579 431239 424888 212308 655981 17967 638014 512183 68598
internal_count=3027339 2168657 858682 537558 106319 724579 431239 424888 212308 655981 17967 638014 512183 68598
is_linear=0
shrinkage=0.02


Tree=38
num_leaves=15
num_cat=0
split_feature=27 27 9 27 8 26 9 9 27 26 20 4 27 4
split_gain=2.43346e+07 1.12861e+07 3.65702e+06 3.60234e+06 3.37769e+06 3.19247e+06 2.90216e+06 2.52796e+06 2.47742e+06 5.25982e+06 5.63389e+06 2.9606e+06 2.42552e+06 2.42226e+06
threshold=11.405761718750002 -4.6411132812499991 -0.20045207440853116 33.938964843750007 0.99468204379081737 10980.280273437502 -0.7020561397075652 0.55122801661491405 -27.635253906249996 11408.178710937502 11759.047851562502 -271.19000244140619 -40.215820312499993 -164.48500061035153
decision_type=2 2 2 2 2 2 2 2 2 2 2 2 2 2
left_child=1 2 -1 6 5 -5 -2 -3 9 12 -11 -12 -4 -9
right_child=3 7 8 4 -6 -7 -8 13 -10 10 11 -13 -14 -15
leaf_value=-0.028347249874881103 0.26604403573872065 0.016197932809468123 -0.5276370350524886 0.47692232999559986 0.57804544807875924 0.14267190470850605 0.084576732028731921 -0.25527633993356247 -0.096901795713941641 0.39790405997763123 0.64881952138628285 -0.19206900438623875 -0.24632925755188212 -0.030010402195894292
leaf_weight=271319 39078 1359362 18395 13664 10497 69769 359554 20132 411902 8938 1740 39147 36846 366996
leaf_count=271319 39078 1359362 18395 13664 10497 69769 359554 20132 411902 8938 1740 39147 36846 366996
internal_value=7.60322e-07 -0.0249954 -0.0878112 0.128632 0.240052 0.197464 0.102372 0.00335712 -0.119018 -0.205707 -0.0566856 -0.156134 -0.340082 -0.0417314
internal_weight=3.02734e+06 2.53478e+06 788287 492562 93930 83433 398632 1.74649e+06 516968 105066 49825 40887 55241 387128
internal_count=3027339 2534777 788287 492562 93930 83433 398632 1746490 516968 105066 49825 40887 55241 387128
is_linear=0
shrinkage=0.02


Tree=39
num_leaves=15
num_cat=0
split_feature=4 7 19 26 0 7 26 22 20 7 21 20 26 7
split_gain=8.0556e+06 2.36056e+06 6.46089e+06 3.64037e+06 2.81053e+06 2.41268e+06 3.09746e+06 2.31455e+06 3.5707e+06 2.49937e+06 5.87973e+06 2.86199e+06 2.10309e+06 2.96252e+06
threshold=10.015000343322756 10942.550292968752 10950.788574218752 10941.998535156252 3890.5000000000005 10889.665527343752 10947.032714843752 10935.586425781252 10957.179199218752 11185.928222656252 11204.439941406252 11164.589355468752 11408.178710937502 11203.090820312502
decision_type=2 2 2 2 2 2 2 2 2 2 2 2 2 2
left_child=12 2 4 -3 -2 -4 -7 8 -5 10 -9 -11 13 -1
right_child=1 3 5 7 -6 6 -8 9 -10 11 -12 -13 -14 -15
leaf_value=-0.027276372190174692 0.010957151017379985 -0.40203198584444144 0.99560273860320847 -0.091824700464406175 0.15965994225759997 0.11636971420210732 0.5883071035475117 0.058903868911140099 -1.0696128862832432 -0.16957771461347484 0.45427334839501599 0.019878413491651228 -0.0053726435378987081 -0.1059089078764258
leaf_weight=549968 177294 8122 2383 35880 71272 12466 10045 211920 1549 32917 16186 1016771 586402 294164
leaf_count=549968 177294 8122 2383 35880 71272 12466 10045 211920 1549 32917 16186 1016771 586402 294164
internal_value=8.26776e-07 0.0308803 0.0843728 0.0198259 0.0535999 0.391494 0.327129 0.0224341 -0.132566 0.0269754 0.0869774 0.0139357 -0.0344678 -0.0546793
internal_weight=3.02734e+06 1.5968e+06 273460 1.32334e+06 248566 24894 22511 1.31522e+06 37429 1.27779e+06 228106 1.04969e+06 1.43053e+06 844132
internal_count=3027339 1596805 273460 1323345 248566 24894 22511 1315223 37429 1277794 228106 1049688 1430534 844132
is_linear=0
shrinkage=0.02


Tree=40
num_leaves=15
num_cat=0
split_feature=27 27 7 22 23 19 5 7 27 27 19 7 19 19
split_gain=2.32264e+07 1.07691e+07 4.03091e+06 3.44277e+06 3.42535e+06 3.36772e+06 2.99969e+06 2.88353e+06 2.53055e+06 2.17981e+06 2.13811e+06 2.39549e+06 2.03811e+06 1.94293e+06
threshold=11.405761718750002 -4.6411132812499991 10944.346679687502 10943.551269531252 12738.863281250002 11938.380859375002 -0.032499999739229672 10982.458984375002 -27.635253906249996 36.633789062500007 12772.923339843752 11185.928222656252 10950.788574218752 12951.521484375002
decision_type=2 2 2 2 2 2 2 2 2 2 2 2 2 2
left_child=1 4 12 7 6 -6 8 -4 -1 10 11 -5 -2 -3
right_child=2 13 3 9 5 -7 -8 -9 -10 -11 -12 -13 -14 -15
leaf_value=-0.27996430695316454 0.21294377872872908 0.0054164797231824333 -0.10610460289013995 0.18541898994613726 0.83355644752364255 0.053661071653590943 -0.068067107866444751 -0.98685223041652048 -0.11987299808627765 0.21296811114672973 0.50005517321966431 0.05402525323200677 0.49612588524338402 -0.2046093040003584
leaf_weight=50339 68927 1728700 8223 70681 2362 33439 518750 1806 183397 67657 4964 258378 11926 17790
leaf_count=50339 68927 1728700 8223 70681 2362 33439 518750 1806 183397 67657 4964 258378 11926 17790
internal_value=8.4528e-07 -0.0244196 0.125669 0.10031 -0.0857797 0.105334 -0.0948736 -0.265535 -0.154362 0.109451 0.088477 0.0822531 0.25477 0.00327596
internal_weight=3.02734e+06 2.53478e+06 492562 411709 788287 35801 752486 10029 233736 401680 334023 329059 80853 1.74649e+06
internal_count=3027339 2534777 492562 411709 788287 35801 752486 10029 233736 401680 334023 329059 80853 1746490
is_linear=0
shrinkage=0.02


Tree=41
num_leaves=15
num_cat=0
split_feature=27 27 7 21 27 8 27 9 21 0 19 7 22 23
split_gain=2.24177e+07 7.80045e+06 7.23027e+06 6.66826e+06 4.02534e+06 3.92846e+06 3.60361e+06 2.83005e+06 3.02667e+06 2.78684e+06 2.51392e+06 2.30018e+06 1.22948e+07 3.72137e+06
threshold=2.4985351562500004 -13.246582031249998 10942.550292968752 11202.996582031252 36.633789062500007 0.99468204379081737 -40.215820312499993 -0.66045743227004994 12773.829101562502 5556.5000000000009 10948.333007812502 12238.857910156252 12254.410156250002 12225.526855468752
decision_type=2 2 2 2 2 2 2 2 2 2 2 2 2 2
left_child=1 3 10 6 9 -6 -1 -5 11 -4 -2 12 -9 -13
right_child=2 -3 4 7 5 -7 -8 8 -10 -11 -12 13 -14 -15
leaf_value=-0.48754618273730788 0.18050340768298356 -0.016192374833558086 0.05400850154039194 0.25578272563147997 0.14106700618744994 0.56294397974618859 -0.17856933289729998 -0.070257454463713287 0.27037148729694721 -0.12443721947981765 0.42337152044256704 -0.76670750665306842 0.92695539425734785 -0.14301699934799522
leaf_weight=16747 121530 1687609 660585 11693 58197 10401 153061 178954 10466 36957 19830 4121 5076 52112
leaf_count=16747 121530 1687609 660585 11693 58197 10401 153061 178954 10466 36957 19830 4121 5076 52112
internal_value=8.80836e-07 -0.0356087 0.0831811 -0.111416 0.0589305 0.205106 -0.209069 -0.0482213 -0.0624085 0.0445525 0.214601 -0.0769153 -0.0427029 -0.188852
internal_weight=3.02734e+06 2.11984e+06 907500 432230 766140 68598 169808 262422 250729 697542 141360 240263 184030 56233
internal_count=3027339 2119839 907500 432230 766140 68598 169808 262422 250729 697542 141360 240263 184030 56233
is_linear=0
shrinkage=0.02


Tree=42
num_leaves=15
num_cat=0
split_feature=4 17 4 4 26 26 20 26 26 21 20 22 20 26
split_gain=7.34797e+06 2.01809e+06 1.91573e+06 1.87999e+06 2.00054e+06 2.59333e+06 3.78376e+06 1.619e+06 4.85059e+06 3.21481e+06 1.67088e+06 1.34266e+06 1.30264e+06 1.24679e+06
threshold=10.015000343322756 0.24476148933172229 284.38999938964849 -113.6949996948242 11408.178710937502 10851.689941406252 10821.331054687502 12704.916015625002 12673.484375000002 12773.829101562502 12804.312011718752 12775.008300781252 12718.564453125002 11690.550292968752
decision_type=2 2 2 2 2 2 2 2 2 2 2 2 2 2
left_child=1 -1 7 4 5 6 -3 8 -2 10 11 -9 -10 -6
right_child=2 3 -4 -5 13 -7 -8 9 12 -11 -12 -13 -14 -15
leaf_value=0.041544475039816418 0.028416220210886051 -0.10076291348584164 0.29029830840692061 -0.026133364111898958 0.1126871018822849 -0.13722715173722372 0.48585807442880763 -0.091522288238322286 0.72432264806514757 0.15438081821887167 -0.67908628462565801 -0.42929559329693889 0.28416836750160002 -0.047541101926144309
leaf_weight=132129 1514056 12505 11177 957392 24467 203147 6772 34072 3976 17305 2416 5454 8349 94122
leaf_count=132129 1514056 12505 11177 957392 24467 203147 6772 34072 3976 17305 2416 5454 8349 94122
internal_value=9.31156e-07 -0.0329189 0.029493 -0.0404968 -0.0808201 -0.11619 0.105461 0.0276528 0.0316345 -0.0749163 -0.169537 -0.138227 0.426634 -0.0144763
internal_weight=3.02734e+06 1.43053e+06 1.5968e+06 1.2984e+06 341013 222424 19277 1.58563e+06 1.52638e+06 59247 41942 39526 12325 118589
internal_count=3027339 1430534 1596805 1298405 341013 222424 19277 1585628 1526381 59247 41942 39526 12325 118589
is_linear=0
shrinkage=0.02


Tree=43
num_leaves=15
num_cat=0
split_feature=8 9 7 26 0 7 7 19 7 21 26 7 21 19
split_gain=7.71157e+06 2.17384e+06 3.43414e+06 3.61932e+06 3.46267e+06 2.38227e+06 2.32461e+06 4.15546e+06 5.2249e+06 2.32226e+06 1.01627e+07 2.10371e+06 5.34074e+06 2.32507e+06
threshold=-0.69954469799995411 0.55122801661491405 10974.288085937502 11129.284667968752 3175.5000000000005 11019.201171875002 11199.130371093752 11199.969726562502 11211.744628906252 12221.579101562502 12195.318359375002 11185.928222656252 11184.482421875002 11206.098144531252
decision_type=2 2 2 2 2 2 2 2 2 2 2 2 2 2
left_child=1 9 -3 4 -4 -6 -5 8 -8 -1 -11 12 -2 -13
right_child=11 2 3 6 5 -7 7 -9 -10 10 -12 13 -14 -15
leaf_value=-0.02936590239083111 0.040306822812056289 0.015435486098132735 -0.10530310065546031 0.020913753808371283 -0.24517710902259965 -0.60639935861677852 -0.09428648800771175 -0.055456481423892597 -0.46369962086538985 0.81712190103842541 0.022705711648061538 -0.065268053383223834 0.27140536681699579 0.021202072157448945
leaf_weight=471544 568135 164779 46761 94100 20163 11464 40250 251372 24718 6875 99956 141216 43021 1042985
leaf_count=471544 568135 164779 46761 94100 20163 11464 40250 251372 24718 6875 99956 141216 43021 1042985
internal_value=9.52951e-07 -0.0385329 -0.0635239 -0.0901401 -0.214661 -0.376262 -0.0663538 -0.0923128 -0.234885 -0.0102905 0.0739014 0.0264431 0.0565787 0.01089
internal_weight=3.02734e+06 1.23198e+06 653607 488828 78388 31627 410440 316340 64968 578375 106831 1.79536e+06 611156 1.1842e+06
internal_count=3027339 1231982 653607 488828 78388 31627 410440 316340 64968 578375 106831 1795357 611156 1184201
is_linear=0
shrinkage=0.02


Tree=44
num_leaves=15
num_cat=0
split_feature=27 27 7 22 23 19 7 5 27 7 23 19 19 19
split_gain=2.14006e+07 9.85236e+06 3.70711e+06 3.28795e+06 3.17134e+06 3.26595e+06 2.76765e+06 2.76192e+06 2.39717e+06 2.00056e+06 2.31607e+06 1.8927e+06 1.87124e+06 1.8332e+06
threshold=11.405761718750002 -4.2036132812499991 10944.346679687502 10943.551269531252 12738.863281250002 11938.380859375002 11006.505859375002 -0.032499999739229672 -27.635253906249996 11187.670410156252 11175.624023437502 10950.788574218752 12772.923339843752 12951.521484375002
decision_type=2 2 2 2 2 2 2 2 2 2 2 2 2 2
left_child=1 4 11 6 7 -6 -4 8 -1 -5 -11 -2 -12 -3
right_child=2 13 3 9 5 -7 -8 -9 -10 10 12 -13 -14 -15
leaf_value=-0.26860519121786608 0.20412945520873804 0.0057274530382247345 -0.10938647120417835 0.19446918098085683 0.80522025654402174 0.050447406005477646 -0.98825893562787959 -0.064245166275226445 -0.1132759166347308 -0.099874943189494747 0.090582263288877612 0.47702179756038171 0.41120193466170796 -0.1987052835733589
leaf_weight=50339 68927 1705316 8306 80391 2449 34036 1723 536074 188845 25518 288310 11926 7461 17718
leaf_count=50339 68927 1705316 8306 80391 2449 34036 1723 536074 188845 25518 288310 11926 7461 17718
internal_value=9.03516e-07 -0.02344 0.120628 0.0963092 -0.0808866 0.101318 -0.261214 -0.0894627 -0.145977 0.105242 0.0829108 0.244436 0.0986838 0.00362411
internal_weight=3.02734e+06 2.53478e+06 492562 411709 811743 36485 10029 775258 239184 401680 321289 80853 295771 1.72303e+06
internal_count=3027339 2534777 492562 411709 811743 36485 10029 775258 239184 401680 321289 80853 295771 1723034
is_linear=0
shrinkage=0.02


Tree=45
num_leaves=15
num_cat=0
split_feature=27 27 7 23 27 27 8 9 22 7 7 23 22 7
split_gain=2.06093e+07 7.75774e+06 6.71021e+06 4.36315e+06 4.19041e+06 3.48602e+06 3.77218e+06 3.21908e+06 2.66719e+06 2.95792e+06 2.8808e+06 2.90535e+06 2.46369e+06 2.36006e+06
threshold=4.5629882812500009 -10.266113281249998 10942.550292968752 11203.489746093752 -40.215820312499993 36.633789062500007 0.99468204379081737 -0.66045743227004994 10939.849609375002 10976.409667968752 11185.928222656252 11186.758300781252 12762.577636718752 11203.090820312502
decision_type=2 2 2 2 2 2 2 2 2 2 2 2 2 2
left_child=1 3 -2 4 -1 8 -7 -5 9 -4 -10 -12 -9 -6
right_child=2 -3 5 7 13 6 -8 12 10 -11 11 -13 -14 -15
leaf_value=-0.47040477965016425 0.22455123502571045 -0.009852484258558036 -0.060319311084879194 0.2273014627202157 -0.11432137868123711 0.13549601459163807 0.54889460278661184 -0.07660900489481122 0.14618287175442105 -0.71542330075644123 -0.1118868307944907 0.05006790081779413 0.20663768274802624 -0.31925468778744598
leaf_weight=16747 122695 1713169 12058 15867 172594 58197 10401 293700 110742 3565 49676 409278 12810 25840
leaf_count=16747 122695 1713169 12058 15867 172594 58197 10401 293700 110742 3565 49676 409278 12810 25840
internal_value=9.11605e-07 -0.030652 0.0888365 -0.0969375 -0.166678 0.0633692 0.198248 -0.050383 0.0475586 -0.21017 0.05463 0.0325362 -0.0647648 -0.141023
internal_weight=3.02734e+06 2.25073e+06 776612 537558 215181 653917 68598 322377 585319 15623 569696 458954 306510 198434
internal_count=3027339 2250727 776612 537558 215181 653917 68598 322377 585319 15623 569696 458954 306510 198434
is_linear=0
shrinkage=0.02


Tree=46
num_leaves=15
num_cat=0
split_feature=27 27 7 9 23 7 9 27 7 19 27 9 19 23
split_gain=1.98756e+07 9.1394e+06 3.42334e+06 3.04146e+06 3.04007e+06 2.47351e+06 2.41668e+06 2.15049e+06 4.58284e+06 5.90048e+06 2.13159e+06 2.10583e+06 1.98121e+06 1.89366e+06
threshold=11.405761718750002 -4.2036132812499991 10947.744140625002 -0.20045207440853116 10944.074218750002 11006.505859375002 -0.7183113396167754 -27.635253906249996 11445.585449218752 11758.453613281252 -40.215820312499993 0.55122801661491405 10950.788574218752 12738.863281250002
decision_type=2 2 2 2 2 2 2 2 2 2 2 2 2 2
left_child=1 3 12 -1 5 -4 -6 8 10 -10 -5 -3 -2 -9
right_child=2 11 4 7 6 -7 -8 13 9 -11 -12 -13 -14 -15
leaf_value=-0.024664116153347088 0.1908531150370584 0.015266262065138972 -0.11230530070963564 -0.48835147884804786 0.32165595658418272 -0.96737171924681886 0.089546217145774806 -0.093067591490031562 0.40726279309861357 -0.15200179180035522 -0.224645116889364 -0.037989813536860179 0.45850581575831972 0.16800943027583731
leaf_weight=280667 70234 1341615 6976 18395 18820 1670 381731 414600 9260 40565 36846 381419 13131 11410
leaf_count=280667 70234 1341615 6976 18395 18820 1670 381731 414600 9260 40565 36846 381419 13131 11410
internal_value=8.70618e-07 -0.0225894 0.116251 -0.0779185 0.0924483 -0.278393 0.10046 -0.106062 -0.187101 -0.0480009 -0.312531 0.00347708 0.233062 -0.0860712
internal_weight=3.02734e+06 2.53478e+06 492562 811743 409197 8646 400551 531076 105066 49825 55241 1.72303e+06 83365 426010
internal_count=3027339 2534777 492562 811743 409197 8646 400551 531076 105066 49825 55241 1723034 83365 426010
is_linear=0
shrinkage=0.02


Tree=47
num_leaves=15
num_cat=0
split_feature=5 0 23 26 26 23 0 5 19 26 20 19 19 20
split_gain=5.99245e+06 1.79475e+06 1.90678e+06 6.88876e+06 1.56719e+06 1.54569e+06 1.49102e+06 1.65146e+06 1.41057e+06 1.3965e+06 2.5168e+06 2.25534e+06 1.52474e+06 1.39485e+06
threshold=-0.0074999998323619357 4425.5000000000009 12230.999511718752 12205.775878906252 10851.689941406252 12738.863281250002 1424.5000000000002 0.082499999552965178 11920.525390625002 12744.798339843752 12772.743652343752 12790.271972656252 13462.845214843752 12689.021972656252
decision_type=2 2 2 2 2 2 2 2 2 2 2 2 2 2
left_child=1 5 4 -4 -3 -1 -2 9 -7 11 12 -8 -11 -10
right_child=6 2 3 -5 -6 8 7 -9 13 10 -12 -13 -14 -15
leaf_value=-0.029569128045886652 -0.0055553169648161448 0.25514513134155442 0.91369470625657301 -0.072298259800321091 -0.12640760922852887 0.57349466261621274 0.031403863917781508 0.17414477137337989 0.90045596481729373 -0.18252772497123096 0.12697438512565412 0.34544138014806774 -0.75714525380670017 0.050153429496703775
leaf_weight=961937 536005 4418 3370 17550 157444 2350 1235532 32804 779 16833 11742 9206 2067 35302
leaf_count=961937 536005 4418 3370 17550 157444 2350 1235532 32804 779 16833 11742 9206 2067 35302
internal_value=8.2328e-07 -0.0351295 -0.0927549 0.0868949 -0.115978 -0.0245997 0.022539 0.0340501 0.0997624 0.0304453 -0.10292 0.0337292 -0.245739 0.0687567
internal_weight=3.02734e+06 1.18315e+06 182782 20920 161862 1.00037e+06 1.84419e+06 1.30818e+06 38431 1.27538e+06 30642 1.24474e+06 18900 36081
internal_count=3027339 1183150 182782 20920 161862 1000368 1844189 1308184 38431 1275380 30642 1244738 18900 36081
is_linear=0
shrinkage=0.02


Tree=48
num_leaves=15
num_cat=0
split_feature=27 27 7 20 27 20 0 19 20 4 4 4 4 0
split_gain=1.90702e+07 6.50053e+06 6.24382e+06 6.23267e+06 3.70327e+06 2.96724e+06 2.56787e+06 2.34583e+06 2.32217e+06 2.24757e+06 2.04664e+06 2.05909e+06 1.68019e+06 1.59369e+06
threshold=1.9174804687500002 -15.797363281249998 10942.550292968752 11201.510742187502 24.475585937500004 11107.629394531252 5615.5000000000009 10950.788574218752 12820.129882812502 -125.01499938964842 284.38999938964849 253.78499603271487 49.114999771118171 5556.5000000000009
decision_type=2 2 2 2 2 2 2 2 2 2 2 2 2 2
left_child=1 3 7 5 6 -1 -4 -2 13 -3 11 -8 -9 -5
right_child=2 9 4 8 -6 -7 10 12 -10 -11 -12 -13 -14 -15
leaf_value=-0.17437632945420223 0.16281788426315374 -0.099204590578756829 0.04000680032737871 -0.072565509394541441 0.14114254940049148 -0.41433744046875676 -0.15963009957588217 0.031793201464814111 0.3461749637537937 -0.011711272169115312 0.54683883691661361 -1.1089021025741239 0.49623943689337524 0.14153963251895926
leaf_weight=107982 128379 126765 627983 194798 151641 25478 26584 3925 5856 1595342 1575 937 15128 14966
leaf_count=107982 128379 126765 627983 194798 151641 25478 26584 3925 5856 1595342 1575 937 15128 14966
internal_value=9.52424e-07 -0.034105 0.0738798 -0.112801 0.0520567 -0.220214 0.0314955 0.193576 -0.0463105 -0.0181522 -0.152154 -0.192341 0.400629 -0.0572837
internal_weight=3.02734e+06 2.07119e+06 956152 349080 808720 133460 657079 147432 215620 1.72211e+06 29096 27521 19053 209764
internal_count=3027339 2071187 956152 349080 808720 133460 657079 147432 215620 1722107 29096 27521 19053 209764
is_linear=0
shrinkage=0.02


Tree=49
num_leaves=15
num_cat=0
split_feature=27 27 7 23 21 5 9 4 27 9 4 27 8 25
split_gain=1.83976e+07 8.3954e+06 3.12037e+06 2.96508e+06 2.82504e+06 2.50508e+06 2.35262e+06 2.29101e+06 2.05019e+06 1.90807e+06 2.14112e+06 1.87815e+06 3.81887e+06 2.3849e+06
threshold=11.024414062500002 -4.2036132812499991 10947.744140625002 10944.074218750002 12773.829101562502 -0.032499999739229672 -0.71335092186927784 238.91999816894534 -27.635253906249996 0.55122801661491405 -164.48500061035153 36.633789062500007 0.99468204379081737 0.064242340624332442
decision_type=2 2 2 2 2 2 2 2 2 2 2 2 2 2
left_child=1 4 -2 7 5 8 -5 -4 -1 -3 -11 -8 13 -13
right_child=2 9 3 6 -6 -7 11 -9 -10 10 -12 12 -14 -15
leaf_value=-0.24515522411861412 0.22017778692171364 0.01434378094600647 -0.11828562627098313 0.29507891951826337 0.15889920981798208 -0.057342882708926124 0.064126377693090722 -0.93696968857447305 -0.1039397340598979 -0.24055172060025271 -0.025442286679644443 0.044487486289689092 0.5327403370478565 0.35585164342671294
leaf_weight=52498 85664 1331616 7367 22354 20129 549257 321659 1670 189859 19504 359470 43153 10401 12738
leaf_count=52498 85664 1331616 7367 22354 20129 549257 321659 1670 189859 19504 359470 43153 10401 12738
internal_value=9.24372e-07 -0.0220603 0.110188 0.0877137 -0.0750278 -0.080978 0.0956086 -0.270446 -0.134538 0.00307517 -0.0365191 0.0841077 0.181035 0.115501
internal_weight=3.02734e+06 2.52233e+06 505006 419342 811743 791614 410305 9037 242357 1.71059e+06 378974 387951 66292 55891
internal_count=3027339 2522333 505006 419342 811743 791614 410305 9037 242357 1710590 378974 387951 66292 55891
is_linear=0
shrinkage=0.02


Tree=50
num_leaves=15
num_cat=0
split_feature=27 27 20 27 20 22 9 20 4 25 22 21 27 5
split_gain=1.77132e+07 6.08782e+06 5.96786e+06 5.23523e+06 2.85148e+06 2.57324e+06 2.50804e+06 2.36527e+06 2.11998e+06 1.99102e+06 1.59121e+06 2.29689e+06 1.472e+06 1.46443e+06
threshold=2.0600585937500004 -15.797363281249998 11201.510742187502 24.475585937500004 11107.629394531252 11063.517578125002 -0.65761160850524891 12820.129882812502 -127.61500167846678 0.062477556988596923 12662.536132812502 12688.229980468752 -40.215820312499993 0.072500001639127745
decision_type=2 2 2 2 2 2 2 2 2 2 2 2 2 2
left_child=1 2 4 5 12 13 -4 -8 -3 10 -7 -12 -1 -2
right_child=3 8 6 -5 -6 9 7 -9 -10 -11 11 -13 -14 -15
leaf_value=-0.37594732011492993 0.095482120984286475 -0.098010806429640898 0.27081191543389993 0.1663449577971334 -0.40416112041937186 0.030374458998781294 -0.070086407439050702 0.33736986457639012 -0.011166967772622691 -0.07723336951605432 0.59076092226863086 0.10792943180342673 -0.14256691120611917 0.30332030772765883
leaf_weight=12182 179216 120849 9677 187970 25478 460769 200087 5856 1613879 65152 4501 31259 95800 14664
leaf_count=12182 179216 120849 9677 187970 25478 460769 200087 5856 1613879 65152 4501 31259 95800 14664
internal_value=9.03123e-07 -0.0325526 -0.108757 0.0718956 -0.213862 0.0483963 -0.0436937 -0.0584845 -0.0172174 0.0267105 0.0403507 0.168851 -0.168928 0.111217
internal_weight=3.02734e+06 2.08381e+06 349080 943531 133460 755561 215620 205943 1.73473e+06 561681 496529 35760 107982 193880
internal_count=3027339 2083808 349080 943531 133460 755561 215620 205943 1734728 561681 496529 35760 107982 193880
is_linear=0
shrinkage=0.02


Tree=51
num_leaves=15
num_cat=0
split_feature=4 7 26 21 4 17 7 19 21 26 7 26 7 21
split_gain=5.35639e+06 2.06168e+06 3.68666e+06 2.34858e+06 1.87177e+06 1.83009e+06 1.78449e+06 5.45707e+06 3.54636e+06 2.80601e+06 2.53397e+06 2.54146e+06 2.5253e+06 5.28292e+06
threshold=10.015000343322756 12723.007324218752 12673.484375000002 12773.829101562502 284.38999938964849 0.20504906773567202 10942.550292968752 10948.333007812502 10976.944824218752 11025.910644531252 10889.665527343752 10947.032714843752 11185.928222656252 11204.439941406252
decision_type=2 2 2 2 2 2 2 2 2 2 2 2 2 2
left_child=5 2 4 -3 6 -1 7 -2 9 -8 -9 -12 13 -10
right_child=1 3 -4 -5 -6 -7 8 10 12 -11 11 -13 -14 -15
leaf_value=0.070058054124444116 0.040818073023652153 -0.17421222494883842 0.31852802888723986 0.12443257589965567 0.28596043812540606 -0.033318574831589884 -0.092018633443372869 0.93847085660107654 0.057713998431193028 -0.75290212754966346 0.099531200063398398 0.51009496624448614 0.010244485203899823 0.43595022025005881
leaf_weight=72128 244009 40116 17437 14274 11001 1358406 78574 2553 167939 2647 13942 10627 977500 16186
leaf_count=72128 244009 40116 17437 14274 11001 1358406 78574 2553 167939 2647 13942 10627 977500 16186
internal_value=9.32844e-07 0.025181 0.0294488 -0.0958277 0.0261413 -0.0281058 0.0242515 0.0707392 0.0141095 -0.113647 0.339816 0.277251 0.0230432 0.0909858
internal_weight=3.02734e+06 1.5968e+06 1.54242e+06 54390 1.52498e+06 1.43053e+06 1.51398e+06 271131 1.24285e+06 81221 27122 24569 1.16162e+06 184125
internal_count=3027339 1596805 1542415 54390 1524978 1430534 1513977 271131 1242846 81221 27122 24569 1161625 184125
is_linear=0
shrinkage=0.02


Tree=52
num_leaves=15
num_cat=0
split_feature=27 27 27 8 24 24 9 27 20 24 9 9 6 9
split_gain=1.6932e+07 7.86532e+06 2.73473e+06 2.90759e+06 2.69167e+06 2.30829e+06 2.30737e+06 2.2448e+06 4.54797e+06 2.80907e+06 2.04182e+06 1.9861e+06 1.96076e+06 1.80603e+06
threshold=11.405761718750002 -4.2036132812499991 33.938964843750007 0.99591365456581127 12748.286621093752 11049.320800781252 -0.7020561397075652 -15.797363281249998 11199.758789062502 11106.274902343752 0.72443613409996044 -0.65761160850524891 99.129657745361342 0.55122801661491405
decision_type=2 2 2 2 2 2 2 2 2 2 2 2 2 2
left_child=1 4 6 5 7 12 -2 8 9 -1 -6 -10 -4 -3
right_child=2 13 3 -5 10 -7 -8 -9 11 -11 -12 -13 -14 -15
leaf_value=-0.16508081917700893 0.23035677199670912 0.014249770351575699 0.55638193066858133 0.52233938840815786 0.070066849783891078 0.1091611351028747 0.068551366468720509 -0.050258958600045422 0.25210472464854866 -0.39971672190122015 0.80476774231283121 -0.071402429119163099 0.14541159443475338 -0.035069888815999706
leaf_weight=107981 39078 1341615 9795 10241 30968 65054 359554 445752 7893 25168 1581 192400 8840 381419
leaf_count=107981 39078 1341615 9795 10241 30968 65054 359554 445752 7893 25168 1581 192400 8840 381419
internal_value=1.03639e-06 -0.0208494 0.107298 0.204378 -0.0721772 0.165411 0.0844186 -0.0796211 -0.11887 -0.209459 0.10599 -0.0586418 0.361611 0.00333198
internal_weight=3.02734e+06 2.53478e+06 492562 93930 811743 83689 398632 779194 333442 133149 32549 200293 18635 1.72303e+06
internal_count=3027339 2534777 492562 93930 811743 83689 398632 779194 333442 133149 32549 200293 18635 1723034
is_linear=0
shrinkage=0.02


Tree=53
num_leaves=15
num_cat=0
split_feature=27 27 20 27 26 24 24 25 20 26 19 26 27 0
split_gain=1.63244e+07 5.50815e+06 5.49488e+06 4.91193e+06 3.46714e+06 2.98914e+06 2.64902e+06 2.63224e+06 2.02336e+06 1.94334e+06 1.74586e+06 1.5911e+06 1.78945e+06 1.53155e+06
threshold=1.7934570312500002 -15.797363281249998 11201.510742187502 24.475585937500004 10899.184082031252 10879.510253906252 11106.274902343752 0.066141411662101759 12820.129882812502 10980.280273437502 10950.788574218752 10929.706054687502 -52.036132812499993 5556.5000000000009
decision_type=2 2 2 2 2 2 2 2 2 2 2 2 2 2
left_child=1 2 6 4 5 -2 11 -6 13 10 -5 -1 -13 -4
right_child=3 -3 8 9 7 -7 -8 -9 -10 -11 -12 12 -14 -15
leaf_value=-0.22677849659463145 0.12640359852431293 -0.017059698699741339 -0.067027919132748234 0.21337011207889078 0.044467858979146881 0.52049865107308502 -0.38850416462804871 -0.080453911801630029 0.32456021607405355 0.12797372311107164 0.53899509863023787 -0.83702328245246449 -0.050351452294304995 0.14286077385768092
leaf_weight=62892 76741 1710426 194798 27799 618857 8549 25479 75716 5856 151537 8634 1178 43911 14966
leaf_count=62892 76741 1710426 194798 27799 618857 8549 25479 75716 5856 151537 8634 1178 43911 14966
internal_value=1.15185e-06 -0.0318362 -0.104235 0.0677492 0.0456277 0.165962 -0.20509 0.030849 -0.0418039 0.159521 0.290665 -0.16178 -0.0710856 -0.0520468
internal_weight=3.02734e+06 2.05951e+06 349080 967833 779863 85290 133460 694573 215620 187970 36433 107981 45089 209764
internal_count=3027339 2059506 349080 967833 779863 85290 133460 694573 215620 187970 36433 107981 45089 209764
is_linear=0
shrinkage=0.02


Tree=54
num_leaves=15
num_cat=0
split_feature=27 27 27 5 27 26 19 26 26 4 19 19 20 0
split_gain=1.57327e+07 7.35294e+06 2.54394e+06 2.45308e+06 2.31289e+06 1.98999e+06 2.66485e+06 2.33304e+06 1.78343e+06 2.26956e+06 1.74369e+06 1.6917e+06 1.6915e+06 1.66941e+06
threshold=11.405761718750002 -2.5483398437499996 33.938964843750007 -0.027499999850988385 -27.635253906249996 12060.803222656252 12180.612792968752 12816.251464843752 11201.930175781252 116.86500167846681 12951.521484375002 12772.923339843752 11414.768554687502 5275.5000000000009
decision_type=2 2 2 2 2 2 2 2 2 2 2 2 2 2
left_child=1 3 8 4 12 -4 -7 -8 -2 11 -3 -10 -1 -5
right_child=2 10 5 13 -6 6 7 -9 9 -11 -12 -13 -14 -15
leaf_value=-0.32106156878887143 0.14127938210361715 0.0077146204625367677 0.26529749038722233 -0.051544817455534339 -0.08375416615354761 -0.091264833793631081 0.39590523959795898 -0.20964507658770534 0.078951680935088905 -0.040862111287190583 -0.19484796329477905 0.46399500054243703 -0.11065240326207096 0.066759312473209473
leaf_weight=31875 132599 1599963 60617 540294 263768 18086 12005 3222 185347 76016 17171 4670 29382 52324
leaf_count=31875 132599 1599963 60617 540294 263768 18086 12005 3222 185347 76016 17171 4670 29382 52324
internal_value=1.15332e-06 -0.0200973 0.103429 -0.0653166 -0.109471 0.197061 0.0728524 0.267717 0.0813615 0.0514923 0.00556257 0.0884388 -0.220173 -0.0410984
internal_weight=3.02734e+06 2.53478e+06 492562 917643 325025 93930 33313 15227 398632 266033 1.61713e+06 190017 61257 592618
internal_count=3027339 2534777 492562 917643 325025 93930 33313 15227 398632 266033 1617134 190017 61257 592618
is_linear=0
shrinkage=0.02


Tree=55
num_leaves=15
num_cat=0
split_feature=9 23 9 24 26 22 26 0 21 19 22 26 21 19
split_gain=5.50795e+06 1.93471e+06 2.01828e+06 2.82949e+06 4.94742e+06 3.87199e+06 2.27609e+06 2.94668e+06 3.30741e+06 1.93648e+06 1.79438e+06 1.68706e+06 2.28821e+06 1.68814e+06
threshold=-0.20045207440853116 12738.863281250002 0.55122801661491405 12182.593261718752 12181.866210937502 12254.410156250002 10955.791992187502 4398.5000000000009 10980.927246093752 12165.428710937502 12179.673339843752 12735.481445312502 12761.528320312502 13462.845214843752
decision_type=2 2 2 2 2 2 2 2 2 2 2 2 2 2
left_child=11 2 3 -2 5 -5 -4 -8 -9 -3 -6 -1 13 -13
right_child=1 9 6 4 10 -7 7 8 -10 -11 -12 12 -14 -15
leaf_value=0.032311888515434456 -0.02369035270623172 0.45627178629061144 0.021504699966916511 0.20550284573432176 0.64220348814457828 0.87728511499382023 -0.052006666168656145 -0.62585408845654422 -0.14402716356825226 0.055198323143993457 0.01897360171046563 -0.15022435363170739 0.08049941645471112 -0.66793700927323074
leaf_weight=1394005 714587 5540 129274 11865 1871 4824 486447 6111 82852 36410 105071 26302 19402 2778
leaf_count=1394005 714587 5540 129274 11865 1871 4824 486447 6111 82852 36410 105071 26302 19402 2778
internal_value=1.15091e-06 -0.0257357 -0.0293796 -0.00840593 0.0799326 0.400094 -0.0543272 -0.071364 -0.177191 0.108261 0.0299365 0.028278 -0.0876899 -0.199895
internal_weight=3.02734e+06 1.58485e+06 1.5429e+06 838218 123631 16689 704684 575410 88963 41950 106942 1.44249e+06 48482 29080
internal_count=3027339 1584852 1542902 838218 123631 16689 704684 575410 88963 41950 106942 1442487 48482 29080
is_linear=0
shrinkage=0.02


Tree=56
num_leaves=15
num_cat=0
split_feature=4 7 26 4 17 0 7 19 26 7 0 26 24 26
split_gain=4.53272e+06 1.89096e+06 3.41499e+06 1.81773e+06 1.703e+06 2.23363e+06 1.64391e+06 5.01636e+06 3.02639e+06 2.45219e+06 2.37073e+06 2.23118e+06 2.14283e+06 3.10142e+06
threshold=10.015000343322756 12723.007324218752 12656.631347656252 284.38999938964849 0.24476148933172229 4452.5000000000009 10942.550292968752 10948.333007812502 10941.998535156252 10889.665527343752 3816.5000000000005 10947.032714843752 10972.452148437502 11025.910644531252
decision_type=2 2 2 2 2 2 2 2 2 2 2 2 2 2
left_child=4 2 3 6 -1 -6 7 10 -8 -9 -2 -11 13 -10
right_child=1 -3 -4 -5 5 -7 8 9 12 11 -12 -13 -14 -15
leaf_value=0.042549218301196491 -0.0024607804483005127 -0.092725676837996651 0.27421104574861993 0.27970388453908573 -0.022394220468242656 -0.098845949415663908 -0.37274370982796734 0.91328394082761866 -0.068482087011069712 0.096322278949517559 0.13444411962311914 0.48101151415780374 0.020931009294784291 -0.78885859178401685
leaf_weight=132129 172411 54390 22067 11001 1121427 176978 8113 2553 65017 13942 71598 10627 1162614 2472
leaf_count=132129 172411 54390 22067 11001 1121427 176978 8113 2553 65017 13942 71598 10627 1162614 2472
internal_value=1.17614e-06 0.0231645 0.0272517 0.0236654 -0.0258544 -0.0328156 0.0217974 0.0664015 0.01203 0.324384 0.0377141 0.262843 0.0145708 -0.0949814
internal_weight=3.02734e+06 1.5968e+06 1.54242e+06 1.52035e+06 1.43053e+06 1.2984e+06 1.50935e+06 271131 1.23822e+06 27122 244009 24569 1.2301e+06 67489
internal_count=3027339 1596805 1542415 1520348 1430534 1298405 1509347 271131 1238216 27122 244009 24569 1230103 67489
is_linear=0
shrinkage=0.02


Tree=57
num_leaves=15
num_cat=0
split_feature=17 7 19 7 7 23 7 7 23 7 20 7 19 22
split_gain=1.74772e+06 1.41419e+06 8.94091e+06 3.19911e+06 2.09444e+06 1.79282e+06 4.00591e+06 3.46335e+06 2.18159e+06 1.4121e+06 6.41e+06 3.6023e+06 2.85206e+06 3.26227e+06
threshold=0.162966363132 11200.173339843752 11204.585449218752 11219.278320312502 12753.250976562502 11175.624023437502 11130.324218750002 11184.371582031252 11203.489746093752 11006.505859375002 10970.681640625002 10997.610839843752 11046.970703125002 11013.413085937502
decision_type=2 2 2 2 2 2 2 2 2 2 2 2 2 2
left_child=-1 5 3 -3 -5 9 -7 8 -8 11 -11 -2 13 -13
right_child=1 2 -4 4 -6 6 7 -9 -10 10 -12 12 -14 -15
leaf_value=0.094200922925644553 0.010913532237745292 -0.11155817040458736 -0.00055997019384518916 -0.35319620344112396 0.79697347995297463 -0.18700683177867455 0.16238265712535338 0.040228423850995919 0.45129799114648661 -0.44933297236970887 -0.01150228326165945 0.20895421760513386 -0.52559396012899162 0.84341117561506862
leaf_weight=76775 692348 104946 1687728 34461 636 20537 38160 97548 14401 14210 225195 14627 1608 4159
leaf_count=76775 692348 104946 1687728 34461 636 20537 38160 97548 14401 14210 225195 14627 1608 4159
internal_value=1.20518e-06 -0.00245022 -0.0133025 -0.166857 -0.332132 0.0152159 0.0749109 0.110755 0.241613 0.00451648 -0.0375077 0.0186325 0.280545 0.349791
internal_weight=3.02734e+06 2.95056e+06 1.82777e+06 140043 35097 1.12279e+06 170646 150109 52561 952147 239405 712742 20394 18786
internal_count=3027339 2950564 1827771 140043 35097 1122793 170646 150109 52561 952147 239405 712742 20394 18786
is_linear=0
shrinkage=0.02


Tree=58
num_leaves=15
num_cat=0
split_feature=4 4 7 21 21 7 21 21 7 0 0 21 7 23
split_gain=4.30174e+06 1.71596e+06 1.65404e+06 4.26663e+06 3.30506e+06 2.28364e+06 4.53146e+06 2.42271e+06 2.16675e+06 2.13906e+06 1.63241e+06 2.17994e+06 5.81532e+06 1.86709e+06
threshold=16.57499980926514 284.38999938964849 10942.550292968752 10966.222167968752 10976.944824218752 11185.928222656252 11204.439941406252 11174.830078125002 10889.665527343752 3915.5000000000005 4398.5000000000009 12254.822753906252 12205.039550781252 10958.754882812502
decision_type=2 2 2 2 2 2 2 2 2 2 2 2 2 2
left_child=10 2 3 9 -4 6 -6 -7 -5 -2 -1 13 -13 -12
right_child=1 -3 4 8 5 7 -8 -9 -10 -11 11 12 -14 -15
leaf_value=-0.015718073371578833 0.012022222240931784 0.27045731419091384 -0.11424282227680584 1.0256137491235591 0.055217511034935045 -0.1427798733239205 0.41077404241681281 0.015285843972305438 0.31142859026406761 0.14133536385161763 0.039086502899523715 0.88056216999209469 -0.025332669858966667 -0.12853107460110982
leaf_weight=1296937 176910 11177 77456 2020 161426 40415 15726 957227 10555 71981 32252 3326 18852 151079
leaf_count=1296937 176910 11177 77456 2020 161426 40415 15726 957227 10555 71981 32252 3326 18852 151079
internal_value=1.24512e-06 0.0236659 0.0218418 0.0675938 0.0122885 0.0206318 0.0868022 0.00888113 0.426878 0.0494247 -0.0240169 -0.0763865 0.110858 -0.0990428
internal_weight=3.02734e+06 1.52489e+06 1.51372e+06 261466 1.25225e+06 1.17479e+06 177152 997642 12575 248891 1.50245e+06 205509 22178 183331
internal_count=3027339 1524893 1513716 261466 1252250 1174794 177152 997642 12575 248891 1502446 205509 22178 183331
is_linear=0
shrinkage=0.02


Tree=59
num_leaves=15
num_cat=0
split_feature=27 27 26 20 24 26 26 26 27 26 20 27 9 26
split_gain=1.49022e+07 5.92038e+06 4.25071e+06 3.40142e+06 3.23069e+06 9.00993e+06 3.02596e+06 2.72934e+06 2.60481e+06 2.07329e+06 1.83327e+06 3.55138e+06 1.83841e+06 3.98976e+06
threshold=5.5229492187500009 -9.2807617187499982 11032.155761718752 10970.681640625002 12220.685058593752 12181.866210937502 12205.775878906252 11006.353515625002 19.711425781250004 10982.813476562502 11202.923339843752 -40.215820312499993 -0.37483671307563776 11179.073730468752
decision_type=2 2 2 2 2 2 2 2 2 2 2 2 2 2
left_child=1 4 7 -4 6 -6 10 9 -5 -2 11 -1 13 -12
right_child=2 -3 3 8 5 -7 -8 -9 -10 -11 12 -13 -14 -15
leaf_value=-0.41835880117775753 0.17022014568125396 -0.0065060599908582963 -0.79828019732618305 0.021216179761909461 0.77775534130834534 -0.026644437217949245 -0.55427067183229672 0.44412479934534754 0.11222908461361136 -0.028695633363453807 0.47255919850227779 -0.11597092672519825 -0.084366832128838859 -0.032546727436731177
leaf_weight=16747 144014 1724821 1870 350299 5867 106536 5889 12801 196253 24526 7743 213534 184066 32373
leaf_count=16747 144014 1724821 1870 350299 5867 106536 5889 12801 196253 24526 7743 213534 184066 32373
internal_value=1.40151e-06 -0.0250067 0.0787358 0.0509778 -0.0807192 0.0154074 -0.10419 0.162676 0.0538981 0.141274 -0.0983458 -0.137979 -0.0576297 0.0650394
internal_weight=3.02734e+06 2.29758e+06 729763 548422 572755 112403 460352 181341 546552 168540 454463 230281 224182 40116
internal_count=3027339 2297576 729763 548422 572755 112403 460352 181341 546552 168540 454463 230281 224182 40116
is_linear=0
shrinkage=0.02


Tree=60
num_leaves=15
num_cat=0
split_feature=27 27 7 5 27 4 19 20 19 0 27 19 19 27
split_gain=1.43634e+07 6.73722e+06 2.47736e+06 2.26739e+06 2.19839e+06 1.97365e+06 1.63767e+06 1.54594e+06 1.53295e+06 1.68934e+06 1.48915e+06 1.36089e+06 1.32785e+06 1.33872e+06
threshold=11.405761718750002 -1.9731445312499998 10944.346679687502 -0.027499999850988385 -27.635253906249996 116.86500167846681 12951.521484375002 11414.768554687502 12772.923339843752 5275.5000000000009 -40.215820312499993 10950.788574218752 12772.923339843752 36.633789062500007
decision_type=2 2 2 2 2 2 2 2 2 2 2 2 2 2
left_child=1 3 11 4 7 12 -3 10 9 -5 -1 -2 13 -4
right_child=2 6 5 8 -6 -7 -8 -9 -10 -11 -12 -13 -14 -15
leaf_value=-0.50166610757475105 0.16585938262817848 0.0084519676078942604 0.085173720877524547 -0.05381686028841047 -0.078561417475638745 0.01509877600841336 -0.18981988738042652 -0.10622199218868568 0.15323077545520528 0.062940347392431858 -0.21104927483936547 0.39725215919917084 0.38135808654383413 0.21855011222313714
leaf_weight=10551 68927 1554610 238574 553536 277823 131717 16834 29382 16281 54436 21324 11926 6972 34446
leaf_count=10551 68927 1554610 238574 553536 277823 131717 16834 29382 16281 54436 21324 11926 6972 34446
internal_value=1.3685e-06 -0.0192026 0.0988253 -0.0608471 -0.102479 0.0789448 0.00632679 -0.210925 -0.0382322 -0.0433619 -0.307375 0.200035 0.108978 0.102009
internal_weight=3.02734e+06 2.53478e+06 492562 963333 339080 411709 1.57144e+06 61257 624253 607972 31875 80853 279992 273020
internal_count=3027339 2534777 492562 963333 339080 411709 1571444 61257 624253 607972 31875 80853 279992 273020
is_linear=0
shrinkage=0.02


Tree=61
num_leaves=15
num_cat=0
split_feature=8 8 22 26 26 0 21 23 26 4 26 26 26 26
split_gain=4.3401e+06 1.76393e+06 2.41395e+06 8.66472e+06 1.98845e+06 2.88444e+06 2.99982e+06 2.02724e+06 1.78603e+06 1.68378e+06 1.59416e+06 2.56933e+06 1.69e+06 4.26771e+06
threshold=-0.69954469799995411 -0.83435350656509388 12225.106445312502 12201.836914062502 10950.395019531252 4452.5000000000009 10980.927246093752 12738.863281250002 12208.987792968752 284.38999938964849 10851.689941406252 10817.308593750002 10925.707519531252 11021.704589843752
decision_type=2 2 2 2 2 2 2 2 2 2 2 2 2 2
left_child=1 2 8 -4 -3 7 -7 -6 10 -2 11 -1 -12 -14
right_child=9 4 3 -5 5 6 -8 -9 -10 -11 12 -13 13 -15
leaf_value=-0.02559347111256377 0.018304539685744029 0.025110069903326974 0.71519397928778017 0.031056212673974827 -0.053162710074046035 -0.60527186412095946 -0.14191988911768236 0.26741003394056617 -0.37284369984674143 0.264440134099932 -0.11729360062672715 0.39152025421652048 0.48648056103941528 -0.019277059968970004
leaf_weight=15072 1784180 112744 8017 95585 452053 6016 77335 8021 5741 11177 69774 9703 6788 365133
leaf_count=15072 1784180 112744 8017 95585 452053 6016 77335 8021 5741 11177 69774 9703 6788 365133
internal_value=1.36416e-06 -0.0289068 -0.00335987 0.0840607 -0.0513248 -0.0671828 -0.175432 -0.0475681 -0.0225412 0.0198383 -0.0182219 0.137858 -0.0269796 -0.0100335
internal_weight=3.02734e+06 1.23198e+06 575813 103602 656169 543425 83351 460074 472211 1.79536e+06 466470 24775 441695 371921
internal_count=3027339 1231982 575813 103602 656169 543425 83351 460074 472211 1795357 466470 24775 441695 371921
is_linear=0
shrinkage=0.02


Tree=62
num_leaves=15
num_cat=0
split_feature=27 27 24 7 27 9 0 24 9 21 7 22 23 9
split_gain=1.38142e+07 4.77574e+06 4.86019e+06 4.76144e+06 2.86329e+06 2.4756e+06 2.43824e+06 2.40813e+06 2.20383e+06 1.96467e+06 1.73406e+06 9.42834e+06 3.52507e+06 1.72983e+06
threshold=1.7934570312500002 -15.797363281249998 11198.313964843752 10942.550292968752 36.633789062500007 -0.10297428816556929 5556.5000000000009 11106.274902343752 -0.66079589724540699 12799.717285156252 12238.857910156252 12254.410156250002 12225.526855468752 -0.72804987430572499
decision_type=2 2 2 2 2 2 2 2 2 2 2 2 2 2
left_child=1 2 7 -2 6 13 -5 -1 -4 10 11 -10 -12 -6
right_child=3 -3 8 4 5 -7 -8 -9 9 -11 12 -13 -14 -15
leaf_value=-0.15108539513319205 0.16634465989177633 -0.015527011087926033 0.26694922984335462 0.040453320419595519 0.77612254640181289 0.28647863709399496 -0.12342431175840028 -0.36959470432482971 -0.054110345596933992 0.45020707674770033 -0.71958310896707944 0.82923885966864552 -0.11050497747351899 0.018376474742485122
leaf_weight=107981 148923 1710426 9059 712054 1241 34506 38258 24811 147396 3065 4121 4987 47660 32851
leaf_count=107981 148923 1710426 9059 712054 1241 34506 38258 24811 147396 3065 4121 4987 47660 32851
internal_value=1.39413e-06 -0.029286 -0.0967003 0.0623235 0.0434048 0.167079 0.0320957 -0.191937 -0.0382227 -0.0515756 -0.0591303 -0.0251486 -0.159109 0.0461797
internal_weight=3.02734e+06 2.05951e+06 349080 967833 818910 68598 750312 132792 216288 207229 204164 152383 51781 34092
internal_count=3027339 2059506 349080 967833 818910 68598 750312 132792 216288 207229 204164 152383 51781 34092
is_linear=0
shrinkage=0.02


Tree=63
num_leaves=15
num_cat=0
split_feature=9 24 26 4 24 19 4 8 26 24 4 26 9 26
split_gain=4.50832e+06 2.66774e+06 2.12918e+06 2.1061e+06 2.88929e+06 2.07992e+06 1.70426e+06 1.58888e+06 1.42678e+06 1.39986e+06 6.82876e+06 3.17229e+06 2.4967e+06 2.36844e+06
threshold=0.53606674075126659 12725.326171875002 10955.791992187502 -122.685001373291 10984.035156250002 12772.923339843752 284.38999938964849 -0.95380857586860646 11354.290527343752 12182.593261718752 -164.48500061035153 12281.559082031252 -0.45021446049213404 12050.339355468752
decision_type=2 2 2 2 2 2 2 2 2 2 2 2 2 2
left_child=6 2 -2 4 -4 -3 7 8 -1 13 -11 12 -12 -9
right_child=1 5 3 -5 -6 -7 -8 9 -10 10 11 -13 -14 -15
leaf_value=0.057000499989217086 0.023671822343788201 0.30789092506953603 -0.49937614647312717 -0.044467353685642301 -0.11088275576563411 -0.16072307702515243 0.26004140545816945 0.019298676975527701 -0.05387348931337118 0.83498568870858392 0.026946670288673497 0.0063305160412787907 0.21833704550275759 -0.058292108249159799
leaf_weight=58221 129896 14590 8120 442577 132094 5109 11177 1443881 229009 4412 48694 261009 61949 176601
leaf_count=58221 129896 14590 8120 442577 132094 5109 11177 1443881 229009 4412 48694 261009 61949 176601
internal_value=1.45143e-06 -0.0432022 -0.0495492 -0.0658693 -0.133415 0.186333 0.0137891 0.0125828 -0.0313983 0.0189102 0.0536732 0.0443758 0.134116 0.0108425
internal_weight=3.02734e+06 732386 712687 582791 140214 19699 2.29495e+06 2.28378e+06 287230 1.99655e+06 376064 371652 110643 1.62048e+06
internal_count=3027339 732386 712687 582791 140214 19699 2294953 2283776 287230 1996546 376064 371652 110643 1620482
is_linear=0
shrinkage=0.02


Tree=64
num_leaves=15
num_cat=0
split_feature=9 24 19 9 20 4 4 26 4 24 25 26 20 26
split_gain=4.37152e+06 1.59969e+06 2.35943e+06 1.65796e+06 3.05347e+06 5.5079e+06 2.46415e+06 2.07394e+06 2.1049e+06 2.73786e+06 1.81997e+06 1.59959e+06 2.45818e+06 1.9608e+06
threshold=-0.20045207440853116 12725.326171875002 12165.428710937502 0.55122801661491405 12183.192871093752 -174.19499969482419 85.575000762939467 10955.791992187502 -122.685001373291 10984.035156250002 0.043383892625570304 10851.689941406252 10821.331054687502 10925.707519531252
decision_type=2 2 2 2 2 2 2 2 2 2 2 2 2 2
left_child=-1 3 -3 4 11 -6 -7 -5 9 -9 -8 12 -2 -13
right_child=1 2 -4 7 5 6 10 8 -10 -11 -12 13 -14 -15
leaf_value=0.025192886160931609 -0.041045902635843533 0.48405621592367293 0.04076314669527438 0.023375639258069049 0.72583806532563055 0.026361438740881 0.55627852642994091 -0.48940089934455833 -0.043741030528070025 -0.11104878701780707 0.062039792849691501 -0.12157440232053046 0.36053857710962489 -0.016887907175902238
leaf_weight=1442487 13967 5449 39970 129274 5100 111237 6446 8120 436251 130022 5541 81224 10808 601443
leaf_count=1442487 13967 5449 39970 129274 5100 111237 6446 8120 436251 130022 5541 81224 10808 601443
internal_value=1.4773e-06 -0.022927 0.0940411 -0.0263786 -0.00733355 0.0824212 0.0557345 -0.0489986 -0.0652874 -0.133322 0.32806 -0.0236153 0.134218 -0.0293452
internal_weight=3.02734e+06 1.58485e+06 45419 1.53943e+06 835766 128324 123224 703667 574393 138142 11987 707442 24775 682667
internal_count=3027339 1584852 45419 1539433 835766 128324 123224 703667 574393 138142 11987 707442 24775 682667
is_linear=0
shrinkage=0.02


Tree=65
num_leaves=15
num_cat=0
split_feature=27 27 21 7 4 9 27 9 7 26 8 7 7 27
split_gain=1.33372e+07 6.23926e+06 2.41583e+06 2.37353e+06 2.14514e+06 2.01993e+06 1.98756e+06 1.70705e+06 1.71708e+06 2.88523e+06 2.84533e+06 2.20765e+06 2.39489e+06 1.66674e+06
threshold=11.405761718750002 -7.6069335937499991 12773.829101562502 11187.670410156252 93.954998016357436 -0.70835387706756581 65.000000000000014 -0.20045207440853116 10939.776855468752 10950.395019531252 -0.79548987746238697 10775.280273437502 10727.798339843752 36.633789062500007
decision_type=2 2 2 2 2 2 2 2 2 2 2 2 2 2
left_child=1 2 7 13 5 -5 -7 -1 11 -10 -11 12 -9 -2
right_child=3 -3 -4 4 -6 6 -8 8 9 10 -12 -13 -14 -15
leaf_value=-0.031980780515985602 0.13203160812372414 -0.0001588447787002712 0.164481381721192 0.41242028574741724 0.003248472372700339 0.086390253992662758 0.74404312358605729 -0.20341343776444162 0.097365906306584635 -0.047785153167776241 -0.16722281678238499 -0.25875957078771505 0.3093146757521778 0.3223174112947394
leaf_weight=210141 150291 1889089 16796 8302 137040 174099 1848 8400 31780 174583 146936 50632 6420 20982
leaf_count=210141 150291 1889089 16796 8302 137040 174099 1848 8400 31780 174583 146936 50632 6420 20982
internal_value=1.54586e-06 -0.0185037 -0.0721744 0.0952301 0.0631719 0.107739 0.0933397 -0.0784974 -0.101839 -0.0844032 -0.102372 -0.195929 0.018757 0.15536
internal_weight=3.02734e+06 2.53478e+06 645688 492562 321289 184249 175947 628892 418751 353299 321519 65452 14820 171273
internal_count=3027339 2534777 645688 492562 321289 184249 175947 628892 418751 353299 321519 65452 14820 171273
is_linear=0
shrinkage=0.02


Tree=66
num_leaves=15
num_cat=0
split_feature=9 7 24 20 7 26 19 7 20 7 4 7 26 7
split_gain=4.0981e+06 2.98866e+06 3.01436e+06 2.26935e+06 5.8459e+06 2.02157e+06 1.96208e+06 1.69689e+06 4.24484e+06 3.13767e+06 1.6338e+06 1.28972e+06 4.16496e+06 2.65197e+06
threshold=0.53606674075126659 10974.288085937502 12725.326171875002 10986.533691406252 11013.437500000002 10971.138183593752 12790.271972656252 11203.090820312502 11199.758789062502 11240.761718750002 284.38999938964849 10765.747070312502 10817.308593750002 10699.223144531252
decision_type=2 2 2 2 2 2 2 2 2 2 2 2 2 2
left_child=10 11 3 4 -3 -5 -4 -7 9 -9 -1 13 -13 -2
right_child=1 2 6 5 -6 7 -8 8 -10 -11 -12 12 -14 -15
leaf_value=0.011965929264280218 -0.14879752682664094 -0.0082825573819302785 0.29488448568427239 -0.34651174986937944 -0.58306903152043565 -0.0080112801108082332 -0.16368675934266044 -0.18071057379075681 -0.055828297348403874 -0.59589821568410117 0.25425502422420054 -0.21757967542804896 0.055546159359627242 0.29037301714864183
leaf_weight=2283776 7837 17219 14706 9874 12008 176894 4993 35046 272318 9186 11177 27096 126816 18393
leaf_count=2283776 7837 17219 14706 9874 12008 176894 4993 35046 272318 9186 11177 27096 126816 18393
internal_value=1.61826e-06 -0.0411896 -0.0642642 -0.0732521 -0.244555 -0.0633001 0.178628 -0.057626 -0.0853504 -0.267051 0.013147 0.0295477 0.00745158 0.15915
internal_weight=3.02734e+06 732386 552244 532545 29227 503318 19699 493444 316550 44232 2.29495e+06 180142 153912 26230
internal_count=3027339 732386 552244 532545 29227 503318 19699 493444 316550 44232 2294953 180142 153912 26230
is_linear=0
shrinkage=0.02


Tree=67
num_leaves=15
num_cat=0
split_feature=27 27 27 8 26 9 9 27 26 21 27 9 6 26
split_gain=1.27497e+07 5.98708e+06 2.19961e+06 2.6849e+06 2.27913e+06 2.03268e+06 1.98159e+06 1.75628e+06 3.47244e+06 5.4666e+06 1.71701e+06 1.59915e+06 1.51587e+06 1.45421e+06
threshold=11.405761718750002 -1.9731445312499998 33.938964843750007 0.99591365456581127 11314.497558593752 -0.20045207440853116 -0.7020561397075652 -27.635253906249996 11408.178710937502 11758.812988281252 -40.215820312499993 -0.72804987430572499 103.74929046630861 10878.348144531252
decision_type=2 2 2 2 2 2 2 2 2 2 2 2 2 2
left_child=1 5 6 4 12 -1 -2 8 10 -10 -7 -6 -4 -8
right_child=2 -3 3 -5 11 7 13 -9 9 -11 -12 -13 -14 -15
leaf_value=-0.018232109752837573 0.20783294374354364 0.0059745663204521958 0.38234349070300766 0.48570966825964917 0.75486300135937645 -0.42042851272552212 0.18256991394828034 -0.063742146588415247 0.41540628963562659 -0.13034086013146789 -0.18376850712916551 0.045955570632978622 0.086511585241482461 0.044908831235518747
leaf_weight=342474 39078 1571444 20036 10241 1295 18395 33881 515793 8938 40887 36846 51759 10599 325673
leaf_count=342474 39078 1571444 20036 10241 1295 18395 33881 515793 8938 40887 36846 51759 10599 325673
internal_value=1.49279e-06 -0.0180916 0.093109 0.180174 0.142732 -0.0573494 0.0725898 -0.0789263 -0.153455 -0.0323763 -0.262637 0.0633987 0.280055 0.0578855
internal_weight=3.02734e+06 2.53478e+06 492562 93930 83689 963333 398632 620859 105066 49825 55241 53054 30635 359554
internal_count=3027339 2534777 492562 93930 83689 963333 398632 620859 105066 49825 55241 53054 30635 359554
is_linear=0
shrinkage=0.02


Tree=68
num_leaves=15
num_cat=0
split_feature=8 4 8 7 7 0 20 23 7 7 20 7 7 7
split_gain=3.41048e+06 1.50569e+06 1.49308e+06 2.73275e+06 2.6976e+06 2.57894e+06 2.11727e+06 2.10674e+06 7.65239e+06 1.81228e+06 3.12946e+06 3.90159e+06 1.78011e+06 1.63274e+06
threshold=-0.69954469799995411 284.38999938964849 -0.83435350656509388 10974.288085937502 11130.324218750002 3196.5000000000005 11045.292480468752 12225.526855468752 12205.039550781252 11199.130371093752 11199.758789062502 11211.744628906252 11013.437500000002 10853.744628906252
decision_type=2 2 2 2 2 2 2 2 2 2 2 2 2 2
left_child=2 -2 7 -4 5 -5 12 13 -9 -6 11 -11 -7 -1
right_child=1 -3 3 4 9 6 -8 8 -10 10 -12 -13 -14 -15
leaf_value=0.13943341202189824 0.016135814903858372 0.24889090224771512 0.024232312503884947 -0.083500162620309779 0.027840169467442836 -0.059248914868475881 -0.18196208063492031 0.66722155262287486 0.02931557640855123 -0.073945278041667534 -0.041355475008730942 -0.3997484828730905 -0.63812277302883402 -0.028822328450341633
leaf_weight=24315 1784180 11177 164779 47126 93822 2696 18783 8149 96391 38129 256847 23926 10061 446958
leaf_count=24315 1784180 11177 164779 47126 93822 2696 18783 8149 96391 38129 256847 23926 10061 446958
internal_value=1.582e-06 0.0175862 -0.0256243 -0.0462495 -0.0698843 -0.177213 -0.317164 -0.00212039 0.0791003 -0.0494235 -0.0721549 -0.199607 -0.51593 -0.0201385
internal_weight=3.02734e+06 1.79536e+06 1.23198e+06 656169 491390 78666 31540 575813 104540 412724 318902 62055 12757 471273
internal_count=3027339 1795357 1231982 656169 491390 78666 31540 575813 104540 412724 318902 62055 12757 471273
is_linear=0
shrinkage=0.02


Tree=69
num_leaves=15
num_cat=0
split_feature=9 26 20 19 19 24 19 26 9 20 4 4 26 0
split_gain=3.75246e+06 1.54782e+06 1.99194e+06 1.84687e+06 1.46751e+06 1.44731e+06 2.20415e+06 1.56398e+06 1.46364e+06 2.88245e+06 5.13916e+06 2.12317e+06 1.8524e+06 2.2518e+06
threshold=-0.24782751500606534 12735.481445312502 12772.743652343752 13462.845214843752 12790.271972656252 12725.326171875002 12165.428710937502 12763.958496093752 0.55122801661491405 12183.192871093752 -174.19499969482419 85.575000762939467 10955.791992187502 4370.5000000000009
decision_type=2 2 2 2 2 2 2 2 2 2 2 2 2 2
left_child=1 4 3 -3 -1 8 7 -7 9 -2 -11 -12 -10 -14
right_child=5 2 -4 -5 -6 6 -8 -9 12 10 11 -13 13 -15
leaf_value=0.025477498587402021 -0.02207420338366017 -0.14201475830036725 0.070047747032920271 -0.70203237164993215 0.2276444089662894 0.67541461821339033 0.038858474067921832 -0.082875059822830124 0.022853919075138 0.70197764555208819 0.02721141253525174 0.30255100338875268 -0.043757404052195671 -0.15220867996638937
leaf_weight=1357027 728884 26575 19331 2576 14506 3952 39970 1497 129274 5100 111814 12440 483402 90991
leaf_count=1357027 728884 26575 19331 2576 14506 3952 39970 1497 129274 5100 111814 12440 483402 90991
internal_value=1.52669e-06 0.0236913 -0.0873572 -0.191727 0.0276174 -0.0209276 0.0903533 0.467316 -0.0241641 -0.00663321 0.0803685 0.0548 -0.0455455 -0.0609398
internal_weight=3.02734e+06 1.42002e+06 48482 29151 1.37153e+06 1.60732e+06 45419 5449 1.5619e+06 858238 129354 124254 703667 574393
internal_count=3027339 1420015 48482 29151 1371533 1607324 45419 5449 1561905 858238 129354 124254 703667 574393
is_linear=0
shrinkage=0.02


Tree=70
num_leaves=15
num_cat=0
split_feature=27 27 7 20 23 7 24 7 27 9 8 20 7 23
split_gain=1.22117e+07 4.73117e+06 4.41865e+06 4.40392e+06 2.50507e+06 2.497e+06 3.4424e+06 2.38527e+06 2.21482e+06 2.10925e+06 2.05415e+06 1.96e+06 1.86391e+06 8.10498e+06
threshold=4.5629882812500009 -13.246582031249998 10942.550292968752 11202.923339843752 10944.074218750002 11187.670410156252 11173.964843750002 10976.409667968752 -40.215820312499993 -0.66045743227004994 -0.82622474431991566 12820.129882812502 12238.857910156252 12254.214843750002
decision_type=2 2 2 2 2 2 2 2 2 2 2 2 2 2
left_child=1 3 -2 8 7 10 -7 -4 -1 -5 -6 12 13 -11
right_child=2 -3 4 9 5 6 -8 -9 -10 11 -12 -13 -14 -15
leaf_value=-0.38080489882623375 0.17851321949153223 -0.0094567945291724707 -0.069468404902890649 0.23068136932992797 1.0304960839717965 -0.14897576780006713 0.049516550572776381 -0.64976676651224441 -0.1385621563284872 -0.044198134307957528 0.12859498423959048 0.29222141726708911 -0.1501365373280126 0.76252926960482814
leaf_weight=16747 122695 1818497 13528 11694 1009 37690 478971 3575 152879 179097 119144 6739 59960 5114
leaf_count=16747 122695 1818497 13528 11694 1009 37690 478971 3575 152879 179097 119144 6739 59960 5114
internal_value=1.559e-06 -0.0235939 0.0683838 -0.0830704 0.0477177 0.054134 0.0350341 -0.191077 -0.1625 -0.0317597 0.136254 -0.0439999 -0.0532911 -0.0217618
internal_weight=3.02734e+06 2.25073e+06 776612 432230 653917 636814 516661 17103 169626 262604 120153 250910 244171 184211
internal_count=3027339 2250727 776612 432230 653917 636814 516661 17103 169626 262604 120153 250910 244171 184211
is_linear=0
shrinkage=0.02


Tree=71
num_leaves=15
num_cat=0
split_feature=9 26 26 0 5 9 26 19 19 26 19 26 26 19
split_gain=3.53935e+06 1.50845e+06 3.13425e+06 1.34425e+06 1.26062e+06 1.10306e+06 1.84047e+06 5.6106e+06 2.01853e+06 1.64399e+06 2.26717e+06 1.38277e+06 1.31254e+06 1.19764e+06
threshold=-0.24782751500606534 12704.916015625002 12673.484375000002 2072.5000000000005 0.082499999552965178 -0.47019329667091364 11372.095214843752 11384.253417968752 11874.486816406252 12281.559082031252 12208.879882812502 12214.379394531252 12092.980957031252 10719.796386718752
decision_type=2 2 2 2 2 2 2 2 2 2 2 2 2 2
left_child=1 2 3 -1 5 13 7 -7 -8 10 12 -12 -10 -5
right_child=-2 -3 -4 4 -6 6 8 -9 9 -11 11 -13 -14 -15
leaf_value=0.001181392977885486 -0.020324514206530336 -0.069395512213838662 0.32304198710238768 0.11667308599303738 0.18241542399392027 0.11503573308010898 -0.085067109955232409 0.89580197228727587 0.14309401951147296 0.0028113508131899375 0.074994514121757644 0.49913299787925425 -0.1056749488349412 0.01393002111485217
leaf_weight=569562 1607324 67306 14203 49806 24647 28936 34281 4209 41620 50164 4377 10356 10647 509901
leaf_count=569562 1607324 67306 14203 49806 24647 28936 34281 4209 41620 50164 4377 10356 10647 509901
internal_value=1.59897e-06 0.0230089 0.0276071 0.0244698 0.0417194 0.0370579 0.0794536 0.214424 0.0499018 0.0893964 0.154214 0.373264 0.0924079 0.0230747
internal_weight=3.02734e+06 1.42002e+06 1.35271e+06 1.33851e+06 768944 744297 184590 33145 151445 117164 67000 14733 52267 559707
internal_count=3027339 1420015 1352709 1338506 768944 744297 184590 33145 151445 117164 67000 14733 52267 559707
is_linear=0
shrinkage=0.02


Tree=72
num_leaves=15
num_cat=0
split_feature=27 27 27 24 27 20 24 9 9 9 9 9 9 23
split_gain=1.17575e+07 5.50782e+06 2.11625e+06 1.95954e+06 1.93652e+06 3.35839e+06 2.04324e+06 1.85411e+06 1.68388e+06 1.63442e+06 1.54124e+06 1.98858e+06 1.55388e+06 1.85472e+06
threshold=11.405761718750002 -2.5483398437499996 33.938964843750007 12748.286621093752 -15.797363281249998 11199.758789062502 11106.274902343752 -0.7020561397075652 0.72443613409996044 -0.65761160850524891 -0.094809673726558671 -0.62102523446083058 0.20284801721572879 11050.575195312502
decision_type=2 2 2 2 2 2 2 2 2 2 2 2 2 2
left_child=1 3 7 4 5 6 -1 -2 -5 -7 11 -4 -12 -14
right_child=2 -3 10 8 -6 9 -8 -9 -10 -11 12 -13 13 -15
leaf_value=-0.14034508897250755 0.2001068272862086 0.0048352147322274358 0.25663835704347721 0.059962081163243912 -0.039245203073773063 0.23330117883252982 -0.34045687244878503 0.055062692089840055 0.72596448441558781 -0.060168828170915685 0.47698685437307076 0.0082267501341698936 0.66654984264527184 0.14022463238797664
leaf_weight=107981 39078 1617134 21151 33414 549206 7893 25168 359554 1581 192400 10574 32982 2974 26249
leaf_count=107981 39078 1617134 21151 33414 549206 7893 25168 359554 1581 192400 10574 32982 2974 26249
internal_value=1.70559e-06 -0.0173731 0.0894127 -0.0565096 -0.0623293 -0.100348 -0.178193 0.0692861 0.09025 -0.0485928 0.174812 0.105317 0.26929 0.193999
internal_weight=3.02734e+06 2.53478e+06 492562 917643 882648 333442 133149 398632 34995 200293 93930 54133 39797 29223
internal_count=3027339 2534777 492562 917643 882648 333442 133149 398632 34995 200293 93930 54133 39797 29223
is_linear=0
shrinkage=0.02


Tree=73
num_leaves=15
num_cat=0
split_feature=27 27 27 20 26 25 21 9 8 26 20 21 26 23
split_gain=1.13191e+07 3.82454e+06 3.81925e+06 4.09373e+06 2.50792e+06 2.42907e+06 2.35684e+06 1.95142e+06 1.9441e+06 2.04773e+06 1.944e+06 1.67848e+06 1.70722e+06 7.81177e+06
threshold=1.4497070312500002 24.475585937500004 -15.797363281249998 11199.758789062502 10899.184082031252 0.066820703446865096 10878.187011718752 -0.66079589724540699 0.99468204379081737 12055.717285156252 11107.629394531252 12773.829101562502 12201.836914062502 12244.654785156252
decision_type=2 2 2 2 2 2 2 2 2 2 2 2 2 2
left_child=2 4 3 10 6 -6 -2 -5 9 -3 -1 12 13 -9
right_child=1 8 -4 7 5 -7 -8 11 -10 -11 -12 -13 -14 -15
leaf_value=-0.13771326050470203 0.09919856205704207 0.16065086628944081 -0.014691368417615175 0.25545996328215603 0.036329479072913382 -0.083326637438193546 0.42209623427213422 -0.051021747205160457 0.36753920247068933 0.0073964085323213339 -0.33290839190869514 0.23183065732204852 -0.15678941365507798 0.73692300965384805
leaf_weight=107982 79465 126310 1674372 8943 650500 75757 10195 141869 13484 48176 25167 8330 51581 5208
leaf_count=107982 79465 126310 1674372 8943 650500 75757 10195 141869 13484 48176 25167 8330 51581 5208
internal_value=1.82096e-06 0.0549061 -0.0272377 -0.0874145 0.0361682 0.023847 0.135958 -0.0336292 0.136235 0.11834 -0.17463 -0.0461313 -0.0577978 -0.0230723
internal_weight=3.02734e+06 1.00389e+06 2.02345e+06 349080 815917 726257 89660 215931 187970 174486 133149 206988 198658 147077
internal_count=3027339 1003887 2023452 349080 815917 726257 89660 215931 187970 174486 133149 206988 198658 147077
is_linear=0
shrinkage=0.02


Tree=74
num_leaves=15
num_cat=0
split_feature=27 27 27 8 9 5 23 21 27 25 4 19 8 4
split_gain=1.09253e+07 5.13802e+06 1.96754e+06 2.39031e+06 1.77768e+06 1.7583e+06 1.74011e+06 1.7737e+06 1.70936e+06 1.66519e+06 1.537e+06 1.51587e+06 2.11674e+06 1.39981e+06
threshold=11.405761718750002 -1.9731445312499998 33.938964843750007 0.99468204379081737 -0.70835387706756581 -0.032499999739229672 11050.575195312502 10994.409179687502 -27.635253906249996 0.045765293762087829 90.094997406005874 12951.521484375002 0.82309290766716015 116.86500167846681
decision_type=2 2 2 2 2 2 2 2 2 2 2 2 2 2
left_child=1 5 4 6 -2 8 7 -4 -1 10 -8 -3 -13 -6
right_child=2 11 3 -5 13 -7 9 -9 -10 -11 -12 12 -14 -15
leaf_value=-0.19752383266784129 0.20803770127651444 0.0075923528696214184 0.22404560213403518 0.45285121271480344 0.080016424400494335 -0.03560602772907185 0.13223220193104218 0.78652010091925639 -0.071440453625095712 0.20288527670562062 -0.1238909921180948 -0.11155677861601254 -0.8859844708381398 -0.0050092282304534464
leaf_weight=52795 32705 1554610 16104 10497 254621 678486 17786 2599 232052 27155 19789 15288 1546 111306
leaf_count=52795 32705 1554610 16104 10497 254621 678486 17786 2599 232052 27155 19789 15288 1546 111306
internal_value=1.8865e-06 -0.0167467 0.0861908 0.168535 0.0667843 -0.0531145 0.132713 0.302588 -0.0948156 0.0835907 -0.00265248 0.00554773 -0.183164 0.0541542
internal_weight=3.02734e+06 2.53478e+06 492562 93930 398632 963333 83433 18703 284847 64730 37575 1.57144e+06 16834 365927
internal_count=3027339 2534777 492562 93930 398632 963333 83433 18703 284847 64730 37575 1571444 16834 365927
is_linear=0
shrinkage=0.02


Tree=75
num_leaves=15
num_cat=0
split_feature=27 7 27 21 27 0 27 19 21 7 19 7 27 6
split_gain=1.05126e+07 3.9523e+06 3.63043e+06 3.8879e+06 2.30617e+06 2.27044e+06 1.79855e+06 1.77088e+06 1.50748e+06 1.43068e+06 2.14589e+06 2.03618e+06 1.68193e+06 1.42528e+06
threshold=1.7934570312500002 10942.550292968752 -15.797363281249998 11201.488769531252 36.633789062500007 5556.5000000000009 -40.215820312499993 10922.094238281252 12799.717285156252 12013.128906250002 12180.612792968752 12785.869140625002 65.000000000000014 95.940456390380874
decision_type=2 2 2 2 2 2 2 2 2 2 2 2 2 2
left_child=2 7 3 6 5 -3 -1 -2 -5 12 -11 -12 -6 -9
right_child=1 4 -4 8 9 -7 -8 13 -10 10 11 -13 -14 -15
leaf_value=-0.36301604555752837 0.11699638237099245 0.035047879364987183 -0.013550763561411903 -0.038218232582882934 0.19004691326137896 -0.12309010441515973 -0.14137417024724017 0.4312718233387029 0.40779934269443796 -0.10016041837171098 0.3712361945234634 -0.24762499599543042 0.67946956172834405 0.13694562967691826
leaf_weight=16747 122371 712054 1710426 212727 35435 38258 116541 14446 3065 17328 10107 2685 3043 12106
leaf_count=16747 122371 712054 1710426 212727 35435 38258 116541 14446 3065 17328 10107 2685 3043 12106
internal_value=1.8926e-06 0.0543686 -0.0255471 -0.0843245 0.0371323 0.026983 -0.169248 0.14914 -0.0318645 0.148124 0.0448664 0.241246 0.228919 0.297181
internal_weight=3.02734e+06 967833 2.05951e+06 349080 818910 750312 133288 148923 215792 68598 30120 12792 38478 26552
internal_count=3027339 967833 2059506 349080 818910 750312 133288 148923 215792 68598 30120 12792 38478 26552
is_linear=0
shrinkage=0.02


Tree=76
num_leaves=15
num_cat=0
split_feature=27 27 5 27 8 19 21 5 4 21 25 27 19 8
split_gain=1.01836e+07 4.78653e+06 1.91209e+06 1.84516e+06 2.21516e+06 1.89134e+06 1.77809e+06 1.61023e+06 1.56214e+06 1.63594e+06 1.47521e+06 1.44687e+06 1.44466e+06 2.05624e+06
threshold=11.405761718750002 -2.5483398437499996 0.082499999552965178 36.633789062500007 0.99591365456581127 11219.273437500002 12773.829101562502 -0.032499999739229672 116.86500167846681 11435.148925781252 0.035086890682578094 -27.635253906249996 12951.521484375002 0.82309290766716015
decision_type=2 2 2 2 2 2 2 2 2 2 2 2 2 2
left_child=1 6 3 8 5 -5 7 11 -2 -10 -7 -1 -3 -14
right_child=2 12 -4 4 -6 10 -8 -9 9 -11 -12 -13 13 -15
leaf_value=-0.19225156182192071 0.087027802387438652 0.0064937687124801474 0.39559022277928679 0.27590360662792324 0.44323516963395948 -0.086359951066500434 0.12645907887955052 -0.039522062555935003 0.053125825472648026 -0.1006692016767748 0.14188556543194161 -0.075094669312929394 -0.10854235417027455 -0.86908200943431924
leaf_weight=52498 279594 1599963 7706 22800 10048 18326 21638 629268 82970 41493 29625 214239 15616 1555
leaf_count=52498 279594 1599963 7706 22800 10048 18326 21638 629268 82970 41493 29625 214239 15616 1555
internal_value=1.94345e-06 -0.0161682 0.0832138 0.0782409 0.165486 0.125982 -0.0526523 -0.0569791 0.060791 0.0018501 0.054654 -0.0981594 0.00453492 -0.177883
internal_weight=3.02734e+06 2.53478e+06 492562 484856 80799 70751 917643 896005 404057 124463 47951 266737 1.61713e+06 17171
internal_count=3027339 2534777 492562 484856 80799 70751 917643 896005 404057 124463 47951 266737 1617134 17171
is_linear=0
shrinkage=0.02


Tree=77
num_leaves=15
num_cat=0
split_feature=9 22 19 26 0 21 4 22 26 20 0 19 19 20
split_gain=3.15602e+06 1.67456e+06 2.11995e+06 1.88011e+06 2.09212e+06 2.72805e+06 1.51854e+06 1.28605e+06 1.5966e+06 1.84156e+06 2.01168e+06 1.45832e+06 1.30632e+06 1.25669e+06
threshold=0.53606674075126659 12727.998535156252 12790.271972656252 10950.395019531252 4284.5000000000009 10980.927246093752 284.38999938964849 10913.482910156252 10761.401855468752 10784.929199218752 3259.5000000000005 10767.543457031252 10698.044921875002 12183.192871093752
decision_type=2 2 2 2 2 2 2 2 2 2 2 2 2 2
left_child=6 3 -3 7 -5 -6 13 8 9 10 11 -2 -12 -1
right_child=1 2 -4 4 5 -7 -8 -9 -10 -11 12 -13 -14 -15
leaf_value=0.0029115932997429163 -0.063079682014379662 0.25891696044739321 -0.19118843604818681 -0.039201553575758386 -0.54055236259821426 -0.11243143261213874 0.24398556278881658 0.10756543468054749 -0.10085619399302614 -0.61348183614261464 -0.12321377008280776 0.33097946624206898 0.58084011838668892 0.039795612274786334
leaf_weight=1820172 15562 15621 5708 489796 6352 93002 11177 50329 43225 1396 1322 4941 5132 463604
leaf_count=1820172 15562 15621 5708 489796 6352 93002 11177 50329 43225 1396 1322 4941 5132 463604
internal_value=1.90831e-06 -0.0361459 0.138427 -0.0413844 -0.0561777 -0.139854 0.0115379 0.0301072 -0.0243635 0.0922458 0.129007 0.0319984 0.436655 0.0103992
internal_weight=3.02734e+06 732386 21329 711057 589150 99354 2.29495e+06 121907 71578 28353 26957 20503 6454 2.28378e+06
internal_count=3027339 732386 21329 711057 589150 99354 2294953 121907 71578 28353 26957 20503 6454 2283776
is_linear=0
shrinkage=0.02


Tree=78
num_leaves=15
num_cat=0
split_feature=9 7 23 20 23 7 19 7 7 20 7 20 4 23
split_gain=3.0377e+06 1.82817e+06 2.44377e+06 1.59216e+06 1.4451e+06 1.86144e+06 2.67194e+06 3.22204e+06 2.27746e+06 1.64506e+06 4.73697e+06 2.40525e+06 1.86608e+06 1.59227e+06
threshold=-0.24782751500606534 12723.007324218752 12677.269531250002 12704.233886718752 12738.863281250002 12539.944824218752 12292.824218750002 12218.136230468752 12291.576660156252 12183.192871093752 12205.039550781252 12209.516601562502 -249.45500183105466 12542.162597656252
decision_type=2 2 2 2 2 2 2 2 2 2 2 2 2 2
left_child=1 2 -1 -4 5 6 8 -8 9 12 11 -11 -2 -9
right_child=4 -3 3 -5 -6 -7 7 13 -10 10 -12 -13 -14 -15
leaf_value=0.02229552034819246 -0.20959840029929466 -0.086435426961936873 0.60560634399205238 0.15425190032731798 0.097000679088538044 -0.1215494525087041 0.75983092437264377 0.03164969809196258 -0.37139293498798048 0.10862359860086782 -0.061745237462853562 0.42993245978080696 -0.023169260930615915 0.32575576219991825
leaf_weight=1332956 21823 60299 3607 23153 41950 71591 2979 41420 7427 26091 54646 14496 1315955 8946
leaf_count=1332956 21823 60299 3607 23153 41950 71591 2979 41420 7427 26091 54646 14496 1315955 8946
internal_value=1.85549e-06 0.0213164 0.0260954 0.215295 -0.0188288 -0.0219335 -0.0171585 0.121823 -0.0223063 -0.0204945 0.0598158 0.22346 -0.026212 0.0839435
internal_weight=3.02734e+06 1.42002e+06 1.35972e+06 26760 1.60732e+06 1.56537e+06 1.49378e+06 53345 1.44044e+06 1.43301e+06 95233 40587 1.33778e+06 50366
internal_count=3027339 1420015 1359716 26760 1607324 1565374 1493783 53345 1440438 1433011 95233 40587 1337778 50366
is_linear=0
shrinkage=0.02


Tree=79
num_leaves=15
num_cat=0
split_feature=27 27 23 19 7 23 0 7 9 7 19 5 27 6
split_gain=9.71242e+06 4.55769e+06 2.00949e+06 2.106e+06 1.91643e+06 1.87368e+06 1.56754e+06 1.71594e+06 1.82276e+06 1.63837e+06 1.35697e+06 1.34394e+06 1.54253e+06 1.68046e+06
threshold=11.024414062500002 -7.3422851562499991 12738.863281250002 11960.527343750002 11187.670410156252 11173.650878906252 5556.5000000000009 12189.963378906252 0.03506636060774327 12223.541503906252 12772.923339843752 0.077500000596046462 36.633789062500007 102.35916137695314
decision_type=2 2 2 2 2 2 2 2 2 2 2 2 2 2
left_child=1 2 6 -4 11 -6 -1 8 -8 -9 -7 12 -2 -14
right_child=4 -3 3 -5 5 10 7 9 -10 -11 -12 -13 13 -15
leaf_value=-0.078050759556358013 0.099491957051839608 -6.4931313216263451e-05 0.70574892525441446 0.050576383330668336 -0.11629594536533333 0.05836748408076009 0.15294035286425975 0.7593934896704182 -0.12224514321873432 0.09365507430534542 0.32728247047722386 0.40835927458640059 0.42546350657005394 0.058096854399853348
leaf_weight=580140 147783 1864911 2092 29607 24589 297150 16757 2408 22603 3815 7691 6827 12818 8148
leaf_count=580140 147783 1864911 2092 29607 24589 297150 16757 2408 22603 3815 7691 6827 12818 8148
internal_value=1.92833e-06 -0.0160273 -0.061307 0.0940246 0.0800612 0.0516152 -0.0691775 0.0437454 -0.00507896 0.352072 0.0651627 0.133428 0.122281 0.282791
internal_weight=3.02734e+06 2.52233e+06 657422 31699 505006 329430 625723 45583 39360 6223 304841 175576 168749 20966
internal_count=3027339 2522333 657422 31699 505006 329430 625723 45583 39360 6223 304841 175576 168749 20966
is_linear=0
shrinkage=0.02


Tree=80
num_leaves=15
num_cat=0
split_feature=27 7 27 24 27 8 0 24 9 19 21 7 22 22
split_gain=9.39233e+06 3.53301e+06 3.21545e+06 3.69006e+06 2.10041e+06 2.56617e+06 2.22322e+06 1.86053e+06 1.83857e+06 1.76012e+06 1.4636e+06 2.31035e+06 6.93408e+06 2.79595e+06
threshold=1.4497070312500002 10942.550292968752 -15.797363281249998 11198.313964843752 36.633789062500007 0.99276980757713329 5615.5000000000009 11106.274902343752 -0.66079589724540699 10922.094238281252 12773.829101562502 12238.857910156252 12254.410156250002 12236.513183593752
decision_type=2 2 2 2 2 2 2 2 2 2 2 2 2 2
left_child=2 9 3 7 6 -6 -3 -1 -5 -2 11 12 -10 -13
right_child=1 4 -4 8 5 -7 -8 -9 10 -11 -12 13 -14 -15
leaf_value=-0.12710372256030972 0.10704455286570558 0.032155040038565501 -0.013299067536670088 0.24966390333914379 0.087422157744882545 0.4240313899539157 -0.12845906865371334 -0.31916660819157489 -0.039323380044583092 0.28516999580099578 0.21829701534579443 -0.58906188864054321 0.71822263456187729 -0.11734585247151333
leaf_weight=107981 127135 745139 1674372 9059 57865 10733 36135 24811 147396 26880 8330 5724 4987 40792
leaf_count=107981 127135 745139 1674372 9059 57865 10733 36135 24811 147396 26880 8330 5724 4987 40792
internal_value=2.07694e-06 0.0500156 -0.0248111 -0.0800266 0.0340425 0.140143 0.0247248 -0.16301 -0.0290726 0.138149 -0.0412691 -0.0521504 -0.0144857 -0.175507
internal_weight=3.02734e+06 1.00389e+06 2.02345e+06 349080 849872 68598 781274 132792 216288 154015 207229 198899 152383 46516
internal_count=3027339 1003887 2023452 349080 849872 68598 781274 132792 216288 154015 207229 198899 152383 46516
is_linear=0
shrinkage=0.02


Tree=81
num_leaves=15
num_cat=0
split_feature=5 0 7 7 7 7 22 24 7 8 22 5 21 7
split_gain=2.36512e+06 1.61203e+06 1.64939e+06 1.9181e+06 2.7387e+06 1.31436e+06 4.15002e+06 2.31826e+06 1.86905e+06 1.2579e+06 1.57871e+06 897855 891988 2.31705e+06
threshold=-0.022499999962747094 3967.5000000000005 10880.121582031252 11310.526855468752 11240.761718750002 11185.928222656252 11175.656738281252 11192.021972656252 11208.547363281252 0.71458885073661815 11204.113281250002 0.082499999552965178 12773.829101562502 12723.007324218752
decision_type=2 2 2 2 2 2 2 2 2 2 2 2 2 2
left_child=1 -1 -3 4 -4 6 11 8 -7 -8 -11 -2 13 -9
right_child=5 2 3 -5 -6 7 9 12 -10 10 -12 -13 -14 -15
leaf_value=-0.013118934944682182 0.014919778301612216 0.16840876063097615 -0.13256977743389595 -0.032742310788817265 -0.6028325400004596 -0.038172243467031589 -0.010210923647411361 0.010622824237430351 -0.22301539354341593 0.16344343967074243 0.41459364310242919 0.14539973750433868 0.10722484626693796 -0.12494129792847739
leaf_weight=690327 634230 10273 79528 100554 5274 83727 9774 1226834 29616 33398 14304 21811 35105 52584
leaf_count=690327 634230 10273 79528 100554 5274 83727 9774 1226834 29616 33398 14304 21811 35105 52584
internal_value=2.08767e-06 -0.0274809 -0.0781576 -0.0918315 -0.161884 0.0113727 0.0335382 0.000296288 -0.0864865 0.196481 0.238825 0.0192599 0.00777963 0.0050502
internal_weight=3.02734e+06 885956 195629 185356 84802 2.14138e+06 713517 1.42787e+06 113343 57476 47702 656041 1.31452e+06 1.27942e+06
internal_count=3027339 885956 195629 185356 84802 2141383 713517 1427866 113343 57476 47702 656041 1314523 1279418
is_linear=0
shrinkage=0.02


Tree=82
num_leaves=15
num_cat=0
split_feature=27 27 9 27 8 26 24 27 26 26 20 0 21 19
split_gain=9.04094e+06 4.32362e+06 1.80335e+06 1.7305e+06 1.68162e+06 1.74151e+06 1.57791e+06 1.61046e+06 2.58175e+06 2.0841e+06 2.2059e+06 1.87298e+06 1.72878e+06 1.47483e+06
threshold=11.761230468750002 -1.9731445312499998 -0.7183113396167754 24.475585937500004 0.99468204379081737 10980.280273437502 12748.286621093752 -27.635253906249996 10985.780273437502 11170.045898437502 11191.833496093752 5918.5000000000009 10784.471191406252 11773.096679687502
decision_type=2 2 2 2 2 2 2 2 2 2 2 2 2 2
left_child=1 6 -2 -4 5 -5 7 8 12 -10 -11 -12 -1 -8
right_child=2 -3 3 4 -6 -7 13 -9 9 10 11 -13 -14 -15
leaf_value=0.027996078390768033 0.23923333417723494 0.0053120672097768584 0.038507245141777988 0.22880048778174522 0.33307908508802364 0.068195149089746179 0.67604811056131076 -0.042993209632466015 0.21037306898237035 -0.51920041574987663 -0.09476278909923988 0.37598802557094002 -0.34472748784194518 0.053912849366942898
leaf_weight=6143 26707 1583202 274115 33910 13484 132588 1585 800889 9720 4703 76167 3528 26195 34403
leaf_count=6143 26707 1583202 274115 33910 13484 132588 1585 800889 9720 4703 76167 3528 26195 34403
internal_value=2.03556e-06 -0.0150162 0.0795432 0.0701462 0.118328 0.100917 -0.0484246 -0.0534672 -0.119794 -0.0668084 -0.0987524 -0.0738784 -0.273937 0.081494
internal_weight=3.02734e+06 2.54654e+06 480804 454097 179982 166498 963333 927345 126456 94118 84398 79695 32338 35988
internal_count=3027339 2546535 480804 454097 179982 166498 963333 927345 126456 94118 84398 79695 32338 35988
is_linear=0
shrinkage=0.02


Tree=83
num_leaves=15
num_cat=0
split_feature=27 27 22 20 27 9 9 4 23 4 27 20 9 21
split_gain=8.71799e+06 3.52012e+06 2.5225e+06 2.45169e+06 2.26586e+06 2.15873e+06 1.63818e+06 2.05213e+06 1.84956e+06 2.36623e+06 1.70585e+06 1.44764e+06 1.37163e+06 1.34289e+06
threshold=5.5229492187500009 -10.266113281249998 11035.757324218752 11202.923339843752 -40.215820312499993 -0.66045743227004994 0.64018929004669201 113.8050003051758 12661.001464843752 38.23500061035157 20.801269531250004 12846.489746093752 0.51117742061615001 10973.330566406252
decision_type=2 2 2 2 2 2 2 2 2 2 2 2 2 2
left_child=1 3 13 4 -1 -5 7 8 10 -10 -4 -7 -12 -2
right_child=2 -3 6 5 -6 11 -8 -9 9 -11 12 -13 -14 -15
leaf_value=-0.33977857986346771 0.095205299683999448 -0.0054442225893395991 0.03641478270234081 0.19951089543601253 -0.097500036923815328 -0.04590523904389527 -0.053893157608546072 -0.0072091952714514939 0.48552399636958754 0.10274676738205619 0.18627993906434509 0.33289020882063247 -0.015557151792303468 0.22471810856393123
leaf_weight=16747 136496 1760018 216495 15694 196923 304114 66643 158403 9818 18872 64146 4080 17044 41846
leaf_count=16747 136496 1760018 216495 15694 196923 304114 66643 158403 9818 18872 64146 4080 17044 41846
internal_value=2.0785e-06 -0.0191257 0.0602231 -0.0639191 -0.116504 -0.0292259 0.0390752 0.0518565 0.0805229 0.233861 0.0657372 -0.0408799 0.143912 0.125605
internal_weight=3.02734e+06 2.29758e+06 729763 537558 213670 323888 551421 484778 326375 28690 297685 308194 81190 178342
internal_count=3027339 2297576 729763 537558 213670 323888 551421 484778 326375 28690 297685 308194 81190 178342
is_linear=0
shrinkage=0.02


Tree=84
num_leaves=15
num_cat=0
split_feature=8 7 22 20 8 7 7 25 24 7 7 26 24 7
split_gain=2.0331e+06 1.28764e+06 4.36867e+06 1.94854e+06 1.26354e+06 2.50998e+06 2.36765e+06 1.99774e+06 1.90347e+06 6.37882e+06 1.52629e+06 2.49076e+06 1.45545e+06 1.41897e+06
threshold=-0.70585528016090382 11185.928222656252 11175.656738281252 11164.589355468752 -0.83435350656509388 10765.747070312502 10699.223144531252 0.033636385574936874 12220.685058593752 12205.039550781252 10853.744628906252 10817.308593750002 12725.326171875002 12549.705566406252
decision_type=2 2 2 2 2 2 2 2 2 2 2 2 2 2
left_child=4 2 -2 -3 8 6 -6 -8 10 -10 11 -1 13 -7
right_child=1 3 -4 -5 5 12 7 -9 9 -11 -12 -13 -14 -15
leaf_value=-0.019861973221638487 0.020406098427912311 -0.14581880436246664 0.20889110809597039 0.005701165046539205 -0.13342915327231999 -0.043939734342531206 0.061040842653385802 0.49201496266045719 0.61108613487953789 0.032742150876050279 -0.023971558600997193 0.39698971257595972 0.21003392149778702 -0.18074860303374632
leaf_weight=15072 565717 34962 53862 1160712 7746 570616 8199 9050 8284 95062 448152 9243 8643 32019
leaf_count=15072 565717 34962 53862 1160712 7746 570616 8199 9050 8284 95062 448152 9243 8643 32019
internal_value=2.10948e-06 0.0133951 0.0367948 0.00126946 -0.0200555 -0.0394809 0.156923 0.287314 0.00140991 0.0791558 -0.0155973 0.138695 -0.0475143 -0.0512115
internal_weight=3.02734e+06 1.81525e+06 619579 1.19567e+06 1.21209e+06 636273 24995 17249 575813 103346 472467 24315 611278 602635
internal_count=3027339 1815253 619579 1195674 1212086 636273 24995 17249 575813 103346 472467 24315 611278 602635
is_linear=0
shrinkage=0.02


Tree=85
num_leaves=15
num_cat=0
split_feature=9 7 24 20 7 19 0 17 7 20 7 7 24 9
split_gain=2.53968e+06 2.66666e+06 2.30828e+06 1.88068e+06 5.13435e+06 1.65686e+06 1.20817e+06 1.31618e+06 1.13406e+06 2.70673e+06 5.16695e+06 2.71062e+06 3.55482e+06 1.79444e+06
threshold=0.55122801661491405 10974.288085937502 12725.326171875002 10986.533691406252 11013.437500000002 12772.923339843752 1405.5000000000002 0.49147778749465948 12723.007324218752 12209.516601562502 12194.770507812502 12043.893554687502 12037.662109375002 -0.17292127013206479
decision_type=2 2 2 2 2 2 2 2 2 2 2 2 2 2
left_child=8 -2 3 4 -3 -4 -5 -8 9 11 -11 12 13 -1
right_child=1 2 5 6 -6 -7 7 -9 -10 10 -12 -13 -14 -15
leaf_value=0.024281910376658947 0.034145291366904751 0.00083328816962347689 0.26623094398324626 -0.0043820281487140181 -0.54101200393531923 -0.15200894400876211 -0.054149926686247102 -0.15088463280237474 -0.057273831252046603 0.38584576260633513 0.04635824350902093 -0.058194209768371599 0.19096016623963821 -0.019964609982644873
leaf_weight=1013328 179520 17219 14590 142324 11771 5109 282587 70246 95318 19012 313278 244792 43770 574475
leaf_count=1013328 179520 17219 14590 142324 11771 5109 282587 70246 95318 19012 313278 244792 43770 574475
internal_value=2.16613e-06 -0.0326901 -0.0547523 -0.0627412 -0.219286 0.157736 -0.0535716 -0.0734128 0.0102665 0.0131816 0.0657931 0.00386414 0.0131753 0.00827326
internal_weight=3.02734e+06 723366 543846 524147 28990 19699 495157 352833 2.30397e+06 2.20866e+06 332290 1.87636e+06 1.63157e+06 1.5878e+06
internal_count=3027339 723366 543846 524147 28990 19699 495157 352833 2303973 2208655 332290 1876365 1631573 1587803
is_linear=0
shrinkage=0.02


Tree=86
num_leaves=15
num_cat=0
split_feature=8 0 26 21 26 26 20 0 20 20 26 21 8 26
split_gain=1.8672e+06 1.22244e+06 1.34731e+06 2.22956e+06 1.77816e+06 1.12907e+06 3.53278e+06 1.07353e+06 945492 1.34444e+06 2.27478e+06 3.40576e+06 1.6897e+06 1.36043e+06
threshold=-0.70585528016090382 2192.5000000000005 10851.689941406252 10871.481933593752 11408.178710937502 11690.550292968752 11594.234375000002 2052.5000000000005 10736.485351562502 10840.199707031252 10910.419433593752 10962.941894531252 0.95567026734352123 10971.138183593752
decision_type=2 2 2 2 2 2 2 2 2 2 2 2 2 2
left_child=1 -1 3 -3 -4 6 -6 -2 -9 13 11 12 -11 -10
right_child=7 2 4 -5 5 -7 -8 8 9 10 -12 -13 -14 -15
leaf_value=0.0031835701248163896 -0.0052856649089411036 0.028687526949372346 -0.072363836640194232 0.54959698996046091 0.02959071066079149 -0.022731071635953146 0.63912685004219605 0.099280797008461111 -0.039364712698718156 0.21055072945099301 0.021405670296669441 0.96485341723308338 -0.24612421312322183 -0.3564929750238392
leaf_weight=540111 760035 33874 370598 3630 38968 220700 4205 65826 52063 21219 904093 2172 3816 6029
leaf_count=540111 760035 33874 370598 3630 38968 220700 4205 65826 52063 21219 904093 2172 3816 6029
internal_value=2.11663e-06 -0.0192197 -0.0372265 0.0792398 -0.0441121 -0.00443238 0.0890935 0.012837 0.02589 0.0210063 0.0268293 0.206982 0.14087 -0.0723335
internal_weight=3.02734e+06 1.21209e+06 671975 37504 634471 263873 43173 1.81525e+06 1.05522e+06 989392 931300 27207 25035 58092
internal_count=3027339 1212086 671975 37504 634471 263873 43173 1815253 1055218 989392 931300 27207 25035 58092
is_linear=0
shrinkage=0.02


Tree=87
num_leaves=15
num_cat=0
split_feature=27 27 5 4 26 27 27 8 5 27 8 20 9 9
split_gain=8.2943e+06 3.9526e+06 1.73682e+06 1.78784e+06 1.92841e+06 2.09757e+06 1.58457e+06 1.40057e+06 1.38923e+06 1.39948e+06 1.29334e+06 1.93415e+06 1.24523e+06 1.19443e+06
threshold=11.761230468750002 -1.9731445312499998 0.082499999552965178 90.094997406005874 12055.717285156252 46.137695312500007 33.938964843750007 0.99803131818771373 -0.032499999739229672 -27.635253906249996 0.99468204379081737 12196.410644531252 0.22540952265262607 -0.60080829262733448
decision_type=2 2 2 2 2 2 2 2 2 2 2 2 2 2
left_child=1 8 3 6 5 12 13 -8 9 -1 -6 -12 -5 -2
right_child=2 -3 -4 4 10 -7 7 -9 -10 -11 11 -13 -14 -15
leaf_value=-0.17632574114043195 0.16763703000125549 0.0050539579886738455 0.37731382813202663 0.053264032882070128 -0.10462145782705966 0.31662406171740176 0.19372925969990856 0.70683075870208922 -0.030762547007919142 -0.062241956478297451 -0.057685815142964787 0.51327896244300297 -0.40814333073603798 0.058476556098465304
leaf_weight=52795 53472 1583202 7532 141545 52372 12402 38079 2246 678486 232052 6907 3604 2369 160276
leaf_count=52795 53472 1583202 7532 141545 52372 12402 38079 2246 678486 232052 6907 3604 2369 160276
internal_value=2.19372e-06 -0.0143825 0.0761882 0.0713879 0.0295354 0.0671594 0.107493 0.222476 -0.0463253 -0.0833923 -0.0639865 0.138386 0.0456407 0.0857912
internal_weight=3.02734e+06 2.54654e+06 480804 473272 219199 156316 254073 40325 963333 284847 62883 10511 143914 213748
internal_count=3027339 2546535 480804 473272 219199 156316 254073 40325 963333 284847 62883 10511 143914 213748
is_linear=0
shrinkage=0.02


Tree=88
num_leaves=15
num_cat=0
split_feature=27 7 27 20 27 26 0 24 19 26 24 26 27 20
split_gain=7.97977e+06 3.13421e+06 2.74244e+06 3.31602e+06 1.89117e+06 2.33582e+06 2.17511e+06 1.66459e+06 1.65017e+06 1.47594e+06 1.71308e+06 1.44188e+06 1.35887e+06 1.25496e+06
threshold=1.4497070312500002 10942.550292968752 -15.797363281249998 11199.758789062502 42.740234375000007 12060.803222656252 5615.5000000000009 11106.274902343752 10922.094238281252 10878.348144531252 10879.510253906252 10929.706054687502 -52.036132812499993 12820.129882812502
decision_type=2 2 2 2 2 2 2 2 2 2 2 2 2 2
left_child=2 8 3 7 6 -6 -3 11 9 10 -2 -1 -13 -5
right_child=1 4 -4 13 5 -7 -8 -9 -10 -11 -12 12 -14 -15
leaf_value=-0.18007054602146128 0.11607481992953016 0.030816672469965233 -0.012237430042809826 -0.033509881652395011 0.27833609961794692 0.0060348314027678027 -0.12630101021038034 -0.29881365988159281 0.27146609790201792 -0.021689516148831963 0.46996088823538928 -0.69931420197791927 -0.013809869583908681 0.26308006482673707
leaf_weight=62892 90587 762381 1674372 210075 26661 23887 36943 25168 26880 30733 5815 1178 43911 5856
leaf_count=62892 90587 762381 1674372 210075 26661 23887 36943 25168 26880 30733 5815 1178 43911 5856
internal_value=2.2526e-06 0.0461017 -0.022869 -0.0738618 0.0310571 0.149684 0.0235535 -0.152357 0.129112 0.0989953 0.137468 -0.118197 -0.031871 -0.0254545
internal_weight=3.02734e+06 1.00389e+06 2.02345e+06 349080 849872 50548 799324 133149 154015 127135 96402 107981 45089 215931
internal_count=3027339 1003887 2023452 349080 849872 50548 799324 133149 154015 127135 96402 107981 45089 215931
is_linear=0
shrinkage=0.02


Tree=89
num_leaves=15
num_cat=0
split_feature=27 27 9 27 21 19 27 19 26 9 7 23 23 9
split_gain=7.75374e+06 3.67528e+06 1.66404e+06 1.48823e+06 1.38176e+06 1.32442e+06 1.28726e+06 2.75065e+06 2.0374e+06 1.82545e+06 2.36968e+06 5.97367e+06 2.26376e+06 1.94023e+06
threshold=11.761230468750002 -1.9731445312499998 -0.72804987430572499 24.475585937500004 12773.829101562502 12951.521484375002 -18.101074218749996 11199.969726562502 11032.155761718752 -0.65761160850524891 12233.516601562502 12254.214843750002 12236.874511718752 -0.41794289648532862
decision_type=2 2 2 2 2 2 2 2 2 2 2 2 2 2
left_child=1 4 -2 -4 6 -3 7 8 -1 -9 11 -11 13 -12
right_child=2 5 3 -5 -6 -7 -8 9 -10 10 12 -13 -14 -15
leaf_value=-0.1233232722490516 0.25060607626402215 0.0067425154165204251 0.036824629322447178 0.11040053523203641 0.11041115395739259 -0.17070698634763698 -0.033033457896853927 0.24302580477611505 -0.35086931429515844 -0.034209682345612794 -1.1276230409683721 0.68175223063576906 -0.11295755052567956 -0.32927836628783863
leaf_weight=86934 20351 1566205 278893 181560 22426 16997 657159 8907 19217 120512 1540 4839 36043 5756
leaf_count=86934 20351 1566205 278893 181560 22426 16997 657159 8907 19217 120512 1540 4839 36043 5756
internal_value=2.21065e-06 -0.0139058 0.0736637 0.065838 -0.0447077 0.00483637 -0.048406 -0.0840064 -0.164546 -0.0358604 -0.0505995 -0.00651864 -0.178065 -0.499104
internal_weight=3.02734e+06 2.54654e+06 480804 460453 963333 1.5832e+06 940907 283748 106151 177597 168690 125351 43339 7296
internal_count=3027339 2546535 480804 460453 963333 1583202 940907 283748 106151 177597 168690 125351 43339 7296
is_linear=0
shrinkage=0.02


Tree=90
num_leaves=15
num_cat=0
split_feature=9 24 26 0 21 4 26 1 25 21 26 20 20 25
split_gain=2.26745e+06 1.73095e+06 1.83014e+06 1.9786e+06 2.70877e+06 1.45533e+06 1.43507e+06 1.32106e+06 1.20544e+06 1.20151e+06 2.06901e+06 1.65724e+06 1.86591e+06 2.25416e+06
threshold=0.55122801661491405 12725.326171875002 10950.395019531252 4070.5000000000005 10980.927246093752 284.38999938964849 12763.958496093752 81.393573760986342 0.076804023236036315 10878.187011718752 10761.401855468752 10784.929199218752 10693.399414062502 0.029275283217430118
decision_type=2 2 2 2 2 2 2 2 2 2 2 2 2 2
left_child=5 2 9 8 -5 -1 7 -3 -4 10 11 12 -2 -14
right_child=1 6 3 4 -6 -7 -8 -9 -10 -11 -12 -13 13 -15
leaf_value=0.0085903561101306619 -0.12819841936395451 0.11687882469000091 -0.037151810168274159 -0.51233897514020221 -0.10060508142507743 0.23726116360514166 -0.12591886328821084 0.51885028278784395 0.18535043152926509 0.095624043889023652 -0.14267539810397153 -0.57414409984735137 0.0087258286137307638 0.44999594269895526
leaf_weight=2292796 7830 9331 456500 6780 109152 11177 5336 5032 9942 62529 30983 1396 8843 9712
leaf_count=2292796 7830 9331 456500 6780 109152 11177 5336 5032 9942 62529 30983 1396 8843 9712
internal_value=2.11053e-06 -0.0308883 -0.0360656 -0.0507854 -0.124727 0.00970071 0.153973 0.257972 -0.0324054 0.0346081 -0.0303221 0.0949864 0.130594 0.239813
internal_weight=3.02734e+06 723366 703667 582374 115932 2.30397e+06 19699 14363 466442 121293 58764 27781 26385 18555
internal_count=3027339 723366 703667 582374 115932 2303973 19699 14363 466442 121293 58764 27781 26385 18555
is_linear=0
shrinkage=0.02


Tree=91
num_leaves=15
num_cat=0
split_feature=9 7 26 4 7 22 7 22 7 23 4 22 25 7
split_gain=2.17766e+06 2.5031e+06 1.88419e+06 2.72758e+06 1.64186e+06 2.23582e+06 2.80488e+06 3.02597e+06 2.115e+06 1.81891e+06 1.39775e+06 1.35849e+06 1.60684e+06 1.29031e+06
threshold=0.55122801661491405 10974.288085937502 11129.284667968752 -115.9449996948242 11199.130371093752 11389.522949218752 11235.322753906252 11217.410644531252 11754.592285156252 12738.863281250002 284.38999938964849 12746.740234375002 0.047889804467558868 10997.610839843752
decision_type=2 2 2 2 2 2 2 2 2 2 2 2 2 2
left_child=10 -2 3 13 -4 6 -6 -8 -7 -10 -1 12 -11 -3
right_child=1 2 4 -5 5 8 7 -9 9 11 -12 -13 -14 -15
leaf_value=0.0084185496231522026 0.034482697724408276 -0.15115831743959812 0.035455309086828278 -0.05628979500357268 -0.054470641095865732 0.13254388080930227 -0.44383663619882513 -0.11691386530004431 -0.063519896126262895 0.084458396781122325 0.23252018151964063 0.045463131605788451 0.82045064653190636 -0.41662751532667708
leaf_weight=2292796 179520 13685 101529 56707 98684 33244 18217 29935 157374 2482 11177 13932 2268 15789
leaf_count=2292796 179520 13685 101529 56707 98684 33244 18217 29935 157374 2482 11177 13932 2268 15789
internal_value=2.06827e-06 -0.0302706 -0.0516455 -0.137428 -0.0354896 -0.0557153 -0.115541 -0.240663 -0.0137405 -0.0413689 0.00950672 0.145161 0.436865 -0.293462
internal_weight=3.02734e+06 723366 543846 86181 457665 356136 146836 48152 209300 176056 2.30397e+06 18682 4750 29474
internal_count=3027339 723366 543846 86181 457665 356136 146836 48152 209300 176056 2303973 18682 4750 29474
is_linear=0
shrinkage=0.02


Tree=92
num_leaves=15
num_cat=0
split_feature=27 27 5 4 27 21 27 21 5 0 27 0 9 20
split_gain=7.423e+06 3.4685e+06 1.63909e+06 1.66433e+06 1.49468e+06 1.36725e+06 1.51381e+06 1.29349e+06 1.28667e+06 1.22303e+06 1.1899e+06 1.16111e+06 1.12789e+06 1.01449e+06
threshold=11.405761718750002 -1.8383789062499998 0.082499999552965178 90.094997406005874 33.938964843750007 11444.021484375002 46.137695312500007 12773.829101562502 -0.032499999739229672 2273.5000000000005 -27.635253906249996 5380.5000000000009 -0.72323438525199879 10925.635253906252
decision_type=2 2 2 2 2 2 2 2 2 2 2 2 2 2
left_child=1 7 3 4 12 6 -5 8 10 -9 -1 -10 -2 -8
right_child=2 -3 -4 5 -6 -7 13 9 11 -11 -12 -13 -14 -15
leaf_value=-0.16872022110073839 0.32046849168572883 0.0047041830952786494 0.36026106735229446 0.049471329473322403 0.21261205131563951 -0.033235225129288302 -0.046484924416818806 -0.027929085286382604 -0.039580365457774817 0.26684595630199598 -0.063135589381322715 0.058091151384862316 0.071758903353379144 0.44911315396961982
leaf_weight=52498 7542 1559091 7706 122993 40325 91231 2216 12408 619048 10294 228606 52832 214087 6462
leaf_count=52498 7542 1559091 7706 122993 40325 91231 2216 12408 619048 10294 228606 52832 214087 6462
internal_value=2.03297e-06 -0.0138034 0.0710454 0.0664414 0.100622 0.0262699 0.0674988 -0.0433774 -0.046932 0.105792 -0.0828596 -0.0318994 0.0802366 0.322648
internal_weight=3.02734e+06 2.53478e+06 492562 484856 261954 222902 131671 975686 952984 22702 281104 671880 221629 8678
internal_count=3027339 2534777 492562 484856 261954 222902 131671 975686 952984 22702 281104 671880 221629 8678
is_linear=0
shrinkage=0.02


Tree=93
num_leaves=15
num_cat=0
split_feature=27 7 27 22 7 20 7 23 9 27 4 8 7 20
split_gain=7.14692e+06 3.17955e+06 2.87849e+06 2.43311e+06 2.18833e+06 2.14902e+06 2.05232e+06 2.55384e+06 1.96996e+06 1.9649e+06 1.52208e+06 1.40622e+06 1.36738e+06 1.26727e+06
threshold=5.5229492187500009 10942.550292968752 -10.266113281249998 10943.551269531252 10976.409667968752 11202.923339843752 11187.670410156252 11186.758300781252 -0.66045743227004994 -40.215820312499993 238.91999816894534 -0.82622474431991566 11203.090820312502 12846.489746093752
decision_type=2 2 2 2 2 2 2 2 2 2 2 2 2 2
left_child=2 -2 5 4 -3 9 10 -8 -7 -1 11 -5 -11 -10
right_child=1 3 -4 6 -6 8 7 -9 13 12 -12 -13 -14 -15
leaf_value=-0.31497292103112273 0.15071395666430745 -0.084349681973817356 -0.0049447167768534714 0.96840679476908509 -0.6507402139369961 0.19316502284149795 -0.11336305012108948 0.040358154912531308 -0.041176192926461165 -0.06958362582597899 0.57711068036563795 0.10217839259535277 -0.22985445452519065 0.31323575310441859
leaf_weight=16747 115668 12914 1760018 745 3451 15694 47961 437435 304114 172640 2831 108758 24283 4080
leaf_count=16747 115668 12914 1760018 745 3451 15694 47961 437435 304114 172640 2831 108758 24283 4080
internal_value=2.08594e-06 0.0545276 -0.0173166 0.0364082 -0.204114 -0.0578226 0.0429967 0.0251672 -0.0253414 -0.107055 0.120029 0.10816 -0.0893577 -0.0364743
internal_weight=3.02734e+06 729763 2.29758e+06 614095 16365 537558 597730 485396 323888 213670 112334 109503 196923 308194
internal_count=3027339 729763 2297576 614095 16365 537558 597730 485396 323888 213670 112334 109503 196923 308194
is_linear=0
shrinkage=0.02


Tree=94
num_leaves=15
num_cat=0
split_feature=27 27 5 4 27 20 27 23 23 5 9 27 9 23
split_gain=6.9061e+06 3.25822e+06 1.56973e+06 1.67138e+06 1.37615e+06 1.28951e+06 1.45382e+06 1.23244e+06 1.40751e+06 1.33177e+06 1.25666e+06 1.09034e+06 1.09014e+06 1.00831e+06
threshold=11.761230468750002 -1.9731445312499998 0.082499999552965178 90.094997406005874 33.938964843750007 11450.610839843752 46.137695312500007 12738.863281250002 12693.838867187502 -0.032499999739229672 0.72443613409996044 -27.635253906249996 -0.60080829262733448 10852.940917968752
decision_type=2 2 2 2 2 2 2 2 2 2 2 2 2 2
left_child=1 7 3 4 12 6 -5 8 9 11 -9 -1 -2 -14
right_child=2 -3 -4 5 -6 -7 -8 10 -10 -11 -12 -13 13 -15
leaf_value=-0.16545431841524991 0.15783309551181923 0.0045230543984390009 0.35579462347340218 0.046824246348988463 0.20702131196529203 -0.033941173823403135 0.31467104627440051 0.036206964122657122 -0.20964061409785145 -0.027216262010446478 0.483512471094174 -0.061317491879290399 0.3354414633716335 0.044617992982807719
leaf_weight=49157 53472 1583202 7532 121092 40325 89429 8678 37675 20759 631944 2682 221116 4910 155366
leaf_count=49157 53472 1583202 7532 121092 40325 89429 8678 37675 20759 631944 2682 221116 4910 155366
internal_value=2.09924e-06 -0.0131237 0.0695208 0.0649574 0.0998667 0.0244913 0.0647588 -0.0421254 -0.0468559 -0.0431081 0.0660464 -0.0802633 0.0796424 0.0535478
internal_weight=3.02734e+06 2.54654e+06 480804 473272 254073 219199 129770 963333 922976 902217 40357 270273 213748 160276
internal_count=3027339 2546535 480804 473272 254073 219199 129770 963333 922976 902217 40357 270273 213748 160276
is_linear=0
shrinkage=0.02


Tree=95
num_leaves=15
num_cat=0
split_feature=5 0 5 20 23 24 8 0 24 19 5 0 8 19
split_gain=1.62349e+06 1.39703e+06 1.0508e+06 893324 1.38948e+06 2.24684e+06 964133 689360 680514 1.06442e+06 663117 656113 642736 940426
threshold=-0.022499999962747094 3967.5000000000005 0.082499999552965178 11405.708496093752 10958.754882812502 10984.035156250002 -0.78159695863723744 1053.5000000000002 12737.893554687502 11948.117675781252 -0.092500001192092882 2172.5000000000005 -0.80862879753112782 11175.376953125002
decision_type=2 2 2 2 2 2 2 2 2 2 2 2 2 2
left_child=1 8 7 4 6 -6 -3 -2 -1 -10 -5 -4 13 -7
right_child=2 3 11 10 5 12 -8 -9 9 -11 -12 -13 -14 -15
leaf_value=-0.013338261589758423 -0.014362462808846356 -0.10198880416699355 -0.00029285858911558976 -0.60248249680738819 -0.48973319336892818 0.35867813761224676 0.12819881283796725 0.013463212910688256 0.71768716415992084 0.064675663247221044 -0.01067634224903065 0.1656730912063798 -0.15307581808758841 -0.069650638274777701
leaf_weight=664181 454553 14199 14559 755 6894 2223 14912 1644710 1030 25116 75726 27561 55853 25067
leaf_count=664181 454553 14199 14559 755 6894 2223 14912 1644710 1030 25116 75726 27561 55853 25067
internal_value=2.15621e-06 -0.0227678 0.00942287 -0.0699442 -0.104183 -0.143015 0.0159268 0.00743808 -0.00939784 0.0906658 -0.0165968 0.108319 -0.114211 -0.0346403
internal_weight=3.02734e+06 885956 2.14138e+06 195629 119148 90037 29111 2.09926e+06 690327 26146 76481 42120 83143 27290
internal_count=3027339 885956 2141383 195629 119148 90037 29111 2099263 690327 26146 76481 42120 83143 27290
is_linear=0
shrinkage=0.02


Tree=96
num_leaves=15
num_cat=0
split_feature=27 27 27 23 25 26 26 23 9 4 26 27 23 27
split_gain=6.62289e+06 2.58171e+06 2.22447e+06 2.81244e+06 1.82336e+06 1.64809e+06 1.62963e+06 1.96317e+06 1.54856e+06 1.46043e+06 1.35928e+06 1.634e+06 1.48551e+06 1.34241e+06
threshold=1.1801757812500002 24.475585937500004 -15.797363281249998 11202.081542968752 0.070413887500762953 10964.900390625002 11198.503417968752 11146.644531250002 -0.66079589724540699 253.78499603271487 12055.717285156252 65.000000000000014 12172.963378906252 -40.215820312499993
decision_type=2 2 2 2 2 2 2 2 2 2 2 2 2 2
left_child=2 4 3 13 6 -6 -2 -8 -5 -7 11 -3 -12 -1
right_child=1 10 -4 8 5 9 7 -9 -10 -11 12 -13 -14 -15
leaf_value=-0.30650563301884431 0.07925112560801903 0.13147455827427545 -0.011620540909852692 0.23343648619208501 0.092873936702568355 -0.10101245923191403 -0.18828234407336322 0.023377290880340011 -0.033607272476652572 -0.72171786328616161 -0.096609539437621045 0.5868057513089463 0.11378228797832973 -0.11512755272298508
leaf_weight=16747 236435 129854 1639162 9059 19897 58460 18134 516654 205730 1547 23358 3222 31536 117544
leaf_count=16747 236435 129854 1639162 9059 19897 58460 18134 516654 205730 1547 23358 3222 31536 117544
internal_value=2.11199e-06 0.0409214 -0.0213832 -0.0672238 0.0261056 -0.0648331 0.0355282 0.0161968 -0.0223339 -0.117132 0.108002 0.142542 0.0242566 -0.139015
internal_weight=3.02734e+06 1.0391e+06 1.98824e+06 349080 851127 79904 771223 534788 214789 60007 187970 133076 54894 134291
internal_count=3027339 1039097 1988242 349080 851127 79904 771223 534788 214789 60007 187970 133076 54894 134291
is_linear=0
shrinkage=0.02


Tree=97
num_leaves=15
num_cat=0
split_feature=27 27 24 5 7 0 7 7 27 8 7 7 25 8
split_gain=6.40823e+06 3.04225e+06 1.64461e+06 1.47769e+06 1.46793e+06 1.42032e+06 1.40337e+06 1.46337e+06 1.36136e+06 1.94519e+06 2.17114e+06 1.34315e+06 1.30872e+06 1.45411e+06
threshold=11.761230468750002 -7.6069335937499991 12748.286621093752 0.082499999552965178 12775.274902343752 5556.5000000000009 12189.963378906252 10699.223144531252 36.633789062500007 0.99276980757713329 11194.168945312502 12223.541503906252 0.047889804467558868 -0.8594742715358733
decision_type=2 2 2 2 2 2 2 2 2 2 2 2 2 2
left_child=1 2 5 8 -4 -1 7 -7 -2 10 -10 -8 13 -12
right_child=3 -3 4 -5 -6 6 11 -9 9 -11 12 -13 -14 -15
leaf_value=-0.065512030093291915 0.047147312346594986 9.8855186528093225e-05 0.30356284932467009 0.3447219061304031 -0.0017306879993452839 0.36043377145817551 0.69895311825723072 -0.03626050862042534 0.26410179966907843 0.38922034279675544 0.33639145815171867 0.094987880933907878 0.14725260764642817 -0.11554115293216381
leaf_weight=572281 392473 1900847 9347 7532 19281 4160 2408 34433 21912 10636 3205 3778 20108 24938
leaf_count=572281 392473 1900847 9347 7532 19281 4160 2408 34433 21912 10636 3205 3778 20108 24938
internal_value=2.04884e-06 -0.0126418 -0.0501487 0.0669681 0.0980177 -0.0570242 0.051441 0.00658156 0.0625404 0.137296 0.0990561 0.330843 0.0240651 -0.0639719
internal_weight=3.02734e+06 2.54654e+06 645688 480804 28628 617060 44779 38593 473272 80799 70163 6186 48251 28143
internal_count=3027339 2546535 645688 480804 28628 617060 44779 38593 473272 80799 70163 6186 48251 28143
is_linear=0
shrinkage=0.02


Tree=98
num_leaves=15
num_cat=0
split_feature=27 27 27 24 25 9 24 24 23 4 4 9 21 4
split_gain=6.16795e+06 2.25094e+06 2.17409e+06 2.78508e+06 1.63395e+06 1.47026e+06 1.41802e+06 1.40704e+06 1.37743e+06 1.1219e+06 1.21413e+06 1.54642e+06 1.50914e+06 1.38668e+06
threshold=1.9174804687500002 24.475585937500004 -15.797363281249998 11198.313964843752 0.071285773068666472 -0.66079589724540699 11063.087402343752 11106.274902343752 11166.203613281252 284.38999938964849 -122.685001373291 0.3954309225082398 11008.622558593752 93.954998016357436
decision_type=2 2 2 2 2 2 2 2 2 2 2 2 2 2
left_child=2 4 3 7 6 -5 9 -1 -8 10 11 12 -2 -12
right_child=1 -3 -4 5 -6 -7 8 -9 -10 -11 13 -13 -14 -15
leaf_value=-0.10577404909095593 0.30322088293017807 0.10405130520253759 -0.010168590257744723 0.2286194701549808 -0.064980191562373169 -0.031545878388891134 -0.08438972784264126 -0.27279595056507216 0.029982407741143115 0.49475632933110314 0.013718251133457562 0.030445655100185612 1.0044494101803461 0.13928023419275204
leaf_weight=107981 7873 187970 1722107 9059 70410 207229 46134 24811 483047 2642 91921 7716 1449 56990
leaf_count=107981 7873 187970 1722107 9059 70410 207229 46134 24811 483047 2642 91921 7716 1449 56990
internal_value=2.19143e-06 0.0420181 -0.0193943 -0.0649057 0.0268377 -0.020639 0.0361036 -0.136999 0.02001 0.0866146 0.0800872 0.239972 0.413181 0.0617786
internal_weight=3.02734e+06 956152 2.07119e+06 349080 768182 216288 697772 132792 529181 168591 165949 17038 9322 148911
internal_count=3027339 956152 2071187 349080 768182 216288 697772 132792 529181 168591 165949 17038 9322 148911
is_linear=0
shrinkage=0.02


Tree=99
num_leaves=15
num_cat=0
split_feature=5 0 26 7 26 7 22 19 7 7 22 7 7 22
split_gain=1.47537e+06 1.30064e+06 1.6517e+06 1.33207e+06 2.11273e+06 1.12594e+06 3.39393e+06 2.33053e+06 2.27176e+06 1.5216e+06 1.82522e+06 981867 891872 1.97837e+06
threshold=-0.027499999850988385 3967.5000000000005 10851.689941406252 11310.526855468752 11257.912109375002 11185.928222656252 11175.656738281252 11206.098144531252 11204.128417968752 11130.324218750002 11204.113281250002 12753.250976562502 12723.007324218752 12676.985351562502
decision_type=2 2 2 2 2 2 2 2 2 2 2 2 2 2
left_child=1 -1 -3 4 -4 6 -2 8 -7 -8 -11 -10 13 -9
right_child=5 2 3 -5 -6 7 9 12 11 10 -12 -13 -14 -15
leaf_value=-0.010112784724782454 0.015560206054051952 0.27807618397512213 -0.12648817285550176 -0.030144713343221687 -0.75675114498992624 -0.010989635580804725 -0.1127586350056666 0.0079567081662520051 -0.15738666712015853 0.13660795368278014 0.39953248024710092 0.62049060119745381 -0.05618273032284532 0.17071245034272534
leaf_weight=600618 688835 5189 75154 86598 2180 117172 6690 1201437 76418 39552 14409 645 81816 30626
leaf_count=600618 688835 5189 75154 86598 2180 117172 6690 1201437 76418 39552 14409 645 81816 30626
internal_value=2.26548e-06 -0.0239088 -0.0729004 -0.0840264 -0.144351 0.00815492 0.0281902 -0.0018021 -0.066463 0.171607 0.206877 -0.150796 0.00775735 0.0120038
internal_weight=3.02734e+06 769739 169121 163932 77334 2.2576e+06 749486 1.50811e+06 194235 60651 53961 77063 1.31388e+06 1.23206e+06
internal_count=3027339 769739 169121 163932 77334 2257600 749486 1508114 194235 60651 53961 77063 1313879 1232063
is_linear=0
shrinkage=0.02


Tree=100
num_leaves=15
num_cat=0
split_feature=27 27 7 23 4 20 27 9 9 7 7 27 20 7
split_gain=5.92796e+06 2.66577e+06 1.71707e+06 1.75435e+06 1.67839e+06 1.63432e+06 1.86502e+06 1.71163e+06 1.51803e+06 1.35098e+06 1.26692e+06 1.09759e+06 1.09074e+06 1.44179e+06
threshold=9.3120117187500018 -9.2807617187499982 11187.670410156252 11216.631835937502 112.28499984741212 11202.923339843752 -40.215820312499993 -0.66045743227004994 -0.66606479883193959 11203.090820312502 11346.758300781252 65.000000000000014 12846.489746093752 12238.857910156252
decision_type=2 2 2 2 2 2 2 2 2 2 2 2 2 2
left_child=1 5 -2 -4 8 6 -1 -7 -5 -8 -6 -10 13 -9
right_child=2 -3 3 4 10 7 9 12 11 -11 -12 -13 -14 -15
leaf_value=-0.29557757547520158 0.10679342985750612 -0.0019428483426169149 -0.067963718162415407 0.25986492109961989 0.18905493592548431 0.17433786473331489 -0.057941247368202699 -0.012513381093037122 0.061584240623352299 -0.21322798941677515 -0.042551043713235912 0.4704660868907668 0.28771550443703409 -0.10876947219107511
leaf_weight=16747 193292 1890018 57788 17790 10598 16634 188100 237309 196106 25434 86340 2652 4162 84369
leaf_count=16747 193292 1890018 57788 17790 10598 16634 188100 237309 196106 25434 86340 2652 4162 84369
internal_value=2.24418e-06 -0.0133976 0.0584547 0.0332864 0.0519524 -0.0511959 -0.092395 -0.0234915 0.0829139 -0.0764466 -0.017213 0.0670634 -0.0335957 -0.0377619
internal_weight=3.02734e+06 2.46277e+06 564566 371274 313486 572755 230281 342474 216548 213534 96938 198758 325840 321678
internal_count=3027339 2462773 564566 371274 313486 572755 230281 342474 216548 213534 96938 198758 325840 321678
is_linear=0
shrinkage=0.02


Tree=101
num_leaves=15
num_cat=0
split_feature=9 7 24 20 7 19 26 7 20 26 7 7 26 20
split_gain=1.77478e+06 2.37952e+06 1.85255e+06 1.6634e+06 4.61291e+06 1.44765e+06 1.3239e+06 1.49193e+06 4.56662e+06 1.31355e+06 1.30952e+06 1.17436e+06 4.03534e+06 1.09346e+06
threshold=0.55122801661491405 10974.288085937502 12725.326171875002 10986.533691406252 11013.437500000002 12772.923339843752 10971.138183593752 11210.325195312502 11202.923339843752 11239.116210937502 12539.944824218752 11432.574218750002 11690.550292968752 12183.192871093752
decision_type=2 2 2 2 2 2 2 2 2 2 2 2 2 2
left_child=13 -2 3 4 -3 -4 -5 -8 9 -9 11 -10 -13 -1
right_child=1 2 5 6 -6 -7 7 8 10 -11 -12 12 -14 -15
leaf_value=0.0016311834424246568 0.035807601268706149 0.0060908823029280157 0.24360785856479747 -0.27585118296086558 -0.50750023110307785 -0.14733143466542792 -0.0010243767302604086 -0.25728028325576602 -0.088485529814149866 -0.6613246760554532 -0.13565486679875632 0.43158070334087067 -0.015859577388452967 0.035891637730359895
leaf_weight=1836498 179520 17219 14590 9874 11771 5109 204978 25638 68855 3678 50309 8617 123208 467475
leaf_count=1836498 179520 17219 14590 9874 11771 5109 204978 25638 68855 3678 50309 8617 123208 467475
internal_value=2.2485e-06 -0.027327 -0.0481676 -0.0553245 -0.202548 0.142192 -0.046701 -0.0420329 -0.0720199 -0.308181 -0.0444246 -0.0215481 0.0134186 0.00858275
internal_weight=3.02734e+06 723366 543846 524147 28990 19699 495157 485283 280305 29316 250989 200680 131825 2.30397e+06
internal_count=3027339 723366 543846 524147 28990 19699 495157 485283 280305 29316 250989 200680 131825 2303973
is_linear=0
shrinkage=0.02


Tree=102
num_leaves=15
num_cat=0
split_feature=9 7 26 4 21 4 26 22 19 7 21 7 21 7
split_gain=1.70453e+06 2.28533e+06 1.65193e+06 2.45317e+06 1.70313e+06 1.28304e+06 1.24942e+06 1.23227e+06 1.67993e+06 1.52166e+06 2.19217e+06 2.44307e+06 1.29063e+06 1.45423e+06
threshold=0.55122801661491405 10974.288085937502 11129.284667968752 -115.9449996948242 11121.952148437502 284.38999938964849 11025.910644531252 12727.998535156252 12772.923339843752 11200.173339843752 11202.996582031252 11240.761718750002 12206.523437500002 11432.574218750002
decision_type=2 2 2 2 2 2 2 2 2 2 2 2 2 2
left_child=5 -2 3 6 -4 -1 -3 9 -9 -6 11 -11 13 -12
right_child=1 2 4 -5 7 -7 -8 8 -10 10 12 -13 -14 -15
leaf_value=0.00736853538184275 0.035091489214367923 -0.20635108324773574 0.27889610156759764 -0.050578240952910997 0.023312183493995046 0.22207740420878366 -0.52115752824159833 0.22057814568682557 -0.17699763768378468 -0.11897360129530023 -0.070088789677024838 -0.4689198952135773 -0.10265256349811953 0.045297840881970995
leaf_weight=2292796 179520 23014 6928 56707 101780 11177 6460 15478 5851 56396 81440 9288 86273 94231
leaf_count=2292796 179520 23014 6928 56707 101780 11177 6460 15478 5851 56396 81440 9288 86273 94231
internal_value=2.11491e-06 -0.0267808 -0.0472048 -0.127526 -0.0320773 0.0084111 -0.275503 -0.0368632 0.111482 -0.0442341 -0.0652179 -0.168522 -0.0393084 -0.00819553
internal_weight=3.02734e+06 723366 543846 86181 457665 2.30397e+06 29474 450737 21329 429408 327628 65684 261944 175671
internal_count=3027339 723366 543846 86181 457665 2303973 29474 450737 21329 429408 327628 65684 261944 175671
is_linear=0
shrinkage=0.02


Tree=103
num_leaves=15
num_cat=0
split_feature=27 7 27 23 23 7 7 8 23 4 19 8 8 26
split_gain=5.69475e+06 2.48914e+06 1.89749e+06 2.36293e+06 1.58572e+06 1.83619e+06 1.74273e+06 3.19609e+06 2.25919e+06 1.64356e+06 1.58514e+06 1.51694e+06 1.511e+06 1.37269e+06
threshold=1.1801757812500002 10942.550292968752 -18.101074218749996 11202.081542968752 10944.074218750002 10978.788574218752 11179.634765625002 -0.844174563884735 11164.505859375002 213.45500183105472 10922.094238281252 -0.95380857586860646 0.68809700012207042 10878.348144531252
decision_type=2 2 2 2 2 2 2 2 2 2 2 2 2 2
left_child=2 10 3 -1 5 -3 7 -6 -8 -9 13 -5 -7 -2
right_child=1 4 -4 11 6 12 8 9 -10 -11 -12 -13 -14 -15
leaf_value=-0.14161714281190105 0.11798516534080174 -0.049163926252785373 -0.011751308320207082 -0.11183869302622716 0.94458791419702193 0.099497206493988077 -0.13398237551178158 0.071304113046905135 0.02565763101974481 0.45498846270407894 0.24956460597774602 0.014114278235357651 -0.692928405859355 -0.033564212710281753
leaf_weight=107260 100726 23176 1698066 54453 1743 1320 37395 126316 681695 4620 27244 128463 3521 31341
leaf_count=107260 100726 23176 1698066 54453 1743 1320 37395 126316 681695 4620 27244 128463 3521 31341
internal_value=2.01385e-06 0.0379458 -0.0198283 -0.0670916 0.0247728 -0.123249 0.0296431 0.0962406 0.0173541 0.0848761 0.110687 -0.0233851 -0.477093 0.0820208
internal_weight=3.02734e+06 1.0391e+06 1.98824e+06 290176 879786 28017 851769 132679 719090 130936 159311 182916 4841 132067
internal_count=3027339 1039097 1988242 290176 879786 28017 851769 132679 719090 130936 159311 182916 4841 132067
is_linear=0
shrinkage=0.02


Tree=104
num_leaves=15
num_cat=0
split_feature=27 27 19 8 22 17 27 19 9 19 8 9 27 8
split_gain=5.57031e+06 2.86477e+06 1.10586e+06 2.0428e+06 1.08789e+06 1.1125e+06 1.22772e+06 1.74877e+06 1.52187e+06 1.32686e+06 1.10833e+06 1.08098e+06 1.02672e+06 1.956e+06
threshold=14.307128906250002 -1.8383789062499998 12951.521484375002 0.82309290766716015 12762.577636718752 0.24476148933172229 -18.101074218749996 11198.092285156252 -0.65761160850524891 11098.546875000002 -0.9981776475906371 -0.7183113396167754 36.633789062500007 0.99276980757713329
decision_type=2 2 2 2 2 2 2 2 2 2 2 2 2 2
left_child=1 4 -3 -4 5 -1 7 9 -9 10 -7 -2 -13 -14
right_child=11 2 3 -5 -6 6 -8 8 -10 -11 -12 12 13 -15
leaf_value=0.031008681427012134 0.2105277675956031 0.0071569629194792117 -0.085287641157662547 -0.84591946577887467 0.098410470277554132 0.28413872613004498 -0.031969805088144718 0.22842286202450876 -0.056870329913890558 -0.3027818883749207 -0.12833017129965207 0.044860918176395502 0.086554670381308305 0.37663789956197641
leaf_weight=78665 20624 1634432 15839 1541 22910 2685 611310 7850 154447 18383 79436 299266 69218 10733
leaf_count=78665 20624 1634432 15839 1541 22910 2685 611310 7850 154447 18383 79436 299266 69218 10733
internal_value=2.02664e-06 -0.0105811 0.00546903 -0.153178 -0.0377534 -0.0410285 -0.0475118 -0.0836618 -0.0430579 -0.149219 -0.114811 0.0695462 0.0618734 0.125539
internal_weight=3.02734e+06 2.6275e+06 1.65181e+06 17380 975686 952776 874111 262801 162297 100504 82121 399841 379217 79951
internal_count=3027339 2627498 1651812 17380 975686 952776 874111 262801 162297 100504 82121 399841 379217 79951
is_linear=0
shrinkage=0.02


Tree=105
num_leaves=15
num_cat=0
split_feature=27 27 4 24 20 27 20 8 20 20 8 8 22 20
split_gain=5.35225e+06 2.84063e+06 1.18362e+06 1.13052e+06 1.42105e+06 1.15273e+06 1.28894e+06 1.31147e+06 2.12716e+06 3.61133e+06 2.41327e+06 1.28989e+06 1.23484e+06 1.32318e+06
threshold=15.393066406250002 -1.8383789062499998 119.77499771118165 12748.286621093752 12820.129882812502 -28.779785156249996 11191.833496093752 -0.9504232108592986 11759.047851562502 11594.234375000002 -0.8594742715358733 -0.99676713347434986 10784.471679687502 10693.399414062502
decision_type=2 2 2 2 2 2 2 2 2 2 2 2 2 2
left_child=1 3 -2 4 5 6 11 -8 9 -9 -10 -1 13 -13
right_child=2 -3 -4 -5 -6 -7 7 8 10 -11 -12 12 -14 -15
leaf_value=0.29230275890218027 0.098368619524006343 0.0058731150308579637 0.022806689040167413 0.072503661004576503 -0.36306953544971526 -0.031019473554308546 -0.18697508915635408 -0.004408071941936079 0.38969077327392965 0.56241716798089303 -0.16151640287449881 -0.248842637023658 -0.27361148942904318 0.39414413250028946
leaf_weight=2037 236689 1687316 127648 36301 5446 818860 21156 17043 3540 6097 30270 2632 29830 2474
leaf_count=2037 236689 1687316 127648 36301 5446 818860 21156 17043 3540 6097 30270 2632 29830 2474
internal_value=1.98091e-06 -0.00983443 0.0718964 -0.0369983 -0.0412306 -0.03935 -0.0986187 -0.0525541 -0.00259452 0.145118 -0.103705 -0.19589 -0.224431 0.06286
internal_weight=3.02734e+06 2.663e+06 364337 975686 939385 933939 115079 78106 56950 23140 33810 36973 34936 5106
internal_count=3027339 2663002 364337 975686 939385 933939 115079 78106 56950 23140 33810 36973 34936 5106
is_linear=0
shrinkage=0.02


Tree=106
num_leaves=15
num_cat=0
split_feature=27 7 21 7 27 7 20 20 9 27 7 8 20 6
split_gain=5.16398e+06 2.71373e+06 2.27536e+06 2.2076e+06 2.0465e+06 1.71225e+06 2.10668e+06 1.63154e+06 1.61629e+06 1.51606e+06 1.41981e+06 1.22432e+06 1.16701e+06 1.61239e+06
threshold=5.5229492187500009 10942.550292968752 10945.590332031252 10976.409667968752 -10.266113281249998 11187.670410156252 11188.286132812502 11202.923339843752 -0.66045743227004994 -40.215820312499993 11222.603027343752 -0.82622474431991566 10916.906250000002 95.940456390380874
decision_type=2 2 2 2 2 2 2 2 2 2 2 2 2 2
left_child=4 12 3 -3 7 11 10 9 -9 -1 -7 -4 -2 -14
right_child=1 2 5 -5 -6 6 -8 8 -10 -11 -12 -13 13 -15
leaf_value=-0.27440319286633019 0.1041589312164405 -0.089822332168366228 0.90888579402696523 -0.68225320893430863 -0.0042875680011346942 -0.084567357076127656 0.033122648685750489 0.17735033023330776 -0.030656140908271314 -0.076225814139403075 -0.61711232891755519 0.10069414153888266 0.41260380654848405 0.06882682367448878
leaf_weight=16747 93385 12847 745 3120 1760018 44205 439103 15694 308194 196923 2088 111987 12725 9558
leaf_count=16747 93385 12847 745 3120 1760018 44205 439103 15694 308194 196923 2088 111987 12725 9558
internal_value=1.97879e-06 0.0463501 0.0296107 -0.205941 -0.0147194 0.0359021 0.0195933 -0.0488735 -0.020572 -0.0917707 -0.108716 0.106115 0.135212 0.265243
internal_weight=3.02734e+06 729763 614095 15967 2.29758e+06 598128 485396 537558 323888 213670 46293 112732 115668 22283
internal_count=3027339 729763 614095 15967 2297576 598128 485396 537558 323888 213670 46293 112732 115668 22283
is_linear=0
shrinkage=0.02


Tree=107
num_leaves=15
num_cat=0
split_feature=27 27 4 9 24 24 24 20 19 27 20 0 19 19
split_gain=4.99234e+06 2.63923e+06 1.12993e+06 1.48551e+06 1.32058e+06 1.30944e+06 1.07636e+06 1.36713e+06 1.10819e+06 1.07782e+06 1.19456e+06 1.55241e+06 1.40232e+06 2.14914e+06
threshold=15.393066406250002 -1.8383789062499998 119.77499771118165 -0.61080211400985707 10850.285156250002 10992.633300781252 12748.286621093752 12820.129882812502 11773.096679687502 -27.635253906249996 11191.833496093752 5918.5000000000009 11998.295410156252 11604.673339843752
decision_type=2 2 2 2 2 2 2 2 2 2 2 2 2 2
left_child=1 6 3 5 -5 -2 7 9 -8 10 -1 12 13 -12
right_child=2 -3 -4 4 -6 -7 8 -9 -10 -11 11 -13 -14 -15
leaf_value=-0.18162486839028247 0.072354046560680563 0.0056424872003704978 0.021473895739057482 0.37190405261986409 0.054368391981630126 0.25362271954589177 0.58664902482585779 -0.35548464338538233 0.047467784875621213 -0.029463051755273337 -0.086626164785614967 0.33330725373746029 -0.15596067050117746 0.21695844936231726
leaf_weight=40606 27751 1687316 127648 5400 166058 37480 1585 5446 34716 807483 29348 4019 38822 13661
leaf_count=40606 27751 1687316 127648 5400 166058 37480 1585 5446 34716 807483 29348 4019 38822 13661
internal_value=1.93542e-06 -0.00949801 0.0694371 0.0953018 0.0643903 0.176529 -0.0356812 -0.0398109 0.0711655 -0.0379663 -0.092257 -0.0499707 -0.0688334 0.00982933
internal_weight=3.02734e+06 2.663e+06 364337 236689 171458 65231 975686 939385 36301 933939 126456 85850 81831 43009
internal_count=3027339 2663002 364337 236689 171458 65231 975686 939385 36301 933939 126456 85850 81831 43009
is_linear=0
shrinkage=0.02


Tree=108
num_leaves=15
num_cat=0
split_feature=4 4 26 26 23 0 19 26 23 22 26 8 23 19
split_gain=1.32516e+06 843926 988234 2.01574e+06 1.39137e+06 909974 1.13729e+06 3.09314e+06 1.42864e+06 2.7317e+06 1.03756e+06 996941 861654 951562
threshold=284.38999938964849 31.384999275207523 12704.916015625002 12656.631347656252 12717.367675781252 4482.5000000000009 12261.636230468752 12205.775878906252 10958.754882812502 10987.205078125002 12543.862304687502 -0.87837451696395863 12786.631835937502 13462.845214843752
decision_type=2 2 2 2 2 2 2 2 2 2 2 2 2 2
left_child=1 5 3 -3 -4 -1 8 -8 11 -10 -9 -7 13 -6
right_child=-2 2 4 -5 12 6 7 10 9 -11 -12 -13 -14 -15
leaf_value=-0.0050219764910409284 0.21727355059923603 0.011668519849560053 -0.33857099398778645 0.25670148141683591 -0.061109179432868851 -0.11204093459498202 0.6666851466732745 0.10055710561931806 -0.46964533687251525 -0.074376103033888488 -0.21812367089118284 0.13610196570774444 0.11424503226544276 -0.53327869612848799
leaf_weight=1469197 11177 1293119 6977 13560 28858 9487 3129 11305 7372 133169 6387 20356 11441 1805
leaf_count=1469197 11177 1293119 6977 13560 28858 9487 3129 11305 7372 133169 6387 20356 11441 1805
internal_value=1.97354e-06 -0.000803881 0.0109037 0.0142133 -0.0771913 -0.0103635 -0.0514043 0.088099 -0.0684559 -0.0951418 -0.0145471 0.0572063 -0.0338078 -0.0890692
internal_weight=3.02734e+06 3.01616e+06 1.35576e+06 1.30668e+06 49081 1.6604e+06 191205 20821 170384 140541 17692 29843 42104 30663
internal_count=3027339 3016162 1355760 1306679 49081 1660402 191205 20821 170384 140541 17692 29843 42104 30663
is_linear=0
shrinkage=0.02


Tree=109
num_leaves=15
num_cat=0
split_feature=27 27 9 4 26 21 7 20 27 26 19 8 26 27
split_gain=4.79203e+06 2.27385e+06 1.41489e+06 1.24284e+06 1.35588e+06 1.42113e+06 1.60219e+06 1.32044e+06 1.27354e+06 1.3264e+06 1.17343e+06 1.85439e+06 1.06781e+06 2.00952e+06
threshold=11.761230468750002 -1.8383789062499998 -0.72804987430572499 95.104999542236342 10977.204589843752 10955.803710937502 10982.458984375002 10920.458984375002 65.000000000000014 10765.807617187502 12951.521484375002 0.82309290766716015 12050.339355468752 50.212890625000007
decision_type=2 2 2 2 2 2 2 2 2 2 2 2 2 2
left_child=1 -1 -2 8 7 6 -6 -5 9 -4 -3 -12 13 -7
right_child=2 10 3 4 5 12 -8 -9 -10 -11 11 -13 -14 -15
leaf_value=-0.034911630865875509 0.221068174612322 0.0057670845490733983 0.28282797364478829 0.061825427053769241 -0.099354621896980827 0.01652507555698679 -0.79625073038736982 0.3565229920359172 0.54776159414870296 0.065408707541589478 -0.095099709390014775 -0.82078356392993845 -0.068168353240228144 0.38750994717410214
leaf_weight=975686 20351 1553924 11751 30654 4467 91426 1865 7579 2293 246292 15384 1541 57897 6229
leaf_count=975686 20351 1553924 11751 30654 4467 91426 1865 7579 2293 246292 15384 1541 57897 6229
internal_value=1.91353e-06 -0.0109319 0.0579108 0.0506949 0.0132162 -0.0120853 -0.30555 0.120322 0.0795025 0.0753204 0.00396256 -0.161619 -0.00012036 0.0402261
internal_weight=3.02734e+06 2.54654e+06 480804 460453 200117 161884 6332 38233 260336 258043 1.57085e+06 16925 155552 97655
internal_count=3027339 2546535 480804 460453 200117 161884 6332 38233 260336 258043 1570849 16925 155552 97655
is_linear=0
shrinkage=0.02


Tree=110
num_leaves=15
num_cat=0
split_feature=9 19 23 22 25 17 19 5 21 9 25 21 8 23
split_gain=1.4767e+06 1.22425e+06 1.19567e+06 1.36412e+06 1.51291e+06 1.30661e+06 982580 959020 938810 2.17497e+06 2.26667e+06 1.00833e+06 2.98256e+06 1.26067e+06
threshold=0.55122801661491405 10954.149902343752 12738.863281250002 12746.740234375002 0.047889804467558868 0.50179636478424083 11864.040039062502 0.082499999552965178 12179.025390625002 0.30041404068470007 0.075888738036155715 12414.312988281252 0.82543140649795543 12254.214843750002
decision_type=2 2 2 2 2 2 2 2 2 2 2 2 2 2
left_child=7 -2 5 4 -4 -3 -5 8 -1 11 -11 12 13 -10
right_child=1 2 3 6 -6 -7 -8 -9 9 10 -12 -13 -14 -15
leaf_value=-0.00044282582883475776 0.027665990234742078 -0.028743170903791242 0.07048549189422143 0.50938312966203037 0.78458430642721622 -0.10820402941708715 -0.039661328681018862 0.10248072805888497 -0.065151315493747836 0.11755986571444126 0.60238774312329024 -0.0061660195024857926 0.16745303710106993 0.097561292201858885
leaf_weight=1801683 142225 461922 2482 1450 2268 100841 12178 42027 61465 41007 4249 265705 60250 27587
leaf_count=1801683 142225 461922 2482 1450 2268 100841 12178 42027 61465 41007 4249 265705 60250 27587
internal_value=1.87745e-06 -0.0249269 -0.0377985 0.120908 0.412385 -0.0429834 0.0190854 0.00782872 0.00606962 0.0315619 0.163203 0.017203 0.0587893 -0.0147398
internal_weight=3.02734e+06 723366 581141 18378 4750 562763 13628 2.30397e+06 2.26195e+06 460263 45256 415007 149302 89052
internal_count=3027339 723366 581141 18378 4750 562763 13628 2303973 2261946 460263 45256 415007 149302 89052
is_linear=0
shrinkage=0.02


Tree=111
num_leaves=15
num_cat=0
split_feature=27 27 5 4 26 4 27 26 27 4 26 20 22 24
split_gain=4.62107e+06 2.42099e+06 1.3348e+06 1.26907e+06 1.18334e+06 1.20987e+06 1.51144e+06 1.15941e+06 1.51779e+06 1.33554e+06 1.28724e+06 1.1826e+06 2.11632e+06 1.0239e+06
threshold=15.393066406250002 -1.8383789062499998 0.082499999552965178 95.104999542236342 10765.807617187502 -1.7450000047683714 50.212890625000007 12060.803222656252 50.212890625000007 253.78499603271487 11032.155761718752 12196.410644531252 12200.262695312502 12748.286621093752
decision_type=2 2 2 2 2 2 2 2 2 2 2 2 2 2
left_child=1 13 3 4 -2 -6 -7 8 9 -5 -11 -9 -13 -1
right_child=2 -3 -4 7 5 6 -8 11 -10 10 -12 12 -14 -15
leaf_value=-0.038242948950547299 0.32189469126700532 0.0053631052932397007 0.36609896731803482 0.044737394466191786 0.033804179496608244 0.12033328280698279 0.53996304030379672 -0.17030470175755119 0.31280755707335117 0.51094263223797842 -0.71514871419331671 0.46776176188331975 -0.045047778819953921 0.069995101122343972
leaf_weight=939385 8900 1687316 5855 107362 90616 89792 3561 21822 8465 423 1662 3757 22122 36301
leaf_count=939385 8900 1687316 5855 107362 90616 89792 3561 21822 8465 423 1662 3757 22122 36301
internal_value=1.98762e-06 -0.00913788 0.0668054 0.0619069 0.096776 0.0858683 0.136397 0.0212957 0.0549526 0.0349823 -0.465141 -0.0618941 0.0295508 -0.0342152
internal_weight=3.02734e+06 2.663e+06 364337 358482 192869 183969 93353 165613 117912 109447 2085 47701 25879 975686
internal_count=3027339 2663002 364337 358482 192869 183969 93353 165613 117912 109447 2085 47701 25879 975686
is_linear=0
shrinkage=0.02


Tree=112
num_leaves=15
num_cat=0
split_feature=27 27 25 26 27 21 26 8 21 8 26 26 27 26
split_gain=4.4743e+06 1.89843e+06 1.64238e+06 1.76167e+06 1.51932e+06 2.12706e+06 1.46701e+06 1.39535e+06 1.3747e+06 1.33458e+06 1.37214e+06 1.26175e+06 1.33031e+06 1.22169e+06
threshold=1.1801757812500002 24.475585937500004 0.066820703446865096 10964.900390625002 -18.101074218749996 11201.488769531252 11032.155761718752 -0.95380857586860646 10945.590332031252 0.99468204379081737 12055.717285156252 10929.706054687502 -47.625488281249993 11198.503417968752
decision_type=2 2 2 2 2 2 2 2 2 2 2 2 2 2
left_child=4 2 13 -4 5 6 11 -7 -5 10 -3 -1 -13 -2
right_child=1 9 3 8 -6 7 -8 -9 -10 -11 -12 12 -14 -15
leaf_value=-0.15803791061742242 0.069206264506130474 0.11096813166986115 0.090220399767920942 -0.43311201750790018 -0.010347895031331844 -0.10362006820285119 -0.28858542297476564 0.017046613127219289 -0.083559324356128256 0.28279570777270563 -0.014478821044449714 -0.51667992361211124 0.027378068416804978 0.013965370115871612
leaf_weight=52294 230379 126310 24200 4818 1698066 54453 19341 129418 66506 13484 48176 1892 32778 525224
leaf_count=52294 230379 126310 24200 4818 1698066 54453 19341 129418 66506 13484 48176 1892 32778 525224
internal_value=2.06916e-06 0.0336351 0.0209303 -0.0572033 -0.0175753 -0.0598673 -0.131078 -0.0186921 -0.10723 0.0911579 0.076333 -0.096018 -0.00245194 0.0308087
internal_weight=3.02734e+06 1.0391e+06 851127 95524 1.98824e+06 290176 106305 183871 71324 187970 174486 86964 34670 755603
internal_count=3027339 1039097 851127 95524 1988242 290176 106305 183871 71324 187970 174486 86964 34670 755603
is_linear=0
shrinkage=0.02


Tree=113
num_leaves=15
num_cat=0
split_feature=9 7 20 7 26 20 7 7 20 9 7 20 7 21
split_gain=1.38264e+06 2.10285e+06 1.74641e+06 4.30952e+06 1.224e+06 1.05713e+06 4.51818e+06 3.17831e+06 3.18759e+06 2.08342e+06 1.52868e+06 1.48013e+06 1.63154e+06 1.51327e+06
threshold=0.53606674075126659 10974.288085937502 10986.533691406252 11013.437500000002 10971.138183593752 12183.192871093752 12200.578613281252 12043.893554687502 12040.458496093752 0.28987027704715734 12033.012207031252 12209.516601562502 12723.007324218752 12773.829101562502
decision_type=2 2 2 2 2 2 2 2 2 2 2 2 2 2
left_child=5 -2 3 -3 -4 7 9 8 -1 -7 -10 -8 -13 -14
right_child=1 2 4 -5 -6 6 11 -9 10 -11 -12 12 13 -15
leaf_value=0.0059340521932819516 0.035411159255964671 0.0091431199794387765 -0.25532267437109563 -0.4843544208081968 -0.030622649055613259 0.15460521242862352 -0.22062047510962748 -0.073473709513689395 0.31785019648132595 0.50980045210402802 0.056835476879418236 0.040518940633573815 -0.1071893776179271 0.065836154815036227
leaf_weight=1590083 180142 17219 9874 12008 513143 48148 10688 204666 19229 7650 16834 302337 66223 29095
leaf_count=1590083 180142 17219 9874 12008 513143 48148 10688 204666 19229 7650 16834 302337 66223 29095
internal_value=1.96159e-06 -0.0239239 -0.0432793 -0.193707 -0.0348696 0.00763748 0.0345962 0.000802845 0.0101517 0.203386 0.19606 0.0115274 0.0177724 -0.0543732
internal_weight=3.02734e+06 732386 552244 29227 523017 2.29495e+06 464141 1.83081e+06 1.62615e+06 55798 36063 408343 397655 95318
internal_count=3027339 732386 552244 29227 523017 2294953 464141 1830812 1626146 55798 36063 408343 397655 95318
is_linear=0
shrinkage=0.02


Tree=114
num_leaves=15
num_cat=0
split_feature=27 22 27 20 21 9 9 4 24 4 27 9 27 20
split_gain=4.29521e+06 1.69131e+06 1.62177e+06 2.24395e+06 1.40771e+06 1.2699e+06 1.2619e+06 1.84302e+06 1.41394e+06 1.92873e+06 1.2027e+06 1.17259e+06 1.07067e+06 1.04565e+06
threshold=3.1899414062500004 11035.757324218752 -13.246582031249998 11202.923339843752 10973.330566406252 -0.66079589724540699 0.64018929004669201 113.8050003051758 12675.733398437502 40.375000000000007 20.801269531250004 -0.65761160850524891 -40.215820312499993 12820.129882812502
decision_type=2 2 2 2 2 2 2 2 2 2 2 2 2 2
left_child=2 4 3 12 -2 -5 7 8 10 -10 -3 -12 -1 -7
right_child=1 6 -4 5 -6 13 -8 -9 9 -11 11 -13 -14 -15
leaf_value=-0.258132588332455 0.058544563455247306 0.02539405313925943 -0.0063593458845276488 0.19571655329524759 0.18075714566786494 -0.029064974593873631 -0.053813067463608304 -0.021488679743825609 0.37967628911750295 0.060096515593037463 0.3275236198802679 0.085874459616064325 -0.089708922136385483 0.22329033860464478
leaf_weight=16747 161312 280785 1736427 11152 49196 244713 77578 176805 12332 19484 9031 72159 152879 6739
leaf_count=16747 161312 280785 1736427 11152 49196 244713 77578 176805 12332 19484 9031 72159 152879 6739
internal_value=1.9243e-06 0.0378608 -0.0149884 -0.0496537 0.0871131 -0.0130277 0.021864 0.0321538 0.0562383 0.184048 0.0449996 0.112791 -0.106352 -0.0222931
internal_weight=3.02734e+06 858682 2.16866e+06 432230 210508 262604 648174 570596 393791 31816 361975 81190 169626 251452
internal_count=3027339 858682 2168657 432230 210508 262604 648174 570596 393791 31816 361975 81190 169626 251452
is_linear=0
shrinkage=0.02


Tree=115
num_leaves=15
num_cat=0
split_feature=9 7 23 21 20 20 9 7 0 7 23 20 0 26
split_gain=1.31681e+06 1.5219e+06 1.8331e+06 1.47415e+06 1.4822e+06 1.29878e+06 1.27675e+06 1.60238e+06 1.70025e+06 1.55898e+06 4.03355e+06 1.91068e+06 979265 1.91801e+06
threshold=-0.24782751500606534 12723.007324218752 12677.269531250002 12773.829101562502 12804.312011718752 12704.233886718752 -0.49964705109596247 12592.827636718752 4916.5000000000009 11203.090820312502 11216.631835937502 11164.589355468752 3655.5000000000005 11372.095214843752
decision_type=2 2 2 2 2 2 2 2 2 2 2 2 2 2
left_child=1 2 6 4 -3 -4 9 12 -9 10 -1 -11 -8 -14
right_child=-2 3 5 -5 -6 -7 7 8 -10 11 -12 -13 13 -15
leaf_value=0.014772545267673465 -0.0123961172445997 -0.11551174798837525 0.53476982053518651 0.081597714891349593 -0.62479626839273328 0.1271335185747236 0.035486816429901542 -0.058457872911344577 -0.64990859191846606 -0.22895595623088766 0.32560513036253269 -0.01794254503118289 0.31828721854588948 0.069970608412593158
leaf_weight=557373 1607324 42085 3607 15806 2408 23153 265933 9172 2458 17977 17205 375379 15015 72444
leaf_count=557373 1607324 42085 3607 15806 2408 23153 265933 9172 2458 17977 17205 375379 15015 72444
internal_value=1.95726e-06 0.0140354 0.0183959 -0.0842772 -0.143209 0.182259 0.0151048 0.0469785 -0.183914 0.00308445 0.0240856 -0.0275918 0.0545821 0.112633
internal_weight=3.02734e+06 1.42002e+06 1.35972e+06 60299 44493 26760 1.33296e+06 365022 11630 967934 574578 393356 353392 87459
internal_count=3027339 1420015 1359716 60299 44493 26760 1332956 365022 11630 967934 574578 393356 353392 87459
is_linear=0
shrinkage=0.02


Tree=116
num_leaves=15
num_cat=0
split_feature=27 27 5 4 7 9 27 7 19 17 19 22 27 27
split_gain=4.13035e+06 2.10869e+06 1.21915e+06 1.38869e+06 1.18289e+06 1.21469e+06 1.54501e+06 1.17213e+06 1.05339e+06 1.01229e+06 975393 966523 964735 853737
threshold=14.307128906250002 -2.5483398437499996 0.082499999552965178 91.33499908447267 10833.774902343752 0.10024872794747354 50.212890625000007 12707.136718750002 12708.687011718752 0.23618607968091967 12951.521484375002 12762.577636718752 -52.036132812499993 42.740234375000007
decision_type=2 2 2 2 2 2 2 2 2 2 2 2 2 2
left_child=1 9 3 4 -2 6 -6 13 -7 -1 -3 12 -11 -5
right_child=2 10 -4 7 5 8 -8 -9 -10 11 -12 -13 -14 -15
leaf_value=0.042615023660226188 0.28176454801165668 0.0055637362314979264 0.33302252829225448 0.0038509193962877682 0.11493831091325238 0.021282796527368423 0.56934243541992569 -0.2581548773480718 0.52683588445933005 -0.22668587732537288 -0.14326757004936808 0.095787683391043155 -0.04019284417086938 0.11533126221776664
leaf_weight=64829 12219 1692066 6422 145685 93371 97498 3083 6040 1667 11238 17789 20645 820931 33856
leaf_count=64829 12219 1692066 6422 145685 93371 97498 3083 6040 1667 11238 17789 20645 820931 33856
internal_value=1.9049e-06 -0.00911123 0.0598864 0.0554194 0.0909249 0.0789905 0.12952 0.0156529 0.0298338 -0.0335683 0.00401448 -0.0393601 -0.0427141 0.0248781
internal_weight=3.02734e+06 2.6275e+06 399841 393419 207838 195619 96454 185581 99165 917643 1.70986e+06 852814 832169 179541
internal_count=3027339 2627498 399841 393419 207838 195619 96454 185581 99165 917643 1709855 852814 832169 179541
is_linear=0
shrinkage=0.02


Tree=117
num_leaves=15
num_cat=0
split_feature=27 7 21 7 27 21 7 23 9 9 7 26 7 21
split_gain=3.983e+06 2.36475e+06 2.11451e+06 1.93254e+06 1.62747e+06 2.13202e+06 1.52968e+06 2.01737e+06 1.21814e+06 1.17523e+06 1.04088e+06 1.13243e+06 1.24585e+06 1.29443e+06
threshold=5.5229492187500009 10942.550292968752 10945.590332031252 10976.409667968752 -13.246582031249998 11202.996582031252 11187.670410156252 11168.909667968752 -0.66079589724540699 0.64018929004669201 11203.090820312502 10925.707519531252 10880.121582031252 10826.996093750002
decision_type=2 2 2 2 2 2 2 2 2 2 2 2 2 2
left_child=4 -2 3 -3 5 10 -4 -8 -7 -9 11 12 -1 -14
right_child=1 2 6 -5 -6 8 7 9 -10 -11 -12 -13 13 -15
leaf_value=-0.068690568087696469 0.12365799607691294 -0.093339457406828183 0.097510190383498813 -0.64764861726608514 -0.0048240972206505832 0.19228960344910687 -0.13366477105675939 0.037203243034453493 -0.021242930096231901 -0.073720331965592259 -0.22282374464661875 -0.028206859478614392 0.49330342883737682 -0.26292855480033178
leaf_weight=41020 115668 12847 112732 3120 1865346 11151 33639 409630 251271 42127 24802 74452 926 28608
leaf_count=41020 115668 12847 112732 3120 1865346 11151 33639 409630 251271 42127 24802 74452 926 28608
internal_value=1.96294e-06 0.0407067 0.0250806 -0.201992 -0.0129269 -0.0478947 0.0311456 0.0157309 -0.0121623 0.026858 -0.103112 -0.0826219 -0.140031 -0.239058
internal_weight=3.02734e+06 729763 614095 15967 2.29758e+06 432230 598128 485396 262422 451757 169808 145006 70554 29534
internal_count=3027339 729763 614095 15967 2297576 432230 598128 485396 262422 451757 169808 145006 70554 29534
is_linear=0
shrinkage=0.02


Tree=118
num_leaves=15
num_cat=0
split_feature=27 27 26 22 23 27 26 4 19 4 0 21 0 19
split_gain=3.86335e+06 2.02919e+06 1.03115e+06 1.97523e+06 1.93321e+06 1.74612e+06 946786 1.13932e+06 925696 895861 975421 893270 1.05315e+06 892484
threshold=15.393066406250002 -1.8383789062499998 12055.717285156252 12036.090820312502 12172.963378906252 42.740234375000007 10878.348144531252 -97.694999694824205 13462.845214843752 14.315000057220461 2513.5000000000005 12773.829101562502 2273.5000000000005 12951.521484375002
decision_type=2 2 2 2 2 2 2 2 2 2 2 2 2 2
left_child=1 11 3 5 -4 6 7 -2 -3 -10 -11 -1 -13 -6
right_child=2 8 4 -5 13 -7 -8 -9 9 10 -12 12 -14 -15
leaf_value=-0.034267735833940216 0.61867430032560289 0.0060188211253991847 -0.11501741808736124 0.51576779410535079 0.059477650610851709 0.21150045789196681 0.039577170539365644 0.12752626389112173 -0.061822962243484415 0.055704727519271025 -0.73609627493230589 -0.031435102165258841 0.2420989513788365 0.6043548419096032
leaf_weight=952984 2023 1678105 34376 4123 65792 32754 197127 26927 6337 906 1968 12408 10294 1215
leaf_count=952984 2023 1678105 34376 4123 65792 32754 197127 26927 6337 906 1968 12408 10294 1215
internal_value=1.88235e-06 -0.00835513 0.0610833 0.0819748 0.0068949 0.075045 0.0552668 0.16205 0.00492074 -0.194921 -0.487154 -0.0313138 0.0926473 0.0694466
internal_weight=3.02734e+06 2.663e+06 364337 262954 101383 258831 226077 28950 1.68732e+06 9211 2874 975686 22702 67007
internal_count=3027339 2663002 364337 262954 101383 258831 226077 28950 1687316 9211 2874 975686 22702 67007
is_linear=0
shrinkage=0.02


Tree=119
num_leaves=15
num_cat=0
split_feature=27 27 8 0 26 26 6 24 19 26 27 24 26 8
split_gain=3.72565e+06 1.68114e+06 1.72466e+06 1.66825e+06 1.46065e+06 3.04618e+06 1.56646e+06 1.51235e+06 1.37006e+06 1.30939e+06 1.30497e+06 1.8874e+06 1.55382e+06 1.29218e+06
threshold=1.1801757812500002 33.938964843750007 0.99276980757713329 6008.5000000000009 11021.704589843752 11006.353515625002 95.033611297607436 11169.744140625002 10973.657714843752 11314.497558593752 -18.101074218749996 11196.431152343752 11032.155761718752 -0.95380857586860646
decision_type=2 2 2 2 2 2 2 2 2 2 2 2 2 2
left_child=10 3 9 4 5 -2 -7 8 -6 -3 11 12 -1 -13
right_child=1 2 -4 -5 7 6 -8 -9 -10 -11 -12 13 -14 -15
leaf_value=-0.087730070359592127 0.054598202504543523 0.18429576105054363 0.34867842535466786 -0.12808015017747454 -0.59215520849943715 0.035034421974984215 0.54443969913965062 0.023783747491375226 -0.055026189187828117 0.019749793879092772 -0.0093394137641084202 -0.098652125070373312 -0.29102623887414569 0.017302498742151343
leaf_weight=86867 213548 30635 10829 28468 1936 3469 7946 609988 79812 52466 1698066 54453 18182 130674
leaf_count=86867 213548 30635 10829 28468 1936 3469 7946 609988 79812 52466 1698066 54453 18182 130674
internal_value=1.94446e-06 0.0306925 0.111385 0.0226722 0.0273552 0.0716236 0.3898 0.0129576 -0.0678179 0.0804244 -0.0160376 -0.0552329 -0.122941 -0.0168076
internal_weight=3.02734e+06 1.0391e+06 93930 945167 916699 224963 11415 691736 81748 83101 1.98824e+06 290176 105049 185127
internal_count=3027339 1039097 93930 945167 916699 224963 11415 691736 81748 83101 1988242 290176 105049 185127
is_linear=0
shrinkage=0.02


Tree=120
num_leaves=15
num_cat=0
split_feature=27 27 5 8 23 21 23 27 17 5 27 27 8 21
split_gain=3.60528e+06 1.8899e+06 1.20638e+06 1.01774e+06 1.11375e+06 3.06472e+06 1.36025e+06 968008 940028 898866 919391 860812 1.6172e+06 1.20881e+06
threshold=15.393066406250002 -1.8383789062499998 0.077500000596046462 -0.844174563884735 11140.485351562502 11003.970703125002 12225.526855468752 5.7749023437500009 0.22935979813337329 -0.032499999739229672 -27.635253906249996 36.633789062500007 0.99276980757713329 11207.661621093752
decision_type=2 2 2 2 2 2 2 2 2 2 2 2 2 2
left_child=1 8 11 4 5 -3 -6 -8 -1 10 -10 -2 13 -13
right_child=2 3 -4 -5 6 -7 7 -9 9 -11 -12 12 -14 -15
leaf_value=0.044714663031122356 0.036705480580478275 0.086147407485091351 0.29906601220372642 -0.0017917861510956222 -0.0043676973112526454 0.72904977720780795 0.090632064439290533 0.41046150156844208 -0.14239687250806116 -0.022446564522704042 -0.048171276825603349 0.19888953296063402 0.3410851720733532 0.019622275862434532
leaf_weight=62642 275821 42835 8176 1433719 164236 3177 39167 4182 50977 641150 220917 21953 10605 47782
leaf_count=62642 275821 42835 8176 1433719 164236 3177 39167 4182 50977 641150 220917 21953 10605 47782
internal_value=1.90331e-06 -0.00807115 0.0590079 0.00474095 0.0416727 0.130687 0.0219368 0.121575 -0.0302278 -0.0353699 -0.0658422 0.0534889 0.111097 0.0760774
internal_weight=3.02734e+06 2.663e+06 364337 1.68732e+06 253597 46012 207585 43349 975686 913044 271894 356161 80340 69735
internal_count=3027339 2663002 364337 1687316 253597 46012 207585 43349 975686 913044 271894 356161 80340 69735
is_linear=0
shrinkage=0.02


Tree=121
num_leaves=15
num_cat=0
split_feature=27 27 20 9 9 27 27 0 20 20 4 9 9 9
split_gain=3.46567e+06 1.58101e+06 1.29386e+06 1.42936e+06 1.26346e+06 1.24239e+06 1.09981e+06 1.00461e+06 899960 894159 1.16733e+06 1.05616e+06 978507 882104
threshold=9.3120117187500018 -10.266113281249998 11202.923339843752 -0.66045743227004994 -0.7183113396167754 -40.215820312499993 24.475585937500004 3994.5000000000005 12846.489746093752 11086.708496093752 -212.43000030517575 0.2631117850542069 0.70082291960716259 0.61704772710800182
decision_type=2 2 2 2 2 2 2 2 2 2 2 2 2 2
left_child=1 2 5 -4 -2 -1 -6 -7 -5 10 11 -9 -13 -12
right_child=4 -3 3 8 6 7 -8 9 -10 -11 13 12 -14 -15
leaf_value=-0.24409813941776229 0.17189468600900135 -0.0017760012395105235 0.17075954987031938 -0.028811972681360543 0.017237454680045616 -0.09368632855454935 0.077929118634827627 0.43832635734501707 0.26985273814365529 -0.18511177812193336 0.024453963096519787 -0.33898514693259102 0.62516347142447415 0.2328581265361537
leaf_weight=16747 29589 1925215 15694 304114 354995 139479 179982 937 4080 8380 30275 6315 442 11095
leaf_count=16747 29589 1925215 15694 304114 354995 139479 179982 937 4080 8380 30275 6315 442 11095
internal_value=2.00032e-06 -0.0102436 -0.0405691 -0.0153662 0.0446954 -0.07877 0.037657 -0.0646981 -0.0248494 0.00569147 0.0383116 -0.187743 -0.275083 0.080389
internal_weight=3.02734e+06 2.46277e+06 537558 323888 564566 213670 534977 196923 308194 57444 49064 7694 6757 41370
internal_count=3027339 2462773 537558 323888 564566 213670 534977 196923 308194 57444 49064 7694 6757 41370
is_linear=0
shrinkage=0.02


Tree=122
num_leaves=15
num_cat=0
split_feature=27 7 24 27 23 7 7 9 19 26 9 9 7 27
split_gain=3.35383e+06 1.9096e+06 2.06572e+06 1.17459e+06 1.76509e+06 4.58739e+06 2.53309e+06 2.15691e+06 1.47171e+06 1.39212e+06 1.27741e+06 1.21172e+06 1.14577e+06 1.13891e+06
threshold=1.1801757812500002 11179.634765625002 11173.964843750002 -18.101074218749996 12254.214843750002 12233.516601562502 12238.857910156252 -0.59636875987052906 11198.092285156252 11032.155761718752 -0.54542985558509816 0.69065549969673168 11057.007324218752 -35.670898437499993
decision_type=2 2 2 2 2 2 2 2 2 2 2 2 2 2
left_child=3 -2 -3 4 6 -6 8 -8 9 11 -7 12 13 -1
right_child=1 2 -4 -5 5 10 7 -9 -10 -11 -12 -13 -14 -15
leaf_value=-0.27964311291522431 0.069763099354480801 -0.11336019802125252 0.020270729734940734 -0.00886134493390482 0.64024350077227288 0.13545225954951332 -1.0366330643954462 -0.25056707652841215 -0.01622254728915069 -0.27284850747756906 -0.086340893795860726 0.14545486274427599 0.30183712950977876 -0.084019368338373854
leaf_weight=14778 320007 49698 669392 1698066 4839 16155 1754 6753 125807 18921 29050 8345 2629 61145
leaf_count=14778 320007 49698 669392 1698066 4839 16155 1754 6753 125807 18921 29050 8345 2629 61145
internal_value=2.03564e-06 0.0291209 0.0110337 -0.0152162 -0.0524019 0.0556411 -0.0749197 -0.41367 -0.0624609 -0.117427 -0.00706537 -0.0835574 -0.107902 -0.122129
internal_weight=3.02734e+06 1.0391e+06 719090 1.98824e+06 290176 50044 240132 8507 231625 105818 45205 86897 78552 75923
internal_count=3027339 1039097 719090 1988242 290176 50044 240132 8507 231625 105818 45205 86897 78552 75923
is_linear=0
shrinkage=0.02


Tree=123
num_leaves=15
num_cat=0
split_feature=4 9 24 19 19 4 20 4 20 8 24 4 9 23
split_gain=1.256e+06 1.04867e+06 1.20666e+06 1.36929e+06 1.20344e+06 1.17372e+06 1.08529e+06 3.21601e+06 1.44651e+06 2.84633e+06 2.1434e+06 2.01738e+06 1.40962e+06 1.23624e+06
threshold=284.38999938964849 0.55122801661491405 12725.326171875002 12208.879882812502 12772.923339843752 -184.26999664306638 12183.192871093752 -174.19499969482419 12396.565429687502 0.89789968729019176 12270.561035156252 124.47500228881837 0.060343615710735328 12244.654785156252
decision_type=2 2 2 2 2 2 2 2 2 2 2 2 2 2
left_child=1 6 3 5 -4 -3 -1 -8 9 12 11 -11 13 -9
right_child=-2 2 4 -5 -6 -7 7 8 -10 10 -12 -13 -14 -15
leaf_value=-0.0011171609718101856 0.21152783864817543 -0.11670647234397973 0.22503367845820113 -0.10617039624850609 -0.13141076894705883 -0.0089216238859069954 0.4895314899085913 -0.080975549233714209 0.00046081858460437537 0.075841624384252418 0.50442998476953504 0.38759123029457571 0.17478955332892496 0.069713304805567616
leaf_weight=1825858 11177 43406 14590 76173 5109 584088 6083 52777 295117 39937 7429 10475 18059 37061
leaf_count=1825858 11177 43406 14590 76173 5109 584088 6083 52777 295117 39937 7429 10475 18059 37061
internal_value=1.93924e-06 -0.000782605 -0.021778 -0.0261007 0.132568 -0.0163793 0.00584138 0.0330507 0.0270149 0.0742948 0.187482 0.140684 0.0136058 -0.0188106
internal_weight=3.02734e+06 3.01616e+06 723366 703667 19699 627494 2.2928e+06 466938 460855 165738 57841 50412 107897 89838
internal_count=3027339 3016162 723366 703667 19699 627494 2292796 466938 460855 165738 57841 50412 107897 89838
is_linear=0
shrinkage=0.02


Tree=124
num_leaves=15
num_cat=0
split_feature=27 27 5 8 7 19 21 7 27 19 24 7 19 7
split_gain=3.26572e+06 1.70241e+06 1.14972e+06 978359 1.07194e+06 3.37736e+06 1.27483e+06 1.38499e+06 915828 886386 883702 1.18592e+06 2.64152e+06 4.57295e+06
threshold=15.393066406250002 -1.8383789062499998 0.077500000596046462 -0.844174563884735 11013.437500000002 11003.285156250002 12228.966308593752 12200.578613281252 5.7749023437500009 12951.521484375002 12748.286621093752 12549.705566406252 12292.824218750002 12238.857910156252
decision_type=2 2 2 2 2 2 2 2 2 2 2 2 2 2
left_child=1 10 9 4 5 -3 7 -6 -8 -2 11 12 13 -1
right_child=2 3 -4 -5 6 -7 8 -9 -10 -11 -12 -13 -14 -15
leaf_value=-0.027711847350484674 0.048917750414068241 0.083938489592010571 0.29051258820500442 -0.001926567812219416 0.0071275002995924586 0.79371786330222083 0.08789802948520023 -0.30731068919811588 0.39917164330698951 0.58785529251098634 0.068102666928205977 -0.11341008255205955 0.12628042822078683 -0.37645748238668381
leaf_weight=813705 354946 42835 8176 1433719 158897 2851 39038 5798 4178 1215 36301 67190 43177 15313
leaf_count=813705 354946 42835 8176 1433719 158897 2851 39038 5798 4178 1215 36301 67190 43177 15313
internal_value=2.01256e-06 -0.00768147 0.0561606 0.00447854 0.0406888 0.128396 0.0214107 -0.00395999 0.118077 0.0507728 -0.0287104 -0.0324523 -0.0262144 -0.0341581
internal_weight=3.02734e+06 2.663e+06 364337 1.68732e+06 253597 45686 207911 164695 43216 356161 975686 939385 872195 829018
internal_count=3027339 2663002 364337 1687316 253597 45686 207911 164695 43216 356161 975686 939385 872195 829018
is_linear=0
shrinkage=0.02


Tree=125
num_leaves=15
num_cat=0
split_feature=27 27 9 5 0 7 9 9 7 19 19 8 26 20
split_gain=3.13644e+06 1.6383e+06 1.1154e+06 1.108e+06 1.08871e+06 1.0771e+06 1.35037e+06 1.31395e+06 1.05173e+06 913432 893808 1.69053e+06 857477 1.83865e+06
threshold=15.393066406250002 -7.3422851562499991 0.73766976594924938 0.082499999552965178 5556.5000000000009 12189.963378906252 0.07535238936543466 0.44621255993843084 12223.541503906252 12772.923339843752 13462.845214843752 0.82309290766716015 12055.717285156252 12101.213867187502
decision_type=2 2 2 2 2 2 2 2 2 2 2 2 2 2
left_child=1 2 4 12 9 6 -6 -8 -7 -1 -3 -12 -2 -14
right_child=3 10 -4 -5 5 8 7 -9 -10 -11 11 -13 13 -15
leaf_value=-0.048332056656198281 0.06993184429194374 0.0023905186670302946 0.27744473547628162 0.32771868743107851 0.15328901022539193 0.62781968620811446 -0.25515468361184634 0.053031206002281478 0.094350663937501661 0.10045145567958585 -0.073600456681554779 -0.78657501646160854 -0.19357728340429833 0.038578363778616974
leaf_weight=590358 257599 1995763 4531 5855 16923 2408 9914 12502 3815 16971 8240 1577 16259 84624
leaf_count=590358 257599 1995763 4531 5855 16923 2408 9914 12502 3815 16971 8240 1577 16259 84624
internal_value=2.08296e-06 -0.00752778 -0.0349268 0.0550379 -0.0370989 0.0571845 0.0184761 -0.0833233 0.301457 -0.0441729 0.00145363 -0.188818 0.0505752 0.00114688
internal_weight=3.02734e+06 2.663e+06 657422 364337 652891 45562 39339 22416 6223 607329 2.00558e+06 9817 358482 100883
internal_count=3027339 2663002 657422 364337 652891 45562 39339 22416 6223 607329 2005580 9817 358482 100883
is_linear=0
shrinkage=0.02


Tree=126
num_leaves=15
num_cat=0
split_feature=4 9 7 20 7 23 19 20 7 7 20 9 7 20
split_gain=1.19794e+06 976027 1.9768e+06 1.56198e+06 3.99511e+06 1.16837e+06 1.11819e+06 1.03832e+06 4.11262e+06 2.84247e+06 3.20613e+06 1.82543e+06 1.43355e+06 1.28458e+06
threshold=284.38999938964849 0.55122801661491405 10974.288085937502 10986.533691406252 11013.437500000002 12738.863281250002 12772.923339843752 12183.192871093752 12200.578613281252 12043.893554687502 12040.458496093752 0.28987027704715734 12033.012207031252 12209.516601562502
decision_type=2 2 2 2 2 2 2 2 2 2 2 2 2 2
left_child=1 7 -3 4 -4 -5 -7 9 11 10 -1 -9 -12 -10
right_child=-2 2 3 5 -6 6 -8 8 13 -11 12 -13 -14 -15
leaf_value=0.0034195786896035942 0.20658120112528267 0.036525185290007041 0.011332932094165447 -0.037816708439303792 -0.46662719995558755 0.21836333624580601 -0.12818609908745388 0.14732853698908088 -0.20440442270476752 -0.07136077600733709 0.30995182866461352 0.47824837584954583 0.05890295667208225 0.016173505938832468
leaf_weight=1584374 11177 179520 17219 496174 11771 13556 5126 48148 10837 204925 19497 7734 17062 400219
leaf_count=1584374 11177 179520 17219 496174 11771 13556 5126 48148 10837 204925 19497 7734 17062 400219
internal_value=2.06755e-06 -0.000764129 -0.0210192 -0.0400146 -0.18283 -0.0319697 0.123258 0.0056263 0.0322403 -0.00117999 0.00769292 0.193205 0.192837 0.0103534
internal_weight=3.02734e+06 3.01616e+06 723366 543846 28990 514856 18682 2.2928e+06 466938 1.82586e+06 1.62093e+06 55882 36559 411056
internal_count=3027339 3016162 723366 543846 28990 514856 18682 2292796 466938 1825858 1620933 55882 36559 411056
is_linear=0
shrinkage=0.02


Tree=127
num_leaves=15
num_cat=0
split_feature=4 17 4 22 22 5 5 23 24 22 23 4 4 4
split_gain=1.15054e+06 1.12218e+06 832676 2.36274e+06 674926 626194 488841 471385 428479 658686 495757 540807 425588 510967
threshold=284.38999938964849 0.15326625853776935 -249.45500183105466 12254.410156250002 11023.841308593752 -0.027499999850988385 0.077500000596046462 10813.927246093752 12737.893554687502 12754.311523437502 12534.007324218752 -82.094997406005845 79.58499908447267 166.83499908447268
decision_type=2 2 2 2 2 2 2 2 2 2 2 2 2 2
left_child=1 -1 3 4 -3 8 -7 -8 10 -10 -4 -12 -9 -14
right_child=-2 2 5 -5 -6 6 7 12 9 -11 11 -13 13 -15
leaf_value=0.081169358109440301 0.20245326983842557 -0.41955850123223692 -0.016257757876457182 0.61322784473004699 -0.12532635719064369 0.0022102706229444606 -0.078052120404163441 0.010014559000904526 0.26793291289075538 0.014023986313221371 -0.16327278445090637 -0.023081992707268087 0.18864190548725218 0.010711853532594027
leaf_weight=65429 11177 3769 664109 1619 17951 2134352 8224 18393 4965 22899 19737 24878 20390 9447
leaf_count=65429 11177 3769 664109 1619 17951 2134352 8224 18393 4965 22899 19737 24878 20390 9447
internal_value=2.06485e-06 -0.000748821 -0.00256554 -0.121528 -0.176554 -0.00161668 0.0037469 0.0618311 -0.0175692 0.0593478 -0.0205941 -0.0851234 0.0856952 0.132329
internal_weight=3.02734e+06 3.01616e+06 2.95073e+06 23339 21720 2.92739e+06 2.19081e+06 56454 736588 27864 708724 44615 48230 29837
internal_count=3027339 3016162 2950733 23339 21720 2927394 2190806 56454 736588 27864 708724 44615 48230 29837
is_linear=0
shrinkage=0.02


Tree=128
num_leaves=15
num_cat=0
split_feature=4 9 26 4 22 22 26 20 20 4 20 26 26 24
split_gain=1.10502e+06 920656 1.37089e+06 1.42753e+06 1.78202e+06 1.32015e+06 1.4924e+06 1.29021e+06 1.62948e+06 2.0271e+06 991982 3.72023e+06 2.58928e+06 2.69486e+06
threshold=284.38999938964849 0.55122801661491405 10950.395019531252 -125.01499938964842 10987.205078125002 10913.482910156252 10761.401855468752 10784.929199218752 10693.399414062502 -46.995000839233391 12183.192871093752 12181.866210937502 12041.876464843752 12037.662109375002
decision_type=2 2 2 2 2 2 2 2 2 2 2 2 2 2
left_child=1 10 5 4 -4 6 7 8 -3 -10 12 -12 13 -1
right_child=-2 2 3 -5 -6 -7 -8 -9 9 -11 11 -13 -14 -15
leaf_value=0.0032009158073187474 0.19840782382097474 -0.11074120290937817 -0.37632963443388229 -0.015978454743837446 -0.071252217133119716 0.11927174903335522 -0.088191502397433952 -0.49072934838480836 0.38928459891671835 -0.046533789283869122 0.24833197334905804 0.016789297803593832 -0.066861949863041156 0.16443899873986323
leaf_weight=1571114 11177 7830 8130 464188 129755 50329 43183 1396 11906 6649 29628 437310 212167 42577
leaf_count=1571114 11177 7830 8130 464188 129755 50329 43183 1396 11906 6649 29628 437310 212167 42577
internal_value=2.06114e-06 -0.00073382 -0.020406 -0.0327639 -0.0892664 0.0409337 -0.0146339 0.0996945 0.131108 0.233171 0.0054727 0.0314861 -0.00118 0.00745616
internal_weight=3.02734e+06 3.01616e+06 723366 602073 137885 121293 70964 27781 26385 18555 2.2928e+06 466938 1.82586e+06 1.61369e+06
internal_count=3027339 3016162 723366 602073 137885 121293 70964 27781 26385 18555 2292796 466938 1825858 1613691
is_linear=0
shrinkage=0.02


Tree=129
num_leaves=15
num_cat=0
split_feature=27 7 24 7 7 24 19 4 27 24 19 9 7 24
split_gain=3.02172e+06 1.91295e+06 1.40106e+06 1.57294e+06 1.40229e+06 1.98386e+06 1.31452e+06 1.22328e+06 1.11437e+06 1.66614e+06 1.21457e+06 1.1042e+06 1.22726e+06 4.03958e+06
threshold=1.4497070312500002 10942.550292968752 10947.982421875002 10978.788574218752 11179.634765625002 11173.964843750002 10922.094238281252 206.77500152587893 -18.101074218749996 11196.431152343752 11098.546875000002 -0.65761160850524891 12233.516601562502 12249.941894531252
decision_type=2 2 2 2 2 2 2 2 2 2 2 2 2 2
left_child=8 6 3 -3 7 -6 -2 -4 9 10 -1 -11 13 -13
right_child=1 2 4 -5 5 -7 -8 -9 -10 11 -12 12 -14 -15
leaf_value=-0.082970822104472403 0.066344094089535316 -0.057274004141579397 0.069915969115159099 -0.46695264053066271 -0.11268559279358241 0.01949657271550357 0.22027122537428587 0.38881680544630487 -0.007999108216348437 0.2028907464743514 -0.26324567526724668 -0.015999254532303501 -0.10935084011594731 0.54283664984553437
leaf_weight=87003 127135 23673 121842 4445 48842 646070 26880 5000 1733276 8907 18046 121058 49767 5395
leaf_count=87003 127135 23673 121842 4445 48842 646070 26880 5000 1733276 8907 18046 121058 49767 5395
internal_value=2.01128e-06 0.02837 0.0166165 -0.122181 0.0213672 0.0102046 0.0932214 0.0825166 -0.0140721 -0.0503459 -0.113962 -0.0142431 -0.0252291 0.00788384
internal_weight=3.02734e+06 1.00389e+06 849872 28118 821754 694912 154015 126842 2.02345e+06 290176 105049 185127 176220 126453
internal_count=3027339 1003887 849872 28118 821754 694912 154015 126842 2023452 290176 105049 185127 176220 126453
is_linear=0
shrinkage=0.02


Tree=130
num_leaves=15
num_cat=0
split_feature=17 5 7 19 7 24 7 20 26 26 7 7 24 7
split_gain=1.03814e+06 844637 715586 5.25412e+06 1.38688e+06 3.28747e+06 1.43813e+06 2.3286e+06 3.29324e+06 2.03142e+06 1.09499e+06 1.06742e+06 1.73668e+06 1.0532e+06
threshold=0.15326625853776935 0.077500000596046462 11203.090820312502 11204.585449218752 11057.007324218752 11216.794921875002 10971.728027343752 10970.681640625002 11018.114746093752 10971.138183593752 11219.278320312502 11171.963378906252 11171.992187500002 12753.250976562502
decision_type=2 2 2 2 2 2 2 2 2 2 2 2 2 2
left_child=-1 2 4 10 6 11 -2 8 -8 -9 -4 12 -6 -12
right_child=1 -3 3 -5 5 -7 7 9 -10 -11 13 -13 -14 -15
leaf_value=0.078604930660592237 0.01055750444084776 0.071854132237437293 -0.10255801162075492 -0.0023471751787018124 0.042342845062033868 0.29601170919333497 -0.092910402366700742 -0.25086486285193965 -0.51922232856405148 0.0087098498703815294 -0.25422122789225232 0.0076995722983277956 0.28382085007761393 0.55305604814760612
leaf_weight=65741 611637 61078 76035 1662460 51152 19526 37708 13183 8965 140379 33614 229689 15522 650
leaf_count=65741 611637 61078 76035 1662460 51152 19526 37708 13183 8965 140379 33614 229689 15522 650
internal_value=1.99679e-06 -0.00174307 -0.0032931 -0.0112164 0.00916172 0.0447174 -0.0046729 -0.0511939 -0.174891 -0.0135889 -0.144883 0.0281513 0.0985944 -0.238749
internal_weight=3.02734e+06 2.9616e+06 2.90052e+06 1.77276e+06 1.12776e+06 315889 811872 200235 46673 153562 110299 296363 66674 34264
internal_count=3027339 2961598 2900520 1772759 1127761 315889 811872 200235 46673 153562 110299 296363 66674 34264
is_linear=0
shrinkage=0.02


Tree=131
num_leaves=15
num_cat=0
split_feature=4 9 9 26 24 23 4 26 20 23 20 26 21 25
split_gain=1.05092e+06 835285 1.23963e+06 1.16011e+06 3.51224e+06 853384 1.89775e+06 841558 7.57553e+06 1.66414e+06 933376 1.04606e+06 3.97256e+06 852645
threshold=284.38999938964849 -0.24782751500606534 -0.47990448772907252 12281.559082031252 12270.561035156252 12219.798828125002 43.57500076293946 11372.095214843752 11393.706542968752 11383.837402343752 10853.830566406252 10904.974121093752 10941.636230468752 0.09715405106544496
decision_type=2 2 2 2 2 2 2 2 2 2 2 2 2 2
left_child=1 2 -1 4 5 7 -7 8 10 -9 -4 12 -12 -11
right_child=-2 -3 3 -5 -6 6 -8 9 -10 13 11 -13 -14 -15
leaf_value=-0.00062374076197541128 0.19348957951219725 -0.010569339369365596 -0.093699880471155295 -0.016126011607544958 0.49212283261332512 -0.024753808992715797 0.54508617655670266 -0.18631146225531164 0.83958160170935148 0.043282061476317975 0.075165106124803871 0.0060293266308486847 0.86096456826181056 -0.54895479089155763
leaf_weight=1041099 11177 1607324 14989 99765 7434 5057 4336 14065 5177 170531 16171 26195 3051 968
leaf_count=1041099 11177 1607324 14989 99765 7434 5057 4336 14065 5177 170531 16171 26195 3051 968
internal_value=1.96579e-06 -0.000715674 0.0105262 0.0420919 0.0637659 0.0515251 0.238594 0.0445193 0.106097 0.0227516 0.0431057 0.0882668 0.200274 0.0399073
internal_weight=3.02734e+06 3.01616e+06 1.40884e+06 367739 267974 260540 9393 251147 65583 185564 60406 45417 19222 171499
internal_count=3027339 3016162 1408838 367739 267974 260540 9393 251147 65583 185564 60406 45417 19222 171499
is_linear=0
shrinkage=0.02


Tree=132
num_leaves=15
num_cat=0
split_feature=27 27 4 26 27 9 19 9 26 27 19 9 4 26
split_gain=2.93006e+06 1.53078e+06 978988 1.16363e+06 1.27959e+06 1.25731e+06 1.23437e+06 1.0597e+06 1.93508e+06 1.46667e+06 855745 841545 857087 1.18644e+06
threshold=15.393066406250002 -1.7182617187499998 95.104999542236342 12060.803222656252 50.212890625000007 -0.10297428816556929 12180.612792968752 0.085330490022897734 10765.807617187502 50.212890625000007 12708.687011718752 -0.70835387706756581 253.78499603271487 11032.155761718752
decision_type=2 2 2 2 2 2 2 2 2 2 2 2 2 2
left_child=1 -1 7 4 11 -5 -7 9 -9 -2 -10 -4 -13 -14
right_child=2 -3 3 5 -6 6 -8 8 10 -11 -12 12 13 -15
leaf_value=-0.027023154574450623 0.11496869758975113 0.0043678088023330957 0.19182809354957273 -0.11153349642842023 0.28694248319117943 -0.055702160638033307 0.43781893806743705 0.49366124437875974 0.01172058986308447 0.52796763340498554 0.53286931892329348 0.023267374099653144 0.5112488116114593 -0.60635882771128324
leaf_weight=987766 94851 1675236 11956 39904 8541 4637 3589 3557 91181 3560 1268 99038 474 1781
leaf_count=987766 94851 1675236 11956 39904 8541 4637 3589 3557 91181 3560 1268 99038 474 1781
internal_value=2.07011e-06 -0.00727584 0.0531964 0.0181265 0.0510274 -0.0651202 0.159889 0.0838447 0.0365642 0.129961 0.0189256 0.0332113 0.0144719 -0.370209
internal_weight=3.02734e+06 2.663e+06 364337 169920 121790 48130 8226 194417 96006 98411 92449 113249 101293 2255
internal_count=3027339 2663002 364337 169920 121790 48130 8226 194417 96006 98411 92449 113249 101293 2255
is_linear=0
shrinkage=0.02


Tree=133
num_leaves=15
num_cat=0
split_feature=27 27 0 9 20 22 24 20 9 5 0 27 4 27
split_gain=2.83925e+06 1.75066e+06 934418 888514 831257 918178 801391 1.30868e+06 914982 805145 903590 784994 656630 896568
threshold=24.475585937500004 -1.7182617187499998 6122.5000000000009 -0.84190595149993885 10947.686035156252 10947.228515625002 12748.286621093752 12820.129882812502 0.72443613409996044 -0.032499999739229672 5326.5000000000009 -27.635253906249996 213.45500183105472 20.285644531250004
decision_type=2 2 2 2 2 2 2 2 2 2 2 2 2 2
left_child=1 6 12 -2 -4 -6 7 9 -8 11 -11 -1 -3 -14
right_child=3 2 4 -5 5 -7 8 -9 -10 10 -12 -13 13 -15
leaf_value=-0.1280690599618825 0.49292365199043636 0.007155043650174873 0.022139449322498572 0.070746530278018582 -1.0659626223634944 -0.15958430847864111 0.043904838522690809 -0.3385932418790179 0.53185307756585265 -0.02333795097638126 0.060331166442156567 -0.040973946538021055 0.16624463908622489 -0.2914283472317607
leaf_weight=50458 2006 1798198 13642 185964 448 19448 34991 5456 1598 608495 56407 230361 17984 1883
leaf_count=50458 2006 1798198 13642 185964 448 19448 34991 5456 1598 608495 56407 230361 17984 1883
internal_value=2.18381e-06 -0.00498142 0.00648884 0.0752781 -0.0981029 -0.18052 -0.0264827 -0.0300161 0.0653557 -0.0282323 -0.016239 -0.0566274 0.00841879 0.12274
internal_weight=3.02734e+06 2.83937e+06 1.8516e+06 187970 33538 19896 987766 951177 36589 945721 664902 280819 1.81806e+06 19867
internal_count=3027339 2839369 1851603 187970 33538 19896 987766 951177 36589 945721 664902 280819 1818065 19867
is_linear=0
shrinkage=0.02


Tree=134
num_leaves=15
num_cat=0
split_feature=27 27 21 26 7 27 7 19 4 7 27 7 19 7
split_gain=2.75069e+06 1.25375e+06 1.10239e+06 1.18415e+06 2.96398e+06 1.08506e+06 1.07596e+06 1.38452e+06 1.82502e+06 1.14727e+06 922431 1.51976e+06 1.66539e+06 1.69088e+06
threshold=9.3120117187500018 -10.266113281249998 11202.996582031252 11190.961425781252 11149.020507812502 -40.215820312499993 11187.670410156252 11355.990234375002 112.28499984741212 11346.758300781252 39.303222656250007 11880.941894531252 12180.612792968752 12516.019531250002
decision_type=2 2 2 2 2 2 2 2 2 2 2 2 2 2
left_child=1 2 5 4 -4 -1 -2 -8 9 -9 -10 -12 -13 -14
right_child=6 -3 3 -5 -6 -7 7 8 10 -11 11 12 13 -15
leaf_value=-0.2258427265296005 0.078084068804608858 -0.0015851897037501628 -0.1788003628266279 -0.02241460268907523 0.33432371568124025 -0.058204157834671783 -0.048898232763511996 0.37053894409272686 -0.078002911678077477 0.067299053609231094 0.36254103992855075 -0.16101463675217062 0.4289424462153994 -0.17641497040155865
leaf_weight=16747 193292 1925215 7244 304262 11868 197437 88967 5115 60306 191255 5412 12241 5094 2884
leaf_count=16747 193292 1925215 7244 304262 11868 197437 88967 5115 60306 191255 5412 12241 5094 2884
internal_value=2.09708e-06 -0.00912571 -0.0361308 -0.0128208 0.139842 -0.0713218 0.0398193 0.0198963 0.0415775 0.0752163 -0.0352885 0.0652028 -0.0145243 0.21016
internal_weight=3.02734e+06 2.46277e+06 537558 323374 19112 214184 564566 371274 282307 196370 85937 25631 20219 7978
internal_count=3027339 2462773 537558 323374 19112 214184 564566 371274 282307 196370 85937 25631 20219 7978
is_linear=0
shrinkage=0.02


Tree=135
num_leaves=15
num_cat=0
split_feature=27 27 0 19 9 4 0 19 21 17 4 0 9 20
split_gain=2.65044e+06 1.62769e+06 896902 870184 855895 837715 912159 804198 884992 801284 807198 753550 1.5552e+06 646304
threshold=24.475585937500004 -1.7182617187499998 6122.5000000000009 13462.845214843752 -0.84190595149993885 14.315000057220461 2532.5000000000005 10954.149902343752 10952.320800781252 0.24203566461801532 -97.694999694824205 5326.5000000000009 0.22540952265262607 12183.192871093752
decision_type=2 2 2 2 2 2 2 2 2 2 2 2 2 2
left_child=1 9 3 13 -2 -5 -7 -4 -9 -1 -11 -12 -13 -3
right_child=4 2 7 5 -6 6 -8 8 -10 10 11 12 -14 -15
leaf_value=0.036095307083497022 0.48263862105589062 0.00346643602421587 0.021957866367593112 -0.057005474222274401 0.068284478426438117 0.049463871924453451 -0.71341308482528643 -1.0466363981821651 -0.15678162238947363 -0.06228528217670079 -0.024032705009733188 0.11199519060557087 -0.60439960704993001 0.034385039508676378
leaf_weight=77710 2006 1477896 13654 6313 185964 921 1945 448 19436 239957 641291 27550 1258 330990
leaf_count=77710 2006 1477896 13654 6313 185964 921 1945 448 19436 239957 641291 27550 1258 330990
internal_value=2.1001e-06 -0.00481295 0.00624713 0.00813795 0.072732 -0.185996 -0.468933 -0.0962234 -0.177348 -0.0255453 -0.0308092 -0.0195371 0.0805118 0.00912409
internal_weight=3.02734e+06 2.83937e+06 1.8516e+06 1.81806e+06 187970 9179 2866 33538 19884 987766 910056 670099 28808 1.80889e+06
internal_count=3027339 2839369 1851603 1818065 187970 9179 2866 33538 19884 987766 910056 670099 28808 1808886
is_linear=0
shrinkage=0.02


Tree=136
num_leaves=15
num_cat=0
split_feature=27 7 22 7 7 23 27 22 26 7 23 19 26 26
split_gain=2.56878e+06 1.93449e+06 1.93235e+06 1.42348e+06 1.29018e+06 1.70571e+06 1.07814e+06 1.50315e+06 3.8989e+06 2.3096e+06 1.50681e+06 1.30379e+06 1.2907e+06 1.18404e+06
threshold=5.5229492187500009 10942.550292968752 10943.551269531252 10976.409667968752 11187.670410156252 11164.505859375002 -18.101074218749996 12254.410156250002 12272.811523437502 12238.857910156252 12207.232421875002 11196.504882812502 11032.155761718752 10929.706054687502
decision_type=2 2 2 2 2 2 2 2 2 2 2 2 2 2
left_child=6 -2 3 -3 -4 -6 7 9 -9 11 -11 12 13 -1
right_child=1 2 4 -5 5 -7 -8 8 -10 10 -12 -13 -14 -15
leaf_value=-0.13511890417143865 0.10771734641568599 -0.099165532070765366 0.085505932743866156 -0.55602027501511597 -0.13704539704488927 0.01983296941773225 -0.0051719762999839058 0.43703708845788397 -0.027988458848765788 -1.1882515981026458 -0.30068559503429554 -0.011946312583570037 -0.25999487805261084 0.015719898461786987
leaf_weight=52294 115668 12914 112334 3451 29508 455888 2007400 8733 41175 841 7764 126523 18272 34574
leaf_count=52294 115668 12914 112334 3451 29508 455888 2007400 8733 41175 841 7764 126523 18272 34574
internal_value=1.93557e-06 0.0326911 0.018558 -0.195788 0.0244297 0.0102934 -0.010381 -0.0464148 0.0534535 -0.0671606 -0.388712 -0.0552004 -0.107245 -0.075089
internal_weight=3.02734e+06 729763 614095 16365 597730 485396 2.29758e+06 290176 49908 240268 8605 231663 105140 86868
internal_count=3027339 729763 614095 16365 597730 485396 2297576 290176 49908 240268 8605 231663 105140 86868
is_linear=0
shrinkage=0.02


Tree=137
num_leaves=15
num_cat=0
split_feature=4 17 9 7 0 21 24 7 7 7 7 4 19 4
split_gain=997311 988855 776014 1.69494e+06 1.30293e+06 1.78394e+06 1.2689e+06 860534 821123 3.12453e+06 1.74702e+06 1.56866e+06 811963 807940
threshold=284.38999938964849 0.15326625853776935 0.56217131018638622 10974.288085937502 4637.5000000000009 10994.409179687502 12725.326171875002 12539.944824218752 10765.747070312502 10857.246582031252 10699.223144531252 -88.31499862670897 12790.271972656252 -58.934999465942376
decision_type=2 2 2 2 2 2 2 2 2 2 2 2 2 2
left_child=1 -1 -3 8 6 -6 7 -5 10 -10 -4 -12 -8 -9
right_child=-2 2 3 4 5 -7 12 13 9 -11 11 -13 -14 -15
leaf_value=0.07620062610627798 0.18849010982256889 0.0033174778633207709 -0.10900553905798135 -0.023830721866617652 -0.48609540629425307 -0.091885849933349417 0.20969489309637182 -0.21529333243351625 -0.17689592323070727 0.059370000177982496 0.5624303837454846 0.13225442399614801 -0.1362768820272246 -0.043576350634309126
leaf_weight=65429 11177 2250676 7574 397762 4951 61872 13824 18981 27412 121988 4786 11605 3368 25934
leaf_count=65429 11177 2250676 7574 397762 4951 61872 13824 18981 27412 121988 4786 11605 3368 25934
internal_value=1.76031e-06 -0.000697337 -0.00240272 -0.0207929 -0.038647 -0.121162 -0.0266545 -0.0332027 0.0334479 0.0160107 0.1421 0.258129 0.141876 -0.116176
internal_weight=3.02734e+06 3.01616e+06 2.95073e+06 700057 526692 66823 459869 442677 173365 149400 23965 16391 17192 44915
internal_count=3027339 3016162 2950733 700057 526692 66823 459869 442677 173365 149400 23965 16391 17192 44915
is_linear=0
shrinkage=0.02


Tree=138
num_leaves=15
num_cat=0
split_feature=27 27 0 24 20 17 27 3 4 20 21 20 20 20
split_gain=2.48208e+06 1.51243e+06 854772 762274 1.04167e+06 763850 865960 774157 769177 743684 833015 695928 1.2525e+06 2.06433e+06
threshold=24.475585937500004 -1.7182617187499998 6122.5000000000009 12754.595703125002 12820.129882812502 0.21437171846628192 -24.625976562499996 4.409909963607789 -94.514999389648423 10947.686035156252 10945.590332031252 11199.758789062502 11759.047851562502 11594.234375000002
decision_type=2 2 2 2 2 2 2 2 2 2 2 2 2 2
left_child=1 3 -3 4 5 -1 7 11 -8 -4 -11 -7 13 -13
right_child=-2 2 9 -5 -6 6 8 -9 -10 10 -12 12 -14 -15
leaf_value=0.051187266442461035 0.070383700601229324 0.0078492661178953954 0.019701495701038671 0.071494342550203593 -0.29325761811529261 -0.1109737534322992 -0.058058380728744148 -0.11850882590461208 -0.010161915568398723 -1.0153671247990372 -0.15204523468301226 0.040340918813532821 -0.054904948675698791 0.58080411405874255
leaf_weight=48397 187970 1818065 13642 31915 5869 27250 175301 76731 570775 448 19448 13321 34628 3579
leaf_count=48397 187970 1818065 13642 31915 5869 27250 175301 76731 570775 448 19448 13321 34628 3579
internal_value=1.72145e-06 -0.00465788 0.0060034 -0.0246427 -0.0278534 -0.0262106 -0.0303659 -0.0732974 -0.0214165 -0.0940315 -0.171986 -0.029251 0.0139798 0.155075
internal_weight=3.02734e+06 2.83937e+06 1.8516e+06 987766 955851 949982 901585 155509 746076 33538 19896 78778 51528 16900
internal_count=3027339 2839369 1851603 987766 955851 949982 901585 155509 746076 33538 19896 78778 51528 16900
is_linear=0
shrinkage=0.02


Tree=139
num_leaves=15
num_cat=0
split_feature=4 17 4 19 7 19 7 24 7 8 21 26 7 26
split_gain=959734 936837 753997 2.11206e+06 727484 4.94794e+06 1.23041e+06 3.21801e+06 1.18193e+06 4.3222e+06 1.93928e+06 3.03077e+06 1.89744e+06 1.50616e+06
threshold=284.38999938964849 0.15326625853776935 -249.45500183105466 12246.272949218752 11203.090820312502 11204.585449218752 11057.007324218752 11216.794921875002 10971.728027343752 -0.844174563884735 10973.330566406252 11018.114746093752 11006.505859375002 10971.138183593752
decision_type=2 2 2 2 2 2 2 2 2 2 2 2 2 2
left_child=1 -1 3 -3 6 -6 8 -8 -4 12 11 -11 -10 -12
right_child=-2 2 4 -5 5 -7 7 -9 9 10 13 -13 -14 -15
leaf_value=0.07416387757494626 0.1849049856267434 -0.16757165512120797 0.011725528645104861 0.57913918707691281 -0.13777469692669192 -0.00077979402389962153 0.028018495018375517 0.29125006270818371 0.81875730768281729 -0.10285770987609613 -0.23647760883767655 -0.53065740968714781 0.19236097011014072 -0.009180409230815461
leaf_weight=65429 11177 21720 623288 1619 112551 1670952 299181 19797 2726 37598 12764 8033 6634 133870
leaf_count=65429 11177 21720 623288 1619 112551 1670952 299181 19797 2726 37598 12764 8033 6634 133870
internal_value=1.62247e-06 -0.000684179 -0.0023441 -0.115546 -0.00144118 -0.00942583 0.0110081 0.0443643 -0.00189051 -0.0439807 -0.0644194 -0.178269 0.375473 -0.0289808
internal_weight=3.02734e+06 3.01616e+06 2.95073e+06 23339 2.92739e+06 1.7835e+06 1.14389e+06 318978 824913 201625 192265 45631 9360 146634
internal_count=3027339 3016162 2950733 23339 2927394 1783503 1143891 318978 824913 201625 192265 45631 9360 146634
is_linear=0
shrinkage=0.02


Tree=140
num_leaves=15
num_cat=0
split_feature=27 27 5 9 19 26 27 7 8 22 26 9 22 7
split_gain=2.4018e+06 1.21919e+06 996110 877991 846559 908990 1.60269e+06 1.50918e+06 1.31425e+06 1.30812e+06 839898 888295 1.38075e+06 1.58133e+06
threshold=15.393066406250002 -9.2807617187499982 0.082499999552965178 0.73766976594924938 12951.521484375002 12055.717285156252 42.740234375000007 12113.329101562502 0.99803131818771373 12036.090820312502 10878.348144531252 -0.3541297167539596 10991.809082031252 11006.505859375002
decision_type=2 2 2 2 2 2 2 2 2 2 2 2 2 2
left_child=1 3 4 -1 5 6 9 -7 -8 10 -2 12 -12 -14
right_child=2 -3 -4 -5 -6 7 8 -9 -10 -11 11 -13 13 -15
leaf_value=-0.034432451311618227 0.13845225354298185 0.00049620818999208352 0.30670830061409277 0.27511652843990331 0.5688111232251537 -0.18452881249143399 0.15557735298185507 0.025374707140191362 0.62990034574957632 0.43796367547354648 -0.060185320041032768 -0.024132207039159442 0.42455546945216927 0.079609256642030266
leaf_weight=569076 28396 2090247 5855 3679 1215 16389 30557 83279 2522 3292 27254 89557 5742 70279
leaf_count=569076 28396 2090247 5855 3679 1215 16389 30557 83279 2522 3292 27254 89557 5742 70279
internal_value=1.65586e-06 -0.00658761 0.0481626 -0.0324393 0.0439314 0.0421304 0.0619733 -0.00915582 0.191921 0.0428201 0.0369206 0.0219627 0.0619335 0.105716
internal_weight=3.02734e+06 2.663e+06 364337 572755 358482 357267 257599 99668 33079 224520 221228 192832 103275 76021
internal_count=3027339 2663002 364337 572755 358482 357267 257599 99668 33079 224520 221228 192832 103275 76021
is_linear=0
shrinkage=0.02


Tree=141
num_leaves=15
num_cat=0
split_feature=27 26 22 0 26 5 27 26 27 26 8 27 22 26
split_gain=2.31895e+06 1.28683e+06 1.46982e+06 1.27557e+06 1.14428e+06 1.11192e+06 1.04516e+06 986123 923540 2.06184e+06 1.17845e+06 818043 1.41705e+06 3.70176e+06
threshold=1.1801757812500002 10878.348144531252 10823.387207031252 5835.5000000000009 10851.689941406252 0.077500000596046462 18.453125000000004 10706.806152343752 42.740234375000007 12060.803222656252 0.99803131818771373 -18.101074218749996 12254.410156250002 12272.811523437502
decision_type=2 2 2 2 2 2 2 2 2 2 2 2 2 2
left_child=11 2 6 5 -4 8 -2 -8 -3 10 -10 12 -1 -14
right_child=1 3 4 -5 -6 -7 7 -9 9 -11 -12 -13 13 -15
leaf_value=-0.063828362984867687 0.0044246852819914027 0.013168774994823513 0.45149456845679709 -0.10432827872767318 0.1422887178047047 0.17663932534346169 0.011756431169960667 0.28567219151178963 0.16683325052668327 -0.05439446125406814 0.61735207517000168 -0.0073491502421007496 0.42704106189666752 -0.026076163527249681
leaf_weight=240268 55846 835268 6700 33459 16767 18078 9184 12289 28358 20626 2522 1698066 8733 41175
leaf_count=240268 55846 835268 6700 33459 16767 18078 9184 12289 28358 20626 2522 1698066 8733 41175
internal_value=1.80444e-06 0.0242148 0.0921217 0.0169199 0.230725 0.0214044 0.0500298 0.168579 0.0182378 0.100423 0.203816 -0.0126525 -0.0436854 0.0532804
internal_weight=3.02734e+06 1.0391e+06 100786 938311 23467 904852 77319 21473 886774 51506 30880 1.98824e+06 290176 49908
internal_count=3027339 1039097 100786 938311 23467 904852 77319 21473 886774 51506 30880 1988242 290176 49908
is_linear=0
shrinkage=0.02


Tree=142
num_leaves=15
num_cat=0
split_feature=27 4 26 27 27 22 20 20 26 7 7 0 26 20
split_gain=2.24757e+06 1.11628e+06 1.50909e+06 1.32136e+06 1.04005e+06 1.02018e+06 1.68756e+06 1.01281e+06 1.22502e+06 2.74758e+06 988364 1.0959e+06 947606 910769
threshold=11.405761718750002 86.755001068115249 12055.717285156252 57.106445312500007 -10.266113281249998 12676.985351562502 12743.632324218752 11201.510742187502 11190.961425781252 11149.020507812502 11204.128417968752 4095.5000000000005 10765.807617187502 12196.410644531252
decision_type=2 2 2 2 2 2 2 2 2 2 2 2 2 2
left_child=4 5 3 -3 7 12 -7 10 9 -9 11 -1 -2 -4
right_child=1 2 13 -5 -6 6 -8 8 -10 -11 -12 -13 -14 -15
leaf_value=-0.079869185640866494 0.23667071045651608 0.03088145123280038 -0.15313174612372377 0.37653328476674303 -0.00094820890308921189 0.44810728339277106 0.058316181367709136 -0.16756740884095564 -0.0200838762531203 0.31876219630216712 -0.18685337845524008 0.029637243907604232 0.048013397170113138 -0.0067813131449025003
leaf_weight=137903 11172 164888 30195 4536 1997219 7282 11380 7309 305778 12723 24112 49733 224173 38936
leaf_count=137903 11172 164888 30195 4536 1997219 7282 11380 7309 305778 12723 24112 49733 224173 38936
internal_value=1.90368e-06 0.0390941 0.00802524 0.0401574 -0.00759468 0.0682715 0.210574 -0.0322882 -0.010156 0.141321 -0.06634 -0.0508443 0.0569789 -0.0707174
internal_weight=3.02734e+06 492562 238555 169424 2.53478e+06 254007 18662 537558 325810 20032 211748 187636 235345 69131
internal_count=3027339 492562 238555 169424 2534777 254007 18662 537558 325810 20032 211748 187636 235345 69131
is_linear=0
shrinkage=0.02


Tree=143
num_leaves=15
num_cat=0
split_feature=27 27 8 6 25 8 24 19 0 8 19 19 23 0
split_gain=2.19392e+06 1.31485e+06 1.07411e+06 937603 918563 888997 861321 1.24643e+06 858798 842173 841034 2.94894e+06 1.17092e+06 874654
threshold=24.475585937500004 -1.4956054687499998 0.99276980757713329 87.287963867187514 0.047159690409898765 -0.82622474431991566 11023.523437500002 10993.770019531252 4772.5000000000009 0.83815535902977001 11040.188476562502 11003.285156250002 12219.798828125002 1170.5000000000002
decision_type=2 2 2 2 2 2 2 2 2 2 2 2 2 2
left_child=1 -1 4 -4 6 10 7 -2 -6 -10 11 -3 -12 -14
right_child=2 5 3 -5 8 -7 -8 -9 9 -11 12 -13 13 -15
leaf_value=-0.022661671663917377 0.073467564060529136 0.075130935832834742 0.063728333131392076 0.3920587708279788 0.16843275779592787 -7.5478875236713791e-05 -0.018717822879379287 0.58140424079485642 -0.023668449133790421 0.22780105332970746 -0.0011843437493925307 0.73114529359320213 -0.0018600341035183762 0.17651482806303798
leaf_weight=1012403 22231 45981 6675 7267 40366 1555526 77424 2107 25152 6748 175263 2905 17386 29905
leaf_count=1012403 22231 45981 6675 7267 40366 1555526 77424 2107 25152 6748 175263 2905 17386 29905
internal_value=1.92721e-06 -0.00437886 0.0661725 0.235024 0.0526323 0.00575251 0.0139078 0.117662 0.107153 0.0295805 0.0391495 0.114256 0.0226472 0.11095
internal_weight=3.02734e+06 2.83937e+06 187970 13942 174028 1.82697e+06 101762 24338 72266 31900 271440 48886 222554 47291
internal_count=3027339 2839369 187970 13942 174028 1826966 101762 24338 72266 31900 271440 48886 222554 47291
is_linear=0
shrinkage=0.02


Tree=144
num_leaves=15
num_cat=0
split_feature=27 27 8 26 20 6 20 26 8 26 21 23 26 0
split_gain=2.10714e+06 1.26279e+06 1.03164e+06 930034 1.07608e+06 900523 898510 861534 853825 1.00704e+06 2.52028e+06 932941 1.3231e+06 840030
threshold=24.475585937500004 -1.4956054687499998 0.99276980757713329 12055.717285156252 12223.545898437502 87.287963867187514 11826.955566406252 12800.302734375002 -0.82622474431991566 10851.689941406252 10849.093750000002 12219.798828125002 12205.775878906252 1170.5000000000002
decision_type=2 2 2 2 2 2 2 2 2 2 2 2 2 2
left_child=1 -1 3 6 -5 -4 -2 -6 9 10 -3 12 -11 -13
right_child=2 8 5 4 7 -7 -8 -9 -10 11 -12 13 -14 -15
leaf_value=-0.022208442748007328 0.066024174965099935 0.06672772566321454 0.062455673061885743 -0.12704293216779969 0.11370304847983199 0.38422836943525585 0.28244120111486143 -0.19592491995126865 -7.3969332996220045e-05 0.017060438635397239 0.68672314237649557 -0.0018228540912388501 -0.36727124961932206 0.17298571171029067
leaf_weight=1012403 117781 13212 6675 21815 21943 7267 8200 4289 1555526 204037 3263 17386 3637 29905
leaf_count=1012403 117781 13212 6675 21815 21943 7267 8200 4289 1555526 204037 3263 17386 3637 29905
internal_value=2.04888e-06 -0.00429122 0.0648506 0.0515808 -0.0232821 0.23033 0.080132 0.0630219 0.00563757 0.0383672 0.189866 0.0285708 0.0103122 0.108732
internal_weight=3.02734e+06 2.83937e+06 187970 174028 48047 13942 125981 26232 1.82697e+06 271440 16475 254965 207674 47291
internal_count=3027339 2839369 187970 174028 48047 13942 125981 26232 1826966 271440 16475 254965 207674 47291
is_linear=0
shrinkage=0.02


Tree=145
num_leaves=15
num_cat=0
split_feature=27 9 27 24 26 9 8 26 22 24 8 22 22 9
split_gain=2.04601e+06 1.05579e+06 919111 1.38014e+06 1.18399e+06 1.14477e+06 1.10606e+06 1.09046e+06 1.07389e+06 1.04777e+06 1.02164e+06 1.0002e+06 3.37862e+06 1.96166e+06
threshold=9.3120117187500018 -0.7183113396167754 -18.101074218749996 11196.431152343752 11032.155761718752 0.69065549969673168 -0.95380857586860646 10985.780273437502 10950.734863281252 10873.781250000002 0.98362845182418834 11758.752929687502 11590.724609375002 0.51117742061615001
decision_type=2 2 2 2 2 2 2 2 2 2 2 2 2 2
left_child=2 -2 3 4 5 7 -5 8 10 -7 -1 12 -8 -13
right_child=1 -3 -4 6 -6 9 11 -9 -10 -11 -12 13 -14 -15
leaf_value=-0.063352167452627908 0.15061840682269304 0.027908511872922474 -0.0034048620632926275 -0.084164752730368414 -0.24592324710610508 -0.30698365158936197 0.026569652661179392 0.10204966237548374 -0.28153518407048467 0.26269957560367757 -0.48649959153321648 0.045126927785132304 0.51532796993123797 -0.16349118639414439
leaf_weight=52711 29589 534977 2172597 54453 18182 1587 37147 10075 13360 6758 2376 61340 6664 25523
leaf_count=52711 29589 534977 2172597 54453 18182 1587 37147 10075 13360 6758 2376 61340 6664 25523
internal_value=2.08338e-06 0.0343423 -0.00787018 -0.0413014 -0.0992005 -0.0684652 -0.00844327 -0.0921376 -0.120732 0.154121 -0.0816886 0.0231144 0.101015 -0.016183
internal_weight=3.02734e+06 564566 2.46277e+06 290176 105049 86867 185127 78522 68447 8345 55087 130674 43811 86863
internal_count=3027339 564566 2462773 290176 105049 86867 185127 78522 68447 8345 55087 130674 43811 86863
is_linear=0
shrinkage=0.02


Tree=146
num_leaves=15
num_cat=0
split_feature=27 27 8 6 8 5 8 19 19 23 4 0 19 19
split_gain=1.98176e+06 1.18037e+06 992138 864915 836779 1.03565e+06 824923 821096 2.88095e+06 1.08454e+06 1.23557e+06 773691 893811 779509
threshold=24.475585937500004 -1.7182617187499998 0.99276980757713329 87.287963867187514 0.7837890386581422 0.042500000447034843 -0.82622474431991566 11040.188476562502 11003.285156250002 12219.798828125002 -66.774997711181626 6122.5000000000009 10954.149902343752 13462.845214843752
decision_type=2 2 2 2 2 2 2 2 2 2 2 2 2 2
left_child=1 -1 4 -4 5 -2 7 8 -3 -9 -11 13 -13 -8
right_child=2 6 3 -5 -6 -7 11 9 -10 10 -12 12 -14 -15
leaf_value=-0.021816739378345204 0.056920368827467913 0.072378612706711629 0.06065109153092535 0.3759969579176925 -0.0060641968761655819 0.2248859654112744 0.002704678612377357 -0.0017721878439568416 0.71647951062880977 0.23021258761864996 0.023953211922132036 0.019007075165501135 -0.19972256843387137 -0.1820532397617744
leaf_weight=987766 90257 46873 6675 7267 66241 17530 1534140 179528 2943 19060 29733 13654 16493 9179
leaf_count=987766 90257 46873 6675 7267 66241 17530 1534140 179528 2943 19060 29733 13654 16493 9179
internal_value=2.00802e-06 -0.00416158 0.0628918 0.225172 0.0498786 0.0842561 0.0052569 0.0370076 0.110567 0.0209539 0.104555 -0.000355769 -0.100683 0.00160463
internal_weight=3.02734e+06 2.83937e+06 187970 13942 174028 107787 1.8516e+06 278137 49816 228321 48793 1.57347e+06 30147 1.54332e+06
internal_count=3027339 2839369 187970 13942 174028 107787 1851603 278137 49816 228321 48793 1573466 30147 1543319
is_linear=0
shrinkage=0.02


Tree=147
num_leaves=15
num_cat=0
split_feature=27 26 26 21 9 4 26 27 9 26 20 4 27 21
split_gain=1.92906e+06 1.18194e+06 2.73222e+06 2.6345e+06 1.4541e+06 980018 1.29779e+06 1.15992e+06 1.11178e+06 946087 954298 912909 884966 945303
threshold=1.0346679687500002 11021.704589843752 11006.353515625002 10973.330566406252 0.58100306987762462 116.86500167846681 12584.756835937502 13.124511718750002 -0.6304970085620879 10982.813476562502 10866.498046875002 78.444999694824233 28.865722656250004 10994.409179687502
decision_type=2 2 2 2 2 2 2 2 2 2 2 2 2 2
left_child=-1 2 9 -3 -4 7 -7 -5 11 12 -11 -9 -2 -14
right_child=1 3 4 5 -6 6 -8 8 -10 10 -12 -13 13 -15
leaf_value=-0.011739148304490719 0.043141385460148979 -0.55078158046770376 0.48444469430479181 0.0039041926745159933 0.030122301455340117 -0.014035582685289217 -0.23187611558925039 0.26572351905474556 0.040163951804755883 -0.33777417750853156 -0.015549416212141636 0.072540261910562509 0.12918331662049598 0.54954746560081147
leaf_weight=1964712 193322 3331 8907 388270 4122 182244 11628 17423 176083 4319 24397 22328 23911 2342
leaf_count=1964712 193322 3331 8907 388270 4122 182244 11628 17423 176083 4319 24397 22328 23911 2342
internal_value=2.05904e-06 0.0217105 0.0586458 0.00966471 0.340845 0.0120111 -0.0271125 0.0245671 0.0617362 0.0438242 -0.0641147 0.157259 0.0579428 0.166879
internal_weight=3.02734e+06 1.06263e+06 261320 801307 13029 797976 193872 604104 215834 248291 28716 39751 219575 26253
internal_count=3027339 1062627 261320 801307 13029 797976 193872 604104 215834 248291 28716 39751 219575 26253
is_linear=0
shrinkage=0.02


Tree=148
num_leaves=15
num_cat=0
split_feature=27 27 8 25 26 6 25 26 19 23 26 8 26 26
split_gain=1.86252e+06 1.10886e+06 957727 866683 907558 832907 824306 714113 927404 680201 782268 660301 898842 2.11386e+06
threshold=24.475585937500004 -1.4956054687499998 0.99276980757713329 0.047159690409898765 12021.682617187502 85.08612442016603 0.072107497602701201 10966.742675781252 10913.085937500002 12773.843750000002 12763.958496093752 -0.82622474431991566 10851.689941406252 10817.308593750002
decision_type=2 2 2 2 2 2 2 2 2 2 2 2 2 2
left_child=1 9 3 4 -2 -4 11 -8 -9 -1 -11 12 13 -3
right_child=2 6 5 -5 -6 -7 7 8 -10 10 -12 -13 -14 -15
leaf_value=-0.022963160804684125 0.051642422284518513 -0.022273752663694701 0.040102405441650689 0.10114328142789267 -0.076268118165165294 0.35290576757948183 0.030478082775805108 -0.51318707364863714 -0.065626314493500093 0.37530443049605433 0.036531728800742423 0.0036838263385695308 0.029418521072244432 0.46561420623271643
leaf_weight=995461 69089 8086 5911 72266 32673 8031 35999 1883 85990 3405 13537 1449498 239186 6324
leaf_count=995461 69089 8086 5911 72266 32673 8031 35999 1883 85990 3405 13537 1449498 239186 6324
internal_value=2.04835e-06 -0.00403433 0.0609703 0.0481849 0.0105702 0.220412 0.00526967 -0.0445411 -0.0752745 -0.0208241 0.104801 0.00889283 0.038665 0.192015
internal_weight=3.02734e+06 2.83937e+06 187970 174028 101762 13942 1.82697e+06 123872 87873 1.0124e+06 16942 1.70309e+06 253596 14410
internal_count=3027339 2839369 187970 174028 101762 13942 1826966 123872 87873 1012403 16942 1703094 253596 14410
is_linear=0
shrinkage=0.02


Tree=149
num_leaves=15
num_cat=0
split_feature=5 0 7 24 7 7 24 7 8 7 0 21 9 21
split_gain=775549 704238 597744 3.63101e+06 2.11536e+06 1.38856e+06 2.72478e+06 1.32454e+06 4.08194e+06 1.63638e+06 1.43845e+06 1.52935e+06 1.36218e+06 1.07752e+06
threshold=0.072500001639127745 2192.5000000000005 11200.173339843752 11204.812500000002 11240.761718750002 11057.007324218752 11216.794921875002 10971.728027343752 -0.844174563884735 11006.505859375002 3725.5000000000005 10871.481933593752 -0.7183113396167754 10976.944824218752
decision_type=2 2 2 2 2 2 2 2 2 2 2 2 2 2
left_child=2 -2 5 4 -4 7 -7 -1 9 -9 -10 -12 -13 -14
right_child=1 -3 3 -5 -6 6 -8 8 10 -11 11 12 13 -15
leaf_value=0.011101681972123885 -0.011383003453943443 0.10330535572034542 -0.084938323243730199 -0.00088421948967928269 -0.37017564609254677 0.032436045908238044 0.29398841853512031 0.7704502301395576 -0.033985259508422315 0.18896074839367316 -0.51180741858568124 0.20964478661969366 -0.29886642128604624 -0.088780657795618043
leaf_weight=617899 35413 54166 121869 1706418 11362 265399 16940 2727 135335 6648 4438 4432 14536 29757
leaf_count=617899 35413 54166 121869 1706418 11362 265399 16940 2727 135335 6648 4438 4432 14536 29757
internal_value=2.05986e-06 0.0579695 -0.00176568 -0.00873571 -0.10929 0.00991105 0.0481388 -0.00331999 -0.048353 0.358747 -0.0686183 -0.156759 -0.124321 -0.157779
internal_weight=3.02734e+06 89579 2.93776e+06 1.83965e+06 133231 1.09811e+06 282339 815772 197873 9375 188498 53163 48725 44293
internal_count=3027339 89579 2937760 1839649 133231 1098111 282339 815772 197873 9375 188498 53163 48725 44293
is_linear=0
shrinkage=0.02


Tree=150
num_leaves=15
num_cat=0
split_feature=4 17 4 19 19 9 9 26 22 0 26 20 19 25
split_gain=921326 867090 667650 2.09525e+06 551407 527813 1.26051e+06 1.21907e+06 1.87245e+06 861561 1.38886e+06 4.77022e+06 1.29177e+06 756842
threshold=284.38999938964849 0.12508517503738406 -249.45500183105466 12246.272949218752 11017.678710937502 -0.24782751500606534 -0.47990448772907252 12584.756835937502 12533.729980468752 3655.5000000000005 11372.095214843752 10953.877929687502 11874.486816406252 0.10153618082404138
decision_type=2 2 2 2 2 2 2 2 2 2 2 2 2 2
left_child=1 -1 3 4 -3 6 -4 9 -9 -8 11 -11 -12 -14
right_child=-2 2 5 -5 -6 -7 7 8 -10 10 12 -13 13 -15
leaf_value=0.08971393305983151 0.18116774217962628 -0.38093491395314749 -0.0034106255381177253 0.56037077718280404 -0.11511770671567102 -0.0090804280129700224 0.033981460906203576 -0.58835942850790812 -0.029970220463450797 0.023162884557813547 -0.13687638504315758 0.80916824037171142 0.12009891318243913 -0.4263026241684329
leaf_weight=41857 11177 3770 1029468 1728 18034 1560376 246117 2575 33977 8995 10053 4694 53494 1024
leaf_count=41857 11177 3770 1029468 1728 18034 1560376 246117 2575 33977 8995 10053 4694 53494 1024
internal_value=2.03217e-06 -0.000669906 -0.00194217 -0.108028 -0.161233 -0.00109578 0.00786499 0.0400254 -0.0694581 0.0523642 0.110164 0.293082 0.0713453 0.109759
internal_weight=3.02734e+06 3.01616e+06 2.9743e+06 23532 21804 2.95077e+06 1.3904e+06 360929 36552 324377 78260 13689 64571 54518
internal_count=3027339 3016162 2974305 23532 21804 2950773 1390397 360929 36552 324377 78260 13689 64571 54518
is_linear=0
shrinkage=0.02


Tree=151
num_leaves=15
num_cat=0
split_feature=17 5 0 19 8 24 19 8 24 25 24 24 8 0
split_gain=820701 696980 621284 515678 1.74021e+06 508130 1.18244e+06 1.34272e+06 1.66979e+06 1.62367e+06 1.2377e+06 1.54973e+06 976084 958832
threshold=0.162966363132 0.072500001639127745 2192.5000000000005 13462.845214843752 0.82309290766716015 12182.593261718752 12402.195800781252 0.89291974902153026 12293.523925781252 0.056086041033267982 12315.227050781252 12270.561035156252 1.0000000180025095e-35 2708.5000000000005
decision_type=2 2 2 2 2 2 2 2 2 2 2 2 2 2
left_child=-1 3 -3 5 -5 -2 7 8 -7 13 11 -9 -11 -10
right_child=1 2 -4 4 -6 6 -8 10 9 12 -12 -13 -14 -15
leaf_value=0.064553398742434653 -0.0068728712096946358 -0.011696402838107328 0.097765192319821337 -0.033023037334107976 -0.75394411943960882 -0.021145673431919247 -0.0095233456694340645 0.12811305127819106 0.005897280730633476 0.58696809598505495 -0.15775605644140309 0.46998769670501084 0.13385047797930219 0.20956712438334479
leaf_weight=76775 2327816 34435 52136 8589 1577 108400 316312 39609 29410 4265 4983 6117 3439 13476
leaf_count=76775 2327816 34435 52136 8589 1577 108400 316312 39609 29410 4265 4983 6117 3439 13476
internal_value=1.99966e-06 -0.00167786 0.0542285 -0.00336796 -0.145489 -0.00286117 0.014892 0.0517191 0.0231339 0.117998 0.141321 0.173941 0.385139 0.0699305
internal_weight=3.02734e+06 2.95056e+06 86571 2.86399e+06 10166 2.85383e+06 526011 209699 158990 50590 50709 45726 7704 42886
internal_count=3027339 2950564 86571 2863993 10166 2853827 526011 209699 158990 50590 50709 45726 7704 42886
is_linear=0
shrinkage=0.02


Tree=152
num_leaves=15
num_cat=0
split_feature=4 9 9 23 24 0 23 20 8 24 4 24 20 9
split_gain=875805 595258 1.16128e+06 1.04477e+06 3.2789e+06 1.211e+06 733526 744495 665314 1.44967e+06 2.743e+06 1.01917e+06 919493 1.27481e+06
threshold=284.38999938964849 -0.24782751500606534 -0.47990448772907252 12310.619140625002 12270.561035156252 4807.5000000000009 12738.863281250002 12689.021972656252 -0.844174563884735 12220.685058593752 -174.19499969482419 12249.941894531252 12183.192871093752 -1.0000000180025095e-35
decision_type=2 2 2 2 2 2 2 2 2 2 2 2 2 2
left_child=1 2 -1 4 5 -4 8 -8 9 -3 -11 12 -10 -14
right_child=-2 6 3 -5 -6 -7 7 -9 11 10 -12 -13 13 -15
leaf_value=-0.0019547516167404081 0.17663546939833641 -0.0065679649121730436 0.038224849703832144 -0.015932685221402079 0.47450517303956491 0.23568704031487722 0.66554077469000161 0.061546129662235827 -0.019114884861306441 0.57162053367029597 0.057699212732106056 -0.086587450637572672 0.20132533359687904 -0.014175176480834824
leaf_weight=1041099 11177 465840 247687 99572 7410 13070 823 41127 891091 4397 72515 85958 18426 27147
leaf_count=1041099 11177 465840 247687 99572 7410 13070 823 41127 891091 4397 72515 85958 18426 27147
internal_value=2.0061e-06 -0.000653122 0.00883706 0.0393888 0.05993 0.048131 -0.00897139 0.0735519 -0.0111834 0.00671396 0.0871505 -0.0206823 -0.0146333 0.0729802
internal_weight=3.02734e+06 3.01616e+06 1.40884e+06 367739 268167 260757 1.60732e+06 41950 1.56537e+06 542752 76912 1.02262e+06 936664 45573
internal_count=3027339 3016162 1408838 367739 268167 260757 1607324 41950 1565374 542752 76912 1022622 936664 45573
is_linear=0
shrinkage=0.02


Tree=153
num_leaves=15
num_cat=0
split_feature=27 27 26 7 20 6 22 7 5 8 19 26 20 22
split_gain=1.79391e+06 934504 1.35582e+06 1.04319e+06 958070 951329 929369 895400 882779 816971 779921 761983 1.42566e+06 1.41952e+06
threshold=15.393066406250002 -15.797363281249998 10925.707519531252 10880.121582031252 10882.193847656252 100.81974029541017 12244.198242187502 12816.793945312502 0.082499999552965178 0.77171322703361522 12951.521484375002 12055.717285156252 12101.213867187502 12036.090820312502
decision_type=2 2 2 2 2 2 2 2 2 2 2 2 2 2
left_child=1 2 3 4 9 7 -7 -4 10 -1 11 13 -13 -2
right_child=8 -3 5 -5 -6 6 -8 -9 -10 -11 -12 12 -14 -15
leaf_value=-0.13290799146913629 0.048408753297703305 -0.0010907377079655701 0.0056749205596098784 -0.22132408922526009 0.31124378214985432 -0.11077076871246053 0.14762856880584649 -0.32921595587517011 0.2850173105589906 0.12731662593974744 0.54143660608797661 -0.18230710600764766 0.022359134384706825 0.44284811597561918
leaf_weight=24845 253906 2313922 222637 25122 2679 58442 6145 3230 5855 5980 1215 16259 83409 3693
leaf_count=24845 253906 2313922 222637 25122 2679 58442 6145 3230 5855 5980 1215 16259 83409 3693
internal_value=2.12086e-06 -0.00569256 -0.0361954 -0.12392 -0.0508393 -0.0184851 -0.0861665 0.000871378 0.0416246 -0.0823993 0.0376414 0.0359129 -0.0110431 0.0540806
internal_weight=3.02734e+06 2.663e+06 349080 58626 33504 290454 64587 225867 364337 30825 358482 357267 99668 257599
internal_count=3027339 2663002 349080 58626 33504 290454 64587 225867 364337 30825 358482 357267 99668 257599
is_linear=0
shrinkage=0.02


Tree=154
num_leaves=15
num_cat=0
split_feature=27 7 19 7 27 6 26 9 0 27 19 9 25 25
split_gain=1.74519e+06 1.41026e+06 1.4386e+06 1.45911e+06 978040 1.45192e+06 936977 1.87531e+06 997494 1.63441e+06 981836 1.24033e+06 925789 757566
threshold=1.1801757812500002 11189.119628906252 11355.990234375002 11346.758300781252 39.303222656250007 99.129657745361342 11227.658691406252 0.63474419713020336 2192.5000000000005 22.927246093750004 11173.391113281252 -0.40450462698936457 0.086208455264568343 0.019221969880163673
decision_type=2 2 2 2 2 2 2 2 2 2 2 2 2 2
left_child=-1 4 6 -4 12 -6 -3 10 -9 -10 -8 -12 13 -2
right_child=1 2 3 -5 5 -7 7 8 9 -11 11 -13 -14 -15
leaf_value=-0.010975609539357391 -0.00049793538670939782 -0.0045508708823355157 0.26979032603581032 0.015431396405787156 0.36254046027020065 -0.017866010915491382 -0.22458435492075965 -0.081315027949454458 -0.70210899172617813 -0.1904413519801107 0.13927639740718026 -0.084460991437314947 -0.10500044473077852 0.070942235105738577
leaf_weight=1988242 78670 83373 9169 524330 9609 6885 10168 5607 4426 5738 15209 28407 15458 242048
leaf_count=1988242 78670 83373 9169 524330 9609 6885 10168 5607 4426 5738 15209 28407 15458 242048
internal_value=2.14168e-06 0.0210073 0.00430615 0.019808 0.0535127 0.203834 -0.0497705 -0.103965 -0.295672 -0.413724 -0.0477061 -0.00642875 0.0461315 0.0534189
internal_weight=3.02734e+06 1.0391e+06 686427 533499 352670 16494 152928 69555 15771 10164 53784 43616 336176 320718
internal_count=3027339 1039097 686427 533499 352670 16494 152928 69555 15771 10164 53784 43616 336176 320718
is_linear=0
shrinkage=0.02


Tree=155
num_leaves=15
num_cat=0
split_feature=27 27 7 19 4 9 9 9 26 5 7 22 7 27
split_gain=1.68786e+06 1.01645e+06 812471 758448 795945 822290 716717 697333 641647 620621 683349 2.06988e+06 1.16788e+06 647233
threshold=24.475585937500004 -2.5483398437499996 12785.869140625002 13462.845214843752 12.105000019073488 -0.69185054302215565 0.74242034554481517 -0.84190595149993885 12749.085937500002 -0.032499999739229672 12233.516601562502 12265.739746093752 12584.038574218752 -27.635253906249996
decision_type=2 2 2 2 2 2 2 2 2 2 2 2 2 2
left_child=1 6 7 -3 -5 -6 9 -2 -9 10 11 13 -12 -1
right_child=2 3 -4 4 5 -7 -8 8 -10 -11 12 -13 -14 -15
leaf_value=-0.10998518633087061 0.43412182356630058 0.0053102879864939468 -0.22382121362356255 -0.046874822191820889 -0.01926110960243603 -0.69512871868470139 0.20605267747660147 0.057262673442420288 0.56305499139120962 -0.011792549456481454 -0.27991139622498223 0.5972156137589606 -0.030639912445746233 -0.026009260672959035
leaf_weight=45309 2006 1912319 3994 6354 1159 1894 5510 180971 999 640658 13071 2034 17686 193375
leaf_count=45309 2006 1912319 3994 6354 1159 1894 5510 180971 999 640658 13071 2034 17686 193375
internal_value=2.06084e-06 -0.0038404 0.0580413 0.0044286 -0.17462 -0.439458 -0.0211572 0.0641723 0.0600703 -0.022532 -0.0478747 -0.0365288 -0.136632 -0.0419543
internal_weight=3.02734e+06 2.83937e+06 187970 1.92173e+06 9407 3053 917643 183976 181970 912133 271475 240718 30757 238684
internal_count=3027339 2839369 187970 1921726 9407 3053 917643 183976 181970 912133 271475 240718 30757 238684
is_linear=0
shrinkage=0.02


Tree=156
num_leaves=15
num_cat=0
split_feature=27 5 27 0 8 21 8 23 9 27 23 21 9 24
split_gain=1.63375e+06 1.03445e+06 915072 1.34801e+06 1.222e+06 889104 818315 797719 678817 669149 1.30995e+06 2.61666e+06 788969 694937
threshold=2.0600585937500004 0.077500000596046462 36.633789062500007 5760.5000000000009 0.99276980757713329 11207.661621093752 -0.78596645593643177 10706.809082031252 -0.66327509284019459 -18.729003906249996 12254.214843750002 12414.312988281252 0.60120347142219555 12748.286621093752
decision_type=2 2 2 2 2 2 2 2 2 2 2 2 2 2
left_child=9 2 3 -2 5 8 -7 -5 -4 10 -1 12 -12 -13
right_child=1 -3 4 7 -6 6 -8 -9 -10 -11 11 13 -14 -15
leaf_value=-0.058617195612458109 0.017818122169457551 0.15803243939409975 -0.0047692160156249247 0.10983143795095898 0.28301908376277624 0.20052835349278691 -0.03063892034313671 -0.14781211711877537 0.23394315539139171 -0.0054413393669674086 0.39514747303152598 -0.074445573288761335 -0.5529538305838686 0.10738260661670694
leaf_weight=229754 805312 21782 6988 5702 10605 7204 40578 30395 14965 1806225 8907 26195 357 12370
leaf_count=229754 805312 21782 6988 5702 10605 7204 40578 30395 14965 1806225 8907 26195 357 12370
internal_value=2.04677e-06 0.0218364 0.0186162 0.0124581 0.0831016 0.0526625 0.00424797 -0.107094 0.157989 -0.00988442 -0.0387941 0.056421 0.358052 -0.0161096
internal_weight=3.02734e+06 943531 921749 841409 80340 69735 47782 36097 21953 2.08381e+06 277583 47829 9264 38565
internal_count=3027339 943531 921749 841409 80340 69735 47782 36097 21953 2083808 277583 47829 9264 38565
is_linear=0
shrinkage=0.02


Tree=157
num_leaves=15
num_cat=0
split_feature=27 9 26 4 27 24 26 9 7 24 27 26 9 7
split_gain=1.57676e+06 936793 842841 1.19e+06 756962 1.28342e+06 1.1146e+06 1.10382e+06 1.0775e+06 995752 885655 898360 873771 1.15236e+06
threshold=9.3120117187500018 -0.7183113396167754 10765.807617187502 -48.325000762939446 -18.729003906249996 11196.431152343752 11032.155761718752 0.69065549969673168 11057.007324218752 10873.781250000002 -35.670898437499993 10921.194335937502 -0.65761160850524891 12233.516601562502
decision_type=2 2 2 2 2 2 2 2 2 2 2 2 2 2
left_child=4 -2 3 -3 5 6 7 8 10 -9 -1 -12 -7 -14
right_child=1 2 -4 -5 -6 12 -8 9 -10 -11 11 -13 13 -15
leaf_value=-0.24160852019202073 0.13967592101330953 0.45211232944122998 0.018000602530282312 0.078202107609579866 -0.0029567714659115198 0.18836427721833798 -0.24279297810999625 -0.29745872312189675 0.30805068037554184 0.26420959264643207 -0.13537921276089618 0.024212945943255439 0.016827899463592481 -0.099625942023780945
leaf_weight=14763 29589 3914 505280 25783 2185190 8812 16986 1554 2629 6561 33443 24394 121219 47222
leaf_count=14763 29589 3914 505280 25783 2185190 8812 16986 1554 2629 6561 33443 24394 121219 47222
internal_value=2.04757e-06 0.0301483 0.0240879 0.127619 -0.00690877 -0.0380184 -0.0951754 -0.0650643 -0.0889733 0.156415 -0.103391 -0.0680749 -0.00566228 -0.0158235
internal_weight=3.02734e+06 564566 534977 29697 2.46277e+06 277583 100330 83344 75229 8115 72600 57837 177253 168441
internal_count=3027339 564566 534977 29697 2462773 277583 100330 83344 75229 8115 72600 57837 177253 168441
is_linear=0
shrinkage=0.02


Tree=158
num_leaves=15
num_cat=0
split_feature=27 27 7 24 20 7 21 19 4 21 7 24 20 4
split_gain=1.53833e+06 921249 773081 729362 1.20062e+06 857419 798558 727819 764255 806557 684211 4.14271e+06 3.6397e+06 1.96202e+06
threshold=24.475585937500004 -2.5483398437499996 12785.869140625002 12748.286621093752 12820.129882812502 12792.911621093752 12773.829101562502 13462.845214843752 12.105000019073488 12720.397460937502 12238.857910156252 12258.833496093752 12302.951171875002 132.79499816894534
decision_type=2 2 2 2 2 2 2 2 2 2 2 2 2 2
left_child=1 3 -2 4 10 6 -5 -3 -9 -10 11 -1 13 -12
right_child=2 7 -4 5 -6 -7 -8 8 9 -11 12 -13 -14 -15
leaf_value=-0.019254725005441679 0.061391369411742745 0.0050696771144320574 -0.21953371254403295 0.054468198343516259 -0.32187225415782644 -0.043164317297892232 0.31521077571381734 -0.046013560327311999 -0.66526826244225323 0.018149866883976091 -0.28136547465359052 0.52889791456621371 -0.02199867983512703 -1.0447013629358188
leaf_weight=764999 183976 1912319 3994 12025 5359 15263 7707 6354 2002 1051 13563 5545 91694 1488
leaf_count=764999 183976 1912319 3994 12025 5359 15263 7707 6354 2002 1051 13563 5545 91694 1488
internal_value=2.0379e-06 -0.00366627 0.0554108 -0.0201522 -0.0237028 0.0693832 0.156419 0.00420598 -0.17119 -0.430703 -0.0218778 -0.0153033 -0.0693302 -0.357477
internal_weight=3.02734e+06 2.83937e+06 187970 917643 882648 34995 19732 1.92173e+06 9407 3053 877289 770544 106745 15051
internal_count=3027339 2839369 187970 917643 882648 34995 19732 1921726 9407 3053 877289 770544 106745 15051
is_linear=0
shrinkage=0.02


Tree=159
num_leaves=15
num_cat=0
split_feature=17 7 19 7 23 7 24 7 19 8 26 7 26 8
split_gain=759408 662272 4.26219e+06 1.08595e+06 2.91786e+06 1.18661e+06 2.00538e+06 1.09052e+06 2.55894e+06 1.48798e+06 1.45254e+06 2.28097e+06 1.58552e+06 2.57201e+06
threshold=0.18074148148298266 11203.090820312502 11204.585449218752 11057.007324218752 11230.068359375002 11171.963378906252 11177.972656250002 11019.201171875002 10984.387695312502 0.53606674075126659 11002.858886718752 11006.505859375002 11013.089355468752 -0.79909458756446827
decision_type=2 2 2 2 2 2 2 2 2 2 2 2 2 2
left_child=-1 3 -3 7 5 6 -5 10 9 -9 -2 12 13 -12
right_child=1 2 -4 4 -6 -7 -8 8 -10 -11 11 -13 -14 -15
leaf_value=0.053742705587865459 -0.00086959732432135629 -0.12877375256015308 -0.0014720641900549806 0.052032489748099799 0.42734728896686469 0.010941496544092488 0.32439876181985383 -0.44688851502617427 -0.019193867988694598 -0.015608667169218856 0.75332026493874638 -0.018728168350032836 0.60074699644619711 0.038353581823404072
leaf_weight=101637 712085 112298 1662741 55627 7638 240788 13414 10049 68245 4694 2482 20354 4818 10469
leaf_count=101637 712085 112298 1662741 55627 7638 240788 13414 10049 68245 4694 2482 20354 4818 10469
internal_value=1.88561e-06 -0.00186521 -0.00952651 0.00995326 0.041429 0.0319017 0.10499 -0.00204007 -0.0708305 -0.309679 0.00557034 0.125829 0.291334 0.175851
internal_weight=3.02734e+06 2.9257e+06 1.77504e+06 1.15066e+06 317467 309829 69041 833196 82988 14743 750208 38123 17769 12951
internal_count=3027339 2925702 1775039 1150663 317467 309829 69041 833196 82988 14743 750208 38123 17769 12951
is_linear=0
shrinkage=0.02


Tree=160
num_leaves=15
num_cat=0
split_feature=27 7 21 27 19 9 21 7 26 19 19 5 26 21
split_gain=1.46896e+06 1.28183e+06 1.40473e+06 887352 1.04458e+06 835347 840996 3.33775e+06 1.14214e+06 762584 931367 712698 654711 2.14164e+06
threshold=1.0346679687500002 11189.119628906252 11158.158691406252 46.137695312500007 10950.788574218752 0.64018929004669201 11454.896484375002 11235.322753906252 11291.358398437502 13462.845214843752 12772.923339843752 0.072500001639127745 12050.339355468752 12074.601562500002
decision_type=2 2 2 2 2 2 2 2 2 2 2 2 2 2
left_child=-1 3 -3 11 -5 9 7 -7 -9 10 12 -2 -4 -14
right_child=1 2 5 4 -6 6 -8 8 -10 -11 -12 -13 13 -15
leaf_value=-0.010243822754884495 0.037765625447316369 -0.14861905383886867 0.032302117180613314 -0.10771801685483628 0.36519698028797748 0.019515997612871146 0.032943991233815681 -0.63103004491721448 -0.24270112848249945 -0.37082251448065146 0.20402562149410539 0.16659638448210756 -0.18400948245556592 0.0089689874493059703
leaf_weight=1964712 332902 23549 337201 2539 7021 27403 25462 4184 11009 2023 10477 18102 25486 235269
leaf_count=1964712 332902 23549 337201 2539 7021 27403 25462 4184 11009 2023 10477 18102 25486 235269
internal_value=1.95556e-06 0.0189455 0.00320339 0.0495964 0.239614 0.00847479 -0.0579818 -0.112329 -0.349989 0.0158847 0.0171766 0.0444143 0.0138993 -0.00989884
internal_weight=3.02734e+06 1.06263e+06 702063 360564 9560 678514 68058 42596 15193 610456 608433 351004 597956 260755
internal_count=3027339 1062627 702063 360564 9560 678514 68058 42596 15193 610456 608433 351004 597956 260755
is_linear=0
shrinkage=0.02


Tree=161
num_leaves=15
num_cat=0
split_feature=27 27 17 8 9 25 4 24 6 24 24 26 27 8
split_gain=1.44418e+06 872457 901182 857638 825221 1.36666e+06 1.16564e+06 939234 764021 718895 957439 901466 676546 719276
threshold=24.475585937500004 -9.2807617187499982 0.259682446718216 0.99468204379081737 -0.62102523446083058 0.063643675297498717 82.024997711181655 12675.733398437502 83.882759094238295 12748.286621093752 12709.020507812502 12763.958496093752 -52.036132812499993 -0.7411813735961913
decision_type=2 2 2 2 2 2 2 2 2 2 2 2 2 2
left_child=1 2 -1 4 -2 6 7 -6 -5 10 12 -11 13 -4
right_child=3 -3 9 8 5 -7 -8 -9 -10 11 -12 -13 -14 -15
leaf_value=0.051678563720079097 0.10336390173207496 0.0020205717984400464 -0.31948032582681601 0.025322730210877668 0.020703936295817457 0.15987206259029471 -0.10529609697507834 0.44509112724076405 0.3317933541853994 0.25196821613392728 -0.21065859571611983 -0.013127882207324975 -0.030804973031766873 0.024743216791696991
leaf_weight=54589 58093 2266614 6620 5482 55183 20360 38692 2158 8002 7693 12631 15364 472029 3829
leaf_count=54589 58093 2266614 6620 5482 55183 20360 38692 2158 8002 7693 12631 15364 472029 3829
internal_value=1.86172e-06 -0.00355242 -0.0256066 0.0536883 0.0418055 0.0110746 -0.0204852 0.0367507 0.207308 -0.0337495 -0.0388336 0.0753918 -0.034331 -0.193436
internal_weight=3.02734e+06 2.83937e+06 572755 187970 174486 116393 96033 57341 13484 518166 495109 23057 482478 10449
internal_count=3027339 2839369 572755 187970 174486 116393 96033 57341 13484 518166 495109 23057 482478 10449
is_linear=0
shrinkage=0.02


Tree=162
num_leaves=15
num_cat=0
split_feature=4 17 4 21 7 24 7 7 24 7 24 7 8 0
split_gain=833042 752407 641632 1.79877e+06 579007 3.96154e+06 1.60435e+06 1.07928e+06 2.85748e+06 1.03666e+06 1.35404e+06 1.0149e+06 3.74483e+06 1.77525e+06
threshold=284.38999938964849 0.12508517503738406 -249.45500183105466 12237.253906250002 11203.090820312502 11204.812500000002 11240.761718750002 11057.007324218752 11216.794921875002 11171.963378906252 11171.992187500002 10971.728027343752 -0.844174563884735 4313.5000000000009
decision_type=2 2 2 2 2 2 2 2 2 2 2 2 2 2
left_child=1 -1 3 -3 7 6 -6 11 9 10 -9 -4 -13 -14
right_child=-2 2 4 -5 5 -7 -8 8 -10 -11 -12 12 13 -15
leaf_value=0.083557709006527148 0.17226914030369764 -0.15511562763695766 0.010619479961339965 0.51349200877550694 -0.098691242201756318 -0.00053063544391280322 -0.35010668615997953 0.04481308711466668 0.27385974444850819 0.0058497667412970838 0.25478214882217609 0.34927772496705778 -0.032624214655242276 -0.19498654556119796
leaf_weight=41857 11177 21804 627819 1728 97994 1691704 11319 51669 19816 232146 16110 9373 160460 32363
leaf_count=41857 11177 21804 627819 1728 97994 1691704 11319 51669 19816 232146 16110 9373 160460 32363
internal_value=1.87374e-06 -0.00063706 -0.00182221 -0.10582 -0.000992472 -0.00807107 -0.124754 0.0100956 0.0413154 0.0259426 0.0947499 -0.00193126 -0.0409 -0.0598836
internal_weight=3.02734e+06 3.01616e+06 2.9743e+06 23532 2.95077e+06 1.80102e+06 109313 1.14976e+06 319741 299925 67779 830015 202196 192823
internal_count=3027339 3016162 2974305 23532 2950773 1801017 109313 1149756 319741 299925 67779 830015 202196 192823
is_linear=0
shrinkage=0.02


Tree=163
num_leaves=15
num_cat=0
split_feature=27 27 25 9 9 22 21 9 6 25 26 26 26 21
split_gain=1.39031e+06 946793 862178 822394 860572 1.51667e+06 891003 814362 1.00852e+06 823011 691229 637238 635086 3.78327e+06
threshold=33.938964843750007 -1.3930664062499998 0.088395316153764739 -0.084905855357646928 0.47709186375141149 11049.984375000002 12705.688476562502 -0.62102523446083058 99.129657745361342 0.064242340624332442 11417.158691406252 12075.176757812502 10910.419433593752 10962.941894531252
decision_type=2 2 2 2 2 2 2 2 2 2 2 2 2 2
left_child=1 -1 12 7 10 -6 -7 8 11 -9 -5 -2 13 -3
right_child=3 2 -4 4 5 6 -8 9 -10 -11 -12 -13 -14 -15
leaf_value=-0.017932382729333361 0.2942068342125832 0.032310044875995578 -0.075198601128495093 0.43403440747041189 0.46767903076100281 -0.053115128589509404 0.64152886284722233 -0.088158167741592047 -0.033991442865792663 0.156708039397703 0.16674824191611975 -0.1842322723714466 0.0039273556565236631 0.89256554213332207
leaf_weight=1024580 10623 210337 51023 5282 2974 16147 764 26167 9291 6938 14507 1237 1645414 2055
leaf_count=1024580 10623 210337 51023 5282 2974 16147 764 26167 9291 6938 14507 1237 1645414 2055
internal_value=1.89438e-06 -0.00242355 0.00590099 0.0757402 0.144934 0.0519687 -0.0213709 0.0251255 0.122034 -0.0368078 0.238275 0.244191 0.00812872 0.0406752
internal_weight=3.02734e+06 2.93341e+06 1.90883e+06 93930 39674 19885 16911 54256 21151 33105 19789 11860 1.85781e+06 212392
internal_count=3027339 2933409 1908829 93930 39674 19885 16911 54256 21151 33105 19789 11860 1857806 212392
is_linear=0
shrinkage=0.02


Tree=164
num_leaves=15
num_cat=0
split_feature=27 7 21 7 7 24 19 8 1 7 8 7 27 24
split_gain=1.3523e+06 1.46035e+06 1.71769e+06 1.30995e+06 1.00882e+06 1.76841e+06 982290 862135 845147 779389 887937 787306 716316 680131
threshold=5.5229492187500009 10942.550292968752 10945.590332031252 10976.409667968752 11187.670410156252 11173.964843750002 10922.094238281252 -0.82622474431991566 88.854778289794936 10861.880371093752 0.68419089913368236 10853.744628906252 46.137695312500007 10857.736328125002
decision_type=2 2 2 2 2 2 2 2 2 2 2 2 2 2
left_child=-1 6 3 -3 7 -6 9 -4 -8 10 11 13 -9 -2
right_child=1 2 4 -5 5 -7 8 12 -10 -11 -12 -13 -14 -15
leaf_value=-0.0075313971106968575 0.24447509603101128 -0.10373850903666078 0.74442042945710241 -0.56014971395498647 -0.12989242073087673 0.015240986166009165 0.35155922959070668 0.056041129424668282 0.10353286445775871 -0.041195015917887351 0.050589677635191184 0.048965037497625909 0.31692505693827411 0.65359438191535935
leaf_weight=2297576 9323 12847 745 3120 36286 449110 9433 107615 13176 22878 51658 7233 4372 1967
leaf_count=2297576 9323 12847 745 3120 36286 449110 9433 107615 13176 22878 51658 7233 4372 1967
internal_value=2.03109e-06 0.02372 0.0114405 -0.193219 0.016907 0.00438898 0.0889065 0.0708012 0.207126 0.0601654 0.0932089 0.211975 0.0662537 0.316271
internal_weight=3.02734e+06 729763 614095 15967 598128 485396 115668 112732 22609 93059 70181 18523 111987 11290
internal_count=3027339 729763 614095 15967 598128 485396 115668 112732 22609 93059 70181 18523 111987 11290
is_linear=0
shrinkage=0.02


Tree=165
num_leaves=15
num_cat=0
split_feature=27 5 27 22 26 26 9 20 26 9 26 20 20 26
split_gain=1.30959e+06 760142 709382 1.21084e+06 2.95578e+06 1.49022e+06 2.44116e+06 1.0587e+06 1.2072e+06 1.05166e+06 1.02346e+06 1.21266e+06 958030 872684
threshold=14.307128906250002 0.082499999552965178 -18.729003906249996 12254.410156250002 12272.811523437502 12201.836914062502 -0.59636875987052906 11191.833496093752 11032.155761718752 0.69065549969673168 10985.780273437502 10960.804687500002 10876.795410156252 10921.194335937502
decision_type=2 2 2 2 2 2 2 2 2 2 2 2 2 2
left_child=2 -2 3 5 -5 7 -7 8 9 10 11 13 -11 -1
right_child=1 -3 -4 4 -6 6 -8 -9 -10 12 -12 -13 -14 -15
leaf_value=-0.12435362706011872 0.030195353210729633 0.24939246778015392 -0.0015576368991767509 0.39120278617750887 -0.017674164393853328 -0.97402725179805316 -0.15295980927490357 -0.0032497580210557077 -0.25535399718517721 -0.28983871733481298 0.1063590403482584 -0.308191050898101 0.26042130135723701 0.054850450422121728
leaf_weight=39783 393419 6422 2349915 8625 39068 1710 9212 120484 15223 1559 9720 10695 6556 14948
leaf_count=39783 393419 6422 2349915 8625 39068 1710 9212 120484 15223 1559 9720 10695 6556 14948
internal_value=2.10609e-06 0.0337222 -0.00512936 -0.0353651 0.0563349 -0.0543909 -0.282285 -0.0430112 -0.0916492 -0.061691 -0.085053 -0.113502 0.15448 -0.0754084
internal_weight=3.02734e+06 399841 2.6275e+06 277583 47693 229890 10922 218968 98484 83261 75146 65426 8115 54731
internal_count=3027339 399841 2627498 277583 47693 229890 10922 218968 98484 83261 75146 65426 8115 54731
is_linear=0
shrinkage=0.02


Tree=166
num_leaves=15
num_cat=0
split_feature=27 8 7 1 27 26 26 7 7 19 8 7 19 8
split_gain=1.28039e+06 1.13518e+06 940041 1.07711e+06 871973 827527 1.2942e+06 1.01342e+06 1.03758e+06 683328 691349 690077 678020 1.32792e+06
threshold=33.938964843750007 0.99276980757713329 11194.168945312502 107.25518798828126 -1.3930664062499998 11408.178710937502 12060.803222656252 12205.039550781252 12785.869140625002 10950.788574218752 0.53606674075126659 10833.774902343752 13462.845214843752 0.82309290766716015
decision_type=2 2 2 2 2 2 2 2 2 2 2 2 2 2
left_child=4 2 3 9 -1 -4 -7 -8 -9 11 -11 -2 -6 -14
right_child=1 -3 5 -5 12 6 7 8 -10 10 -12 -13 13 -15
leaf_value=-0.017209027304848291 0.2622165223411872 0.2651963767804022 -0.1240907125644234 -0.053672450654332036 0.0064854730078903475 0.21551012024330432 -0.14480368478481984 0.19897487443522491 -0.22962675577798869 0.095381070158854858 0.40226448420655075 -0.14939118096931553 -0.0575545687637561 -0.70376897724739251
leaf_weight=1024580 3188 10829 15510 8007 1899799 12601 14369 9791 2927 4359 9037 3312 7508 1522
leaf_count=1024580 3188 10829 15510 8007 1899799 12601 14369 9791 2927 4359 9037 3312 7508 1522
internal_value=1.99499e-06 0.0726845 0.0475689 0.142156 -0.00232559 -0.000262334 0.0481481 -0.0297595 0.100229 0.220954 0.302553 0.0525762 0.00566326 -0.167134
internal_weight=3.02734e+06 93930 83101 27903 2.93341e+06 55198 39688 27087 12718 19896 13396 6500 1.90883e+06 9030
internal_count=3027339 93930 83101 27903 2933409 55198 39688 27087 12718 19896 13396 6500 1908829 9030
is_linear=0
shrinkage=0.02


Tree=167
num_leaves=15
num_cat=0
split_feature=27 4 27 23 7 23 19 8 21 8 27 7 7 4
split_gain=1.2309e+06 836395 803852 899112 954743 1.71652e+06 898642 1.05675e+06 987202 1.19235e+06 1.0619e+06 1.02878e+06 2.18259e+06 950888
threshold=24.475585937500004 284.38999938964849 -10.266113281249998 10913.666503906252 10794.216308593752 10759.147460937502 10954.149902343752 -0.81390005350112904 11201.488769531252 -0.93622487783431996 -52.036132812499993 11219.278320312502 11149.020507812502 -184.26999664306638
decision_type=2 2 2 2 2 2 2 2 2 2 2 2 2 2
left_child=1 2 3 4 -1 -6 7 -5 9 -8 -11 12 -10 -12
right_child=-2 -3 -4 6 5 -7 8 -9 11 10 13 -13 -14 -15
leaf_value=-0.0049147072944455399 0.049565874123235397 0.16931298588150767 0.0011780933453554529 -0.16969454273781676 0.48996009757409947 -0.15846024545526566 0.28868379639667979 0.14285563337948892 -0.15278345609673905 -0.46866286270668484 -0.36139069225829401 -0.015531926747927563 0.27261856933729189 -0.065990828217573905
leaf_weight=36355 187970 11177 2294876 5201 1677 51476 3339 25526 7309 2944 4610 303378 14151 77350
leaf_count=36355 187970 11177 2294876 5201 1677 51476 3339 25526 7309 2944 4610 303378 14151 77350
internal_value=1.95266e-06 -0.0032794 -0.00396209 -0.0260801 -0.0839009 -0.137914 -0.014417 0.0899132 -0.0221797 -0.0814966 -0.0960872 -0.00606398 0.127728 -0.0826485
internal_weight=3.02734e+06 2.83937e+06 2.82819e+06 533316 89508 53153 443808 30727 413081 88243 84904 324838 21460 81960
internal_count=3027339 2839369 2828192 533316 89508 53153 443808 30727 413081 88243 84904 324838 21460 81960
is_linear=0
shrinkage=0.02


Tree=168
num_leaves=15
num_cat=0
split_feature=27 5 27 25 9 9 25 20 9 21 20 6 27 20
split_gain=1.20161e+06 869280 729314 1.18618e+06 894465 781922 700477 799412 669979 1.11028e+06 1.19654e+06 608305 546902 915563
threshold=1.0346679687500002 0.077500000596046462 36.633789062500007 0.081520766019821181 -0.084905855357646928 0.64018929004669201 0.047889804467558868 11139.990234375002 0.47709186375141149 11205.979980468752 12565.047851562502 99.129657745361342 -52.036132812499993 11440.046386718752
decision_type=2 2 2 2 2 2 2 2 2 2 2 2 2 2
left_child=12 2 3 5 6 -2 7 -4 -6 -10 -11 -8 13 -1
right_child=1 -3 4 -5 8 -7 11 -9 9 10 -12 -13 -14 -15
leaf_value=-0.29398234342698965 0.021519888055623264 0.13642991535539853 0.16166525993180322 -0.088705805182033498 0.22813133404992234 -0.034843949332129247 0.18295971989169488 -0.11466858595452516 0.25365177809603995 -0.15306252116879815 0.60590597504227872 -0.050653557425487349 -0.0084308348815052021 0.055796660739051866
leaf_weight=6914 799394 23874 5290 46749 19028 112270 12910 19950 6603 8850 907 6802 1952530 5268
leaf_count=6914 799394 23874 5290 46749 19028 112270 12910 19950 6603 8850 907 6802 1952530 5268
internal_value=1.91449e-06 0.0171351 0.014392 0.0095396 0.07227 0.0145784 0.0130512 -0.0567105 0.147468 0.0535663 -0.0819595 0.102361 -0.00926471 -0.1428
internal_weight=3.02734e+06 1.06263e+06 1.03875e+06 958413 80340 911664 44952 25240 35388 16360 9757 19712 1.96471e+06 12182
internal_count=3027339 1062627 1038753 958413 80340 911664 44952 25240 35388 16360 9757 19712 1964712 12182
is_linear=0
shrinkage=0.02


Tree=169
num_leaves=15
num_cat=0
split_feature=27 9 4 21 25 27 27 23 20 21 20 20 9 24
split_gain=1.15865e+06 868604 683854 660628 716410 782734 607309 1.06884e+06 1.45772e+06 1.19253e+06 2.30448e+06 3.30087e+06 2.26814e+06 1.60002e+06
threshold=9.3120117187500018 -0.71335092186927784 115.35499954223634 11435.148925781252 0.023841632530093197 39.303222656250007 -23.762207031249996 12236.874511718752 12396.565429687502 12003.913085937502 11594.234375000002 11759.047851562502 -0.60080829262733448 12049.355957031252
decision_type=2 2 2 2 2 2 2 2 2 2 2 2 2 2
left_child=6 -2 -3 4 -4 -6 7 9 -9 10 -1 -12 -11 -14
right_child=1 2 3 -5 5 -7 -8 8 -10 12 11 -13 13 -15
leaf_value=-0.071258826322073712 0.12386638747530587 0.035450701020295759 -0.1442679813374024 -0.059570161654129872 0.015581059787019727 0.19661922635353679 -0.0031201678563873205 0.29964137117837686 -0.011030526304790107 -0.90400183877272688 0.54490822916892212 -0.035218906607245047 -0.39435294620973133 -0.055605525315814391
leaf_weight=96869 33974 356221 9662 71513 82400 10796 2281213 7780 26909 1593 6279 10426 7214 24490
leaf_count=96869 33974 356221 9662 71513 82400 10796 2281213 7780 26909 1593 6279 10426 7214 24490
internal_value=1.93578e-06 0.0258439 0.0195652 -0.0128871 0.0195721 0.0365719 -0.00592215 -0.0411254 0.0587122 -0.0647083 -0.0338437 0.183031 -0.169943 -0.132786
internal_weight=3.02734e+06 564566 530592 174371 102858 93196 2.46277e+06 181560 34689 146871 113574 16705 33297 31704
internal_count=3027339 564566 530592 174371 102858 93196 2462773 181560 34689 146871 113574 16705 33297 31704
is_linear=0
shrinkage=0.02


Tree=170
num_leaves=15
num_cat=0
split_feature=27 4 27 0 9 17 9 4 25 9 24 19 19 16
split_gain=1.13556e+06 790078 812044 1.08393e+06 902699 755379 724298 817592 1.00585e+06 775382 1.26939e+06 879972 722141 702480
threshold=33.938964843750007 284.38999938964849 -7.3422851562499991 6122.5000000000009 0.73766976594924938 0.24476148933172229 -0.084905855357646928 84.395000457763686 0.048261513933539398 0.47709186375141149 11049.320800781252 12572.933593750002 12772.923339843752 -17.30000019073486
decision_type=2 2 2 2 2 2 2 2 2 2 2 2 2 2
left_child=1 2 4 -4 5 -1 7 -2 -9 -8 -11 -12 13 -7
right_child=6 -3 3 -5 -6 12 9 8 -10 10 11 -13 -14 -15
leaf_value=0.051095511803249352 0.18974985082851631 0.16556600833851554 0.0047688657004014779 -0.095263104106985741 0.25851098659235033 0.02040935731566898 0.22198669938067603 -0.10393278020270387 0.085923472769379644 0.43064099589165999 -0.060104108630101183 0.50897819545193423 0.10132773995014357 -0.043095529714616214
leaf_weight=48922 9464 11177 2225422 44180 4531 80894 19789 23751 21041 2906 15822 1157 16132 502151
leaf_count=48922 9464 11177 2225422 44180 4531 80894 19789 23751 21041 2906 15822 1157 16132 502151
internal_value=1.86593e-06 -0.00219013 -0.00283234 0.00282123 -0.0224931 -0.0244616 0.0684504 0.0209508 -0.0147483 0.133386 0.0451449 -0.0210472 -0.0306315 -0.0342844
internal_weight=3.02734e+06 2.93341e+06 2.92223e+06 2.2696e+06 652630 648099 93930 54256 44792 39674 19885 16979 599177 583045
internal_count=3027339 2933409 2922232 2269602 652630 648099 93930 54256 44792 39674 19885 16979 599177 583045
is_linear=0
shrinkage=0.02


Tree=171
num_leaves=15
num_cat=0
split_feature=27 8 19 8 19 8 5 21 6 19 20 27 25 27
split_gain=1.10293e+06 786939 1.35748e+06 1.1299e+06 714731 876051 692095 625595 595819 713568 612272 650484 628832 592647
threshold=0.18212890625000003 -0.844174563884735 12530.788574218752 -0.97058293223381031 13462.845214843752 0.8150879740715028 0.077500000596046462 12228.966308593752 111.66379928588869 11230.410156250002 11455.578125000002 8.9790039062500018 0.032493187114596374 24.475585937500004
decision_type=2 2 2 2 2 2 2 2 2 2 2 2 2 2
left_child=-1 2 3 7 6 -6 13 -2 10 -10 -5 -12 -13 -3
right_child=1 4 -4 8 5 -7 -8 -9 9 -11 11 12 -14 -15
leaf_value=-0.010688017223209303 -0.052694767249232798 0.0010121280842116233 0.45197928690042305 0.051811675189888828 -0.079851613089521933 -0.67557744674326659 0.10448361446604106 0.17034358323208942 0.64460265477551304 0.090645432335700424 0.098230475788506785 0.50489554099356126 0.089529277546627969 0.041092497256369549
leaf_weight=1696778 43739 984239 3418 62227 4268 1276 29887 5674 1679 2079 12265 3886 2338 173586
leaf_count=1696778 43739 984239 3418 62227 4268 1276 29887 5674 1679 2079 12265 3886 2338 173586
internal_value=1.94411e-06 0.0136342 0.058975 0.0489089 0.00841642 -0.217936 0.00947483 -0.027054 0.0933415 0.339202 0.0818538 0.182881 0.349263 0.00702147
internal_weight=3.02734e+06 1.33056e+06 137305 133887 1.19326e+06 5544 1.18771e+06 49413 84474 3758 80716 18489 6224 1.15782e+06
internal_count=3027339 1330561 137305 133887 1193256 5544 1187712 49413 84474 3758 80716 18489 6224 1157825
is_linear=0
shrinkage=0.02


Tree=172
num_leaves=15
num_cat=0
split_feature=4 17 4 21 21 26 22 25 26 21 24 23 26 24
split_gain=737420 689998 590000 1.6517e+06 478563 1.01458e+06 764474 782215 776083 635439 1.59566e+06 817702 787685 1.17028e+06
threshold=284.38999938964849 0.12508517503738406 -249.45500183105466 12237.253906250002 12773.829101562502 12763.958496093752 12775.008300781252 0.044035991653800018 12800.302734375002 12732.083007812502 12675.733398437502 12738.863281250002 12551.707519531252 12220.685058593752
decision_type=2 2 2 2 2 2 2 2 2 2 2 2 2 2
left_child=1 -1 3 -3 5 9 8 -8 -7 10 12 -11 13 -4
right_child=-2 2 4 -5 -6 6 7 -9 -10 11 -12 -13 -14 -15
leaf_value=0.080028260026600628 0.16208102911911962 -0.14869735668843279 -0.0034343208822264007 0.49199553096801973 0.056048391087071804 -0.0035333606549972068 -0.16050059614940368 -0.66723381038170071 -0.21736727681886303 -0.15599046935790237 0.14631578919623078 0.054144017586397926 -0.060239866655653639 0.042691779504892662
leaf_weight=41857 11177 21804 2462301 1728 57781 22908 3942 1760 9639 22596 29622 11011 87618 241595
leaf_count=41857 11177 21804 2462301 1728 57781 22908 3942 1760 9639 22596 29622 11011 87618 241595
internal_value=2.00046e-06 -0.000599145 -0.00173408 -0.10146 -0.000938426 -0.00207681 -0.104386 -0.317809 -0.0669096 -0.000705654 0.000324369 -0.0871458 -0.00122532 0.000687214
internal_weight=3.02734e+06 3.01616e+06 2.9743e+06 23532 2.95077e+06 2.89299e+06 38249 5702 32547 2.85474e+06 2.82114e+06 33607 2.79151e+06 2.7039e+06
internal_count=3027339 3016162 2974305 23532 2950773 2892992 38249 5702 32547 2854743 2821136 33607 2791514 2703896
is_linear=0
shrinkage=0.02


Tree=173
num_leaves=15
num_cat=0
split_feature=27 8 7 1 25 8 19 27 0 7 19 7 8 19
split_gain=1.06733e+06 1.02591e+06 849886 1.01704e+06 845314 1.01425e+06 816817 734023 966874 1.28874e+06 653917 646669 644830 627426
threshold=33.938964843750007 0.99276980757713329 11194.168945312502 107.25518798828126 0.045765293762087829 -0.8594742715358733 12039.306640625002 -1.3930664062499998 6238.5000000000009 12592.827636718752 10950.788574218752 10833.774902343752 0.53606674075126659 13462.845214843752
decision_type=2 2 2 2 2 2 2 2 2 2 2 2 2 2
left_child=7 2 3 10 5 -4 -6 -1 13 -10 11 -2 -12 -9
right_child=1 -3 4 -5 6 -7 -8 8 9 -11 12 -13 -14 -15
leaf_value=-0.015778662541384145 0.24723997802225703 0.24937429083698032 0.27087846129629434 -0.057860156256630949 -0.0045909353213210522 -0.10815476900653984 0.23776557172427373 0.0078642343128837531 -0.081018191036235351 -0.80643108051284973 0.08874559134579163 -0.15120726630012329 0.38511336400311857 -0.1591585500771118
leaf_weight=1024580 3188 10829 3125 8007 14626 28481 8966 1867987 30810 1002 4359 3312 9037 9030
leaf_count=1024580 3188 10829 3125 8007 14626 28481 8966 1867987 30810 1002 4359 3312 9037 9030
internal_value=1.93484e-06 0.0663625 0.0424866 0.132424 -0.00299273 -0.0706039 0.0875761 -0.00212319 0.00520653 -0.104114 0.208994 0.0442923 0.288816 0.00705986
internal_weight=3.02734e+06 93930 83101 27903 55198 31606 23592 2.93341e+06 1.90883e+06 31812 19896 6500 13396 1.87702e+06
internal_count=3027339 93930 83101 27903 55198 31606 23592 2933409 1908829 31812 19896 6500 13396 1877017
is_linear=0
shrinkage=0.02


Tree=174
num_leaves=15
num_cat=0
split_feature=27 19 20 8 23 27 19 23 8 25 19 27 19 22
split_gain=1.03286e+06 649040 1.13121e+06 1.91048e+06 800118 654714 669510 599650 1.20143e+06 597195 833029 590902 573284 1.1378e+06
threshold=1.0346679687500002 11040.188476562502 10974.470214843752 -0.82622474431991566 11168.909667968752 33.938964843750007 10993.770019531252 10966.328125000002 0.93289250135421764 0.086208455264568343 10966.589843750002 46.137695312500007 10887.753906250002 10889.261718750002
decision_type=2 2 2 2 2 2 2 2 2 2 2 2 2 2
left_child=-1 2 9 -4 11 7 -7 8 -5 12 -11 -3 13 -2
right_child=1 4 3 5 -6 6 -8 -9 -10 10 -12 -13 -14 -15
leaf_value=-0.0085894258131874856 0.048727790072429861 -0.059911742823440653 0.75085872680273458 0.021377799944759353 0.013507902701826014 -0.1483966364493737 0.55620494797752873 0.069156941071565434 0.89269878764299182 -0.074277438914927371 -0.79894573965058369 0.38619212478745241 -0.016580950872793584 0.64734643663387059
leaf_weight=1964712 117778 78794 1826 1545 713506 705 2237 58548 1063 12392 659 1196 71104 1274
leaf_count=1964712 117778 78794 1826 1545 713506 705 2237 58548 1063 12392 659 1196 71104 1274
internal_value=1.90268e-06 0.0158865 0.0427249 0.114708 0.00678327 0.0964705 0.387422 0.0824125 0.378582 0.0193679 -0.111454 -0.053194 0.0283521 0.0551877
internal_weight=3.02734e+06 1.06263e+06 269131 65924 793496 64098 2942 61156 2608 203207 13051 79990 190156 119052
internal_count=3027339 1062627 269131 65924 793496 64098 2942 61156 2608 203207 13051 79990 190156 119052
is_linear=0
shrinkage=0.02


Tree=175
num_leaves=15
num_cat=0
split_feature=27 4 9 7 27 5 4 27 21 8 9 8 4 25
split_gain=1.0146e+06 819022 1.12615e+06 1.44778e+06 903805 818591 697366 644999 1.23652e+06 1.04075e+06 1.0388e+06 1.00509e+06 1.14254e+06 1.7834e+06
threshold=15.393066406250002 86.755001068115249 0.085330490022897734 10765.747070312502 50.212890625000007 0.082499999552965178 253.78499603271487 -18.729003906249996 11192.268554687502 -0.9981776475906371 0.69195944070816051 -0.95380857586860646 175.27500152587893 0.03747996129095555
decision_type=2 2 2 2 2 2 2 2 2 2 2 2 2 2
left_child=6 2 4 -4 -2 -3 7 8 9 -1 -11 -10 -13 -14
right_child=1 5 3 -5 -6 -7 -8 -9 11 10 -12 12 13 -15
leaf_value=0.28929990325373567 0.10317901472686407 -0.0046441829241185076 0.40824868980325224 -0.00023592059604006735 0.45535613575980416 0.26579472472310101 0.12152776519717552 -0.0017521630470570294 -0.076620549558344866 -0.12504854555775019 0.10208396809905051 0.041209991545430501 -1.1076213285450831 -0.10472373195781051
leaf_weight=2771 79473 181865 3597 91805 3017 4580 17498 2370878 52414 84348 8897 120031 808 5357
leaf_count=2771 79473 181865 3597 91805 3017 4580 17498 2370878 52414 84348 8897 120031 808 5357
internal_value=2.01547e-06 0.0313042 0.0620018 0.0152064 0.116113 0.00201291 -0.00428067 -0.00511326 -0.0341288 -0.0920063 -0.103368 -0.00301183 0.0275642 -0.23775
internal_weight=3.02734e+06 364337 177892 95402 82490 186445 2.663e+06 2.6455e+06 274626 96016 93245 178610 126196 6165
internal_count=3027339 364337 177892 95402 82490 186445 2663002 2645504 274626 96016 93245 178610 126196 6165
is_linear=0
shrinkage=0.02


Tree=176
num_leaves=15
num_cat=0
split_feature=17 5 0 26 26 21 26 21 24 26 21 26 26 26
split_gain=638399 554108 600479 536498 1.69702e+06 961293 1.03404e+06 1.69194e+06 918586 2.17234e+06 1.43308e+06 823210 554012 723569
threshold=0.18767879158258441 0.062499998137354858 2273.5000000000005 10755.825683593752 10729.708007812502 10803.544921875002 10866.337890625002 10871.481933593752 10906.415527343752 10889.278320312502 10941.636230468752 10851.689941406252 10817.308593750002 10982.813476562502
decision_type=2 2 2 2 2 2 2 2 2 2 2 2 2 2
left_child=-1 3 -3 4 -2 12 7 -7 -8 10 -10 -9 -5 -14
right_child=1 2 -4 5 -6 6 8 11 9 -11 -12 -13 13 -15
leaf_value=0.046581433006421598 0.013933852577191184 -0.0077146728075031838 0.068385488352133622 -0.093957316803313928 0.28047405899795547 0.032542130845802375 -0.064491263640030536 0.528901098304836 0.097768301757682641 -0.004149006249524417 0.79457969560803432 0.15807040924131424 0.12139151464833234 -0.32185459367827646
leaf_weight=113282 104156 76480 90600 70884 10510 63411 102325 4135 2526 2369541 2212 5701 9854 1722
leaf_count=113282 104156 76480 90600 70884 10510 63411 102325 4135 2526 2369541 2212 5701 9854 1722
internal_value=1.99936e-06 -0.00180889 0.0335525 -0.00395981 0.0383868 -0.00580461 -0.00363099 0.0704223 -0.00582145 -0.00329267 0.424077 0.314346 -0.073009 0.0552334
internal_weight=3.02734e+06 2.91406e+06 167080 2.74698e+06 114666 2.63231e+06 2.54985e+06 73247 2.4766e+06 2.37428e+06 4738 9836 82460 11576
internal_count=3027339 2914057 167080 2746977 114666 2632311 2549851 73247 2476604 2374279 4738 9836 82460 11576
is_linear=0
shrinkage=0.02


Tree=177
num_leaves=15
num_cat=0
split_feature=27 8 7 4 27 24 7 24 8 5 7 20 8 20
split_gain=995540 934772 916019 701303 723129 839113 1.06547e+06 992867 717462 744439 698599 1.8604e+06 720315 689592
threshold=36.633789062500007 0.99638897180557262 11194.168945312502 284.38999938964849 -7.3422851562499991 12748.286621093752 12785.869140625002 12709.020507812502 0.94968119263648998 -0.032499999739229672 12233.516601562502 12253.191406250002 -0.8594742715358733 10920.458984375002
decision_type=2 2 2 2 2 2 2 2 2 2 2 2 2 2
left_child=3 2 13 4 5 7 -7 8 9 10 11 -1 -12 -2
right_child=1 -3 -4 -5 -6 6 -8 -9 -10 -11 12 -13 -14 -15
leaf_value=-0.045499916281495995 0.0074016473185076386 0.25077031867406674 -0.0038291529053494926 0.15614626280724181 0.0028011061163226991 0.22933136389521977 -0.017085597237809412 -0.18403183923868885 -0.11065212667634043 -0.00018960116823042538 -0.031489416364845847 0.52789799608693277 -0.33521440241545319 0.2387590414450397
leaf_weight=181411 8282 9923 49654 11177 2282038 11898 17091 15490 34389 377534 5891 2282 6644 13635
leaf_count=181411 8282 9923 49654 11177 2282038 11898 17091 15490 34389 377534 5891 2282 6644 13635
internal_value=2.06896e-06 0.0689536 0.0437137 -0.00190563 -0.00250812 -0.0210726 0.0840952 -0.0259625 -0.0219333 -0.016614 -0.0482121 -0.0383482 -0.192615 0.151378
internal_weight=3.02734e+06 81494 71571 2.94584e+06 2.93467e+06 652630 28989 623641 608151 573762 196228 183693 12535 21917
internal_count=3027339 81494 71571 2945845 2934668 652630 28989 623641 608151 573762 196228 183693 12535 21917
is_linear=0
shrinkage=0.02


Tree=178
num_leaves=15
num_cat=0
split_feature=27 26 9 9 7 20 9 27 0 7 26 21 0 7
split_gain=956150 747868 981245 812810 929213 1.18133e+06 794285 666269 977590 1.22895e+06 653525 573816 873709 717887
threshold=36.633789062500007 10973.748535156252 -0.084905855357646928 0.47709186375141149 11252.907714843752 12565.047851562502 -0.84190595149993885 -1.3032226562499998 6238.5000000000009 12592.827636718752 11417.158691406252 12773.829101562502 2192.5000000000005 12816.793945312502
decision_type=2 2 2 2 2 2 2 2 2 2 2 2 2 2
left_child=7 -2 6 10 -5 -6 -3 11 -9 -10 -4 13 -13 -1
right_child=1 2 3 4 5 -7 -8 8 9 -11 -12 12 -14 -15
leaf_value=-0.016216967539868971 0.25925696160721168 0.48794395232021687 0.40707330118790125 0.22384255819061583 -0.17681627874665864 0.57857015358062713 -0.034739428635164903 0.0069978339677425781 -0.082358074468911968 -0.79079445126499581 0.14286139019399643 -0.03170401724357251 0.21007319542070735 -0.34910572971537812
leaf_weight=1009593 7393 1189 5080 5445 8553 907 38674 1877987 30688 1002 14253 12722 11265 2588
leaf_count=1009593 7393 1189 5080 5445 8553 907 38674 1877987 30688 1002 14253 12722 11265 2588
internal_value=2.07255e-06 0.0675757 0.0484192 0.126933 0.0159257 -0.103855 -0.0190303 -0.0018675 0.00513873 -0.105001 0.212462 -0.0147801 0.0818811 -0.0170716
internal_weight=3.02734e+06 81494 74101 34238 14905 9460 39863 2.94584e+06 1.90968e+06 31690 19333 1.03617e+06 23987 1.01218e+06
internal_count=3027339 81494 74101 34238 14905 9460 39863 2945845 1909677 31690 19333 1036168 23987 1012181
is_linear=0
shrinkage=0.02


Tree=179
num_leaves=15
num_cat=0
split_feature=4 4 19 19 21 26 19 20 26 25 20 26 26 24
split_gain=660634 480164 1.89008e+06 467925 430474 961474 837093 756161 1.3518e+06 594085 563922 2.66901e+06 1.59252e+06 2.1987e+06
threshold=284.38999938964849 -249.45500183105466 12246.272949218752 11017.678710937502 12773.829101562502 12763.958496093752 13462.845214843752 12795.735839843752 12704.916015625002 0.038046203553676612 12183.192871093752 12187.718750000002 12041.876464843752 12037.662109375002
decision_type=2 2 2 2 2 2 2 2 2 2 2 2 2 2
left_child=1 2 3 -1 5 7 -7 10 -9 -8 12 -12 13 -3
right_child=-2 4 -4 -5 -6 6 9 8 -10 -11 11 -13 -14 -15
leaf_value=-0.34710217744332672 0.15341070069072282 -0.00077278409450652716 0.48269929222911173 -0.1023544759273733 0.053736578991973788 -0.072044301302047128 -0.05771947386663151 0.0069075566750281675 -0.54493664806424558 -0.61824737824271159 0.18463927832612348 0.0071106338438297004 -0.052937328918969836 0.13419672622455348
leaf_weight=3770 11177 2132527 2096 18132 58772 35092 1212 4759 2822 2012 36705 437861 231015 49387
leaf_count=3770 11177 2132527 2096 18132 58772 35092 1212 4759 2822 2012 36705 437861 231015 49387
internal_value=2.08625e-06 -0.000566901 -0.0896533 -0.144623 0.000147888 -0.000925961 -0.100443 0.000391467 -0.198959 -0.408364 0.000915548 0.0208451 -0.00300419 0.0022828
internal_weight=3.02734e+06 3.01616e+06 23998 21902 2.99216e+06 2.93339e+06 38316 2.89508e+06 7581 3224 2.8875e+06 474566 2.41293e+06 2.18191e+06
internal_count=3027339 3016162 23998 21902 2992164 2933392 38316 2895076 7581 3224 2887495 474566 2412929 2181914
is_linear=0
shrinkage=0.02


Tree=180
num_leaves=15
num_cat=0
split_feature=27 26 20 7 22 7 25 7 19 7 26 7 26 26
split_gain=939278 665579 855419 1.30059e+06 1.18851e+06 976849 669128 657340 1.10648e+06 1.08083e+06 863335 2.01652e+06 773904 729639
threshold=9.3120117187500018 10878.348144531252 10916.906250000002 10947.744140625002 10943.551269531252 11006.505859375002 0.019801413640379909 11187.670410156252 11364.079589843752 11346.758300781252 11006.353515625002 11006.505859375002 11013.089355468752 12050.339355468752
decision_type=2 2 2 2 2 2 2 2 2 2 2 2 2 2
left_child=-1 -2 -3 6 5 -5 -4 10 -9 -10 -6 12 -12 -11
right_child=1 2 3 4 7 -7 -8 8 9 13 11 -13 -14 -15
leaf_value=-0.0053318792643052464 0.092272633063530687 -0.09009572526872979 0.001073435784427539 -0.10034511114886123 -0.022119322985192362 -0.66490756702368059 0.25380123712508051 -0.050785159898112602 0.29052315628643111 0.060130268494253007 0.099203299342559823 0.06987547968629032 0.56881663104851032 -0.0063406261222638148
leaf_weight=2462773 50866 28469 5929 4206 28349 1723 14283 95568 6132 115761 1974 52602 4891 153813
leaf_count=2462773 50866 28469 5929 4206 28349 1723 14283 95568 6132 115761 1974 52602 4891 153813
internal_value=1.99317e-06 0.0232693 0.016435 0.0226871 0.0158586 -0.265257 0.179704 0.0194948 0.007855 0.0281826 0.0686997 0.111991 0.434125 0.0222045
internal_weight=3.02734e+06 564566 513700 485231 465019 5929 20212 459090 371274 275706 87816 59467 6865 269574
internal_count=3027339 564566 513700 485231 465019 5929 20212 459090 371274 275706 87816 59467 6865 269574
is_linear=0
shrinkage=0.02


Tree=181
num_leaves=15
num_cat=0
split_feature=17 5 0 26 22 24 26 9 23 0 0 26 24 24
split_gain=608341 515911 549615 446267 1.29131e+06 1.05607e+06 1.88862e+06 1.59474e+06 1.60295e+06 1.2692e+06 1.0193e+06 995945 1.31285e+06 837374
threshold=0.12508517503738406 0.072500001639127745 2192.5000000000005 10761.401855468752 10802.092773437502 10652.759277343752 10675.935058593752 0.61151722073555004 10784.425781250002 2212.5000000000005 6951.5000000000009 10866.337890625002 10901.408203125002 10913.860351562502
decision_type=2 2 2 2 2 2 2 2 2 2 2 2 2 2
left_child=-1 3 -3 5 -5 -2 -7 10 9 -9 -8 12 -6 -13
right_child=1 2 -4 4 11 6 7 8 -10 -11 -12 13 -14 -15
leaf_value=0.075495730597033073 -0.036497545441069541 -0.014902276601329643 0.087355319829209743 -0.085295506861431322 0.052385966200171177 0.31670252087000456 0.021894480031139855 0.056149143030989314 -0.42769141452241249 0.43932472810311801 -0.23347200773860916 -0.053527633199718178 0.48808490436223223 -0.0014419510604699692
leaf_weight=42092 52552 34893 52877 76421 75354 11436 46305 5913 1396 8329 7218 129924 2862 2479767
leaf_count=42092 52552 34893 52877 76421 75354 11436 46305 5913 1396 8329 7218 129924 2862 2479767
internal_value=1.98611e-06 -0.00106272 0.0467055 -0.00250987 -0.00423255 0.0332525 0.078731 0.0393412 0.216946 0.28039 -0.0125805 -0.0019275 0.0683892 -0.00403525
internal_weight=3.02734e+06 2.98525e+06 87770 2.89748e+06 2.76433e+06 133149 80597 69161 15638 14242 53523 2.68791e+06 78216 2.60969e+06
internal_count=3027339 2985247 87770 2897477 2764328 133149 80597 69161 15638 14242 53523 2687907 78216 2609691
is_linear=0
shrinkage=0.02


Tree=182
num_leaves=15
num_cat=0
split_feature=27 4 27 21 8 19 7 4 8 19 7 8 8 7
split_gain=913310 647530 634640 1.10598e+06 969205 942383 940901 1.14952e+06 862552 1.09903e+06 3.35601e+06 1.40474e+06 1.99154e+06 1.05741e+06
threshold=24.475585937500004 284.38999938964849 -18.101074218749996 11192.268554687502 -0.9981776475906371 11013.230957031252 10944.346679687502 -60.42499923706054 -0.95380857586860646 11758.453613281252 11519.124511718752 -0.8594742715358733 -0.72804987430572499 12150.045410156252
decision_type=2 2 2 2 2 2 2 2 2 2 2 2 2 2
left_child=1 2 3 4 -1 6 -6 -8 -5 10 -10 13 -13 -11
right_child=-2 -3 -4 8 5 -7 7 -9 9 11 -12 12 -14 -15
leaf_value=0.28063381165994983 0.042695621019739144 0.14903640376596861 -0.00023538545138471361 -0.069768735796121376 -0.12301299357164387 -0.21295763841034338 0.12438757942508874 -0.11413251412874885 0.028850813586709125 -0.16573548637564245 0.49084313089458853 -0.2365846169687755 0.0075778147577508035 0.28313042166304347
leaf_weight=2811 187970 11177 2540245 54453 44091 21337 18200 14522 39387 2700 7475 17530 56104 9337
leaf_count=2811 187970 11177 2540245 54453 44091 21337 18200 14522 39387 2700 7475 17530 56104 9337
internal_value=1.9916e-06 -0.00282452 -0.0034252 -0.0315645 -0.0849037 -0.0954004 -0.0627217 0.0185294 -0.00276142 0.0247725 0.102633 -0.017824 -0.0505737 0.18239
internal_weight=3.02734e+06 2.83937e+06 2.82819e+06 287947 100961 98150 76813 32722 186986 132533 46862 85671 73634 12037
internal_count=3027339 2839369 2828192 287947 100961 98150 76813 32722 186986 132533 46862 85671 73634 12037
is_linear=0
shrinkage=0.02


Tree=183
num_leaves=15
num_cat=0
split_feature=27 0 8 19 8 4 19 8 25 19 27 27 25 4
split_gain=893203 814205 754479 1.28545e+06 1.17157e+06 677950 639567 770903 677180 740701 753172 733518 670040 804708
threshold=0.18212890625000003 6008.5000000000009 -0.844174563884735 12530.788574218752 -0.97058293223381031 -48.325000762939446 13462.845214843752 0.8150879740715028 0.023448563180863861 12790.271972656252 9.9829101562500018 24.475585937500004 0.064811140298843398 253.78499603271487
decision_type=2 2 2 2 2 2 2 2 2 2 2 2 2 2
left_child=-1 2 3 4 -2 -6 8 -8 9 -4 -11 12 13 -10
right_child=1 -3 6 -5 5 -7 7 -9 11 10 -12 -13 -14 -15
leaf_value=-0.0096180822218681211 -0.027270305454643064 -0.078968871614714206 -0.012145491808604792 0.4420728621004692 0.12903513295957708 -0.0040925855602481857 -0.074834062234072296 -0.63366644080652978 0.020408471113576691 -0.018211109491777174 0.513664981234359 0.066647143927346511 -0.03617795955206142 0.36326641086430778
leaf_weight=1696778 49337 37996 416144 3418 61733 20341 4268 1276 512061 2088 2162 124339 92655 2743
leaf_count=1696778 49337 37996 416144 3418 61733 20341 4268 1276 512061 2088 2162 124339 92655 2743
internal_value=1.98377e-06 0.0122698 0.0149525 0.0597262 0.0497484 0.0960444 0.00973766 -0.204367 0.0107696 -0.00945976 0.252923 0.0223908 0.0133311 0.0222424
internal_weight=3.02734e+06 1.33056e+06 1.29256e+06 134829 131411 82074 1.15774e+06 5544 1.15219e+06 420394 4250 731798 607459 514804
internal_count=3027339 1330561 1292565 134829 131411 82074 1157736 5544 1152192 420394 4250 731798 607459 514804
is_linear=0
shrinkage=0.02


Tree=184
num_leaves=15
num_cat=0
split_feature=17 9 9 26 23 20 26 20 23 26 20 26 26 23
split_gain=579377 493321 1.10717e+06 1.09078e+06 1.78159e+06 824316 1.38644e+06 6.27262e+06 1.8118e+06 872459 3.50921e+06 697866 1.7098e+06 980855
threshold=0.162966363132 -0.24782751500606534 -0.47990448772907252 12584.756835937502 12534.007324218752 10853.830566406252 11372.095214843752 11393.706542968752 11383.837402343752 10904.974121093752 10939.573730468752 12704.916015625002 12673.484375000002 12717.367675781252
decision_type=2 2 2 2 2 2 2 2 2 2 2 2 2 2
left_child=-1 2 11 5 -5 -4 7 9 -8 10 -7 12 -2 -13
right_child=1 -3 3 4 -6 6 8 -9 -10 -11 -12 13 -14 -15
leaf_value=0.054238735179830404 -0.0028252803860403281 -0.0091067545553259431 -0.09554443867788924 -0.55473418541838426 -0.026026944107473752 0.055569477417496328 -0.18513439013628932 0.81251713590913166 0.050581067756821307 0.00034930471647492994 0.78253168453518784 -0.43482620246992171 0.22333273633219627 -0.055715693444574797
leaf_weight=76775 972226 1564522 14931 2750 33429 15497 13779 5164 241314 25489 3196 2911 13548 41808
leaf_count=76775 972226 1564522 14931 2750 33429 15497 13779 5164 241314 25489 3196 2911 13548 41808
internal_value=1.98584e-06 -0.00140945 0.00727902 0.0377099 -0.0663572 0.0495006 0.0566172 0.153648 0.0378419 0.0764722 0.180213 -0.00322072 0.000285139 -0.0804862
internal_weight=3.02734e+06 2.95056e+06 1.38604e+06 355549 36179 319370 304439 49346 255093 44182 18693 1.03049e+06 985774 44719
internal_count=3027339 2950564 1386042 355549 36179 319370 304439 49346 255093 44182 18693 1030493 985774 44719
is_linear=0
shrinkage=0.02


Tree=185
num_leaves=15
num_cat=0
split_feature=27 26 9 9 26 20 9 26 9 9 23 24 0 27
split_gain=857427 701293 911276 773089 883210 1.13513e+06 745827 612018 610294 1.15442e+06 1.16654e+06 3.07652e+06 1.10378e+06 822177
threshold=36.633789062500007 10973.748535156252 -0.084905855357646928 0.47709186375141149 11330.355957031252 12565.047851562502 -0.84190595149993885 11417.158691406252 -0.24782751500606534 -0.47990448772907252 12310.619140625002 12270.561035156252 4807.5000000000009 7.5141601562500009
decision_type=2 2 2 2 2 2 2 2 2 2 2 2 2 2
left_child=8 -2 6 7 -5 -6 -3 -4 9 13 11 12 -11 -1
right_child=1 2 3 4 5 -7 -8 -9 -10 10 -12 -13 -14 -15
leaf_value=-0.013307756808696437 0.24960822200366134 0.47170876858530691 0.39284633293788884 0.21555223746732302 -0.17544904328786115 0.56502450308596941 -0.034780189002682455 0.13716452690705719 -0.010329259802935238 0.039309479498878357 -0.0200866224340484 0.46219255272333193 0.22732742892836669 0.028066800129957881
leaf_weight=766130 7393 1189 5080 5445 8553 907 38674 14253 1563289 241288 98166 7410 13162 256400
leaf_count=766130 7393 1189 5080 5445 8553 907 38674 14253 1563289 241288 98166 7410 13162 256400
internal_value=1.98655e-06 0.0639921 0.0454419 0.121105 0.0128458 -0.103931 -0.019558 0.204518 -0.00176844 0.00791147 0.0387104 0.0607521 0.0490438 -0.00293287
internal_weight=3.02734e+06 81494 74101 34238 14905 9460 39863 19333 2.94584e+06 1.38256e+06 360026 261860 254450 1.02253e+06
internal_count=3027339 81494 74101 34238 14905 9460 39863 19333 2945845 1382556 360026 261860 254450 1022530
is_linear=0
shrinkage=0.02


Tree=186
num_leaves=15
num_cat=0
split_feature=27 7 20 7 26 6 20 26 7 8 22 26 22 26
split_gain=826136 890448 1.15226e+06 1.0682e+06 912211 976978 861707 1.98108e+06 1.10957e+06 2.1489e+06 1.2484e+06 754768 1.59158e+06 1.20466e+06
threshold=0.18212890625000003 10942.550292968752 10920.458984375002 10889.665527343752 10950.395019531252 100.28137969970705 10970.681640625002 11018.114746093752 11179.634765625002 -0.844174563884735 11145.935546875002 10878.348144531252 10842.417480468752 10851.689941406252
decision_type=2 2 2 2 2 2 2 2 2 2 2 2 2 2
left_child=-1 2 11 -4 -5 -6 7 -3 9 -8 -10 12 -2 -14
right_child=1 6 3 4 5 -7 8 -9 10 -11 -12 -13 13 -15
leaf_value=-0.0092497384434251442 0.020014199869920805 -0.034830856797181967 0.51605330372875635 0.0073012869535187498 0.34955339905712973 -0.026230254518344077 0.66201430384074444 -0.46304349519313986 -0.14863722755889872 0.051869778461233862 0.0050690020946874215 -0.04857895207373205 0.47606092153662039 0.12755958455700531
leaf_weight=1696778 107508 63954 3102 13345 9543 3894 2339 4625 21633 135718 903040 37505 4984 19371
leaf_count=1696778 107508 63954 3102 13345 9543 3894 2339 4625 21633 135718 903040 37505 4984 19371
internal_value=2.11478e-06 0.0118004 0.0507851 0.165263 0.124455 0.240712 0.00493381 -0.0637733 0.00936812 0.0622544 0.00147141 0.0305775 0.0530936 0.199044
internal_weight=3.02734e+06 1.33056e+06 199252 29884 26782 13437 1.13131e+06 68579 1.06273e+06 138057 924673 169368 131863 24355
internal_count=3027339 1330561 199252 29884 26782 13437 1131309 68579 1062730 138057 924673 169368 131863 24355
is_linear=0
shrinkage=0.02


Tree=187
num_leaves=15
num_cat=0
split_feature=27 8 7 6 9 8 8 9 20 8 9 7 21 7
split_gain=811685 819292 819369 990079 694830 705106 673510 3.76231e+06 1.79572e+06 1.15432e+06 1.28158e+06 1.16973e+06 951431 796214
threshold=36.633789062500007 0.99276980757713329 11194.168945312502 99.129657745361342 -0.68669712543487538 -0.78596645593643177 0.95567026734352123 0.20284801721572879 11594.234375000002 0.87731993198394786 0.28987027704715734 12531.084472656252 10871.481933593752 11203.090820312502
decision_type=2 2 2 2 2 2 2 2 2 2 2 2 2 2
left_child=6 2 3 -2 -4 -6 9 12 -9 13 11 -11 -8 -1
right_child=1 -3 4 -5 5 -7 7 8 -10 10 -12 -13 -14 -15
leaf_value=0.0092781540715815031 0.25766165912586336 0.22500576272197667 0.41158197846889805 -0.013227142148624518 0.16044877384844752 -0.054319036768968189 -0.23885062828833331 -0.22124407375391208 -0.76557516467307585 0.058898888709325269 -0.50447169556416571 -0.032892218712114833 -0.01012440223918133 -0.01432834765219443
leaf_weight=1059662 12322 10733 1519 9595 7204 40121 7449 8280 3426 259826 1733 70619 294243 1240607
leaf_count=1059662 12322 10733 1519 9595 7204 40121 7449 8280 3426 259826 1733 70619 294243 1240607
internal_value=2.17087e-06 0.062262 0.0375485 0.139117 -0.00804542 -0.0215988 -0.00172039 -0.0294358 -0.381073 0.00157928 0.0364299 0.0392819 -0.0157796 -0.00345357
internal_weight=3.02734e+06 81494 70761 21917 48844 47325 2.94584e+06 313398 11706 2.63245e+06 332178 330445 301692 2.30027e+06
internal_count=3027339 81494 70761 21917 48844 47325 2945845 313398 11706 2632447 332178 330445 301692 2300269
is_linear=0
shrinkage=0.02


Tree=188
num_leaves=15
num_cat=0
split_feature=5 26 20 24 26 9 25 26 20 20 26 20 9 20
split_gain=502187 448242 1.30045e+06 1.0474e+06 1.77943e+06 1.70036e+06 1.62913e+06 956211 1.32852e+06 817316 2.22649e+06 1.21159e+06 781319 753034
threshold=0.072500001639127745 10761.401855468752 10804.545898437502 10652.759277343752 10675.935058593752 0.61151722073555004 0.033879151567816741 10866.337890625002 10871.181152343752 10911.979003906252 10889.278320312502 10943.746093750002 0.47709186375141149 10791.848144531252
decision_type=2 2 2 2 2 2 2 2 2 2 2 2 2 2
left_child=1 3 -3 -1 -5 -6 13 8 -4 12 11 -11 -9 -7
right_child=-2 2 7 4 5 6 -8 9 -10 10 -12 -13 -14 -15
leaf_value=-0.033619724268595934 0.04664785405161867 -0.084361493343162675 0.035568006911881694 0.31070500922368111 -0.012430563617955874 0.099625521178446627 0.40519266701611606 -0.077437197416029696 0.27689815656945399 0.10349988827248176 -0.0011864649424145159 0.75405733569469802 0.041546037184737997 -0.41609292097187178
leaf_weight=54690 89579 76686 69247 11438 53689 5954 8790 102203 10500 2222 2510442 2361 28150 1388
leaf_count=54690 89579 76686 69247 11438 53689 5954 8790 102203 10500 2222 2510442 2361 28150 1388
internal_value=2.07855e-06 -0.0014204 -0.00314132 0.034044 0.0795827 0.0416811 0.221668 -0.000855451 0.0673741 -0.00291254 -0.000381562 0.439561 -0.0517412 0.00169324
internal_weight=3.02734e+06 2.93776e+06 2.80181e+06 135949 81259 69821 16132 2.72512e+06 79747 2.64538e+06 2.51502e+06 4583 130353 7342
internal_count=3027339 2937760 2801811 135949 81259 69821 16132 2725125 79747 2645378 2515025 4583 130353 7342
is_linear=0
shrinkage=0.02


Tree=189
num_leaves=15
num_cat=0
split_feature=27 4 26 27 19 7 19 7 24 4 27 22 20 7
split_gain=797286 913096 872685 1.04791e+06 966686 1.25227e+06 769599 693902 654890 648788 837259 804089 945235 680523
threshold=14.307128906250002 86.755001068115249 12055.717285156252 57.106445312500007 12180.612792968752 12194.770507812502 12790.271972656252 10833.774902343752 10926.326171875002 -1.7450000047683714 50.212890625000007 11029.094238281252 11393.706542968752 11252.907714843752
decision_type=2 2 2 2 2 2 2 2 2 2 2 2 2 2
left_child=-1 6 3 -3 -4 -6 7 -2 -9 11 -11 -10 13 -13
right_child=1 2 4 -5 5 -7 -8 8 9 10 -12 12 -14 -15
leaf_value=-0.004001749830699005 0.19957626032075731 0.013273662063290797 -0.1563114035224524 0.3219175438003557 0.32947619199810052 -0.04223757959555198 0.48645764461662722 -0.10212830744563618 0.21710513507522766 0.081971691845809616 0.42106888035952872 -0.0064177613065994309 0.059505327207104851 -0.17942943947086173
leaf_weight=2627498 12129 137222 27057 4536 4155 27965 1643 11574 7396 77585 3017 23209 47409 14944
leaf_count=2627498 12129 137222 27057 4536 4155 27965 1643 11574 7396 77585 3017 23209 47409 14944
internal_value=2.13295e-06 0.0263126 -0.00375805 0.0231719 -0.0682618 0.00593377 0.0566887 0.0530846 0.0434768 0.0531921 0.0947153 0.0171816 -0.000122923 -0.0742138
internal_weight=3.02734e+06 399841 200935 141758 59177 32120 198906 197263 185134 173560 80602 92958 85562 38153
internal_count=3027339 399841 200935 141758 59177 32120 198906 197263 185134 173560 80602 92958 85562 38153
is_linear=0
shrinkage=0.02


Tree=190
num_leaves=15
num_cat=0
split_feature=4 7 19 4 7 23 7 22 6 20 23 7 8 20
split_gain=593100 470004 3.73788e+06 1.07617e+06 1.00564e+06 2.72389e+06 1.21488e+06 1.74764e+06 991632 1.11872e+06 999250 966264 3.39574e+06 1.73849e+06
threshold=284.38999938964849 11203.090820312502 11204.585449218752 -249.45500183105466 11057.007324218752 11230.068359375002 11171.963378906252 11202.510742187502 99.992637634277358 11045.292480468752 11120.622558593752 10971.728027343752 -0.844174563884735 10970.681640625002
decision_type=2 2 2 2 2 2 2 2 2 2 2 2 2 2
left_child=1 3 -3 -1 11 6 7 8 10 -10 -6 -5 -13 -14
right_child=-2 2 -4 4 5 -7 -8 -9 9 -11 -12 12 13 -15
leaf_value=-0.24756987643255829 0.14535828952074148 -0.11845269038168527 0.00043322293569766196 0.011418955476040944 0.37980031471879538 0.41295616867729523 0.010419846356838574 0.45945007605495192 -0.49186070006638316 0.037413739169613693 0.097929497177176222 0.33282534556742649 -0.16978363461116699 -0.024924728332286365
leaf_weight=6473 11177 112641 1735638 637437 6921 7674 242085 5133 1655 39348 18392 9375 42454 150936
leaf_count=6473 11177 112641 1735638 637437 6921 7674 242085 5133 1655 39348 18392 9375 42454 150936
internal_value=2.19888e-06 -0.000536921 -0.00681272 0.00939504 0.0108293 0.0409281 0.0318095 0.104271 0.0767135 0.0159355 0.175118 -0.000677705 -0.038705 -0.0567322
internal_weight=3.02734e+06 3.01616e+06 1.84828e+06 1.16788e+06 1.16141e+06 321208 313534 71449 66316 41003 25313 840202 202765 193390
internal_count=3027339 3016162 1848279 1167883 1161410 321208 313534 71449 66316 41003 25313 840202 202765 193390
is_linear=0
shrinkage=0.02


Tree=191
num_leaves=15
num_cat=0
split_feature=27 7 21 7 21 7 9 7 21 9 24 23 7 7
split_gain=769376 819492 1.03657e+06 1.4242e+06 827791 1.29509e+06 1.26054e+06 1.1096e+06 1.30267e+06 647415 637590 676982 636584 2.55514e+06
threshold=0.18212890625000003 10942.550292968752 10969.715332031252 10919.207031250002 10973.330566406252 11006.505859375002 -0.68419089913368214 11179.634765625002 11148.604980468752 0.74242034554481517 11226.084472656252 11175.624023437502 11006.505859375002 10997.610839843752
decision_type=2 2 2 2 2 2 2 2 2 2 2 2 2 2
left_child=-1 2 -2 -4 5 -3 -7 10 -9 -10 11 12 13 -6
right_child=1 4 3 -5 7 6 -8 8 9 -11 -12 -13 -14 -15
leaf_value=-0.0089261635551483604 0.037029986947382063 -0.034429243302708565 0.84200294577247448 0.15113024827369617 0.035090804091687876 0.13682301264878233 -0.50359319443029127 -0.15012175325870572 0.0070294422907399984 -0.15321727387233428 -0.17855052634478838 0.18012244850503883 0.0072024024707941703 0.39594331260887061
leaf_weight=1696778 186854 66589 1329 11069 41345 1667 4634 22113 892370 10190 4219 19342 59161 9679
leaf_count=1696778 186854 66589 1329 11069 41345 1667 4634 22113 892370 10190 4219 19342 59161 9679
internal_value=2.21058e-06 0.011388 0.0487872 0.225809 0.00480066 -0.0603867 -0.334212 0.00929045 0.00150207 0.00521854 0.0631323 0.0710178 0.0518507 0.103607
internal_weight=3.02734e+06 1.33056e+06 199252 12398 1.13131e+06 72890 6301 1.05842e+06 924673 902560 133746 129527 110185 51024
internal_count=3027339 1330561 199252 12398 1131309 72890 6301 1058419 924673 902560 133746 129527 110185 51024
is_linear=0
shrinkage=0.02


Tree=192
num_leaves=15
num_cat=0
split_feature=27 8 25 8 8 23 24 25 0 23 24 26 20 19
split_gain=759901 768593 970211 646755 1.09109e+06 990363 3.11876e+06 806303 1.17367e+06 801352 682909 905173 2.72469e+06 919955
threshold=36.633789062500007 0.99638897180557262 0.05382217466831208 0.95567026734352123 0.87731993198394786 12310.619140625002 12270.561035156252 0.09386321529746057 4121.5000000000009 10870.834472656252 12216.741699218752 11372.095214843752 10953.877929687502 11890.460937500002
decision_type=2 2 2 2 2 2 2 2 2 2 2 2 2 2
left_child=3 2 -2 4 -1 6 7 8 -6 -5 11 12 -10 -13
right_child=1 -3 -4 9 5 -7 -8 -9 10 -11 -12 13 -14 -15
leaf_value=-0.0033240922672357061 -0.021567387398702155 0.22510811711442585 0.12935946908057502 -0.23372964012018829 0.032077360607254232 -0.018425692712869601 0.47489870514502053 -0.28040819748284967 0.045269025674576753 -0.023831501346740912 0.56059703947736927 -0.11293239022111586 0.82365011654428844 0.17865710559724876
leaf_weight=2300269 43633 9923 27938 7443 197617 96727 6942 2998 4990 305955 1679 6931 2804 11490
leaf_count=2300269 43633 9923 27938 7443 197617 96727 6942 2998 4990 305955 1679 6931 2804 11490
internal_value=2.21716e-06 0.0602433 0.037357 -0.00166449 0.00156897 0.0354516 0.0575852 0.0448871 0.049224 -0.0288238 0.170645 0.145465 0.326002 0.0689422
internal_weight=3.02734e+06 81494 71571 2.94584e+06 2.63245e+06 332178 235451 228509 225511 313398 27894 26215 7794 18421
internal_count=3027339 81494 71571 2945845 2632447 332178 235451 228509 225511 313398 27894 26215 7794 18421
is_linear=0
shrinkage=0.02


Tree=193
num_leaves=15
num_cat=0
split_feature=27 4 19 7 19 7 7 24 4 27 22 21 4 7
split_gain=741616 880121 740366 718131 932378 1.18516e+06 658689 632321 616549 787197 765320 812283 607484 591970
threshold=14.307128906250002 86.755001068115249 12790.271972656252 12029.321777343752 12180.612792968752 12194.770507812502 10833.774902343752 10926.326171875002 -1.7450000047683714 50.212890625000007 11029.094238281252 11394.163085937502 -97.694999694824205 11252.907714843752
decision_type=2 2 2 2 2 2 2 2 2 2 2 2 2 2
left_child=-1 2 6 -3 -5 -6 12 -8 10 -10 -9 13 -2 -12
right_child=1 3 -4 4 5 -7 7 8 9 -11 11 -13 -14 -15
leaf_value=-0.0038592796318964091 0.50050106458958343 0.019285389698629914 0.47672755606882661 -0.16047694581988517 0.31976265725711672 -0.041854084506011427 -0.10076968038550525 0.21179081790034546 0.079972304815943071 0.40877609888520583 -0.0068671657737160276 0.054576376373624162 0.12882100230345145 -0.16969134671311709
leaf_weight=2627498 2128 145183 1643 23632 4155 27965 11574 7396 77585 3017 23211 47842 10001 14509
leaf_count=2627498 2128 145183 1643 23632 4155 27965 11574 7396 77585 3017 23211 47842 10001 14509
internal_value=2.29001e-06 0.0253776 0.0552001 -0.00414506 -0.0651528 0.00500851 0.0516651 0.0423044 0.0518508 0.0923291 0.0167464 -0.00013582 0.194391 -0.0695264
internal_weight=3.02734e+06 399841 198906 200935 55752 32120 197263 185134 173560 80602 92958 85562 12129 37720
internal_count=3027339 399841 198906 200935 55752 32120 197263 185134 173560 80602 92958 85562 12129 37720
is_linear=0
shrinkage=0.02


Tree=194
num_leaves=15
num_cat=0
split_feature=17 5 0 26 26 19 26 19 24 26 24 9 26 0
split_gain=547226 454239 504688 469216 1.51136e+06 854099 831972 1.21402e+06 787094 2.09927e+06 927840 540663 709465 532849
threshold=0.20504906773567202 0.062499998137354858 2273.5000000000005 10755.825683593752 10729.708007812502 10802.654296875002 10866.337890625002 10877.849121093752 10913.860351562502 10889.278320312502 10937.878417968752 0.47709186375141149 10975.686035156252 7400.5000000000009
decision_type=2 2 2 2 2 2 2 2 2 2 2 2 2 2
left_child=-1 3 -3 4 -2 -5 7 -7 11 10 -10 12 -8 -11
right_child=1 2 -4 5 -6 6 8 -9 9 13 -12 -13 -14 -15
leaf_value=0.03732819287009858 0.012711820774975822 -0.0078455903841311379 0.062446643743665639 -0.069011060749655531 0.26551002135844776 0.036665164351195711 -0.059657233883872493 0.31581144402670452 0.15921653120677742 -0.0032018612441584472 0.75068610525248958 0.031073251183769322 -0.25825136765724382 -0.17343949724839763
leaf_weight=149350 103055 75243 89387 82340 10406 66022 91678 6872 2243 2309883 2015 23677 7800 7368
leaf_count=149350 103055 75243 89387 82340 10406 66022 91678 6872 2243 2309883 2015 23677 7800 7368
internal_value=2.35794e-06 -0.00193474 0.0303214 -0.00389196 0.0359186 -0.00562945 -0.0035562 0.0630213 -0.00554164 -0.0029277 0.440224 -0.0548107 -0.0752535 -0.00374391
internal_weight=3.02734e+06 2.87799e+06 164630 2.71336e+06 113461 2.5999e+06 2.51756e+06 72894 2.44466e+06 2.32151e+06 4258 123155 99478 2.31725e+06
internal_count=3027339 2877989 164630 2713359 113461 2599898 2517558 72894 2444664 2321509 4258 123155 99478 2317251
is_linear=0
shrinkage=0.02


Tree=195
num_leaves=15
num_cat=0
split_feature=4 7 19 7 24 24 7 19 21 21 8 7 7 8
split_gain=563257 443283 3.5612e+06 1.03957e+06 2.63006e+06 1.03192e+06 1.01853e+06 3.21899e+06 862225 956862 2.18097e+06 1.74315e+06 1.25347e+06 1.33512e+06
threshold=284.38999938964849 11203.090820312502 11204.585449218752 11057.007324218752 11216.794921875002 11120.594726562502 11019.201171875002 10984.387695312502 11163.089355468752 10976.944824218752 -0.82622474431991566 10919.207031250002 10974.288085937502 0.68419089913368236
decision_type=2 2 2 2 2 2 2 2 2 2 2 2 2 2
left_child=1 3 -3 6 5 -5 8 -8 9 12 -11 -12 -1 -14
right_child=-2 2 -4 4 -6 -7 7 -9 -10 10 11 -13 13 -15
leaf_value=0.005290528759807964 0.14165430121429601 -0.11558741607669556 0.00045483539141084385 0.15708782695294654 0.26286131067586244 0.01470661447645823 -0.3770321695186028 -0.017821275665719626 -0.11948532787055031 0.48502222765491126 0.86218394747512561 0.035362519967151639 0.0096651821529358615 -0.23093732846849754
leaf_weight=586326 11177 112641 1735638 21950 19819 279684 11687 67944 21766 4624 1019 116130 17829 19105
leaf_count=586326 11177 112641 1735638 21950 19819 279684 11687 67944 21766 4624 1019 116130 17829 19105
internal_value=2.38375e-06 -0.000522997 -0.00661779 0.00912251 0.0397412 0.0250727 -0.00250601 -0.0705816 0.00456435 0.00819003 0.059465 0.0426276 -0.00182887 -0.114821
internal_weight=3.02734e+06 3.01616e+06 1.84828e+06 1.16788e+06 321453 301634 846430 79631 766799 745033 121773 117149 623260 36934
internal_count=3027339 3016162 1848279 1167883 321453 301634 846430 79631 766799 745033 121773 117149 623260 36934
is_linear=0
shrinkage=0.02


Tree=196
num_leaves=15
num_cat=0
split_feature=4 21 7 24 4 7 20 4 4 7 0 4 4 6
split_gain=540971 435891 1.09875e+06 2.17486e+06 2.16041e+06 1.53324e+06 1.41767e+06 1.32791e+06 1.14172e+06 1.08375e+06 1.00871e+06 1.00366e+06 958535 763242
threshold=284.38999938964849 12773.829101562502 12544.754394531252 12220.685058593752 -168.94499969482419 12223.541503906252 12557.668457031252 166.83499908447268 122.95499801635744 12194.770507812502 5918.5000000000009 -249.45500183105466 -79.185001373291001 57.979869842529304
decision_type=2 2 2 2 2 2 2 2 2 2 2 2 2 2
left_child=1 2 3 5 -5 11 10 -7 -8 -6 12 -1 -4 -11
right_child=-2 -3 6 4 9 7 8 -9 -10 13 -12 -13 -14 -15
leaf_value=-0.13722067999423726 0.13882374774955622 0.053416582635593297 -0.30221290740148382 0.34182785939646054 0.31654019995137039 -0.15165443641828477 -0.0021774551094035258 -0.89600109092905744 -0.1430906238642054 -0.12249129261322521 -0.69468526930451224 -0.0012666347408176802 -0.061720453325692273 0.048302376222285677
leaf_weight=21902 11177 58772 10256 10382 5797 14777 146465 1016 27274 11011 1401 2480383 18734 207992
leaf_count=21902 11177 58772 10256 10382 5797 14777 146465 1016 27274 11011 1401 2480383 18734 207992
internal_value=2.41014e-06 -0.000512472 -0.00158438 0.00173504 0.0598977 -0.00369741 -0.046354 -0.200078 -0.0243054 0.0468625 -0.172351 -0.00245716 -0.146877 0.0397099
internal_weight=3.02734e+06 3.01616e+06 2.95739e+06 2.75326e+06 235182 2.51808e+06 204130 15793 173739 224800 30391 2.50228e+06 28990 219003
internal_count=3027339 3016162 2957390 2753260 235182 2518078 204130 15793 173739 224800 30391 2502285 28990 219003
is_linear=0
shrinkage=0.02


Tree=197
num_leaves=15
num_cat=0
split_feature=27 8 8 9 20 8 9 23 24 23 23 4 27 19
split_gain=729416 717043 621045 3.63665e+06 1.71332e+06 1.039e+06 1.22175e+06 1.03995e+06 2.92782e+06 873906 749611 1.7911e+06 612474 783811
threshold=36.633789062500007 0.99276980757713329 0.95567026734352123 0.20284801721572879 11594.234375000002 0.87731993198394786 0.28987027704715734 12310.619140625002 12270.561035156252 10870.834472656252 12219.798828125002 43.57500076293946 11.761230468750002 12951.521484375002
decision_type=2 2 2 2 2 2 2 2 2 2 2 2 2 2
left_child=2 -2 5 9 -5 12 7 8 10 -4 -7 -12 -1 -14
right_child=1 -3 3 4 -6 6 -8 -9 -10 -11 11 -13 13 -15
leaf_value=-0.0072587960003144235 0.035902484736822664 0.21127296064237994 -0.22869643842598206 -0.21783829072478525 -0.74953864504072532 0.040397851174740859 -0.49352274536479501 -0.01776379445800878 0.46450301914138264 -0.0094008628187198223 -0.031540063516935904 0.5331501747908689 0.020838326604613596 0.45301933818518836
leaf_weight=1996987 70761 10733 7443 8280 3426 217732 1733 96727 6942 294249 4922 4122 301604 1678
leaf_count=1996987 70761 10733 7443 8280 3426 217732 1733 96727 6942 294249 4922 4122 301604 1678
internal_value=2.25453e-06 0.0590226 -0.00163068 -0.0282447 -0.37396 0.00153786 0.0346018 0.0373864 0.0602109 -0.0148185 0.0478148 0.226132 -0.00323697 0.0232444
internal_weight=3.02734e+06 81494 2.94584e+06 313398 11706 2.63245e+06 332178 330445 233718 301692 226776 9044 2.30027e+06 303282
internal_count=3027339 81494 2945845 313398 11706 2632447 332178 330445 233718 301692 226776 9044 2300269 303282
is_linear=0
shrinkage=0.02


Tree=198
num_leaves=15
num_cat=0
split_feature=17 4 4 19 7 19 7 23 7 23 6 20 23 7
split_gain=525920 554172 471109 1.41785e+06 473184 3.37663e+06 958168 2.56758e+06 1.075e+06 1.67847e+06 858606 1.08423e+06 857802 827488
threshold=0.12508517503738406 284.38999938964849 -249.45500183105466 12246.272949218752 11203.090820312502 11204.585449218752 11057.007324218752 11230.068359375002 11171.963378906252 11202.081542968752 99.992637634277358 11045.292480468752 11120.622558593752 10971.728027343752
decision_type=2 2 2 2 2 2 2 2 2 2 2 2 2 2
left_child=-1 2 3 -2 6 -6 13 8 9 10 12 -12 -8 -4
right_child=1 -3 4 -5 5 -7 7 -9 -10 -11 11 -13 -14 -15
leaf_value=0.070195766802977871 -0.1343909853378569 0.14101844972815678 0.0092249286575569033 0.45921218833659938 -0.11322411452203382 -0.00012561124011888178 0.36674078644699165 0.39983978827903005 0.0097775922483839643 0.44136882871457017 -0.48507787865832841 0.03618047283850552 0.094462643214784661 -0.037295240325624965
leaf_weight=42092 21804 10942 627819 1728 112626 1688391 6263 7673 242036 5278 1654 39139 17698 202196
leaf_count=42092 21804 10942 627819 1728 112626 1688391 6263 7673 242036 5278 1654 39139 17698 202196
internal_value=2.20941e-06 -0.000987745 -0.00151064 -0.0906242 -0.000799663 -0.00719879 0.0092241 0.0386401 0.0297465 0.0987489 0.0707583 0.0149312 0.165756 -0.00210792
internal_weight=3.02734e+06 2.98525e+06 2.9743e+06 23532 2.95077e+06 1.80102e+06 1.14976e+06 319741 312068 70032 64754 40793 23961 830015
internal_count=3027339 2985247 2974305 23532 2950773 1801017 1149756 319741 312068 70032 64754 40793 23961 830015
is_linear=0
shrinkage=0.02


Tree=199
num_leaves=15
num_cat=0
split_feature=4 21 26 19 21 21 24 23 26 19 26 26 23 24
split_gain=499020 421131 850163 781197 553894 549227 1.56727e+06 770642 682469 2.18418e+06 1.95882e+06 1.93933e+06 1.57116e+06 1.3503e+06
threshold=284.38999938964849 12773.829101562502 12763.958496093752 13462.845214843752 12720.397460937502 12732.083007812502 12675.733398437502 12738.863281250002 12532.560058593752 12292.824218750002 12281.559082031252 12281.559082031252 12225.526855468752 12528.304199218752
decision_type=2 2 2 2 2 2 2 2 2 2 2 2 2 2
left_child=1 2 5 -4 -5 6 8 -7 9 10 12 -11 -1 -13
right_child=-2 -3 3 4 -6 7 -8 -9 -10 11 -12 13 -14 -15
leaf_value=-0.0035528173580247069 0.13333240275326108 0.052515899620749588 -0.067696647408328842 -0.59152009001941219 -0.047743405338456321 -0.14668764723376523 0.14197660030404408 0.055806042932072739 -0.044621887793256196 0.26261964118445186 -0.21118147576302426 0.0006157660619971069 0.092003865761566633 0.17784328308202813
leaf_weight=2520708 11177 58772 35092 2040 1184 22866 31029 11191 136060 20824 17839 64351 70749 23457
leaf_count=2520708 11177 58772 35092 2040 1184 22866 31029 11191 136060 20824 17839 64351 70749 23457
internal_value=2.24881e-06 -0.000492267 -0.00154588 -0.0951299 -0.392592 -0.000317155 0.000625541 -0.0801516 -0.000911735 0.00127655 -0.00238183 0.0891417 -0.000943685 0.0479754
internal_weight=3.02734e+06 3.01616e+06 2.95739e+06 38316 3224 2.91907e+06 2.88502e+06 34057 2.85399e+06 2.71793e+06 2.6093e+06 108632 2.59146e+06 87808
internal_count=3027339 3016162 2957390 38316 3224 2919074 2885017 34057 2853988 2717928 2609296 108632 2591457 87808
is_linear=0
shrinkage=0.02


Tree=200
num_leaves=15
num_cat=0
split_feature=7 21 26 4 23 7 21 26 26 21 26 4 7 7
split_gain=492402 3.08635e+06 1.9286e+06 975734 840887 3.2773e+06 4.2347e+06 2.31841e+06 1.2233e+06 5.26599e+06 2.82273e+06 1.5211e+06 973501 819591
threshold=11203.090820312502 11202.996582031252 11239.116210937502 -249.45500183105466 11353.098144531252 11368.623535156252 11406.906250000002 11360.649902343752 11517.272460937502 11594.419433593752 11690.550292968752 -38.67499923706054 11470.466308593752 11057.007324218752
decision_type=2 2 2 2 2 2 2 2 2 2 2 2 2 2
left_child=3 2 -2 -1 7 6 -6 -3 9 12 11 -10 -7 -5
right_child=1 4 -4 13 5 8 -8 -9 10 -11 -12 -13 -14 -15
leaf_value=-0.23458187386340038 -0.095093610368763445 -0.0074095835968723701 -0.50462654231869786 0.0011820464752021408 0.10316046671187659 -0.021145488631170998 0.73837153980561054 -0.1769829198818188 0.57895359183642459 -0.75258261740879362 0.004832826470494888 0.11785028803150939 -0.23254918379553183 0.038677592188267967
leaf_weight=6473 94067 192428 4827 850842 52046 248416 4557 38734 5038 4072 1188988 6623 9020 321208
leaf_count=6473 94067 192428 4827 850842 52046 248416 4557 38734 5038 4072 1188988 6623 9020 321208
internal_value=2.19086e-06 -0.00643773 -0.115132 0.0101048 -0.000294411 0.00511448 0.154422 -0.0358302 -0.000666511 -0.0398638 0.00787111 0.317392 -0.0285614 0.0114582
internal_weight=3.02734e+06 1.84882e+06 98894 1.17852e+06 1.74992e+06 1.51876e+06 56603 231162 1.46216e+06 261508 1.20065e+06 11661 257436 1.17205e+06
internal_count=3027339 1848816 98894 1178523 1749922 1518760 56603 231162 1462157 261508 1200649 11661 257436 1172050
is_linear=0
shrinkage=0.02


Tree=201
num_leaves=15
num_cat=0
split_feature=27 8 25 4 27 26 26 21 24 19 26 21 8 19
split_gain=700964 680962 953766 615689 593251 1.02043e+06 1.30237e+06 1.28963e+06 990619 952389 1.30002e+06 947541 994775 1.25307e+06
threshold=36.633789062500007 0.99276980757713329 0.05382217466831208 92.725002288818374 -23.762207031249996 10985.780273437502 11170.045898437502 10969.715332031252 10906.415527343752 10781.623046875002 10706.806152343752 11185.900878906252 -0.9504232108592986 11758.453613281252
decision_type=2 2 2 2 2 2 2 2 2 2 2 2 2 2
left_child=4 2 3 -2 5 7 -7 8 9 10 -1 -8 -13 -14
right_child=1 -3 -4 -5 -6 6 11 -9 -10 -11 -12 12 13 -15
leaf_value=-0.17037533632034721 0.053817833123992992 0.20623032643987427 0.12621350461042374 -0.097869232727657268 0.00070158756339155459 0.18480833312420183 -0.29834304336252598 -0.3192759272033725 0.097776042462864199 -0.23381101098282847 0.30034807269956282 -0.10398429408958076 0.1391737044657809 -0.030626124474337428
leaf_weight=5751 20861 10733 27938 21962 2764285 12541 5003 10001 10767 14713 3950 36818 24998 57018
leaf_count=5751 20861 10733 27938 21962 2764285 12541 5003 10001 10767 14713 3950 36818 24998 57018
internal_value=2.11762e-06 0.0578599 0.0353289 -0.0239799 -0.00159865 -0.0366184 -0.00932405 -0.118983 -0.0619704 -0.132433 0.0214011 -0.0289974 -0.0176334 0.0211383
internal_weight=3.02734e+06 81494 70761 42823 2.94584e+06 181560 136378 45182 35181 24414 9701 123837 118834 82016
internal_count=3027339 81494 70761 42823 2945845 181560 136378 45182 35181 24414 9701 123837 118834 82016
is_linear=0
shrinkage=0.02


Tree=202
num_leaves=15
num_cat=0
split_feature=27 0 26 19 26 26 21 9 23 9 26 27 22 21
split_gain=687250 750761 1.00181e+06 617818 551863 1.77081e+06 1.71156e+06 1.23278e+06 798477 726641 720647 626426 615244 1.61116e+06
threshold=0.18212890625000003 6008.5000000000009 12614.383300781252 13462.845214843752 11021.704589843752 11006.353515625002 10973.330566406252 0.58100306987762462 11168.909667968752 0.74242034554481517 11223.586914062502 2.0600585937500004 12662.536132812502 12732.083007812502
decision_type=2 2 2 2 2 2 2 2 2 2 2 2 2 2
left_child=-1 3 -3 4 5 -2 -6 11 10 12 -8 -7 -10 -14
right_child=1 2 -4 -5 6 7 8 -9 9 -11 -12 -13 13 -15
leaf_value=-0.0084363410465185581 0.026713927198847714 -0.060117077127904248 -0.70770632818690615 -0.19714708881813539 -0.48086822179154709 0.020622241933947797 -0.023860610591844151 -0.00076051786465520718 0.011805394708146032 -0.15630215556801885 -0.18003094420383281 0.45311811466741625 0.26255758764195658 0.018985538751803199
leaf_weight=1696778 298193 37025 971 5544 2860 1604 86565 5133 802475 9850 13679 8149 14403 44110
leaf_count=1696778 298193 37025 971 5544 2860 1604 86565 5133 802475 9850 13679 8149 14403 44110
internal_value=2.06566e-06 0.010763 -0.0768488 0.013339 0.0142473 0.0373458 0.00682178 0.250159 0.00826307 0.0144163 -0.0451872 0.382085 0.0163712 0.0789759
internal_weight=3.02734e+06 1.33056e+06 37996 1.29256e+06 1.28702e+06 313079 973942 14886 971082 870838 100244 9753 860988 58513
internal_count=3027339 1330561 37996 1292565 1287021 313079 973942 14886 971082 870838 100244 9753 860988 58513
is_linear=0
shrinkage=0.02


Tree=203
num_leaves=15
num_cat=0
split_feature=27 8 7 8 7 8 8 7 20 7 24 23 4 23
split_gain=671635 684027 599952 579872 578532 570585 1.00007e+06 929317 741838 1.4061e+06 732553 1.7939e+06 1.26052e+06 773003
threshold=33.938964843750007 0.99276980757713329 11194.168945312502 -0.78596645593643177 11185.928222656252 0.95567026734352123 0.87731993198394786 12531.084472656252 12183.192871093752 12186.018554687502 12220.685058593752 12310.619140625002 42.504999160766609 12451.452636718752
decision_type=2 2 2 2 2 2 2 2 2 2 2 2 2 2
left_child=5 2 4 -4 -2 6 -1 10 -7 -10 -8 12 -12 -13
right_child=1 -3 3 -5 -6 8 7 -9 9 -11 11 13 -14 -15
leaf_value=-0.0033279669781352303 0.086672324847763896 0.20208074544626298 0.14874823159888134 -0.032372836944015715 0.48557539430996038 -0.037480869781477959 0.036207914080326836 -0.030472435841244719 0.21377553638414046 -0.056085985345069721 0.1009626995898714 -0.18481488270525512 0.43381469856919519 0.077265392767042279
leaf_weight=2290631 26373 10829 8316 46882 1530 281416 215620 70529 14027 17163 8605 5803 9669 19946
leaf_count=2290631 26373 10829 8316 46882 1530 281416 215620 70529 14027 17163 8605 5803 9669 19946
internal_value=1.95631e-06 0.0526432 0.0331476 -0.0050632 0.108712 -0.00168382 0.00136259 0.0339034 -0.0272235 0.0653071 0.051391 0.12573 0.277221 0.0181513
internal_weight=3.02734e+06 93930 83101 55198 27903 2.93341e+06 2.6208e+06 330172 312606 31190 259643 44023 18274 25749
internal_count=3027339 93930 83101 55198 27903 2933409 2620803 330172 312606 31190 259643 44023 18274 25749
is_linear=0
shrinkage=0.02


Tree=204
num_leaves=15
num_cat=0
split_feature=27 9 4 4 22 7 4 4 24 9 7 27 19 7
split_gain=661234 727621 657434 695504 1.01064e+06 582313 1.03794e+06 549338 837885 712656 650353 693598 887962 1.65676e+06
threshold=9.3120117187500018 -0.7020561397075652 221.06999969482425 59.594999313354499 10991.809082031252 10825.204589843752 -99.344997406005845 115.35499954223634 10922.503906250002 0.55122801661491405 12539.944824218752 42.740234375000007 12180.612792968752 11880.941894531252
decision_type=2 2 2 2 2 2 2 2 2 2 2 2 2 2
left_child=-1 2 3 4 -2 6 -3 8 -7 -10 11 -9 13 -13
right_child=1 5 -4 -5 -6 7 -8 10 9 -11 -12 12 -14 -15
leaf_value=-0.0044732988459763642 -0.1111000258384348 0.4530948619387597 0.36664894603995074 0.02848503468867334 0.33332750891623802 -0.10340792964632874 0.05746948454278715 -0.036555011304449665 0.049049840401005664 -0.017090068191053197 -0.19664908942975756 0.20175430484561052 0.3334149405213957 -0.14998131035496517
leaf_weight=2462773 2777 2839 3315 32191 7728 20344 38559 113462 215718 93362 8370 10614 4493 10794
leaf_count=2462773 2777 2839 3315 32191 7728 20344 38559 113462 215718 93362 8370 10614 4493 10794
internal_value=2.01263e-06 0.0195242 0.0957395 0.0746242 0.215847 0.0127599 0.0847041 0.00651634 0.020887 0.0290714 -0.0255273 -0.0152364 0.0781293 0.0244196
internal_weight=3.02734e+06 564566 46011 42696 10505 518555 41398 477157 329424 309080 147733 139363 25901 21408
internal_count=3027339 564566 46011 42696 10505 518555 41398 477157 329424 309080 147733 139363 25901 21408
is_linear=0
shrinkage=0.02


Tree=205
num_leaves=15
num_cat=0
split_feature=17 7 19 7 23 7 21 7 19 8 22 7 8 21
split_gain=493797 452011 3.06104e+06 867167 2.45634e+06 983341 1.65522e+06 924850 2.26311e+06 1.08925e+06 813391 957520 1.81582e+06 1.13612e+06
threshold=0.12508517503738406 11203.090820312502 11204.585449218752 11057.007324218752 11230.068359375002 11171.963378906252 11180.475585937502 11019.201171875002 10984.387695312502 0.53606674075126659 11164.475097656252 10997.610839843752 -0.81390005350112904 10945.590332031252
decision_type=2 2 2 2 2 2 2 2 2 2 2 2 2 2
left_child=-1 3 -3 7 5 6 -5 10 9 -9 11 -2 -13 -14
right_child=1 2 -4 4 -6 -7 -8 8 -10 -11 -12 12 13 -15
leaf_value=0.068018181079316231 0.0029521359117538767 -0.10817200056887578 -0.00052317575250600224 0.048534039555937734 0.39009818230206866 0.0089902468436495984 0.30134245473001914 -0.40647648258245789 -0.016636169473339426 -0.038593175853031812 -0.11583731576554784 0.47421403723525002 -0.3491187450931531 0.084249402720840083
leaf_weight=42092 698564 112626 1705983 57657 7673 242036 12620 10086 68596 4730 21616 4622 2585 35853
leaf_count=42092 698564 112626 1705983 57657 7673 242036 12620 10086 68596 4730 21616 4622 2585 35853
internal_value=2.05198e-06 -0.000957194 -0.00719041 0.00875939 0.0368067 0.0281147 0.0939688 -0.00184118 -0.065068 -0.289137 0.0050694 0.00859499 0.100117 0.0550212
internal_weight=3.02734e+06 2.98525e+06 1.81861e+06 1.16664e+06 319986 312313 70277 846652 83412 14816 763240 741624 43060 38438
internal_count=3027339 2985247 1818609 1166638 319986 312313 70277 846652 83412 14816 763240 741624 43060 38438
is_linear=0
shrinkage=0.02


Tree=206
num_leaves=15
num_cat=0
split_feature=17 4 4 20 21 21 24 20 8 4 22 23 16 17
split_gain=479231 515835 487144 731789 653712 1.36121e+06 906765 835996 563939 402304 565750 401691 366671 655563
threshold=0.20504906773567202 284.38999938964849 -197.13000488281247 12107.019042968752 10908.246582031252 11064.754394531252 10901.408203125002 11371.759765625002 -0.8594742715358733 -129.87499999999997 12230.186035156252 10923.535644531252 -17.100000381469723 0.5426442325115205
decision_type=2 2 2 2 2 2 2 2 2 2 2 2 2 2
left_child=9 2 3 4 6 -6 -2 -7 -5 10 -1 -8 13 -4
right_child=1 -3 12 8 5 7 11 -9 -10 -11 -12 -13 -14 -15
leaf_value=0.076637553963105023 -0.052969292632090388 0.13744422545239413 0.0026752141969685755 0.27818611629741802 -0.27379364278958795 0.070731518828576104 0.50129186011557081 -0.11089778993967184 -0.0070624122447824787 0.023787822067412982 0.39865714191241586 -0.11118072344296014 -0.0040488279617670164 0.061425107062218598
leaf_weight=12799 6090 10591 336225 4208 13925 15594 2222 28925 8087 133928 2623 526 2353454 98142
leaf_count=12799 6090 10591 336225 4208 13925 15594 2222 28925 8087 133928 2623 526 2353454 98142
internal_value=2.03358e-06 -0.00181073 -0.00232556 -0.0511149 -0.0770417 -0.101284 0.0831982 -0.0472751 0.0907098 0.034932 0.131631 0.384072 -0.000932708 0.0159505
internal_weight=3.02734e+06 2.87799e+06 2.8674e+06 79577 67282 58444 8838 44519 12295 149350 15422 2748 2.78782e+06 434367
internal_count=3027339 2877989 2867398 79577 67282 58444 8838 44519 12295 149350 15422 2748 2787821 434367
is_linear=0
shrinkage=0.02


Tree=207
num_leaves=15
num_cat=0
split_feature=17 5 13 14 21 21 23 5 24 24 21 22 5 17
split_gain=466970 415300 374262 538805 364166 533937 575108 467537 411784 686381 596788 404142 330838 450394
threshold=0.10326559469103815 0.077500000596046462 -12.099999904632567 0.64269798994064342 12773.829101562502 12732.083007812502 12738.863281250002 -0.0074999998323619357 12787.393554687502 12675.733398437502 12688.229980468752 12801.595703125002 -0.027499999850988385 0.47429822385311132
decision_type=2 2 2 2 2 2 2 2 2 2 2 2 2 2
left_child=-1 2 3 -2 5 8 -7 -8 9 12 -11 -10 13 -4
right_child=1 -3 4 -5 -6 6 7 -9 11 10 -12 -13 -14 -15
leaf_value=0.078291728894845827 0.0012975735748648977 0.050464884068029944 -0.0090180413292633814 0.043993932895118396 0.05160087600525548 -0.15595886362653541 0.086844432837824115 -0.084788821407086698 -0.44722888824388429 0.2559254219819207 0.040003236901186859 -0.027657154910492338 -0.0016363997926822325 -0.050141996218850571
leaf_weight=30161 492286 61927 419404 155582 43558 19687 10933 15111 1655 6886 19904 2051 1605402 142792
leaf_count=30161 492286 61927 419404 155582 43558 19687 10933 15111 1655 6886 19904 2051 1605402 142792
internal_value=2.05868e-06 -0.000786033 -0.00186748 0.0115514 -0.00566824 -0.0067802 -0.0744119 -0.0127325 -0.00537279 -0.00501654 0.0955786 -0.215731 -0.00626027 -0.0194638
internal_weight=3.02734e+06 2.99718e+06 2.93525e+06 647868 2.28738e+06 2.24382e+06 45731 26044 2.19809e+06 2.19439e+06 26790 3706 2.1676e+06 562196
internal_count=3027339 2997178 2935251 647868 2287383 2243825 45731 26044 2198094 2194388 26790 3706 2167598 562196
is_linear=0
shrinkage=0.02


Tree=208
num_leaves=15
num_cat=0
split_feature=7 19 4 7 7 7 23 20 21 4 23 21 7 19
split_gain=456044 2.98228e+06 874554 794792 804440 761740 2.34495e+06 1.08555e+06 1.09794e+06 1.30484e+06 772992 726306 783970 1.63169e+06
threshold=11203.090820312502 11204.585449218752 -249.45500183105466 11219.278320312502 12753.250976562502 11057.007324218752 11216.631835937502 11086.708496093752 11041.664062500002 -160.13500213623044 11256.803222656252 11165.486816406252 11019.201171875002 10984.387695312502
decision_type=2 2 2 2 2 2 2 2 2 2 2 2 2 2
left_child=2 3 -1 -2 -5 11 7 8 9 -7 -8 12 -4 -14
right_child=1 -3 5 4 -6 6 10 -9 -10 -11 -12 -13 13 -15
leaf_value=-0.22192855399061137 -0.070101001804971863 0.0002747327254830376 0.01050939657436503 -0.19803137889325964 0.50152129991932171 -0.71159044046871001 0.1848315753622343 0.01541961226413259 0.32788871629180655 0.14392176111375329 0.49711297574900931 -0.11354938641490281 -0.25941362885247882 -0.015725361233774028
leaf_weight=6473 77465 1736175 747524 34515 661 966 16172 288748 8740 2639 3943 21533 13074 68711
leaf_count=6473 77465 1736175 747524 34515 661 966 16172 288748 8740 2639 3943 21533 13074 68711
internal_value=2.00637e-06 -0.0061956 0.00972453 -0.105916 -0.184747 0.0110058 0.037247 0.0232755 0.206861 -0.086651 0.246263 0.00109895 0.00407715 -0.0547081
internal_weight=3.02734e+06 1.84882e+06 1.17852e+06 112641 35176 1.17205e+06 321208 301093 12345 3605 20115 850842 829309 81785
internal_count=3027339 1848816 1178523 112641 35176 1172050 321208 301093 12345 3605 20115 850842 829309 81785
is_linear=0
shrinkage=0.02


Tree=209
num_leaves=15
num_cat=0
split_feature=4 21 7 19 26 26 23 7 25 4 7 4 4 21
split_gain=460280 395083 1.02048e+06 1.98957e+06 1.9748e+06 1.86794e+06 1.4899e+06 2.45503e+06 1.25972e+06 1.18937e+06 1.18608e+06 944790 836759 801991
threshold=284.38999938964849 12773.829101562502 12544.754394531252 12292.824218750002 12281.559082031252 12281.559082031252 12225.526855468752 12238.857910156252 0.064811140298843398 146.004997253418 12194.770507812502 -42.844999313354485 -249.45500183105466 12228.966308593752
decision_type=2 2 2 2 2 2 2 2 2 2 2 2 2 2
left_child=1 2 3 5 -5 6 7 12 -4 -9 -8 -7 -1 -12
right_child=-2 -3 8 4 -6 11 10 9 -10 -11 13 -13 -14 -15
leaf_value=-0.12558164094073671 0.12805214592103678 0.050869706689073375 -0.023716663374500863 0.25416464886702583 0.043611622228241193 -0.49885513813760396 0.36219245815895745 -0.27273317886773096 -0.16262471103971771 -0.99608859670837346 0.2394980349498117 -0.13371200543022735 -0.0014481322979225085 0.036683637596083833
leaf_weight=21902 11177 58772 173394 20824 123140 3529 5848 3989 30736 1173 9056 14310 2493644 55845
leaf_count=21902 11177 58772 173394 20824 123140 3529 5848 3989 30736 1173 9056 14310 2493644 55845
internal_value=1.97225e-06 -0.00047296 -0.00149346 0.00170555 0.0740832 -0.00228804 -0.000883647 -0.00342441 -0.0446392 -0.438719 0.0896284 -0.206187 -0.00252942 0.0650163
internal_weight=3.02734e+06 3.01616e+06 2.95739e+06 2.75326e+06 143964 2.6093e+06 2.59146e+06 2.52071e+06 204130 5162 70749 17839 2.51555e+06 64901
internal_count=3027339 3016162 2957390 2753260 143964 2609296 2591457 2520708 204130 5162 70749 17839 2515546 64901
is_linear=0
shrinkage=0.02


Tree=210
num_leaves=15
num_cat=0
split_feature=17 4 4 26 20 26 7 19 24 7 26 4 26 20
split_gain=446159 483235 447466 1.8741e+06 1.30575e+06 877977 450466 2.85887e+06 811487 2.77799e+06 1.10367e+06 855460 736955 1.62059e+06
threshold=0.21437171846628192 284.38999938964849 -197.13000488281247 10851.689941406252 11054.656738281252 11025.910644531252 11203.090820312502 11204.585449218752 10922.503906250002 10889.665527343752 10975.686035156252 147.99500274658206 11239.116210937502 12757.649902343752
decision_type=2 2 2 2 2 2 2 2 2 2 2 2 2 2
left_child=-1 2 3 -2 5 -5 8 12 10 11 -4 -10 -8 -14
right_child=1 -3 6 4 -6 -7 7 -9 9 -11 -12 -13 13 -15
leaf_value=0.031185745890530265 0.50079713898584477 0.13341847696096701 -0.0063048684487756025 -0.15657844348520228 -0.017466583904152341 -0.56568180887154318 -0.091006736681330608 -0.00065571242603528358 0.67543486958257715 0.019556140539003578 -0.18112128681257508 0.015279035186756027 -0.50075426093121844 0.051372105251279603
leaf_weight=173023 2392 10509 415417 17628 56626 2375 100404 1567001 3386 653736 14956 1022 5336 3528
leaf_count=173023 2392 10509 415417 17628 56626 2375 100404 1567001 3386 653736 14956 1022 5336 3528
internal_value=1.8599e-06 -0.00188854 -0.00238903 -0.0493126 -0.0665478 -0.205412 -0.00104771 -0.00755313 0.00897031 0.0229343 -0.0123841 0.522763 -0.106459 -0.281187
internal_weight=3.02734e+06 2.85432e+06 2.84381e+06 79021 76629 20003 2.76479e+06 1.67627e+06 1.08852e+06 658144 430373 4408 109268 8864
internal_count=3027339 2854316 2843807 79021 76629 20003 2764786 1676269 1088517 658144 430373 4408 109268 8864
is_linear=0
shrinkage=0.02


Tree=211
num_leaves=15
num_cat=0
split_feature=17 4 21 26 8 21 20 26 20 26 26 24 9 24
split_gain=437368 452541 387998 756983 737984 813119 672136 1.23854e+06 545026 2.89234e+06 1.3977e+06 2.07378e+06 1.29679e+06 936659
threshold=0.10326559469103815 284.38999938964849 12773.829101562502 12763.958496093752 0.6970425844192506 12754.196777343752 12795.735839843752 12704.916015625002 12183.192871093752 12181.866210937502 12041.876464843752 12037.662109375002 0.51117742061615001 12725.326171875002
decision_type=2 2 2 2 2 2 2 2 2 2 2 2 2 2
left_child=-1 2 3 6 -5 -6 8 -8 10 -10 11 -2 -11 -14
right_child=1 -3 -4 4 5 -7 7 -9 9 12 -12 -13 13 -15
leaf_value=0.075769483063274759 -0.0024047876061279623 0.1273606294088859 0.049983372574755061 -0.020739354981092584 -0.37127682688464653 -0.072139783529761289 0.0080261087257994662 -0.52019170250659441 0.21549541770664757 0.024710593642609049 -0.051054173862651576 0.12941865984945358 -0.072949158072414311 0.20317811022809873
leaf_weight=30161 2130791 10977 58008 23448 6378 8448 4759 2822 28190 345477 232329 48819 91549 5183
leaf_count=30161 2130791 10977 58008 23448 6378 8448 4759 2822 28190 345477 232329 48819 91549 5183
internal_value=1.81631e-06 -0.000760887 -0.00123228 -0.00224705 -0.0905971 -0.20099 -0.00107663 -0.189025 -0.000581631 0.0191113 -0.00442241 0.000548371 0.00658755 -0.0581343
internal_weight=3.02734e+06 2.99718e+06 2.9862e+06 2.92819e+06 38274 14826 2.88992e+06 7581 2.88234e+06 470399 2.41194e+06 2.17961e+06 442209 96732
internal_count=3027339 2997178 2986201 2928193 38274 14826 2889919 7581 2882338 470399 2411939 2179610 442209 96732
is_linear=0
shrinkage=0.02


Tree=212
num_leaves=15
num_cat=0
split_feature=7 20 26 23 7 20 26 26 20 26 21 22 7 21
split_gain=426020 2.64098e+06 2.07314e+06 789676 3.12913e+06 4.57422e+06 2.23179e+06 1.15172e+06 5.04922e+06 2.67854e+06 1.27591e+06 975703 816680 2.68539e+06
threshold=11203.090820312502 11201.510742187502 11239.116210937502 11353.098144531252 11368.623535156252 11409.897949218752 11360.649902343752 11517.272460937502 11594.234375000002 11690.550292968752 11594.419433593752 11501.432128906252 12043.893554687502 12074.601562500002
decision_type=2 2 2 2 2 2 2 2 2 2 2 2 2 2
left_child=-1 2 -2 6 5 -5 -3 8 11 10 -9 -6 -11 -14
right_child=1 3 -4 4 7 -7 -8 9 -10 12 -12 -13 13 -15
leaf_value=0.0093987925706410097 -0.088240445834655942 -0.0072891496068987994 -0.52462725527734211 0.097780673893589354 -0.021763512362592077 0.76155308271475342 -0.1732703662274816 0.039950726863797359 -0.73675898007584917 0.029071708776657823 0.47158199124903855 -0.27914423619325202 -0.11984444617471356 0.0049301978184589238
leaf_weight=1178523 88732 198020 4570 52100 251413 4503 38734 4398 4072 371721 7263 6023 76066 741201
leaf_count=1178523 88732 198020 4570 52100 251413 4503 38734 4398 4072 371721 7263 6023 76066 741201
internal_value=1.76168e-06 -0.00598836 -0.109669 -0.000477332 0.00481883 0.150712 -0.0344507 -0.000829967 -0.0388632 0.00745411 0.308966 -0.0277959 0.00449445 -0.00668433
internal_weight=3.02734e+06 1.84882e+06 93302 1.75551e+06 1.51876e+06 56603 236754 1.46216e+06 261508 1.20065e+06 11661 257436 1.18899e+06 817267
internal_count=3027339 1848816 93302 1755514 1518760 56603 236754 1462157 261508 1200649 11661 257436 1188988 817267
is_linear=0
shrinkage=0.02


Tree=213
num_leaves=15
num_cat=0
split_feature=17 4 7 7 19 7 7 24 20 4 4 7 7 7
split_gain=417956 433356 386526 376666 2.06095e+06 1.75234e+06 1.59614e+06 1.49844e+06 1.31699e+06 1.28229e+06 1.1357e+06 1.08062e+06 1.04646e+06 933499
threshold=0.10326559469103815 284.38999938964849 11013.437500000002 12539.944824218752 12292.824218750002 12249.082519531252 12279.564941406252 12220.685058593752 12557.668457031252 115.35499954223634 -41.434999465942376 12557.411132812502 12194.770507812502 12205.039550781252
decision_type=2 2 2 2 2 2 2 2 2 2 2 2 2 2
left_child=-1 3 -3 4 5 7 -6 13 11 10 -7 -5 -9 -2
right_child=1 2 -4 8 6 9 -8 12 -10 -11 -12 -13 -14 -15
leaf_value=0.074068791057004216 -0.0019729245930240574 0.22524919188723805 -0.015191507109733911 -0.041414365273496741 0.25900576088123634 -0.33334285491120841 0.051471907735192952 0.34440664146356287 -0.0059558896705128195 -0.77734182130830132 -0.050376913272087938 -0.25780774085901081 0.068502408906362694 -0.099765133015026333
leaf_weight=30161 2451316 6380 4597 21775 17046 7790 113332 6076 233979 1259 20829 16020 57112 39667
leaf_count=30161 2451316 6380 4597 21775 17046 7790 113332 6076 233979 1259 20829 16020 57112 39667
internal_value=1.69073e-06 -0.000743894 0.124632 -0.00120519 0.00104241 -0.00287222 0.0786234 -0.0010906 -0.0236531 -0.155125 -0.12749 -0.133181 0.0950833 -0.00353059
internal_weight=3.02734e+06 2.99718e+06 10977 2.9862e+06 2.71443e+06 2.58405e+06 130378 2.55417e+06 271774 29878 28619 37795 63188 2.49098e+06
internal_count=3027339 2997178 10977 2986201 2714427 2584049 130378 2554171 271774 29878 28619 37795 63188 2490983
is_linear=0
shrinkage=0.02


Tree=214
num_leaves=15
num_cat=0
split_feature=27 26 20 22 5 26 8 27 20 8 26 27 26 8
split_gain=638636 543211 746449 854111 525779 677796 482650 480107 793360 465956 450314 425965 964666 669560
threshold=9.3120117187500018 10878.348144531252 10916.906250000002 10909.044921875002 0.077500000596046462 11025.910644531252 0.68419089913368236 -52.036132812499993 11440.046386718752 -0.72680556774139393 12214.379394531252 42.740234375000007 12060.803222656252 0.99834027886390697
decision_type=2 2 2 2 2 2 2 2 2 2 2 2 2 2
left_child=7 6 -3 -4 11 -6 -2 8 9 -1 -10 -5 13 -13
right_child=1 2 3 4 5 -7 -8 -9 10 -11 -12 12 -14 -15
leaf_value=-0.37610181424749267 0.1985012774939138 -0.086501083839380405 0.38846704180792602 0.0071964759373882841 0.40284896800164555 0.049594792895495288 0.049068060971530325 -0.0037736728328462829 0.21549608173403784 -0.015753604325961491 -0.15732530025032407 0.1168680849736629 -0.026800549749341727 0.46924989617600732
leaf_weight=4881 11037 28469 2478 420399 3143 6999 39829 2450591 3004 2033 2264 26245 23625 2342
leaf_count=4881 11037 28469 2478 420399 3143 6999 39829 2450591 3004 2033 2264 26245 23625 2342
internal_value=1.61939e-06 0.0191873 0.0130131 0.0188534 0.0169481 0.159359 0.0815254 -0.00439655 -0.129591 -0.270323 0.0552723 0.0138887 0.067761 0.145892
internal_weight=3.02734e+06 564566 513700 485231 482753 10142 50866 2.46277e+06 12182 6914 5268 472611 52212 28587
internal_count=3027339 564566 513700 485231 482753 10142 50866 2462773 12182 6914 5268 472611 52212 28587
is_linear=0
shrinkage=0.02


Tree=215
num_leaves=15
num_cat=0
split_feature=17 4 26 21 26 20 23 26 20 4 4 23 25 16
split_gain=403945 434976 1.80775e+06 1.28106e+06 842786 490897 500852 911505 491482 418128 376949 533441 346415 342711
threshold=0.20985870063304904 -197.13000488281247 10851.689941406252 11064.754394531252 11025.910644531252 11150.050292968752 12157.985839843752 12181.866210937502 11371.759765625002 284.38999938964849 -129.87499999999997 12236.874511718752 0.039198905229568488 -17.100000381469723
decision_type=2 2 2 2 2 2 2 2 2 2 2 2 2 2
left_child=10 2 -2 4 -4 -5 8 -8 -7 13 11 -1 -11 -3
right_child=1 9 3 5 -6 6 7 -9 -10 12 -12 -13 -14 -15
leaf_value=0.071013289006805216 0.4908984347850886 0.015462042480205516 -0.15400980045334187 0.35581328360377279 -0.55438040334440941 0.042791570596998015 0.43557976609267601 -0.0039715362069840162 -0.099666575746440667 -0.19018406370647151 0.020516694249640605 0.37878216655129598 0.16668814607268048 -0.0039127349230789589
leaf_weight=13697 2405 432578 17910 1376 2376 14179 2453 8070 30535 1223 144738 2688 9329 2343782
leaf_count=13697 2405 432578 17910 1376 2376 14179 2453 8070 30535 1223 144738 2688 9329 2343782
internal_value=1.66859e-06 -0.00173052 -0.0479148 -0.064828 -0.201154 -0.0159512 -0.0252753 0.0988059 -0.0544926 -0.000416129 0.0308138 0.121705 0.125183 -0.000893945
internal_weight=3.02734e+06 2.86622e+06 79304 76899 20286 56613 55237 10523 44714 2.78691e+06 161123 16385 10552 2.77636e+06
internal_count=3027339 2866216 79304 76899 20286 56613 55237 10523 44714 2786912 161123 16385 10552 2776360
is_linear=0
shrinkage=0.02


Tree=216
num_leaves=15
num_cat=0
split_feature=17 4 21 23 8 21 4 22 21 8 4 19 4 22
split_gain=391169 398539 372876 622821 930052 553047 1.10828e+06 782243 846450 608655 520037 486105 352250 786620
threshold=0.10326559469103815 284.38999938964849 12773.829101562502 12773.843750000002 0.82309290766716015 12732.083007812502 74.735000610351577 12676.985351562502 12688.229980468752 0.90368562936782848 -174.19499969482419 12951.521484375002 -197.13000488281247 12157.478027343752
decision_type=2 2 2 2 2 2 2 2 2 2 2 2 2 2
left_child=-1 2 3 5 -5 7 11 12 -9 10 -10 -7 13 -2
right_child=1 -3 -4 4 -6 6 -8 8 9 -11 -12 -13 -14 -15
leaf_value=0.071655984475509332 -0.067024076380798325 0.11951467579569412 0.049045728114564993 -0.071265046284564704 -0.61160375295830138 0.02207708305907748 -0.17553178379707826 0.27149501809090576 0.58187999639480448 0.38011864145843632 -0.0040532606950946567 -0.34442248691314115 -0.00037434191832345589 0.11294713472626447
leaf_weight=30161 70950 10977 58008 6483 1577 33471 21760 8214 612 1922 23396 1503 2747059 11246
leaf_count=30161 70950 10977 58008 6483 1577 33471 21760 8214 612 1922 23396 1503 2747059 11246
internal_value=1.69966e-06 -0.000719597 -0.00116197 -0.00215677 -0.177616 -0.00167186 -0.0635006 -0.000446592 0.0946959 0.0386063 0.0111183 0.00623232 -0.00159513 -0.0423896
internal_weight=3.02734e+06 2.99718e+06 2.9862e+06 2.92819e+06 8060 2.92013e+06 56734 2.8634e+06 34144 25930 24008 34974 2.82926e+06 82196
internal_count=3027339 2997178 2986201 2928193 8060 2920133 56734 2863399 34144 25930 24008 34974 2829255 82196
is_linear=0
shrinkage=0.02


Tree=217
num_leaves=15
num_cat=0
split_feature=5 0 17 4 19 23 0 19 19 19 9 19 4 19
split_gain=387879 441250 365901 358660 643846 604334 1.17029e+06 1.07158e+06 619232 508485 393384 386031 350019 429262
threshold=0.077500000596046462 2172.5000000000005 0.18767879158258441 -197.13000488281247 12112.888183593752 10918.503417968752 4735.5000000000009 11059.058593750002 11355.990234375002 12460.409179687502 0.70082291960716259 12246.272949218752 -125.01499938964842 12246.272949218752
decision_type=2 2 2 2 2 2 2 2 2 2 2 2 2 2
left_child=2 -2 12 4 5 6 -4 10 -9 11 -7 -6 13 -1
right_child=1 -3 3 -5 9 7 -8 8 -10 -11 -12 -13 -14 -15
leaf_value=0.07744960527656955 -0.020829452572759297 0.089212175619964015 0.46806476328417368 -0.0012157909242384991 0.043968316851723414 -0.25438957071127494 -0.059161584836051308 0.076526323072899985 -0.089685629404890999 -0.10853808978627248 0.59185807960374015 0.30187503220497103 0.021594656754506922 0.37331113512609171
leaf_weight=10749 22921 40007 2344 2773928 5019 14210 5911 12455 31936 3889 214 4316 97048 2392
leaf_count=10749 22921 40007 2344 2773928 5019 14210 5911 12455 31936 3889 214 4316 97048 2392
internal_value=1.68775e-06 0.0491332 -0.00104142 -0.00242208 -0.0440904 -0.0692381 0.0909266 -0.09173 -0.0430435 0.0834093 -0.241432 0.163408 0.0347185 0.131548
internal_weight=3.02734e+06 62928 2.96441e+06 2.85422e+06 80294 67070 8255 58815 44391 13224 14424 9335 110189 13141
internal_count=3027339 62928 2964411 2854222 80294 67070 8255 58815 44391 13224 14424 9335 110189 13141
is_linear=0
shrinkage=0.02


Tree=218
num_leaves=15
num_cat=0
split_feature=7 19 7 24 24 5 7 19 4 26 26 8 4 7
split_gain=410919 2.6393e+06 775639 2.27362e+06 960183 1.10747e+06 870933 2.0566e+06 1.24761e+06 1.03097e+06 1.90382e+06 1.11395e+06 1.12592e+06 923412
threshold=11203.090820312502 11204.585449218752 11057.007324218752 11216.794921875002 11120.594726562502 -0.042500000447034829 11019.201171875002 10984.387695312502 253.78499603271487 11032.155761718752 11002.858886718752 -0.81390005350112904 175.27500152587893 10971.728027343752
decision_type=2 2 2 2 2 2 2 2 2 2 2 2 2 2
left_child=2 -2 6 4 5 -4 9 8 -8 10 13 -12 -13 -1
right_child=1 -3 3 -5 -6 -7 7 -9 -10 -11 11 12 -14 -15
leaf_value=0.0091235341382066865 -0.099692713413723363 0.00020566211878885883 -0.27133086690301361 0.2431741516467861 0.01208627642721178 0.19731480309060792 -0.38345029685570858 -0.01594125353444582 0.036197774481697934 -0.31961363471386384 0.46096834951169885 0.054847825565322791 0.37070587684355644 -0.058761551944136667
leaf_weight=642799 112641 1736175 2238 19819 279684 19712 11014 68715 3812 3862 4090 25755 5465 91558
leaf_count=642799 112641 1736175 2238 19819 279684 19712 11014 68715 3812 3862 4090 25755 5465 91558
internal_value=1.75402e-06 -0.00588124 0.00923074 0.0357238 0.0220855 0.149429 -0.000706029 -0.0620504 -0.275599 0.00591984 0.00755744 0.150985 0.11024 0.00065906
internal_weight=3.02734e+06 1.84882e+06 1.17852e+06 321453 301634 21950 857070 83541 14826 773529 769667 35310 31220 734357
internal_count=3027339 1848816 1178523 321453 301634 21950 857070 83541 14826 773529 769667 35310 31220 734357
is_linear=0
shrinkage=0.02


Tree=219
num_leaves=15
num_cat=0
split_feature=7 20 26 23 7 20 26 26 20 26 4 22 7 21
split_gain=394651 2.43279e+06 1.99347e+06 751036 2.98732e+06 4.40209e+06 2.15435e+06 1.0843e+06 4.85227e+06 2.5633e+06 1.4187e+06 940198 789367 2.55731e+06
threshold=11203.090820312502 11201.510742187502 11239.116210937502 11353.098144531252 11368.623535156252 11409.897949218752 11360.649902343752 11517.272460937502 11594.234375000002 11690.550292968752 -41.434999465942376 11501.432128906252 12043.893554687502 12074.601562500002
decision_type=2 2 2 2 2 2 2 2 2 2 2 2 2 2
left_child=-1 2 -2 6 5 -5 -3 8 11 10 -9 -6 -11 -14
right_child=1 3 -4 4 7 -7 -8 9 -10 12 -12 -13 13 -15
leaf_value=0.0090461783906171378 -0.084261149585524234 -0.0069199173305341402 -0.5121794413021038 0.095313833142179713 -0.020961009511134332 0.7464776215457134 -0.16999599751254996 0.55720595692337194 -0.7218809069119968 0.028476801247308448 0.11130395705995293 -0.27361534626026013 -0.11710470095902605 0.0046579341471198812
leaf_weight=1178523 88732 198020 4570 52100 251413 4503 38734 4983 4072 371721 6678 6023 76066 741201
leaf_count=1178523 88732 198020 4570 52100 251413 4503 38734 4983 4072 371721 6678 6023 76066 741201
internal_value=1.7348e-06 -0.00576363 -0.105274 -0.000474288 0.00469067 0.14724 -0.033606 -0.000828636 -0.0377319 0.00720932 0.302163 -0.0268826 0.00431402 -0.00667623
internal_weight=3.02734e+06 1.84882e+06 93302 1.75551e+06 1.51876e+06 56603 236754 1.46216e+06 261508 1.20065e+06 11661 257436 1.18899e+06 817267
internal_count=3027339 1848816 93302 1755514 1518760 56603 236754 1462157 261508 1200649 11661 257436 1188988 817267
is_linear=0
shrinkage=0.02


Tree=220
num_leaves=15
num_cat=0
split_feature=27 25 7 27 23 7 7 7 4 1 8 7 23 23
split_gain=612421 687143 542592 536203 865341 2.86412e+06 1.40426e+06 908324 878544 715172 716720 810514 791716 943975
threshold=24.475585937500004 0.019801413640379909 12785.869140625002 -23.762207031249996 12236.874511718752 12238.857910156252 12223.541503906252 12816.793945312502 127.66500091552736 99.020908355712905 -0.82622474431991566 10759.808593750002 10759.147460937502 10881.010742187502
decision_type=2 2 2 2 2 2 2 2 2 2 2 2 2 2
left_child=3 -2 -3 4 5 9 -6 -8 -7 10 -1 -12 -13 -14
right_child=1 2 -4 -5 6 8 7 -9 -10 -11 11 12 13 -15
leaf_value=-0.084017145099521212 -0.044809646929558238 0.058689792453925693 -0.20949686390949965 -4.1202322705329597e-05 0.41258855969933472 -0.3467025256433891 0.041025157734601116 -0.35982287892879977 -0.92631571429245962 -0.11535053589807395 -0.35303630759649474 0.36668655132448685 -0.21426604645897485 0.048780026548700749
leaf_weight=37276 35115 149785 3070 2657809 3875 3175 28367 2447 1567 37654 2181 2796 6034 56188
leaf_count=37276 35115 149785 3070 2657809 3875 3175 28367 2447 1567 37654 2181 2796 6034 56188
internal_value=1.67644e-06 0.0349623 0.0532899 -0.00231287 -0.0355653 -0.0567847 0.0542665 0.00908597 -0.539787 -0.0406328 -0.0136951 0.0253198 0.0380642 0.0232404
internal_weight=3.02734e+06 187970 152855 2.83937e+06 181560 146871 34689 30814 4742 142129 104475 67199 65018 62222
internal_count=3027339 187970 152855 2839369 181560 146871 34689 30814 4742 142129 104475 67199 65018 62222
is_linear=0
shrinkage=0.02


Tree=221
num_leaves=15
num_cat=0
split_feature=7 24 4 7 20 7 4 7 4 0 4 0 7 24
split_gain=378947 1.84654e+06 1.74488e+06 1.36103e+06 1.28087e+06 1.03975e+06 981742 906648 707161 693639 724729 677620 676235 2.89605e+06
threshold=12539.944824218752 12220.685058593752 -168.94499969482419 12223.541503906252 12557.668457031252 12557.411132812502 166.83499908447268 12194.770507812502 -249.45500183105466 6008.5000000000009 -83.704998016357408 5495.5000000000009 12043.893554687502 12032.622070312502
decision_type=2 2 2 2 2 2 2 2 2 2 2 2 2 2
left_child=1 3 -3 8 5 -2 -5 -4 -1 10 -7 -8 13 -10
right_child=4 2 7 6 -6 9 11 -9 12 -11 -12 -13 -14 -15
leaf_value=-0.11458996603885865 -0.040503334528181084 0.31037763020364806 0.29146403988215419 -0.14351637911117518 -0.0051341861214206077 -0.39019602967148947 -1.007729615129255 0.038080746630689555 -0.00023813997187359189 -0.70406014832410924 -0.10268960511059355 0.18999227645920547 -0.028740391769760384 0.14983457900454175
leaf_weight=21902 21810 10382 5797 14777 236926 5721 883 207570 2140318 1247 9065 236 298013 52692
leaf_count=21902 21810 10382 5797 14777 236926 5721 883 207570 2140318 1247 9065 236 298013 52692
internal_value=1.52806e-06 0.00223721 0.0573064 -0.00263548 -0.0223942 -0.130425 -0.187058 0.0449784 -0.00146814 -0.252644 -0.214121 -0.755664 -0.000473062 0.00336835
internal_weight=3.02734e+06 2.75257e+06 223749 2.52882e+06 274769 37843 15896 213367 2.51292e+06 16033 14786 1119 2.49102e+06 2.19301e+06
internal_count=3027339 2752570 223749 2528821 274769 37843 15896 213367 2512925 16033 14786 1119 2491023 2193010
is_linear=0
shrinkage=0.02


Tree=222
num_leaves=15
num_cat=0
split_feature=27 8 7 19 7 9 8 8 9 20 8 9 22 7
split_gain=597398 595488 631632 607180 727080 590828 575438 555186 3.27749e+06 1.51692e+06 909438 870816 904698 2.54222e+06
threshold=36.633789062500007 0.99638897180557262 11194.168945312502 10950.788574218752 10833.774902343752 -0.68669712543487538 -0.78596645593643177 0.95380857586860668 0.20284801721572879 11594.234375000002 0.87731993198394786 0.30041404068470007 12310.745117187502 12233.516601562502
decision_type=2 2 2 2 2 2 2 2 2 2 2 2 2 2
left_child=7 2 3 4 -2 -4 -7 10 -9 -10 -1 12 13 -12
right_child=1 -3 5 -5 -6 6 -8 8 9 -11 11 -13 -14 -15
leaf_value=-0.0028563096575571849 0.25386403490011006 0.19853074850350078 0.38084270835775541 0.20952301849864138 -0.13111623092561592 0.14620658022307026 -0.047518162634713354 -0.013622543310020005 -0.20314851100714224 -0.6928136303335809 0.041538058617377853 -0.48347119830027624 -0.016549927880353484 0.35114599635601684
leaf_weight=2300269 2910 9923 1519 13034 5973 7204 40931 309379 8556 3592 215873 1291 95738 11147
leaf_count=2300269 2910 9923 1519 13034 5973 7204 40931 309379 8556 3592 215873 1291 95738 11147
internal_value=1.39379e-06 0.0534143 0.0332694 0.122672 -0.00485387 -0.00620889 -0.0185001 -0.00147639 -0.0262812 -0.348388 0.00156273 0.0329306 0.0350111 0.0567551
internal_weight=3.02734e+06 81494 71571 21917 8883 49654 48135 2.94584e+06 321527 12148 2.62432e+06 324049 322758 227020
internal_count=3027339 81494 71571 21917 8883 49654 48135 2945845 321527 12148 2624318 324049 322758 227020
is_linear=0
shrinkage=0.02


Tree=223
num_leaves=15
num_cat=0
split_feature=27 9 26 8 27 20 8 26 24 26 27 26 19 26
split_gain=586688 657684 578940 775130 454993 736561 432046 421987 403729 575779 453590 621054 989611 902742
threshold=9.3120117187500018 -0.71335092186927784 10765.807617187502 0.6970425844192506 -52.036132812499993 11440.046386718752 -0.72680556774139393 12214.379394531252 12760.902343750002 12800.302734375002 42.740234375000007 12060.803222656252 12180.612792968752 12584.756835937502
decision_type=2 2 2 2 2 2 2 2 2 2 2 2 2 2
left_child=4 -2 3 -3 5 6 -1 -7 9 10 -4 -12 -13 -14
right_child=1 2 8 -5 -6 7 -8 -9 -10 -11 11 12 13 -15
leaf_value=-0.36354788713448133 0.10368489477617221 0.341308996134982 0.0011105225097823856 0.055631259514781276 -0.0036077630656618665 0.20713924606800527 -0.016551997172622294 -0.15376366235340372 0.16453571947075335 -0.23213858146383859 0.11728894147596393 -0.11132655428059429 0.32217144927202646 -0.36543488059318285
leaf_weight=4881 33974 4469 438271 25072 2450591 3004 2033 2264 6483 4025 32456 14412 4493 911
leaf_count=4881 33974 4469 438271 25072 2450591 3004 2033 2264 6483 4025 32456 14412 4493 911
internal_value=1.36505e-06 0.0183902 0.0129268 0.0989505 -0.00421413 -0.12609 -0.261691 0.0520347 0.00785313 0.00579594 0.00775297 0.0634349 -0.0247846 0.205791
internal_weight=3.02734e+06 564566 530592 29541 2.46277e+06 12182 6914 5268 501051 494568 490543 52272 19816 5404
internal_count=3027339 564566 530592 29541 2462773 12182 6914 5268 501051 494568 490543 52272 19816 5404
is_linear=0
shrinkage=0.02


Tree=224
num_leaves=15
num_cat=0
split_feature=27 8 26 26 21 26 4 26 21 22 21 26 22 27
split_gain=575700 655254 805304 1.89325e+06 785446 1.18434e+06 1.13502e+06 657883 1.13721e+06 657027 1.38265e+06 839359 1.1556e+06 718378
threshold=-0.99072265624999989 -0.844174563884735 10851.689941406252 10817.308593750002 12221.579101562502 12205.775878906252 -66.774997711181626 12763.958496093752 12754.196777343752 12676.985351562502 12732.083007812502 12595.337402343752 12533.729980468752 7.2700195312500009
decision_type=2 2 2 2 2 2 2 2 2 2 2 2 2 2
left_child=-1 2 3 -2 5 -4 -6 9 -9 11 13 -3 -13 -11
right_child=1 7 4 -5 6 -7 -8 8 -10 10 -12 12 -14 -15
leaf_value=-0.011681116675722285 -0.012818802478725968 0.0032710202590770779 0.018378193049550091 0.44842278129959851 0.2404694796490085 -0.33595969840726336 0.021620994230549733 -0.30558150005543189 -0.012565256165556277 0.070913373877443939 -0.00095606326556027185 -0.52406435539130913 -0.067051570346035899 0.32831144189926337
leaf_weight=1083425 8490 1582885 196535 6119 15789 3837 23704 7497 18009 7644 33926 2401 27041 10037
leaf_count=1083425 8490 1582885 196535 6119 15789 3837 23704 7497 18009 7644 33926 2401 27041 10037
internal_value=1.34214e-06 0.0065125 0.0364308 0.180546 0.0276462 0.0115763 0.109154 0.00200583 -0.0987786 0.00355132 0.073791 0.00130265 -0.104487 0.217135
internal_weight=3.02734e+06 1.94391e+06 254474 14609 239865 200372 39493 1.68944e+06 25506 1.66393e+06 51607 1.61233e+06 29442 17681
internal_count=3027339 1943914 254474 14609 239865 200372 39493 1689440 25506 1663934 51607 1612327 29442 17681
is_linear=0
shrinkage=0.02


Tree=225
num_leaves=15
num_cat=0
split_feature=27 23 19 19 9 19 19 19 8 9 8 23 27 9
split_gain=564520 819393 1.14549e+06 1.08294e+06 1.84714e+06 1.74492e+06 2.84888e+06 1.59171e+06 933362 903458 827317 1.08634e+06 798332 598801
threshold=-23.762207031249996 12236.874511718752 12402.195800781252 12022.040527343752 -0.60080829262733448 11604.673339843752 11694.944824218752 12074.169921875002 -0.95380857586860646 -0.69954469799995411 -0.72680556774139393 10905.658691406252 -52.036132812499993 -0.17292127013206479
decision_type=2 2 2 2 2 2 2 2 2 2 2 2 2 2
left_child=1 3 8 5 -5 9 -7 -6 -3 -1 12 13 -11 -12
right_child=-2 2 -4 4 7 6 -8 -9 -10 10 11 -13 -14 -15
leaf_value=-0.40599938469021718 0.0021828290030690652 -0.15163053688192843 -0.010362827463121707 -0.81828134169522038 -0.39722770507691502 0.52092729540843474 -0.023507193346175421 -0.047910663182745762 0.37196208082434629 -0.32228388359187238 0.0077228862884451315 0.11769225873588209 -0.064859015795786831 -0.39601024596423173
leaf_weight=2896 2845779 1723 26564 1593 6614 5787 11412 24596 6402 5211 2980 20152 62742 2888
leaf_count=2896 2845779 1723 26564 1593 6614 5787 11412 24596 6402 5211 2980 20152 62742 2888
internal_value=1.30581e-06 -0.0341901 0.0532241 -0.0548385 -0.156093 -0.0257092 0.159875 -0.122042 0.260876 -0.0586728 -0.0479269 0.0479587 -0.0846445 -0.191311
internal_weight=3.02734e+06 181560 34689 146871 32803 114068 17199 31210 8125 96869 93973 26020 67953 5868
internal_count=3027339 181560 34689 146871 32803 114068 17199 31210 8125 96869 93973 26020 67953 5868
is_linear=0
shrinkage=0.02


Tree=226
num_leaves=15
num_cat=0
split_feature=27 25 22 21 21 19 27 4 9 27 26 24 27 26
split_gain=553303 543916 564315 647325 744334 593327 1.22932e+06 585970 667057 562830 519431 656850 517051 638014
threshold=33.938964843750007 0.081520766019821181 11450.594238281252 10862.582031250002 10908.246582031252 10733.647460937502 -7.8452148437499991 77.194999694824233 0.22540952265262607 -52.036132812499993 12210.931152343752 12216.741699218752 0.18212890625000003 10904.974121093752
decision_type=2 2 2 2 2 2 2 2 2 2 2 2 2 2
left_child=1 12 3 5 -5 6 -3 10 -9 -6 11 -4 -1 -14
right_child=-2 2 7 4 9 -7 -8 8 -10 -11 -12 -13 13 -15
leaf_value=-0.0069833840031684226 0.047780660044165132 0.36106829410962726 -0.016924981721325737 0.24827025065485284 -0.65471224931860161 -0.14443261944119212 -0.069298487907818548 -0.14025153653626921 -0.54606125711247822 0.016275548530350605 -0.15954615171986869 0.34731340242866443 0.05198445984332821 0.0052167873072700641
leaf_weight=1620537 93930 3295 14481 5872 496 20816 13487 19772 1757 42479 8423 2284 131283 1048427
leaf_count=1620537 93930 3295 14481 5872 496 20816 13487 19772 1757 42479 8423 2284 131283 1048427
internal_value=1.17205e-06 -0.00152891 -0.0410201 -0.0107495 0.0372633 -0.0731213 0.0153638 -0.097018 -0.173609 0.0083803 -0.0315095 0.0328737 0.00034917 0.0104217
internal_weight=3.02734e+06 2.93341e+06 133162 86445 48847 37598 16782 46717 21529 42975 25188 16765 2.80025e+06 1.17971e+06
internal_count=3027339 2933409 133162 86445 48847 37598 16782 46717 21529 42975 25188 16765 2800247 1179710
is_linear=0
shrinkage=0.02


Tree=227
num_leaves=15
num_cat=0
split_feature=7 20 7 7 23 7 22 6 20 23 7 20 8 22
split_gain=369938 2.32298e+06 1.18138e+06 742960 2.20429e+06 993657 1.52897e+06 892476 1.0226e+06 874901 821876 1.81674e+06 1.0004e+06 738870
threshold=11203.090820312502 11201.510742187502 11240.761718750002 11057.007324218752 11230.068359375002 11171.963378906252 11202.510742187502 99.992637634277358 11045.292480468752 11120.622558593752 11019.201171875002 10981.982910156252 0.53606674075126659 11164.475097656252
decision_type=2 2 2 2 2 2 2 2 2 2 2 2 2 2
left_child=3 2 -2 10 5 6 7 9 -9 -5 13 12 -12 -1
right_child=1 -3 -4 4 -6 -7 -8 8 -10 -11 11 -13 -14 -15
leaf_value=0.0087858559089554252 -0.079077272135745127 -0.00041224387804678113 -0.31623715952402598 0.3510610741688292 0.36935816831758778 0.0071203547749960029 0.42414268340115047 -0.44701600523945095 0.030556830052920078 0.087398949722961097 -0.38266308447297059 -0.018974397885368845 -0.013945036367257094 -0.10972520856509677
leaf_weight=751890 83974 1755514 9328 6927 7674 242085 5133 1869 39373 18392 9601 69696 4244 21639
leaf_count=751890 83974 1755514 9328 6927 7674 242085 5133 1869 39373 18392 9601 69696 4244 21639
internal_value=1.10469e-06 -0.00558083 -0.102819 0.0087578 0.0346867 0.0264902 0.0918848 0.0662018 0.00881064 0.159645 -0.00096738 -0.060559 -0.269731 0.00546918
internal_weight=3.02734e+06 1.84882e+06 93302 1.17852e+06 321453 313779 71694 66561 41242 25319 857070 83541 13845 773529
internal_count=3027339 1848816 93302 1178523 321453 313779 71694 66561 41242 25319 857070 83541 13845 773529
is_linear=0
shrinkage=0.02


Tree=228
num_leaves=15
num_cat=0
split_feature=27 19 26 22 24 27 6 26 25 0 5 5 27 26
split_gain=535552 585237 553576 1.65204e+06 1.32562e+06 874087 691055 528116 527578 611166 509143 470073 439401 983753
threshold=14.307128906250002 12951.521484375002 12050.339355468752 12036.090820312502 12182.593261718752 65.000000000000014 93.820404052734389 12224.661132812502 0.019221969880163673 2393.5000000000005 -0.087500002235174165 0.087500002235174193 -24.625976562499996 10985.780273437502
decision_type=2 2 2 2 2 2 2 2 2 2 2 2 2 2
left_child=12 2 3 5 -4 8 7 -6 10 -10 -2 -11 13 -1
right_child=1 -3 4 -5 6 -7 -8 -9 9 11 -12 -13 -14 -15
leaf_value=-0.1193591203844441 -0.51690177189183995 0.4431194410517289 -0.11184362553747296 0.42559466794908629 0.14843668313515332 0.35606280154963527 0.16324090034772096 -0.020387756653741852 0.11142991775046569 0.020321803179832038 -0.021191535891655452 0.30660666913422474 -0.0011267445403885066 -0.0071739655911365087
leaf_weight=41247 831 1303 38891 4256 8640 3222 13247 51764 38793 179330 57250 2314 2457129 129122
leaf_count=41247 831 1303 38891 4256 8640 3222 13247 51764 38793 179330 57250 2314 2457129 129122
internal_value=1.07643e-06 0.0215647 0.0201753 0.0349614 -0.0173991 0.0290454 0.03248 0.00378061 0.0252497 0.0393787 -0.0283721 0.0239856 -0.00328045 -0.03434
internal_weight=3.02734e+06 399841 398538 285996 112542 281740 73651 60404 278518 220437 58081 181644 2.6275e+06 170369
internal_count=3027339 399841 398538 285996 112542 281740 73651 60404 278518 220437 58081 181644 2627498 170369
is_linear=0
shrinkage=0.02


Tree=229
num_leaves=15
num_cat=0
split_feature=27 7 8 19 7 8 9 24 8 9 7 0 7 7
split_gain=526462 736927 667912 594400 992717 526585 2.96698e+06 1.55444e+06 782033 821764 807328 785603 829699 1.71816e+06
threshold=42.740234375000007 12013.128906250002 0.99803131818771373 12180.612792968752 12516.019531250002 0.95380857586860668 0.20284801721572879 11594.064941406252 0.87731993198394786 0.30041404068470007 12531.084472656252 1600.5000000000002 10853.744628906252 11368.623535156252
decision_type=2 2 2 2 2 2 2 2 2 2 2 2 2 2
left_child=5 2 -2 -3 -5 8 -7 -8 -1 10 11 -10 -13 -14
right_child=1 3 -4 4 -6 6 7 -9 9 -11 -12 12 13 -15
leaf_value=-0.0022775540778712387 0.094940588361187198 -0.1053684424509729 0.43287411412544913 0.31481088762549714 -0.095049025248613528 -0.012799736327825946 -0.18801038930930364 -0.68053012358357035 0.0019002349857432973 -0.47086866538951622 -0.027397357263680297 -0.099537894845904709 0.25331383886942421 0.06009494103906679
leaf_weight=2315344 30985 14470 2522 4465 5003 314975 9574 3497 90388 1291 69959 10182 21350 133334
leaf_count=2315344 30985 14470 2522 4465 5003 314975 9574 3497 90388 1291 69959 10182 21350 133334
internal_value=1.13264e-06 0.0599649 0.120498 -0.0247802 0.0983623 -0.0011589 -0.0250575 -0.3202 0.00180873 0.0307852 0.0327911 0.0492878 0.0752662 0.0867784
internal_weight=3.02734e+06 57445 33507 23938 9468 2.96989e+06 328046 13071 2.64185e+06 326504 325213 255254 164866 154684
internal_count=3027339 57445 33507 23938 9468 2969894 328046 13071 2641848 326504 325213 255254 164866 154684
is_linear=0
shrinkage=0.02


Tree=230
num_leaves=15
num_cat=0
split_feature=5 0 25 7 7 7 20 7 20 24 19 7 8 0
split_gain=368261 491876 473249 736865 712034 404111 1.34834e+06 1.11747e+06 2.6337e+06 1.04097e+06 913774 2.36019e+06 1.11233e+06 1.07379e+06
threshold=0.062499998137354858 2273.5000000000005 0.014540386386215689 12238.857910156252 12528.031738281252 10775.280273437502 10804.545898437502 10889.665527343752 10943.746093750002 10906.415527343752 10646.074707031252 10640.455566406252 0.65512093901634227 2151.5000000000005
decision_type=2 2 2 2 2 2 2 2 2 2 2 2 2 2
left_child=5 -2 3 -3 -5 10 -7 8 -8 -9 -1 -12 13 -13
right_child=1 2 -4 4 -6 6 7 9 -10 -11 11 12 -14 -15
leaf_value=-0.037126623388407318 -0.0084684917986681506 0.0050787343663337625 0.070809013785645844 -0.85309852591534918 0.092434144158723586 -0.094488301054423435 0.046472124490347877 -0.076314772674754172 0.70261111457809478 -0.0016719754488264504 0.51507915474024135 0.033684964249750836 -0.00057793544639085594 0.29582684618670074
leaf_weight=49984 79869 5068 88901 881 493 63523 105858 77063 2495 2463310 4507 13194 60321 11872
leaf_count=49984 79869 5068 88901 881 493 63523 105858 77063 2495 2463310 4507 13194 60321 11872
internal_value=1.07486e-06 0.0281438 0.0588119 -0.106601 -0.515604 -0.00172788 -0.00343757 -0.0012536 0.0616444 -0.00393659 0.031421 0.0695359 0.0459609 0.157912
internal_weight=3.02734e+06 175212 95343 6442 1374 2.85213e+06 2.71225e+06 2.64873e+06 108353 2.54037e+06 139878 89894 85387 25066
internal_count=3027339 175212 95343 6442 1374 2852127 2712249 2648726 108353 2540373 139878 89894 85387 25066
is_linear=0
shrinkage=0.02


Tree=231
num_leaves=15
num_cat=0
split_feature=21 26 8 21 20 26 20 26 26 23 22 8 21 4
split_gain=340704 676264 651337 763067 639444 1.18443e+06 499158 2.78633e+06 1.31652e+06 1.91779e+06 1.21598e+06 995962 691427 614573
threshold=12773.829101562502 12763.958496093752 0.6970425844192506 12720.397460937502 12795.735839843752 12704.916015625002 12183.192871093752 12187.718750000002 12041.876464843752 12046.645019531252 12230.186035156252 0.93456596136093151 12171.942871093752 -249.45500183105466
decision_type=2 2 2 2 2 2 2 2 2 2 2 2 2 2
left_child=1 4 -3 -4 6 -6 8 10 9 13 12 -11 -8 -1
right_child=-2 2 3 -5 5 -7 7 -9 -10 11 -12 -13 -14 -15
leaf_value=-0.11902991724170332 0.047661947240736122 -0.01887755069798255 -0.5525852946574098 -0.13156672303387512 0.009519249858552601 -0.50702742396027778 0.46275001155678114 0.0049542031434657756 -0.047980445161595907 0.13088134213764877 0.4418411001443725 0.68049531748402103 0.10781979435821411 0.00043908961804346963
leaf_weight=17352 58819 23490 1981 12845 4759 2822 2358 438422 235486 31145 6058 1368 30393 2160041
leaf_count=17352 58819 23490 1981 12845 4759 2822 2358 438422 235486 31145 6058 1368 30393 2160041
internal_value=1.09897e-06 -0.000943416 -0.0844114 -0.188158 0.000148307 -0.183175 0.000624463 0.0193342 -0.00302689 0.00176351 0.18174 0.154209 0.133508 -0.000513511
internal_weight=3.02734e+06 2.96852e+06 38316 14826 2.9302e+06 7581 2.92262e+06 477231 2.44539e+06 2.20991e+06 38809 32513 32751 2.17739e+06
internal_count=3027339 2968520 38316 14826 2930204 7581 2922623 477231 2445392 2209906 38809 32513 32751 2177393
is_linear=0
shrinkage=0.02


Tree=232
num_leaves=15
num_cat=0
split_feature=27 23 7 7 4 6 7 21 23 0 0 0 4 7
split_gain=517555 823922 2.17014e+06 1.85023e+06 1.39317e+06 991843 775154 745952 745654 647035 637032 856825 626970 526588
threshold=-18.729003906249996 12266.841308593752 12279.564941406252 12238.857910156252 132.79499816894534 98.893768310546889 12816.793945312502 10878.187011718752 10852.940917968752 1819.5000000000002 6643.5000000000009 3410.5000000000005 -132.33499908447263 11185.928222656252
decision_type=2 2 2 2 2 2 2 2 2 2 2 2 2 2
left_child=1 3 -3 5 9 7 -4 8 10 -5 11 -1 -13 -2
right_child=13 2 6 4 -6 -7 -8 -9 -10 -11 -12 12 -14 -15
leaf_value=-0.095687253622949178 0.015012425310892042 0.43418723614184884 0.026126429704520712 0.2675204400677032 -0.88268261602628373 -0.10270534564024585 -0.30858967722521979 0.01357689506495768 -0.26418080569057428 -0.28635506148697321 -0.42154934720738568 -0.14874949103820173 0.31541629435200441 -0.0035569783642827157
leaf_weight=12699 915950 5226 38640 967 1488 56465 2971 137415 7893 6249 1564 1570 4436 1833806
leaf_count=12699 915950 5226 38640 967 1488 56465 2971 137415 7893 6249 1564 1570 4436 1833806
internal_value=1.11089e-06 -0.0260256 0.0504469 -0.0415497 -0.327426 -0.0303291 0.00215902 -0.00564252 -0.0993949 -0.211861 -0.0351256 -0.00260607 0.194032 0.00262856
internal_weight=3.02734e+06 277583 46837 230746 8704 222042 41611 165577 28162 7216 20269 18705 6006 2.74976e+06
internal_count=3027339 277583 46837 230746 8704 222042 41611 165577 28162 7216 20269 18705 6006 2749756
is_linear=0
shrinkage=0.02


Tree=233
num_leaves=15
num_cat=0
split_feature=7 20 7 23 7 20 7 4 25 9 9 9 20 7
split_gain=345345 2.3678e+06 1.05434e+06 767519 2.79656e+06 4.17866e+06 1.94673e+06 884839 1.89391e+06 921185 766739 739512 717812 1.08807e+06
threshold=11204.128417968752 11201.510742187502 11240.761718750002 11353.098144531252 11368.623535156252 11409.897949218752 11368.623535156252 147.99500274658206 0.015946426428854469 -0.51891005039215077 0.60596671700477611 0.57128185033798229 11393.706542968752 11418.445800781252
decision_type=2 2 2 2 2 2 2 2 2 2 2 2 2 2
left_child=-1 2 -2 6 5 10 -3 12 -9 -10 -5 -8 13 -6
right_child=1 3 -4 4 7 -7 11 8 9 -11 -12 -13 -14 -15
leaf_value=0.0083926668856726602 -0.083977370803598558 -0.014144127922818503 -0.30936559586426493 0.11468988975464019 -0.043047859234178247 0.72649340956379616 -0.18023454077982867 -0.71224593612277587 -0.11866438177392316 -0.0042846630800604168 -0.1679679105580246 -0.78772921812677965 0.0076491358635667195 -0.4571824554853573
leaf_weight=1190322 75013 208757 9328 47936 64994 4503 24339 1697 41808 86270 4164 820 1264757 2631
leaf_count=1190322 75013 208757 9328 47936 64994 4503 24339 1697 41808 86270 4164 820 1264757 2631
internal_value=9.92849e-07 -0.00543652 -0.108939 -0.000455246 0.00473889 0.142661 -0.0341784 -0.000601285 -0.0504514 -0.0416277 0.0920707 -0.20034 0.00425448 -0.0592256
internal_weight=3.02734e+06 1.83702e+06 84341 1.75268e+06 1.51876e+06 56603 233916 1.46216e+06 129775 128078 52100 25159 1.33238e+06 67625
internal_count=3027339 1837017 84341 1752676 1518760 56603 233916 1462157 129775 128078 52100 25159 1332382 67625
is_linear=0
shrinkage=0.02


Tree=234
num_leaves=15
num_cat=0
split_feature=5 0 4 7 19 7 7 7 4 24 4 19 23 7
split_gain=355498 442040 392858 345957 1.86585e+06 1.71335e+06 1.33049e+06 1.09057e+06 1.1689e+06 967524 910766 1.37247e+06 893314 1.3142e+06
threshold=0.072500001639127745 2192.5000000000005 121.40500259399415 12539.944824218752 12292.824218750002 12291.576660156252 12279.564941406252 12629.550292968752 -57.374999999999993 12528.304199218752 100.98500061035158 12772.923339843752 12225.526855468752 12229.861328125002
decision_type=2 2 2 2 2 2 2 2 2 2 2 2 2 2
left_child=3 -2 -3 4 5 12 -6 8 -5 -8 -9 -12 13 -1
right_child=1 2 -4 7 6 -7 9 10 -10 -11 11 -13 -14 -15
leaf_value=-0.0028579332065286661 -0.015696795811811538 0.1637136667639405 0.042392694648336331 -0.20980524665499067 0.23969415314154488 -0.28525881734429498 0.011667983430827811 0.025913860649074007 -0.04012236472809888 0.13904206050207024 -0.17563237559099498 0.21550365871219676 0.066078181545335929 -0.20225151673163613
leaf_weight=2443999 35413 14621 39545 20800 17002 8552 79256 147217 73966 34116 20098 4359 75111 13284
leaf_count=2443999 35413 14621 39545 20800 17002 8552 79256 147217 73966 34116 20098 4359 75111 13284
internal_value=8.38392e-07 0.0392471 0.0751653 -0.00119599 0.000971586 -0.00281473 0.0747603 -0.0229274 -0.0773841 0.0500066 0.00713602 -0.105859 -0.00185977 -0.00393668
internal_weight=3.02734e+06 89579 54166 2.93776e+06 2.67132e+06 2.54095e+06 130374 266440 94766 113372 171674 24457 2.53239e+06 2.45728e+06
internal_count=3027339 89579 54166 2937760 2671320 2540946 130374 266440 94766 113372 171674 24457 2532394 2457283
is_linear=0
shrinkage=0.02


Tree=235
num_leaves=15
num_cat=0
split_feature=17 4 25 13 17 4 17 25 23 26 4 25 4 20
split_gain=335767 355310 324822 319309 441140 422975 576303 361772 361190 669235 353165 323684 675768 964495
threshold=0.10326559469103815 284.38999938964849 0.039198905229568488 -12.099999904632567 0.61151048541069042 -113.6949996948242 0.35975331068038946 0.088395316153764739 12225.526855468752 12272.811523437502 238.91999816894534 0.021474050357937816 152.46500396728518 11363.539550781252
decision_type=2 2 2 2 2 2 2 2 2 2 2 2 2 2
left_child=-1 3 -3 4 -2 6 8 11 -5 -10 -9 12 -7 -14
right_child=1 2 -4 5 -6 7 -8 10 9 -11 -12 -13 13 -15
leaf_value=0.066387277805962153 0.0054012910737674738 -0.19215114914343109 0.15154372117433393 -0.0033350635424283289 0.057363373229491352 -0.0085096219104371738 -0.048110503998892967 -0.040280941580616868 0.3078932159464251 0.0047527212230583562 -0.25950718951286239 0.0060201606836719759 -0.010474859791887271 -0.41059597656014318
leaf_weight=30161 586919 1231 9746 90227 73532 696842 186871 48662 4452 8393 3119 1277228 5884 4072
leaf_count=30161 586919 1231 9746 90227 73532 696842 186871 48662 4452 8393 3119 1277228 5884 4072
internal_value=8.19815e-07 -0.000667449 0.112859 -0.00108514 0.0111874 -0.00457025 -0.0271703 -0.00135139 0.0107954 0.109979 -0.0535339 1.07757e-05 -0.0108485 -0.174374
internal_weight=3.02734e+06 2.99718e+06 10977 2.9862e+06 660451 2.32575e+06 289943 2.03581e+06 103072 12845 51781 1.98403e+06 706798 9956
internal_count=3027339 2997178 10977 2986201 660451 2325750 289943 2035807 103072 12845 51781 1984026 706798 9956
is_linear=0
shrinkage=0.02


Tree=236
num_leaves=15
num_cat=0
split_feature=7 20 26 23 7 20 26 26 20 26 4 7 9 26
split_gain=333907 2.2674e+06 1.81139e+06 732873 2.68806e+06 4.01281e+06 1.98177e+06 964868 4.29362e+06 2.35878e+06 1.31351e+06 832204 734370 716576
threshold=11204.128417968752 11201.510742187502 11239.116210937502 11353.098144531252 11368.623535156252 11409.897949218752 11360.649902343752 11517.272460937502 11594.234375000002 11690.550292968752 -42.844999313354485 11470.466308593752 0.60596671700477611 11383.930175781252
decision_type=2 2 2 2 2 2 2 2 2 2 2 2 2 2
left_child=-1 2 -2 6 5 12 -3 8 11 10 -9 13 -5 -6
right_child=1 3 -4 4 7 -7 -8 9 -10 -11 -12 -13 -14 -15
leaf_value=0.0082523141183332357 -0.084477366864213255 -0.0074883155045677389 -0.4946110680211151 0.11238457085438887 -0.095424616591943873 0.71195375672523609 -0.16408243226368829 0.53646225242906642 -0.67900478111652107 0.0041735541037791124 0.10711187775894807 -0.21384115386612698 -0.16424249273910943 -0.0034047502510937788
leaf_weight=1190322 79797 195182 4544 47936 40420 4503 38734 4956 4072 1188988 6705 9020 4164 207996
leaf_count=1190322 79797 195182 4544 47936 40420 4503 38734 4956 4072 1188988 6705 9020 4164 207996
internal_value=7.78472e-07 -0.00534593 -0.10663 -0.00047141 0.00460414 0.139825 -0.0334246 -0.000631415 -0.0354429 0.00695095 0.289894 -0.0252373 0.090248 -0.0183807
internal_weight=3.02734e+06 1.83702e+06 84341 1.75268e+06 1.51876e+06 56603 233916 1.46216e+06 261508 1.20065e+06 11661 257436 52100 248416
internal_count=3027339 1837017 84341 1752676 1518760 56603 233916 1462157 261508 1200649 11661 257436 52100 248416
is_linear=0
shrinkage=0.02


Tree=237
num_leaves=15
num_cat=0
split_feature=27 7 19 7 9 7 19 27 23 7 7 9 7 4
split_gain=519274 693012 575916 928250 573384 1.07166e+06 859150 456101 716630 2.43374e+06 1.10642e+06 942230 841013 687490
threshold=42.740234375000007 12013.128906250002 12180.612792968752 12516.019531250002 0.47709186375141149 11252.907714843752 10950.788574218752 -23.762207031249996 12236.874511718752 12238.857910156252 12223.541503906252 -0.7020561397075652 12816.793945312502 127.66500091552736
decision_type=2 2 2 2 2 2 2 2 2 2 2 2 2 2
left_child=7 4 -3 -4 6 -6 -2 8 9 11 -10 -1 -12 -11
right_child=1 2 3 -5 5 -7 -8 -9 10 13 12 -13 -14 -15
leaf_value=-0.39640830223605539 -0.12375531199228607 -0.1019539200171117 0.307884519515224 -0.088447202938849792 0.24187170078571998 -0.19487215754407733 0.21769218858691045 0.00084867413646854285 0.36794456264441849 -0.32551045785182309 0.040511578346154993 -0.028921562870853627 -0.34519831015804608 -0.83841413194345538
leaf_weight=2838 3427 14470 4465 5003 3803 5463 20814 2788334 3875 3175 28367 139291 2447 1567
leaf_count=2838 3427 14470 4465 5003 3803 5463 20814 2788334 3875 3175 28367 139291 2447 1567
internal_value=7.34221e-07 0.0595538 -0.022628 0.0985838 0.118256 -0.0155518 0.169389 -0.00115136 -0.0318656 -0.0511759 0.0498836 -0.036287 0.0097789 -0.496412
internal_weight=3.02734e+06 57445 23938 9468 33507 9266 24241 2.96989e+06 181560 146871 34689 142129 30814 4742
internal_count=3027339 57445 23938 9468 33507 9266 24241 2969894 181560 146871 34689 142129 30814 4742
is_linear=0
shrinkage=0.02


Tree=238
num_leaves=15
num_cat=0
split_feature=17 4 21 26 19 0 21 24 0 24 0 26 19 26
split_gain=319042 340682 332505 612955 654797 465796 455815 1.2419e+06 716540 623865 586924 571857 1.61807e+06 1.69762e+06
threshold=0.10326559469103815 284.38999938964849 12773.829101562502 12763.958496093752 13462.845214843752 2494.5000000000005 12732.083007812502 12675.733398437502 2930.5000000000005 12737.893554687502 3113.5000000000005 12532.560058593752 12292.824218750002 12281.559082031252
decision_type=2 2 2 2 2 2 2 2 2 2 2 2 2 2
left_child=-1 2 3 6 -5 -6 7 11 -9 10 -8 12 13 -2
right_child=1 -3 -4 4 5 -7 9 8 -10 -11 -12 -13 -14 -15
leaf_value=0.064712528911022915 -0.0012314985767161635 0.11051401250515668 0.04635207856144944 -0.056362448006086599 -0.035612071494672548 -0.53514442772700865 -0.045944927185883958 0.056291937853461711 0.26156252860290208 0.040366287149342032 -0.25623082611127451 -0.041594749540652627 0.076721755538563433 -0.19705582838087662
leaf_weight=30161 2566228 10977 58008 35051 1174 2049 12043 19464 10453 12174 9493 135074 107169 17821
leaf_count=30161 2566228 10977 58008 35051 1174 2049 12043 19464 10453 12174 9493 135074 107169 17821
internal_value=6.35275e-07 -0.000650776 -0.00105978 -0.00199918 -0.0815012 -0.353865 -0.000945975 -8.29303e-05 0.128078 -0.0740484 -0.138715 -0.00144 0.000575537 -0.00258277
internal_weight=3.02734e+06 2.99718e+06 2.9862e+06 2.92819e+06 38274 3223 2.88992e+06 2.85621e+06 29917 33710 21536 2.82629e+06 2.69122e+06 2.58405e+06
internal_count=3027339 2997178 2986201 2928193 38274 3223 2889919 2856209 29917 33710 21536 2826292 2691218 2584049
is_linear=0
shrinkage=0.02


Tree=239
num_leaves=15
num_cat=0
split_feature=5 23 26 23 4 26 20 19 26 4 19 4 4 26
split_gain=340172 458216 751430 447675 420561 373819 1.08262e+06 939553 1.6006e+06 1.60421e+06 1.57667e+06 994525 783360 773418
threshold=0.062499998137354858 10860.633789062502 11025.910644531252 11023.990722656252 87.844997406005874 10761.401855468752 10804.545898437502 10646.074707031252 10639.624511718752 -45.645000457763665 10795.645507812502 181.20500183105472 -65.215000152587876 10866.337890625002
decision_type=2 2 2 2 2 2 2 2 2 2 2 2 2 2
left_child=5 -2 4 -4 -3 7 12 -1 -9 10 -10 -11 -7 -8
right_child=1 2 3 -5 -6 6 13 8 9 11 -12 -13 -14 -15
leaf_value=-0.036729982663683824 -0.044996738289965726 0.023407196441473179 -0.13979403025348117 0.027326882512810215 0.17674400093894777 -0.23247720337220082 0.061660101342439183 0.47420598577412099 0.31902024689045194 0.040665863758182 -0.38853012619617155 -0.20083110804913518 -0.051231446407121288 -0.0030189379160525708
leaf_weight=49984 29381 10655 6812 106571 21793 11291 76130 3792 12525 55130 1392 7774 61238 2572871
leaf_count=49984 29381 10655 6812 106571 21793 11291 76130 3792 12525 55130 1392 7774 61238 2572871
internal_value=5.88505e-07 0.0270488 0.0415662 0.0172747 0.126416 -0.00166112 -0.00324729 0.031391 0.0736288 0.0537963 0.24802 0.0107929 -0.0794754 -0.00115988
internal_weight=3.02734e+06 175212 145831 113383 32448 2.85213e+06 2.72153e+06 130597 80613 76821 13917 62904 72529 2.649e+06
internal_count=3027339 175212 145831 113383 32448 2852127 2721530 130597 80613 76821 13917 62904 72529 2649001
is_linear=0
shrinkage=0.02


Tree=240
num_leaves=15
num_cat=0
split_feature=5 7 24 26 20 7 20 7 24 20 7 25 24 26
split_gain=329743 331210 1.58629e+06 1.68317e+06 1.12973e+06 1.06064e+06 1.26568e+06 1.2711e+06 2.65003e+06 1.20929e+06 975280 848965 841037 1.47127e+06
threshold=0.077500000596046462 12539.944824218752 12220.685058593752 12181.866210937502 12557.668457031252 12205.039550781252 12188.944335937502 12043.893554687502 12032.622070312502 12076.266113281252 12557.411132812502 0.081520766019821181 12528.304199218752 12281.559082031252
decision_type=2 2 2 2 2 2 2 2 2 2 2 2 2 2
left_child=1 2 5 -4 10 6 7 8 -1 -9 -3 -11 13 -5
right_child=-2 4 3 12 -6 -7 -8 9 -10 11 -12 -13 -14 -15
leaf_value=-0.0022663269902866239 0.045300700943489612 -0.036472611549600915 0.37302324555450228 0.08376902691678037 -0.0055755232807259978 -0.10387039078685241 0.10780396813653136 -0.11688758236207245 0.1447235461653737 -0.0094879777869191131 -0.24237629773379385 -0.27201801213425947 0.13345082987784623 -0.030594703839061849
leaf_weight=2109599 62928 21742 6355 88537 231321 41344 41471 70972 50219 155855 15949 5078 34492 91477
leaf_count=2109599 62928 21742 6355 88537 231321 41344 41471 70972 50219 155855 15949 5078 34492 91477
internal_value=5.78122e-07 -0.000961188 0.0011508 0.0525063 -0.0221219 -0.00343304 -0.00172601 -0.00362564 0.00115205 -0.0481203 -0.123643 -0.0177882 0.0429935 0.0256547
internal_weight=3.02734e+06 2.96441e+06 2.6954e+06 220861 269012 2.47454e+06 2.43319e+06 2.39172e+06 2.15982e+06 231905 37691 160933 214506 180014
internal_count=3027339 2964411 2695399 220861 269012 2474538 2433194 2391723 2159818 231905 37691 160933 214506 180014
is_linear=0
shrinkage=0.02


Tree=241
num_leaves=15
num_cat=0
split_feature=27 26 8 4 20 26 8 8 23 20 23 4 20 26
split_gain=503189 677234 611546 567017 559597 875464 500422 710565 689124 1.92684e+06 987549 1.23762e+06 665405 1.42666e+06
threshold=42.740234375000007 12060.803222656252 0.99834027886390697 175.27500152587893 12196.410644531252 12584.756835937502 0.95380857586860668 0.87731993198394786 12310.619140625002 12289.903808593752 12219.798828125002 41.454999923706062 12183.192871093752 12187.718750000002
decision_type=2 2 2 2 2 2 2 2 2 2 2 2 2 2
left_child=6 2 3 -2 -3 -6 7 -1 9 10 -9 -12 -8 -14
right_child=1 4 -4 -5 5 -7 12 8 -10 -11 11 -13 13 -15
leaf_value=-0.0021356550736120633 0.059759161739690585 -0.10118067013731191 0.42759929633464944 0.31124409012523502 0.29869566399264169 -0.086080703961245397 -0.034098690111613296 0.029295236435466481 -0.015645610767732417 0.39809070531241453 0.052403485820875895 0.49750147236423231 0.21900918221089608 -0.046039650818745829
leaf_weight=2315344 27091 14419 2342 4125 4493 4975 294162 213949 95989 6116 6327 4123 13486 20398
leaf_count=2315344 27091 14419 2342 4125 4493 4975 294162 213949 95989 6116 6327 4123 13486 20398
internal_value=5.70552e-07 0.058624 0.116548 0.093081 -0.0227653 0.0966337 -0.00113354 0.00175944 0.0293801 0.0481293 0.0385736 0.228325 -0.0244309 0.059484
internal_weight=3.02734e+06 57445 33558 31216 23887 9468 2.96989e+06 2.64185e+06 326504 230515 224399 10450 328046 33884
internal_count=3027339 57445 33558 31216 23887 9468 2969894 2641848 326504 230515 224399 10450 328046 33884
is_linear=0
shrinkage=0.02


Tree=242
num_leaves=15
num_cat=0
split_feature=27 9 26 8 19 25 0 23 27 25 9 23 23 26
split_gain=499842 599062 546587 694304 466253 513659 392034 418901 387272 661581 380305 363808 362459 358619
threshold=9.3120117187500018 -0.7020561397075652 10765.807617187502 0.71212160587310802 12310.327148437502 0.015531689859926702 6643.5000000000009 10689.526855468752 -52.036132812499993 0.039771536365151412 -0.90470352768897999 10923.535644531252 10784.425781250002 10872.016113281252
decision_type=2 2 2 2 2 2 2 2 2 2 2 2 2 2
left_child=8 4 3 -3 5 -2 7 -5 9 11 -10 -1 -4 -14
right_child=1 2 12 6 -6 -7 -8 -9 10 -11 -12 -13 13 -15
leaf_value=-0.28669904547694397 -0.10251381458281027 0.32426953198734693 -0.1609064900255967 -0.011987225694127877 0.3308738339474418 0.097233204048876767 -0.13210150331876405 0.16933875386111585 -0.1374166933637562 -0.20965675212995494 -0.0028679091676007636 0.21882701968668869 0.12827437921802232 0.0051692386954890349
leaf_weight=706 5970 4469 5149 9246 2907 37134 3834 11341 8422 8692 2442169 2784 9648 474868
leaf_count=706 5970 4469 5149 9246 2907 37134 3834 11341 8422 8692 2442169 2784 9648 474868
internal_value=6.9206e-07 0.016974 0.0108363 0.0953562 0.0861293 0.06955 0.0533491 0.0879347 -0.00389031 -0.116331 -0.00333088 0.11603 0.00584779 0.00762323
internal_weight=3.02734e+06 564566 518555 28890 46011 43104 24421 20587 2.46277e+06 12182 2.45059e+06 3490 489665 484516
internal_count=3027339 564566 518555 28890 46011 43104 24421 20587 2462773 12182 2450591 3490 489665 484516
is_linear=0
shrinkage=0.02


Tree=243
num_leaves=15
num_cat=0
split_feature=27 25 7 5 26 25 0 23 21 21 27 20 27 1
split_gain=481471 601240 444748 435385 462320 431092 643011 577873 514218 797742 671236 625293 1.23166e+06 480027
threshold=25.224121093750004 0.019801413640379909 12785.869140625002 0.047500001266598708 12744.798339843752 0.081520766019821181 7400.5000000000009 11451.767089843752 10866.908691406252 10908.246582031252 21.364746093750004 10736.485351562502 -7.8452148437499991 69.052837371826186
decision_type=2 2 2 2 2 2 2 2 2 2 2 2 2 2
left_child=5 -2 3 4 -3 6 -1 8 11 -10 -11 12 -7 -12
right_child=1 2 -4 -5 -6 7 -8 -9 9 10 13 -13 -14 -15
leaf_value=5.1651239380135028e-05 -0.046561334735674233 0.034203561111338029 -0.19931052107785349 0.13050930788832063 0.43311621443274889 0.4026661995824905 -0.27155651646636886 -0.095679426611482196 0.27909941763045615 0.034259974263723403 -0.63448634372388979 -0.12886622178084375 -0.053061139875960464 -0.11221597062351457
leaf_weight=2719493 31860 115732 2810 24772 1164 2964 3481 44875 4892 37655 949 22309 11713 2670
leaf_count=2719493 31860 115732 2810 24772 1164 2964 3481 44875 4892 37655 949 22309 11713 2670
internal_value=6.93183e-07 0.0320706 0.0494125 0.0543598 0.0382126 -0.00198297 -0.000296556 -0.0378479 -0.00662966 0.0378837 0.00923241 -0.062187 0.0391825 -0.250546
internal_weight=3.02734e+06 176338 144478 141668 116896 2.851e+06 2.72297e+06 128027 83152 46166 41274 36986 14677 3619
internal_count=3027339 176338 144478 141668 116896 2851001 2722974 128027 83152 46166 41274 36986 14677 3619
is_linear=0
shrinkage=0.02


Tree=244
num_leaves=15
num_cat=0
split_feature=27 8 26 26 23 0 4 26 23 19 22 26 23 25
split_gain=479114 630275 756704 1.79033e+06 749214 1.17267e+06 603808 585365 726755 646586 610822 1.01939e+06 976366 638531
threshold=-0.99072265624999989 -0.844174563884735 10851.689941406252 10817.308593750002 12513.085449218752 1701.5000000000002 -115.9449996948242 12763.958496093752 12798.446777343752 13462.845214843752 12662.536132812502 12595.337402343752 12534.007324218752 0.015946426428854469
decision_type=2 2 2 2 2 2 2 2 2 2 2 2 2 2
left_child=-1 2 3 -2 -4 -6 -5 10 9 -9 11 13 -13 -3
right_child=1 7 4 6 5 -7 -8 8 -10 -11 -12 12 -14 -15
leaf_value=-0.010656835591281354 -0.013053046452489217 -0.022823498056500267 0.017853369286133167 0.59611028547359046 0.045841952891769316 0.437147218589375 0.18899670967383964 -0.12913009880600176 0.040293276303033497 -0.51433237219666628 0.067402153713566698 -0.50233464619100832 -0.084916868414277535 0.009000238861264262
leaf_weight=1083425 8490 314797 225533 3696 9905 4427 2423 13598 9916 1992 56847 2490 21755 1268045
leaf_count=1083425 8490 314797 225533 3696 9905 4427 2423 13598 9916 1992 56847 2490 21755 1268045
internal_value=6.63944e-07 0.00594057 0.035283 0.174982 0.0267676 0.166934 0.435476 0.00152063 -0.093547 -0.178648 0.00297846 0.000699204 -0.127977 0.00267099
internal_weight=3.02734e+06 1.94391e+06 254474 14609 239865 14332 6119 1.68944e+06 25506 15590 1.66393e+06 1.60709e+06 24245 1.58284e+06
internal_count=3027339 1943914 254474 14609 239865 14332 6119 1689440 25506 15590 1663934 1607087 24245 1582842
is_linear=0
shrinkage=0.02


Tree=245
num_leaves=15
num_cat=0
split_feature=27 7 9 7 20 20 7 27 27 3 4 0 22 7
split_gain=469888 630001 538893 1.02962e+06 784715 532673 834729 448999 425336 687356 623433 574557 511788 932331
threshold=42.740234375000007 12013.128906250002 0.47709186375141149 11252.907714843752 10920.458984375002 12196.410644531252 12516.019531250002 57.106445312500007 -23.762207031249996 4.409909963607789 184.59500122070315 4175.5000000000009 12254.410156250002 12054.702148437502
decision_type=2 2 2 2 2 2 2 2 2 2 2 2 2 2
left_child=8 2 4 -4 -2 -3 -7 -6 9 10 -1 -12 13 -11
right_child=1 5 3 -5 7 6 -8 -9 -10 12 11 -13 -14 -15
leaf_value=0.017772990527449347 -0.14271849451372606 -0.097995261611474177 0.23522812530998244 -0.19286407621822083 0.14452167088510295 0.29334349105451357 -0.082494491118638713 0.34538349040995253 0.00083612249116789804 -0.057992155092188649 -0.78197935610745861 -0.12730148132750871 0.046358962473186126 -0.24288781298866782
leaf_weight=88475 2957 14470 3803 5463 14932 4465 5003 6352 2788334 63750 668 2592 12921 13154
leaf_count=88475 2957 14470 3803 5463 14932 4465 5003 6352 2788334 63750 668 2592 12921 13154
internal_value=6.58962e-07 0.056651 0.112621 -0.0170979 0.162192 -0.0217055 0.0948668 0.204602 -0.00109528 -0.0307555 0.00775173 -0.263437 -0.0700783 -0.0896453
internal_weight=3.02734e+06 57445 33507 9266 24241 23938 9468 21284 2.96989e+06 181560 91735 3260 89825 76904
internal_count=3027339 57445 33507 9266 24241 23938 9468 21284 2969894 181560 91735 3260 89825 76904
is_linear=0
shrinkage=0.02


Tree=246
num_leaves=15
num_cat=0
split_feature=27 5 26 26 23 27 20 26 26 20 22 22 20 26
split_gain=459613 448456 470483 563967 496122 368322 631856 383371 340395 651945 781313 378728 1.17438e+06 382384
threshold=9.3120117187500018 0.082499999552965178 10765.807617187502 10706.806152343752 10784.425781250002 -52.036132812499993 11440.046386718752 12214.379394531252 10878.348144531252 10920.458984375002 10922.497558593752 10935.586425781252 10957.179199218752 11200.262207031252
decision_type=2 2 2 2 2 2 2 2 2 2 2 2 2 2
left_child=5 2 3 -2 -4 6 -1 -8 -6 -10 -11 12 -12 -13
right_child=1 -3 4 -5 8 -7 7 -9 9 10 11 13 -14 -15
leaf_value=-0.23898025858712435 0.032045551559431909 0.15423051659993475 -0.1876372695405478 0.21892357435767618 0.10518107436089748 -0.0031849658155386302 0.19942261050224758 -0.14457323813167949 -0.083229200031820952 0.33234980193062014 0.021028960172479644 0.054280443130705111 -0.61786532584943399 0.0060915281391157976
leaf_weight=6914 20422 9261 5043 9441 15055 2450591 3004 2264 29069 3060 4393 79328 1549 387945
leaf_count=6914 20422 9261 5043 9441 15055 2450591 3004 2264 29069 3060 4393 79328 1549 387945
internal_value=6.0311e-07 0.0162765 0.0139731 0.09118 0.00958339 -0.00373054 -0.113386 0.0515878 0.0114982 0.00870517 0.014318 0.0122544 -0.146277 0.0142735
internal_weight=3.02734e+06 564566 555305 29863 525442 2.46277e+06 12182 5268 520399 505344 476275 473215 5942 467273
internal_count=3027339 564566 555305 29863 525442 2462773 12182 5268 520399 505344 476275 473215 5942 467273
is_linear=0
shrinkage=0.02


Tree=247
num_leaves=15
num_cat=0
split_feature=27 0 26 19 24 21 26 25 0 19 27 26 20 27
split_gain=448715 663467 541157 499253 489518 1.40873e+06 619042 512755 483751 443758 431801 628434 1.00337e+06 741798
threshold=0.18212890625000003 5835.5000000000009 12614.383300781252 13462.845214843752 12662.822265625002 12732.083007812502 12551.707519531252 0.015946426428854469 5615.5000000000009 12558.053710937502 24.475585937500004 12055.717285156252 12196.410644531252 65.000000000000014
decision_type=2 2 2 2 2 2 2 2 2 2 2 2 2 2
left_child=8 3 -3 4 6 -6 7 -2 -1 -4 -9 13 -13 -12
right_child=1 2 9 -5 5 -7 -8 10 -10 -11 11 12 -14 -15
leaf_value=-0.0091456998668397824 -0.01373962939288171 -0.051206235062392753 -0.63704653645315334 -0.17774705320244305 0.2422523997208858 0.01444963795406626 -0.06874289004672296 0.013235803395995884 0.042171592843936762 0.097579792059624373 0.06577142061679922 -0.11307451477396697 0.13516906852796726 0.4034620620946216
leaf_weight=1619819 243193 47615 1129 5544 14168 46385 39114 796546 76959 459 104460 19530 9759 2659
leaf_count=1619819 243193 47615 1129 5544 14168 46385 39114 796546 76959 459 104460 19530 9759 2659
internal_value=5.81246e-07 0.00869576 -0.063368 0.0114634 0.012287 0.0677817 0.00952134 0.0121247 -0.00681791 -0.425414 0.0188668 0.0517453 -0.030342 0.0741909
internal_weight=3.02734e+06 1.33056e+06 49203 1.28136e+06 1.27581e+06 60553 1.21526e+06 1.17615e+06 1.69678e+06 1588 932954 136408 29289 107119
internal_count=3027339 1330561 49203 1281358 1275814 60553 1215261 1176147 1696778 1588 932954 136408 29289 107119
is_linear=0
shrinkage=0.02


Tree=248
num_leaves=15
num_cat=0
split_feature=27 7 19 7 19 4 7 7 27 3 4 24 7 7
split_gain=439536 578603 499475 799847 493769 643243 549196 608802 400004 660222 600517 486239 876829 685470
threshold=42.740234375000007 12013.128906250002 12180.612792968752 12516.019531250002 10950.788574218752 46.784999847412116 11252.907714843752 11368.623535156252 -23.762207031249996 4.409909963607789 184.59500122070315 12258.833496093752 12054.702148437502 11437.942382812502
decision_type=2 2 2 2 2 2 2 2 2 2 2 2 2 2
left_child=8 4 -3 -4 -2 6 -6 -8 9 10 -1 12 13 -11
right_child=1 2 3 -5 5 -7 7 -9 -10 11 -12 -13 -14 -15
leaf_value=0.01775201623429443 -0.11840000250755424 -0.094176069546840963 0.28686486097154673 -0.081036115318838461 0.22867493585743404 0.21410137957726261 -0.19037830998761615 0.14520505024441657 0.00081361767311266076 -0.090071730019742627 -0.25824169823568349 0.045787575180788583 -0.23510204069323837 0.071578716836796938
leaf_weight=88475 3437 14470 4465 5003 3793 17249 5462 3566 2788334 50515 3260 12794 13281 13235
leaf_count=88475 3437 14470 4465 5003 3793 17249 5462 3566 2788334 50515 3260 12794 13281 13235
internal_value=5.6589e-07 0.0547907 -0.0203016 0.0925793 0.108429 0.134387 0.0270559 -0.0578089 -0.00105938 -0.0298228 0.00791669 -0.0683617 -0.0873244 -0.0565056
internal_weight=3.02734e+06 57445 23938 9468 33507 30070 12821 9028 2.96989e+06 181560 91735 89825 77031 63750
internal_count=3027339 57445 23938 9468 33507 30070 12821 9028 2969894 181560 91735 89825 77031 63750
is_linear=0
shrinkage=0.02


Tree=249
num_leaves=15
num_cat=0
split_feature=7 19 22 7 20 7 8 19 4 7 7 7 7 4
split_gain=307640 2.2718e+06 707393 1.32188e+06 2.06746e+06 1.99719e+06 608633 1.65054e+06 1.01635e+06 1.10376e+06 648866 593356 713819 565208
threshold=11204.128417968752 11204.585449218752 11175.656738281252 11130.324218750002 11234.303710937502 11171.963378906252 -0.9453720450401305 11003.285156250002 -212.43000030517575 10905.096679687502 11006.505859375002 11219.278320312502 12753.250976562502 136.37500000000003
decision_type=2 2 2 2 2 2 2 2 2 2 2 2 2 2
left_child=2 11 6 -4 5 -5 7 -1 9 -8 -9 -2 -13 -3
right_child=1 13 3 4 -6 -7 8 10 -10 -11 -12 12 -14 -15
leaf_value=0.015630426851611076 -0.061775442702790631 0.0043504697672569169 -0.1088768033116837 0.25816328767934327 0.3843106094604144 0.023490965085304395 0.29280900553801231 0.66132294863019669 0.00013001348738593519 -0.22611426852559391 0.23097128684399226 -0.17540407304094383 0.48352574025820694 -0.031917128687520904
leaf_weight=41294 68307 1540069 20620 16023 7532 152375 1856 1740 928150 13567 7165 34515 661 193465
leaf_count=41294 68307 1540069 20620 16023 7532 152375 1856 1740 928150 13567 7165 34515 661 193465
internal_value=5.50828e-07 -0.00513155 0.00792088 0.0425883 0.0603462 0.0458341 0.00106391 0.0689154 -0.00254653 -0.163517 0.31571 -0.0961581 -0.162888 0.000302779
internal_weight=3.02734e+06 1.83702e+06 1.19032e+06 196550 175930 168398 993772 50199 943573 15423 8905 103483 35176 1.73353e+06
internal_count=3027339 1837017 1190322 196550 175930 168398 993772 50199 943573 15423 8905 103483 35176 1733534
is_linear=0
shrinkage=0.02


Tree=250
num_leaves=15
num_cat=0
split_feature=5 21 13 17 17 4 17 16 4 21 25 4 21 21
split_gain=311807 431979 301408 401575 287289 486292 368838 336154 304015 380297 296546 281084 275996 269355
threshold=0.062499998137354858 10862.582031250002 -12.099999904632567 0.59604939818382274 0.2525623887777329 -113.6949996948242 0.53118324279785167 -0.90000000596046437 -29.404999732971188 12221.579101562502 0.03747996129095555 253.78499603271487 11428.208984375002 11758.812988281252
decision_type=2 2 2 2 2 2 2 2 2 2 2 2 2 2
left_child=2 -2 3 -1 8 6 12 -8 9 -4 -11 -3 -6 -14
right_child=1 11 4 -5 5 -7 7 -9 -10 10 -12 -13 13 -15
leaf_value=0.0046605500869312524 -0.044248072515285945 0.033404794464835262 0.027655873754544313 0.053381354345205717 -0.038494966485082487 -0.0036219100825387591 -0.010415060548079922 -0.11827934327687006 -0.00094859081609321679 0.054638071306375019 0.24081151329562642 0.15762417788651573 0.067657642445200714 -0.014564829631746505
leaf_weight=550406 29247 138282 68413 77147 135466 1727646 17667 33420 149456 7225 6506 7683 22171 56604
leaf_count=550406 29247 138282 68413 77147 135466 1727646 17667 33420 149456 7225 6506 7683 22171 56604
internal_value=6.56013e-07 0.0258966 -0.00159026 0.0106507 -0.00504349 -0.00749362 -0.0327025 -0.0809872 0.0160398 0.0469456 0.142963 0.0399537 -0.0211854 0.00858185
internal_weight=3.02734e+06 175212 2.85213e+06 627553 2.22457e+06 1.99297e+06 265328 51087 231600 82144 13731 145965 214241 78775
internal_count=3027339 175212 2852127 627553 2224574 1992974 265328 51087 231600 82144 13731 145965 214241 78775
is_linear=0
shrinkage=0.02


Tree=251
num_leaves=15
num_cat=0
split_feature=27 8 26 7 24 4 4 26 20 24 20 7 20 7
split_gain=423451 603400 724055 1.76163e+06 720066 979587 596547 553825 968217 562804 1.3276e+06 725324 595508 1.17761e+06
threshold=-0.99072265624999989 -0.844174563884735 10851.689941406252 10814.940429687502 12507.703613281252 -74.435001373291001 -115.9449996948242 12763.958496093752 12764.694335937502 12675.733398437502 12704.233886718752 12544.754394531252 12183.192871093752 12158.952636718752
decision_type=2 2 2 2 2 2 2 2 2 2 2 2 2 2
left_child=-1 2 3 -2 -4 -6 -5 9 -9 11 -11 12 -3 -14
right_child=1 7 4 6 5 -7 -8 8 -10 10 -12 -13 13 -15
leaf_value=-0.0100186316721614 -0.02053687107472265 -0.0011583984605499783 0.017258915056391086 0.57884210480749609 0.43310938673896671 0.061619775191732042 0.17974366598091884 -0.30237132385393883 -0.019318883562679048 0.33503582141488614 0.029211923455593362 -0.067283809204327749 0.51010096109900649 0.032363529162872794
leaf_weight=1083425 8302 1377556 225634 3830 3909 10322 2477 6470 19036 6484 45201 60591 2079 172023
leaf_count=1083425 8302 1377556 225634 3830 3909 10322 2477 6470 19036 6484 45201 60591 2079 172023
internal_value=6.69913e-07 0.00558488 0.0342949 0.170947 0.0259653 0.163895 0.422637 0.0012602 -0.0912108 0.00267822 0.067636 0.0005954 0.00324646 0.0380974
internal_weight=3.02734e+06 1.94391e+06 254474 14609 239865 14231 6307 1.68944e+06 25506 1.66393e+06 51685 1.61225e+06 1.55166e+06 174102
internal_count=3027339 1943914 254474 14609 239865 14231 6307 1689440 25506 1663934 51685 1612249 1551658 174102
is_linear=0
shrinkage=0.02


Tree=252
num_leaves=15
num_cat=0
split_feature=27 26 9 7 19 19 7 27 25 0 23 21 21 20
split_gain=420265 566297 501145 938347 737615 490964 765240 391897 384636 606523 571093 572332 785680 505841
threshold=42.740234375000007 12060.803222656252 0.47709186375141149 11252.907714843752 10950.788574218752 12180.612792968752 12516.019531250002 57.106445312500007 0.081520766019821181 7400.5000000000009 11451.767089843752 10866.908691406252 10908.246582031252 10736.485351562502
decision_type=2 2 2 2 2 2 2 2 2 2 2 2 2 2
left_child=8 2 4 -4 -2 -3 -7 -6 9 -1 11 13 -13 -10
right_child=1 5 3 -5 7 6 -8 -9 10 -11 -12 12 -14 -15
leaf_value=0.00086700490579413078 -0.117400058015178 -0.094298390588395301 0.22230240575635088 -0.18637576391421179 0.14140574779931989 0.28102454474092198 -0.078829973863061384 0.32988622433196191 0.02963394218951735 -0.26291570913690065 -0.089867727314328238 0.27700721422482832 0.014518660952915666 -0.11710737705576235
leaf_weight=2830261 3427 14419 3803 5463 14513 4465 5003 6352 15303 3481 47449 5079 44000 24321
leaf_count=2830261 3427 14419 3803 5463 14513 4465 5003 6352 15303 3481 47449 5079 44000 24321
internal_value=7.72832e-07 0.0535764 0.106544 -0.018583 0.154262 -0.0208487 0.0909886 0.198917 -0.00103568 0.000542038 -0.0338706 -0.00390968 0.0417339 -0.0604414
internal_weight=3.02734e+06 57445 33558 9266 24292 23887 9468 20865 2.96989e+06 2.83374e+06 136152 88703 49079 39624
internal_count=3027339 57445 33558 9266 24292 23887 9468 20865 2969894 2833742 136152 88703 49079 39624
is_linear=0
shrinkage=0.02


Tree=253
num_leaves=15
num_cat=0
split_feature=27 9 4 0 24 0 8 27 19 19 9 27 19 0
split_gain=409378 555698 492090 543263 719182 540342 449718 417452 756576 565110 552808 385532 523246 367436
threshold=9.3120117187500018 -0.7183113396167754 116.86500167846681 3454.5000000000005 11436.166503906252 4878.5000000000009 0.79939252138137828 36.633789062500007 12180.612792968752 11519.751464843752 0.20284801721572879 11.405761718750002 11139.361328125002 5835.5000000000009
decision_type=2 2 2 2 2 2 2 2 2 2 2 2 2 2
left_child=-1 -2 5 -4 13 -3 -6 9 10 -8 -9 -7 -13 -5
right_child=1 2 3 4 6 11 7 8 -10 -11 -12 12 -14 -15
leaf_value=-0.0035205564418040475 0.099718075251448199 0.030795328100513705 -0.089552125457612694 0.058799584615188041 -0.18318369305764429 -0.29870526489029675 -0.48989173127747898 -0.10793456108309285 0.226509253788232 -0.053493405755046575 0.33283561078567098 -0.19624731547161245 0.015953520195965437 -0.058026301825842647
leaf_weight=2462773 29589 336232 33421 66170 8917 2492 1222 8996 6252 32640 1293 6224 18265 12853
leaf_count=2462773 29589 336232 33421 66170 8917 2492 1222 8996 6252 32640 1293 6224 18265 12853
internal_value=7.80467e-07 0.0153615 0.010694 -0.0171985 0.000285821 0.0238846 -0.0523408 -0.0291607 0.0531706 -0.0693826 -0.0522724 -0.0622139 -0.0380356 0.0397928
internal_weight=3.02734e+06 564566 534977 171764 138343 363213 59320 50403 16541 33862 10289 26981 24489 79023
internal_count=3027339 564566 534977 171764 138343 363213 59320 50403 16541 33862 10289 26981 24489 79023
is_linear=0
shrinkage=0.02


Tree=254
num_leaves=15
num_cat=0
split_feature=8 9 20 23 8 9 26 23 23 26 26 4 5 20
split_gain=312293 1.84546e+06 2.057e+06 777770 693952 762051 627046 1.4114e+06 713916 4.40224e+06 1.01282e+06 874644 501010 472728
threshold=0.95380857586860668 0.20284801721572879 11594.234375000002 10866.331542968752 0.87731993198394786 0.30041404068470007 12584.756835937502 12534.007324218752 11378.347167968752 11372.095214843752 11448.965332031252 38.23500061035157 0.062499998137354858 12183.192871093752
decision_type=2 2 2 2 2 2 2 2 2 2 2 2 2 2
left_child=4 3 -3 -2 -1 6 8 -8 10 11 -6 -10 -9 -5
right_child=1 2 -4 13 5 -7 7 12 9 -11 -12 -13 -14 -15
leaf_value=-0.001506478485280485 -0.19978827690029619 -0.10541178463395813 -0.64826008066956964 -0.011524740885655485 -0.0045810899935371267 -0.45346118872799268 -0.4813928754879796 -0.036589184033374099 0.085032920386777316 0.042294952677997863 -0.38704089769019862 0.72195800818103029 0.21892539187663679 0.064482594876547006
leaf_weight=2351094 8211 12444 3592 284622 48605 1292 2749 30818 1062 234902 2927 4648 3399 36974
leaf_count=2351094 8211 12444 3592 284622 48605 1292 2749 30818 1062 234902 2927 4648 3399 36974
internal_value=7.17044e-07 -0.0178857 -0.227337 -0.00769501 0.00230766 0.0294478 0.0313574 -0.0462413 0.0411775 0.0556461 -0.0263759 0.603856 -0.0111501 -0.00278436
internal_weight=3.02734e+06 345843 16036 329807 2.6815e+06 330402 329110 36966 292144 240612 51532 5710 34217 321596
internal_count=3027339 345843 16036 329807 2681496 330402 329110 36966 292144 240612 51532 5710 34217 321596
is_linear=0
shrinkage=0.02


Tree=255
num_leaves=15
num_cat=0
split_feature=27 21 19 0 0 3 9 7 7 22 7 20 7 22
split_gain=403559 735939 752878 710837 933649 626625 575648 554840 460316 1.11814e+06 2.37214e+06 3.66034e+06 1.49718e+06 984271
threshold=-18.101074218749996 10878.187011718752 10781.623046875002 6643.5000000000009 3702.5000000000005 5.0497319698333749 -0.31321409344673151 12816.793945312502 11185.928222656252 11357.017578125002 11368.623535156252 11409.897949218752 11368.623535156252 11173.815917968752
decision_type=2 2 2 2 2 2 2 2 2 2 2 2 2 2
left_child=1 2 3 4 -1 7 -4 -3 13 12 11 -11 -10 -2
right_child=8 5 6 -5 -6 -7 -8 -9 9 10 -12 -13 -14 -15
leaf_value=-0.060932800179665153 0.0077755537175490386 0.019002276972681392 0.077605003521585558 -0.39712294314255731 0.29821244693402627 -0.050145639202030051 -0.2576783982357595 -0.2786148740695793 -0.022829630186631273 0.087340680906087181 0.00061934366012735963 0.68537002146759141 -0.20371171956702452 0.083550687520702313
leaf_weight=12882 837350 154209 2399 1805 3724 98780 13840 2537 443058 44141 1314354 4503 19083 74674
leaf_count=12882 837350 154209 2399 1805 3724 98780 13840 2537 443058 44141 1314354 4503 19083 74674
internal_value=6.22843e-07 -0.022426 -0.108906 -0.0213234 0.0197376 -0.0106952 -0.208128 0.0141676 0.00237823 -0.00341956 0.00569574 0.14283 -0.030303 0.0139807
internal_weight=3.02734e+06 290176 34650 18411 16606 255526 16239 156746 2.73716e+06 1.82514e+06 1.363e+06 48644 462141 912024
internal_count=3027339 290176 34650 18411 16606 255526 16239 156746 2737163 1825139 1362998 48644 462141 912024
is_linear=0
shrinkage=0.02


Tree=256
num_leaves=15
num_cat=0
split_feature=27 26 9 9 9 22 19 26 26 27 26 26 9 5
split_gain=395000 465010 517517 505506 489269 663106 580942 423102 379893 361290 600233 365328 351391 302157
threshold=36.633789062500007 10973.748535156252 -0.084905855357646928 -0.84190595149993885 0.51117742061615001 11049.984375000002 12572.933593750002 11417.158691406252 11330.355957031252 -52.036132812499993 11408.178710937502 12214.379394531252 -0.90470352768897999 0.062499998137354858
decision_type=2 2 2 2 2 2 2 2 2 2 2 2 2 2
left_child=9 -2 3 -3 7 -6 8 -4 -7 10 -1 -12 -11 -14
right_child=1 2 4 -5 5 6 -8 -9 -10 12 11 -13 13 -15
leaf_value=-0.23226005069313155 0.19457680308636049 0.38379602691548587 0.30587299927317457 -0.033184247273112477 0.42110840044226316 0.077105090895203135 0.42502906151867792 0.09489793970523494 -0.15754777330598976 -0.12487866576154102 0.195255878919015 -0.14054802382450468 -0.0019565506839962009 0.025578430666964937
leaf_weight=6914 7393 1189 5184 38674 1341 4104 971 14254 8384 9084 3004 2264 2755387 169192
leaf_count=6914 7393 1189 5184 38674 1341 4104 971 14254 8384 9084 3004 2264 2755387 169192
internal_value=6.09618e-07 0.0434329 0.0283289 -0.0206533 0.0853485 -0.00130417 -0.0436745 0.151293 -0.0804309 -0.00120104 -0.109849 0.0509426 -0.000749504 -0.000363515
internal_weight=3.02734e+06 81494 74101 39863 34238 14800 13459 19438 12488 2.94584e+06 12182 5268 2.93366e+06 2.92458e+06
internal_count=3027339 81494 74101 39863 34238 14800 13459 19438 12488 2945845 12182 5268 2933663 2924579
is_linear=0
shrinkage=0.02


Tree=257
num_leaves=15
num_cat=0
split_feature=8 9 21 21 8 9 5 23 24 0 23 25 0 23
split_gain=303892 1.77779e+06 1.97157e+06 746962 656076 728507 613496 597815 2.48038e+06 798013 876566 719636 587770 552199
threshold=0.95380857586860668 0.20284801721572879 11594.419433593752 10866.908691406252 0.87731993198394786 -1.0000000180025095e-35 0.087500002235174193 12310.619140625002 12270.561035156252 3725.5000000000005 12200.723144531252 0.10153618082404138 1189.5000000000002 11383.837402343752
decision_type=2 2 2 2 2 2 2 2 2 2 2 2 2 2
left_child=4 3 -3 -2 -1 6 7 8 9 13 11 -11 -10 -6
right_child=1 2 -4 -5 5 -7 -8 -9 12 10 -12 -13 -14 -15
leaf_value=-0.0014321972034183708 -0.19700491732616621 -0.10385184861011984 -0.63530863862313014 -0.0028572444438271062 -0.049298221002807507 -0.44349526261221334 0.26462963112978827 -0.014462098793467602 -0.031458228415252268 0.1061944079139439 0.56014339222760778 -0.51025782956497179 0.49466320875786801 0.034224874726439355
leaf_weight=2351094 8117 12444 3592 321690 40910 1292 4408 96247 991 38290 1674 763 5882 139945
leaf_count=2351094 8117 12444 3592 321690 40910 1292 4408 96247 991 38290 1674 763 5882 139945
internal_value=6.92353e-07 -0.0176435 -0.223219 -0.00764137 0.00227639 0.0286655 0.0305326 0.0273465 0.0449602 0.033344 0.113315 0.0940224 0.418865 0.0153299
internal_weight=3.02734e+06 345843 16036 329807 2.6815e+06 330402 329110 324702 228455 221582 40727 39053 6873 180855
internal_count=3027339 345843 16036 329807 2681496 330402 329110 324702 228455 221582 40727 39053 6873 180855
is_linear=0
shrinkage=0.02


Tree=258
num_leaves=15
num_cat=0
split_feature=7 19 22 7 24 7 8 19 7 7 7 7 22 7
split_gain=301401 2.14447e+06 664193 1.27149e+06 1.99115e+06 1.87499e+06 584828 1.59091e+06 620409 569984 682471 528337 651609 496287
threshold=11204.128417968752 11204.585449218752 11175.656738281252 11130.324218750002 11231.069335937502 11171.963378906252 -0.9453720450401305 11003.285156250002 11006.505859375002 11219.278320312502 12753.250976562502 10853.744628906252 10842.417480468752 11006.505859375002
decision_type=2 2 2 2 2 2 2 2 2 2 2 2 2 2
left_child=2 9 6 -4 5 -5 7 11 -9 -2 -11 12 -1 -8
right_child=1 -3 3 4 -6 -7 13 8 -10 10 -12 -13 -14 -15
leaf_value=0.040688180202219308 -0.059819314529209536 0.00020068049641654956 -0.1071178931394634 0.25041276569515225 0.37044288707162748 0.022668915296236797 0.0065002270444253921 0.64795626361301972 0.22714028818807225 -0.17115843858717963 0.47313872659970324 -0.028040369125343967 0.38654514559232123 -0.026132856602917167
leaf_weight=8155 68307 1733534 20620 15969 7828 152133 687874 1740 7165 34515 661 30174 2965 255699
leaf_count=8155 68307 1733534 20620 15969 7828 152133 687874 1740 7165 34515 661 30174 2965 255699
internal_value=6.42743e-07 -0.00507915 0.00784025 0.0414325 0.0588487 0.0443174 0.00119595 0.0677073 0.310003 -0.0935179 -0.15892 0.0153937 0.133173 -0.00234318
internal_weight=3.02734e+06 1.83702e+06 1.19032e+06 196550 175930 168102 993772 50199 8905 103483 35176 41294 11120 943573
internal_count=3027339 1837017 1190322 196550 175930 168102 993772 50199 8905 103483 35176 41294 11120 943573
is_linear=0
shrinkage=0.02


Tree=259
num_leaves=15
num_cat=0
split_feature=27 5 0 25 13 27 20 3 7 7 0 7 22 22
split_gain=386386 415960 369271 570970 347112 508785 575957 477089 434885 486349 473753 442348 807136 623564
threshold=9.3120117187500018 0.082499999552965178 1739.5000000000002 0.023448563180863861 -9.4999999999999982 -18.101074218749996 12820.129882812502 4.632298707962037 10942.550292968752 10880.121582031252 6643.5000000000009 12233.516601562502 12236.513183593752 12254.410156250002
decision_type=2 2 2 2 2 2 2 2 2 2 2 2 2 2
left_child=4 2 -2 -4 -1 6 7 8 9 10 -6 13 -13 -10
right_child=1 -3 3 -5 5 -7 -8 -9 11 -11 -12 12 -14 -15
leaf_value=0.0089162514798879784 0.049391023539869065 0.14778570339678568 -0.032474154259615994 0.018440585631848024 0.014814463621095324 -0.0040380666237981571 0.19457202691518713 -0.073979853753708594 0.017276322270147533 -0.22486177303158489 -0.38737451869520484 -0.41437564707279351 -0.031382965512199296 0.36689074143455147
leaf_weight=665700 91631 9261 118256 345418 12103 1579272 4216 97021 72247 7540 1287 2483 18814 2090
leaf_count=665700 91631 9261 118256 345418 12103 1579272 4216 97021 72247 7540 1287 2483 18814 2090
internal_value=7.64752e-07 0.0149239 0.0127055 0.00545476 -0.00342026 -0.00799018 -0.0366453 -0.0412183 -0.0139454 -0.0964987 -0.0241013 0.00412984 -0.0762102 0.0271541
internal_weight=3.02734e+06 564566 555305 463674 2.46277e+06 1.79707e+06 217801 213585 116564 20930 13390 95634 21297 74337
internal_count=3027339 564566 555305 463674 2462773 1797073 217801 213585 116564 20930 13390 95634 21297 74337
is_linear=0
shrinkage=0.02


Tree=260
num_leaves=15
num_cat=0
split_feature=27 8 9 24 23 8 9 23 24 23 24 4 27 19
split_gain=382022 455275 2.55021e+06 1.29823e+06 671946 619976 699172 662556 2.33242e+06 640528 2.94738e+06 1.07932e+06 1.06727e+06 909226
threshold=42.740234375000007 0.95380857586860668 0.20284801721572879 11594.064941406252 10866.331542968752 0.87731993198394786 -1.0000000180025095e-35 12310.619140625002 12270.561035156252 11378.347167968752 11418.004394531252 43.57500076293946 8.9790039062500018 11452.156738281252
decision_type=2 2 2 2 2 2 2 2 2 2 2 2 2 2
left_child=1 5 4 -4 -3 -1 7 8 9 13 11 -11 -12 -7
right_child=-2 2 3 -5 -6 6 -8 -9 -10 10 12 -13 -14 -15
leaf_value=-0.0018663960525840922 0.051080572873545879 -0.19028500260349299 -0.17602616565731141 -0.62614216379470766 -0.0070624246609646973 -0.0057004771909760863 -0.43515239329085176 -0.014690568220872455 0.4104948713860867 0.08264998848072809 0.012324267910420215 0.56238698251826424 0.14708070292740935 -0.38443878172402607
leaf_weight=2315344 57445 8211 9574 3497 306764 48279 1291 95989 6873 2731 134172 6009 28494 2666
leaf_count=2315344 57445 8211 9574 3497 306764 48279 1291 95989 6873 2731 134172 6009 28494 2666
internal_value=7.26323e-07 -0.000987445 -0.0232091 -0.296838 -0.0118448 0.00177195 0.027572 0.0294222 0.0478946 0.0366684 0.0551739 0.412751 0.0359371 -0.0255922
internal_weight=3.02734e+06 2.96989e+06 328046 13071 314975 2.64185e+06 326504 325213 229224 222351 171406 8740 162666 50945
internal_count=3027339 2969894 328046 13071 314975 2641848 326504 325213 229224 222351 171406 8740 162666 50945
is_linear=0
shrinkage=0.02


Tree=261
num_leaves=15
num_cat=0
split_feature=21 7 19 7 7 20 22 7 7 20 5 7 22 6
split_gain=297803 753213 1.40011e+06 1.61063e+06 1.33592e+06 1.06335e+06 776834 1.5885e+06 1.06616e+06 1.08804e+06 891664 752592 742995 725478
threshold=12773.829101562502 12544.754394531252 12292.824218750002 12291.576660156252 12279.564941406252 12557.668457031252 12225.106445312502 12238.857910156252 12218.136230468752 12228.782226562502 0.052500000223517425 12607.619628906252 12280.208984375002 61.27959060668946
decision_type=2 2 2 2 2 2 2 2 2 2 2 2 2 2
left_child=1 2 3 6 -4 11 7 -1 -8 -10 -9 -3 -11 -6
right_child=-2 5 4 -5 13 -7 8 10 9 12 -12 -13 -14 -15
leaf_value=-0.0017238781061525898 0.04455991811091025 -0.12134906870596679 0.22657543844645348 -0.27534414023266712 -0.092464531099313532 -0.018860207183168332 0.17144739255876329 -0.20837778739116539 0.21341234957109456 -0.052339282699599324 -0.82877306852829546 -0.53289914775944158 0.25724080781467623 0.057218193324487208
leaf_weight=2528010 58819 28504 17443 8552 14634 173868 24320 4820 8890 40961 1141 1887 3345 112145
leaf_count=2528010 58819 28504 17443 8552 14634 173868 24320 4820 8890 40961 1141 1887 3345 112145
internal_value=6.73214e-07 -0.000882375 0.00185622 -0.00148339 0.062522 -0.0379425 -0.000585505 -0.00249348 0.0617774 0.0116156 -0.328321 -0.14707 -0.0289135 0.0399343
internal_weight=3.02734e+06 2.96852e+06 2.76426e+06 2.62004e+06 144222 204259 2.61149e+06 2.53397e+06 77516 53196 5961 30391 44306 126779
internal_count=3027339 2968520 2764261 2620039 144222 204259 2611487 2533971 77516 53196 5961 30391 44306 126779
is_linear=0
shrinkage=0.02


Tree=262
num_leaves=15
num_cat=0
split_feature=4 21 21 4 24 4 24 4 21 4 4 19 4 24
split_gain=286310 294285 488326 817799 468143 876827 697393 711316 485736 496499 387229 364932 365617 314831
threshold=284.38999938964849 12773.829101562502 12732.083007812502 91.33499908447267 12787.393554687502 10.015000343322756 12675.733398437502 23.505000114440922 12672.050781250002 -174.19499969482419 75.975002288818374 12951.521484375002 -17.064999580383297 12725.326171875002
decision_type=2 2 2 2 2 2 2 2 2 2 2 2 2 2
left_child=1 2 4 11 6 -6 -1 8 -8 -10 -9 12 -4 -3
right_child=-2 13 3 -5 5 -7 7 10 9 -11 -12 -13 -14 -15
leaf_value=-0.00084070301545398189 0.10099278183648831 -0.063815539038489397 0.08267175046836199 -0.16689835851593884 0.066129267959044558 -0.45321532321664898 0.23225780882193636 0.2493664965571247 0.52133523762698453 -0.050070229857050411 0.0052821400366123549 -0.1796587813924134 -0.043854120510062454 0.063813377083045242
leaf_weight=2856330 11177 9149 16497 18820 2636 2552 3373 11456 621 16886 3363 4409 20447 49623
leaf_count=2856330 11177 9149 16497 18820 2636 2552 3373 11456 621 16886 3363 4409 20447 49623
internal_value=5.82493e-07 -0.000373992 -0.00125475 -0.0576423 -8.34164e-05 -0.189715 0.000257411 0.0880954 0.0128628 -0.0295144 0.194017 -0.00789047 0.0126514 0.0439376
internal_weight=3.02734e+06 3.01616e+06 2.95739e+06 60173 2.89722e+06 5188 2.89203e+06 35699 20880 17507 14819 41353 36944 58772
internal_count=3027339 3016162 2957390 60173 2897217 5188 2892029 35699 20880 17507 14819 41353 36944 58772
is_linear=0
shrinkage=0.02


Tree=263
num_leaves=15
num_cat=0
split_feature=27 26 9 7 24 24 7 27 25 0 4 7 22 22
split_gain=368766 522663 476046 868287 669778 454354 696908 395498 355793 583869 463128 665130 442478 569863
threshold=42.740234375000007 12060.803222656252 0.47709186375141149 11252.907714843752 10918.003417968752 12178.095703125002 12516.019531250002 57.106445312500007 0.084430150687694563 7400.5000000000009 284.38999938964849 11013.437500000002 11445.803710937502 10842.417480468752
decision_type=2 2 2 2 2 2 2 2 2 2 2 2 2 2
left_child=8 2 4 -4 -2 -3 -7 -6 9 10 -1 -12 13 -10
right_child=1 5 3 -5 7 6 -8 -9 12 -11 11 -13 -14 -15
leaf_value=0.00029745437660460661 -0.13415320516036375 -0.091971178169869286 0.21084367515339003 -0.18228256190017003 0.13045545520425417 0.26762711858283206 -0.0757843864696673 0.31886312709992309 -0.070486585826028569 -0.24132873721790635 0.30294064683093619 -0.045744634392617958 -0.091808355459226512 0.040212103807193526
leaf_weight=2843810 2957 14419 3803 5463 14983 4465 5003 6352 32875 3981 4831 3989 37592 42816
leaf_count=2843810 2957 14419 3803 5463 14983 4465 5003 6352 32875 3981 4831 3989 37592 42816
internal_value=5.94863e-07 0.0501864 0.101073 -0.0208781 0.14758 -0.0213135 0.0862739 0.186673 -0.00097028 0.000408296 0.000746505 0.145366 -0.0357304 -0.00787054
internal_weight=3.02734e+06 57445 33558 9266 24292 23887 9468 21335 2.96989e+06 2.85661e+06 2.85263e+06 8820 113283 75691
internal_count=3027339 57445 33558 9266 24292 23887 9468 21335 2969894 2856611 2852630 8820 113283 75691
is_linear=0
shrinkage=0.02


Tree=264
num_leaves=15
num_cat=0
split_feature=27 26 9 26 19 0 9 19 24 8 19 19 22 26
split_gain=366193 777300 1.09723e+06 1.06759e+06 944687 713508 873982 668699 637501 788070 1.70708e+06 1.93089e+06 1.32213e+06 1.49286e+06
threshold=-23.762207031249996 10978.628417968752 0.69195944070816051 11185.340820312502 10954.149902343752 3367.5000000000005 0.59558829665184032 10887.753906250002 11231.069335937502 -0.9504232108592986 11758.453613281252 11604.673339843752 12244.198242187502 12210.931152343752
decision_type=2 2 2 2 2 2 2 2 2 2 2 2 2 2
left_child=1 2 4 -3 5 -1 -7 -4 -5 -10 11 -11 13 -12
right_child=-2 3 7 8 -6 6 -8 -9 9 10 12 -13 -14 -15
leaf_value=-0.17407144013597883 0.0017576185144917247 0.14518747886497363 -0.28042942345996014 -0.19047522635608016 -0.30296645463626753 -0.083086550178895463 0.26820737598775379 0.24764545941528643 -0.087768941391742725 0.042134452404422144 -0.071892861674438965 0.47808297593330784 0.089520073551905346 -0.60640530847575869
leaf_weight=14891 2845779 16830 1177 8618 10372 8916 4140 5008 36818 11493 31912 6279 22879 2227
leaf_count=14891 2845779 16830 1177 8618 10372 8916 4140 5008 36818 11493 31912 6279 22879 2227
internal_value=6.04999e-07 -0.0275374 -0.100149 -0.00395378 -0.140046 -0.0794938 0.0284257 0.14686 -0.024842 -0.0120363 0.0252523 0.196342 -0.0280997 -0.106929
internal_weight=3.02734e+06 181560 44504 137056 38319 27947 13056 6185 120226 111608 74790 17772 57018 34139
internal_count=3027339 181560 44504 137056 38319 27947 13056 6185 120226 111608 74790 17772 57018 34139
is_linear=0
shrinkage=0.02


Tree=265
num_leaves=15
num_cat=0
split_feature=27 4 9 21 7 7 5 27 7 20 7 25 25 27
split_gain=359805 756018 654913 1.14121e+06 720723 665749 555123 484052 456611 608271 857656 481790 401310 436211
threshold=14.307128906250002 86.755001068115249 -0.59959703683853138 10994.409179687502 10759.808593750002 10921.647949218752 0.082499999552965178 26.770019531250004 12029.321777343752 12196.410644531252 12194.770507812502 0.055177113041281707 0.019421698525547985 50.212890625000007
decision_type=2 2 2 2 2 2 2 2 2 2 2 2 2 2
left_child=-1 2 3 5 -4 -2 8 -5 12 -10 -11 -12 -3 -14
right_child=1 6 4 7 -6 -7 -8 -9 9 10 11 -13 13 -15
leaf_value=-0.0026891656628843419 0.11388949681108328 -0.10235567239993458 0.27967543406149842 0.15996023015552965 0.018029986290938257 -0.12309750349161812 0.19875457297275098 0.3995893784666778 -0.14367529729340839 0.26673799624892902 -0.11259187296126381 0.055053899036677949 0.0037741433523768454 0.13809210119256926
leaf_weight=2627498 9263 12852 4324 22971 148704 9693 4974 3951 22523 3965 17434 11290 117367 10530
leaf_count=2627498 9263 12852 4324 22971 148704 9693 4974 3951 22523 3965 17434 11290 117367 10530
internal_value=5.57986e-07 0.0176754 0.0453155 0.111587 0.025441 -0.00729188 -0.0096865 0.195264 -0.0149872 -0.063726 -0.0086125 -0.0467016 0.00413465 0.0148429
internal_weight=3.02734e+06 399841 198906 45878 153028 18956 200935 26922 195961 55212 32689 28724 140749 127897
internal_count=3027339 399841 198906 45878 153028 18956 200935 26922 195961 55212 32689 28724 140749 127897
is_linear=0
shrinkage=0.02


Tree=266
num_leaves=15
num_cat=0
split_feature=27 24 20 6 26 26 27 20 26 23 26 20 26 19
split_gain=354039 1.05703e+06 795043 761583 651838 578608 829923 567042 517207 1.68163e+06 2.1521e+06 3.20286e+06 1.3092e+06 878675
threshold=-13.246582031249998 10901.408203125002 10772.769531250002 100.81974029541017 12800.302734375002 10706.806152343752 -28.779785156249996 10736.485351562502 11208.005371093752 11353.098144531252 11366.971191406252 11405.708496093752 11360.649902343752 11206.098144531252
decision_type=2 2 2 2 2 2 2 2 2 2 2 2 2 2
left_child=1 2 5 4 -3 -1 -7 -8 -2 12 11 -11 13 -10
right_child=8 3 -4 -5 -6 6 7 -9 9 10 -12 -13 -14 -15
leaf_value=-0.094036865958568555 0.013923249819171098 0.015478883844114369 -0.14949298540967113 -0.055989636617422511 -0.25419019702231177 0.44383421899942144 0.36735848506291713 -0.052848299716289404 -0.080572930991774303 0.087476299452689421 0.00097431902483089891 0.66692579232488458 -0.15811229640610125 -0.0017948336085615293
leaf_weight=13391 1015985 279486 38310 85819 3622 2239 1526 7837 91362 29424 1267027 4375 37968 148968
leaf_count=13391 1015985 279486 38310 85819 3622 2239 1526 7837 91362 29424 1267027 4375 37968 148968
internal_value=6.23262e-07 -0.0167581 -0.0922562 -0.00380137 0.0120199 -0.00449637 0.0988413 0.0159546 0.00279194 -0.00436982 0.00517651 0.162657 -0.0489901 -0.0317447
internal_weight=3.02734e+06 432230 63303 368927 283108 24993 11602 9363 2.59511e+06 1.57912e+06 1.30083e+06 33799 278298 240330
internal_count=3027339 432230 63303 368927 283108 24993 11602 9363 2595109 1579124 1300826 33799 278298 240330
is_linear=0
shrinkage=0.02


Tree=267
num_leaves=15
num_cat=0
split_feature=27 7 9 7 23 24 7 27 27 7 7 23 4 7
split_gain=350932 476915 446757 830699 643229 411600 654648 381257 339275 568367 346022 319321 302865 285268
threshold=42.740234375000007 12013.128906250002 0.47709186375141149 11252.907714843752 10900.428222656252 12178.095703125002 12516.019531250002 57.106445312500007 -52.036132812499993 11460.951660156252 12249.082519531252 12746.487792968752 75.975002288818374 11185.928222656252
decision_type=2 2 2 2 2 2 2 2 2 2 2 2 2 2
left_child=8 2 4 -4 -2 12 -7 -6 9 -1 -11 -8 -3 -10
right_child=1 5 3 -5 7 6 11 -9 13 10 -12 -13 -14 -15
leaf_value=-0.22535158507665665 -0.13325869790129591 0.22025538592298322 0.20620054438017768 -0.17832239541322639 0.12583339792851123 0.25902334701974966 -0.22339833448777038 0.31090738185608502 0.0082136569009008554 0.19067779999360127 -0.1361336914261618 0.096230443679575034 -0.11351632455009107 -0.0049335838162848436
leaf_weight=6914 2957 1175 3803 5463 14932 4465 2660 6352 994614 3004 2264 2343 13295 1963098
leaf_count=6914 2957 1175 3803 5463 14932 4465 2660 6352 994614 3004 2264 2343 13295 1963098
internal_value=6.60003e-07 0.0489579 0.097655 -0.0204502 0.142791 -0.0192169 0.0832545 0.181188 -0.000946447 -0.106234 0.0502302 -0.0738128 -0.0862785 -0.000512434
internal_weight=3.02734e+06 57445 33507 9266 24241 23938 9468 21284 2.96989e+06 12182 5268 5003 14470 2.95771e+06
internal_count=3027339 57445 33507 9266 24241 23938 9468 21284 2969894 12182 5268 5003 14470 2957712
is_linear=0
shrinkage=0.02


Tree=268
num_leaves=15
num_cat=0
split_feature=27 8 19 26 7 8 7 27 19 7 0 0 7 26
split_gain=347473 635543 1.16774e+06 1.01028e+06 1.64895e+06 544292 882205 938806 501277 1.10618e+06 477993 466245 558494 482506
threshold=0.16552734375000003 -0.844174563884735 12530.788574218752 10851.689941406252 10814.940429687502 -0.97058293223381031 11452.539062500002 8.9790039062500018 12229.579589843752 12200.578613281252 5615.5000000000009 5835.5000000000009 12592.827636718752 12763.958496093752
decision_type=2 2 2 2 2 2 2 2 2 2 2 2 2 2
left_child=10 2 3 4 -2 8 -7 -8 9 -5 -1 13 -13 -3
right_child=1 11 -4 5 -6 6 7 -9 -10 -11 -12 12 -14 -15
leaf_value=-0.0083745405453686233 -0.021388926515252642 0.0070562709993226974 0.41035555513675886 -0.024186229543828971 0.48121974262324463 0.016100189147479974 0.10288950665326725 0.45048354585554018 0.14142451931267772 -0.39987556369603122 0.042728569938313317 -0.045784690400817077 -0.41538658896809966 -0.095661440094540584
leaf_weight=1608075 5265 1139081 3461 37754 5168 57924 15959 3853 5911 3409 76695 44515 1688 18581
leaf_count=1608075 5265 1139081 3461 37754 5168 57924 15959 3853 5911 3409 76695 44515 1688 18581
internal_value=6.73383e-07 0.007591 0.0481289 0.0388294 0.227799 0.023016 0.0555147 0.170683 -0.0306509 -0.0553898 -0.00604795 0.00292002 -0.0593753 0.00540678
internal_weight=3.02734e+06 1.34257e+06 138704 135243 10433 124810 77736 19812 47074 41163 1.68477e+06 1.20386e+06 46203 1.15766e+06
internal_count=3027339 1342569 138704 135243 10433 124810 77736 19812 47074 41163 1684770 1203865 46203 1157662
is_linear=0
shrinkage=0.02


Tree=269
num_leaves=15
num_cat=0
split_feature=27 4 26 27 19 7 19 7 23 4 22 21 4 26
split_gain=339966 718979 575602 638354 630569 715896 525446 457031 495008 491120 595649 718325 474769 463630
threshold=14.307128906250002 86.755001068115249 12055.717285156252 57.106445312500007 12180.612792968752 12194.770507812502 12790.271972656252 10833.774902343752 10931.110839843752 -1.7450000047683714 11029.094238281252 11394.163085937502 -97.694999694824205 11227.658691406252
decision_type=2 2 2 2 2 2 2 2 2 2 2 2 2 2
left_child=-1 6 3 -3 -4 -6 7 12 -9 10 -10 13 -2 -12
right_child=1 2 4 -5 5 -7 -8 8 9 -11 11 -13 -14 -15
leaf_value=-0.0026138172693464935 0.43064129065753592 0.0046443244906152125 -0.13300111744678927 0.2455374783199642 0.24266941334791972 -0.03838180984132112 0.39924736624954327 -0.094294829405370401 0.17841076106109935 0.07794838462410901 -0.0061181712904539607 0.046756530161044134 0.10209353762751459 -0.14695829137400448
leaf_weight=2627498 2128 137222 27057 4536 4155 27965 1643 11393 7740 80439 20631 47842 10001 17089
leaf_count=2627498 2128 137222 27057 4536 4155 27965 1643 11393 7740 80439 20631 47842 10001 17089
internal_value=7.02323e-07 0.0171813 -0.00950186 0.0123694 -0.0618878 -0.00196057 0.0441359 0.041158 0.0333608 0.0417369 0.0105124 -0.00469466 0.160045 -0.0699482
internal_weight=3.02734e+06 399841 200935 141758 59177 32120 198906 197263 185134 173741 93302 85562 12129 37720
internal_count=3027339 399841 200935 141758 59177 32120 198906 197263 185134 173741 93302 85562 12129 37720
is_linear=0
shrinkage=0.02


Tree=270
num_leaves=15
num_cat=0
split_feature=27 25 19 8 8 8 5 20 19 23 25 23 20 0
split_gain=339182 452051 639307 460673 430439 596506 597708 589030 1.00579e+06 622098 562200 545316 1.6611e+06 983986
threshold=42.740234375000007 0.063643675297498717 10954.149902343752 0.9969644844532014 0.95380857586860668 0.87731993198394786 0.087500002235174193 12183.192871093752 12165.428710937502 12219.798828125002 0.081520766019821181 12310.619140625002 12289.903808593752 4121.5000000000009
decision_type=2 2 2 2 2 2 2 2 2 2 2 2 2 2
left_child=4 3 -3 -2 5 -1 10 -6 -9 -10 11 12 13 -7
right_child=1 2 -4 -5 7 6 -8 8 9 -11 -12 -13 -14 -15
leaf_value=-0.0018160851600633784 -0.013565516353354378 -0.18574986019577544 0.1994431843358101 0.1610667663693674 -0.031633391614130778 0.021481894972746152 0.25811146473131769 0.53009848892023714 0.10732675987213602 -0.070328357692134857 -0.12172471559992451 -0.012884826600917412 0.37027319576251394 0.15941392593726908
leaf_weight=2315344 35895 1996 12299 7255 294162 192699 4408 1693 18423 13768 10258 89856 6116 23167
leaf_count=2315344 35895 1996 12299 7255 294162 192699 4408 1693 18423 13768 10258 89856 6116 23167
internal_value=7.74834e-07 0.0481314 0.145565 0.0158262 -0.000930342 0.00175273 0.0270597 -0.0225373 0.0564149 0.0313453 0.0238897 0.0286835 0.0455099 0.0362917
internal_weight=3.02734e+06 57445 14295 43150 2.96989e+06 2.64185e+06 326504 328046 33884 32191 322096 311838 221982 215866
internal_count=3027339 57445 14295 43150 2969894 2641848 326504 328046 33884 32191 322096 311838 221982 215866
is_linear=0
shrinkage=0.02


Tree=271
num_leaves=15
num_cat=0
split_feature=7 19 22 7 24 7 26 7 8 24 26 7 22 9
split_gain=277417 1.99989e+06 631774 1.20121e+06 1.90975e+06 1.7773e+06 600461 1.41435e+06 571207 1.51825e+06 617705 496953 480600 480538
threshold=11204.128417968752 11204.585449218752 11175.656738281252 11130.324218750002 11231.069335937502 11171.963378906252 11239.116210937502 12671.147949218752 -0.9453720450401305 10997.482910156252 11013.089355468752 10880.121582031252 11202.510742187502 0.70960983633995067
decision_type=2 2 2 2 2 2 2 2 2 2 2 2 2 2
left_child=2 6 8 -4 5 12 -2 -8 9 11 -11 -1 -5 -10
right_child=1 -3 3 4 -6 -7 7 -9 13 10 -12 -13 -14 -15
leaf_value=0.088313460716489364 -0.075108532152031865 0.000226110529999011 -0.10410180079927014 0.1675860966670174 0.36237102126430332 0.021904096335485922 -0.45172644917977217 0.047701446406808873 -0.0051649367362976151 0.56830992596692376 0.19838049750501546 -0.050605210574182997 0.40239669161499841 0.072733929740063138
leaf_weight=19667 94168 1733534 20620 10811 7828 152133 5426 3889 910766 2515 6411 21606 5158 32807
leaf_count=19667 94168 1733534 20620 10811 7828 152133 5426 3889 910766 2515 6411 21606 5158 32807
internal_value=8.49818e-07 -0.00487264 0.00752208 0.0402843 0.0572122 0.042981 -0.0902783 -0.243386 0.00104195 0.0667742 0.303134 0.0155958 0.243636 -0.00245572
internal_weight=3.02734e+06 1.83702e+06 1.19032e+06 196550 175930 168102 103483 9315 993772 50199 8926 41273 15969 943573
internal_count=3027339 1837017 1190322 196550 175930 168102 103483 9315 993772 50199 8926 41273 15969 943573
is_linear=0
shrinkage=0.02


Tree=272
num_leaves=15
num_cat=0
split_feature=17 7 19 7 23 26 19 8 8 20 7 20 7 20
split_gain=272823 271177 1.64823e+06 1.53434e+06 1.41069e+06 1.14578e+06 1.1205e+06 1.06822e+06 991792 896170 875258 1.10615e+06 1.30319e+06 2.40601e+06
threshold=0.10326559469103815 12535.058593750002 12292.824218750002 12249.082519531252 12225.526855468752 12281.559082031252 12530.788574218752 -0.92210632562637318 0.83204790949821483 12573.163574218752 12205.039550781252 12183.192871093752 12043.893554687502 12040.458496093752
decision_type=2 2 2 2 2 2 2 2 2 2 2 2 2 2
left_child=-1 2 3 4 10 -4 -7 -8 -5 -3 11 12 13 -2
right_child=1 9 5 8 -6 6 7 -9 -10 -11 -12 -13 -14 -15
leaf_value=0.059842148364197913 -0.0010679209242252952 -0.084165186572888753 0.21051608166596184 -0.21527137936792951 0.097429910805173547 0.0024425628970266003 0.44313122384703491 0.099988611534174668 0.042938800301818236 0.00022794832972368049 -0.09210324041123473 0.090179119229628207 -0.049182608987748865 0.16088264164589081
leaf_weight=30161 2152909 65365 20427 21683 57709 69412 4255 24410 8195 218717 42923 52067 221786 37320
leaf_count=30161 2152909 65365 20427 21683 57709 69412 4255 24410 8195 218717 42923 52067 221786 37320
internal_value=9.15456e-07 -0.000601466 0.00134521 -0.0019864 -0.000326093 0.0742834 0.0458907 0.151062 -0.144458 -0.0191924 -0.00257674 -0.00101686 -0.00298583 0.00169232
internal_weight=3.02734e+06 2.99718e+06 2.7131e+06 2.59459e+06 2.56471e+06 118504 98077 28665 29878 284082 2.507e+06 2.46408e+06 2.41202e+06 2.19023e+06
internal_count=3027339 2997178 2713096 2594592 2564714 118504 98077 28665 29878 284082 2507005 2464082 2412015 2190229
is_linear=0
shrinkage=0.02


Tree=273
num_leaves=15
num_cat=0
split_feature=27 26 20 26 22 19 26 9 22 9 19 26 26 8
split_gain=336700 729898 1.1766e+06 999846 906513 802636 1.06552e+06 753477 608746 1.8307e+06 1.25453e+06 720374 3.00323e+06 801204
threshold=-23.762207031249996 10978.628417968752 10967.396484375002 11185.340820312502 10909.044921875002 10781.623046875002 10706.806152343752 0.67481940984725963 12254.410156250002 -0.60080829262733448 12402.195800781252 11845.258789062502 11408.178710937502 -0.72804987430572499
decision_type=2 2 2 2 2 2 2 2 2 2 2 2 2 2
left_child=1 2 4 -3 5 6 -1 -6 9 -5 -10 12 -11 -13
right_child=-2 3 -4 8 7 -7 -8 -9 10 11 -12 13 -14 -15
leaf_value=-0.14392074051111511 0.0016857232645328538 0.14078029365610273 -0.29090485466819888 -0.46104236833453177 -0.046421624441642315 -0.20592573475783249 0.28224093133233713 0.2887042856757393 0.32057018691709005 -0.076807043315439888 -0.0070643789310527432 -0.17839932188452509 0.29642100266518551 -0.0010072737290334529
leaf_weight=5751 2845779 16830 9742 4140 5741 14295 3950 5025 5663 31218 26564 20662 11904 20075
leaf_count=5751 2845779 16830 9742 4140 5741 14295 3950 5025 5663 31218 26564 20662 11904 20075
internal_value=9.48271e-07 -0.0264048 -0.0967671 -0.00355166 -0.0422917 -0.11069 0.0297113 0.110118 -0.0237664 -0.0509998 0.0505893 -0.0307037 0.0262684 -0.0910036
internal_weight=3.02734e+06 181560 44504 137056 34762 23996 9701 10766 120226 87999 32227 83859 43122 40737
internal_count=3027339 181560 44504 137056 34762 23996 9701 10766 120226 87999 32227 83859 43122 40737
is_linear=0
shrinkage=0.02


Tree=274
num_leaves=15
num_cat=0
split_feature=27 25 27 26 8 8 9 20 21 8 9 22 7 20
split_gain=334202 607761 317661 457363 484662 419867 2.46221e+06 1.26073e+06 637538 550766 667899 585011 2.09363e+06 651779
threshold=-52.036132812499993 0.040661120787262924 42.740234375000007 12060.803222656252 0.99803131818771373 0.95380857586860668 0.20284801721572879 11594.234375000002 10866.908691406252 0.87731993198394786 0.30041404068470007 12310.745117187502 12233.516601562502 12274.579589843752
decision_type=2 2 2 2 2 2 2 2 2 2 2 2 2 2
left_child=1 -1 5 4 -4 9 8 -8 -7 -2 11 12 -11 -14
right_child=2 -3 3 -5 -6 6 7 -9 -10 10 -12 -13 13 -15
leaf_value=0.11476776946983572 -0.0012665756006244174 -0.19535308355634537 0.072868294462289512 -0.01988403993255455 0.36070531610064033 -0.18548877175749309 -0.16943469588729651 -0.60929430554669017 -0.0060158504389186771 0.031982881848277793 -0.42576735999976456 -0.013153108157421219 0.14943404440226693 0.45622846600277334
leaf_weight=3568 2303383 8614 31036 23887 2522 8117 9479 3592 306655 218061 1291 95987 5218 5929
leaf_count=3568 2303383 8614 31036 23887 2522 8117 9479 3592 306655 218061 1291 95987 5218 5929
internal_value=9.23453e-07 -0.1045 0.000423486 0.0470004 0.0946019 -0.000481284 -0.0218233 -0.290686 -0.0106497 0.0021793 0.0264896 0.0282981 0.0456568 0.31288
internal_weight=3.02734e+06 12182 3.01516e+06 57445 33558 2.95771e+06 327843 13071 314772 2.62987e+06 326486 325195 229208 11147
internal_count=3027339 12182 3015157 57445 33558 2957712 327843 13071 314772 2629869 326486 325195 229208 11147
is_linear=0
shrinkage=0.02


Tree=275
num_leaves=15
num_cat=0
split_feature=27 24 19 19 7 6 7 24 24 7 23 19 7 22
split_gain=321761 436327 823888 674197 584592 432048 604919 2.39883e+06 1.99718e+06 878257 746297 673682 672987 601962
threshold=-0.99072265624999989 12748.286621093752 12728.486816406252 11773.096679687502 12723.007324218752 104.09495925903322 12238.857910156252 12293.523925781252 12249.941894531252 12535.058593750002 12207.232421875002 12552.947265625002 12291.576660156252 12542.148925781252
decision_type=2 2 2 2 2 2 2 2 2 2 2 2 2 2
left_child=1 2 5 -3 -5 6 8 10 -1 13 -8 -11 -12 -9
right_child=-2 3 -4 4 -6 -7 7 9 -10 11 12 -13 -14 -15
leaf_value=0.00065562238145282085 0.0048686148335984067 0.45915849557729604 -0.16126738329546381 0.28785296761421619 0.014660926810370243 -0.034742044007624151 -0.85619404062432913 0.04267045684010537 0.32117957657505342 -0.14406834305105259 -0.16643145585479979 -0.0048760003125894831 -0.48167472281916573 0.2937743728935176
leaf_weight=702672 1943914 1587 14421 3438 34326 209297 827 27109 7853 20873 11383 41649 3554 4436
leaf_count=702672 1943914 1587 14421 3438 34326 209297 827 27109 7853 20873 11383 41649 3554 4436
internal_value=8.75411e-07 -0.00873292 -0.0111972 0.0566355 0.0396022 -0.00909378 -0.00254978 -0.0462298 0.00420268 -0.00795505 -0.274472 -0.0513614 -0.241712 0.0780644
internal_weight=3.02734e+06 1.08342e+06 1.04407e+06 39351 37764 1.02965e+06 820356 109831 710525 94067 15764 62522 14937 31545
internal_count=3027339 1083425 1044074 39351 37764 1029653 820356 109831 710525 94067 15764 62522 14937 31545
is_linear=0
shrinkage=0.02


Tree=276
num_leaves=15
num_cat=0
split_feature=27 25 27 25 5 8 0 9 25 8 9 27 21 8
split_gain=319616 581522 307034 515701 381922 612042 676292 353030 342816 317569 2.82693e+06 757028 667645 598144
threshold=-52.036132812499993 0.040661120787262924 25.224121093750004 0.019801413640379909 0.047500001266598708 0.79939252138137828 5835.5000000000009 -0.90470352768897999 0.064811140298843398 0.95567026734352123 0.20284801721572879 -0.39306640624999994 10871.481933593752 0.87731993198394786
decision_type=2 2 2 2 2 2 2 2 2 2 2 2 2 2
left_child=1 -1 7 -4 -5 6 -6 -2 -7 13 12 -12 -11 -9
right_child=2 -3 3 4 5 8 -8 9 -10 10 11 -13 -14 -15
leaf_value=0.11228807596736359 -0.12635012055322931 -0.19106458952428398 -0.046802682114598267 0.027131445901042616 0.25184500565383533 -0.037060032184727684 -0.30664371077694108 -0.0021662711043445087 0.22939197844129439 -0.19623610426187099 -0.68201734999419283 -0.26104562737977399 -0.0045721852566050162 0.02707977071218997
leaf_weight=3568 8974 8614 31860 119282 11746 10147 928 2206358 2375 7449 2296 6704 286710 320328
leaf_count=3568 8974 8614 31860 119282 11746 10147 928 2206358 2375 7449 2296 6704 286710 320328
internal_value=8.29882e-07 -0.102194 0.000414069 0.0260206 0.0420817 0.112819 0.210741 -0.0011766 0.013618 -0.000779201 -0.0201212 -0.36908 -0.00943227 0.00154157
internal_weight=3.02734e+06 12182 3.01516e+06 176338 144478 25196 12674 2.83882e+06 12522 2.82984e+06 303159 9000 294159 2.52669e+06
internal_count=3027339 12182 3015157 176338 144478 25196 12674 2838819 12522 2829845 303159 9000 294159 2526686
is_linear=0
shrinkage=0.02


Tree=277
num_leaves=15
num_cat=0
split_feature=27 20 19 20 7 7 23 7 19 9 22 19 7 8
split_gain=312209 683707 868723 1.00971e+06 1.14414e+06 2.40714e+06 1.26655e+06 1.11624e+06 1.10751e+06 1.55777e+06 1.06874e+06 1.01232e+06 773122 749522
threshold=-18.729003906249996 11191.833496093752 11351.640625000002 11414.768554687502 11754.592285156252 11519.124511718752 12049.435058593752 12205.039550781252 12292.824218750002 -0.58503037691116322 12192.878906250002 12031.642089843752 11149.020507812502 -0.99078416824340809
decision_type=2 2 2 2 2 2 2 2 2 2 2 2 2 2
left_child=1 13 12 -4 5 -5 11 10 9 -9 -8 -6 -3 -1
right_child=-2 2 3 4 6 -7 7 8 -10 -11 -12 -13 -14 -15
leaf_value=0.22001236397235549 0.0020414308565974907 -0.20478268388033929 -0.18578878012855937 -0.0013724218843288191 -0.057345379649976838 0.46132317112333276 0.048307426097635518 -0.68876135659195281 0.01177732971191732 -0.1062497918605802 0.34610553108273989 -0.32354701961390675 0.13342323344604418 -0.07330668669100035
leaf_weight=3608 2749756 2989 12918 15694 16012 6294 23773 2104 42840 14030 6038 8880 27527 94876
leaf_count=3608 2749756 2989 12918 15694 16012 6294 23773 2104 42840 14030 6038 8880 27527 94876
internal_value=7.32793e-07 -0.0202138 0.00306246 -0.016901 -0.00080693 0.131221 -0.026354 0.00899839 -0.0414202 -0.182595 0.108721 -0.152403 0.10024 -0.0625394
internal_weight=3.02734e+06 277583 179099 148583 135665 21988 113677 88785 58974 16134 29811 24892 30516 98484
internal_count=3027339 277583 179099 148583 135665 21988 113677 88785 58974 16134 29811 24892 30516 98484
is_linear=0
shrinkage=0.02


Tree=278
num_leaves=15
num_cat=0
split_feature=5 0 4 13 4 21 21 0 20 20 20 21 25 21
split_gain=271972 390857 344023 265339 260745 543574 902849 652790 374042 248137 337817 310318 240260 238571
threshold=0.072500001639127745 2192.5000000000005 121.40500259399415 -12.099999904632567 -197.13000488281247 11064.754394531252 10908.246582031252 4807.5000000000009 11150.050292968752 12107.019042968752 11371.759765625002 12452.903808593752 0.075888738036155715 12773.829101562502
decision_type=2 2 2 2 2 2 2 2 2 2 2 2 2 2
left_child=3 -2 -3 -1 5 6 7 -5 -7 10 -10 12 -11 -6
right_child=1 2 -4 4 13 8 -8 -9 9 11 -12 -13 -14 -15
leaf_value=0.010255507523920727 -0.01733646817580527 0.15096473200297081 0.037435662213186026 0.3947602714474529 -0.0040047673969427619 0.33526549666520583 -0.23909866523761517 -0.060552915557068383 0.047319330636604921 0.046611098501534463 -0.083490497921266643 -0.096088106891245598 0.28461187763471413 0.043254601452620903
leaf_weight=647730 35413 14621 39545 1641 2180293 1233 11972 5304 11701 4119 24246 3069 2881 43571
leaf_count=647730 35413 14621 39545 1641 2180293 1233 11972 5304 11701 4119 24246 3069 2881 43571
internal_value=6.9025e-07 0.0343281 0.0681031 -0.00104614 -0.00424282 -0.0433648 -0.133931 0.0474408 -0.00708392 -0.0163285 -0.0409091 0.0713776 0.144835 -0.00307864
internal_weight=3.02734e+06 89579 54166 2.93776e+06 2.29003e+06 66166 18917 6945 47249 46016 35947 10069 7000 2.22386e+06
internal_count=3027339 89579 54166 2937760 2290030 66166 18917 6945 47249 46016 35947 10069 7000 2223864
is_linear=0
shrinkage=0.02


Tree=279
num_leaves=15
num_cat=0
split_feature=4 25 21 26 23 26 23 21 22 0 4 0 25 26
split_gain=260080 280165 265893 488469 625736 723870 327524 961514 667527 767659 636367 507029 586510 482913
threshold=284.38999938964849 0.039198905229568488 12773.829101562502 12800.302734375002 12773.843750000002 12769.006347656252 12738.863281250002 12732.083007812502 12676.985351562502 3010.5000000000005 -51.17499923706054 1681.5000000000002 0.060930399224162109 12532.560058593752
decision_type=2 2 2 2 2 2 2 2 2 2 2 2 2 2
left_child=2 -2 3 4 6 -6 7 8 13 10 -10 -8 -13 -1
right_child=1 -3 -4 -5 5 -7 11 -9 9 -11 -12 12 -14 -15
leaf_value=0.0010607870328636392 -0.18730361890062799 0.13150609816713016 0.041763615786836954 -0.13455646554860398 0.073986508776380036 -0.34424441141825801 -0.026272367668963091 -0.12520185935702879 -0.35247153873524378 0.24615011043973795 0.060427654401816168 0.19566354311038706 -0.088158856616785727 -0.03714745823639614
leaf_weight=2717928 1231 9946 58772 10935 2633 4434 13851 24686 1643 9317 15424 13775 3686 139078
leaf_count=2717928 1231 9946 58772 10935 2633 4434 13851 24686 1643 9317 15424 13775 3686 139078
internal_value=7.32855e-07 0.0962556 -0.00035627 -0.00119346 -0.000698057 -0.188534 -0.000245807 -0.000938669 0.000125628 0.100244 0.0204945 0.0640823 0.135732 -0.000799293
internal_weight=3.02734e+06 11177 3.01616e+06 2.95739e+06 2.94646e+06 7067 2.93939e+06 2.90808e+06 2.88339e+06 26384 17067 31312 17461 2.85701e+06
internal_count=3027339 11177 3016162 2957390 2946455 7067 2939388 2908076 2883390 26384 17067 31312 17461 2857006
is_linear=0
shrinkage=0.02


Tree=280
num_leaves=15
num_cat=0
split_feature=27 23 7 7 7 6 4 8 4 21 7 7 6 0
split_gain=307500 540627 1.93881e+06 877950 670172 566921 555864 533162 689672 1.53875e+06 1.3098e+06 1.57356e+06 981420 661245
threshold=-23.762207031249996 12236.874511718752 12238.857910156252 12816.793945312502 12223.541503906252 98.893768310546889 127.66500091552736 -0.82622474431991566 -61.995000839233391 10994.409179687502 11769.250976562502 11519.124511718752 66.853507995605483 4772.5000000000009
decision_type=2 2 2 2 2 2 2 2 2 2 2 2 2 2
left_child=1 2 5 4 -3 7 -4 -1 10 -10 11 13 -12 -9
right_child=-2 3 6 -5 -6 -7 -8 8 9 -11 12 -13 -14 -15
leaf_value=-0.064224380435901701 0.0016107452016296817 0.31988101540937391 -0.28576113460576702 -0.31868737674118497 0.039766147148574897 -0.095775587290764477 -0.74689695981158144 0.13025374299484507 -0.25494032824006374 0.057258820569950769 0.038574536381973362 0.51369665176600732 -0.37895349836968101 -0.19744878512135755
leaf_weight=38425 2845779 3875 3175 2447 28367 37213 1567 21174 9358 19368 6109 4149 3555 2778
leaf_count=38425 2845779 3875 3175 2447 28367 37213 1567 21174 9358 19368 6109 4149 3555 2778
internal_value=6.81975e-07 -0.0252341 -0.0420064 0.0457698 0.0735211 -0.0287176 -0.439399 -0.00492559 0.0293472 -0.0444982 0.0855153 0.154576 -0.115248 0.0921788
internal_weight=3.02734e+06 181560 146871 34689 32242 142129 4742 104916 66491 28726 37765 28101 9664 23952
internal_count=3027339 181560 146871 34689 32242 142129 4742 104916 66491 28726 37765 28101 9664 23952
is_linear=0
shrinkage=0.02


Tree=281
num_leaves=15
num_cat=0
split_feature=27 20 8 20 26 27 8 8 8 22 24 22 4 22
split_gain=306120 515838 321000 305002 302879 298078 404496 383704 572168 553976 2.01322e+06 575502 1.59007e+06 541246
threshold=-52.036132812499993 11440.046386718752 0.73413100838661205 10960.804687500002 12214.379394531252 33.938964843750007 0.99276980757713329 0.95567026734352123 0.87731993198394786 12310.745117187502 12270.561035156252 12219.044921875002 44.585000991821296 10869.917968750002
decision_type=2 2 2 2 2 2 2 2 2 2 2 2 2 2
left_child=1 2 3 -1 -3 7 -7 8 -2 10 11 -10 -13 -9
right_child=5 4 -4 -5 -6 6 -8 13 9 -11 -12 12 -14 -15
leaf_value=-0.017756941294876011 -0.0017795818861276972 0.18044032791298187 0.22028895760193848 -0.33723612635240868 -0.12532143576335442 0.020480562668815684 0.15038700215908224 -0.19197877933485172 0.026179850360284963 -0.013985703846990888 0.37821548742104216 -0.045443310245846344 0.48314383685881879 -0.0175990390215752
leaf_weight=1604 2278670 3004 614 4696 2264 83101 10829 7280 217711 96276 6944 5165 4058 305123
leaf_count=1604 2278670 3004 614 4696 2264 83101 10829 7280 217711 96276 6944 5165 4058 305123
internal_value=5.86007e-07 -0.100014 -0.213494 -0.256056 0.0490425 0.000405006 0.0354718 -0.000722654 0.00178567 0.0263919 0.0430133 0.0327401 0.187397 -0.0216687
internal_weight=3.02734e+06 12182 6914 6300 5268 3.01516e+06 93930 2.92123e+06 2.60882e+06 330154 233878 226934 9223 312403
internal_count=3027339 12182 6914 6300 5268 3015157 93930 2921227 2608824 330154 233878 226934 9223 312403
is_linear=0
shrinkage=0.02


Tree=282
num_leaves=15
num_cat=0
split_feature=27 4 7 7 7 4 21 7 22 21 23 1 19 19
split_gain=298446 482439 942189 822449 700468 698388 671960 592693 1.08583e+06 949468 775671 518127 492360 491530
threshold=9.3120117187500018 78.444999694824233 12036.424316406252 11749.025390625002 10759.808593750002 39.375000000000007 12074.601562500002 12029.321777343752 12030.420410156252 12098.424316406252 11963.750488281252 81.393573760986342 10993.770019531252 11968.078613281252
decision_type=2 2 2 2 2 2 2 2 2 2 2 2 2 2
left_child=-1 3 13 4 -2 -6 -4 8 10 -9 -5 -11 -7 -3
right_child=1 2 6 7 5 12 -8 9 -10 11 -12 -13 -14 -15
leaf_value=-0.0030059974794234795 0.16310414342259619 0.0099849235661959735 -0.23735206413774312 0.17743622285659622 -0.029355374260460608 -0.039872204622711675 -0.043812942478655734 -0.15050951729633905 0.48468698916159414 0.031415197698855042 -0.076618241037218107 0.15028438844536951 0.10725199289582761 0.14222066983351681
leaf_weight=2462773 10632 197704 7952 17746 119710 12885 72769 8525 3508 40838 6585 22885 30915 11912
leaf_count=2462773 10632 197704 7952 17746 119710 12885 72769 8525 3508 40838 6585 22885 30915 11912
internal_value=6.20797e-07 0.0131161 -0.00485187 0.032139 0.00587949 -0.00435304 -0.0629062 0.0778227 0.156213 0.047599 0.108674 0.0741222 0.0639716 0.0175061
internal_weight=3.02734e+06 564566 290337 274229 174142 163510 80721 100087 27839 72248 24331 63723 43800 209616
internal_count=3027339 564566 290337 274229 174142 163510 80721 100087 27839 72248 24331 63723 43800 209616
is_linear=0
shrinkage=0.02


Tree=283
num_leaves=15
num_cat=0
split_feature=27 25 19 26 8 20 26 21 26 19 27 19 21 8
split_gain=296070 434620 611164 434637 371836 538986 1.30811e+06 558746 532149 1.59488e+06 1.4838e+06 795885 593739 507787
threshold=42.740234375000007 0.063643675297498717 10954.149902343752 12281.559082031252 0.95380857586860668 12183.192871093752 12187.718750000002 12171.942871093752 11372.095214843752 11745.066894531252 -6.3349609374999991 11376.604492187502 10866.908691406252 0.99834027886390697
decision_type=2 2 2 2 2 2 2 2 2 2 2 2 2 2
left_child=4 3 -3 -2 -1 8 7 -7 11 10 -10 12 -6 -9
right_child=1 2 -4 -5 5 6 -8 13 9 -11 -12 -13 -14 -15
leaf_value=0.0016244692411568806 0.039109290575488308 -0.1834305708440056 0.19318460088655628 -0.14268933181826177 -0.17426611911421375 0.51601986286163337 -0.046470981236806874 0.32340603455771449 -0.64743699498899998 -0.021862261431728661 -0.13697930202409614 0.21067368351882657 0.0033379258998716406 0.049510699158880886
leaf_weight=2641848 37029 1996 12299 6121 8117 1990 20398 4356 2442 142005 32286 6957 102355 7140
leaf_count=2641848 37029 1996 12299 6121 8117 1990 20398 4356 2442 142005 32286 6957 102355 7140
internal_value=6.53699e-07 0.0449686 0.140505 0.0132929 -0.000869277 -0.0209516 0.0545723 0.207326 -0.0296527 -0.0515789 -0.17305 0.00334803 -0.00972605 0.153486
internal_weight=3.02734e+06 57445 14295 43150 2.96989e+06 328046 33884 13486 294162 176733 34728 117429 110472 11496
internal_count=3027339 57445 14295 43150 2969894 328046 33884 13486 294162 176733 34728 117429 110472 11496
is_linear=0
shrinkage=0.02


Tree=284
num_leaves=15
num_cat=0
split_feature=7 24 7 22 7 21 7 7 7 7 21 24 9 7
split_gain=279393 1.80129e+06 819674 633598 2.12264e+06 3.02356e+06 1.43219e+06 748350 1.68579e+06 823249 2.08114e+06 1.77633e+06 789968 1.16996e+06
threshold=11204.128417968752 11185.670898437502 11240.761718750002 11352.343261718752 11368.623535156252 11406.906250000002 11368.623535156252 11519.124511718752 11470.466308593752 12043.893554687502 12074.601562500002 12037.662109375002 -0.39844962954521174 12033.012207031252
decision_type=2 2 2 2 2 2 2 2 2 2 2 2 2 2
left_child=-1 2 -2 6 5 -5 -3 8 -6 11 -11 -9 -13 -14
right_child=1 3 -4 4 7 -7 -8 9 -10 10 -12 12 13 -15
leaf_value=0.0075486015092789951 -0.09509547637813287 -0.018127397491275492 -0.3491868269864834 0.079140400814064968 -0.021041757179937771 0.61461551221880839 -0.20831358589563087 0.013718585692678758 -0.26831322319624884 -0.10569953073778333 0.0041436755242376952 0.053877220035524143 0.34702498111745705 0.072327419431208018
leaf_weight=1190322 42422 241696 5762 55264 258082 4557 16939 338400 11511 76066 741201 20095 13652 11370
leaf_count=1190322 42422 241696 5762 55264 258082 4557 16939 338400 11511 76066 741201 20095 13652 11370
internal_value=6.39545e-07 -0.00489018 -0.125547 -0.00163947 0.00325411 0.120028 -0.0305911 -0.00149749 -0.0316093 0.00526323 -0.00608097 0.0294371 0.147304 0.222282
internal_weight=3.02734e+06 1.83702e+06 48184 1.78883e+06 1.5302e+06 59821 258635 1.47038e+06 269593 1.20078e+06 817267 383517 45117 25022
internal_count=3027339 1837017 48184 1788833 1530198 59821 258635 1470377 269593 1200784 817267 383517 45117 25022
is_linear=0
shrinkage=0.02


Tree=285
num_leaves=15
num_cat=0
split_feature=27 7 8 7 19 27 26 8 8 9 24 8 9 23
split_gain=288681 490627 306156 291732 288678 277372 419812 481642 365678 2.29223e+06 1.02197e+06 542355 632694 563034
threshold=-52.036132812499993 11460.951660156252 0.73413100838661205 12249.082519531252 10954.149902343752 36.633789062500007 10973.748535156252 0.99276980757713329 0.95380857586860668 0.20284801721572879 11594.064941406252 0.87731993198394786 0.30041404068470007 12310.619140625002
decision_type=2 2 2 2 2 2 2 2 2 2 2 2 2 2
left_child=1 2 4 -3 -1 8 -7 -8 11 -10 -11 -2 13 -13
right_child=5 3 -4 -5 -6 6 7 -9 9 10 -12 12 -14 -15
leaf_value=-0.017526580522199069 -0.0015704678820327347 0.17720133691274345 0.21583242042706563 -0.12288102854558848 -0.32834041396227004 0.18039626855244673 0.0014423900952368659 0.14626535942520519 -0.010157641191875176 -0.17312760495833565 -0.57822534362373101 0.045003943300385936 -0.4140945347720939 -0.012825835154919932
leaf_weight=1604 2288308 3004 614 2264 4696 7393 63368 10733 309176 8651 3497 227000 1291 95740
leaf_count=1604 2288308 3004 614 2264 4696 7393 63368 10733 309176 8651 3497 227000 1291 95740
internal_value=6.35099e-07 -0.0971231 -0.207796 0.0482443 -0.249363 0.000393367 0.0367866 0.0224361 -0.000617714 -0.0207508 -0.290123 0.00185877 0.0260754 0.027849
internal_weight=3.02734e+06 12182 6914 5268 6300 3.01516e+06 81494 74101 2.93366e+06 321324 12148 2.61234e+06 324031 322740
internal_count=3027339 12182 6914 5268 6300 3015157 81494 74101 2933663 321324 12148 2612339 324031 322740
is_linear=0
shrinkage=0.02


Tree=286
num_leaves=15
num_cat=0
split_feature=13 17 17 25 19 19 19 22 22 24 19 24 19 25
split_gain=253209 379770 244767 246724 355481 237252 536479 492198 711065 315438 229638 225231 283243 306009
threshold=-12.099999904632567 0.61151048541069042 0.25725664198398596 0.043383892625570304 12951.521484375002 12772.923339843752 12728.486816406252 12727.998535156252 12746.740234375002 12725.326171875002 11799.064453125002 12220.685058593752 12402.195800781252 0.056086041033267982
decision_type=2 2 2 2 2 2 2 2 2 2 2 2 2 2
left_child=1 -1 11 -4 5 6 7 -5 -9 -8 -10 -2 13 -13
right_child=2 -3 3 4 -6 -7 9 8 10 -11 -12 12 -14 -15
leaf_value=0.0055442529726556231 0.0062403517599460556 0.053579171458502835 -0.0007111886817793634 -0.014315999686107842 -0.16816658907116921 0.10218211555954049 -0.28575352882090072 0.47908244635832803 0.24335364976658164 -0.073938101313284849 -0.12731769561287112 0.07097544360070486 0.016614879130702746 0.26483958232795818
leaf_weight=595608 217220 74009 1430413 630361 6034 6937 4190 1973 977 8545 2062 14039 30735 4236
leaf_count=595608 217220 74009 1430413 630361 6034 6937 4190 1973 977 8545 2062 14039 30735 4236
internal_value=5.62906e-07 0.010854 -0.00308196 -0.00538109 -0.0154854 -0.0140764 -0.0153224 -0.012745 0.18447 -0.1438 -0.00773769 0.0149794 0.0537027 0.116033
internal_weight=3.02734e+06 669617 2.35772e+06 2.09149e+06 661079 655045 648108 635373 5012 12735 3039 266230 49010 18275
internal_count=3027339 669617 2357722 2091492 661079 655045 648108 635373 5012 12735 3039 266230 49010 18275
is_linear=0
shrinkage=0.02


Tree=287
num_leaves=15
num_cat=0
split_feature=7 19 7 7 23 7 24 7 8 19 4 7 7 7
split_gain=269140 1.84488e+06 607063 602494 599489 1.0943e+06 1.82472e+06 1.70075e+06 550232 1.4704e+06 923597 885063 586212 574822
threshold=11204.128417968752 11206.098144531252 11219.278320312502 12753.250976562502 11175.624023437502 11130.324218750002 11231.069335937502 11171.963378906252 -0.94326764345169056 11003.285156250002 -212.43000030517575 10905.096679687502 11006.505859375002 10853.744628906252
decision_type=2 2 2 2 2 2 2 2 2 2 2 2 2 2
left_child=4 2 -2 -4 8 -6 7 -7 9 13 11 -10 -11 -1
right_child=1 -3 3 -5 5 6 -8 -9 10 12 -12 -13 -14 -15
leaf_value=0.13096857247183608 -0.050431825118726382 0.0002587233355758852 -0.16040887018288622 0.44240121879521205 -0.098548610046851129 0.23704206570040551 0.35359916310615769 0.020909002960717307 0.27346406117895217 0.62148549542589837 4.8570982664709543e-05 -0.20983333846525984 0.21593415648598693 -0.027606537354768458
leaf_weight=12680 72527 1727023 36801 666 20650 16083 7828 153238 1696 1777 922825 13658 7176 32711
leaf_count=12680 72527 1727023 36801 666 20650 16083 7828 153238 1696 1777 922825 13658 7176 32711
internal_value=5.89716e-07 -0.00479964 -0.0842144 -0.149578 0.00740876 0.0392019 0.0552641 0.0414514 0.00107237 0.0629392 -0.00251187 -0.156304 0.297034 0.0167102
internal_weight=3.02734e+06 1.83702e+06 109994 37467 1.19032e+06 197799 177149 169321 992523 54344 938179 15354 8953 45391
internal_count=3027339 1837017 109994 37467 1190322 197799 177149 169321 992523 54344 938179 15354 8953 45391
is_linear=0
shrinkage=0.02


Tree=288
num_leaves=15
num_cat=0
split_feature=7 19 26 21 21 26 8 7 7 4 4 24 9 7
split_gain=258492 1.77181e+06 684279 1.47446e+06 600777 3.39653e+06 1.93839e+06 1.5959e+06 1.04027e+06 913606 911163 1.69399e+06 676877 813769
threshold=11204.128417968752 11206.098144531252 11239.116210937502 12773.829101562502 10976.944824218752 11018.114746093752 -0.92210632562637318 10919.207031250002 11006.505859375002 284.38999938964849 -118.1949996948242 11216.794921875002 0.62378269433975231 10919.207031250002
decision_type=2 2 2 2 2 2 2 2 2 2 2 2 2 2
left_child=4 2 -2 -4 5 12 8 -8 -6 -7 -9 -12 13 -1
right_child=1 -3 3 -5 6 9 7 10 -10 -11 11 -13 -14 -15
leaf_value=0.0063448851191582143 -0.066993634126138416 0.00025354895844781529 -0.41706688575397144 0.10517978778126716 0.62193000066214699 -0.41629900193611813 0.80403177459687825 -0.05804531943815848 0.17338655454736659 0.11109458532284913 0.016695055063566461 0.19892422012248059 0.038925552358795204 -0.049639799694452522
leaf_weight=338755 100286 1727023 6467 3241 2715 9958 1019 59659 8640 1509 455969 21351 140989 149758
leaf_count=338755 100286 1727023 6467 3241 2715 9958 1019 59659 8640 1509 455969 21351 140989 149758
internal_value=6.94035e-07 -0.00470363 -0.0825297 -0.242785 0.00726084 -0.00589324 0.0226085 0.0171478 0.281089 -0.346859 0.0156396 0.0248504 0.000323164 -0.0108183
internal_weight=3.02734e+06 1.83702e+06 109994 9708 1.19032e+06 640969 549353 537998 11355 11467 536979 477320 629502 488513
internal_count=3027339 1837017 109994 9708 1190322 640969 549353 537998 11355 11467 536979 477320 629502 488513
is_linear=0
shrinkage=0.02


Tree=289
num_leaves=15
num_cat=0
split_feature=27 26 20 7 22 6 7 25 7 24 7 20 26 22
split_gain=285345 392224 665607 872747 942623 785220 708634 501993 471200 411972 406106 680110 894354 1.5098e+06
threshold=9.3120117187500018 10878.348144531252 10916.906250000002 10947.744140625002 10943.551269531252 95.033611297607436 11006.505859375002 0.10838825255632402 10939.776855468752 10690.167968750002 11185.928222656252 11382.977539062502 12050.339355468752 12036.090820312502
decision_type=2 2 2 2 2 2 2 2 2 2 2 2 2 2
left_child=-1 7 -3 5 6 8 -5 9 -4 -2 -6 -12 13 -13
right_child=1 2 3 4 10 -7 -8 -9 -10 -11 11 12 -14 -15
leaf_value=-0.0029391342935093357 -0.028556838485490291 -0.086391970181369265 0.14458517505789506 -0.10234438673919211 0.050272833543533624 0.013115931689901057 -0.58326279733198894 -0.23289077080168516 0.41629428608799601 0.11043278735390306 -0.040197247337898673 0.045235670529341805 -0.011401798376143482 0.37176578812512057
leaf_weight=2462773 11019 28469 5907 4206 84738 9795 1723 2146 4510 37701 109267 102170 156928 5987
leaf_count=2462773 11019 28469 5907 4206 84738 9795 1723 2146 4510 37701 109267 102170 156928 5987
internal_value=7.51282e-07 0.0128251 0.00757879 0.0130939 0.00750029 0.141717 -0.242852 0.0657958 0.262509 0.0789977 0.0107388 0.00178872 0.0190961 0.0633435
internal_weight=3.02734e+06 564566 513700 485231 465019 20212 5929 50866 10417 48720 459090 374352 265085 108157
internal_count=3027339 564566 513700 485231 465019 20212 5929 50866 10417 48720 459090 374352 265085 108157
is_linear=0
shrinkage=0.02


Tree=290
num_leaves=15
num_cat=0
split_feature=5 7 21 4 7 21 5 24 19 7 4 7 21 4
split_gain=255252 274692 1.26666e+06 1.14974e+06 936964 2.66389e+06 914191 908821 882216 2.466e+06 1.93774e+06 908610 850341 729013
threshold=0.077500000596046462 10775.280273437502 10803.544921875002 -80.674999237060533 10889.665527343752 10941.636230468752 -0.057499999180436127 10906.415527343752 10646.074707031252 10640.455566406252 -46.995000839233391 10679.781738281252 10878.187011718752 -184.26999664306638
decision_type=2 2 2 2 2 2 2 2 2 2 2 2 2 2
left_child=1 8 3 6 5 12 -3 -6 -1 -10 -11 -12 -4 -14
right_child=-2 2 4 -5 7 -7 -8 -9 9 10 11 -13 13 -15
leaf_value=-0.037425331373307176 0.039856943239229892 0.22887438122285617 0.015861867731528739 -0.057182028688613287 -0.069470754287576111 0.69403975602001899 -0.39453895480817752 -0.00050265948772180687 0.50269324465063714 0.24889377902554871 0.11544859245944553 -0.044782285938053619 0.4776994576080395 0.11375065600380391
leaf_weight=55429 62928 1080 92918 60471 78774 2547 7002 2553685 4835 14674 19166 54067 2516 17247
leaf_count=55429 62928 1080 92918 60471 78774 2547 7002 2553685 4835 14674 19166 54067 2516 17247
internal_value=7.40193e-07 -0.000845445 -0.00224196 -0.0871528 -0.000123168 0.0556969 -0.31105 -0.00256673 0.0256958 0.0634215 0.0392064 -0.00283753 0.0412075 0.160304
internal_weight=3.02734e+06 2.96441e+06 2.81624e+06 68553 2.74769e+06 115228 8082 2.63246e+06 148171 92742 87907 73233 112681 19763
internal_count=3027339 2964411 2816240 68553 2747687 115228 8082 2632459 148171 92742 87907 73233 112681 19763
is_linear=0
shrinkage=0.02


Tree=291
num_leaves=15
num_cat=0
split_feature=4 7 26 26 9 21 7 24 26 7 20 7 24 20
split_gain=248723 309081 524183 318760 293162 249561 628815 1.18259e+06 1.36413e+06 1.03416e+06 1.03132e+06 1.09266e+06 2.32993e+06 1.03079e+06
threshold=284.38999938964849 11013.437500000002 10978.628417968752 11006.353515625002 -0.51891005039215077 12773.829101562502 12544.754394531252 12220.685058593752 12181.866210937502 12205.039550781252 12188.944335937502 12043.893554687502 12032.622070312502 12076.266113281252
decision_type=2 2 2 2 2 2 2 2 2 2 2 2 2 2
left_child=5 2 4 -4 -2 6 7 9 -9 10 11 12 -1 -13
right_child=1 -3 3 -5 -6 -7 -8 8 -10 -11 -12 13 -14 -15
leaf_value=-0.0015253287541404936 -0.067993355071014533 -0.031646542335818394 0.86426700057983397 0.29569372032181807 0.29895575062955637 0.040457579429166779 -0.035027843405380239 0.33304748191593769 0.036205850810665907 -0.10088402301158551 0.097341141923343727 -0.10661338641890783 0.13307752398749478 -0.01576486611224194
leaf_weight=2146740 2868 4598 490 1982 1239 58772 204130 6355 228827 42143 41939 72140 52692 162424
leaf_count=2146740 2868 4598 490 1982 1239 58772 204130 6355 228827 42143 41939 72140 52692 162424
internal_value=8.46741e-07 0.0941306 0.181953 0.411432 0.0431603 -0.000348274 -0.00115935 0.00135181 0.0442409 -0.00265407 -0.000981682 -0.00267624 0.00169995 -0.0437087
internal_weight=3.02734e+06 11177 6579 2472 4107 3.01616e+06 2.95739e+06 2.75326e+06 235182 2.51808e+06 2.47594e+06 2.434e+06 2.19943e+06 234564
internal_count=3027339 11177 6579 2472 4107 3016162 2957390 2753260 235182 2518078 2475935 2433996 2199432 234564
is_linear=0
shrinkage=0.02


Tree=292
num_leaves=15
num_cat=0
split_feature=27 26 20 26 22 19 7 9 9 7 22 9 19 7
split_gain=280498 644605 1.08912e+06 900475 849447 735708 1.00666e+06 684413 555460 524589 841867 1.66656e+06 820662 699613
threshold=-23.762207031249996 10978.628417968752 10967.396484375002 11185.340820312502 10909.044921875002 10781.623046875002 10759.808593750002 0.67481940984725963 -0.17292127013206479 12816.793945312502 12254.410156250002 -0.60080829262733448 12402.195800781252 11894.622558593752
decision_type=2 2 2 2 2 2 2 2 2 2 2 2 2 2
left_child=1 2 4 -3 5 6 -1 -6 -7 10 11 -5 -12 -13
right_child=-2 3 -4 9 7 8 -8 -9 -10 -11 12 13 -14 -15
leaf_value=-0.1381963263311432 0.0015386928879262006 0.13434786076471084 -0.27700524490470274 -0.43810709932891045 -0.039480431362423171 0.2064605511550964 0.27610952107109099 0.27992321873646392 -0.23378836564930253 -0.31104709558871202 0.29256716473276617 0.028247902533853224 0.025203421709351265 -0.087346775511534802
leaf_weight=5756 2845779 16830 9742 4140 5741 1249 3945 5025 13046 2447 5663 43409 24117 40450
leaf_count=5756 2845779 16830 9742 4140 5741 1249 3945 5025 13046 2447 5663 43409 24117 40450
internal_value=9.44749e-07 -0.0241004 -0.0902239 -0.00262405 -0.0378135 -0.104025 0.0303937 0.10972 -0.195204 -0.021808 -0.0157726 -0.0468782 0.0761274 -0.0275136
internal_weight=3.02734e+06 181560 44504 137056 34762 23996 9701 10766 14295 120226 117779 87999 29780 83859
internal_count=3027339 181560 44504 137056 34762 23996 9701 10766 14295 120226 117779 87999 29780 83859
is_linear=0
shrinkage=0.02


Tree=293
num_leaves=15
num_cat=0
split_feature=7 7 23 23 7 20 7 23 5 8 7 19 4 4
split_gain=247644 1.25299e+06 2.05013e+06 970663 2.15616e+06 3.1698e+06 1.53949e+06 769791 1.24525e+06 816684 765269 1.68481e+06 990178 744409
threshold=11185.928222656252 11057.007324218752 11203.489746093752 11353.098144531252 11368.623535156252 11409.897949218752 11368.623535156252 11120.622558593752 -0.037499999627470963 -0.80862879753112782 11019.201171875002 10984.387695312502 253.78499603271487 147.99500274658206
decision_type=2 2 2 2 2 2 2 2 2 2 2 2 2 2
left_child=1 10 7 6 5 -5 -2 8 9 -3 -1 12 -12 -6
right_child=3 2 -4 4 13 -7 -8 -9 -10 -11 11 -13 -14 -15
leaf_value=0.0048889438804153237 -0.020154292059896942 0.30942114423223804 0.27747430616092084 0.080945680335290635 0.0036677497207582206 0.63350232481243285 -0.18067636859929856 0.019160596272818371 0.24389707861628437 -0.50567851267331909 -0.34819106960731672 -0.017090636331899216 0.02567744732330907 -0.046509581383828519
leaf_weight=773529 473509 698 15671 52100 1332382 4503 25159 121685 13177 1610 11014 68715 3812 129775
leaf_count=773529 473509 698 15671 52100 1332382 4503 25159 121685 13177 1610 11014 68715 3812 129775
internal_value=9.07316e-07 0.0080857 0.0608371 -0.0040463 0.00390298 0.125008 -0.0282565 0.0360687 0.168838 -0.258891 -0.00132201 -0.0588248 -0.25211 -0.000786056
internal_weight=3.02734e+06 1.00991e+06 152841 2.01743e+06 1.51876e+06 56603 498668 137170 15485 2308 857070 83541 14826 1.46216e+06
internal_count=3027339 1009911 152841 2017428 1518760 56603 498668 137170 15485 2308 857070 83541 14826 1462157
is_linear=0
shrinkage=0.02


Tree=294
num_leaves=15
num_cat=0
split_feature=19 26 20 24 20 26 26 4 22 4 26 22 4 19
split_gain=242228 578222 467866 310771 683490 583309 530078 965467 492784 929971 698540 954854 492666 516807
threshold=13462.845214843752 12769.006347656252 12730.045898437502 12771.544921875002 12804.312011718752 12800.302734375002 12683.785644531252 124.47500228881837 12662.536132812502 75.975002288818374 12595.337402343752 12533.729980468752 64.115001678466811 12237.233886718752
decision_type=2 2 2 2 2 2 2 2 2 2 2 2 2 2
left_child=3 -2 -3 4 5 8 -6 -8 10 -10 -1 -12 13 -5
right_child=1 2 -4 12 6 -7 7 -9 9 -11 11 -13 -14 -15
leaf_value=0.00055495335066781917 0.034591422839762853 -0.5212149317065875 -0.11041922429330209 0.45401228782179431 0.062135068513170515 -0.15545480254580993 -0.11639414183446026 -0.59737107601322115 0.077246216667597956 -0.089338781263448797 -0.45777827986355013 -0.05911253298722232 0.1496092849740073 -0.018659751135136717
leaf_weight=2823965 6182 1718 3117 955 4622 9568 11592 1942 73668 16377 2575 34250 14344 22464
leaf_count=2823965 6182 1718 3117 955 4622 9568 11592 1942 73668 16377 2575 34250 14344 22464
internal_value=9.21177e-07 -0.0935658 -0.257164 0.000342986 -0.000379939 0.000370546 -0.122683 -0.185801 0.000876337 0.0469417 -0.000573748 -0.0871066 0.0573493 0.000799975
internal_weight=3.02734e+06 11017 4835 3.01632e+06 2.97856e+06 2.9604e+06 18156 13534 2.95084e+06 90045 2.86079e+06 36825 37763 23419
internal_count=3027339 11017 4835 3016322 2978559 2960403 18156 13534 2950835 90045 2860790 36825 37763 23419
is_linear=0
shrinkage=0.02


Tree=295
num_leaves=15
num_cat=0
split_feature=27 25 19 27 25 19 8 8 20 7 21 20 7 19
split_gain=275422 523762 274581 264965 424434 572631 399960 349331 497724 1.13421e+06 602470 820492 477485 1.6858e+06
threshold=-52.036132812499993 0.043687783181667335 11239.964355468752 42.740234375000007 0.063643675297498717 10954.149902343752 0.9969644844532014 0.95380857586860668 12183.192871093752 12186.018554687502 12171.942871093752 12209.516601562502 11365.239746093752 11745.066894531252
decision_type=2 2 2 2 2 2 2 2 2 2 2 2 2 2
left_child=1 2 -1 7 6 -6 -5 -2 12 10 -10 -12 -9 -14
right_child=3 -3 -4 4 5 -7 -8 8 9 -11 11 -13 13 -15
leaf_value=-0.077923777306660946 0.0019849290825236887 -0.18791967555897315 0.24945609641427421 -0.015764636128402967 -0.17622765712266611 0.18832460379370655 0.14695318247479403 0.0020265303890796412 0.50592456447601319 -0.050261925159109294 0.0077869631292378861 0.33497231609637257 -0.18498267842369567 -0.020757948250097972
leaf_weight=1996 2629869 8098 2088 35895 1996 12299 7255 121811 1990 18916 8027 4951 30346 141802
leaf_count=1996 2629869 8098 2088 35895 1996 12299 7255 121811 1990 18916 8027 4951 30346 141802
internal_value=8.13214e-07 -0.0948662 0.0896492 0.00038442 0.042923 0.137333 0.0116211 -0.000441904 -0.0199088 0.052664 0.182686 0.132769 -0.0282757 -0.0497164
internal_weight=3.02734e+06 12182 4084 3.01516e+06 57445 14295 43150 2.95771e+06 327843 33884 14968 12978 293959 172148
internal_count=3027339 12182 4084 3015157 57445 14295 43150 2957712 327843 33884 14968 12978 293959 172148
is_linear=0
shrinkage=0.02


Tree=296
num_leaves=15
num_cat=0
split_feature=27 26 21 26 9 0 25 24 8 7 7 23 26 26
split_gain=270251 615255 1.02715e+06 852408 804742 1.19465e+06 694134 524908 654257 1.34181e+06 1.76817e+06 1.12151e+06 1.52484e+06 977575
threshold=-23.762207031249996 10978.628417968752 10969.715332031252 11185.340820312502 0.59558829665184032 2789.5000000000005 0.031325178220868118 11231.069335937502 -0.95380857586860646 11769.250976562502 11519.124511718752 12236.874511718752 12210.931152343752 12254.678222656252
decision_type=2 2 2 2 2 2 2 2 2 2 2 2 2 2
left_child=1 2 4 -3 -1 -6 -7 -5 -9 10 -10 12 -11 -13
right_child=-2 3 -4 7 5 6 -8 8 9 11 -12 13 -14 -15
leaf_value=-0.12104484588633874 0.0015102442512098843 0.13059156991875265 -0.27478814073153646 -0.17163572393057244 -0.15949905631380565 -0.039585854928294688 0.32815008142361235 -0.080512472522527467 0.029212076686978672 -0.063864499509219297 0.44469074084367949 0.31694819003914171 -0.63080782739092978 0.012133098195536688
leaf_weight=20214 2845779 16830 9323 8618 5571 3024 6372 35566 11761 31881 6279 5422 2008 18691
leaf_count=20214 2845779 16830 9323 8618 5571 3024 6372 35566 11761 31881 6279 5422 2008 18691
internal_value=8.44733e-07 -0.0236562 -0.0882568 -0.00267445 -0.0387612 0.072374 0.20988 -0.0213394 -0.00971945 0.0233975 0.173991 -0.0234622 -0.0976339 0.080777
internal_weight=3.02734e+06 181560 44504 137056 35181 14967 9396 120226 111608 76042 18040 58002 33889 24113
internal_count=3027339 181560 44504 137056 35181 14967 9396 120226 111608 76042 18040 58002 33889 24113
is_linear=0
shrinkage=0.02


Tree=297
num_leaves=15
num_cat=0
split_feature=5 0 26 26 19 7 23 26 7 19 7 25 7 26
split_gain=246398 368212 304525 1.46407e+06 937302 1.2239e+06 2.34304e+06 737478 736848 1.07435e+06 2.05275e+06 627969 480753 452699
threshold=0.072500001639127745 2192.5000000000005 10755.825683593752 10729.708007812502 10816.355957031252 10889.665527343752 10931.110839843752 10881.964843750002 10699.223144531252 10646.074707031252 10640.455566406252 0.10838825255632402 10759.808593750002 10878.348144531252
decision_type=2 2 2 2 2 2 2 2 2 2 2 2 2 2
left_child=2 -2 3 8 -4 6 11 -7 9 -1 -11 13 -10 -6
right_child=1 -3 4 -5 5 7 -8 -9 12 10 -12 -13 -14 -15
leaf_value=-0.035179676149467758 -0.01747093386117609 0.065456496113550547 -0.059500238841021284 0.24460145994064963 0.069520826090258711 -0.18544731625668653 0.69504436351152021 -0.0019856697265623804 -0.16101356851276755 0.49076765915081555 0.051316602742370321 0.66367473869096671 0.53499612488015724 -0.049754657904469715
leaf_weight=54045 35413 54166 110286 11489 77952 8784 2331 2597762 11950 4719 42175 662 401 15204
leaf_count=54045 35413 54166 110286 11489 77952 8784 2331 2597762 11950 4719 42175 662 401 15204
internal_value=8.0916e-07 0.0326745 -0.000995588 0.0295767 -0.00235183 -1.96164e-05 0.0700519 -0.00260465 0.00775071 0.025597 0.0956347 0.0544507 -0.138 0.0500504
internal_weight=3.02734e+06 89579 2.93776e+06 124779 2.81298e+06 2.7027e+06 96149 2.60655e+06 113290 100939 46894 93818 12351 93156
internal_count=3027339 89579 2937760 124779 2812981 2702695 96149 2606546 113290 100939 46894 93818 12351 93156
is_linear=0
shrinkage=0.02


Tree=298
num_leaves=15
num_cat=0
split_feature=27 9 4 4 22 7 26 4 4 9 26 26 23 4
split_gain=266422 494046 526884 517614 821151 450266 445520 566972 398992 589653 883866 484034 544202 938628
threshold=9.3120117187500018 -0.7020561397075652 221.06999969482425 59.594999313354499 10991.809082031252 12049.908691406252 10765.807617187502 -48.325000762939446 112.28499984741212 0.62070748209953319 12749.085937500002 10977.204589843752 10954.718261718752 146.004997253418
decision_type=2 2 2 2 2 2 2 2 2 2 2 2 2 2
left_child=-1 2 3 4 -2 -5 7 -3 9 10 -8 -10 13 -13
right_child=1 6 -4 5 -6 -7 8 -9 11 -11 -12 12 -14 -15
leaf_value=-0.0028397868285211843 -0.1165396827521361 0.30662831311075212 0.31771165709047389 0.056121478904061169 0.28402676777458585 -0.12459618051362484 0.025488174047484859 0.047991015587537218 0.066042663760740694 -0.035262059053007576 0.39410918076168044 0.0073038049487582262 -0.028867210405922893 -0.51701447270305989
leaf_weight=2462773 2777 3914 3315 25137 7728 7054 252841 24976 21030 72725 2619 2995 134955 2500
leaf_count=2462773 2777 3914 3315 25137 7728 7054 252841 24976 21030 72725 2619 2995 134955 2500
internal_value=9.4527e-07 0.0123928 0.0751947 0.0562947 0.178125 0.0164939 0.00681902 0.0831257 0.00231532 0.014979 0.0292827 -0.023421 -0.0368206 -0.231742
internal_weight=3.02734e+06 564566 46011 42696 10505 32191 518555 28890 489665 328185 255460 161480 140450 5495
internal_count=3027339 564566 46011 42696 10505 32191 518555 28890 489665 328185 255460 161480 140450 5495
is_linear=0
shrinkage=0.02


Tree=299
num_leaves=15
num_cat=0
split_feature=5 21 26 23 26 26 20 26 21 20 26 20 9 26
split_gain=236786 406096 667554 438696 322637 1.37071e+06 783663 620536 1.24571e+06 628825 1.49255e+06 869212 703306 620070
threshold=0.062499998137354858 10862.582031250002 11025.910644531252 11023.990722656252 10755.825683593752 10729.708007812502 10804.545898437502 10866.337890625002 10878.187011718752 10911.979003906252 10889.278320312502 10939.573730468752 0.47709186375141149 10975.686035156252
decision_type=2 2 2 2 2 2 2 2 2 2 2 2 2 2
left_child=4 -2 -3 -4 5 -1 -6 8 -8 12 11 -11 13 -9
right_child=1 2 3 -5 6 -7 7 9 -10 10 -12 -13 -14 -15
leaf_value=0.0088642894245760506 -0.045442780501358478 0.11596989362126311 -0.14221958133816534 0.023216265526727717 -0.063045273493515422 0.2401598477547221 0.027604032930236101 -0.056602763141063751 0.291018643327633 0.068213785329144724 -0.0009688705861102938 0.62549915741754059 0.042301431413759555 -0.24531414374772278
leaf_weight=108126 29247 32582 6812 106571 83688 11312 68112 91534 8018 2116 2441167 2374 28150 7530
leaf_count=108126 29247 32582 6812 106571 83688 11312 68112 91534 8018 2116 2441167 2374 28150 7530
internal_value=9.71568e-07 0.0225676 0.0361972 0.0132651 -0.00138541 0.0307888 -0.00279177 -0.000887983 0.0553817 -0.00255319 -0.00029805 0.363607 -0.0459041 -0.0709705
internal_weight=3.02734e+06 175212 145965 113383 2.85213e+06 119438 2.73269e+06 2.649e+06 76130 2.57287e+06 2.44566e+06 4490 127214 99064
internal_count=3027339 175212 145965 113383 2852127 119438 2732689 2649001 76130 2572871 2445657 4490 127214 99064
is_linear=0
shrinkage=0.02


end of trees

feature_importances:
Column_7=644
Column_27=510
Column_26=462
Column_19=305
Column_9=299
Column_4=291
Column_20=283
Column_8=236
Column_21=207
Column_24=193
Column_23=186
Column_22=153
Column_0=152
Column_25=91
Column_5=85
Column_17=49
Column_6=31
Column_1=7
Column_13=6
Column_3=5
Column_16=4
Column_14=1

parameters:
[boosting: gbdt]
[objective: regression]
[metric: l2]
[tree_learner: serial]
[device_type: cpu]
[data_sample_strategy: bagging]
[data: ]
[valid: ]
[num_iterations: 300]
[learning_rate: 0.02]
[num_leaves: 15]
[num_threads: 4]
[seed: 1]
[deterministic: 0]
[force_col_wise: 0]
[force_row_wise: 0]
[histogram_pool_size: -1]
[max_depth: -1]
[min_data_in_leaf: 200]
[min_sum_hessian_in_leaf: 0.001]
[bagging_fraction: 0.7]
[pos_bagging_fraction: 1]
[neg_bagging_fraction: 1]
[bagging_freq: 0]
[bagging_seed: 18467]
[bagging_by_query: 0]
[feature_fraction: 0.6]
[feature_fraction_bynode: 1]
[feature_fraction_seed: 26500]
[extra_trees: 0]
[extra_seed: 15724]
[early_stopping_round: 0]
[early_stopping_min_delta: 0]
[first_metric_only: 0]
[max_delta_step: 0]
[lambda_l1: 1]
[lambda_l2: 10]
[linear_lambda: 0]
[min_gain_to_split: 0]
[drop_rate: 0.1]
[max_drop: 50]
[skip_drop: 0.5]
[xgboost_dart_mode: 0]
[uniform_drop: 0]
[drop_seed: 6334]
[top_rate: 0.2]
[other_rate: 0.1]
[min_data_per_group: 100]
[max_cat_threshold: 32]
[cat_l2: 10]
[cat_smooth: 10]
[max_cat_to_onehot: 4]
[top_k: 20]
[monotone_constraints: ]
[monotone_constraints_method: basic]
[monotone_penalty: 0]
[feature_contri: ]
[forcedsplits_filename: ]
[refit_decay_rate: 0.9]
[cegb_tradeoff: 1]
[cegb_penalty_split: 0]
[cegb_penalty_feature_lazy: ]
[cegb_penalty_feature_coupled: ]
[path_smooth: 0]
[interaction_constraints: ]
[verbosity: -1]
[saved_feature_importance_type: 0]
[use_quantized_grad: 0]
[num_grad_quant_bins: 4]
[quant_train_renew_leaf: 0]
[stochastic_rounding: 1]
[linear_tree: 0]
[max_bin: 255]
[max_bin_by_feature: ]
[min_data_in_bin: 3]
[bin_construct_sample_cnt: 200000]
[data_random_seed: 41]
[is_enable_sparse: 1]
[enable_bundle: 1]
[use_missing: 1]
[zero_as_missing: 0]
[feature_pre_filter: 1]
[pre_partition: 0]
[two_round: 0]
[header: 0]
[label_column: ]
[weight_column: ]
[group_column: ]
[ignore_column: ]
[categorical_feature: ]
[forcedbins_filename: ]
[precise_float_parser: 0]
[parser_config_file: ]
[objective_seed: 19169]
[num_class: 1]
[is_unbalance: 0]
[scale_pos_weight: 1]
[sigmoid: 1]
[boost_from_average: 1]
[reg_sqrt: 0]
[alpha: 0.9]
[fair_c: 1]
[poisson_max_delta_step: 0.7]
[tweedie_variance_power: 1.5]
[lambdarank_truncation_level: 30]
[lambdarank_norm: 1]
[label_gain: ]
[lambdarank_position_bias_regularization: 0]
[eval_at: ]
[multi_error_top_k: 1]
[auc_mu_weights: ]
[num_machines: 1]
[local_listen_port: 12400]
[time_out: 120]
[machine_list_filename: ]
[machines: ]
[gpu_platform_id: -1]
[gpu_device_id: -1]
[gpu_use_dp: 0]
[num_gpu: 1]

end of parameters

pandas_categorical:null
