tree
version=v4
num_class=1
num_tree_per_iteration=1
label_index=0
max_feature_idx=25
objective=regression
feature_names=Column_0 Column_1 Column_2 Column_3 Column_4 Column_5 Column_6 Column_7 Column_8 Column_9 Column_10 Column_11 Column_12 Column_13 Column_14 Column_15 Column_16 Column_17 Column_18 Column_19 Column_20 Column_21 Column_22 Column_23 Column_24 Column_25
feature_infos=[1:10052] [18.185798645019531:412.73834228515625] [-41.611492156982422:81.951675415039062] [0.037816543132066727:166.40003967285156] [-343.16000366210938:427.14999389648438] [-0.50499999523162842:0.1550000011920929] [17.887903213500977:404.357666015625] [10036.041015625:12872.6748046875] [-1:1] [-0.99998748302459717:0.97302103042602539] [-25:25] [0:0.99539655447006226] [0:0.5947575569152832] [-25:25] [0.0057589183561503887:0.98378872871398926] [1.6700225387467071e-05:0.68222999572753906] [-25:25] [-0.19992873072624207:0.92388689517974854] [1.0807593753270339e-05:0.80609709024429321] [10028.05078125:14499.4775390625] [10043.07421875:13163.0234375] [10032.830078125:12979.2783203125] [10018.58984375:12981.0458984375] [10018.1416015625:12962.9111328125] [10024.619140625:12944.4013671875] [7.0014942821217119e-07:0.26691716909408569]
tree_sizes=1579 1653 1660 1653 1638 1638 1653 1666 1633 1658 1678 1629 1640 1642 1644 1643 1653 1619 1638 1646 1639 1640 1634 1638 1644 1643 1642 1661 1658 1675 1648 1661 1659 1657 1636 1669 1669 1650 1644 1671 1645 1648 1641 1634 1646 1669 1663 1647 1641 1643 1667 1649 1617 1645 1644 1635 1629 1648 1641 1638 1616 1633 1629 1645 1653 1639 1621 1646 1627 1631 1654 1614 1657 1648 1623 1601 1623 1639 1623 1659 1679 1625 1619 1633 1625 1640 1574 1610 1644 1672 1624 1576 1569 1675 1654 1561 1651 1642 1595 1630 1591 1658 1616 1664 1587 1611 1671 1670 1610 1581 1617 1581 1572 1620 1619 1627 1649 1596 1603 1589 1591 1629 1610 1569 1596 1622 1630 1656 1607 1636 1642 1549 1623 1586 1608 1644 1639 1562 1609 1587 1583 1631 1589 1551 1631 1652 1642 1572 1554 1590 1657 1651 1628 1627 1615 1671 1578 1633 1625 1593 1571 1593 1632 1555 1635 1621 1595 1624 1591 1617 1556 1581 1617 1620 1612 1641 1601 1618 1623 1568 1653 1614 1530 1651 1624 1590 1598 1565 1618 1605 1650 1560 1617 1559 1562 1553 1586 1553 1576 1647 1539 1630 1654 1629 1582 1578 1585 1570 1508 1601 1598 1617 1592 1619 1565 1600 1586 1543 1543 1614 1593 1620 1600 1563 1546 1588 1535 1612 1642 1587 1582 1614 1548 1602 1630 1608 1626 1541 1582 1605 1583 1569 1617 1541 1544 1607 1561 1632 1563 1579 1585 1557 1625 1540 1645 1561 1608 1551 1562 1497 1617 1602 1610 1607 1518 1605 1632 1567 1607 1599 1561 1528 1547 1614 1594 1619 1558 1567 1629 1562 1619 1539 1533 1633 1577 1549 1499 1545 1580 1581 1591 1610 1531 1551 1577 1594 1586 1607 1600 1565

Tree=0
num_leaves=15
num_cat=0
split_feature=8 22 19 25 1 24 9 20 20 8 8 9 8 22
split_gain=2.02869e+07 7.14125e+06 4.77983e+06 6.60128e+06 3.21655e+06 2.8505e+06 2.08448e+06 2.03224e+06 2.02045e+06 1.95998e+06 1.84974e+06 1.89337e+06 1.63691e+06 1.59862e+06
threshold=0.4720101952552796 12223.207519531252 12378.698730468752 0.076041750609874739 57.101121902465827 12729.683105468752 0.59396660327911388 12866.601562500002 10741.534667968752 -0.95844322443008412 0.68684327602386486 0.14527853578329089 -0.86513796448707569 12363.823730468752
decision_type=2 2 2 2 2 2 2 2 2 2 2 2 2 2
left_child=1 6 3 5 -5 12 -1 -4 -2 -6 -10 -12 13 -3
right_child=8 2 7 4 9 -7 -8 -9 10 -11 11 -13 -14 -15
leaf_value=1.196337659647585 1.3807447626770795 1.5790748535788695 1.2125356957611828 1.3724328835133537 1.490470551359417 1.7271541357431326 1.1409979761828581 1.6397216245914419 1.389664281619639 2.5035369412334703 1.2855630010804371 1.1093030866979785 1.2412002190409965 1.1791842401486088
leaf_weight=516116 97973 13985 141813 2180 962 7580 576308 4589 67536 3807 1524218 24764 39463 5594
leaf_count=516116 97973 13985 141813 2180 962 7580 576308 4589 67536 3807 1524218 24764 39463 5594
internal_value=1.24726 1.18808 1.29204 1.42355 2.00969 1.3623 1.16714 1.22595 1.29256 2.30012 1.28721 1.28274 1.31539 1.46484
internal_weight=3.02689e+06 1.3124e+06 219973 73571 6949 66622 1.09242e+06 146402 1.71449e+06 4769 1.61652e+06 1.54898e+06 59042 19579
internal_count=3026888 1312397 219973 73571 6949 66622 1092424 146402 1714491 4769 1616518 1548982 59042 19579
is_linear=0
shrinkage=1


Tree=1
num_leaves=15
num_cat=0
split_feature=8 22 4 20 4 0 0 20 20 9 8 20 20 4
split_gain=1.94834e+07 6.85874e+06 5.78839e+06 9.12772e+06 2.91624e+06 2.78136e+06 2.66224e+06 2.60739e+06 2.46547e+06 2.16346e+06 2.03096e+06 3.51242e+06 2.61676e+06 2.71011e+06
threshold=0.4720101952552796 12223.207519531252 -170.92499542236325 12355.698730468752 -60.585000991821282 2547.5000000000005 1244.5000000000002 10726.558593750002 12866.601562500002 0.93001860380172741 -0.86513796448707569 12763.735351562502 12610.103027343752 -65.354999542236314
decision_type=2 2 2 2 2 2 2 2 2 2 2 2 2 2
left_child=1 5 3 -3 -2 9 -6 -8 10 -1 12 -12 13 -4
right_child=4 2 8 -5 6 -7 7 -9 -10 -11 11 -13 -14 -15
leaf_value=-0.04430094995165379 0.87356820674213109 1.0433736331512597 0.33138467109655678 0.10855940761992104 0.0005338405068533342 -0.1118342249656499 0.17709901365640893 0.05118869930971183 0.38067179404061535 -0.46446634552813876 -0.11356514146443641 0.17737302134626695 -0.064657033902678379 0.031132786659545626
leaf_weight=564867 1685 5670 21767 15811 430409 522622 69553 1212844 6922 4935 89337 20376 33233 26857
leaf_count=564867 1685 5670 21767 15811 430409 522622 69553 1212844 6922 4935 89337 20376 33233 26857
internal_value=1.73829e-07 -0.0579957 0.0438925 0.355679 0.0443945 -0.0785123 0.0435737 0.058019 0.0101343 -0.0479481 -0.00327343 -0.0595204 0.0721123 0.165584
internal_weight=3.02689e+06 1.3124e+06 219973 21481 1.71449e+06 1.09242e+06 1.71281e+06 1.2824e+06 198492 569802 191570 109713 81857 48624
internal_count=3026888 1312397 219973 21481 1714491 1092424 1712806 1282397 198492 569802 191570 109713 81857 48624
is_linear=0
shrinkage=0.02


Tree=2
num_leaves=15
num_cat=0
split_feature=8 23 4 20 4 0 0 20 20 20 25 9 9 8
split_gain=1.87118e+07 6.38347e+06 5.63166e+06 8.68032e+06 2.80357e+06 2.61563e+06 2.56048e+06 2.51768e+06 2.48018e+06 2.39205e+06 2.27383e+06 2.08742e+06 1.93039e+06 1.83637e+06
threshold=0.4720101952552796 12223.274902343752 -170.92499542236325 12355.698730468752 -62.145000457763665 2566.5000000000005 1206.5000000000002 12225.855468750002 10741.534667968752 12866.601562500002 0.058999707922339446 0.93001860380172741 0.14527853578329089 -0.86513796448707569
decision_type=2 2 2 2 2 2 2 2 2 2 2 2 2 2
left_child=1 5 3 10 -2 11 -6 -7 -8 13 -3 -1 -10 -4
right_child=4 2 9 -5 6 7 8 -9 12 -11 -12 -13 -14 -15
leaf_value=-0.043635257350922531 0.88005474910223813 0.28011693776735924 0.066711788854963122 0.10638959393541227 -0.00036398482457698723 -0.11069689796492681 0.16454633370089178 1.1739704214492523 0.053023686091475564 0.37306933275129445 1.2304584433002661 -0.45477607446144602 -0.13109073853758493 -0.058474796004004896
leaf_weight=568692 1591 1312 81683 15811 417261 518027 79883 601 1192543 6922 4426 4973 23213 109950
leaf_count=568692 1591 1312 81683 15811 417261 518027 79883 601 1192543 6922 4426 4973 23213 109950
internal_value=3.28784e-07 -0.0568356 0.041424 0.348433 0.0435068 -0.0766357 0.0427246 -0.109186 0.0566012 0.00808861 1.01403 -0.0472073 0.0495072 -0.00511358
internal_weight=3.02689e+06 1.3124e+06 220104 21549 1.71449e+06 1.09229e+06 1.7129e+06 518628 1.29564e+06 198555 5738 573665 1.21576e+06 191633
internal_count=3026888 1312397 220104 21549 1714491 1092293 1712900 518628 1295639 198555 5738 573665 1215756 191633
is_linear=0
shrinkage=0.02


Tree=3
num_leaves=15
num_cat=0
split_feature=20 7 19 20 7 24 25 7 19 22 7 7 22 7
split_gain=4.34249e+06 3.46241e+06 3.48828e+06 3.26638e+06 1.41285e+07 6.20653e+06 3.97365e+06 2.99565e+06 6.33835e+06 5.4825e+06 6.62062e+06 5.19554e+06 3.54241e+06 2.31094e+06
threshold=12866.601562500002 10686.754882812502 10656.072753906252 12184.038085937502 12202.615234375002 12254.168945312502 0.042226605117321021 11187.069824218752 11203.158691406252 10992.567382812502 11033.247558593752 11208.335937500002 11292.692382812502 10076.930175781252
decision_type=2 2 2 2 2 2 2 2 2 2 2 2 2 2
left_child=1 2 13 7 5 -5 -7 9 11 10 -3 -9 -11 -1
right_child=-2 3 -4 4 -6 6 -8 8 -10 12 -12 -13 -14 -15
leaf_value=0.16899941473617447 0.37576455147224752 -0.018507003104808399 0.26463235113611389 0.24645318988436607 0.0011731904796004565 0.066875249306802803 1.1801463466646613 -0.074881734767904815 -0.016438326465939561 0.078825133856283258 -0.49552181127710448 -0.29724167127472972 -0.29031661597000902 -0.084783221970628098
leaf_weight=24371 12242 552347 38231 60255 502477 1736 4913 155633 1177828 381834 11879 57579 10680 34883
leaf_count=24371 12242 552347 38231 60255 502477 1736 4913 155633 1177828 381834 11879 57579 10680 34883
internal_value=5.55068e-07 -0.0015266 0.115717 -0.00544501 0.037529 0.310535 0.89002 -0.0158672 -0.0346029 0.0113735 -0.0285585 -0.134942 0.0687739 0.0196074
internal_weight=3.02689e+06 3.01465e+06 97485 2.91716e+06 569381 66904 6649 2.34778e+06 1.39104e+06 956740 564226 213212 392514 59254
internal_count=3026888 3014646 97485 2917161 569381 66904 6649 2347780 1391040 956740 564226 213212 392514 59254
is_linear=0
shrinkage=0.02


Tree=4
num_leaves=15
num_cat=0
split_feature=8 23 7 7 24 23 7 24 24 7 20 20 7 0
split_gain=1.78912e+07 6.00489e+06 1.76596e+07 4.48485e+06 3.61413e+06 3.40199e+06 7.47674e+06 1.03593e+07 3.64914e+06 3.63042e+06 5.14173e+06 2.53943e+06 3.16998e+06 2.48375e+06
threshold=0.4720101952552796 12223.274902343752 12205.328613281252 11187.069824218752 11203.545410156252 11350.829589843752 11412.109375000002 11449.000488281252 11399.250000000002 11366.788574218752 11398.597656250002 12763.735351562502 12533.847656250002 2547.5000000000005
decision_type=2 2 2 2 2 2 2 2 2 2 2 2 2 2
left_child=1 13 -3 4 -2 -5 7 9 -8 10 -7 12 -4 -1
right_child=3 2 11 5 -6 6 8 -9 -10 -11 -12 -13 -14 -15
leaf_value=-0.045883311906874225 0.078558340773477314 0.94260949479485445 0.045335803919731354 -0.0480849690760103 0.40680884775663972 0.19831207313052074 -0.65810850705997026 1.1581767017209228 0.022148395673053968 0.041793226288246159 0.84910920232300202 0.14001811036424167 -0.12977139549506223 -0.10625749215489022
leaf_weight=569523 599137 8327 94698 240519 13715 22003 3157 4535 787713 37487 6225 43684 73395 522770
leaf_count=569523 599137 8327 94698 240519 13715 22003 3157 4535 787713 37487 6225 43684 73395 522770
internal_value=6.17491e-07 -0.055575 0.0397262 0.0425424 0.0859108 0.0184155 0.0369901 0.23471 0.0194246 0.170815 0.34208 0.00418225 -0.0311249 -0.074779
internal_weight=3.02689e+06 1.3124e+06 220104 1.71449e+06 612852 1.10164e+06 861120 70250 790870 65715 28228 211777 168093 1.09229e+06
internal_count=3026888 1312397 220104 1714491 612852 1101639 861120 70250 790870 65715 28228 211777 168093 1092293
is_linear=0
shrinkage=0.02


Tree=5
num_leaves=15
num_cat=0
split_feature=4 22 7 7 22 22 7 22 7 20 0 7 24 20
split_gain=1.62417e+07 5.77132e+06 1.68626e+07 3.80699e+06 3.56025e+06 3.48602e+06 6.81391e+06 1.00669e+07 3.39858e+06 5.08065e+06 2.77085e+06 2.66422e+06 2.91874e+06 2.45636e+06
threshold=4.0750000476837167 12223.207519531252 12205.328613281252 11187.069824218752 11175.696777343752 11349.734863281252 11412.109375000002 11449.756347656252 11366.788574218752 11398.597656250002 2585.5000000000005 10682.054199218752 10652.731933593752 11414.497070312502
decision_type=2 2 2 2 2 2 2 2 2 2 2 2 2 2
left_child=1 10 -3 4 11 -5 7 8 9 -7 -1 12 -2 -8
right_child=3 2 -4 5 -6 6 13 -9 -10 -11 -12 -13 -14 -15
leaf_value=-0.041412761774624995 0.076645004787876572 0.89271698393703136 0.0056172331891324355 -0.050597391536059473 0.23163577066688537 0.18841884365169168 -0.42619703049805069 1.1488615866293743 0.038606855960358989 0.8321542480615205 -0.10433737254076648 0.050018958383411354 0.35251455080296301 0.023565751679634796
leaf_weight=618823 38113 8906 221618 225076 57779 23023 4878 4414 37833 6225 511145 472317 25674 771064
leaf_count=618823 38113 8906 221618 225076 57779 23023 4878 4414 37833 6225 511145 472317 25674 771064
internal_value=7.9672e-07 -0.0512721 0.0399265 0.0418614 0.082485 0.0193664 0.0379489 0.224767 0.163798 0.325667 -0.0698776 0.0664061 0.18772 0.0207328
internal_weight=3.02689e+06 1.36049e+06 230524 1.6664e+06 593883 1.07251e+06 847437 71495 67081 29248 1.12997e+06 536104 63787 775942
internal_count=3026888 1360492 230524 1666396 593883 1072513 847437 71495 67081 29248 1129968 536104 63787 775942
is_linear=0
shrinkage=0.02


Tree=6
num_leaves=15
num_cat=0
split_feature=4 22 7 7 19 24 7 20 7 19 19 7 19 7
split_gain=1.55986e+07 5.54286e+06 1.61956e+07 3.65622e+06 4.21333e+06 3.44564e+06 2.59652e+06 2.44788e+06 2.18961e+06 3.55207e+06 2.81632e+06 2.07119e+06 1.00933e+07 6.26887e+06
threshold=4.0750000476837167 12223.207519531252 12205.328613281252 11187.069824218752 11204.702636718752 11203.545410156252 11206.626464843752 12866.601562500002 10682.054199218752 10963.340332031252 10656.072753906252 11436.903808593752 11451.205566406252 11511.719238281252
decision_type=2 2 2 2 2 2 2 2 2 2 2 2 2 2
left_child=1 -1 -3 5 6 8 -5 -4 10 -10 -2 12 -6 -13
right_child=3 2 7 4 11 -7 -8 -9 9 -11 -12 13 -14 -15
leaf_value=-0.068480094447856937 0.074730386190902942 0.87488263846754044 -0.0068456306370482597 -0.024440371002712635 0.057529819492678227 0.39404928107653525 -0.22395271598100019 0.36321117091435567 0.0087816901430161076 0.11373315815378536 0.34565445735132821 -0.18769607054248499 0.71983791317793067 0.033210794146300793
leaf_weight=1129968 38077 8906 214231 72280 208120 13715 40825 7387 265533 250848 25710 55534 9620 686134
leaf_count=1129968 38077 8906 214231 72280 208120 13715 40825 7387 265533 250848 25710 55534 9620 686134
internal_value=9.94203e-07 -0.0502465 0.0391288 0.0410245 0.0189794 0.0808356 -0.0964675 0.00550489 0.0734246 0.0597664 0.183966 0.0325903 0.0868231 0.0166676
internal_weight=3.02689e+06 1.36049e+06 230524 1.6664e+06 1.07251e+06 593883 113105 221618 580168 516381 63787 959408 217740 741668
internal_count=3026888 1360492 230524 1666396 1072513 593883 113105 221618 580168 516381 63787 959408 217740 741668
is_linear=0
shrinkage=0.02


Tree=7
num_leaves=15
num_cat=0
split_feature=8 22 4 19 19 4 4 0 0 20 19 19 9 4
split_gain=1.59398e+07 5.51535e+06 4.87574e+06 7.3008e+06 2.84882e+06 3.7269e+06 2.71685e+06 2.35618e+06 2.33653e+06 2.19395e+06 2.26912e+06 2.0517e+06 1.97611e+06 1.89061e+06
threshold=0.4720101952552796 12223.207519531252 -170.92499542236325 12378.698730468752 12241.645996093752 -30.894999504089352 -60.585000991821282 1304.5000000000002 2509.5000000000005 10726.558593750002 12781.932128906252 12721.138183593752 0.93001860380172741 241.00000000000003
decision_type=2 2 2 2 2 2 2 2 2 2 2 2 2 2
left_child=1 8 3 -3 5 -4 -2 -8 12 -9 11 -11 -1 -12
right_child=6 2 4 -5 -6 -7 7 9 -10 10 13 -13 -14 -15
leaf_value=-0.03890085103155818 0.84048179401408407 0.94010045120665719 0.34460468756931228 0.10404890807190413 -0.02625563127289882 -0.087216949517448336 0.00013730285866520402 0.16332630107588514 -0.10093400212222844 0.048598754674180872 0.31416905170718651 -0.089377243619673141 -0.44358160379743844 -0.29778976000221524
leaf_weight=556636 1685 5670 20446 15811 164928 13118 451169 68653 530929 1126602 19320 44815 4859 2247
leaf_count=556636 1685 5670 20446 15811 164928 13118 451169 68653 530929 1126602 19320 44815 4859 2247
internal_value=1.13861e-06 -0.0524563 0.0389104 0.325064 0.00792767 0.175857 0.040156 0.0393637 -0.0708543 0.0533912 0.0470634 0.0433195 -0.0424107 0.250302
internal_weight=3.02689e+06 1.3124e+06 219973 21481 198492 33564 1.71449e+06 1.71281e+06 1.09242e+06 1.26164e+06 1.19298e+06 1.17142e+06 561495 21567
internal_count=3026888 1312397 219973 21481 198492 33564 1714491 1712806 1092424 1261637 1192984 1171417 561495 21567
is_linear=0
shrinkage=0.02


Tree=8
num_leaves=15
num_cat=0
split_feature=9 23 7 19 7 9 7 21 7 4 9 4 25 23
split_gain=1.46533e+07 8.23015e+06 3.68239e+06 6.0276e+06 5.21798e+06 7.7059e+06 4.36939e+06 4.25844e+06 7.01895e+06 9.43473e+06 3.71864e+06 3.25097e+06 2.94435e+06 2.5477e+06
threshold=0.52661553025245678 12740.406250000002 11187.069824218752 10991.822753906252 10871.677246093752 -0.15017700195312497 11062.605957031252 12159.165039062502 12205.328613281252 -107.38499832153319 0.24782752245664599 215.84500122070315 0.10288297757506372 11216.504882812502
decision_type=2 2 2 2 2 2 2 2 2 2 2 2 2 2
left_child=2 -2 3 4 -1 6 11 -4 9 -9 13 -6 -13 -5
right_child=1 -3 7 10 5 -7 -8 8 -10 -11 -12 12 -14 -15
leaf_value=0.085148687432563874 -0.087637528007064272 0.33409481376917732 -0.013529348678550173 0.12211979522884982 0.0023135482481784963 -0.23668854209680198 -0.96803825680550692 0.87987905658711651 0.019838343178538689 0.15270550796513097 0.7576557522316838 0.40112570331545094 -0.24324158873941831 0.50672733293874583
leaf_weight=241950 727522 18983 1097507 233508 140538 62818 1745 7771 378425 86343 3870 15346 3472 7090
leaf_count=241950 727522 18983 1097507 233508 140538 62818 1745 7771 378425 86343 3870 15346 3472 7090
internal_value=1.22621e-06 -0.0769089 0.0251787 0.062963 0.0207583 -0.0488177 0.0244487 0.00808364 0.0582807 0.212836 0.143386 0.035377 0.28217 0.133474
internal_weight=3.02689e+06 746505 2.28038e+06 710337 465869 223919 161101 1.57005e+06 472539 94114 244468 159356 18818 240598
internal_count=3026888 746505 2280383 710337 465869 223919 161101 1570046 472539 94114 244468 159356 18818 240598
is_linear=0
shrinkage=0.02


Tree=9
num_leaves=15
num_cat=0
split_feature=4 22 4 19 19 4 0 0 19 19 4 25 22 24
split_gain=1.39416e+07 4.95998e+06 4.58256e+06 6.7721e+06 2.78255e+06 3.369e+06 2.54391e+06 2.04192e+06 2.10931e+06 2.11879e+06 1.92904e+06 1.72882e+06 1.64452e+06 1.38233e+06
threshold=4.0750000476837167 12223.207519531252 -170.92499542236325 12378.698730468752 12241.645996093752 -30.894999504089352 2604.5000000000005 1363.5000000000002 12781.932128906252 12721.138183593752 241.00000000000003 0.058999707922339446 10703.887207031252 12209.035644531252
decision_type=2 2 2 2 2 2 2 2 2 2 2 2 2 2
left_child=1 6 3 11 5 -4 -1 -2 9 12 -10 -3 -9 -8
right_child=7 2 4 -5 -6 -7 13 8 10 -11 -12 -13 -14 -15
leaf_value=-0.037673785741286214 0.00051430871880220981 0.24630812900488458 0.33531058401461056 0.10228284724606944 -0.02318641739711166 -0.080057595344385044 -0.095086965395979939 0.15546035843244657 0.32977432037422721 -0.087871941027167555 -0.29225534373461065 1.0923541605289828 0.047941327223881364 -0.47139113205732308
leaf_weight=622888 417837 1244 20446 15811 175967 12630 503154 59926 17246 44048 2247 4426 1125092 3926
leaf_count=622888 417837 1244 20446 15811 175967 12630 503154 59926 17246 44048 2247 4426 1125092 3926
internal_value=1.3153e-06 -0.0475023 0.0370431 0.315146 0.00845178 0.176726 -0.0647506 0.0387847 0.0515919 0.0483169 0.257958 0.907495 0.0533798 -0.0980097
internal_weight=3.02689e+06 1.36049e+06 230524 21481 209043 33076 1.12997e+06 1.6664e+06 1.24856e+06 1.22907e+06 19493 5670 1.18502e+06 507080
internal_count=3026888 1360492 230524 21481 209043 33076 1129968 1666396 1248559 1229066 19493 5670 1185018 507080
is_linear=0
shrinkage=0.02


Tree=10
num_leaves=15
num_cat=0
split_feature=8 22 4 19 4 19 4 0 0 19 19 9 9 8
split_gain=1.42812e+07 4.9402e+06 4.40655e+06 6.50468e+06 2.64057e+06 2.59313e+06 3.39362e+06 2.16328e+06 2.15013e+06 2.01694e+06 2.13705e+06 1.92605e+06 1.85523e+06 1.78751e+06
threshold=0.4720101952552796 12223.207519531252 -170.92499542236325 12378.698730468752 -60.585000991821282 12241.645996093752 -30.894999504089352 1187.5000000000002 2432.5000000000005 12781.932128906252 12721.138183593752 0.11973537877202035 0.93001860380172741 -0.86513796448707569
decision_type=2 2 2 2 2 2 2 2 2 2 2 2 2 2
left_child=1 8 3 -3 -2 6 -4 -6 12 10 11 -9 -1 -7
right_child=4 2 5 -5 7 13 -8 9 -10 -11 -12 -13 -14 -15
leaf_value=-0.035473462879588975 0.82701879486715779 0.88939262116123263 0.32860764880870846 0.10023848140030735 -0.0027937243927765561 0.04580794142566344 -0.083453603299273149 0.055117091416001171 -0.095042055565570729 0.23902085288158609 -0.086904205634181636 -0.1248905275821434 -0.43392948738534115 -0.086252485692559153
leaf_weight=539937 1685 5670 20446 15811 410687 76189 13118 1209487 547782 22152 46236 24244 4705 88739
leaf_count=539937 1685 5670 20446 15811 410687 76189 13118 1209487 547782 22152 46236 24244 4705 88739
internal_value=1.37018e-06 -0.0496518 0.0368199 0.308857 0.0380096 0.00736565 0.167582 0.0372285 -0.0670641 0.0498515 0.0465757 0.0515788 -0.0389235 -0.0252476
internal_weight=3.02689e+06 1.3124e+06 219973 21481 1.71449e+06 198492 33564 1.71281e+06 1.09242e+06 1.30212e+06 1.27997e+06 1.23373e+06 544642 164928
internal_count=3026888 1312397 219973 21481 1714491 198492 33564 1712806 1092424 1302119 1279967 1233731 544642 164928
is_linear=0
shrinkage=0.02


Tree=11
num_leaves=15
num_cat=0
split_feature=8 20 7 7 24 24 7 24 7 20 7 20 4 7
split_gain=1.37156e+07 4.49767e+06 1.59207e+07 3.72998e+06 3.16093e+06 3.03783e+06 6.64691e+06 9.30945e+06 3.68968e+06 4.50306e+06 2.57555e+06 2.41955e+06 2.75125e+06 2.65884e+06
threshold=0.4720101952552796 12221.769531250002 12205.328613281252 11187.069824218752 11203.545410156252 11355.095703125002 11412.109375000002 11449.000488281252 11366.788574218752 11398.597656250002 11336.017089843752 12763.735351562502 -100.62499999999999 12533.847656250002
decision_type=2 2 2 2 2 2 2 2 2 2 2 2 2 2
left_child=1 -1 -3 4 -2 -5 7 8 9 10 -7 13 -13 -4
right_child=3 2 11 5 -6 6 -8 -9 -10 -11 -12 12 -14 -15
leaf_value=-0.065041406728672785 0.069924143446332659 0.85644291556338992 0.036982397816516917 -0.048253518582042194 0.37690427829248424 1.0280028986758329 0.016293150357071427 1.0957867562741992 0.034908489080239698 0.81200100880748738 0.13256276854555349 0.49974065584073046 0.062701896016594955 -0.12570642033011251
leaf_weight=1097512 599137 9031 88775 236616 13715 1372 796026 4535 38496 6225 18369 6820 36864 73395
leaf_count=1097512 599137 9031 88775 236616 13715 1372 796026 4535 38496 6225 18369 6820 36864 73395
internal_value=1.44374e-06 -0.0486586 0.0350145 0.0372495 0.0768001 0.0152466 0.0326166 0.220913 0.159203 0.343391 0.195286 -0.00106206 0.131032 -0.0366505
internal_weight=3.02689e+06 1.3124e+06 214885 1.71449e+06 612852 1.10164e+06 865023 68997 64462 25966 19741 205854 43684 162170
internal_count=3026888 1312397 214885 1714491 612852 1101639 865023 68997 64462 25966 19741 205854 43684 162170
is_linear=0
shrinkage=0.02


Tree=12
num_leaves=15
num_cat=0
split_feature=8 22 7 7 21 22 7 22 7 21 24 7 0 21
split_gain=1.31726e+07 4.56941e+06 1.40447e+07 3.58223e+06 3.14344e+06 3.0057e+06 6.02756e+06 9.15296e+06 3.13174e+06 4.27952e+06 2.32632e+06 2.17642e+06 2.06728e+06 2.05995e+06
threshold=0.4720101952552796 12223.207519531252 12205.328613281252 11187.069824218752 11203.669433593752 11349.734863281252 11412.109375000002 11449.756347656252 11366.788574218752 11394.635742187502 11394.214355468752 11336.017089843752 2566.5000000000005 12773.156738281252
decision_type=2 2 2 2 2 2 2 2 2 2 2 2 2 2
left_child=1 12 -3 4 -2 -5 7 8 9 11 -8 -7 -1 -4
right_child=3 2 13 5 -6 6 10 -9 -10 -11 -12 -13 -14 -15
leaf_value=-0.038280658111654216 0.068274170361963052 0.83171566098529592 -0.027207185352374725 -0.049046034283968809 0.36883256102165424 0.82491458882094792 -0.55511691764825943 1.0869635246977023 0.031896161173061953 0.73559105345725129 0.018013996645268902 0.11220683639925903 -0.093378226724817867 0.13068153595395915
leaf_weight=573944 598611 8508 170472 231830 14241 1857 2833 4414 39538 7000 793193 20974 518480 40993
leaf_count=573944 598611 8508 170472 231830 14241 1857 2833 4414 39538 7000 793193 20974 518480 40993
internal_value=1.73256e-06 -0.0476853 0.035478 0.0365049 0.0752643 0.0149422 0.0319974 0.204916 0.148642 0.303314 0.0159673 0.170513 -0.0644314 0.00340456
internal_weight=3.02689e+06 1.3124e+06 219973 1.71449e+06 612852 1.10164e+06 869809 73783 69369 29831 796026 22831 1.09242e+06 211465
internal_count=3026888 1312397 219973 1714491 612852 1101639 869809 73783 69369 29831 796026 22831 1092424 211465
is_linear=0
shrinkage=0.02


Tree=13
num_leaves=15
num_cat=0
split_feature=9 24 7 19 7 9 20 7 4 7 4 9 25 20
split_gain=1.25066e+07 7.64876e+06 3.17685e+06 5.66512e+06 4.92471e+06 7.09117e+06 4.58485e+06 1.14978e+07 6.17688e+06 3.9865e+06 3.74271e+06 3.68734e+06 2.82864e+06 2.70508e+06
threshold=0.52661553025245678 12721.433593750002 11187.069824218752 10991.822753906252 10871.677246093752 0.26078417897224432 12184.038085937502 12202.615234375002 -115.26499938964842 11062.605957031252 215.84500122070315 0.24782752245664599 0.18237472325563434 10845.255859375002
decision_type=2 2 2 2 2 2 2 2 2 2 2 2 2 2
left_child=2 -2 3 4 13 9 -4 8 -8 10 -6 -5 -12 -1
right_child=1 -3 6 11 5 -7 7 -9 -10 -11 12 -13 -14 -15
leaf_value=0.051535777720209008 -0.081946783287218161 0.30508326732490665 -0.014048550040207115 0.12645477698460372 -0.025307473670064771 -0.32903480894121034 0.84085668213770415 0.022059175907571053 0.24127798106083506 -0.95358545592435751 0.3717087447111303 0.74799983746884025 -0.32857057931339995 0.23714409520953933
leaf_weight=204862 725498 21007 1126895 240598 172004 31352 7942 384415 50794 1745 16134 3870 2684 37088
leaf_count=204862 725498 21007 1126895 240598 172004 31352 7942 384415 50794 1745 16134 3870 2684 37088
internal_value=1.92581e-06 -0.0710516 0.0232622 0.0583571 0.0174412 -0.0501512 0.00738389 0.0618839 0.32248 -0.00473112 0.00399523 0.136324 0.271706 0.079996
internal_weight=3.02689e+06 746505 2.28038e+06 710337 465869 223919 1.57005e+06 443151 58736 192567 190822 244468 18818 241950
internal_count=3026888 746505 2280383 710337 465869 223919 1570046 443151 58736 192567 190822 244468 18818 241950
is_linear=0
shrinkage=0.02


Tree=14
num_leaves=15
num_cat=0
split_feature=4 24 7 7 19 0 25 19 4 7 19 19 7 0
split_gain=1.15146e+07 3.73964e+06 1.11704e+07 2.96281e+06 2.70642e+06 2.15079e+06 1.89126e+06 1.85976e+06 2.35271e+06 1.83454e+06 1.69775e+06 2.07026e+06 1.94857e+06 1.6158e+06
threshold=4.0750000476837167 12219.573730468752 12205.328613281252 10682.054199218752 10656.072753906252 2624.5000000000005 0.057089405134320266 12208.181640625002 -30.894999504089352 12732.325683593752 12781.932128906252 12721.138183593752 12769.967773437502 7394.5000000000009
decision_type=2 2 2 2 2 2 2 2 2 2 2 2 2 2
left_child=1 5 6 4 -2 -1 -3 8 9 -4 11 13 -12 -5
right_child=3 2 7 10 -6 -7 -8 -9 -10 -11 12 -13 -14 -15
leaf_value=-0.033413849779926126 0.061829964838638153 0.42999669130508877 0.17704865105456866 0.033257501636375683 0.3274108518813002 -0.088930980620702316 1.0058383048514763 -0.016574320152929489 -0.11587826587550623 0.67711104732759297 0.37011569889061735 -0.088613547732109638 0.022250903877943068 -0.26548344799975632
leaf_weight=626605 38077 4662 9149 1510250 25710 503374 4508 200961 6915 4318 12492 59311 13289 7267
leaf_count=626605 38077 4662 9149 1510250 25710 503374 4508 200961 6915 4318 12492 59311 13289 7267
internal_value=1.9669e-06 -0.0431694 0.0302445 0.0352483 0.16891 -0.0581458 0.713872 0.00189151 0.183879 0.337771 0.0299273 0.0272944 0.190885 0.0318252
internal_weight=3.02689e+06 1.36049e+06 230513 1.6664e+06 63787 1.12998e+06 9170 221343 20382 13467 1.60261e+06 1.57683e+06 25781 1.51752e+06
internal_count=3026888 1360492 230513 1666396 63787 1129979 9170 221343 20382 13467 1602609 1576828 25781 1517517
is_linear=0
shrinkage=0.02


Tree=15
num_leaves=15
num_cat=0
split_feature=9 24 7 19 7 9 24 7 4 7 4 9 25 19
split_gain=1.16913e+07 7.21046e+06 3.0071e+06 5.45158e+06 4.66792e+06 6.73804e+06 3.8498e+06 9.31004e+06 5.08345e+06 3.83171e+06 3.61593e+06 3.56242e+06 2.59845e+06 2.34383e+06
threshold=0.52661553025245678 12721.433593750002 11187.069824218752 10991.822753906252 10871.677246093752 0.26078417897224432 12181.016601562502 12202.615234375002 -175.62499999999997 11062.605957031252 209.61499786376956 0.24782752245664599 0.10288297757506372 10852.455078125002
decision_type=2 2 2 2 2 2 2 2 2 2 2 2 2 2
left_child=2 -2 3 4 13 9 -4 8 -8 10 -6 -5 -12 -1
right_child=1 -3 6 11 5 -7 7 -9 -10 -11 12 -13 -14 -15
leaf_value=0.055624528608557523 -0.079274852475736429 0.2965024474845227 -0.012461504711755981 0.12341863990057723 -0.026494621942705229 -0.32115901449418083 0.94300325610773361 0.022819874013620452 0.24433220028603353 -0.93528376032076666 0.36181668043077958 0.73434389901038299 -0.22807523589960632 0.25536498926285456
leaf_weight=215584 725498 21007 1131261 240598 170555 31352 4541 384803 49441 1745 16634 3870 3633 26366
leaf_count=215584 725498 21007 1131261 240598 170555 31352 4541 384803 49441 1745 16634 3870 3633 26366
internal_value=2.09342e-06 -0.0686964 0.0224914 0.0566359 0.0164985 -0.0493081 0.00704315 0.0573286 0.303269 -0.00503331 0.00352196 0.133119 0.256013 0.0774006
internal_weight=3.02689e+06 746505 2.28038e+06 710337 465869 223919 1.57005e+06 438785 53982 192567 190822 244468 20267 241950
internal_count=3026888 746505 2280383 710337 465869 223919 1570046 438785 53982 192567 190822 244468 20267 241950
is_linear=0
shrinkage=0.02


Tree=16
num_leaves=15
num_cat=0
split_feature=8 22 4 19 4 19 4 9 8 20 8 4 19 19
split_gain=1.14314e+07 3.97369e+06 3.77946e+06 5.14404e+06 2.57182e+06 2.25301e+06 2.99371e+06 1.64503e+06 1.63323e+06 3.21654e+06 2.11678e+06 1.47043e+06 1.42868e+06 2.12661e+06
threshold=0.4720101952552796 12223.207519531252 -170.92499542236325 12378.698730468752 -62.145000457763665 12241.645996093752 -30.894999504089352 0.59396660327911388 -0.86513796448707569 12729.361816406252 -0.9504232108592986 -102.12499999999999 12781.932128906252 12721.138183593752
decision_type=2 2 2 2 2 2 2 2 2 2 2 2 2 2
left_child=1 7 3 -3 -2 6 -4 -1 10 -10 -7 -11 13 -6
right_child=4 2 5 -5 12 8 -8 -9 9 11 -12 -13 -14 -15
leaf_value=-0.034102666707946316 0.8352324094897372 0.80133127765588352 0.30643403634072813 0.09954146511057467 0.035259735093996145 -0.03734847505596442 -0.080586232517604564 -0.083263598969550115 -0.13685571751021039 0.47367283201485927 0.18101767507341732 0.048195418783197948 0.17378602343631513 -0.084519624581676903
leaf_weight=516116 1591 5670 20446 15811 1622923 48029 13118 576308 73882 4789 28160 10068 28448 61529
leaf_count=516116 1591 5670 20446 15811 1622923 48029 13118 576308 73882 4789 28160 10068 28448 61529
internal_value=2.14655e-06 -0.0444216 0.0331314 0.285069 0.0340074 0.00585329 0.155193 -0.060038 -0.0245459 -0.0828588 0.0433741 0.185571 0.0332583 0.030884
internal_weight=3.02689e+06 1.3124e+06 219973 21481 1.71449e+06 198492 33564 1.09242e+06 164928 88739 76189 14857 1.7129e+06 1.68445e+06
internal_count=3026888 1312397 219973 21481 1714491 198492 33564 1092424 164928 88739 76189 14857 1712900 1684452
is_linear=0
shrinkage=0.02


Tree=17
num_leaves=15
num_cat=0
split_feature=9 23 9 20 9 4 4 21 19 9 9 20 22 19
split_gain=1.07914e+07 6.60907e+06 2.72458e+06 5.24156e+06 3.28478e+06 4.72288e+06 2.96708e+06 4.73851e+06 1.4503e+06 1.4217e+06 1.35016e+06 1.72197e+06 1.32212e+06 1.26756e+06
threshold=0.52661553025245678 12740.406250000002 -0.18020786345005033 12178.400878906252 0.31547822058200842 84.895000457763686 -85.264999389648423 12353.461914062502 11854.290527343752 0.93001860380172741 -0.10272181034088133 12217.466308593752 12747.870117187502 12781.932128906252
decision_type=2 2 2 2 2 2 2 2 2 2 2 2 2 2
left_child=2 9 13 -4 5 -5 7 -6 -3 -2 -7 -12 -10 -1
right_child=1 8 3 4 6 10 -8 -9 12 -11 11 -13 -14 -15
leaf_value=0.03550139668872071 -0.072826386024784237 0.78602602562871771 -0.031540120089823008 -0.025100098310489549 0.8240317971622354 -0.12185915605870566 0.098118702632276039 0.18950573882829896 0.57939277914706044 -0.3561991572955161 0.57836093005763434 0.17799212596193545 0.14638424398465966 0.1703115246728536
leaf_weight=1421901 720379 2185 673278 89604 7338 2448 27036 13125 3580 7143 8658 8547 13218 28448
leaf_count=1421901 720379 2185 673278 89604 7338 2448 27036 13125 3580 7143 8658 8547 13218 28448
internal_value=2.26918e-06 -0.0659993 0.0216087 -0.00728901 0.0968664 0.0364926 0.235701 0.417338 0.302309 -0.0756135 0.317184 0.379688 0.238958 0.0381468
internal_weight=3.02689e+06 746505 2.28038e+06 830034 156756 109257 47499 20463 18983 727522 19653 17205 16798 1.45035e+06
internal_count=3026888 746505 2280383 830034 156756 109257 47499 20463 18983 727522 19653 17205 16798 1450349
is_linear=0
shrinkage=0.02


Tree=18
num_leaves=15
num_cat=0
split_feature=8 23 7 7 19 21 7 4 7 21 7 7 24 24
split_gain=1.05817e+07 3.54268e+06 1.08445e+07 3.11658e+06 3.62033e+06 2.97338e+06 2.48143e+06 2.3058e+06 2.04208e+06 9.28853e+06 5.60981e+06 3.43674e+06 2.371e+06 2.33699e+06
threshold=0.4720101952552796 12223.274902343752 12205.328613281252 11187.069824218752 11204.702636718752 11203.669433593752 11206.626464843752 -62.145000457763665 11436.903808593752 11442.897460937502 11511.719238281252 11408.699707031252 11399.250000000002 11386.802246093752
decision_type=2 2 2 2 2 2 2 2 2 2 2 2 2 2
left_child=1 -1 -3 5 6 7 -5 -2 9 13 12 -11 -10 -6
right_child=3 2 -4 4 8 -7 -8 -9 10 11 -12 -13 -14 -15
leaf_value=-0.057488886823477227 0.82007953798673816 0.73799418422520091 0.0026082057413151644 -0.024511691574360967 0.0064996121145235617 0.35438820779150787 -0.21805472797723141 0.060039991825307219 -0.78688543446485926 1.0907832201628898 0.024865702743334273 0.36814548250984463 -0.15347043987407197 0.15237101679529996
leaf_weight=1092293 1591 8327 211777 74652 153027 14241 41071 597020 2461 4184 702580 7117 54934 61613
leaf_count=1092293 1591 8327 211777 74652 153027 14241 41071 597020 2461 4184 702580 7117 54934 61613
internal_value=2.42102e-06 -0.0427384 0.0304618 0.0327195 0.012607 0.068872 -0.0932147 0.0620737 0.0250288 0.077817 0.00933397 0.636419 -0.180763 0.0483776
internal_weight=3.02689e+06 1.3124e+06 220104 1.71449e+06 1.10164e+06 612852 115723 598611 985916 225941 759975 11301 57395 214640
internal_count=3026888 1312397 220104 1714491 1101639 612852 115723 598611 985916 225941 759975 11301 57395 214640
is_linear=0
shrinkage=0.02


Tree=19
num_leaves=15
num_cat=0
split_feature=9 22 7 19 9 7 21 7 22 7 22 7 19 7
split_gain=1.00773e+07 5.90419e+06 2.80903e+06 2.95527e+06 1.82932e+06 4.51967e+06 5.35962e+06 3.75473e+06 3.84286e+06 5.24146e+06 6.01831e+06 3.27107e+06 2.84263e+06 2.43706e+06
threshold=0.52661553025245678 12731.370117187502 10682.054199218752 10656.072753906252 -0.18020786345005033 10856.046386718752 10977.695800781252 11006.196289062502 12139.840332031252 12202.615234375002 12250.061523437502 10882.475585937502 12183.759277343752 11366.788574218752
decision_type=2 2 2 2 2 2 2 2 2 2 2 2 2 2
left_child=2 -2 3 -1 -4 -6 11 -8 13 10 12 -7 -10 -9
right_child=1 -3 4 -5 5 6 7 8 9 -11 -12 -13 -14 -15
leaf_value=0.04582793826031388 -0.073413541084196746 0.26452551741288632 0.030989745842043202 0.31566152650005119 0.31708456450901684 0.026497603280352694 0.53622257350096647 0.043629593360325937 0.045116565989819862 -0.0040077361913910953 0.86180229971282185 -0.25969109732149509 0.31853425404581837 -0.052176031687744734
leaf_weight=43729 725228 21277 1385214 25817 16890 22867 5238 144087 35142 112371 5355 52981 26812 403880
leaf_count=43729 725228 21277 1385214 25817 16890 22867 5238 144087 35142 112371 5355 52981 26812 403880
internal_value=2.5301e-06 -0.0637781 0.0208819 0.146027 0.0169446 -0.00662016 -0.0133844 0.00317984 -0.000664578 0.0795974 0.219155 -0.173417 0.163477 -0.0269837
internal_weight=3.02689e+06 746505 2.28038e+06 69546 2.21084e+06 825623 808733 732885 727647 179680 67309 75848 61954 547967
internal_count=3026888 746505 2280383 69546 2210837 825623 808733 732885 727647 179680 67309 75848 61954 547967
is_linear=0
shrinkage=0.02


Tree=20
num_leaves=15
num_cat=0
split_feature=8 22 7 7 19 21 7 4 7 21 7 7 24 24
split_gain=9.78146e+06 3.42804e+06 1.0658e+07 2.96976e+06 3.48304e+06 2.85831e+06 2.38318e+06 2.22829e+06 1.9653e+06 8.91653e+06 5.35701e+06 3.30106e+06 2.2823e+06 2.2494e+06
threshold=0.4720101952552796 12223.207519531252 12205.328613281252 11187.069824218752 11204.702636718752 11203.669433593752 11206.626464843752 -62.145000457763665 11436.903808593752 11442.897460937502 11511.719238281252 11408.699707031252 11399.250000000002 11386.802246093752
decision_type=2 2 2 2 2 2 2 2 2 2 2 2 2 2
left_child=1 -1 -3 5 6 7 -5 -2 9 13 12 -11 -10 -6
right_child=3 2 -4 4 8 -7 -8 -9 10 11 -12 -13 -14 -15
leaf_value=-0.055594908486977714 0.80523949384241988 0.7245653245448509 0.0030015567636767033 -0.024641234081998621 0.0058659759823237179 0.34668606051670786 -0.21431434149404041 0.058084235496410383 -0.77182866995173505 1.0684012590116356 0.023790034922464755 0.36017397483073971 -0.15037503596224772 0.14897772235681966
leaf_weight=1092424 1591 8508 211465 74652 153027 14241 41071 597020 2461 4184 702580 7117 54934 61613
leaf_count=1092424 1591 8508 211465 74652 153027 14241 41071 597020 2461 4184 702580 7117 54934 61613
internal_value=2.64002e-06 -0.0410902 0.0309416 0.0314582 0.0118252 0.0667489 -0.0919706 0.0600835 0.0240092 0.0757955 0.00861228 0.623097 -0.177152 0.0469517
internal_weight=3.02689e+06 1.3124e+06 219973 1.71449e+06 1.10164e+06 612852 115723 598611 985916 225941 759975 11301 57395 214640
internal_count=3026888 1312397 219973 1714491 1101639 612852 115723 598611 985916 225941 759975 11301 57395 214640
is_linear=0
shrinkage=0.02


Tree=21
num_leaves=15
num_cat=0
split_feature=9 23 7 22 20 7 9 7 22 7 9 9 7 7
split_gain=9.41206e+06 6.07646e+06 2.67302e+06 2.70128e+06 2.03897e+06 1.10702e+07 4.94811e+06 3.04918e+06 6.73299e+06 3.63844e+06 3.39874e+06 2.2904e+06 5.14147e+06 2.19079e+06
threshold=0.54717978835105907 12740.406250000002 10682.054199218752 10652.264648437502 12207.383789062502 12205.328613281252 0.29126313328742987 11187.069824218752 10992.567382812502 11062.605957031252 0.1956349387764931 0.33649724721908575 10882.475585937502 10994.884277343752
decision_type=2 2 2 2 2 2 2 2 2 2 2 2 2 2
left_child=2 -2 3 -1 7 6 -6 8 9 11 -10 13 -13 -4
right_child=1 -3 4 -5 5 -7 -8 -9 10 -11 -12 12 -14 -15
leaf_value=0.047300854162473843 -0.071537085794937505 0.29090221146100731 -0.0012251722087254996 0.3059953336086913 0.25872301779372753 0.020981144936522592 0.8145919307342494 -0.012210482832111149 0.11591481147771351 -0.90096714569830816 0.69332036228189353 0.1816322418180818 -0.34337067585939124 0.21561257186275054
leaf_weight=44074 717493 18983 346839 25474 35066 369041 7833 1167665 235697 1807 4140 11350 21740 19686
leaf_count=44074 717493 18983 346839 25474 35066 369041 7833 1167665 235697 1807 4140 11350 21740 19686
internal_value=2.7415e-06 -0.0621912 0.0200012 0.142086 0.0161774 0.0563344 0.360387 0.00703234 0.0420712 -0.00802196 0.12591 -0.0039617 -0.163292 0.0104267
internal_weight=3.02689e+06 736476 2.29041e+06 69548 2.22086e+06 411940 42899 1.80892e+06 641259 401422 239837 399615 33090 366525
internal_count=3026888 736476 2290412 69548 2220864 411940 42899 1808924 641259 401422 239837 399615 33090 366525
is_linear=0
shrinkage=0.02


Tree=22
num_leaves=15
num_cat=0
split_feature=9 24 4 22 9 4 19 19 9 1 9 22 21 21
split_gain=9.04153e+06 5.99403e+06 2.28953e+06 2.43335e+06 3.58704e+06 2.41339e+06 3.6662e+06 1.63812e+06 1.59243e+06 1.55974e+06 1.35934e+06 1.34217e+06 1.33685e+06 1.30464e+06
threshold=0.52661553025245678 12729.683105468752 32.594999313354499 12206.421875000002 0.30641731619834905 -138.46500396728513 12418.718750000002 11854.290527343752 0.11973537877202035 41.156766891479499 0.93001860380172741 12747.870117187502 10716.073730468752 12781.979003906252
decision_type=2 2 2 2 2 2 2 2 2 2 2 2 2 2
left_child=2 10 3 -1 -5 6 -6 -3 12 -10 -2 -9 -4 -14
right_child=1 7 8 4 5 -7 -8 11 9 -11 -12 -13 13 -15
leaf_value=-0.019767192012797412 -0.066845002534416997 0.82312018475525595 0.12265742127662317 0.0068525734789562963 0.87331288012300323 0.13567836315720913 0.12658095275189138 0.53761460527304505 0.75754818355124998 -0.18454433865729478 -0.34393166899178645 0.12382346048148365 0.031560934996840748 0.19730342019674679
leaf_weight=756171 720366 2049 72028 119785 4981 35950 5568 4147 722 17857 7143 12800 1248040 19281
leaf_count=756171 720366 2049 72028 119785 4981 35950 5568 4147 722 17857 7143 12800 1248040 19281
internal_value=2.79372e-06 -0.0604111 0.01978 -0.0045344 0.0647331 0.213804 0.479666 0.290218 0.036297 -0.147545 -0.0695703 0.225338 0.0388483 0.0340841
internal_weight=3.02689e+06 746505 2.28038e+06 922455 166284 46499 10549 18996 1.35793e+06 18579 727509 16947 1.33935e+06 1.26732e+06
internal_count=3026888 746505 2280383 922455 166284 46499 10549 18996 1357928 18579 727509 16947 1339349 1267321
is_linear=0
shrinkage=0.02


Tree=23
num_leaves=15
num_cat=0
split_feature=9 24 9 20 24 4 20 4 9 0 0 20 4 9
split_gain=8.685e+06 5.77728e+06 2.23122e+06 4.3054e+06 3.25645e+06 2.78726e+06 3.77946e+06 2.08871e+06 2.17574e+06 1.83998e+06 1.55656e+06 1.90764e+06 2.0828e+06 1.59856e+06
threshold=0.54717978835105907 12729.683105468752 -0.18020786345005033 12178.400878906252 12167.328613281252 -175.62499999999997 12355.698730468752 84.895000457763686 0.31547822058200842 1244.5000000000002 2585.5000000000005 12771.909667968752 -71.645000457763658 0.93001860380172741
decision_type=2 2 2 2 2 2 2 2 2 2 2 2 2 2
left_child=2 10 9 -4 -5 6 -6 8 -7 -1 13 -12 -13 -2
right_child=1 -3 3 4 5 7 -8 -9 -10 -11 11 12 -14 -15
leaf_value=-0.0043428059111741951 -0.036465268443856252 0.28442949202135526 -0.028680591394858675 0.68929215800667021 0.81717962441874126 -0.033637564132541459 0.05099230892109502 0.25979658730784083 0.14177008451828535 0.047390157117367736 -0.10496021376080497 0.78291675049087395 -0.24809701986357155 -0.39570440820527175
leaf_weight=368763 376314 18996 680123 3498 4595 87307 5846 16864 41830 1081586 332882 1991 1282 5011
leaf_count=368763 376314 18996 680123 3498 4595 87307 5846 16864 41830 1081586 332882 1991 1282 5011
internal_value=2.94491e-06 -0.0597406 0.0192135 -0.00672375 0.0866406 0.0731221 0.388646 0.0505327 0.0231868 0.0342367 -0.0688567 -0.100232 0.379548 -0.0411963
internal_weight=3.02689e+06 736476 2.29041e+06 840063 159940 156442 10441 146001 129137 1.45035e+06 717480 336155 3273 381325
internal_count=3026888 736476 2290412 840063 159940 156442 10441 146001 129137 1450349 717480 336155 3273 381325
is_linear=0
shrinkage=0.02


Tree=24
num_leaves=15
num_cat=0
split_feature=8 7 20 24 9 23 7 20 7 8 20 7 7 20
split_gain=8.52957e+06 2.46294e+06 2.50804e+06 2.44166e+06 2.38687e+06 3.41608e+06 3.20326e+06 4.52042e+06 3.50407e+06 2.85277e+06 4.81962e+06 5.4876e+06 2.84632e+06 2.26443e+06
threshold=-0.70585528016090382 10682.054199218752 12866.601562500002 10652.731933593752 0.54717978835105907 12724.941406250002 10856.046386718752 10974.999511718752 11006.196289062502 -0.95380857586860646 12074.044433593752 12205.328613281252 10882.475585937502 11006.378906250002
decision_type=2 2 2 2 2 2 2 2 2 2 2 2 2 2
left_child=4 3 -3 -2 6 -6 -1 12 13 -10 -11 -12 -8 -9
right_child=1 2 -4 -5 5 -7 7 8 9 10 11 -13 -14 -15
leaf_value=0.23305063565199768 0.0491402944708213 0.020905977469869316 0.34160425460378696 0.29910937956873024 -0.074345298616599706 0.29175554549994287 0.020313529342656757 0.095166343646933174 -0.052873116196614646 -0.0089952485647650498 0.54737634310981353 0.091948791849875755 -0.28656746783042714 0.91927486837668126
leaf_weight=20593 39689 1754472 9799 25781 619184 10356 17577 2666 256735 171115 13969 43585 38703 2664
leaf_count=20593 39689 1754472 9799 25781 619184 10356 17577 2666 256735 171115 13969 43585 38703 2664
internal_value=3.03294e-06 0.0271595 0.0226891 0.147605 -0.0415033 -0.0683183 -0.0117617 -0.0209821 -0.0015101 -0.00711541 0.0442584 0.202562 -0.190737 0.50802
internal_weight=3.02689e+06 1.82974e+06 1.76427e+06 65470 1.19715e+06 629540 567607 547014 490734 485404 228669 57554 56280 5330
internal_count=3026888 1829741 1764271 65470 1197147 629540 567607 547014 490734 485404 228669 57554 56280 5330
is_linear=0
shrinkage=0.02


Tree=25
num_leaves=15
num_cat=0
split_feature=8 7 20 0 8 23 7 20 7 7 8 20 7 20
split_gain=8.19175e+06 2.36544e+06 2.40883e+06 2.2822e+06 2.23681e+06 3.27272e+06 3.08228e+06 4.48253e+06 3.36389e+06 2.84684e+06 2.77308e+06 4.52475e+06 5.19505e+06 2.3601e+06
threshold=-0.70585528016090382 10682.054199218752 12866.601562500002 3736.5000000000005 -0.83435350656509388 12724.941406250002 10856.046386718752 10974.999511718752 11006.196289062502 10920.366699218752 -0.95380857586860646 12074.044433593752 12205.328613281252 12203.126464843752
decision_type=2 2 2 2 2 2 2 2 2 2 2 2 2 2
left_child=4 3 -3 -2 6 -6 -1 9 -9 -8 -10 -12 13 -13
right_child=1 2 -4 -5 5 -7 7 8 10 -11 11 12 -14 -15
leaf_value=0.22833381316508189 0.032116102660199368 0.020487860359727054 0.33477913572989926 0.26854790011455687 -0.072398587073530571 0.2859260637445144 -0.10110452032186469 0.49789755575015987 -0.051815694510399649 -0.4175965404648192 -0.0089115049613788574 0.24234528372366387 0.088910042985182389 0.76046320726434813
leaf_weight=20598 34314 1754472 9799 31156 621682 10356 40727 5330 256735 15766 167022 6405 44701 7825
leaf_count=20598 34314 1754472 9799 31156 621682 10356 40727 5330 256735 15766 167022 6405 44701 7825
internal_value=3.13766e-06 0.0266164 0.0222354 0.144654 -0.0406729 -0.0665229 -0.0117607 -0.0208471 -0.00132157 -0.189489 -0.00684435 0.0442535 0.19491 0.527591
internal_weight=3.02689e+06 1.82974e+06 1.76427e+06 65470 1.19715e+06 632038 565109 544511 488018 56493 482688 225953 58931 14230
internal_count=3026888 1829741 1764271 65470 1197147 632038 565109 544511 488018 56493 482688 225953 58931 14230
is_linear=0
shrinkage=0.02


Tree=26
num_leaves=15
num_cat=0
split_feature=8 22 7 7 19 22 7 7 21 7 7 19 7 7
split_gain=7.88364e+06 2.73542e+06 8.72621e+06 2.65309e+06 3.32878e+06 2.77309e+06 2.29412e+06 1.94972e+06 8.54347e+06 5.02835e+06 3.16485e+06 2.05928e+06 4.32853e+06 2.18082e+06
threshold=0.4720101952552796 12223.207519531252 12205.328613281252 11187.069824218752 11204.702636718752 11175.696777343752 11206.626464843752 11436.903808593752 11442.897460937502 11511.719238281252 11408.699707031252 11384.015625000002 11366.788574218752 11371.945312500002
decision_type=2 2 2 2 2 2 2 2 2 2 2 2 2 2
left_child=1 -1 -3 5 6 -2 -5 8 11 -9 -10 13 -13 -6
right_child=3 2 -4 4 7 -7 -8 9 10 -11 -12 12 -14 -15
leaf_value=-0.049845206996206655 0.047678421835888808 0.65507915975174769 0.0021748659330144454 -0.025725568930583753 0.031428050402991271 0.19162840891785027 -0.21182099338647184 -0.17371416509736953 1.0449266335119449 0.020966324417550041 0.35146893956232361 0.5055185597434052 0.066237933674417188 -0.20941777031815412
leaf_weight=1092424 553599 8508 211465 74652 132779 59253 41071 57395 4184 702580 7117 10745 54167 16949
leaf_count=1092424 553599 8508 211465 74652 132779 59253 41071 57395 4184 702580 7117 10745 54167 16949
internal_value=3.21454e-06 -0.0368885 0.0274563 0.0282429 0.00968611 0.061599 -0.0917851 0.0215972 0.0731779 0.0062615 0.608908 0.044944 0.13902 0.00415234
internal_weight=3.02689e+06 1.3124e+06 219973 1.71449e+06 1.10164e+06 612852 115723 985916 225941 759975 11301 214640 64912 149728
internal_count=3026888 1312397 219973 1714491 1101639 612852 115723 985916 225941 759975 11301 214640 64912 149728
is_linear=0
shrinkage=0.02


Tree=27
num_leaves=15
num_cat=0
split_feature=4 22 7 7 19 0 19 4 7 19 7 19 0 7
split_gain=7.13417e+06 2.43352e+06 7.68465e+06 2.287e+06 2.25255e+06 2.10502e+06 1.66703e+06 2.09829e+06 1.66545e+06 1.64756e+06 2.25989e+06 1.94945e+06 1.5662e+06 1.42403e+06
threshold=7.9849998950958261 12223.207519531252 12205.328613281252 10682.054199218752 10656.072753906252 2432.5000000000005 12208.181640625002 -30.894999504089352 12208.110351562502 12781.932128906252 12769.967773437502 12721.138183593752 7394.5000000000009 11187.069824218752
decision_type=2 2 2 2 2 2 2 2 2 2 2 2 2 2
left_child=1 5 -3 4 -2 -1 7 -4 -7 11 -11 12 13 -5
right_child=3 2 6 9 -6 8 -8 -9 -10 10 -12 -13 -14 -15
leaf_value=-0.019757610342378461 0.047848824394924341 0.59534884063339866 0.3111772562706081 0.054233861192303244 0.2910427989814946 -0.068924103224350872 -0.014513592023702157 -0.11098033588286819 -0.33763352594456053 0.40132519426568913 0.0094104159453436802 -0.092258158878851124 -0.26691636471468211 0.012843229893218778
leaf_weight=624754 37526 9087 14211 509493 25642 534908 208695 7035 9379 10870 12821 58175 7267 957025
leaf_count=624754 37526 9087 14211 509493 25642 534908 208695 7035 9379 10870 12821 58175 7267 957025
internal_value=3.29936e-06 -0.0329189 0.025227 0.0286395 0.1466 -0.0448079 0.00267142 0.171405 -0.0735606 0.0238487 0.189325 0.0212885 0.0257711 0.0272233
internal_weight=3.02689e+06 1.40807e+06 239028 1.61882e+06 63168 1.16904e+06 229941 21246 544287 1.55565e+06 23691 1.53196e+06 1.47378e+06 1.46652e+06
internal_count=3026888 1408069 239028 1618819 63168 1169041 229941 21246 544287 1555651 23691 1531960 1473785 1466518
is_linear=0
shrinkage=0.02


Tree=28
num_leaves=15
num_cat=0
split_feature=8 8 24 22 24 4 21 21 8 4 24 21 4 21
split_gain=7.3025e+06 2.11429e+06 2.91095e+06 2.38493e+06 3.23809e+06 3.31841e+06 1.90423e+06 2.67208e+06 1.53112e+06 1.50271e+06 1.25611e+06 3.46186e+06 1.45281e+06 1.5002e+06
threshold=-0.70585528016090382 -0.83435350656509388 12721.433593750002 12217.798828125002 12362.309082031252 -138.46500396728513 12773.156738281252 12733.143554687502 -0.9504232108592986 252.49500274658206 12693.831542968752 12677.274414062502 52.764999389648445 10716.073730468752
decision_type=2 2 2 2 2 2 2 2 2 2 2 2 2 2
left_child=1 3 -3 -1 5 -5 7 10 -6 -8 12 -12 -2 -14
right_child=6 2 -4 4 8 -7 9 -9 -10 -11 11 -13 13 -15
leaf_value=-0.029354472141497886 6.4720309887346107e-05 -0.06854033746054472 0.30435565287405958 0.65915731122351362 -0.056977788775641462 0.12525367533109175 0.16823755178417951 -0.11436732334039147 0.1213956413978616 -0.41669579399765982 0.82573565547859207 0.078159548428242062 0.13249098086272509 0.032414068670953422
leaf_weight=465018 628477 623560 8478 6847 45203 14531 48132 55897 33510 1814 2854 18395 63684 1010488
leaf_count=465018 628477 623560 8478 6847 45203 14531 48132 55897 33510 1814 2854 18395 63684 1010488
internal_value=3.28657e-06 -0.0384016 -0.0635336 -0.0102924 0.0782632 0.296483 0.0251306 0.0217122 0.0189656 0.146914 0.0261252 0.17891 0.0242174 0.0383485
internal_weight=3.02689e+06 1.19715e+06 632038 565109 100091 21378 1.82974e+06 1.7798e+06 78713 49946 1.7239e+06 21249 1.70265e+06 1.07417e+06
internal_count=3026888 1197147 632038 565109 100091 21378 1829741 1779795 78713 49946 1723898 21249 1702649 1074172
is_linear=0
shrinkage=0.02


Tree=29
num_leaves=15
num_cat=0
split_feature=9 22 8 0 7 19 17 21 7 19 7 9 21 7
split_gain=7.0796e+06 4.42018e+06 2.86128e+06 1.94197e+06 2.19834e+06 2.20264e+06 2.07756e+06 1.71079e+06 4.6311e+06 3.58662e+06 2.91822e+06 4.74965e+06 4.67696e+06 2.40844e+06
threshold=0.52661553025245678 12731.370117187502 -0.96283337473869313 1147.5000000000002 10682.054199218752 10656.072753906252 0.20585037767887118 10963.002441406252 11184.267578125002 11196.481933593752 10871.677246093752 -0.11262255162000655 10830.896972656252 11203.626464843752
decision_type=2 2 2 2 2 2 2 2 2 2 2 2 2 2
left_child=2 -2 -1 -4 5 -5 -6 10 -9 13 12 -12 -8 -10
right_child=1 -3 3 4 6 -7 7 8 9 -11 11 -13 -14 -15
leaf_value=-0.044165536217003185 -0.061792654796780408 0.23060766868412308 -0.010218660010779217 0.053480407832608726 0.13322930020723439 0.30187814892643616 -0.030130387373451192 0.1254129434377223 -0.020960028927307563 0.029479077319319709 -0.018783661998584767 -0.30669110169673697 0.2485818815726821 -0.25186817930174271
leaf_weight=265848 725228 21277 464696 34520 76417 24350 86088 194009 44627 904444 90975 30630 33426 30353
leaf_count=265848 725228 21277 464696 34520 76417 24350 86088 194009 44627 904444 90975 30630 33426 30353
internal_value=3.33808e-06 -0.0534556 0.0175038 0.0256422 0.0363945 0.156258 0.0316608 0.0261729 0.0361431 0.018459 -0.0223476 -0.0913215 0.0478347 -0.114456
internal_weight=3.02689e+06 746505 2.28038e+06 2.01454e+06 1.54984e+06 58870 1.49097e+06 1.41455e+06 1.17343e+06 979424 241119 121605 119514 74980
internal_count=3026888 746505 2280383 2014535 1549839 58870 1490969 1414552 1173433 979424 241119 121605 119514 74980
is_linear=0
shrinkage=0.02


Tree=30
num_leaves=15
num_cat=0
split_feature=8 22 7 4 7 19 22 7 7 21 7 7 24 24
split_gain=6.74073e+06 2.37737e+06 7.79485e+06 2.37219e+06 2.17221e+06 3.18378e+06 2.92648e+06 2.14266e+06 1.99886e+06 8.13433e+06 4.83063e+06 3.03196e+06 2.21116e+06 1.9756e+06
threshold=0.4720101952552796 12223.207519531252 12205.328613281252 -60.585000991821282 11185.731445312502 11204.702636718752 11175.696777343752 11206.626464843752 11436.903808593752 11442.897460937502 11511.719238281252 11408.699707031252 11399.250000000002 11386.802246093752
decision_type=2 2 2 2 2 2 2 2 2 2 2 2 2 2
left_child=1 -1 -3 -2 6 7 -5 -6 9 13 12 -11 -10 -7
right_child=3 2 -4 4 5 8 -8 -9 10 11 -12 -13 -14 -15
leaf_value=-0.046188636186635545 0.77395187641245633 0.61906102306911603 0.0019821981978380642 0.042267690996784422 -0.027788705062343346 0.0072892767335763099 0.19803155062394212 -0.20537524470155979 -0.75668229855491576 1.0221855228607803 0.019464514035811543 0.34344419291568878 -0.14499431659212209 0.14110849265147501
leaf_weight=1092424 1685 8508 211465 550216 80305 155449 52876 41071 2461 4184 702580 7117 54934 61613
leaf_count=1092424 1685 8508 211465 550216 80305 155449 52876 41071 2461 4184 702580 7117 54934 61613
internal_value=3.29587e-06 -0.0341096 0.0258764 0.0261158 0.0253756 0.00877142 0.0559274 -0.0878923 0.0206433 0.0725285 0.00505168 0.59542 -0.17135 0.0452787
internal_weight=3.02689e+06 1.3124e+06 219973 1.71449e+06 1.71281e+06 1.10971e+06 603092 121376 988338 228363 759975 11301 57395 217062
internal_count=3026888 1312397 219973 1714491 1712806 1109714 603092 121376 988338 228363 759975 11301 57395 217062
is_linear=0
shrinkage=0.02


Tree=31
num_leaves=15
num_cat=0
split_feature=8 20 8 22 20 22 4 0 0 20 17 8 8 0
split_gain=6.49244e+06 2.12451e+06 1.94929e+06 2.5976e+06 2.39183e+06 3.37835e+06 3.10357e+06 2.06062e+06 1.65946e+06 1.51699e+06 1.62396e+06 1.45133e+06 1.40318e+06 1.19961e+06
threshold=-0.70585528016090382 12866.601562500002 -0.83435350656509388 12715.419433593752 12217.466308593752 12363.823730468752 -128.75499725341794 2470.5000000000005 1422.5000000000002 10726.558593750002 0.21472527831792834 -0.9504232108592986 -0.95844322443008412 3760.5000000000005
decision_type=2 2 2 2 2 2 2 2 2 2 2 2 2 2
left_child=2 8 4 7 -1 6 12 -4 -2 13 -11 -7 -6 -10
right_child=1 -3 3 -5 5 11 -8 -9 9 10 -12 -13 -14 -15
leaf_value=-0.028315655129709891 -0.0078355776548382407 0.31724523778832581 -0.029862880118926256 0.23614061955051316 0.20664706926823337 -0.055227107346290362 0.11332356089452665 -0.10276545552643387 0.044681166018710597 0.12513563746114212 0.023700025242680892 0.11854106517171245 0.77961386881712791 0.21373596642021031
leaf_weight=464955 526103 9799 313890 11594 2450 45203 13342 306554 34576 66758 1159863 33440 5719 32642
leaf_count=464955 526103 9799 313890 11594 2450 45203 13342 306554 34576 66758 1159863 33440 5719 32642
internal_value=3.36176e-06 0.023696 -0.0362088 -0.0603403 -0.00921869 0.0794308 0.301468 -0.0658843 0.0221138 0.0342918 0.0292216 0.0186667 0.608238 0.126796
internal_weight=3.02689e+06 1.82974e+06 1.19715e+06 632038 565109 100154 21511 620444 1.81994e+06 1.29384e+06 1.22662e+06 78643 8169 67218
internal_count=3026888 1829741 1197147 632038 565109 100154 21511 620444 1819942 1293839 1226621 78643 8169 67218
is_linear=0
shrinkage=0.02


Tree=32
num_leaves=15
num_cat=0
split_feature=9 24 8 0 20 24 9 24 8 9 0 20 21 8
split_gain=6.38121e+06 4.59836e+06 2.59008e+06 1.79734e+06 2.03876e+06 4.59959e+06 5.38211e+06 3.87105e+06 3.42856e+06 2.12102e+06 1.3785e+06 1.64519e+06 1.77303e+06 1.63339e+06
threshold=0.52661553025245678 12729.683105468752 -0.96283337473869313 1147.5000000000002 12184.038085937502 12362.309082031252 -0.562171310186386 12264.205566406252 0.80688521265983593 -0.31321409344673151 2547.5000000000005 12771.909667968752 12823.506835937502 0.59558829665184032
decision_type=2 2 2 2 2 2 2 2 2 2 2 2 2 2
left_child=2 10 -1 -4 9 6 -6 -8 -7 -5 -2 13 -13 -12
right_child=1 -3 3 4 5 8 7 -9 -10 -11 11 12 -14 -15
leaf_value=-0.042055635948854697 -0.032549143277795227 0.2563569053411302 -0.010138204291635396 0.042035838171213979 -0.062612995702904517 0.14174133428259947 0.21049393398138222 0.59247997296790045 -0.03247625825109849 -0.01312325332110891 -0.095493508255729956 0.79730955691381544 -0.11613192261371122 0.45588392489879737
leaf_weight=265848 381453 18996 464696 823247 25286 67952 64161 12712 134808 421673 340516 1726 1661 2153
leaf_count=265848 381453 18996 464696 823247 25286 67952 64161 12712 134808 421673 340516 1726 1661 2153
internal_value=3.42431e-06 -0.0507503 0.0166183 0.0243614 0.0347056 0.0810547 0.190481 0.27373 0.0259142 0.0233527 -0.0587726 -0.0876765 0.350325 -0.0920159
internal_weight=3.02689e+06 746505 2.28038e+06 2.01454e+06 1.54984e+06 304919 102159 76873 202760 1.24492e+06 727509 346056 3387 342669
internal_count=3026888 746505 2280383 2014535 1549839 304919 102159 76873 202760 1244920 727509 346056 3387 342669
is_linear=0
shrinkage=0.02


Tree=33
num_leaves=15
num_cat=0
split_feature=9 24 8 0 20 24 4 9 8 9 24 4 0 20
split_gain=6.12847e+06 4.41634e+06 2.48752e+06 1.72617e+06 1.95806e+06 4.41752e+06 5.34671e+06 3.83719e+06 3.2928e+06 2.03703e+06 1.64823e+06 1.90594e+06 1.32411e+06 1.60248e+06
threshold=0.52661553025245678 12729.683105468752 -0.96283337473869313 1147.5000000000002 12184.038085937502 12362.309082031252 -117.56499862670897 -0.562171310186386 0.80688521265983593 -0.31321409344673151 12264.205566406252 125.64500045776369 2585.5000000000005 12771.909667968752
decision_type=2 2 2 2 2 2 2 2 2 2 2 2 2 2
left_child=2 12 -1 -4 9 6 -6 -8 -7 -5 11 -9 -2 -14
right_child=1 -3 3 4 5 8 7 10 -10 -11 -12 -13 13 -15
leaf_value=-0.041214554428197936 -0.032293333750910522 0.25123246928036613 -0.0099354441923548958 0.041195131331324339 0.7591296362157941 0.13890692425437132 -0.061361231522285772 0.12962735504053668 -0.031826780460176604 -0.012860794490794508 0.49416732452704754 0.38956953373146541 -0.090649547143300271 0.35338712703371933
leaf_weight=265848 387104 18996 464696 823247 6125 67952 25286 47898 134808 421673 8092 14758 337132 3273
leaf_count=265848 387104 18996 464696 823247 6125 67952 25286 47898 134808 421673 8092 14758 337132 3273
internal_value=3.49377e-06 -0.0497349 0.016286 0.0238742 0.0340116 0.0794341 0.186673 0.150087 0.025396 0.0228856 0.225658 0.190907 -0.0575968 -0.0863698
internal_weight=3.02689e+06 746505 2.28038e+06 2.01454e+06 1.54984e+06 304919 102159 96034 202760 1.24492e+06 70748 62656 727509 340405
internal_count=3026888 746505 2280383 2014535 1549839 304919 102159 96034 202760 1244920 70748 62656 727509 340405
is_linear=0
shrinkage=0.02


Tree=34
num_leaves=15
num_cat=0
split_feature=9 24 9 20 24 9 4 4 0 9 0 20 4 23
split_gain=5.88578e+06 4.24152e+06 1.48258e+06 3.30045e+06 2.99865e+06 2.02961e+06 2.54777e+06 1.68071e+06 1.43724e+06 1.31265e+06 1.4553e+06 1.53453e+06 1.9394e+06 1.1542e+06
threshold=0.52661553025245678 12729.683105468752 -0.18020786345005033 12178.400878906252 12167.328613281252 0.31547822058200842 84.895000457763686 -65.354999542236314 1324.5000000000002 0.93001860380172741 2585.5000000000005 12771.909667968752 -71.645000457763658 12366.731445312502
decision_type=2 2 2 2 2 2 2 2 2 2 2 2 2 2
left_child=2 9 8 -4 -5 6 -6 13 -1 10 -2 -12 -13 -7
right_child=1 -3 3 4 5 7 -8 -9 -10 -11 11 12 -14 -15
leaf_value=-0.0045262579022897131 -0.027018559901328162 0.2462104640130611 -0.024600088639807845 0.65546429492184888 -0.026652067263532083 0.45983226719835069 0.24124224106488246 0.038311279282637688 0.040286802997925177 -0.32604928752116957 -0.088193226613692804 0.73560164392024263 -0.2591963191777929 0.18197214425069974
leaf_weight=392478 382093 18996 673278 3498 89604 9232 16864 20544 1057871 7143 335000 1991 1282 17014
leaf_count=392478 382093 18996 673278 3498 89604 9232 16864 20544 1057871 7143 335000 1991 1282 17014
internal_value=3.57454e-06 -0.0487401 0.0159604 -0.00535641 0.0772927 0.0640543 0.0157995 0.173828 0.02816 -0.0564448 -0.053767 -0.0839787 0.346341 0.279848
internal_weight=3.02689e+06 746505 2.28038e+06 830034 156756 153258 106468 46790 1.45035e+06 727509 720366 338273 3273 26246
internal_count=3026888 746505 2280383 830034 156756 153258 106468 46790 1450349 727509 720366 338273 3273 26246
is_linear=0
shrinkage=0.02


Tree=35
num_leaves=15
num_cat=0
split_feature=9 23 8 7 7 22 20 7 4 5 8 4 7 7
split_gain=5.6548e+06 3.98049e+06 2.30789e+06 1.66367e+06 1.64972e+06 2.2331e+06 1.6243e+06 7.33186e+06 3.91859e+06 1.66324e+06 1.58084e+06 1.35296e+06 1.28392e+06 2.50144e+06
threshold=0.54717978835105907 12740.406250000002 -0.96283337473869313 11362.400878906252 10682.054199218752 10652.264648437502 12184.038085937502 12205.328613281252 -117.56499862670897 0.072500001639127745 0.77373486757278453 -244.05500030517575 10975.490722656252 11049.319824218752
decision_type=2 2 2 2 2 2 2 2 2 2 2 2 2 2
left_child=2 12 3 -1 5 -4 9 8 -8 11 -9 -6 -2 -14
right_child=1 -3 4 -5 6 -7 7 10 -10 -11 -12 -13 13 -15
leaf_value=0.042125705800652044 -0.010773090975154762 0.23757635587163517 0.032285947927156215 -0.070412637222922486 -0.20829745420013424 0.26752498784350609 0.73418357794301514 0.094448974720085496 0.20204699807975007 0.10313647948975495 -0.0068185344321902378 0.0073310825781066988 -0.17838795977032568 -0.053985916022243854
leaf_weight=72086 187416 18983 44041 193762 11722 25474 6131 81882 56353 73421 249584 1475956 75365 454712
leaf_count=72086 187416 18983 44041 193762 11722 25474 6131 81882 56353 73421 249584 1475956 75365 454712
internal_value=3.62444e-06 -0.0482039 0.0155048 -0.0398968 0.0227798 0.118516 0.0193751 0.0556639 0.25437 0.0102172 0.0181996 0.00563066 -0.0557681 -0.0716762
internal_weight=3.02689e+06 736476 2.29041e+06 265848 2.02456e+06 69515 1.95505e+06 393950 62484 1.5611e+06 331466 1.48768e+06 717493 530077
internal_count=3026888 736476 2290412 265848 2024564 69515 1955049 393950 62484 1561099 331466 1487678 717493 530077
is_linear=0
shrinkage=0.02


Tree=36
num_leaves=15
num_cat=0
split_feature=9 22 8 7 7 19 19 7 7 19 4 7 9 19
split_gain=5.43193e+06 3.44994e+06 2.22909e+06 1.5978e+06 1.57831e+06 2.26158e+06 1.58964e+06 4.14912e+06 3.0329e+06 3.35482e+06 3.31278e+06 2.66818e+06 4.21816e+06 3.89805e+06
threshold=0.52661553025245678 12731.370117187502 -0.96283337473869313 11362.400878906252 10682.054199218752 10656.072753906252 10923.156250000002 10975.490722656252 11184.267578125002 11204.702636718752 -187.2399978637695 10871.677246093752 -0.32599240541458124 10827.350585937502
decision_type=2 2 2 2 2 2 2 2 2 2 2 2 2 2
left_child=2 -2 3 -1 5 -4 7 11 10 -10 -8 13 -13 -6
right_child=1 -3 4 -5 6 -7 8 -9 9 -11 -12 12 -14 -15
leaf_value=0.041283308597276226 -0.054188424008334443 0.20413497451824639 0.028445710521487446 -0.069004458185782103 -0.027268914223717206 0.26452498153863524 -0.56030928144314762 -0.52630603511021179 -0.084602290202775099 0.023079992679476771 0.086636414408193224 0.048944450737961928 -0.23321561304340532 0.19137985840495475
leaf_weight=72086 725228 21277 43696 193762 118154 25817 3187 6487 127734 1230398 328572 38875 46576 45039
leaf_count=72086 725228 21277 43696 193762 118154 25817 3187 6487 127734 1230398 328572 38875 46576 45039
internal_value=3.63111e-06 -0.046823 0.0153329 -0.0390989 0.0225162 0.116151 0.0191692 -0.0273634 0.0261946 0.0129518 0.0804049 -0.0143255 -0.104859 0.033083
internal_weight=3.02689e+06 746505 2.28038e+06 265848 2.01454e+06 69513 1.94502e+06 255131 1.68989e+06 1.35813e+06 331759 248644 85451 163193
internal_count=3026888 746505 2280383 265848 2014535 69513 1945022 255131 1689891 1358132 331759 248644 85451 163193
is_linear=0
shrinkage=0.02


Tree=37
num_leaves=15
num_cat=0
split_feature=9 22 8 0 7 22 22 7 4 7 22 4 9 7
split_gain=5.21814e+06 3.326e+06 2.129e+06 1.58092e+06 1.88601e+06 1.83753e+06 1.697e+06 5.12314e+06 2.36736e+06 2.63677e+06 3.25022e+06 2.96672e+06 2.35352e+06 2.17658e+06
threshold=0.54717978835105907 12731.370117187502 -0.96283337473869313 1128.5000000000002 10682.054199218752 10652.264648437502 12071.973632812502 12037.588867187502 44.655000686645515 12242.067382812502 12240.334472656252 125.64500045776369 -0.70585528016090382 11436.903808593752
decision_type=2 2 2 2 2 2 2 2 2 2 2 2 2 2
left_child=2 -2 -1 -4 5 -5 13 -8 12 -10 11 -11 -9 -6
right_child=1 -3 3 4 6 -7 7 8 9 10 -12 -13 -14 -15
leaf_value=-0.038316923479316353 -0.053637145252081533 0.20005419171844729 -0.010735385720141176 0.049842267074274686 0.032282709097502429 0.27690046355798004 0.9347119082244042 0.56457781268014895 0.097977732934581105 -0.18577912452231693 -0.0071316665256101553 -1.2311848663708005 0.12186637628491255 -0.029444449142671858
leaf_weight=265848 715199 21277 459495 35015 797315 24045 2669 5083 128333 3328 162628 1605 84772 320276
leaf_count=265848 715199 21277 459495 35015 797315 24045 2669 5083 128333 3328 162628 1605 84772 320276
internal_value=3.51442e-06 -0.0463053 0.0148941 0.0218815 0.0314577 0.142316 0.0271093 0.063121 0.0570663 0.0297607 -0.0224885 -0.527719 0.14697 0.014593
internal_weight=3.02689e+06 736476 2.29041e+06 2.02456e+06 1.56507e+06 59060 1.50601e+06 388418 385749 295894 167561 4933 89855 1.11759e+06
internal_count=3026888 736476 2290412 2024564 1565069 59060 1506009 388418 385749 295894 167561 4933 89855 1117591
is_linear=0
shrinkage=0.02


Tree=38
num_leaves=15
num_cat=0
split_feature=9 24 8 19 0 20 24 9 4 8 9 24 4 22
split_gain=5.01263e+06 3.65749e+06 2.05632e+06 1.56378e+06 1.52299e+06 1.73115e+06 4.00252e+06 4.80836e+06 3.52335e+06 3.0053e+06 1.83369e+06 1.62994e+06 1.78502e+06 1.29504e+06
threshold=0.52661553025245678 12729.683105468752 -0.96283337473869313 11854.290527343752 1167.5000000000002 12184.038085937502 12362.309082031252 -0.562171310186386 -117.56499862670897 0.80688521265983593 -0.31321409344673151 12264.205566406252 125.64500045776369 12747.870117187502
decision_type=2 2 2 2 2 2 2 2 2 2 2 2 2 2
left_child=2 -2 -1 -3 -4 10 7 -7 -9 -8 -6 12 -10 -5
right_child=1 3 4 13 5 6 9 8 11 -11 -12 -13 -14 -15
leaf_value=-0.037550612686244898 -0.052134224333404651 0.74949399032889208 -0.0097724098379204233 0.4722769188974747 0.038189427839911097 -0.063467537290214704 0.13132393654261823 0.71505623316434463 0.12082075759946923 -0.032227256402931059 -0.013231006541001731 0.48284349385373737 0.37260312652049382 0.065902419340601204
leaf_weight=265848 727509 2049 472819 4147 818760 25146 67544 6125 47538 134246 419547 8052 14758 12800
leaf_count=265848 727509 2049 472819 4147 818760 25146 67544 6125 47538 134246 419547 8052 14758 12800
internal_value=3.49179e-06 -0.0449795 0.0147293 0.228913 0.0216285 0.0312587 0.074073 0.17643 0.255312 0.022521 0.0207678 0.215187 0.180519 0.165565
internal_weight=3.02689e+06 746505 2.28038e+06 18996 2.01454e+06 1.54172e+06 303409 101619 76473 201790 1.23831e+06 70348 62296 16947
internal_count=3026888 746505 2280383 18996 2014535 1541716 303409 101619 76473 201790 1238307 70348 62296 16947
is_linear=0
shrinkage=0.02


Tree=39
num_leaves=15
num_cat=0
split_feature=8 0 23 4 8 23 0 23 23 4 17 23 0 8
split_gain=4.81584e+06 1.50881e+06 1.53459e+06 1.72638e+06 1.44079e+06 2.26889e+06 1.75237e+06 1.6541e+06 2.30888e+06 2.3574e+06 1.42671e+06 1.15947e+06 1.26953e+06 1.15583e+06
threshold=-0.70585528016090382 1562.5000000000002 12777.604492187502 252.49500274658206 -0.83435350656509388 12724.941406250002 2451.5000000000005 12218.147460937502 12366.731445312502 -175.62499999999997 0.21472527831792834 10703.192382812502 7394.5000000000009 -0.9504232108592986
decision_type=2 2 2 2 2 2 2 2 2 2 2 2 2 2
left_child=4 -2 10 -4 7 6 -6 -1 9 -9 -3 -12 -13 -10
right_child=1 2 3 -5 5 -7 -8 8 13 -11 11 12 -14 -15
leaf_value=-0.023874208464186732 -0.0063102320300437312 0.12019001527211547 0.22454094356350748 -0.42617304031076947 -0.023439526254934302 0.24152820951376489 -0.090597868467931733 0.65104097066897115 -0.050431254374374311 0.14002887019983995 0.11381859872139488 0.021779468901573857 -0.22043127315068314 0.10436880188716405
leaf_weight=464820 578216 65622 25103 1735 312660 10356 309022 4589 45203 16852 55157 1095193 8715 33645
leaf_count=464820 578216 65622 25103 1735 312660 10356 309022 4589 45203 16852 55157 1095193 8715 33645
internal_value=3.61656e-06 0.0204091 0.0327536 0.18233 -0.0311843 -0.0519309 -0.0568231 -0.00798013 0.0656807 0.249654 0.0294743 0.0243373 0.0198653 0.0156276
internal_weight=3.02689e+06 1.82974e+06 1.25152e+06 26838 1.19715e+06 632038 621682 565109 100289 21441 1.22469e+06 1.15906e+06 1.10391e+06 78848
internal_count=3026888 1829741 1251525 26838 1197147 632038 621682 565109 100289 21441 1224687 1159065 1103908 78848
is_linear=0
shrinkage=0.02


Tree=40
num_leaves=15
num_cat=0
split_feature=9 24 7 20 9 7 23 7 20 7 4 7 9 24
split_gain=4.64307e+06 3.40313e+06 1.87645e+06 4.34318e+06 3.50323e+06 2.55067e+06 2.48892e+06 4.5582e+06 5.26684e+06 2.62894e+06 2.29213e+06 3.07076e+06 4.1444e+06 2.38512e+06
threshold=0.52661553025245678 12729.683105468752 11187.069824218752 11010.965820312502 0.1956349387764931 11062.605957031252 11354.811035156252 11366.788574218752 11398.597656250002 11336.017089843752 115.20499801635744 10882.475585937502 0.26078417897224432 10900.789062500002
decision_type=2 2 2 2 2 2 2 2 2 2 2 2 2 2
left_child=2 -2 3 5 -5 10 -4 8 9 -8 11 13 -13 -1
right_child=1 -3 6 4 -6 -7 7 -9 -10 -11 -12 12 -14 -15
leaf_value=0.038413942956394366 -0.050190912221577982 0.22090720667481872 -0.050241596566687641 0.10760797658398748 0.75740491691961331 -0.55487353515202276 0.9742059960324515 0.0070254093370059412 0.75371755840267274 0.091804179900175392 0.074220595124561292 -0.030884699368468129 -0.28987125911817635 0.87076139434968258
leaf_weight=160980 727509 18996 296250 203910 3364 3174 1394 1230572 6225 35605 164231 143448 29851 1379
leaf_count=160980 727509 18996 296250 203910 3364 3174 1394 1230572 6225 35605 164231 143448 29851 1379
internal_value=3.59531e-06 -0.0432895 0.0141761 0.0411482 0.11819 0.00940335 0.00197294 0.0141169 0.215961 0.125305 0.0129972 -0.0169594 -0.0755098 0.0455368
internal_weight=3.02689e+06 746505 2.28038e+06 710337 207274 503063 1.57005e+06 1.2738e+06 43224 36999 499889 335658 173299 162359
internal_count=3026888 746505 2280383 710337 207274 503063 1570046 1273796 43224 36999 499889 335658 173299 162359
is_linear=0
shrinkage=0.02


Tree=41
num_leaves=15
num_cat=0
split_feature=8 21 21 4 8 24 22 24 4 24 21 8 5 8
split_gain=4.47031e+06 1.54443e+06 2.45349e+06 1.33043e+06 1.3274e+06 1.96356e+06 1.66007e+06 2.38883e+06 2.41203e+06 1.12973e+06 3.18965e+06 1.11278e+06 1.11173e+06 1.11158e+06
threshold=-0.70585528016090382 12773.156738281252 12733.143554687502 252.49500274658206 -0.83435350656509388 12721.433593750002 12217.798828125002 12362.309082031252 -138.46500396728513 12693.831542968752 12677.274414062502 -0.9504232108592986 0.082499999552965178 0.73663246631622326
decision_type=2 2 2 2 2 2 2 2 2 2 2 2 2 2
left_child=4 2 9 -3 6 -6 -1 8 -8 12 -11 -9 -2 -14
right_child=1 3 -4 -5 5 -7 7 11 -10 10 -12 -13 13 -15
leaf_value=-0.023675735456592972 0.016499568154585399 0.14940476253198287 -0.11380961428349692 -0.4009664088544812 -0.054070088115915634 0.25219058847313841 0.56274457386265686 -0.049563328885769274 0.10755691461889988 0.78658075862371635 0.069003888488031684 0.10250206442723096 0.2817188160642366 0.052989566383454645
leaf_weight=465018 1662720 48132 55897 1814 623560 8478 6847 45203 14531 2854 18395 33510 12261 27668
leaf_count=465018 1662720 48132 55897 1814 623560 8478 6847 45203 14531 2854 18395 33510 12261 27668
internal_value=3.71697e-06 0.0196635 0.016585 0.129339 -0.0300446 -0.049958 -0.00777208 0.0661103 0.253541 0.0208136 0.165709 0.0151791 0.0190044 0.123279
internal_weight=3.02689e+06 1.82974e+06 1.7798e+06 49946 1.19715e+06 632038 565109 100091 21378 1.7239e+06 21249 78713 1.70265e+06 39929
internal_count=3026888 1829741 1779795 49946 1197147 632038 565109 100091 21378 1723898 21249 78713 1702649 39929
is_linear=0
shrinkage=0.02


Tree=42
num_leaves=15
num_cat=0
split_feature=8 7 22 7 24 7 21 22 7 21 7 24 7 0
split_gain=4.29327e+06 1.85083e+06 2.58638e+06 5.27775e+06 7.42606e+06 3.17005e+06 3.7102e+06 2.46974e+06 3.73426e+06 2.16734e+06 2.17764e+06 2.63466e+06 2.04674e+06 1.88276e+06
threshold=-0.70585528016090382 11187.069824218752 11349.734863281252 11412.109375000002 11438.296386718752 11366.788574218752 11394.635742187502 10992.567382812502 11062.605957031252 11876.474121093752 11436.903808593752 11399.250000000002 11336.017089843752 3856.5000000000005
decision_type=2 2 2 2 2 2 2 2 2 2 2 2 2 2
left_child=-1 7 -3 4 5 6 12 8 13 10 -5 -12 -4 -2
right_child=1 2 3 9 -6 -7 -8 -9 -10 -11 11 -13 -14 -15
leaf_value=-0.029443508589942612 -0.0072726533676666996 -0.053206304347120148 0.78948550963440389 0.075731381653751845 0.87213616062339638 0.0024110767684110334 0.6798326344612875 0.096719151842073414 -0.88816175129102615 0.021011414624624521 -0.74629092177897127 -0.086697694096964734 0.098759076374934265 0.085609646515335064
leaf_weight=1197147 291990 247863 1857 36525 5734 38218 7000 242986 1807 683932 2461 123574 21282 124512
leaf_count=1197147 291990 247863 1857 36525 5734 38218 7000 242986 1807 683932 2461 123574 21282 124512
internal_value=3.75815e-06 0.0192703 0.00413764 0.0195777 0.18143 0.123372 0.276706 0.0460079 0.0165492 0.00540918 -0.0602306 -0.0996355 0.154511 0.0204956
internal_weight=3.02689e+06 1.82974e+06 1.16845e+06 920583 74091 68357 30139 661295 418309 846492 162560 126035 23139 416502
internal_count=3026888 1829741 1168446 920583 74091 68357 30139 661295 418309 846492 162560 126035 23139 416502
is_linear=0
shrinkage=0.02


Tree=43
num_leaves=15
num_cat=0
split_feature=9 24 19 9 0 20 21 5 22 20 22 9 24 9
split_gain=4.2129e+06 3.15373e+06 1.50689e+06 1.26577e+06 1.35849e+06 1.41704e+06 1.55289e+06 1.24661e+06 1.24096e+06 1.12766e+06 4.16217e+06 3.15003e+06 2.64523e+06 1.93958e+06
threshold=0.54717978835105907 12729.683105468752 11854.290527343752 0.93001860380172741 2624.5000000000005 12771.909667968752 12823.506835937502 0.082499999552965178 12747.870117187502 12207.383789062502 12363.823730468752 -0.562171310186386 12264.205566406252 -0.69185054302215565
decision_type=2 2 2 2 2 2 2 2 2 2 2 2 2 2
left_child=7 3 -3 4 -2 -6 -7 9 -4 -1 11 -11 -13 -12
right_child=1 2 8 -5 5 6 -8 -9 -10 10 13 12 -14 -15
leaf_value=0.0046566624203363046 -0.020027544198368254 0.72368749949236177 0.45074128268300928 -0.31306820061292562 -0.079599103906789384 0.76780819603159456 -0.11839915957432007 0.11779180332578112 0.052955414294185967 -0.032314952806556232 0.22925708294176639 0.15316188299733097 0.44181209136949384 -0.010327822010493702
leaf_weight=1841254 381938 2049 4147 7143 325243 1649 1507 44837 12800 29860 14201 68304 15597 276359
leaf_count=1841254 381938 2049 4147 7143 325243 1649 1507 44837 12800 29860 14201 68304 15597 276359
internal_value=3.74362e-06 -0.0416061 0.21268 -0.0483415 -0.0456751 -0.0755024 0.345598 0.0133834 0.150505 0.0112982 0.0415424 0.14409 0.206868 0.00138921
internal_weight=3.02689e+06 736476 18996 717480 710337 328399 3156 2.29041e+06 16947 2.24558e+06 404321 113761 83901 290560
internal_count=3026888 736476 18996 717480 710337 328399 3156 2290412 16947 2245575 404321 113761 83901 290560
is_linear=0
shrinkage=0.02


Tree=44
num_leaves=15
num_cat=0
split_feature=9 24 8 19 17 9 8 4 24 24 23 19 19 24
split_gain=4.04602e+06 3.02915e+06 1.79386e+06 1.44755e+06 1.29028e+06 1.21573e+06 1.11095e+06 1.70893e+06 1.07065e+06 1.04365e+06 1.03736e+06 942196 1.71489e+06 1.44172e+06
threshold=0.54717978835105907 12729.683105468752 -0.96283337473869313 11854.290527343752 0.20585037767887118 0.93001860380172741 0.59558829665184032 -60.585000991821282 11286.353027343752 11529.431640625002 12752.052734375002 12781.932128906252 12721.138183593752 12181.016601562502
decision_type=2 2 2 2 2 2 2 2 2 2 2 2 2 2
left_child=2 5 8 -3 -4 6 -2 -8 -1 -7 -5 12 13 -6
right_child=1 3 4 10 11 9 7 -9 -10 -11 -12 -13 -14 -15
leaf_value=0.061498698738745139 -0.047278996658484389 0.70928406189691107 0.087881090972207559 0.4092427157149689 0.010178671634820708 -0.85366016085276342 0.75810354798803647 0.030641805400784282 -0.05229472489555332 -0.19965018050161384 0.053958660411178923 0.12731237557588676 -0.088399446421188146 0.060220762784208882
leaf_weight=38700 703219 2049 104746 4453 1556552 1159 1685 5433 227148 5984 12494 29827 63173 270266
leaf_count=38700 703219 2049 104746 4453 1556552 1159 1685 5433 227148 5984 12494 29827 63173 270266
internal_value=3.82543e-06 -0.0407736 0.0131158 0.20844 0.0195297 -0.0473746 -0.0447614 0.203674 -0.0357278 -0.306816 0.147501 0.0158 0.0140395 0.0175824
internal_weight=3.02689e+06 736476 2.29041e+06 18996 2.02456e+06 717480 710337 7118 265848 7143 16947 1.91982e+06 1.88999e+06 1.82682e+06
internal_count=3026888 736476 2290412 18996 2024564 717480 710337 7118 265848 7143 16947 1919818 1889991 1826818
is_linear=0
shrinkage=0.02


Tree=45
num_leaves=15
num_cat=0
split_feature=8 20 0 20 8 8 20 24 23 20 0 17 20 0
split_gain=3.88471e+06 1.69041e+06 1.36283e+06 1.54765e+06 1.93624e+06 2.67504e+06 1.99591e+06 2.49154e+06 1.426e+06 1.47464e+06 1.23946e+06 1.29416e+06 1.36241e+06 1.09136e+06
threshold=-0.70585528016090382 12866.601562500002 2250.5000000000005 11445.410644531252 -0.95844322443008412 -0.86513796448707569 12097.172851562502 12175.502441406252 12714.244628906252 12207.383789062502 1443.5000000000002 0.21472527831792834 10726.558593750002 7394.5000000000009
decision_type=2 2 2 2 2 2 2 2 2 2 2 2 2 2
left_child=2 10 -1 -4 -5 6 -6 -8 9 -7 -2 -12 -13 -14
right_child=1 -3 3 4 5 8 7 -9 -10 -11 11 12 13 -15
leaf_value=-0.0050020339095644675 -0.0086989753902251849 0.28017747828704243 -0.07214079230484681 -0.095232401388224891 0.030161307010382343 0.017005554074812492 0.98896905068159102 0.20076133999456092 0.25290957972288303 -0.14006388157974617 0.11145312888497272 0.11280521636400841 0.019553765330446008 -0.1957444723879202
leaf_weight=553665 533833 9799 398239 72242 40195 51095 1690 28755 6343 44923 69553 63677 1143393 9486
leaf_count=553665 533833 9799 398239 72242 40195 51095 1690 28755 6343 44923 69553 63677 1143393 9486
internal_value=3.81999e-06 0.0183307 -0.0280073 -0.047801 -0.00827536 0.0280396 0.122701 0.244826 -0.0372923 -0.0564877 0.0169193 0.0275529 0.0227553 0.0177806
internal_weight=3.02689e+06 1.82974e+06 1.19715e+06 643482 245243 173001 70640 30445 102361 96018 1.81994e+06 1.28611e+06 1.21656e+06 1.15288e+06
internal_count=3026888 1829741 1197147 643482 245243 173001 70640 30445 102361 96018 1819942 1286109 1216556 1152879
is_linear=0
shrinkage=0.02


Tree=46
num_leaves=15
num_cat=0
split_feature=9 23 8 0 20 23 9 4 8 9 5 20 9 0
split_gain=3.78328e+06 2.77611e+06 1.65629e+06 1.3488e+06 1.49119e+06 3.60704e+06 4.44159e+06 3.0727e+06 2.75892e+06 1.57637e+06 1.24448e+06 1.27775e+06 1.17967e+06 1.29198e+06
threshold=0.52661553025245678 12740.406250000002 -0.96283337473869313 1068.5000000000002 12184.038085937502 12366.731445312502 -0.562171310186386 -117.56499862670897 0.80688521265983593 -0.31321409344673151 0.06749999895691873 10726.558593750002 0.93001860380172741 2604.5000000000005
decision_type=2 2 2 2 2 2 2 2 2 2 2 2 2 2
left_child=2 12 -1 -4 9 6 -6 -8 -7 10 11 -5 13 -2
right_child=1 -3 3 4 5 8 7 -9 -10 -11 -12 -13 -14 -15
leaf_value=-0.034122799942961343 -0.017840975529301858 0.19962795182901349 -0.012298004775145224 0.11096398184147917 -0.064612776554857282 0.12100781979311898 0.66752588260591572 0.20120478589791804 -0.033605620128560193 -0.01320068370761176 0.11086816337687765 0.018298136281429161 -0.30088880721444894 -0.071547818657384021
leaf_weight=265848 386032 18983 432757 65048 25839 69580 6125 72226 137128 430071 76338 699423 7143 334347
leaf_count=265848 386032 18983 432757 65048 25839 69580 6125 72226 137128 430071 76338 699423 7143 334347
internal_value=3.8428e-06 -0.0390757 0.012797 0.018989 0.0275488 0.0668096 0.162757 0.23774 0.0184421 0.0179438 0.0338741 0.0261843 -0.0453068 -0.0427684
internal_weight=3.02689e+06 746505 2.28038e+06 2.01454e+06 1.58178e+06 310898 104190 78351 206708 1.27088e+06 840809 764471 727522 720379
internal_count=3026888 746505 2280383 2014535 1581778 310898 104190 78351 206708 1270880 840809 764471 727522 720379
is_linear=0
shrinkage=0.02


Tree=47
num_leaves=15
num_cat=0
split_feature=5 7 22 19 7 7 21 7 7 22 21 7 7 22
split_gain=2.9583e+06 1.75816e+06 2.7107e+06 2.49664e+06 1.99902e+06 1.54727e+06 7.3796e+06 3.99495e+06 2.76123e+06 1.93531e+06 1.66865e+06 5.91123e+06 1.5997e+06 1.30384e+06
threshold=-0.0074999998323619357 11187.069824218752 11175.696777343752 11204.702636718752 11208.335937500002 11436.903808593752 11442.897460937502 11511.719238281252 11408.699707031252 11410.783691406252 11394.635742187502 11366.788574218752 11371.945312500002 12049.951660156252
decision_type=2 2 2 2 2 2 2 2 2 2 2 2 2 2
left_child=13 2 -2 4 -3 6 10 9 -8 -7 12 -12 -5 -1
right_child=1 3 -4 5 -6 7 8 -9 -10 -11 11 -13 -14 -15
leaf_value=-0.036643181750673777 0.029310041444886858 -0.028617859476554184 0.17106503394159639 0.025506448666930307 -0.19884341728080615 -0.59330255575665169 0.98862904161781762 0.010488303423350515 0.3270836674605539 -0.13012050733748995 0.67087147761666321 0.051004162091749537 -0.14406821881291434 0.012299556168074434
leaf_weight=893206 594272 87971 59339 147994 40200 3853 3880 758825 7234 55009 6934 54095 26180 287896
leaf_count=893206 594272 87971 59339 147994 40200 3853 3880 758825 7234 55009 6934 54095 26180 287896
internal_value=3.82344e-06 0.0158201 0.0421819 0.00136701 -0.0820195 0.0114125 0.0553542 -0.0018248 0.558718 -0.160536 0.0315461 0.121531 1.08493e-05 -0.0247133
internal_weight=3.02689e+06 1.84579e+06 653611 1.19218e+06 128171 1.064e+06 246317 817687 11114 58862 235203 61029 174174 1.1811e+06
internal_count=3026888 1845786 653611 1192175 128171 1064004 246317 817687 11114 58862 235203 61029 174174 1181102
is_linear=0
shrinkage=0.02


Tree=48
num_leaves=15
num_cat=0
split_feature=9 23 7 19 7 9 7 9 4 19 7 19 25 23
split_gain=3.55644e+06 2.66244e+06 1.63345e+06 4.29893e+06 3.52984e+06 2.84792e+06 2.78912e+06 4.71084e+06 2.67032e+06 2.56251e+06 2.64518e+06 2.42909e+06 2.4226e+06 2.07688e+06
threshold=0.54717978835105907 12740.406250000002 11187.069824218752 10991.822753906252 11062.605957031252 0.24782752245664599 10871.677246093752 -0.15017700195312497 215.84500122070315 10852.455078125002 10841.455566406252 11204.702636718752 0.10288297757506372 10997.779296875002
decision_type=2 2 2 2 2 2 2 2 2 2 2 2 2 2
left_child=2 -2 3 4 6 -5 9 8 13 -1 -11 -4 -10 -8
right_child=1 -3 11 5 -6 -7 7 -9 12 10 -12 -13 -14 -15
leaf_value=0.029425034086536482 -0.04441337529230123 0.19549689268915774 -0.087067758414257151 0.09626054479793357 -0.89343948953307928 0.61874583341902845 -0.01042851510349263 -0.19245465904627712 0.34349625231858633 0.74455823104935559 0.15894757559495648 0.0079540235844714948 -0.24096659014280059 -0.79409639475460814
leaf_weight=215586 717493 18983 116142 240598 1745 4237 139182 62919 15346 3560 22806 1463463 3472 1356
leaf_count=215586 717493 18983 116142 240598 1745 4237 139182 62919 15346 3560 22806 1463463 3472 1356
internal_value=3.82364e-06 -0.038227 0.012297 0.0374749 0.00182178 0.105327 0.00520623 -0.0459394 0.011918 0.0521924 0.238271 0.000966935 0.235589 -0.0180459
internal_weight=3.02689e+06 736476 2.29041e+06 710807 465972 244835 464227 222275 159356 241952 26366 1.5796e+06 18818 140538
internal_count=3026888 736476 2290412 710807 465972 244835 464227 222275 159356 241952 26366 1579605 18818 140538
is_linear=0
shrinkage=0.02


Tree=49
num_leaves=15
num_cat=0
split_feature=9 21 4 7 21 7 9 7 9 4 21 0 7 21
split_gain=3.41727e+06 2.1363e+06 1.6688e+06 1.56888e+06 4.0143e+06 3.40509e+06 3.19105e+06 2.56193e+06 4.65675e+06 2.89189e+06 2.6319e+06 2.2465e+06 2.04683e+06 2.00264e+06
threshold=0.52661553025245678 12757.176269531252 -95.834999084472642 11187.069824218752 10991.630859375002 11062.605957031252 0.22064693272113803 10871.677246093752 -0.15017700195312497 215.84500122070315 10830.896972656252 7394.5000000000009 10686.754882812502 11394.635742187502
decision_type=2 2 2 2 2 2 2 2 2 2 2 2 2 2
left_child=3 -2 -3 4 5 7 -6 10 9 -9 12 -11 -1 -5
right_child=1 2 -4 13 6 -7 -8 8 -10 11 -12 -13 -14 -15
leaf_value=0.092304376415601214 -0.043847702282438991 0.40496847197980634 0.046415080045278174 -0.038184517364484985 0.093532951563296954 -0.88143832192442928 0.65889490822164121 -0.017954072291127134 -0.18854459525166598 0.32130527826075117 0.17839283188126839 -0.28297867698142437 -0.040015152564633727 0.014023268801363301
leaf_weight=82107 718257 6847 21401 391523 237583 1726 4052 141656 62968 17548 51240 2854 108603 1178523
leaf_count=82107 718257 6847 21401 391523 237583 1726 4052 141656 62968 17548 51240 2854 108603 1178523
internal_value=3.74279e-06 -0.0371374 0.133438 0.0121624 0.0368251 0.00268688 0.103041 0.00597356 -0.0426005 0.0141145 0.0511499 0.236675 0.0169546 0.00100402
internal_weight=3.02689e+06 746505 28248 2.28038e+06 710337 468702 241635 466976 225026 162058 241950 20402 190710 1.57005e+06
internal_count=3026888 746505 28248 2280383 710337 468702 241635 466976 225026 162058 241950 20402 190710 1570046
is_linear=0
shrinkage=0.02


Tree=50
num_leaves=15
num_cat=0
split_feature=9 24 8 7 7 24 21 7 7 21 9 24 21 24
split_gain=3.28193e+06 2.537e+06 1.53095e+06 1.52096e+06 1.24917e+06 2.06366e+06 1.45325e+06 3.26091e+06 2.28036e+06 4.0526e+06 2.93271e+06 2.13025e+06 1.93575e+06 1.55098e+06
threshold=0.52661553025245678 12729.683105468752 -0.96283337473869313 11362.400878906252 10682.054199218752 10652.731933593752 10956.669921875002 11183.166503906252 10871.677246093752 10830.896972656252 -0.094809673726558671 11190.915039062502 11205.117675781252 10905.901367187502
decision_type=2 2 2 2 2 2 2 2 2 2 2 2 2 2
left_child=2 -2 3 -1 5 -4 8 12 9 -6 -10 -9 -8 -11
right_child=1 -3 4 -5 6 -7 7 11 10 13 -12 -13 -14 -15
leaf_value=0.045234614773816927 -0.04235339509036215 0.19171732340102984 0.017489028704301003 -0.062368275240648002 -0.035633755889394499 0.24306331311517432 0.07613017525846319 -0.094856598239786816 -0.028858559314871243 0.16715301604656913 -0.23278525104730416 0.015794291364993857 0.38120567809755473 0.893382445651702
leaf_weight=72086 727509 18996 43732 193762 117575 25781 262127 73548 107428 44419 38245 1291898 8583 1199
leaf_count=72086 727509 18996 43732 193762 117575 25781 262127 73548 107428 44419 38245 1291898 8583 1199
internal_value=3.68889e-06 -0.0363946 0.0119191 -0.0331905 0.0178722 0.101173 0.0148946 0.0224058 -0.024894 0.0264489 -0.0824099 0.00983356 0.0858165 0.186433
internal_weight=3.02689e+06 746505 2.28038e+06 265848 2.01454e+06 69513 1.94502e+06 1.63616e+06 308866 163193 145673 1.36545e+06 270710 45618
internal_count=3026888 746505 2280383 265848 2014535 69513 1945022 1636156 308866 163193 145673 1365446 270710 45618
is_linear=0
shrinkage=0.02


Tree=51
num_leaves=15
num_cat=0
split_feature=8 20 0 20 8 8 20 19 23 20 4 8 0 5
split_gain=3.14077e+06 1.53019e+06 1.29533e+06 1.38302e+06 1.84717e+06 2.38927e+06 1.82209e+06 2.14629e+06 1.26556e+06 1.42881e+06 1.83857e+06 1.1926e+06 1.12868e+06 1.11403e+06
threshold=-0.70585528016090382 12866.601562500002 2230.5000000000005 11445.410644531252 -0.95844322443008412 -0.86513796448707569 12097.172851562502 12176.553222656252 12714.244628906252 12207.383789062502 -170.92499542236325 -0.78159695863723744 1422.5000000000002 0.082499999552965178
decision_type=2 2 2 2 2 2 2 2 2 2 2 2 2 2
left_child=2 12 -1 -4 -5 6 -6 -8 9 -7 11 -11 -2 -14
right_child=1 -3 3 4 5 8 7 -9 -10 10 -12 -13 13 -15
leaf_value=-0.0025759061033308319 -0.0095597078617936874 0.26561148647091903 -0.067261749861403056 -0.091608619589955545 0.02935436804053369 0.020861702491409218 0.98503761451162142 0.19643832458483845 0.23932217925166963 -0.010221062024922456 -0.2024014327255777 0.51522129210608225 0.02204770477123405 0.1350345071577585
leaf_weight=548944 526103 9799 401038 72940 40457 51475 1440 29185 6383 8144 34958 2183 1257946 35893
leaf_count=548944 526103 9799 401038 72940 40457 51475 1440 29185 6383 8144 34958 2183 1257946 35893
internal_value=3.71682e-06 0.0164826 -0.0251829 -0.0443276 -0.00711459 0.0282623 0.117471 0.233829 -0.033222 -0.051224 -0.13315 0.10124 0.0151398 0.0251832
internal_weight=3.02689e+06 1.82974e+06 1.19715e+06 648203 247165 174225 71082 30625 103143 96760 45285 10327 1.81994e+06 1.29384e+06
internal_count=3026888 1829741 1197147 648203 247165 174225 71082 30625 103143 96760 45285 10327 1819942 1293839
is_linear=0
shrinkage=0.02


Tree=52
num_leaves=15
num_cat=0
split_feature=4 7 19 23 7 19 7 7 7 24 7 7 24 0
split_gain=2.79251e+06 1.51929e+06 2.74069e+06 2.6265e+06 2.23171e+06 6.8441e+06 4.6308e+06 2.3693e+06 2.07537e+06 2.07166e+06 4.40403e+06 2.14678e+06 1.74931e+06 1.47285e+06
threshold=15.675000190734865 11185.731445312502 11204.702636718752 11175.857910156252 11436.903808593752 11451.205566406252 11474.890136718752 11408.699707031252 11206.626464843752 11386.802246093752 11366.788574218752 11371.945312500002 11390.688964843752 3359.5000000000005
decision_type=2 2 2 2 2 2 2 2 2 2 2 2 2 2
left_child=-1 3 8 -2 5 9 12 -7 -3 11 -11 -4 -6 -5
right_child=1 2 4 13 6 7 -8 -9 -10 10 -12 -13 -14 -15
leaf_value=-0.019484408645211556 0.031815026015372269 -0.025058080211190343 0.037361317417906985 0.1120811367347441 -0.8402106617284163 0.95575828308483857 0.011925087899710744 0.31505393180937252 -0.20569597454701533 0.57149860199935665 0.075645550196675626 -0.20096228694885945 -0.17963193203075226 0.34841894526548772
leaf_weight=1491688 497103 71227 121010 34599 1662 4184 634381 5170 39571 8491 45613 17267 39748 15174
leaf_count=1491688 497103 71227 121010 34599 1662 4184 634381 5170 39571 8491 45613 17267 39748 15174
internal_value=3.77658e-06 0.0189396 0.00413946 0.0456861 0.0159742 0.0743484 -0.00145231 0.602355 -0.089585 0.0486455 0.153556 0.00758872 -0.206341 0.184188
internal_weight=3.02689e+06 1.5352e+06 988324 546876 877526 201735 675791 9354 110798 192381 54104 138277 41410 49773
internal_count=3026888 1535200 988324 546876 877526 201735 675791 9354 110798 192381 54104 138277 41410 49773
is_linear=0
shrinkage=0.02


Tree=53
num_leaves=15
num_cat=0
split_feature=9 23 8 0 20 23 9 4 8 9 19 22 4 21
split_gain=3.00207e+06 2.32036e+06 1.36519e+06 1.20828e+06 1.40962e+06 3.46054e+06 4.22633e+06 2.9009e+06 2.57219e+06 1.36004e+06 1.17612e+06 1.18488e+06 1.17526e+06 1.69615e+06
threshold=0.54717978835105907 12740.406250000002 -0.96283337473869313 1068.5000000000002 12184.038085937502 12366.731445312502 -0.562171310186386 -117.56499862670897 0.80688521265983593 -0.31321409344673151 11854.290527343752 12747.870117187502 131.87500000000003 12272.000000000002
decision_type=2 2 2 2 2 2 2 2 2 2 2 2 2 2
left_child=2 -2 -1 -4 9 6 -6 -8 -7 -5 -3 -12 13 -9
right_child=1 10 3 4 5 8 7 12 -10 -11 11 -13 -14 -15
leaf_value=-0.031311643266775914 -0.040896523710143205 0.61852964334335858 -0.012634352952668427 0.030518320833406411 -0.064956612556192714 0.1135136055348414 0.64713247295935161 0.10854309790098671 -0.034714897139945501 -0.013014710724296493 0.44831450332021527 0.038548844073982728 0.36026715705023071 0.40258151084019617
leaf_weight=265848 717493 2185 435168 840809 25839 71098 6135 49368 137128 435863 3580 13218 13832 9324
leaf_count=265848 717493 2185 435168 840809 25839 71098 6135 49368 137128 435863 3580 13218 13832 9324
internal_value=3.76668e-06 -0.0351212 0.0112982 0.0168935 0.0249781 0.0630336 0.156943 0.229834 0.0159001 0.0156559 0.183072 0.126094 0.194449 0.155316
internal_weight=3.02689e+06 736476 2.29041e+06 2.02456e+06 1.5894e+06 312724 104498 78659 208226 1.27667e+06 18983 16798 72524 58692
internal_count=3026888 736476 2290412 2024564 1589396 312724 104498 78659 208226 1276672 18983 16798 72524 58692
is_linear=0
shrinkage=0.02


Tree=54
num_leaves=15
num_cat=0
split_feature=9 20 7 6 7 19 7 9 7 9 20 4 25 19
split_gain=2.88316e+06 2.0254e+06 1.52353e+06 1.95813e+06 1.3881e+06 3.80609e+06 3.27937e+06 2.66467e+06 2.47465e+06 4.76569e+06 2.54776e+06 2.48837e+06 2.24406e+06 2.17378e+06
threshold=0.54717978835105907 12763.735351562502 12674.207031250002 81.344535827636733 11187.069824218752 10991.822753906252 11062.605957031252 0.24782752245664599 10882.475585937502 -0.11262255162000655 10886.642578125002 215.84500122070315 0.18237472325563434 11204.702636718752
decision_type=2 2 2 2 2 2 2 2 2 2 2 2 2 2
left_child=4 -2 -3 -4 5 6 8 -7 -1 11 -11 -10 -13 -6
right_child=1 2 3 -5 13 7 -8 -9 9 10 -12 12 -14 -15
leaf_value=0.046539133501877154 -0.040782677060644465 0.51783066382392406 -0.08125094716770466 0.29668226695772237 -0.082651897082801767 0.089357090549392865 -0.86217817359772175 0.59475143727107216 -0.020431576687824554 -0.39885397595442906 -0.10841456636236392 0.31389602913085884 -0.30993481384531674 0.0072376050990859723
leaf_weight=251097 710328 3634 13092 9422 116142 240598 1745 4237 141326 18616 34415 16089 2684 1463463
leaf_count=251097 710328 3634 13092 9422 116142 240598 1745 4237 141326 18616 34415 16089 2684 1463463
internal_value=3.86137e-06 -0.0344185 0.138418 0.0769729 0.0110724 0.0342825 0.000735231 0.0981272 0.00399741 -0.0461224 -0.210427 0.00831115 0.224588 0.000627898
internal_weight=3.02689e+06 736476 26148 22514 2.29041e+06 710807 465972 244835 464227 213130 53031 160099 18773 1.5796e+06
internal_count=3026888 736476 26148 22514 2290412 710807 465972 244835 464227 213130 53031 160099 18773 1579605
is_linear=0
shrinkage=0.02


Tree=55
num_leaves=15
num_cat=0
split_feature=8 7 19 23 7 7 21 7 7 21 19 7 20 7
split_gain=2.72306e+06 1.45591e+06 2.25323e+06 2.10703e+06 1.72651e+06 1.6065e+06 7.06457e+06 4.13587e+06 2.53555e+06 1.85921e+06 1.6433e+06 3.54509e+06 2.35399e+06 1.91129e+06
threshold=-0.70585528016090382 11185.731445312502 11204.702636718752 11175.857910156252 11203.626464843752 11436.903808593752 11442.897460937502 11593.970214843752 11408.699707031252 11417.887695312502 11384.015625000002 11366.788574218752 11398.597656250002 11371.945312500002
decision_type=2 2 2 2 2 2 2 2 2 2 2 2 2 2
left_child=-1 3 4 -2 -3 6 10 9 -8 -7 13 12 -12 -4
right_child=1 2 5 -5 -6 7 8 -9 -10 -11 11 -13 -14 -15
leaf_value=-0.023448180544380106 0.027965873200279236 -0.014117800310378119 0.022559540258464912 0.15318201764141889 -0.15897473643486953 -0.58054154612932696 0.93593541616022335 0.012569246067000215 0.31523566483706972 -0.12373915202111875 0.10501116447865 0.052476097084120432 0.70386139762638122 -0.20211559588506728
leaf_weight=1197147 593551 78650 141601 59098 56587 3758 4184 736390 7117 66171 4569 54940 6176 16949
leaf_count=1197147 593551 78650 141601 59098 56587 3758 4184 736390 7117 66171 4569 54940 6176 16949
internal_value=3.78131e-06 0.0153478 0.00206341 0.0393065 -0.0747375 0.0120331 0.0579826 -0.00138984 0.545665 -0.148368 0.0333811 0.11749 0.449554 -0.00146934
internal_weight=3.02689e+06 1.82974e+06 1.17709e+06 652649 135237 1.04186e+06 235536 806319 11301 69929 224235 65685 10745 158550
internal_count=3026888 1829741 1177092 652649 135237 1041855 235536 806319 11301 69929 224235 65685 10745 158550
is_linear=0
shrinkage=0.02


Tree=56
num_leaves=15
num_cat=0
split_feature=9 23 7 19 7 7 7 7 23 20 19 20 7 23
split_gain=2.70675e+06 2.16107e+06 1.31545e+06 1.98374e+06 1.25204e+06 2.42708e+06 2.62814e+06 2.07181e+06 3.00565e+06 2.72898e+06 2.3133e+06 1.74793e+06 3.11308e+06 1.79273e+06
threshold=0.54717978835105907 12740.406250000002 10682.054199218752 10656.072753906252 10975.490722656252 11049.319824218752 11191.665527343752 11033.247558593752 11058.588867187502 11067.685546875002 10978.708984375002 11198.924316406252 11211.318847656252 11156.387207031252
decision_type=2 2 2 2 2 2 2 2 2 2 2 2 2 2
left_child=2 4 3 -1 -2 7 -7 8 9 -6 -9 12 13 -8
right_child=1 -3 -4 -5 5 6 11 10 -10 -11 -12 -13 -14 -15
leaf_value=0.014287955290945205 0.0055094526116771557 0.17722168770346516 0.008045903199403388 0.23535401624182251 -0.079551131996537683 0.05425626787884541 -0.30742152615575175 -0.97169489889878491 -0.33936648234328121 0.46441888865888126 -0.26226919292548906 -0.040315860073810307 -0.41907133817600062 -0.029478020743324566
leaf_weight=43731 187416 18983 2220864 25817 42790 98449 11636 2330 17573 4027 8645 284941 13934 45752
leaf_count=43731 187416 18983 2220864 25817 42790 98449 11636 2330 17573 4027 8645 284941 13934 45752
internal_value=3.78707e-06 -0.0333488 0.0107283 0.0963725 -0.0389224 -0.0546317 -0.0372069 -0.159745 -0.116413 -0.0326715 -0.41363 -0.0624825 -0.151023 -0.085878
internal_weight=3.02689e+06 736476 2.29041e+06 69548 717493 530077 454712 75365 64390 46817 10975 356263 71322 57388
internal_count=3026888 736476 2290412 69548 717493 530077 454712 75365 64390 46817 10975 356263 71322 57388
is_linear=0
shrinkage=0.02


Tree=57
num_leaves=15
num_cat=0
split_feature=4 19 19 4 25 4 19 23 22 4 19 0 19 4
split_gain=2.33495e+06 1.15836e+06 1.68472e+06 1.37219e+06 1.08871e+06 1.44752e+06 2.3545e+06 1.52905e+06 1.01752e+06 2.12339e+06 1.94207e+06 1.5102e+06 1.32899e+06 1.7934e+06
threshold=15.675000190734865 12781.932128906252 12721.138183593752 241.00000000000003 0.024547336623072628 133.54499816894534 12168.493652343752 12212.610839843752 12223.207519531252 -170.92499542236325 12378.698730468752 2702.5000000000005 12218.208496093752 -30.894999504089352
decision_type=2 2 2 2 2 2 2 2 2 2 2 2 2 2
left_child=8 2 4 -3 5 -2 -7 -8 11 10 -10 -1 13 -11
right_child=1 3 -4 -5 -6 6 7 -9 9 12 -12 -13 -14 -15
leaf_value=-0.0075183308022121155 0.005040183905817076 0.22282185231896384 -0.092490406374947792 -0.29974362878083499 0.032852095203997664 -0.083384138740446187 -1.363329183717654 -0.34615988216606985 0.52612111463914724 0.27820982636407854 0.094875203356445101 -0.052736889090104849 -0.014672215347279896 -0.09468936222818157
leaf_weight=751995 519325 18438 55863 2247 909000 27761 922 1644 5670 14625 15811 486601 209025 7961
leaf_count=751995 519325 18438 55863 2247 909000 27761 922 1644 5670 14625 15811 486601 209025 7961
internal_value=3.61284e-06 0.0173187 0.0152878 0.165937 0.0194161 -0.0028041 -0.137089 -0.715525 -0.0178166 0.0187245 0.208897 -0.0252834 0.00107842 0.146788
internal_weight=3.02689e+06 1.5352e+06 1.51452e+06 20685 1.45865e+06 549652 30327 2566 1.49169e+06 253092 21481 1.2386e+06 231611 22586
internal_count=3026888 1535200 1514515 20685 1458652 549652 30327 2566 1491688 253092 21481 1238596 231611 22586
is_linear=0
shrinkage=0.02


Tree=58
num_leaves=15
num_cat=0
split_feature=8 7 19 22 7 7 24 7 7 24 0 7 0 4
split_gain=2.4469e+06 1.38137e+06 2.15968e+06 2.11774e+06 3.21077e+06 1.63707e+06 6.75318e+06 3.96997e+06 2.63085e+06 1.96749e+06 1.60256e+06 2.02472e+06 1.68662e+06 2.78874e+06
threshold=-0.70585528016090382 11185.731445312502 11206.271972656252 10992.567382812502 11062.605957031252 11436.903808593752 11438.296386718752 11593.970214843752 11408.699707031252 11399.250000000002 3856.5000000000005 10682.054199218752 7394.5000000000009 222.55500030517581
decision_type=2 2 2 2 2 2 2 2 2 2 2 2 2 2
left_child=-1 3 -3 4 10 6 -4 9 -8 -7 -2 -12 13 -13
right_child=1 2 5 -5 -6 7 8 -9 -10 -11 11 12 -14 -15
leaf_value=-0.022227552432932382 -0.011038941777755924 -0.07171984433049669 0.032432521417723778 0.086018650330312904 -0.82798393780672097 -0.7001449695225912 0.89470139618563038 0.011880626339455514 0.29314990773212929 -0.12547380966659655 0.21791245173325005 -0.0094195058112603678 -0.2628547843117276 0.25625181652160467
leaf_weight=1197147 291990 141354 216696 234340 1807 2461 4498 736374 8241 67468 29956 66553 7287 20716
leaf_count=1197147 291990 141354 216696 234340 1807 2461 4498 736374 8241 67468 29956 66553 7287 20716
internal_value=3.46082e-06 0.0145486 0.00160881 0.037886 0.0109202 0.0116171 0.0587524 -0.00179592 0.506088 -0.145796 0.0145796 0.0746533 0.0292493 0.0536677
internal_weight=3.02689e+06 1.82974e+06 1.17709e+06 652649 418309 1.03574e+06 229435 806303 12739 69929 416502 124512 94556 87269
internal_count=3026888 1829741 1177092 652649 418309 1035738 229435 806303 12739 69929 416502 124512 94556 87269
is_linear=0
shrinkage=0.02


Tree=59
num_leaves=15
num_cat=0
split_feature=8 7 22 24 4 0 22 7 7 24 7 7 24 7
split_gain=2.35e+06 1.32665e+06 2.07307e+06 1.87429e+06 1.27077e+06 1.20106e+06 1.21207e+06 4.43176e+06 2.27209e+06 1.97216e+06 1.69248e+06 1.39694e+06 2.36784e+06 1.8233e+06
threshold=-0.70585528016090382 11185.731445312502 11175.696777343752 11190.915039062502 74.014999389648452 2432.5000000000005 12223.207519531252 12208.110351562502 12531.327636718752 12537.991210937502 12586.145019531252 10882.475585937502 10905.901367187502 10930.785156250002
decision_type=2 2 2 2 2 2 2 2 2 2 2 2 2 2
left_child=5 2 -2 -3 -4 -1 11 -8 9 -9 -10 12 -7 -13
right_child=1 3 4 -5 -6 6 7 8 10 -11 -12 13 -14 -15
leaf_value=-0.00169679846063516 0.026014065337046709 -0.094250931710508953 0.062571714819800173 0.0082231202008851163 0.25038714036660425 0.028727468693925524 0.50412718082430519 0.04398435301713903 -0.30230338487332847 0.5119539600660441 -0.033273367425897142 -0.23150287065716643 0.81906208989590024 -0.054380166209446197
leaf_weight=596979 594835 76337 30463 1100755 27351 37649 7100 40207 13632 3947 29766 24530 1570 441767
leaf_count=596979 594835 76337 30463 1100755 27351 37649 7100 40207 13632 3947 29766 24530 1570 441767
internal_value=3.37542e-06 0.0142576 0.0371281 0.00157669 0.151453 -0.021783 -0.0417621 0.0239198 -0.0150754 0.0859238 -0.117831 -0.0540605 0.0605671 -0.0637027
internal_weight=3.02689e+06 1.82974e+06 652649 1.17709e+06 57814 1.19715e+06 600168 94652 87552 44154 43398 505516 39219 466297
internal_count=3026888 1829741 652649 1177092 57814 1197147 600168 94652 87552 44154 43398 505516 39219 466297
is_linear=0
shrinkage=0.02


Tree=60
num_leaves=15
num_cat=0
split_feature=9 24 19 7 7 7 21 7 24 20 19 7 22 7
split_gain=2.41506e+06 2.10778e+06 1.29502e+06 1.20855e+06 2.33182e+06 2.52902e+06 2.41991e+06 1.98676e+06 2.85975e+06 2.64453e+06 2.21226e+06 1.60866e+06 1.28518e+06 1.26463e+06
threshold=0.54717978835105907 12729.683105468752 11854.290527343752 10975.490722656252 11049.319824218752 11191.665527343752 11156.747070312502 11033.247558593752 11057.229980468752 11053.329589843752 10978.708984375002 10994.884277343752 10935.461914062502 10776.645996093752
decision_type=2 2 2 2 2 2 2 2 2 2 2 2 2 2
left_child=-1 3 -3 12 7 -6 -7 8 9 -5 -9 -10 13 -2
right_child=1 2 -4 4 5 6 -8 10 11 -11 -12 -13 -14 -15
leaf_value=0.010133641460225426 0.071520226536706991 0.65008211946417949 0.11875994712749184 -0.08209154915250505 0.054359696359194819 -0.38101148057161227 -0.051687173209883454 -0.94983081250313006 -0.18723966325802535 0.41256651983183473 -0.25607210187265134 -0.58577952622930773 0.067058873775877631 -0.081612671792413161
leaf_weight=2290412 29948 2049 16947 41930 98449 9151 347099 2330 11345 4810 8645 6305 80409 77059
leaf_count=2290412 29948 2049 16947 41930 98449 9151 347099 2330 11345 4810 8645 6305 80409 77059
internal_value=3.40988e-06 -0.0315009 0.176384 -0.0370073 -0.0524417 -0.0353618 -0.060157 -0.155471 -0.113038 -0.0311086 -0.40409 -0.32986 0.00664584 -0.0387526
internal_weight=3.02689e+06 736476 18996 717480 530064 454699 356250 75365 64390 46740 10975 17650 187416 107007
internal_count=3026888 736476 18996 717480 530064 454699 356250 75365 64390 46740 10975 17650 187416 107007
is_linear=0
shrinkage=0.02


Tree=61
num_leaves=15
num_cat=0
split_feature=8 21 21 4 24 21 22 5 8 21 21 8 8 22
split_gain=2.19261e+06 1.20651e+06 2.16106e+06 1.19692e+06 1.06168e+06 2.97215e+06 929048 885488 975933 1.30994e+06 864718 1.30744e+06 1.93303e+06 1.36262e+06
threshold=-0.70585528016090382 12773.156738281252 12733.143554687502 252.49500274658206 12693.831542968752 12677.274414062502 12705.120605468752 0.082499999552965178 0.73663246631622326 10830.896972656252 11442.897460937502 -0.95380857586860646 -0.86513796448707569 12092.283203125002
decision_type=2 2 2 2 2 2 2 2 2 2 2 2 2 2
left_child=10 2 4 -3 7 -6 -7 -2 9 -9 -1 -12 13 -13
right_child=1 3 -4 -5 5 6 -8 8 -10 -11 11 12 -14 -15
leaf_value=-0.034618326256490362 0.01103030932784637 0.12974350251505215 -0.11132631807316358 -0.39226553202067549 0.7548109043370832 0.25927414584372299 -0.040255635600982324 -0.2340196768971472 0.040469873456421238 0.34200699790373429 -0.046788200292156752 0.028033825320627464 -0.015660426664774213 0.16414450807606704
leaf_weight=730835 1662720 48132 55897 1814 2854 6283 12112 1854 27668 10407 156898 67971 189572 51871
leaf_count=730835 1662720 48132 55897 1814 2854 6283 12112 1854 27668 10407 156898 67971 189572 51871
internal_value=3.26289e-06 0.0137719 0.011051 0.110709 0.0150196 0.155483 0.062136 0.0132657 0.106327 0.254784 -0.0210409 0.000238785 0.0240861 0.0869553
internal_weight=3.02689e+06 1.82974e+06 1.7798e+06 49946 1.7239e+06 21249 18395 1.70265e+06 39929 12261 1.19715e+06 466312 309414 119842
internal_count=3026888 1829741 1779795 49946 1723898 21249 18395 1702649 39929 12261 1197147 466312 309414 119842
is_linear=0
shrinkage=0.02


Tree=62
num_leaves=15
num_cat=0
split_feature=9 24 19 7 19 7 7 7 0 7 8 19 24 7
split_gain=2.25632e+06 1.9881e+06 1.23779e+06 1.19649e+06 1.87063e+06 1.1664e+06 2.23843e+06 2.43881e+06 1.93729e+06 2.57989e+06 3.25411e+06 1.88284e+06 1.58982e+06 3.54233e+06
threshold=0.54717978835105907 12729.683105468752 11854.290527343752 10682.054199218752 10656.072753906252 10975.490722656252 11049.319824218752 11191.665527343752 2034.5000000000002 11002.881835937502 -0.71208626031875599 10974.269531250002 11198.449707031252 11211.318847656252
decision_type=2 2 2 2 2 2 2 2 2 2 2 2 2 2
left_child=3 5 -3 4 -1 -2 8 -8 -7 10 -10 -11 13 -9
right_child=1 2 -4 -5 -6 6 7 12 9 11 -12 -13 -14 -15
leaf_value=0.011765124967798753 0.0070892227981051827 0.63456134338527126 0.11511331717864148 0.0072366213970180759 0.22643553238431596 -0.023296203229094981 0.053882465175828696 -0.067179174836628122 -0.23496450455160137 -0.85216826613267549 0.26027579449975558 -0.32348991430819929 -0.035726354353864773 -0.38959892612406061
leaf_weight=43731 187416 2049 16947 2220864 25817 28895 98449 63220 23091 3392 6881 13106 275661 17369
leaf_count=43731 187416 2049 16947 2220864 25817 28895 98449 63220 23091 3392 6881 13106 275661 17369
internal_value=3.25401e-06 -0.0304481 0.171449 0.00979489 0.0914746 -0.0357958 -0.0509587 -0.0342243 -0.151904 -0.231849 -0.121217 -0.432638 -0.0585733 -0.136709
internal_weight=3.02689e+06 736476 18996 2.29041e+06 69548 717480 530064 454699 75365 46470 29972 16498 356250 80589
internal_count=3026888 736476 18996 2290412 69548 717480 530064 454699 75365 46470 29972 16498 356250 80589
is_linear=0
shrinkage=0.02


Tree=63
num_leaves=15
num_cat=0
split_feature=9 20 7 7 20 23 7 21 24 7 21 7 7 21
split_gain=2.18871e+06 1.58057e+06 3.35671e+06 2.48511e+06 5.84065e+06 1.38396e+06 1.19214e+06 2.26804e+06 1.6447e+06 1.01977e+07 3.34747e+06 2.68107e+06 1.3866e+06 1.36134e+06
threshold=-0.18020786345005033 12105.399414062502 12037.588867187502 12205.328613281252 12207.383789062502 12223.274902343752 11184.267578125002 11205.117675781252 11390.688964843752 11394.600097656252 11404.867675781252 11442.685546875002 11412.109375000002 10963.002441406252
decision_type=2 2 2 2 2 2 2 2 2 2 2 2 2 2
left_child=6 -2 -3 4 -4 -5 7 13 11 10 -10 -8 -11 -1
right_child=1 2 3 5 -6 -7 8 -9 9 12 -12 -13 -14 -15
leaf_value=0.0083924253246532542 -0.0274431683733685 0.88983556843614386 0.022885379508831225 -0.1551612208656872 0.3753498036652429 -0.0044096751820142761 -0.038758389435993273 0.33512200709058643 0.12176529123031447 0.21310474489569012 0.82854748710554926 -0.86697327081589481 0.0040615719198062866 0.072041374509523012
leaf_weight=321070 1204253 1755 100865 27395 23106 219165 213648 10252 4016 12936 8074 1565 647587 231201
leaf_count=321070 1204253 1755 100865 27395 23106 219165 213648 10252 4016 12936 8074 1565 647587 231201
internal_value=3.1486e-06 -0.0163089 0.0197075 0.0155622 0.0886036 -0.0211652 0.0177344 0.040514 0.00330108 0.018699 0.594068 -0.0448212 0.00815877 0.0350391
internal_weight=3.02689e+06 1.57654e+06 372286 370531 123971 246560 1.45035e+06 562523 887826 672613 12090 215213 660523 552271
internal_count=3026888 1576539 372286 370531 123971 246560 1450349 562523 887826 672613 12090 215213 660523 552271
is_linear=0
shrinkage=0.02


Tree=64
num_leaves=15
num_cat=0
split_feature=8 4 0 21 4 21 23 8 20 4 0 21 8 8
split_gain=1.97264e+06 2.26043e+06 981270 1.04055e+06 1.83373e+06 1.27392e+06 1.03975e+06 2.99995e+06 954236 1.60475e+06 937772 958533 1.67605e+06 2.04904e+06
threshold=0.4720101952552796 -59.034999847412102 1187.5000000000002 12781.979003906252 252.49500274658206 12733.143554687502 12669.696289062502 0.72204074263572704 12763.735351562502 -102.12499999999999 2132.5000000000005 11442.897460937502 -0.95844322443008412 -0.86513796448707569
decision_type=2 2 2 2 2 2 2 2 2 2 2 2 2 2
left_child=8 -2 -3 5 -5 6 -4 -8 10 -10 -1 -12 -13 -14
right_child=1 2 3 4 -6 -7 7 -9 9 -11 11 12 13 -15
leaf_value=-0.0019963074757538444 0.72990352704183115 -0.01356226472103891 0.021260860649866157 0.23220656963344366 -0.48646612366450198 -0.086324312473058051 0.62210685386417852 0.026778115561907651 0.3627298220195761 0.022654901712377433 -0.054376662402795775 -0.086565712196729941 0.10649267976479276 -0.027869491165050126
leaf_weight=551173 1753 410687 1221762 16783 1542 43729 4482 13753 6515 37169 452493 74958 74936 115153
leaf_count=551173 1753 410687 1221762 16783 1542 43729 4482 13753 6515 37169 452493 74958 74936 115153
internal_value=3.20369e-06 0.0141292 0.0133923 0.0218943 0.171499 0.0197574 0.0234991 0.173366 -0.0184507 0.0734453 -0.0216154 -0.0366854 -0.0064816 0.0251008
internal_weight=3.02689e+06 1.71449e+06 1.71274e+06 1.30205e+06 18325 1.28373e+06 1.24e+06 18235 1.3124e+06 43684 1.26871e+06 717540 265047 190089
internal_count=3026888 1714491 1712738 1302051 18325 1283726 1239997 18235 1312397 43684 1268713 717540 265047 190089
is_linear=0
shrinkage=0.02


Tree=65
num_leaves=15
num_cat=0
split_feature=9 21 9 24 25 19 25 19 24 19 19 24 21 17
split_gain=2.04e+06 1.38156e+06 1.17096e+06 1.00447e+06 917239 891737 1.22562e+06 1.24993e+06 1.18541e+06 849485 1.55672e+06 870712 954742 815469
threshold=-0.18020786345005033 12093.736816406252 0.93001860380172741 11529.431640625002 0.036893701180815704 12378.698730468752 0.076041750609874739 12221.446777343752 12729.683105468752 12781.932128906252 12721.138183593752 12693.831542968752 12677.274414062502 0.14174178242683413
decision_type=2 2 2 2 2 2 2 2 2 2 2 2 2 2
left_child=9 2 4 -4 -2 6 8 -8 -3 10 11 13 -13 -1
right_child=1 5 3 -5 -6 -7 7 -9 -10 -11 -12 12 -14 -15
leaf_value=0.13760496761900462 -0.01034004109657966 0.023431254451763268 -0.81783585697692929 -0.17631077176883964 -0.046140341493174128 -0.021012363822217765 -0.11182359165676532 0.37805864959906854 0.28779005110465311 0.12531589505182641 -0.083434727706779857 0.75799420506077242 0.12874442729759708 0.015735284299725646
leaf_weight=22323 711632 214173 1159 5984 478919 146897 2815 7963 6997 28448 61529 1031 13261 1323757
leaf_count=22323 711632 214173 1159 5984 478919 146897 2815 7963 6997 28448 61529 1031 13261 1323757
internal_value=3.23004e-06 -0.0157449 -0.0262747 -0.281403 -0.0247416 0.017544 0.0419623 0.250124 0.0318073 0.0171216 0.014956 0.0194068 0.174637 0.0177574
internal_weight=3.02689e+06 1.57654e+06 1.19769e+06 7143 1.19055e+06 378845 231948 10778 221170 1.45035e+06 1.4219e+06 1.36037e+06 14292 1.34608e+06
internal_count=3026888 1576539 1197694 7143 1190551 378845 231948 10778 221170 1450349 1421901 1360372 14292 1346080
is_linear=0
shrinkage=0.02


Tree=66
num_leaves=15
num_cat=0
split_feature=9 20 7 6 7 20 7 7 7 19 19 20 7 9
split_gain=1.98425e+06 1.58398e+06 1.50391e+06 1.77031e+06 1.1706e+06 2.38725e+06 2.04162e+06 1.21205e+06 3.96978e+06 3.19894e+06 1.86464e+06 1.71222e+06 1.34025e+06 1.14397e+06
threshold=0.54717978835105907 12763.735351562502 12674.207031250002 81.344535827636733 11199.704589843752 11198.924316406252 11211.318847656252 11049.319824218752 11002.881835937502 10974.269531250002 11121.601562500002 11105.088867187502 10999.822265625002 0.79364755749702465
decision_type=2 2 2 2 2 2 2 2 2 2 2 2 2 2
left_child=-1 4 -3 -4 7 6 -6 8 10 -10 12 -11 -2 -7
right_child=1 2 3 -5 5 13 -8 -9 9 11 -12 -13 -14 -15
leaf_value=0.0091855475182624057 0.0044281272506771305 0.50124853121462276 -0.087186668176368012 0.27216061515977941 -0.10868825775025449 -0.032387393222849038 -0.39744903840064766 0.03817436358511387 -0.82160643070103334 -0.12449139045909274 -0.1689054661539037 -0.65749684656923535 0.34811405837023962 -0.26633275920767779
leaf_weight=2290412 201868 3634 13092 9422 32950 259901 13934 132133 3461 24597 25558 2664 4633 8629
leaf_count=2290412 201868 3634 13092 9422 32950 259901 13934 132133 3461 24597 25558 2664 4633 8629
internal_value=3.20427e-06 -0.0285532 0.124293 0.0632516 -0.0341814 -0.0629094 -0.194575 -0.0112355 -0.0360806 -0.249686 -0.00779208 -0.1768 0.0121556 -0.0399148
internal_weight=3.02689e+06 736476 26148 22514 710328 315414 46884 394914 262781 30722 232059 27261 206501 268530
internal_count=3026888 736476 26148 22514 710328 315414 46884 394914 262781 30722 232059 27261 206501 268530
is_linear=0
shrinkage=0.02


Tree=67
num_leaves=15
num_cat=0
split_feature=9 23 4 4 19 9 24 9 0 24 0 19 23 19
split_gain=1.91661e+06 1.33945e+06 1.97895e+06 1.63881e+06 1.0838e+06 1.27566e+06 1.39373e+06 1.0783e+06 1.03407e+06 965291 926486 1.18601e+06 1.35852e+06 1.34249e+06
threshold=-0.18020786345005033 12093.508300781252 -170.92499542236325 75.235000610351577 12155.086425781252 -0.10272181034088133 12203.976562500002 0.93001860380172741 2153.5000000000005 11529.431640625002 1304.5000000000002 12781.932128906252 12740.406250000002 12721.138183593752
decision_type=2 2 2 2 2 2 2 2 2 2 2 2 2 2
left_child=10 7 -3 -4 -5 -6 -7 8 -2 -9 -1 13 -13 -12
right_child=1 2 3 4 5 6 -8 9 -10 -11 11 12 -14 -15
leaf_value=-0.0099217733143169267 -0.0031753271817147673 0.17526582113967423 -0.01188915450053943 0.0082896099447809443 -0.14238490294722558 0.44013322115863146 0.10814668207003494 -0.79633796886871777 -0.040743732524459404 -0.16747267196961171 0.028004444792467789 0.72971833089129989 0.12768289142001663 -0.083880934111069949
leaf_weight=386558 524041 29314 308180 19218 3492 9935 10312 1159 664904 5984 997409 1612 19955 44815
leaf_count=386558 524041 29314 308180 19218 3492 9935 10312 1159 664904 5984 997409 1612 19955 44815
internal_value=3.04095e-06 -0.0152614 0.0174251 0.0042434 0.119957 0.210316 0.271187 -0.0256584 -0.0241852 -0.270484 0.0165956 0.0262314 0.173 0.0231927
internal_weight=3.02689e+06 1.57654e+06 380451 351137 42957 23739 20247 1.19609e+06 1.18894e+06 7143 1.45035e+06 1.06379e+06 21567 1.04222e+06
internal_count=3026888 1576539 380451 351137 42957 23739 20247 1196088 1188945 7143 1450349 1063791 21567 1042224
is_linear=0
shrinkage=0.02


Tree=68
num_leaves=15
num_cat=0
split_feature=9 24 7 0 7 7 7 21 0 7 8 22 0 22
split_gain=1.85277e+06 1.76747e+06 1.13356e+06 1.80149e+06 1.11203e+06 2.06979e+06 2.28673e+06 2.29486e+06 1.78625e+06 2.34748e+06 3.03641e+06 1.82555e+06 1.76167e+06 1.2419e+06
threshold=0.54717978835105907 12729.683105468752 10682.054199218752 3784.5000000000005 10975.490722656252 11049.319824218752 11191.665527343752 11156.747070312502 1993.5000000000002 11002.881835937502 -0.71208626031875599 10926.984863281252 3107.5000000000005 10935.461914062502
decision_type=2 2 2 2 2 2 2 2 2 2 2 2 2 2
left_child=2 4 3 -1 13 8 -7 -8 -6 10 -10 -11 -13 -2
right_child=1 -3 -4 -5 5 6 7 -9 9 11 -12 12 -14 -15
leaf_value=-0.0029709292137829815 -0.035387428339380356 0.16277327364123878 0.0063858316112574568 0.20178336344217015 -0.018856881312864764 0.053968148088397401 -0.36737806849201682 -0.046676729423936587 -0.22371213735573489 0.14165073042069218 0.25290762040547821 -0.28318637002806751 -0.72272322591989713 0.0686270585260286
leaf_weight=38525 107007 18996 2220864 31023 28280 98449 9151 347099 23378 2098 6922 7841 6846 80409
leaf_count=38525 107007 18996 2220864 31023 28280 98449 9151 347099 23378 2098 6922 7841 6846 80409
internal_value=3.00381e-06 -0.0275911 0.00887591 0.0883786 -0.0326334 -0.0474387 -0.0313471 -0.0549247 -0.144507 -0.219954 -0.114781 -0.409627 -0.48842 0.00924014
internal_weight=3.02689e+06 736476 2.29041e+06 69548 717480 530064 454699 356250 75365 47085 30300 16785 14687 187416
internal_count=3026888 736476 2290412 69548 717480 530064 454699 356250 75365 47085 30300 16785 14687 187416
is_linear=0
shrinkage=0.02


Tree=69
num_leaves=15
num_cat=0
split_feature=8 21 21 0 21 8 8 21 24 22 21 6 0 8
split_gain=1.67117e+06 1.04784e+06 1.92526e+06 1.02196e+06 1.0029e+06 1.62741e+06 1.91551e+06 1.38412e+06 2.10625e+06 1.02367e+06 1.22113e+06 946769 1.05155e+06 1.25415e+06
threshold=-0.70585528016090382 12773.156738281252 12733.143554687502 2432.5000000000005 11442.897460937502 -0.95844322443008412 -0.86513796448707569 12084.625976562502 12175.502441406252 12715.419433593752 12204.645996093752 77.975151062011733 1363.5000000000002 0.84304407238960277
decision_type=2 2 2 2 2 2 2 2 2 2 2 2 2 2
left_child=3 2 -2 -1 -5 -6 7 -7 -9 10 -8 -3 -13 -14
right_child=1 11 -4 4 5 6 9 8 -10 -11 -12 12 13 -15
leaf_value=0.0001588114467962776 0.01323351339094235 -0.0046201322810097041 -0.10602034640759017 -0.057126415367952744 -0.08762458191373472 0.033754415300181612 0.026545522872654471 0.94145637020606143 0.17582795316633479 0.23257869369162962 -0.1213970219729501 -0.086567376522740352 0.33903192389831932 0.04702887554759988
leaf_weight=596979 1723898 19904 55897 370879 66106 39329 46437 1508 27299 5660 42950 5157 15338 9547
leaf_count=596979 1723898 19904 55897 370879 66106 39329 46437 1508 27299 5660 42950 5157 15338 9547
internal_value=2.88981e-06 0.0120233 0.00948759 -0.0183693 -0.0367986 -0.00391698 0.0299964 0.11092 0.216221 -0.02802 -0.0445455 0.102362 0.173221 0.227071
internal_weight=3.02689e+06 1.82974e+06 1.7798e+06 1.19715e+06 600168 229289 163183 68136 28807 95047 89387 49946 30042 24885
internal_count=3026888 1829741 1779795 1197147 600168 229289 163183 68136 28807 95047 89387 49946 30042 24885
is_linear=0
shrinkage=0.02


Tree=70
num_leaves=15
num_cat=0
split_feature=9 20 7 7 20 23 19 4 7 19 7 24 24 23
split_gain=1.74702e+06 1.32742e+06 3.09857e+06 2.32387e+06 5.45785e+06 1.31196e+06 1.1661e+06 1.6433e+06 1.12399e+06 2.25992e+06 2.75471e+06 7.10103e+06 2.76286e+06 2.10421e+06
threshold=-0.18020786345005033 12105.399414062502 12037.588867187502 12205.328613281252 12207.383789062502 12223.274902343752 12208.181640625002 -30.894999504089352 11184.267578125002 11206.271972656252 11431.541015625002 11438.296386718752 11399.250000000002 11187.580566406252
decision_type=2 2 2 2 2 2 2 2 2 2 2 2 2 2
left_child=8 -2 -3 4 -4 -5 7 -7 13 -10 11 -11 -12 -1
right_child=1 2 3 5 -6 6 -8 -9 9 10 12 -13 -14 -15
leaf_value=0.029689015005668326 -0.024774305218057666 0.85443689537588541 0.021557290688993955 -0.15152715818600895 0.36227542406041835 0.25994515545420138 -0.020108422592216169 -0.10432145750981152 -0.073895246827040253 0.057161639132379191 -0.66031800361433679 0.62175175298476038 0.00039143773564116193 0.21880853055701532
leaf_weight=537923 1204253 1755 100865 27395 23106 14292 197301 7572 133863 122030 2532 9603 619798 24600
leaf_count=537923 1204253 1755 100865 27395 23106 14292 197301 7572 133863 122030 2532 9603 619798 24600
internal_value=2.92126e-06 -0.0145705 0.0184358 0.0144532 0.0850854 -0.0210628 -0.00474891 0.1338 0.0158444 0.00182963 0.0152751 0.0983943 -0.00230725 0.0379633
internal_weight=3.02689e+06 1.57654e+06 372286 370531 123971 246560 219165 21864 1.45035e+06 887826 753963 131633 622330 562523
internal_count=3026888 1576539 372286 370531 123971 246560 219165 21864 1450349 887826 753963 131633 622330 562523
is_linear=0
shrinkage=0.02


Tree=71
num_leaves=15
num_cat=0
split_feature=9 24 7 7 7 21 7 24 21 21 7 22 7 7
split_gain=1.68288e+06 1.6206e+06 1.0752e+06 1.98703e+06 2.20036e+06 2.1928e+06 1.71646e+06 2.54754e+06 1.99472e+06 1.6295e+06 1.47905e+06 1.19431e+06 1.35155e+06 3.46087e+06
threshold=0.54717978835105907 12729.683105468752 10975.490722656252 11049.319824218752 11191.665527343752 11156.747070312502 11033.247558593752 11057.229980468752 11060.871093750002 11000.208984375002 10994.884277343752 10931.529296875002 10776.645996093752 10856.046386718752
decision_type=2 2 2 2 2 2 2 2 2 2 2 2 2 2
left_child=-1 2 11 6 -5 -6 7 8 -4 -8 -9 12 -2 -14
right_child=1 -3 3 4 5 -7 9 10 -10 -11 -12 -13 13 -15
leaf_value=0.0084592792437633273 0.074497964352739171 0.15598796016100233 -0.052386569753932744 0.053773320085427588 -0.35846995851269986 -0.044980956333527965 -0.73382129410085517 -0.16925262211422029 0.57748288072185749 -0.20755357810394492 -0.55137864877597631 0.063444742107351473 -0.34586839964745492 -0.0090740837851757371
leaf_weight=2290412 29948 18996 44644 98449 9151 347099 3416 11345 2096 7559 6305 88462 15830 53176
leaf_count=2290412 29948 18996 44644 98449 9151 347099 3416 11345 2096 7559 6305 88462 15830 53176
internal_value=2.9548e-06 -0.0262956 -0.0311239 -0.0456819 -0.0299153 -0.0530434 -0.14079 -0.10135 -0.0240229 -0.371877 -0.305993 0.0100504 -0.037684 -0.086374
internal_weight=3.02689e+06 736476 717480 530064 454699 356250 75365 64390 46740 10975 17650 187416 98954 69006
internal_count=3026888 736476 717480 530064 454699 356250 75365 64390 46740 10975 17650 187416 98954 69006
is_linear=0
shrinkage=0.02


Tree=72
num_leaves=15
num_cat=0
split_feature=17 5 21 21 24 21 0 0 21 21 24 21 21 23
split_gain=1.49921e+06 1.29225e+06 908324 1.63421e+06 1.00561e+06 2.31819e+06 800497 760430 1.11932e+06 868109 2.72783e+06 1.49368e+06 1.21313e+06 888114
threshold=0.23311556875705722 -0.0074999998323619357 12773.156738281252 12733.143554687502 12693.831542968752 12677.274414062502 8282.5000000000018 2663.5000000000005 11442.897460937502 11096.288574218752 10998.394531250002 10970.001464843752 11156.747070312502 11024.500976562502
decision_type=2 2 2 2 2 2 2 2 2 2 2 2 2 2
left_child=-1 7 3 4 6 -6 -3 -2 9 10 11 -9 -11 -12
right_child=1 2 -4 -5 5 -7 -8 8 -10 12 13 -13 -14 -15
leaf_value=0.04919359052738452 -0.0057886494231376741 0.0074037467986145271 0.10890888127652346 -0.10833226767933601 0.7109075656677577 0.064586958433243274 -0.22053016925616054 -0.03920667959317662 0.00055226548738017314 -0.2164262973915578 0.41009102372914963 -0.28520132341572468 -0.068750604426159559 0.10874140740697423
leaf_weight=229065 595412 1598281 34169 49586 2571 15882 6177 86952 179593 25637 4902 11129 168250 19282
leaf_count=229065 595412 1598281 34169 49586 2571 15882 6177 86952 179593 25637 4902 11129 168250 19282
internal_value=2.7937e-06 -0.00402474 0.00684357 0.00475773 0.00821371 0.154974 0.00652484 -0.0210237 -0.0393211 -0.0619708 -0.0202341 -0.0671455 -0.0882875 0.169969
internal_weight=3.02689e+06 2.79782e+06 1.70667e+06 1.6725e+06 1.62291e+06 18453 1.60446e+06 1.09116e+06 495745 316152 122265 98081 193887 24184
internal_count=3026888 2797823 1706666 1672497 1622911 18453 1604458 1091157 495745 316152 122265 98081 193887 24184
is_linear=0
shrinkage=0.02


Tree=73
num_leaves=15
num_cat=0
split_feature=8 7 19 19 7 19 7 8 7 19 7 7 23 7
split_gain=1.45446e+06 1.16447e+06 1.82068e+06 1.80174e+06 1.6966e+06 1.61683e+06 1.58963e+06 1.4592e+06 1.4561e+06 6.0178e+06 3.73973e+06 2.01284e+06 1.71721e+06 3.69616e+06
threshold=-0.70585528016090382 11187.069824218752 11206.271972656252 10963.340332031252 10682.054199218752 10656.072753906252 11203.626464843752 0.8027104139328004 11436.903808593752 11451.205566406252 11474.890136718752 11408.699707031252 11354.811035156252 11366.788574218752
decision_type=2 2 2 2 2 2 2 2 2 2 2 2 2 2
left_child=-1 3 6 4 5 -2 -3 -5 9 12 -10 -11 -4 -14
right_child=1 2 8 7 -6 -7 -8 -9 10 11 -12 -13 13 -15
leaf_value=-0.017136863186249181 0.013392750650070907 -0.0084793588184909063 -0.01636654447960037 0.088658153104033632 -0.019154754406867119 0.21674575958687464 -0.1466474155070393 -0.023597174719543222 -0.18008431482405096 0.86846830916507045 0.0061880424447127306 0.28974358354068136 0.30632043911391227 0.019238924459226515
leaf_weight=1197147 39653 74940 127077 250235 288755 25817 59947 56835 45693 4184 760610 5670 24675 65650
leaf_count=1197147 39653 74940 127077 250235 288755 25817 59947 56835 45693 4184 760610 5670 24675 65650
internal_value=2.7718e-06 0.0112168 -0.000786336 0.0324249 0.00168777 0.0936028 -0.069891 0.0678809 0.0082329 0.0529464 -0.00437005 0.536103 0.031023 0.0976894
internal_weight=3.02689e+06 1.82974e+06 1.16845e+06 661295 354225 65470 134887 307070 1.03356e+06 227256 806303 9854 217402 90325
internal_count=3026888 1829741 1168446 661295 354225 65470 134887 307070 1033559 227256 806303 9854 217402 90325
is_linear=0
shrinkage=0.02


Tree=74
num_leaves=15
num_cat=0
split_feature=9 20 4 4 20 24 25 9 24 25 9 20 25 19
split_gain=1.55435e+06 1.2455e+06 1.84613e+06 1.51311e+06 1.2382e+06 1.10962e+06 1.74384e+06 1.03179e+06 927434 781011 1.06529e+06 939562 746053 745429
threshold=-0.18020786345005033 12105.399414062502 -170.92499542236325 75.235000610351577 12178.400878906252 12203.976562500002 0.042840577661991126 0.93001860380172741 11529.431640625002 0.066734332591295256 0.49748149514198309 12778.974609375002 0.037161037325859077 12781.932128906252
decision_type=2 2 2 2 2 2 2 2 2 2 2 2 2 2
left_child=13 7 -3 9 -5 6 -6 12 -9 -4 -11 -12 -2 -1
right_child=1 2 3 4 5 -7 -8 8 -10 10 11 -13 -14 -15
leaf_value=0.012916675084679998 -0.0093898813107065309 0.17304737009514198 -0.0019911033765954251 0.0027313188372263771 0.51137430987366284 0.081056759631073158 -0.061536976620787671 -0.77855467829773628 -0.16215314576543388 -0.032324787821730878 -0.47400294629152939 0.16497280176997392 -0.04166207817648479 0.1162965364257552
leaf_weight=1421901 722078 28444 282356 20025 8148 11459 2871 1159 5984 12965 4890 1128 475032 28448
leaf_count=1421901 722078 28444 282356 20025 8148 11459 2871 1159 5984 12965 4890 1128 475032 28448
internal_value=2.80858e-06 -0.0137436 0.0182281 0.0054161 0.117114 0.218968 0.36218 -0.0236275 -0.26312 -0.0103419 -0.134486 -0.354157 -0.0221963 0.0149452
internal_weight=3.02689e+06 1.57654e+06 372286 343842 42503 22478 11019 1.20425e+06 7143 301339 18983 6018 1.19711e+06 1.45035e+06
internal_count=3026888 1576539 372286 343842 42503 22478 11019 1204253 7143 301339 18983 6018 1197110 1450349
is_linear=0
shrinkage=0.02


Tree=75
num_leaves=15
num_cat=0
split_feature=8 20 25 20 8 8 20 23 23 22 20 6 20 21
split_gain=1.34581e+06 1.12131e+06 666762 876434 941867 1.10538e+06 1.05574e+06 1.69245e+06 1.04084e+06 1.17764e+06 852561 659796 633102 1.62659e+06
threshold=-0.70585528016090382 12866.601562500002 0.050657233223319061 11431.277832031252 -0.95844322443008412 -0.86513796448707569 12105.399414062502 12366.731445312502 12731.907226562502 12747.870117187502 12521.416503906252 64.328075408935561 10913.912109375002 10887.832519531252
decision_type=2 2 2 2 2 2 2 2 2 2 2 2 2 2
left_child=2 -2 -1 12 -5 6 -6 11 10 -10 -7 -8 13 -4
right_child=1 -3 3 4 5 8 7 -9 9 -11 -12 -13 -14 -15
leaf_value=-0.0082187243339150937 0.0096402541013361435 0.22405237422990903 -0.062250774153045169 -0.10669767535712633 0.020380817217699434 -0.027118532779589203 -0.062738800334001948 0.089377331602792168 0.77380690494987026 -0.11762588399503551 -0.30104811333884335 0.58800188780303797 -0.090164751411683522 0.25555431532702599
leaf_weight=916198 1819942 9799 33483 23521 23030 28323 709 11843 1271 1099 5404 5032 139268 7966
leaf_count=916198 1819942 9799 33483 23521 23030 28323 709 11843 1271 1099 5404 5032 139268 7966
internal_value=2.71922e-06 0.0107897 -0.0164843 -0.0434377 0.00399426 0.0379442 0.109506 0.226156 -0.0425802 0.361672 -0.0710865 0.507664 -0.069744 -0.00112506
internal_weight=3.02689e+06 1.82974e+06 1.19715e+06 280949 100232 76711 40614 17584 36097 2370 33727 5741 180717 41449
internal_count=3026888 1829741 1197147 280949 100232 76711 40614 17584 36097 2370 33727 5741 180717 41449
is_linear=0
shrinkage=0.02


Tree=76
num_leaves=15
num_cat=0
split_feature=9 24 19 22 7 22 7 21 8 7 7 19 20 19
split_gain=1.46268e+06 1.49792e+06 1.11938e+06 1.18056e+06 1.03015e+06 2.59043e+06 2.34898e+06 1.7016e+06 1.5119e+06 1.3025e+06 3.34481e+06 2.93059e+06 1.61039e+06 1.5228e+06
threshold=0.54717978835105907 12729.683105468752 11854.290527343752 12747.870117187502 11199.704589843752 11198.904785156252 11211.318847656252 11156.747070312502 -1.0000000180025095e-35 11049.319824218752 11002.881835937502 10978.708984375002 11105.088867187502 11121.601562500002
decision_type=2 2 2 2 2 2 2 2 2 2 2 2 2 2
left_child=-1 4 -3 -4 8 6 7 -6 9 10 13 -12 -13 -2
right_child=1 2 3 -5 5 -7 -8 -9 -10 -11 11 12 -14 -15
leaf_value=0.0078864503874954278 0.0073221816426305153 0.59112579056682846 0.3899977170513701 0.0020648177531922265 -0.43088179386604403 -0.030804292244681928 -0.37918850231181983 -0.034980819733321393 0.39325545948815854 0.039779005706774354 -0.69786303785686055 -0.09802232886401184 -0.61614311363773733 -0.15646801310092973
leaf_weight=2290412 202781 2049 4147 12800 5063 270501 16826 30176 3720 132133 4606 23452 2664 25558
leaf_count=2290412 202781 2049 4147 12800 5063 270501 16826 30176 3720 132133 4606 23452 2664 25558
internal_value=2.74289e-06 -0.024515 0.150733 0.0971688 -0.029157 -0.055673 -0.184846 -0.091969 -0.00749776 -0.0113187 -0.0373814 -0.233266 -0.15109 -0.0110168
internal_weight=3.02689e+06 736476 18996 16947 717480 322566 52065 35239 394914 391194 259061 30722 26116 228339
internal_count=3026888 736476 18996 16947 717480 322566 52065 35239 394914 391194 259061 30722 26116 228339
is_linear=0
shrinkage=0.02


Tree=77
num_leaves=15
num_cat=0
split_feature=17 8 4 7 0 0 8 19 0 21 7 7 7 7
split_gain=1.41489e+06 1.22274e+06 1.62753e+06 1.19905e+06 1.65317e+06 1.22835e+06 918576 843584 742338 1.10268e+06 1.57912e+06 2.81857e+06 1.46223e+06 975724
threshold=0.24225474894046786 0.4720101952552796 -59.034999847412102 10682.054199218752 3423.5000000000005 7394.5000000000009 0.68684327602386486 13177.327148437502 2132.5000000000005 12805.715820312502 12697.041503906252 12754.497070312502 12829.757324218752 10776.645996093752
decision_type=2 2 2 2 2 2 2 2 2 2 2 2 2 2
left_child=-1 8 -3 4 -4 6 7 -5 -2 12 -11 -12 13 -10
right_child=1 2 3 5 -6 -7 -8 -9 9 10 11 -13 -14 -15
leaf_value=0.044139684201557706 -0.0016453490125261283 0.72081930799289862 -0.014526694822398923 0.071811969030296144 0.19632036077615542 -0.260447374328651 0.0013876356731229555 0.65402750304279533 0.11308388449753835 0.62258538901396221 -0.25944129170664459 0.40845590541950466 -0.52334731272793478 -0.039131385206659618
leaf_weight=265068 524426 1268 28683 58158 30884 7019 1439745 1003 17292 2318 5534 4635 2453 638402
leaf_count=265068 524426 1268 28683 58158 30884 7019 1439745 1003 17292 2318 5534 4635 2453 638402
internal_value=2.62086e-06 -0.00423361 0.00738871 0.00680624 0.0948065 0.00332476 0.00456169 0.0817919 -0.0194708 -0.0334097 0.152702 0.0450845 -0.0369431 -0.0351155
internal_weight=3.02689e+06 2.76182e+06 1.56676e+06 1.56549e+06 59567 1.50592e+06 1.49891e+06 59161 1.19506e+06 670634 12487 10169 658147 655694
internal_count=3026888 2761820 1566760 1565492 59567 1505925 1498906 59161 1195060 670634 12487 10169 658147 655694
is_linear=0
shrinkage=0.02


Tree=78
num_leaves=15
num_cat=0
split_feature=9 20 7 6 7 22 7 21 8 7 7 20 20 22
split_gain=1.38305e+06 1.24813e+06 1.43887e+06 1.5355e+06 1.04388e+06 2.42251e+06 2.25466e+06 1.63257e+06 1.4091e+06 1.25604e+06 3.20687e+06 2.60964e+06 1.65131e+06 1.44866e+06
threshold=0.54717978835105907 12763.735351562502 12674.207031250002 81.344535827636733 11199.704589843752 11198.904785156252 11211.318847656252 11156.747070312502 0.59558829665184032 11049.319824218752 11002.881835937502 10988.216796875002 11105.088867187502 11125.888671875002
decision_type=2 2 2 2 2 2 2 2 2 2 2 2 2 2
left_child=-1 4 -3 -4 8 6 7 -6 9 10 13 -12 -13 -2
right_child=1 2 3 -5 5 -7 -8 -9 -10 -11 11 12 -14 -15
leaf_value=0.0076687849176690992 0.0071340710515898796 0.4805509884807595 -0.087965362778099382 0.24670116189702757 -0.42158082580416029 -0.031314422698885583 -0.37100694966835057 -0.033793106006343825 0.37972258649386925 0.039323228240534393 -0.5893857230818792 -0.076341178888455805 -0.60312026563828436 -0.1534541983007206
leaf_weight=2290412 203084 3634 13092 9422 5063 263349 16826 30176 3720 132133 6341 21717 2664 25255
leaf_count=2290412 203084 3634 13092 9422 5063 263349 16826 30176 3720 132133 6341 21717 2664 25255
internal_value=2.68347e-06 -0.0238384 0.111839 0.0521374 -0.0288343 -0.0559629 -0.180606 -0.0896133 -0.00716613 -0.0108549 -0.0364486 -0.228252 -0.134124 -0.0106333
internal_weight=3.02689e+06 736476 26148 22514 710328 315414 52065 35239 394914 391194 259061 30722 24381 228339
internal_count=3026888 736476 26148 22514 710328 315414 52065 35239 394914 391194 259061 30722 24381 228339
is_linear=0
shrinkage=0.02


Tree=79
num_leaves=15
num_cat=0
split_feature=17 9 7 20 9 7 25 19 7 7 19 7 9 20
split_gain=1.36079e+06 1.33453e+06 1.08444e+06 2.94332e+06 3.32113e+06 2.1438e+06 1.90093e+06 1.61832e+06 1.78441e+06 1.54821e+06 3.36895e+06 2.81731e+06 3.26428e+06 2.44836e+06
threshold=0.22638495266437533 0.42192476987838751 11187.069824218752 11010.965820312502 0.1956349387764931 11062.605957031252 0.048764742910861976 11204.702636718752 11206.626464843752 10882.475585937502 10923.156250000002 10975.490722656252 -0.32599240541458124 10886.642578125002
decision_type=2 2 2 2 2 2 2 2 2 2 2 2 2 2
left_child=-1 2 3 5 -5 9 -7 8 -4 -2 11 12 -11 -14
right_child=1 -3 7 4 -6 6 -8 -9 -10 10 -12 -13 13 -15
leaf_value=0.04964049056358661 0.037837392261638368 -0.026756761495903034 -0.018169896650445504 0.07970696465389536 0.71986419665007151 -1.0515006873471817 -0.062558820348773483 0.00093874617420447502 -0.18383753515417492 0.041372960172324023 0.026790798710423981 -0.53781128645227338 -0.38680845658798418 -0.093517520204674423
leaf_weight=205878 236399 736765 71937 194008 3287 1447 1670 1304025 40724 37147 139553 6284 18729 29035
leaf_count=205878 236399 736765 71937 194008 3287 1447 1670 1304025 40724 37147 139553 6284 18729 29035
internal_value=2.54929e-06 -0.0036202 0.00455849 0.0255743 0.0904082 -0.00162748 -0.523555 -0.00534451 -0.0780656 0.00186613 -0.034986 -0.129514 -0.0992372 -0.208579
internal_weight=3.02689e+06 2.82101e+06 2.08424e+06 667559 197295 470264 3117 1.41669e+06 112661 467147 230748 91195 84911 47764
internal_count=3026888 2821010 2084245 667559 197295 470264 3117 1416686 112661 467147 230748 91195 84911 47764
is_linear=0
shrinkage=0.02


Tree=80
num_leaves=15
num_cat=0
split_feature=21 7 20 7 7 24 7 22 7 8 4 0 23 24
split_gain=1.17963e+06 2.17135e+06 2.74763e+06 5.30171e+06 1.74279e+06 4.32796e+06 1.92439e+06 1.90236e+06 4.6954e+06 2.26215e+06 2.83355e+06 2.02258e+06 1.74226e+06 1.74116e+06
threshold=12773.156738281252 12539.508789062502 12207.383789062502 12205.328613281252 11199.704589843752 11198.449707031252 11210.092773437502 10992.567382812502 11033.247558593752 -0.86513796448707569 -124.35499954223631 5902.5000000000009 11001.525390625002 12219.573730468752
decision_type=2 2 2 2 2 2 2 2 2 2 2 2 2 2
left_child=1 2 4 -4 7 6 -6 8 12 -9 -11 -10 -1 -5
right_child=-2 -3 3 13 5 -7 -8 9 11 10 -12 -13 -14 -15
leaf_value=0.00037614634721139478 0.080227637063240265 -0.065276087776617586 0.26432285658223048 -0.15375671522416343 -0.075653134859750296 -0.0090167974044573947 -0.25360993965309314 0.26457328140838171 -0.48774536218605541 -0.10753222597446578 0.051176863640226673 0.39186224795332458 -0.69129233942113899 0.041844574123366965
leaf_weight=648382 71570 201729 44085 20041 63075 1217919 39550 17782 10728 50091 441760 1151 1450 197575
leaf_count=648382 71570 201729 44085 20041 63075 1217919 39550 17782 10728 50091 441760 1151 1450 197575
internal_value=2.40531e-06 -0.0019407 0.00269949 0.0643466 -0.00377498 -0.0195276 -0.144253 0.0139841 -0.00838395 0.0430266 0.0350117 -0.402257 -0.00117779 0.0238247
internal_weight=3.02689e+06 2.95532e+06 2.75359e+06 261701 2.49189e+06 1.32054e+06 102625 1.17134e+06 661711 509633 491851 11879 649832 217616
internal_count=3026888 2955318 2753589 261701 2491888 1320544 102625 1171344 661711 509633 491851 11879 649832 217616
is_linear=0
shrinkage=0.02


Tree=81
num_leaves=15
num_cat=0
split_feature=17 9 9 20 0 21 0 0 9 20 8 20 0 21
split_gain=1.30235e+06 1.25224e+06 1.02383e+06 811425 836814 739016 718885 741466 920867 1.65919e+06 905611 877258 1.06847e+06 886480
threshold=0.20585037767887118 -0.15017700195312497 0.93001860380172741 12105.399414062502 2013.5000000000002 11529.090332031252 8282.5000000000018 1264.5000000000002 -0.72680556774139393 10845.255859375002 -0.61393934488296498 10726.558593750002 2742.5000000000005 12773.156738281252
decision_type=2 2 2 2 2 2 2 2 2 2 2 2 2 2
left_child=-1 6 3 4 -3 -4 7 -2 9 -9 -11 12 -10 -13
right_child=1 2 5 -5 -6 -7 -8 8 11 10 -12 13 -14 -15
leaf_value=0.057928958517894147 -0.013112963771600815 -0.0021102253522380342 -0.64090601674388792 0.012477633744035524 -0.036928304564237846 -0.14687421343434726 -0.2050967741413339 -0.14378402300504595 -0.030044506073803278 0.55439577364613635 0.13363201185740065 0.0075905167802586574 0.14430402529306513 0.12833223952551914
leaf_weight=147666 358289 467986 1546 341721 673421 5511 6138 9001 20848 2147 40317 884143 43153 25001
leaf_count=147666 358289 467986 1546 341721 673421 5511 6138 9001 20848 2147 40317 884143 43153 25001
internal_value=2.30735e-06 -0.00296875 -0.0157029 -0.0145585 -0.0226528 -0.25586 0.0106927 0.011652 0.020312 0.102752 0.155032 0.015951 0.0875147 0.0109123
internal_weight=3.02689e+06 2.87922e+06 1.49018e+06 1.48313e+06 1.14141e+06 7057 1.38904e+06 1.3829e+06 1.02461e+06 51465 42464 973145 64001 909144
internal_count=3026888 2879222 1490185 1483128 1141407 7057 1389037 1382899 1024610 51465 42464 973145 64001 909144
is_linear=0
shrinkage=0.02


Tree=82
num_leaves=15
num_cat=0
split_feature=17 8 4 25 19 4 19 24 0 20 22 4 8 24
split_gain=1.25513e+06 1.05366e+06 1.53475e+06 872805 792319 1.10458e+06 1.06985e+06 1.06871e+06 798338 1.00278e+06 769680 757625 753034 948585
threshold=0.24225474894046786 0.4720101952552796 -59.034999847412102 0.050248077139258392 12781.932128906252 252.49500274658206 12721.138183593752 12693.831542968752 1244.5000000000002 12688.333007812502 12793.580566406252 38.225000381469734 -0.33933962881565088 11529.431640625002
decision_type=2 2 2 2 2 2 2 2 2 2 2 2 2 2
left_child=-1 3 -3 11 6 8 7 -4 -6 -10 -7 12 -2 -14
right_child=1 2 4 -5 5 10 -8 -9 9 -11 -12 -13 13 -15
leaf_value=0.041572830675711783 -0.0078821745620261483 0.69959926321658383 0.0062508154324476071 -0.048473885944423999 -0.051494143721873629 0.3456836133489985 -0.078953376799139482 0.2029455096538412 0.69976261409667662 0.1717875254698438 -0.59467012490135684 0.2916658653471379 -0.74491642183871309 -0.11516523417162042
leaf_weight=265068 895779 1268 1469406 287865 5809 459 59221 11123 1568 16543 1363 3341 1100 6975
leaf_count=265068 895779 1268 1469406 287865 5809 459 59221 11123 1568 16543 1363 3341 1100 6975
internal_value=2.24915e-06 -0.00398765 0.00680119 -0.0181321 0.00623557 0.116256 0.00439546 0.00772993 0.152452 0.21786 -0.357171 -0.00850381 -0.00961659 -0.201769
internal_weight=3.02689e+06 2.76182e+06 1.56676e+06 1.19506e+06 1.56549e+06 25742 1.53975e+06 1.48053e+06 23920 18111 1822 907195 903854 8075
internal_count=3026888 2761820 1566760 1195060 1565492 25742 1539750 1480529 23920 18111 1822 907195 903854 8075
is_linear=0
shrinkage=0.02


Tree=83
num_leaves=15
num_cat=0
split_feature=9 23 7 7 21 23 4 19 4 19 4 7 21 19
split_gain=1.21513e+06 1.00635e+06 3.36272e+06 1.82454e+06 3.22127e+06 1.19186e+06 1.17451e+06 2.49795e+06 1.08943e+06 1.04679e+06 1.53225e+06 960257 2.00819e+06 2.00309e+06
threshold=-0.18020786345005033 12093.508300781252 12037.588867187502 12205.328613281252 12214.620605468752 12223.274902343752 75.235000610351577 12183.759277343752 116.74499893188478 12208.181640625002 -30.894999504089352 11183.166503906252 11203.669433593752 11204.702636718752
decision_type=2 2 2 2 2 2 2 2 2 2 2 2 2 2
left_child=11 -2 -3 4 6 -5 -4 -8 -9 10 -7 12 -1 -13
right_child=1 2 3 5 -6 9 7 8 -10 -11 -12 13 -14 -15
leaf_value=0.02897308078245605 -0.021163861540826862 0.86130126959231901 -0.0056378405743689368 -0.14294402353198096 0.32895821131532837 0.24874746995342567 0.053749904394852437 0.20464899224502819 0.75889436572345337 -0.018883671217135432 -0.10299361001856991 -0.071419520405361411 0.3290328331878809 0.01286048567891793
leaf_weight=546234 1196088 1864 82750 27971 17005 14292 25934 2556 3206 197301 7572 132369 9060 762686
leaf_count=546234 1196088 1864 82750 27971 17005 14292 25934 2556 3206 197301 7572 132369 9060 762686
internal_value=2.25813e-06 -0.0121519 0.0161803 0.0119966 0.0721955 -0.0200246 0.0340188 0.137522 0.513817 -0.00433109 0.126939 0.0132139 0.0338746 0.000395699
internal_weight=3.02689e+06 1.57654e+06 380451 378587 131451 247136 114446 31696 5762 219165 21864 1.45035e+06 555294 895055
internal_count=3026888 1576539 380451 378587 131451 247136 114446 31696 5762 219165 21864 1450349 555294 895055
is_linear=0
shrinkage=0.02


Tree=84
num_leaves=15
num_cat=0
split_feature=17 20 13 14 4 14 0 0 19 0 21 4 20 21
split_gain=1.20421e+06 1.0624e+06 1.07336e+06 1.2024e+06 877312 989115 663183 592668 530170 514832 492447 653482 538697 455107
threshold=0.20585037767887118 12866.601562500002 -6.9000000953674308 0.65024867653846752 -11.99499988555908 0.66631972789764415 1836.5000000000002 2864.5000000000005 12520.071289062502 8282.5000000000018 11442.897460937502 -92.575000762939439 12778.974609375002 12530.049804687502
decision_type=2 2 2 2 2 2 2 2 2 2 2 2 2 2
left_child=-1 2 3 -2 5 7 -3 -4 -5 -6 -9 12 13 -12
right_child=1 6 4 8 9 -7 -8 10 -10 -11 11 -13 -14 -15
leaf_value=0.055703552848753508 0.002054943207416832 -0.12852905590975186 -0.0024048242713231877 0.0683673301234137 -0.00069410817927726559 -0.086747385887066472 0.26081005669632495 -0.060448623160045373 -0.03373545330287904 -0.22600542780651162 0.036161354169028694 -0.10392014451735154 0.46502837581936712 -0.087729080114038266
leaf_weight=147666 776144 2143 346045 179426 1144905 103514 9405 187521 22937 4061 66047 21565 1063 14446
leaf_count=147666 776144 2143 346045 179426 1144905 103514 9405 187521 22937 4061 66047 21565 1063 14446
internal_value=2.37618e-06 -0.00285453 -0.00362581 0.0133757 -0.0124319 -0.0294123 0.188509 -0.0200893 0.0567932 -0.00149244 -0.041144 -0.00603681 0.0198548 0.0139185
internal_weight=3.02689e+06 2.87922e+06 2.86767e+06 978507 1.88917e+06 740201 11548 636687 202363 1.14897e+06 290642 103121 81556 80493
internal_count=3026888 2879222 2867674 978507 1889167 740201 11548 636687 202363 1148966 290642 103121 81556 80493
is_linear=0
shrinkage=0.02


Tree=85
num_leaves=15
num_cat=0
split_feature=17 13 14 8 20 7 24 21 7 24 17 7 20 7
split_gain=1.16139e+06 1.0275e+06 1.13849e+06 851694 687825 683618 1.35749e+06 853658 1.55508e+06 742619 674005 661809 858940 655344
threshold=0.24225474894046786 -6.2999999523162833 0.64643043279647838 -0.69446012377738942 12866.601562500002 11200.344726562502 11200.450195312502 11018.199707031252 11062.605957031252 10989.740234375002 0.52808332443237316 10686.754882812502 10697.369140625002 11436.903808593752
decision_type=2 2 2 2 2 2 2 2 2 2 2 2 2 2
left_child=-1 2 -2 10 5 7 -7 8 11 -10 -3 12 -5 -8
right_child=1 3 -4 4 -6 6 13 -9 9 -11 -12 -13 -14 -15
leaf_value=0.039990483035509068 0.0013124505562503929 -0.021107609455946634 0.053833478244732648 0.014451174110269084 0.23230048545680604 -0.13598805217173493 0.030815534583677619 0.052831288890272825 -0.87792689628139886 -0.16765116828887677 -0.073907444005213513 -0.015901311104524071 0.20901589219258465 -0.019562835736728262
leaf_weight=265068 756230 619869 211188 32652 5007 35326 132588 164871 1148 1210 114578 207369 12561 467223
leaf_count=265068 756230 619869 211188 32652 5007 35326 132588 164871 1148 1210 114578 207369 12561 467223
internal_value=2.33848e-06 -0.00383568 0.0127783 -0.0127928 -0.00132314 -0.00243417 -0.0155233 0.0173684 -0.00556669 -0.515707 -0.0293456 -0.000783932 0.0685395 -0.00842635
internal_weight=3.02689e+06 2.76182e+06 967418 1.7944e+06 1.05996e+06 1.05495e+06 635137 419811 254940 2358 734447 252582 45213 599811
internal_count=3026888 2761820 967418 1794402 1059955 1054948 635137 419811 254940 2358 734447 252582 45213 599811
is_linear=0
shrinkage=0.02


Tree=86
num_leaves=15
num_cat=0
split_feature=17 9 20 21 6 4 9 24 0 0 9 22 0 21
split_gain=1.12289e+06 1.10241e+06 1.03593e+06 1.6883e+06 1.00752e+06 928711 853149 819001 817140 790654 738092 1.36964e+06 683000 632009
threshold=0.20585037767887118 0.42192476987838751 12778.974609375002 12823.506835937502 81.030109405517592 -48.475000381469719 0.93001860380172741 11529.431640625002 1503.5000000000002 1324.5000000000002 -0.72680556774139393 10836.035644531252 2509.5000000000005 10079.182617187502
decision_type=2 2 2 2 2 2 2 2 2 2 2 2 2 2
left_child=-1 10 6 8 -5 -6 9 -8 -4 -3 11 -2 -13 -11
right_child=1 2 3 4 5 -7 7 -9 -10 13 -12 12 -14 -15
leaf_value=0.05378980185121611 -0.10919641682924253 0.0088904498045820641 -0.1058231805449843 -0.12820706942693993 0.3727743586102984 -0.15154887346805293 -0.73281631608203046 -0.15047694145619075 0.59872948720152952 -0.62368206122648118 0.0023657592564679066 0.053796629435038823 0.1923322171763896 -0.037179829473724155
leaf_weight=147666 14253 197767 805 8120 4313 1959 1147 5910 3540 726 2054484 35697 23680 526821
leaf_count=147666 14253 197767 805 8120 4313 1959 1147 5910 3540 726 2054484 35697 23680 526821
internal_value=2.24681e-06 -0.00275651 -0.0235874 0.123219 0.0187988 0.209023 -0.027345 -0.246033 0.468249 -0.0252138 0.00459572 0.0668088 0.109069 -0.0379988
internal_weight=3.02689e+06 2.87922e+06 751108 18737 14392 6272 732371 7057 4345 725314 2.12811e+06 73630 59377 527547
internal_count=3026888 2879222 751108 18737 14392 6272 732371 7057 4345 725314 2128114 73630 59377 527547
is_linear=0
shrinkage=0.02


Tree=87
num_leaves=15
num_cat=0
split_feature=9 22 4 4 19 8 24 25 9 0 19 19 4 22
split_gain=1.09127e+06 966479 1.72733e+06 1.35887e+06 925948 1.15962e+06 1.26827e+06 878704 878595 825640 931174 1.22528e+06 1.20172e+06 984487
threshold=-0.18020786345005033 12092.283203125002 -170.92499542236325 75.235000610351577 12155.086425781252 0.99415537714958202 12203.976562500002 0.044080995023250587 0.93001860380172741 1049.5000000000002 12781.932128906252 12721.138183593752 241.00000000000003 12753.568359375002
decision_type=2 2 2 2 2 2 2 2 2 2 2 2 2 2
left_child=9 8 -3 -4 -5 -6 7 -7 -2 -1 11 -11 13 -12
right_child=1 2 3 4 5 6 -8 -9 -10 10 12 -13 -14 -15
leaf_value=-0.01636321456714239 -0.019029030417239141 0.16357233070356628 -0.010796733649217875 0.0067488405407420118 -0.15474776488920713 0.48921474421603228 0.09466592849382266 -0.032740594940247877 -0.24135322279335747 0.022254080661550497 0.631533757343404 -0.081139294927818253 -0.291493207994662 0.15086469630013022
leaf_weight=310943 1188155 29357 308655 19490 3300 8474 10445 1520 7143 1068672 1867 47892 2247 18728
leaf_count=310943 1188155 29357 308655 19490 3300 8474 10445 1520 7143 1068672 1867 47892 2247 18728
internal_value=2.15181e-06 -0.0115159 0.0162113 0.00391291 0.108918 0.192762 0.248919 0.409875 -0.0203596 0.0125224 0.0204054 0.0178186 0.146788 0.194725
internal_weight=3.02689e+06 1.57654e+06 381241 351884 43229 23739 20439 9994 1.1953e+06 1.45035e+06 1.13941e+06 1.11656e+06 22842 20595
internal_count=3026888 1576539 381241 351884 43229 23739 20439 9994 1195298 1450349 1139406 1116564 22842 20595
is_linear=0
shrinkage=0.02


Tree=88
num_leaves=15
num_cat=0
split_feature=9 20 7 7 20 23 7 20 21 7 7 20 21 7
split_gain=1.04806e+06 968317 2.82501e+06 1.96258e+06 4.67564e+06 1.18119e+06 919830 1.42006e+06 1.10723e+06 1.5776e+06 3.00156e+06 2.14612e+06 1.91649e+06 1.88248e+06
threshold=-0.18020786345005033 12105.399414062502 12037.588867187502 12205.328613281252 12207.383789062502 12223.274902343752 10682.054199218752 10684.857421875002 10805.424316406252 10942.711914062502 10940.223632812502 10904.254882812502 10995.494628906252 10975.490722656252
decision_type=2 2 2 2 2 2 2 2 2 2 2 2 2 2
left_child=6 -2 -3 4 -4 -5 7 -1 -8 10 -10 13 -12 -11
right_child=1 2 3 5 -6 -7 8 -9 9 11 12 -13 -14 -15
leaf_value=0.029520844879848473 -0.020000530924199459 0.81514998468933975 0.019212156982777878 -0.1433280621835851 0.33457100511266952 -0.004057053308943531 -0.05704766696875941 0.24089692056370834 0.052821100410380933 -0.070408001643459339 0.26817341899629493 0.0095468288656926272 0.93967560558188157 -0.56979981696858562
leaf_weight=47827 1204253 1755 100865 27395 23106 219165 95072 17308 108061 8562 7730 1158957 2175 4657
leaf_count=47827 1204253 1755 100865 27395 23106 219165 95072 17308 108061 8562 7730 1158957 2175 4657
internal_value=2.1554e-06 -0.0112856 0.0169048 0.013102 0.0780119 -0.0195366 0.012272 0.0857174 0.00881788 0.013672 0.0833841 0.00665562 0.416427 -0.246641
internal_weight=3.02689e+06 1.57654e+06 372286 370531 123971 246560 1.45035e+06 65135 1.38521e+06 1.29014e+06 117966 1.17218e+06 9905 13219
internal_count=3026888 1576539 372286 370531 123971 246560 1450349 65135 1385214 1290142 117966 1172176 9905 13219
is_linear=0
shrinkage=0.02


Tree=89
num_leaves=15
num_cat=0
split_feature=5 7 24 7 24 7 22 24 7 24 7 7 5 7
split_gain=1.02601e+06 740894 1.34954e+06 1.26241e+06 1.08699e+06 2.86071e+06 2.08827e+06 1.73426e+06 1.63428e+06 3.74443e+06 2.47276e+06 1.19932e+06 1.78279e+06 1.22707e+06
threshold=0.082499999552965178 10686.754882812502 10652.731933593752 10076.930175781252 10805.254882812502 10860.912597656252 10926.984863281252 10905.901367187502 11195.398925781252 11198.449707031252 11210.092773437502 10776.645996093752 -0.012499999720603226 10830.137695312502
decision_type=2 2 2 2 2 2 2 2 2 2 2 2 2 2
left_child=1 2 3 -1 11 7 -7 -6 -8 10 -10 12 -3 -13
right_child=-2 4 -4 -5 5 6 8 -9 9 -11 -12 13 -14 -15
leaf_value=0.10401187407759105 0.094853091962916247 0.22192556312603412 0.14645196720603434 -0.085504428425294279 0.11393612011876188 -0.0726601431013153 0.027450362312667256 0.88022205871239567 -0.054710580255785971 -0.0014712692881130468 -0.2467876051014728 -0.15538534976665858 -0.057835954815515705 0.067900276359691439
leaf_weight=23938 44930 12238 37702 34039 66646 166032 666181 1193 85438 1745273 39065 56739 35569 11905
leaf_count=23938 44930 12238 37702 34039 66646 166032 666181 1193 85438 1745273 39065 56739 35569 11905
internal_value=2.23445e-06 -0.00142722 0.0533241 -0.00725066 -0.00324239 -0.000725651 -0.00394649 0.12754 0.000552534 -0.00903096 -0.114993 -0.0630985 0.0138105 -0.116656
internal_weight=3.02689e+06 2.98196e+06 95679 57977 2.88628e+06 2.76983e+06 2.70199e+06 67839 2.53596e+06 1.86978e+06 124503 116451 47807 68644
internal_count=3026888 2981958 95679 57977 2886279 2769828 2701989 67839 2535957 1869776 124503 116451 47807 68644
is_linear=0
shrinkage=0.02


Tree=90
num_leaves=15
num_cat=0
split_feature=17 13 17 8 0 24 22 24 17 0 0 23 19 0
split_gain=1.06474e+06 977241 1.07615e+06 738568 1.01276e+06 609220 729316 945440 568307 477290 442176 619670 430664 418798
threshold=0.24487072974443438 -6.2999999523162833 0.57468226552009594 -0.70459485054016102 2604.5000000000005 12764.572753906252 12705.120605468752 12693.831542968752 0.53655236959457409 8282.5000000000018 3066.5000000000005 12724.941406250002 12827.184570312502 2034.5000000000002
decision_type=2 2 2 2 2 2 2 2 2 2 2 2 2 2
left_child=-1 2 -2 4 -3 6 7 9 -6 -5 12 -12 -8 -7
right_child=1 3 -4 5 8 13 10 -9 -10 -11 11 -13 -14 -15
leaf_value=0.037427436292741097 0.0037518245441322444 -0.0057382968737858496 0.063676973243285431 -0.0014767462611937404 -0.042265050573531193 -0.022456863576600147 -0.041738764850531858 0.25089552203085919 -0.11388720014716651 -0.22276913736312515 -0.31186632523042718 -0.067034562160252276 0.68639387507569094 0.1507366223519408
leaf_weight=276305 823274 378097 140290 991377 285768 8259 26312 5922 52446 3904 6767 10627 319 17221
leaf_count=276305 823274 378097 140290 991377 285768 8259 26312 5922 52446 3904 6767 10627 319 17221
internal_value=2.25463e-06 -0.00375734 0.0124772 -0.0125111 -0.0282307 -0.00199438 -0.00435026 -0.000846606 -0.0533744 -0.00234702 -0.0840106 -0.16241 -0.0327617 0.0946107
internal_weight=3.02689e+06 2.75058e+06 963564 1.78702e+06 716311 1.07071e+06 1.04523e+06 1.0012e+06 338214 995281 44025 17394 26631 25480
internal_count=3026888 2750583 963564 1787019 716311 1070708 1045228 1001203 338214 995281 44025 17394 26631 25480
is_linear=0
shrinkage=0.02


Tree=91
num_leaves=15
num_cat=0
split_feature=17 9 24 6 9 24 0 8 22 9 22 0 0 0
split_gain=1.02928e+06 972569 1.00132e+06 893855 780641 787190 716178 991734 795171 700155 1.27452e+06 651746 649268 579635
threshold=0.20585037767887118 0.54717978835105907 12729.683105468752 80.701381683349624 0.93001860380172741 11529.431640625002 1147.5000000000002 0.59558829665184032 11196.758300781252 -0.72680556774139393 10836.035644531252 2509.5000000000005 1698.5000000000002 8282.5000000000018
decision_type=2 2 2 2 2 2 2 2 2 2 2 2 2 2
left_child=-1 9 4 -4 6 -6 -3 -8 -9 10 -2 -12 -5 -11
right_child=1 2 3 12 5 -7 7 8 -10 13 11 -13 -14 -15
leaf_value=0.051499183144007421 -0.10518934071673985 0.012372431026644938 -0.040881008410889548 -0.021138276607027245 -0.71317705190686598 -0.14228186706274851 -0.038449687269093147 0.56389328484847345 -0.0016448176499731999 0.0024660773965033624 0.051367871706880133 0.18669601523663851 0.34694632105542744 -0.17816837454216014
leaf_weight=147666 14253 159830 7267 2592 1147 5910 516582 1961 2007 2093840 35697 23680 7336 7120
leaf_count=147666 14253 159830 7267 2592 1147 5910 516582 1961 2007 2093840 35697 23680 7336 7120
internal_value=2.23315e-06 -0.00263904 -0.0230591 0.127645 -0.0268305 -0.235952 -0.024658 -0.0360279 0.278556 0.00397773 0.064594 0.10536 0.25092 0.00185307
internal_weight=3.02689e+06 2.87922e+06 704632 17195 687437 7057 680380 520550 3968 2.17459e+06 73630 59377 9928 2.10096e+06
internal_count=3026888 2879222 704632 17195 687437 7057 680380 520550 3968 2174590 73630 59377 9928 2100960
is_linear=0
shrinkage=0.02


Tree=92
num_leaves=15
num_cat=0
split_feature=5 9 13 9 22 9 0 23 22 22 22 5 22 22
split_gain=975202 949573 880523 822758 1.17994e+06 601682 783646 522954 1.06479e+06 895883 483460 522256 478920 590390
threshold=0.082499999552965178 0.93001860380172741 -9.0999999046325666 -0.67629325389862049 10825.307617187502 0.010024622548371555 4489.5000000000009 12228.584960937502 12550.404296875002 12577.027832031252 12363.823730468752 -1.0000000180025095e-35 11151.897949218752 10968.587402343752
decision_type=2 2 2 2 2 2 2 2 2 2 2 2 2 2
left_child=1 2 -1 4 -2 -4 -7 -8 10 -10 11 -9 13 -6
right_child=3 -3 5 -5 12 6 7 8 9 -11 -12 -13 -14 -15
leaf_value=0.01631611520304925 -0.23480630714494272 -0.2315507080521067 0.0015167019213779471 0.039201492211895568 0.17778206160587418 -0.012273006321117498 -0.079973827082324214 0.41246379631898178 -0.90369677527624237 -0.10939432424359868 0.050974866712267274 -0.24047552027309374 -0.0024214577313046064 0.50582958675361855
leaf_weight=853500 1854 7143 1208565 32393 3805 777685 116902 3311 645 4308 9331 568 1651 5227
leaf_count=853500 1854 7143 1208565 32393 3805 777685 116902 3311 645 4308 9331 568 1651 5227
internal_value=2.18646e-06 -0.00139142 -0.00083799 0.0924747 0.229979 -0.00773991 -0.0199964 -0.0644624 0.0353617 -0.214448 0.129119 0.316477 0.310787 0.367981
internal_weight=3.02689e+06 2.98196e+06 2.97482e+06 44930 12537 2.12132e+06 912750 135065 18163 4953 13210 3879 10683 9032
internal_count=3026888 2981958 2974815 44930 12537 2121315 912750 135065 18163 4953 13210 3879 10683 9032
is_linear=0
shrinkage=0.02


Tree=93
num_leaves=15
num_cat=0
split_feature=21 7 20 7 20 22 7 23 22 7 8 7 23 21
split_gain=1.00642e+06 2.06917e+06 2.46064e+06 4.63369e+06 1.62257e+06 1.6196e+06 1.57222e+06 3.6039e+06 1.81035e+06 4.45111e+06 2.21782e+06 1.75394e+06 1.7085e+06 1.58914e+06
threshold=12773.156738281252 12539.508789062502 12207.383789062502 12205.328613281252 12558.901855468752 12537.386718750002 11199.704589843752 11202.048339843752 10992.567382812502 11033.247558593752 -0.86513796448707569 11210.092773437502 11001.525390625002 11156.747070312502
decision_type=2 2 2 2 2 2 2 2 2 2 2 2 2 2
left_child=1 2 6 -4 -3 -5 8 11 9 12 -10 13 -1 -8
right_child=-2 4 3 5 -6 -7 7 -9 10 -11 -12 -13 -14 -15
leaf_value=0.00021223907586404161 0.074103603465430157 -0.18011739584706404 0.24802942008658233 0.0017200575707757434 -0.036001237649393177 0.16182924681697117 -0.30208753774146418 -0.0081456162285394925 0.26117430990680496 -0.39183321426944445 0.033873100299659939 -0.22044598806260327 -0.68472293869376 -0.022794499091243047
leaf_weight=648382 71570 38649 44085 188440 163080 29176 9438 1205521 17782 11879 491851 46301 1450 59284
leaf_count=648382 71570 38649 44085 188440 163080 29176 9438 1205521 17782 11879 491851 46301 1450 59284
internal_value=2.10213e-06 -0.00179268 0.00273702 0.0610757 -0.0636199 0.0231926 -0.00339 -0.0183519 0.0134776 -0.00834277 0.0418091 -0.12531 -0.00132657 -0.0611901
internal_weight=3.02689e+06 2.95532e+06 2.75359e+06 261701 201729 217616 2.49189e+06 1.32054e+06 1.17134e+06 661711 509633 115023 649832 68722
internal_count=3026888 2955318 2753589 261701 201729 217616 2491888 1320544 1171344 661711 509633 115023 649832 68722
is_linear=0
shrinkage=0.02


Tree=94
num_leaves=15
num_cat=0
split_feature=21 7 22 7 7 4 21 7 21 4 7 21 7 21
split_gain=966573 1.98724e+06 2.35574e+06 2.80867e+06 2.2625e+06 3.02199e+06 1.55395e+06 1.53554e+06 1.46254e+06 1.34306e+06 1.51361e+06 5.66334e+06 3.91367e+06 2.10712e+06
threshold=12773.156738281252 12539.508789062502 12223.207519531252 12216.220703125002 12242.067382812502 153.03499603271487 12559.469238281252 12608.418457031252 12307.068847656252 52.764999389648445 11436.903808593752 11442.897460937502 11511.719238281252 11394.635742187502
decision_type=2 2 2 2 2 2 2 2 2 2 2 2 2 2
left_child=1 2 4 -4 8 -6 7 -3 9 -1 11 13 -12 -11
right_child=-2 6 3 -5 5 -7 -8 -9 -10 10 12 -13 -14 -15
leaf_value=-0.013327935508886236 0.072621737589691981 -0.14847637179092935 0.23201967052009598 0.034711128377567013 -0.18147593718124302 -1.2987220855852879 -0.03537342756837307 -0.74471901562405796 0.55955649598285473 0.018714880568009122 -0.20846466271877359 0.55430881368854146 0.0071423223272280558 0.18023442398669751
leaf_weight=1568477 71570 36720 34363 179905 8732 1080 163205 1804 1847 610115 38501 8250 268215 34104
leaf_count=1568477 71570 36720 34363 179905 8732 1080 163205 1804 1847 610115 38501 8250 268215 34104
internal_value=1.9894e-06 -0.0017569 0.00268221 0.0663637 -0.00269147 -0.30565 -0.0623477 -0.176584 -0.00151508 -0.00192728 0.0167152 0.0339407 -0.0199279 0.0272682
internal_weight=3.02689e+06 2.95532e+06 2.75359e+06 214268 2.53932e+06 9812 201729 38524 2.52951e+06 2.52766e+06 959185 652469 306716 644219
internal_count=3026888 2955318 2753589 214268 2539321 9812 201729 38524 2529509 2527662 959185 652469 306716 644219
is_linear=0
shrinkage=0.02


Tree=95
num_leaves=15
num_cat=0
split_feature=17 9 24 1 9 24 21 9 24 0 21 0 0 21
split_gain=968371 908275 774990 728259 716517 744535 694416 665768 1.14327e+06 631466 624512 604441 602927 555730
threshold=0.24487072974443438 0.42192476987838751 12729.683105468752 76.667533874511733 0.93001860380172741 11529.431640625002 12781.979003906252 -0.72680556774139393 10837.283203125002 1147.5000000000002 10079.182617187502 1698.5000000000002 1068.5000000000002 12795.010742187502
decision_type=2 2 2 2 2 2 2 2 2 2 2 2 2 2
left_child=-1 7 4 6 9 -6 -4 8 -2 -3 -11 -5 -10 -12
right_child=1 2 3 11 5 -7 -8 -9 12 10 13 -13 -14 -15
leaf_value=0.035693173052812721 -0.10136409308232339 0.010377079017439285 0.26646157222876954 -0.036064816703898744 -0.69445533795714587 -0.13584752340634487 -0.15645079520245528 0.0010929590336643256 -0.011270464395477194 -0.57980524467768624 -0.036204856725155159 0.34344238073158223 0.14080079092221126 0.13334308247730861
leaf_weight=276305 13495 163414 2205 2296 1136 5760 5187 1961777 13813 829 524083 6215 42534 7839
leaf_count=276305 13495 163414 2205 2296 1136 5760 5187 1961777 13813 829 524083 6215 42534 7839
internal_value=1.88544e-06 -0.00358353 -0.0229028 0.115119 -0.0260264 -0.228744 -0.0301057 0.00325337 0.0639277 -0.024015 -0.0345644 0.241139 0.103526 -0.0337037
internal_weight=3.02689e+06 2.75058e+06 718964 15903 703061 6896 7392 2.03162e+06 69842 696165 532751 8511 56347 531922
internal_count=3026888 2750583 718964 15903 703061 6896 7392 2031619 69842 696165 532751 8511 56347 531922
is_linear=0
shrinkage=0.02


Tree=96
num_leaves=15
num_cat=0
split_feature=5 20 7 20 7 20 9 23 7 9 7 7 7 23
split_gain=929916 933850 915732 2.36586e+06 4.34131e+06 2.05807e+06 1.58728e+06 1.55361e+06 1.4865e+06 1.48634e+06 2.31768e+06 1.37089e+06 1.31372e+06 3.45172e+06
threshold=0.082499999552965178 12866.601562500002 12539.508789062502 12207.383789062502 12205.328613281252 12558.901855468752 -0.562171310186386 12500.669921875002 12608.418457031252 -0.69185054302215565 12674.207031250002 12507.821777343752 11199.704589843752 11202.048339843752
decision_type=2 2 2 2 2 2 2 2 2 2 2 2 2 2
left_child=1 2 3 12 6 8 -5 -6 -4 10 -7 -9 -1 -14
right_child=-2 -3 5 4 7 9 -8 11 -10 -11 -12 -13 13 -15
leaf_value=0.010888319449623375 0.090301665394387221 0.17289021814463471 -0.14481052536098898 0.013770492436879665 -0.016203639106709855 0.66170421408912039 0.30588260457222627 0.29353461879760118 -0.72173224747085774 -0.028150295413417736 0.046455731938339087 0.058937480018598505 -0.12417581289090292 -0.0084568170550976939
leaf_weight=1146415 44930 12242 36642 9545 143038 3146 33759 11890 1869 203017 10943 61290 112830 1195332
leaf_count=1146415 44930 12242 36642 9545 143038 3146 33759 11890 1869 203017 10943 61290 112830 1195332
internal_value=1.79324e-06 -0.00135907 -0.00207796 0.00133039 0.0587558 -0.038266 0.241514 0.0221434 -0.17299 -0.0143613 0.184211 0.0970891 -0.00474139 -0.0184386
internal_weight=3.02689e+06 2.98196e+06 2.96972e+06 2.7141e+06 259522 255617 43304 216218 38511 217106 14089 73180 2.45458e+06 1.30816e+06
internal_count=3026888 2981958 2969716 2714099 259522 255617 43304 216218 38511 217106 14089 73180 2454577 1308162
is_linear=0
shrinkage=0.02


Tree=97
num_leaves=15
num_cat=0
split_feature=17 21 7 9 7 23 7 4 7 21 23 25 9 4
split_gain=925426 881358 1.74956e+06 2.12007e+06 2.05271e+06 1.87269e+06 2.17956e+06 2.87772e+06 1.94855e+06 1.37952e+06 1.26422e+06 1.24752e+06 1.2278e+06 1.47088e+06
threshold=0.19477590918540957 12773.156738281252 12539.508789062502 -0.68669712543487538 12674.207031250002 12223.274902343752 12242.067382812502 150.77500152587893 12221.506347656252 12307.068847656252 12537.257812500002 0.061096338555216796 -0.54542985558509816 -100.62499999999999
decision_type=2 2 2 2 2 2 2 2 2 2 2 2 2 2
left_child=-1 2 5 4 -4 6 9 -8 -7 -2 -10 -5 -3 -14
right_child=1 12 3 11 -6 8 7 -9 10 -11 -12 -13 13 -15
leaf_value=0.053597219585649461 -0.0037356337126621835 0.24577529056713446 0.6467944628366411 -0.0506571127775357 0.02203794490141623 0.19605654222886224 -0.17935453912602753 -1.2593418159553105 0.0058502919792397757 0.54785713973452566 0.1553013082043837 -0.1802808151888716 0.32242208129387406 -0.0072228165783514518
leaf_weight=123596 2427817 12711 3148 150405 6303 34474 8465 1108 136543 1805 27131 37001 6057 50324
leaf_count=123596 2427817 12711 3148 150405 6303 34474 8465 1108 136543 1805 27131 37001 6057 50324
internal_value=1.79804e-06 -0.00227998 -0.00400062 -0.0615148 0.230602 0.00029258 -0.00451094 -0.30554 0.0594211 -0.00332359 0.0306318 -0.0762581 0.0682916 0.0282414
internal_weight=3.02689e+06 2.90329e+06 2.8342e+06 196857 9451 2.63734e+06 2.4392e+06 9573 198148 2.42962e+06 163674 187406 69092 56381
internal_count=3026888 2903292 2834200 196857 9451 2637343 2439195 9573 198148 2429622 163674 187406 69092 56381
is_linear=0
shrinkage=0.02


Tree=98
num_leaves=15
num_cat=0
split_feature=5 9 20 13 14 9 19 9 20 23 22 19 20 19
split_gain=895402 872024 861676 842011 915817 786071 1.12869e+06 575743 574116 567942 884386 721714 939478 631554
threshold=0.082499999552965178 0.93001860380172741 12866.601562500002 -9.0999999046325666 0.64643043279647838 -0.67629325389862049 10827.350585937502 0.55990722775459301 11529.943359375002 12740.406250000002 12747.870117187502 12208.181640625002 12778.974609375002 11676.998046875002
decision_type=2 2 2 2 2 2 2 2 2 2 2 2 2 2
left_child=1 2 3 4 -1 6 -2 -5 -3 11 -11 13 -13 -9
right_child=5 8 -4 7 -6 -7 -8 9 -10 10 -12 12 -14 -15
leaf_value=0.0043315845164673926 -0.23155995715073763 -0.56594877195576865 0.16657625882395871 -0.0023673736994972157 0.054553892245237753 0.036538851732550406 0.30204784604976309 -0.029297394645872003 -0.12828037229645867 0.41636937200372798 -0.012134315912598035 -0.096237257215707736 0.75154579575193003 0.042520453481706064
leaf_weight=664392 1854 1517 12242 1602076 185858 32393 10683 376749 5626 2923 5613 68157 517 56288
leaf_count=664392 1854 1517 12242 1602076 185858 32393 10683 376749 5626 2923 5613 68157 517 56288
internal_value=1.79644e-06 -0.00133358 -0.000803223 -0.00149544 0.0153103 0.0886101 0.223013 -0.00826013 -0.221895 -0.0267618 0.134912 -0.0295151 -0.0897461 -0.0199614
internal_weight=3.02689e+06 2.98196e+06 2.97482e+06 2.96257e+06 850250 44930 12537 2.11232e+06 7143 510247 8536 501711 68674 433037
internal_count=3026888 2981958 2974815 2962573 850250 44930 12537 2112323 7143 510247 8536 501711 68674 433037
is_linear=0
shrinkage=0.02


Tree=99
num_leaves=15
num_cat=0
split_feature=9 7 19 21 7 7 19 21 7 9 7 6 7 21
split_gain=861814 853631 1.42045e+06 1.00705e+06 1.47506e+06 2.85783e+06 2.15129e+06 1.80271e+06 1.70616e+06 1.20514e+06 1.42708e+06 1.19209e+06 1.50196e+06 1.0757e+06
threshold=-0.18020786345005033 10682.054199218752 10656.072753906252 10805.424316406252 10942.711914062502 10940.223632812502 10910.327636718752 10995.494628906252 10975.490722656252 -0.70585528016090382 10975.490722656252 105.06591033935548 10926.958007812502 11000.208984375002
decision_type=2 2 2 2 2 2 2 2 2 2 2 2 2 2
left_child=1 2 -1 -3 5 11 8 -7 -6 10 13 12 -5 -8
right_child=-2 3 -4 4 6 7 9 -9 -10 -11 -12 -13 -14 -15
leaf_value=0.006188369667125041 -0.010233969192816548 -0.055014675566936101 0.19711006580125617 0.067366155753122742 -0.075330686385414306 0.26102258559010288 -0.19146870036752373 0.91228994231147686 -0.54263110551655491 0.0024434817596622046 0.10627069340236438 0.19866042643604889 -0.1214265820771786 0.38077938030010411
leaf_weight=39318 1576539 95072 25817 67643 8603 7730 10978 2175 4902 1062751 83459 17979 22439 1483
leaf_count=39318 1576539 95072 25817 67643 8603 7730 10978 2175 4902 1062751 83459 17979 22439 1483
internal_value=1.8073e-06 0.0111282 0.0818813 0.00780066 0.01243 0.0798385 0.00564547 0.40481 -0.245227 0.00857165 0.0764615 0.0500164 0.0203303 -0.123112
internal_weight=3.02689e+06 1.45035e+06 65135 1.38521e+06 1.29014e+06 117966 1.17218e+06 9905 13505 1.15867e+06 95920 108061 90082 12461
internal_count=3026888 1450349 65135 1385214 1290142 117966 1172176 9905 13505 1158671 95920 108061 90082 12461
is_linear=0
shrinkage=0.02


Tree=100
num_leaves=15
num_cat=0
split_feature=17 5 16 17 8 19 25 5 8 0 19 24 0 24
split_gain=886618 740794 667886 753643 635796 969812 570632 738491 808300 541703 531705 501033 465632 542422
threshold=0.18141844868659976 0.082499999552965178 -17.30000019073486 0.5427212417125703 0.73663246631622326 10827.350585937502 0.052623640745878227 -0.027499999850988385 0.4720101952552796 8282.5000000000018 11406.185546875002 10061.981933593752 5301.5000000000009 10706.985351562502
decision_type=2 2 2 2 2 2 2 2 2 2 2 2 2 2
left_child=-1 2 3 -2 5 -3 -4 8 10 11 -8 -9 -13 -14
right_child=1 4 6 -5 -6 -7 7 9 -10 -11 -12 12 13 -15
leaf_value=0.058717166126486121 0.0050019122423318732 -0.22667439037561385 -0.0022660791522964262 0.066301743517176701 0.033353071661753775 0.28298545239150724 -0.10388226295592796 0.24288473013775405 0.3147898937509106 -0.20271493533191787 -0.019186683014635223 -0.023530302509978018 0.21708024547046023 0.015483413388142651
leaf_weight=99480 350491 1750 1900763 104029 31091 9921 82430 3115 2172 5872 46310 297513 5681 86270
leaf_count=99480 350491 1750 1900763 104029 31091 9921 82430 3115 2172 5872 46310 297513 5681 86270
internal_value=1.8465e-06 -0.00199362 -0.00321871 0.0190332 0.0806297 0.206435 -0.00738068 -0.0257451 -0.0669552 -0.012204 -0.0734198 -0.00934927 -0.0113729 0.0279611
internal_weight=3.02689e+06 2.92741e+06 2.88465e+06 454520 42762 11671 2.43013e+06 529363 130912 398451 128740 392579 389464 91951
internal_count=3026888 2927408 2884646 454520 42762 11671 2430126 529363 130912 398451 128740 392579 389464 91951
is_linear=0
shrinkage=0.02


Tree=101
num_leaves=15
num_cat=0
split_feature=9 21 7 24 7 9 7 9 7 20 7 9 7 24
split_gain=845558 832307 1.82248e+06 2.14661e+06 2.36356e+06 2.70763e+06 2.01743e+06 1.87388e+06 2.09366e+06 1.58602e+06 1.8554e+06 1.29536e+06 1.2717e+06 3.62742e+06
threshold=0.93001860380172741 12773.156738281252 12539.508789062502 12219.573730468752 12221.506347656252 -0.43419265747070307 12216.220703125002 -0.69185054302215565 12674.207031250002 12207.383789062502 12184.045410156252 0.29126313328742987 11199.704589843752 11198.449707031252
decision_type=2 2 2 2 2 2 2 2 2 2 2 2 2 2
left_child=1 2 3 4 9 -6 11 8 -4 12 -11 -5 -1 -14
right_child=-2 -3 7 6 5 -7 -8 -9 -10 10 -12 -13 13 -15
leaf_value=0.013034083543785357 -0.21719013253419314 0.067901859789288713 0.63401431407160913 0.13885143453320367 -1.285540158362362 -0.16235958004636281 0.03509557224365005 -0.073042587199344103 0.011049343422563571 0.36711993959460049 0.032118356408725887 0.4381518037062046 -0.12981212927707847 -0.0059103894338838675
leaf_weight=1171344 7143 71570 3146 31441 885 21264 187489 191758 6825 9977 19582 7084 102625 1194755
leaf_count=1171344 7143 71570 3146 31441 885 21264 187489 191758 6825 9977 19582 7084 102625 1194755
internal_value=1.85333e-06 0.00051633 -0.00111974 0.00314205 -0.00215287 -0.207799 0.0621867 -0.0591394 0.208044 -0.00032884 0.145277 0.193987 -0.00207283 -0.0157122
internal_weight=3.02689e+06 3.01974e+06 2.94818e+06 2.74645e+06 2.52043e+06 22149 226014 201729 9971 2.49828e+06 29559 38525 2.46872e+06 1.29738e+06
internal_count=3026888 3019745 2948175 2746446 2520432 22149 226014 201729 9971 2498283 29559 38525 2468724 1297380
is_linear=0
shrinkage=0.02


Tree=102
num_leaves=15
num_cat=0
split_feature=13 14 21 7 23 21 7 4 20 23 4 7 20 7
split_gain=820651 996430 741558 1.06173e+06 1.59709e+06 997104 801459 908331 733020 1.10527e+06 722776 817766 3.56872e+06 2.94013e+06
threshold=-7.9000000953674308 0.6430308222770692 12773.156738281252 12539.508789062502 12537.257812500002 12553.970703125002 12829.757324218752 118.10499954223634 12798.628417968752 12747.287597656252 52.764999389648445 11436.903808593752 11459.102539062502 11474.890136718752
decision_type=2 2 2 2 2 2 2 2 2 2 2 2 2 2
left_child=1 -1 3 4 10 -5 7 -7 -9 -10 -2 12 -12 -13
right_child=2 -3 -4 5 -6 6 -8 8 9 -11 11 13 -14 -15
leaf_value=0.004383532583333182 -0.016621823223916709 0.053342332119759049 0.069440186334256193 -0.18703389110137825 0.16552156444810634 -0.0032740690300357613 -0.41061717621580335 -0.10167576077512273 -0.64817935316024289 0.3888873411814372 0.020389773251453552 -0.22941987166999844 0.61826276050966034 0.0027458380417708403
leaf_weight=749613 1162330 213673 49393 21556 21705 92658 2271 22230 2160 500 429643 24084 4021 231051
leaf_count=749613 1162330 213673 49393 21556 21705 92658 2271 22230 2160 500 429643 24084 4021 231051
internal_value=1.80751e-06 0.0152439 -0.0071132 -0.0089908 -0.00500111 -0.0618392 -0.0393022 -0.032094 -0.139337 -0.452508 -0.00700143 0.00923272 0.0259475 -0.019178
internal_weight=3.02689e+06 963286 2.0636e+06 2.01421e+06 1.87283e+06 141375 119819 117548 24890 2660 1.85113e+06 688799 433664 255135
internal_count=3026888 963286 2063602 2014209 1872834 141375 119819 117548 24890 2660 1851129 688799 433664 255135
is_linear=0
shrinkage=0.02


Tree=103
num_leaves=15
num_cat=0
split_feature=9 20 7 20 7 20 19 9 7 7 19 7 19 7
split_gain=810747 791467 808300 1.97333e+06 4.02572e+06 1.91086e+06 1.77257e+06 1.48123e+06 1.43115e+06 1.27159e+06 4.13155e+06 1.76689e+06 1.69988e+06 3.41781e+06
threshold=0.93001860380172741 12866.601562500002 12539.508789062502 12207.383789062502 12205.328613281252 12558.901855468752 12218.208496093752 -0.562171310186386 12608.418457031252 11199.704589843752 11203.158691406252 11210.092773437502 10991.822753906252 11033.247558593752
decision_type=2 2 2 2 2 2 2 2 2 2 2 2 2 2
left_child=1 2 3 9 7 8 -6 -5 -4 12 11 -11 13 -1
right_child=-2 -3 5 4 6 -7 -8 -9 -10 10 -12 -13 -14 -15
leaf_value=-0.0037927501621824716 -0.2126724583806423 0.16092612484431168 -0.13602023723963172 0.012899878401671649 -0.19825436786957693 -0.011213032727661379 0.034894407983109457 0.29156236783907769 -0.70203719719221402 -0.064400062711216982 -0.0047313994105605411 -0.22082000120125977 0.039488792145689587 -0.41666214079521802
leaf_weight=639586 7143 12242 36780 9816 13925 222194 203905 34269 1869 71122 1193633 48646 523646 8112
leaf_count=639586 7143 12242 36780 9816 13925 222194 203905 34269 1869 71122 1193633 48646 523646 8112
internal_value=1.75328e-06 0.000505529 -0.000147987 0.00304727 0.0552603 -0.0337927 0.0199816 0.229533 -0.163567 -0.00245666 -0.0159682 -0.127946 0.0126935 -0.00897006
internal_weight=3.02689e+06 3.01974e+06 3.0075e+06 2.74666e+06 261915 260843 217830 44085 38649 2.48474e+06 1.3134e+06 119768 1.17134e+06 647698
internal_count=3026888 3019745 3007503 2746660 261915 260843 217830 44085 38649 2484745 1313401 119768 1171344 647698
is_linear=0
shrinkage=0.02


Tree=104
num_leaves=15
num_cat=0
split_feature=5 20 13 14 8 21 20 0 8 0 14 23 21 23
split_gain=818376 777408 762436 882839 680562 1.02624e+06 840146 663844 491983 901044 605574 531343 931135 662974
threshold=0.082499999552965178 12866.601562500002 -7.9000000953674308 0.6430308222770692 0.73663246631622326 10960.143066406252 11154.104003906252 1836.5000000000002 -0.70585528016090382 2489.5000000000005 0.64643043279647838 12223.274902343752 12353.461914062502 12432.666015625002
decision_type=2 2 2 2 2 2 2 2 2 2 2 2 2 2
left_child=1 2 3 -1 5 -2 -7 -3 9 -4 11 -11 -13 -14
right_child=4 7 8 -5 -6 6 -8 -9 -10 10 -12 12 13 -15
leaf_value=0.0026297996892221177 -0.012464425425604799 -0.145496779193275 -6.1560360278714455e-05 0.049287386431744448 0.036012184515021181 0.4702697323729933 -0.029549931840606867 0.2290992533935664 -0.0007101984866851453 -0.041132274763331075 -0.093957272619456009 0.18934232041577442 -0.3022085107928672 0.0069698810376680621
leaf_weight=736094 5031 2331 415051 208062 32300 5855 1744 9911 1204333 282665 73400 11286 2997 35828
leaf_count=736094 5031 2331 415051 208062 32300 5855 1744 9911 1204333 282665 73400 11286 2997 35828
internal_value=1.62285e-06 -0.00127502 -0.00193094 0.0129121 0.084713 0.209132 0.355668 0.15771 -0.00884962 -0.0207859 -0.0419626 -0.0304916 0.0295257 -0.0169675
internal_weight=3.02689e+06 2.98196e+06 2.96972e+06 944156 44930 12630 7599 12242 2.02556e+06 821227 406176 332776 50111 38825
internal_count=3026888 2981958 2969716 944156 44930 12630 7599 12242 2025560 821227 406176 332776 50111 38825
is_linear=0
shrinkage=0.02


Tree=105
num_leaves=15
num_cat=0
split_feature=17 9 7 0 0 7 7 7 7 4 7 7 7 20
split_gain=843463 758527 852785 1.46024e+06 881883 771593 2.2451e+06 2.09284e+06 1.40041e+06 969354 800276 2.01257e+06 1.46132e+06 1.40783e+06
threshold=0.24487072974443438 0.42192476987838751 10682.054199218752 3808.5000000000005 8282.5000000000018 10765.210449218752 10830.137695312502 10728.840332031252 10776.645996093752 -83.735000610351548 10975.490722656252 11049.319824218752 11166.117675781252 11157.908691406252
decision_type=2 2 2 2 2 2 2 2 2 2 2 2 2 2
left_child=-1 2 3 -2 -4 7 8 -3 -7 -9 -8 -12 -13 -14
right_child=1 5 4 -5 -6 6 10 9 -10 -11 11 12 13 -15
leaf_value=0.033311593463386711 -0.0097743285150099779 -0.052958973519688313 0.001242577784577967 0.18385670975034341 -0.27003845477237348 0.01788330965469662 0.026382899212935493 0.69157936912730966 -0.32904009368391701 0.20787933099279662 -0.12727855685116965 0.15908492858200327 -0.13986875302511342 -0.010515332434713835
leaf_weight=276305 35505 13335 1963572 27747 4795 6688 130412 2424 15287 5239 71992 18774 36591 418222
leaf_count=276305 35505 13335 1963572 27747 4795 6688 130412 2424 15287 5239 71992 18774 36591 418222
internal_value=1.61377e-06 -0.00334458 0.00290335 0.0751819 0.000580351 -0.0209996 -0.0245938 0.0984256 -0.223494 0.36159 -0.0181247 -0.0287639 -0.0137858 -0.0209251
internal_weight=3.02689e+06 2.75058e+06 2.03162e+06 63252 1.96837e+06 718964 697966 20998 21975 7663 675991 545579 473587 454813
internal_count=3026888 2750583 2031619 63252 1968367 718964 697966 20998 21975 7663 675991 545579 473587 454813
is_linear=0
shrinkage=0.02


Tree=106
num_leaves=15
num_cat=0
split_feature=5 20 7 20 7 20 23 7 7 7 23 22 7 8
split_gain=784363 746645 777652 1.99912e+06 3.81033e+06 1.76951e+06 1.42468e+06 1.37713e+06 1.32882e+06 1.15021e+06 3.02134e+06 1.68593e+06 4.60744e+06 2.18624e+06
threshold=0.082499999552965178 12866.601562500002 12539.508789062502 12207.383789062502 12205.328613281252 12558.901855468752 12500.669921875002 12608.418457031252 12507.821777343752 11199.704589843752 11202.048339843752 10992.567382812502 11033.247558593752 -0.86513796448707569
decision_type=2 2 2 2 2 2 2 2 2 2 2 2 2 2
left_child=1 2 3 9 -5 7 -6 -4 -8 11 -11 12 -1 -13
right_child=-2 -3 5 4 6 -7 8 -9 -10 10 -12 13 -14 -15
leaf_value=-0.0041937607406020106 0.082933946372933443 0.15455969538440417 -0.13304085479384692 0.22525469565160378 -0.01698456309323992 -0.013073751393272198 0.28491202036758168 -0.68832332351221692 0.053944661033328727 -0.1160740376556406 -0.0078092489347211247 0.25553366587122933 -0.42533899325621416 0.029790030864795553
leaf_weight=634437 44930 12242 36642 43304 143038 217106 11890 1869 61290 112830 1195332 17782 10554 483642
leaf_count=634437 44930 12242 36642 43304 143038 217106 11890 1869 61290 112830 1195332 17782 10554 483642
internal_value=1.60678e-06 -0.00124823 -0.00189103 0.00124986 0.0540371 -0.0352394 0.0197368 -0.160162 0.0915054 -0.00433151 -0.017148 0.0102933 -0.0110915 0.0378006
internal_weight=3.02689e+06 2.98196e+06 2.96972e+06 2.7141e+06 259522 255617 216218 38511 73180 2.45458e+06 1.30816e+06 1.14642e+06 644991 501424
internal_count=3026888 2981958 2969716 2714099 259522 255617 216218 38511 73180 2454577 1308162 1146415 644991 501424
is_linear=0
shrinkage=0.02


Tree=107
num_leaves=15
num_cat=0
split_feature=21 7 24 7 7 20 19 5 7 21 7 19 7 22
split_gain=753802 1.58391e+06 1.93474e+06 2.22432e+06 1.80935e+06 1.42562e+06 1.96062e+06 1.26457e+06 1.28283e+06 1.24504e+06 1.20634e+06 3.79146e+06 1.70519e+06 1.646e+06
threshold=12773.156738281252 12539.508789062502 12219.573730468752 12221.506347656252 12216.220703125002 12207.383789062502 12203.057128906252 0.057499999180436141 12242.067382812502 12553.970703125002 11199.704589843752 11203.158691406252 11210.092773437502 10987.974609375002
decision_type=2 2 2 2 2 2 2 2 2 2 2 2 2 2
left_child=1 2 3 5 -4 10 -7 -5 -9 -3 13 12 -12 -1
right_child=-2 9 4 7 -6 6 -8 8 -10 -11 11 -13 -14 -15
leaf_value=-0.0090007770646432696 0.064132276705862815 -0.17630421326278661 0.18329131510825611 -0.15980595064837869 0.03281695708672782 0.6096298658529008 0.08103358915561007 -0.14203958319621671 -1.277249219912403 -0.035183235721922793 -0.060522303154449356 -0.0048734090108430508 -0.2141860666693178 0.038700797562082209
leaf_weight=649602 71570 29239 38525 20555 187489 3131 26428 756 838 172490 71122 1184755 48646 521742
leaf_count=649602 71570 29239 38525 20555 187489 3131 26428 756 838 172490 71122 1184755 48646 521742
internal_value=1.55331e-06 -0.00155173 0.00241138 -0.00260182 0.058473 -0.000837353 0.137212 -0.202101 -0.743098 -0.0556454 -0.00248606 -0.0157147 -0.122949 0.0122467
internal_weight=3.02689e+06 2.95532e+06 2.75359e+06 2.52758e+06 226014 2.50543e+06 29559 22149 1594 201729 2.47587e+06 1.30452e+06 119768 1.17134e+06
internal_count=3026888 2955318 2753589 2527575 226014 2505426 29559 22149 1594 201729 2475867 1304523 119768 1171344
is_linear=0
shrinkage=0.02


Tree=108
num_leaves=15
num_cat=0
split_feature=9 5 13 14 9 21 7 21 21 7 22 9 7 9
split_gain=775787 744911 705768 784319 683749 1.02068e+06 1.38329e+06 600402 574219 980477 1.51102e+06 1.22289e+06 1.38134e+06 916454
threshold=0.93001860380172741 0.082499999552965178 -9.0999999046325666 0.65024867653846752 -0.67629325389862049 10960.143066406252 11012.443359375002 11529.090332031252 12773.156738281252 12539.508789062502 12537.386718750002 -0.69185054302215565 12674.207031250002 -0.54542985558509816
decision_type=2 2 2 2 2 2 2 2 2 2 2 2 2 2
left_child=1 2 3 -1 5 -3 -7 -2 9 10 -4 12 -11 -10
right_child=7 4 8 -5 -6 6 -8 -9 13 11 -12 -13 -14 -15
leaf_value=0.0047462338582368764 -0.55267779613342483 -0.013786978260923432 -0.0066657085370198941 0.051816869778690704 0.032748851394657816 0.62051133377489698 0.077513445356471811 -0.11036431411407105 0.23855059099362672 0.6271087475826872 0.15810047972455013 -0.071681305676834922 0.014827864217788134 0.018891006605446337
leaf_weight=674273 1567 5031 1903874 179227 32393 3819 3687 5576 9352 2099 22517 138254 4896 40323
leaf_count=674273 1567 5031 1903874 179227 32393 3819 3687 5576 9352 2099 22517 138254 4896 40323
internal_value=1.45106e-06 0.000494245 -0.000726653 0.0146311 0.0813125 0.206663 0.354248 -0.208037 -0.00690583 -0.00851727 -0.00473899 -0.0586235 0.199192 0.060285
internal_weight=3.02689e+06 3.01974e+06 2.97482e+06 853500 44930 12537 7506 7143 2.12132e+06 2.07164e+06 1.92639e+06 145249 6995 49675
internal_count=3026888 3019745 2974815 853500 44930 12537 7506 7143 2121315 2071640 1926391 145249 6995 49675
is_linear=0
shrinkage=0.02


Tree=109
num_leaves=15
num_cat=0
split_feature=5 13 8 22 7 22 8 0 4 22 7 23 7 7
split_gain=724194 683031 626223 975553 733998 1.00089e+06 495279 841370 577940 740865 1.00468e+06 1.6202e+06 929681 751971
threshold=0.082499999552965178 -7.9000000953674308 0.73663246631622326 10825.307617187502 11012.443359375002 10968.587402343752 -0.70585528016090382 2489.5000000000005 -74.694999694824205 11414.784179687502 12531.327636718752 12544.720703125002 12574.204589843752 12561.602539062502
decision_type=2 2 2 2 2 2 2 2 2 2 2 2 2 2
left_child=1 -1 3 -2 5 -5 7 -3 9 -9 11 -11 13 -12
right_child=2 6 -4 4 -6 -7 -8 8 -10 10 12 -13 -14 -15
leaf_value=0.012824026964493243 -0.22381880591611464 0.00028833061170726622 0.032973933607243787 0.16671406858238175 0.052946468535668124 0.65056666923812556 0.00040128978904242134 -0.056100505682602199 -0.11205474773629187 0.015518699238827306 -0.15092761705654642 0.50069776401907273 -0.025187218236534813 -0.54149848743636386
leaf_weight=947726 1854 416151 32300 3617 3909 3250 1211298 215165 40286 119635 6665 2808 19426 2798
leaf_count=947726 1854 416151 32300 3617 3909 3250 1211298 215165 40286 119635 6665 2808 19426 2798
internal_value=1.49453e-06 -0.00119944 0.0796895 0.199038 0.271932 0.396327 -0.00773286 -0.0197056 -0.0401596 -0.0322538 0.0016529 0.0266855 -0.104417 -0.266863
internal_weight=3.02689e+06 2.98196e+06 44930 12630 10776 6867 2.03423e+06 822934 406783 366497 151332 122443 28889 9463
internal_count=3026888 2981958 44930 12630 10776 6867 2034232 822934 406783 366497 151332 122443 28889 9463
is_linear=0
shrinkage=0.02


Tree=110
num_leaves=15
num_cat=0
split_feature=17 9 13 17 8 0 17 0 23 19 4 23 19 23
split_gain=791318 732015 683378 1.01868e+06 524921 761748 673008 423948 416590 792498 731962 442120 378260 373220
threshold=0.16466495394706729 0.93001860380172741 -3.8999999761581416 0.59203019738197338 -0.70459485054016102 2604.5000000000005 0.53655236959457409 8282.5000000000018 12223.274902343752 12208.181640625002 -126.62499999999999 12366.731445312502 12520.071289062502 12432.666015625002
decision_type=2 2 2 2 2 2 2 2 2 2 2 2 2 2
left_child=-1 2 3 -2 5 -4 8 -6 9 -7 -11 -10 -5 -13
right_child=1 -3 4 12 7 6 -8 -9 11 10 -12 13 -14 -15
leaf_value=0.063787997586184475 0.0039312825830910133 -0.20391439202891007 -0.0028664391878543598 0.07607839408880171 0.00060366532915553147 -0.037930046969582666 -0.1135630698971052 -0.21675095272286674 0.14689780908474573 0.11128336005522392 -0.45424380655735597 -0.2813904726825654 -0.020823463881193074 0.0073400025058852139
leaf_weight=75836 1072363 7129 370064 114888 1034597 234351 48386 3592 9282 1249 3383 1890 18737 31141
leaf_count=75836 1072363 7129 370064 114888 1034597 234351 48386 3592 9282 1249 3383 1890 18737 31141
internal_value=1.48634e-06 -0.0016379 -0.00114737 0.0104201 -0.00917433 -0.0225626 -0.0446704 -0.000150415 -0.0328165 -0.0430576 -0.301836 0.0250214 0.0624901 -0.00926042
internal_weight=3.02689e+06 2.95105e+06 2.94392e+06 1.20599e+06 1.73794e+06 699746 329682 1.03819e+06 281296 238983 4632 42313 133625 33031
internal_count=3026888 2951052 2943923 1205988 1737935 699746 329682 1038189 281296 238983 4632 42313 133625 33031
is_linear=0
shrinkage=0.02


Tree=111
num_leaves=15
num_cat=0
split_feature=5 13 4 4 4 19 0 5 0 19 4 4 0 4
split_gain=692662 634015 481013 444081 639382 771305 487579 379847 582153 761928 637281 547991 421127 420474
threshold=0.082499999552965178 -8.7000002861022931 252.49500274658206 170.14499664306643 86.125000000000014 10827.350585937502 3296.5000000000005 -0.0074999998323619357 2864.5000000000005 11442.349121093752 -102.12499999999999 71.634998321533217 8282.5000000000018 -144.47499847412107
decision_type=2 2 2 2 2 2 2 2 2 2 2 2 2 2
left_child=1 -1 3 4 -2 -6 -5 8 13 -10 -11 -12 -9 -3
right_child=2 7 -4 6 5 -7 -8 12 9 10 11 -13 -14 -15
leaf_value=0.012932315503527397 -0.016550784902856733 0.24754298020504384 0.24252474329668153 0.21203354960578122 -0.15076156968448545 0.22588822588674173 -0.15234248990132612 0.00043054795481297362 -0.060787034621173255 0.029249420699276239 -0.095580266300014621 0.10110839235374536 -0.19408468110925847 -0.0048422928228756806
leaf_weight=892940 13137 2645 6124 1862 2553 14433 6821 1252124 214353 92660 35670 6727 4458 480381
leaf_count=892940 13137 2645 6124 1862 2553 14433 6821 1252124 214353 92660 35670 6727 4458 480381
internal_value=1.39545e-06 -0.00117311 0.0779353 0.051905 0.0882245 0.169221 -0.0740486 -0.00720244 -0.0176805 -0.0373449 -0.00013736 -0.0643553 -0.000261061 -0.00345512
internal_weight=3.02689e+06 2.98196e+06 44930 38806 30123 16986 8683 2.08902e+06 832436 349410 135057 42397 1.25658e+06 483026
internal_count=3026888 2981958 44930 38806 30123 16986 8683 2089018 832436 349410 135057 42397 1256582 483026
is_linear=0
shrinkage=0.02


Tree=112
num_leaves=15
num_cat=0
split_feature=17 16 9 17 9 21 9 23 19 8 4 25 8 4
split_gain=771832 679904 678373 670611 546003 554612 503644 868662 534647 550360 456194 439948 742186 525983
threshold=0.25504787266254431 -17.30000019073486 0.41172318160533911 0.5427212417125703 0.93001860380172741 11529.090332031252 -0.72680556774139393 10835.775390625002 13177.327148437502 -0.61393934488296498 25.785000801086429 0.053011946380138404 -1.0000000180025095e-35 -63.81500053405761
decision_type=2 2 2 2 2 2 2 2 2 2 2 2 2 2
left_child=-1 3 6 -2 11 -6 7 -3 9 10 -9 -4 -13 -14
right_child=1 2 4 -5 5 -7 -8 8 -10 -11 -12 12 13 -15
leaf_value=0.02918648584375335 0.0052826104809231061 -0.1039573012350551 -0.014873157117221978 0.063292607553122437 -0.5488111540554016 -0.10819802881102375 -0.0033503322253454395 -0.0094075184987522324 0.5729189192709252 0.06797031955231049 0.55583408481690721 -0.062162897917512713 0.72194473704744067 0.063095996559824008
leaf_weight=323689 322553 10857 464976 105869 1466 5095 1613941 853 907 42907 1716 130035 791 1233
leaf_count=323689 322553 10857 464976 105869 1466 5095 1613941 853 907 42907 1716 130035 791 1233
internal_value=1.39373e-06 -0.0034934 -0.00784635 0.0196189 -0.0260194 -0.207338 -0.00128247 0.057013 0.0947065 0.0850445 0.368837 -0.0240234 -0.0562375 0.322874
internal_weight=3.02689e+06 2.7032e+06 2.27478e+06 428422 603596 6561 1.67118e+06 57240 46383 45476 2569 597035 132059 2024
internal_count=3026888 2703199 2274777 428422 603596 6561 1671181 57240 46383 45476 2569 597035 132059 2024
is_linear=0
shrinkage=0.02


Tree=113
num_leaves=15
num_cat=0
split_feature=21 23 20 19 6 13 14 20 23 19 8 14 8 8
split_gain=699311 1.04003e+06 1.47682e+06 1.22842e+06 700037 683215 1.0945e+06 582637 567866 515291 492612 664591 465322 661526
threshold=12773.156738281252 12703.337402343752 12688.333007812502 13177.327148437502 80.532409667968764 -3.8999999761581416 0.63763192296028148 12798.628417968752 12724.941406250002 12740.083007812502 -0.70459485054016102 0.67994755506515514 0.84304407238960277 -0.75056561827659596
decision_type=2 2 2 2 2 2 2 2 2 2 2 2 2 2
left_child=1 3 -3 5 7 6 -1 -2 9 -4 11 -7 13 -6
right_child=4 2 8 -5 12 10 -8 -9 -10 -11 -12 -13 -14 -15
leaf_value=0.0018659463316096192 0.086663250979586895 0.77559334999774665 -0.13075509577392039 0.67400740305582685 -0.0069822376670812935 -0.013915038742325209 0.048700343627459362 -0.074503920866427847 -0.050022429812132022 -0.42372093222330465 0.0011324351956946126 -0.076494042130903384 0.010692155502739126 0.22961851661967425
leaf_weight=922172 16628 808 16714 1073 6290 615147 254716 19464 65293 2799 1000302 76294 10186 19002
leaf_count=922172 16628 808 16714 1073 6290 615147 254716 19464 65293 2799 1000302 76294 10186 19002
internal_value=1.44702e-06 -0.00149464 -0.070181 0.000554762 0.0617707 0.000300504 0.0120027 -0.000248357 -0.07833 -0.172975 -0.00784036 -0.0208211 0.124846 0.170797
internal_weight=3.02689e+06 2.95532e+06 85614 2.8697e+06 71570 2.86863e+06 1.17689e+06 36092 84806 19513 1.69174e+06 691441 35478 25292
internal_count=3026888 2955318 85614 2869704 71570 2868631 1176888 36092 84806 19513 1691743 691441 35478 25292
is_linear=0
shrinkage=0.02


Tree=114
num_leaves=15
num_cat=0
split_feature=7 19 19 7 0 23 8 6 8 7 0 8 7 24
split_gain=688762 3.74869e+06 1.54962e+06 3.16935e+06 2.31819e+06 2.23106e+06 1.99202e+06 1.30146e+06 1.17454e+06 1.23498e+06 1.12213e+06 1.60155e+06 2.50427e+06 1.3525e+06
threshold=11199.704589843752 11203.158691406252 10991.822753906252 11033.247558593752 5525.5000000000009 10997.779296875002 -0.91849520802497853 99.592491149902358 -0.96819859743118275 11006.196289062502 3644.5000000000005 -0.83435350656509388 10882.475585937502 10909.841796875002
decision_type=2 2 2 2 2 2 2 2 2 2 2 2 2 2
left_child=2 7 3 5 -5 10 8 -2 -4 -10 -1 12 13 -12
right_child=1 -3 6 4 -6 -7 -8 -9 9 -11 11 -13 -14 -15
leaf_value=-0.019117427798554913 -0.079164835922635901 2.7434761870058424e-05 0.14214834147950414 -0.5626253039263992 0.30497248486560774 -0.85293289133604722 0.030127099906363607 -0.23503497643001112 0.81243495613371708 0.19272238559129878 0.056143018246071853 0.060346750142964138 -0.29402751737574895 0.85561450862284727
leaf_weight=451306 96404 1731591 13337 6605 1507 1225 505156 27549 2527 2626 7524 165346 13241 944
leaf_count=451306 96404 1731591 13337 6605 1507 1225 505156 27549 2527 2626 7524 165346 13241 944
internal_value=1.48761e-06 -0.00757856 0.0120091 -0.00867474 -0.401269 -0.00368917 0.0375927 -0.113824 0.24143 0.497615 -0.00204612 0.0391404 -0.12233 0.146173
internal_weight=3.02689e+06 1.85554e+06 1.17134e+06 647698 8112 639586 523646 123953 18490 5153 638361 187055 21709 8468
internal_count=3026888 1855544 1171344 647698 8112 639586 523646 123953 18490 5153 638361 187055 21709 8468
is_linear=0
shrinkage=0.02


Tree=115
num_leaves=15
num_cat=0
split_feature=9 24 21 7 24 7 9 7 9 7 9 7 22 25
split_gain=690973 674106 663333 1.47743e+06 1.77569e+06 2.12401e+06 2.51137e+06 1.72893e+06 1.68212e+06 1.90225e+06 1.18301e+06 1.1702e+06 1.09377e+06 1.04706e+06
threshold=0.93001860380172741 11529.431640625002 12773.156738281252 12539.508789062502 12219.573730468752 12221.506347656252 -0.43419265747070307 12216.220703125002 -0.69185054302215565 12674.207031250002 0.29126313328742987 12829.757324218752 12537.386718750002 0.061096338555216796
decision_type=2 2 2 2 2 2 2 2 2 2 2 2 2 2
left_child=2 -2 3 4 5 -1 -7 10 9 -5 -6 13 -9 -10
right_child=1 -3 -4 8 7 6 -8 12 11 -11 -12 -13 -14 -15
leaf_value=-0.00024347435846140512 -0.63571563055007452 -0.11031330112446149 0.060624182962531921 0.60594265510827494 0.12587049200016764 -1.2348610675001943 -0.15315939833033665 0.010724015093799289 -0.03784317840369996 0.012133222158156858 0.4118889861392554 -0.50780006939984046 0.14396880695745157 -0.15690695163861651
leaf_weight=2498283 1159 5984 71570 3146 31441 885 21264 158313 152774 6825 7084 2363 29176 36621
leaf_count=2498283 1159 5984 71570 3146 31441 885 21264 158313 152774 6825 7084 2363 29176 36621
internal_value=1.48535e-06 -0.196336 0.000466563 -0.00099402 0.00284317 -0.0019726 -0.196919 0.0565448 -0.0532332 0.19991 0.178558 -0.066406 0.0314655 -0.0608723
internal_weight=3.02689e+06 7143 3.01974e+06 2.94818e+06 2.74645e+06 2.52043e+06 22149 226014 201729 9971 38525 191758 187489 189395
internal_count=3026888 7143 3019745 2948175 2746446 2520432 22149 226014 201729 9971 38525 191758 187489 189395
is_linear=0
shrinkage=0.02


Tree=116
num_leaves=15
num_cat=0
split_feature=17 7 13 14 17 4 13 7 24 7 7 19 7 4
split_gain=739710 673159 589350 931843 519838 702081 490590 432459 414390 1.15929e+06 828374 992712 1.17611e+06 737965
threshold=0.1540879309177399 10056.743164062502 -3.8999999761581416 0.68782544136047374 0.52808332443237316 -51.395000457763665 8.5000000000000018 12531.327636718752 10940.312500000002 10977.595703125002 11187.069824218752 11198.071777343752 11208.335937500002 69.384998321533217
decision_type=2 2 2 2 2 2 2 2 2 2 2 2 2 2
left_child=-1 -2 3 -3 8 -6 -7 -5 9 -4 13 12 -12 -10
right_child=1 2 4 7 5 6 -8 -9 10 -11 11 -13 -14 -15
leaf_value=0.067380374964725279 0.14397911549473091 0.0020704753808339351 -0.021805133197604357 0.068468298143165615 -0.087211015195083799 0.024056648708606496 -0.04302353681760087 -0.033729482698065187 0.0081998599959230908 -0.27261645080876812 -0.028052199604457897 -0.0018249345727330193 -0.17636728186903811 0.07970904276121217
leaf_weight=63790 12667 1057445 206208 130182 75247 76150 102032 18970 185275 7635 88696 890573 28174 83844
leaf_count=63790 12667 1057445 206208 130182 75247 76150 102032 18970 185275 7635 88696 890573 28174 83844
internal_value=1.35844e-06 -0.0014494 -0.00207426 0.00867165 -0.00950961 -0.0359901 -0.0143555 0.0554687 -0.00500663 -0.0307725 -0.000690252 -0.00901722 -0.0638189 0.0304807
internal_weight=3.02689e+06 2.9631e+06 2.95043e+06 1.2066e+06 1.74383e+06 253429 178182 149152 1.4904e+06 213843 1.27656e+06 1.00744e+06 116870 269119
internal_count=3026888 2963098 2950431 1206597 1743834 253429 178182 149152 1490405 213843 1276562 1007443 116870 269119
is_linear=0
shrinkage=0.02


Tree=117
num_leaves=15
num_cat=0
split_feature=17 7 9 7 25 9 25 7 19 7 21 19 19 7
split_gain=717101 654041 648049 998586 803281 767577 631966 1.02713e+06 1.57864e+06 1.29555e+06 1.14449e+06 999718 912634 773376
threshold=0.2501180768013001 10056.743164062502 -0.72680556774139393 10984.614746093752 0.065384693443775191 -0.80328845977783192 0.05662201717495919 12546.445312500002 12221.446777343752 12270.624511718752 12559.469238281252 12499.732421875002 12328.973632812502 12516.461914062502
decision_type=2 2 2 2 2 2 2 2 2 2 2 2 2 2
left_child=-1 -2 3 -3 5 -5 -4 8 -8 -10 -9 -11 -12 -13
right_child=1 2 6 4 -6 -7 7 10 9 11 12 13 -14 -15
leaf_value=0.029342572246236265 0.14249777897343704 -0.038334559747913395 -0.00082259703569979392 -0.037532593461416484 0.38259115659875348 0.15254092713065273 -0.028045178194889737 -0.29383177565400187 0.28492457748377192 -0.09764123434098744 0.41644334747736927 0.34528044354471804 -0.079798970151294848 0.047688224344657394
leaf_weight=300135 12254 27040 2158080 12802 4112 25250 390527 10601 11258 13102 1525 4942 43389 11871
leaf_count=300135 12254 27040 2158080 12802 4112 25250 390527 10601 11258 13102 1525 4942 43389 11871
internal_value=1.31321e-06 -0.00322838 -0.00388676 0.056526 0.117356 0.0886001 -0.00546744 -0.0260409 -0.0156262 0.102146 -0.107011 0.0332879 -0.0628603 0.135317
internal_weight=3.02689e+06 2.72675e+06 2.7145e+06 69204 42164 38052 2.6453e+06 487215 431700 41173 55515 29915 44914 16813
internal_count=3026888 2726753 2714499 69204 42164 38052 2645295 487215 431700 41173 55515 29915 44914 16813
is_linear=0
shrinkage=0.02


Tree=118
num_leaves=15
num_cat=0
split_feature=9 0 20 19 0 22 20 23 9 19 19 19 20 23
split_gain=668768 737054 693054 707513 1.09247e+06 1.32493e+06 796464 1.43141e+06 1.01209e+06 971503 667784 965773 904157 752267
threshold=-0.18020786345005033 1030.5000000000002 12105.399414062502 12208.181640625002 5301.5000000000009 12363.823730468752 12184.038085937502 12175.905273437502 -0.11262255162000655 12100.649414062502 12781.932128906252 12721.138183593752 12688.333007812502 12669.696289062502
decision_type=2 2 2 2 2 2 2 2 2 2 2 2 2 2
left_child=1 -1 -2 6 -5 -6 9 8 -8 -4 11 13 -12 -3
right_child=2 10 3 4 5 -7 7 -9 -10 -11 12 -13 -14 -15
leaf_value=-0.017807416118838508 -0.016388340598863745 0.017028507098616683 0.66352872549236086 -0.017174650914302838 0.44228104160638076 0.027598549029957762 -0.18923400985903857 0.072516580695486568 0.49689480737405206 0.0046601735855393506 0.54233260841812259 -0.072667280449796104 0.086247297155982228 0.16796474020519475
leaf_weight=305319 1204253 1060608 895 220340 4613 9250 1015 48260 5455 82458 1886 48120 21051 13365
leaf_count=305319 1204253 1060608 895 220340 4613 9250 1015 48260 5455 82458 1886 48120 21051 13365
internal_value=1.36784e-06 0.00980268 -0.00901542 0.0148339 -0.00633682 0.165808 0.0507396 0.11001 0.389127 0.0118137 0.0171649 0.0149806 0.12397 0.0189084
internal_weight=3.02689e+06 1.45035e+06 1.57654e+06 372286 234203 13863 138083 54730 6470 83353 1.14503e+06 1.12209e+06 22937 1.07397e+06
internal_count=3026888 1450349 1576539 372286 234203 13863 138083 54730 6470 83353 1145030 1122093 22937 1073973
is_linear=0
shrinkage=0.02


Tree=119
num_leaves=15
num_cat=0
split_feature=9 24 20 9 4 21 24 24 4 4 22 20 24 25
split_gain=660168 647809 646223 637241 929339 853621 2.09852e+06 1.26523e+06 959748 847588 777502 713678 1.35801e+06 1.06777e+06
threshold=0.93001860380172741 11529.431640625002 12866.601562500002 -0.66327509284019459 241.00000000000003 10981.347656250002 10993.408691406252 11119.356933593752 199.79499816894534 81.295001983642592 10887.459472656252 12810.557617187502 12753.083007812502 0.06004182621836663
decision_type=2 2 2 2 2 2 2 2 2 2 2 2 2 2
left_child=2 -2 3 4 5 6 -1 9 -9 -7 -6 -5 -13 -14
right_child=1 -3 -4 11 10 7 -8 8 -10 -11 -12 12 13 -15
leaf_value=-0.013007191543632475 -0.62263284425433629 -0.10758254804130436 0.14541162003094288 -0.0028062941402004966 -0.13136594338472216 0.048859400573515392 -0.89651632164103623 0.024156553168108118 -0.23054735486676101 0.20452514475036723 0.25122217995670876 -0.30492085911019728 0.091029197075978702 -0.46135486522324332
leaf_weight=152450 1159 5984 12242 2583145 2590 28869 1073 173166 6117 27155 11679 9035 10622 1602
leaf_count=152450 1159 5984 12242 2583145 2590 28869 1073 173166 6117 27155 11679 9035 10622 1602
internal_value=1.48695e-06 -0.191909 0.00045608 -0.000134435 0.0232658 0.017446 -0.0192403 0.0413813 0.0154538 0.124334 0.181733 -0.00375632 -0.119135 0.0183177
internal_weight=3.02689e+06 7143 3.01974e+06 3.0075e+06 403099 388830 153523 235307 179283 56024 14269 2.6044e+06 21259 12224
internal_count=3026888 7143 3019745 3007503 403099 388830 153523 235307 179283 56024 14269 2604404 21259 12224
is_linear=0
shrinkage=0.02


Tree=120
num_leaves=15
num_cat=0
split_feature=17 20 9 24 5 20 24 4 4 20 9 19 9 23
split_gain=693255 634077 619762 622700 573175 555425 1.43563e+06 1.04137e+06 946854 801977 1.18633e+06 936938 682193 649926
threshold=0.1540879309177399 12866.601562500002 0.93001860380172741 11529.431640625002 0.082499999552965178 12810.557617187502 12753.083007812502 252.49500274658206 130.20500183105472 12778.974609375002 0.66079589724540722 11836.096191406252 -0.59070801734924305 12703.337402343752
decision_type=2 2 2 2 2 2 2 2 2 2 2 2 2 2
left_child=-1 2 4 -4 5 9 8 -8 -7 13 12 -12 -11 -2
right_child=1 -3 3 -5 -6 6 7 -9 -10 10 11 -13 -14 -15
leaf_value=0.065230267695026656 -0.0013302600532825758 0.14302690544724969 -0.61028671225489872 -0.10526177016344213 0.070514413849165319 -0.18665025671563432 0.07218889712059956 -0.60399163364024644 -0.67809243103327277 0.20112831276391549 0.085160559102822428 0.5473179600266278 -0.026503439911817833 -0.057898117187896531
leaf_weight=63790 2759747 12099 1159 5976 43492 6898 13118 969 2025 7175 3374 3656 19713 83697
leaf_count=63790 2759747 12099 1159 5976 43492 6898 13118 969 2025 7175 3374 3656 19713 83697
internal_value=1.32417e-06 -0.00140314 -0.00199579 -0.188039 -0.00154424 -0.00262502 -0.100475 0.0252797 -0.298815 -0.00184217 0.0948199 0.325948 0.034291 -0.00299554
internal_weight=3.02689e+06 2.9631e+06 2.951e+06 7135 2.94386e+06 2.90037e+06 23010 14087 8923 2.87736e+06 33918 7030 26888 2.84344e+06
internal_count=3026888 2963098 2950999 7135 2943864 2900372 23010 14087 8923 2877362 33918 7030 26888 2843444
is_linear=0
shrinkage=0.02


Tree=121
num_leaves=15
num_cat=0
split_feature=7 19 22 7 8 9 9 22 7 21 7 7 25 8
split_gain=645176 3.34084e+06 1.53125e+06 3.89924e+06 2.02359e+06 1.68847e+06 1.62875e+06 1.73469e+06 1.4113e+06 1.39159e+06 1.29873e+06 1.87561e+06 1.38149e+06 1.0062e+06
threshold=11198.564453125002 11199.882812500002 10987.974609375002 11033.247558593752 -0.91849520802497853 0.22064693272113803 -0.52841973304748524 10940.513671875002 11210.092773437502 11156.747070312502 10947.319824218752 10940.223632812502 0.027282763272523883 -0.95380857586860646
decision_type=2 2 2 2 2 2 2 2 2 2 2 2 2 2
left_child=2 8 3 -1 5 -4 -5 -8 9 -2 11 -6 -13 -3
right_child=1 13 4 6 10 -7 7 -9 -10 -11 -12 12 -14 -15
leaf_value=-0.0024349557154848076 -0.27737632955423058 -0.03800782606657447 0.14153417964663328 0.10135896394649553 0.040942186541104056 0.60163203314669234 0.34033561517168875 -0.62038693885799223 -0.19774550874416669 -0.022564431294012439 0.023391252476738879 0.90659148978063708 0.27638607545855204 0.005840217405858425
leaf_weight=639325 9864 243178 14787 2101 11784 4062 831 7345 45086 65083 472818 1948 4862 1503814
leaf_count=639325 9864 243178 14787 2101 11784 4062 831 7345 45086 65083 472818 1948 4862 1503814
internal_value=1.22567e-06 -0.00727654 0.0117162 -0.00865053 0.0376443 0.240954 -0.394937 -0.522441 -0.109337 -0.0561338 0.0298412 0.193752 0.457724 -0.000263519
internal_weight=3.02689e+06 1.86702e+06 1.15986e+06 649602 510261 18849 10277 8176 120033 74947 491412 18594 6810 1.74699e+06
internal_count=3026888 1867025 1159863 649602 510261 18849 10277 8176 120033 74947 491412 18594 6810 1746992
is_linear=0
shrinkage=0.02


Tree=122
num_leaves=15
num_cat=0
split_feature=9 0 20 4 19 9 25 9 20 20 4 4 25 20
split_gain=622611 714473 650045 1.36658e+06 1.01753e+06 962439 1.19671e+06 940094 1.24281e+06 924674 1.41215e+06 1.71776e+06 1.25666e+06 724466
threshold=-0.20764332264661786 836.50000000000011 12105.399414062502 -170.92499542236325 12208.181640625002 0.49748149514198309 0.066734332591295256 0.31547822058200842 12493.339355468752 12184.038085937502 92.514999389648452 -91.045001983642564 0.043765800073742873 12533.264160156252
decision_type=2 2 2 2 2 2 2 2 2 2 2 2 2 2
left_child=1 -1 -2 -4 9 7 13 -6 -9 -5 11 -11 -12 -7
right_child=2 -3 3 4 5 6 -8 8 -10 10 12 -13 -14 -15
leaf_value=-0.021449842571606776 -0.015785034848371571 0.015901451917725348 0.14760731595229043 0.0037722016393498077 -0.02092925825021083 -0.1030647877716425 -0.34576512222792555 0.020073255645031152 0.28253674170112342 0.50208965147526563 0.48527056795689166 0.033692847426522142 -0.1478691981372639 0.0075929003364677743
leaf_weight=247180 1209485 1195935 28444 81068 77709 50755 5859 21775 10785 3372 6266 42364 1562 44329
leaf_count=247180 1209485 1195935 28444 81068 77709 50755 5859 21775 10785 3372 6266 42364 1562 44329
internal_value=1.28597e-06 0.00950372 -0.00865721 0.0143756 0.00341392 -0.0239749 -0.0685935 0.0168725 0.107071 0.0463805 0.110854 0.0683292 0.358904 -0.0514796
internal_weight=3.02689e+06 1.44312e+06 1.58377e+06 374288 345844 211212 100943 110269 32560 134632 53564 45736 7828 95084
internal_count=3026888 1443115 1583773 374288 345844 211212 100943 110269 32560 134632 53564 45736 7828 95084
is_linear=0
shrinkage=0.02


Tree=123
num_leaves=15
num_cat=0
split_feature=5 20 0 9 24 9 19 20 24 25 20 9 19 9
split_gain=610935 604704 633612 596891 597991 587488 911129 548386 1.40747e+06 884853 772146 1.15841e+06 884153 645946
threshold=0.082499999552965178 12866.601562500002 1836.5000000000002 0.93001860380172741 11529.431640625002 -0.67629325389862049 10804.651367187502 12810.557617187502 12753.083007812502 0.076041750609874739 12778.974609375002 0.66079589724540722 11836.096191406252 -0.59070801734924305
decision_type=2 2 2 2 2 2 2 2 2 2 2 2 2 2
left_child=1 3 -3 7 -5 6 -2 10 -9 -10 -1 13 -13 -12
right_child=5 2 -4 4 -6 -7 -8 8 9 -11 11 12 -14 -15
leaf_value=-0.0015833497741882766 -0.24550644931291579 -0.1570686081764481 0.20886713734611748 -0.59798819426902849 -0.10313874853562506 0.028178366562286769 0.25606123981134055 -0.29315753703507158 0.06419491477739192 -0.59402412323463361 0.19392734158605532 0.085453337102218432 0.53047914528707873 -0.02550442203920741
leaf_weight=2904773 1663 2331 9911 1159 5984 32393 10874 9035 13630 859 7356 3396 3767 19757
leaf_count=2904773 1663 2331 9911 1159 5984 32393 10874 9035 13630 859 7356 3396 3767 19757
internal_value=1.31626e-06 -0.00110172 0.139116 -0.00168021 -0.184158 0.0731932 0.189385 -0.00123962 -0.0973994 0.0247873 -0.000469623 0.0938872 0.319907 0.0340782
internal_weight=3.02689e+06 2.98196e+06 12242 2.96972e+06 7143 44930 12537 2.96257e+06 23524 14489 2.93905e+06 34276 7163 27113
internal_count=3026888 2981958 12242 2969716 7143 44930 12537 2962573 23524 14489 2939049 34276 7163 27113
is_linear=0
shrinkage=0.02


Tree=124
num_leaves=15
num_cat=0
split_feature=17 16 17 25 5 0 7 0 24 7 20 7 4 4
split_gain=663290 624883 630074 574965 664404 494319 612636 908055 897312 524609 1.50118e+06 2.69065e+06 1.07427e+06 819437
threshold=0.25724022090435034 -17.100000381469723 0.5427212417125703 0.052623640745878227 -0.027499999850988385 8282.5000000000018 11200.344726562502 3598.5000000000005 11186.624023437502 10926.958007812502 10873.524414062502 10975.490722656252 170.14499664306643 222.55500030517581
decision_type=2 2 2 2 2 2 2 2 2 2 2 2 2 2
left_child=-1 2 -2 -3 -5 6 7 -6 -8 12 11 -11 -9 -12
right_child=1 3 -4 4 5 -7 8 9 -10 10 13 -13 -14 -15
leaf_value=0.026547883254104111 0.0048965297797310551 -0.0021641213050207033 0.060870244461250118 -0.06752314639414532 -0.047111679248766747 -0.20024113900603827 -0.22467239533911593 0.2225916761997791 -0.023964530433548636 0.077558855887297204 0.023425883992899882 -0.65128855523104823 0.0052094800445083283 0.2258493982390174
leaf_weight=334826 325585 1763437 106830 119937 54059 5574 9307 18394 204081 4782 49048 3503 17976 9549
leaf_count=334826 325585 1763437 106830 119937 54059 5574 9307 18394 204081 4782 49048 3503 17976 9549
internal_value=1.24668e-06 -0.00330058 0.0187262 -0.00751578 -0.0265341 -0.0134674 -0.0106536 0.0192908 -0.0327287 0.054058 0.0208071 -0.231018 0.115181 0.0564462
internal_weight=3.02689e+06 2.69206e+06 432415 2.25965e+06 496210 376273 370699 157311 213388 103252 66882 8285 36370 58597
internal_count=3026888 2692062 432415 2259647 496210 376273 370699 157311 213388 103252 66882 8285 36370 58597
is_linear=0
shrinkage=0.02


Tree=125
num_leaves=15
num_cat=0
split_feature=7 19 19 7 9 8 24 9 7 21 9 7 1 8
split_gain=617718 3.38991e+06 1.4121e+06 2.99486e+06 2.59509e+06 1.85694e+06 1.79374e+06 1.66836e+06 1.22331e+06 1.20225e+06 1.15936e+06 1.15238e+06 1.09422e+06 1.0385e+06
threshold=11199.704589843752 11203.158691406252 10991.822753906252 11033.247558593752 -0.53606674075126637 -0.91849520802497853 10993.408691406252 0.24782752245664599 11208.335937500002 11156.747070312502 -0.62652868032455433 10950.070312500002 92.176651000976577 0.8857344686985017
decision_type=2 2 2 2 2 2 2 2 2 2 2 2 2 2
left_child=2 8 3 6 -5 7 -1 -4 9 -2 11 -7 -10 -6
right_child=1 -3 5 4 13 10 -8 -9 12 -11 -12 -13 -14 -15
leaf_value=-0.0020181956206917536 -0.26849461003458763 5.5561315901977258e-05 0.13568706864043109 0.098266582575814762 -0.7561183395825205 0.2411885928798273 -0.74769399244888579 0.60528295193255188 -0.11063105473496902 -0.010896307065886551 0.0042267453567241195 0.052981152918738852 -0.28821968686995708 0.09828571643078382
leaf_weight=638303 8365 1731591 14685 2832 4634 13993 1283 3805 40694 53824 306830 184333 21070 646
leaf_count=638303 8365 1731591 14685 2832 4634 13993 1283 3805 40694 53824 306830 184333 21070 646
internal_value=1.18408e-06 -0.0071773 0.0113727 -0.0083721 -0.390005 0.0357948 -0.00352571 0.2326 -0.10821 -0.0455836 0.0285867 0.0662718 -0.17125 -0.651591
internal_weight=3.02689e+06 1.85554e+06 1.17134e+06 647698 8112 523646 639586 18490 123953 62189 505156 198326 61764 5280
internal_count=3026888 1855544 1171344 647698 8112 523646 639586 18490 123953 62189 505156 198326 61764 5280
is_linear=0
shrinkage=0.02


Tree=126
num_leaves=15
num_cat=0
split_feature=17 7 21 7 24 7 7 25 23 22 7 6 0 25
split_gain=644872 614438 620791 1.21869e+06 1.56953e+06 1.98488e+06 1.34132e+06 1.14029e+06 963262 924387 887141 1.10735e+06 1.18934e+06 855210
threshold=0.1540879309177399 10056.743164062502 12773.156738281252 12539.508789062502 12219.573730468752 12221.506347656252 12216.220703125002 0.061096338555216796 12544.720703125002 12206.421875000002 12674.207031250002 77.975151062011733 1876.5000000000002 0.02435875125229359
decision_type=2 2 2 2 2 2 2 2 2 2 2 2 2 2
left_child=-1 -2 3 4 5 -3 -6 -5 9 -8 -4 -12 -13 -7
right_child=1 2 10 7 6 13 8 -9 -10 -11 11 12 -14 -15
leaf_value=0.062912668449617085 0.13758730956728113 -0.0026703812064595395 0.28155548960698734 -0.027801219052566526 0.16479389648752971 -0.38380954104474724 0.30750644395616655 -0.14932104342622443 0.15140164920156893 0.0044996658583466359 -0.062946973411893051 -0.034522019028926154 0.19735385959760648 -0.11166151623144993
leaf_weight=63790 12667 2441877 6374 161338 35172 6602 4125 38193 22796 154580 27041 14655 22310 15368
leaf_count=63790 12667 2441877 6374 161338 35172 6602 4125 38193 22796 154580 27041 14655 22310 15368
internal_value=1.09776e-06 -0.00135347 -0.00195045 -0.00338467 0.000164945 -0.0043735 0.0517708 -0.0510682 0.0298607 0.0123943 0.0567314 0.0343016 0.10544 -0.193581
internal_weight=3.02689e+06 2.9631e+06 2.95043e+06 2.88005e+06 2.68052e+06 2.46385e+06 216673 199531 181501 158705 70380 64006 36965 21970
internal_count=3026888 2963098 2950431 2880051 2680520 2463847 216673 199531 181501 158705 70380 64006 36965 21970
is_linear=0
shrinkage=0.02


Tree=127
num_leaves=15
num_cat=0
split_feature=17 7 9 21 21 7 24 7 9 7 25 9 7 24
split_gain=623943 592615 575475 1.00943e+06 596352 1.3417e+06 1.50078e+06 1.78177e+06 2.31628e+06 1.19243e+06 1.11689e+06 1.08517e+06 1.13267e+06 877663
threshold=0.20585037767887118 10056.743164062502 -0.72680556774139393 10805.424316406252 12773.156738281252 12539.508789062502 12219.573730468752 12221.506347656252 -0.43419265747070307 12216.220703125002 0.061096338555216796 -0.54542985558509816 12674.207031250002 12537.991210937502
decision_type=2 2 2 2 2 2 2 2 2 2 2 2 2 2
left_child=-1 -2 3 -3 5 6 7 -4 -9 -8 -7 -6 -13 -11
right_child=1 2 4 -5 11 10 9 8 -10 13 -12 12 -14 -15
leaf_value=0.040095735630184939 0.13507335415285632 -0.11510600953023416 -0.0046119541979953273 0.085230976766635408 0.23016095443482634 -0.033023171069798324 0.16210414534469003 -1.2024487782956272 -0.14593721822859126 0.010173604155265492 -0.15554947466862631 0.28918949165548435 -0.011791210703178266 0.13500216960473579
leaf_weight=147666 12541 12014 2308118 61616 11640 154178 32087 856 20176 146470 36869 5541 50500 26616
leaf_count=147666 12541 12014 2308118 61616 11640 154178 32087 856 20176 146470 36869 5541 50500 26616
internal_value=1.11114e-06 -0.00205534 -0.00265572 0.0525311 -0.00411073 -0.00556717 -0.00171419 -0.00628219 -0.189489 0.0501401 -0.0566758 0.0545285 0.0180139 0.0293757
internal_weight=3.02689e+06 2.87922e+06 2.86668e+06 73630 2.79305e+06 2.72537e+06 2.53432e+06 2.32915e+06 21032 205173 191047 67681 56041 173086
internal_count=3026888 2879222 2866681 73630 2793051 2725370 2534323 2329150 21032 205173 191047 67681 56041 173086
is_linear=0
shrinkage=0.02


Tree=128
num_leaves=15
num_cat=0
split_feature=17 16 17 9 17 20 21 9 22 16 21 25 9 23
split_gain=603997 592771 591124 545782 454383 521945 645827 404270 743695 397727 379058 378945 484898 375256
threshold=0.25724022090435034 -17.30000019073486 0.51038074493408214 0.41172318160533911 0.47739638388156896 12778.974609375002 12823.506835937502 -0.72680556774139393 10836.035644531252 -4.0999999046325675 10079.182617187502 0.051052706316113479 0.71953120827674877 11734.043945312502
decision_type=2 2 2 2 2 2 2 2 2 2 2 2 2 2
left_child=-1 2 -2 7 5 10 -7 8 -3 -6 -5 -12 -13 -4
right_child=1 3 13 4 9 6 -8 -9 -10 -11 11 12 -14 -15
leaf_value=0.025333380042494559 0.0026918017710330796 -0.098256208698830796 0.082048143708069898 -0.49304779115470349 -0.0016360525128573181 0.48100227430586123 0.046725548340039461 -0.0031798982688507334 0.086009913033688323 -0.073789174955955619 -0.0054173388191292512 -0.062544570190722487 0.096250217409714497 0.013742593416117794
leaf_weight=334826 294550 10805 77175 656 42486 1803 5614 1607202 46145 108852 340038 93186 8375 55175
leaf_count=334826 294550 10805 77175 656 42486 1803 5614 1607202 46145 108852 340038 93186 8375 55175
internal_value=1.0505e-06 -0.00314974 0.0184681 -0.00722398 -0.0235598 -0.0134707 0.152802 -0.00132416 0.051038 -0.0535348 -0.0162626 -0.0155432 -0.0494415 0.0535758
internal_weight=3.02689e+06 2.69206e+06 426900 2.26516e+06 601010 449672 7417 1.66415e+06 56950 151338 442255 441599 101561 132350
internal_count=3026888 2692062 426900 2265162 601010 449672 7417 1664152 56950 151338 442255 441599 101561 132350
is_linear=0
shrinkage=0.02


Tree=129
num_leaves=15
num_cat=0
split_feature=7 19 22 7 8 4 4 22 4 19 7 7 19 25
split_gain=594717 3.23905e+06 1.39917e+06 3.63775e+06 1.88821e+06 2.10817e+06 1.31935e+06 1.55132e+06 1.23385e+06 1.99598e+06 1.17484e+06 1.15644e+06 1.97845e+06 1.79638e+06
threshold=11199.704589843752 11203.158691406252 10987.974609375002 11033.247558593752 -0.91849520802497853 -124.35499954223631 290.29998779296881 10940.513671875002 204.70999908447268 10923.156250000002 11208.335937500002 10977.595703125002 10960.132812500002 0.049489881843328483
decision_type=2 2 2 2 2 2 2 2 2 2 2 2 2 2
left_child=2 10 3 8 -4 -6 7 -5 11 -10 -2 -1 13 -13
right_child=1 -3 4 6 5 -7 -8 -9 9 -11 -12 12 -14 -15
leaf_value=-0.0022463701476142075 -0.04442831278419071 2.7556176441075053e-05 0.23202253984720364 0.33421288303189273 -0.093562155122844243 0.041953028806338923 0.12068878582282189 -0.57202657387904798 -0.0011419137496441879 0.29391072148173858 -0.16758041308325705 -0.13562691065926466 -0.010814712078928925 -0.61375937035400729
leaf_weight=560538 62189 1731591 18849 831 51104 451789 1735 7711 25373 14352 61764 8651 25477 4934
leaf_count=560538 62189 1731591 18849 831 51104 451789 1735 7711 25373 14352 61764 8651 25477 4934
internal_value=1.03581e-06 -0.00704253 0.0111588 -0.00843079 0.0355489 0.0281803 -0.38154 -0.483574 -0.00242725 0.105502 -0.105802 -0.00957953 -0.114782 -0.309607
internal_weight=3.02689e+06 1.85554e+06 1.17134e+06 649602 521742 502893 10277 8542 639325 39725 123953 599600 39062 13585
internal_count=3026888 1855544 1171344 649602 521742 502893 10277 8542 639325 39725 123953 599600 39062 13585
is_linear=0
shrinkage=0.02


Tree=130
num_leaves=15
num_cat=0
split_feature=9 24 7 21 7 7 24 7 9 9 7 7 20 19
split_gain=579851 573667 552298 556918 1.20169e+06 945674 1.57445e+06 1.87904e+06 2.30881e+06 1.56833e+06 1.66803e+06 1.51081e+06 1.31571e+06 1.80431e+06
threshold=0.93001860380172741 11529.431640625002 10056.743164062502 12773.156738281252 12829.757324218752 12539.508789062502 12219.573730468752 12221.506347656252 -0.43419265747070307 -0.69185054302215565 12674.207031250002 12216.220703125002 12207.383789062502 12203.057128906252
decision_type=2 2 2 2 2 2 2 2 2 2 2 2 2 2
left_child=2 -2 -1 4 5 6 7 12 -9 10 -7 -8 -4 -14
right_child=1 -3 3 -5 -6 9 11 8 -10 -11 -12 -13 13 -15
leaf_value=0.13197274649467944 -0.58518257361380233 -0.10050384448443685 -0.0025158042802706786 0.054989486178637047 -0.39682943168266016 0.58417920399376988 0.16661611511886171 -1.1811086576078191 -0.14395359708801592 -0.055626280693893693 0.018172346081115426 0.029115451528208793 0.58488968999550561 0.077802984730441671
leaf_weight=12703 1159 5984 2456021 71570 3062 3146 38525 885 21264 189395 6126 187489 3131 26428
leaf_count=12703 1159 5984 2456021 71570 3062 3146 38525 885 21264 189395 6126 187489 3131 26428
internal_value=9.73717e-07 -0.179857 0.000427017 -0.000129118 -0.00147316 -0.00105897 0.00200285 -0.00255384 -0.18591 -0.0431891 0.210644 0.0525594 -0.000919202 0.131696
internal_weight=3.02689e+06 7143 3.01974e+06 3.00704e+06 2.93547e+06 2.93241e+06 2.73374e+06 2.50773e+06 22149 198667 9272 226014 2.48558e+06 29559
internal_count=3026888 7143 3019745 3007042 2935472 2932410 2733743 2507729 22149 198667 9272 226014 2485580 29559
is_linear=0
shrinkage=0.02


Tree=131
num_leaves=15
num_cat=0
split_feature=17 20 0 5 20 4 8 20 4 0 8 8 21 21
split_gain=586750 541086 562873 517070 518218 1.2558e+06 936157 708188 925178 518594 567853 512233 505180 530500
threshold=0.1540879309177399 12866.601562500002 1836.5000000000002 0.082499999552965178 12810.557617187502 148.6350021362305 0.8110111951828004 12778.974609375002 -100.62499999999999 1443.5000000000002 0.80688521265983593 -0.75056561827659596 12773.156738281252 12823.506835937502
decision_type=2 2 2 2 2 2 2 2 2 2 2 2 2 2
left_child=-1 3 -3 4 7 -6 -7 -2 -9 -10 11 -11 -13 -14
right_child=1 2 -4 -5 5 6 -8 8 9 10 -12 12 13 -15
leaf_value=0.060010473704659346 -0.0031895052775385109 -0.15092525752338756 0.19773027463888831 0.06660369643692049 -0.039758820174787962 0.34867614571591637 -0.62478238526751961 0.47567606342257934 -0.0476640297121547 -0.060601279311423818 -0.0038693630593989738 0.030674187342595235 0.45884399791132224 0.052551904236728494
leaf_weight=63790 2850579 2274 9825 43492 19982 460 2568 2294 11355 2249 8468 2508 5349 1695
leaf_count=63790 2850579 2274 9825 43492 19982 460 2568 2294 11355 2249 8468 2508 5349 1695
internal_value=9.0019e-07 -0.00129119 0.132128 -0.00183865 -0.00286268 -0.0973792 -0.476231 -0.00210837 0.0887272 0.0605159 0.121114 0.210728 0.27461 0.361294
internal_weight=3.02689e+06 2.9631e+06 12099 2.951e+06 2.90751e+06 23010 3028 2.8845e+06 33918 31624 20269 11801 9552 7044
internal_count=3026888 2963098 12099 2950999 2907507 23010 3028 2884497 33918 31624 20269 11801 9552 7044
is_linear=0
shrinkage=0.02


Tree=132
num_leaves=15
num_cat=0
split_feature=17 13 17 17 16 21 23 22 14 16 1 8 24 22
split_gain=563518 544443 1.06534e+06 692341 535295 446650 381739 793342 336084 326545 324783 315030 266767 705838
threshold=0.1540879309177399 0.5000000149011613 0.61178618669509899 0.53959387540817272 7.9000000953674325 12773.156738281252 11734.043945312502 11433.400878906252 0.63098061084747326 10.299999713897707 91.957576751708999 0.4720101952552796 10940.312500000002 10949.891113281252
decision_type=2 2 2 2 2 2 2 2 2 2 2 2 2 2
left_child=-1 2 8 5 11 12 7 9 -2 -4 -6 -5 13 -3
right_child=1 3 6 4 10 -7 -8 -9 -10 -11 -12 -13 -14 -15
leaf_value=0.058810452500182027 -0.002706999610325857 -0.026865720007541866 0.088025513750522144 -0.04891928986352289 -0.049978933020692937 0.072851592593242545 0.023261560872999954 0.32968182325702855 0.02256179443003627 -0.069163054758167281 -0.12222768456105146 0.033744187139110537 -0.0025325503169655161 -0.87323612038093279
leaf_weight=63790 1115768 182542 60610 33317 83547 29105 55744 5243 259500 5784 35457 41276 1054820 385
leaf_count=63790 1115768 182542 60610 33317 83547 29105 55744 5243 259500 5784 35457 41276 1054820 385
internal_value=9.3242e-07 -0.00126531 0.00718642 -0.00996127 -0.045186 -0.00457798 0.0625173 0.0930562 0.0020611 0.0743232 -0.0715139 -0.00317884 -0.00639929 -0.0286948
internal_weight=3.02689e+06 2.9631e+06 1.50265e+06 1.46045e+06 193597 1.26685e+06 127381 71637 1.37527e+06 66394 119004 74593 1.23775e+06 182927
internal_count=3026888 2963098 1502649 1460449 193597 1266852 127381 71637 1375268 66394 119004 74593 1237747 182927
is_linear=0
shrinkage=0.02


Tree=133
num_leaves=15
num_cat=0
split_feature=17 16 17 25 5 0 0 20 5 19 20 4 20 24
split_gain=553411 553667 560374 525243 604762 471801 510712 842457 601738 407312 383409 1.20455e+06 799153 373226
threshold=0.25947852432727819 -17.100000381469723 0.51038074493408214 0.052623640745878227 -0.027499999850988385 8282.5000000000018 5301.5000000000009 10726.558593750002 0.06749999895691873 11854.290527343752 12798.628417968752 173.17499542236331 12778.974609375002 11484.535156250002
decision_type=2 2 2 2 2 2 2 2 2 2 2 2 2 2
left_child=-1 2 -2 -3 -5 6 10 -8 -9 -4 12 -12 -6 -10
right_child=1 3 9 4 5 -7 7 8 13 -11 11 -13 -14 -15
leaf_value=0.023781653254462999 0.0024030475610067291 -0.0019258403291411172 0.080033666641940157 -0.064458312996815717 -0.023243295115675432 -0.19562028739774584 0.22798694898022276 -0.002493053243070086 0.31771396590143819 0.0086496378026370193 -0.013912066050078028 -0.58475488161790246 0.27097373187364726 -0.047657366921008172
leaf_weight=346599 297202 1755522 80596 119429 270135 5551 7978 73978 3937 52999 5682 1989 3734 1557
leaf_count=346599 297202 1755522 80596 119429 270135 5551 7978 73978 3937 52999 5682 1989 3734 1557
internal_value=8.76038e-07 -0.00307438 0.0176969 -0.00705233 -0.025271 -0.0127739 -0.010018 0.0321978 0.0125166 0.0517175 -0.0231315 -0.162496 -0.019222 0.214266
internal_weight=3.02689e+06 2.68029e+06 430797 2.24949e+06 493970 374541 368990 87450 79472 133595 281540 7671 273869 5494
internal_count=3026888 2680289 430797 2249492 493970 374541 368990 87450 79472 133595 281540 7671 273869 5494
is_linear=0
shrinkage=0.02


Tree=134
num_leaves=15
num_cat=0
split_feature=9 24 17 13 17 17 9 16 21 4 16 19 6 4
split_gain=556031 551662 525740 511928 959308 523104 650232 497000 407165 437238 368687 345027 337875 357643
threshold=0.93001860380172741 11529.431640625002 0.18141844868659976 -1.1000000238418577 0.61178618669509899 0.53959387540817272 0.070003718137741103 9.9000000953674334 12773.156738281252 252.49500274658206 -5.2999999523162833 12520.071289062502 93.972503662109389 101.02499771118165
decision_type=2 2 2 2 2 2 2 2 2 2 2 2 2 2
left_child=2 -2 -1 4 -4 8 7 -7 -5 -10 -8 -6 -9 -14
right_child=1 -3 3 5 11 6 10 12 9 -11 -12 -13 13 -15
leaf_value=0.045636610506931977 -0.57359962585749436 -0.098308243852097535 0.0025830258309341831 -0.0061210614093644292 0.07570688322532565 0.031125969451947257 0.0073985752835218658 -0.020662902000132627 0.081152262695721261 -0.34179809918767162 -0.10616735113924242 -0.01893114252127566 -0.050359998968055361 -0.22782853731351502
leaf_weight=99451 1159 5984 1244780 1317696 102976 59394 14025 51414 29880 1001 61862 18116 11745 7405
leaf_count=99451 1159 5984 1244780 1317696 102976 59394 14025 51414 29880 1001 61862 18116 11745 7405
internal_value=8.58119e-07 -0.176124 0.000418059 -0.00112201 0.00781102 -0.00897148 -0.0386673 -0.0115022 -0.00443848 0.0673356 -0.0851803 0.061548 -0.047382 -0.119068
internal_weight=3.02689e+06 7143 3.01974e+06 2.92029e+06 1.36587e+06 1.55442e+06 205845 129958 1.34858e+06 30881 75887 121092 70564 19150
internal_count=3026888 7143 3019745 2920294 1365872 1554422 205845 129958 1348577 30881 75887 121092 70564 19150
is_linear=0
shrinkage=0.02


Tree=135
num_leaves=15
num_cat=0
split_feature=7 24 24 7 8 7 4 9 23 23 4 24 0 23
split_gain=580122 2.67502e+06 1.32846e+06 4.04831e+06 1.96291e+06 2.18536e+06 2.07297e+06 1.65575e+06 1.54324e+06 1.2946e+06 1.29538e+06 2.27462e+06 1.05645e+06 994698
threshold=11198.564453125002 11188.050781250002 11007.170410156252 11027.578125000002 -0.86513796448707569 11006.196289062502 -124.35499954223631 -0.53606674075126637 10940.333984375002 11012.068359375002 204.70999908447268 10905.901367187502 3534.5000000000005 11354.811035156252
decision_type=2 2 2 2 2 2 2 2 2 2 2 2 2 2
left_child=2 -2 3 9 5 -4 -6 -5 -9 10 -1 -12 -8 -3
right_child=1 13 4 7 6 -7 12 8 -10 -11 11 -13 -14 -15
leaf_value=-0.0039117386458502228 -0.12547806031104522 -0.035952510872061305 0.77613185744189028 0.00017164360977779206 -0.095268034975953847 0.15024866112939114 0.027900010167302463 0.19862191272381599 -0.46480184637620214 -0.87527961634454277 -0.0014698960349737774 0.31302082877533322 0.10856111809304342 0.0044781816162699261
leaf_weight=636416 73109 290411 2664 5958 47549 13536 317016 1563 13236 662 25056 14526 81681 1503505
leaf_count=636416 73109 290411 2664 5958 47549 13536 317016 1563 13236 662 25056 14526 81681 1503505
internal_value=7.61119e-07 -0.00690034 0.0111094 -0.00632009 0.0373945 0.253588 0.0295405 -0.281373 -0.394646 0.00212134 0.00299354 0.113993 0.0444274 -0.00206716
internal_weight=3.02689e+06 1.86702e+06 1.15986e+06 697417 462446 16200 446246 20757 14799 676660 675998 39582 398697 1.79392e+06
internal_count=3026888 1867025 1159863 697417 462446 16200 446246 20757 14799 676660 675998 39582 398697 1793916
is_linear=0
shrinkage=0.02


Tree=136
num_leaves=15
num_cat=0
split_feature=7 19 19 7 9 24 7 4 19 7 24 4 4 7
split_gain=558915 2.99383e+06 1.28893e+06 2.68093e+06 2.34448e+06 1.69015e+06 1.13278e+06 1.0384e+06 1.94339e+06 1.54358e+06 1.57846e+06 1.12156e+06 1.00929e+06 1.51884e+06
threshold=11199.704589843752 11203.158691406252 10991.822753906252 11033.247558593752 -0.53606674075126637 10993.408691406252 11208.335937500002 204.70999908447268 10923.156250000002 10977.595703125002 10866.172363281252 98.384998321533217 74.014999389648452 11012.443359375002
decision_type=2 2 2 2 2 2 2 2 2 2 2 2 2 2
left_child=2 6 3 5 -5 7 -2 9 -9 -1 11 -11 -4 -14
right_child=1 -3 12 4 -6 -7 -8 8 -10 10 -12 -13 13 -15
leaf_value=-7.6139842884614682e-05 -0.041510454033293585 -3.0303115964783858e-05 0.016393221367180761 0.094967619357545413 -0.61775949227763782 -0.72582144120453129 -0.16243730973883608 -0.001566308662139612 0.30195707466881289 0.003960335421268806 -0.076253320632016799 -0.60462074242975894 0.22543435378367785 0.050531617147822915
leaf_weight=562275 62189 1731591 371662 2832 5280 1283 61764 25373 12632 1694 32090 4239 23483 128501
leaf_count=562275 62189 1731591 371662 2832 5280 1283 61764 25373 12632 1694 32090 4239 23483 128501
internal_value=7.44374e-07 -0.00682752 0.0108175 -0.00804656 -0.369125 -0.0034612 -0.101775 -0.00199787 0.0993703 -0.00841709 -0.131728 -0.43114 0.0341502 0.077569
internal_weight=3.02689e+06 1.85554e+06 1.17134e+06 647698 8112 639586 123953 638303 38005 600298 38023 5933 523646 151984
internal_count=3026888 1855544 1171344 647698 8112 639586 123953 638303 38005 600298 38023 5933 523646 151984
is_linear=0
shrinkage=0.02


Tree=137
num_leaves=15
num_cat=0
split_feature=9 5 9 19 4 4 25 16 0 0 4 19 19 9
split_gain=534677 525733 512298 841192 448415 467070 780506 415526 395856 371408 480951 359626 542482 358928
threshold=0.93001860380172741 0.082499999552965178 -0.67629325389862049 10804.651367187502 252.49500274658206 170.14499664306643 0.02473943401128054 -20.100000381469723 3169.5000000000005 8282.5000000000018 222.55500030517581 11151.715332031252 10966.636718750002 -0.18020786345005033
decision_type=2 2 2 2 2 2 2 2 2 2 2 2 2 2
left_child=1 7 3 -3 5 8 -7 -1 -4 13 -11 12 -5 -9
right_child=-2 2 4 11 -6 6 -8 9 -10 10 -12 -13 -14 -15
leaf_value=0.021195577590933743 -0.17270955266139457 -0.24104450179443199 0.0017427778149261171 0.10848631759170563 0.25236317126012736 -0.63587892786968292 -0.0494206908319147 0.0050422474182815679 0.2070007420855417 -0.0022307143151560379 -0.29111358279443184 -0.03080440277284183 0.41961107318086593 -0.0096936079904798734
leaf_weight=312642 7143 1663 17947 3865 3156 1079 5467 1252955 4744 5257 4096 1651 5358 1399865
leaf_count=312642 7143 1663 17947 3865 3156 1079 5467 1252955 4744 5257 4096 1651 5358 1399865
internal_value=6.27399e-07 0.000409739 0.0683051 0.176807 0.0262695 0.00178505 -0.146914 -0.000615936 0.0447292 -0.00317753 -0.12892 0.240876 0.289492 -0.00273371
internal_weight=3.02689e+06 3.01974e+06 44930 12537 32393 29237 6546 2.97482e+06 22691 2.66217e+06 9353 10874 9223 2.65282e+06
internal_count=3026888 3019745 44930 12537 32393 29237 6546 2974815 22691 2662173 9353 10874 9223 2652820
is_linear=0
shrinkage=0.02


Tree=138
num_leaves=15
num_cat=0
split_feature=7 24 22 7 22 9 7 23 7 7 6 9 20 22
split_gain=533615 2.91552e+06 1.24293e+06 3.28324e+06 1.41493e+06 1.71944e+06 1.22631e+06 1.1872e+06 1.05584e+06 1.76951e+06 1.20311e+06 1.14232e+06 902605 893591
threshold=11200.344726562502 11198.449707031252 10987.974609375002 11027.578125000002 10940.513671875002 -0.52841973304748524 11211.318847656252 11001.525390625002 10947.319824218752 10940.223632812502 99.284175872802749 -0.71702975034713734 10996.912109375002 11292.692382812502
decision_type=2 2 2 2 2 2 2 2 2 2 2 2 2 2
left_child=2 6 3 7 -5 -6 -2 12 9 -4 11 -11 -1 -10
right_child=1 -3 8 4 5 -7 -8 -9 13 10 -12 -13 -14 -15
leaf_value=-0.0027190273295313876 -0.061613201123971541 -0.00087904728794639675 0.032709297261645266 0.17018023033396604 0.08162318399250014 -0.53712073168546492 -0.21228942814969781 -0.67945934465995184 0.03159487763736385 0.022189502348134549 0.22011078632580566 0.98954246785220523 0.26280197581475079 -0.15319194945021095
leaf_weight=630422 61110 1749369 11784 1972 2255 8778 33424 1022 504109 638 4094 2078 5153 10680
leaf_count=630422 61110 1749369 11784 1972 2255 8778 33424 1022 504109 638 4094 2078 5153 10680
internal_value=5.86993e-07 -0.00672554 0.0104845 -0.00809182 -0.322551 -0.410696 -0.114904 -0.00166275 0.0331082 0.181128 0.437525 0.763229 -0.000562152 0.0277583
internal_weight=3.02689e+06 1.8439e+06 1.18298e+06 649602 13005 11033 94534 636597 533383 18594 6810 2716 635575 514789
internal_count=3026888 1843903 1182985 649602 13005 11033 94534 636597 533383 18594 6810 2716 635575 514789
is_linear=0
shrinkage=0.02


Tree=139
num_leaves=15
num_cat=0
split_feature=7 17 25 7 24 7 20 24 7 25 7 7 8 20
split_gain=528360 529404 507112 777044 1.40915e+06 1.35991e+06 1.26803e+06 881760 672829 722337 651162 583644 839482 2.70902e+06
threshold=10056.743164062502 0.26165860891342169 0.05662201717495919 12546.445312500002 12214.382812500002 12270.624511718752 12558.901855468752 12499.552246093752 12608.418457031252 0.086289834231138243 12516.461914062502 11404.730957031252 0.4720101952552796 11459.102539062502
decision_type=2 2 2 2 2 2 2 2 2 2 2 2 2 2
left_child=-1 -2 -3 4 11 -6 8 -7 9 -5 -9 12 -4 -14
right_child=1 2 3 6 5 7 -8 10 -10 -11 -12 -13 13 -15
leaf_value=0.12866452951187132 0.02230075847846584 0.00054544550858999432 -0.046240756351233613 -0.15852065181986169 0.29464922578268066 -0.092165532159505098 -0.046033531811908376 0.31687226196840329 -0.64806934987724962 -0.76680451442683262 0.04435128417062164 -0.062205953436590522 0.015226762535151678 0.91190910636677458
leaf_weight=12703 357665 2165100 128689 8072 10562 13093 45948 5036 1731 856 11514 115413 149156 1350
leaf_count=12703 357665 2165100 128689 8072 10562 13093 45948 5036 1731 856 11514 115413 149156 1350
internal_value=5.8612e-07 -0.000542074 -0.00361764 -0.021959 -0.0128837 0.0998992 -0.091654 0.0304319 -0.288082 -0.217637 0.127419 -0.024377 -0.00873762 0.02333
internal_weight=3.02689e+06 3.01418e+06 2.65652e+06 491420 434813 40205 56607 29643 10659 8928 16550 394608 279195 150506
internal_count=3026888 3014185 2656520 491420 434813 40205 56607 29643 10659 8928 16550 394608 279195 150506
is_linear=0
shrinkage=0.02


Tree=140
num_leaves=15
num_cat=0
split_feature=9 24 5 9 21 19 13 17 4 4 17 24 4 9
split_gain=512974 530386 500437 483507 852932 600343 466331 530404 431731 445554 407094 403906 504852 395352
threshold=0.93001860380172741 11529.431640625002 0.082499999552965178 -0.67629325389862049 10960.143066406252 11151.715332031252 -9.0999999046325666 0.59203019738197338 252.49500274658206 170.14499664306643 0.32184129953384405 12219.573730468752 -170.92499542236325 0.010024622548371555
decision_type=2 2 2 2 2 2 2 2 2 2 2 2 2 2
left_child=2 -2 6 4 -4 -6 7 -1 9 -5 11 -8 -13 -12
right_child=1 -3 3 8 5 -7 10 -9 -10 -11 13 12 -14 -15
leaf_value=0.005995166743369874 -0.55889722385194385 -0.092874320969892954 -0.029438354804400785 0.043724308525182151 0.40180509912632256 -0.02974491495556663 0.0014093245872320245 0.054094126349623836 0.24765349452713867 -0.14345286593351522 -0.0021561498697013699 0.23611187072921666 0.035466987498767998 -0.022612084473689811
leaf_weight=749009 1159 5984 5031 22691 5855 1651 489785 104491 3156 6546 873372 5315 86644 666199
leaf_count=749009 1159 5984 5031 22691 5855 1651 489785 104491 3156 6546 873372 5315 86644 666199
internal_value=5.68712e-07 -0.169168 0.000401291 0.0666431 0.172052 0.306967 -0.000599403 0.0118843 0.0258056 0.00178099 -0.00562221 0.00863075 0.0470884 -0.0110079
internal_weight=3.02689e+06 7143 3.01974e+06 44930 12537 7506 2.97482e+06 853500 32393 29237 2.12132e+06 581744 91959 1.53957e+06
internal_count=3026888 7143 3019745 44930 12537 7506 2974815 853500 32393 29237 2121315 581744 91959 1539571
is_linear=0
shrinkage=0.02


Tree=141
num_leaves=15
num_cat=0
split_feature=7 19 19 7 23 0 8 4 0 7 7 21 0 8
split_gain=507554 2.78091e+06 1.19665e+06 2.515e+06 1.8862e+06 1.86783e+06 1.6566e+06 1.93857e+06 1.09423e+06 1.48506e+06 1.06174e+06 1.26646e+06 1.0068e+06 1.45162e+06
threshold=11199.704589843752 11203.158691406252 10991.822753906252 11033.247558593752 10997.779296875002 5588.5000000000009 -0.91849520802497853 -126.62499999999999 1324.5000000000002 11012.443359375002 11210.092773437502 11156.747070312502 3644.5000000000005 -0.83435350656509388
decision_type=2 2 2 2 2 2 2 2 2 2 2 2 2 2
left_child=2 10 3 4 12 -5 8 -8 -4 -10 11 -2 -1 -14
right_child=1 -3 6 5 -6 -7 7 -9 9 -11 -12 -13 13 -15
leaf_value=-0.018086229723285215 -0.26318615120460631 4.4621617937083066e-05 -0.046381618084301995 -0.49871109071437308 -0.78428226097199605 0.29298520128717942 -0.094304836400552802 0.038742693401592712 0.65327323434654805 0.1833939567035317 -0.16592328777560109 -0.014524705902196428 -0.11662952158924693 0.057286011977764006
leaf_weight=451306 9438 1731591 4658 6668 1225 1444 48443 456713 3654 10178 52831 61684 21709 165346
leaf_count=451306 9438 1731591 4658 6668 1225 1444 48443 456713 3654 10178 52831 61684 21709 165346
internal_value=5.67018e-07 -0.0065064 0.0103083 -0.00786789 -0.0034267 -0.357593 0.0327903 0.0259822 0.218676 0.307906 -0.0980152 -0.0475551 -0.00191596 0.0370967
internal_weight=3.02689e+06 1.85554e+06 1.17134e+06 647698 639586 8112 523646 505156 18490 13832 123953 71122 638361 187055
internal_count=3026888 1855544 1171344 647698 639586 8112 523646 505156 18490 13832 123953 71122 638361 187055
is_linear=0
shrinkage=0.02


Tree=142
num_leaves=15
num_cat=0
split_feature=20 7 20 20 7 9 21 22 9 21 0 9 20 7
split_gain=505894 570879 638970 1.72974e+06 1.04533e+06 1.17511e+06 898796 853807 768471 734168 684099 579519 1.06081e+06 3.45446e+06
threshold=12866.601562500002 12769.967773437502 12810.557617187502 12778.974609375002 12722.228027343752 0.74366798996925365 12773.156738281252 12715.419433593752 -0.54542985558509816 12762.438964843752 1503.5000000000002 0.55990722775459301 12207.383789062502 12205.328613281252
decision_type=2 2 2 2 2 2 2 2 2 2 2 2 2 2
left_child=1 2 3 11 8 9 -5 -8 -4 -6 -9 12 -1 -14
right_child=-2 -3 4 6 5 -7 7 10 -10 -11 -12 -13 13 -15
leaf_value=-0.00039202548202922497 0.12825588920719752 -0.058316832080197757 0.30595781131142408 -0.016659132471868354 -0.73888653330974019 0.54614598258215052 0.078559883307861136 -0.058573236989649918 -0.1464507880165215 -0.24501745727408761 0.52834886238287693 -0.015440669067270046 0.20590422009741027 0.013336324312952275
leaf_weight=1885259 12242 66835 2905 4751 1467 645 3924 916 3089 6643 5878 706253 42899 283182
leaf_count=1885259 12242 66835 2905 4751 1467 645 3924 916 3089 6643 5878 706253 42899 283182
internal_value=5.0386e-07 -0.000520738 0.000789845 0.00145037 -0.130476 -0.269676 0.212313 0.313734 0.0729507 -0.335155 0.449244 0.000331648 0.00536903 0.038676
internal_weight=3.02689e+06 3.01465e+06 2.94781e+06 2.93306e+06 14749 8755 15469 10718 5994 8110 6794 2.91759e+06 2.21134e+06 326081
internal_count=3026888 3014646 2947811 2933062 14749 8755 15469 10718 5994 8110 6794 2917593 2211340 326081
is_linear=0
shrinkage=0.02


Tree=143
num_leaves=15
num_cat=0
split_feature=7 5 4 24 7 22 4 0 7 0 13 14 0 24
split_gain=503429 481832 456207 475160 820139 1.1255e+06 795659 621713 701758 446627 433076 586304 385566 320796
threshold=10056.743164062502 0.077500000596046462 252.49500274658206 10827.978515625002 11017.754882812502 10968.587402343752 164.6350021362305 1344.5000000000002 11006.196289062502 5525.5000000000009 -9.0999999046325666 0.66215747594833385 3147.5000000000005 10945.327148437502
decision_type=2 2 2 2 2 2 2 2 2 2 2 2 2 2
left_child=-1 10 3 -3 5 -5 12 -7 -9 -8 11 -2 -6 -12
right_child=1 2 -4 4 6 7 9 8 -10 -11 13 -13 -14 -15
leaf_value=0.12559228645288495 0.0024601086612982995 -0.11725333539282856 0.20345122534175913 0.013384339932366015 0.022705293436683035 -0.058428139433434882 -0.2063337407295808 0.65295107433927224 0.15613545695010217 0.21144925671369852 -0.02472381635878659 0.045468412393209451 0.19745989777872414 -0.0032185212497993611
leaf_weight=12703 688716 7223 7170 6512 23338 1019 7963 3313 1741 1166 328845 155386 6436 1775357
leaf_count=12703 688716 7223 7170 6512 23338 1019 7963 3313 1741 1166 328845 155386 6436 1775357
internal_value=5.28311e-07 -0.000529175 0.0529599 0.0345495 0.0558642 0.196137 0.0104473 0.391752 0.482458 -0.152797 -0.00172459 0.0103777 0.0605348 -0.00657948
internal_weight=3.02689e+06 3.01418e+06 65881 58711 51488 12585 38903 6073 5054 9129 2.9483e+06 844102 29774 2.1042e+06
internal_count=3026888 3014185 65881 58711 51488 12585 38903 6073 5054 9129 2948304 844102 29774 2104202
is_linear=0
shrinkage=0.02


Tree=144
num_leaves=15
num_cat=0
split_feature=7 24 7 22 7 8 4 22 4 23 0 8 7 25
split_gain=501117 2.68609e+06 1.16998e+06 1.14765e+06 3.09175e+06 1.69984e+06 1.75197e+06 1.34234e+06 1.36489e+06 1.10251e+06 1.07608e+06 1.46395e+06 2.41565e+06 1.40629e+06
threshold=11200.344726562502 11198.449707031252 11218.050292968752 10987.974609375002 11027.578125000002 -0.91849520802497853 -124.35499954223631 10940.513671875002 290.29998779296881 11001.525390625002 3644.5000000000005 -0.83435350656509388 10882.475585937502 0.018223054707050327
decision_type=2 2 2 2 2 2 2 2 2 2 2 2 2 2
left_child=3 2 -2 4 9 -5 -7 -6 -9 10 -1 12 -12 -14
right_child=1 -3 -4 5 7 6 -8 8 -10 -11 11 -13 13 -15
leaf_value=-0.017268491893477171 -0.079573705275229167 -0.00090575380080951573 -0.27125434875521909 0.21839154062987426 0.16708051335106028 -0.085725118162572528 0.037356292847974343 -0.497445431784028 0.1014848285456819 -0.6546267320339878 0.1476234797647708 0.059787500461950957 0.52639134411799937 -0.33861919581921562
leaf_weight=447388 79367 1749369 15167 18849 1972 51383 463151 9214 1819 1022 8468 166651 792 12276
leaf_count=447388 79367 1749369 15167 18849 1972 51383 463151 9214 1819 1022 8468 166651 792 12276
internal_value=5.99003e-07 -0.0065175 -0.110353 0.0101603 -0.00768983 0.0318995 0.0250635 -0.312841 -0.398696 -0.00145106 -0.000390446 0.0397334 -0.115405 -0.28583
internal_weight=3.02689e+06 1.8439e+06 94534 1.18298e+06 649602 533383 514534 13005 11033 636597 635575 188187 21536 13068
internal_count=3026888 1843903 94534 1182985 649602 533383 514534 13005 11033 636597 635575 188187 21536 13068
is_linear=0
shrinkage=0.02


Tree=145
num_leaves=15
num_cat=0
split_feature=7 4 24 21 7 4 19 7 19 7 4 23 7 4
split_gain=491340 1.30369e+06 1.02141e+06 990309 2.69254e+06 2.62061e+06 1.9668e+06 1.28082e+06 1.84151e+06 2.056e+06 1.29882e+06 1.7566e+06 1.30142e+06 2.03624e+06
threshold=10686.754882812502 67.115001678466811 10652.731933593752 10805.424316406252 10860.912597656252 -170.92499542236325 10923.156250000002 11183.166503906252 11198.071777343752 11208.335937500002 68.24499893188478 11175.857910156252 11021.161132812502 215.84500122070315
decision_type=2 2 2 2 2 2 2 2 2 2 2 2 2 2
left_child=1 -1 -3 -2 5 -5 -6 10 9 -9 -8 12 13 -12
right_child=3 2 -4 4 6 -7 7 8 -10 -11 11 -13 -14 -15
leaf_value=-0.042651863665549475 -0.05778369568409232 0.019953252320825329 0.18925318482614389 0.70585635485766474 -0.071057878731535962 0.097288772764258791 0.0081253585807648781 -0.027437489090115931 0.0010059277616611549 -0.17566654119116201 0.061815358521200389 0.23011351189751 -0.020276130868771017 0.35328734445745574
leaf_weight=40461 119791 28125 28899 2944 156509 67867 397548 164121 1793747 48480 78211 24560 64707 10918
leaf_count=40461 119791 28125 28899 2944 156509 67867 397548 164121 1793747 48480 78211 24560 64707 10918
internal_value=5.41348e-07 0.0441699 0.105771 -0.00146947 0.000931742 0.122687 -0.00221663 0.00195599 -0.00559074 -0.0612453 0.0282453 0.0730787 0.0479946 0.0975555
internal_weight=3.02689e+06 97485 57024 2.9294e+06 2.80961e+06 70811 2.7388e+06 2.58229e+06 2.00635e+06 212601 575944 178396 153836 89129
internal_count=3026888 97485 57024 2929403 2809612 70811 2738801 2582292 2006348 212601 575944 178396 153836 89129
is_linear=0
shrinkage=0.02


Tree=146
num_leaves=15
num_cat=0
split_feature=21 7 7 22 7 7 4 21 21 7 19 7 4 7
split_gain=488913 1.14233e+06 878272 1.41119e+06 1.83947e+06 1.67507e+06 2.37727e+06 1.29704e+06 1.21191e+06 1.25348e+06 1.13509e+06 1.03637e+06 1.02769e+06 969869
threshold=12773.156738281252 12829.757324218752 12539.508789062502 12223.207519531252 12221.506347656252 12242.067382812502 153.03499603271487 12307.068847656252 12559.469238281252 12608.418457031252 12499.732421875002 12507.821777343752 116.74499893188478 12432.269042968752
decision_type=2 2 2 2 2 2 2 2 2 2 2 2 2 2
left_child=1 2 3 5 -5 7 -7 -1 9 -4 13 -12 -10 -6
right_child=-2 -3 8 4 10 6 -8 -9 12 -11 11 -13 -14 -15
leaf_value=-0.001454147934449338 0.051648566038453671 -0.38671906461876154 -0.11677012967724736 0.17455034674572376 0.029031417010879829 -0.1526329242438943 -1.1435362099463786 0.52730877234849749 0.0088975999146416393 -0.65544593201188295 0.24893482040764695 0.049602909707866315 -0.11547149177858546 -0.095937810384984043
leaf_weight=2527662 71570 3062 36720 39533 66915 8732 1080 1847 126509 1804 12842 55484 33634 39494
leaf_count=2527662 71570 3062 36720 39533 66915 8732 1080 1847 126509 1804 12842 55484 33634 39494
internal_value=6.14797e-07 -0.00125033 -0.000849213 0.00208093 0.0513691 -0.00207818 -0.262756 -0.00106596 -0.0414601 -0.142159 0.0234913 0.087099 -0.0172284 -0.0173557
internal_weight=3.02689e+06 2.95532e+06 2.95226e+06 2.75359e+06 214268 2.53932e+06 9812 2.52951e+06 198667 38524 174735 68326 160143 106409
internal_count=3026888 2955318 2952256 2753589 214268 2539321 9812 2529509 198667 38524 174735 68326 160143 106409
is_linear=0
shrinkage=0.02


Tree=147
num_leaves=15
num_cat=0
split_feature=7 20 7 20 20 24 8 4 19 25 4 7 25 24
split_gain=479171 482884 535238 610483 1.66137e+06 1.28581e+06 950129 818342 732091 539852 482265 549484 632528 462565
threshold=10056.743164062502 12866.601562500002 12769.967773437502 12810.557617187502 12778.974609375002 12753.083007812502 0.80688521265983593 130.20500183105472 11782.627929687502 0.028599957004189495 290.29998779296881 11043.481933593752 0.18237472325563434 12758.953613281252
decision_type=2 2 2 2 2 2 2 2 2 2 2 2 2 2
left_child=-1 2 3 4 10 7 8 -5 -6 -10 -2 12 -12 -4
right_child=1 -3 13 5 6 -7 -8 -9 9 -11 11 -13 -14 -15
leaf_value=0.12252904163740329 -0.00072640833176176184 0.12478733425458063 -0.12401662276476545 -0.17365119970595713 0.048674921962491416 0.10664624765983918 -0.060691792176540499 -0.62969247974517606 0.18388720581150231 0.52236682819428903 0.23213325623687334 -0.14209376571429308 -0.55367789317286298 -0.015687394508900634
leaf_weight=12703 2893100 12242 25473 7010 3329 5714 3935 2025 2965 5240 8968 2402 420 41362
leaf_count=12703 2893100 12242 25473 7010 3329 5714 3935 2025 2965 5240 8968 2402 420 41362
internal_value=4.97996e-07 -0.000516285 -0.0010277 0.000246748 0.000895184 -0.128058 0.207546 -0.276448 0.299035 0.400427 -0.000205969 0.127393 0.196424 -0.0569879
internal_weight=3.02689e+06 3.01418e+06 3.00194e+06 2.93511e+06 2.92036e+06 14749 15469 9035 11534 8205 2.90489e+06 11790 9388 66835
internal_count=3026888 3014185 3001943 2935108 2920359 14749 15469 9035 11534 8205 2904890 11790 9388 66835
is_linear=0
shrinkage=0.02


Tree=148
num_leaves=15
num_cat=0
split_feature=9 24 5 9 21 19 4 4 25 21 9 4 25 23
split_gain=490611 509628 450506 425363 799364 548447 395425 407725 724266 386400 935431 1.17202e+06 772369 749906
threshold=0.93001860380172741 11529.431640625002 0.082499999552965178 -0.67629325389862049 10960.143066406252 11151.715332031252 252.49500274658206 170.14499664306643 0.02473943401128054 12773.156738281252 -0.54542985558509816 -100.62499999999999 0.055234063416719444 12703.337402343752
decision_type=2 2 2 2 2 2 2 2 2 2 2 2 2 2
left_child=2 -2 9 4 -4 -6 7 -5 -9 13 -11 12 -12 -1
right_child=1 -3 3 6 5 -7 -8 8 -10 10 11 -13 -14 -15
leaf_value=7.3553661810962849e-05 -0.54746533833577959 -0.090654482642738898 -0.03294161553283094 0.042069815310181849 0.38336753785118455 -0.029104520721110971 0.23725400186091455 -0.60800107163913331 -0.043078694907091021 0.20062629446658556 0.49142413391698553 -0.02126703652159978 0.050763335776184304 -0.060865324815410703
leaf_weight=2822357 1159 5984 5031 22691 5855 1651 3156 1079 5467 12772 3111 50179 3251 83145
leaf_count=2822357 1159 5984 5031 22691 5855 1651 3156 1079 5467 12772 3111 50179 3251 83145
internal_value=4.64019e-07 -0.16544 0.000392355 0.0632427 0.162111 0.292721 0.024939 0.00194658 -0.136985 -0.000557106 0.0461078 0.011174 0.266681 -0.00167049
internal_weight=3.02689e+06 7143 3.01974e+06 44930 12537 7506 32393 29237 6546 2.97482e+06 69313 56541 6362 2.9055e+06
internal_count=3026888 7143 3019745 44930 12537 7506 32393 29237 6546 2974815 69313 56541 6362 2905502
is_linear=0
shrinkage=0.02


Tree=149
num_leaves=15
num_cat=0
split_feature=9 0 4 9 4 21 22 22 4 4 0 4 25 20
split_gain=471287 468010 560883 444849 846930 590035 1.44911e+06 1.04638e+06 960105 728210 634185 1.21451e+06 710473 454336
threshold=0.93001860380172741 8282.5000000000018 222.55500030517581 -0.66045743227004994 241.00000000000003 10981.347656250002 10982.645996093752 11125.888671875002 183.26499938964847 55.364999771118171 2624.5000000000005 49.254999160766609 0.062810834497213378 12866.601562500002
decision_type=2 2 2 2 2 2 2 2 2 2 2 2 2 2
left_child=1 3 -3 4 5 6 -1 9 10 -7 -9 -12 -13 -5
right_child=-2 2 -4 13 -6 7 -8 8 -10 -11 11 12 -14 -15
leaf_value=-0.010711386126156828 -0.16214877278849588 -0.0043961474100648514 -0.29618909424463163 -0.0028986363717139964 0.17412821092997127 0.010717766520615665 -0.84999913041508035 -0.0062067645331900191 -0.17263019755722694 0.15673665455606403 0.43195864682135282 0.02732149929746042 0.23923992667694474 0.11983334543535305
leaf_weight=165563 7143 6048 4660 2558827 13712 20880 817 118674 10742 39517 3513 57580 7100 12112
leaf_count=165563 7143 6048 4660 2558827 13712 20880 817 118674 10742 39517 3513 57580 7100 12112
internal_value=4.52643e-07 0.000384548 -0.131541 0.000854462 0.0194829 0.0144823 -0.0148836 0.0334194 0.0111501 0.106267 0.0217234 0.0703235 0.0506177 -0.00231996
internal_weight=3.02689e+06 3.01974e+06 10708 3.00904e+06 438098 424386 166380 258006 197609 60397 186867 68193 64680 2.57094e+06
internal_count=3026888 3019745 10708 3009037 438098 424386 166380 258006 197609 60397 186867 68193 64680 2570939
is_linear=0
shrinkage=0.02


Tree=150
num_leaves=15
num_cat=0
split_feature=7 20 20 7 4 19 7 7 9 7 20 8 4 20
split_gain=469351 1.49872e+06 939032 2.60442e+06 2.51387e+06 1.89457e+06 1.22892e+06 1.95473e+06 1.40678e+06 1.20411e+06 1.77377e+06 1.26202e+06 1.93752e+06 1.99195e+06
threshold=10686.754882812502 10697.369140625002 10805.685546875002 10860.912597656252 -170.92499542236325 10923.156250000002 10796.002441406252 10821.276367187502 0.64560928940773021 11183.166503906252 11157.908691406252 -0.92812812328338612 -128.75499725341794 11165.710937500002
decision_type=2 2 2 2 2 2 2 2 2 2 2 2 2 2
left_child=1 -1 6 4 -4 -5 -2 8 -8 11 -11 -7 -13 -14
right_child=2 -3 3 5 -6 9 7 -9 -10 10 -12 12 13 -15
leaf_value=0.0030927749093745223 -0.011363728783306474 0.19659927719379183 0.69188679482854054 -0.069789811036430532 0.095824163495060496 0.17032377734154566 -0.16949466145140746 0.059272118555599274 -0.5261931152478988 -0.14366076872513339 -0.002855960800849041 -0.096216436828340912 0.015522712237742542 0.12309207125680054
leaf_weight=77303 80504 20182 2944 156358 67770 23684 21468 12500 5567 36439 1969909 50964 418900 82396
leaf_count=77303 80504 20182 2944 156358 67770 23684 21468 12500 5567 36439 1969909 50964 418900 82396
internal_value=4.20519e-07 0.0431701 -0.00143632 0.000904422 0.120734 -0.0021901 -0.0562141 -0.147515 -0.243114 0.00190332 -0.00541395 0.0273933 0.0212606 0.0332056
internal_weight=3.02689e+06 97485 2.9294e+06 2.80936e+06 70714 2.73865e+06 120039 39535 27035 2.58229e+06 2.00635e+06 575944 552260 501296
internal_count=3026888 97485 2929403 2809364 70714 2738650 120039 39535 27035 2582292 2006348 575944 552260 501296
is_linear=0
shrinkage=0.02


Tree=151
num_leaves=15
num_cat=0
split_feature=17 7 21 7 4 7 24 7 21 7 20 19 7 19
split_gain=482883 468528 444906 1.07125e+06 784559 741919 1.28589e+06 1.71681e+06 1.1809e+06 1.20347e+06 1.15628e+06 1.56603e+06 1.1069e+06 1.20034e+06
threshold=0.14174178242683413 10056.743164062502 12773.156738281252 12829.757324218752 -100.62499999999999 12539.508789062502 12219.573730468752 12221.506347656252 12559.469238281252 12608.418457031252 12207.383789062502 12203.057128906252 12242.067382812502 12499.732421875002
decision_type=2 2 2 2 2 2 2 2 2 2 2 2 2 2
left_child=-1 -2 3 5 -4 6 7 10 9 -7 -3 -12 -8 -14
right_child=1 2 4 -5 -6 8 12 -9 -10 -11 11 -13 13 -15
leaf_value=0.060379319572039993 0.12019993037788995 -0.0036595064484658858 0.26022876846443493 -0.37643307764998368 0.027075153779192354 -0.11441250895887657 0.11601832153034213 -0.17934430373082791 -0.015759740050557358 -0.6422818349188455 0.56084304544589014 0.074115430255198803 -0.030719541390511116 0.082418568777933812
leaf_weight=52061 12682 2422870 6333 3056 64289 36582 65021 22065 158523 1804 2943 25335 87916 65408
leaf_count=52061 12682 2422870 6333 3056 64289 36582 65021 22065 158523 1804 2943 25335 87916 65408
internal_value=4.34307e-07 -0.00105642 -0.00157597 -0.0027874 0.0480173 -0.00239077 0.000350893 -0.00375661 -0.0398649 -0.139382 -0.00217525 0.124952 0.046875 0.0175473
internal_weight=3.02689e+06 2.97483e+06 2.96214e+06 2.89152e+06 70622 2.88847e+06 2.69156e+06 2.47321e+06 196909 38386 2.45115e+06 28278 218345 153324
internal_count=3026888 2974827 2962145 2891523 70622 2888467 2691558 2473213 196909 38386 2451148 28278 218345 153324
is_linear=0
shrinkage=0.02


Tree=152
num_leaves=15
num_cat=0
split_feature=9 0 4 7 21 7 4 4 20 7 9 7 9 0
split_gain=451914 452354 538047 521978 2.00847e+06 2.46555e+06 2.41641e+06 1.90707e+06 1.62911e+06 1.32063e+06 1.75986e+06 1.36145e+06 2.1728e+06 1.21648e+06
threshold=0.93001860380172741 8282.5000000000018 222.55500030517581 10776.645996093752 10805.424316406252 10860.912597656252 -170.92499542236325 -65.354999542236314 10873.524414062502 10980.230468750002 -0.27472265064716334 10882.475585937502 0.41172318160533911 2528.5000000000005
decision_type=2 2 2 2 2 2 2 2 2 2 2 2 2 2
left_child=1 3 -3 13 7 6 -6 -5 9 10 -7 -12 -13 -1
right_child=-2 2 -4 4 5 8 -8 -9 -10 -11 11 12 -14 -15
leaf_value=-0.028254937229700249 -0.15878109935555604 -0.0047931607211837276 -0.29058524230723243 -0.4278525531048345 0.67814456438963522 0.12303411045460923 0.093768134135929743 -0.072651641278224863 0.00072547356768436493 -0.45883211296501969 -0.018258162007885895 -0.41812130260658531 0.060047570271797177 0.089849324481007117
leaf_weight=61904 7143 6048 4660 6664 2944 12033 67867 64365 2676097 4094 15008 12748 5411 79902
leaf_count=61904 7143 6048 4660 6664 2944 12033 67867 64365 2676097 4094 15008 12748 5411 79902
internal_value=4.21565e-07 0.00037654 -0.129324 0.000838527 -0.00101403 0.00165402 0.118156 -0.106033 -0.00137336 -0.115293 -0.0840822 -0.159239 -0.275681 0.0382936
internal_weight=3.02689e+06 3.01974e+06 10708 3.00904e+06 2.86723e+06 2.7962e+06 70811 71029 2.72539e+06 49294 45200 33167 18159 141806
internal_count=3026888 3019745 10708 3009037 2867231 2796202 70811 71029 2725391 49294 45200 33167 18159 141806
is_linear=0
shrinkage=0.02


Tree=153
num_leaves=15
num_cat=0
split_feature=7 24 7 22 7 8 4 9 22 9 23 4 24 7
split_gain=449102 2.46065e+06 1.11678e+06 1.06101e+06 2.99903e+06 1.58673e+06 1.61044e+06 1.44125e+06 1.28869e+06 1.52864e+06 1.03824e+06 969866 1.79274e+06 916206
threshold=11200.344726562502 11198.449707031252 11218.050292968752 10987.974609375002 11027.578125000002 -0.91849520802497853 -124.35499954223631 0.22064693272113803 10940.513671875002 -0.52841973304748524 10997.779296875002 204.70999908447268 10905.901367187502 10950.070312500002
decision_type=2 2 2 2 2 2 2 2 2 2 2 2 2 2
left_child=3 2 -2 4 10 7 -7 -5 -6 -10 11 -1 -13 -8
right_child=1 -3 -4 5 8 6 13 -9 9 -11 -12 12 -14 -15
leaf_value=-0.0065083968577846138 -0.075481851115764373 -0.00079910339454209811 -0.26275263412369532 0.11885864617751982 0.16215258508071109 -0.082303064191272479 0.16957724915559869 0.54392185402548299 0.07201234054502724 -0.5114102053946129 -0.54331868801912797 -0.004358103706198037 0.27921981341011876 0.029790682679558693
leaf_weight=596306 79367 1749369 15167 14787 1972 51383 19574 4062 2255 8778 1401 25056 13834 443577
leaf_count=596306 79367 1749369 15167 14787 1972 51383 19574 4062 2255 8778 1401 25056 13834 443577
internal_value=3.57591e-07 -0.00617019 -0.105552 0.0096183 -0.00754479 0.0305208 0.0239162 0.210702 -0.308086 -0.392207 -0.00140028 -0.000196444 0.0965619 0.035702
internal_weight=3.02689e+06 1.8439e+06 94534 1.18298e+06 649602 533383 514534 18849 13005 11033 636597 635196 38890 463151
internal_count=3026888 1843903 94534 1182985 649602 533383 514534 18849 13005 11033 636597 635196 38890 463151
is_linear=0
shrinkage=0.02


Tree=154
num_leaves=15
num_cat=0
split_feature=17 0 4 9 24 13 17 17 4 21 20 20 16 6
split_gain=461936 437728 504330 431019 489978 415994 926828 587558 523689 370763 368190 910781 364362 389043
threshold=0.12549445778131488 8282.5000000000018 222.55500030517581 0.93001860380172741 11529.431640625002 0.5000000149011613 0.61178618669509899 0.53959387540817272 -51.395000457763665 12762.438964843752 11739.637695312502 11418.484375000002 8.0999999046325701 99.010105133056655
decision_type=2 2 2 2 2 2 2 2 2 2 2 2 2 2
left_child=-1 3 -3 5 -5 6 -2 9 -9 -7 11 -8 -10 -14
right_child=1 2 -4 4 -6 7 10 8 12 -11 -12 -13 13 -15
leaf_value=0.067741676512027379 0.0025540926539238278 -0.0047461250800753417 -0.28469900541532411 -0.53010096382748073 -0.082195594303359806 -0.0045465679918477936 0.065304265026205413 -0.090773200666353443 0.021469075634808116 0.061944816646466845 0.020611084294416084 0.30321535856866244 -0.023920343871610791 -0.13464348803515058
leaf_weight=39727 1379892 5736 4660 1159 5982 1236752 63666 57525 54079 34470 55621 7152 64682 15785
leaf_count=39727 1379892 5736 4660 1159 5982 1236752 63666 57525 54079 34470 55621 7152 64682 15785
internal_value=3.42813e-07 -0.000900783 -0.13039 -0.000448115 -0.155534 -7.46536e-05 0.00730314 -0.00766945 -0.0402724 -0.00274312 0.0591274 0.0893709 -0.0186756 -0.0456549
internal_weight=3.02689e+06 2.98716e+06 10396 2.97676e+06 7141 2.96962e+06 1.50633e+06 1.46329e+06 192071 1.27122e+06 126439 70818 134546 80467
internal_count=3026888 2987161 10396 2976765 7141 2969624 1506331 1463293 192071 1271222 126439 70818 134546 80467
is_linear=0
shrinkage=0.02


Tree=155
num_leaves=15
num_cat=0
split_feature=7 19 7 4 19 4 7 19 7 4 23 8 8 7
split_gain=437249 1.80551e+06 2.29956e+06 2.34482e+06 1.76715e+06 1.69321e+06 1.13076e+06 1.7006e+06 1.91946e+06 1.17466e+06 1.66658e+06 1.54425e+06 1.56957e+06 1.22973e+06
threshold=10776.645996093752 10804.651367187502 10860.912597656252 -170.92499542236325 10923.156250000002 -65.354999542236314 11183.166503906252 11198.071777343752 11208.335937500002 68.24499893188478 11175.857910156252 -0.92812812328338612 -0.82425865530967701 11021.161132812502
decision_type=2 2 2 2 2 2 2 2 2 2 2 2 2 2
left_child=-1 5 3 -3 -4 -2 9 8 -8 11 13 -6 -13 -11
right_child=1 2 4 -5 6 -7 7 -9 -10 10 -12 12 -14 -15
leaf_value=0.033735402311462125 -0.41657487874488186 0.66462097125133579 -0.067594967945231565 0.089062115935487823 0.16397944640256817 -0.070918448121464639 -0.026071678246562785 0.0010843823048234922 -0.16929448994157487 0.092917635562218187 0.2221319327491619 -0.30932355703904724 0.0029534794115129719 -0.021622381289972358
leaf_weight=146247 6198 2944 155449 68399 23684 65359 164121 1793747 48480 89129 24560 6543 367321 64707
leaf_count=146247 6198 2944 155449 68399 23684 65359 164121 1793747 48480 89129 24560 6543 367321 64707
internal_value=2.95224e-07 -0.0017125 0.000814796 0.112903 -0.00210651 -0.100912 0.00183601 -0.00525487 -0.0587377 0.0265373 0.0691739 0.00740329 -0.00251976 0.044741
internal_weight=3.02689e+06 2.88064e+06 2.80908e+06 71343 2.73774e+06 71557 2.58229e+06 2.00635e+06 212601 575944 178396 397548 373864 153836
internal_count=3026888 2880641 2809084 71343 2737741 71557 2582292 2006348 212601 575944 178396 397548 373864 153836
is_linear=0
shrinkage=0.02


Tree=156
num_leaves=15
num_cat=0
split_feature=17 7 20 7 20 20 24 8 4 4 7 3 23 4
split_gain=443436 438478 422827 496973 569837 1.55933e+06 1.20172e+06 895667 788924 443295 542545 609713 417028 599514
threshold=0.14174178242683413 10056.743164062502 12866.601562500002 12769.967773437502 12810.557617187502 12778.974609375002 12753.083007812502 0.80688521265983593 130.20500183105472 290.29998779296881 11017.754882812502 7.1377584934234628 12724.941406250002 -80.634998321533189
decision_type=2 2 2 2 2 2 2 2 2 2 2 2 2 2
left_child=-1 -2 3 4 5 9 8 12 -6 -3 11 -11 13 -7
right_child=1 2 -4 -5 6 7 -8 -9 -10 10 -12 -13 -14 -15
leaf_value=0.057860422061668332 0.11629084434947952 -0.0017048497088782628 0.11611979525718798 -0.056138665112909623 -0.16754103818871799 0.68969700606827888 0.10169429796660827 -0.059963371290380395 -0.61588251370704139 0.11856327520621776 -0.025138157146543442 0.54980535880577475 0.38860104482828667 0.045392136317494787
leaf_weight=52061 12682 2842112 12162 66290 6930 669 5704 3917 2025 4342 5364 1874 6873 3883
leaf_count=52061 12682 2842112 12162 66290 6930 669 5704 3917 2025 4342 5364 1874 6873 3883
internal_value=3.01833e-07 -0.00101246 -0.00151508 -0.00200046 -0.000755735 -0.000120013 -0.125092 0.200905 -0.269501 -0.00120147 0.122237 0.249252 0.290319 0.141393
internal_weight=3.02689e+06 2.97483e+06 2.96214e+06 2.94998e+06 2.88369e+06 2.86903e+06 14659 15342 8955 2.85369e+06 11580 6216 11425 4552
internal_count=3026888 2974827 2962145 2949983 2883693 2869034 14659 15342 8955 2853692 11580 6216 11425 4552
is_linear=0
shrinkage=0.02


Tree=157
num_leaves=15
num_cat=0
split_feature=7 19 22 7 8 4 22 4 0 7 8 4 7 8
split_gain=419289 2.52828e+06 1.01082e+06 2.8671e+06 1.47825e+06 1.5368e+06 1.23601e+06 1.23755e+06 995429 1.27955e+06 923720 990755 1.02333e+06 1.31558e+06
threshold=11200.344726562502 11203.158691406252 10987.974609375002 11027.578125000002 -0.91849520802497853 -124.35499954223631 10940.513671875002 290.29998779296881 1324.5000000000002 11012.443359375002 -0.95380857586860646 119.51499938964845 12574.204589843752 0.79606631398201
decision_type=2 2 2 2 2 2 2 2 2 2 2 2 2 2
left_child=2 -2 3 -1 8 -6 -5 -8 -4 -10 -3 -12 13 -13
right_child=1 10 4 6 5 -7 7 -9 9 -11 11 12 -14 -15
leaf_value=-0.0014507934164687747 -0.096835527474747329 -0.036060385587295234 -0.057542208662281366 0.15920997028954245 -0.080441683580600179 0.034834115522849686 -0.47772821487159389 0.092597623055738029 0.58282574325872449 0.16511624223029128 0.013660813053150174 -0.10114390074183396 -0.11552889424292358 0.014966930941080665
leaf_weight=636597 114827 243178 4455 1972 51383 463151 9214 1819 4100 10294 1217180 50385 45218 173115
leaf_count=636597 114827 243178 4455 1972 51383 463151 9214 1819 4100 10294 1217180 50385 45218 173115
internal_value=3.7913e-07 -0.00596184 0.00929359 -0.00745863 0.0296958 0.0233209 -0.301315 -0.383699 0.203608 0.28442 7.355e-05 0.00598735 -0.0287694 -0.0112119
internal_weight=3.02689e+06 1.8439e+06 1.18298e+06 649602 533383 514534 13005 11033 18849 14394 1.72908e+06 1.4859e+06 268718 223500
internal_count=3026888 1843903 1182985 649602 533383 514534 13005 11033 18849 14394 1729076 1485898 268718 223500
is_linear=0
shrinkage=0.02


Tree=158
num_leaves=15
num_cat=0
split_feature=9 24 7 9 23 19 21 7 24 7 9 7 9 9
split_gain=418306 470572 411968 414162 980395 447395 425655 1.25829e+06 1.39158e+06 1.66278e+06 2.09458e+06 1.28451e+06 1.03428e+06 966618
threshold=0.93001860380172741 11529.431640625002 10056.743164062502 -0.72680556774139393 10835.775390625002 13177.327148437502 12762.438964843752 12539.508789062502 12219.573730468752 12221.506347656252 -0.43419265747070307 12216.220703125002 0.29126313328742987 -0.69446012377738942
decision_type=2 2 2 2 2 2 2 2 2 2 2 2 2 2
left_child=2 -2 -1 4 -4 -6 7 8 9 -5 -11 12 -10 -9
right_child=1 -3 3 6 5 -7 -8 13 11 10 -12 -13 -14 -15
leaf_value=0.11397352302434277 -0.51984821468056319 -0.080912746802807883 -0.097315793962344771 -0.0019261131218088257 0.073263240097029114 0.4830146420100867 0.043631092814967694 0.25436590274488341 0.10437803019142669 -1.1238713201703971 -0.13600683570318037 0.026789676463215725 0.37189335309134963 -0.059807137705975684
leaf_weight=12703 1159 5984 15474 2414683 61816 1075 81853 3994 31323 885 21264 186315 7084 181276
leaf_count=12703 1159 5984 15474 2414683 61816 1075 81853 3994 31323 885 21264 186315 7084 181276
internal_value=3.77652e-07 -0.152763 0.00036224 -0.000118072 0.0452543 0.0803431 -0.00133229 -0.00262526 0.000882943 -0.00350876 -0.175969 0.0485036 0.153805 -0.0530208
internal_weight=3.02689e+06 7143 3.01974e+06 3.00704e+06 78365 62891 2.92868e+06 2.84682e+06 2.66155e+06 2.43683e+06 22149 224722 38407 185270
internal_count=3026888 7143 3019745 3007042 78365 62891 2928677 2846824 2661554 2436832 22149 224722 38407 185270
is_linear=0
shrinkage=0.02


Tree=159
num_leaves=15
num_cat=0
split_feature=0 4 9 0 4 23 21 21 20 19 20 9 19 9
split_gain=413731 498802 424727 801679 650093 1.42709e+06 2.00758e+06 1.08826e+06 998499 1.55749e+06 949476 1.46163e+06 858232 623596
threshold=8282.5000000000018 222.55500030517581 -0.31321409344673151 1622.5000000000002 124.10499954223634 11406.294433593752 11425.691894531252 12781.979003906252 11404.726074218752 11415.212402343752 12798.628417968752 -0.58503037691116322 11384.015625000002 -0.60520920157432545
decision_type=2 2 2 2 2 2 2 2 2 2 2 2 2 2
left_child=2 -2 3 -1 7 8 12 -5 -6 -10 13 -12 -7 -8
right_child=1 -3 -4 4 5 6 10 -9 9 -11 11 -13 -14 -15
leaf_value=-0.013132334815539201 -0.0041376113968668582 -0.27930887431657336 -0.0063292700233384784 0.030019050763918035 0.025467823099888039 0.028605249638899002 -0.099124280578801183 0.23040662150990926 0.76434061725976488 0.051238877719315415 0.35275178770700039 -0.420344392752936 -0.57793929045625037 -0.00062365783003234798
leaf_weight=447696 6048 4660 1662908 504356 225352 1222 33114 11069 1876 3501 1201 5112 3924 114849
leaf_count=447696 6048 4660 1662908 504356 225352 1222 33114 11069 1876 3501 1201 5112 3924 114849
internal_value=3.33836e-07 -0.12404 0.000441116 0.0087606 0.019584 0.000106897 -0.0459082 0.0343269 0.0319017 0.300996 -0.0329315 -0.27294 -0.434126 -0.0226734
internal_weight=3.02689e+06 10708 3.01618e+06 1.35327e+06 905576 390151 159422 515425 230729 5377 154276 6313 5146 147963
internal_count=3026888 10708 3016180 1353272 905576 390151 159422 515425 230729 5377 154276 6313 5146 147963
is_linear=0
shrinkage=0.02


Tree=160
num_leaves=15
num_cat=0
split_feature=5 20 20 24 4 4 20 4 20 8 21 19 4 16
split_gain=418803 384146 472408 1.07911e+06 835202 714792 596966 731183 421858 368996 880835 619125 402073 363537
threshold=0.077500000596046462 12866.601562500002 12810.557617187502 12753.083007812502 252.49500274658206 130.20500183105472 12778.974609375002 -100.62499999999999 12798.628417968752 0.73663246631622326 10960.143066406252 11121.601562500002 252.49500274658206 -20.100000381469723
decision_type=2 2 2 2 2 2 2 2 2 2 2 2 2 2
left_child=1 2 6 5 -5 -4 13 -8 -9 10 -2 -12 -11 -1
right_child=9 -3 3 4 -6 -7 7 8 -10 12 11 -13 -14 -15
leaf_value=0.018917513141217052 -0.048286788970294925 0.11064278957187718 -0.16610939387021922 0.057815571200757136 -0.54729789297476006 -0.59233758465722386 0.42676408659049131 0.11397799963019364 -0.037741142836016692 0.0044845145810943881 0.33683934506979596 0.0071909606265402491 0.22148788406525974 -0.0042607173385829106
leaf_weight=302269 6977 12242 7010 13400 969 2025 2294 19709 11662 44835 7689 3238 3687 2588882
leaf_count=302269 6977 12242 7010 13400 969 2025 2294 19709 11662 44835 7689 3238 3687 2588882
internal_value=3.32341e-07 -0.0011141 -0.00157853 -0.0910572 0.016655 -0.262191 -0.000862222 0.0828592 0.0575825 0.0496612 0.127236 0.239252 0.0210164 -0.00183738
internal_weight=3.02689e+06 2.96046e+06 2.94822e+06 23404 14369 9035 2.92482e+06 33665 31371 66426 17904 10927 48522 2.89115e+06
internal_count=3026888 2960462 2948220 23404 14369 9035 2924816 33665 31371 66426 17904 10927 48522 2891151
is_linear=0
shrinkage=0.02


Tree=161
num_leaves=15
num_cat=0
split_feature=17 13 17 17 9 20 20 21 9 16 4 16 6 9
split_gain=421284 415714 948681 624326 464020 387203 855324 298681 305363 297135 293145 290032 294639 309105
threshold=0.22638495266437533 2.1000000238418584 0.62337574362754833 0.55579566955566417 0.070003718137741103 11739.637695312502 11418.484375000002 12762.438964843752 -0.53606674075126637 -5.2999999523162833 252.49500274658206 9.9000000953674334 98.770736694335952 -0.32445363700389857
decision_type=2 2 2 2 2 2 2 2 2 2 2 2 2 2
left_child=-1 2 -2 7 11 6 -4 -3 -9 -6 -10 -5 -13 -14
right_child=1 3 5 4 9 -7 -8 8 10 -11 -12 12 13 -15
leaf_value=0.027619156628157504 0.00044630698619155723 -0.0070232543907438232 0.066723244020791259 0.020844629765248854 0.011761930845496784 0.018740296873296348 0.30061810058268379 0.16659994213711277 0.035202510996562075 -0.11313054154651928 -0.31313222592705781 -0.026372803502631662 -0.21774559224938841 -0.012315712665473913
leaf_weight=205878 1420936 1096255 59302 38734 9049 52622 6983 7518 22885 48164 999 45297 7431 4835
leaf_count=205878 1420936 1096255 59302 38734 9049 52622 6983 7518 22885 48164 999 45297 7431 4835
internal_value=3.19473e-07 -0.00201539 0.00498768 -0.0104324 -0.0482712 0.0592522 0.0914056 -0.00528095 0.0555258 -0.0933782 0.0205069 -0.0214647 -0.0499336 -0.136847
internal_weight=3.02689e+06 2.82101e+06 1.53984e+06 1.28117e+06 153510 118907 66285 1.12766e+06 31402 57213 23884 96297 57563 12266
internal_count=3026888 2821010 1539843 1281167 153510 118907 66285 1127657 31402 57213 23884 96297 57563 12266
is_linear=0
shrinkage=0.02


Tree=162
num_leaves=15
num_cat=0
split_feature=17 7 21 7 4 4 19 23 7 4 25 19 4 7
split_gain=412683 416688 1.78147e+06 2.32934e+06 2.25384e+06 1.76189e+06 1.67456e+06 1.06721e+06 1.42824e+06 1.42672e+06 988190 958753 955924 954287
threshold=0.12549445778131488 10776.645996093752 10805.424316406252 10860.912597656252 -170.92499542236325 -65.354999542236314 10923.156250000002 10724.835449218752 10704.045898437502 -62.145000457763665 0.054755408316850669 10753.472656250002 71.634998321533217 11183.166503906252
decision_type=2 2 2 2 2 2 2 2 2 2 2 2 2 2
left_child=-1 7 5 4 -4 10 -5 8 12 -9 -3 -7 -2 -8
right_child=1 2 3 6 -6 11 13 9 -10 -11 -12 -13 -14 -15
leaf_value=0.064028475257710785 -0.035340768526730015 -0.61055181599918162 0.65871038609241273 -0.066806496723845754 0.090090476634655914 0.19102762082311414 0.023705478650276061 0.40765281474190795 -0.19795925316070842 0.065169964343931949 -0.11360156293070002 -0.092399034777649991 0.086058080210655349 -0.0056551198046110541
leaf_weight=39727 48150 3980 2899 154893 67431 5186 570610 6341 12270 20824 2682 58862 56239 1976794
leaf_count=39727 48150 3980 2899 154893 67431 5186 570610 6341 12270 20824 2682 58862 56239 1976794
internal_value=3.10631e-07 -0.000851421 -0.00253147 -3.15571e-06 0.11362 -0.101655 -0.00296072 0.0323601 0.00606579 0.145235 -0.410962 -0.0694233 0.030064 0.000921616
internal_weight=3.02689e+06 2.98716e+06 2.84334e+06 2.77263e+06 70330 70710 2.7023e+06 143824 116659 27165 6662 64048 104389 2.5474e+06
internal_count=3026888 2987161 2843337 2772627 70330 70710 2702297 143824 116659 27165 6662 64048 104389 2547404
is_linear=0
shrinkage=0.02


Tree=163
num_leaves=15
num_cat=0
split_feature=0 4 13 21 4 0 20 4 6 20 4 20 0 21
split_gain=394750 476307 386141 344919 489569 544678 454330 506633 389417 345107 324184 285143 278906 257974
threshold=8282.5000000000018 222.55500030517581 -9.0999999046325666 12773.156738281252 252.49500274658206 1206.5000000000002 12810.557617187502 148.6350021362305 80.532409667968764 12798.628417968752 290.29998779296881 10988.216796875002 992.50000000000011 12823.506835937502
decision_type=2 2 2 2 2 2 2 2 2 2 2 2 2 2
left_child=2 -2 12 6 5 -5 10 -8 13 -6 -4 -12 -1 -7
right_child=1 -3 3 4 9 8 7 -9 -10 -11 11 -13 -14 -15
leaf_value=-0.01048826586186501 -0.0039937322574960347 -0.27288860984936475 -0.0054442162136725519 -0.053740519559807444 0.21750566924954282 0.083594269117104755 -0.06854890938590559 -0.56067902739974096 0.15763885175657424 -0.51608643993928061 0.18380862633296943 -0.11764659610070981 0.017508368538194641 -0.077785047814784639
leaf_weight=179544 6048 4660 2086805 13088 338 11431 2724 1200 19547 995 6256 1562 686638 6052
leaf_count=179544 6048 4660 2086805 13088 338 11431 2724 1200 19547 995 6256 1562 686638 6052
internal_value=3.35059e-07 -0.121161 0.000430887 -0.00411124 0.0470439 0.0571317 -0.00536566 -0.220095 0.0963232 -0.329825 -0.00496233 0.123503 0.0117051 0.0277167
internal_weight=3.02689e+06 10708 3.01618e+06 2.15e+06 51451 50118 2.09855e+06 3924 37030 1333 2.09462e+06 7818 866182 17483
internal_count=3026888 10708 3016180 2149998 51451 50118 2098547 3924 37030 1333 2094623 7818 866182 17483
is_linear=0
shrinkage=0.02


Tree=164
num_leaves=15
num_cat=0
split_feature=17 7 24 7 20 4 20 4 7 20 8 8 0 19
split_gain=401144 432374 1.53616e+06 1.49908e+06 1.9587e+06 1.29607e+06 1.24063e+06 1.65485e+06 1.21468e+06 1.5571e+06 1.16484e+06 1.38706e+06 1.01462e+06 1.55821e+06
threshold=0.26165860891342169 10776.645996093752 10799.239257812502 10871.677246093752 10886.642578125002 -67.084999084472642 10845.255859375002 -166.21500396728513 10980.230468750002 10853.572265625002 -0.89888980984687794 0.98273006081581127 2547.5000000000005 10753.472656250002
decision_type=2 2 2 2 2 2 2 2 2 2 2 2 2 2
left_child=-1 12 5 6 8 -3 -4 -8 9 -5 -11 -12 -2 -14
right_child=1 2 3 4 -6 -7 7 -9 -10 10 11 -13 13 -15
leaf_value=0.019872348798722166 -0.031798791186148985 -0.39869283946577716 0.017638960573053624 0.07000867774477286 -0.0022159156290585528 -0.076380444527267083 0.65826232582489952 0.13455469233812209 -0.4282723488169628 -0.32134454889289726 0.022774546476382818 -0.29664622709240251 0.052019930405979721 0.37037373264768064
leaf_weight=358226 56099 5537 49050 16311 2341130 49840 2610 30791 4687 12520 16253 8161 68930 6743
leaf_count=358226 56099 5537 49050 16311 2341130 49840 2610 30791 4687 12520 16253 8161 68930 6743
internal_value=2.59754e-07 -0.00266731 -0.00450211 -0.00217699 -0.00505893 -0.108674 0.0816686 0.175663 -0.119929 -0.0927111 -0.164572 -0.0840769 0.0326538 0.080433
internal_weight=3.02689e+06 2.66866e+06 2.53689e+06 2.48151e+06 2.39906e+06 55377 82451 33401 57932 53245 36934 24414 131772 75673
internal_count=3026888 2668662 2536890 2481513 2399062 55377 82451 33401 57932 53245 36934 24414 131772 75673
is_linear=0
shrinkage=0.02


Tree=165
num_leaves=15
num_cat=0
split_feature=9 24 0 7 20 7 20 24 7 9 7 9 0 7
split_gain=399088 451798 386184 439531 1.70469e+06 2.14453e+06 1.47062e+06 1.34381e+06 1.20417e+06 1.64477e+06 1.23265e+06 2.05013e+06 1.09268e+06 1.55729e+06
threshold=0.93001860380172741 11529.431640625002 8282.5000000000018 10776.645996093752 10805.685546875002 10860.912597656252 10873.524414062502 10900.789062500002 10980.230468750002 -0.27472265064716334 10882.475585937502 0.41172318160533911 4460.5000000000009 10977.595703125002
decision_type=2 2 2 2 2 2 2 2 2 2 2 2 2 2
left_child=2 -2 3 -1 12 7 8 -6 9 -7 -11 -12 -5 -14
right_child=1 -3 -4 4 5 6 -8 -9 -10 10 11 -13 13 -15
leaf_value=0.035150524860418496 -0.50889981355495795 -0.078811142847669421 -0.11948536988188135 -0.12348469245873613 0.09798617231490965 0.12063404438330878 0.00071242679754108086 0.72969398441620104 -0.43838001598263204 -0.017277213873091054 -0.40172346535394537 0.060808396240816166 0.25298231739734056 -0.62718363845412795
leaf_weight=141806 1159 5984 10708 64207 69350 12001 2676097 1364 4078 14840 12748 5476 6155 915
leaf_count=141806 1159 5984 10708 64207 69350 12001 2676097 1364 4078 14840 12748 5476 6155 915
internal_value=2.40657e-07 -0.149213 0.000353693 0.000780556 -0.000919405 0.00154299 -0.0012787 0.110273 -0.109684 -0.0798492 -0.152632 -0.262782 -0.0974978 0.138343
internal_weight=3.02689e+06 7143 3.01974e+06 3.00904e+06 2.86723e+06 2.79595e+06 2.72524e+06 70714 49143 45065 33064 18224 71277 7070
internal_count=3026888 7143 3019745 3009037 2867231 2795954 2725240 70714 49143 45065 33064 18224 71277 7070
is_linear=0
shrinkage=0.02


Tree=166
num_leaves=15
num_cat=0
split_feature=8 21 24 17 9 24 20 24 8 21 4 4 24 4
split_gain=397156 560336 1.00558e+06 472983 387294 434362 416347 953847 1.655e+06 1.74089e+06 1.03922e+06 929154 806989 668165
threshold=-0.99208334088325489 11356.687988281252 11355.095703125002 0.14174178242683413 0.93001860380172741 11529.431640625002 11404.726074218752 11484.535156250002 0.79606631398201 11465.576171875002 116.74499893188478 104.95499801635744 11428.595703125002 45.835000991821296
decision_type=2 2 2 2 2 2 2 2 2 2 2 2 2 2
left_child=1 -1 -3 -2 6 -6 -5 8 11 13 -11 -8 -13 -10
right_child=3 2 -4 4 5 -7 7 -9 9 10 -12 12 -14 -15
leaf_value=0.031810962514719814 0.063366870543063294 -0.44679285542542579 -0.03881864908662358 -0.0056383590727881339 -0.49880888355604291 -0.077072284624878487 0.032291989948120846 0.0033333464805544405 0.013478950265310775 0.070948267870395959 0.81907635794307876 -0.51361792369617454 -0.082301501506852143 0.15878843251156974
leaf_weight=49743 49294 2445 155223 1545462 1159 5979 74268 1066379 18773 1100 2290 1973 13938 38862
leaf_count=49743 49294 2445 155223 1545462 1159 5979 74268 1066379 18773 1100 2290 1973 13938 38862
internal_value=1.68375e-07 -0.0267095 -0.0451733 0.00196513 0.000872282 -0.146155 0.00125264 0.00999929 0.057008 0.137434 0.577249 0.00257347 -0.136076 0.111469
internal_weight=3.02689e+06 207411 157668 2.81948e+06 2.77018e+06 7138 2.76304e+06 1.21758e+06 151204 61025 3390 90179 15911 57635
internal_count=3026888 207411 157668 2819477 2770183 7138 2763045 1217583 151204 61025 3390 90179 15911 57635
is_linear=0
shrinkage=0.02


Tree=167
num_leaves=15
num_cat=0
split_feature=7 19 19 7 8 7 9 4 25 4 19 7 19 5
split_gain=393685 2.41226e+06 956263 2.45457e+06 1.51035e+06 1.84912e+06 1.48594e+06 1.4528e+06 971730 912466 1.6998e+06 911085 1.70701e+06 1.3567e+06
threshold=11200.344726562502 11203.158691406252 11008.229492187502 11027.578125000002 -0.86513796448707569 11006.196289062502 -0.53606674075126637 -128.75499725341794 0.071443405002355589 204.70999908447268 10923.156250000002 10975.490722656252 10960.132812500002 -0.0074999998323619357
decision_type=2 2 2 2 2 2 2 2 2 2 2 2 2 2
left_child=2 -2 3 9 5 -4 -5 -6 -8 11 -11 -1 13 -13
right_child=1 -3 4 6 7 -7 8 -9 -10 10 -12 12 -14 -15
leaf_value=0.0027910926110485128 -0.094541335070442364 0.00011810796935326931 0.70755530240614184 -0.0041190756270753385 -0.084097447060033997 0.12651473985608502 -0.44374851861060399 0.03534775670226712 0.1083624929141989 -0.0044738483419934647 0.26923170209504921 -0.045296482747108603 -0.019634188350456386 -0.41468235586775998
leaf_weight=566834 114827 1729076 2604 7018 45020 13580 10010 426708 1457 25373 14120 7051 54088 9122
leaf_count=566834 114827 1729076 2604 7018 45020 13580 10010 426708 1457 25373 14120 7051 54088 9122
internal_value=1.33957e-07 -0.00577717 0.00900514 -0.00606039 0.030467 0.220384 -0.233379 0.0239468 -0.373562 0.000153489 0.0934274 -0.00562983 -0.0735571 -0.253769
internal_weight=3.02689e+06 1.8439e+06 1.18298e+06 695073 487912 16184 18485 471728 11467 676588 39493 637095 70261 16173
internal_count=3026888 1843903 1182985 695073 487912 16184 18485 471728 11467 676588 39493 637095 70261 16173
is_linear=0
shrinkage=0.02


Tree=168
num_leaves=15
num_cat=0
split_feature=5 0 8 21 19 8 21 19 0 21 24 19 0 19
split_gain=386676 361799 395827 759726 563398 354968 530867 1.40973e+06 386738 468257 383377 829128 772696 654014
threshold=0.077500000596046462 4980.5000000000009 0.75552397966384899 10963.002441406252 11121.601562500002 -0.99208334088325489 11356.687988281252 11353.215820312502 2013.5000000000002 11368.980468750002 11386.802246093752 11388.936035156252 5250.5000000000009 11509.287597656252
decision_type=2 2 2 2 2 2 2 2 2 2 2 2 2 2
left_child=5 2 3 -2 -5 6 -1 -8 -9 -10 11 -7 -13 -12
right_child=1 -3 -4 4 -6 10 7 8 9 -11 13 12 -14 -15
leaf_value=0.030659762089733294 -0.066915002642523605 0.17036830358389302 -0.0077390584295199752 0.30383166969005115 0.036228719605444298 -0.0053467200367213552 -0.47670501154151546 -0.0021601680044605032 0.099733277964750566 -0.079258110735656959 0.042242933919019746 -0.047741860574191754 -0.6521840352152215 0.0027181690372751139
leaf_weight=49743 6913 8394 38165 7565 5389 1481744 2949 72123 6323 76273 198543 1904 1515 1069345
leaf_count=49743 6913 8394 38165 7565 5389 1481744 2949 72123 6323 76273 198543 1904 1515 1069345
internal_value=1.40208e-07 0.0477182 0.0299509 0.102323 0.192621 -0.0010707 -0.0263011 -0.0442728 -0.0360001 -0.0655451 0.000830213 -0.00606564 -0.316704 0.00890779
internal_weight=3.02689e+06 66426 58032 19867 12954 2.96046e+06 207411 157668 154719 82596 2.75305e+06 1.48516e+06 3419 1.26789e+06
internal_count=3026888 66426 58032 19867 12954 2960462 207411 157668 154719 82596 2753051 1485163 3419 1267888
is_linear=0
shrinkage=0.02


Tree=169
num_leaves=15
num_cat=0
split_feature=7 19 6 22 7 0 8 4 23 23 19 19 7 4
split_gain=381752 2.10539e+06 1.25678e+06 945311 2.84586e+06 1.35564e+06 1.33465e+06 1.46973e+06 1.28755e+06 1.28093e+06 1.07127e+06 970527 932889 1.19045e+06
threshold=11199.704589843752 11204.702636718752 99.592491149902358 10992.567382812502 11017.754882812502 5902.5000000000009 -0.86513796448707569 -124.35499954223631 10997.779296875002 10927.759765625002 11008.229492187502 11207.937011718752 11012.443359375002 -109.185001373291
decision_type=2 2 2 2 2 2 2 2 2 2 2 2 2 2
left_child=3 2 -2 4 8 9 12 -8 10 -6 -1 -9 13 -5
right_child=1 -3 -4 6 5 -7 7 11 -10 -11 -12 -13 -14 -15
leaf_value=0.00020994250119266047 -0.049782694249532765 0.00023629386648420635 -0.19866990619357616 0.82138748090047742 0.15538640487421718 0.21115735783842474 -0.079404152342585063 0.026860578596601827 -0.52830378010629231 -0.38546126513447881 0.46334809665432475 0.14424060263523453 0.11136693536052264 0.1786976320839852
leaf_weight=639724 102173 1724229 29142 1924 1997 2199 50091 411522 1829 13968 1994 30238 12985 2873
leaf_count=639724 102173 1724229 29142 1924 1997 2199 50091 411522 1829 13968 1994 30238 12985 2873
internal_value=9.40639e-08 -0.00564314 -0.0828372 0.00893961 -0.00682811 -0.253639 0.0294123 0.0232561 0.000141878 -0.317753 0.00165627 0.0348982 0.199584 0.437647
internal_weight=3.02689e+06 1.85554e+06 131315 1.17134e+06 661711 18164 509633 491851 643547 15965 641718 441760 17782 4797
internal_count=3026888 1855544 131315 1171344 661711 18164 509633 491851 643547 15965 641718 441760 17782 4797
is_linear=0
shrinkage=0.02


Tree=170
num_leaves=15
num_cat=0
split_feature=9 8 23 4 19 7 19 7 7 0 0 0 5 4
split_gain=383699 989995 709847 622486 473762 462136 1.62277e+06 903024 707332 533801 499468 444654 431563 505090
threshold=-0.72680556774139393 -0.61393934488296498 10835.775390625002 24.654999732971195 13177.327148437502 10682.054199218752 10656.072753906252 10076.930175781252 10639.908691406252 8282.5000000000018 2013.5000000000002 2528.5000000000005 0.087500002235174193 241.00000000000003
decision_type=2 2 2 2 2 2 2 2 2 2 2 2 2 2
left_child=1 3 -3 -1 11 6 7 -2 -8 12 -10 -4 -7 -14
right_child=5 2 4 -5 -6 9 8 -9 10 -11 -12 -13 13 -15
leaf_value=-0.019438006240923785 0.076893850369933792 -0.093007882094954919 0.0067101699665963032 0.52895302176294634 0.47322410194005832 -0.0027759615531667619 0.40774179591799614 -0.084959990815943937 -0.10741347679797052 -0.15725331513924137 0.16885938082701074 0.12004700932655497 0.036607239544334626 0.26041803492831661
leaf_weight=1206 24371 15474 35143 2626 1075 2830845 4401 31727 3047 8878 18301 22841 22024 4929
leaf_count=1206 24371 15474 35143 2626 1075 2830845 4401 31727 3047 8878 18301 22841 22024 4929
internal_value=1.50278e-07 0.0436758 0.0275332 0.356758 0.0591269 -0.00116079 0.0456961 -0.0146433 0.17711 -0.00249877 0.129394 0.0513691 -0.00201745 0.0776185
internal_weight=3.02689e+06 78365 74533 3832 59059 2.94852e+06 81847 56098 25749 2.86668e+06 21348 57984 2.8578e+06 26953
internal_count=3026888 78365 74533 3832 59059 2948523 81847 56098 25749 2866676 21348 57984 2857798 26953
is_linear=0
shrinkage=0.02


Tree=171
num_leaves=15
num_cat=0
split_feature=5 20 0 20 24 4 4 20 0 4 0 23 24 20
split_gain=360979 356377 536989 448698 1.01652e+06 770759 670162 560458 712390 537545 626131 457947 1.79648e+06 1.36971e+06
threshold=0.077500000596046462 12866.601562500002 1836.5000000000002 12810.557617187502 12753.083007812502 252.49500274658206 130.20500183105472 12778.974609375002 1443.5000000000002 139.06500244140628 2783.5000000000005 12703.337402343752 12693.831542968752 12688.333007812502
decision_type=2 2 2 2 2 2 2 2 2 2 2 2 2 2
left_child=1 3 -3 7 6 -6 -5 11 -9 10 -10 12 -1 -13
right_child=-2 2 -4 4 5 -7 -8 8 9 -11 -12 13 -14 -15
leaf_value=-0.0012659079928335091 0.046105509243917722 -0.16601107531016721 0.1708301158671143 -0.16174693248363375 0.055396808972762446 -0.52590314111134862 -0.57445797540163235 -0.048842472821046271 0.12482206816645273 -0.020615538347917971 0.39559591974444103 0.76672602884343899 0.27932547585347312 -0.055701815750805565
leaf_weight=2797898 66426 2331 9911 7010 13400 969 2025 11326 11767 5759 4813 808 9147 83298
leaf_count=2797898 66426 2331 9911 7010 13400 969 2025 11326 11767 5759 4813 808 9147 83298
internal_value=2.54209e-07 -0.00103439 0.106607 -0.00148172 -0.088686 0.0158559 -0.254782 -0.000783615 0.0803373 0.145826 0.203617 -0.00172848 -0.000350578 -0.0477104
internal_weight=3.02689e+06 2.96046e+06 12242 2.94822e+06 23404 14369 9035 2.92482e+06 33665 22339 16580 2.89115e+06 2.80704e+06 84106
internal_count=3026888 2960462 12242 2948220 23404 14369 9035 2924816 33665 22339 16580 2891151 2807045 84106
is_linear=0
shrinkage=0.02


Tree=172
num_leaves=15
num_cat=0
split_feature=8 19 9 24 20 23 9 19 8 23 24 24 8 20
split_gain=371112 504712 378087 417046 395032 1.24743e+06 973627 1.47655e+06 1.66696e+06 797419 1.04163e+06 749104 639997 618871
threshold=-0.99208334088325489 11312.155273437502 0.93001860380172741 11529.431640625002 11404.726074218752 11410.041015625002 -0.27472265064716334 11419.505371093752 0.92106926441192638 11410.041015625002 11390.688964843752 11406.962402343752 -0.86513796448707569 12688.333007812502
decision_type=2 2 2 2 2 2 2 2 2 2 2 2 2 2
left_child=1 -1 4 -4 9 6 7 8 -6 -2 -11 -7 13 -13
right_child=2 -3 3 -5 5 11 -8 -9 -10 10 -12 12 -14 -15
leaf_value=0.044329541381403312 -0.003244847052524512 -0.039692652860068796 -0.48889882674270257 -0.075681664925164177 0.02457836160774797 -0.53818897820135003 0.0090133467189235945 0.085921149972846347 0.66754544506833302 -0.68442556832916368 -0.099711184545197756 0.057936268501037794 0.0016234279486262197 -0.041125926132457809
leaf_weight=34244 1552344 173167 1159 5984 2433 996 14601 11481 4780 1393 9320 156044 1028860 30082
leaf_count=34244 1552344 173167 1159 5984 2433 996 14601 11481 4780 1393 9320 156044 1028860 30082
internal_value=2.67618e-07 -0.0258188 0.00189971 -0.143321 0.00226907 0.0106534 0.131412 0.226954 0.451005 -0.00443215 -0.17631 0.00734584 0.00779749 0.0419242
internal_weight=3.02689e+06 207411 2.81948e+06 7143 2.81233e+06 1.24928e+06 33295 18694 7213 1.56306e+06 10713 1.21598e+06 1.21499e+06 186126
internal_count=3026888 207411 2819477 7143 2812334 1249277 33295 18694 7213 1563057 10713 1215982 1214986 186126
is_linear=0
shrinkage=0.02


Tree=173
num_leaves=15
num_cat=0
split_feature=7 9 8 21 0 21 7 23 7 7 9 21 23 9
split_gain=369648 373204 951562 685142 596024 372435 1.1621e+06 1.34579e+06 1.59634e+06 1.55094e+06 2.24481e+06 1.23818e+06 988776 907591
threshold=10056.743164062502 -0.72680556774139393 -0.61393934488296498 10805.424316406252 1582.5000000000002 12762.438964843752 12539.508789062502 12223.274902343752 12221.506347656252 12242.067382812502 -0.39362047612667078 12307.068847656252 12537.257812500002 -0.69446012377738942
decision_type=2 2 2 2 2 2 2 2 2 2 2 2 2 2
left_child=-1 2 4 -4 -2 6 7 9 -9 11 -11 -3 -10 -8
right_child=1 5 3 -5 -6 -7 13 8 12 10 -12 -13 -14 -15
leaf_value=0.10761857590350531 -0.018774323734711596 -0.003020519645617236 -0.10471329465183496 0.054743264634219101 0.51795641040368023 0.040456529214199649 0.24660807959656311 0.1633681141759481 0.0011651302423582252 -1.0913061868640739 -0.14500641715180754 0.51361188371912025 0.12890533896651377 -0.057821131732084509
leaf_weight=12703 1205 2444092 13060 61473 2627 81853 3994 39578 144343 1126 8591 1847 29120 181276
leaf_count=12703 1205 2444092 13060 61473 2627 81853 3994 39578 144343 1126 8591 1847 29120 181276
internal_value=1.90661e-07 -0.000453706 0.0426182 0.026792 0.349563 -0.00160356 -0.00281 0.000552708 0.0487708 -0.00363063 -0.255674 -0.00262829 0.0226158 -0.0512453
internal_weight=3.02689e+06 3.01418e+06 78365 74533 3832 2.93582e+06 2.85397e+06 2.6687e+06 213041 2.45566e+06 9717 2.44594e+06 173463 185270
internal_count=3026888 3014185 78365 74533 3832 2935820 2853967 2668697 213041 2455656 9717 2445939 173463 185270
is_linear=0
shrinkage=0.02


Tree=174
num_leaves=15
num_cat=0
split_feature=7 24 7 21 7 0 4 24 7 0 21 23 4 7
split_gain=369911 2.01997e+06 1.06697e+06 903381 2.54168e+06 1.0845e+06 884923 1.58523e+06 878970 2.00143e+06 1.07493e+06 1.5634e+06 883906 875965
threshold=11200.344726562502 11198.449707031252 11218.050292968752 11008.740722656252 11027.578125000002 5734.5000000000009 204.70999908447268 10905.901367187502 10975.490722656252 4259.5000000000009 10981.347656250002 10997.779296875002 133.54499816894534 11062.605957031252
decision_type=2 2 2 2 2 2 2 2 2 2 2 2 2 2
left_child=3 2 -2 4 6 13 8 -8 10 12 11 -1 -10 -6
right_child=1 -3 -4 -5 5 -7 7 -9 9 -11 -12 -13 -14 -15
leaf_value=-0.00099871791310007308 -0.066253300202168589 -0.00073351778225013667 -0.24929694658339835 0.029675631608039561 -0.24113218421186694 0.15126684936629392 -0.0047259505145900481 0.25703253527459863 -0.064157718417568788 -0.41464652311063904 0.14309692526592174 -0.80839309851163144 0.17494397690403393 -0.67448731238510817
leaf_weight=546324 79367 1749369 15167 485540 13398 2439 25056 14664 58264 6197 21079 951 6909 2164
leaf_count=546324 79367 1749369 15167 485540 13398 2439 25056 14664 58264 6197 21079 951 6909 2164
internal_value=2.10491e-07 -0.00559994 -0.0956442 0.00872909 -0.00585345 -0.240352 0.000362712 0.091951 -0.00532526 -0.0714766 0.00298265 -0.00241651 -0.0387873 -0.301789
internal_weight=3.02689e+06 1.8439e+06 94534 1.18298e+06 697445 18001 679444 39720 639724 71370 568354 547275 65173 15562
internal_count=3026888 1843903 94534 1182985 697445 18001 679444 39720 639724 71370 568354 547275 65173 15562
is_linear=0
shrinkage=0.02


Tree=175
num_leaves=15
num_cat=0
split_feature=17 7 19 7 7 21 7 4 19 7 7 5 7 21
split_gain=367610 367359 1.65967e+06 854817 678916 593994 2.1006e+06 2.05986e+06 1.4968e+06 1.1404e+06 1.8001e+06 1.28128e+06 864690 1.51489e+06
threshold=0.12549445778131488 10682.054199218752 10656.072753906252 10076.930175781252 10639.908691406252 10805.424316406252 10860.912597656252 -170.92499542236325 10923.156250000002 10796.002441406252 10821.276367187502 -0.012499999720603226 11183.166503906252 11156.747070312502
decision_type=2 2 2 2 2 2 2 2 2 2 2 2 2 2
left_child=-1 2 3 -2 -4 9 7 -7 -8 -3 11 -11 -10 -14
right_child=1 5 4 -5 -6 6 8 -9 12 10 -12 -13 13 -15
leaf_value=0.060430662492490239 0.074510446595932811 -0.0051222104841516904 0.39976531664602505 -0.083498402604547051 0.12712447727765366 0.62899036347255011 -0.063184956138908774 0.085391774701377751 0.022535548680157551 -0.47832218160572942 0.063037077475966638 -0.15032993892221647 -0.15214299257448297 -0.0033236313354538601
leaf_weight=39727 22981 92569 4401 33863 21402 2899 154893 67431 570610 6205 12627 20486 27740 1949054
leaf_count=39727 22981 92569 4401 33863 21402 2899 154893 67431 570610 6205 12627 20486 27740 1949054
internal_value=8.86124e-08 -0.000803786 0.0407721 -0.0196161 0.173764 -0.00198696 -1.42763e-05 0.107885 -0.00282287 -0.0434549 -0.133679 -0.226731 0.000847627 -0.00541276
internal_weight=3.02689e+06 2.98716e+06 82647 56844 25803 2.90451e+06 2.77263e+06 70330 2.7023e+06 131887 39318 26691 2.5474e+06 1.97679e+06
internal_count=3026888 2987161 82647 56844 25803 2904514 2772627 70330 2702297 131887 39318 26691 2547404 1976794
is_linear=0
shrinkage=0.02


Tree=176
num_leaves=15
num_cat=0
split_feature=17 16 17 19 9 19 9 7 7 6 24 7 7 24
split_gain=359266 406458 489752 357732 335937 498630 597813 358081 339678 328484 325498 1.7674e+06 706314 1.46878e+06
threshold=0.26370078325271612 -16.499999999999996 0.5427212417125703 11854.290527343752 -0.732965588569641 11021.312500000002 -0.80328845977783192 11017.754882812502 10056.743164062502 102.6068801879883 10945.327148437502 10977.595703125002 10882.475585937502 10846.478027343752
decision_type=2 2 2 2 2 2 2 2 2 2 2 2 2 2
left_child=-1 2 -2 -4 5 9 -7 -8 -6 -3 11 12 -10 -14
right_child=1 4 3 -5 8 6 7 -9 10 -11 -12 -13 13 -15
leaf_value=0.018473148528836872 0.0027266859442154792 -0.060390843003971746 0.079273844717915529 0.0069081453885176756 0.11538550484030585 0.012780712748431866 0.576195062417868 0.18858734617311521 0.0076204273851254358 0.09788175100779381 -0.0043928065698075457 -0.24791132894625084 0.16567026394589338 -0.071687921511697311
leaf_weight=369673 352285 17293 68526 45446 8977 10191 1059 9117 198393 7517 1789650 13723 11379 123659
leaf_count=369673 352285 17293 68526 45446 8977 10191 1059 9117 198393 7517 1789650 13723 11379 123659
internal_value=1.21546e-07 -0.00256991 0.0143861 0.0504215 -0.00617837 0.0477885 0.121098 0.229453 -0.00731481 -0.0124161 -0.00783083 -0.0255539 -0.0163951 -0.051676
internal_weight=3.02689e+06 2.65722e+06 466257 113972 2.19096e+06 45177 20367 10176 2.14578e+06 24810 2.1368e+06 347154 333431 135038
internal_count=3026888 2657215 466257 113972 2190958 45177 20367 10176 2145781 24810 2136804 347154 333431 135038
is_linear=0
shrinkage=0.02


Tree=177
num_leaves=15
num_cat=0
split_feature=8 7 19 7 17 7 22 7 20 7 7 20 20 7
split_gain=356948 978049 1.0076e+06 444100 426199 370328 539693 621827 496579 2.70594e+06 1.00823e+06 1.26126e+06 1.04936e+06 1.48429e+06
threshold=-0.99208334088325489 11362.400878906252 11353.215820312502 11389.672851562502 0.16466495394706729 12769.967773437502 12753.568359375002 12829.757324218752 12088.191894531252 12037.588867187502 12221.506347656252 12189.206542968752 12273.067382812502 12279.824218750002
decision_type=2 2 2 2 2 2 2 2 2 2 2 2 2 2
left_child=1 -1 3 -3 -2 8 7 -7 -6 -10 11 -11 -12 -14
right_child=4 2 -4 -5 5 6 -8 -9 9 10 12 -13 13 -15
leaf_value=0.04777044487729605 0.050082297118443135 -0.050549556257115789 -0.042972361093753596 -0.51949219784124556 -0.002773596269259253 -0.094032964232684244 -0.0092321589770355712 -0.45712080641838404 0.76704476509748798 0.0092100255253294901 -0.081995234217626403 0.11083833628539294 0.21417705117966818 0.0016059568066459421
leaf_weight=54114 71453 1175 149530 2592 2090688 18161 49316 2097 1913 116136 57689 84299 13703 314022
leaf_count=54114 71453 1175 149530 2592 2090688 18161 49316 2097 1913 116136 57689 84299 13703 314022
internal_value=1.78563e-07 -0.0253214 -0.0511245 -0.373746 0.00186302 0.000609057 -0.0449421 -0.131826 0.00179244 0.0180338 0.0155749 0.0519564 -0.00334611 0.0105004
internal_weight=3.02689e+06 207411 153297 3767 2.81948e+06 2.74802e+06 69574 20258 2.67845e+06 587762 585849 200435 385414 327725
internal_count=3026888 207411 153297 3767 2819477 2748024 69574 20258 2678450 587762 585849 200435 385414 327725
is_linear=0
shrinkage=0.02


Tree=178
num_leaves=15
num_cat=0
split_feature=7 24 21 7 8 7 4 7 4 24 7 20 5 21
split_gain=351852 1.61344e+06 941633 2.4424e+06 1.34954e+06 1.75309e+06 1.46135e+06 879789 841030 1.527e+06 836956 1.52088e+06 1.2473e+06 1.02228e+06
threshold=11195.398925781252 11186.624023437502 11008.740722656252 11027.578125000002 -0.86513796448707569 11006.196289062502 -128.75499725341794 11203.626464843752 204.70999908447268 10905.901367187502 10975.490722656252 10960.791992187502 -0.0074999998323619357 10981.347656250002
decision_type=2 2 2 2 2 2 2 2 2 2 2 2 2 2
left_child=2 7 3 8 5 -4 -6 -2 10 -10 13 12 -12 -1
right_child=1 -3 4 -5 6 -7 -8 -9 9 -11 11 -13 -14 -15
leaf_value=-0.0022662563737157779 -0.024877207752315247 -0.0014307118203903898 0.68270417677624196 -0.23552971699408498 -0.086991538764825821 0.11900324992392276 0.037212207660131974 -0.15849680174245256 -0.0051593719775611478 0.25174642599866137 -0.043740790547508811 -0.018143449376014833 -0.38900459898981526 0.13963830975940816
leaf_weight=547275 38217 1811055 2628 18001 42064 13545 381230 40704 25056 14664 7555 54433 9382 21079
leaf_count=547275 38217 1811055 2628 18001 42064 13545 381230 40704 25056 14664 7555 54433 9382 21079
internal_value=1.7094e-07 -0.00528849 0.0087919 -0.00565636 0.0317213 0.210967 0.0248679 -0.093804 0.000437193 0.0897252 -0.00510792 -0.0696589 -0.235112 0.002999
internal_weight=3.02689e+06 1.88998e+06 1.13691e+06 697445 439467 16173 423294 78921 679444 39720 639724 71370 16937 568354
internal_count=3026888 1889976 1136912 697445 439467 16173 423294 78921 679444 39720 639724 71370 16937 568354
is_linear=0
shrinkage=0.02


Tree=179
num_leaves=15
num_cat=0
split_feature=0 4 5 0 9 24 9 21 19 8 4 0 4 8
split_gain=352760 456043 362371 373807 350097 400656 346360 795494 444769 342750 473216 479729 530794 403115
threshold=8282.5000000000018 230.2600021362305 0.082499999552965178 5023.5000000000009 0.93001860380172741 11529.431640625002 -0.67629325389862049 10963.002441406252 11151.715332031252 -0.99208334088325489 -209.98500061035153 2330.5000000000005 -2.8249999284744258 -0.99937877058982838
decision_type=2 2 2 2 2 2 2 2 2 2 2 2 2 2
left_child=2 -2 4 6 9 -6 7 -4 -9 10 -1 -12 13 -13
right_child=1 -3 3 -5 5 -7 -8 8 -10 -11 11 12 -14 -15
leaf_value=0.22906102248591062 -0.0084175218953933383 -0.27494521982970965 -0.096161341170419676 0.19973426965628946 -0.47891356033377408 -0.073898390835416147 -0.0017541594686514698 0.37280057720438942 -0.018339166453587567 0.0017588752137617642 -0.00026232494704368092 -0.010459130177946693 -0.44454296662745652 -0.09424085955440506
leaf_weight=2884 6451 4257 3698 6287 1159 5984 28613 4616 1552 2756860 110594 42438 1417 50078
leaf_count=2884 6451 4257 3698 6287 1159 5984 28613 4616 1552 2756860 110594 42438 1417 50078
internal_value=1.84227e-07 -0.114536 0.000407194 0.0568796 -0.000443776 -0.140195 0.0334925 0.135614 0.274508 -0.000106538 -0.0249002 -0.0284924 -0.0617258 -0.0558149
internal_weight=3.02689e+06 10708 3.01618e+06 44766 2.97141e+06 7143 38479 9866 6168 2.96427e+06 207411 204527 93933 92516
internal_count=3026888 10708 3016180 44766 2971414 7143 38479 9866 6168 2964271 207411 204527 93933 92516
is_linear=0
shrinkage=0.02


Tree=180
num_leaves=15
num_cat=0
split_feature=7 21 7 4 4 22 22 4 7 7 20 4 22 7
split_gain=346399 1.55429e+06 1.99509e+06 1.9557e+06 1.60219e+06 1.35837e+06 1.02041e+06 1.35347e+06 1.33151e+06 911183 1.50905e+06 931814 1.57287e+06 1.34003e+06
threshold=10776.645996093752 10805.424316406252 10860.912597656252 -170.92499542236325 -65.354999542236314 10926.984863281252 10725.689941406252 -62.145000457763665 10704.045898437502 11183.166503906252 11157.908691406252 68.24499893188478 11165.222656250002 11021.161132812502
decision_type=2 2 2 2 2 2 2 2 2 2 2 2 2 2
left_child=6 4 3 -3 -2 -4 8 -8 -1 11 -11 -7 13 -13
right_child=1 2 5 -5 -6 9 7 -9 -10 10 -12 12 -14 -15
leaf_value=0.027325054733153824 -0.38888879964439044 0.60940146084857849 -0.057011056317699843 0.083677346553060541 -0.063318399394184058 0.0073279596645361754 0.39591185032373349 0.062764771936155081 -0.19309337469080082 -0.13211564884747579 -0.0022435236008562635 0.088168787081049318 0.19539165029578878 -0.037478411736647115
leaf_weight=106673 6664 2944 167908 67867 64365 393539 6344 21022 12208 36439 1971886 80610 29773 58646
leaf_count=106673 6664 2944 167908 67867 64365 393539 6344 21022 12208 36439 1971886 80610 29773 58646
internal_value=1.33292e-07 -0.00152438 0.00081163 0.105618 -0.0939144 -0.00189848 0.0300267 0.140112 0.00467558 0.00170119 -0.00460058 0.0241977 0.0634716 0.0352549
internal_weight=3.02689e+06 2.88064e+06 2.80961e+06 70811 71029 2.7388e+06 146247 27366 118881 2.57089e+06 2.00832e+06 562568 169029 139256
internal_count=3026888 2880641 2809612 70811 71029 2738801 146247 27366 118881 2570893 2008325 562568 169029 139256
is_linear=0
shrinkage=0.02


Tree=181
num_leaves=15
num_cat=0
split_feature=9 24 0 4 7 24 7 20 20 4 4 9 7 9
split_gain=338213 384945 336381 436775 383075 1.52267e+06 1.43171e+06 1.64859e+06 1.29302e+06 1.67493e+06 1.27966e+06 1.1429e+06 1.4423e+06 2.73424e+06
threshold=0.93001860380172741 11529.431640625002 8282.5000000000018 222.55500030517581 10776.645996093752 10799.239257812502 10871.677246093752 10886.642578125002 10845.255859375002 -166.21500396728513 -65.354999542236314 0.54717978835105907 10975.490722656252 -0.18020786345005033
decision_type=2 2 2 2 2 2 2 2 2 2 2 2 2 2
left_child=2 -2 4 -4 -1 10 8 11 -7 -10 -6 12 13 -8
right_child=1 -3 3 -5 5 6 7 -9 9 -11 -12 -13 -14 -15
leaf_value=0.032810730736664316 -0.46937274214954228 -0.072378093024482254 0.00066610705255573514 -0.25681407134737061 -0.37779992510729488 0.0149214163742878 0.10154808867324816 0.00096585525266117904 0.60427058502583009 0.1268491495043001 -0.069877021980807461 0.05518455717158452 -0.49882346059469618 -0.23523010484277682
leaf_weight=141806 1159 5984 6048 4660 5995 53916 14898 2654372 3193 35884 53546 13782 4342 27303
leaf_count=141806 1159 5984 6048 4660 5995 53916 14898 2654372 3193 35884 53546 13782 4342 27303
internal_value=1.70044e-07 -0.137362 0.000325551 -0.11152 0.000723941 -0.000863093 0.00125951 -0.00138392 0.07842 0.166005 -0.100939 -0.10476 -0.152124 -0.116343
internal_weight=3.02689e+06 7143 3.01974e+06 10708 3.00904e+06 2.86723e+06 2.80769e+06 2.7147e+06 92993 39077 59541 60325 46543 42201
internal_count=3026888 7143 3019745 10708 3009037 2867231 2807690 2714697 92993 39077 59541 60325 46543 42201
is_linear=0
shrinkage=0.02


Tree=182
num_leaves=15
num_cat=0
split_feature=13 21 7 9 20 7 23 0 7 1 0 19 7 7
split_gain=338390 318935 699802 516713 415612 981468 399150 392422 353318 334020 468048 457347 519034 307163
threshold=-9.0999999046325666 12773.156738281252 12829.757324218752 -0.54542985558509816 12798.628417968752 12722.228027343752 12740.406250000002 1206.5000000000002 12674.207031250002 74.992824554443374 1817.5000000000002 12046.229003906252 12782.699707031252 12668.876464843752
decision_type=2 2 2 2 2 2 2 2 2 2 2 2 2 2
left_child=-1 2 4 7 -2 -6 -7 -3 13 -10 -11 -12 -13 -5
right_child=1 3 -4 8 5 6 -8 -9 9 10 11 12 -14 -15
leaf_value=0.01053400427410893 -0.0046063327645204993 -0.099240363691512082 -0.34965306479378877 -0.16793924421420328 0.044594720062410602 -0.64332685230931408 -0.0084335338545119109 0.23328335008550621 -0.062815281144738083 -0.052156440832516575 0.39783848721226206 -0.17756331809449685 0.17110409869143556 0.32340154476936162
leaf_weight=869436 2098177 1714 2350 637 3228 1733 513 8118 18743 8950 2229 2331 6310 2419
leaf_count=869436 2098177 1714 2350 637 3228 1733 513 8118 18743 8950 2229 2331 6310 2419
internal_value=9.76578e-08 -0.004245 -0.00544703 0.0449476 -0.00506084 -0.178945 -0.499002 0.175271 0.014125 -0.00230301 0.0549229 0.143057 0.0769486 0.220765
internal_weight=3.02689e+06 2.15745e+06 2.106e+06 51451 2.10365e+06 5474 2246 9832 41619 38563 19820 10870 8641 3056
internal_count=3026888 2157452 2106001 51451 2103651 5474 2246 9832 41619 38563 19820 10870 8641 3056
is_linear=0
shrinkage=0.02


Tree=183
num_leaves=15
num_cat=0
split_feature=17 7 24 7 4 21 7 4 22 7 7 9 25 7
split_gain=334875 332189 342604 1.86303e+06 662058 527978 1.87477e+06 1.83448e+06 1.30021e+06 1.07234e+06 1.70006e+06 1.48826e+06 1.16375e+06 795450
threshold=0.12549445778131488 10056.743164062502 10652.731933593752 10682.054199218752 59.114999771118171 10805.424316406252 10860.912597656252 -170.92499542236325 10926.984863281252 10796.002441406252 10821.276367187502 0.64560928940773021 0.064686533063650145 11183.166503906252
decision_type=2 2 2 2 2 2 2 2 2 2 2 2 2 2
left_child=-1 -2 -3 4 -4 9 7 -7 -8 -5 11 -11 -13 -10
right_child=1 2 3 5 -6 6 8 -9 13 10 -12 12 -14 -15
leaf_value=0.057677324309559776 0.10128206851699839 -0.055720312622355675 -0.099325355454471659 -0.0036423456923631798 0.20719051956849741 0.59369692851768485 -0.056851400601272285 0.080698209805205243 0.021994545896362811 -0.147702556988866 0.063775591173197435 -0.72946760479404515 -0.051617914402722807 -0.0050553708128929821
leaf_weight=39727 12695 45395 3215 91485 22552 2899 166210 67431 557319 21777 12501 3485 1429 1978768
leaf_count=39727 12695 45395 3215 91485 22552 2899 166210 67431 557319 21777 12501 3485 1429 1978768
internal_value=6.97534e-08 -0.000767178 -0.00120307 -0.000357962 0.168921 -0.00186091 -9.24238e-06 0.101926 -0.00266258 -0.0411454 -0.128664 -0.218786 -0.532857 0.000889052
internal_weight=3.02689e+06 2.98716e+06 2.97447e+06 2.92907e+06 25767 2.9033e+06 2.77263e+06 70330 2.7023e+06 130677 39192 26691 4914 2.53609e+06
internal_count=3026888 2987161 2974466 2929071 25767 2903304 2772627 70330 2702297 130677 39192 26691 4914 2536087
is_linear=0
shrinkage=0.02


Tree=184
num_leaves=15
num_cat=0
split_feature=17 16 25 17 9 5 19 16 22 4 9 25 22 20
split_gain=329189 465290 469865 431110 411871 403768 339506 334079 333843 476738 1.12432e+06 1.2037e+06 796750 469869
threshold=0.30285072326660162 -16.499999999999996 0.052623640745878227 0.5427212417125703 0.79364755749702465 -0.027499999850988385 12378.698730468752 8.5000000000000018 11353.784179687502 128.57500457763675 -0.59636875987052906 0.015716592781245712 11423.362792968752 11355.315917968752
decision_type=2 2 2 2 2 2 2 2 2 2 2 2 2 2
left_child=7 3 4 -2 8 -4 -5 -1 13 -10 11 -11 -13 -3
right_child=1 2 5 6 -6 -7 -8 -9 9 10 -12 12 -14 -15
leaf_value=0.0018459924921707339 0.0033376809929744284 -0.0094606325221417032 -0.060290590946462434 0.064422207961415415 -0.16096689604351333 -0.015060066621512115 -0.027514690951358549 0.03180491968970315 0.012677537325819112 -0.88944339314160559 0.0028017793727315972 -0.502832706292765 -0.086062184830388341 -0.17763254755271762
leaf_weight=411977 310548 762664 104147 94626 6510 326209 19346 233137 687146 924 48513 2148 12299 6694
leaf_count=411977 310548 762664 104147 94626 6510 326209 19346 233137 687146 924 48513 2148 12299 6694
internal_value=6.66165e-08 -0.00343253 -0.00754941 0.0155481 -0.00234696 -0.0260071 0.0488153 0.0126732 -0.00166671 0.00781871 -0.0444371 -0.193436 -0.148335 -0.0109262
internal_weight=3.02689e+06 2.38177e+06 1.95725e+06 424520 1.5269e+06 430356 113972 645114 1.52039e+06 751030 63884 15371 14447 769358
internal_count=3026888 2381774 1957254 424520 1526898 430356 113972 645114 1520388 751030 63884 15371 14447 769358
is_linear=0
shrinkage=0.02


Tree=185
num_leaves=15
num_cat=0
split_feature=5 0 13 14 19 0 25 5 25 25 21 5 19 0
split_gain=322544 318505 301440 543666 314793 315121 302661 314292 284920 346138 278513 283136 262660 239057
threshold=0.077500000596046462 4980.5000000000009 -7.9000000953674308 0.63098061084747326 12520.071289062502 1167.5000000000002 0.052227659150958068 -0.027499999850988385 0.04912852309644223 0.097965005785226836 11404.867675781252 -0.097500000149011598 11892.500488281252 5107.5000000000009
decision_type=2 2 2 2 2 2 2 2 2 2 2 2 2 2
left_child=2 -2 3 -1 5 -5 -4 10 -3 12 -8 -12 -10 -9
right_child=1 8 6 4 -6 -7 7 13 9 -11 11 -13 -14 -15
leaf_value=-0.00039333411773865976 0.026911464021051504 -0.059927633668779692 -0.0011912734329874055 6.4173857448218504e-06 -0.029888079290906457 0.057128144242778268 -0.072983719403966307 -0.021106625696855199 0.3535161476928006 -0.12948829689238237 -0.73166418556825719 -0.0039942867782986058 0.022106258679383112 0.015736469780155811
leaf_weight=705817 58032 1854 1570538 51271 26704 156694 70601 236988 4355 958 205 41413 1227 100231
leaf_count=705817 58032 1854 1570538 51271 26704 156694 70601 236988 4355 958 205 41413 1227 100231
internal_value=-4.18295e-08 0.0435816 -0.000978065 0.0083748 0.0347458 0.0430463 -0.00533272 -0.0198044 0.158659 0.220626 -0.0487954 -0.00775399 0.280841 -0.0101556
internal_weight=3.02689e+06 66426 2.96046e+06 940486 234669 207965 2.01998e+06 449438 8394 6540 112219 41618 5582 337219
internal_count=3026888 66426 2960462 940486 234669 207965 2019976 449438 8394 6540 112219 41618 5582 337219
is_linear=0
shrinkage=0.02


Tree=186
num_leaves=15
num_cat=0
split_feature=8 4 0 4 17 19 23 9 0 0 4 16 23 4
split_gain=330527 453426 462061 534426 391776 382629 484678 406443 350583 338438 403738 311059 315725 796651
threshold=-0.99208334088325489 -209.98500061035153 2269.5000000000005 -37.534999847412102 0.19477590918540957 12233.393066406252 12152.221191406252 0.055054564028978355 1522.5000000000002 8282.5000000000018 230.2600021362305 -19.100000381469723 12071.932617187502 -170.92499542236325
decision_type=2 2 2 2 2 2 2 2 2 2 2 2 2 2
left_child=1 -1 -3 5 8 6 7 -4 -2 11 -11 -6 -13 -14
right_child=4 2 3 -5 9 -7 -8 -9 -10 10 -12 12 13 -15
leaf_value=0.22422748722387012 -0.013964089734440521 0.00063942162356552521 -0.032236185551094351 -0.27667034495150133 0.01880971778181495 0.10964249652429285 -0.29576034448622518 -0.15790408523769064 0.061248632799610361 -0.0076902041617975796 -0.26349776277544917 -0.0059951044619036536 0.12895570355374456 0.0063486854643312798
leaf_weight=2884 35985 107634 71544 4323 332046 5671 3338 12017 79644 5878 4245 1790258 22039 549382
leaf_count=2884 35985 107634 71544 4323 332046 5671 3338 12017 79644 5878 4245 1790258 22039 549382
internal_value=-7.92397e-08 -0.0243666 -0.0278828 -0.0595639 0.00179248 -0.0493961 -0.0597865 -0.0503256 0.0378423 0.000250684 -0.115117 0.000684669 -0.00186373 0.0110797
internal_weight=3.02689e+06 207411 204527 96893 2.81948e+06 92570 86899 83561 115629 2.70385e+06 10123 2.69372e+06 2.36168e+06 571421
internal_count=3026888 207411 204527 96893 2819477 92570 86899 83561 115629 2703848 10123 2693725 2361679 571421
is_linear=0
shrinkage=0.02


Tree=187
num_leaves=15
num_cat=0
split_feature=9 8 6 25 25 24 20 21 9 23 20 23 9 24
split_gain=326620 906498 823555 544107 418241 369196 1.1422e+06 340824 716337 647955 1.36521e+06 440802 848891 465747
threshold=-0.72680556774139393 -0.61393934488296498 102.27817535400392 0.036893701180815704 0.064051508903503432 12693.831542968752 12729.361816406252 12762.438964843752 -0.54542985558509816 12703.337402343752 12688.333007812502 12628.150390625002 -0.65224117040634144 12693.831542968752
decision_type=2 2 2 2 2 2 2 2 2 2 2 2 2 2
left_child=1 3 5 -1 -4 -3 -7 9 -9 11 -11 -2 13 -13
right_child=7 2 4 -5 -6 6 -8 8 -10 10 -12 12 -14 -15
leaf_value=0.53806965993962763 -0.0015133660728267142 -0.033190381476736246 0.08682799495726122 0.053654764268620252 0.31033038265463159 0.50204965282954905 -0.092493817221594721 0.15896423966680814 0.0099474529205936316 0.75105014180787322 -0.070707224059669796 0.004897927016406115 0.041098801117908854 0.56788769222980207
leaf_weight=2259 2765019 48833 16069 1573 4226 2117 3288 16041 65812 808 71326 829 26676 2012
leaf_count=2259 2765019 48833 16069 1573 4226 2117 3288 16041 65812 808 71326 829 26676 2012
internal_value=-1.10965e-07 0.0402963 0.0248496 0.339884 0.133498 -0.0158218 0.140867 -0.00107124 0.0391669 -0.00222031 -0.0613993 -0.000692528 0.0761737 0.404208
internal_weight=3.02689e+06 78365 74533 3832 20295 54238 5405 2.94852e+06 81853 2.86667e+06 72134 2.79454e+06 29517 2841
internal_count=3026888 78365 74533 3832 20295 54238 5405 2948523 81853 2866670 72134 2794536 29517 2841
is_linear=0
shrinkage=0.02


Tree=188
num_leaves=15
num_cat=0
split_feature=7 19 1 21 7 9 22 7 7 19 19 7 7 7
split_gain=326427 2.04158e+06 913162 802175 2.35455e+06 1.1949e+06 778842 1.56196e+06 2.10036e+06 1.53237e+06 928492 1.44339e+06 858361 3.8415e+06
threshold=11200.344726562502 11204.702636718752 109.7350540161133 11008.740722656252 11027.578125000002 -0.53606674075126637 11099.308105468752 11062.605957031252 10994.884277343752 11207.937011718752 11160.716308593752 11177.534179687502 11006.196289062502 10999.822265625002
decision_type=2 2 2 2 2 2 2 2 2 2 2 2 2 2
left_child=3 2 -2 4 -1 -6 12 8 -8 10 -9 -12 13 -5
right_child=1 -3 -4 6 5 -7 7 9 -10 -11 11 -13 -14 -15
leaf_value=0.00044136997544434834 -0.060596677895245671 0.00033672822082047882 -0.21047731585240456 0.033695319070519196 -0.012570540753221331 -0.35261167243244657 -0.045189992135468343 -0.043404819787235961 -0.4710612155521603 0.15543053761567976 0.12875907074786638 0.0044352259408112615 0.031549915119908525 0.45391548012453181
leaf_weight=679444 102496 1722087 19320 34791 6429 11572 25427 87637 5655 32686 49218 154864 83667 11595
leaf_count=679444 102496 1722087 19320 34791 6429 11572 25427 87637 5655 32686 49218 154864 83667 11595
internal_value=6.5904e-08 -0.00526064 -0.0843832 0.00819986 -0.00554158 -0.231243 0.0279382 0.0126162 -0.122799 0.0255942 0.0110416 0.0344231 0.0698151 0.138812
internal_weight=3.02689e+06 1.8439e+06 121816 1.18298e+06 697445 18001 485540 355487 31082 324405 291719 204082 130053 46386
internal_count=3026888 1843903 121816 1182985 697445 18001 485540 355487 31082 324405 291719 204082 130053 46386
is_linear=0
shrinkage=0.02


Tree=189
num_leaves=15
num_cat=0
split_feature=8 20 4 17 4 8 20 23 9 4 22 23 22 23
split_gain=317679 444757 389237 380684 354949 362441 321810 1.25463e+06 946517 1.16117e+06 860916 759468 1.10992e+06 701951
threshold=-0.99208334088325489 11307.627929687502 -194.42499542236325 0.12549445778131488 2.1450001001358037 -0.99937877058982838 11404.726074218752 11410.041015625002 -0.27472265064716334 157.33499908447268 11407.680175781252 11410.041015625002 11387.965332031252 11393.885253906252
decision_type=2 2 2 2 2 2 2 2 2 2 2 2 2 2
left_child=1 2 -1 -2 5 -3 11 8 9 13 -9 -5 -13 -8
right_child=3 4 -4 6 -6 -7 7 10 -10 -11 -12 12 -14 -15
leaf_value=0.2473946576315133 0.064822185618536421 -0.0010317738432190288 0.020171905341104992 -0.0040008001720577974 -0.23484871642570102 -0.059525824172140904 0.05213862868516228 -0.54201087848739693 0.0086607005405202279 0.63676151737283482 0.0057088894603008582 -0.72036645032608404 -0.097129312624939262 0.31948447006804387
leaf_weight=3343 37764 78547 29995 1538668 3533 91993 9410 1139 14401 2376 1198335 1293 9351 6740
leaf_count=3343 37764 78547 29995 1538668 3533 91993 9410 1139 14401 2376 1198335 1293 9351 6740
internal_value=3.89605e-08 -0.0238882 0.0430248 0.00175743 -0.036705 -0.0325865 0.000901035 0.00852824 0.130305 0.224807 0.00518425 -0.00516603 -0.173445 0.163842
internal_weight=3.02689e+06 207411 33338 2.81948e+06 174073 170540 2.78171e+06 1.2324e+06 32927 18526 1.19947e+06 1.54931e+06 10644 16150
internal_count=3026888 207411 33338 2819477 174073 170540 2781713 1232401 32927 18526 1199474 1549312 10644 16150
is_linear=0
shrinkage=0.02


Tree=190
num_leaves=15
num_cat=0
split_feature=7 22 7 7 24 7 22 7 7 24 6 9 22 22
split_gain=316966 1.8248e+06 3.70927e+06 2.43665e+06 2.46409e+06 1.96006e+06 1.2331e+06 1.82658e+06 1.27989e+06 5.3084e+06 1.21058e+06 1.19119e+06 841842 765929
threshold=11200.344726562502 11353.784179687502 11336.017089843752 11366.788574218752 11394.214355468752 11371.945312500002 11387.965332031252 11442.685546875002 11404.730957031252 11459.793945312502 113.49570846557619 -0.20764332264661786 11161.250976562502 10987.974609375002
decision_type=2 2 2 2 2 2 2 2 2 2 2 2 2 2
left_child=13 5 -3 4 -4 10 7 -5 9 -8 12 -6 -2 -1
right_child=1 2 3 6 11 -7 8 -9 -10 -11 -12 -13 -14 -15
leaf_value=-0.0065023095892803662 -0.14958645276991933 0.91781681102430479 0.088046516385937995 -0.077026009470101839 0.68231261894660467 -0.24680852120123745 0.045194839510958484 -0.78022018059413056 -0.0020742202386955207 0.84415737945884506 -0.1552497992752491 0.053943667870650795 -0.013307356257213439 0.025839714473003497
leaf_weight=649602 19482 1765 41811 49757 4539 18681 55888 1513 1354851 3527 30630 1645 259814 533383
leaf_count=649602 19482 1765 41811 49757 4539 18681 55888 1513 1354851 3527 30630 1645 259814 533383
internal_value=1.81394e-08 -0.00518389 0.00408145 0.00300983 0.143222 -0.0479078 -0.00158291 -0.0979261 0.00191038 0.0927574 -0.0359113 0.515521 -0.0228184 0.00808011
internal_weight=3.02689e+06 1.8439e+06 1.5153e+06 1.51353e+06 47995 328607 1.46554e+06 51270 1.41427e+06 59415 309926 6184 279296 1.18298e+06
internal_count=3026888 1843903 1515296 1513531 47995 328607 1465536 51270 1414266 59415 309926 6184 279296 1182985
is_linear=0
shrinkage=0.02


Tree=191
num_leaves=15
num_cat=0
split_feature=20 0 20 4 23 4 20 9 22 4 9 23 23 20
split_gain=313318 501790 371813 934559 700491 549185 512632 850050 483237 454424 437983 405085 1.26879e+06 1.2529e+06
threshold=12866.601562500002 1836.5000000000002 12810.557617187502 173.17499542236331 12747.287597656252 83.68500137329103 12778.974609375002 0.66079589724540722 12715.419433593752 130.20500183105472 0.75427865982055675 12703.337402343752 12669.696289062502 12688.333007812502
decision_type=2 2 2 2 2 2 2 2 2 2 2 2 2 2
left_child=2 -2 6 4 9 10 11 -8 -9 -4 -6 12 -1 -13
right_child=1 -3 3 -5 5 -7 7 8 -10 -11 -12 13 -14 -15
leaf_value=-0.0004662733666793096 -0.16259330405394321 0.1630177282960201 -0.14154945188234297 -0.50187881418645719 -0.071669476435949606 0.21873636907139826 0.026757011113087797 0.10303429235852013 0.43177759129162169 -0.58817115170737366 0.52700291574001312 0.73611263727500553 0.16680014360931444 -0.050296438626849529
leaf_weight=2848686 2331 9911 5074 1913 10806 4387 28858 3532 3631 1104 502 808 18246 87099
leaf_count=2848686 2331 9911 5074 1913 10806 4387 28858 3532 3631 1104 502 808 18246 87099
internal_value=9.85347e-08 0.100934 -0.000410106 -0.0791545 -0.0419699 0.0290629 0.000216396 0.0751994 0.27005 -0.222185 -0.0446485 -0.000697931 0.000598831 -0.042985
internal_weight=3.02689e+06 12242 3.01465e+06 23786 21873 15695 2.99086e+06 36021 7163 6178 11308 2.95484e+06 2.86693e+06 87907
internal_count=3026888 12242 3014646 23786 21873 15695 2990860 36021 7163 6178 11308 2954839 2866932 87907
is_linear=0
shrinkage=0.02


Tree=192
num_leaves=15
num_cat=0
split_feature=7 24 7 20 8 7 8 24 23 7 7 9 20 7
split_gain=319824 1.39364e+06 1.3905e+06 1.82274e+06 2.01821e+06 1.49015e+06 1.95032e+06 1.36957e+06 996566 1.2647e+06 960240 1.402e+06 858273 805619
threshold=10776.645996093752 10799.239257812502 10882.475585937502 10886.642578125002 -0.89888980984687794 10980.230468750002 0.96476373076438915 10900.789062500002 10724.835449218752 10704.045898437502 10903.604492187502 0.58831891417503368 10697.369140625002 10936.230468750002
decision_type=2 2 2 2 2 2 2 2 2 2 2 2 2 2
left_child=8 10 7 4 -4 6 13 -3 9 12 11 -2 -1 -6
right_child=1 2 3 -5 5 -7 -8 -9 -10 -11 -12 -13 -14 -15
leaf_value=-0.0042976446763846963 -0.067821428885292939 0.060345705740615749 -0.33100882407505688 0.00011402394272101407 0.19442603987070256 -0.37466037900937599 -0.33651674306805873 0.52139652901806732 0.13779800785386337 -0.18837183027405627 0.092494724749109469 -0.30645912447688312 0.13231509796738516 -0.019887200032622999
leaf_weight=83056 37096 102394 13329 2662744 11587 4863 5792 2634 27303 12270 9044 13401 23618 17757
leaf_count=83056 37096 102394 13329 2662744 11587 4863 5792 2634 27303 12270 9044 13401 23618 17757
internal_value=1.53188e-07 -0.00146471 0.000556419 -0.00220483 -0.117967 -0.0469091 -0.00145243 0.0719571 0.028852 0.00383431 -0.0972118 -0.1312 0.0259583 0.0647749
internal_weight=3.02689e+06 2.88064e+06 2.8211e+06 2.71607e+06 53328 39999 35136 105028 146247 118944 59541 50497 106674 29344
internal_count=3026888 2880641 2821100 2716072 53328 39999 35136 105028 146247 118944 59541 50497 106674 29344
is_linear=0
shrinkage=0.02


Tree=193
num_leaves=15
num_cat=0
split_feature=0 5 0 8 22 22 20 0 25 20 20 24 0 0
split_gain=309274 325172 351317 321277 698114 421918 303511 481972 502336 420358 995719 665469 702394 545764
threshold=8282.5000000000018 0.082499999552965178 5023.5000000000009 0.73663246631622326 10965.825683593752 11016.251953125002 12866.601562500002 1836.5000000000002 0.052623640745878227 12798.628417968752 12778.974609375002 12753.083007812502 3169.5000000000005 2984.5000000000005
decision_type=2 2 2 2 2 2 2 2 2 2 2 2 2 2
left_child=1 6 3 4 -3 -6 9 -8 -9 10 -1 12 -11 -12
right_child=-2 2 -4 -5 5 -7 7 8 -10 11 13 -13 -14 -15
leaf_value=-0.0010310787852615803 -0.10724430036763845 -0.085516642346839478 0.19236669476407131 -0.0028041012098925394 0.41481534957596228 0.082388420710518689 -0.15935759951597633 0.33022324129708935 0.040861202077049498 -0.066615910032265524 0.06651725738292498 -0.0070641807509768994 -0.37900532319766134 0.28001368209253025
leaf_weight=2901372 10708 3750 6287 28586 3284 2859 2331 4065 5846 7300 15418 23388 4750 6944
leaf_count=2901372 10708 3750 6287 28586 3284 2859 2331 4065 5846 7300 15418 23388 4750 6944
internal_value=1.17461e-07 0.000381216 0.0538766 0.0312044 0.129378 0.26049 -0.000424893 0.0989134 0.159758 -0.000836192 -6.18044e-06 -0.0692946 -0.189971 0.13291
internal_weight=3.02689e+06 3.01618e+06 44766 38479 9893 6143 2.97141e+06 12242 9911 2.95917e+06 2.92373e+06 35438 12050 22362
internal_count=3026888 3016180 44766 38479 9893 6143 2971414 12242 9911 2959172 2923734 35438 12050 22362
is_linear=0
shrinkage=0.02


Tree=194
num_leaves=15
num_cat=0
split_feature=9 24 9 23 5 20 20 24 4 4 20 9 9 4
split_gain=312311 368824 301412 739203 368398 293338 371721 924727 721997 572872 538006 774421 459527 404889
threshold=0.93001860380172741 11529.431640625002 -0.72680556774139393 10835.775390625002 0.057499999180436141 12866.601562500002 12810.557617187502 12753.083007812502 252.49500274658206 130.20500183105472 12778.974609375002 0.66079589724540722 -0.59070801734924305 -29.454999923706051
decision_type=2 2 2 2 2 2 2 2 2 2 2 2 2 2
left_child=2 -2 3 -1 -5 6 10 9 -9 -8 -4 12 -12 -13
right_child=1 -3 5 4 -6 -7 7 8 -10 -11 11 13 -14 -15
leaf_value=-0.084774980676967746 -0.45697770713434149 -0.068393416283161201 -0.0014386072673526094 0.0411438780884519 0.15217357384118771 0.096938571362406009 -0.15288879927721896 0.057543838150995875 -0.5050830992639247 -0.53448242450873451 0.17243300794579786 0.31678988268881708 -0.016467881909413024 -0.15364914144132685
leaf_weight=15474 1159 5984 2870701 46846 16045 12242 7010 13390 969 2025 6807 6342 21073 821
leaf_count=15474 1159 5984 2870701 46846 16045 12242 7010 13390 969 2025 6807 6342 21073 821
internal_value=1.54416e-07 -0.131997 0.000312828 0.0390217 0.0694902 -0.000718587 -0.00112707 -0.0805144 0.0192492 -0.238913 -0.000487645 0.0773922 0.0296975 0.262728
internal_weight=3.02689e+06 7143 3.01974e+06 78365 62891 2.94138e+06 2.92914e+06 23394 14359 9035 2.90574e+06 35043 27880 7163
internal_count=3026888 7143 3019745 78365 62891 2941380 2929138 23394 14359 9035 2905744 35043 27880 7163
is_linear=0
shrinkage=0.02


Tree=195
num_leaves=15
num_cat=0
split_feature=7 23 20 4 19 7 7 4 20 24 21 4 7 21
split_gain=323610 618773 929003 873153 781702 711640 658895 597283 646085 524916 509019 791696 483595 1.32855e+06
threshold=12769.967773437502 12740.406250000002 12810.557617187502 -166.21500396728513 12084.352539062502 12722.228027343752 12732.325683593752 41.385000228881843 12810.557617187502 12775.552246093752 12805.715820312502 -80.634998321533189 12539.508789062502 12574.271972656252
decision_type=2 2 2 2 2 2 2 2 2 2 2 2 2 2
left_child=1 2 10 -3 6 -4 -5 8 -6 -9 12 -12 -1 -14
right_child=-2 3 5 4 7 -7 -8 9 -10 -11 11 -13 13 -15
leaf_value=0.0019412266502172582 -0.041520168166436007 0.71669755295278947 0.0040950415864536146 -0.25480713141406025 0.011429174628292136 -0.40708926137240214 0.52115557786281697 0.052344521158753293 -0.3016986228526129 0.27331380547173312 0.60179407770195514 0.029065436593880795 -0.11178013980981312 0.013583421100474072
leaf_weight=2753803 73259 818 2930 530 19859 3947 2368 14385 3029 6128 1421 2971 55911 85529
leaf_count=2753803 73259 818 2930 530 19859 3947 2368 14385 3029 6128 1421 2971 55911 85529
internal_value=7.56592e-08 0.00103005 -0.000135589 0.07292 0.0613932 -0.232146 0.378849 0.040113 -0.030123 0.118458 0.000415458 0.215318 8.87074e-05 -0.0359768
internal_weight=3.02689e+06 2.95363e+06 2.90651e+06 47117 46299 6877 2898 43401 22888 20513 2.89964e+06 4392 2.89524e+06 141440
internal_count=3026888 2953629 2906512 47117 46299 6877 2898 43401 22888 20513 2899635 4392 2895243 141440
is_linear=0
shrinkage=0.02


Tree=196
num_leaves=15
num_cat=0
split_feature=7 17 25 7 20 24 7 24 7 25 9 9 6 7
split_gain=316397 316275 447213 664035 1.05526e+06 1.01298e+06 1.09049e+06 754555 580348 687288 568922 588314 593539 691010
threshold=10056.743164062502 0.30285072326660162 0.05662201717495919 12546.445312500002 12558.901855468752 12214.382812500002 12270.624511718752 12499.552246093752 12608.418457031252 0.086289834231138243 0.72443613409996044 -0.42302173376083368 106.25969696044923 10944.107910156252
decision_type=2 2 2 2 2 2 2 2 2 2 2 2 2 2
left_child=-1 -2 -3 5 8 10 -7 -8 9 -5 11 12 -4 -14
right_child=1 2 3 4 -6 6 7 -9 -10 -11 -12 -13 13 -15
leaf_value=0.099565438361493994 0.012009759996201953 0.00034926447631482201 -0.016512025605415082 -0.14245349317297998 -0.044604741326129071 0.28077625430327474 -0.09236120520746241 0.1213112579549822 -0.60541931504367474 -0.73832900622604614 0.14414634716425601 -0.049086610437451689 0.25229402988980681 0.027693899103279598
leaf_weight=12703 643921 1930599 113326 7712 42823 8872 12036 14642 1713 852 7933 200995 7356 21405
leaf_count=12703 643921 1930599 113326 7712 42823 8872 12036 14642 1713 852 7933 200995 7356 21405
internal_value=1.47904e-07 -0.000419783 -0.00379652 -0.0220006 -0.0883114 -0.0128898 0.088828 0.0249119 -0.270209 -0.202529 -0.0231938 -0.0270673 0.00408211 0.0852067
internal_weight=3.02689e+06 3.01418e+06 2.37026e+06 439665 53100 386565 35550 26678 10277 8564 351015 343082 142087 28761
internal_count=3026888 3014185 2370264 439665 53100 386565 35550 26678 10277 8564 351015 343082 142087 28761
is_linear=0
shrinkage=0.02


Tree=197
num_leaves=15
num_cat=0
split_feature=7 24 7 8 24 7 6 4 13 14 4 7 4 8
split_gain=308042 581274 540910 498357 448564 664917 376057 344319 324657 594180 315800 647413 308383 273339
threshold=12769.967773437502 12764.572753906252 12741.684082031252 0.77373486757278453 12758.953613281252 12829.757324218752 84.301013946533217 -62.145000457763665 -9.0999999046325666 0.62793532013893139 -103.80500030517577 10841.455566406252 77.674999237060561 -0.73163655400276173
decision_type=2 2 2 2 2 2 2 2 2 2 2 2 2 2
left_child=1 8 3 -3 5 12 -4 13 9 -1 11 -11 -2 -6
right_child=4 2 6 -5 7 -7 -8 -9 -10 10 -12 -13 -14 -15
leaf_value=0.00072029621209285753 -0.016657359658835247 -0.11641846968414857 0.087121635382534993 0.14460346599100435 0.025931364965853718 -0.44174355671293508 0.41804775348487277 -0.035589670016893872 -0.0039139788827406725 0.46862615805729363 0.029189367838043167 0.075397223506423153 -0.16476371568871437 0.23397098859405149
leaf_weight=621608 13822 4877 2402 7282 8486 2177 3219 35711 2090783 1767 192399 29292 9474 3589
leaf_count=621608 13822 4877 2402 7282 8486 2177 3219 35711 2090783 1767 192399 29292 9474 3589
internal_value=9.53654e-08 0.00100499 0.114983 0.0398958 -0.0405091 -0.108274 0.277044 -0.00437033 0.000314322 0.0107755 0.0387455 0.097913 -0.0769349 0.0879102
internal_weight=3.02689e+06 2.95363e+06 17780 12159 73259 25473 5621 47786 2.93585e+06 845066 223458 31059 23296 12075
internal_count=3026888 2953629 17780 12159 73259 25473 5621 47786 2935849 845066 223458 31059 23296 12075
is_linear=0
shrinkage=0.02


Tree=198
num_leaves=15
num_cat=0
split_feature=8 21 19 0 19 9 20 19 8 0 22 19 8 8
split_gain=302144 430260 1.252e+06 351482 329532 309434 346026 955158 1.48273e+06 1.44212e+06 1.90525e+06 1.13995e+06 620459 580579
threshold=-0.99208334088325489 11356.687988281252 11353.215820312502 4649.5000000000009 12233.393066406252 0.93001860380172741 11404.726074218752 11509.287597656252 0.79606631398201 4178.5000000000009 11467.158203125002 11406.185546875002 0.99518439173698436 0.70960983633995067
decision_type=2 2 2 2 2 2 2 2 2 2 2 2 2 2
left_child=1 -1 -3 -4 -5 6 -2 8 13 -10 11 12 -11 -8
right_child=5 2 3 4 -6 -7 7 -9 9 10 -12 -13 -14 -15
leaf_value=0.027983459943677975 -0.0042236259803702667 -0.44699814228078488 -0.024084909940472264 -0.19856811077917069 0.15034294034634157 -0.1296626257954509 0.039902863973721656 0.0030642657212410075 0.089387603212914987 0.72152430349437113 0.9020887280887131 0.011657503237983905 0.1327249572604523 -0.062741626126907979
leaf_weight=49743 1563057 2949 145497 7977 1245 7143 67093 1083909 55733 1960 1999 4636 1133 32814
leaf_count=49743 1563057 2949 145497 7977 1245 7143 67093 1083909 55733 1960 1999 4636 1133 32814
internal_value=1.40273e-07 -0.0232966 -0.039476 -0.0316799 -0.15135 0.00171402 0.00204817 0.00989523 0.054666 0.128643 0.353217 0.210274 0.50697 0.00618664
internal_weight=3.02689e+06 207411 157668 154719 9222 2.81948e+06 2.81233e+06 1.24928e+06 165368 65461 9728 7729 3093 99907
internal_count=3026888 207411 157668 154719 9222 2819477 2812334 1249277 165368 65461 9728 7729 3093 99907
is_linear=0
shrinkage=0.02


Tree=199
num_leaves=15
num_cat=0
split_feature=7 24 7 19 24 23 7 7 7 7 21 19 19 19
split_gain=307711 1.33423e+06 1.33569e+06 1.75831e+06 1.31208e+06 957524 1.20983e+06 913512 1.27441e+06 736075 1.33955e+06 707533 678439 1.09194e+06
threshold=10776.645996093752 10799.239257812502 10882.475585937502 10918.531738281252 10900.789062500002 10724.835449218752 10704.045898437502 10903.604492187502 10800.348144531252 11183.166503906252 11156.747070312502 10691.038085937502 11282.418945312502 11165.762207031252
decision_type=2 2 2 2 2 2 2 2 2 2 2 2 2 2
left_child=5 7 4 -4 -3 6 11 8 -2 12 -11 -1 13 -5
right_child=1 2 3 9 -6 -7 -8 -9 -10 10 -12 -13 -14 -15
leaf_value=-0.011168290126084448 -0.066902702111299353 0.059155293280843707 -0.076613464361115144 0.012302003987889934 0.51042546222862795 0.13509105092959847 -0.18421281946497609 0.089912839438312103 -0.29280035645280567 -0.14243772823987608 -0.0025205204117656698 0.097924826174218049 -0.13050385522369229 0.088608523209788792
leaf_weight=70906 36789 102394 121222 488265 2634 27303 12270 9044 13708 27744 1978638 35768 11583 88620
leaf_count=70906 36789 102394 121222 488265 2634 27303 12270 9044 13708 27744 1978638 35768 11583 88620
internal_value=2.17827e-07 -0.00143664 0.000540937 -0.00216535 0.0705204 0.0283004 0.00377768 -0.0951204 -0.128271 0.00131287 -0.00445599 0.0254164 0.0209816 0.0240254
internal_weight=3.02689e+06 2.88064e+06 2.8211e+06 2.71607e+06 105028 146247 118944 59541 50497 2.59485e+06 2.00638e+06 106674 588468 576885
internal_count=3026888 2880641 2821100 2716072 105028 146247 118944 59541 50497 2594850 2006382 106674 588468 576885
is_linear=0
shrinkage=0.02


Tree=200
num_leaves=15
num_cat=0
split_feature=9 4 5 4 24 24 24 24 24 20 24 8 4 5
split_gain=294524 542361 996415 499511 479416 659843 445662 539560 403501 1.71817e+06 648707 414479 1.15348e+06 372944
threshold=-0.66327509284019459 241.00000000000003 0.087500002235174193 241.00000000000003 10900.789062500002 10909.841796875002 12790.695312500002 12764.572753906252 12693.831542968752 12716.168945312502 12775.552246093752 -0.61393934488296498 24.654999732971195 0.082499999552965178
decision_type=2 2 2 2 2 2 2 2 2 2 2 2 2 2
left_child=3 -2 6 8 -5 -6 7 -3 11 10 -10 12 -1 -13
right_child=1 2 -4 4 5 -7 -8 -9 9 -11 -12 13 -14 -15
leaf_value=-0.01135766365849032 -0.0015856856539112148 -0.14375219128110778 0.25482049506892213 -0.11374015925806732 0.81546325633042971 0.1505829223146477 -0.47232428675591565 0.3630337712986399 0.5472018093147869 -0.02217332288117525 -0.14819988569126852 0.00084307611135162855 0.4930499588629183 0.12124478246081369
leaf_weight=5810 2600422 18024 2797 2590 622 11057 1548 872 3732 10848 622 354730 2626 10588
leaf_count=5810 2600422 18024 2797 2590 622 11057 1548 872 3732 10848 622 354730 2626 10588
internal_value=2.18879e-07 -0.00244554 -0.0986113 0.0159138 0.132093 0.186662 -0.147067 -0.120185 0.0116483 0.11262 0.447742 0.00753851 0.146052 0.00433595
internal_weight=3.02689e+06 2.62366e+06 23241 403225 14269 11679 20444 18896 388956 15202 4354 373754 8436 365318
internal_count=3026888 2623663 23241 403225 14269 11679 20444 18896 388956 15202 4354 373754 8436 365318
is_linear=0
shrinkage=0.02


Tree=201
num_leaves=15
num_cat=0
split_feature=7 24 7 7 21 7 4 19 7 7 5 24 4 7
split_gain=307975 294615 1.71909e+06 649342 488170 1.70105e+06 1.67608e+06 1.17845e+06 1.01092e+06 1.55928e+06 1.07657e+06 858565 765415 2.40287e+06
threshold=10056.743164062502 10652.731933593752 10682.054199218752 10639.908691406252 10805.424316406252 10860.912597656252 -170.92499542236325 10923.156250000002 10796.002441406252 10821.276367187502 -0.012499999720603226 10909.841796875002 -45.805000305175774 10765.210449218752
decision_type=2 2 2 2 2 2 2 2 2 2 2 2 2 2
left_child=-1 -2 3 -3 8 6 -6 -7 12 10 -10 -9 13 -4
right_child=1 2 4 -5 5 7 -8 11 9 -11 -12 -13 -14 -15
leaf_value=0.098231560214666502 -0.049744888530259858 0.38504355223301412 0.46028375285761214 0.1175257374794383 0.56386917923379776 -0.055076436441541483 0.077176890863609182 0.47034462128940874 -0.43994291738082586 0.060994074069998655 -0.13977028328300323 0.0011571162375127949 -0.026202749927924218 -0.08541650141844391
leaf_weight=12703 47650 4365 5448 21416 2944 156509 67867 1551 6213 12506 20682 2580741 78401 7892
leaf_count=12703 47650 4365 5448 21416 2944 156509 67867 1551 6213 12506 20682 2580741 78401 7892
internal_value=3.35641e-07 -0.000413969 0.000378568 0.162952 -0.00104722 0.000713325 0.0974884 -0.00178911 -0.0387629 -0.12348 -0.209251 0.00144075 -0.00236854 0.137622
internal_weight=3.02689e+06 3.01418e+06 2.96654e+06 25781 2.94075e+06 2.80961e+06 70811 2.7388e+06 131142 39401 26895 2.58229e+06 91741 13340
internal_count=3026888 3014185 2966535 25781 2940754 2809612 70811 2738801 131142 39401 26895 2582292 91741 13340
is_linear=0
shrinkage=0.02


Tree=202
num_leaves=15
num_cat=0
split_feature=7 22 7 7 20 7 22 7 7 20 6 21 20 7
split_gain=297146 1.72907e+06 3.56358e+06 2.32306e+06 3.39183e+06 1.85762e+06 1.17558e+06 1.75085e+06 1.20911e+06 5.32278e+06 1.16657e+06 872066 733775 2.08208e+06
threshold=11200.344726562502 11353.784179687502 11336.017089843752 11366.788574218752 11409.203125000002 11371.945312500002 11387.965332031252 11442.685546875002 11404.730957031252 11450.060546875002 113.49570846557619 11159.202636718752 11010.965820312502 11017.754882812502
decision_type=2 2 2 2 2 2 2 2 2 2 2 2 2 2
left_child=12 5 -3 4 -4 10 7 -5 9 -8 11 -2 13 -1
right_child=1 2 3 6 -6 -7 8 -9 -10 -11 -12 -13 -14 -15
leaf_value=0.0014575789120166911 -0.16732071627653114 0.89961196773958974 0.086070265933670551 -0.075141569694812657 0.66555755478414014 -0.24024043323849895 0.038269480473166653 -0.7636027546141857 -0.001996538099869583 0.78053527970664049 -0.1520773275169322 -0.013476299170496342 0.026699265128940119 -0.18150903694365639
leaf_weight=671540 15601 1765 43551 49757 4444 18681 55270 1513 1354851 4145 30630 263695 485620 25825
leaf_count=671540 15601 1765 43551 49757 4444 18681 55270 1513 1354851 4145 30630 263695 485620 25825
internal_value=4.24249e-07 -0.00501879 0.00400026 0.0029499 0.139855 -0.046607 -0.00153452 -0.0956037 0.00187632 0.0901755 -0.0349282 -0.0220755 0.0078238 -0.00532056
internal_weight=3.02689e+06 1.8439e+06 1.5153e+06 1.51353e+06 47995 328607 1.46554e+06 51270 1.41427e+06 59415 309926 279296 1.18298e+06 697365
internal_count=3026888 1843903 1515296 1513531 47995 328607 1465536 51270 1414266 59415 309926 279296 1182985 697365
is_linear=0
shrinkage=0.02


Tree=203
num_leaves=15
num_cat=0
split_feature=7 17 16 17 16 7 21 7 7 23 7 23 21 7
split_gain=295608 300422 406658 392219 319935 286474 258497 1.90511e+06 1.17974e+06 944492 618170 913994 865146 811898
threshold=10056.743164062502 0.30285072326660162 -16.499999999999996 0.51038074493408214 10.299999713897707 11857.080078125002 12074.990234375002 12034.117675781252 12043.979003906252 12046.676269531252 12533.847656250002 12544.720703125002 12574.271972656252 12608.418457031252
decision_type=2 2 2 2 2 2 2 2 2 2 2 2 2 2
left_child=-1 4 3 -3 -2 -5 8 -8 9 -4 11 -9 13 -12
right_child=1 2 6 5 -6 -7 7 10 -10 -11 12 -13 -14 -15
leaf_value=0.096239345423442008 0.0019266965949276257 0.00040779406134310936 -0.0099548748941395235 0.06505583628310084 0.032025770216904823 0.0072015688291688909 0.72422006409589967 0.015056104767339862 -0.11621558066684873 0.18694256074244428 -0.084173416925285308 0.19556066447607787 -0.00046666860007046353 -0.58423694416579686
leaf_weight=12703 434661 280105 1425529 83256 209260 58146 1460 257169 41935 9802 45829 11723 153983 1327
leaf_count=12703 434661 280105 1425529 83256 209260 58146 1460 257169 41935 9802 45829 11723 153983 1327
internal_value=4.75161e-07 -0.000405426 -0.00369644 0.0141157 0.0117086 0.0412679 -0.0075492 0.0053442 -0.0116643 -0.00860894 0.00309584 0.0229327 -0.0234227 -0.0983668
internal_weight=3.02689e+06 3.01418e+06 2.37026e+06 421507 643921 141402 1.94876e+06 471491 1.47727e+06 1.43533e+06 470031 268892 201139 47156
internal_count=3026888 3014185 2370264 421507 643921 141402 1948757 471491 1477266 1435331 470031 268892 201139 47156
is_linear=0
shrinkage=0.02


Tree=204
num_leaves=15
num_cat=0
split_feature=17 0 4 4 21 21 4 9 25 0 21 4 21 9
split_gain=289307 291629 386845 299461 546535 315784 581405 774671 694953 484770 463621 539221 385237 1.02651e+06
threshold=0.10409895330667497 8282.5000000000018 222.55500030517581 290.29998779296881 10991.630859375002 12773.156738281252 -100.62499999999999 -0.54542985558509816 0.055234063416719444 1187.5000000000002 12733.143554687502 122.564998626709 12636.610839843752 -0.69446012377738942
decision_type=2 2 2 2 2 2 2 2 2 2 2 2 2 2
left_child=-1 3 -3 5 -5 10 8 9 -7 -8 12 -12 -2 -14
right_child=1 2 -4 4 -6 6 7 -9 -10 -11 11 -13 13 -15
leaf_value=0.064122428833644773 -0.001339357665247563 0.0033428801987703274 -0.2414425636754437 0.15663412127187643 -0.2244836472369543 0.43662488724772508 -0.10550374740560915 -0.012182243273935427 0.018608734520473302 0.21519439663281351 -0.01990172652870428 -0.14668294867935949 0.28457640336740592 0.01811856777091201
leaf_weight=27876 2788507 5776 4660 10108 1759 3110 2273 51075 3248 10896 52564 18011 6743 40282
leaf_count=27876 2788507 5776 4660 10108 1759 3110 2273 51075 3248 10896 52564 18011 6743 40282
internal_value=5.01196e-07 -0.000595721 -0.106086 -0.000226992 0.0999994 -0.000626898 0.0411631 0.0230908 0.223448 0.159802 -0.00164231 -0.0522732 -0.000381939 0.0563792
internal_weight=3.02689e+06 2.99901e+06 10436 2.98858e+06 11867 2.97671e+06 70602 64244 6358 13169 2.90611e+06 70575 2.83553e+06 47025
internal_count=3026888 2999012 10436 2988576 11867 2976709 70602 64244 6358 13169 2906107 70575 2835532 47025
is_linear=0
shrinkage=0.02


Tree=205
num_leaves=15
num_cat=0
split_feature=8 19 0 22 20 19 22 0 20 19 8 0 22 19
split_gain=287398 412524 507648 453819 836357 404483 920895 305697 292711 922219 1.38203e+06 1.32894e+06 1.76839e+06 1.06004e+06
threshold=-0.99208334088325489 11312.155273437502 2547.5000000000005 11353.784179687502 11351.116210937502 12033.481933593752 12044.861328125002 4682.5000000000009 11404.726074218752 11509.287597656252 0.79606631398201 4178.5000000000009 11467.158203125002 11406.185546875002
decision_type=2 2 2 2 2 2 2 2 2 2 2 2 2 2
left_child=1 7 -3 4 -4 -5 -7 -1 -2 10 -10 -12 13 -13
right_child=8 2 3 5 -6 6 -8 -9 9 -11 11 12 -14 -15
leaf_value=0.018672059786548054 -0.0041054947192026795 -0.0064152208431312334 -0.040926665328671737 -0.011855942436358329 -0.48595261524273176 -0.39265098775296803 -0.069410685271818137 0.20282299766338382 0.0060664959201084199 0.0021885561795047508 0.086607777165623664 0.48826924624791163 0.86866436204013098 0.010632964886043997
leaf_weight=30158 1563057 101290 3981 33993 2927 4048 26928 4086 99907 1091052 55733 3093 1999 4636
leaf_count=30158 1563057 101290 3981 33993 2927 4048 26928 4086 99907 1091052 55733 3093 1999 4636
internal_value=5.20602e-07 -0.0227207 -0.0352636 -0.0759103 -0.229922 -0.0595014 -0.111766 0.0406984 0.00167206 0.00885964 0.0528707 0.124291 0.339873 0.202161
internal_weight=3.02689e+06 207411 173167 71877 6908 64969 30976 34244 2.81948e+06 1.25642e+06 165368 65461 9728 7729
internal_count=3026888 207411 173167 71877 6908 64969 30976 34244 2819477 1256420 165368 65461 9728 7729
is_linear=0
shrinkage=0.02


Tree=206
num_leaves=15
num_cat=0
split_feature=9 24 0 5 0 9 21 22 0 13 14 19 0 25
split_gain=288438 353801 277879 294583 327581 292721 722475 417457 290820 261644 434724 258444 287327 248871
threshold=0.93001860380172741 11529.431640625002 8282.5000000000018 0.082499999552965178 5023.5000000000009 -0.67629325389862049 10963.002441406252 11016.251953125002 1896.5000000000002 -10.499999999999998 0.62793532013893139 12520.071289062502 1244.5000000000002 0.052227659150958068
decision_type=2 2 2 2 2 2 2 2 2 2 2 2 2 2
left_child=2 -2 3 9 5 6 -5 8 -8 10 -1 12 -12 -11
right_child=1 -3 -4 4 -6 -7 7 -9 -10 13 11 -13 -14 -15
leaf_value=0.00076337648171205888 -0.44514084457841258 -0.064561344035825002 -0.10135406959621455 -0.097302548268803885 0.18530907145177342 -0.0027158423502105489 -0.13739237511525301 0.076922881403150803 0.47069366193127737 -5.5130253299896292e-05 0.00073636916420946456 -0.028708231870921874 0.05716985515503218 -0.016324205029882969
leaf_weight=564164 1159 5984 10708 3698 6287 28613 347 2832 2989 1708644 48963 23009 137242 482249
leaf_count=564164 1159 5984 10708 3698 6287 28613 347 2832 2989 1708644 48963 23009 137242 482249
internal_value=5.54634e-07 -0.126852 0.000301041 0.000663134 0.0515793 0.0296865 0.123568 0.255937 0.407215 -0.000105959 0.00989491 0.0345176 0.0423315 -0.00363627
internal_weight=3.02689e+06 7143 3.01974e+06 3.00904e+06 44766 38479 9866 6168 3336 2.96427e+06 773378 209214 186205 2.19089e+06
internal_count=3026888 7143 3019745 3009037 44766 38479 9866 6168 3336 2964271 773378 209214 186205 2190893
is_linear=0
shrinkage=0.02


Tree=207
num_leaves=15
num_cat=0
split_feature=7 21 9 7 1 19 4 21 7 7 22 9 7 21
split_gain=289124 523333 729684 750560 768657 752149 443468 405386 578986 390706 1.37153e+06 1.21778e+06 1.19236e+06 825263
threshold=12769.967773437502 12773.156738281252 -0.54542985558509816 12674.207031250002 81.44647598266603 12208.181640625002 -76.134998321533189 12757.176269531252 12829.757324218752 12533.847656250002 12537.386718750002 -0.69446012377738942 12674.207031250002 12574.271972656252
decision_type=2 2 2 2 2 2 2 2 2 2 2 2 2 2
left_child=1 9 -3 6 -5 -6 -4 8 -2 10 -1 12 -11 -13
right_child=7 2 3 4 5 -7 -8 -9 -10 11 -12 13 -14 -15
leaf_value=0.00058942126561921143 -0.075759766068376741 0.24325412220628184 0.44197252884980243 -0.093597363479358209 0.41389702881649604 -0.16703107071664738 0.080618437702952794 -0.0081044865828954656 -0.41096038738817375 0.51769537737064542 0.15048569950739984 -0.095493059947663175 0.018676224446065499 -0.0050644962683116983
leaf_weight=2717030 20022 8207 2317 15860 2623 1341 3278 50948 2289 3109 24628 65770 4965 104501
leaf_count=2717030 20022 8207 2317 15860 2623 1341 3278 50948 2289 3109 24628 65770 4965 104501
internal_value=5.3627e-07 0.000974083 0.0794127 0.0264377 -0.0313229 0.217441 0.230787 -0.0392451 -0.110319 7.05287e-05 0.00193647 -0.0286126 0.211235 -0.0399977
internal_weight=3.02689e+06 2.95363e+06 33626 25419 19824 3964 5595 73259 22311 2.92e+06 2.74166e+06 178345 8074 170271
internal_count=3026888 2953629 33626 25419 19824 3964 5595 73259 22311 2920003 2741658 178345 8074 170271
is_linear=0
shrinkage=0.02


Tree=208
num_leaves=15
num_cat=0
split_feature=9 9 22 0 19 19 0 9 19 0 4 25 19 25
split_gain=277132 270946 633638 504322 394584 412669 338020 334656 619131 354753 296929 461008 285402 314612
threshold=0.93001860380172741 -0.732965588569641 10836.035644531252 2470.5000000000005 11254.178710937502 12064.807617187502 6232.5000000000009 -0.80328845977783192 11021.312500000002 972.50000000000011 71.634998321533217 0.036108599975705154 10894.307617187502 0.060557698830962188
decision_type=2 2 2 2 2 2 2 2 2 2 2 2 2 2
left_child=1 2 -1 7 6 -6 -5 -4 12 -10 11 -11 -9 -14
right_child=-2 -3 3 4 5 -7 -8 8 9 10 -12 -13 13 -15
leaf_value=-0.082802693958295315 -0.12434076343186179 -0.00059041502492906462 -0.052662533844666147 0.073165590550377552 0.33868825265234398 -0.20218089817820939 0.656631443345147 0.24603800204919019 -0.038069800857714907 0.52693728296695164 0.1240346359565144 0.004645981843328731 -0.10413436446929142 0.32603671031556575
leaf_weight=13187 7143 2955183 13383 12942 5578 621 400 1324 1850 2700 2891 901 8052 733
leaf_count=13187 7143 2955183 13383 12942 5578 621 400 1324 1850 2700 2891 901 8052 733
internal_value=5.92366e-07 0.000295131 0.0408232 0.0725659 0.152519 0.284264 0.0911384 0.0234545 0.078664 0.20609 0.275622 0.396636 -0.0265867 -0.0679097
internal_weight=3.02689e+06 3.01974e+06 64562 51375 19541 6199 13342 31834 18451 8342 6492 3601 10109 8785
internal_count=3026888 3019745 64562 51375 19541 6199 13342 31834 18451 8342 6492 3601 10109 8785
is_linear=0
shrinkage=0.02


Tree=209
num_leaves=15
num_cat=0
split_feature=8 21 19 4 4 19 9 24 21 22 9 4 8 19
split_gain=276242 397944 1.13686e+06 358527 293884 288885 273428 339971 300182 1.48489e+06 565499 556758 1.01708e+06 2.07024e+06
threshold=-0.99208334088325489 11356.687988281252 11353.215820312502 2.1450001001358037 -194.42499542236325 12123.340332031252 0.93001860380172741 11529.431640625002 11404.867675781252 11394.559570312502 -0.20764332264661786 119.51499938964845 0.99518439173698436 12155.086425781252
decision_type=2 2 2 2 2 2 2 2 2 2 2 2 2 2
left_child=1 4 -3 -4 -1 -5 8 -8 -2 10 -10 -11 -13 -14
right_child=6 2 3 5 -6 -7 7 -9 9 11 -12 12 13 -15
leaf_value=0.19068282909924741 -0.0038862540914012607 -0.42616692364235997 -0.025743565424069016 -0.42100592394550596 0.012599558930804364 -0.05879078237867702 -0.43386032736739916 -0.060801373815605166 0.54680252382563332 0.014245455716693098 0.0082819387189814308 -0.03845770806948029 -0.039213911386261541 0.29507927700339726
leaf_weight=4024 1563472 2949 151186 1656 45719 1877 1159 5984 2822 1024580 1077 188526 20148 11709
leaf_count=4024 1563472 2949 151186 1656 45719 1877 1159 5984 2822 1024580 1077 188526 20148 11709
internal_value=6.92269e-07 -0.0222751 -0.037835 -0.0304061 0.0270416 -0.229284 0.00163946 -0.121857 0.00195357 0.00926453 0.398457 0.00804245 -0.0207951 0.0837085
internal_weight=3.02689e+06 207411 157668 154719 49743 3533 2.81948e+06 7143 2.81233e+06 1.24886e+06 3899 1.24496e+06 220383 31857
internal_count=3026888 207411 157668 154719 49743 3533 2819477 7143 2812334 1248862 3899 1244963 220383 31857
is_linear=0
shrinkage=0.02


Tree=210
num_leaves=15
num_cat=0
split_feature=7 24 7 20 7 8 7 4 0 24 0 4 24 4
split_gain=292879 1.62867e+06 723318 706130 2.00834e+06 1.16247e+06 1.52267e+06 1.19024e+06 911343 1.302e+06 845038 833033 1.67345e+06 782680
threshold=11200.344726562502 11186.624023437502 11230.761718750002 11010.965820312502 11017.754882812502 -0.86513796448707569 11006.196289062502 -128.75499725341794 5658.5000000000009 10985.427246093752 3621.5000000000005 204.70999908447268 10905.901367187502 -266.08000183105463
decision_type=2 2 2 2 2 2 2 2 2 2 2 2 2 2
left_child=3 2 -2 4 11 6 -5 -7 9 -6 -9 13 -13 -1
right_child=1 -3 -4 5 8 7 -8 10 -10 -11 -12 12 -14 -15
leaf_value=-0.46143687073091655 -0.093318252341768951 -0.0016184371628963998 -0.41332100614135814 0.6438476211011509 -0.44623588820888704 -0.077813877961114677 0.1092546787473993 0.016500506230843176 0.1229061996962995 -0.11961387640656834 0.086210336873344368 -0.0016867242428004921 0.28074650503019277 -0.0028204999899238119
leaf_weight=1482 54244 1786687 2972 2522 7201 44518 13506 337463 3474 15150 87611 25056 12607 632395
leaf_count=1482 54244 1786687 2972 2522 7201 44518 13506 337463 3474 15150 87611 25056 12607 632395
internal_value=6.48769e-07 -0.0049824 -0.11001 0.00776765 -0.00512673 0.0262841 0.193723 0.0205651 -0.178167 -0.224998 0.03087 0.00153031 0.0929015 -0.00390004
internal_weight=3.02689e+06 1.8439e+06 57216 1.18298e+06 697365 485620 16028 469592 25825 22351 425074 671540 37663 633877
internal_count=3026888 1843903 57216 1182985 697365 485620 16028 469592 25825 22351 425074 671540 37663 633877
is_linear=0
shrinkage=0.02


Tree=211
num_leaves=15
num_cat=0
split_feature=7 24 7 24 4 8 8 7 4 7 23 4 7 25
split_gain=290392 1.22973e+06 1.25818e+06 1.5679e+06 1.40018e+06 1.13197e+06 1.42481e+06 1.74819e+06 1.12316e+06 1.02308e+06 904172 1.24916e+06 1.13913e+06 864447
threshold=10776.645996093752 10799.239257812502 10882.475585937502 10888.702636718752 -175.62499999999997 -0.91586777567863453 0.92882040143013012 10980.230468750002 -77.825000762939439 10841.455566406252 10724.835449218752 -62.145000457763665 10704.045898437502 0.054755408316850669
decision_type=2 2 2 2 2 2 2 2 2 2 2 2 2 2
left_child=10 8 4 5 9 -4 7 -7 13 -3 12 -12 -1 -2
right_child=1 2 3 -5 -6 6 -8 -9 -10 -11 11 -13 -14 -15
leaf_value=0.024659962508854757 -0.60358851267662128 0.73128412996149894 -0.28987079830537499 4.4931720610838037e-05 0.051893393326745918 0.047300853526014291 -0.31049137231862189 -0.35620086274784596 -0.065767621349008321 0.15531095819640167 0.37692355966697916 0.056763202304083146 -0.17875133807683086 -0.050400104454674251
leaf_weight=106674 2872 2082 10979 2661888 99922 30598 7621 4986 54807 3024 6344 20959 12270 1862
leaf_count=106674 2872 2082 10979 2661888 99922 30598 7621 4986 54807 3024 6344 20959 12270 1862
internal_value=6.11631e-07 -0.00139522 0.00050333 -0.00212326 0.068422 -0.10862 -0.062505 -0.00932109 -0.0913354 0.391141 0.0274928 0.131266 0.00366307 -0.386575
internal_weight=3.02689e+06 2.88064e+06 2.8211e+06 2.71607e+06 105028 54184 43205 35584 59541 5106 146247 27303 118944 4734
internal_count=3026888 2880641 2821100 2716072 105028 54184 43205 35584 59541 5106 146247 27303 118944 4734
is_linear=0
shrinkage=0.02


Tree=212
num_leaves=15
num_cat=0
split_feature=17 13 17 17 9 20 22 20 20 9 21 23 23 8
split_gain=275555 269640 771509 588244 403776 314663 781593 291580 441915 416486 644377 396854 374153 350153
threshold=0.10409895330667497 2.1000000238418584 0.62337574362754833 0.53959387540817272 0.070003718137741103 11739.637695312502 11433.400878906252 12239.298828125002 12355.698730468752 -0.562171310186386 12291.318359375002 12500.669921875002 12240.294433593752 0.90081939101219188
decision_type=2 2 2 2 2 2 2 2 2 2 2 2 2 2
left_child=-1 2 -2 7 -5 6 -4 -3 9 12 -11 -10 -9 -12
right_child=1 3 5 4 -6 -7 -8 8 11 10 13 -13 -14 -15
leaf_value=0.062580001692925796 0.0010422226599830383 -0.0062162257139078718 0.063173550632922709 -0.01768559657930794 -0.079514905335038105 0.017417737935130673 0.32185914103854529 -0.38727919664149008 -0.079945850232526289 0.072457107274783689 0.17549467480580172 0.019771047753905095 0.023092802465337042 0.49131537903599315
leaf_weight=27876 1521140 1000365 61236 113091 67443 52622 5049 999 18177 15149 3045 130625 7446 2625
leaf_count=27876 1521140 1000365 61236 113091 67443 52622 5049 999 18177 15149 3045 130625 7446 2625
internal_value=5.72214e-07 -0.000581307 0.00487762 -0.00716934 -0.0407867 0.0539383 0.0829238 -0.00201888 0.0215605 0.0925936 0.140629 0.00758538 -0.0258504 0.322319
internal_weight=3.02689e+06 2.99901e+06 1.64005e+06 1.35896e+06 180534 118907 66285 1.17843e+06 178066 29264 20819 148802 8445 5670
internal_count=3026888 2999012 1640047 1358965 180534 118907 66285 1178431 178066 29264 20819 148802 8445 5670
is_linear=0
shrinkage=0.02


Tree=213
num_leaves=15
num_cat=0
split_feature=7 19 7 21 6 21 7 8 7 4 19 4 4 19
split_gain=283991 1.40704e+06 1.02884e+06 889015 847208 750082 2.16535e+06 1.16664e+06 1.59569e+06 1.24874e+06 828046 766019 729148 1.33783e+06
threshold=11195.398925781252 11198.071777343752 11208.335937500002 11156.747070312502 86.81055068969728 11008.740722656252 11027.578125000002 -0.86513796448707569 11006.196289062502 -128.75499725341794 11207.937011718752 -266.08000183105463 204.70999908447268 10923.156250000002
decision_type=2 2 2 2 2 2 2 2 2 2 2 2 2 2
left_child=5 2 3 -2 -4 6 11 8 -7 -9 -11 -1 -13 -14
right_child=1 -3 4 -5 -6 7 -8 9 -10 10 -12 12 13 -15
leaf_value=-0.45193512894832305 -0.19253278955886846 -6.298774030454767e-05 -0.062534174252196706 0.0030695029877658275 -0.22687141032404448 0.64507866038075878 -0.22143914989768865 -0.081410712691543263 0.10728792909970832 0.025300767576604009 0.14064553443970687 -0.0034371143076575546 -0.0024296925183874074 0.23915467652284286
leaf_weight=1482 10739 1760101 27023 68679 23434 2628 18001 42064 13545 354463 26767 638242 25373 14347
leaf_count=1482 10739 1760101 27023 68679 23434 2628 18001 42064 13545 354463 26767 638242 25373 14347
internal_value=6.06082e-07 -0.00475075 -0.0682756 -0.0234007 -0.138888 0.00789915 -0.00499608 0.0283639 0.195021 0.0219918 0.0334029 0.000741446 0.00173766 0.0848691
internal_weight=3.02689e+06 1.88998e+06 129875 79418 50457 1.13691e+06 697445 439467 16173 423294 381230 679444 677962 39720
internal_count=3026888 1889976 129875 79418 50457 1136912 697445 439467 16173 423294 381230 679444 677962 39720
is_linear=0
shrinkage=0.02


Tree=214
num_leaves=15
num_cat=0
split_feature=7 17 25 7 20 20 7 19 19 4 7 7 9 9
split_gain=282426 277374 405801 614668 975672 924027 719071 744118 698562 658728 743549 559093 553408 560499
threshold=10056.743164062502 0.30285072326660162 0.05662201717495919 12546.445312500002 12558.901855468752 12207.383789062502 12270.624511718752 12499.732421875002 12116.395507812502 -154.71500396728513 12608.418457031252 12516.461914062502 0.71953120827674877 -0.42302173376083368
decision_type=2 2 2 2 2 2 2 2 2 2 2 2 2 2
left_child=-1 -2 -3 5 9 12 -7 -8 -6 -5 -11 -9 13 -4
right_child=1 2 3 4 8 6 7 11 -10 10 -12 -13 -14 -15
leaf_value=0.094069211389941537 0.011243918793611361 0.00039075030531546772 0.0037203777073508328 -0.75128105354888819 0.26985835668446828 0.20964475282000139 -0.091167051863411924 0.31152377978828527 -0.06353243134900384 -0.12183355289647337 -0.58235286957291899 0.039760593809630505 0.1319105742674935 -0.04842742018074768
leaf_weight=12703 643921 1930599 141844 977 2672 11919 12338 4284 40151 7587 1713 10284 9037 196859
leaf_count=12703 643921 1930599 141844 977 2672 11919 12338 4284 40151 7587 1713 10284 9037 196859
internal_value=5.88014e-07 -0.00039616 -0.00355842 -0.0208992 -0.0846975 -0.0121336 0.0803945 0.023081 -0.0426714 -0.259601 -0.207195 0.119838 -0.0224663 -0.0265891
internal_weight=3.02689e+06 3.01418e+06 2.37026e+06 439665 53100 386565 38825 26906 42823 10277 9300 14568 347740 338703
internal_count=3026888 3014185 2370264 439665 53100 386565 38825 26906 42823 10277 9300 14568 347740 338703
is_linear=0
shrinkage=0.02


Tree=215
num_leaves=15
num_cat=0
split_feature=7 24 7 19 4 8 4 7 25 19 19 4 7 19
split_gain=277242 1.17856e+06 1.21076e+06 1.57245e+06 1.34729e+06 1.3011e+06 1.08138e+06 982029 962148 889804 863310 1.37399e+06 897705 780924
threshold=10776.645996093752 10799.239257812502 10882.475585937502 10918.531738281252 -175.62499999999997 -0.88680860400199879 -86.744998931884751 10841.455566406252 0.054755408316850669 10753.472656250002 10738.432617187502 -97.435001373291001 10704.045898437502 10881.237792968752
decision_type=2 2 2 2 2 2 2 2 2 2 2 2 2 2
left_child=10 6 4 5 7 13 8 -3 -2 -8 12 -12 -1 -4
right_child=1 2 3 -5 -6 -7 9 -9 -10 -11 11 -13 -14 -15
leaf_value=0.020863396800134694 -0.68270866651702211 0.71693688243114695 -0.34632103198299768 0.0012079459848668619 0.050908434133426439 -0.035987745015523431 0.18070846065801199 0.15263448899651122 -0.038757179750782265 -0.092835355723462534 0.6060548836492019 0.08483903148078796 -0.16423558378922515 -0.12035627438940689
leaf_weight=105047 2222 2082 8847 2594850 99922 92529 5242 3024 1591 50486 2175 27393 11632 19846
leaf_count=105047 2222 2082 8847 2594850 99922 92529 5242 3024 1591 50486 2175 27393 11632 19846
internal_value=5.37742e-07 -0.00136332 0.000495311 -0.00208131 0.0671219 -0.0724847 -0.0894126 0.383687 -0.414825 -0.0670766 0.0268631 0.123372 0.00239779 -0.190126
internal_weight=3.02689e+06 2.88064e+06 2.8211e+06 2.71607e+06 105028 121222 59541 5106 3813 55728 146247 29568 116679 28693
internal_count=3026888 2880641 2821100 2716072 105028 121222 59541 5106 3813 55728 146247 29568 116679 28693
is_linear=0
shrinkage=0.02


Tree=216
num_leaves=15
num_cat=0
split_feature=16 17 16 19 5 20 4 19 21 19 4 20 22 19
split_gain=266244 296085 337295 279594 267822 327679 393649 476206 406117 770314 388586 305978 288542 537701
threshold=-22.100000381469723 0.31270505487918859 8.5000000000000018 11782.627929687502 -0.027499999850988385 11398.597656250002 -111.185001373291 13177.327148437502 12523.046875000002 12555.604003906252 -266.08000183105463 12521.416503906252 12100.832519531252 12100.649414062502
decision_type=2 2 2 2 2 2 2 2 2 2 2 2 2 2
left_child=3 2 -2 -1 5 10 8 -8 12 11 -3 -10 -7 -14
right_child=1 4 -4 -5 -6 6 7 -9 9 -11 -12 -13 13 -15
leaf_value=0.041050407509407291 -0.0011713502580162434 -0.2227756985613468 0.027689965466047038 -0.0066835362002831203 -0.0011709168432590842 0.031236412854355668 -0.013142056597452028 -0.35387702884409644 -0.044514442259088884 0.024289124716449045 -0.027979660473196968 -0.44456380302806608 0.90497572435651508 0.11381299534928399
leaf_weight=123120 425067 4141 261674 81614 1599500 32637 148736 1649 1149 13122 312186 2292 340 19661
leaf_count=123120 425067 4141 261674 81614 1599500 32637 148736 1649 1149 13122 312186 2292 340 19661
internal_value=5.49017e-07 -0.00159711 0.0098261 0.0220225 -0.00527081 -0.0175072 0.00126318 -0.0169017 0.0407354 -0.0456172 -0.0305367 -0.311503 0.0679109 0.127709
internal_weight=3.02689e+06 2.82215e+06 686741 204734 2.13541e+06 535913 219586 150385 69201 16563 316327 3441 52638 20001
internal_count=3026888 2822154 686741 204734 2135413 535913 219586 150385 69201 16563 316327 3441 52638 20001
is_linear=0
shrinkage=0.02


Tree=217
num_leaves=15
num_cat=0
split_feature=7 23 20 4 19 7 7 4 8 20 21 4 19 7
split_gain=276403 556748 873356 844448 722482 675000 613634 533425 702938 601622 468617 715621 436619 420458
threshold=12769.967773437502 12740.406250000002 12810.557617187502 -166.21500396728513 12084.352539062502 12722.228027343752 12732.325683593752 41.385000228881843 0.8150879740715028 12810.557617187502 12805.715820312502 -76.134998321533189 12378.698730468752 12539.508789062502
decision_type=2 2 2 2 2 2 2 2 2 2 2 2 2 2
left_child=1 2 10 -3 6 -4 -5 9 -9 12 13 -12 -6 -1
right_child=-2 3 5 4 7 -7 -8 8 -10 -11 11 -13 -14 -15
leaf_value=0.0017948897397544914 -0.038371969485323704 0.70224853626195938 0.0049679184858287288 -0.2484698401203862 0.42092683473579329 -0.39548784614121457 0.5003382821983906 0.28932010345566378 0.034361676583425559 -0.29108827691989808 0.56968600972318584 0.027389125782993899 -0.010367261177813183 -0.033561412135169694
leaf_weight=2753803 73259 818 2930 530 978 3947 2368 6189 14324 3029 1444 2948 18881 141440
leaf_count=2753803 73259 818 2930 530 978 3947 2368 6189 14324 3029 1444 2948 18881 141440
internal_value=5.3933e-07 0.000952428 -0.000153245 0.0691442 0.057809 -0.225108 0.363002 0.037351 0.11139 -0.0290239 0.000381043 0.206579 0.0110729 6.75274e-05
internal_weight=3.02689e+06 2.95363e+06 2.90651e+06 47117 46299 6877 2898 43401 20513 22888 2.89964e+06 4392 19859 2.89524e+06
internal_count=3026888 2953629 2906512 47117 46299 6877 2898 43401 20513 22888 2899635 4392 19859 2895243
is_linear=0
shrinkage=0.02


Tree=218
num_leaves=15
num_cat=0
split_feature=5 24 20 25 22 22 25 9 19 19 9 24 9 25
split_gain=263081 268359 583808 466764 544228 431344 359915 388243 562443 364778 252721 325667 254308 525520
threshold=0.077500000596046462 11915.941894531252 11939.854492187502 0.010742285288870336 12217.798828125002 10871.246093750002 0.06162309646606446 -0.67629325389862049 11415.212402343752 10966.636718750002 0.93001860380172741 11529.431640625002 0.74366798996925365 0.077059991657733931
decision_type=2 2 2 2 2 2 2 2 2 2 2 2 2 2
left_child=10 5 -3 4 -4 -2 7 9 -9 -7 12 -12 -1 -14
right_child=1 2 3 -5 -6 6 -8 8 -10 -11 11 -13 13 -15
leaf_value=-0.0011625679042959025 -0.038076931037677356 -0.50501730804858003 -0.92636042800460916 0.024831671005909658 0.073664017922220743 -0.042397694160299537 0.22398821728507709 -0.041008285103631179 0.2165099314015235 0.24644578285165963 -0.42498744209981354 -0.059859756090476134 0.023174154361083069 0.26824868511957761
leaf_weight=2925969 12379 956 447 16100 413 2336 7306 15218 4355 6916 1159 5984 23239 4111
leaf_count=2925969 12379 956 447 16100 413 2336 7306 15218 4355 6916 1159 5984 23239 4111
internal_value=6.30125e-07 0.0393606 -0.0267754 0.000462663 -0.450766 0.0637872 0.0986887 0.0668628 0.0163699 0.173548 -0.00088264 -0.119618 -0.000595051 0.0600968
internal_weight=3.02689e+06 66426 17916 16960 860 48510 36131 28825 19573 9252 2.96046e+06 7143 2.95332e+06 27350
internal_count=3026888 66426 17916 16960 860 48510 36131 28825 19573 9252 2960462 7143 2953319 27350
is_linear=0
shrinkage=0.02


Tree=219
num_leaves=15
num_cat=0
split_feature=7 19 6 21 7 8 7 4 9 25 19 4 4 19
split_gain=270666 1.48588e+06 901016 682101 2.08863e+06 1.14078e+06 1.53148e+06 1.1295e+06 1.0956e+06 820497 790627 719769 688095 1.27967e+06
threshold=11198.564453125002 11199.882812500002 97.720256805419936 11008.740722656252 11027.578125000002 -0.86513796448707569 11006.196289062502 -126.62499999999999 -0.53606674075126637 0.072299074381589903 11207.937011718752 -266.08000183105463 204.70999908447268 10923.156250000002
decision_type=2 2 2 2 2 2 2 2 2 2 2 2 2 2
left_child=3 2 -2 4 11 6 -5 -7 -6 -10 -9 -1 -13 -14
right_child=1 -3 -4 5 8 7 -8 10 9 -11 -12 12 13 -15
leaf_value=-0.43806338307684733 -0.042270524631045359 -3.6267823570103895e-05 -0.17121097556415493 0.63229007804818438 -0.0080920407220434216 -0.073263158010672014 0.10543039422160227 0.023332776646853692 -0.39444209718423628 0.13200484671077514 0.13114283391843065 -0.0033265271835917209 -0.002922020479798062 0.2333521794076876
leaf_weight=1482 91644 1746992 28389 2628 6429 46126 13545 370764 10238 1334 29355 638242 25373 14347
leaf_count=1482 91644 1746992 28389 2628 6429 46126 13545 370764 10238 1334 29355 638242 25373 14347
internal_value=5.53682e-07 -0.00471329 -0.0727781 0.0075884 -0.00490018 0.0264241 0.19138 0.0204415 -0.217474 -0.333691 0.0312455 0.000734788 0.00170046 0.0824578
internal_weight=3.02689e+06 1.86702e+06 120033 1.15986e+06 697445 462418 16173 446245 18001 11572 400119 679444 677962 39720
internal_count=3026888 1867025 120033 1159863 697445 462418 16173 446245 18001 11572 400119 679444 677962 39720
is_linear=0
shrinkage=0.02


Tree=220
num_leaves=15
num_cat=0
split_feature=7 19 7 0 7 21 7 4 21 7 7 9 7 6
split_gain=270382 1.42754e+06 747774 627264 444358 439590 1.54339e+06 1.47774e+06 1.06511e+06 925697 1.48934e+06 1.27179e+06 867331 1.32681e+06
threshold=10682.054199218752 10656.072753906252 10076.930175781252 2034.5000000000002 10639.908691406252 10805.424316406252 10860.912597656252 -170.92499542236325 10873.928710937502 10796.002441406252 10821.276367187502 0.64560928940773021 10980.230468750002 99.010105133056655
decision_type=2 2 2 2 2 2 2 2 2 2 2 2 2 2
left_child=1 2 -1 -3 -5 9 7 -7 12 -2 11 -11 13 -8
right_child=5 3 -4 4 -6 6 8 -9 -10 10 -12 -13 -14 -15
leaf_value=0.06589518868968898 -0.0021146374772669767 -0.10790103711786482 -0.078592925256004337 0.37589810843803911 0.15207159188032168 0.53076249563137101 -0.1419748561920039 0.073772101428556183 4.4470435935936037e-05 -0.13660753527202396 0.061424707600634093 -0.4922610651993703 -0.36657177981134526 0.075213982845742072
leaf_weight=24371 92825 3089 34736 4401 18327 2944 32371 67867 2685027 21978 12632 4917 4169 17234
leaf_count=24371 92825 3089 34736 4401 18327 2944 32371 67867 2685027 21978 12632 4917 4169 17234
internal_value=5.50269e-07 0.0351807 -0.0190162 0.159222 0.19556 -0.00101508 0.000662909 0.0928442 -0.00172074 -0.0366336 -0.117676 -0.201788 -0.0898446 -0.0665177
internal_weight=3.02689e+06 84924 59107 25817 22728 2.94196e+06 2.80961e+06 70811 2.7388e+06 132352 39527 26895 53774 49605
internal_count=3026888 84924 59107 25817 22728 2941964 2809612 70811 2738801 132352 39527 26895 53774 49605
is_linear=0
shrinkage=0.02


Tree=221
num_leaves=15
num_cat=0
split_feature=0 4 7 23 7 20 7 7 20 4 21 7 7 9
split_gain=265673 378819 303897 1.08479e+06 3.47433e+06 2.93628e+06 2.23838e+06 1.31474e+06 1.01057e+06 1.00384e+06 843126 2.97402e+06 2.21063e+06 2.10263e+06
threshold=8282.5000000000018 230.2600021362305 11187.069824218752 11354.811035156252 11366.788574218752 11398.597656250002 11336.017089843752 11366.788574218752 11379.830566406252 45.835000991821296 11404.867675781252 11392.527832031252 11442.685546875002 -0.065025404095649705
decision_type=2 2 2 2 2 2 2 2 2 2 2 2 2 2
left_child=2 -2 -1 7 5 6 -5 -4 -9 -7 12 13 -6 -12
right_child=1 -3 3 4 10 9 -8 8 -10 -11 11 -13 -14 -15
leaf_value=0.0090744179906100848 -0.0026875987185888245 -0.24559511698532316 -0.021953147831208532 0.89373411591575913 -0.045539502377255354 0.024661423083757596 0.080911734361801532 -0.23290445228729939 0.01676645535989351 0.67546848818793115 0.75995544996560471 0.000339951134972947 -0.70026983023705325 0.058524078637772182
leaf_weight=1044742 6451 4257 438453 1394 86935 1147 39135 21406 9299 5478 3500 1359252 2103 3336
leaf_count=1044742 6451 4257 438453 1394 86935 1147 39135 21406 9299 5478 3500 1359252 2103 3336
internal_value=5.3985e-07 -0.0993972 0.000353755 -0.00426768 0.00402314 0.172964 0.109083 -0.0308151 -0.15731 0.563003 -0.00145259 0.00243422 -0.0610808 0.418242
internal_weight=3.02689e+06 10708 3.01618e+06 1.97144e+06 1.50228e+06 47154 40529 469158 30705 6625 1.45513e+06 1.36609e+06 89038 6836
internal_count=3026888 10708 3016180 1971438 1502280 47154 40529 469158 30705 6625 1455126 1366088 89038 6836
is_linear=0
shrinkage=0.02


Tree=222
num_leaves=15
num_cat=0
split_feature=17 16 24 4 19 19 25 14 4 22 4 19 25 24
split_gain=256944 248257 269998 879858 671852 643191 485847 454872 445806 585505 426094 313413 310648 336122
threshold=0.10409895330667497 -22.100000381469723 12051.915527343752 -170.92499542236325 12033.481933593752 12052.330078125002 0.051445638760924346 0.79537701606750499 -54.364999771118157 12692.234863281252 -266.08000183105463 11025.005371093752 0.043464088812470443 12035.257324218752
decision_type=2 2 2 2 2 2 2 2 2 2 2 2 2 2
left_child=-1 -2 4 -4 7 6 8 10 -5 -10 11 -3 13 -6
right_child=1 2 3 5 12 -7 -8 -9 9 -11 -12 -13 -14 -15
leaf_value=0.060429754351907561 0.020843273328153885 -0.42758055531358496 0.1163934701518671 0.24627714969028358 -0.13912014485330396 0.00036132707174144866 0.27333192140412715 0.066314181697071511 0.11142022287176209 -0.15954706408432967 -0.0048627589744357734 -0.093427266172889448 -0.17201043965186691 0.0020966994246035225
leaf_weight=27876 202126 1412 29005 3825 10746 660410 5449 36003 7840 5363 2001471 5381 11917 18064
leaf_count=27876 202126 1412 29005 3825 10746 660410 5449 36003 7840 5363 2001471 5381 11917 18064
internal_value=6.13279e-07 -0.000561272 -0.00210822 0.00852623 -0.00573923 0.003943 0.10913 -0.00413655 0.0564547 0.00131555 -0.00539988 -0.163414 -0.0861637 -0.0506058
internal_weight=3.02689e+06 2.99901e+06 2.79689e+06 711892 2.08499e+06 682887 22477 2.04427e+06 17028 13203 2.00826e+06 6793 40727 28810
internal_count=3026888 2999012 2796886 711892 2084994 682887 22477 2044267 17028 13203 2008264 6793 40727 28810
is_linear=0
shrinkage=0.02


Tree=223
num_leaves=15
num_cat=0
split_feature=0 5 0 25 25 20 0 25 20 20 24 0 0 25
split_gain=256236 266930 326272 319321 240635 240131 423554 457799 368516 873669 566255 618953 481499 369900
threshold=8282.5000000000018 0.077500000596046462 4980.5000000000009 0.04912852309644223 0.18237472325563434 12866.601562500002 1836.5000000000002 0.052227659150958068 12798.628417968752 12778.974609375002 12753.083007812502 3169.5000000000005 2984.5000000000005 0.076041750609874739
decision_type=2 2 2 2 2 2 2 2 2 2 2 2 2 2
left_child=1 5 -3 -4 -2 8 -7 -8 9 -1 11 -10 -11 -12
right_child=4 2 3 -5 -6 6 7 -9 10 12 13 -13 -14 -15
leaf_value=-0.0010931070190070302 -0.055738974409398498 0.023349641605160114 -0.072554529787384997 0.22540822130044094 -0.31247318718168471 -0.15428927005367496 0.30812909684507861 0.031742657054607049 -0.059580112317502286 0.062353308652442645 0.0094360926621808588 -0.35418346549756047 0.2643167010412199 -0.37792102420052814
leaf_weight=2880635 8972 58032 1854 6348 1736 2331 4049 5862 7132 15146 22162 4750 6857 1022
leaf_count=2880635 8972 58032 1854 6348 1736 2331 4049 5862 7132 15146 22162 4750 6857 1022
internal_value=5.94712e-07 0.00034748 0.0400514 0.158047 -0.0976158 -0.000544102 0.087814 0.144855 -0.000912613 -0.00013392 -0.065351 -0.177553 0.125385 -0.00779415
internal_weight=3.02689e+06 3.01618e+06 66234 8202 10708 2.94995e+06 12242 9911 2.9377e+06 2.90264e+06 35066 11882 22003 23184
internal_count=3026888 3016180 66234 8202 10708 2949946 12242 9911 2937704 2902638 35066 11882 22003 23184
is_linear=0
shrinkage=0.02


Tree=224
num_leaves=15
num_cat=0
split_feature=7 23 4 20 19 7 7 4 20 21 4 24 19 7
split_gain=274715 523811 808483 806996 678434 644369 579430 505475 574464 442076 677549 420692 415527 409238
threshold=12769.967773437502 12740.406250000002 -166.21500396728513 12810.557617187502 12084.352539062502 12697.041503906252 12732.325683593752 42.43499946594239 12810.557617187502 12805.715820312502 -80.634998321533189 12775.552246093752 12378.698730468752 12539.508789062502
decision_type=2 2 2 2 2 2 2 2 2 2 2 2 2 2
left_child=1 3 -3 9 6 -5 -4 8 12 13 -11 -9 -6 -1
right_child=-2 2 4 5 7 -7 -8 11 -10 10 -12 -13 -14 -15
leaf_value=0.0017902993322676955 -0.038254628680554202 0.68656841886216313 -0.24242712352893919 0.011237984424948005 0.41226614494555391 -0.38076450193366518 0.48520113242896629 0.050284980310803355 -0.27818065318752178 0.55819559414515041 0.028354950687682137 0.25112544570059003 -0.008227223959736088 -0.033091037154745491
leaf_weight=2753803 73259 818 530 2888 978 3989 2368 13995 3137 1421 2971 5938 19353 141440
leaf_count=2753803 73259 818 530 2888 978 3989 2368 13995 3137 1421 2971 5938 19353 141440
internal_value=5.51956e-07 0.00094953 0.0670934 -0.000122938 0.0560024 -0.216363 0.351746 0.0361778 -0.0267237 0.00039065 0.200664 0.110212 0.0121919 8.61418e-05
internal_weight=3.02689e+06 2.95363e+06 47117 2.90651e+06 46299 6877 2898 43401 23468 2.89964e+06 4392 19933 20331 2.89524e+06
internal_count=3026888 2953629 47117 2906512 46299 6877 2898 43401 23468 2899635 4392 19933 20331 2895243
is_linear=0
shrinkage=0.02


Tree=225
num_leaves=15
num_cat=0
split_feature=8 4 4 17 8 19 19 24 4 13 17 17 19 4
split_gain=263898 371825 352100 310266 295867 279868 274448 878718 254831 251044 780445 743733 362913 318733
threshold=-0.99208334088325489 1.2749999761581423 -209.98500061035153 0.12549445778131488 -0.99937877058982838 12123.340332031252 12028.644042968752 12040.088378906252 -26.644999504089352 7.7000000476837167 0.57468226552009594 0.629357010126114 12520.071289062502 -51.395000457763665
decision_type=2 2 2 2 2 2 2 2 2 2 2 2 2 2
left_child=1 2 -1 -2 -4 -3 -6 8 -8 11 -11 -5 -13 -12
right_child=3 5 4 9 6 -7 7 -9 -10 10 13 12 -14 -15
leaf_value=0.20082305821002497 0.058536409530484015 -0.41149879099709324 0.0060205471220639555 0.0017619892563652379 -0.021455401797160833 -0.057656776866989709 -0.37787662216875256 -0.046525217544826421 0.0088506279622240381 -0.0017376047588576542 -0.12673366262622193 0.070057758755325661 -0.022290650358914702 -0.041129204117999189
leaf_weight=2884 37764 1673 88383 1752779 76571 1916 4673 30514 797 823960 23921 96597 20657 63799
leaf_count=2884 37764 1673 88383 1752779 76571 1916 4673 30514 797 823960 23921 96597 20657 63799
internal_value=6.40588e-07 -0.0217718 -0.0182125 0.00160238 -0.0213662 -0.22329 -0.0428702 -0.08842 -0.321612 0.000829239 -0.00777573 0.00502437 0.0537878 -0.0644853
internal_weight=3.02689e+06 207411 203822 2.81948e+06 200938 3589 112555 35984 5470 2.78171e+06 911680 1.87003e+06 117254 87720
internal_count=3026888 207411 203822 2819477 200938 3589 112555 35984 5470 2781713 911680 1870033 117254 87720
is_linear=0
shrinkage=0.02


Tree=226
num_leaves=15
num_cat=0
split_feature=7 23 4 20 19 7 7 9 0 22 7 4 22 0
split_gain=263313 503929 777310 775074 650845 619160 556965 548735 407179 378312 636135 356565 458232 412139
threshold=12769.967773437502 12740.406250000002 -166.21500396728513 12810.557617187502 12084.352539062502 12697.041503906252 12732.325683593752 0.70960983633995067 1797.5000000000002 12759.421386718752 12829.757324218752 252.49500274658206 12793.580566406252 2470.5000000000005
decision_type=2 2 2 2 2 2 2 2 2 2 2 2 2 2
left_child=1 3 -3 -1 6 -5 -4 8 -6 10 -2 13 -13 -11
right_child=9 2 4 5 7 -7 -8 -9 -10 11 -12 12 -14 -15
leaf_value=0.00038106276632662883 -0.067814317719759085 0.67322086868654707 -0.23793821299517595 0.011061730685973574 -0.0040862367089725552 -0.37319585380687748 0.47544152563787168 -0.16871860481598655 0.12561641385227659 -0.037510639753046242 -0.42303108738917927 0.17430428475096166 -0.46912249668618666 0.089301878686486424
leaf_weight=2899635 25181 818 530 2888 19514 3989 2368 4684 19203 27584 2183 647 1363 16301
leaf_count=2899635 25181 818 530 2888 19514 3989 2368 4684 19203 27584 2183 647 1363 16301
internal_value=5.76954e-07 0.000929652 0.0658061 -0.000122265 0.0549309 -0.212042 0.344599 0.0355137 0.0602595 -0.0374523 -0.0962971 -0.0023534 -0.262162 0.00960279
internal_weight=3.02689e+06 2.95363e+06 47117 2.90651e+06 46299 6877 2898 43401 38717 73259 27364 45895 2010 43885
internal_count=3026888 2953629 47117 2906512 46299 6877 2898 43401 38717 73259 27364 45895 2010 43885
is_linear=0
shrinkage=0.02


Tree=227
num_leaves=15
num_cat=0
split_feature=7 19 7 0 20 7 19 7 19 7 7 9 8 9
split_gain=259713 258472 1.57639e+06 602973 427859 1.48674e+06 1.318e+06 1.28148e+06 1.05084e+06 919962 1.43668e+06 997208 827889 823643
threshold=10056.743164062502 10656.072753906252 10682.054199218752 2013.5000000000002 10805.685546875002 10860.912597656252 10852.455078125002 10841.455566406252 10923.156250000002 10796.002441406252 10821.276367187502 0.64560928940773021 -0.97202271223068226 0.58831891417503368
decision_type=2 2 2 2 2 2 2 2 2 2 2 2 2 2
left_child=-1 -2 3 -3 9 6 -6 12 13 -4 11 -11 -8 -7
right_child=1 2 4 -5 5 8 7 -9 -10 10 -12 -13 -14 -15
leaf_value=0.090207331279759398 -0.046546126353931606 -0.10800279240222921 -0.0017932889773289856 0.19128471547523382 0.042551837556333391 -0.081294528733215562 -0.014951147613997129 0.15501064579318072 0.0013533122298099148 -0.13677462580078606 0.061638807731742774 -0.43708374774635572 0.73692218503036078 0.020603466203345872
leaf_weight=12703 47731 3047 92789 22770 53692 111054 738 13462 2582292 21468 12338 5567 2822 44415
leaf_count=12703 47731 3047 92789 22770 53692 111054 738 13462 2582292 21468 12338 5567 2822 44415
internal_value=5.49824e-07 -0.00037991 0.000363064 0.155933 -0.00100326 0.00065171 0.0911886 0.244486 -0.0016871 -0.0361694 -0.117161 -0.198753 0.581445 -0.0521843
internal_weight=3.02689e+06 3.01418e+06 2.96645e+06 25817 2.94064e+06 2.80848e+06 70714 17022 2.73776e+06 132162 39373 27035 3560 155469
internal_count=3026888 3014185 2966454 25817 2940637 2808475 70714 17022 2737761 132162 39373 27035 3560 155469
is_linear=0
shrinkage=0.02


Tree=228
num_leaves=15
num_cat=0
split_feature=7 19 6 7 19 22 23 7 8 7 19 22 7 7
split_gain=255104 1.63994e+06 1.01781e+06 717960 3.5657e+06 3.05473e+06 1.01417e+06 2.12752e+06 967356 884764 4.70452e+06 1.79237e+06 1.67655e+06 783406
threshold=11200.344726562502 11204.702636718752 100.45679473876955 11366.788574218752 11392.705566406252 11380.231445312502 11354.811035156252 11336.017089843752 0.91027960181236278 11436.903808593752 11451.205566406252 11428.506347656252 11401.509277343752 11456.274414062502
decision_type=2 2 2 2 2 2 2 2 2 2 2 2 2 2
left_child=-1 2 -2 4 6 -5 -3 -8 -6 10 -7 -11 -12 -13
right_child=1 3 -4 5 8 9 7 -9 -10 11 12 13 -14 -15
leaf_value=0.0072494012058755561 -0.044362347566967796 -0.0010901517258579672 -0.1826908119434108 -0.14905746735160399 -0.0011694977894130992 0.012225057714957013 0.8754461193696047 0.082333283434065874 0.54042784670159261 -0.30678807013439163 0.74104674464355025 -0.089021370708478959 0.2552361018393251 9.1196762121569018e-05
leaf_weight=1182985 94350 192077 27466 56485 1635 144283 1394 37309 6816 7796 4085 40770 9347 1220090
leaf_count=1182985 94350 192077 27466 56485 1635 144283 1394 37309 6816 7796 4085 40770 9347 1220090
internal_value=5.70092e-07 -0.00465003 -0.075564 0.000366637 0.0325168 -0.00482036 0.0177318 0.111119 0.435766 0.00089249 0.0455658 -0.00466144 0.403426 -0.00279093
internal_weight=3.02689e+06 1.8439e+06 121816 1.72209e+06 239231 1.48286e+06 230780 38703 8451 1.42637e+06 157715 1.26866e+06 13432 1.26086e+06
internal_count=3026888 1843903 121816 1722087 239231 1482856 230780 38703 8451 1426371 157715 1268656 13432 1260860
is_linear=0
shrinkage=0.02


Tree=229
num_leaves=15
num_cat=0
split_feature=7 23 4 19 7 4 8 21 7 22 7 7 4 21
split_gain=253177 483723 746904 625771 535392 472888 702036 499332 452674 1.0875e+06 1.53964e+06 1.40941e+06 2.01831e+06 1.12854e+06
threshold=12769.967773437502 12740.406250000002 -166.21500396728513 12084.352539062502 12732.325683593752 42.43499946594239 0.8150879740715028 12795.010742187502 12539.508789062502 12223.207519531252 12221.506347656252 12242.067382812502 153.03499603271487 12307.068847656252
decision_type=2 2 2 2 2 2 2 2 2 2 2 2 2 2
left_child=1 8 -3 4 -4 7 -7 -5 9 11 -11 13 -13 -1
right_child=-2 2 3 5 -6 6 -8 -9 -10 10 -12 12 -14 -15
leaf_value=-0.0013465765158435026 -0.036724285669606456 0.65989051828061907 -0.2332959286018654 0.021809585494536061 0.46613111120101947 0.29304463449845464 0.030921189855238396 -0.20371840754856796 -0.033635220806027918 0.15769257173454573 0.019508049013044169 -0.13956029158197797 -1.0525907970043498 0.49187445045352063
leaf_weight=2527662 73259 818 530 18493 2368 5730 14203 4975 152709 39533 174949 8732 1080 1847
leaf_count=2527662 73259 818 530 18493 2368 5730 14203 4975 152709 39533 174949 8732 1080 1847
internal_value=6.73661e-07 0.000911693 0.0644742 0.0538138 0.337847 0.0347743 0.106382 -0.0260658 -0.00011892 0.0017398 0.0449843 -0.00191297 -0.241028 -0.000984485
internal_weight=3.02689e+06 2.95363e+06 47117 46299 2898 43401 19933 23468 2.90651e+06 2.7538e+06 214482 2.53932e+06 9812 2.52951e+06
internal_count=3026888 2953629 47117 46299 2898 43401 19933 23468 2906512 2753803 214482 2539321 9812 2529509
is_linear=0
shrinkage=0.02


Tree=230
num_leaves=15
num_cat=0
split_feature=8 7 19 0 4 7 8 17 4 20 7 20 7 7
split_gain=254579 782740 793584 458664 480446 358981 356187 295335 290788 330446 278875 422306 2.54899e+06 980672
threshold=-0.99208334088325489 11362.400878906252 11353.215820312502 1993.5000000000002 -2.8249999284744258 11392.527832031252 -0.99861535429954518 0.1540879309177399 -194.42499542236325 11359.039550781252 12769.967773437502 12097.172851562502 12037.588867187502 12205.328613281252
decision_type=2 2 2 2 2 2 2 2 2 2 2 2 2 2
left_child=1 8 5 -4 6 -3 -5 -2 -1 -10 11 -9 -13 -14
right_child=7 2 3 4 -6 -7 -8 10 9 -11 -12 12 13 -15
leaf_value=0.22440375568384008 0.04538725110909194 -0.099633662335801884 -9.945596215639861e-05 -0.028851209586199262 -0.39667621237350431 -0.49583475552272499 -0.11703864168274374 -0.0025115746802666932 0.016408230701864916 0.19818362417571286 -0.038866776237983687 0.74772811677052275 0.05686450420316156 -0.001620550724599133
leaf_weight=3343 60216 1576 70409 47574 1754 2191 29793 2110078 46403 4368 69733 1892 157778 419780
leaf_count=3343 60216 1576 70409 47574 1754 2191 29793 2110078 46403 4368 69733 1892 157778 419780
internal_value=6.89253e-07 -0.0213839 -0.0444673 -0.0372326 -0.0702725 -0.330784 -0.062822 0.00157389 0.0440039 0.0320833 0.000617574 0.00164146 0.0167646 0.0143571
internal_weight=3.02689e+06 207411 153297 149530 79121 3767 77367 2.81948e+06 54114 50771 2.75926e+06 2.68953e+06 579450 577558
internal_count=3026888 207411 153297 149530 79121 3767 77367 2819477 54114 50771 2759261 2689528 579450 577558
is_linear=0
shrinkage=0.02


Tree=231
num_leaves=15
num_cat=0
split_feature=0 7 24 7 24 24 8 8 7 0 19 0 0 7
split_gain=249531 288395 1.08853e+06 1.0951e+06 1.32392e+06 1.0889e+06 1.03573e+06 1.42779e+06 1.79072e+06 1.00419e+06 1.00136e+06 1.35832e+06 867543 903290
threshold=8282.5000000000018 10776.645996093752 10799.239257812502 10882.475585937502 10888.702636718752 10900.789062500002 -0.9113083779811858 0.92882040143013012 10975.490722656252 3689.5000000000005 10738.432617187502 3046.5000000000005 4489.5000000000009 10977.595703125002
decision_type=2 2 2 2 2 2 2 2 2 2 2 2 2 2
left_child=1 10 12 5 6 -4 -5 8 -8 -10 -1 -12 -3 -14
right_child=-2 2 3 4 -6 -7 7 -9 9 -11 11 -13 13 -15
leaf_value=0.0018140359960883343 -0.09633015476899473 -0.11079605925248348 0.053767545950609369 -0.27371398130164293 0.00022780548165067315 0.46487085508326359 0.082670779137374903 -0.30057547918182864 0.049545176857873699 -0.46142506105893888 0.022901247139604067 0.30785389009542191 0.22695988297491551 -0.61531628412557826
leaf_weight=113797 10708 53714 102394 11104 2659422 2634 24886 7621 2355 4417 16969 11040 5273 554
leaf_count=113797 10708 53714 102394 11104 2659422 2634 24886 7621 2355 4417 16969 11040 5273 554
internal_value=6.8205e-07 0.000342999 -0.00103067 0.000759493 -0.00169653 0.0641211 -0.103251 -0.0550041 0.00418774 -0.283918 0.0281852 0.135288 -0.0856479 0.14596
internal_weight=3.02689e+06 3.01618e+06 2.87437e+06 2.81483e+06 2.7098e+06 105028 50383 39279 31658 6772 141806 28009 59541 5827
internal_count=3026888 3016180 2874374 2814833 2709805 105028 50383 39279 31658 6772 141806 28009 59541 5827
is_linear=0
shrinkage=0.02


Tree=232
num_leaves=15
num_cat=0
split_feature=9 8 25 22 25 19 20 5 9 19 1 9 24 25
split_gain=253398 819802 430489 417322 426861 302282 273373 259086 288872 440812 328614 240335 312979 252645
threshold=-0.732965588569641 -0.61393934488296498 0.036626953631639488 10836.035644531252 0.062810834497213378 13177.327148437502 10880.427246093752 0.092500001192092909 -0.67629325389862049 10804.651367187502 98.874446868896499 0.93001860380172741 11529.431640625002 0.05662201717495919
decision_type=2 2 2 2 2 2 2 2 2 2 2 2 2 2
left_child=1 2 -1 -3 5 6 -5 11 9 -9 -10 13 -13 -2
right_child=7 3 -4 4 -6 -7 -8 8 10 -11 -12 12 -14 -15
leaf_value=0.5117698854498679 0.0017273909893429759 -0.077697972418599492 0.065539629044614273 0.23991208523899388 0.20128232129983537 0.42588030684026429 0.0063746553945907792 -0.34299818128522364 0.083861550027636012 0.28131474234520487 -0.12961477820348857 -0.41648801458503976 -0.0585437854344052 -0.013425384573514965
leaf_weight=2143 2396322 13187 1451 2105 6396 732 38548 501 11326 4021 3859 1159 5984 539154
leaf_count=2143 2396322 13187 1451 2105 6396 732 38548 501 11326 4021 3859 1159 5984 539154
internal_value=6.25891e-07 0.0391953 0.332301 0.021865 0.0493542 0.0258304 0.0185237 -0.00085372 0.0714035 0.211537 0.0295594 -0.00133788 -0.117127 -0.00105572
internal_weight=3.02689e+06 64562 3594 60968 47781 41385 40653 2.96233e+06 19707 4522 15185 2.94262e+06 7143 2.93548e+06
internal_count=3026888 64562 3594 60968 47781 41385 40653 2962326 19707 4522 15185 2942619 7143 2935476
is_linear=0
shrinkage=0.02


Tree=233
num_leaves=15
num_cat=0
split_feature=8 4 4 8 22 21 22 4 16 21 22 23 22 4
split_gain=244351 343573 326825 305747 255210 247306 642939 330298 242107 295870 1.18573e+06 734866 856554 541296
threshold=-0.99391409754753102 1.2749999761581423 -209.98500061035153 -0.99937877058982838 12126.732421875002 12029.247558593752 12044.861328125002 -63.81500053405761 -22.100000381469723 11404.867675781252 11394.559570312502 11410.041015625002 11398.917968750002 -103.80500030517577
decision_type=2 2 2 2 2 2 2 2 2 2 2 2 2 2
left_child=1 2 -1 -4 -3 -5 7 -7 -2 11 -11 -10 -13 -12
right_child=8 4 3 5 -6 6 -8 -9 9 10 13 12 -14 -15
leaf_value=0.19296202877271043 0.023088924273905152 -0.3952396685509455 0.0059741482350429654 -0.023062624328599797 -0.057291652166683901 -0.41820670915042796 -0.048461736218479767 -0.11959144215912773 -0.0050182174736168629 0.3711424945496431 0.041995102036672852 -0.53740501460371559 -0.07187760383969298 0.0010989339630825036
leaf_weight=2884 193491 1670 88383 67869 1919 3146 27248 2814 1458898 3564 148297 2148 5928 1018629
leaf_count=2884 193491 1670 88383 67869 1919 3146 27248 2814 1458898 3564 148297 2148 5928 1018629
internal_value=6.65109e-07 -0.0215986 -0.0179749 -0.0211959 -0.215209 -0.0449522 -0.0896682 -0.277656 0.00149565 -8.85616e-05 0.00741058 -0.00607211 -0.196209 0.00629649
internal_weight=3.02689e+06 195933 192344 189460 3589 101077 33208 5960 2.83096e+06 2.63746e+06 1.17049e+06 1.46697e+06 8076 1.16693e+06
internal_count=3026888 195933 192344 189460 3589 101077 33208 5960 2830955 2637464 1170490 1466974 8076 1166926
is_linear=0
shrinkage=0.02


Tree=234
num_leaves=15
num_cat=0
split_feature=7 24 7 23 7 7 20 7 20 24 7 7 20 6
split_gain=252569 1.42078e+06 683651 642597 3.21729e+06 2.17716e+06 2.80245e+06 1.278e+06 945244 874446 1.60842e+06 1.09338e+06 4.58225e+06 716275
threshold=11200.344726562502 11186.624023437502 11230.761718750002 11354.811035156252 11336.017089843752 11366.788574218752 11409.203125000002 11366.788574218752 11379.830566406252 11386.802246093752 11416.888183593752 11404.730957031252 11450.060546875002 117.92257690429689
decision_type=2 2 2 2 2 2 2 2 2 2 2 2 2 2
left_child=-1 2 -2 7 -5 6 -6 13 -9 10 -7 12 -11 -3
right_child=1 3 -4 4 5 9 -8 8 -10 11 -12 -13 -14 -15
leaf_value=0.0072133107883412895 -0.08649630961825848 -0.004997270052094791 -0.39759571840265784 0.87508981148136489 0.087251244909440279 -0.057777487880944327 0.61549865255882563 -0.22404417169843122 0.017421018641249925 0.037135296107622305 -0.57349408234723831 -0.002325195308777965 0.72595677375104883 -0.1362613787390512
leaf_weight=1182985 54244 234590 2972 1683 41027 46182 4444 21406 9299 54993 2543 1348488 4145 17887
leaf_count=1182985 54244 234590 2972 1683 41027 46182 4444 21406 9299 54993 2543 1348488 4145 17887
internal_value=5.8256e-07 -0.00462686 -0.102723 -0.00148491 0.00372055 0.00273823 0.139003 -0.0291216 -0.150934 -0.00151721 -0.0848057 0.00136639 0.0855299 -0.0143019
internal_weight=3.02689e+06 1.8439e+06 57216 1.78669e+06 1.5035e+06 1.50182e+06 45471 283182 30705 1.45635e+06 48725 1.40763e+06 59138 252477
internal_count=3026888 1843903 57216 1786687 1503505 1501822 45471 283182 30705 1456351 48725 1407626 59138 252477
is_linear=0
shrinkage=0.02


Tree=235
num_leaves=15
num_cat=0
split_feature=7 24 7 7 20 21 7 20 21 7 7 5 25 7
split_gain=248548 273515 1.49598e+06 591561 439780 396576 1.36933e+06 1.10682e+06 976808 859132 1.35532e+06 913391 907512 795198
threshold=10056.743164062502 10652.731933593752 10682.054199218752 10639.908691406252 10697.369140625002 10805.424316406252 10860.912597656252 10845.255859375002 10873.928710937502 10796.002441406252 10821.276367187502 -0.012499999720603226 0.065384693443775191 10980.230468750002
decision_type=2 2 2 2 2 2 2 2 2 2 2 2 2 2
left_child=-1 -2 3 -3 -5 9 7 -7 13 -4 11 12 -11 -8
right_child=1 2 5 4 -6 6 8 -9 -10 10 -12 -13 -14 -15
leaf_value=0.088247012721187915 -0.047903193482684063 0.36402591634913856 -0.001380819900199828 -0.0038148919306585098 0.18166336198716976 0.023586493508941479 -0.063652622657104224 0.18533265917857952 9.4059800052896683e-05 -0.57434593637526465 0.058954741201608235 -0.12899616290102428 -0.059696581405426448 -0.35095868016978032
leaf_weight=12703 47650 4365 91741 8429 12987 42848 49605 27963 2685027 4170 12506 20682 2043 4169
leaf_count=12703 47650 4365 91741 8429 12987 42848 49605 27963 2685027 4170 12506 20682 2043 4169
internal_value=6.28959e-07 -0.000371562 0.000392067 0.152049 0.108693 -0.000937985 0.000648825 0.0874769 -0.0015964 -0.0349317 -0.113031 -0.192996 -0.405487 -0.0859884
internal_weight=3.02689e+06 3.01418e+06 2.96654e+06 25781 21416 2.94075e+06 2.80961e+06 70811 2.7388e+06 131142 39401 26895 6213 53774
internal_count=3026888 3014185 2966535 25781 21416 2940754 2809612 70811 2738801 131142 39401 26895 6213 53774
is_linear=0
shrinkage=0.02


Tree=236
num_leaves=15
num_cat=0
split_feature=7 20 7 19 7 20 0 21 7 20 7 24 24 22
split_gain=243259 589362 478903 1.05132e+06 571122 422378 457988 388300 1.31818e+06 1.23751e+06 919906 835493 809703 1.05855e+06
threshold=10076.930175781252 10098.760742187502 10682.054199218752 10656.072753906252 10639.908691406252 10697.369140625002 6934.5000000000009 10805.424316406252 10871.677246093752 10886.642578125002 10909.141113281252 10905.901367187502 10940.312500000002 10949.891113281252
decision_type=2 2 2 2 2 2 2 2 2 2 2 2 2 2
left_child=-1 -2 3 -3 -5 -6 -7 -4 11 -10 -11 -9 13 -12
right_child=1 2 7 4 5 6 -8 8 9 10 12 -13 -14 -15
leaf_value=0.062919667706130875 -0.13446330378169827 -0.039644772368265885 -0.034417413914139633 0.35655216454432626 -0.0037386844367970152 0.2566806849666522 -0.0011784480479988821 0.071483088409276405 -0.089827759284412376 0.13809858369907821 -0.047399627450599578 0.5996723706157584 0.0016484280837252899 -0.72137657044035319
leaf_weight=24371 13071 21665 132352 4401 8429 9023 3964 81589 62341 19231 112388 1206 2531927 930
leaf_count=24371 13071 21665 132352 4401 8429 9023 3964 81589 62341 19231 112388 1206 2531927 930
internal_value=5.94402e-07 -0.000510312 7.58229e-05 0.0630795 0.149266 0.106521 0.178033 -0.000941234 0.000635834 -0.00175138 0.000309678 0.0792485 -0.000692561 -0.0529943
internal_weight=3.02689e+06 3.00252e+06 2.98945e+06 47482 25817 21416 12987 2.94196e+06 2.80961e+06 2.72682e+06 2.66448e+06 82795 2.64524e+06 113318
internal_count=3026888 3002517 2989446 47482 25817 21416 12987 2941964 2809612 2726817 2664476 82795 2645245 113318
is_linear=0
shrinkage=0.02


Tree=237
num_leaves=15
num_cat=0
split_feature=9 21 7 7 6 23 5 23 5 7 21 23 7 21
split_gain=248213 400638 1.06336e+06 851807 804583 740331 694747 654988 606118 846472 983172 1.13376e+06 440935 497551
threshold=-0.66327509284019459 10963.002441406252 10942.711914062502 10942.711914062502 107.52161026000978 10963.401855468752 0.072500001639127745 10817.210937500002 0.052500000223517425 11012.443359375002 11008.740722656252 11012.068359375002 10940.223632812502 10912.338378906252
decision_type=2 2 2 2 2 2 2 2 2 2 2 2 2 2
left_child=1 2 4 6 12 7 -3 -4 -5 10 11 -10 -1 -14
right_child=-2 3 5 8 -6 -7 -8 -9 9 -11 -12 -13 13 -15
leaf_value=-0.005322814222213328 -0.0022446472388231303 0.15298403362209906 -0.42927962612085746 0.0051802799618349306 0.19597977441688791 -0.5799684542724074 0.72260379581817435 -0.066902243302517497 0.16658595705212062 0.032368255539170929 0.5259482443571476 -0.80096545091259619 0.45514551330177877 -0.088504953210983076
leaf_weight=93578 2623663 10017 2117 195428 9390 1266 928 32336 11447 40301 3085 496 1750 1086
leaf_count=93578 2623663 10017 2117 195428 9390 1266 928 32336 11447 40301 3085 496 1750 1086
internal_value=6.09656e-07 0.0146096 -0.0124993 0.0292695 0.0193556 -0.106837 0.201898 -0.0892876 0.0217268 0.0801589 0.208212 0.125765 0.00213498 0.247377
internal_weight=3.02689e+06 403225 141523 261702 105804 35719 10945 34453 250757 55329 15028 11943 96414 2836
internal_count=3026888 403225 141523 261702 105804 35719 10945 34453 250757 55329 15028 11943 96414 2836
is_linear=0
shrinkage=0.02


Tree=238
num_leaves=15
num_cat=0
split_feature=7 19 7 21 0 1 20 7 8 7 0 23 21 0
split_gain=243231 1.52047e+06 680436 853576 752958 674759 620413 1.83021e+06 1.00621e+06 1.35684e+06 843503 1.15854e+06 577923 570314
threshold=11200.344726562502 11199.882812500002 11210.092773437502 11156.747070312502 2984.5000000000005 84.173496246337905 11010.965820312502 11017.754882812502 -0.86513796448707569 11006.196289062502 5734.5000000000009 10983.804199218752 11291.677734375002 5023.5000000000009
decision_type=2 2 2 2 2 2 2 2 2 2 2 2 2 2
left_child=6 2 3 4 -2 -4 7 -1 9 -8 11 13 -10 -9
right_child=1 -3 5 -5 -6 -7 8 10 12 -11 -12 -13 -14 -15
leaf_value=0.0013472670892608995 0.11795000549893607 -0.00012002314412008494 -0.057069430236163496 -0.0016484278972622216 -0.31980849374222309 -0.21194315973976399 0.60511982309874768 -0.51786893203112316 0.022513875528590684 0.1004803577579132 0.1309434074359026 -0.12010068634766115 -0.12566950587512118 -0.032108130349971467
leaf_weight=671540 2052 1740784 21699 49339 6642 23387 2522 5551 458827 13506 3246 15856 10765 1172
leaf_count=671540 2052 1740784 21699 49339 6642 23387 2522 5551 458827 13506 3246 15856 10765 1172
internal_value=6.16212e-07 -0.00454048 -0.0791562 -0.0338629 -0.216468 -0.137435 0.00707876 -0.00500768 0.024435 0.180214 -0.170196 -0.213528 0.0191143 -0.433364
internal_weight=3.02689e+06 1.8439e+06 103119 58033 8694 45086 1.18298e+06 697365 485620 16028 25825 22579 469592 6723
internal_count=3026888 1843903 103119 58033 8694 45086 1182985 697365 485620 16028 25825 22579 469592 6723
is_linear=0
shrinkage=0.02


Tree=239
num_leaves=15
num_cat=0
split_feature=9 8 6 0 4 7 22 4 7 24 7 21 8 24
split_gain=240342 786615 675620 432253 319229 268938 827669 1.15642e+06 1.03375e+06 809898 1.05023e+06 1.42642e+06 1.21995e+06 1.15062e+06
threshold=-0.732965588569641 -0.61393934488296498 102.27817535400392 1602.5000000000002 37.164999008178718 10776.645996093752 10725.689941406252 -100.62499999999999 10704.045898437502 10799.239257812502 10882.475585937502 10881.308593750002 -0.92106926441192616 10900.789062500002
decision_type=2 2 2 2 2 2 2 2 2 2 2 2 2 2
left_child=1 3 -3 -1 -4 6 8 -8 -2 -7 13 12 -12 -11
right_child=5 2 4 -5 -6 9 7 -9 -10 10 11 -13 -14 -15
leaf_value=-0.019128508739077205 0.022971599893089233 -0.018597745089325188 -0.074748338623258595 0.46450000245050094 0.17088263455682448 -0.079849463393648831 0.57512060045971658 0.087392706550288343 -0.17249794812193628 0.052081447579075339 -0.32052689541166496 -0.0012067598762039225 -0.061693657085294847 0.48655784216464781
leaf_weight=1037 104157 44923 2502 2557 13543 52702 2099 25041 12067 97357 9227 2622700 34485 2491
leaf_count=1037 104157 44923 2502 2557 13543 52702 2099 25041 12067 97357 9227 2622700 34485 2491
internal_value=5.76395e-07 0.0381722 0.0211964 0.325284 0.132556 -0.000831469 0.0258893 0.125312 0.00266363 -0.0021905 -0.000710674 -0.00309548 -0.116391 0.0629686
internal_weight=3.02689e+06 64562 60968 3594 16045 2.96233e+06 143364 27140 116224 2.81896e+06 2.76626e+06 2.66641e+06 43712 99848
internal_count=3026888 64562 60968 3594 16045 2962326 143364 27140 116224 2818962 2766260 2666412 43712 99848
is_linear=0
shrinkage=0.02


Tree=240
num_leaves=15
num_cat=0
split_feature=9 24 7 23 20 4 7 24 7 20 7 24 0 9
split_gain=236964 300215 238686 460436 739493 715992 593858 386346 594488 321578 3.0578e+06 1.42751e+06 881189 822713
threshold=0.93001860380172741 11529.431640625002 12769.967773437502 12740.406250000002 12810.557617187502 -166.21500396728513 12697.041503906252 12758.953613281252 12829.757324218752 12184.038085937502 12202.615234375002 12214.382812500002 5409.5000000000009 -0.63597059249877919
decision_type=2 2 2 2 2 2 2 2 2 2 2 2 2 2
left_child=2 -2 3 4 9 -5 -6 8 -4 -1 12 -12 -11 -13
right_child=1 -3 7 5 6 -7 -8 -9 -10 10 11 13 -14 -15
leaf_value=-0.0022342591191137433 -0.40817118644714356 -0.057600772061210732 -0.068643383424954005 0.6461371545284843 0.011648792482172111 0.052734670817911916 -0.36467283978644655 -0.0018459571662733619 -0.41358477803087695 0.11823160515225495 -0.14527389728854587 0.13125877064421709 0.37319971888091358 -0.0021658300056468329
leaf_weight=2438122 1159 5984 23296 818 2888 46299 3989 47786 2177 60959 27156 19536 5945 340774
leaf_count=2438122 1159 5984 23296 818 2888 46299 3989 47786 2177 60959 27156 19536 5945 340774
internal_value=6.38034e-07 -0.114977 0.000272996 0.00115968 0.000151706 0.0631721 -0.206846 -0.0353844 -0.0982746 0.00064457 0.0160919 -0.00546874 0.14094 0.00507184
internal_weight=3.02689e+06 7143 3.01974e+06 2.94649e+06 2.89937e+06 47117 6877 73259 25473 2.89249e+06 454370 387466 66904 360310
internal_count=3026888 7143 3019745 2946486 2899369 47117 6877 73259 25473 2892492 454370 387466 66904 360310
is_linear=0
shrinkage=0.02


Tree=241
num_leaves=15
num_cat=0
split_feature=8 7 19 0 7 19 7 21 7 19 23 7 7 23
split_gain=235639 699489 753377 442280 339009 328303 806975 1.09742e+06 457180 350016 618784 333462 287059 1.25508e+06
threshold=-0.98828348517417897 11362.400878906252 11353.215820312502 2074.5000000000005 11392.527832031252 12226.357910156252 12026.895996093752 12052.975585937502 12019.044433593752 12116.395507812502 12152.221191406252 12059.363769531252 12533.847656250002 12544.720703125002
decision_type=2 2 2 2 2 2 2 2 2 2 2 2 2 2
left_child=1 -1 4 -4 -3 6 7 8 -5 11 -11 -8 13 -2
right_child=12 2 3 5 -6 -7 9 -9 -10 10 -12 -13 -14 -15
leaf_value=0.038303657580170063 0.0024506523878086851 -0.096674255259301525 -0.00067495591052715192 -0.043041586452052159 -0.48133919770476064 0.038699574998495308 -0.14834853613132895 0.32130222923489754 -0.30553327651725143 -0.026203331653126313 -0.33776906022070458 -0.36866722885097625 -0.017586941939135337 0.16337532800281465
leaf_weight=59861 2506489 1581 76160 38909 2191 10039 5464 3227 2839 9820 3435 5565 281781 19527
leaf_count=59861 2506489 1581 76160 38909 2191 10039 5464 3227 2839 9820 3435 5565 281781 19527
internal_value=6.16093e-07 -0.0199757 -0.0418864 -0.0350986 -0.320798 -0.0681556 -0.0836478 -0.0334677 -0.0609612 -0.176531 -0.10714 -0.259752 0.00155943 0.00369531
internal_weight=3.02689e+06 219091 159230 155458 3772 79298 69259 44975 41748 24284 13255 11029 2.8078e+06 2.52602e+06
internal_count=3026888 219091 159230 155458 3772 79298 69259 44975 41748 24284 13255 11029 2807797 2526016
is_linear=0
shrinkage=0.02


Tree=242
num_leaves=15
num_cat=0
split_feature=21 7 7 23 7 4 7 21 21 23 4 4 20 0
split_gain=238700 845420 565297 1.01245e+06 1.40213e+06 1.98549e+06 1.36908e+06 1.08427e+06 947323 862428 1.01092e+06 835565 819985 816959
threshold=12762.438964843752 12829.757324218752 12539.508789062502 12223.274902343752 12242.067382812502 150.77500152587893 12221.506347656252 12307.068847656252 12553.970703125002 12544.720703125002 -48.475000381469719 121.00500106811525 12798.628417968752 1562.5000000000002
decision_type=2 2 2 2 2 2 2 2 2 2 2 2 2 2
left_child=1 2 3 4 7 -6 13 -1 -4 -8 -11 -10 -13 -5
right_child=-2 -3 8 6 5 -7 9 -9 11 10 -12 12 -14 -15
leaf_value=-0.0012937721176456193 0.033371397458254903 -0.36409594237385651 -0.13879346558701303 -0.015950906402477868 -0.13744233369183811 -1.0274100290889472 0.0018548809674584286 0.4821565070124037 0.0082320301920925914 0.32280847564258741 0.04137456822920374 -0.079161428945583548 -0.48626332157388119 0.19941034453953904
leaf_weight=2527801 83367 2552 29239 9165 8591 1126 151099 1847 126322 7542 15770 29920 2110 30437
leaf_count=2527801 83367 2552 29239 9165 8591 1126 151099 1847 126322 7542 15770 29920 2110 30437
internal_value=5.19604e-07 -0.000944721 -0.000628356 0.00166043 -0.00186044 -0.241524 0.0434354 -0.000938873 -0.0342205 0.0193272 0.132526 -0.0149039 -0.106124 0.149578
internal_weight=3.02689e+06 2.94352e+06 2.94097e+06 2.75338e+06 2.53936e+06 9717 214013 2.52965e+06 187591 174411 23312 158352 32030 39602
internal_count=3026888 2943521 2940969 2753378 2539365 9717 214013 2529648 187591 174411 23312 158352 32030 39602
is_linear=0
shrinkage=0.02


Tree=243
num_leaves=15
num_cat=0
split_feature=9 21 7 7 6 23 7 6 23 5 7 21 23 8
split_gain=233070 376483 1.01741e+06 819072 774157 712162 676865 765419 625352 576562 811238 944044 1.08767e+06 715611
threshold=-0.66327509284019459 10963.002441406252 10942.711914062502 10942.711914062502 107.52161026000978 10963.401855468752 10940.223632812502 100.45679473876955 10817.210937500002 0.052500000223517425 11012.443359375002 11008.740722656252 11012.068359375002 1.0000000180025095e-35
decision_type=2 2 2 2 2 2 2 2 2 2 2 2 2 2
left_child=1 2 4 6 -1 8 -3 -8 -4 -5 11 12 -11 -12
right_child=-2 3 5 9 -6 -7 7 -9 -10 10 13 -13 -14 -15
leaf_value=0.0021448263986946691 -0.0021752533614768795 0.099605054601031057 -0.41939817181090894 0.0048334976875392729 0.19228912266197992 -0.56844139834397345 0.73168064690524359 0.094051559164475107 -0.065313758508932798 0.16251475041361352 0.4145302731858565 0.5146694907659668 -0.78516256939281126 0.012648842669361384
leaf_weight=96414 2623663 7894 2117 195428 9390 1266 1698 1353 32336 11447 1848 3085 496 38453
leaf_count=96414 2623663 7894 2117 195428 9390 1266 1698 1353 32336 11447 1848 3085 496 38453
internal_value=4.32224e-07 0.0141567 -0.0121223 0.0283678 0.0190367 -0.104399 0.197647 0.450154 -0.0871868 0.0209715 0.0779611 0.203321 0.122532 0.0311758
internal_weight=3.02689e+06 403225 141523 261702 105804 35719 10945 3051 34453 250757 55329 15028 11943 40301
internal_count=3026888 403225 141523 261702 105804 35719 10945 3051 34453 250757 55329 15028 11943 40301
is_linear=0
shrinkage=0.02


Tree=244
num_leaves=15
num_cat=0
split_feature=0 4 8 4 4 0 8 17 0 19 4 21 0 21
split_gain=233344 355874 235159 324439 303192 363816 314995 272852 269956 267419 253646 253395 239863 239581
threshold=8282.5000000000018 230.2600021362305 -0.98828348517417897 1.2749999761581423 -209.98500061035153 2683.5000000000005 -0.99937877058982838 0.12549445778131488 4649.5000000000009 12261.292968750002 -79.295001983642564 12455.103515625002 1954.5000000000002 11368.980468750002
decision_type=2 2 2 2 2 2 2 2 2 2 2 2 2 2
left_child=2 -2 3 4 -1 -6 -7 -4 10 13 -8 -12 -5 -10
right_child=1 -3 7 12 5 6 8 -9 9 -11 11 -13 -14 -15
leaf_value=0.18685800511019246 0.0005704990095025174 -0.23485468442961907 0.055561921461115514 -0.051859905918196648 0.0014743926264116794 -0.0072080456432913158 -0.04633534954319958 0.0011673783806412361 0.014454236136306555 0.12455831315668001 -0.25003934354798352 0.10186334325379345 -0.37910647698672101 -0.3173737519194289
leaf_weight=2884 6451 4257 37377 1884 130679 35307 34354 2759712 1071 848 4764 982 1705 4613
leaf_count=2884 6451 4257 37377 1884 130679 35307 34354 2759712 1071 848 4764 982 1705 4613
internal_value=4.49776e-07 -0.0931535 0.000331478 -0.0196217 -0.0164757 -0.0192425 -0.0522788 0.00189445 -0.0863945 -0.205546 -0.0669386 -0.189823 -0.20795 -0.25493
internal_weight=3.02689e+06 10708 3.01618e+06 219091 215502 212618 81939 2.79709e+06 46632 6532 40100 5746 3589 5684
internal_count=3026888 10708 3016180 219091 215502 212618 81939 2797089 46632 6532 40100 5746 3589 5684
is_linear=0
shrinkage=0.02


Tree=245
num_leaves=15
num_cat=0
split_feature=7 24 7 7 4 21 7 4 22 7 7 9 25 7
split_gain=229970 258729 1.3668e+06 546750 386577 356088 1.23048e+06 1.28414e+06 903910 812153 1.3164e+06 1.12862e+06 1.05791e+06 738618
threshold=10056.743164062502 10652.731933593752 10682.054199218752 10639.908691406252 59.114999771118171 10805.424316406252 10860.912597656252 -166.21500396728513 10926.984863281252 10796.002441406252 10821.276367187502 0.64560928940773021 0.064686533063650145 10841.455566406252
decision_type=2 2 2 2 2 2 2 2 2 2 2 2 2 2
left_child=-1 -2 3 -3 -5 9 7 13 -8 -4 11 -11 -13 -7
right_child=1 2 5 4 -6 6 8 -9 -10 10 -12 12 -14 -15
leaf_value=0.084884711652113184 -0.046586616273832017 0.34913548863874205 -0.00047737858971757705 -0.098238823294491781 0.1393781768445837 0.66880349645328696 -0.046468759210666441 0.064504114713874114 0.0014254380354654392 -0.12643909684268093 0.060464557132979345 -0.64906384222224378 -0.0035929062790742749 -0.0098479662110320231
leaf_weight=12703 47650 4365 91741 3216 18200 2258 167908 67659 2570893 21978 12506 3485 1432 894
leaf_count=12703 47650 4365 91741 3216 18200 2258 167908 67659 2570893 21978 12506 3485 1432 894
internal_value=3.87895e-07 -0.000357623 0.000385079 0.145346 0.103666 -0.00088625 0.000617376 0.0829256 -0.00151097 -0.033098 -0.109032 -0.18784 -0.461473 0.476889
internal_weight=3.02689e+06 3.01418e+06 2.96654e+06 25781 21416 2.94075e+06 2.80961e+06 70811 2.7388e+06 131142 39401 26895 4917 3152
internal_count=3026888 3014185 2966535 25781 21416 2940754 2809612 70811 2738801 131142 39401 26895 4917 3152
is_linear=0
shrinkage=0.02


Tree=246
num_leaves=15
num_cat=0
split_feature=21 4 4 22 22 20 22 4 21 4 20 4 4 20
split_gain=229541 532616 476276 437377 432097 1.41095e+06 865341 561602 519843 386635 345784 332886 263955 353156
threshold=12773.156738281252 -100.62499999999999 252.49500274658206 12778.081054687502 12705.120605468752 12688.333007812502 12664.575683593752 9.0150003433227557 12677.274414062502 41.385000228881843 12798.628417968752 124.10499954223634 54.034999847412116 10726.558593750002
decision_type=2 2 2 2 2 2 2 2 2 2 2 2 2 2
left_child=4 3 9 -2 6 -6 12 -8 -9 -3 -4 -7 -1 -14
right_child=1 2 10 -5 5 11 7 8 -10 -11 -12 -13 13 -15
leaf_value=-0.00512996506662895 0.40887959560650933 -0.012503766328637658 0.1767698972047167 0.071680703909316107 0.58738014344599976 -0.032316788351056093 -0.0035481435275862574 0.44590137298067717 0.14184416710492975 0.088470977131362108 -0.45831397105895599 -0.12350114777003629 0.053287407738337102 0.0045583447728924972
leaf_weight=1786891 2600 38286 451 3762 1381 65243 7613 2953 9414 25108 1363 21220 63255 997348
leaf_count=1786891 2600 38286 451 3762 1381 65243 7613 2953 9414 25108 1363 21220 63255 997348
internal_value=4.05518e-07 0.0353894 0.018332 0.209915 -0.000856732 -0.0445472 0.000481854 0.131611 0.21475 0.0274959 -0.300304 -0.0547074 -0.00043869 0.00746507
internal_weight=3.02689e+06 71570 65208 6362 2.95532e+06 87844 2.86747e+06 19980 12367 63394 1814 86463 2.84749e+06 1.0606e+06
internal_count=3026888 71570 65208 6362 2955318 87844 2867474 19980 12367 63394 1814 86463 2847494 1060603
is_linear=0
shrinkage=0.02


Tree=247
num_leaves=15
num_cat=0
split_feature=7 19 1 7 20 22 4 23 7 7 20 22 7 7
split_gain=230382 1.85688e+06 669082 658317 4.25055e+06 2.76982e+06 924925 892975 1.98478e+06 848741 5.0661e+06 1.69065e+06 1.30471e+06 749619
threshold=11203.626464843752 11204.702636718752 103.08066177368165 11366.788574218752 11398.597656250002 11380.231445312502 45.835000991821296 11354.811035156252 11336.017089843752 11436.903808593752 11450.060546875002 11428.506347656252 11404.730957031252 11456.274414062502
decision_type=2 2 2 2 2 2 2 2 2 2 2 2 2 2
left_child=-1 2 -2 4 7 -5 -6 -3 -9 10 -7 -11 -12 -13
right_child=1 3 -4 5 6 9 -8 8 -10 11 12 13 -14 -15
leaf_value=0.006720515300938321 -0.062518020063244625 -0.0018378429027300948 -0.19076381106241008 -0.14203477613238361 0.013819788160863475 0.0099989188502204104 0.63843460812370512 0.84070372208148292 0.075311528984729134 -0.29811697325725423 0.71134096011587578 -0.087222470337788641 0.28385337871016447 -5.2657288640580418e-05
leaf_weight=1218891 72700 184324 20963 56485 1147 144348 5478 1394 39135 7796 4145 40770 9222 1220090
leaf_count=1218891 72700 184324 20963 56485 1147 144348 5478 1394 39135 7796 4145 40770 9222 1220090
internal_value=4.86449e-07 -0.00452993 -0.0912386 0.000207907 0.0315757 -0.00468886 0.530481 0.0168531 0.101839 0.000751047 0.0445054 -0.00468864 0.416848 -0.00287198
internal_weight=3.02689e+06 1.808e+06 93663 1.71433e+06 231478 1.48286e+06 6625 224853 40529 1.42637e+06 157715 1.26866e+06 13367 1.26086e+06
internal_count=3026888 1807997 93663 1714334 231478 1482856 6625 224853 40529 1426371 157715 1268656 13367 1260860
is_linear=0
shrinkage=0.02


Tree=248
num_leaves=15
num_cat=0
split_feature=9 24 0 4 25 8 4 4 0 8 17 0 20 4
split_gain=227344 288441 225988 343969 263940 229634 311782 290210 349814 299297 259465 257486 256471 243208
threshold=0.93001860380172741 11529.431640625002 8282.5000000000018 222.55500030517581 0.094307951629161849 -0.98828348517417897 1.2749999761581423 -209.98500061035153 2702.5000000000005 -0.99937877058982838 0.10409895330667497 4649.5000000000009 12231.727539062502 -79.295001983642564
decision_type=2 2 2 2 2 2 2 2 2 2 2 2 2 2
left_child=2 -2 5 4 -4 6 7 -1 -9 -10 -7 13 -13 -11
right_child=1 -3 3 -5 -6 10 -8 8 9 11 -12 12 -14 -15
leaf_value=0.18289523126641161 -0.40000604887310515 -0.056378998487989274 -0.32254349463555565 -0.22034426990781841 0.06074440519329305 0.064591456448741549 -0.20373964076816775 0.0014057501393371895 -0.0072458824516257042 -0.045600096444018176 0.0015465221789106945 -0.24945699637999544 0.12218058867451664 -0.18831909398359856
leaf_weight=2884 1159 5984 823 4660 5225 26351 3589 131494 34953 34092 2763595 5684 848 5547
leaf_count=2884 1159 5984 823 4660 5225 26351 3589 131494 34953 34092 2763595 5684 848 5547
internal_value=5.95473e-07 -0.112619 0.000267368 -0.091406 0.00813771 0.000593907 -0.0191217 -0.0160376 -0.0187446 -0.0514026 0.00214222 -0.0848215 -0.201094 -0.0656149
internal_weight=3.02689e+06 7143 3.01974e+06 10708 6048 3.00904e+06 219091 215502 212618 81124 2.78995e+06 46171 6532 39639
internal_count=3026888 7143 3019745 10708 6048 3009037 219091 215502 212618 81124 2789946 46171 6532 39639
is_linear=0
shrinkage=0.02


Tree=249
num_leaves=15
num_cat=0
split_feature=21 22 20 24 8 8 8 25 25 8 5 24 5 25
split_gain=222683 521774 1.39754e+06 1.08596e+06 1.27773e+06 376776 463091 424251 366673 330221 307051 306338 305178 254451
threshold=12762.438964843752 12705.120605468752 12688.333007812502 12693.831542968752 0.4720101952552796 0.84304407238960277 0.74366798996925365 0.069824304431676879 0.019892167299985889 0.76014193892478954 0.082499999552965178 12721.433593750002 0.017499999608844522 0.10288297757506372
decision_type=2 2 2 2 2 2 2 2 2 2 2 2 2 2
left_child=1 3 -3 13 -5 6 -2 -8 -4 -6 12 -10 -7 -1
right_child=5 2 8 4 9 10 7 -9 11 -11 -12 -13 -14 -15
leaf_value=0.00054899523340548736 0.029394908105408853 0.575679173651228 0.021113353639838076 -0.15420371273750033 0.47858888036136338 0.11300864579989521 0.23495862996766853 -0.029688181187849411 -0.16862712377769931 0.21498967603264824 0.19351591701578019 -0.061629337903580314 -0.10522884199090586 -0.042857593221102212
leaf_weight=2801430 50639 1381 15904 2910 3556 3074 9200 3285 14035 4138 1974 45095 15195 55072
leaf_count=2801430 50639 1381 15904 2910 3556 3074 9200 3285 14035 4138 1974 45095 15195 55072
internal_value=4.99774e-07 -0.000912478 -0.0524877 0.000462292 0.202388 0.0322324 0.0563083 0.165356 -0.0641245 0.337285 -0.0428337 -0.0870507 -0.0684647 -0.000288003
internal_weight=3.02689e+06 2.94352e+06 76415 2.86711e+06 10604 83367 63124 12485 75034 7694 20243 59130 18269 2.8565e+06
internal_count=3026888 2943521 76415 2867106 10604 83367 63124 12485 75034 7694 20243 59130 18269 2856502
is_linear=0
shrinkage=0.02


Tree=250
num_leaves=15
num_cat=0
split_feature=7 20 20 7 0 22 22 0 24 5 23 7 7 23
split_gain=221444 1.00891e+06 796422 1.76134e+06 812881 1.12803e+06 663869 793533 596190 588631 945512 1.19636e+06 768525 851750
threshold=11187.069824218752 11157.908691406252 11010.965820312502 11017.754882812502 5734.5000000000009 10982.645996093752 11292.692382812502 1659.5000000000002 11127.672851562502 -0.012499999720603226 11216.504882812502 11021.161132812502 10940.223632812502 11070.225585937502
decision_type=2 2 2 2 2 2 2 2 2 2 2 2 2 2
left_child=2 8 3 -1 5 -5 7 -4 -2 -9 11 12 13 -11
right_child=1 -3 6 4 -6 -7 -8 9 -10 10 -12 -13 -14 -15
leaf_value=0.001199382519242244 0.094257696617485912 -0.0021033384676903541 -0.0054481441047836933 -0.43855692132433044 0.12853697934686145 -0.12226605487427639 -0.12353386217108915 0.017184129515886375 -0.14964498901977336 -0.16884753083755577 0.30214434605317558 0.042168678833028377 0.25808146761880968 0.30628200341092526
leaf_weight=671540 4677 1940191 118615 6225 3246 16354 10680 86267 27795 4094 7482 108252 19093 2377
leaf_count=671540 4677 1940191 118615 6225 3246 16354 10680 86267 27795 4094 7482 108252 19093 2377
internal_value=5.75928e-07 -0.00395402 0.0074004 -0.00503486 -0.167085 -0.209623 0.0317005 0.0364931 -0.114496 0.0583538 0.083486 0.0712385 0.194271 0.00588256
internal_weight=3.02689e+06 1.97266e+06 1.05422e+06 697365 25825 22579 356860 346180 32472 227565 141298 133816 25564 6471
internal_count=3026888 1972663 1054225 697365 25825 22579 356860 346180 32472 227565 141298 133816 25564 6471
is_linear=0
shrinkage=0.02


Tree=251
num_leaves=15
num_cat=0
split_feature=9 24 9 25 4 24 21 4 25 5 21 21 5 4
split_gain=218269 277129 224412 507090 394560 357209 306903 316472 231438 400113 388045 494589 514760 312789
threshold=0.93001860380172741 11529.431640625002 0.74366798996925365 0.077059991657733931 -38.735000610351555 12739.162109375002 11212.544433593752 -70.124999999999986 0.051804708316922195 -0.027499999850988385 11404.867675781252 12530.049804687502 -0.077500000596046434 -54.364999771118157
decision_type=2 2 2 2 2 2 2 2 2 2 2 2 2 2
left_child=2 -2 8 5 6 -4 7 -5 -1 10 -10 -12 -13 -14
right_child=1 -3 3 4 -6 -7 -8 -9 9 -11 11 12 13 -15
leaf_value=0.0027699825087013135 -0.39204354407748576 -0.055222264596909321 -0.0026398225587545131 0.71686899682676553 -0.048456060019082009 0.28083056995655964 -0.12072620339496039 0.26459388613797274 -0.061077443719438823 -0.0018730940132840165 0.037397909521834874 -0.75258912386332011 -0.098421233627978139 0.22947144218007098
leaf_weight=2307817 1159 5984 21309 1121 1171 1930 409 1410 104022 520105 44151 448 14597 1255
leaf_count=2307817 1159 5984 21309 1121 1171 1930 409 1410 104022 520105 44151 448 14597 1255
internal_value=5.73598e-07 -0.110348 0.000261967 0.0572809 0.26175 0.0210122 0.385057 0.466951 -0.000259359 -0.0104717 -0.0376606 0.0026375 -0.0914803 -0.0723325
internal_weight=3.02689e+06 7143 3.01974e+06 27350 4111 23239 2940 2531 2.9924e+06 684578 164473 60451 16300 15852
internal_count=3026888 7143 3019745 27350 4111 23239 2940 2531 2992395 684578 164473 60451 16300 15852
is_linear=0
shrinkage=0.02


Tree=252
num_leaves=15
num_cat=0
split_feature=7 20 7 19 7 20 20 7 20 9 9 7 8 7
split_gain=219312 567233 430954 954184 525484 399756 350435 1.19338e+06 1.13978e+06 908797 1.16197e+06 1.49192e+06 1.55129e+06 882913
threshold=10076.930175781252 10098.760742187502 10682.054199218752 10656.072753906252 10639.908691406252 10697.369140625002 10805.685546875002 10871.677246093752 10886.642578125002 0.54717978835105907 0.26078417897224432 10975.490722656252 0.98273006081581127 10909.141113281252
decision_type=2 2 2 2 2 2 2 2 2 2 2 2 2 2
left_child=-1 -2 3 -3 -5 -6 -4 -8 9 10 11 12 -9 -10
right_child=1 2 6 4 5 -7 7 8 13 -11 -12 -13 -14 -15
leaf_value=0.059742528197753587 -0.13189868407033106 -0.038006494975854316 -0.032645271305961877 0.34079572872411795 -0.0062987038662006244 0.17053503021378111 0.075469308622909834 0.068272051632698894 0.13532070130308188 0.040012527874480154 -0.30221141295320175 -0.43535135092337429 -0.25171872317403543 -0.00065110725984001317
leaf_weight=24371 13071 21665 132600 4401 8429 12987 82698 21139 19231 16676 11910 3981 8484 2645245
leaf_count=24371 13071 21665 132600 4401 8429 12987 82698 21139 19231 16676 11910 3981 8484 2645245
internal_value=5.61522e-07 -0.000484546 9.04793e-05 0.059857 0.141965 0.100965 -0.000874319 0.000625351 -0.00164488 -0.0862767 -0.132547 -0.0723419 -0.0234264 0.000330773
internal_weight=3.02689e+06 3.00252e+06 2.98945e+06 47482 25817 21416 2.94196e+06 2.80936e+06 2.72667e+06 62190 45514 33604 29623 2.66448e+06
internal_count=3026888 3002517 2989446 47482 25817 21416 2941964 2809364 2726666 62190 45514 33604 29623 2664476
is_linear=0
shrinkage=0.02


Tree=253
num_leaves=15
num_cat=0
split_feature=5 4 4 25 20 9 7 20 7 20 9 7 20 7
split_gain=217560 283156 284295 761368 587080 491067 333526 515441 315164 259428 385024 258839 407698 2.74984e+06
threshold=0.082499999552965178 84.895000457763686 167.21500396728518 0.02473943401128054 10838.643554687502 -0.4442183226346969 11006.196289062502 10983.149902343752 11049.319824218752 11418.484375000002 -0.47409652173519129 12769.967773437502 12184.038085937502 12202.615234375002
decision_type=2 2 2 2 2 2 2 2 2 2 2 2 2 2
left_child=11 -2 4 8 -3 -5 7 -6 -4 -8 -11 12 -1 -14
right_child=1 2 3 5 6 -7 9 -9 -10 10 -12 -13 13 -15
leaf_value=-0.0031682684863843435 -0.035313506625631576 -0.14113733516443211 -0.018278808356459501 0.12872385985961715 0.08827104135709829 -0.14843710043181932 0.0220949329952972 0.5833166010002252 -0.60903811228414451 0.036476007107923855 0.36792793338977137 -0.038715948475885387 0.13695362863556182 -0.0015255320954210097
leaf_weight=2408307 12924 2621 558 10490 1555 3371 4884 1834 1018 2523 3152 69798 65995 437858
leaf_count=2408307 12924 2621 558 10490 1555 3371 4884 1834 1018 2523 3152 69798 65995 437858
internal_value=5.29636e-07 0.0436778 0.0755761 0.0138021 0.133085 0.0612584 0.184681 0.357105 -0.40132 0.129052 0.220897 -0.000657705 0.000254589 0.0166149
internal_weight=3.02689e+06 44930 32006 15437 16569 13861 13948 3389 1576 10559 5675 2.98196e+06 2.91216e+06 503853
internal_count=3026888 44930 32006 15437 16569 13861 13948 3389 1576 10559 5675 2981958 2912160 503853
is_linear=0
shrinkage=0.02


Tree=254
num_leaves=15
num_cat=0
split_feature=7 24 23 7 7 21 7 24 7 7 21 21 6 4
split_gain=217525 1.71581e+06 642406 2.97618e+06 2.01359e+06 2.34955e+06 1.13187e+06 789926 1.53922e+06 1.02813e+06 4.21469e+06 705030 683969 639084
threshold=11203.626464843752 11186.624023437502 11354.811035156252 11336.017089843752 11366.788574218752 11404.867675781252 11366.788574218752 11386.802246093752 11416.888183593752 11404.730957031252 11448.336914062502 11383.450195312502 117.92257690429689 119.51499938964845
decision_type=2 2 2 2 2 2 2 2 2 2 2 2 2 2
left_child=-1 -2 6 -4 5 -5 12 8 -6 10 -9 -8 -3 -11
right_child=1 2 3 4 7 -7 11 9 -10 13 -12 -13 -14 -15
leaf_value=0.0065303615112492306 -0.13276684319720461 -0.0062511994674584884 0.84168767008606371 0.083984992934009392 -0.05415204541392124 0.54950485044780384 -0.20370338673005517 0.036510074412341116 -0.5586519476195817 0.0037209961902108235 0.69712735022993588 0.010337204601686231 -0.14647805879705966 -0.03391250624168668
leaf_weight=1218891 40704 218232 1683 40625 46182 4846 22189 54993 2543 1133828 4145 8516 14851 214660
leaf_count=1218891 40704 218232 1683 40625 46182 4846 22189 54993 2543 1133828 4145 8516 14851 214660
internal_value=5.43107e-07 -0.00440164 -0.00144441 0.00360638 0.00266158 0.133707 -0.0302314 -0.00143088 -0.080592 0.00130983 0.0829233 -0.144355 -0.0151918 -0.00226991
internal_weight=3.02689e+06 1.808e+06 1.76729e+06 1.5035e+06 1.50182e+06 45471 263788 1.45635e+06 48725 1.40763e+06 59138 30705 233083 1.34849e+06
internal_count=3026888 1807997 1767293 1503505 1501822 45471 263788 1456351 48725 1407626 59138 30705 233083 1348488
is_linear=0
shrinkage=0.02


Tree=255
num_leaves=15
num_cat=0
split_feature=21 7 7 22 21 4 20 7 7 8 5 7 4 25
split_gain=218077 797741 525342 972744 912923 759194 775904 740160 727788 815235 543396 665698 516113 572920
threshold=12762.438964843752 12829.757324218752 12539.508789062502 12537.386718750002 12553.970703125002 121.00500106811525 12798.628417968752 12561.602539062502 12516.461914062502 -0.77573314309120167 0.012499999720603229 12608.418457031252 -102.12499999999999 0.055699702352285392
decision_type=2 2 2 2 2 2 2 2 2 2 2 2 2 2
left_child=1 2 3 -1 7 -6 -7 -4 -5 -10 -9 -12 13 -2
right_child=12 -3 4 8 5 6 -8 10 9 -11 11 -13 -14 -15
leaf_value=0.00038489616917944831 0.39163965581078797 -0.35366533197683575 -0.043494303977701536 0.39255837785252601 0.0080370240428322276 -0.07474075551574344 -0.47074601994517901 -0.38748933987422873 0.2058949249938915 -0.021084664909546861 -0.057532017944761774 -0.62586907483558574 0.017178575653264954 0.021615907721865162
leaf_weight=2724413 3225 2552 15912 3374 126322 29920 2110 5956 11437 14154 6435 936 76671 3471
leaf_count=2724413 3225 2552 15912 3374 126322 29920 2110 5956 11437 14154 6435 936 76671 3471
internal_value=6.04519e-07 -0.000902882 -0.000595567 0.00161085 -0.0329788 -0.0140162 -0.100967 -0.135636 0.116882 0.0803959 -0.245533 -0.130455 0.0318974 0.200152
internal_weight=3.02689e+06 2.94352e+06 2.94097e+06 2.75338e+06 187591 158352 32030 29239 28965 25591 13327 7371 83367 6696
internal_count=3026888 2943521 2940969 2753378 187591 158352 32030 29239 28965 25591 13327 7371 83367 6696
is_linear=0
shrinkage=0.02


Tree=256
num_leaves=15
num_cat=0
split_feature=0 7 20 20 7 0 7 23 7 22 7 24 7 22
split_gain=215287 241681 950909 738859 2.49756e+06 1.37706e+06 768453 2.12832e+06 1.4368e+06 2.09599e+06 2.09403e+06 2.01591e+06 913116 811364
threshold=8282.5000000000018 11187.069824218752 11157.908691406252 11163.797363281252 11145.392089843752 2269.5000000000005 11021.161132812502 11021.181640625002 10999.822265625002 11057.592773437502 11006.196289062502 11017.728027343752 11166.117675781252 10945.878417968752
decision_type=2 2 2 2 2 2 2 2 2 2 2 2 2 2
left_child=1 3 -3 6 -5 -6 8 13 -1 10 11 -10 -9 -8
right_child=-2 2 -4 4 5 -7 7 12 9 -11 -12 -13 -14 -15
leaf_value=0.0022804190297877509 -0.0894764761750967 -0.11112030429139556 -0.0020049905971643643 -0.13129909043912022 0.028273669184143674 0.16917789081403956 0.12866540091710538 0.035796964518077991 0.14524859553599961 -0.67645904954108305 0.029231868191799199 0.55786063289689924 -0.074827108570651404 -0.20172148147617944
leaf_weight=677109 10708 32472 1938966 24538 61918 50265 3259 92029 14620 1329 35332 7004 44159 33180
leaf_count=677109 10708 32472 1938966 24538 61918 50265 3259 92029 14620 1329 35332 7004 44159 33180
internal_value=5.26254e-07 0.000318488 -0.00380282 0.00809541 0.0514384 0.0914172 0.00156873 -0.0364049 0.0104831 0.105758 0.124126 0.27909 -7.5638e-05 -0.172145
internal_weight=3.02689e+06 3.01618e+06 1.97144e+06 1.04474e+06 136721 112183 908021 172627 735394 58285 56956 21624 136188 36439
internal_count=3026888 3016180 1971438 1044742 136721 112183 908021 172627 735394 58285 56956 21624 136188 36439
is_linear=0
shrinkage=0.02


Tree=257
num_leaves=15
num_cat=0
split_feature=9 8 6 4 19 4 21 22 20 24 4 4 9 25
split_gain=211683 742559 638652 405436 329355 302831 235318 504086 1.08381e+06 1.08012e+06 770916 488683 638817 550302
threshold=-0.732965588569641 -0.61393934488296498 102.27817535400392 24.654999732971195 13177.327148437502 37.164999008178718 12762.438964843752 12705.120605468752 12688.333007812502 12693.831542968752 10.09500026702881 -102.12499999999999 -0.54542985558509816 0.055699702352285392
decision_type=2 2 2 2 2 2 2 2 2 2 2 2 2 2
left_child=1 3 4 -1 -3 -4 7 9 -9 -2 -11 13 -13 -8
right_child=6 2 5 -5 -6 -7 11 8 -10 10 -12 12 -14 -15
leaf_value=-0.019896954128111134 -0.0010240132117790267 -0.026360587202556504 -0.074304852546132921 0.44915195341985298 0.39909700773857737 0.16493064395879406 0.38387105132038296 0.59960971784828909 -0.061622716252788812 -0.12712833214850691 0.34001122064446271 0.12837096894923078 -0.012608956476590438 0.02122481614083728
leaf_weight=1032 2796873 44193 2502 2562 730 13543 3225 995 74281 1831 6115 16419 59116 3471
leaf_count=1032 2796873 44193 2502 2562 730 13543 3225 995 74281 1831 6115 16419 59116 3471
internal_value=5.03148e-07 0.0358241 0.0193307 0.31478 -0.0193592 0.127601 -0.00078036 -0.0017329 -0.0528038 -0.000362061 0.232341 0.0325776 0.0180484 0.196201
internal_weight=3.02689e+06 64562 60968 3594 44923 16045 2.96233e+06 2.8801e+06 75276 2.80482e+06 7946 82231 75535 6696
internal_count=3026888 64562 60968 3594 44923 16045 2962326 2880095 75276 2804819 7946 82231 75535 6696
is_linear=0
shrinkage=0.02


Tree=258
num_leaves=15
num_cat=0
split_feature=10 9 25 9 7 19 19 19 7 7 23 9 9 19
split_gain=212069 265344 287159 461023 343780 895697 669350 605014 601559 416817 810035 633423 768079 377470
threshold=-9.0999999046325666 -0.66045743227004994 0.0580365788191557 0.74366798996925365 12546.445312500002 12499.732421875002 12378.698730468752 12546.784667968752 12516.461914062502 12432.269042968752 12201.402832031252 -0.45422293245792383 -0.11262255162000655 12226.357910156252
decision_type=2 2 2 2 2 2 2 2 2 2 2 2 2 2
left_child=-1 -2 -3 4 5 9 -6 -8 -7 10 -4 -12 -13 -14
right_child=1 2 3 -5 6 8 7 -9 -10 -11 11 12 13 -15
leaf_value=0.0088635868780817112 0.013530929232964074 -0.0025224453532320342 -0.031587940758361271 0.16536781294646305 0.51063818283991724 0.32860321798507935 -0.25989141543603195 -0.055734653197510253 0.047640872847892236 -0.20161352493450888 -0.1875626511765523 0.55599447556941128 -0.066002805744356643 0.19654090795950777
leaf_weight=795922 325360 1585440 240071 5089 744 4473 7002 33827 9538 5322 2191 1844 3211 6854
leaf_count=795922 325360 1585440 240071 5089 744 4473 7002 33827 9538 5322 2191 1844 3211 6854
internal_value=6.36021e-07 -0.00316134 -0.00601141 -0.0232879 -0.0263402 -0.0181936 -0.079918 -0.0908022 0.13751 -0.0266056 -0.0229333 0.124339 0.181834 0.112798
internal_weight=3.02689e+06 2.23097e+06 1.90561e+06 320166 315077 273504 41573 40829 14011 259493 254171 14100 11909 10065
internal_count=3026888 2230966 1905606 320166 315077 273504 41573 40829 14011 259493 254171 14100 11909 10065
is_linear=0
shrinkage=0.02


Tree=259
num_leaves=15
num_cat=0
split_feature=5 7 19 7 7 25 4 7 7 19 7 4 4 8
split_gain=210324 294998 769789 486302 401491 418184 473650 367938 326137 901928 675999 567565 336357 349833
threshold=0.077500000596046462 11882.226562500002 11415.212402343752 11408.699707031252 11942.417968750002 0.010742285288870336 162.11499786376956 11920.441406250002 11038.435058593752 10966.636718750002 11012.443359375002 49.254999160766609 252.49500274658206 0.75086346268653881
decision_type=2 2 2 2 2 2 2 2 2 2 2 2 2 2
left_child=-1 2 8 -4 7 6 -6 -3 9 12 11 -11 -2 -14
right_child=1 4 3 -5 5 -7 -8 -9 -10 10 -12 -13 13 -15
leaf_value=-0.00078906357131482033 -0.057784915590072268 -0.078508236605049089 0.76516942599404192 0.2146089192577873 0.066229960391485779 0.030442846796150426 -0.86645629328252982 -0.55283235236696482 -0.046459576455870621 -0.084569832047890772 0.070061748531963369 0.49149616093243964 -0.001204846508537902 0.37155100843380245
leaf_weight=2960462 14089 1826 761 3931 416 16139 444 1013 13275 820 5469 4037 2553 1653
leaf_count=2960462 14089 1826 761 3931 416 16139 444 1013 13275 820 5469 4037 2553 1653
internal_value=6.90846e-07 0.0351934 0.0626927 0.305347 -0.0293845 0.00743514 -0.419698 -0.249108 0.0354507 0.073446 0.22279 0.394262 -0.010921 0.145821
internal_weight=3.02689e+06 66426 46588 4692 19838 16999 860 2839 41896 28621 10326 4857 18295 4206
internal_count=3026888 66426 46588 4692 19838 16999 860 2839 41896 28621 10326 4857 18295 4206
is_linear=0
shrinkage=0.02


Tree=260
num_leaves=15
num_cat=0
split_feature=7 24 7 7 24 24 7 19 8 24 7 7 9 25
split_gain=210371 449994 1.24829e+06 501058 340528 333665 1.15543e+06 1.2924e+06 1.15533e+06 883909 766357 1.27959e+06 1.15645e+06 941567
threshold=10076.930175781252 10652.731933593752 10682.054199218752 10639.908691406252 10682.742675781252 10805.254882812502 10882.475585937502 10918.531738281252 -0.88680860400199879 10900.789062500002 10796.002441406252 10821.276367187502 0.64560928940773021 0.064686533063650145
decision_type=2 2 2 2 2 2 2 2 2 2 2 2 2 2
left_child=-1 -2 3 -3 -5 10 9 8 -8 -7 -4 12 -12 -14
right_child=1 2 5 4 -6 6 7 -9 -10 -11 11 -13 13 -15
leaf_value=0.058512200940299776 -0.070767368665262273 0.33400098114667515 -0.00019225764417080471 -0.034643835533431817 0.14655802270270743 0.059013098599001758 -0.176616931048305 0.0011970822161385388 -0.03113865801509471 0.4299526869908043 -0.1224503751868222 0.060594640610034375 -0.63526096688899525 0.00039673656411323574
leaf_weight=24371 35982 4365 91779 5620 15796 91745 28693 2594850 91295 2634 22335 12667 3485 1271
leaf_count=24371 35982 4365 91779 5620 15796 91745 28693 2594850 91295 2634 22335 12667 3485 1271
internal_value=6.97961e-07 -0.000474418 0.000378415 0.138913 0.099012 -0.000836551 0.000621257 -0.00177037 -0.0659392 0.0694102 -0.0319686 -0.105303 -0.182867 -0.465738
internal_weight=3.02689e+06 3.00252e+06 2.96654e+06 25781 21416 2.94075e+06 2.80922e+06 2.71484e+06 119988 94379 131537 39758 27091 4756
internal_count=3026888 3002517 2966535 25781 21416 2940754 2809217 2714838 119988 94379 131537 39758 27091 4756
is_linear=0
shrinkage=0.02


Tree=261
num_leaves=15
num_cat=0
split_feature=9 24 8 7 19 7 19 4 7 19 7 24 7 4
split_gain=210299 265864 214056 647556 697354 313437 268311 300747 257315 1.36619e+06 981827 1.7766e+06 1.74935e+06 1.26397e+06
threshold=0.93001860380172741 11529.431640625002 -0.98828348517417897 11362.400878906252 11353.215820312502 11392.527832031252 11364.827148437502 -180.77500152587888 12531.327636718752 12499.732421875002 12432.269042968752 12264.205566406252 12254.959472656252 125.64500045776369
decision_type=2 2 2 2 2 2 2 2 2 2 2 2 2 2
left_child=2 -2 3 6 5 -5 7 -1 9 10 11 12 -4 -14
right_child=1 -3 8 4 -6 -7 -8 -9 -10 -11 -12 -13 13 -15
leaf_value=0.18635512478812 -0.38422603452990872 -0.054320391905849849 0.0019974115651891708 -0.092699690693386461 -0.033331697419890199 -0.46257020718073205 0.1950074792214756 0.012494221234360859 -0.015967703399943391 0.10772883232111635 -0.11647020183788302 0.12349372158576136 -0.16696843276524162 -0.90832744841879987
leaf_weight=4303 1159 5984 2366944 1581 155458 2191 4015 51543 293604 49603 27785 48029 13712 977
leaf_count=4303 1159 5984 2366944 1581 155458 2191 4015 51543 293604 49603 27785 48029 13712 977
internal_value=6.8529e-07 -0.108315 0.000257263 -0.0187805 -0.0398622 -0.308203 0.0372937 0.0259217 0.00174663 0.00382124 0.00172345 0.00307557 0.000646647 -0.216864
internal_weight=3.02689e+06 7143 3.01974e+06 219091 159230 3772 59861 55846 2.80065e+06 2.50705e+06 2.45745e+06 2.42966e+06 2.38163e+06 14689
internal_count=3026888 7143 3019745 219091 159230 3772 59861 55846 2800654 2507050 2457447 2429662 2381633 14689
is_linear=0
shrinkage=0.02


Tree=262
num_leaves=15
num_cat=0
split_feature=0 7 19 0 21 7 20 8 8 7 0 19 7 0
split_gain=207718 233193 952281 1.24879e+06 894974 1.09462e+06 1.28259e+06 1.58347e+06 1.23584e+06 1.50443e+06 799452 769940 1.58288e+06 760491
threshold=8282.5000000000018 10776.645996093752 10738.432617187502 3046.5000000000005 10805.424316406252 10882.475585937502 10886.642578125002 -0.89888980984687794 0.96476373076438915 10975.490722656252 3712.5000000000005 10852.455078125002 10841.455566406252 4430.5000000000009
decision_type=2 2 2 2 2 2 2 2 2 2 2 2 2 2
left_child=1 2 -1 -4 13 11 7 -7 9 -9 -11 -6 -13 -3
right_child=-2 4 3 -5 5 6 -8 8 -10 10 -12 12 -14 -15
leaf_value=-0.00036721552497983901 -0.087889497152527946 -0.092577850468395353 0.022033433630783951 0.29525627026945833 0.021719151373091251 -0.28886565164489958 0.00037870899984745191 0.091773878899270633 -0.30008063897081821 0.054485892038853907 -0.42640661217235065 0.53888747442162566 0.095987136380091112 0.12760178501038733
leaf_weight=113797 10708 64082 16969 11040 57504 13329 2659783 23508 5792 2109 3994 3560 33766 6947
leaf_count=113797 10708 64082 16969 11040 57504 13329 2659783 23508 5792 2109 3994 3560 33766 6947
internal_value=5.64801e-07 0.000312888 0.025349 0.129794 -0.000922336 0.000854186 -0.00148438 -0.103151 -0.0331682 0.0191236 -0.260405 0.0676411 0.138363 -0.0710279
internal_weight=3.02689e+06 3.01618e+06 141806 28009 2.87437e+06 2.80334e+06 2.70852e+06 48732 35403 29611 6103 94830 37326 71029
internal_count=3026888 3016180 141806 28009 2874374 2803345 2708515 48732 35403 29611 6103 94830 37326 71029
is_linear=0
shrinkage=0.02


Tree=263
num_leaves=15
num_cat=0
split_feature=21 7 7 9 7 24 7 9 4 1 7 0 7 21
split_gain=205535 757604 479064 995114 1.08352e+06 911149 1.45671e+06 1.64063e+06 1.0028e+06 802911 857571 808883 1.07653e+06 707515
threshold=12762.438964843752 12829.757324218752 12539.508789062502 -0.69446012377738942 12674.207031250002 12219.573730468752 12221.506347656252 -0.43419265747070307 -170.92499542236325 62.322303771972663 12432.269042968752 3318.5000000000005 12516.461914062502 12553.970703125002
decision_type=2 2 2 2 2 2 2 2 2 2 2 2 2 2
left_child=1 2 5 4 -4 6 -1 -8 -7 10 -10 -11 -13 -5
right_child=-2 -3 3 13 -6 8 7 -9 9 11 -12 12 -14 -15
leaf_value=-0.00048101617117263359 0.030966552332843206 -0.3446500398680149 0.47639256091788895 -0.13153946980601708 0.0086535630632805366 0.19576993634642623 -1.0022877682307578 -0.1279837205232052 0.039283850959315733 0.01544356420918065 -0.19717244232909101 0.17302651934727942 -0.0092088540852967582 -0.023996572873281396
leaf_weight=2505426 83367 2552 3109 29239 5431 15398 885 21264 12268 129981 12257 35465 20434 149812
leaf_count=2505426 83367 2552 3109 29239 5431 15398 885 21264 12268 129981 12257 35465 20434 149812
internal_value=5.57199e-07 -0.000876563 -0.000577079 -0.0315011 0.179295 0.00152991 -0.00190892 -0.163355 0.0400217 0.0286148 -0.0789227 0.0428069 0.10642 -0.0415648
internal_weight=3.02689e+06 2.94352e+06 2.94097e+06 187591 8540 2.75338e+06 2.52758e+06 22149 225803 210405 24525 185880 55899 179051
internal_count=3026888 2943521 2940969 187591 8540 2753378 2527575 22149 225803 210405 24525 185880 55899 179051
is_linear=0
shrinkage=0.02


Tree=264
num_leaves=15
num_cat=0
split_feature=5 24 19 20 19 9 25 0 0 22 9 20 9 0
split_gain=203034 288309 463483 407084 306384 332689 294302 611835 256328 246432 546823 361295 328293 252651
threshold=0.072500001639127745 11915.941894531252 11415.212402343752 11939.854492187502 11571.745117187502 -0.63895034790039051 0.010742285288870336 3211.5000000000005 2093.5000000000005 10871.246093750002 -0.52841973304748524 11115.276855468752 -0.49370495975017542 1402.5000000000002
decision_type=2 2 2 2 2 2 2 2 2 2 2 2 2 2
left_child=-1 2 9 -3 5 -4 7 -5 -7 -2 11 13 -12 -11
right_child=1 3 4 6 -6 8 -8 -9 -10 10 12 -13 -14 -15
leaf_value=-0.0009311697518237025 -0.033903993844767263 -0.35252800972069531 -0.22949088272766702 0.044190553070378384 0.078717327855189298 0.11555148499566642 0.0078969213651915067 -0.83569975567048471 0.46604841446972212 0.009030822477292335 -0.38917809990551128 -0.00065567303857081425 -0.036207161141138887 0.17620754432390354
leaf_weight=2932043 17460 1443 419 811 5643 1212 23853 507 2731 4600 1229 10940 7079 16918
leaf_count=2932043 17460 1443 419 811 5643 1212 23853 507 2731 4600 1229 10940 7079 16918
internal_value=4.86473e-07 0.028799 0.050575 -0.0270258 0.176256 0.301965 -0.00823208 -0.298009 0.358883 0.0289523 0.0558757 0.0929313 -0.0888296 0.140491
internal_weight=3.02689e+06 94845 68231 26614 10005 4362 25171 1318 3943 58226 40766 32458 8308 21518
internal_count=3026888 94845 68231 26614 10005 4362 25171 1318 3943 58226 40766 32458 8308 21518
is_linear=0
shrinkage=0.02


Tree=265
num_leaves=15
num_cat=0
split_feature=7 24 7 4 7 24 7 4 22 7 7 9 25 7
split_gain=203430 233780 1.19162e+06 499559 339980 313326 1.07438e+06 1.1733e+06 824962 719122 1.21091e+06 1.11004e+06 904402 681750
threshold=10056.743164062502 10652.731933593752 10682.054199218752 59.114999771118171 10639.908691406252 10805.254882812502 10860.912597656252 -166.21500396728513 10926.984863281252 10796.002441406252 10821.276367187502 0.64560928940773021 0.064686533063650145 10841.455566406252
decision_type=2 2 2 2 2 2 2 2 2 2 2 2 2 2
left_child=-1 -2 3 -3 -5 9 7 13 -8 -4 11 -11 -13 -7
right_child=1 2 5 4 -6 6 8 -9 -10 10 -12 12 -14 -15
leaf_value=0.079836517715528257 -0.044279882158363683 -0.097235112926159217 -0.00020418773649096483 0.32735931329563683 0.13080237978501921 0.63865693630575082 -0.044329278239872018 0.060034119906281699 0.0014184324262738327 -0.1182871297311177 0.059360068946841302 -0.62075751228496234 0.0022143531598261238 -0.013303335361776098
leaf_weight=12703 47650 3216 91779 4365 18200 2258 167964 67208 2570893 22335 12667 3485 1271 894
leaf_count=12703 47650 3216 91779 4365 18200 2258 167964 67208 2570893 22335 12667 3485 1271 894
internal_value=4.11669e-07 -0.000336307 0.000369677 0.135723 0.168954 -0.000817388 0.000595291 0.0777579 -0.00138725 -0.0309857 -0.102024 -0.177478 -0.454614 0.454278
internal_weight=3.02689e+06 3.01418e+06 2.96654e+06 25781 22565 2.94075e+06 2.80922e+06 70360 2.73886e+06 131537 39758 27091 4756 3152
internal_count=3026888 3014185 2966535 25781 22565 2940754 2809217 70360 2738857 131537 39758 27091 4756 3152
is_linear=0
shrinkage=0.02


Tree=266
num_leaves=15
num_cat=0
split_feature=7 19 0 7 20 19 4 23 7 7 21 21 7 7
split_gain=202462 1.70701e+06 772288 614502 3.93784e+06 1.93097e+06 875994 812946 1.83161e+06 796014 5.0631e+06 2.47781e+06 1.49575e+06 964859
threshold=11203.626464843752 11204.702636718752 1896.5000000000002 11366.788574218752 11398.597656250002 11379.781738281252 45.835000991821296 11354.811035156252 11336.017089843752 11436.903808593752 11437.371093750002 11417.887695312502 11401.509277343752 11456.274414062502
decision_type=2 2 2 2 2 2 2 2 2 2 2 2 2 2
left_child=-1 2 -2 4 7 -5 -6 -3 -9 10 -7 -11 -12 -13
right_child=1 3 -4 5 6 9 -8 8 -10 11 12 13 -14 -15
leaf_value=0.0063001035927721296 -0.010708055420439488 -0.0014024937850281105 -0.13039528323832919 -0.11350724850276153 0.008043210318515499 -0.0011298586274269603 0.61586369086959925 0.80730176233857653 0.072036277618991534 -0.59486965472081244 0.68045066690968936 -0.095426121497364957 0.25174082595063224 -0.00023317081660383207
leaf_weight=1218891 33665 184324 59998 62191 1147 134150 5478 1394 39135 2831 4085 44122 16017 1219460
leaf_count=1218891 33665 184324 59998 62191 1147 134150 5478 1394 39135 2831 4085 44122 16017 1219460
internal_value=4.27319e-07 -0.0042466 -0.0873824 0.000296011 0.030602 -0.004435 0.510804 0.0164313 0.0975192 0.000340499 0.043235 -0.00488443 0.339157 -0.00355788
internal_weight=3.02689e+06 1.808e+06 93663 1.71433e+06 231478 1.48286e+06 6625 224853 40529 1.42066e+06 154252 1.26641e+06 20102 1.26358e+06
internal_count=3026888 1807997 93663 1714334 231478 1482856 6625 224853 40529 1420665 154252 1266413 20102 1263582
is_linear=0
shrinkage=0.02


Tree=267
num_leaves=15
num_cat=0
split_feature=9 24 9 7 7 4 8 4 7 23 4 9 25 7
split_gain=202029 255437 209744 513759 488879 381215 497482 355893 230392 1.12462e+06 987510 859025 695620 617333
threshold=0.93001860380172741 11529.431640625002 0.74366798996925365 11002.881835937502 12754.497070312502 -51.395000457763665 -0.64436650276184071 -91.045001983642564 12533.847656250002 12544.720703125002 -48.475000381469719 -0.54542985558509816 0.068208895623683943 12782.699707031252
decision_type=2 2 2 2 2 2 2 2 2 2 2 2 2 2
left_child=2 -2 8 5 7 6 -4 -5 9 -1 -11 13 -13 -10
right_child=1 -3 3 4 -6 -7 -8 -9 11 10 -12 12 -14 -15
leaf_value=0.00043565459498741735 -0.37661026029529687 -0.053238827139354614 0.13150649737753264 -0.26038875035729075 0.29281973377685755 0.020733149355255089 0.54295902805328367 0.0012525695466971123 0.073896242778470053 0.34413046053685542 0.047049905988777604 -0.022574139017230516 -0.12690718698333314 -0.083433320359893828
leaf_weight=2692369 1159 5984 2873 2409 2018 3243 1990 14817 54538 6938 12589 184086 29675 12200
leaf_count=2692369 1159 5984 2873 2409 2018 3243 1990 14817 54538 6938 12589 184086 29675 12200
internal_value=5.17208e-07 -0.106164 0.000251999 0.055376 -0.000905273 0.188829 0.300651 -0.0354658 -0.000252001 0.00153279 0.152727 -0.0175071 -0.0370633 0.0451272
internal_weight=3.02689e+06 7143 3.01974e+06 27350 19244 8106 4863 17226 2.9924e+06 2.7119e+06 19527 280499 213761 66738
internal_count=3026888 7143 3019745 27350 19244 8106 4863 17226 2992395 2711896 19527 280499 213761 66738
is_linear=0
shrinkage=0.02


Tree=268
num_leaves=15
num_cat=0
split_feature=7 20 7 19 7 20 24 7 20 24 7 7 7 7
split_gain=198478 526205 383823 831290 467499 364775 310201 1.0328e+06 1.18753e+06 801015 768395 1.04265e+06 676489 1.17245e+06
threshold=10076.930175781252 10098.760742187502 10682.054199218752 10656.072753906252 10639.908691406252 10697.369140625002 10805.254882812502 10882.475585937502 10886.642578125002 10900.789062500002 10922.813964843752 10980.230468750002 10796.002441406252 10821.276367187502
decision_type=2 2 2 2 2 2 2 2 2 2 2 2 2 2
left_child=-1 -2 3 -3 -5 -6 12 9 10 -8 -9 -12 -4 -14
right_child=1 2 6 4 5 -7 7 8 -10 -11 11 -13 13 -15
leaf_value=0.056834015846760649 -0.12703327229427072 -0.034847705389602773 -0.0011001852506719912 0.32067447990983072 -0.0079974093524263941 0.16092006077862817 0.055732860621993993 -0.18043389993232142 0.00018332189741451183 0.40885044667075149 0.026193571706897366 -0.30608044217570779 -0.17406874398469385 0.058194236673710195
leaf_weight=24371 13071 21665 92863 4401 8429 12987 91745 23652 2662744 2634 23968 4474 27091 12793
leaf_count=24371 13071 21665 92863 4401 8429 12987 91745 23652 2662744 2634 23968 4474 27091 12793
internal_value=5.42249e-07 -0.000460948 9.2891e-05 0.0564967 0.133135 0.0944632 -0.000817623 0.000594152 -0.001667 0.0656304 -0.0962272 -0.0261625 -0.0306918 -0.0995728
internal_weight=3.02689e+06 3.00252e+06 2.98945e+06 47482 25817 21416 2.94196e+06 2.80922e+06 2.71484e+06 94379 52094 28442 132747 39884
internal_count=3026888 3002517 2989446 47482 25817 21416 2941964 2809217 2714838 94379 52094 28442 132747 39884
is_linear=0
shrinkage=0.02


Tree=269
num_leaves=15
num_cat=0
split_feature=0 8 0 21 24 8 23 19 0 23 24 20 21 21
split_gain=204812 207175 289553 455825 618987 250858 481649 908968 643102 631069 535379 1.07866e+06 293618 393614
threshold=8282.5000000000018 -0.98828348517417897 2230.5000000000005 11368.980468750002 11366.986328125002 -0.90663021802902211 12071.932617187502 12647.693359375002 5734.5000000000009 12552.284667968752 12167.328613281252 12088.191894531252 12773.156738281252 12733.143554687502
decision_type=2 2 2 2 2 2 2 2 2 2 2 2 2 2
left_child=1 2 -1 -4 -5 6 8 9 -3 10 11 -8 13 -7
right_child=-2 5 3 4 -6 12 7 -9 -10 -11 -12 -13 -14 -15
leaf_value=0.0041609069952567987 -0.087272546613272495 0.0096182318266674234 0.017770499898893073 -0.36155830531318012 -0.058585219622166625 -3.2983494850955839e-05 0.070726441737689064 -0.023396099053822395 -0.19227254041016154 0.33213162854711714 0.066927985642630569 0.70404341101718548 0.044489360678670029 -0.051603033988556646
leaf_weight=111534 10708 203600 34744 2796 70017 2387849 3088 31459 6503 4784 40178 1643 57288 60697
leaf_count=111534 10708 203600 34744 2796 70017 2387849 3088 31459 6503 4784 40178 1643 57288 60697
internal_value=5.48341e-07 0.000310679 -0.0184177 -0.0418296 -0.0702676 0.00177771 0.0193457 0.0607258 0.00336046 0.113975 0.0906662 0.291693 -0.000264292 -0.00131157
internal_weight=3.02689e+06 3.01618e+06 219091 107557 72813 2.79709e+06 291255 81152 210103 49693 44909 4731 2.50583e+06 2.44855e+06
internal_count=3026888 3016180 219091 107557 72813 2797089 291255 81152 210103 49693 44909 4731 2505834 2448546
is_linear=0
shrinkage=0.02


Tree=270
num_leaves=15
num_cat=0
split_feature=9 8 6 6 19 5 9 19 6 7 23 7 20 7
split_gain=201225 711668 596222 311650 301661 229589 241187 396541 330919 238707 820783 967376 675841 991383
threshold=-0.732965588569641 -0.61393934488296498 102.27817535400392 91.249969482421889 13177.327148437502 0.092500001192092909 -0.67629325389862049 10804.651367187502 100.45679473876955 10776.645996093752 10724.835449218752 10704.045898437502 10805.685546875002 10860.912597656252
decision_type=2 2 2 2 2 2 2 2 2 2 2 2 2 2
left_child=1 3 4 -1 -3 9 7 -7 -8 10 11 -2 -11 -14
right_child=5 2 -4 -5 -6 6 8 -9 -10 12 -12 -13 13 -15
leaf_value=0.41365022774572835 0.020924964282684456 -0.025301816081232831 0.12339304805716804 -0.019206131578195753 0.3818759974788975 -0.33059953598243619 0.078110626252530749 0.26149464734357142 -0.14828573977718584 -0.068157902849363586 0.12458819202637329 -0.16782794638217632 0.074997608904643243 -0.0029318701276601841
leaf_weight=2715 103148 44193 16045 879 730 501 11897 4021 3288 61322 26439 12129 66923 2672658
leaf_count=2715 103148 44193 16045 879 730 501 11897 4021 3288 61322 26439 12129 66923 2672658
internal_value=5.68764e-07 0.034928 0.0187813 0.30802 -0.0186012 -0.000760761 0.067259 0.195306 0.0290225 -0.00121653 0.0241067 0.0010521 -0.00249789 -0.00102792
internal_weight=3.02689e+06 64562 60968 3594 44923 2.96233e+06 19707 4522 15185 2.94262e+06 141716 115277 2.8009e+06 2.73958e+06
internal_count=3026888 64562 60968 3594 44923 2962326 19707 4522 15185 2942619 141716 115277 2800903 2739581
is_linear=0
shrinkage=0.02


Tree=271
num_leaves=15
num_cat=0
split_feature=21 4 25 23 23 4 4 21 4 25 25 25 6 6
split_gain=197024 476921 525446 432101 747509 710700 486311 549778 474586 336975 320456 277804 263502 263217
threshold=12762.438964843752 -102.12499999999999 0.055699702352285392 12703.337402343752 12669.696289062502 179.59500122070315 9.0150003433227557 12677.274414062502 -175.62499999999997 0.019518190994858745 0.0082095954567194002 0.061096338555216796 71.658340454101577 80.532409667968764
decision_type=2 2 2 2 2 2 2 2 2 2 2 2 2 2
left_child=3 2 -2 4 -1 6 -6 -8 11 -10 -9 -5 -12 -3
right_child=1 13 -4 8 5 -7 7 10 9 -11 12 -13 -14 -15
leaf_value=-0.0005100671659258475 0.37544117977800662 -0.022766952830792168 0.02107828320574133 0.60755284260882048 0.011851897257540446 -0.58572260425001221 0.43136263309639589 0.60109829497851941 0.028880427497369583 -0.077305428330727927 0.34279664282700728 0.029662019039404523 0.057265873423432735 0.051429267056369035
leaf_weight=2847983 3225 36437 3471 672 7773 549 3370 546 15065 57796 1551 652 7564 40234
leaf_count=2847983 3225 36437 3471 672 7773 549 3370 546 15065 57796 1551 652 7564 40234
internal_value=6.04732e-07 0.0303186 0.192059 -0.000858162 0.00037404 0.118239 0.137089 0.211726 -0.0485113 -0.0553488 0.134742 0.325343 0.106176 0.0161697
internal_weight=3.02689e+06 83367 6696 2.94352e+06 2.86934e+06 21353 20804 13031 74185 72861 9661 1324 9115 76671
internal_count=3026888 83367 6696 2943521 2869336 21353 20804 13031 74185 72861 9661 1324 9115 76671
is_linear=0
shrinkage=0.02


Tree=272
num_leaves=15
num_cat=0
split_feature=10 24 7 0 7 24 14 0 19 19 8 8 23 1
split_gain=198706 209051 1.09518e+06 514811 335666 639883 318875 282399 200189 210936 180604 163937 260208 330695
threshold=-9.2999997138977033 12181.016601562502 12205.328613281252 5353.5000000000009 12043.979003906252 12051.915527343752 0.75670969486236583 1147.5000000000002 12084.352539062502 12168.493652343752 0.98822620511055004 0.82543140649795543 12169.839843750002 79.74365615844728
decision_type=2 2 2 2 2 2 2 2 2 2 2 2 2 2
left_child=1 4 3 7 5 6 -1 -3 -6 -10 -4 -9 -13 -14
right_child=-2 2 10 -5 8 -7 -8 11 9 -11 -12 12 13 -15
leaf_value=0.0031090891076676597 -0.0030339085662706945 -0.027678234329317472 0.0088039147272879793 0.40791920638049173 -0.097848315036529923 0.29934780902513797 0.068629905230479182 0.092216226219145464 0.0065358375216754399 -0.11581394680266778 -0.13471774312099671 -0.040418269122353419 0.13254018762320904 0.38854612357020146
leaf_weight=550056 2240977 4414 116476 2696 18176 2993 31398 9888 29706 6946 3606 1426 4341 3789
leaf_count=550056 2240977 4414 116476 2696 18176 2993 31398 9888 29706 6946 3606 1426 4341 3789
internal_value=7.17147e-07 0.00865372 0.0301902 0.146397 0.00371328 0.00815238 0.00664831 0.116685 -0.0435985 -0.0166757 0.00448301 0.149455 0.208523 0.252185
internal_weight=3.02689e+06 785911 146636 26554 639275 584447 581454 23858 54828 36652 120082 19444 9556 8130
internal_count=3026888 785911 146636 26554 639275 584447 581454 23858 54828 36652 120082 19444 9556 8130
is_linear=0
shrinkage=0.02


Tree=273
num_leaves=15
num_cat=0
split_feature=0 7 21 21 7 9 8 7 9 0 1 7 7 8
split_gain=195829 220240 1.04732e+06 763711 1.85804e+06 1.01474e+06 870725 1.3904e+06 1.01977e+06 1.04604e+06 906875 868450 2.06555e+06 835625
threshold=8282.5000000000018 11183.166503906252 11156.747070312502 11008.740722656252 11017.754882812502 -0.53606674075126637 -0.86513796448707569 11006.196289062502 -0.62652868032455433 1856.5000000000002 89.488861083984389 11017.754882812502 10990.692382812502 -0.7411813735961913
decision_type=2 2 2 2 2 2 2 2 2 2 2 2 2 2
left_child=1 3 -3 4 -1 -6 7 -5 9 -8 -10 12 -12 -14
right_child=-2 2 -4 6 5 -7 8 -9 10 -11 11 -13 13 -15
leaf_value=0.0025711102161848267 -0.085337048943175495 -0.12553470956578791 -0.0018172210925709489 0.59646034378459523 -0.03099297920715598 -0.28158942450355812 0.002738367314996245 0.094463240792442046 0.06436969944470966 0.13041635788011069 -0.027167985092554716 0.004620401162327069 -0.51210042035244985 -0.14153571626914244
leaf_weight=661829 10708 27744 1979356 2628 11712 14421 44583 13545 59944 60487 33068 96879 5751 4233
leaf_count=661829 10708 27744 1979356 2628 11712 14421 44583 13545 59944 60487 33068 96879 5751 4233
internal_value=7.68353e-07 0.000304022 -0.00352799 0.00792602 -0.00396129 -0.169335 0.0333927 0.176354 0.0258051 0.076246 -0.000713021 -0.0285961 -0.103327 -0.35529
internal_weight=3.02689e+06 3.01618e+06 2.0071e+06 1.00908e+06 687962 26133 321118 16173 304945 105070 199875 139931 43052 9984
internal_count=3026888 3016180 2007100 1009080 687962 26133 321118 16173 304945 105070 199875 139931 43052 9984
is_linear=0
shrinkage=0.02


Tree=274
num_leaves=15
num_cat=0
split_feature=16 20 7 24 21 20 9 22 22 7 24 19 24 7
split_gain=194231 253786 2.58476e+06 1.29098e+06 813312 745143 889937 730333 653974 649751 2.81879e+06 1.01511e+06 602349 583629
threshold=-22.100000381469723 12184.038085937502 12202.615234375002 12214.382812500002 12166.788574218752 12203.126464843752 -0.2852825373411178 12189.225585937502 12211.493652343752 12043.979003906252 12051.915527343752 12084.352539062502 12264.205566406252 12221.506347656252
decision_type=2 2 2 2 2 2 2 2 2 2 2 2 2 2
left_child=-1 9 4 -4 -3 -6 -7 -8 12 10 -2 -11 -5 -10
right_child=1 2 3 8 5 6 7 -9 13 11 -12 -13 -14 -15
leaf_value=0.0188101521212059 -0.002833935107454652 0.51569567357740487 -0.14415986325988309 0.01172204615213091 0.022473098225433245 0.041372897270860937 0.64735678124327922 0.21389180709513769 0.09108623341777293 -0.105335999902296 0.28633168198207731 -0.0085875702150305152 0.44303642643699348 -0.0052028247709477535
leaf_weight=204734 2063704 2142 25119 2602 20515 13510 1661 23028 26761 62681 13563 140831 2570 423467
leaf_count=204734 2063704 2142 25119 2602 20515 13510 1661 23028 26761 62681 13563 140831 2570 423467
internal_value=7.32211e-07 -0.00136386 0.0109462 -0.00460682 0.133734 0.119713 0.171917 0.243305 0.00309362 -0.00428587 -0.000944521 -0.0383896 0.22649 0.00052233
internal_weight=3.02689e+06 2.82215e+06 541375 480519 60856 58714 38199 24689 455400 2.28078e+06 2.07727e+06 203512 5172 450228
internal_count=3026888 2822154 541375 480519 60856 58714 38199 24689 455400 2280779 2077267 203512 5172 450228
is_linear=0
shrinkage=0.02


Tree=275
num_leaves=15
num_cat=0
split_feature=9 21 9 7 7 4 8 4 7 23 7 23 7 20
split_gain=193414 224567 200024 493267 460152 365369 477304 341933 220503 1.22417e+06 1.09044e+06 1.41991e+06 1.59136e+06 1.36212e+06
threshold=0.93001860380172741 11529.090332031252 0.74366798996925365 11002.881835937502 12754.497070312502 -51.395000457763665 -0.64436650276184071 -91.045001983642564 12531.327636718752 12500.669921875002 12432.269042968752 12280.830566406252 12254.959472656252 12249.825683593752
decision_type=2 2 2 2 2 2 2 2 2 2 2 2 2 2
left_child=2 -2 8 5 7 6 -4 -5 9 10 11 12 13 -1
right_child=1 -3 3 4 -6 -7 -8 -9 -10 -11 -12 -13 -14 -15
leaf_value=-0.00070044611991667584 -0.31461985816362925 -0.04419000883525892 0.12863805939493481 -0.25506615904699237 0.28389569114148805 0.020277664308670836 0.53165903627395628 0.0013923920894356602 -0.016744982116675886 0.095965922238138671 -0.1193237393972429 0.12587472691008766 -0.17527640185803864 0.15479503898494834
leaf_weight=2536435 1567 5576 2873 2409 2018 3243 1990 14817 292322 53815 30465 35916 20716 22726
leaf_count=2536435 1567 5576 2873 2409 2018 3243 1990 14817 292322 53815 30465 35916 20716 22726
internal_value=8.51938e-07 -0.103875 0.000246914 0.0540784 -0.00106885 0.184843 0.294316 -0.0345985 -0.000245269 0.00154111 -0.000379484 0.00100625 -0.000732591 0.000680985
internal_weight=3.02689e+06 7143 3.01974e+06 27350 19244 8106 4863 17226 2.9924e+06 2.70007e+06 2.64626e+06 2.61579e+06 2.57988e+06 2.55916e+06
internal_count=3026888 7143 3019745 27350 19244 8106 4863 17226 2992395 2700073 2646258 2615793 2579877 2559161
is_linear=0
shrinkage=0.02


Tree=276
num_leaves=15
num_cat=0
split_feature=7 23 7 4 23 7 7 4 19 4 0 0 4 19
split_gain=191025 318160 464829 413891 224248 1.67999e+06 1.2174e+06 1.75546e+06 819930 796333 739960 493015 573324 452977
threshold=12802.809082031252 12804.687500000002 12829.757324218752 -62.145000457763665 12223.274902343752 12221.506347656252 12242.067382812502 150.77500152587893 12208.181640625002 -85.264999389648423 1562.5000000000002 3784.5000000000005 -30.894999504089352 12208.181640625002
decision_type=2 2 2 2 2 2 2 2 2 2 2 2 2 2
left_child=4 2 -2 -3 6 10 -1 13 9 -7 -6 12 -11 -8
right_child=1 3 -4 -5 5 8 7 -9 -10 11 -12 -13 -14 -15
leaf_value=-0.00089505573152050743 -0.061354953770782858 0.18630112130912144 -0.34165608168993594 -0.039445237725527889 -0.019584336337051166 0.37257802691828673 -0.014145864075058754 -0.96403152768041056 -0.005523190550923345 0.1442992150016526 0.18537248123589231 0.40187530204288008 -0.075815473222797747 -0.31358543958572727
leaf_weight=2529648 15865 4275 2773 13423 9165 3974 5354 1126 387117 9526 30437 1579 9389 3237
leaf_count=2529648 15865 4275 2773 13423 9165 3974 5354 1126 387117 9526 30437 1579 9389 3237
internal_value=8.62425e-07 -0.0455738 -0.103221 0.0151577 0.000554764 0.0135474 -0.00175377 -0.225071 0.00157485 0.113833 0.137946 0.0635011 0.0350556 -0.127207
internal_weight=3.02689e+06 36336 18638 17698 2.99055e+06 451187 2.53936e+06 9717 411585 24468 39602 20494 18915 8591
internal_count=3026888 36336 18638 17698 2990552 451187 2539365 9717 411585 24468 39602 20494 18915 8591
is_linear=0
shrinkage=0.02


Tree=277
num_leaves=15
num_cat=0
split_feature=8 4 4 0 8 8 4 20 24 23 21 24 23 24
split_gain=193602 297328 259883 331529 275653 245259 371085 352795 310801 1.0701e+06 800885 488960 676920 486611
threshold=-0.98828348517417897 1.2749999761581423 -209.98500061035153 2722.5000000000005 -0.99937877058982838 -0.92812812328338612 -266.08000183105463 11016.985351562502 10905.901367187502 10878.141601562502 11230.126464843752 11007.170410156252 10899.668945312502 10877.288574218752
decision_type=2 2 2 2 2 2 2 2 2 2 2 2 2 2
left_child=1 2 -1 -4 -5 8 7 -7 9 13 11 12 -10 -2
right_child=5 -3 3 4 -6 6 -8 -9 10 -11 -12 -13 -14 -15
leaf_value=0.17315739550546028 0.02354369612577506 -0.19839358433128021 0.001795252469773752 -0.0071020237618459629 -0.081946447730270669 -0.41876494206947706 0.00011953755111924371 -0.071582738298596973 0.53501654386520392 -0.21171872944595749 0.01873562576692123 0.31200361468552068 0.032515497088641758 0.57375606899895337
leaf_weight=2884 22408 3589 132341 34572 45705 1482 2589570 5467 1190 9614 161529 5790 10095 652
leaf_count=2884 22408 3589 132341 34572 45705 1482 2589570 5467 1190 9614 161529 5790 10095 652
internal_value=8.08326e-07 -0.0181062 -0.0150945 -0.0176561 -0.0497192 0.00141375 -0.000272404 -0.146124 0.0221351 -0.0345708 0.0325104 0.16273 0.0859326 0.0393433
internal_weight=3.02689e+06 219091 215502 212618 80277 2.8078e+06 2.59652e+06 6949 211278 32674 178604 17075 11285 23060
internal_count=3026888 219091 215502 212618 80277 2807797 2596519 6949 211278 32674 178604 17075 11285 23060
is_linear=0
shrinkage=0.02


Tree=278
num_leaves=15
num_cat=0
split_feature=25 4 7 22 7 7 20 7 22 7 7 20 0 4
split_gain=190880 318877 266036 1.06233e+06 2.56947e+06 1.56634e+06 2.57612e+06 1.45522e+06 970726 1.42502e+06 967618 3.83645e+06 727673 706346
threshold=0.10288297757506372 230.2600021362305 11195.398925781252 11349.734863281252 11336.017089843752 11366.788574218752 11409.203125000002 11366.788574218752 11387.965332031252 11442.685546875002 11404.730957031252 11450.060546875002 2683.5000000000005 74.014999389648452
decision_type=2 2 2 2 2 2 2 2 2 2 2 2 2 2
left_child=2 -2 13 7 12 6 -6 -4 9 -7 11 -10 -5 -1
right_child=1 -3 3 4 5 8 -8 -9 10 -11 -12 -13 -14 -15
leaf_value=-0.002716546763506258 -0.020110585615010178 -0.17512916700722336 -0.025661052213756076 0.20773010103213158 0.066620585806925953 -0.066933819592027918 0.56840363050823961 -0.21219876103584187 0.036653114644497838 -0.68747948301519446 -0.0017499757670835134 0.66683201673946091 0.97333838600466116 0.031429621054256188
leaf_weight=735505 53833 5879 341312 791 50493 52970 4444 17581 55242 1513 1340451 4145 1355 361374
leaf_count=735505 53833 5879 341312 791 50493 52970 4444 17581 55242 1513 1340451 4145 1355 361374
internal_value=8.37441e-07 -0.0354002 0.000713378 -0.00387281 0.00347233 0.0024867 0.107308 -0.0348046 -0.00147361 -0.0842898 0.00175024 0.0807425 0.693422 0.0085333
internal_weight=3.02689e+06 59712 2.96718e+06 1.8703e+06 1.5114e+06 1.50926e+06 54937 358893 1.45432e+06 54483 1.39984e+06 59387 2146 1.09688e+06
internal_count=3026888 59712 2967176 1870297 1511404 1509258 54937 358893 1454321 54483 1399838 59387 2146 1096879
is_linear=0
shrinkage=0.02


Tree=279
num_leaves=15
num_cat=0
split_feature=21 7 7 9 7 9 7 23 9 21 7 7 9 7
split_gain=190628 689378 456974 515660 423208 894036 1.01977e+06 854913 793453 679406 702714 645859 615230 440534
threshold=12762.438964843752 12829.757324218752 12674.207031250002 -0.54542985558509816 12539.508789062502 -0.69185054302215565 12674.207031250002 12544.720703125002 -0.30794906616210932 12553.970703125002 12561.602539062502 12531.327636718752 -0.33491277694702143 12608.418457031252
decision_type=2 2 2 2 2 2 2 2 2 2 2 2 2 2
left_child=1 4 -2 -4 7 6 -6 -1 -9 10 -7 -10 13 -12
right_child=2 -3 3 -5 5 9 -8 8 11 -11 12 -13 -14 -15
leaf_value=0.00039218426499499449 0.18748070255313298 -0.32877291242908291 0.11389730390187723 -0.011554741559736315 0.45536549233362855 -0.037633002832958902 0.0049340017869049131 0.016964333569548042 0.40795548614662125 -0.022016452795206701 -0.047813532663940103 0.093096663385989611 -0.37112185863163527 -0.61037070692849593
leaf_weight=2730066 6748 2552 16770 59849 3146 15912 5540 12882 5242 149666 6103 5188 6621 603
leaf_count=2730066 6748 2552 16770 59849 3146 15912 5540 12882 5242 149666 6103 5188 6621 603
internal_value=9.10209e-07 -0.000843803 0.0298228 0.0159146 -0.000558122 -0.0296235 0.168415 0.00142223 0.121998 -0.0392475 -0.12741 0.251582 -0.23449 -0.0992349
internal_weight=3.02689e+06 2.94352e+06 83367 76619 2.94097e+06 187591 8686 2.75338e+06 23312 178905 29239 10430 13327 6706
internal_count=3026888 2943521 83367 76619 2940969 187591 8686 2753378 23312 178905 29239 10430 13327 6706
is_linear=0
shrinkage=0.02


Tree=280
num_leaves=15
num_cat=0
split_feature=5 7 21 7 7 19 9 19 7 7 9 7 21 19
split_gain=188883 213540 381781 1.16925e+06 1.11783e+06 1.04689e+06 750957 629360 1.26348e+06 889921 1.39465e+06 1.27232e+06 709045 686236
threshold=0.082499999552965178 12769.967773437502 12636.610839843752 12674.207031250002 12553.294433593752 12546.784667968752 -0.68669712543487538 12241.645996093752 12242.067382812502 12221.506347656252 -0.45422293245792383 12242.067382812502 12307.068847656252 12499.732421875002
decision_type=2 2 2 2 2 2 2 2 2 2 2 2 2 2
left_child=1 2 4 6 7 -6 -4 9 12 -1 11 -11 -9 -10
right_child=-2 -3 3 -5 5 -7 -8 8 13 10 -12 -13 -14 -15
leaf_value=-0.00064197095750677445 0.040697790057998187 -0.035180382264041146 0.44232032697938578 0.0034151931880125096 -0.22252113123342132 -0.03581074271962504 0.1157965365010393 0.1081834431590058 -0.029684201540209901 -0.19995459704884144 -0.058527389054786084 -0.99322006269005259 0.39656591479607045 0.049937863696113464
leaf_weight=2482494 44930 69798 3257 91872 16378 45009 20593 35717 85999 2382 36295 1220 3763 87181
leaf_count=2482494 44930 69798 3257 91872 16378 45009 20593 35717 85999 2382 36295 1220 3763 87181
internal_value=8.82163e-07 -0.000612437 0.000216191 0.0358125 -0.00125697 -0.0856534 0.160555 0.00063757 0.0336783 -0.00214817 -0.0958436 -0.470646 0.135764 0.010399
internal_weight=3.02689e+06 2.98196e+06 2.91216e+06 115722 2.79644e+06 61387 23850 2.73505e+06 212660 2.52239e+06 39897 3602 39480 173180
internal_count=3026888 2981958 2912160 115722 2796438 61387 23850 2735051 212660 2522391 39897 3602 39480 173180
is_linear=0
shrinkage=0.02


Tree=281
num_leaves=15
num_cat=0
split_feature=9 24 9 19 24 24 0 20 0 13 17 22 6 19
split_gain=185590 237790 189482 291896 425986 212263 215478 191298 248067 184748 277391 177512 166256 154369
threshold=0.93001860380172741 11529.431640625002 0.74366798996925365 11172.212402343752 11017.728027343752 12729.683105468752 3066.5000000000005 11038.930175781252 1225.5000000000002 -10.499999999999998 0.56659206748008739 10945.878417968752 96.684986114501967 12520.071289062502
decision_type=2 2 2 2 2 2 2 2 2 2 2 2 2 2
left_child=2 -2 9 4 7 6 -5 8 -4 10 -1 -10 -6 -12
right_child=1 -3 3 5 12 -7 -8 -9 11 -11 13 -13 -14 -15
leaf_value=0.0030105351293363432 -0.36268873226142928 -0.050689530226738166 -0.020216459219709066 0.027053636197698242 0.48311440393726901 0.19988209524281356 -0.13631468487780893 -0.20581753166278749 -0.020533543119264842 -0.0031937829299799238 0.044475293080108641 0.30853076860835216 0.15448553608700341 -0.023383105216364435
leaf_weight=660886 1159 5984 3469 10411 1599 1906 4670 932 892 2210090 106076 2452 1019 15343
leaf_count=660886 1159 5984 3469 10411 1599 1906 4670 932 892 2210090 106076 2452 1019 15343
internal_value=8.36583e-07 -0.101753 0.00024187 0.0526357 0.136233 0.00158542 -0.0235907 0.061484 0.0983011 -0.000237168 0.00811547 0.220949 0.356285 0.035899
internal_weight=3.02689e+06 7143 3.01974e+06 27350 10363 16987 15081 7745 6813 2.9924e+06 782305 3344 2618 121419
internal_count=3026888 7143 3019745 27350 10363 16987 15081 7745 6813 2992395 782305 3344 2618 121419
is_linear=0
shrinkage=0.02


Tree=282
num_leaves=15
num_cat=0
split_feature=8 7 19 7 24 4 7 22 19 7 7 4 24 7
split_gain=184989 612137 640024 283821 256317 291585 245454 1.29548e+06 520432 611806 501283 278952 268306 209350
threshold=-0.99391409754753102 11362.400878906252 11353.215820312502 11392.527832031252 11361.935058593752 -175.62499999999997 12026.895996093752 12038.913574218752 12123.340332031252 12053.266601562502 12014.174804687502 -57.465000152587884 11929.210937500002 12130.811523437502
decision_type=2 2 2 2 2 2 2 2 2 2 2 2 2 2
left_child=1 4 3 -3 5 -1 7 10 9 -8 12 -12 -4 -10
right_child=-2 2 6 -5 -6 -7 8 -9 13 -11 11 -13 -14 -15
leaf_value=0.18022568953069129 0.0013016251062157448 -0.09004414768197716 -0.04376531993594069 -0.44320726898354545 0.18819746194145595 0.010873163409116534 -0.044535014139624574 0.32393853763630404 0.071150575087111007 -0.26147635526273871 -0.38660349317858245 -0.10000623229351009 0.034893250767913636 -0.044426386910906598
leaf_weight=4508 2830955 1563 48059 2191 4360 40732 11352 4370 8047 9593 2179 3608 27130 28241
leaf_count=4508 2830955 1563 48059 2191 4360 40732 11352 4370 8047 9593 2179 3608 27130 28241
internal_value=8.4588e-07 -0.0187926 -0.0393733 -0.296801 0.0419213 0.0277851 -0.032575 -0.011083 -0.064616 -0.143974 -0.029201 -0.208404 -0.0153823 -0.0187837
internal_weight=3.02689e+06 195933 146333 3754 49600 45240 142579 85346 57233 20945 80976 5787 75189 36288
internal_count=3026888 195933 146333 3754 49600 45240 142579 85346 57233 20945 80976 5787 75189 36288
is_linear=0
shrinkage=0.02


Tree=283
num_leaves=15
num_cat=0
split_feature=25 7 19 0 1 7 20 22 7 21 22 7 9 9
split_gain=185759 251057 1.60975e+06 739152 590487 559739 3.65136e+06 2.37786e+06 755226 4.76302e+06 1.54682e+06 1.34754e+06 752084 762677
threshold=0.11014093458652498 11203.626464843752 11204.702636718752 1896.5000000000002 108.79379272460939 11366.788574218752 11398.597656250002 11380.231445312502 11436.903808593752 11437.371093750002 11428.506347656252 11401.509277343752 0.60120347142219555 0.30641731619834905
decision_type=2 2 2 2 2 2 2 2 2 2 2 2 2 2
left_child=1 -1 3 4 -3 6 -4 12 9 -9 -10 -11 13 -7
right_child=-2 2 5 -5 -6 7 -8 8 10 11 -12 -13 -14 -15
leaf_value=0.0077697038952838221 -0.039087608113579038 0.02699624275654644 0.01566100809224481 -0.126886559016467 -0.20038873317113592 -0.16853771965429712 0.4918257893001205 1.6852423271969561e-05 -0.28492085903900893 0.65361068032046965 -0.0025069603099041565 0.24667476138853034 -0.43422913040313182 -0.0081484909268553923
leaf_weight=1185591 47852 28225 221152 59998 5440 34969 6625 136761 7796 4085 1251332 16017 3101 17944
leaf_count=1185591 47852 28225 221152 59998 5440 34969 6625 136761 7796 4085 1251332 16017 3101 17944
internal_value=7.88813e-07 0.000628798 -0.00409184 -0.0848066 -0.00979539 0.000356243 0.0295316 -0.00415848 0.000897697 0.0422784 -0.00425782 0.329655 -0.131952 -0.114158
internal_weight=3.02689e+06 2.97904e+06 1.79344e+06 93663 33665 1.69978e+06 227777 1.472e+06 1.41599e+06 156863 1.25913e+06 20102 56014 52913
internal_count=3026888 2979036 1793445 93663 33665 1699782 227777 1472005 1415991 156863 1259128 20102 56014 52913
is_linear=0
shrinkage=0.02


Tree=284
num_leaves=15
num_cat=0
split_feature=7 20 7 7 19 0 7 7 20 7 19 7 19 8
split_gain=183499 247964 272619 255367 896417 475944 322911 314297 295348 947422 1.09691e+06 992715 793234 706339
threshold=10056.743164062502 10082.236816406252 10099.843750000002 10682.054199218752 10656.072753906252 2013.5000000000002 10076.930175781252 10639.908691406252 10805.685546875002 10860.912597656252 10852.455078125002 10841.455566406252 10923.156250000002 -0.97202271223068226
decision_type=2 2 2 2 2 2 2 2 2 2 2 2 2 2
left_child=-1 2 -2 4 6 -6 -3 -7 -5 10 -10 13 -11 -12
right_child=1 3 -4 8 5 7 -8 -9 9 12 11 -13 -14 -15
leaf_value=0.075825094072876451 -0.062789767038069114 0.1494840523793198 -0.41926401138177205 -0.029948635882293618 -0.10469447146688055 0.31288462808574852 -0.048112600835135501 0.12469214452874934 0.028501211659905025 -0.045012348774095212 -0.041230199899484614 0.13396834195077292 0.0013775082590496207 0.65290507516955243
leaf_weight=12703 11507 3704 918 132600 3047 4401 30275 18369 53692 156358 738 13462 2582292 2822
leaf_count=12703 11507 3704 918 132600 3047 4401 30275 18369 53692 156358 738 13462 2582292 2822
internal_value=7.84524e-07 -0.000319014 -0.0894449 5.01894e-05 0.040964 0.129779 -0.0265347 0.161188 -0.000781522 0.00059524 0.0728692 0.212718 -0.00127118 0.50929
internal_weight=3.02689e+06 3.01418e+06 12425 3.00176e+06 59796 25817 33979 22770 2.94196e+06 2.80936e+06 70714 17022 2.73865e+06 3560
internal_count=3026888 3014185 12425 3001760 59796 25817 33979 22770 2941964 2809364 70714 17022 2738650 3560
is_linear=0
shrinkage=0.02


Tree=285
num_leaves=15
num_cat=0
split_feature=21 7 7 20 7 1 25 7 8 24 7 21 25 7
split_gain=184098 659114 425188 409114 904210 402239 362065 351723 736117 333427 333524 319095 363712 288621
threshold=12762.438964843752 12829.757324218752 12674.207031250002 12798.628417968752 12722.228027343752 72.804828643798842 0.064686533063650145 12769.967773437502 0.83815535902977001 12721.433593750002 12741.684082031252 12781.979003906252 0.040271699428558357 12531.327636718752
decision_type=2 2 2 2 2 2 2 2 2 2 2 2 2 2
left_child=1 3 6 13 -5 11 -2 8 9 -7 -11 -4 -13 -1
right_child=2 -3 5 4 -6 7 -8 -9 -10 10 -12 12 -14 -15
leaf_value=0.0014897400949702411 0.32258580203534398 -0.32147963356131443 0.078904984239420814 0.014317687296786943 -0.53491850080053793 -0.10234034841583296 0.029506167264089084 0.01198467230601852 -0.15083333187579359 0.12370558315493763 0.33473673030315809 -0.016059489552471114 -0.18191416432804272 -0.023056549845913366
leaf_weight=2729624 3491 2552 6673 3454 1826 1389 3257 30883 3106 6311 5726 14061 8470 206065
leaf_count=2729624 3491 2552 6673 3454 1826 1389 3257 30883 3106 6311 5726 14061 8470 206065
internal_value=8.16973e-07 -0.000829303 0.0293075 -0.000549962 -0.176275 0.0158917 0.181383 0.0518517 0.126273 0.190445 0.224289 -0.0424893 -0.0784626 -0.000233305
internal_weight=3.02689e+06 2.94352e+06 83367 2.94097e+06 5280 76619 6748 47415 16532 13426 12037 29204 22531 2.93569e+06
internal_count=3026888 2943521 83367 2940969 5280 76619 6748 47415 16532 13426 12037 29204 22531 2935689
is_linear=0
shrinkage=0.02


Tree=286
num_leaves=15
num_cat=0
split_feature=5 4 4 25 8 20 7 7 24 25 19 8 7 7
split_gain=181322 266671 291006 786930 534894 505096 445029 329798 785804 237849 238207 230719 478203 333566
threshold=0.077500000596046462 83.68500137329103 170.14499664306643 0.02473943401128054 0.8959178924560548 10838.643554687502 11049.319824218752 11006.196289062502 10985.427246093752 0.086289834231138243 12800.117675781252 0.76471674442291271 10940.223632812502 11017.754882812502
decision_type=2 2 2 2 2 2 2 2 2 2 2 2 2 2
left_child=-1 -2 5 6 11 -3 -4 8 -7 10 -9 12 -5 -14
right_child=1 2 3 4 -6 7 -8 9 -10 -11 -12 -13 13 -15
leaf_value=-0.00073251182242800941 -0.025928576313261637 -0.10143648716265691 -0.026166560079550916 -0.26579360309258176 -0.14199857192461171 0.061259838405844702 -0.59339129093651455 0.078099994886598564 0.57290784803554906 0.64180370007936494 0.58243409514427191 0.21648901774891571 0.24574532207946359 -0.044336476012663092
leaf_weight=2960462 21158 3994 974 1582 4435 2713 1274 15885 2148 309 374 5124 3681 2775
leaf_count=2960462 21158 3994 974 1582 4435 2713 1274 15885 2148 309 374 5124 3681 2775
internal_value=7.73321e-07 0.0326772 0.0600693 0.00266704 0.0477456 0.104858 -0.348841 0.143338 0.288065 0.100726 0.0900531 0.111742 0.0447795 0.12118
internal_weight=3.02689e+06 66426 45268 19845 17597 25423 2248 21429 4861 16568 16259 13162 8038 6456
internal_count=3026888 66426 45268 19845 17597 25423 2248 21429 4861 16568 16259 13162 8038 6456
is_linear=0
shrinkage=0.02


Tree=287
num_leaves=15
num_cat=0
split_feature=10 9 0 7 7 8 23 7 6 7 7 19 7 3
split_gain=181334 222832 375133 407696 436356 1.28479e+06 869749 520841 890176 785665 566804 707980 489104 471208
threshold=-9.0999999046325666 -0.66045743227004994 2585.5000000000005 12608.418457031252 11420.447753906252 0.59558829665184032 11216.504882812502 10947.319824218752 100.70862579345705 10984.614746093752 11012.443359375002 10936.076171875002 10966.702636718752 7.0762345790863046
decision_type=2 2 2 2 2 2 2 2 2 2 2 2 2 2
left_child=-1 2 -2 4 6 -6 7 8 -4 12 11 -11 -9 -13
right_child=1 -3 3 -5 5 -7 -8 9 -10 10 -12 13 -14 -15
leaf_value=0.008196416316637662 -0.0077424829758750641 -0.00553484496533927 0.029092751156078497 0.21482952083105919 0.29652773190916709 -0.14199085897450378 0.23599611493051559 -0.036683711783082551 0.2196628267800963 -0.24131859158288557 -0.0011937290085351306 0.13914338993795855 -0.2532733145660987 0.47121503033974882
leaf_weight=795922 173300 1905606 41377 4887 3252 14784 8633 10190 12841 1393 39829 5295 7055 2524
leaf_count=795922 173300 1905606 41377 4887 3252 14784 8633 10190 12841 1393 39829 5295 7055 2524
internal_value=8.36807e-07 -0.00292304 0.0123737 0.0352989 0.0293231 -0.0628017 0.0421938 0.028291 0.07426 -0.00931402 0.0315196 0.172809 -0.125388 0.246805
internal_weight=3.02689e+06 2.23097e+06 325360 152060 147173 18036 129137 120504 54218 66286 49041 9212 17245 7819
internal_count=3026888 2230966 325360 152060 147173 18036 129137 120504 54218 66286 49041 9212 17245 7819
is_linear=0
shrinkage=0.02


Tree=288
num_leaves=15
num_cat=0
split_feature=20 7 21 23 21 7 4 20 9 4 7 23 19 7
split_gain=181830 2.63473e+06 870746 763533 1.67005e+06 832169 782764 750972 935364 889068 691546 2.58212e+06 1.00344e+06 638795
threshold=12184.038085937502 12202.615234375002 12166.788574218752 12218.147460937502 12272.000000000002 12235.022949218752 157.33499908447268 12203.126464843752 -0.2852825373411178 116.74499893188478 12043.979003906252 12051.324707031252 12084.352539062502 12221.506347656252
decision_type=2 2 2 2 2 2 2 2 2 2 2 2 2 2
left_child=10 2 -2 4 5 -3 -7 -4 -9 -10 11 -1 -12 -5
right_child=1 3 7 13 -6 6 -8 8 9 -11 12 -13 -14 -15
leaf_value=-0.00078853455017403949 0.51398533382019285 -0.089106447803432798 0.021104293943919678 0.095835961898410024 0.33238843628530673 -0.25169265633914623 -0.88992953990345858 0.037103072940526352 0.1853646987009876 0.50289625832065599 -0.10086994910417529 0.2711054802563394 -0.0077242300098940989 -0.0041826571706253595
leaf_weight=2214520 2251 27737 22443 27067 3351 5036 901 14947 23103 4160 66931 14050 149764 450627
leaf_count=2214520 2251 27737 22443 27067 3351 5036 901 14947 23103 4160 66931 14050 149764 450627
internal_value=8.81322e-07 0.0100517 0.128111 -0.00529594 -0.0927789 -0.135175 -0.349889 0.114598 0.164292 0.233983 -0.00238981 0.000926819 -0.0364977 0.00148642
internal_weight=3.02689e+06 581623 66904 514719 37025 33674 5937 64653 42210 27263 2.44526e+06 2.22857e+06 216695 477694
internal_count=3026888 581623 66904 514719 37025 33674 5937 64653 42210 27263 2445265 2228570 216695 477694
is_linear=0
shrinkage=0.02


Tree=289
num_leaves=15
num_cat=0
split_feature=0 25 17 21 21 13 17 17 21 22 0 16 6 24
split_gain=180047 199267 177601 207510 332360 179435 606171 574693 321392 637147 306145 206707 222132 202067
threshold=8282.5000000000018 0.18237472325563434 0.10409895330667497 11096.288574218752 10973.947753906252 7.7000000476837167 0.5630948841571809 0.64950376749038707 11735.776855468752 11433.400878906252 2643.5000000000005 -4.0999999046325675 92.387031555175795 12236.509765625002
decision_type=2 2 2 2 2 2 2 2 2 2 2 2 2 2
left_child=2 -2 3 4 -1 7 13 -4 9 -9 -8 -12 -13 -7
right_child=1 -3 5 -5 -6 6 10 8 -10 -11 11 12 -14 -15
leaf_value=0.063672943001609264 -0.043727617269695554 -0.27733635869086271 0.0007903661109222637 0.017930781989496401 0.37460355843600374 -0.0057022092542642179 -0.01805962552497575 0.061963184093767117 0.01050639833632999 0.31067622653667065 0.017135068532033195 -0.070159730055803601 -0.16257924635607279 0.020894672238152823
leaf_weight=5449 8972 1736 1902312 20323 1832 739657 55191 50925 45826 4474 6960 32874 15232 135125
leaf_count=5449 8972 1736 1902312 20323 1832 739657 55191 50925 45826 4474 6960 32874 15232 135125
internal_value=9.04365e-07 -0.081826 0.000291682 0.0507799 0.142317 -0.000174815 -0.00716391 0.00326138 0.0496941 0.082102 -0.0513541 -0.0847145 -0.099451 -0.00159365
internal_weight=3.02689e+06 10708 3.01618e+06 27604 7281 2.98858e+06 985039 2.00354e+06 101225 55399 110257 55066 48106 874782
internal_count=3026888 10708 3016180 27604 7281 2988576 985039 2003537 101225 55399 110257 55066 48106 874782
is_linear=0
shrinkage=0.02


Tree=290
num_leaves=15
num_cat=0
split_feature=7 21 7 19 4 7 24 7 4 23 4 7 21 4
split_gain=176529 413686 302175 827052 448893 299816 294367 1.12066e+06 963495 703286 1.24104e+06 646070 991131 663258
threshold=10076.930175781252 10094.102539062502 10682.054199218752 10656.072753906252 59.114999771118171 10639.908691406252 10945.327148437502 10977.595703125002 252.49500274658206 10940.333984375002 69.384998321533217 11183.166503906252 11156.747070312502 -59.034999847412102
decision_type=2 2 2 2 2 2 2 2 2 2 2 2 2 2
left_child=-1 -2 3 -3 -5 -6 7 -4 9 10 -9 -8 13 -13
right_child=1 2 6 4 5 -7 11 8 -10 -11 -12 12 -14 -15
leaf_value=0.053599843141364123 -0.11421793809400081 -0.040131178463149161 -0.0095348912539443744 -0.094159027324355479 0.3061696251501872 0.12219689868866641 0.0218528301265229 0.0055873531795773701 0.12780108403039533 -0.63578286372439796 -0.40022796387666054 -0.24171906342598234 -0.0016308297613466553 -0.042116007048778138
leaf_weight=24371 12717 22019 403513 3216 4401 18200 513062 6065 3368 1649 5982 11093 1980581 16651
leaf_count=24371 12717 22019 403513 3216 4401 18200 513062 6065 3368 1649 5982 11093 1980581 16651
internal_value=9.06407e-07 -0.000434319 5.00291e-05 0.0499079 0.126688 0.158142 -0.000760814 -0.0162507 -0.174959 -0.249452 -0.196085 0.001823 -0.00329405 -0.121983
internal_weight=3.02689e+06 3.00252e+06 2.9898e+06 47836 25817 22601 2.94196e+06 420577 17064 13696 12047 2.52139e+06 2.00832e+06 27744
internal_count=3026888 3002517 2989800 47836 25817 22601 2941964 420577 17064 13696 12047 2521387 2008325 27744
is_linear=0
shrinkage=0.02


Tree=291
num_leaves=15
num_cat=0
split_feature=25 4 7 24 4 23 23 7 4 7 24 7 8 4
split_gain=175958 298087 236179 1.4878e+06 696849 1.3107e+06 597100 2.65159e+06 1.76192e+06 1.09485e+06 1.73493e+06 943961 918424 847729
threshold=0.10288297757506372 230.2600021362305 11203.626464843752 11186.624023437502 74.014999389648452 11216.504882812502 11354.811035156252 11348.165527343752 58.014999389648445 11366.788574218752 11394.214355468752 11366.788574218752 0.99770525097846996 39.315000534057624
decision_type=2 2 2 2 2 2 2 2 2 2 2 2 2 2
left_child=2 -2 4 -4 -1 -6 11 8 -8 10 -9 -5 -10 -12
right_child=1 -3 3 6 5 -7 7 9 12 -11 13 -13 -14 -15
leaf_value=-0.0029530072638240118 -0.019205531751581701 -0.1690854422662777 -0.12341320988622798 -0.015130928266349371 0.023471216106205801 0.24287125978078522 0.081565716737186766 0.048835279234811423 0.24919388166078998 -0.00094394595594046911 0.03161287959221 -0.13322187357739865 0.94486402736429853 0.55703007823005724
leaf_weight=799718 53833 5879 40704 228558 367926 11214 3611 33936 1147 1441197 1693 30705 2289 4478
leaf_count=799718 53833 5879 40704 228558 367926 11214 3611 33936 1147 1441197 1693 30705 2289 4478
internal_value=8.25488e-07 -0.0339883 0.000684947 -0.00389632 0.00763469 0.0299668 -0.00111193 0.00376731 0.390527 0.00192474 0.104983 -0.0291213 0.714039 0.413171
internal_weight=3.02689e+06 59712 2.96718e+06 1.78832e+06 1.17886e+06 379140 1.74761e+06 1.48835e+06 7047 1.4813e+06 40107 259263 3436 6171
internal_count=3026888 59712 2967176 1788318 1178858 379140 1747614 1488351 7047 1481304 40107 259263 3436 6171
is_linear=0
shrinkage=0.02


Tree=292
num_leaves=15
num_cat=0
split_feature=9 24 5 9 19 24 8 24 0 5 0 5 24 21
split_gain=178074 228536 183175 180832 278658 408991 290080 199865 202965 194776 193559 173593 257437 437333
threshold=0.93001860380172741 11529.431640625002 -0.072500001639127717 0.74366798996925365 11172.212402343752 11017.728027343752 0.64018929004669201 12729.683105468752 3066.5000000000005 -0.022499999962747094 2192.5000000000005 0.072500001639127745 11915.941894531252 10956.669921875002
decision_type=2 2 2 2 2 2 2 2 2 2 2 2 2 2
left_child=3 -2 -3 11 5 6 -5 8 -6 -7 -8 -1 13 -13
right_child=1 2 -4 4 7 9 10 -9 -10 -11 -12 12 -14 -15
leaf_value=-0.0011025198442543951 -0.35547940600927924 -0.37808351249162292 -0.012369310477755141 -0.0073519898323214832 0.02626381416539917 0.53961828931182776 0.11927588377278675 0.19396001584120171 -0.13229015958609266 0.19133348068293404 0.54848803975333549 -0.02209979066497653 -0.026358303665316895 0.084079907032730772
leaf_weight=2897550 1159 600 5384 5956 10411 1172 1118 1906 4670 1446 671 23848 26614 44383
leaf_count=2897550 1159 600 5384 5956 10411 1172 1118 1906 4670 1446 671 23848 26614 44383
internal_value=9.2233e-07 -0.099671 -0.0496114 0.000237025 0.0514209 0.133101 0.0598584 0.00154172 -0.022888 0.348718 0.282426 -0.000230951 0.0263929 0.04697
internal_weight=3.02689e+06 7143 5984 3.01974e+06 27350 10363 7745 16987 15081 2618 1789 2.9924e+06 94845 68231
internal_count=3026888 7143 5984 3019745 27350 10363 7745 16987 15081 2618 1789 2992395 94845 68231
is_linear=0
shrinkage=0.02


Tree=293
num_leaves=15
num_cat=0
split_feature=8 0 19 22 8 23 19 23 0 19 22 25 25 1
split_gain=173257 268118 383033 785390 226643 463432 747844 627627 591120 393888 886947 267201 241378 233712
threshold=-0.99208334088325489 2269.5000000000005 12033.481933593752 12038.913574218752 -0.90663021802902211 12071.932617187502 12647.693359375002 12552.284667968752 5734.5000000000009 12160.911621093752 12100.832519531252 0.014693256933242084 0.076041750609874739 151.97055816650393
decision_type=2 2 2 2 2 2 2 2 2 2 2 2 2 2
left_child=1 -1 -3 -4 5 8 7 9 13 10 11 -7 -11 -2
right_child=4 2 3 -5 -6 6 -8 -9 -10 12 -12 -13 -14 -15
leaf_value=0.0042531181097782769 0.0067366841922602803 -0.012082415524768676 -0.35638357517803032 -0.060232769267460413 -0.00067120473719593321 0.50458301896479574 -0.019130286068185703 0.31908939372212919 -0.18540467959896956 0.042962904342572224 0.75239508467454175 0.016118793819424465 0.17277062703841906 0.34879964130886476
leaf_weight=107634 211870 64203 4032 31542 2515830 526 31822 4897 6503 36624 1095 2732 6786 792
leaf_count=107634 211870 64203 4032 31542 2515830 526 31822 4897 6503 36624 1095 2732 6786 792
internal_value=9.54348e-07 -0.0176405 -0.0412564 -0.0938901 0.00129879 0.0176205 0.0574137 0.103664 0.0022793 0.0815143 0.262684 0.0962895 0.0632905 0.00802704
internal_weight=3.02689e+06 207411 99777 35574 2.81948e+06 303647 84482 52660 219165 47763 4353 3258 43410 212662
internal_count=3026888 207411 99777 35574 2819477 303647 84482 52660 219165 47763 4353 3258 43410 212662
is_linear=0
shrinkage=0.02


Tree=294
num_leaves=15
num_cat=0
split_feature=17 25 5 8 4 8 0 25 23 22 4 8 4 22
split_gain=172779 291041 257608 460943 253945 241246 391780 374792 398527 446027 546608 468182 379988 438054
threshold=0.30285072326660162 0.052623640745878227 -0.027499999850988385 -1.0000000180025095e-35 -67.084999084472642 0.9293411672115327 3689.5000000000005 0.18237472325563434 11326.844238281252 11213.981933593752 89.865001678466811 -0.9504232108592986 179.59500122070315 12793.580566406252
decision_type=2 2 2 2 2 2 2 2 2 2 2 2 2 2
left_child=-1 -2 3 -3 -5 6 -4 8 9 11 -11 -8 -10 -14
right_child=1 2 5 4 -6 -7 7 -9 12 10 -12 -13 13 -15
leaf_value=0.0091823720963585837 0.0012408806645802957 -0.045090843136054951 -0.032721576523411545 0.66382776828087886 0.13490689213304466 -0.040049569501250548 0.65698768486039028 -0.16073280307409588 0.016456734977617661 -0.00055940688592664002 0.31045015881270915 0.029622273019277921 -0.04834803805720668 -0.36709566815659356
leaf_weight=645114 1854768 126709 101478 457 1669 74663 468 4756 69245 3950 5274 105319 31202 1816
leaf_count=645114 1854768 126709 101478 457 1669 74663 468 4756 69245 3950 5274 105319 31202 1816
internal_value=1.03686e-06 -0.00248579 -0.0156014 -0.0401825 0.251187 -0.00764692 -0.000167584 0.0147118 0.0185595 0.0440993 0.177408 0.0324598 -0.0101654 -0.0659857
internal_weight=3.02689e+06 2.38177e+06 527006 128835 2126 398171 323508 222030 217274 115011 9224 105787 102263 33018
internal_count=3026888 2381774 527006 128835 2126 398171 323508 222030 217274 115011 9224 105787 102263 33018
is_linear=0
shrinkage=0.02


Tree=295
num_leaves=15
num_cat=0
split_feature=21 7 4 9 0 7 9 7 19 7 0 7 24 7
split_gain=177992 630925 433574 495709 458228 378244 818431 911702 766941 946184 924429 768575 1.55055e+06 1.49574e+06
threshold=12762.438964843752 12829.757324218752 -102.12499999999999 -0.53606674075126637 2112.5000000000005 12539.508789062502 -0.69446012377738942 12697.041503906252 12499.732421875002 12507.821777343752 3512.5000000000005 12432.269042968752 12264.205566406252 12254.959472656252
decision_type=2 2 2 2 2 2 2 2 2 2 2 2 2 2
left_child=1 5 -2 4 -4 8 7 -7 11 10 -10 12 13 -1
right_child=2 -3 3 -5 -6 6 -8 -9 9 -11 -12 -13 -14 -15
leaf_value=1.3396619475506456e-05 0.18303242811284598 -0.31453381749742448 -0.022866086171131214 -0.013208076841739838 0.1834006332262324 0.33431207627451232 -0.037146542300591466 -0.085845023848327692 0.094885065580423672 0.031183945750350623 0.44516668048908253 -0.087920280462775599 0.11341720137604235 -0.20231009038555317
leaf_weight=2582657 6696 2552 6896 58315 11460 5059 179051 3481 8450 55273 4681 39494 48134 14689
leaf_count=2582657 6696 2552 6896 58315 11460 5059 179051 3481 8450 55273 4681 39494 48134 14689
internal_value=1.09067e-06 -0.000815145 0.0288176 0.015327 0.105939 -0.000541843 -0.0280199 0.163149 0.00133036 0.0674568 0.22 -0.000354558 0.000953018 -0.00113159
internal_weight=3.02689e+06 2.94352e+06 83367 76671 18356 2.94097e+06 187591 8540 2.75338e+06 68404 13131 2.68497e+06 2.64548e+06 2.59735e+06
internal_count=3026888 2943521 83367 76671 18356 2940969 187591 8540 2753378 68404 13131 2684974 2645480 2597346
is_linear=0
shrinkage=0.02


Tree=296
num_leaves=15
num_cat=0
split_feature=16 20 7 7 22 20 4 20 9 4 4 20 7 22
split_gain=173801 236111 2.30213e+06 702509 695124 1.40427e+06 821216 653654 790682 797318 614834 571528 567679 1.89343e+06
threshold=-22.100000381469723 12184.038085937502 12202.615234375002 12157.349121093752 12217.798828125002 12293.393554687502 -51.395000457763665 12203.126464843752 -0.2852825373411178 116.74499893188478 199.79499816894534 12217.466308593752 12043.979003906252 12049.951660156252
decision_type=2 2 2 2 2 2 2 2 2 2 2 2 2 2
left_child=-1 12 3 -3 5 6 -4 -5 -9 -10 -8 -6 13 -2
right_child=1 2 4 7 11 -7 10 8 9 -11 -12 -13 -14 -15
leaf_value=0.017793842659003606 -0.002521202748143137 0.4319188416811619 -0.39259598811056928 0.018829297875908476 0.20664961637227972 0.35041039979756883 -0.068019700762092447 0.037213437330527281 0.17879224052513296 0.49417696664373401 -0.52085205915057731 0.00010794940624254514 -0.035985298204622429 0.23634377829429887
leaf_weight=204734 2063917 2861 4055 20019 5415 2661 26774 13510 20674 3792 1246 440368 203512 13350
leaf_count=204734 2063917 2861 4055 20019 5415 2661 26774 13510 20674 3792 1246 440368 203512 13350
internal_value=1.10994e-06 -0.00128972 0.010584 0.126464 -0.00409414 -0.0902552 -0.126912 0.111323 0.160063 0.227857 -0.0883357 0.00262147 -0.00410815 -0.000984946
internal_weight=3.02689e+06 2.82215e+06 541375 60856 480519 34736 32075 57995 37976 24466 28020 445783 2.28078e+06 2.07727e+06
internal_count=3026888 2822154 541375 60856 480519 34736 32075 57995 37976 24466 28020 445783 2280779 2077267
is_linear=0
shrinkage=0.02


Tree=297
num_leaves=15
num_cat=0
split_feature=21 7 7 9 0 1 25 24 25 7 23 7 24 7
split_gain=170692 590817 405111 499465 399097 347330 532924 401642 342274 318460 1.10796e+06 1.00578e+06 1.4853e+06 1.43151e+06
threshold=12773.156738281252 12829.757324218752 12674.207031250002 -0.54542985558509816 1187.5000000000002 74.992824554443374 0.036893701180815704 12790.695312500002 0.064686533063650145 12531.327636718752 12500.669921875002 12432.269042968752 12264.205566406252 12254.959472656252
decision_type=2 2 2 2 2 2 2 2 2 2 2 2 2 2
left_child=1 9 8 4 -4 -5 -7 -8 -2 10 11 12 13 -1
right_child=2 -3 3 5 -6 6 7 -9 -10 -11 -12 -13 -14 -15
leaf_value=1.6496963764345896e-05 0.32219645048442636 -0.2779550855979856 -0.10665718235582031 -0.063354626700244915 0.18193611158940892 -0.030297933012244337 0.27251929350046289 0.017983519364013986 0.029015566485553632 -0.023461306320827102 0.09144933969242354 -0.11461898823268732 0.11093023402516002 -0.19791557930721851
leaf_weight=2582877 3334 3062 2347 26072 10307 16495 5355 4614 3046 222421 53601 30465 48203 14689
leaf_count=2582877 3334 3062 2347 26072 10307 16495 5355 4614 3046 222421 53601 30465 48203 14689
internal_value=1.15119e-06 -0.000737987 0.0305183 0.0156191 0.128366 -0.0115564 0.0394785 0.154849 0.182491 -0.000449518 0.0014255 -0.000377867 0.000937995 -0.00110354
internal_weight=3.02689e+06 2.95532e+06 71570 65190 12654 52536 26464 9969 6380 2.95226e+06 2.72984e+06 2.67623e+06 2.64577e+06 2.59757e+06
internal_count=3026888 2955318 71570 65190 12654 52536 26464 9969 6380 2952256 2729835 2676234 2645769 2597566
is_linear=0
shrinkage=0.02


Tree=298
num_leaves=15
num_cat=0
split_feature=0 5 0 25 25 24 21 23 19 19 22 0 21 0
split_gain=168646 182398 275776 182002 181329 169420 1.25525e+06 674899 700762 330713 609907 1.34805e+06 593232 425780
threshold=8282.5000000000018 0.087500002235174193 5023.5000000000009 0.049489881843328483 0.18237472325563434 12051.915527343752 12033.639648437502 11978.951660156252 11979.767089843752 12378.698730468752 12223.207519531252 3467.5000000000005 12218.876464843752 1659.5000000000002
decision_type=2 2 2 2 2 2 2 2 2 2 2 2 2 2
left_child=1 5 -3 -4 -2 7 -7 8 -1 10 -8 12 13 -12
right_child=4 2 3 -5 -6 6 9 -9 -10 -11 11 -13 -14 -15
leaf_value=-0.00083531316032182392 -0.042847729724231995 0.022133439102350935 -0.041344425398683785 0.24672189561170965 -0.26569734723843796 0.57013823857593349 0.0021161359879867839 -0.043436336942423652 0.16458450211702194 -0.0075214300983278996 0.026717425220218853 0.16842764125780282 0.0085644884309862297 0.43103358662770896
leaf_weight=2054246 8972 26143 1123 3956 1736 1575 280052 153809 10285 352078 1882 31490 97213 2328
leaf_count=2054246 8972 26143 1123 3956 1736 1575 280052 153809 10285 352078 1882 31490 97213 2328
internal_value=1.14215e-06 0.000282563 0.0483642 0.183069 -0.0791926 -0.000220514 0.0078847 -0.00302156 -1.04283e-05 0.00671973 0.0188611 0.0541404 0.018643 0.250788
internal_weight=3.02689e+06 3.01618e+06 31222 5079 10708 2.98496e+06 766618 2.21834e+06 2.06453e+06 765043 412965 132913 101423 4210
internal_count=3026888 3016180 31222 5079 10708 2984958 766618 2218340 2064531 765043 412965 132913 101423 4210
is_linear=0
shrinkage=0.02


Tree=299
num_leaves=15
num_cat=0
split_feature=9 24 5 9 7 7 4 25 4 25 9 0 4 7
split_gain=170581 219740 176185 168864 446579 386586 329108 423531 306926 208513 377491 609640 727559 781845
threshold=0.93001860380172741 11529.431640625002 -0.072500001639127717 0.74366798996925365 11002.881835937502 12754.497070312502 -51.395000457763665 0.077059991657733931 -91.045001983642564 0.043464088812470443 -0.31772331893444056 3025.5000000000005 76.465000152587905 11397.901855468752
decision_type=2 2 2 2 2 2 2 2 2 2 2 2 2 2
left_child=3 -2 -3 9 6 8 7 -5 -6 -1 11 -11 -13 -14
right_child=1 2 -4 4 5 -7 -8 -9 -10 10 -12 12 13 -15
leaf_value=0.0034276421464155839 -0.34838837953996615 -0.3706078577053229 -0.011940336101356697 0.12345336763958763 -0.24238721317843792 0.25841667786981776 0.017934013131160356 0.50378771946414536 0.00058911994457733294 -0.030823004828125757 -0.019919844054662291 0.17536414173701415 0.043082147548157278 -0.019593725279779473
leaf_weight=2025512 1159 600 5384 2896 2409 2018 3243 1967 14817 134514 500679 11574 171673 148443
leaf_count=2025512 1159 600 5384 2896 2409 2018 3243 1967 14817 134514 500679 11574 171673 148443
internal_value=1.20141e-06 -0.0975511 -0.0484646 0.000232284 0.0496934 -0.00277816 0.174116 0.278014 -0.0335101 -0.000219941 -0.0078612 0.00508927 0.0196537 0.0140186
internal_weight=3.02689e+06 7143 5984 3.01974e+06 27350 19244 8106 4863 17226 2.9924e+06 966883 466204 331690 320116
internal_count=3026888 7143 5984 3019745 27350 19244 8106 4863 17226 2992395 966883 466204 331690 320116
is_linear=0
shrinkage=0.02


end of trees

feature_importances:
Column_7=944
Column_4=403
Column_9=347
Column_19=333
Column_20=318
Column_24=288
Column_21=267
Column_0=262
Column_8=244
Column_22=194
Column_23=171
Column_25=119
Column_17=93
Column_5=77
Column_6=42
Column_13=29
Column_16=28
Column_1=18
Column_14=18
Column_10=3
Column_3=2

parameters:
[boosting: gbdt]
[objective: regression]
[metric: l2]
[tree_learner: serial]
[device_type: cpu]
[data_sample_strategy: bagging]
[data: ]
[valid: ]
[num_iterations: 300]
[learning_rate: 0.02]
[num_leaves: 15]
[num_threads: 4]
[seed: 3]
[deterministic: 0]
[force_col_wise: 0]
[force_row_wise: 0]
[histogram_pool_size: -1]
[max_depth: -1]
[min_data_in_leaf: 200]
[min_sum_hessian_in_leaf: 0.001]
[bagging_fraction: 0.7]
[pos_bagging_fraction: 1]
[neg_bagging_fraction: 1]
[bagging_freq: 0]
[bagging_seed: 7196]
[bagging_by_query: 0]
[feature_fraction: 0.6]
[feature_fraction_bynode: 1]
[feature_fraction_seed: 9091]
[extra_trees: 0]
[extra_seed: 23577]
[early_stopping_round: 0]
[early_stopping_min_delta: 0]
[first_metric_only: 0]
[max_delta_step: 0]
[lambda_l1: 1]
[lambda_l2: 10]
[linear_lambda: 0]
[min_gain_to_split: 0]
[drop_rate: 0.1]
[max_drop: 50]
[skip_drop: 0.5]
[xgboost_dart_mode: 0]
[uniform_drop: 0]
[drop_seed: 9294]
[top_rate: 0.2]
[other_rate: 0.1]
[min_data_per_group: 100]
[max_cat_threshold: 32]
[cat_l2: 10]
[cat_smooth: 10]
[max_cat_to_onehot: 4]
[top_k: 20]
[monotone_constraints: ]
[monotone_constraints_method: basic]
[monotone_penalty: 0]
[feature_contri: ]
[forcedsplits_filename: ]
[refit_decay_rate: 0.9]
[cegb_tradeoff: 1]
[cegb_penalty_split: 0]
[cegb_penalty_feature_lazy: ]
[cegb_penalty_feature_coupled: ]
[path_smooth: 0]
[interaction_constraints: ]
[verbosity: -1]
[saved_feature_importance_type: 0]
[use_quantized_grad: 0]
[num_grad_quant_bins: 4]
[quant_train_renew_leaf: 0]
[stochastic_rounding: 1]
[linear_tree: 0]
[max_bin: 255]
[max_bin_by_feature: ]
[min_data_in_bin: 3]
[bin_construct_sample_cnt: 200000]
[data_random_seed: 48]
[is_enable_sparse: 1]
[enable_bundle: 1]
[use_missing: 1]
[zero_as_missing: 0]
[feature_pre_filter: 1]
[pre_partition: 0]
[two_round: 0]
[header: 0]
[label_column: ]
[weight_column: ]
[group_column: ]
[ignore_column: ]
[categorical_feature: ]
[forcedbins_filename: ]
[precise_float_parser: 0]
[parser_config_file: ]
[objective_seed: 7031]
[num_class: 1]
[is_unbalance: 0]
[scale_pos_weight: 1]
[sigmoid: 1]
[boost_from_average: 1]
[reg_sqrt: 0]
[alpha: 0.9]
[fair_c: 1]
[poisson_max_delta_step: 0.7]
[tweedie_variance_power: 1.5]
[lambdarank_truncation_level: 30]
[lambdarank_norm: 1]
[label_gain: ]
[lambdarank_position_bias_regularization: 0]
[eval_at: ]
[multi_error_top_k: 1]
[auc_mu_weights: ]
[num_machines: 1]
[local_listen_port: 12400]
[time_out: 120]
[machine_list_filename: ]
[machines: ]
[gpu_platform_id: -1]
[gpu_device_id: -1]
[gpu_use_dp: 0]
[num_gpu: 1]

end of parameters

pandas_categorical:null
