tree
version=v4
num_class=1
num_tree_per_iteration=1
label_index=0
max_feature_idx=18
objective=regression
feature_names=Column_0 Column_1 Column_2 Column_3 Column_4 Column_5 Column_6 Column_7 Column_8 Column_9 Column_10 Column_11 Column_12 Column_13 Column_14 Column_15 Column_16 Column_17 Column_18
feature_infos=[1:10017] [21.500913619995117:437.50320434570312] [-46.623214721679688:156.28773498535156] [0.0050586326979100704:167.83737182617188] [-342.6300048828125:416.17999267578125] [-0.50499999523162842:0.1550000011920929] [19.103734970092773:428.66915893554688] [10036.052734375:12871.2734375] [-1:1] [-0.98077267408370972:0.97328609228134155] [-25:25] [0:0.99360066652297974] [0:0.58404231071472168] [-25:25] [-0.09104108065366745:0.96033948659896851] [3.8849925942940899e-08:0.6466706395149231] [-25:25] [-0.32490873336791992:0.9224887490272522] [3.3687317682051798e-06:0.81084883213043213]
tree_sizes=1613 1643 1662 1647 1644 1646 1646 1656 1638 1664 1654 1646 1672 1675 1683 1663 1643 1667 1669 1642 1668 1639 1651 1643 1615 1623 1617 1644 1656 1650 1628 1637 1629 1647 1649 1638 1637 1637 1631 1664 1644 1650 1614 1638 1651 1657 1646 1639 1642 1628 1637 1625 1668 1646 1653 1595 1686 1654 1642 1661 1679 1625 1679 1613 1640 1669 1622 1632 1628 1616 1653 1624 1617 1645 1652 1634 1630 1600 1641 1665 1629 1626 1625 1658 1645 1642 1566 1640 1628 1615 1615 1648 1679 1608 1630 1660 1651 1627 1613 1645 1598 1590 1639 1653 1548 1632 1590 1638 1628 1603 1593 1599 1603 1603 1637 1646 1655 1596 1629 1600 1582 1595 1604 1620 1624 1638 1654 1639 1634 1616 1645 1543 1571 1620 1621 1645 1601 1565 1562 1615 1607 1647 1574 1595 1604 1611 1634 1573 1587 1563 1604 1538 1568 1595 1629 1653 1564 1572 1657 1644 1581 1595 1614 1564 1560 1630 1647 1613 1611 1548 1583 1628 1649 1562 1629 1531 1600 1652 1598 1517 1603 1593 1642 1553 1632 1577 1582 1586 1552 1618 1610 1606 1642 1587 1618 1566 1581 1605 1599 1605 1587 1588 1554 1639 1549 1618 1568 1631 1548 1545 1623 1587 1628 1596 1599 1573 1565 1577 1620 1588 1555 1605 1582 1555 1598 1558 1615 1598 1592 1601 1516 1608 1546 1616 1597 1555 1624 1607 1586 1611 1601 1596 1583 1620 1512 1597 1620 1604 1596 1610 1619 1570 1575 1589 1549 1572 1600 1576 1513 1581 1605 1511 1602 1570 1578 1593 1602 1569 1542 1575 1591 1597 1570 1567 1509 1564 1611 1533 1569 1586 1604 1515 1557 1620 1607 1571 1555 1599 1499 1570 1604 1544 1623 1531 1557 1571 1601 1594 1622 1549

Tree=0
num_leaves=15
num_cat=0
split_feature=8 9 4 8 9 4 0 8 4 9 4 8 6 4
split_gain=2.01052e+07 4.3162e+06 2.89338e+06 2.80349e+06 2.79751e+06 2.98314e+06 2.6199e+06 3.64637e+06 2.24941e+06 2.19785e+06 1.95557e+06 1.6426e+06 1.48234e+06 1.44e+06
threshold=-1.0000000180025095e-35 0.59157848358154308 -126.99499893188475 -0.95236524939537037 0.12987381964921954 -51.034999847412102 1734.5000000000002 0.68934190273284923 229.26499938964847 0.8301217555999757 25.744999885559086 0.71212160587310802 50.552278518676765 -278.60499572753901
decision_type=2 2 2 2 2 2 2 2 2 2 2 2 2 2
left_child=1 3 13 -1 6 -6 -2 -8 -9 -4 -5 -10 -7 -3
right_child=4 2 9 10 5 12 7 8 11 -11 -12 -13 -14 -15
leaf_value=0.81031192559315357 0.89251740597843365 0.16035647428799549 0.80853909091532761 0.88976025156479499 1.3429559953080799 1.6367140625579468 1.1248178153352091 0.94354301513407091 1.2933030307764319 0.42713258584561803 1.4088672356332523 0.76573669879504846 0.71885089724930618 0.70970701598882235
leaf_weight=299170 588889 1926 511911 337614 3433 705 43254 1000715 2496 6106 2918 40769 45934 140411
leaf_count=299170 588889 1926 511911 337614 3433 705 43254 1000715 2496 6106 2918 40769 45934 140411
internal_value=0.877355 0.817954 0.782087 0.85498 0.922092 0.774798 0.926493 0.944895 0.937439 0.804035 0.894224 0.796262 0.732886 0.702224
internal_weight=3.02625e+06 1.30006e+06 660354 639702 1.7262e+06 50072 1.67612e+06 1.08723e+06 1.04398e+06 518017 340532 43265 46639 142337
internal_count=3026251 1300056 660354 639702 1726195 50072 1676123 1087234 1043980 518017 340532 43265 46639 142337
is_linear=0
shrinkage=1


Tree=1
num_leaves=15
num_cat=0
split_feature=8 8 4 4 8 8 8 4 6 4 4 5 8 4
split_gain=1.93091e+07 3.45987e+06 2.95916e+06 2.55555e+06 2.33431e+06 2.2257e+06 2.09586e+06 1.57152e+06 2.07041e+06 1.79165e+06 1.54685e+06 1.95995e+06 1.60853e+06 1.40852e+06
threshold=-1.0000000180025095e-35 -0.80328845977783192 -126.99499893188475 25.744999885559086 -0.95236524939537037 0.68934190273284923 -0.56388047337532032 37.104999542236335 102.77860260009767 -66.865001678466783 229.26499938964847 0.072500001639127745 0.88779377937316906 -278.60499572753901
decision_type=2 2 2 2 2 2 2 2 2 2 2 2 2 2
left_child=1 4 13 6 -1 7 -4 9 -9 -2 -7 12 -12 -3
right_child=5 2 3 -5 -6 10 -8 8 -10 -11 11 -13 -14 -15
leaf_value=-0.065702617679742281 0.60008286580747494 -0.71098154966856075 -0.06721848974109676 0.52091793133749986 0.01094654644507044 0.041718478659764219 -0.43879914549892307 0.1358878464275555 0.41999189615843663 0.0059762283225092971 -0.23766905800866528 0.21255385963231338 0.045852871365334398 -0.16426783798452302
leaf_weight=299170 2146 1902 512336 2918 339018 1592858 6135 39161 13902 34863 23581 7574 12110 138577
leaf_count=299170 2146 1902 512336 2918 339018 1592858 6135 39161 13902 34863 23581 7574 12110 138577
internal_value=4.54572e-08 -0.0582131 -0.090251 -0.0682976 -0.0249855 0.0438424 -0.0716238 0.140628 0.210386 0.0405794 0.0385133 -0.07947 -0.141483 -0.17172
internal_weight=3.02625e+06 1.30006e+06 661868 521389 638188 1.7262e+06 518471 90072 53063 37009 1.63612e+06 43265 35691 140479
internal_count=3026251 1300056 661868 521389 638188 1726195 518471 90072 53063 37009 1636123 43265 35691 140479
is_linear=0
shrinkage=0.02


Tree=2
num_leaves=15
num_cat=0
split_feature=8 9 9 8 0 0 9 9 17 8 6 0 17 0
split_gain=1.85446e+07 3.98664e+06 2.69771e+06 2.5888e+06 2.53393e+06 2.51741e+06 3.4742e+06 1.9418e+06 1.88209e+06 1.533e+06 1.43181e+06 1.56344e+06 1.39904e+06 1.24287e+06
threshold=1.0000000180025095e-35 0.59157848358154308 0.12987381964921954 -0.95236524939537037 2745.5000000000005 1618.5000000000002 -0.72443613409996022 0.8301217555999757 0.19656948745250705 -0.71702975034713734 54.052558898925788 3706.5000000000005 0.21199708431959155 8272.5000000000018
decision_type=2 2 2 2 2 2 2 2 2 2 2 2 2 2
left_child=1 3 5 -1 7 -2 -7 -3 -5 12 -4 -12 -6 -14
right_child=2 4 10 8 9 6 -8 -9 -10 -11 11 -13 13 -15
leaf_value=-0.064388608379569293 0.012193929959557415 -0.05118123355178985 0.69389995661407677 0.19691088568094542 0.067464842177659246 0.23460776449104936 0.057158197218402783 -0.42980904219691052 0.0040097388777811452 -0.053423074492095733 -0.039789776316896931 -0.28277146488776828 -0.16685067665943343 -0.59411860735632949
leaf_weight=299170 549565 364506 879 21592 10187 46004 1080554 5490 318940 69000 33766 15427 208420 2751
leaf_count=299170 549565 364506 879 21592 10187 46004 1080554 5490 318940 69000 33766 15427 208420 2751
internal_value=6.38048e-08 -0.057049 0.0429657 -0.0214646 -0.0915196 0.0472873 0.0644065 -0.0568108 0.0162464 -0.135744 -0.101677 -0.116032 -0.161401 -0.172445
internal_weight=3.02625e+06 1.30006e+06 1.7262e+06 639702 660354 1.67612e+06 1.12656e+06 369996 340532 290358 50072 49193 221358 211171
internal_count=3026251 1300056 1726195 639702 660354 1676123 1126558 369996 340532 290358 50072 49193 221358 211171
is_linear=0
shrinkage=0.02


Tree=3
num_leaves=15
num_cat=0
split_feature=8 9 4 9 4 8 9 9 4 4 5 8 6 6
split_gain=1.78103e+07 3.82882e+06 2.59658e+06 2.59083e+06 2.7942e+06 2.48629e+06 2.05615e+06 1.95845e+06 1.80275e+06 1.61354e+06 1.88242e+06 1.54486e+06 1.37373e+06 1.31124e+06
threshold=-1.0000000180025095e-35 0.59157848358154308 -126.99499893188475 0.12987381964921954 -51.034999847412102 -0.95236524939537037 -0.72443613409996022 0.8301217555999757 26.994999885559086 229.26499938964847 0.072500001639127745 0.88779377937316906 50.552278518676765 102.77860260009767
decision_type=2 2 2 2 2 2 2 2 2 2 2 2 2 2
left_child=1 5 -3 6 -5 -1 13 -4 -7 -8 11 -11 -6 -2
right_child=3 2 7 4 12 8 9 -9 -10 10 -12 -13 -14 -15
leaf_value=-0.063100880967434575 0.10049266578542257 -0.16534619684152344 -0.06464633714335645 0.4502285889941493 0.72988427852417703 0.011735895617723695 0.044790476202987345 -0.42468194829745914 0.52185832346518213 -0.2340603679539757 0.20716673665914656 0.043794348943311613 -0.1537160789422751 0.29237652303927819
leaf_weight=299170 59576 142337 511911 3433 705 337748 1554561 6106 2784 23581 7574 12110 45934 18721
leaf_count=299170 59576 142337 511911 3433 705 337748 1554561 6106 2784 23581 7574 12110 45934 18721
internal_value=3.51798e-08 -0.0559081 -0.0896895 0.0421065 -0.0996423 -0.0210353 0.0463416 -0.0688983 0.0159216 0.0414374 -0.0790234 -0.139798 -0.140205 0.146404
internal_weight=3.02625e+06 1.30006e+06 660354 1.7262e+06 50072 639702 1.67612e+06 518017 340532 1.59783e+06 43265 35691 46639 78297
internal_count=3026251 1300056 660354 1726195 50072 639702 1676123 518017 340532 1597826 43265 35691 46639 78297
is_linear=0
shrinkage=0.02


Tree=4
num_leaves=15
num_cat=0
split_feature=8 9 8 9 4 4 8 17 9 4 8 4 4 1
split_gain=1.71051e+07 3.67785e+06 2.99562e+06 2.48809e+06 2.68858e+06 2.1371e+06 1.97476e+06 1.88717e+06 1.8866e+06 1.54965e+06 1.58564e+06 1.38617e+06 1.37312e+06 1.35089e+06
threshold=-1.0000000180025095e-35 0.53606674075126659 -0.95236524939537037 0.12987381964921954 -40.06500053405761 -126.99499893188475 0.68934190273284923 0.19656948745250705 0.8301217555999757 229.26499938964847 0.71827605366706859 26.994999885559086 -228.83499908447263 39.409135818481452
decision_type=2 2 2 2 2 2 2 2 2 2 2 2 2 2
left_child=1 2 -1 6 -5 -3 -2 12 -7 -8 -11 -9 -4 -6
right_child=3 5 7 4 13 8 9 11 -10 10 -12 -13 -14 -15
leaf_value=-0.0618389051533891 0.14347721287426607 -0.15033836569233103 0.83220426498351319 0.39903535973842114 0.71703143479583342 -0.062982900799165714 0.043894672585128303 0.011095562955191308 -0.41620219545262321 0.37274193803127476 -0.10997851968040286 0.51611151639997521 0.17545984833065398 -0.15449788093571123
leaf_weight=299170 78297 157247 1368 4001 713 551663 1554561 265339 6106 2909 40356 2182 16981 45358
leaf_count=299170 78297 157247 1368 4001 713 551663 1554561 265339 6106 2909 40356 2182 16981 45358
internal_value=1.21242e-07 -0.05479 -0.0176008 0.0412645 -0.0976454 -0.0852182 0.0454148 0.0286959 -0.0668571 0.0406087 -0.0774428 0.0152339 0.224851 -0.140857
internal_weight=3.02625e+06 1.30006e+06 585040 1.7262e+06 50072 715016 1.67612e+06 285870 557769 1.59783e+06 43265 267521 18349 46071
internal_count=3026251 1300056 585040 1726195 50072 715016 1676123 285870 557769 1597826 43265 267521 18349 46071
is_linear=0
shrinkage=0.02


Tree=5
num_leaves=15
num_cat=0
split_feature=5 7 7 0 7 0 7 7 7 7 7 7 7 7
split_gain=1.3983e+07 4.56224e+06 4.36185e+06 4.39352e+06 3.4026e+06 4.04216e+06 3.40286e+06 3.05398e+06 1.93602e+06 1.7578e+06 2.50784e+06 2.17432e+06 1.62372e+06 5.05698e+06
threshold=-0.0074999998323619357 11577.411621093752 10886.141601562502 4199.5000000000009 10926.682617187502 3457.5000000000005 10855.785644531252 11755.942382812502 10930.859375000002 11004.516113281252 11059.523925781252 11199.230468750002 10817.519042968752 10782.446289062502
decision_type=2 2 2 2 2 2 2 2 2 2 2 2 2 2
left_child=1 2 12 8 5 -2 -7 -3 -4 -10 -11 -12 13 -1
right_child=4 7 3 -5 -6 6 -8 -9 9 10 11 -13 -14 -15
leaf_value=0.067044666450332469 0.047505720110429722 0.21172237135110653 -0.2237081784018215 -0.20822710500015207 0.023215808109488353 0.14396015331681153 0.44200735601950508 -0.0153169760427444 0.009355800974914865 -0.23042737856069301 0.014153120514574189 -0.098868871257327573 0.12948982487150804 -0.36913332656195436
leaf_weight=47665 185349 25132 33660 127416 1569427 65465 20003 412803 96795 42735 93719 248900 43508 13674
leaf_count=47665 185349 25132 33660 127416 1569427 65465 20003 412803 96795 42735 93719 248900 43508 13674
internal_value=2.67716e-07 -0.0535509 -0.0835635 -0.103061 0.0345132 0.0999802 0.213759 -0.00228317 -0.0770795 -0.0668385 -0.0859772 -0.0679536 0.0360517 -0.0302343
internal_weight=3.02625e+06 1.18601e+06 748072 643225 1.84024e+06 270817 85468 437935 515809 482149 385354 342619 104847 61339
internal_count=3026251 1186007 748072 643225 1840244 270817 85468 437935 515809 482149 385354 342619 104847 61339
is_linear=0
shrinkage=0.02


Tree=6
num_leaves=15
num_cat=0
split_feature=8 8 8 4 4 8 8 17 4 4 4 8 4 4
split_gain=1.59052e+07 3.00951e+06 2.57573e+06 2.39774e+06 2.02898e+06 1.91775e+06 1.7848e+06 1.69419e+06 1.39765e+06 1.65904e+06 1.38558e+06 1.52914e+06 1.28422e+06 1.26936e+06
threshold=-1.0000000180025095e-35 -0.84077408909797657 -0.95236524939537037 24.744999885559086 -126.99499893188475 0.68934190273284923 -0.56388047337532032 0.21644368022680285 37.104999542236335 -66.865001678466783 229.26499938964847 0.71212160587310802 -278.60499572753901 -126.99499893188475
decision_type=2 2 2 2 2 2 2 2 2 2 2 2 2 2
left_child=1 2 -1 4 12 8 -6 13 9 -2 -7 -12 -3 -4
right_child=5 3 7 -5 6 10 -8 -9 -10 -11 11 -13 -14 -15
leaf_value=-0.059723702333801643 0.57367937177806705 -0.643138343498319 0.39209066829420103 0.48356874579044479 -0.060950170984323156 0.037877787191535089 -0.40369373467151287 0.010159608091214108 0.19541750482973425 0.0019842397447867909 0.40274709129312186 -0.1062719523999112 -0.13950823419312552 0.078411930634477017
leaf_weight=299170 2146 2043 8062 2996 554664 1592858 6135 258027 53063 34863 2496 40769 154634 14325
leaf_count=299170 2146 2043 8062 2996 554664 1592858 6135 258027 53063 34863 2496 40769 154634 14325
internal_value=2.59824e-07 -0.0528332 -0.0189055 -0.0801256 -0.0824862 0.039791 -0.0647069 0.0246433 0.129632 0.035281 0.0348443 -0.0768194 -0.146116 0.191499
internal_weight=3.02625e+06 1.30006e+06 579584 720472 717476 1.7262e+06 560799 280414 90072 37009 1.63612e+06 43265 156677 22387
internal_count=3026251 1300056 579584 720472 717476 1726195 560799 280414 90072 37009 1636123 43265 156677 22387
is_linear=0
shrinkage=0.02


Tree=7
num_leaves=15
num_cat=0
split_feature=9 7 4 7 9 7 9 7 7 7 7 7 4 9
split_gain=1.48496e+07 5.6312e+06 3.93963e+06 3.95794e+06 4.4338e+06 4.10498e+06 5.6703e+06 3.33636e+06 3.30444e+06 3.20732e+06 3.01636e+06 9.83394e+06 3.42026e+06 2.94238e+06
threshold=0.53606674075126659 10769.989746093752 31.554999351501468 10926.682617187502 -0.72443613409996022 10844.483886718752 -0.16965726763010022 12832.255859375002 10706.830566406252 10858.977050781252 11004.516113281252 11059.523925781252 -105.5349998474121 0.16236701607704165
decision_type=2 2 2 2 2 2 2 2 2 2 2 2 2 2
left_child=2 8 -1 5 -5 -4 -7 9 -2 -3 -11 12 -12 -6
right_child=1 7 3 4 13 6 -8 -9 -10 10 11 -13 -14 -15
leaf_value=-0.0067340181528830556 -0.045474737971224054 -0.34912271862509964 0.069114211023073455 0.2310985091728493 0.029228512384865523 0.36486702518844133 -0.084432040799910471 0.39968824254797369 0.36657207116184376 -0.0069574507500924331 -0.66503686259088113 -0.082408408960060783 -0.28138656487094987 -0.18121614081353207
leaf_weight=934380 14053 19237 153159 42966 1078607 48488 14619 5497 17439 146301 12733 477054 34481 27237
leaf_count=934380 14053 19237 153159 42966 1078607 48488 14619 5497 17439 146301 12733 477054 34481 27237
internal_value=3.04399e-07 -0.0788019 0.0249078 0.0465662 0.0317895 0.125055 0.260788 -0.0906505 0.182743 -0.0945637 -0.0872559 -0.109663 -0.384971 0.0240436
internal_weight=3.02625e+06 726795 2.29946e+06 1.36508e+06 1.14881e+06 216266 63107 695303 31492 689806 670569 524268 47214 1.10584e+06
internal_count=3026251 726795 2299456 1365076 1148810 216266 63107 695303 31492 689806 670569 524268 47214 1105844
is_linear=0
shrinkage=0.02


Tree=8
num_leaves=15
num_cat=0
split_feature=8 7 7 4 7 4 7 7 8 7 7 6 4 7
split_gain=1.47362e+07 4.73173e+06 4.08496e+06 4.74349e+06 3.12607e+06 2.82197e+06 3.24157e+06 5.91243e+06 7.07697e+06 2.49523e+06 3.87879e+06 2.71491e+06 2.48127e+06 1.94456e+06
threshold=1.0000000180025095e-35 11440.685058593752 10879.343750000002 -126.99499893188475 11188.368652343752 -165.94499969482419 12188.847167968752 12202.979980468752 -0.85837611556053151 11324.553222656252 11346.886718750002 84.446056365966811 -62.085000991821282 10817.519042968752
decision_type=2 2 2 2 2 2 2 2 2 2 2 2 2 2
left_child=1 2 13 -4 12 6 -3 8 -8 -6 11 -11 -2 -1
right_child=4 5 3 -5 9 -7 7 -9 -10 10 -12 -13 -14 -15
leaf_value=-0.034051705815929839 0.85972064427305672 -0.02475868924314048 -0.18774653109015593 -0.068017400686820773 -0.047930291700934193 -0.018773339219978293 1.2642616792452448 0.11643981257099358 -0.13845037047339662 0.061944022284999942 0.026068418734244276 0.56590013934984085 0.072063697279344419 0.14153396433111215
leaf_weight=65347 1594 24220 179519 503875 189742 460888 4468 18540 2117 8058 895740 9107 621954 41082
leaf_count=65347 1594 24220 179519 503875 189742 460888 4468 18540 2117 8058 895740 9107 621954 41082
internal_value=2.81828e-07 -0.0508545 -0.0815217 -0.0994711 0.0383008 -0.00338203 0.140349 0.299456 0.813777 0.0180609 0.0317772 0.329496 0.074091 0.0337318
internal_weight=3.02625e+06 1.30006e+06 789823 683394 1.7262e+06 510233 49345 25125 6585 1.10265e+06 912905 17165 623548 106429
internal_count=3026251 1300056 789823 683394 1726195 510233 49345 25125 6585 1102647 912905 17165 623548 106429
is_linear=0
shrinkage=0.02


Tree=9
num_leaves=15
num_cat=0
split_feature=8 7 7 0 7 9 7 0 8 7 7 7 8 8
split_gain=1.41526e+07 4.54442e+06 3.92321e+06 4.37405e+06 3.0023e+06 2.96804e+06 2.72111e+06 2.32022e+06 2.59142e+06 2.49425e+06 5.35133e+06 3.79741e+06 5.53638e+06 2.10804e+06
threshold=-1.0000000180025095e-35 11440.685058593752 10879.343750000002 2844.5000000000005 11188.368652343752 0.16236701607704165 11233.562988281252 2167.5000000000005 0.66716274619102489 10926.682617187502 11153.163574218752 10855.785644531252 0.98550301790237438 -0.56388047337532032
decision_type=2 2 2 2 2 2 2 2 2 2 2 2 2 2
left_child=1 2 -1 -4 7 6 -6 -2 -9 11 -11 -10 -13 -3
right_child=4 13 3 -5 5 -7 -8 8 9 10 -12 12 -14 -15
leaf_value=0.033057335991208213 0.028297946901624099 0.0016012649850189733 -0.052592793596340635 -0.15451760184688135 -0.05545268311163655 -0.14120585848333059 0.037351498778737231 0.43350157061209671 0.10234610220683074 -0.015712112607634107 0.21183256873517436 0.47870438745583804 -0.11132555967829498 -0.33952706993711312
leaf_weight=106429 268873 502891 382430 300964 146728 45084 910835 9410 110737 140565 58556 27100 8307 7342
leaf_count=106429 268873 502891 382430 300964 146728 45084 910835 9410 110737 140565 58556 27100 8307 7342
internal_value=4.46638e-07 -0.0498372 -0.0798913 -0.0974817 0.037535 0.0176998 0.0244753 0.0726095 0.106199 0.0972667 0.0512097 0.160011 0.340282 -0.00331392
internal_weight=3.02625e+06 1.30006e+06 789823 683394 1.7262e+06 1.10265e+06 1.05756e+06 623548 354675 345265 199121 146144 35407 510233
internal_count=3026251 1300056 789823 683394 1726195 1102647 1057563 623548 354675 345265 199121 146144 35407 510233
is_linear=0
shrinkage=0.02


Tree=10
num_leaves=15
num_cat=0
split_feature=8 9 8 9 4 4 17 8 9 4 5 8 6 4
split_gain=1.35922e+07 3.16446e+06 2.75982e+06 2.18029e+06 2.41482e+06 1.82318e+06 1.69955e+06 1.69213e+06 1.6738e+06 1.44937e+06 1.79103e+06 1.48899e+06 1.28323e+06 1.25094e+06
threshold=-1.0000000180025095e-35 0.53606674075126659 -0.95236524939537037 0.12987381964921954 -38.704999923706048 -126.99499893188475 0.19656948745250705 0.68934190273284923 0.8301217555999757 229.26499938964847 0.072500001639127745 0.88779377937316906 50.552278518676765 37.104999542236335
decision_type=2 2 2 2 2 2 2 2 2 2 2 2 2 2
left_child=1 2 -1 7 -5 -3 -4 -2 -7 -9 11 -11 -6 -8
right_child=3 5 6 4 12 8 13 9 -10 10 -12 -13 -14 -15
leaf_value=-0.056805885102355846 0.13144366330922949 -0.13721272278973337 0.2162417995032194 0.37280797174666619 0.70623863222883121 -0.056457154136103214 0.013816407207239258 0.039398497029198613 -0.38915818307514805 -0.22977028296657648 0.20120966749862418 0.04301419006757036 -0.14785327602202722 0.55167604288652261
leaf_weight=299170 78297 157247 18349 4075 705 551663 265790 1554561 6106 23581 7574 12110 45292 1731
leaf_count=299170 78297 157247 18349 4075 705 551663 265790 1554561 6106 23581 7574 12110 45292 1731
internal_value=4.67451e-07 -0.0488406 -0.0143445 0.0367844 -0.0932496 -0.0770653 0.0300927 0.0406695 -0.0601062 0.0362206 -0.0779472 -0.137227 -0.134611 0.0173172
internal_weight=3.02625e+06 1.30006e+06 585040 1.7262e+06 50072 715016 285870 1.67612e+06 557769 1.59783e+06 43265 35691 45997 267521
internal_count=3026251 1300056 585040 1726195 50072 715016 285870 1676123 557769 1597826 43265 35691 45997 267521
is_linear=0
shrinkage=0.02


Tree=11
num_leaves=15
num_cat=0
split_feature=8 9 8 9 17 9 17 6 5 6 5 8 17 13
split_gain=1.3054e+07 3.03919e+06 2.65057e+06 2.09383e+06 1.63352e+06 1.62514e+06 1.27135e+06 1.23531e+06 1.31416e+06 1.227e+06 978204 972523 917046 891706
threshold=-1.0000000180025095e-35 0.53606674075126659 -0.95236524939537037 0.12987381964921954 0.21199708431959155 -0.72443613409996022 0.32127293944358831 102.77860260009767 0.047500001266598708 54.052558898925788 -0.012499999720603226 -0.56388047337532032 0.20223365724086764 -6.9000000953674308
decision_type=2 2 2 2 2 2 2 2 2 2 2 2 2 2
left_child=1 2 -1 5 -4 7 -3 -2 -9 -5 -11 13 -7 -8
right_child=3 6 4 9 -6 12 11 8 -10 10 -12 -13 -14 -15
leaf_value=-0.055669805102200778 0.084256115668292206 -0.030498383571478511 0.19391053233496069 0.6450944328583037 0.015589602049120388 0.10792593682170776 -0.051971904051924901 0.14722738466515015 0.49848521745476626 0.095247256653040083 -0.14443383548352365 -0.33512368913293555 0.032326288201497001 -0.10708328327440192
leaf_weight=299170 59576 185711 22276 879 263594 66983 178174 12162 6559 8159 41034 6456 1530843 344675
leaf_count=299170 59576 185711 22276 879 263594 66983 178174 12162 6559 8159 41034 6456 1530843 344675
internal_value=5.42256e-07 -0.0478637 -0.0140574 0.0360488 0.0294914 0.0398562 -0.0755241 0.128815 0.270494 -0.0913809 -0.104669 -0.0913209 0.0354962 -0.0883041
internal_weight=3.02625e+06 1.30006e+06 585040 1.7262e+06 285870 1.67612e+06 715016 78297 18721 50072 49193 529305 1.59783e+06 522849
internal_count=3026251 1300056 585040 1726195 285870 1676123 715016 78297 18721 50072 49193 529305 1597826 522849
is_linear=0
shrinkage=0.02


Tree=12
num_leaves=15
num_cat=0
split_feature=8 8 8 0 8 0 8 8 17 17 0 0 17 6
split_gain=1.25371e+07 2.45476e+06 2.26672e+06 2.04715e+06 2.97579e+06 2.04574e+06 1.82667e+06 1.50068e+06 1.47677e+06 1.32574e+06 1.10617e+06 1.03841e+06 1.02507e+06 975754
threshold=-1.0000000180025095e-35 -0.84077408909797657 -0.95236524939537037 1597.5000000000002 0.68934190273284923 2643.5000000000005 -0.71208626031875599 -0.56388047337532032 0.19656948745250705 0.26572883129119879 8272.5000000000018 2564.5000000000005 0.21199708431959155 102.77860260009767
decision_type=2 2 2 2 2 2 2 2 2 2 2 2 2 2
left_child=1 2 11 -2 13 7 9 -3 -4 -7 -11 -1 -6 -5
right_child=3 5 8 4 12 6 -8 -9 -10 10 -12 -13 -14 -15
leaf_value=-0.021851073841153614 0.0037754273764739146 -0.035988648893158469 0.20357042602954625 0.14465533541600867 0.12814274859216901 -0.0056164743941375427 -0.011289935296516826 -0.37496634862171674 0.0128182954328385 -0.14231661172039814 -0.55357178455264067 -0.097008767485528918 0.039038656542752709 0.33814204634300632
leaf_weight=168993 557074 385340 17292 39284 54278 29914 62923 5286 263122 234372 2637 130177 1061359 14200
leaf_count=168993 557074 385340 17292 39284 54278 29914 62923 5286 263122 234372 2637 130177 1061359 14200
internal_value=6.04532e-07 -0.0469065 -0.016265 0.035328 0.0503623 -0.0715555 -0.10823 -0.0405853 0.0245881 -0.131081 -0.146916 -0.0545564 0.0433749 0.19608
internal_weight=3.02625e+06 1.30006e+06 579584 1.7262e+06 1.16912e+06 720472 329846 390626 280414 266923 237009 299170 1.11564e+06 53484
internal_count=3026251 1300056 579584 1726195 1169121 720472 329846 390626 280414 266923 237009 299170 1115637 53484
is_linear=0
shrinkage=0.02


Tree=13
num_leaves=15
num_cat=0
split_feature=8 17 0 0 8 8 8 4 8 8 8 4 8 6
split_gain=1.20407e+07 2.38049e+06 2.41171e+06 1.96634e+06 2.84311e+06 1.85691e+06 1.82321e+06 1.64175e+06 1.51632e+06 1.4783e+06 1.34368e+06 1.253e+06 1.19205e+06 2.30058e+06
threshold=1.0000000180025095e-35 0.2441612780094147 2663.5000000000005 1637.5000000000002 0.68934190273284923 -0.80775526165962208 -0.71208626031875599 229.26499938964847 -0.56388047337532032 0.71827605366706859 -0.95236524939537037 -170.61000061035153 0.77619159221649181 118.63777160644533
decision_type=2 2 2 2 2 2 2 2 2 2 2 2 2 2
left_child=1 11 8 -2 -5 10 -7 -6 -3 -9 -4 -1 -11 -14
right_child=3 2 5 4 7 6 -8 9 -10 12 -12 -13 13 -15
leaf_value=0.22172318967518478 0.004259599458931989 -0.025616107702539016 -0.097914509166039401 0.19354529652691585 0.04771912225483832 -0.14680297367996015 -0.020378855559179999 0.3567221360191104 -0.36954692858784038 -0.25910833735485289 -0.0058096712528145755 0.016671091503006177 0.028850598019851889 -0.61690471813070435
leaf_weight=13481 570994 640556 114059 52407 1059529 224627 57264 2909 5159 13919 142514 102396 24017 2420
leaf_count=13481 570994 640556 114059 52407 1059529 224627 57264 2909 5159 13919 142514 102396 24017 2420
internal_value=5.66929e-07 -0.0459686 -0.0544345 0.0346215 0.0496287 -0.0856896 -0.121123 0.0427878 -0.0283697 -0.0779599 -0.046757 0.0405439 -0.109374 -0.0304709
internal_weight=3.02625e+06 1.30006e+06 1.18418e+06 1.7262e+06 1.1552e+06 538464 281891 1.10279e+06 645715 43265 256573 115877 40356 26437
internal_count=3026251 1300056 1184179 1726195 1155201 538464 281891 1102794 645715 43265 256573 115877 40356 26437
is_linear=0
shrinkage=0.02


Tree=14
num_leaves=15
num_cat=0
split_feature=8 9 8 9 4 0 9 4 0 0 4 8 8 0
split_gain=1.15639e+07 2.75416e+06 2.40238e+06 2.03101e+06 2.24423e+06 2.16891e+06 2.42802e+06 2.19847e+06 1.9347e+06 1.68718e+06 1.44546e+06 1.36473e+06 1.31175e+06 1.29537e+06
threshold=-1.0000000180025095e-35 0.53606674075126659 -0.95236524939537037 0.12987381964921954 -51.034999847412102 1753.5000000000002 -0.72443613409996022 123.76499938964845 2623.5000000000005 3414.5000000000005 26.994999885559086 -0.56388047337532032 -0.71208626031875599 4880.5000000000009
decision_type=2 2 2 2 2 2 2 2 2 2 2 2 2 2
left_child=1 2 -1 5 -5 -2 -7 9 11 -8 -4 -3 -10 -9
right_child=3 8 10 4 -6 6 7 13 12 -11 -12 -13 -14 -15
leaf_value=-0.052483502334030104 0.0070244268503468991 -0.036358628411510927 0.02412385470622163 0.40122219567348077 -0.12792668414146946 0.20207437613065973 0.055829610576417714 -0.0089727629447741049 -0.12583803145515673 0.13719387499861621 0.48127121090803648 -0.36086856199208373 -0.023686108226678573 0.061238985546582789
leaf_weight=299170 595330 378417 283086 3433 46639 42855 445825 297398 269532 132166 2784 5246 61821 162549
leaf_count=299170 595330 378417 283086 3433 46639 42855 445825 297398 269532 132166 2784 5246 61821 162549
internal_value=5.11326e-07 -0.0450492 -0.0128672 0.0339291 -0.0915743 0.0376789 0.0545639 0.0484715 -0.0713807 0.0744368 0.0285926 -0.0408051 -0.106781 0.0158414
internal_weight=3.02625e+06 1.30006e+06 585040 1.7262e+06 50072 1.67612e+06 1.08079e+06 1.03794e+06 715016 577991 285870 383663 331353 459947
internal_count=3026251 1300056 585040 1726195 50072 1676123 1080793 1037938 715016 577991 285870 383663 331353 459947
is_linear=0
shrinkage=0.02


Tree=15
num_leaves=15
num_cat=0
split_feature=8 7 7 7 7 9 7 7 7 7 7 7 7 8
split_gain=1.1106e+07 4.29757e+06 3.67331e+06 2.81555e+06 2.74724e+06 2.56096e+06 2.58189e+06 2.07166e+06 5.8252e+06 2.1013e+06 3.71184e+06 9.31777e+06 1.94739e+06 3.8989e+06
threshold=-1.0000000180025095e-35 11440.685058593752 10879.343750000002 11188.368652343752 10930.859375000002 0.16236701607704165 11233.562988281252 11008.638671875002 11034.969726562502 11202.455078125002 11281.717285156252 11233.562988281252 11755.942382812502 -0.56388047337532032
decision_type=2 2 2 2 2 2 2 2 2 2 2 2 2 2
left_child=1 2 -1 -2 -4 6 -5 -6 -9 -10 11 -11 13 -3
right_child=3 12 4 5 7 -7 -8 8 9 10 -12 -13 -14 -15
leaf_value=0.03591719160803835 0.067216669231058193 0.19555233236719641 -0.23711158930775927 -0.057520330855634627 -0.012909409708700038 -0.13356421869384502 0.0328785157265159 -0.37217742031460121 -0.027613475120818881 -0.1353026051646079 -0.068504729431718245 -0.71089797577522718 -0.01165717143101285 -0.3039343692723272
leaf_weight=106429 623548 41760 47495 146728 144657 45084 910835 29353 177321 70818 200384 13366 461131 7342
leaf_count=106429 623548 41760 47495 146728 144657 45084 910835 29353 177321 70818 200384 13366 461131 7342
internal_value=5.42796e-07 -0.0441483 -0.0733747 0.0332506 -0.0903957 0.0140423 0.020336 -0.0794339 -0.0990228 -0.0816562 -0.115329 -0.226764 0.00109371 0.120819
internal_weight=3.02625e+06 1.30006e+06 789823 1.7262e+06 683394 1.10265e+06 1.05756e+06 635899 491242 461889 284568 84184 510233 49102
internal_count=3026251 1300056 789823 1726195 683394 1102647 1057563 635899 491242 461889 284568 84184 510233 49102
is_linear=0
shrinkage=0.02


Tree=16
num_leaves=15
num_cat=0
split_feature=4 17 0 0 4 4 0 4 10 4 14 6 14 0
split_gain=1.0507e+07 2.12906e+06 2.52313e+06 1.34928e+06 1.32802e+06 1.27835e+06 1.14599e+06 1.96853e+06 1.11841e+06 1.74663e+06 1.11039e+06 1.01227e+06 939521 708598
threshold=10.015000343322756 0.21644368022680285 2663.5000000000005 1753.5000000000002 123.76499938964845 -170.61000061035153 4880.5000000000009 221.254997253418 -6.9000000953674308 -278.60499572753901 0.67194426059722911 115.7739715576172 0.36885446310043341 3089.5000000000005
decision_type=2 2 2 2 2 2 2 2 2 2 2 2 2 2
left_child=1 5 -3 -2 13 12 -6 -8 -4 -10 -11 -9 -1 -5
right_child=3 2 8 4 6 -7 7 11 9 10 -12 -13 -14 -15
leaf_value=0.66419796489737903 0.007433422969351804 -0.022406313598704992 -0.035104661029956755 0.051365014627482157 5.3138764131953898e-05 0.03082818170044228 0.1039862283531518 -0.079713345963168397 -0.396576049234454 -0.076202988415675951 -0.17143162006715856 0.29871559945138487 0.17433304364784427 0.096214109012862314
leaf_weight=1983 482586 791957 169668 410903 314856 74416 127148 39762 7606 322714 57744 3034 7373 214501
leaf_count=1983 482586 791957 169668 410903 314856 74416 127148 39762 7606 322714 57744 3034 7373 214501
internal_value=4.1586e-07 -0.0392823 -0.0453548 0.0353537 0.0474899 0.0585484 0.0226447 0.0644975 -0.0779397 -0.0966665 -0.0906605 -0.0528208 0.27876 0.0667487
internal_weight=3.02625e+06 1.43346e+06 1.34969e+06 1.59279e+06 1.1102e+06 83772 484800 169944 557732 388064 380458 42796 9356 625404
internal_count=3026251 1433461 1349689 1592790 1110204 83772 484800 169944 557732 388064 380458 42796 9356 625404
is_linear=0
shrinkage=0.02


Tree=17
num_leaves=15
num_cat=0
split_feature=5 17 0 0 13 17 17 0 13 14 17 16 14 17
split_gain=8.9466e+06 2.17869e+06 2.03607e+06 1.63247e+06 1.49992e+06 1.64609e+06 1.06225e+06 978501 903988 1.92028e+06 812735 795380 648521 639350
threshold=-0.0074999998323619357 0.23839076608419421 2623.5000000000005 1045.5000000000002 -9.0999999046325666 0.53776565194129955 0.1455325856804848 8272.5000000000018 6.2999999523162851 0.71337804198265087 0.58455306291580211 -1.4999999999999998 0.54033112525939953 0.53496289253234874
decision_type=2 2 2 2 2 2 2 2 2 2 2 2 2 2
left_child=1 -1 -3 -2 10 12 -5 8 9 -8 -4 -7 -6 -10
right_child=3 2 4 6 5 11 7 -9 13 -11 -12 -13 -14 -15
leaf_value=0.04867854079996186 -0.0089460765588172016 -0.025647850675750167 -0.043152951007248738 0.16935190624554058 -0.054249318726665746 -0.082421693996107978 0.039374478165000296 -0.20405170286615218 0.02413826690175808 0.14407290029967482 0.098449507776589923 -0.24293199669997328 -0.11242041968172199 -0.039355244430072066
leaf_weight=95660 386159 588994 115228 23961 157319 17338 838665 6801 433916 76453 18858 43029 149581 74289
leaf_count=95660 386159 588994 115228 23961 157319 17338 838665 6801 433916 76453 18858 43029 149581 74289
internal_value=4.50387e-07 -0.0428345 -0.0508637 0.027607 -0.0804863 -0.101388 0.0373143 0.0351009 0.0362451 0.0481229 -0.0232318 -0.196853 -0.0826043 0.0148562
internal_weight=3.02625e+06 1.18601e+06 1.09035e+06 1.84024e+06 501353 367267 1.45408e+06 1.43012e+06 1.42332e+06 915118 134086 60367 306900 508205
internal_count=3026251 1186007 1090347 1840244 501353 367267 1454085 1430124 1423323 915118 134086 60367 306900 508205
is_linear=0
shrinkage=0.02


Tree=18
num_leaves=15
num_cat=0
split_feature=9 4 9 9 4 4 5 9 9 0 4 0 5 4
split_gain=1.02568e+07 2.48602e+06 2.94103e+06 2.67729e+06 1.64654e+06 1.45437e+06 1.70373e+06 1.39478e+06 1.37777e+06 1.37685e+06 1.8532e+06 2.27572e+06 1.3042e+06 1.11651e+06
threshold=0.53606674075126659 32.68499946594239 0.16236701607704165 -0.72443613409996022 -126.99499893188475 229.26499938964847 0.072500001639127745 -0.46024025976657862 0.8301217555999757 4997.5000000000009 138.68499755859378 2886.5000000000005 0.042500000447034843 -278.60499572753901
decision_type=2 2 2 2 2 2 2 2 2 2 2 2 2 2
left_child=1 -1 3 -3 13 9 7 -7 -6 10 11 -5 -4 -2
right_child=4 2 12 5 8 6 -8 -9 -10 -11 -12 -13 -14 -15
leaf_value=-0.0041780156045769642 -0.58620888983280095 0.17557960576121798 -0.24170346121606323 0.022634345401442404 -0.046306778401676976 -0.22510669015392154 0.19454759294363705 0.038908771675668669 -0.3372735588547815 0.10335820407153284 -0.020061502478684826 0.089972565524377407 0.096166696443241939 -0.11664321282607823
leaf_weight=945787 2043 57646 21132 583994 562972 23581 7574 12110 6576 124266 211637 305905 5824 155204
leaf_count=945787 2043 57646 21132 583994 562972 23581 7574 12110 6576 124266 211637 305905 5824 155204
internal_value=4.21811e-07 0.0207007 0.0380831 0.0422856 -0.0654913 0.0362295 -0.0777222 -0.13554 -0.0496722 0.0402521 0.0331321 0.0457828 -0.168695 -0.122781
internal_weight=3.02625e+06 2.29946e+06 1.35367e+06 1.32671e+06 726795 1.26907e+06 43265 35691 569548 1.2258e+06 1.10154e+06 889899 26956 157247
internal_count=3026251 2299456 1353669 1326713 726795 1269067 43265 35691 569548 1225802 1101536 889899 26956 157247
is_linear=0
shrinkage=0.02


Tree=19
num_leaves=15
num_cat=0
split_feature=8 7 7 7 7 8 7 7 8 8 8 7 7 7
split_gain=9.58526e+06 4.07385e+06 3.4957e+06 2.7356e+06 2.97923e+06 4.94946e+06 2.6479e+06 2.00409e+06 3.786e+06 2.0324e+06 5.53929e+06 3.01354e+06 2.5671e+06 1.19725e+07
threshold=-1.0000000180025095e-35 11448.922363281252 10879.343750000002 10926.682617187502 10844.483886718752 0.98550301790237438 10930.859375000002 11755.942382812502 -0.56388047337532032 -0.84077408909797657 -0.95664271712303151 12832.255859375002 12161.177246093752 12205.471191406252
decision_type=2 2 2 2 2 2 2 2 2 2 2 2 2 2
left_child=1 2 -1 4 -2 -6 -4 8 -3 10 -9 -11 -12 -14
right_child=3 7 6 -5 5 -7 -8 9 -10 11 12 -13 13 -15
leaf_value=0.037241916855686868 0.046586424222130905 0.20346698027223437 -0.23001058774546071 0.020181069814765969 0.28572760067802333 -0.081379400903588112 -0.075224581736866955 -0.044859053987588195 -0.29028818668872891 -0.075259396991971858 0.047801208739451873 0.39975641080033136 0.94700223805297346 0.10483710063174957
leaf_weight=106429 186258 40070 47495 1461755 58581 19601 637589 172643 7342 178690 56130 5497 8112 40059
leaf_count=106429 186258 40070 47495 1461755 58581 19601 637589 172643 7342 178690 56130 5497 8112 40059
internal_value=3.56558e-07 -0.0410145 -0.0693925 0.0308901 0.0900839 0.193691 -0.0859587 0.00315436 0.126961 -0.00957745 0.024664 -0.0610617 0.139735 0.246825
internal_weight=3.02625e+06 1.30006e+06 791513 1.7262e+06 264440 78182 685084 508543 47412 461131 276944 184187 104301 48171
internal_count=3026251 1300056 791513 1726195 264440 78182 685084 508543 47412 461131 276944 184187 104301 48171
is_linear=0
shrinkage=0.02


Tree=20
num_leaves=15
num_cat=0
split_feature=8 8 8 0 0 8 8 17 8 17 0 17 6 0
split_gain=9.20565e+06 2.05358e+06 1.9832e+06 1.66711e+06 1.65088e+06 2.5277e+06 1.62106e+06 1.27327e+06 1.1992e+06 1.13944e+06 1.00179e+06 983244 943538 909517
threshold=-1.0000000180025095e-35 -0.84077408909797657 -0.95236524939537037 2643.5000000000005 1420.5000000000002 0.68934190273284923 -0.71208626031875599 0.16762799769639972 -0.56388047337532032 0.26572883129119879 8272.5000000000018 0.21199708431959155 102.77860260009767 2544.5000000000005
decision_type=2 2 2 2 2 2 2 2 2 2 2 2 2 2
left_child=1 2 13 8 -2 12 9 -4 -3 -5 -11 -7 -6 -1
right_child=4 3 7 6 5 11 -8 -9 -10 10 -12 -13 -14 -15
leaf_value=-0.017120868405113225 -0.00055306970538374328 -0.030672375851503463 0.2310830361406741 -0.0010585083679002961 0.12463298217838766 0.11729754433595091 -0.0045257004556562902 0.017185975127252017 -0.33369244751850402 -0.12767636554073528 -0.51903772703613305 0.032171624782125353 0.31036820560432116 -0.087385789557538174
leaf_weight=167767 495478 385340 11603 29914 43253 57042 62923 268811 5286 234372 2637 1115773 14649 131403
leaf_count=167767 495478 385340 11603 29914 43253 57042 62923 268811 5286 234372 2637 1115773 14649 131403
internal_value=4.35271e-07 -0.0401941 -0.0121681 -0.0627391 0.0302724 0.0426824 -0.0958463 0.0260446 -0.0347814 -0.117373 -0.132053 0.0363129 0.171669 -0.0479849
internal_weight=3.02625e+06 1.30006e+06 579584 720472 1.7262e+06 1.23072e+06 329846 280414 390626 266923 237009 1.17282e+06 57902 299170
internal_count=3026251 1300056 579584 720472 1726195 1230717 329846 280414 390626 266923 237009 1172815 57902 299170
is_linear=0
shrinkage=0.02


Tree=21
num_leaves=15
num_cat=0
split_feature=4 7 4 7 7 4 7 7 7 4 7 4 7 7
split_gain=8.70833e+06 3.28629e+06 3.57432e+06 2.87717e+06 3.05818e+06 2.73549e+06 3.02455e+06 5.25674e+06 2.57161e+06 3.18804e+06 1.86369e+06 1.71803e+06 1.65622e+06 4.51954e+06
threshold=10.015000343322756 11440.685058593752 -253.69499969482419 10926.682617187502 10844.483886718752 -165.94499969482419 12188.847167968752 12202.979980468752 10879.343750000002 -126.99499893188475 10689.769531250002 43.545000076293952 10817.519042968752 10782.446289062502
decision_type=2 2 2 2 2 2 2 2 2 2 2 2 2 2
left_child=1 2 -1 4 10 6 -3 -8 12 -10 -2 -6 13 -4
right_child=3 5 8 -5 11 -7 7 -9 9 -11 -12 -13 -14 -15
leaf_value=-0.36864091128690796 0.1335453623182345 -0.015617685524983977 0.060713076694988787 0.020644474198114694 0.025565300521061249 -0.01194026538062605 0.7825271886994708 0.12497942590165492 -0.14643672888077888 -0.046470194589626999 -0.0013603238348031961 0.25605617171566708 0.12847948388975197 -0.30337680023470742
leaf_weight=14773 65581 24220 57313 1344881 16782 519300 6585 18540 164746 566023 109082 56464 44076 17885
leaf_count=14773 65581 24220 57313 1344881 16782 519300 6585 18540 164746 566023 109082 56464 44076 17885
internal_value=4.06966e-07 -0.0357622 -0.0603175 0.0321857 0.0947923 0.00158268 0.14387 0.297559 -0.0549548 -0.0690086 0.0492976 0.203257 0.0311481 -0.0259102
internal_weight=3.02625e+06 1.43346e+06 864816 1.59279e+06 247909 568645 49345 25125 850043 730769 174663 73246 119274 75198
internal_count=3026251 1433461 864816 1592790 247909 568645 49345 25125 850043 730769 174663 73246 119274 75198
is_linear=0
shrinkage=0.02


Tree=22
num_leaves=15
num_cat=0
split_feature=9 7 8 7 7 7 7 7 0 7 7 7 8 0
split_gain=8.91538e+06 5.07667e+06 3.70667e+06 3.27552e+06 3.16208e+06 2.90122e+06 2.88478e+06 1.03399e+07 3.96461e+06 2.4941e+06 3.36777e+06 9.94974e+06 2.36486e+06 1.94122e+06
threshold=0.53606674075126659 10769.989746093752 -0.95236524939537037 10858.977050781252 10706.830566406252 12832.255859375002 11008.638671875002 11059.523925781252 2804.5000000000005 11199.230468750002 11281.717285156252 11233.562988281252 -0.79548987746238697 1143.5000000000002
decision_type=2 2 2 2 2 2 2 2 2 2 2 2 2 2
left_child=2 4 -1 -3 -2 6 -5 8 -8 -9 11 -11 -6 -4
right_child=1 3 13 5 12 -7 7 9 -10 10 -12 -13 -14 -15
leaf_value=-0.046358528512327565 -0.035979373520486545 -0.32958553359644382 -0.0069763602885708417 0.0081323277945124957 -0.039024811447045712 0.39220517621163381 -0.22315411708189381 0.010377262041993556 -0.61467217982725431 -0.11343679913500215 -0.052292879905293445 -0.70493203556159534 0.50055619618114844 0.039874137881618789
leaf_weight=299170 14053 19237 459148 151238 4315 5497 24179 129468 18098 89123 245432 13031 13124 1541138
leaf_count=299170 14053 19237 459148 151238 4315 5497 24179 129468 18098 89123 245432 13031 13124 1541138
internal_value=4.40936e-07 -0.0610587 0.0192997 -0.0723088 0.187274 -0.0649834 -0.0687371 -0.0911225 -0.390862 -0.0645516 -0.0924605 -0.188951 0.367099 0.02912
internal_weight=3.02625e+06 726795 2.29946e+06 695303 31492 676066 670569 519331 42277 477054 347586 102154 17439 2.00029e+06
internal_count=3026251 726795 2299456 695303 31492 676066 670569 519331 42277 477054 347586 102154 17439 2000286
is_linear=0
shrinkage=0.02


Tree=23
num_leaves=15
num_cat=0
split_feature=8 7 4 7 0 4 7 7 8 7 4 7 7 1
split_gain=8.18748e+06 3.71772e+06 3.28221e+06 2.82032e+06 2.57679e+06 2.56227e+06 2.90225e+06 5.04173e+06 6.3626e+06 2.55495e+06 2.25214e+06 2.17531e+06 3.67134e+06 2.39301e+06
threshold=-1.0000000180025095e-35 11448.922363281252 -253.69499969482419 10879.343750000002 2844.5000000000005 -165.94499969482419 12188.847167968752 12202.979980468752 -0.85837611556053151 11188.368652343752 -62.085000991821282 11324.553222656252 11346.886718750002 83.990684509277358
decision_type=2 2 2 2 2 2 2 2 2 2 2 2 2 2
left_child=1 2 -1 -4 -5 6 -3 8 -8 10 -2 -11 13 -13
right_child=9 5 3 4 -6 -7 7 -9 -10 11 -12 12 -14 -15
leaf_value=-0.36023452589736155 0.80937681787924565 -0.015009133807914193 0.036243334847570106 -0.040712584028419076 -0.11998369868560924 -0.010429480203636267 1.1938616122598891 0.12275686109155291 -0.13615015837547387 -0.051364332885954128 0.058973930480695533 0.074391730550142268 0.017504315787698798 0.54666935082019008
leaf_weight=14773 1594 24220 106429 383928 286383 459198 4468 18540 2117 189742 621954 8510 895740 8655
leaf_count=14773 1594 24220 106429 383928 286383 459198 4468 18540 2117 189742 621954 8510 895740 8655
internal_value=3.50929e-07 -0.0379062 -0.0650155 -0.0593961 -0.0745816 0.00428795 0.141221 0.291771 0.766717 0.0285491 0.0609052 0.0102514 0.0230583 0.312706
internal_weight=3.02625e+06 1.30006e+06 791513 776740 670311 508543 49345 25125 6585 1.7262e+06 623548 1.10265e+06 912905 17165
internal_count=3026251 1300056 791513 776740 670311 508543 49345 25125 6585 1726195 623548 1102647 912905 17165
is_linear=0
shrinkage=0.02


Tree=24
num_leaves=15
num_cat=0
split_feature=9 8 9 4 9 4 9 8 4 6 8 4 4 4
split_gain=8.31402e+06 3.45671e+06 1.86014e+06 1.46157e+06 1.25397e+06 1.19381e+06 1.40749e+06 1.05405e+06 1.03958e+06 1.45813e+06 1.35231e+06 988350 984609 817168
threshold=0.53606674075126659 -0.95236524939537037 -0.72443613409996022 -126.99499893188475 0.8301217555999757 229.26499938964847 -0.7020561397075652 0.88779377937316906 37.104999542236335 102.77860260009767 0.50153240561485302 101.814998626709 -278.60499572753901 -278.60499572753901
decision_type=2 2 2 2 2 2 2 2 2 2 2 2 2 2
left_child=1 13 8 12 -5 -4 -7 -8 -3 10 -10 -11 -2 -1
right_child=3 2 5 4 -6 6 7 -9 9 11 -12 -13 -14 -15
leaf_value=-0.56434295141059365 -0.54812980495774333 0.019734336167704099 0.026520678708974291 -0.040848826573901542 -0.31843427711327649 0.38036882538196809 -0.17910380819065819 0.03737169456897086 0.40520907744396861 0.1764613056843421 0.066812325703738573 0.51404891389121521 -0.10717560282119891 -0.042663807883256369
leaf_weight=1196 2043 27115 1874643 562972 6576 2496 27374 13395 5430 6845 35931 7057 155204 297974
leaf_count=1196 2043 27115 1874643 562972 6576 2496 27374 13395 5430 6845 35931 7057 155204 297974
internal_value=4.84284e-07 0.0186375 0.0281209 -0.0589634 -0.0440594 0.0241234 -0.0797312 -0.107987 0.121176 0.170936 0.111326 0.348077 -0.112939 -0.0447682
internal_weight=3.02625e+06 2.29946e+06 2.00029e+06 726795 569548 1.91791e+06 43265 40769 82378 55263 41361 13902 157247 299170
internal_count=3026251 2299456 2000286 726795 569548 1917908 43265 40769 82378 55263 41361 13902 157247 299170
is_linear=0
shrinkage=0.02


Tree=25
num_leaves=15
num_cat=0
split_feature=4 17 4 3 4 13 17 14 17 4 13 10 14 13
split_gain=7.45398e+06 1.81236e+06 1.49448e+06 1.36305e+06 1.09577e+06 1.02322e+06 1.52521e+06 926825 914521 804147 741297 730650 705712 1.77201e+06
threshold=10.015000343322756 0.25187316536903387 -239.11000061035153 2.028323888778687 -170.61000061035153 -4.9000000953674308 0.53776565194129955 0.36885446310043341 0.20223365724086764 -62.085000991821282 8.2999997138977069 -6.7000000476837149 0.73794314265251171 5.5000000000000009
decision_type=2 2 2 2 2 2 2 2 2 2 2 2 2 2
left_child=1 4 3 11 7 -4 -7 10 -2 -8 -1 -3 -10 -14
right_child=8 2 5 -5 -6 6 9 -9 12 -11 -12 -13 13 -15
leaf_value=0.18496016867804285 0.1023036800142901 0.83729805187644057 -0.014052035141909551 -0.20989307210579067 0.015297490983856415 -0.039549236578659629 -0.16285953196019737 0.12244498607867596 0.023241379018528067 -0.057286878336532718 0.85299258062513039 -0.012199335286258056 0.14617444552719613 -0.042688050123205902
leaf_weight=1284 66627 751 473674 29093 129956 666295 67322 12300 1437925 50538 1383 865 58025 30213
leaf_count=1284 66627 751 473674 29093 129956 666295 67322 12300 1437925 50538 1383 865 58025 30213
internal_value=4.63338e-07 -0.0330865 -0.0406283 -0.178457 0.0339679 -0.0372619 -0.0512817 0.19596 0.0297777 -0.117599 0.533275 0.385295 0.0266108 0.0815095
internal_weight=3.02625e+06 1.43346e+06 1.28854e+06 30709 144923 1.25783e+06 784155 14967 1.59279e+06 117860 2667 1616 1.52616e+06 88238
internal_count=3026251 1433461 1288538 30709 144923 1257829 784155 14967 1592790 117860 2667 1616 1526163 88238
is_linear=0
shrinkage=0.02


Tree=26
num_leaves=15
num_cat=0
split_feature=17 13 14 0 14 13 0 17 0 17 17 17 0 0
split_gain=2.44158e+06 1.63046e+06 1.91441e+06 1.04475e+06 941529 1.3273e+06 905888 963266 707240 720904 632196 531030 424821 410310
threshold=0.21199708431959155 -4.9000000953674308 0.64059123396873485 7388.5000000000009 0.6653365194797517 6.5000000000000009 2844.5000000000005 0.59751692414283764 3589.5000000000005 0.11005010083317758 0.61821815371513378 0.6556764841079713 8272.5000000000018 1597.5000000000002
decision_type=2 2 2 2 2 2 2 2 2 2 2 2 2 2
left_child=8 2 12 4 -3 11 -7 -8 -1 -10 -4 -6 -2 -12
right_child=1 3 10 -5 5 6 7 -9 9 -11 13 -13 -14 -15
leaf_value=0.050421074278255373 0.0017021376034590679 -0.0086598598628853472 0.045142378320050726 -0.19128867392089557 -0.0095435019252377278 -0.041284209607483122 -0.08980015040870809 -0.24855962275140581 0.31824809582659908 0.10698926347977313 0.044103873148862861 0.12191416342676027 -0.23616154736156347 0.15276109425247186
leaf_weight=113241 851766 1500386 178928 13498 75250 92239 54011 21325 7879 35836 20371 14681 3004 43836
leaf_count=113241 851766 1500386 178928 13498 75250 92239 54011 21325 7879 35836 20371 14681 3004 43836
internal_value=5.69468e-07 -0.00420113 0.0149489 -0.0160703 -0.0147238 -0.0500543 -0.0833164 -0.134767 0.0768069 0.14513 0.0644659 0.0119276 0.000863414 0.1183
internal_weight=3.02625e+06 2.8693e+06 1.0979e+06 1.77139e+06 1.75789e+06 257506 167575 75336 156956 43715 243135 89931 854770 64207
internal_count=3026251 2869295 1097905 1771390 1757892 257506 167575 75336 156956 43715 243135 89931 854770 64207
is_linear=0
shrinkage=0.02


Tree=27
num_leaves=15
num_cat=0
split_feature=9 7 7 7 7 7 7 0 7 9 7 7 7 7
split_gain=7.80211e+06 4.80787e+06 3.19123e+06 3.02278e+06 2.77241e+06 2.77914e+06 8.56383e+06 4.36687e+06 2.52863e+06 2.714e+06 2.42468e+06 3.17211e+06 5.83862e+06 2.51562e+06
threshold=0.53606674075126659 10769.989746093752 10858.977050781252 10706.830566406252 12832.255859375002 11004.516113281252 11059.523925781252 3111.5000000000005 10886.141601562502 -0.72443613409996022 11199.230468750002 11577.411621093752 11755.942382812502 11228.336914062502
decision_type=2 2 2 2 2 2 2 2 2 2 2 2 2 2
left_child=8 3 -3 -2 5 -4 7 -7 -1 -10 -8 13 -13 -12
right_child=1 2 4 -5 -6 6 10 -9 9 -11 11 12 -14 -15
leaf_value=0.074690136930532613 -0.03373179822824808 -0.32201180742232993 0.012568328568499898 0.36036843276228953 0.38608621059741877 -0.20105700180205241 0.013297412271232573 -0.6038306126812677 0.13598896472696001 0.0060171792839226607 -0.08475096336196572 0.23728945946823693 -0.079012480491999229 -0.25240999587182522
leaf_weight=277296 14053 19237 146301 17439 5497 30595 129468 16619 66438 1955722 80252 26908 175789 64637
leaf_count=277296 14053 19237 146301 17439 5497 30595 129468 16619 66438 1955722 80252 26908 175789 64637
internal_value=5.59099e-07 -0.0571192 -0.0680675 0.18455 -0.060837 -0.0645064 -0.0860146 -0.342929 0.0180547 0.0102881 -0.0605811 -0.0880989 -0.0370137 -0.159558
internal_weight=3.02625e+06 726795 695303 31492 676066 670569 524268 47214 2.29946e+06 2.02216e+06 477054 347586 202697 144889
internal_count=3026251 726795 695303 31492 676066 670569 524268 47214 2299456 2022160 477054 347586 202697 144889
is_linear=0
shrinkage=0.02


Tree=28
num_leaves=15
num_cat=0
split_feature=8 8 0 0 8 5 4 8 0 4 8 8 4 8
split_gain=7.1265e+06 2.22929e+06 1.89666e+06 1.52496e+06 1.20044e+06 1.08954e+06 1.06077e+06 1.83526e+06 1.29413e+06 1.92999e+06 1.7607e+06 1.36967e+06 1.29077e+06 1.897e+06
threshold=-0.70459485054016102 -0.79548987746238697 2564.5000000000005 1773.5000000000002 -0.95236524939537037 -0.027499999850988385 123.76499938964845 0.67504784464836132 4880.5000000000009 221.254997253418 0.71212160587310802 0.77619159221649181 251.41500091552737 0.74366798996925365
decision_type=2 2 2 2 2 2 2 2 2 2 2 2 2 2
left_child=1 4 -3 -2 -1 -4 -5 -8 -9 -10 -11 12 -12 -14
right_child=3 2 5 6 -6 -7 7 8 9 10 11 -13 13 -15
leaf_value=-0.043305362513657623 0.00039349508306232302 -0.032693074626788415 -0.1428662664622713 0.054450356192741418 0.010645238354682094 -0.058053611364469369 0.2645319688024349 -0.014803211554703391 0.093632749452282935 0.40474038843316545 -0.11252360847488672 -0.00081138040097983267 0.35349713088155865 -0.65966051374206502
leaf_weight=299170 654637 280212 149014 688554 367750 102134 11575 305155 125725 2988 10544 23428 878 4487
leaf_count=299170 654637 280212 149014 688554 367750 102134 11575 305155 125725 2988 10544 23428 878 4487
internal_value=5.24632e-07 -0.0379064 -0.0684677 0.0248495 -0.0135564 -0.108379 0.0384942 0.0158302 0.0097412 0.0543087 -0.062496 -0.0980812 -0.241231 -0.493501
internal_weight=3.02625e+06 1.19828e+06 531360 1.82797e+06 666920 251148 1.17333e+06 484780 473205 168050 42325 39337 15909 5365
internal_count=3026251 1198280 531360 1827971 666920 251148 1173334 484780 473205 168050 42325 39337 15909 5365
is_linear=0
shrinkage=0.02


Tree=29
num_leaves=15
num_cat=0
split_feature=8 7 7 7 4 8 8 7 7 7 6 4 7 7
split_gain=6.84431e+06 3.45642e+06 4.16796e+06 3.33056e+06 3.20606e+06 3.0187e+06 4.61843e+06 2.39416e+06 2.41694e+06 3.52099e+06 2.50676e+06 2.17778e+06 2.61106e+06 9.99977e+06
threshold=-0.70459485054016102 11448.922363281252 11755.942382812502 10879.343750000002 -113.38499832153319 -0.8281784951686858 -0.95664271712303151 11188.368652343752 11324.553222656252 11346.886718750002 84.446056365966811 -53.92499923706054 12161.177246093752 12212.934082031252
decision_type=2 2 2 2 2 2 2 2 2 2 2 2 2 2
left_child=1 3 -3 -1 -5 6 -4 -2 -9 10 -10 12 -8 -14
right_child=7 2 5 4 -6 -7 11 8 9 -11 -12 -13 13 -15
leaf_value=0.039997378832085741 0.054605392944742565 0.20153423946632043 -0.039526757906527481 -0.14535876724908367 -0.049606763886132992 -0.088056040184172776 0.081669198488650868 -0.055436805936117953 0.047056525779028517 0.01516804172806175 0.53128978822817619 0.0040762465497843729 0.96821151236377023 0.13266145687421674
leaf_weight=105197 665440 39690 172643 210000 418883 141815 39447 204194 8058 941172 9107 38135 7420 25050
leaf_count=105197 665440 39690 172643 210000 418883 141815 39447 204194 8058 941172 9107 38135 7420 25050
internal_value=5.21834e-07 -0.0371483 0.00556689 -0.0641593 -0.0815826 -0.0127595 0.0250149 0.0243526 0.00703537 0.0203469 0.30413 0.126259 0.191038 0.32384
internal_weight=3.02625e+06 1.19828e+06 464200 734080 628883 424510 282695 1.82797e+06 1.16253e+06 958337 17165 110052 71917 32470
internal_count=3026251 1198280 464200 734080 628883 424510 282695 1827971 1162531 958337 17165 110052 71917 32470
is_linear=0
shrinkage=0.02


Tree=30
num_leaves=15
num_cat=0
split_feature=9 7 7 8 7 7 7 7 0 7 7 7 8 7
split_gain=7.03794e+06 4.558e+06 3.10294e+06 2.94637e+06 2.90019e+06 2.64468e+06 2.68546e+06 9.45916e+06 3.5553e+06 2.36497e+06 3.04255e+06 9.3849e+06 2.28368e+06 1.85247e+06
threshold=0.53606674075126659 10769.989746093752 10858.977050781252 -0.95236524939537037 10706.830566406252 12832.255859375002 11008.638671875002 11059.523925781252 2804.5000000000005 11199.230468750002 11281.717285156252 11233.562988281252 -0.79548987746238697 10761.730957031252
decision_type=2 2 2 2 2 2 2 2 2 2 2 2 2 2
left_child=3 4 -3 -1 -2 6 -4 8 -8 -9 11 -11 -6 -14
right_child=1 2 5 -5 12 -7 7 9 -10 10 -12 -13 13 -15
leaf_value=-0.041390550582542408 -0.032754481543205552 -0.31531650052573462 0.012802092593307333 0.025903261036252775 -0.045804046162684589 0.37872597641294248 -0.21083748324646168 0.015414880092018291 -0.5815943460289803 -0.10309983122567946 -0.046546421920435135 -0.67755827497079324 0.71998729686131302 0.24434825025765355
leaf_weight=299170 14053 19237 151238 2000286 4315 5497 24179 129468 18098 89123 245432 13031 6614 6510
leaf_count=299170 14053 19237 151238 2000286 4315 5497 24179 129468 18098 89123 245432 13031 6614 6510
internal_value=6.23968e-07 -0.0542498 -0.0649098 0.0171479 0.181055 -0.0577801 -0.061364 -0.0829623 -0.369652 -0.0575483 -0.0847251 -0.176438 0.353272 0.48442
internal_weight=3.02625e+06 726795 695303 2.29946e+06 31492 676066 670569 519331 42277 477054 347586 102154 17439 13124
internal_count=3026251 726795 695303 2299456 31492 676066 670569 519331 42277 477054 347586 102154 17439 13124
is_linear=0
shrinkage=0.02


Tree=31
num_leaves=15
num_cat=0
split_feature=8 7 7 7 0 8 8 7 0 7 7 7 0 7
split_gain=6.33644e+06 3.29632e+06 4.00426e+06 3.14703e+06 3.24538e+06 2.87494e+06 4.36979e+06 2.32503e+06 3.57398e+06 3.46213e+06 1.98296e+06 1.01614e+07 1.80215e+06 1.74335e+06
threshold=-0.70459485054016102 11448.922363281252 11755.942382812502 10879.343750000002 2886.5000000000005 -0.8281784951686858 -0.95664271712303151 10926.682617187502 3414.5000000000005 10855.785644531252 12161.177246093752 12205.471191406252 3349.5000000000005 12035.318359375002
decision_type=2 2 2 2 2 2 2 2 2 2 2 2 2 2
left_child=1 3 -3 -1 -5 6 -4 8 -2 -10 13 12 -12 -8
right_child=7 2 5 4 -6 -7 10 -9 9 -11 11 -13 -14 -15
leaf_value=0.039124790166434845 0.027235765700885761 0.19805099103158388 -0.037908505167971632 -0.039720405276155599 -0.1315338147206834 -0.085473979378737519 0.13951368132928607 0.014126326475177522 0.1151664812972546 0.41745478745457171 0.50651139362944064 0.090067258212164478 1.100358069153017 -0.081480124704893464
leaf_weight=105197 179488 39690 172643 359448 269435 141815 32662 1562118 66764 19601 3586 43612 4838 25354
leaf_count=105197 179488 39690 172643 359448 269435 141815 32662 1562118 66764 19601 3586 43612 4838 25354
internal_value=5.67606e-07 -0.0357435 0.00597073 -0.0621215 -0.0790579 -0.0119922 0.0248719 0.0234317 0.0781065 0.183813 0.123353 0.212983 0.848467 0.0429378
internal_weight=3.02625e+06 1.19828e+06 464200 734080 628883 424510 282695 1.82797e+06 265853 86365 110052 52036 8424 58016
internal_count=3026251 1198280 464200 734080 628883 424510 282695 1827971 265853 86365 110052 52036 8424 58016
is_linear=0
shrinkage=0.02


Tree=32
num_leaves=15
num_cat=0
split_feature=9 8 17 9 17 6 9 9 8 17 9 9 6 9
split_gain=6.53953e+06 2.70911e+06 1.6993e+06 1.61452e+06 1.00944e+06 963878 669444 857550 601208 517053 549185 661926 516405 461937
threshold=0.53606674075126659 -0.95236524939537037 0.1455325856804848 -0.72443613409996022 0.33010518550872808 123.9750328063965 0.8301217555999757 0.70585528016090404 -0.62652868032455433 0.25187316536903387 1.0025126284674004e-09 0.46213567256927496 115.0654640197754 0.20045207440853122
decision_type=2 2 2 2 2 2 2 2 2 2 2 2 2 2
left_child=1 12 -3 5 -2 8 7 -6 -4 -5 -11 -12 -1 -14
right_child=4 2 3 9 6 -7 -8 -9 -10 10 11 -13 13 -15
leaf_value=-0.046964686194809924 -0.015634695713735151 0.16303678721361262 0.38532517494951346 0.053110311801742228 -0.076231059778217827 0.37355383791190216 -0.27038460300935124 -0.0053661936760025786 0.081100519541833921 0.021454151825091205 -0.011628042791591601 0.1196352237425311 0.087158749453051382 -0.20266228695753069
leaf_weight=277395 212587 35001 2686 160036 426461 5193 6412 81335 72453 1352377 356491 16049 19302 2473
leaf_count=277395 212587 35001 2686 160036 426461 5193 6412 81335 72453 1352377 356491 16049 19302 2473
internal_value=7.06895e-07 0.0165296 0.0249251 0.0224646 -0.0522935 0.110269 -0.0674486 -0.0648808 0.0920258 0.018722 0.0155312 -0.00597012 -0.0396024 0.0541648
internal_weight=3.02625e+06 2.29946e+06 2.00029e+06 1.96528e+06 726795 80332 514208 507796 75139 1.88495e+06 1.72492e+06 372540 299170 21775
internal_count=3026251 2299456 2000286 1965285 726795 80332 514208 507796 75139 1884953 1724917 372540 299170 21775
is_linear=0
shrinkage=0.02


Tree=33
num_leaves=15
num_cat=0
split_feature=9 7 7 7 8 7 7 7 0 7 7 7 8 0
split_gain=6.2806e+06 4.32114e+06 3.01669e+06 2.7881e+06 2.60185e+06 2.52486e+06 2.5848e+06 9.07058e+06 3.39241e+06 2.29188e+06 2.87729e+06 8.99151e+06 2.19264e+06 1.78026e+06
threshold=0.53606674075126659 10769.989746093752 10858.977050781252 10706.830566406252 -0.95236524939537037 12832.255859375002 11008.638671875002 11059.523925781252 2804.5000000000005 11199.230468750002 11281.717285156252 11233.562988281252 -0.79548987746238697 1124.5000000000002
decision_type=2 2 2 2 2 2 2 2 2 2 2 2 2 2
left_child=4 3 -3 -2 -1 6 -4 8 -8 -9 11 -11 -5 -6
right_child=1 2 5 12 13 -7 7 9 -10 10 -12 -13 -14 -15
leaf_value=-0.038810439253714336 -0.031775865159355259 -0.30852890437796571 0.01466356008966011 -0.044323406452625308 -0.010516849069866567 0.37190561876717337 -0.20489489978997269 0.017424453941002904 -0.56705786750191745 -0.098558671544282467 -0.044028424988589096 -0.66084783991013341 0.47522426444130006 0.03461451425430849
leaf_weight=299170 14053 19237 151238 4315 451536 5497 24179 129468 18098 89123 245432 13031 13124 1548750
leaf_count=299170 14053 19237 151238 4315 451536 5497 24179 129468 18098 89123 245432 13031 13124 1548750
internal_value=7.36052e-07 -0.0512478 -0.0616271 0.177861 0.0161991 -0.0545972 -0.058099 -0.0792886 -0.360028 -0.0544022 -0.0811557 -0.170343 0.346718 0.0244267
internal_weight=3.02625e+06 726795 695303 31492 2.29946e+06 676066 670569 519331 42277 477054 347586 102154 17439 2.00029e+06
internal_count=3026251 726795 695303 31492 2299456 676066 670569 519331 42277 477054 347586 102154 17439 2000286
is_linear=0
shrinkage=0.02


Tree=34
num_leaves=15
num_cat=0
split_feature=8 7 7 7 0 8 8 7 7 7 1 4 7 7
split_gain=5.61722e+06 3.13651e+06 3.85034e+06 2.97182e+06 3.08613e+06 2.70382e+06 4.07887e+06 2.24861e+06 2.28971e+06 3.3831e+06 2.20389e+06 2.04968e+06 2.41551e+06 9.20636e+06
threshold=-0.70459485054016102 11448.922363281252 11755.942382812502 10879.343750000002 2886.5000000000005 -0.8281784951686858 -0.95664271712303151 11188.368652343752 11324.553222656252 11346.886718750002 84.508605957031264 -53.92499923706054 12161.177246093752 12212.934082031252
decision_type=2 2 2 2 2 2 2 2 2 2 2 2 2 2
left_child=1 3 -3 -1 -5 6 -4 -2 -9 10 -10 12 -8 -14
right_child=7 2 5 4 -6 -7 11 8 9 -11 -12 -13 13 -15
leaf_value=0.039003004085545682 0.051380766301885129 0.19538926440650606 -0.035482155896100723 -0.037482381235742497 -0.12701481187961075 -0.081838905907454282 0.07797033552459548 -0.055526185202075327 0.071532318983784302 0.013159442206219485 0.5247586254978317 0.0017845405516607636 0.92917626613719462 0.12745811479431182
leaf_weight=105197 665440 39690 172643 359448 269435 141815 39447 204194 8655 941172 8510 38135 7420 25050
leaf_count=105197 665440 39690 172643 359448 269435 141815 39447 204194 8655 941172 8510 38135 7420 25050
internal_value=6.48126e-07 -0.0336537 0.00703672 -0.0593844 -0.0758426 -0.0105776 0.0251724 0.022062 0.00527943 0.0182358 0.296407 0.120318 0.183163 0.310896
internal_weight=3.02625e+06 1.19828e+06 464200 734080 628883 424510 282695 1.82797e+06 1.16253e+06 958337 17165 110052 71917 32470
internal_count=3026251 1198280 464200 734080 628883 424510 282695 1827971 1162531 958337 17165 110052 71917 32470
is_linear=0
shrinkage=0.02


Tree=35
num_leaves=15
num_cat=0
split_feature=9 7 7 7 7 7 7 8 7 7 7 7 7 7
split_gain=5.83327e+06 4.09057e+06 2.93804e+06 2.67782e+06 2.41823e+06 2.48374e+06 8.7089e+06 2.39129e+06 2.22208e+06 2.73608e+06 5.05854e+06 2.38106e+06 6.08188e+06 2.50152e+06
threshold=0.53606674075126659 10769.989746093752 10858.977050781252 10706.830566406252 12832.255859375002 11008.638671875002 11059.523925781252 -0.95236524939537037 11199.230468750002 11577.411621093752 11755.942382812502 11228.336914062502 11281.717285156252 11248.801757812502
decision_type=2 2 2 2 2 2 2 2 2 2 2 2 2 2
left_child=7 3 -3 -2 5 -4 -7 -1 -8 11 -11 -10 13 -13
right_child=1 2 4 -5 -6 6 8 -9 9 10 -12 12 -14 -15
leaf_value=-0.037125164818513565 -0.031924776133222185 -0.30314930400781281 0.015348855876921662 0.33900679801435318 0.36484967050985634 -0.35183365854269288 0.018361299872468199 0.023499303584934014 -0.072295461401394909 0.2240599264338779 -0.070354584631104417 -0.38454410530917799 -0.096473702771565237 -0.88258750110341011
leaf_weight=299170 14053 19237 151238 17439 5497 42277 129468 2000286 80252 26908 175789 16562 42735 5340
leaf_count=299170 14053 19237 151238 17439 5497 42277 129468 2000286 80252 26908 175789 16562 42735 5340
internal_value=7.47797e-07 -0.049389 -0.0594876 0.173524 -0.05255 -0.0559771 -0.0767483 0.0156116 -0.0523631 -0.0787061 -0.0312619 -0.145073 -0.235406 -0.506322
internal_weight=3.02625e+06 726795 695303 31492 676066 670569 519331 2.29946e+06 477054 347586 202697 144889 64637 21902
internal_count=3026251 726795 695303 31492 676066 670569 519331 2299456 477054 347586 202697 144889 64637 21902
is_linear=0
shrinkage=0.02


Tree=36
num_leaves=15
num_cat=0
split_feature=9 7 7 7 7 7 7 4 8 4 7 7 7 7
split_gain=5.60233e+06 3.92866e+06 2.82176e+06 2.57184e+06 2.32263e+06 2.38542e+06 8.36409e+06 2.30999e+06 2.2966e+06 2.25336e+06 2.13412e+06 2.62784e+06 4.85829e+06 2.28995e+06
threshold=0.53606674075126659 10769.989746093752 10858.977050781252 10706.830566406252 12832.255859375002 11008.638671875002 11059.523925781252 -97.16500091552733 -0.95236524939537037 -80.75500106811522 11199.230468750002 11577.411621093752 11755.942382812502 11221.080078125002
decision_type=2 2 2 2 2 2 2 2 2 2 2 2 2 2
left_child=8 3 -3 -2 5 -4 9 -5 -1 -7 -8 13 -13 -12
right_child=1 2 4 7 -6 6 10 -9 -10 -11 11 12 -14 -15
leaf_value=-0.036382686191073092 -0.031286734452617558 -0.29708946883007248 0.015041899151711014 0.68605925131413625 0.35756592685792549 -0.52348926803048079 0.017994102302270738 0.18236455413490979 0.023029319661954428 -0.22535635484520686 -0.058305132944627483 0.21958039251739084 -0.068947573046755875 -0.21755847660895045
leaf_weight=299170 14053 19237 151238 5178 5497 16924 129468 12261 2000286 25353 68594 26908 175789 76295
leaf_count=299170 14053 19237 151238 5178 5497 16924 129468 12261 2000286 25353 68594 26908 175789 76295
internal_value=6.49896e-07 -0.0484015 -0.0582983 0.170055 -0.0514994 -0.054858 -0.075214 0.332231 0.0152994 -0.344799 -0.0513163 -0.0771327 -0.0306365 -0.142173
internal_weight=3.02625e+06 726795 695303 31492 676066 670569 519331 17439 2.29946e+06 42277 477054 347586 202697 144889
internal_count=3026251 726795 695303 31492 676066 670569 519331 17439 2299456 42277 477054 347586 202697 144889
is_linear=0
shrinkage=0.02


Tree=37
num_leaves=15
num_cat=0
split_feature=9 7 7 7 7 7 7 4 8 4 7 7 7 7
split_gain=5.38048e+06 3.77328e+06 2.71008e+06 2.47014e+06 2.2308e+06 2.29097e+06 8.03307e+06 2.21873e+06 2.20566e+06 2.1642e+06 2.04961e+06 2.56962e+06 8.24551e+06 1.77564e+06
threshold=0.53606674075126659 10769.989746093752 10858.977050781252 10706.830566406252 12832.255859375002 11008.638671875002 11059.523925781252 -97.16500091552733 -0.95236524939537037 -80.75500106811522 11199.230468750002 11281.717285156252 11233.562988281252 12764.483398437502
decision_type=2 2 2 2 2 2 2 2 2 2 2 2 2 2
left_child=8 3 -3 -2 5 -4 9 -5 -1 -7 -8 12 -12 -10
right_child=1 2 4 7 -6 6 10 -9 13 -11 11 -13 -14 -15
leaf_value=-0.035655056812763951 -0.030661445115072801 -0.29115076624967184 0.014741080719635565 0.67236451671372077 0.35042759334600532 -0.51302566277535477 0.0176342480451833 0.17872023437021076 0.025370613460781857 -0.22085100454499398 -0.091132709086635219 -0.040503986175088852 -0.62959035728658375 -0.10415469133884987
leaf_weight=299170 14053 19237 151238 5178 5497 16924 129468 12261 1957024 25353 89123 245432 13031 43262
leaf_count=299170 14053 19237 151238 5178 5497 16924 129468 12261 1957024 25353 89123 245432 13031 43262
internal_value=6.39458e-07 -0.0474335 -0.0571326 0.16666 -0.0504695 -0.0537611 -0.07371 0.325596 0.0149934 -0.337906 -0.05029 -0.0755902 -0.159875 0.0225687
internal_weight=3.02625e+06 726795 695303 31492 676066 670569 519331 17439 2.29946e+06 42277 477054 347586 102154 2.00029e+06
internal_count=3026251 726795 695303 31492 676066 670569 519331 17439 2299456 42277 477054 347586 102154 2000286
is_linear=0
shrinkage=0.02


Tree=38
num_leaves=15
num_cat=0
split_feature=9 9 0 17 0 9 9 9 1 0 0 9 0 17
split_gain=5.16743e+06 1.85952e+06 1.75151e+06 1.36186e+06 1.1554e+06 1.42951e+06 1.06214e+06 980732 885668 728923 703326 660612 647049 631698
threshold=0.53606674075126659 -0.72443613409996022 1501.5000000000002 0.15741544216871264 2623.5000000000005 0.70209196209907543 0.8301217555999757 -0.31321409344673151 80.015666961669936 7388.5000000000009 1793.5000000000002 0.46213567256927496 5172.5000000000009 0.33010518550872808
decision_type=2 2 2 2 2 2 2 2 2 2 2 2 2 2
left_child=1 2 -1 12 6 8 -2 10 -6 13 -5 -9 -3 -10
right_child=4 3 -4 7 5 -7 -8 11 9 -11 -12 -13 -14 -15
leaf_value=-0.010860849458318859 -0.019252356026177052 0.095009112550169722 0.17953798726845718 0.00018646446621683546 -0.04581203631742712 0.0098908381861497006 -0.30162515069818885 -0.0095425343247675255 -0.053914117367651108 -0.39618248771098885 0.031233098346565603 0.11224039177056001 0.35102115663759292 -0.13963607779856257
leaf_weight=30958 386139 40950 51420 452143 97106 65731 5393 878069 48139 3767 823377 18176 4363 120520
leaf_count=30958 386139 40950 51420 452143 97106 65731 5393 878069 48139 3767 823377 18176 4363 120520
internal_value=5.80141e-07 0.0146935 0.107992 0.0112264 -0.046485 -0.0737355 -0.0231494 0.00896196 -0.0941292 -0.121336 0.0202279 -0.00707151 0.119732 -0.115174
internal_weight=3.02625e+06 2.29946e+06 82378 2.21708e+06 726795 335263 391532 2.17176e+06 269532 172426 1.27552e+06 896245 45313 168659
internal_count=3026251 2299456 82378 2217078 726795 335263 391532 2171765 269532 172426 1275520 896245 45313 168659
is_linear=0
shrinkage=0.02


Tree=39
num_leaves=15
num_cat=0
split_feature=9 7 7 7 7 9 7 7 9 9 7 6 7 7
split_gain=4.96286e+06 3.62013e+06 2.60338e+06 2.37374e+06 2.1585e+06 2.3357e+06 2.29159e+06 9.21948e+06 7.36963e+06 2.65677e+06 5.26555e+06 2.14634e+06 2.13483e+06 2.20331e+06
threshold=0.53606674075126659 10769.989746093752 10858.977050781252 10706.830566406252 10886.141601562502 -0.72443613409996022 12161.177246093752 12202.979980468752 0.28528253734111791 1.0000000180025095e-35 10972.804199218752 48.446376800537116 12832.255859375002 11008.638671875002
decision_type=2 2 2 2 2 2 2 2 2 2 2 2 2 2
left_child=4 3 -3 -2 11 -6 9 8 -8 -7 -11 -1 13 -4
right_child=1 2 12 -5 5 6 7 -9 -10 10 -12 -13 -14 -15
leaf_value=-0.12658554966924909 -0.029285361337937514 -0.28442045269951677 0.015433486119263014 0.31995209278715858 0.12383561770919649 0.0084203014031970086 0.18957597184904351 0.0094378023464558574 0.84673937314627412 -0.26298281775437171 -0.027644630238007232 0.08273968607130297 0.34365346597520108 -0.07130876085275778
leaf_weight=21208 14053 19237 151238 17439 66438 1047784 47138 413454 7974 42045 397327 256088 5497 519331
leaf_count=21208 14053 19237 151238 17439 66438 1047784 47138 413454 7974 42045 397327 256088 5497 519331
internal_value=5.55153e-07 -0.0455555 -0.0550558 0.164148 0.0143997 0.00722398 0.00326194 0.0418304 0.284796 -0.00889022 -0.0501705 0.0667261 -0.0485252 -0.0517452
internal_weight=3.02625e+06 726795 695303 31492 2.29946e+06 2.02216e+06 1.95572e+06 468566 55112 1.48716e+06 439372 277296 676066 670569
internal_count=3026251 726795 695303 31492 2299456 2022160 1955722 468566 55112 1487156 439372 277296 676066 670569
is_linear=0
shrinkage=0.02


Tree=40
num_leaves=15
num_cat=0
split_feature=9 8 0 9 17 4 5 8 4 9 4 8 4 5
split_gain=4.76633e+06 2.05498e+06 1.66926e+06 2.4832e+06 1.71705e+06 1.28777e+06 1.53991e+06 1.16023e+06 1.13693e+06 1.09234e+06 987276 946001 1.32854e+06 1.02914e+06
threshold=0.53606674075126659 -0.95236524939537037 1064.5000000000002 -0.72443613409996022 0.20733474940061572 229.26499938964847 0.072500001639127745 0.88779377937316906 -126.99499893188475 0.8301217555999757 -126.99499893188475 0.71458885073661815 251.41500091552737 0.042500000447034843
decision_type=2 2 2 2 2 2 2 2 2 2 2 2 2 2
left_child=1 -1 -3 -4 10 -6 7 11 -2 -10 -5 -7 -13 -14
right_child=8 2 3 4 5 6 -8 -9 9 -11 -12 12 13 -15
leaf_value=-0.034776089202334902 -0.09224937644188265 -0.013619457796564514 0.15766330063184647 0.34367946778168995 0.024382064731402031 0.20283946256202931 0.17653646587287802 0.019071002739333615 -0.028503281712292241 -0.28758003916567082 0.095990634319828558 -0.099689649682099549 -0.57670374837753935 -0.17769860036410667
leaf_weight=299170 157247 427507 59511 7113 1397689 1866 7213 11467 562972 6576 67093 9980 6565 4282
leaf_count=299170 157247 427507 59511 7113 1397689 1866 7213 11467 562972 6576 67093 9980 6565 4282
internal_value=6.19477e-07 0.0141118 0.0214238 0.0309492 0.025965 0.0211267 -0.0888254 -0.144893 -0.0446444 -0.0314996 0.119776 -0.227719 -0.266375 -0.419502
internal_weight=3.02625e+06 2.29946e+06 2.00029e+06 1.57278e+06 1.51327e+06 1.43906e+06 41373 34160 726795 569548 74206 22693 20827 10847
internal_count=3026251 2299456 2000286 1572779 1513268 1439062 41373 34160 726795 569548 74206 22693 20827 10847
is_linear=0
shrinkage=0.02


Tree=41
num_leaves=15
num_cat=0
split_feature=9 7 7 7 4 7 7 7 9 4 9 7 7 7
split_gain=4.5776e+06 3.47787e+06 2.50542e+06 2.27362e+06 2.14256e+06 2.06165e+06 2.21735e+06 8.04212e+06 7.28335e+06 3.57594e+06 2.2413e+06 4.59863e+06 3.82439e+06 2.05075e+06
threshold=0.53606674075126659 10769.989746093752 10858.977050781252 10706.830566406252 -97.16500091552733 10886.141601562502 12161.177246093752 12202.979980468752 0.28528253734111791 -218.04499816894528 -0.36922183632850641 10937.899902343752 10926.682617187502 12832.255859375002
decision_type=2 2 2 2 2 2 2 2 2 2 2 2 2 2
left_child=5 3 -3 -2 -5 -1 9 8 -8 -7 12 -12 -11 -4
right_child=1 2 13 4 -6 6 7 -9 -10 10 11 -13 -14 -15
leaf_value=0.064968536421449022 -0.027520192431250284 -0.27807123374422615 -0.049812755794517563 0.65503303832863513 0.16994660698130748 -0.22095367675316316 0.17622174945955865 0.014466946117040918 0.82808005327978484 0.26583843021582887 -0.19424246850071911 -0.010888607801443748 0.014784400837348482 0.33772121002329053
leaf_weight=277296 14053 19237 670569 5178 12261 30038 48614 426222 7974 25062 59612 664863 759775 5497
leaf_count=277296 14053 19237 670569 5178 12261 30038 48614 426222 7974 25062 59612 664863 759775 5497
internal_value=5.87696e-07 -0.0437516 -0.0530633 0.16179 0.314273 0.0138296 0.00681668 0.0442117 0.268208 -0.00491231 -0.000611254 -0.025978 0.0228046 -0.0466568
internal_weight=3.02625e+06 726795 695303 31492 17439 2.29946e+06 2.02216e+06 482810 56588 1.53935e+06 1.50931e+06 724475 784837 676066
internal_count=3026251 726795 695303 31492 17439 2299456 2022160 482810 56588 1539350 1509312 724475 784837 676066
is_linear=0
shrinkage=0.02


Tree=42
num_leaves=15
num_cat=0
split_feature=8 8 4 4 17 17 4 4 10 17 5 4 8 8
split_gain=4.2125e+06 1.38238e+06 1.55289e+06 810488 790452 766537 1.12396e+06 810809 936837 652197 620640 1.16009e+06 3.09447e+06 1.42181e+06
threshold=-0.70459485054016102 -0.77272132039070118 -113.38499832153319 -253.69499969482419 0.20223365724086764 0.21644368022680285 -165.94499969482419 -239.11000061035153 -6.9000000953674308 0.20223365724086764 0.082499999552965178 239.73500061035159 0.72204074263572704 0.95892572402954113
decision_type=2 2 2 2 2 2 2 2 2 2 2 2 2 2
left_child=1 5 3 -3 -2 6 -1 8 -7 -5 11 -6 -13 -14
right_child=4 2 -4 9 10 7 -8 -9 -10 -11 -12 12 13 -15
leaf_value=0.2790323016095092 0.081685105875647784 -0.42714579270145325 -0.034027974245469293 0.14870682533423968 0.016656999794803101 0.054478182739032155 0.021274816335046083 -0.014250448275174313 -0.2071289182526532 -0.11829889114804618 0.092870170295382609 0.37747207551384321 -0.22698881042506336 0.58701841222718043
leaf_weight=8022 77312 3300 309583 3772 1680180 7841 42976 690328 18112 114346 41377 4399 23822 881
leaf_count=8022 77312 3300 309583 3772 1680180 7841 42976 690328 18112 114346 41377 4399 23822 881
internal_value=6.9166e-07 -0.0291434 -0.0578047 -0.118421 0.0191054 -0.013043 0.0618673 -0.0183773 -0.1281 -0.10976 0.0163413 0.0144883 -0.110685 -0.197732
internal_weight=3.02625e+06 1.19828e+06 431001 121418 1.82797e+06 767279 50998 716281 25953 118118 1.75066e+06 1.70928e+06 29102 24703
internal_count=3026251 1198280 431001 121418 1827971 767279 50998 716281 25953 118118 1750659 1709282 29102 24703
is_linear=0
shrinkage=0.02


Tree=43
num_leaves=15
num_cat=0
split_feature=4 7 7 7 4 4 7 7 7 7 7 7 4 7
split_gain=3.97675e+06 2.43524e+06 3.0294e+06 2.15845e+06 2.92769e+06 2.26761e+06 2.4489e+06 3.79016e+06 1.78189e+06 1.58223e+06 6.01179e+06 3.8182e+06 1.61953e+06 1.38026e+06
threshold=16.775000572204593 10926.682617187502 10844.483886718752 11448.922363281252 -253.69499969482419 -165.94499969482419 12188.847167968752 12205.471191406252 10689.769531250002 11218.415527343752 11281.717285156252 11233.562988281252 -66.865001678466783 10626.541503906252
decision_type=2 2 2 2 2 2 2 2 2 2 2 2 2 2
left_child=3 2 8 4 -1 6 -5 -8 13 -6 11 -11 -13 -2
right_child=1 -3 -4 5 9 -7 7 -9 -10 10 -12 12 -14 -15
leaf_value=-0.32168646906428083 -0.00029379604536875186 0.011923331493689932 0.19184705679475467 -0.0072892545655649293 -0.020691376273079185 -0.005267626794598048 0.65771023272020357 0.11702875516908344 -0.015853911636104213 -0.16427853400306366 -0.036388084811940585 -0.72456225491928439 -0.27598506775130099 0.19100659484756968
leaf_weight=14773 24328 1281371 70245 24220 628534 552450 7309 17816 103632 29499 218301 9045 5024 39704
leaf_count=14773 24328 1281371 70245 24220 628534 552450 7309 17816 103632 29499 218301 9045 5024 39704
internal_value=7.19657e-07 0.0228343 0.0815973 -0.0230193 -0.0425359 0.00633618 0.136224 0.274516 0.0353979 -0.0379008 -0.0792041 -0.293679 -0.564688 0.118336
internal_weight=3.02625e+06 1.51928e+06 237909 1.50697e+06 905176 601795 49345 25125 167664 890403 261869 43568 14069 64032
internal_count=3026251 1519280 237909 1506971 905176 601795 49345 25125 167664 890403 261869 43568 14069 64032
is_linear=0
shrinkage=0.02


Tree=44
num_leaves=15
num_cat=0
split_feature=9 8 0 9 17 4 5 8 0 8 9 9 4 8
split_gain=4.14163e+06 1.86473e+06 1.5817e+06 2.37736e+06 1.58139e+06 1.22334e+06 1.48739e+06 1.15136e+06 1.06912e+06 1.34772e+06 985129 858658 1.45957e+06 1.41759e+06
threshold=0.53606674075126659 -0.95236524939537037 1143.5000000000002 -0.72443613409996022 0.15741544216871264 229.26499938964847 0.072500001639127745 0.88779377937316906 2603.5000000000005 -0.71208626031875599 0.8301217555999757 -0.66045743227004994 251.41500091552737 0.7692478895187379
decision_type=2 2 2 2 2 2 2 2 2 2 2 2 2 2
left_child=1 -1 -3 -4 -5 -6 7 11 10 -10 -2 -7 -13 -14
right_child=8 2 3 4 5 6 -8 -9 9 -11 -12 12 13 -15
leaf_value=-0.033415281655195889 -0.015220747390787572 -0.012462783159207361 0.15547762710784538 0.16493293428972094 0.025056409947420297 -0.017360135058453262 0.17310937639377616 0.022531311232346796 -0.087341762517653423 0.013207289700179011 -0.28817658841165394 -0.069828688334320974 -0.81463832689193172 -0.29365656833387205
leaf_weight=299170 383279 459148 57957 31569 1409180 6146 7421 11788 271834 66329 5353 6955 2951 7171
leaf_count=299170 383279 459148 57957 31569 1409180 6146 7421 11788 271834 66329 5353 6955 2951 7171
internal_value=6.77803e-07 0.0131547 0.02012 0.0298273 0.0249164 0.0218702 -0.0839248 -0.138441 -0.0416159 -0.0676197 -0.0189878 -0.220126 -0.293047 -0.446201
internal_weight=3.02625e+06 2.29946e+06 2.00029e+06 1.54114e+06 1.48318e+06 1.45161e+06 42432 35011 726795 338163 388632 23223 17077 10122
internal_count=3026251 2299456 2000286 1541138 1483181 1451612 42432 35011 726795 338163 388632 23223 17077 10122
is_linear=0
shrinkage=0.02


Tree=45
num_leaves=15
num_cat=0
split_feature=8 7 7 7 7 8 8 7 7 7 6 7 7 6
split_gain=3.76242e+06 2.63963e+06 3.54518e+06 2.56517e+06 2.69231e+06 2.26616e+06 3.52858e+06 2.02424e+06 2.14604e+06 3.25356e+06 2.31501e+06 1.9337e+06 2.54435e+06 1.93112e+06
threshold=-0.70585528016090382 11448.922363281252 11755.942382812502 10879.343750000002 10930.859375000002 -0.8281784951686858 -0.95664271712303151 11188.368652343752 11324.553222656252 11346.886718750002 85.068126678466811 11153.163574218752 11031.500488281252 123.9750328063965
decision_type=2 2 2 2 2 2 2 2 2 2 2 2 2 2
left_child=1 3 -3 -1 -5 6 -4 11 -9 10 -10 12 13 -2
right_child=7 2 5 4 -6 -7 -8 8 9 -11 -12 -13 -14 -15
leaf_value=0.040014501941887 0.035381746421849318 0.19038987761228129 -0.031205348390552161 -0.21285959408077249 -0.055035120212838455 -0.073363129340396946 0.11370508212172174 -0.056505025297016419 0.046104984766259759 0.0096301298861631388 0.51090302851730285 0.12446645690374981 -0.095222525499462501 0.19920028100419138
leaf_weight=104905 477207 39681 172643 46739 575515 139228 110052 206246 8260 943887 8905 104976 57385 30622
leaf_count=104905 477207 39681 172643 46739 575515 139228 110052 206246 8260 943887 8905 104976 57385 30622
internal_value=5.92522e-07 -0.0277246 0.00968064 -0.0514694 -0.066893 -0.00731875 0.0252096 0.0179374 0.00203148 0.0145941 0.287395 0.0456411 0.030999 0.0452637
internal_weight=3.02625e+06 1.18876e+06 461604 727159 622254 421923 282695 1.83749e+06 1.1673e+06 961052 17165 670190 565214 507829
internal_count=3026251 1188763 461604 727159 622254 421923 282695 1837488 1167298 961052 17165 670190 565214 507829
is_linear=0
shrinkage=0.02


Tree=46
num_leaves=15
num_cat=0
split_feature=9 7 7 7 9 7 7 7 7 7 7 7 7 7
split_gain=3.86064e+06 3.29494e+06 2.44104e+06 2.17637e+06 2.0591e+06 1.94391e+06 2.10358e+06 6.70387e+06 1.96609e+06 2.30747e+06 7.56054e+06 1.88424e+06 2.09466e+06 7.62558e+06
threshold=0.53606674075126659 10769.989746093752 10858.977050781252 10706.830566406252 0.60596671700477611 12832.255859375002 11004.516113281252 11059.523925781252 11199.230468750002 11281.717285156252 11233.562988281252 10886.141601562502 12161.177246093752 12202.979980468752
decision_type=2 2 2 2 2 2 2 2 2 2 2 2 2 2
left_child=11 3 -3 -2 -5 6 -4 -8 -9 10 -10 -1 -13 -14
right_child=1 2 5 4 -6 -7 7 8 9 -11 -12 12 13 -15
leaf_value=0.061589830313513984 -0.025334973319240155 -0.27134084867005903 0.021063130863596197 -0.069821630418955241 0.43360387122044453 0.33131133405577112 -0.29201309128034947 0.024323525465793513 -0.081026660972670278 -0.033733237615036368 -0.59663239038864802 -0.0054037187930254093 0.26045996817289552 0.013377767058401588
leaf_weight=277296 14053 19237 146301 4315 13124 5497 47214 129468 89123 245432 13031 1539350 56588 426222
leaf_count=277296 14053 19237 146301 4315 13124 5497 47214 129468 89123 245432 13031 1539350 56588 426222
internal_value=6.30164e-07 -0.0401794 -0.049243 0.159883 0.30907 -0.0429194 -0.045992 -0.0647044 -0.042202 -0.0669813 -0.146851 0.0127006 0.00599617 0.042342
internal_weight=3.02625e+06 726795 695303 31492 17439 676066 670569 524268 477054 347586 102154 2.29946e+06 2.02216e+06 482810
internal_count=3026251 726795 695303 31492 17439 676066 670569 524268 477054 347586 102154 2299456 2022160 482810
is_linear=0
shrinkage=0.02


Tree=47
num_leaves=15
num_cat=0
split_feature=9 17 0 9 0 9 8 5 8 6 5 8 0 9
split_gain=3.7559e+06 1.63145e+06 1.65347e+06 1.27588e+06 1.5675e+06 840451 758559 1.02348e+06 741714 1.02426e+06 1.30278e+06 728554 986968 1.01454e+06
threshold=1.0000000180025095e-35 0.25187316536903387 4668.5000000000009 -0.72443613409996022 1501.5000000000002 0.8301217555999757 -0.78062468767166127 0.042500000447034843 0.50153240561485302 102.47717666625978 0.047500001266598708 -0.9886590540409087 2087.5000000000005 -0.094809673726558671
decision_type=2 2 2 2 2 2 2 2 2 2 2 2 2 2
left_child=3 -2 5 4 -1 -3 -4 -8 -6 -10 -11 -5 -13 -14
right_child=1 2 6 11 8 -7 7 -9 9 10 -12 12 13 -15
leaf_value=-0.015836012059924492 0.041578602204860975 -0.022115257472954813 -0.045245047619872712 -0.033918787830178453 0.34413292997545875 -0.23550840809053561 -0.15419605900166025 0.1506885932761188 0.070438169512065468 0.13741113742169234 0.56641741221075992 0.00035054114342185399 0.028216654663181486 0.12504328677352267
leaf_weight=30958 132534 1051145 66617 109408 7778 7425 75809 4668 31058 8285 4299 624470 826127 45670
leaf_count=30958 132534 1051145 66617 109408 7778 7425 75809 4668 31058 8285 4299 624470 826127 45670
internal_value=6.02295e-07 -0.0250239 -0.0323456 0.0198387 0.0965994 -0.0236143 -0.0951749 -0.136495 0.164283 0.132157 0.284305 0.0159 0.019543 0.0332904
internal_weight=3.02625e+06 1.3382e+06 1.20566e+06 1.68805e+06 82378 1.05857e+06 147094 80477 51420 43642 12584 1.60568e+06 1.49627e+06 871797
internal_count=3026251 1338198 1205664 1688053 82378 1058570 147094 80477 51420 43642 12584 1605675 1496267 871797
is_linear=0
shrinkage=0.02


Tree=48
num_leaves=15
num_cat=0
split_feature=9 17 4 9 3 4 5 9 6 13 14 9 4 9
split_gain=3.6072e+06 1.56888e+06 1.38562e+06 1.22544e+06 1.06796e+06 1.04276e+06 1.45162e+06 1.14343e+06 881603 879048 1.15332e+06 816664 1.39772e+06 1.40902e+06
threshold=1.0000000180025095e-35 0.26353931427001959 -239.11000061035153 -0.72443613409996022 2.2083052396774296 229.26499938964847 0.072500001639127745 -0.46024025976657862 123.9750328063965 -3.8999999761581416 0.67194426059722911 -0.66045743227004994 251.41500091552737 -0.63895034790039051
decision_type=2 2 2 2 2 2 2 2 2 2 2 2 2 2
left_child=3 -2 4 8 -3 -5 7 11 -1 -4 -11 -7 -13 -14
right_child=1 2 9 5 -6 6 -8 -9 -10 10 -12 12 13 -15
leaf_value=0.077553891009751325 0.034595193382084111 0.26549639594621022 -0.0076559739305674113 0.018264265594181265 -0.2002072633818526 -0.019059921796844938 0.17006185022603723 0.023329181907025376 0.34493615936584027 -0.032602935129392191 -0.10598304594012872 -0.070160199476345955 -0.79673167509530007 -0.28288204088893681
leaf_weight=77117 158306 2112 462738 1562410 27675 6221 7574 12110 5261 587057 100310 7096 3031 7233
leaf_count=77117 158306 2112 462738 1562410 27675 6221 7574 12110 5261 587057 100310 7096 3031 7233
internal_value=6.5376e-07 -0.0245235 -0.0324557 0.0194421 -0.167109 0.015582 -0.0812621 -0.134629 0.0946701 -0.0289668 -0.043313 -0.215724 -0.286147 -0.435254
internal_weight=3.02625e+06 1.3382e+06 1.17989e+06 1.68805e+06 29787 1.60568e+06 43265 35691 82378 1.1501e+06 687367 23581 17360 10264
internal_count=3026251 1338198 1179892 1688053 29787 1605675 43265 35691 82378 1150105 687367 23581 17360 10264
is_linear=0
shrinkage=0.02


Tree=49
num_leaves=15
num_cat=0
split_feature=9 9 0 17 0 9 9 4 4 9 9 4 0 0
split_gain=3.51061e+06 1.39007e+06 1.50272e+06 1.11334e+06 996512 1.24504e+06 922959 921832 856977 1.22111e+06 904416 1.03143e+06 1.10085e+06 896665
threshold=0.53606674075126659 -0.72443613409996022 1501.5000000000002 0.1455325856804848 2623.5000000000005 0.70209196209907543 0.8301217555999757 -228.83499908447263 229.26499938964847 -0.7020561397075652 -0.3094827383756637 156.17499542236331 5081.5000000000009 1852.5000000000002
decision_type=2 2 2 2 2 2 2 2 2 2 2 2 2 2
left_child=1 2 -1 7 6 -6 -2 -3 10 -10 13 -12 -13 -5
right_child=4 3 -4 8 5 -7 -8 -9 9 -11 11 12 -14 -15
leaf_value=-0.017309136879325174 -0.013010500537389003 0.8131970493423748 0.15904760145891678 -0.0017271712379078802 -0.082654598938818005 0.014421386325137403 -0.27623301781154275 0.10371175536955095 0.34743497262365702 -0.10826413521153827 -0.010609419927860854 0.037590855049657576 0.30584989374489846 0.033233899461038698
leaf_weight=30958 386139 738 51420 471679 269532 65731 5393 36090 2489 40098 856281 25093 8084 776526
leaf_count=30958 386139 738 51420 471679 269532 65731 5393 36090 2489 40098 856281 25093 8084 776526
internal_value=6.01882e-07 0.0121111 0.0927777 0.00911347 -0.0383147 -0.0636222 -0.0166432 0.118147 0.00727118 -0.081555 0.00904117 -0.00636956 0.103029 0.0200227
internal_weight=3.02625e+06 2.29946e+06 82378 2.21708e+06 726795 335263 391532 36828 2.18025e+06 42587 2.13766e+06 889458 33177 1.2482e+06
internal_count=3026251 2299456 82378 2217078 726795 335263 391532 36828 2180250 42587 2137663 889458 33177 1248205
is_linear=0
shrinkage=0.02


Tree=50
num_leaves=15
num_cat=0
split_feature=9 7 7 7 9 7 7 7 0 7 7 7 7 6
split_gain=3.37163e+06 3.16153e+06 2.35041e+06 2.08692e+06 1.98258e+06 1.85855e+06 2.02425e+06 7.39077e+06 2.9942e+06 1.88007e+06 2.20036e+06 7.23084e+06 1.78989e+06 2.05964e+06
threshold=0.53606674075126659 10769.989746093752 10858.977050781252 10706.830566406252 0.60596671700477611 12832.255859375002 11008.638671875002 11059.523925781252 2824.5000000000005 11199.230468750002 11281.717285156252 11233.562988281252 10886.141601562502 48.446376800537116
decision_type=2 2 2 2 2 2 2 2 2 2 2 2 2 2
left_child=12 3 -3 -2 -5 6 -4 8 -8 -9 11 -11 13 -1
right_child=1 2 5 4 -6 -7 7 9 -10 10 -12 -13 -14 -15
leaf_value=-0.12984787985175644 -0.022951358242388819 -0.26436270278662916 0.021164734457056637 -0.067276499298374259 0.42670875305264938 0.32570017318158939 -0.17092371970549192 0.025539907363977987 -0.511585373021615 -0.077366220062545218 -0.031277981684949732 -0.58160390358044367 0.0053346835463774075 0.075205490402827119
leaf_weight=21208 14053 19237 151238 4315 13124 5497 24359 129468 17918 89123 245432 13031 2022160 256088
leaf_count=21208 14053 19237 151238 4315 13124 5497 24359 129468 17918 89123 245432 13031 2022160 256088
internal_value=6.76171e-07 -0.0375485 -0.0464267 0.158422 0.30451 -0.0402216 -0.0432261 -0.0619779 -0.315392 -0.0395139 -0.0637451 -0.141739 0.0118691 0.0595185
internal_weight=3.02625e+06 726795 695303 31492 17439 676066 670569 519331 42277 477054 347586 102154 2.29946e+06 277296
internal_count=3026251 726795 695303 31492 17439 676066 670569 519331 42277 477054 347586 102154 2299456 277296
is_linear=0
shrinkage=0.02


Tree=51
num_leaves=15
num_cat=0
split_feature=9 7 7 7 8 7 7 7 7 7 7 7 7 7
split_gain=3.23814e+06 3.03641e+06 2.25739e+06 2.00434e+06 1.90415e+06 1.78507e+06 1.94412e+06 7.09825e+06 1.80564e+06 2.11881e+06 4.5271e+06 2.00894e+06 5.0106e+06 2.10901e+06
threshold=0.53606674075126659 10769.989746093752 10858.977050781252 10706.830566406252 -0.79548987746238697 12832.255859375002 11008.638671875002 11059.523925781252 11199.230468750002 11577.411621093752 11755.942382812502 11228.336914062502 11281.717285156252 11248.801757812502
decision_type=2 2 2 2 2 2 2 2 2 2 2 2 2 2
left_child=-1 3 -3 -2 -5 6 -4 -8 -9 11 -11 -10 13 -13
right_child=1 2 5 4 -6 -7 7 8 9 10 -12 12 -14 -15
leaf_value=0.011631674653741221 -0.022492657202820593 -0.25907819545653127 0.020741467979651818 -0.065934080368383774 0.41818107633879797 0.31919799827860385 -0.30908696162820926 0.025029148849064375 -0.05402607665619992 0.2208167541506674 -0.057702873374364715 -0.33794648395104687 -0.077745607546452822 -0.79521306414381376
leaf_weight=2299456 14053 19237 151238 4315 13124 5497 42277 129468 80252 26908 175789 16562 42735 5340
leaf_count=2299456 14053 19237 151238 4315 13124 5497 42277 129468 80252 26908 175789 16562 42735 5340
internal_value=5.97491e-07 -0.0367978 -0.0454985 0.155256 0.298424 -0.0394175 -0.042362 -0.0607388 -0.0387239 -0.0624706 -0.0207203 -0.120873 -0.203847 -0.449747
internal_weight=3.02625e+06 726795 695303 31492 17439 676066 670569 519331 477054 347586 202697 144889 64637 21902
internal_count=3026251 726795 695303 31492 17439 676066 670569 519331 477054 347586 202697 144889 64637 21902
is_linear=0
shrinkage=0.02


Tree=52
num_leaves=15
num_cat=0
split_feature=9 0 9 0 8 4 0 9 9 4 0 8 8 8
split_gain=3.15566e+06 1.15167e+06 1.12991e+06 1.44575e+06 1.06281e+06 964547 1.62953e+06 1.27636e+06 1.15832e+06 1.00903e+06 1.41426e+06 2.25768e+06 1.18331e+06 956848
threshold=-1.0000000180025095e-35 4668.5000000000009 -0.72443613409996022 1501.5000000000002 -0.77272132039070118 229.26499938964847 5221.5000000000009 -0.084905855357646928 -0.69575604796409596 138.68499755859378 2289.5000000000005 -0.99216195940971363 0.99357324838638317 0.77619159221649181
decision_type=2 2 2 2 2 2 2 2 2 2 2 2 2 2
left_child=2 -2 3 -1 -3 6 9 -8 -7 10 -4 -12 -11 -10
right_child=1 4 5 -5 -6 8 7 -9 13 12 11 -13 -14 -15
leaf_value=-0.01755901682782068 -0.016033808682919353 -0.022050821328327759 0.00086846894522015416 0.15542252411040827 -0.12428044200699416 0.30611763342959747 0.076423138620888398 0.35913647184274228 -0.24062123544373726 -0.037746834523260081 -0.07996661135375692 0.058169033003355686 0.20955376803237646 -0.035773296224160089
leaf_weight=30958 1175475 81946 736616 51420 80777 2909 89999 6867 13919 205130 52706 463059 8033 26437
leaf_count=30958 1175475 81946 736616 51420 80777 2909 89999 6867 13919 205130 52706 463059 8033 26437
internal_value=5.21372e-07 -0.0229374 0.0181845 0.0904208 -0.0728031 0.0144779 0.0170576 0.0965004 -0.0786633 0.0118061 0.0186527 0.0440516 -0.0284179 -0.106469
internal_weight=3.02625e+06 1.3382e+06 1.68805e+06 82378 162723 1.60568e+06 1.56241e+06 96866 43265 1.46554e+06 1.25238e+06 515765 213163 40356
internal_count=3026251 1338198 1688053 82378 162723 1605675 1562410 96866 43265 1465544 1252381 515765 213163 40356
is_linear=0
shrinkage=0.02


Tree=53
num_leaves=15
num_cat=0
split_feature=9 7 0 7 9 9 7 7 7 7 0 7 7 7
split_gain=3.03071e+06 2.91516e+06 2.77077e+06 2.76524e+06 2.0393e+06 2.5329e+06 1.94682e+06 1.84204e+06 1.81972e+06 7.92316e+06 1.78529e+06 1.84245e+06 3.75573e+06 3.76475e+06
threshold=1.0000000180025095e-35 11577.411621093752 4997.5000000000009 11755.942382812502 0.55642431974411022 0.29584877192974096 11188.368652343752 12832.255859375002 12161.177246093752 12205.471191406252 2525.5000000000005 11153.163574218752 10926.682617187502 10855.785644531252
decision_type=2 2 2 2 2 2 2 2 2 2 2 2 2 2
left_child=6 2 -2 -3 5 -5 10 -6 -7 -10 -1 12 13 -12
right_child=1 3 -4 4 7 8 -8 -9 9 -11 11 -13 -14 -15
leaf_value=0.011744947657159712 -0.032467836722106701 0.21251206147909302 -0.15493891856792877 -0.011391699806006598 -0.058188197798262536 0.039346520415277572 0.0015288930572818727 0.31347162377873289 0.76770825292049905 0.091489145834139599 0.072153996275347868 0.18788055230274064 -0.018791698619069264 0.32165720955149951
leaf_weight=305046 797541 27571 81428 148939 170108 57367 1071531 5497 8314 41433 98363 52469 128570 32074
leaf_count=305046 797541 27571 81428 148939 170108 57367 1071531 5497 8314 41433 98363 52469 128570 32074
internal_value=5.49747e-07 -0.0224787 -0.0438153 0.0183598 0.0059542 0.0419538 0.0178209 -0.0465368 0.116123 0.204635 0.0461363 0.0798162 0.0579183 0.133526
internal_weight=3.02625e+06 1.3382e+06 878969 459229 431658 256053 1.68805e+06 175605 107114 49747 616522 311476 259007 130437
internal_count=3026251 1338198 878969 459229 431658 256053 1688053 175605 107114 49747 616522 311476 259007 130437
is_linear=0
shrinkage=0.02


Tree=54
num_leaves=15
num_cat=0
split_feature=9 7 0 7 8 9 4 7 7 7 7 8 4 7
split_gain=2.91068e+06 2.79977e+06 2.66708e+06 2.65577e+06 2.03227e+06 2.33423e+06 1.89575e+06 2.37751e+06 7.36999e+06 2.43021e+06 1.86974e+06 1.79548e+06 2.1099e+06 2.04277e+06
threshold=1.0000000180025095e-35 11577.411621093752 4880.5000000000009 11755.942382812502 -0.84077408909797657 0.29584877192974096 -58.745000839233391 12161.177246093752 12212.934082031252 12035.318359375002 11188.368652343752 0.99357324838638317 131.47499847412112 12140.214355468752
decision_type=2 2 2 2 2 2 2 2 2 2 2 2 2 2
left_child=10 2 -2 -3 5 -5 7 9 -9 -7 -1 12 -12 -13
right_child=1 3 -4 4 -6 6 -8 8 -10 -11 11 13 -14 -15
leaf_value=0.045213766744631768 -0.031054020182205402 0.2082633616896494 -0.14506562311054688 -0.014111833189566898 -0.037026786098517409 0.2311206600057209 0.0042355938475895898 0.88131526718177544 0.13671066599476936 -0.093781021258165231 0.010219177330332972 0.019448062855845102 -0.059755870461413098 0.25069836180188038
leaf_weight=616522 787354 27571 91615 110352 218495 19370 37185 7037 21681 17538 784105 42742 220911 23773
leaf_count=616522 787354 27571 91615 110352 218495 19370 37185 7037 21681 17538 784105 42742 220911 23773
internal_value=6.5444e-07 -0.0220289 -0.042939 0.0179932 0.00583565 0.04977 0.118332 0.182971 0.319411 0.0767493 0.0174645 0.00149832 -0.00516235 0.102124
internal_weight=3.02625e+06 1.3382e+06 878969 459229 431658 213163 102811 65626 28718 36908 1.68805e+06 1.07153e+06 1.00502e+06 66515
internal_count=3026251 1338198 878969 459229 431658 213163 102811 65626 28718 36908 1688053 1071531 1005016 66515
is_linear=0
shrinkage=0.02


Tree=55
num_leaves=15
num_cat=0
split_feature=9 9 0 0 9 9 4 5 9 9 9 4 6 0
split_gain=2.80339e+06 1.26314e+06 1.38185e+06 893342 1.23172e+06 876143 802947 1.37904e+06 1.09652e+06 767014 1.10256e+06 1.5191e+06 1.26958e+06 902140
threshold=0.53606674075126659 -0.72443613409996022 1501.5000000000002 2603.5000000000005 0.70209196209907543 0.8301217555999757 229.26499938964847 0.072500001639127745 -0.46024025976657862 -0.65224117040634144 -0.64141976833343495 251.41500091552737 115.0654640197754 5322.5000000000009
decision_type=2 2 2 2 2 2 2 2 2 2 2 2 2 2
left_child=1 2 -1 5 -5 -2 -3 8 9 -8 11 -11 -12 -14
right_child=3 6 -4 4 -6 -7 7 -9 -10 10 12 -13 13 -15
leaf_value=-0.017848166063679807 -0.010001668008633344 0.00966353312973201 0.1512673006527587 -0.076862779383903887 0.019261047400631344 -0.26741582283172244 -0.050914910113188466 0.16761984324564619 0.025326414704345965 -0.12155910835610938 -0.11437446677251614 -0.97897896086003544 -1.0253391996224037 -0.11853721102588552
leaf_weight=30958 383279 2173813 51420 271834 66329 5353 8095 7574 12110 1453 10256 1917 1149 711
leaf_count=30958 383279 2173813 51420 271834 66329 5353 8095 7574 12110 1453 10256 1917 1149 711
internal_value=7.34637e-07 0.0108229 0.0877183 -0.0342384 -0.0580085 -0.0135541 0.00796536 -0.0773397 -0.129356 -0.20877 -0.291199 -0.610755 -0.201884 -0.681205
internal_weight=3.02625e+06 2.29946e+06 82378 726795 338163 388632 2.21708e+06 43265 35691 23581 15486 3370 12116 1860
internal_count=3026251 2299456 82378 726795 338163 388632 2217078 43265 35691 23581 15486 3370 12116 1860
is_linear=0
shrinkage=0.02


Tree=56
num_leaves=15
num_cat=0
split_feature=8 7 7 7 7 0 8 8 7 7 7 7 0 7
split_gain=2.69306e+06 2.1719e+06 3.17859e+06 2.29479e+06 2.71052e+06 1.92582e+06 1.82075e+06 3.17668e+06 1.71989e+06 2.34011e+06 1.83146e+06 6.67453e+06 1.71941e+06 1.66656e+06
threshold=-0.70585528016090382 11448.922363281252 11755.942382812502 10879.343750000002 10937.899902343752 2865.5000000000005 -0.8281784951686858 -0.95664271712303151 11192.181152343752 11233.562988281252 11434.893066406252 11577.411621093752 2525.5000000000005 10926.682617187502
decision_type=2 2 2 2 2 2 2 2 2 2 2 2 2 2
left_child=1 3 -3 -1 -5 -6 7 -4 12 -10 -11 -12 -2 -14
right_child=8 2 6 4 5 -7 -8 -9 9 10 11 -13 13 -15
leaf_value=0.041533429516107521 0.0086241568644368268 0.18158495036121566 -0.029993795963949379 -0.19509615723439119 -0.014724816003840926 -0.089081363329400295 -0.064821875980698968 0.10750102213279476 -0.076197777973929223 0.069528629833803923 -0.16540780656333426 0.018061748889996062 0.1275882996119122 0.037094960478209725
leaf_weight=104905 346162 39681 172643 53915 323763 244576 139228 110052 140822 175601 88804 741526 131884 212689
leaf_count=104905 346162 39681 172643 53915 323763 244576 139228 110052 140822 175601 88804 741526 131884 212689
internal_value=5.59929e-07 -0.0234559 0.0104738 -0.0449946 -0.0595827 -0.0467241 -0.00562272 0.0235342 0.0151758 0.000158529 0.0108484 -0.0015621 0.0401069 0.0717337
internal_weight=3.02625e+06 1.18876e+06 461604 727159 622254 568339 421923 282695 1.83749e+06 1.14675e+06 1.00593e+06 830330 690735 344573
internal_count=3026251 1188763 461604 727159 622254 568339 421923 282695 1837488 1146753 1005931 830330 690735 344573
is_linear=0
shrinkage=0.02


Tree=57
num_leaves=15
num_cat=0
split_feature=9 7 0 7 9 9 7 7 7 7 7 0 7 7
split_gain=2.63215e+06 2.59286e+06 2.49933e+06 2.47742e+06 1.78735e+06 2.23938e+06 1.75531e+06 1.72793e+06 1.6929e+06 1.69077e+06 7.3035e+06 1.65608e+06 1.788e+06 3.31877e+06
threshold=1.0000000180025095e-35 11577.411621093752 4997.5000000000009 11755.942382812502 0.55642431974411022 0.29584877192974096 12832.255859375002 11188.368652343752 11233.562988281252 12161.177246093752 12205.471191406252 2544.5000000000005 11157.286621093752 10926.682617187502
decision_type=2 2 2 2 2 2 2 2 2 2 2 2 2 2
left_child=7 2 -2 -3 5 -5 -6 11 -9 -7 -11 -1 13 -13
right_child=1 3 -4 4 6 9 -8 8 -10 10 -12 12 -14 -15
leaf_value=0.010407163542157746 -0.030293841156072934 0.20133660629672956 -0.14661116908143318 -0.010632853027700754 -0.054691250014455815 0.035260352661159872 0.30811305026515484 -0.061850569144638268 0.011272484778464809 0.73519037508816698 0.085953227582084471 0.12771502524455725 0.18980446884403232 -0.014561150277972588
leaf_weight=307349 797541 27571 81428 148939 170108 57367 5497 146728 924803 8314 41433 129449 46821 132903
leaf_count=307349 797541 27571 81428 148939 170108 57367 5497 146728 924803 8314 41433 129449 46821 132903
internal_value=5.45841e-07 -0.0209485 -0.0410711 0.0175664 0.00582415 0.0395265 -0.0433173 0.0166078 0.00125902 0.109266 0.194584 0.043284 0.0759655 0.0556425
internal_weight=3.02625e+06 1.3382e+06 878969 459229 431658 256053 175605 1.68805e+06 1.07153e+06 107114 49747 616522 309173 262352
internal_count=3026251 1338198 878969 459229 431658 256053 175605 1688053 1071531 107114 49747 616522 309173 262352
is_linear=0
shrinkage=0.02


Tree=58
num_leaves=15
num_cat=0
split_feature=9 7 0 7 8 9 7 7 0 7 7 8 7 7
split_gain=2.5279e+06 2.49024e+06 2.40365e+06 2.37933e+06 1.78615e+06 2.06906e+06 1.75322e+06 7.19476e+06 1.74061e+06 1.68272e+06 1.65951e+06 1.69795e+06 1.96751e+06 1.59859e+06
threshold=1.0000000180025095e-35 11577.411621093752 4880.5000000000009 11755.942382812502 -0.84077408909797657 0.29584877192974096 12161.177246093752 12205.471191406252 3327.5000000000005 12035.318359375002 11188.368652343752 0.99357324838638317 12140.214355468752 12832.255859375002
decision_type=2 2 2 2 2 2 2 2 2 2 2 2 2 2
left_child=10 2 -2 -3 5 -5 9 8 -8 -7 -1 -12 -13 -6
right_child=1 3 -4 4 13 6 7 -9 -10 -11 11 12 -14 -15
leaf_value=0.04241843939850156 -0.028966950125812862 0.19731133404938031 -0.13720156496149938 -0.013247542141337809 -0.043171690557017611 0.13455648605212089 0.40340180776398848 0.08857833020199328 0.99771632185663939 -0.086382005289446881 -0.0052433971846624558 0.017949998876276619 0.24489977174765476 0.30196197900207244
leaf_weight=616522 787354 27571 91615 110352 212998 30753 3470 38986 4621 24981 1005016 42742 23773 5497
leaf_count=616522 787354 27571 91615 110352 212998 30753 3470 38986 4621 24981 1005016 42742 23773 5497
internal_value=6.2676e-07 -0.0205293 -0.0402497 0.0172157 0.00570817 0.0468964 0.111447 0.201298 0.743647 0.0355297 0.0162757 0.00123383 0.0990886 -0.0344751
internal_weight=3.02625e+06 1.3382e+06 878969 459229 431658 213163 102811 47077 8091 55734 1.68805e+06 1.07153e+06 66515 218495
internal_count=3026251 1338198 878969 459229 431658 213163 102811 47077 8091 55734 1688053 1071531 66515 218495
is_linear=0
shrinkage=0.02


Tree=59
num_leaves=15
num_cat=0
split_feature=8 7 7 7 7 9 9 7 7 7 7 7 7 7
split_gain=2.44687e+06 1.91263e+06 2.89871e+06 2.19437e+06 2.60202e+06 1.64014e+06 2.97861e+06 1.5602e+06 6.73522e+06 1.55233e+06 1.52701e+06 2.17559e+06 2.49562e+06 6.33188e+06
threshold=-0.70585528016090382 11448.922363281252 11755.942382812502 10879.343750000002 10930.859375000002 0.55642431974411022 0.29584877192974096 12161.177246093752 12205.471191406252 12035.318359375002 11192.181152343752 11310.519042968752 11434.893066406252 11577.411621093752
decision_type=2 2 2 2 2 2 2 2 2 2 2 2 2 2
left_child=1 3 -3 -1 -5 6 -4 9 -9 -8 -2 -12 -13 -14
right_child=10 2 5 4 -6 -7 7 8 -10 -11 11 12 13 -15
leaf_value=0.042043315617589151 0.037957427036663265 0.17288678592440232 -0.029048596967428245 -0.20033322018254054 -0.045178333370368418 -0.061642385430084108 0.12561890962492198 0.70608658671405056 0.082619022763634448 -0.084067493347296407 -0.06574730028328768 0.087884097127342672 -0.16121306592945675 0.017485103610397925
leaf_weight=104905 690735 39681 174133 46739 575515 140676 32271 8314 41433 25096 169853 146570 88804 741526
leaf_count=104905 690735 39681 174133 46739 575515 140676 32271 8314 41433 25096 169853 146570 88804 741526
internal_value=7.5427e-07 -0.0223579 0.00948232 -0.0425701 -0.0568355 -0.00588923 0.0219989 0.104981 0.186938 0.0338896 0.0144657 0.000315544 0.0118024 -0.0016284
internal_weight=3.02625e+06 1.18876e+06 461604 727159 622254 421923 281247 107114 49747 57367 1.83749e+06 1.14675e+06 976900 830330
internal_count=3026251 1188763 461604 727159 622254 421923 281247 107114 49747 57367 1837488 1146753 976900 830330
is_linear=0
shrinkage=0.02


Tree=60
num_leaves=15
num_cat=0
split_feature=8 0 4 13 14 4 0 9 4 9 4 0 0 4
split_gain=2.34996e+06 1.19474e+06 1.22741e+06 1.23861e+06 1.65262e+06 1.27683e+06 1.0923e+06 2.11543e+06 1.23358e+06 1.68691e+06 2.11666e+06 1.50893e+06 1.23621e+06 1.5511e+06
threshold=-0.70585528016090382 2505.5000000000005 -36.164999008178704 -9.4999999999999982 0.57878702878952037 -253.69499969482419 1793.5000000000002 -0.7377723455429076 123.76499938964845 0.095282986760139479 29.244999885559086 3414.5000000000005 4880.5000000000009 221.254997253418
decision_type=2 2 2 2 2 2 2 2 2 2 2 2 2 2
left_child=1 -1 3 -3 -5 -6 -2 -8 9 11 -11 -9 -10 -14
right_child=6 2 -4 4 5 -7 7 8 12 10 -12 -13 13 -15
leaf_value=-0.0024846579044070808 -0.0063011942135758527 0.010663779520628981 -0.27478450853540037 -0.025435801751463042 -0.37138813747463451 -0.095178664181822942 0.19739967326670044 0.034154416379581498 -0.027137145221360189 0.013129180038524549 -0.20688438782856852 0.11061986644716468 0.075664257051568221 -0.064301796798070424
leaf_weight=613181 664904 148602 8956 259235 6995 151794 28035 436883 305154 76647 22652 135163 125725 42325
leaf_count=613181 664904 148602 8956 259235 6995 151794 28035 436883 305154 76647 22652 135163 125725 42325
internal_value=7.80621e-07 -0.0219106 -0.0426051 -0.0389305 -0.0565605 -0.107369 0.0141764 0.0257881 0.0215828 0.0390147 -0.0370757 0.0522233 -0.00314837 0.0404106
internal_weight=3.02625e+06 1.18876e+06 575582 566626 418024 158789 1.83749e+06 1.17258e+06 1.14455e+06 671345 99299 572046 473204 168050
internal_count=3026251 1188763 575582 566626 418024 158789 1837488 1172584 1144549 671345 99299 572046 473204 168050
is_linear=0
shrinkage=0.02


Tree=61
num_leaves=15
num_cat=0
split_feature=9 7 7 7 4 7 7 0 7 7 7 7 7 7
split_gain=2.29588e+06 2.84604e+06 2.23417e+06 1.91757e+06 2.0454e+06 1.76547e+06 6.92629e+06 2.77005e+06 1.58759e+06 2.24569e+06 3.20644e+06 1.95145e+06 2.96789e+06 3.13103e+06
threshold=0.53606674075126659 10769.989746093752 10858.977050781252 10706.830566406252 -97.16500091552733 11008.638671875002 11059.523925781252 2785.5000000000005 11199.230468750002 11577.411621093752 11755.942382812502 11221.080078125002 11281.717285156252 11248.801757812502
decision_type=2 2 2 2 2 2 2 2 2 2 2 2 2 2
left_child=-1 3 -3 -2 -5 -4 7 -7 -8 11 -11 -10 13 -13
right_child=1 2 5 4 -6 6 8 -9 9 10 -12 12 -14 -15
leaf_value=0.0097944095864999775 -0.018909719326785829 -0.25188621586767995 0.026846593235168466 0.62792233088656224 0.15398316183580182 -0.15479806515984951 0.03070688881094576 -0.48164869286901335 -0.034206824659039674 0.19459851113125073 -0.039328795959841359 -0.23774600186010747 -0.070644708154445249 -0.76566018151969562
leaf_weight=2299456 14053 19237 151238 5178 12261 24005 129468 18272 68594 26908 181286 28220 42735 5340
leaf_count=2299456 14053 19237 151238 5178 12261 24005 129468 18272 68594 26908 181286 28220 42735 5340
internal_value=7.22578e-07 -0.0309845 -0.0394081 0.154951 0.294986 -0.0333585 -0.0507079 -0.296143 -0.0291992 -0.0511658 -0.00908691 -0.111625 -0.181215 -0.32195
internal_weight=3.02625e+06 726795 695303 31492 17439 676066 524828 42277 482551 353083 208194 144889 76295 33560
internal_count=3026251 726795 695303 31492 17439 676066 524828 42277 482551 353083 208194 144889 76295 33560
is_linear=0
shrinkage=0.02


Tree=62
num_leaves=15
num_cat=0
split_feature=8 7 7 7 7 0 8 8 7 7 7 7 7 7
split_gain=2.21741e+06 1.80425e+06 2.69507e+06 2.0746e+06 2.52741e+06 1.73349e+06 1.51941e+06 2.74831e+06 1.4555e+06 2.08988e+06 1.72794e+06 5.99176e+06 1.59105e+06 3.02903e+06
threshold=-0.70585528016090382 11448.922363281252 11755.942382812502 10879.343750000002 10937.899902343752 2865.5000000000005 -0.8281784951686858 -0.95236524939537037 11192.181152343752 11233.562988281252 11434.893066406252 11577.411621093752 12683.662597656252 12665.208007812502
decision_type=2 2 2 2 2 2 2 2 2 2 2 2 2 2
left_child=1 3 -3 -1 -5 -6 7 -4 -2 -10 -11 -12 13 -13
right_child=8 2 6 4 5 -7 -8 -9 9 10 11 12 -14 -15
leaf_value=0.041356825677434761 0.03670569765615201 0.16720117363699072 -0.027096378695843516 -0.18564161668025064 -0.012009710803318412 -0.08255560271419024 -0.059259484545511686 0.10154549992629688 -0.07220265845356208 0.067055816814548891 -0.15723616281314384 0.020867108420080591 -0.055008517786149243 0.27583089922936055
leaf_weight=104905 690735 39681 176007 53915 323763 244576 139228 106688 140822 175601 88804 615998 106318 19210
leaf_count=104905 690735 39681 176007 53915 323763 244576 139228 106688 140822 175601 88804 615998 106318 19210
internal_value=6.40831e-07 -0.0212839 0.0096411 -0.0409151 -0.0547856 -0.042369 -0.00518067 0.0214544 0.0137707 -4.4149e-05 0.010058 -0.00199668 0.0165964 0.028582
internal_weight=3.02625e+06 1.18876e+06 461604 727159 622254 568339 421923 282695 1.83749e+06 1.14675e+06 1.00593e+06 830330 741526 635208
internal_count=3026251 1188763 461604 727159 622254 568339 421923 282695 1837488 1146753 1005931 830330 741526 635208
is_linear=0
shrinkage=0.02


Tree=63
num_leaves=15
num_cat=0
split_feature=9 8 0 9 0 13 0 5 0 8 0 9 0 8
split_gain=2.14237e+06 1.2173e+06 1.35894e+06 1.68071e+06 798182 754582 731862 948338 716319 573288 559038 568076 532510 524664
threshold=0.53606674075126659 -0.95236524939537037 968.50000000000011 -0.7377723455429076 8272.5000000000018 2.1000000238418584 1064.5000000000002 -0.022499999962747094 2505.5000000000005 -0.62652868032455433 5038.5000000000009 0.8301217555999757 5753.5000000000009 0.65655234456062328
decision_type=2 2 2 2 2 2 2 2 2 2 2 2 2 2
left_child=1 8 -3 9 6 -5 -2 10 -1 -4 11 -8 -11 -9
right_child=4 2 3 5 -6 -7 7 13 -10 12 -12 -13 -14 -15
leaf_value=-0.00033230027547506198 0.009315031241282707 -0.018451237699769203 0.45868827110122851 0.032610236382622768 -0.36321876710630635 0.0047779186395513805 -0.047013137772374834 -0.0056197817644014882 -0.06257460479542766 0.12345597606839849 -0.13372164421089511 -0.26823912243933801 0.80109488074322965 0.5626701959460243
leaf_weight=165395 158850 389181 2265 853378 2853 717038 328910 195439 133775 37964 35401 4700 460 642
leaf_count=165395 158850 389181 2265 853378 2853 717038 328910 195439 133775 37964 35401 4700 460 642
internal_value=6.31758e-07 0.00946123 0.0150889 0.023191 -0.0299308 0.0199024 -0.0286123 -0.0392739 -0.0281654 0.150082 -0.0581599 -0.0501378 0.131775 -0.00373041
internal_weight=3.02625e+06 2.29946e+06 2.00029e+06 1.6111e+06 726795 1.57042e+06 723942 565092 299170 40689 369011 333610 38424 196081
internal_count=3026251 2299456 2000286 1611105 726795 1570416 723942 565092 299170 40689 369011 333610 38424 196081
is_linear=0
shrinkage=0.02


Tree=64
num_leaves=15
num_cat=0
split_feature=9 13 0 9 0 4 0 9 9 4 0 4 9 0
split_gain=2.06077e+06 958793 1.0963e+06 939950 1.24363e+06 879098 1.46179e+06 1.2304e+06 1.10118e+06 967996 1.27839e+06 1.66057e+06 1.0666e+06 830906
threshold=1.0000000180025095e-35 -7.9000000953674308 4577.5000000000009 -0.72443613409996022 1480.5000000000002 229.26499938964847 5221.5000000000009 -0.084905855357646928 -0.7020561397075652 138.68499755859378 3068.5000000000005 32.68499946594239 -0.13967603445053098 3414.5000000000005
decision_type=2 2 2 2 2 2 2 2 2 2 2 2 2 2
left_child=3 -2 -3 4 -1 6 9 -8 -7 10 -5 -12 -11 -14
right_child=1 2 -4 5 -6 8 7 -9 -10 12 11 -13 13 -15
leaf_value=-0.020900850318008472 0.0065510097116207346 -0.021330473729698058 -0.085230553897169367 0.0045631851325954823 0.14007434399850746 0.32936710678121262 0.069308593104752764 0.3468818919643894 -0.10259633250742409 -0.039488952336820975 -0.065550277749138561 0.072559106951909424 -0.4996762091133764 0.25318974274475353
leaf_weight=30448 418715 795328 124155 968248 51930 2496 89999 6867 40769 205063 40626 243507 627 7473
leaf_count=30448 418715 795328 124155 968248 51930 2496 89999 6867 40769 205063 40626 243507 627 7473
internal_value=6.91128e-07 -0.0185356 -0.0299596 0.0146953 0.0805802 0.0113147 0.0137774 0.0890202 -0.0776051 0.00880364 0.0155095 0.0528102 -0.0305939 0.194366
internal_weight=3.02625e+06 1.3382e+06 919483 1.68805e+06 82378 1.60568e+06 1.56241e+06 96866 43265 1.46554e+06 1.25238e+06 284133 213163 8100
internal_count=3026251 1338198 919483 1688053 82378 1605675 1562410 96866 43265 1465544 1252381 284133 213163 8100
is_linear=0
shrinkage=0.02


Tree=65
num_leaves=15
num_cat=0
split_feature=8 7 7 7 7 8 8 7 7 7 7 7 7 7
split_gain=1.97759e+06 1.7289e+06 2.58818e+06 1.97571e+06 2.44151e+06 1.44888e+06 2.61938e+06 1.38704e+06 1.99411e+06 3.12437e+06 1.434e+06 2.16063e+06 1.62136e+06 4.08152e+06
threshold=-0.70585528016090382 11448.922363281252 11755.942382812502 10879.343750000002 10937.899902343752 -0.8281784951686858 -0.95664271712303151 11192.181152343752 11324.553222656252 11346.886718750002 11153.163574218752 11031.500488281252 10993.161621093752 11008.638671875002
decision_type=2 2 2 2 2 2 2 2 2 2 2 2 2 2
left_child=1 3 -3 -1 -5 6 -4 10 -9 -10 11 12 -2 -14
right_child=7 2 5 4 -6 -7 -8 8 9 -11 -12 -13 13 -15
leaf_value=0.040970360171700693 0.021278476119418004 0.16457655233324539 -0.026949250265785939 -0.18146556642181191 -0.040648944382678506 -0.057161298630252357 0.097903601399797091 -0.060477335175339632 0.27844199122023416 0.0062476490940860489 0.096541475650031627 -0.094501642957575793 0.33476639433272892 0.0064671729402343827
leaf_weight=104905 442938 39681 172643 53915 568339 139228 110052 185701 17165 943887 125521 57385 24078 40813
leaf_count=104905 442938 39681 172643 53915 568339 139228 110052 185701 17165 943887 125521 57385 24078 40813
internal_value=7.02868e-07 -0.0200998 0.0101725 -0.0393167 -0.0528527 -0.00435242 0.0216571 0.0130048 -0.000481257 0.0111121 0.0353939 0.021813 0.0349582 0.128317
internal_weight=3.02625e+06 1.18876e+06 461604 727159 622254 421923 282695 1.83749e+06 1.14675e+06 961052 690735 565214 507829 64891
internal_count=3026251 1188763 461604 727159 622254 421923 282695 1837488 1146753 961052 690735 565214 507829 64891
is_linear=0
shrinkage=0.02


Tree=66
num_leaves=15
num_cat=0
split_feature=9 7 7 7 8 7 7 7 0 7 7 7 7 7
split_gain=1.95397e+06 2.65443e+06 2.20512e+06 1.84067e+06 1.82537e+06 1.74273e+06 1.69237e+06 5.79417e+06 3.18336e+06 1.53888e+06 2.09871e+06 2.86728e+06 1.89886e+06 4.55847e+06
threshold=0.53606674075126659 10769.989746093752 10858.977050781252 10706.830566406252 -0.79123097658157338 10761.730957031252 11004.516113281252 11059.523925781252 3196.5000000000005 11199.230468750002 11577.411621093752 11755.942382812502 11228.336914062502 11281.717285156252
decision_type=2 2 2 2 2 2 2 2 2 2 2 2 2 2
left_child=-1 3 -3 -2 -5 -6 -4 8 -8 -9 12 -12 -11 -14
right_child=1 2 6 4 5 -7 7 9 -10 10 11 -13 13 -15
leaf_value=0.0090357859795879309 -0.01935542990773673 -0.24781133553350784 0.029503571598137355 -0.038682483459873386 0.65143654871821499 0.17948550496079438 -0.14239459201159824 0.032333666880041627 -0.49059672124266923 -0.041732575928151015 0.18501748801951487 -0.036192561707464981 -0.42193147763581423 -0.067112778821122834
leaf_weight=2299456 14053 19237 146301 4909 6275 6255 31445 129468 15769 80252 26908 181286 21902 42735
leaf_count=2299456 14053 19237 146301 4909 6275 6255 31445 129468 15769 80252 26908 181286 21902 42735
internal_value=7.2781e-07 -0.0285844 -0.0367195 0.150983 0.288181 0.41617 -0.0307094 -0.0473382 -0.25877 -0.0266462 -0.0482732 -0.0075947 -0.10672 -0.187389
internal_weight=3.02625e+06 726795 695303 31492 17439 12530 676066 529765 47214 482551 353083 208194 144889 64637
internal_count=3026251 726795 695303 31492 17439 12530 676066 529765 47214 482551 353083 208194 144889 64637
is_linear=0
shrinkage=0.02


Tree=67
num_leaves=15
num_cat=0
split_feature=9 7 7 4 0 7 9 4 7 7 7 7 7 7
split_gain=1.88349e+06 2.14233e+06 4.15163e+06 3.08529e+06 2.44678e+06 1.74319e+06 1.63332e+06 3.17238e+06 1.43527e+06 1.27214e+06 1.26745e+06 1.24701e+06 1.22077e+06 1.16013e+06
threshold=1.0000000180025095e-35 12161.177246093752 12205.471191406252 -228.83499908447263 6404.5000000000009 12487.211425781252 0.50712648034095775 -134.42499542236325 12764.483398437502 12529.557128906252 12778.510742187502 10898.112304687502 10817.519042968752 10926.682617187502
decision_type=2 2 2 2 2 2 2 2 2 2 2 2 2 2
left_child=8 3 4 11 6 -4 7 -3 13 -7 -10 12 -2 -1
right_child=1 2 5 -5 -6 9 -8 -9 10 -11 -12 -13 -14 -15
leaf_value=0.05553257715443017 -0.089119396126115871 0.7567484240598511 -0.0766683893613367 -0.023765938910036092 1.0031937277241116 0.1682706930878077 0.045731932745727247 0.17038424541975769 -0.25366791523926979 0.013795347525808029 -0.023704758899823788 -0.25141454257347762 0.80530895036010919 0.0097135735787768056
leaf_weight=263137 1997 4931 74934 1052322 1560 26279 15925 14622 14289 112934 29099 31826 868 1381528
leaf_count=263137 1997 4931 74934 1052322 1560 26279 15925 14622 14289 112934 29099 31826 868 1381528
internal_value=6.8498e-07 -0.0177204 0.0349208 -0.0298848 0.230403 0.00110169 0.196149 0.31857 0.014049 0.0429655 -0.0994801 -0.215436 0.183714 0.0170447
internal_weight=3.02625e+06 1.3382e+06 251185 1.08701e+06 37038 214147 35478 19553 1.68805e+06 139213 43388 34691 2865 1.64466e+06
internal_count=3026251 1338198 251185 1087013 37038 214147 35478 19553 1688053 139213 43388 34691 2865 1644665
is_linear=0
shrinkage=0.02


Tree=68
num_leaves=15
num_cat=0
split_feature=5 7 7 7 7 7 7 7 7 7 7 7 7 7
split_gain=1.81527e+06 1.34498e+06 2.30305e+06 1.3851e+06 2.54089e+06 1.47804e+06 3.77942e+06 2.68704e+06 1.40425e+06 1.31376e+06 1.1152e+06 1.14911e+06 1.55966e+06 1.09113e+06
threshold=-0.022499999962747094 12161.177246093752 12205.471191406252 10879.343750000002 10937.899902343752 10817.519042968752 10833.810546875002 10789.720703125002 10640.863281250002 12192.195312500002 10975.922851562502 11034.969726562502 11015.070312500002 10926.682617187502
decision_type=2 2 2 2 2 2 2 2 2 2 2 2 2 2
left_child=1 3 9 5 -5 7 -7 8 -1 -3 -6 12 -12 -2
right_child=13 2 -4 4 10 6 -8 -9 -10 -11 11 -13 -14 -15
leaf_value=-0.068500303900204548 0.045326221361065441 0.11057838610492525 -0.0054395061369526656 -0.19270772595436042 0.042546660372941476 0.64478530349624874 0.053899059179968511 -0.33385264951314009 0.17918455857427348 0.42412245375069579 -0.051657037154596248 -0.036151532295302727 -0.30995649328766928 0.0041972593022666163
leaf_weight=19828 300062 19377 138917 43812 66091 5089 28723 9338 16995 7378 25195 489750 14864 1840832
leaf_count=19828 300062 19377 138917 43812 66091 5089 28723 9338 16995 7378 25195 489750 14864 1840832
internal_value=8.24224e-07 -0.0240862 0.0272903 -0.0359133 -0.0457236 0.0425554 0.142998 -0.031031 0.0458313 0.197169 -0.0349139 -0.0445773 -0.147554 0.00996198
internal_weight=3.02625e+06 885357 165672 719685 639712 79973 33812 46161 36823 26755 595900 529809 40059 2.14089e+06
internal_count=3026251 885357 165672 719685 639712 79973 33812 46161 36823 26755 595900 529809 40059 2140894
is_linear=0
shrinkage=0.02


Tree=69
num_leaves=15
num_cat=0
split_feature=5 7 7 4 7 4 7 7 7 4 4 7 7 7
split_gain=1.74337e+06 1.29174e+06 2.21194e+06 2.05555e+06 1.26182e+06 1.50343e+06 1.06322e+06 2.05196e+06 1.72576e+06 1.11559e+06 1.46496e+06 1.03275e+06 2.37743e+06 2.58189e+06
threshold=-0.022499999962747094 12161.177246093752 12205.471191406252 -239.11000061035153 12192.195312500002 -109.36500167846678 12719.121582031252 12665.208007812502 12672.994628906252 9.0650000572204608 -73.124999999999986 10858.977050781252 10817.519042968752 10789.720703125002
decision_type=2 2 2 2 2 2 2 2 2 2 2 2 2 2
left_child=1 3 4 -1 -3 -6 7 -2 9 10 -9 12 13 -5
right_child=6 2 -4 11 5 -7 -8 8 -10 -11 -12 -13 -14 -15
leaf_value=-0.22957428570318589 0.010710182952377561 0.10836795853028225 -0.0053307238266262855 0.045078445203695756 0.64220914735970591 0.05614353923717233 -0.052988195340792243 0.70579997438738518 0.069946067911026283 0.65204503017494531 -0.057170896580769126 -0.037090629395791469 0.2370080819732549 -0.32718273669566506
leaf_weight=21113 2013497 19377 138917 36745 4521 2857 102808 1507 15847 4247 2988 633808 18681 9338
leaf_count=21113 2013497 19377 138917 36745 4521 2857 102808 1507 15847 4247 2988 633808 18681 9338
internal_value=8.41306e-07 -0.0236044 0.0267451 -0.0351951 0.193229 0.415651 0.00976274 0.0129284 0.194488 0.41991 0.199618 -0.0293171 0.0467514 -0.0304087
internal_weight=3.02625e+06 885357 165672 719685 26755 7378 2.14089e+06 2.03809e+06 24589 8742 4495 698572 64764 46083
internal_count=3026251 885357 165672 719685 26755 7378 2140894 2038086 24589 8742 4495 698572 64764 46083
is_linear=0
shrinkage=0.02


Tree=70
num_leaves=15
num_cat=0
split_feature=8 0 4 8 0 4 8 0 4 8 8 8 4 8
split_gain=1.71047e+06 1.05198e+06 1.18403e+06 1.03065e+06 1.00348e+06 1.31521e+06 1.32964e+06 1.07356e+06 1.28438e+06 1.89103e+06 1.18167e+06 1.02547e+06 1.00986e+06 1.6257e+06
threshold=-0.70585528016090382 2484.5000000000005 -36.164999008178704 -0.77128207683563221 2047.5000000000002 120.75500106811525 0.65655234456062328 4880.5000000000009 221.254997253418 0.71212160587310802 0.77619159221649181 0.74141710996627819 251.41500091552737 0.74366798996925365
decision_type=2 2 2 2 2 2 2 2 2 2 2 2 2 2
left_child=1 -1 3 -3 -2 -6 -7 -8 11 -10 12 -9 -11 -14
right_child=4 2 -4 -5 5 6 7 8 9 10 -12 -13 13 -15
leaf_value=-0.00030991782709774868 -0.0055292218409870551 -0.014960871383105201 -0.26319922972461651 -0.071582297120679941 0.045288652148174069 0.30636138791262318 -0.023500487695040699 -0.04839033935615028 0.39760598439799461 -0.11493899905794659 -0.0054897994304163988 0.096591795778250639 0.33211006116222691 -0.60577290376968485
leaf_weight=608167 758692 375995 9177 195424 571660 5632 329848 23962 3363 10544 23428 104994 878 4487
leaf_count=608167 758692 375995 9177 195424 571660 5632 329848 23962 3363 10544 23428 104994 878 4487
internal_value=9.44873e-07 -0.0186928 -0.0379483 -0.0343262 0.0120949 0.0244895 0.00104365 -0.00239114 0.0381707 -0.056892 -0.0958397 0.0696501 -0.228803 -0.451949
internal_weight=3.02625e+06 1.18876e+06 580596 571419 1.83749e+06 1.0788e+06 507136 501504 171656 42700 39337 128956 15909 5365
internal_count=3026251 1188763 580596 571419 1837488 1078796 507136 501504 171656 42700 39337 128956 15909 5365
is_linear=0
shrinkage=0.02


Tree=71
num_leaves=15
num_cat=0
split_feature=9 7 7 7 8 7 7 0 7 7 7 7 7 7
split_gain=1.69131e+06 2.48992e+06 2.04751e+06 1.72798e+06 1.75937e+06 1.68384e+06 6.25369e+06 2.49583e+06 1.60135e+06 1.50555e+06 1.96134e+06 2.78472e+06 1.83183e+06 4.36117e+06
threshold=0.53606674075126659 10769.989746093752 10870.277343750002 10706.830566406252 -0.79548987746238697 11008.638671875002 11059.523925781252 2785.5000000000005 10761.730957031252 11199.230468750002 11577.411621093752 11755.942382812502 11228.336914062502 11281.717285156252
decision_type=2 2 2 2 2 2 2 2 2 2 2 2 2 2
left_child=-1 3 -3 -2 -5 -4 7 -7 -6 -8 12 -12 -11 -14
right_child=1 2 5 4 8 6 9 -9 -10 10 11 -13 13 -15
leaf_value=0.0084068054654644619 -0.017721997148849863 -0.22959144180912872 0.030749806842240716 -0.069967001857716232 0.61434885332837774 -0.14435686010878332 0.033467154805672333 -0.45460597715404433 0.17228273502957847 -0.038933805802001724 0.18288133178300328 -0.035120424169874917 -0.41140637196375929 -0.064351722837733036
leaf_weight=2299456 14053 20857 149618 4315 6614 24005 129468 18272 6510 80252 26908 181286 21902 42735
leaf_count=2299456 14053 20857 149618 4315 6614 24005 129468 18272 6510 80252 26908 181286 21902 42735
internal_value=9.26707e-07 -0.0265936 -0.0344726 0.14732 0.280252 -0.0284353 -0.045308 -0.278522 0.395367 -0.0248704 -0.046262 -0.0069373 -0.102764 -0.181996
internal_weight=3.02625e+06 726795 695303 31492 17439 674446 524828 42277 13124 482551 353083 208194 144889 64637
internal_count=3026251 726795 695303 31492 17439 674446 524828 42277 13124 482551 353083 208194 144889 64637
is_linear=0
shrinkage=0.02


Tree=72
num_leaves=15
num_cat=0
split_feature=8 17 4 16 8 17 4 8 5 4 8 8 6 8
split_gain=1.61547e+06 928854 1.0989e+06 707011 704302 679258 662897 577169 576719 905842 2.40799e+06 1.31802e+06 1.06251e+06 1.00452e+06
threshold=-0.70585528016090382 0.30362538993358618 -239.11000061035153 -17.699999809265133 -0.91586777567863453 0.1455325856804848 -170.61000061035153 -0.84077408909797657 0.082499999552965178 239.73500061035159 0.72204074263572704 0.95892572402954113 115.0654640197754 0.77619159221649181
decision_type=2 2 2 2 2 2 2 2 2 2 2 2 2 2
left_child=1 6 4 -4 -3 -2 -1 -5 9 -7 -11 12 13 -12
right_child=5 2 3 7 -6 8 -8 -9 -10 10 11 -13 -14 -15
leaf_value=0.10822481206176875 0.10853888377674635 -0.0656994673527104 0.017854363057153027 -0.013086845980580478 -0.27217464372512296 0.010346535289875527 0.0046032794700897129 -0.047681630699424597 0.082857411578521029 0.32574937606016768 -0.33013961375546275 0.56346260318468366 -0.62670952960513104 -0.054888781394078955
leaf_weight=27785 28545 15690 139747 371963 11418 1736472 221418 400742 42688 4485 8742 918 2165 13473
leaf_count=27785 28545 15690 139747 371963 11418 1736472 221418 400742 42688 4485 8742 918 2165 13473
internal_value=8.79699e-07 -0.0181664 -0.0272711 -0.023542 -0.152737 0.0117542 0.0161606 -0.0310289 0.0102264 0.0084705 -0.100876 -0.176611 -0.204698 -0.163306
internal_weight=3.02625e+06 1.18876e+06 939560 912452 27108 1.83749e+06 249203 772705 1.80894e+06 1.76626e+06 29783 25298 24380 22215
internal_count=3026251 1188763 939560 912452 27108 1837488 249203 772705 1808943 1766255 29783 25298 24380 22215
is_linear=0
shrinkage=0.02


Tree=73
num_leaves=15
num_cat=0
split_feature=9 17 13 14 8 0 0 9 17 13 14 0 17 17
split_gain=1.59993e+06 1.18999e+06 876880 968425 1.16163e+06 884654 850635 1.62873e+06 780595 602223 1.08639e+06 543812 539020 517364
threshold=-0.31321409344673151 0.2279101833701134 -6.2999999523162833 0.66745680570602428 0.97202271223068248 2444.5000000000005 1341.5000000000002 -0.7377723455429076 0.61821815371513378 6.2999999523162851 0.65919414162635814 3589.5000000000005 0.11005010083317758 0.56424313783645641
decision_type=2 2 2 2 2 2 2 2 2 2 2 2 2 2
left_child=6 11 8 -4 5 -5 -1 -8 -3 10 -9 -2 -13 -11
right_child=1 2 3 4 -6 -7 7 9 -10 13 -12 12 -14 -15
leaf_value=-0.0099319402577906762 0.022689187610388645 -0.0049738203215817286 -0.020561061658549033 -0.041955633662432816 0.048070912601620261 -0.14762847913119509 0.15820278068894472 0.020864102616680515 0.077601985180224431 0.0075949320158535663 0.093171564491298223 0.32226060234440029 0.086308457286562765 -0.073568225677560953
leaf_weight=373354 82044 475192 852239 57978 25508 69907 35627 526695 50664 313065 98681 4549 25839 34909
leaf_count=373354 82044 475192 852239 57978 25508 69907 35627 526695 50664 313065 98681 4549 25839 34909
internal_value=8.49676e-07 -0.0133341 -0.0179447 -0.0288882 -0.0751484 -0.0997278 0.0158593 0.0254029 0.0029833 0.0205405 0.0322752 0.0494651 0.121725 -0.000549237
internal_weight=3.02625e+06 1.64392e+06 1.53149e+06 1.00563e+06 153393 127885 1.38233e+06 1.00898e+06 525856 973350 625376 112432 30388 347974
internal_count=3026251 1643920 1531488 1005632 153393 127885 1382331 1008977 525856 973350 625376 112432 30388 347974
is_linear=0
shrinkage=0.02


Tree=74
num_leaves=15
num_cat=0
split_feature=9 7 7 7 9 9 7 7 7 7 7 7 7 7
split_gain=1.53657e+06 2.01243e+06 5.27995e+06 1.96029e+06 1.72811e+06 4.45202e+06 1.59703e+06 5.09282e+06 1.68612e+06 1.47448e+06 1.42936e+06 3.75739e+06 1.88393e+06 3.31222e+06
threshold=-0.31321409344673151 12161.177246093752 12202.979980468752 12487.211425781252 0.50712648034095775 0.28528253734111791 10926.682617187502 10844.483886718752 10689.769531250002 10626.541503906252 10879.343750000002 10937.899902343752 10817.519042968752 10833.810546875002
decision_type=2 2 2 2 2 2 2 2 2 2 2 2 2 2
left_child=6 10 4 -4 5 -3 7 8 9 -1 12 -12 -2 -14
right_child=1 2 3 -5 -6 -7 -8 -9 -10 -11 11 -13 13 -15
leaf_value=-0.018994305842438736 -0.025859332552616521 0.1741652793353278 -0.073119600502362034 0.041205369760201414 0.023260141431923034 0.70266843008944091 0.0059686702085179856 0.24457555969152051 -0.032236776682152343 0.17298758397706057 -0.16278381885463847 -0.020863014862892409 0.5738562525938451 0.074911922843042725
leaf_weight=27013 71291 33407 102645 144345 14809 7873 1153563 48984 113530 39241 79851 1137105 5999 46595
leaf_count=27013 71291 33407 102645 144345 14809 7873 1153563 48984 113530 39241 79851 1137105 5999 46595
internal_value=8.68419e-07 -0.0130674 0.0334755 -0.00630717 0.20863 0.275109 0.0155421 0.0638138 0.0145525 0.0947216 -0.023588 -0.0301765 0.0411298 0.131921
internal_weight=3.02625e+06 1.64392e+06 303079 246990 56089 41280 1.38233e+06 228768 179784 66254 1.34084e+06 1.21696e+06 123885 52594
internal_count=3026251 1643920 303079 246990 56089 41280 1382331 228768 179784 66254 1340841 1216956 123885 52594
is_linear=0
shrinkage=0.02


Tree=75
num_leaves=15
num_cat=0
split_feature=9 7 7 7 4 7 7 4 7 7 7 7 8 7
split_gain=1.48339e+06 2.39382e+06 1.96596e+06 1.65597e+06 1.87773e+06 1.61608e+06 5.97762e+06 1.59664e+06 1.45504e+06 1.65564e+06 1.65326e+06 5.91324e+06 1.32421e+06 1.20382e+06
threshold=0.53606674075126659 10769.989746093752 10870.277343750002 10706.830566406252 -97.16500091552733 11008.638671875002 11059.523925781252 -80.75500106811522 12832.255859375002 11200.229980468752 11281.717285156252 11233.562988281252 -1.0000000180025095e-35 10886.141601562502
decision_type=2 2 2 2 2 2 2 2 2 2 2 2 2 2
left_child=13 3 -3 -2 -5 12 7 -7 9 -8 11 -11 -4 -1
right_child=1 2 5 4 -6 6 8 -9 -10 10 -12 -13 -14 -15
leaf_value=0.04695064475942088 -0.015948389137120482 -0.22382431287038707 0.021751918488574266 0.59474674080138767 0.14065977427751211 -0.42165949753901727 0.032683681304799747 -0.17072376879543805 0.29997257747925599 -0.058790413568180842 -0.022541440968970313 -0.51625808935173523 0.40337919988547316 0.00251439183456739
leaf_weight=277296 14053 20857 145898 5178 12261 16924 133792 25353 5497 84799 245432 13031 3720 2022160
leaf_count=277296 14053 20857 145898 5178 12261 16924 133792 25353 5497 84799 245432 13031 3720 2022160
internal_value=9.62365e-07 -0.0249053 -0.0326308 0.145619 0.275752 -0.026715 -0.0432448 -0.271253 -0.0232634 -0.0269942 -0.050255 -0.119772 0.0312669 0.00787324
internal_weight=3.02625e+06 726795 695303 31492 17439 674446 524828 42277 482551 477054 343262 97830 149618 2.29946e+06
internal_count=3026251 726795 695303 31492 17439 674446 524828 42277 482551 477054 343262 97830 149618 2299456
is_linear=0
shrinkage=0.02


Tree=76
num_leaves=15
num_cat=0
split_feature=5 7 7 0 0 7 7 7 7 7 7 5 7 0
split_gain=1.45363e+06 1.1835e+06 2.03243e+06 1.57829e+06 1.19902e+06 1.10976e+06 1.93738e+06 1.02837e+06 1.96964e+06 1.66147e+06 995522 944250 911898 3.0707e+06
threshold=-0.022499999962747094 12161.177246093752 12205.471191406252 3969.5000000000005 6118.5000000000009 10879.343750000002 10937.899902343752 12719.121582031252 12665.208007812502 12672.994628906252 12040.396972656252 -1.0000000180025095e-35 10926.682617187502 3543.5000000000005
decision_type=2 2 2 2 2 2 2 2 2 2 2 2 2 2
left_child=1 3 4 10 -3 -5 -7 8 12 11 -1 -10 13 -2
right_child=7 2 -4 5 -6 6 -8 -9 9 -11 -12 -13 -14 -15
leaf_value=-0.010318224438983933 -0.00011013984874685159 0.16271967341859378 -0.0041067745901078841 0.10034787687899022 0.9510343217130881 -0.36619825270737744 -0.083253299186934152 -0.052799221196790466 0.15333677173701374 0.067709057956980873 -0.12380663160684664 0.57892169922370817 0.0042223031082238996 0.13918151337141596
leaf_weight=529046 209318 25969 138917 11526 786 10414 135872 102808 3455 15847 32827 5287 1713435 90744
leaf_count=529046 209318 25969 138917 11526 786 10414 135872 102808 3455 15847 32827 5287 1713435 90744
internal_value=9.50637e-07 -0.0215536 0.02664 -0.0326481 0.186226 -0.0885318 -0.10342 0.00891481 0.0120281 0.189909 -0.0169508 0.411092 0.0098549 0.0420173
internal_weight=3.02625e+06 885357 165672 719685 26755 157812 146286 2.14089e+06 2.03809e+06 24589 561873 8742 2.0135e+06 300062
internal_count=3026251 885357 165672 719685 26755 157812 146286 2140894 2038086 24589 561873 8742 2013497 300062
is_linear=0
shrinkage=0.02


Tree=77
num_leaves=15
num_cat=0
split_feature=5 7 7 4 8 4 7 7 7 7 8 8 4 7
split_gain=1.39606e+06 1.13669e+06 1.95212e+06 1.87436e+06 1.46857e+06 2.41764e+06 996541 987656 1.89178e+06 1.59583e+06 1.53582e+06 1.03383e+06 1.39454e+06 945534
threshold=-0.022499999962747094 12161.177246093752 12205.471191406252 -239.11000061035153 -0.85837611556053151 -134.42499542236325 10898.112304687502 12719.121582031252 12665.208007812502 12672.994628906252 0.80688521265983593 -0.62652868032455433 -73.124999999999986 12732.157714843752
decision_type=2 2 2 2 2 2 2 2 2 2 2 2 2 2
left_child=1 3 4 6 5 -3 -1 8 -2 11 -9 12 -10 -12
right_child=7 2 -4 -5 -6 -7 -8 10 9 -11 13 -13 -14 -15
leaf_value=0.66798392393939676 0.0096578150275485452 0.72617252731589577 -0.004024645238129362 -0.026382343325444198 0.046692513107578097 0.13676431406507494 -0.23883414058869362 0.032389990988785519 0.69173165206340603 0.066355730390004808 -0.34958536975809895 0.62421415161493099 -0.059533924172315587 -0.09282577885281644
leaf_weight=487 2013497 4287 138917 698572 14546 7922 20626 47059 1466 15847 6486 4289 2987 49263
leaf_count=487 2013497 4287 138917 698572 14546 7922 20626 47059 1466 15847 6486 4289 2987 49263
internal_value=1.03178e-06 -0.0211224 0.0261086 -0.0319953 0.18251 0.344152 -0.21761 0.0087366 0.0117877 0.186117 -0.0517433 0.402887 0.188786 -0.122756
internal_weight=3.02625e+06 885357 165672 719685 26755 12209 21113 2.14089e+06 2.03809e+06 24589 102808 8742 4453 55749
internal_count=3026251 885357 165672 719685 26755 12209 21113 2140894 2038086 24589 102808 8742 4453 55749
is_linear=0
shrinkage=0.02


Tree=78
num_leaves=15
num_cat=0
split_feature=8 7 7 4 4 7 7 8 7 7 7 7 7 7
split_gain=1.34173e+06 1.3897e+06 2.41615e+06 1.90873e+06 1.54862e+06 2.96946e+06 1.60106e+06 1.49623e+06 2.54343e+06 1.40385e+06 2.12385e+06 1.20786e+06 1.78775e+06 1.92428e+06
threshold=-0.70585528016090382 11448.922363281252 11755.942382812502 -253.69499969482419 -170.61000061035153 12161.177246093752 12525.290527343752 -0.85837611556053151 12231.562988281252 10879.343750000002 10930.859375000002 11188.368652343752 11153.163574218752 11031.500488281252
decision_type=2 2 2 2 2 2 2 2 2 2 2 2 2 2
left_child=1 3 -3 -1 5 -4 7 8 -7 -5 -11 12 13 -2
right_child=11 2 4 9 -6 6 -8 -9 -10 10 -12 -13 -14 -15
leaf_value=-0.25872269447057689 0.030439696757110935 0.15976956089065283 -0.10987891379524474 0.038442615620327247 -0.016028611140070499 0.81081363363371983 -0.038143180689588434 0.18200584943289869 0.092851787713442144 -0.1720870336618272 -0.030132213750208418 -0.0015741665001189225 0.10790451902518022 -0.091734452194341551
leaf_weight=14773 507829 39681 15084 104905 380875 5119 6178 11454 3213 45569 561912 1167298 104976 57385
leaf_count=14773 507829 39681 15084 104905 380875 5119 6178 11454 3213 45569 561912 1167298 104976 57385
internal_value=1.15883e-06 -0.0165555 0.0105851 -0.0337845 -0.00344875 0.113252 0.242875 0.330596 0.534398 -0.0291163 -0.0407834 0.0107125 0.0321125 0.0180342
internal_weight=3.02625e+06 1.18876e+06 461604 727159 421923 41048 25964 19786 8332 712386 607481 1.83749e+06 670190 565214
internal_count=3026251 1188763 461604 727159 421923 41048 25964 19786 8332 712386 607481 1837488 670190 565214
is_linear=0
shrinkage=0.02


Tree=79
num_leaves=15
num_cat=0
split_feature=7 7 0 7 7 4 0 0 4 7 4 7 7 7
split_gain=1.27971e+06 1.76205e+06 1.75191e+06 1.4529e+06 5.2985e+06 3.48121e+06 2.61055e+06 1.72249e+06 1.4015e+06 1.22372e+06 1.34512e+06 1.21046e+06 1.51081e+06 3.43941e+06
threshold=10886.141601562502 10817.519042968752 3920.5000000000005 12161.177246093752 12205.471191406252 -218.04499816894528 6012.5000000000009 1220.5000000000002 -209.25499725341794 10789.720703125002 -21.134999275207516 12035.318359375002 11577.411621093752 11440.685058593752
decision_type=2 2 2 2 2 2 2 2 2 2 2 2 2 2
left_child=1 2 9 5 6 -2 7 -5 -3 -1 -11 12 13 -7
right_child=3 8 -4 4 -6 11 -8 -9 -10 10 -12 -13 -14 -15
leaf_value=0.0092859771600369741 -0.19679606954180007 0.56321787286345959 0.1030465116472624 -0.013262653590631255 -0.00086399118209475728 -0.0051943401015475156 0.79456686652312847 0.20206961478174773 0.092611285642928379 -0.3334185691697118 -0.061432789856167465 -0.057705966424634089 0.031380742545739033 -0.12917290751127078
leaf_weight=118586 40228 2585 55510 19573 533326 1373336 2586 61674 103892 8721 43610 185075 381813 95736
leaf_count=118586 40228 2585 55510 19573 533326 1373336 2586 61674 103892 8721 43610 185075 381813 95736
internal_value=1.18192e-06 0.0369937 0.00543916 -0.00457129 0.0223709 -0.0125801 0.170168 0.150199 0.104088 -0.0262656 -0.106815 -0.00893925 -0.00406264 -0.0132746
internal_weight=3.02625e+06 332904 226427 2.69335e+06 617159 2.07619e+06 83833 81247 106477 170917 52331 2.03596e+06 1.85088e+06 1.46907e+06
internal_count=3026251 332904 226427 2693347 617159 2076188 83833 81247 106477 170917 52331 2035960 1850885 1469072
is_linear=0
shrinkage=0.02


Tree=80
num_leaves=15
num_cat=0
split_feature=17 5 0 0 13 17 17 16 16 0 1 0 13 17
split_gain=1.34279e+06 1.3003e+06 1.14506e+06 764659 645905 1.44832e+06 645096 498849 484233 574117 520107 473628 458290 593035
threshold=0.21199708431959155 -0.022499999962747094 3993.5000000000005 8272.5000000000018 6.2999999523162851 0.6130577325820924 0.54389113187789928 -4.0999999046325675 12.900000095367433 1675.5000000000002 67.813579559326186 1773.5000000000002 -12.299999713897703 0.54389113187789928
decision_type=2 2 2 2 2 2 2 2 2 2 2 2 2 2
left_child=11 2 -2 4 5 -3 -6 -8 9 -7 -11 -1 -4 -14
right_child=1 3 12 -5 6 8 7 -9 -10 10 -12 -13 13 -15
leaf_value=0.011521781900628733 -0.01192552275105838 0.0083512672414821146 -0.0054554312184400527 -0.19150583789564837 -0.0011355275776739895 0.0273290014766095 0.052245899563530498 -0.073310416674301312 -0.044843914885630741 0.022813896696296628 0.15930709473135915 0.083524479178363462 -0.067716569474868579 -0.18063662999570235
leaf_weight=57911 661028 1184534 36136 7837 625548 31379 14780 87869 10485 14114 53542 99045 120029 22014
leaf_count=57911 661028 1184534 36136 7837 625548 31379 14780 87869 10485 14114 53542 99045 120029 22014
internal_value=1.22395e-06 -0.00311475 -0.0240551 0.00554173 0.00630632 0.0147853 -0.00876134 -0.0552286 0.0843664 0.0980494 0.130841 0.0569607 -0.0690514 -0.0852287
internal_weight=3.02625e+06 2.8693e+06 839207 2.03009e+06 2.02225e+06 1.29405e+06 728197 102649 109520 99035 67656 156956 178179 142043
internal_count=3026251 2869295 839207 2030088 2022251 1294054 728197 102649 109520 99035 67656 156956 178179 142043
is_linear=0
shrinkage=0.02


Tree=81
num_leaves=15
num_cat=0
split_feature=8 7 7 0 7 7 7 7 7 8 8 7 7 6
split_gain=1.24713e+06 1.30754e+06 2.22486e+06 1.52768e+06 1.629e+06 1.68275e+06 1.51908e+06 2.78802e+06 1.38722e+06 1.75483e+06 1.60777e+06 4.03109e+06 3.52919e+06 1.25893e+06
threshold=-0.70585528016090382 11440.685058593752 11755.942382812502 2584.5000000000005 10886.141601562502 10937.899902343752 10706.830566406252 10761.730957031252 11422.027343750002 -0.96114355325698841 -0.84077408909797657 11233.562988281252 11281.717285156252 113.7771682739258
decision_type=2 2 2 2 2 2 2 2 2 2 2 2 2 2
left_child=1 3 -3 -1 6 -6 -5 -8 10 -10 -7 -12 -13 -9
right_child=-2 2 -4 4 5 8 7 13 9 -11 11 12 -14 -15
leaf_value=-0.0048887233680105866 0.010328040407561039 0.15023382268836394 -0.0034390734904921408 -0.15372786570484887 -0.23389130081589352 0.01342463806851032 0.59024138175635354 0.076518099274794582 -0.73554074076282361 -0.1477656666209223 -0.061941443709196138 -0.65252312768234266 -0.017002548217043289 -0.48930976834244488
leaf_weight=377895 1837488 41371 421923 11328 25950 88722 4280 29033 2596 9257 160011 9054 5690 1653
leaf_count=377895 1837488 41371 421923 11328 25950 88722 4280 29033 2596 9257 160011 9054 5690 1653
internal_value=1.18533e-06 -0.0159611 0.0102864 -0.0327231 -0.0629845 -0.0799568 0.0474633 0.11267 -0.0654403 -0.277011 -0.0559122 -0.091113 -0.407442 0.0458878
internal_weight=3.02625e+06 1.18876e+06 463294 725469 347574 301280 46294 34966 275330 11853 263477 174755 14744 30686
internal_count=3026251 1188763 463294 725469 347574 301280 46294 34966 275330 11853 263477 174755 14744 30686
is_linear=0
shrinkage=0.02


Tree=82
num_leaves=15
num_cat=0
split_feature=9 7 7 7 7 0 7 4 7 7 7 7 7 7
split_gain=1.29493e+06 2.20329e+06 1.86935e+06 1.5871e+06 5.65865e+06 2.28619e+06 1.54244e+06 1.71119e+06 1.44069e+06 1.66926e+06 2.53334e+06 1.71448e+06 2.4161e+06 2.68578e+06
threshold=0.53606674075126659 10769.989746093752 10870.277343750002 11008.638671875002 11059.523925781252 2785.5000000000005 10706.830566406252 -97.16500091552733 11199.230468750002 11577.411621093752 11755.942382812502 11221.080078125002 11281.717285156252 11248.801757812502
decision_type=2 2 2 2 2 2 2 2 2 2 2 2 2 2
left_child=-1 6 -3 -4 5 -5 -2 -8 -6 11 -11 -10 13 -13
right_child=1 2 3 4 8 -7 7 -9 9 10 -12 12 -14 -15
leaf_value=0.007356257505235185 -0.015602691277434213 -0.21711724139778379 0.032547212946443686 -0.13473003286183455 0.035214770294329768 -0.43166019127958044 0.57044232655876681 0.13695557615412546 -0.022339721281297468 0.17454907870176514 -0.033380432609783794 -0.20912922910970286 -0.060368840666793683 -0.69805370175014037
leaf_weight=2299456 14053 20857 149618 24005 129468 18272 5178 12261 68594 26908 181286 28220 42735 5340
leaf_count=2299456 14053 20857 149618 24005 129468 18272 5178 12261 68594 26908 181286 28220 42735 5340
internal_value=1.05114e-06 -0.0232693 -0.030681 -0.0249124 -0.0412933 -0.263135 0.140328 0.265921 -0.0218524 -0.0427781 -0.00649943 -0.0949035 -0.160131 -0.287111
internal_weight=3.02625e+06 726795 695303 674446 524828 42277 31492 17439 482551 353083 208194 144889 76295 33560
internal_count=3026251 726795 695303 674446 524828 42277 31492 17439 482551 353083 208194 144889 76295 33560
is_linear=0
shrinkage=0.02


Tree=83
num_leaves=15
num_cat=0
split_feature=17 9 7 7 1 0 7 0 7 7 7 7 7 9
split_gain=1.27182e+06 1.30126e+06 1.60944e+06 2.04619e+06 1.9028e+06 1.86427e+06 1.50369e+06 1.46366e+06 1.32216e+06 1.56581e+06 1.3125e+06 1.30876e+06 3.31268e+06 1.80378e+06
threshold=0.20733474940061572 1.0000000180025095e-35 11577.411621093752 11512.223632812502 41.90783882141114 4577.5000000000009 11755.942382812502 4735.5000000000009 11188.368652343752 11153.163574218752 11233.562988281252 11434.893066406252 11512.223632812502 -0.35578875243663782
decision_type=2 2 2 2 2 2 2 2 2 2 2 2 2 2
left_child=-1 8 3 7 -5 -6 -4 -3 9 -2 -10 13 -13 -12
right_child=1 2 6 4 5 -7 -8 -9 10 -11 11 12 -14 -15
leaf_value=0.05771247819877557 0.018470838875727886 -0.02060436238620111 0.1676160811467397 0.69531915367262787 -0.25400732512039687 -0.9888504423372142 0.0045283287217722226 -0.10246050930138025 -0.060578318217955077 0.1066422242506129 0.13439804101118477 -0.1771334067451856 0.0043074622201632433 -0.0088315917690798672
leaf_weight=145394 497419 736129 23955 713 9168 1619 401147 99137 144787 96127 67942 42745 687068 72901
leaf_count=145394 497419 736129 23955 713 9168 1619 401147 99137 144787 96127 67942 42745 687068 72901
internal_value=9.72334e-07 -0.00291185 -0.0180302 -0.0339709 -0.298818 -0.365114 0.0137223 -0.0303209 0.00903888 0.0327521 -0.00482212 0.0044505 -0.00632175 0.0602662
internal_weight=3.02625e+06 2.88086e+06 1.27187e+06 846766 11500 10787 425102 835266 1.60899e+06 593546 1.01544e+06 870656 729813 140843
internal_count=3026251 2880857 1271868 846766 11500 10787 425102 835266 1608989 593546 1015443 870656 729813 140843
is_linear=0
shrinkage=0.02


Tree=84
num_leaves=15
num_cat=0
split_feature=17 8 0 13 14 4 0 4 8 6 8 8 0 4
split_gain=1.22281e+06 1.17447e+06 1.13024e+06 989614 1.26661e+06 873407 735009 1.37796e+06 1.11336e+06 1.0559e+06 973812 1.48312e+06 1.03142e+06 964951
threshold=0.21199708431959155 -0.70585528016090382 2444.5000000000005 -9.4999999999999982 0.61669892072677623 -253.69499969482419 2107.5000000000005 123.76499938964845 0.67504784464836132 95.482971191406264 0.9509047567844392 0.99518439173698436 4880.5000000000009 86.755001068115249
decision_type=2 2 2 2 2 2 2 2 2 2 2 2 2 2
left_child=-1 2 -2 -4 -5 -6 -3 10 9 -9 -8 12 13 -12
right_child=1 6 3 4 5 -7 7 8 -10 -11 11 -13 -14 -15
leaf_value=0.054356066900224986 0.00098008034954704597 -0.0078146976387102867 0.00550615896058538 -0.033433131868613353 -0.36424934911938006 -0.099806205858046657 0.052982563733760799 0.034786441314988731 -0.011825487423608352 0.44435404731126227 -0.1770297660793598 0.053096069982090474 -0.43776113996838079 0.012299270201403303
leaf_weight=156956 566388 741020 146458 298147 5231 107665 440321 6400 449184 4143 19496 57488 3320 24034
leaf_count=156956 566388 741020 146458 298147 5231 107665 440321 6400 449184 4143 19496 57488 3320 24034
internal_value=9.24998e-07 -0.00297258 -0.0189184 -0.0391338 -0.0550392 -0.11209 0.00729519 0.018443 -0.00705515 0.196001 0.0399649 -0.0149713 -0.0984883 -0.0725172
internal_weight=3.02625e+06 2.8693e+06 1.12389e+06 557501 411043 112896 1.74541e+06 1.00439e+06 459727 10543 544659 104338 46850 43530
internal_count=3026251 2869295 1123889 557501 411043 112896 1745406 1004386 459727 10543 544659 104338 46850 43530
is_linear=0
shrinkage=0.02


Tree=85
num_leaves=15
num_cat=0
split_feature=7 7 7 1 8 4 7 7 4 4 8 8 5 8
split_gain=1.18946e+06 1.69687e+06 1.44988e+06 1.8588e+06 1.83666e+06 1.35151e+06 1.34997e+06 5.05361e+06 3.1472e+06 1.54216e+06 4.43172e+06 1.40762e+06 1.29631e+06 1.66438e+06
threshold=10886.141601562502 10817.519042968752 10789.720703125002 47.881401062011726 0.50153240561485302 -209.25499725341794 12161.177246093752 12205.471191406252 -218.04499816894528 -134.42499542236325 -0.85837611556053151 -0.9886590540409087 0.062499998137354858 0.68934190273284923
decision_type=2 2 2 2 2 2 2 2 2 2 2 2 2 2
left_child=1 2 3 -1 -4 -3 8 9 11 10 -8 -2 -10 -14
right_child=6 5 4 -5 -6 -7 7 -9 12 -11 -12 -13 13 -15
leaf_value=-0.1383861063437993 0.39672032717420536 0.55237326309419965 -0.29999785884333313 0.06103655084022621 -0.024124530358196009 0.090236672243284674 0.74004777423443246 -0.0011287256084439163 -0.012562348430270431 0.12680466063147577 0.035327477375311556 -0.21120801228742847 0.31064144228353047 0.033803307555856588
leaf_weight=21464 1577 2585 12049 144517 48397 103892 6510 533326 1921405 69433 7890 38651 9460 105095
leaf_count=21464 1577 2585 12049 144517 48397 103892 6510 533326 1921405 69433 7890 38651 9460 105095
internal_value=8.75187e-07 0.0356651 0.00469974 0.0352411 -0.0791566 0.101507 -0.00440742 0.0215629 -0.0121273 0.165905 0.354214 -0.187283 -0.00866554 0.05669
internal_weight=3.02625e+06 332904 226427 165981 60446 106477 2.69335e+06 617159 2.07619e+06 83833 14400 40228 2.03596e+06 114555
internal_count=3026251 332904 226427 165981 60446 106477 2693347 617159 2076188 83833 14400 40228 2035960 114555
is_linear=0
shrinkage=0.02


Tree=86
num_leaves=15
num_cat=0
split_feature=9 9 17 6 4 9 6 9 1 9 9 4 4 17
split_gain=1.1753e+06 865472 806432 776843 714868 997725 791147 1.21061e+06 1.07773e+06 993336 631524 591528 579729 570733
threshold=0.53606674075126659 -0.72443613409996022 0.1455325856804848 123.9750328063965 229.26499938964847 -0.69575604796409596 137.10346221923831 -0.6304970085620879 63.300827026367195 -0.53606674075126637 -0.65224117040634144 -132.02500152587888 273.52999877929693 0.33616983890533453
decision_type=2 2 2 2 2 2 2 2 2 2 2 2 2 2
left_child=1 3 11 -1 -4 -6 7 8 12 -8 -10 -3 -7 -2
right_child=13 2 4 -5 5 6 9 -9 10 -11 -12 -13 -14 -15
leaf_value=0.054594572336277056 0.0040820434201779996 0.34698570762460051 0.004691571427830628 0.30557627484001093 0.27931914446836437 -0.51376137760060803 0.37779214696786645 -0.0021869608973122531 -0.052877336096199649 -0.78937346240620654 -0.34729061221808039 0.071671892163839721 -1.4432105277870406 -0.034134066476325317
leaf_weight=77117 227563 3435 2137663 5261 2902 1070 369 24616 6974 1295 5002 33393 359 499232
leaf_count=77117 227563 3435 2137663 5261 2902 1070 369 24616 6974 1295 5002 33393 359 499232
internal_value=9.67594e-07 0.0070082 0.00464288 0.0706587 0.00307496 -0.0780527 -0.10425 -0.0854897 -0.238344 -0.529826 -0.176033 0.0974386 -0.755682 -0.0221685
internal_weight=3.02625e+06 2.29946e+06 2.21708e+06 82378 2.18025e+06 42587 39685 38021 13405 1664 11976 36828 1429 726795
internal_count=3026251 2299456 2217078 82378 2180250 42587 39685 38021 13405 1664 11976 36828 1429 726795
is_linear=0
shrinkage=0.02


Tree=87
num_leaves=15
num_cat=0
split_feature=7 7 9 7 9 1 4 7 7 4 4 9 8 9
split_gain=1.14074e+06 1.62349e+06 1.46706e+06 1.39744e+06 2.43715e+06 1.7909e+06 1.29877e+06 1.24337e+06 5.3529e+06 2.94263e+06 1.3887e+06 4.29032e+06 1.35149e+06 1.2388e+06
threshold=10886.141601562502 10817.519042968752 -0.72443613409996022 10789.720703125002 0.59157848358154308 47.881401062011726 -209.25499725341794 12161.177246093752 12205.471191406252 -218.04499816894528 -134.42499542236325 0.50712648034095775 -0.9886590540409087 -0.49586482346057886
decision_type=2 2 2 2 2 2 2 2 2 2 2 2 2 2
left_child=1 3 -2 5 13 -1 -3 9 10 12 11 -9 -4 -5
right_child=2 6 7 4 -6 -7 -8 8 -10 -11 -12 -13 -14 -15
leaf_value=-0.13580386017177359 0.088492374174537605 0.54131077030051755 0.38874267617786318 -0.060790256692395364 -0.3461528764224589 0.059942404285234209 0.088281218422903041 0.72740718010663441 -0.0051497560903793231 -0.010739087581053155 0.13054558156633486 0.033843845474592661 -0.20694107057025901 0.21460925633784514
leaf_weight=21464 66438 2585 1577 41665 11043 144517 103892 6491 520607 1983766 67908 7909 38651 7738
leaf_count=21464 66438 2585 1577 41665 11043 144517 103892 6491 520607 1983766 67908 7909 38651 7738
internal_value=8.33341e-07 0.034927 -0.00431622 0.00463853 -0.0776874 0.0346225 0.0993297 -0.00666381 0.0185467 -0.0141737 0.168412 0.346766 -0.183498 -0.0176193
internal_weight=3.02625e+06 332904 2.69335e+06 226427 60446 165981 106477 2.62691e+06 602915 2.02399e+06 82308 14400 40228 49403
internal_count=3026251 332904 2693347 226427 60446 165981 106477 2626909 602915 2023994 82308 14400 40228 49403
is_linear=0
shrinkage=0.02


Tree=88
num_leaves=15
num_cat=0
split_feature=17 5 0 0 0 8 5 3 8 14 0 10 8 8
split_gain=1.12441e+06 1.07892e+06 970959 717897 708420 685846 624416 482312 773391 481063 469222 468234 465611 694335
threshold=0.15741544216871264 -0.022499999962747094 3969.5000000000005 8272.5000000000018 1045.5000000000002 -0.99445033073425282 0.082499999552965178 3.8851320743560795 0.78062468767166149 0.79783353209495556 4880.5000000000009 3.5000000000000004 -0.77272132039070118 -0.71702975034713734
decision_type=2 2 2 2 2 2 2 2 2 2 2 2 2 2
left_child=-1 2 -2 4 -3 -6 7 8 -7 -9 -8 -11 -4 -14
right_child=1 3 12 -5 5 6 10 9 -10 11 -12 -13 13 -15
leaf_value=0.083828429298937995 -0.0094402979520559933 -0.015804360288344126 -0.033631037133791133 -0.18369679536234595 -0.056635477129954939 0.048064974197112531 0.069711421840980781 0.0011074517724681727 0.0052505438401186655 0.16181537461207923 0.28575825211212824 -0.033369597285050866 -0.13670470333760004 -0.0089358071433174088
leaf_weight=62669 679535 441109 107037 7941 55097 326444 31596 858965 349386 14541 4600 7420 55347 24564
leaf_count=62669 679535 441109 107037 7941 55097 326444 31596 858965 349386 14541 4600 7420 55347 24564
internal_value=9.16643e-07 -0.001772 -0.0205454 0.00598486 0.00670674 0.012732 0.0151317 0.0132219 0.0259315 0.00347121 0.0972398 0.0958818 -0.0609083 -0.0974359
internal_weight=3.02625e+06 2.96358e+06 866483 2.0971e+06 2.08916e+06 1.64805e+06 1.59295e+06 1.55676e+06 675830 880926 36196 21961 186948 79911
internal_count=3026251 2963582 866483 2097099 2089158 1648049 1592952 1556756 675830 880926 36196 21961 186948 79911
is_linear=0
shrinkage=0.02


Tree=89
num_leaves=15
num_cat=0
split_feature=17 9 4 8 6 4 4 13 14 8 17 4 6 8
split_gain=1.09298e+06 1.10976e+06 906055 944008 1.11173e+06 753915 722640 732393 870983 742869 643427 513376 482375 815681
threshold=0.21199708431959155 -0.31321409344673151 138.68499755859378 0.67504784464836132 95.482971191406264 -278.60499572753901 152.07500457763675 -4.9000000953674308 0.64226916432380687 0.98550301790237438 0.61821815371513378 -170.61000061035153 154.300895690918 0.84898290038108837
decision_type=2 2 2 2 2 2 2 2 2 2 2 2 2 2
left_child=11 2 -2 4 -4 -3 7 10 -9 -10 -7 -1 -5 -14
right_child=1 5 3 12 -6 6 -8 8 9 -11 -12 -13 13 -15
leaf_value=0.19982083276166537 0.01982987009731613 -0.17981492440960697 -0.015239062115253865 -0.023481681339541285 0.44897646728889956 -0.0041304474131217414 0.070396040783390554 -0.016439489806898706 -0.079366619798177371 0.039798814832237503 0.070012089223968274 0.042571978981910237 0.10431605620501971 -0.71720812096922426
leaf_weight=8789 1010039 10912 4669 292441 3687 518744 40404 744704 166380 23929 51454 148167 891 1041
leaf_count=8789 1010039 10912 4669 292441 3687 518744 40404 744704 166380 23929 51454 148167 891 1041
internal_value=9.09752e-07 -0.00281032 0.0107335 -0.0196158 0.189881 -0.0142331 -0.0130629 -0.0153036 -0.0261981 -0.0643816 0.00256116 0.0513897 -0.0255689 -0.339741
internal_weight=3.02625e+06 2.8693e+06 1.31277e+06 302729 8356 1.55653e+06 1.54562e+06 1.50521e+06 935013 190309 570198 156956 294373 1932
internal_count=3026251 2869295 1312768 302729 8356 1556527 1545615 1505211 935013 190309 570198 156956 294373 1932
is_linear=0
shrinkage=0.02


Tree=90
num_leaves=15
num_cat=0
split_feature=9 9 6 13 14 9 9 13 14 14 9 14 9 11
split_gain=1.05871e+06 773212 730013 609076 1.24911e+06 548254 578024 512169 901563 500659 390688 441084 361271 359645
threshold=0.53606674075126659 -0.72443613409996022 123.9750328063965 1.8999999761581423 0.64059123396873485 0.8301217555999757 0.70835387706756603 -7.9000000953674308 0.64059123396873485 0.65707466006279003 -0.54542985558509816 0.74271684885025036 0.41172318160533911 0.54974913597106945
decision_type=2 2 2 2 2 2 2 2 2 2 2 2 2 2
left_child=1 2 -1 4 -3 6 7 -2 -9 12 11 -6 -5 -14
right_child=5 3 -4 9 10 -7 -8 8 -10 -11 -12 -13 13 -15
leaf_value=0.051241654332405198 0.00011674961629740448 0.0039311531964294202 0.29453991202244245 -0.0026261610015047366 0.062623072178783448 -0.18740754757977018 0.022761798865837537 -0.025351853292703615 -0.10125782045059405 -0.037839443085373486 0.03650544047957701 0.167268682919192 0.4766697238117012 0.063004872175095997
leaf_weight=77117 192182 940387 5261 845347 60735 7828 110907 339128 76750 172641 154081 21932 866 21089
leaf_count=77117 192182 940387 5261 845347 60735 7828 110907 339128 76750 172641 154081 21932 866 21089
internal_value=8.8886e-07 0.00665147 0.0668138 0.00441577 0.0142687 -0.0210402 -0.0192262 -0.0268849 -0.0393624 -0.00673698 0.0553284 0.0904032 -0.00054548 0.0795321
internal_weight=3.02625e+06 2.29946e+06 82378 2.21708e+06 1.17714e+06 726795 718967 608060 415878 1.03994e+06 236748 82667 867302 21955
internal_count=3026251 2299456 82378 2217078 1177135 726795 718967 608060 415878 1039943 236748 82667 867302 21955
is_linear=0
shrinkage=0.02


Tree=91
num_leaves=15
num_cat=0
split_feature=7 7 0 9 7 7 0 9 0 9 7 7 0 0
split_gain=1.07493e+06 1.5588e+06 1.63263e+06 1.33353e+06 1.18345e+06 5.10951e+06 2.45755e+06 1.61717e+06 1.57826e+06 1.29519e+06 3.59955e+06 3.16181e+06 1.53876e+06 1.13925e+06
threshold=10886.141601562502 10817.519042968752 3945.5000000000005 -0.72443613409996022 12161.177246093752 12205.471191406252 5486.5000000000009 0.55642431974411022 1201.5000000000002 -0.36922183632850641 10937.899902343752 10926.682617187502 3028.5000000000005 1124.5000000000002
decision_type=2 2 2 2 2 2 2 2 2 2 2 2 2 2
left_child=1 2 -1 13 9 6 8 -8 -6 11 -11 12 -5 -2
right_child=3 -3 -4 4 5 -7 7 -9 -10 10 -12 -13 -14 -15
leaf_value=-0.026080762945226293 -0.046391547866884701 0.097011208578471342 0.099383902488492493 0.10165441492605096 -0.02020517990886081 -0.0049839073217685884 0.74966907519961001 -0.19249345505170229 0.18861221619851834 -0.15995191551809115 -0.017493623243144275 2.4405847295840677e-06 0.43416179199154181 0.13676370079081515
leaf_weight=171738 19033 106477 54689 13574 19303 520607 4244 875 57886 75333 1216018 709631 9438 47405
leaf_count=171738 19033 106477 54689 13574 19303 520607 4244 875 57886 75333 1216018 709631 9438 47405
internal_value=9.2608e-07 0.0339046 0.00422573 -0.00418975 -0.00642795 0.0181675 0.164586 0.588558 0.136396 -0.0137546 -0.0258053 0.00748595 0.238157 0.0842944
internal_weight=3.02625e+06 332904 226427 2.69335e+06 2.62691e+06 602915 82308 5119 77189 2.02399e+06 1.29135e+06 732643 23012 66438
internal_count=3026251 332904 226427 2693347 2626909 602915 82308 5119 77189 2023994 1291351 732643 23012 66438
is_linear=0
shrinkage=0.02


Tree=92
num_leaves=15
num_cat=0
split_feature=7 6 9 5 8 7 7 9 7 7 7 7 9 1
split_gain=1.03236e+06 1.52124e+06 1.28073e+06 1.23199e+06 1.20954e+06 1.1366e+06 4.90728e+06 1.24391e+06 3.45703e+06 3.03672e+06 1.1178e+06 1.17334e+06 1.92471e+06 1.86078e+06
threshold=10886.141601562502 48.446376800537116 -0.72443613409996022 0.057499999180436141 0.85482841730117809 12161.177246093752 12205.471191406252 -0.36922183632850641 10937.899902343752 10926.682617187502 11004.516113281252 11034.969726562502 0.53606674075126659 86.32397842407228
decision_type=2 2 2 2 2 2 2 2 2 2 2 2 2 2
left_child=1 -1 3 -2 -3 7 -7 9 -9 -4 -10 12 -12 -14
right_child=2 4 5 -5 -6 6 -8 8 10 -11 11 -13 13 -15
leaf_value=-0.13046401203091479 0.042617704480322899 0.026725613901510351 0.23339869131596458 0.26810212901048436 0.13227145138045512 0.16129598337554649 -0.0048842311031330804 -0.15675330212249411 0.034810672143943074 2.3918921768935655e-06 0.052266623206567407 -0.019605958607898228 -0.0970036637380529 -0.41332314230442058
leaf_weight=21250 54665 259501 23012 11773 52153 82308 520607 75333 145778 709631 17123 1020687 20875 11555
leaf_count=21250 54665 259501 23012 11773 52153 82308 520607 75333 145778 709631 17123 1020687 20875 11555
internal_value=9.96132e-07 0.0332266 -0.00410587 0.0826088 0.0443917 -0.00629931 0.0178044 -0.0134795 -0.0252893 0.00733638 -0.0171438 -0.0242208 -0.119253 -0.209803
internal_weight=3.02625e+06 332904 2.69335e+06 66438 311654 2.62691e+06 602915 2.02399e+06 1.29135e+06 732643 1.21602e+06 1.07024e+06 49553 32430
internal_count=3026251 332904 2693347 66438 311654 2626909 602915 2023994 1291351 732643 1216018 1070240 49553 32430
is_linear=0
shrinkage=0.02


Tree=93
num_leaves=15
num_cat=0
split_feature=17 13 14 4 17 14 4 4 8 8 8 6 17 4
split_gain=1.03555e+06 973638 1.34902e+06 941476 1.40003e+06 552875 478230 439509 789276 622257 430360 416655 406170 386562
threshold=0.13067046552896502 -4.9000000953674308 0.64059123396873485 -84.034999847412095 0.53776565194129955 0.54148095846176159 -253.69499969482419 182.47499847412112 0.88779377937316906 0.67504784464836132 0.99833258986473095 88.497261047363295 0.6237953007221223 -170.61000061035153
decision_type=2 2 2 2 2 2 2 2 2 2 2 2 2 2
left_child=13 2 -2 4 5 -3 -6 -5 9 11 -10 -9 -4 -1
right_child=1 3 12 7 6 -7 -8 8 10 -11 -12 -13 -14 -15
leaf_value=0.31910249767633636 0.0017224868860196538 0.0033043888236208075 0.039673832568707941 -0.00045506651780724018 -0.36851281128699148 -0.050724966486049738 -0.11519757717818924 -0.029665083163353156 0.014877697937929193 -0.098935541439802252 0.27451617691300484 0.47242463570189458 0.098832581072398562 0.083786948926868346
leaf_weight=3017 895700 161770 186205 1388335 3144 142471 55267 1357 26688 60014 2814 1277 61845 36347
leaf_count=3017 895700 161770 186205 1388335 3144 142471 55267 1357 26688 60014 2814 1277 61845 36347
internal_value=9.84996e-07 -0.00134226 0.0131531 -0.0103373 -0.0392179 -0.0219974 -0.128893 -0.00326268 -0.0455574 -0.0857201 0.0397282 0.214614 0.054427 0.101899
internal_weight=3.02625e+06 2.98689e+06 1.14375e+06 1.84314e+06 362652 304241 58411 1.48048e+06 92150 62648 29502 2634 248050 39364
internal_count=3026251 2986887 1143750 1843137 362652 304241 58411 1480485 92150 62648 29502 2634 248050 39364
is_linear=0
shrinkage=0.02


Tree=94
num_leaves=15
num_cat=0
split_feature=17 0 9 0 9 13 14 9 17 3 13 14 0 0
split_gain=1.00429e+06 947628 941511 661136 1.13043e+06 655204 858426 739639 663051 568718 516420 825295 470813 431838
threshold=0.21644368022680285 8272.5000000000018 -0.31321409344673151 1360.5000000000002 -0.7377723455429076 -4.9000000953674308 0.67905473709106456 0.24076627939939502 0.61821815371513378 5.1313426494598398 4.7000000476837167 0.65312844514846813 2745.5000000000005 1773.5000000000002
decision_type=2 2 2 2 2 2 2 2 2 2 2 2 2 2
left_child=13 2 3 -2 -5 8 -7 -8 -4 -6 11 -11 -9 -1
right_child=1 -3 5 4 9 6 7 12 -10 10 -12 -13 -14 -15
leaf_value=0.0055737868147573231 -0.012701529743024822 -0.18677837132118186 -0.0027282244247011861 0.13489347034609814 0.02665136241308478 -0.015442620189203239 -0.012565236402471704 -0.061052124854092525 0.071060965353163322 -0.0063549513674814326 -0.037443787395783773 0.098125193537859992 -0.16100082978892083 0.071830468299393338
leaf_weight=62368 357663 11145 532472 32621 593269 832274 51048 37643 53605 151453 128512 37776 37796 106606
leaf_count=62368 357663 11145 532472 32621 593269 832274 51048 37643 53605 151453 128512 37776 37796 106606
internal_value=1.00824e-06 -0.00280088 -0.00207979 0.0104536 0.0192301 -0.0126373 -0.0228207 -0.0713629 0.0040219 0.015087 -0.00650551 0.0145065 -0.111143 0.0473771
internal_weight=3.02625e+06 2.85728e+06 2.84613e+06 1.30129e+06 943631 1.54484e+06 958761 126487 586077 911010 317741 189229 75439 168974
internal_count=3026251 2857277 2846132 1301294 943631 1544838 958761 126487 586077 911010 317741 189229 75439 168974
is_linear=0
shrinkage=0.02


Tree=95
num_leaves=15
num_cat=0
split_feature=7 7 0 4 7 7 4 0 0 8 7 7 7 8
split_gain=983546 1.46578e+06 1.56981e+06 1.25642e+06 1.13344e+06 4.21695e+06 2.72963e+06 2.28501e+06 1.54169e+06 1.28889e+06 1.19553e+06 1.28496e+06 3.16528e+06 2.10852e+06
threshold=10886.141601562502 10817.519042968752 3945.5000000000005 -209.25499725341794 12161.177246093752 12205.471191406252 -218.04499816894528 6012.5000000000009 1220.5000000000002 -0.9886590540409087 12035.318359375002 11577.411621093752 11440.685058593752 -0.56388047337532032
decision_type=2 2 2 2 2 2 2 2 2 2 2 2 2 2
left_child=1 2 -1 -3 6 7 9 8 -6 -2 11 12 -8 -14
right_child=4 3 -4 -5 5 -7 10 -9 -10 -11 -12 -13 13 -15
leaf_value=-0.026065881176417723 0.38461690593231529 0.52833848588035115 0.096961207428220023 0.08276007319500002 -0.021680462001497834 -0.00093938258503434931 -0.0037549433599389738 0.73580645350443752 0.18203308793523146 -0.19709846366662387 -0.056322355631660694 0.029676002081234689 0.10226650727816891 -0.16184013847502629
leaf_weight=171738 1577 2585 54689 103892 19573 533326 1373336 2586 61674 38651 185075 381813 14189 81547
leaf_count=171738 1577 2585 54689 103892 19573 533326 1373336 2586 61674 38651 185075 381813 14189 81547
internal_value=9.81716e-07 0.0324315 0.00365178 0.0936264 -0.00400761 0.0197889 -0.0110813 0.151642 0.13296 -0.174204 -0.00785738 -0.00301095 -0.0115065 -0.12269
internal_weight=3.02625e+06 332904 226427 106477 2.69335e+06 617159 2.07619e+06 83833 81247 40228 2.03596e+06 1.85088e+06 1.46907e+06 95736
internal_count=3026251 332904 226427 106477 2693347 617159 2076188 83833 81247 40228 2035960 1850885 1469072 95736
is_linear=0
shrinkage=0.02


Tree=96
num_leaves=15
num_cat=0
split_feature=7 6 8 7 7 4 4 8 8 8 4 7 7 7
split_gain=944615 1.44588e+06 1.16337e+06 1.08857e+06 4.05007e+06 2.62151e+06 1.34439e+06 3.94672e+06 1.23807e+06 1.16567e+06 2.964e+06 1.14819e+06 1.23408e+06 3.03994e+06
threshold=10886.141601562502 50.552278518676765 0.85482841730117809 12161.177246093752 12205.471191406252 -218.04499816894528 -134.42499542236325 -0.85837611556053151 -0.9886590540409087 0.99357324838638317 114.90500259399415 12035.318359375002 11577.411621093752 11440.685058593752
decision_type=2 2 2 2 2 2 2 2 2 2 2 2 2 2
left_child=1 -1 -3 5 6 8 7 -5 -2 -8 -11 12 13 -7
right_child=3 2 -4 4 -6 11 9 -9 -10 10 -12 -13 -14 -15
leaf_value=-0.11943456544835745 0.37697303864816184 0.026082673247384395 0.13077756706549576 0.68853791935897302 -0.00092059527982149341 -0.0036798450839233728 0.061606289805640514 0.023510319160378414 -0.19315751414798044 0.095188199148433364 0.65921994132649975 -0.055195969414956726 0.02908249750692293 -0.12023649765479501
leaf_weight=23497 1577 258622 50785 6510 533326 1373336 50336 7890 38651 14030 5067 185075 381813 95736
leaf_count=23497 1577 258622 50785 6510 533326 1373336 50336 7890 38651 14030 5067 185075 381813 95736
internal_value=1.07271e-06 0.0317833 0.0432707 -0.00392738 0.0193934 -0.0108597 0.148611 0.324429 -0.170719 0.112106 0.24511 -0.00770024 -0.00295073 -0.0112764
internal_weight=3.02625e+06 332904 309407 2.69335e+06 617159 2.07619e+06 83833 14400 40228 69433 19097 2.03596e+06 1.85088e+06 1.46907e+06
internal_count=3026251 332904 309407 2693347 617159 2076188 83833 14400 40228 69433 19097 2035960 1850885 1469072
is_linear=0
shrinkage=0.02


Tree=97
num_leaves=15
num_cat=0
split_feature=7 6 8 8 7 7 8 7 7 7 7 5 7 7
split_gain=907204 1.38941e+06 1.09661e+06 1.06809e+06 3.22834e+06 2.27437e+06 1.31247e+06 1.19188e+06 1.1249e+06 1.0455e+06 3.88989e+06 1.29185e+06 2.18749e+06 949361
threshold=10886.141601562502 48.446376800537116 0.85482841730117809 -0.90663021802902211 10833.810546875002 10789.720703125002 0.50153240561485302 10858.977050781252 10811.572265625002 12161.177246093752 12205.471191406252 -0.027499999850988385 10934.469238281252 10626.541503906252
decision_type=2 2 2 2 2 2 2 2 2 2 2 2 2 2
left_child=1 -1 3 4 -3 13 8 -8 -7 11 -11 12 -2 -5
right_child=9 2 -4 5 -6 6 7 -9 -10 10 -12 -13 -14 -15
leaf_value=-0.12528959376921359 -0.19307938857988163 0.4997513970648475 0.12549466613690216 -0.024544604203650261 0.035942316259763289 -0.39804712512421769 -0.059787873364988163 0.27615889928383147 -0.074363003123068247 0.1456426652490061 -0.0009021837653459564 -0.0011491984233437562 -0.026711079540687896 0.08998766614139582
leaf_weight=21250 33657 7298 52153 41066 33625 8395 57703 4548 8794 83833 533326 1524262 518269 98072
leaf_count=21250 33657 7298 52153 41066 33625 8395 57703 4548 8794 83833 533326 1524262 518269 98072
internal_value=1.15719e-06 0.0311477 0.041818 0.0249969 0.118758 0.00743789 -0.0779371 -0.0352032 -0.232589 -0.00384872 0.019006 -0.0106425 -0.0368597 0.0561845
internal_weight=3.02625e+06 332904 311654 259501 40923 218578 79440 62251 17189 2.69335e+06 617159 2.07619e+06 551926 139138
internal_count=3026251 332904 311654 259501 40923 218578 79440 62251 17189 2693347 617159 2076188 551926 139138
is_linear=0
shrinkage=0.02


Tree=98
num_leaves=15
num_cat=0
split_feature=17 8 10 17 16 16 17 16 1 6 1 8 8 8
split_gain=947378 817673 503190 655716 628018 427210 306454 1.2066e+06 450388 302721 301350 288653 468768 286297
threshold=0.13067046552896502 -0.70835387706756581 -6.2999999523162833 0.48025463521480566 -12.299999713897703 -22.499999999999996 0.6556764841079713 9.7000002861022967 75.287212371826186 72.405868530273452 88.95892715454103 0.99679929018020641 0.85482841730117809 -0.95664271712303151
decision_type=2 2 2 2 2 2 2 2 2 2 2 2 2 2
left_child=13 2 10 -4 -5 -3 9 8 -8 -7 -2 12 -10 -1
right_child=1 5 3 4 -6 6 7 -9 11 -11 -12 -13 -14 -15
leaf_value=-0.10401674240749803 0.020755178501796593 0.044309875560849595 -0.012919260366399817 0.009513344813223485 -0.074760720066931172 0.021387876350158735 0.019535186544905127 -0.070028986647458116 0.2105032202285842 -0.0012404396992797789 -0.015317887186501698 0.30022822932110688 0.047590331864062814 0.11188569516313102
leaf_weight=2625 207960 115439 591159 46180 151068 286889 17949 24892 12929 1345682 167021 4139 15580 36739
leaf_count=2625 207960 115439 591159 46180 151068 286889 17949 24892 12929 1345682 167021 4139 15580 36739
internal_value=1.15132e-06 -0.00128363 -0.0143845 -0.0234555 -0.0550308 0.00707469 0.00455789 0.0439515 0.100029 0.00273609 0.00468777 0.144262 0.121521 0.0974649
internal_weight=3.02625e+06 2.98689e+06 1.16339e+06 788407 197248 1.8235e+06 1.70806e+06 75489 50597 1.63257e+06 374981 32648 28509 39364
internal_count=3026251 2986887 1163388 788407 197248 1823499 1708060 75489 50597 1632571 374981 32648 28509 39364
is_linear=0
shrinkage=0.02


Tree=99
num_leaves=15
num_cat=0
split_feature=17 7 7 7 4 1 4 7 7 4 4 7 7 7
split_gain=911764 873046 1.38212e+06 1.24088e+06 1.59557e+06 1.50642e+06 1.20808e+06 884095 3.15666e+06 2.44836e+06 1.10457e+06 1.53051e+06 988084 1.16072e+06
threshold=0.1455325856804848 10886.141601562502 10817.519042968752 10789.720703125002 -21.134999275207516 47.881401062011726 -209.25499725341794 12161.177246093752 12205.471191406252 -218.04499816894528 -134.42499542236325 12192.195312500002 12035.318359375002 11577.411621093752
decision_type=2 2 2 2 2 2 2 2 2 2 2 2 2 2
left_child=-1 2 3 5 -5 -2 -4 9 10 -3 11 -9 13 -11
right_child=1 7 6 4 -6 -7 -8 8 -10 12 -12 -13 -14 -15
leaf_value=0.083797935232373444 -0.12679851260158101 -0.16625274429646239 0.51983565674529997 -0.31098194618507108 -0.031186133365817638 0.053620253764457629 0.078502063187728108 0.14620000652702347 -0.0016263174817817017 -0.012038830836131578 0.10156291803553537 0.60863410305441312 -0.052823431229527616 0.027566102596612487
leaf_weight=51052 21306 40083 2533 9723 50226 140706 102408 8328 522192 1454205 65324 4360 182171 371634
leaf_count=51052 21306 40083 2533 9723 50226 140706 102408 8328 522192 1454205 65324 4360 182171 371634
internal_value=1.16209e-06 -0.00143699 0.029399 0.00112121 -0.0766102 0.0298871 0.0892034 -0.00524345 0.0161026 -0.0114991 0.134761 0.305463 -0.00840913 -0.00397747
internal_weight=3.02625e+06 2.9752e+06 326902 221961 59949 162012 104941 2.6483e+06 600204 2.04809e+06 78012 12688 2.00801e+06 1.82584e+06
internal_count=3026251 2975199 326902 221961 59949 162012 104941 2648297 600204 2048093 78012 12688 2008010 1825839
is_linear=0
shrinkage=0.02


Tree=100
num_leaves=15
num_cat=0
split_feature=0 7 0 7 4 9 5 8 7 7 7 7 8 4
split_gain=925296 853567 1.43217e+06 2.14797e+06 1.60107e+06 1.14856e+06 1.16586e+06 1.13195e+06 1.04154e+06 1.03689e+06 1.00906e+06 1.14749e+06 1.3942e+06 1.19876e+06
threshold=8272.5000000000018 10886.141601562502 3414.5000000000005 10879.343750000002 -150.31500244140622 -0.72443613409996022 0.057499999180436141 0.93289250135421764 10825.674316406252 11965.328125000002 10626.541503906252 10676.426269531252 0.67504784464836132 -218.04499816894528
decision_type=2 2 2 2 2 2 2 2 2 2 2 2 2 2
left_child=1 2 4 10 8 6 -3 -5 -1 -8 -4 12 -12 -13
right_child=-2 5 3 7 -6 -7 9 -9 -10 -11 11 13 -14 -15
leaf_value=0.087299210842981131 -0.17976466393113857 0.040172342996334931 -0.063533189574843413 0.00076456920143872377 -0.0014628233501197288 -0.0051234952019714895 0.37496642132310742 0.96041689678293274 0.90900153256062444 -0.045250107232064928 -0.25819867378680217 0.59305547193846719 0.40994463697190514 0.067452588524965759
leaf_weight=1203 11400 54665 16146 689 228786 2619776 8537 1707 1262 3236 1459 1772 8437 67176
leaf_count=1203 11400 54665 16146 689 228786 2619776 8537 1707 1262 3236 1459 1772 8437 67176
internal_value=1.19948e-06 0.000681545 0.0311059 0.0954389 0.00401043 -0.00304072 0.0790751 0.685615 0.509965 0.259521 0.0804817 0.109978 0.311275 0.0810452
internal_weight=3.02625e+06 3.01485e+06 328637 97386 231251 2.68621e+06 66438 2396 2465 11773 94990 78844 9896 68948
internal_count=3026251 3014851 328637 97386 231251 2686214 66438 2396 2465 11773 94990 78844 9896 68948
is_linear=0
shrinkage=0.02


Tree=101
num_leaves=15
num_cat=0
split_feature=13 8 7 7 7 7 7 8 7 7 7 7 8 8
split_gain=870706 783492 833748 1.06236e+06 1.0384e+06 938891 962072 2.03496e+06 851885 608466 928289 720626 1.19448e+06 1.19543e+06
threshold=-8.7000002861022931 -0.70459485054016102 12487.211425781252 12231.562988281252 12535.256835937502 11440.685058593752 11422.027343750002 -0.95664271712303151 11755.942382812502 12177.910644531252 12035.318359375002 12202.979980468752 -0.85837611556053151 -0.99216195940971363
decision_type=2 2 2 2 2 2 2 2 2 2 2 2 2 2
left_child=-1 2 3 5 -4 6 -2 -8 -7 10 -10 12 13 -11
right_child=1 -3 4 -5 -6 8 7 -9 9 11 -12 -13 -14 -15
leaf_value=0.016510919957919812 -0.031714195291355829 0.0029517858415085115 0.12617874762040576 -0.12077396564512617 -0.016504632721557454 0.11637408519991865 -0.60407964212727427 -0.073866948393903412 0.023143265494853581 0.076737660804063482 -0.080494294113164819 -0.0106857267246256 -0.0081381997151740507 0.55069912698064127
leaf_weight=898432 494841 1275434 32554 46835 54623 27896 3614 14422 80575 3961 60535 19940 7988 4601
leaf_count=898432 494841 1275434 32554 46835 54623 27896 3614 14422 80575 3961 60535 19940 7988 4601
internal_value=1.36674e-06 -0.00696952 -0.0218148 -0.0284912 0.0367849 -0.0224731 -0.0369459 -0.180386 0.013648 -0.00249298 -0.0213188 0.0702934 0.167809 0.33178
internal_weight=3.02625e+06 2.12782e+06 852385 765208 87177 718373 512877 18036 205496 177600 141110 36490 16550 8562
internal_count=3026251 2127819 852385 765208 87177 718373 512877 18036 205496 177600 141110 36490 16550 8562
is_linear=0
shrinkage=0.02


Tree=102
num_leaves=15
num_cat=0
split_feature=17 13 17 17 9 7 16 7 7 7 7 7 7 7
split_gain=872688 848944 1.43676e+06 1.10471e+06 1.23073e+06 642691 555133 547384 948562 688185 543505 1.68651e+06 1.25751e+06 1.14217e+06
threshold=0.21644368022680285 1.0000000180025095e-35 0.6237953007221223 0.54389113187789928 0.20045207440853122 12531.569824218752 11.299999713897707 10782.446289062502 11281.717285156252 11248.801757812502 11192.181152343752 11281.717285156252 11218.415527343752 11128.710937500002
decision_type=2 2 2 2 2 2 2 2 2 2 2 2 2 2
left_child=-1 2 10 -3 6 -4 -5 -6 9 -9 13 12 -12 -2
right_child=1 3 5 4 7 -7 -8 8 -10 -11 11 -13 -14 -15
leaf_value=0.044164459419349329 0.0028568117890193328 -0.0064549319639409285 0.095474982392862645 0.023324163932539048 0.083134719352861833 -0.03905228255336559 -0.060747228045349634 -0.19932421826790986 -0.068730037968633695 -0.64848041728616923 -0.038269799184224164 0.0037555578706959998 -0.18842462427952064 0.075709236983104874
leaf_weight=168974 402216 1242860 98557 61201 4759 16591 64536 29221 35735 1424 79243 680379 31046 109509
leaf_count=168974 402216 1242860 98557 61201 4759 16591 64536 29221 35735 1424 79243 680379 31046 109509
internal_value=1.33695e-06 -0.00261053 0.00837613 -0.0134278 -0.0574442 0.0760899 -0.0198277 -0.123918 -0.138773 -0.220401 0.00238882 -0.00800512 -0.0805513 0.0184484
internal_weight=3.02625e+06 2.85728e+06 1.41754e+06 1.43974e+06 196876 115148 125737 71139 66380 30645 1.30239e+06 790668 110289 511725
internal_count=3026251 2857277 1417541 1439736 196876 115148 125737 71139 66380 30645 1302393 790668 110289 511725
is_linear=0
shrinkage=0.02


Tree=103
num_leaves=15
num_cat=0
split_feature=0 9 0 9 9 9 4 4 9 4 9 0 5 0
split_gain=887581 802397 732244 1.16275e+06 693541 670064 869342 658895 1.29455e+06 1.3084e+06 1.01787e+06 1.53102e+06 1.10387e+06 914293
threshold=8272.5000000000018 0.53606674075126659 948.50000000000011 -0.7377723455429076 0.35140028595924383 -1.0000000180025095e-35 -165.94499969482419 123.76499938964845 -0.074976801872253404 165.25000000000003 -0.3094827383756637 3111.5000000000005 0.062499998137354858 4880.5000000000009
decision_type=2 2 2 2 2 2 2 2 2 2 2 2 2 2
left_child=1 2 -1 -4 5 6 -5 10 13 -10 11 -8 -13 -9
right_child=-2 -3 3 4 -6 -7 7 8 9 -11 -12 12 -14 -15
leaf_value=-0.016598500173561133 -0.17606290235506017 -0.017686810242700714 0.11729670062195742 0.27293757758394521 0.05202979961315693 -0.01856473118724266 0.016318004166180799 -0.03755078154599889 0.02949749662716036 0.39400289381859793 -0.020174016051353445 0.074133730644865545 0.30308727450282796 0.024360756824527076
leaf_weight=443840 11400 723942 41015 5099 142088 350647 529702 268979 10804 6191 184614 151169 8912 147849
leaf_count=443840 11400 723942 41015 5099 142088 350647 529702 268979 10804 6191 184614 151169 8912 147849
internal_value=1.24904e-06 0.000667586 0.00646775 0.0120105 0.00961884 0.00599702 0.0125549 0.011538 -0.00861284 0.162436 0.0215356 0.0326989 0.0868983 -0.0155906
internal_weight=3.02625e+06 3.01485e+06 2.29091e+06 1.84707e+06 1.80605e+06 1.66397e+06 1.31332e+06 1.30822e+06 433823 16995 874397 689783 160081 416828
internal_count=3026251 3014851 2290909 1847069 1806054 1663966 1313319 1308220 433823 16995 874397 689783 160081 416828
is_linear=0
shrinkage=0.02


Tree=104
num_leaves=15
num_cat=0
split_feature=0 7 0 7 4 4 7 4 7 7 7 6 4 0
split_gain=852464 811643 1.37002e+06 2.05807e+06 1.53889e+06 1.00666e+06 998712 991754 976388 967162 1.09469e+06 1.33701e+06 1.154e+06 978306
threshold=8272.5000000000018 10886.141601562502 3414.5000000000005 10879.343750000002 -150.31500244140622 148.09500122070315 10825.674316406252 61.204999923706062 10817.519042968752 10626.541503906252 10676.426269531252 46.12804031372071 -218.04499816894528 6648.5000000000009
decision_type=2 2 2 2 2 2 2 2 2 2 2 2 2 2
left_child=1 2 4 9 6 7 -1 -5 -6 -4 11 -11 -12 -14
right_child=-2 -3 3 5 8 -7 -8 -9 -10 10 12 -13 13 -15
leaf_value=0.085964710074187545 -0.17254473031545722 -0.0029753923206232258 -0.062390141386087263 -0.27684696454417951 -0.03117462640304788 0.0026901889795454235 0.89059891454828621 1.1091163624174918 0.05606369111902329 -0.25649072973855908 0.58158105577454056 0.40021318108872039 0.085301256369281667 -0.2339365378211983
leaf_weight=1203 11400 2686214 16146 235 151084 656 1262 1505 77702 1446 1772 8450 63097 4079
leaf_count=1203 11400 2686214 16146 235 151084 656 1262 1505 77702 1446 1772 8450 63097 4079
internal_value=1.29024e-06 0.000654312 0.030322 0.0932438 0.00382105 0.670937 0.499853 0.921408 -0.00154486 0.0786029 0.107481 0.304092 0.0792209 0.0658846
internal_weight=3.02625e+06 3.01485e+06 328637 97386 231251 2396 2465 1740 228786 94990 78844 9896 68948 67176
internal_count=3026251 3014851 328637 97386 231251 2396 2465 1740 228786 94990 78844 9896 68948 67176
is_linear=0
shrinkage=0.02


Tree=105
num_leaves=15
num_cat=0
split_feature=0 13 14 9 14 0 0 9 0 0 5 13 9 9
split_gain=818737 791770 1.04697e+06 760247 914324 454786 447848 444784 957818 424338 391212 355967 354717 437913
threshold=8272.5000000000018 -9.0999999046325666 0.64751917123794567 0.53606674075126659 0.66965228319168102 1084.5000000000002 1988.5000000000002 -0.7377723455429076 1852.5000000000002 1519.5000000000002 -0.027499999850988385 2.5000000000000004 0.35140028595924383 0.20045207440853122
decision_type=2 2 2 2 2 2 2 2 2 2 2 2 2 2
left_child=1 2 -1 7 5 -5 -6 8 -3 -4 -7 -8 13 -9
right_child=-2 3 9 4 6 10 11 12 -10 -11 -12 -13 -14 -15
leaf_value=0.0053181750591318267 -0.16909686052944825 -0.027510628856648407 0.01430520533734716 0.020556362250544434 -0.026677024029723242 -0.046017412483557701 -0.043075430717865335 5.4439237715604571e-05 0.16898453952812315 0.079597657339350147 -0.003417740706570411 -0.17270730450692326 0.030847130911562413 -0.036243314828755861
leaf_weight=672870 11400 20640 58078 100902 23276 199595 11814 1322092 19096 126645 151820 30031 130188 147804
leaf_count=672870 11400 20640 58078 100902 23276 199595 11814 1322092 19096 126645 151820 30031 130188 147804
internal_value=1.40817e-06 0.000641382 0.016897 -0.0058209 -0.0269568 -0.016868 -0.0970178 0.000848541 0.0669377 0.0590713 -0.027614 -0.136128 -0.000793091 -0.00359566
internal_weight=3.02625e+06 3.01485e+06 857593 2.15726e+06 517438 452317 65121 1.63982e+06 39736 184723 351415 41845 1.60008e+06 1.4699e+06
internal_count=3026251 3014851 857593 2157258 517438 452317 65121 1639820 39736 184723 351415 41845 1600084 1469896
is_linear=0
shrinkage=0.02


Tree=106
num_leaves=15
num_cat=0
split_feature=13 14 9 14 8 6 4 8 8 8 6 4 4 13
split_gain=779186 1.01373e+06 763494 922158 513000 476311 459190 975329 502790 560138 475670 421030 371619 337810
threshold=-9.0999999046325666 0.64751917123794567 0.53606674075126659 0.66965228319168102 -0.95236524939537037 115.0654640197754 182.47499847412112 0.99833258986473095 0.88779377937316906 0.67504784464836132 88.027694702148452 -253.69499969482419 -157.40499877929685 2.5000000000000004
decision_type=2 2 2 2 2 2 2 2 2 2 2 2 2 2
left_child=1 -1 4 -4 5 -2 -6 8 9 10 -8 -7 -13 -5
right_child=2 -3 3 13 6 11 7 -9 -10 -11 -12 12 -14 -15
leaf_value=0.0047171177082988474 -0.036295631071426387 0.057494047341385683 -0.017404827435881193 -0.027339302832422249 0.0078797205067194162 -0.47483938681308763 -0.054141077840545046 0.29643573626422948 0.020988179332807645 -0.08641529577321086 0.43758450894348033 0.28159359475068468 0.043788879968395485 -0.12695040776361968
leaf_weight=674929 203119 185604 453984 19306 1320280 516 1605 3428 31409 69948 1530 3460 10862 46271
leaf_count=674929 203119 185604 453984 19306 1320280 516 1605 3428 31409 69948 1530 3460 10862 46271
internal_value=1.36618e-06 0.0161009 -0.00639569 -0.0275327 0.000275703 -0.0283035 0.00463735 -0.0350263 -0.0459278 -0.0746857 0.186462 0.0810504 0.101397 -0.0976336
internal_weight=3.02625e+06 860533 2.16572e+06 519561 1.64616e+06 217957 1.4282e+06 107920 104492 73083 3135 14838 14322 65577
internal_count=3026251 860533 2165718 519561 1646157 217957 1428200 107920 104492 73083 3135 14838 14322 65577
is_linear=0
shrinkage=0.02


Tree=107
num_leaves=15
num_cat=0
split_feature=17 13 17 17 16 7 7 7 7 7 7 7 7 1
split_gain=851710 770589 1.29179e+06 1.11889e+06 709091 614883 542076 1.68498e+06 1.21489e+06 1.13003e+06 680711 1.28043e+06 1.46091e+06 557716
threshold=0.13067046552896502 1.0000000180025095e-35 0.6237953007221223 0.53776565194129955 -7.4999999999999991 12531.569824218752 11192.181152343752 11281.717285156252 11228.336914062502 11153.163574218752 11021.642089843752 10993.161621093752 11008.638671875002 101.15808486938478
decision_type=2 2 2 2 2 2 2 2 2 2 2 2 2 2
left_child=-1 2 6 -3 -5 -4 9 8 -8 10 11 -2 -13 -14
right_child=1 3 5 4 -6 -7 7 -9 -10 -11 -12 12 13 -15
leaf_value=0.092413169881916238 0.0024750401654060387 -0.0043766246261677591 0.092299193807523633 0.034514140701938721 -0.06954022518893406 -0.039285139534529161 -0.050875242470726237 0.0046995634396345496 -0.23482656671001387 0.0799800745144537 -0.059213422331139055 0.23767591654623832 -0.10213406101380391 0.1179048383659357
leaf_weight=39364 337828 1293528 98557 30702 178275 16591 94910 723395 16914 99886 56731 20874 10504 8192
leaf_count=39364 337828 1293528 98557 30702 178275 16591 94910 723395 16914 99886 56731 20874 10504 8192
internal_value=1.36048e-06 -0.00121683 0.00900352 -0.0113139 -0.054252 0.073338 0.00359269 -0.0064696 -0.0787176 0.0193303 0.00537426 0.0150845 0.122709 -0.00570737
internal_weight=3.02625e+06 2.98689e+06 1.48438e+06 1.5025e+06 208977 115148 1.36923e+06 835219 111824 534015 434129 377398 39570 18696
internal_count=3026251 2986887 1484382 1502505 208977 115148 1369234 835219 111824 534015 434129 377398 39570 18696
is_linear=0
shrinkage=0.02


Tree=108
num_leaves=15
num_cat=0
split_feature=17 16 9 7 7 7 7 1 7 7 7 7 7 7
split_gain=818485 796498 749186 1.14936e+06 1.39389e+06 1.20324e+06 4.05038e+06 1.75697e+06 1.34974e+06 1.4403e+06 4.02229e+06 1.0598e+06 1.04397e+06 978032
threshold=0.25187316536903387 -18.100000381469723 0.53606674075126659 10769.989746093752 10858.977050781252 11004.516113281252 11128.710937500002 79.451461791992202 11202.455078125002 11281.717285156252 11233.562988281252 10789.720703125002 12832.255859375002 10706.830566406252
decision_type=2 2 2 2 2 2 2 2 2 2 2 2 2 2
left_child=-1 -2 -3 13 11 -6 7 -7 -8 10 -10 -5 -11 -4
right_child=1 2 3 4 5 6 8 -9 9 12 -12 -13 -14 -15
leaf_value=0.031362572711531624 0.023377808156454526 -0.0014317234680213894 -0.030642969796220401 -0.026213077434760212 0.031251502103870482 -0.082507861026005463 0.034941707971218677 -0.33366344692245992 -0.057299780702176041 -0.0248054344594358 -0.46210110260007303 -0.36334482329616508 0.3117181602849321 0.23552440132955393
leaf_weight=299881 380864 1779800 10221 6434 108360 20013 115473 25148 60202 183513 11723 8870 3753 11996
leaf_count=299881 380864 1779800 10221 6434 108360 20013 115473 25148 60202 183513 11723 8870 3753 11996
internal_value=1.34e-06 -0.00344826 -0.00780438 -0.0278533 -0.0336179 -0.0281635 -0.0434994 -0.222408 -0.0219288 -0.0472659 -0.123333 -0.221721 -0.0180448 0.113114
internal_weight=3.02625e+06 2.72637e+06 2.34551e+06 565706 543489 528185 419825 45161 374664 259191 71925 15304 187266 22217
internal_count=3026251 2726370 2345506 565706 543489 528185 419825 45161 374664 259191 71925 15304 187266 22217
is_linear=0
shrinkage=0.02


Tree=109
num_leaves=15
num_cat=0
split_feature=17 0 13 17 17 4 0 16 16 4 0 4 6 5
split_gain=806704 768460 726266 1.28674e+06 1.17177e+06 960379 431811 427009 422914 396627 394559 325983 320270 306878
threshold=0.13067046552896502 8272.5000000000018 1.8999999761581423 0.6237953007221223 0.55384436249732982 -58.745000839233391 1597.5000000000002 11.09999990463257 13.500000000000002 167.60500335693362 3659.5000000000005 229.26499938964847 66.031883239746108 0.082499999552965178
decision_type=2 2 2 2 2 2 2 2 2 2 2 2 2 2
left_child=10 2 3 13 -4 -6 -5 -7 11 -9 -1 12 -8 -2
right_child=1 -3 4 6 5 7 8 9 -10 -11 -12 -13 -14 -15
leaf_value=0.051137152254237143 0.0024401302865342997 -0.16520640105459111 -0.0043212296192254099 0.015581963180794483 -0.13362669846606079 0.012033167981299931 0.014717125552242947 -0.04810555791101491 -0.061355112699886229 -0.21713885942868505 0.19331033885978163 -0.13347956532343355 0.13439517021447892 0.079135726154154012
leaf_weight=28632 1444970 11372 1222657 37541 50504 53934 10419 56548 6193 6149 10732 2122 63314 21164
leaf_count=28632 1444970 11372 1222657 37541 50504 53934 10419 56548 6193 6149 10732 2122 63314 21164
internal_value=1.2655e-06 -0.0011843 -0.00055687 0.00869344 -0.0111113 -0.0607798 0.0717722 -0.0292264 0.0974767 -0.0647158 0.0899383 0.110451 0.117488 0.0035478
internal_weight=3.02625e+06 2.98689e+06 2.97552e+06 1.58572e+06 1.38979e+06 167135 119589 116631 82048 62697 39364 75855 73733 1.46613e+06
internal_count=3026251 2986887 2975515 1585723 1389792 167135 119589 116631 82048 62697 39364 75855 73733 1466134
is_linear=0
shrinkage=0.02


Tree=110
num_leaves=15
num_cat=0
split_feature=0 4 8 0 0 4 8 4 8 8 0 1 4 0
split_gain=744677 616258 954789 502322 496921 1.35419e+06 780920 1.0527e+06 755454 1.76164e+06 804696 1.16345e+06 696475 653966
threshold=8272.5000000000018 32.68499946594239 0.65655234456062328 3284.5000000000005 2227.5000000000005 99.134998321533217 0.86057791113853466 42.414999008178718 0.99518439173698436 0.95309019088745128 3436.5000000000005 81.813915252685561 59.98500061035157 3822.5000000000005
decision_type=2 2 2 2 2 2 2 2 2 2 2 2 2 2
left_child=1 -1 3 -3 -4 6 7 -6 9 -8 12 -12 -11 -7
right_child=-2 2 4 -5 5 13 8 -9 -10 10 11 -13 -14 -15
leaf_value=-0.0075181084915524809 -0.16126775692245171 0.088237335555454974 -0.01013563779574576 0.31242000559775351 0.31679161043975723 -0.023351573775016701 0.041185484455396999 0.072885110992482335 0.099355830231918199 -0.34639998581510922 -0.51008279957788583 -0.032800408850649401 -0.0088743790289998684 0.017423869297271848
leaf_weight=1667195 11400 18667 402188 5083 7446 263475 63820 140144 32225 3024 5026 3440 12609 390509
leaf_count=1667195 11400 18667 402188 5083 7446 263475 63820 140144 32225 3024 5026 3440 12609 390509
internal_value=1.22296e-06 0.000611566 0.0106688 0.136329 0.00841355 0.0165075 0.0543946 0.0852111 0.0165341 -0.0138302 -0.159482 -0.316418 -0.0743453 0.000996252
internal_weight=3.02625e+06 3.01485e+06 1.34766e+06 23750 1.32391e+06 921718 267734 147590 120144 87919 24099 8466 15633 653984
internal_count=3026251 3014851 1347656 23750 1323906 921718 267734 147590 120144 87919 24099 8466 15633 653984
is_linear=0
shrinkage=0.02


Tree=111
num_leaves=15
num_cat=0
split_feature=17 0 5 0 9 0 8 16 0 8 9 5 17 8
split_gain=777994 699536 690947 736274 497689 826184 480781 402615 373048 466018 362954 563496 350207 349405
threshold=0.20223365724086764 8272.5000000000018 -0.027499999850988385 3969.5000000000005 -0.72443613409996022 1400.5000000000002 -0.62652868032455433 -22.100000381469723 1519.5000000000002 -0.95664271712303151 0.63474419713020336 -0.097500000149011598 0.11005010083317758 -0.72193637490272511
decision_type=2 2 2 2 2 2 2 2 2 2 2 2 2 2
left_child=8 2 3 -2 5 -4 -7 -6 -1 -10 -5 -12 -11 -13
right_child=1 -3 4 10 7 6 -8 -9 9 12 11 13 -14 -15
leaf_value=-0.0025320492912831232 -0.0079298875139841695 -0.15965881992984737 -0.034815295945219975 -0.03156716591654405 0.035424222686287539 0.4133297311903732 0.08964396567385656 -5.4952773935461757e-05 -0.078577908378659314 0.15996205352202883 0.57382585478493897 -0.13295906070420077 0.061602755286665839 -0.033642999813589182
leaf_weight=41594 576993 11229 27230 91971 136990 1899 48385 1934400 7762 18573 492 41487 65716 21530
leaf_count=41594 576993 11229 27230 91971 136990 1899 48385 1934400 7762 18573 492 41487 65716 21530
internal_value=1.18822e-06 -0.00217858 -0.0015643 -0.0183393 0.00415364 0.0539059 0.101948 0.00229159 0.0471767 0.0696361 -0.0569658 -0.0937359 0.0832928 -0.0990384
internal_weight=3.02625e+06 2.89261e+06 2.88138e+06 732473 2.1489e+06 77514 50284 2.07139e+06 133645 92051 155480 63509 84289 63017
internal_count=3026251 2892606 2881377 732473 2148904 77514 50284 2071390 133645 92051 155480 63509 84289 63017
is_linear=0
shrinkage=0.02


Tree=112
num_leaves=15
num_cat=0
split_feature=7 7 0 4 7 9 1 7 7 0 9 4 4 9
split_gain=753142 1.20038e+06 1.41391e+06 1.07244e+06 1.01307e+06 1.54118e+06 1.04001e+06 989646 1.45046e+06 1.82108e+06 988351 1.18513e+06 991968 2.07005e+06
threshold=10886.141601562502 10817.519042968752 3945.5000000000005 -209.25499725341794 10789.720703125002 0.6210252344608308 51.937559127807624 10626.541503906252 10676.426269531252 6648.5000000000009 -0.72193637490272511 229.26499938964847 251.41500091552737 -0.66606479883193959
decision_type=2 2 2 2 2 2 2 2 2 2 2 2 2 2
left_child=1 2 4 -3 6 -6 -1 -4 -9 -10 11 -2 -12 -14
right_child=10 3 7 -5 5 -7 -8 8 9 -11 12 -13 13 -15
leaf_value=-0.1198721775902994 0.0540425694128061 0.48538246947722125 -0.070409230043791585 0.07371941147867464 -0.048184753392289004 -0.32982327936003658 0.034030398449113521 0.35620329880910362 0.15134094823299696 -0.2078380298002197 -0.004556213937306504 0.53146486227332712 0.30800878460543879 -0.25475550547613279
leaf_weight=21398 74187 2585 11898 103892 43082 9474 97784 9325 26285 7181 2599226 2130 3174 14630
leaf_count=21398 74187 2585 11898 103892 43082 9474 97784 9325 26285 7181 2599226 2130 3174 14630
internal_value=1.22021e-06 0.0283801 0.00233591 0.0837584 -0.0258675 -0.0990077 0.00639074 0.0908911 0.135747 0.0742301 -0.00350656 0.0674355 -0.00557561 -0.154311
internal_weight=3.02625e+06 332904 226427 106477 171738 52556 119182 54689 42791 33466 2.69335e+06 76317 2.61703e+06 17804
internal_count=3026251 332904 226427 106477 171738 52556 119182 54689 42791 33466 2693347 76317 2617030 17804
is_linear=0
shrinkage=0.02


Tree=113
num_leaves=15
num_cat=0
split_feature=13 5 0 3 0 8 8 0 0 8 8 0 8 8
split_gain=692037 646278 781365 416946 374202 369167 375837 362593 354200 319710 674255 309109 375500 508932
threshold=-9.0999999046325666 -0.027499999850988385 3969.5000000000005 4.6442546844482431 1143.5000000000002 -0.96114355325698841 0.78062468767166149 8272.5000000000018 5125.5000000000009 0.99679929018020641 0.9270903766155244 1143.5000000000002 -0.85837611556053151 -0.93622487783431996
decision_type=2 2 2 2 2 2 2 2 2 2 2 2 2 2
left_child=-1 2 11 4 -3 -6 7 -7 -8 10 -10 -2 13 -13
right_child=1 3 -4 -5 5 6 8 -9 9 -11 -12 12 -14 -15
leaf_value=0.015173735300858049 0.013587904573375253 -0.014162881952778535 -0.069455166063952065 -0.01161978171869827 -0.042059283371941161 0.035955215654054705 -0.0029717014976149382 -0.15174834414775584 0.11285392143914597 0.24014471136840995 -0.088131449227285955 -0.025305626231369865 -0.043256964847482607 0.057754679430093214
leaf_weight=860533 130958 214963 121576 674030 41437 348902 294898 4156 19416 3727 10164 90946 166878 43667
leaf_count=860533 130958 214963 121576 674030 41437 348902 294898 4156 19416 3727 10164 90946 166878 43667
internal_value=1.25916e-06 -0.00602745 -0.0246616 0.000378215 0.00900291 0.0158936 0.0194191 0.0337414 0.00401162 0.0658244 0.0437861 -0.0120673 -0.0232113 0.00164038
internal_weight=3.02625e+06 2.16572e+06 554025 1.61169e+06 937663 722700 681263 353058 328205 33307 29580 432449 301491 134613
internal_count=3026251 2165718 554025 1611693 937663 722700 681263 353058 328205 33307 29580 432449 301491 134613
is_linear=0
shrinkage=0.02


Tree=114
num_leaves=15
num_cat=0
split_feature=17 16 4 7 9 7 7 7 7 7 0 7 7 7
split_gain=751054 731620 769264 1.79838e+06 616717 1.21711e+06 1.32987e+06 1.04077e+06 1.11257e+06 3.10815e+06 1.84367e+06 1.36379e+06 3.2251e+06 2.33352e+06
threshold=0.25187316536903387 -18.100000381469723 -239.11000061035153 12188.847167968752 0.53606674075126659 10769.989746093752 10870.277343750002 12832.255859375002 11004.516113281252 11059.523925781252 3174.5000000000005 11218.415527343752 11281.717285156252 11248.801757812502
decision_type=2 2 2 2 2 2 2 2 2 2 2 2 2 2
left_child=-1 -2 3 -3 -4 -6 -7 8 -8 10 -10 -11 13 -13
right_child=1 2 4 -5 5 6 7 -9 9 11 -12 12 -14 -15
leaf_value=0.030042856395815828 0.022407097769049273 -0.17828876436925395 -0.00043492836909540952 0.29999536651857217 0.1250359094376553 -0.20666913105391732 0.030792654955846897 0.30664068242469161 -0.11815542104365 0.020869013962011049 -0.41482868929333722 -0.16763829776496633 -0.02230651783838741 -0.6492618276031924
leaf_weight=299881 380864 23289 1760315 3626 20929 16580 105399 3753 26234 155500 12310 31552 181414 4605
leaf_count=299881 380864 23289 1760315 3626 20929 16580 105399 3753 26234 155500 12310 31552 181414 4605
internal_value=1.23522e-06 -0.00330322 -0.00747815 -0.113766 -0.00624383 -0.0245597 -0.0303885 -0.0247722 -0.0271839 -0.0420299 -0.212989 -0.0243619 -0.0566884 -0.229142
internal_weight=3.02625e+06 2.72637e+06 2.34551e+06 26915 2.31859e+06 558276 537347 520767 517014 411615 38544 373071 217571 36157
internal_count=3026251 2726370 2345506 26915 2318591 558276 537347 520767 517014 411615 38544 373071 217571 36157
is_linear=0
shrinkage=0.02


Tree=115
num_leaves=15
num_cat=0
split_feature=17 7 7 0 0 7 9 1 9 7 7 7 9 7
split_gain=734515 720721 1.19413e+06 1.3659e+06 950924 899410 1.44946e+06 961670 883738 901769 3.1097e+06 1.62236e+06 2.42154e+06 1.52254e+06
threshold=0.13067046552896502 10886.141601562502 10817.519042968752 3945.5000000000005 1240.5000000000002 10789.720703125002 0.6210252344608308 50.84156799316407 -0.71702975034713734 11128.710937500002 11186.826171875002 11021.642089843752 0.53606674075126659 11310.519042968752
decision_type=2 2 2 2 2 2 2 2 2 2 2 2 2 2
left_child=-1 2 3 5 -4 7 -7 -2 -3 11 -11 -10 -13 -12
right_child=1 8 4 -5 -6 6 -8 -9 9 10 13 12 -14 -15
leaf_value=0.085819831399362723 -0.11985682970679692 0.05848364639258935 -0.012548398151004987 0.088510559209974041 0.12035394570563128 -0.046684586510087223 -0.32004858670134978 0.030222813289559822 -0.013514302766837858 0.078826914460488728 -0.0468693396892177 -0.024615928978613595 -0.23329333668809732 -4.2979253973348587e-05
leaf_weight=39364 20761 85996 30171 53643 75205 42777 9469 96051 406538 178908 338098 57117 36424 1555729
leaf_count=39364 20761 85996 30171 53643 75205 42777 9469 96051 406538 178908 338098 57117 36424 1555729
internal_value=1.14934e-06 -0.00113013 0.0268373 0.000589421 0.0823039 -0.0273119 -0.0962809 0.00354101 -0.00458119 -0.00668935 -0.000873339 -0.0307951 -0.105889 -0.00840293
internal_weight=3.02625e+06 2.98689e+06 328077 222701 105376 169058 52246 116812 2.65881e+06 2.57281e+06 2.07274e+06 500079 93541 1.89383e+06
internal_count=3026251 2986887 328077 222701 105376 169058 52246 116812 2658810 2572814 2072735 500079 93541 1893827
is_linear=0
shrinkage=0.02


Tree=116
num_leaves=15
num_cat=0
split_feature=7 7 7 9 1 9 7 7 9 9 7 7 5 7
split_gain=687183 1.10803e+06 1.13571e+06 1.83496e+06 1.35172e+06 1.09826e+06 910287 3.45574e+06 1.65254e+06 1.24956e+06 3.18066e+06 2.81377e+06 1.27006e+06 1.18164e+06
threshold=10886.141601562502 10817.519042968752 10789.720703125002 0.59157848358154308 47.881401062011726 -0.49586482346057886 12161.177246093752 12205.471191406252 -0.70459485054016102 -0.37912024557590479 10937.899902343752 10926.682617187502 0.06749999895691873 11019.284667968752
decision_type=2 2 2 2 2 2 2 2 2 2 2 2 2 2
left_child=1 2 4 5 -1 -4 9 -8 -9 11 -11 -2 -13 -14
right_child=6 -3 3 -5 -6 -7 7 8 -10 10 -12 12 13 -15
leaf_value=-0.11894457584732822 0.22233269635635947 0.080314274936628807 -0.060655840023374021 -0.30507979106531713 0.051114622807436394 0.19865266050538238 0.13733690984200603 0.1496561813916337 -0.009026351542215906 -0.14700010662440971 -0.013805213271745484 -0.0038569468483876956 0.24434839040085152 0.038894508505122834
leaf_weight=21464 24304 106477 41665 11043 144517 7738 83833 27679 505647 76124 1235230 683954 15368 41208
leaf_count=21464 24304 106477 41665 11043 144517 7738 83833 27679 505647 76124 1235230 683954 15368 41208
internal_value=1.10233e-06 0.0271088 0.00208654 -0.0721304 0.0291173 -0.0200079 -0.00334956 0.0179762 -0.000788223 -0.00968882 -0.0215382 0.0106277 0.00367668 0.0947366
internal_weight=3.02625e+06 332904 226427 60446 165981 49403 2.69335e+06 617159 533326 2.07619e+06 1.31135e+06 764834 740530 56576
internal_count=3026251 332904 226427 60446 165981 49403 2693347 617159 533326 2076188 1311354 764834 740530 56576
is_linear=0
shrinkage=0.02


Tree=117
num_leaves=15
num_cat=0
split_feature=17 16 5 4 17 4 4 4 4 3 4 5 1 4
split_gain=701292 629060 614963 745887 418325 413478 595670 388484 385220 377993 608173 461854 489112 546377
threshold=0.15741544216871264 -20.100000381469723 -0.027499999850988385 -278.60499572753901 0.38747973740100866 -170.61000061035153 -132.02500152587888 -192.72499847412107 -180.56000518798825 3.8851320743560795 239.73500061035159 0.037499999627470977 64.595775604248061 251.41500091552737
decision_type=2 2 2 2 2 2 2 2 2 2 2 2 2 2
left_child=-1 -2 3 -3 -5 7 -7 -4 -9 10 -8 12 13 -12
right_child=1 2 5 4 -6 6 9 8 -10 -11 11 -13 -14 -15
leaf_value=0.066203493668671287 0.025815230959601049 -0.21492130836549594 0.024623037956130682 -0.0021150518567279604 -0.033796250106747444 -0.074628909203117197 0.013780830877200794 0.3101963425320679 0.071188925857800345 -0.0064030288651122525 -0.022955571506826804 -0.0084610156883563343 -0.15179893458786922 -0.86148008786190999
leaf_weight=62669 304796 7831 26513 318215 350163 42044 819922 4417 6926 1068946 473 7158 5278 900
leaf_count=62669 304796 7831 26513 318215 350163 42044 819922 4417 6926 1068946 473 7158 5278 900
internal_value=1.11096e-06 -0.00139904 -0.0045189 -0.0209885 -0.0187131 0.00109855 -0.000175928 0.0665537 0.164452 0.00146965 0.0115634 -0.120013 -0.239872 -0.574877
internal_weight=3.02625e+06 2.96358e+06 2.65879e+06 676209 668378 1.98258e+06 1.94472e+06 37856 11343 1.90268e+06 833731 13809 6651 1373
internal_count=3026251 2963582 2658786 676209 668378 1982577 1944721 37856 11343 1902677 833731 13809 6651 1373
is_linear=0
shrinkage=0.02


Tree=118
num_leaves=15
num_cat=0
split_feature=17 16 5 17 17 13 3 16 13 17 17 17 8 6
split_gain=683625 657194 615928 533094 490862 446162 386912 355720 319772 1.03221e+06 713754 233914 245312 321592
threshold=0.2441612780094147 -18.100000381469723 -0.027499999850988385 0.52164843678474437 0.48025463521480566 -3.8999999761581416 3.6264623403549199 10.299999713897707 4.2999999523162851 0.6556764841079713 0.57601621747016918 0.59751692414283764 -0.98067668080329884 92.542503356933608
decision_type=2 2 2 2 2 2 2 2 2 2 2 2 2 2
left_child=7 3 4 -2 -3 -6 -4 -1 9 -8 -10 -7 -13 -14
right_child=1 2 6 -5 5 11 8 -9 10 -11 -12 12 13 -15
leaf_value=0.013011412626148135 0.0063200636346590136 -0.013545504565902254 0.010863906295969138 0.058271461013048864 -0.0073848255893386814 -0.057887100158187134 -0.0042485086547852944 0.061051314339666173 -0.012365851428676274 0.12245912841616019 -0.093560525506111547 -0.015255201607499297 -0.10254038271131365 -0.252197701637843
leaf_weight=167739 274266 446147 683868 110969 53408 71708 572795 97485 439169 26916 48035 6889 18523 8334
leaf_count=167739 274266 446147 683868 110969 53408 71708 572795 97485 439169 26916 48035 6889 18523 8334
internal_value=1.0311e-06 -0.00294517 -0.00687436 0.0212861 -0.024296 -0.0544846 -0.000921951 0.0306705 -0.00833746 0.00144025 -0.0203729 -0.0783355 -0.121756 -0.149058
internal_weight=3.02625e+06 2.76103e+06 2.37579e+06 385235 605009 158862 1.77078e+06 265224 1.08692e+06 599711 487204 105454 33746 26857
internal_count=3026251 2761027 2375792 385235 605009 158862 1770783 265224 1086915 599711 487204 105454 33746 26857
is_linear=0
shrinkage=0.02


Tree=119
num_leaves=15
num_cat=0
split_feature=0 13 9 0 8 8 0 6 0 4 0 8 8 8
split_gain=657249 611262 500970 606630 413907 377661 455010 579515 409384 668983 712617 697876 563096 510939
threshold=8272.5000000000018 -3.8999999761581416 0.53606674075126659 1143.5000000000002 0.65655234456062328 -0.95236524939537037 2347.5000000000005 116.38242721557619 928.50000000000011 125.25500106811525 4917.5000000000009 0.76719006896018993 0.66716274619102489 0.9509047567844392
decision_type=2 2 2 2 2 2 2 2 2 2 2 2 2 2
left_child=1 -1 5 -4 -5 6 -3 -8 -7 13 12 -12 -11 -10
right_child=-2 2 3 4 -6 8 7 -9 9 10 11 -13 -14 -15
leaf_value=0.01148763039073673 -0.15150567862610242 0.0033164701315051403 0.017816387181323876 -0.039777303667366558 0.43282256446407752 -0.021487644673862875 -0.074168589415871053 0.11579468631017627 0.02704050291738724 0.19758613923451737 -0.041552274001900542 0.069497629746939724 -0.045985966965828386 -0.0197247393356874
leaf_weight=1221303 11400 93717 98597 329432 733 218525 83510 6950 573984 3870 36798 58785 177031 111616
leaf_count=1221303 11400 93717 98597 329432 733 218525 83510 6950 573984 3870 36798 58785 177031 111616
internal_value=9.90952e-07 0.000574388 -0.00685691 -0.025715 -0.0387149 -0.000932291 -0.0275684 -0.0595624 0.00322317 0.0088361 -0.0174257 0.026745 -0.0407645 0.0194269
internal_weight=3.02625e+06 3.01485e+06 1.79355e+06 428762 330165 1.36479e+06 184177 90460 1.18061e+06 962084 276484 95583 180901 685600
internal_count=3026251 3014851 1793548 428762 330165 1364786 184177 90460 1180609 962084 276484 95583 180901 685600
is_linear=0
shrinkage=0.02


Tree=120
num_leaves=15
num_cat=0
split_feature=13 14 9 14 8 6 4 8 8 8 6 4 5 4
split_gain=606524 919481 563176 818402 420499 455236 444097 910547 475662 500704 436776 396844 380037 980002
threshold=-9.0999999046325666 0.6303839683532716 0.53606674075126659 0.64059123396873485 -0.95236524939537037 115.0654640197754 182.47499847412112 0.99833258986473095 0.88779377937316906 0.67504784464836132 88.027694702148452 -253.69499969482419 0.06749999895691873 251.41500091552737
decision_type=2 2 2 2 2 2 2 2 2 2 2 2 2 2
left_child=1 -1 4 -4 5 -2 -6 8 9 10 -8 -7 13 -11
right_child=2 -3 3 -5 6 11 7 -9 -10 12 -12 -13 -14 -15
leaf_value=0.0020378784824178868 -0.033601210469068138 0.049331961079503286 -0.011930319445426092 -0.076895116382090525 0.0072243308980241604 -0.45857592992456242 -0.057095211336325752 0.28529472112109916 0.019582109595754786 -0.069068217939785667 0.41407345726118461 0.10087125035382551 0.025874336890797767 -0.29204046666060912
leaf_weight=639153 203119 221380 424670 94891 1320280 516 1605 3428 31409 50020 1530 14322 10575 9353
leaf_count=639153 203119 221380 424670 94891 1320280 516 1605 3428 31409 50020 1530 14322 10575 9353
internal_value=1.00295e-06 0.0142052 -0.00564295 -0.0237966 8.68e-05 -0.0257879 0.00403569 -0.0349706 -0.0455038 -0.0734751 0.173432 0.0811191 -0.0845647 -0.104237
internal_weight=3.02625e+06 860533 2.16572e+06 519561 1.64616e+06 217957 1.4282e+06 107920 104492 73083 3135 14838 69948 59373
internal_count=3026251 860533 2165718 519561 1646157 217957 1428200 107920 104492 73083 3135 14838 69948 59373
is_linear=0
shrinkage=0.02


Tree=121
num_leaves=15
num_cat=0
split_feature=0 9 16 9 0 4 6 4 4 1 9 0 9 4
split_gain=623450 582308 551032 479775 760822 557784 617744 948363 506190 392882 489406 898317 622589 536499
threshold=8272.5000000000018 0.8301217555999757 -22.100000381469723 -0.72443613409996022 1380.5000000000002 19.134999275207523 102.77860260009767 101.814998626709 154.1549987792969 80.724102020263686 0.53606674075126659 2584.5000000000005 0.70082291960716259 -36.164999008178704
decision_type=2 2 2 2 2 2 2 2 2 2 2 2 2 2
left_child=1 2 -1 4 -4 -6 8 -8 -7 -5 -11 -12 13 -13
right_child=-2 -3 3 9 5 6 7 -9 -10 10 11 12 -14 -15
leaf_value=0.033061121566932923 -0.14755876147743693 -0.17160294722194624 -0.039500072213132814 0.0068754991345657624 0.51516965249639923 0.081447354684859377 0.028151499800854411 0.37236138313929629 -0.097087443012287875 -0.0025587766898333688 0.00066370504402428379 -0.072177217206492658 0.014120203192821566 -0.40329159599088749
leaf_weight=200240 11400 7828 26029 1058437 1216 27921 6324 6479 8213 1265191 212426 154847 37727 1973
leaf_count=200240 11400 7828 26029 1058437 1216 27921 6324 6479 8213 1265191 212426 154847 37727 1973
internal_value=9.76608e-07 0.000559436 0.00100819 -0.00127861 0.0482229 0.0937495 0.0831745 0.202496 0.0408515 -0.00265985 -0.0086955 -0.0277727 -0.0588209 -0.0763686
internal_weight=3.02625e+06 3.01485e+06 3.00702e+06 2.80678e+06 76182 50153 48937 12803 36134 2.7306e+06 1.67216e+06 406973 194547 156820
internal_count=3026251 3014851 3007023 2806783 76182 50153 48937 12803 36134 2730601 1672164 406973 194547 156820
is_linear=0
shrinkage=0.02


Tree=122
num_leaves=15
num_cat=0
split_feature=7 0 7 4 4 4 7 7 7 4 0 0 7 7
split_gain=648881 1.11046e+06 2.01972e+06 1.43979e+06 985183 939891 921296 860388 3.29191e+06 2.10137e+06 2.03336e+06 1.416e+06 1.0881e+06 985924
threshold=10886.141601562502 3393.5000000000005 10879.343750000002 -150.31500244140622 148.09500122070315 61.204999923706062 10825.674316406252 12161.177246093752 12205.471191406252 -218.04499816894528 6012.5000000000009 1201.5000000000002 12035.318359375002 11577.411621093752
decision_type=2 2 2 2 2 2 2 2 2 2 2 2 2 2
left_child=1 3 -3 6 5 -4 -1 9 10 -2 11 -9 13 -11
right_child=7 2 4 -5 -6 -7 -8 8 -10 12 -12 -13 -14 -15
leaf_value=0.084701314238931777 -0.15254224960575199 0.067101839915146122 -0.22255679539271764 -0.0032607228466323504 -0.011760006750393908 1.0785302856067818 0.86420229752477318 -0.033203039012857601 -0.00083618899420195413 -0.0094073970823767335 0.6850268534592745 0.16295631403125288 -0.052825678169464992 0.02666621141730309
leaf_weight=1182 40228 100439 256 227599 661 1526 1241 19303 533326 1469072 2586 61944 185075 381813
leaf_count=1182 40228 100439 256 227599 661 1526 1241 19303 533326 1469072 2586 61944 185075 381813
internal_value=9.64881e-07 0.0263424 0.080957 0.00191239 0.647979 0.891408 0.485862 -0.00325498 0.017478 -0.00941804 0.133975 0.116353 -0.00658934 -0.00196578
internal_weight=3.02625e+06 332904 102882 230022 2443 1782 2423 2.69335e+06 617159 2.07619e+06 83833 81247 2.03596e+06 1.85088e+06
internal_count=3026251 332904 102882 230022 2443 1782 2423 2693347 617159 2076188 83833 81247 2035960 1850885
is_linear=0
shrinkage=0.02


Tree=123
num_leaves=15
num_cat=0
split_feature=17 0 16 5 4 0 0 4 17 5 0 4 5 1
split_gain=656002 590231 536375 508557 660916 809876 645858 567201 493255 414613 562774 544321 1.57383e+06 650511
threshold=0.13067046552896502 8272.5000000000018 -22.100000381469723 -0.027499999850988385 -170.61000061035153 4225.5000000000009 1618.5000000000002 -132.02500152587888 0.33010518550872808 0.082499999552965178 4880.5000000000009 251.41500091552737 0.047500001266598708 64.595775604248061
decision_type=2 2 2 2 2 2 2 2 2 2 2 2 2 2
left_child=-1 2 -2 6 5 -5 -4 -6 -8 11 -11 -9 13 -13
right_child=1 -3 3 4 7 -7 8 9 -10 10 -12 12 -14 -15
leaf_value=0.081103605386252456 0.031390942289872131 -0.14481625319176222 0.0094004859959630604 0.32114175629966984 -0.070233755013771798 0.048755302406510749 0.0027564926064820258 0.001938945968715466 -0.043469597119575425 0.040285603741954716 0.28450866276431319 -0.60368066236285711 0.14804656819501219 -0.1881444011302234
leaf_weight=39364 196772 11372 238295 5037 44115 32417 126333 1933942 343051 35012 4221 1821 5865 8634
leaf_count=39364 196772 11372 238295 5037 44115 32417 126333 1933942 343051 35012 4221 1821 5865 8634
internal_value=1.10941e-06 -0.001068 -0.000518119 -0.00277782 0.00222365 0.0854637 -0.0174148 0.000690157 -0.0310282 0.00226318 0.0666274 0.00096803 -0.114016 -0.26103
internal_weight=3.02625e+06 2.98689e+06 2.97552e+06 2.77874e+06 2.07106e+06 37454 707679 2.03361e+06 469384 1.9895e+06 39233 1.95026e+06 16320 10455
internal_count=3026251 2986887 2975515 2778743 2071064 37454 707679 2033610 469384 1989495 39233 1950262 16320 10455
is_linear=0
shrinkage=0.02


Tree=124
num_leaves=15
num_cat=0
split_feature=17 13 17 17 9 18 17 17 18 3 9 9 6 3
split_gain=633008 590057 1.23428e+06 993137 908581 372685 346938 286206 280637 263649 236496 219302 213900 182598
threshold=0.25187316536903387 1.8999999761581423 0.6130577325820924 0.56082338094711315 0.20045207440853122 0.074728172272443785 0.11005010083317758 0.67859971523284923 0.082886975258588805 5.6171190738677987 -0.32445363700389857 -0.55296459794044484 75.632640838623061 3.9993946552276616
decision_type=2 2 2 2 2 2 2 2 2 2 2 2 2 2
left_child=6 2 10 13 9 11 -1 -6 -8 -5 -2 -4 -9 -3
right_child=1 3 5 4 7 -7 8 12 -10 -11 -12 -13 -14 -15
leaf_value=0.09508487747466815 0.0091472506170293139 0.0025900145905155885 0.16774842000374704 -0.0050489212764162662 -0.09757811987171533 0.032412586083486579 0.010829521166153957 -0.088121169505730901 0.062396441815116978 -0.079695943502341104 -0.0078909786452318574 0.078777245576357166 -0.2527539823180498 -0.013634312999524894
leaf_weight=27638 595970 504004 14443 74957 42015 71047 220013 4645 52230 25310 718967 47737 9945 617330
leaf_count=27638 595970 504004 14443 74957 42015 71047 220013 4645 52230 25310 718967 47737 9945 617330
internal_value=1.0824e-06 -0.00303259 0.00570869 -0.0129361 -0.0600679 0.0637137 0.027581 -0.124121 0.0207247 -0.023898 -0.000168702 0.0994672 -0.200438 -0.00634202
internal_weight=3.02625e+06 2.72637e+06 1.44816e+06 1.27821e+06 156872 133227 299881 56605 272243 100267 1.31494e+06 62180 14590 1.12133e+06
internal_count=3026251 2726370 1448164 1278206 156872 133227 299881 56605 272243 100267 1314937 62180 14590 1121334
is_linear=0
shrinkage=0.02


Tree=125
num_leaves=15
num_cat=0
split_feature=17 13 14 17 9 9 14 14 8 17 9 14 17 3
split_gain=609615 571008 1.20803e+06 999335 872626 498167 353014 288453 282884 278231 266754 263255 254312 253909
threshold=0.20223365724086764 1.8999999761581423 0.70381551980972301 0.56082338094711315 0.20045207440853122 -0.55296459794044484 0.66119197010993969 0.61104625463485729 -0.95664271712303151 0.078702233731746687 -0.6304970085620879 0.61104625463485729 0.62979054450988781 5.3494839668273935
decision_type=2 2 2 2 2 2 2 2 2 2 2 2 2 2
left_child=8 2 11 7 13 12 -6 -3 -1 -10 -9 -2 -4 -5
right_child=1 3 5 4 6 -7 -8 10 9 -11 -12 -13 -14 -15
leaf_value=-0.053210765243750562 -0.003757319026721767 0.00039134402501756643 0.085936781904315862 -0.0033990323488067137 -0.075805624559031282 0.037348749506995391 -0.17610964221144415 0.015052969877987914 0.13143852184393734 0.039390449203655122 -0.032236757153221891 0.017794594694261298 0.19172694901227977 -0.074010100435975557
leaf_weight=11461 1107627 904953 29623 71845 30752 103893 25853 60101 14963 107221 231369 285040 13128 28422
leaf_count=11461 1107627 904953 29623 71845 30752 103893 25853 60101 14963 107221 231369 285040 13128 28422
internal_value=1.05509e-06 -0.00192847 0.00640332 -0.0114055 -0.0588672 0.0610018 -0.12164 -0.00518196 0.0417607 0.0506729 -0.0224854 0.000653837 0.118461 -0.0234203
internal_weight=3.02625e+06 2.89261e+06 1.53931e+06 1.3533e+06 156872 146644 56605 1.19642e+06 133645 122184 291470 1.39267e+06 42751 100267
internal_count=3026251 2892606 1539311 1353295 156872 146644 56605 1196423 133645 122184 291470 1392667 42751 100267
is_linear=0
shrinkage=0.02


Tree=126
num_leaves=15
num_cat=0
split_feature=7 0 7 7 8 7 7 0 0 7 7 7 8 7
split_gain=613096 1.06735e+06 1.94016e+06 1.08237e+06 989717 819487 3.13693e+06 1.94577e+06 1.35968e+06 1.14755e+06 1.10243e+06 2.7357e+06 2.02774e+06 2.15755e+06
threshold=10886.141601562502 3393.5000000000005 10879.343750000002 10817.519042968752 0.93289250135421764 12161.177246093752 12205.471191406252 6012.5000000000009 1220.5000000000002 12035.318359375002 11577.411621093752 11440.685058593752 -0.70585528016090382 11335.093261718752
decision_type=2 2 2 2 2 2 2 2 2 2 2 2 2 2
left_child=1 3 -3 -1 -4 9 7 8 -7 10 11 12 -2 -14
right_child=5 2 4 -5 -6 6 -8 -9 -10 -11 -12 -13 13 -15
leaf_value=-0.029575403834785567 -0.032308642969636862 0.065570316531467013 0.0053449374869362345 0.061918044405968001 0.89129108008285818 -0.031666543774811429 -0.00080754160506303868 0.66984407306452198 0.15963953117543281 -0.055822945013638617 0.025881282106523108 -0.11559940127514239 0.0013477796151850064 0.090159813834460159
leaf_weight=151510 616243 100439 710 78512 1733 19573 533326 2586 61674 191506 382355 95736 659166 131182
leaf_count=151510 616243 100439 710 78512 1733 19573 533326 2586 61674 191506 382355 95736 659166 131182
internal_value=1.04062e-06 0.0256058 0.0791498 0.00165474 0.634891 -0.00316385 0.0170703 0.130792 0.113554 -0.00917864 -0.00443875 -0.0121556 -0.00511416 0.0160898
internal_weight=3.02625e+06 332904 102882 230022 2443 2.69335e+06 617159 83833 81247 2.07619e+06 1.88468e+06 1.50233e+06 1.40659e+06 790348
internal_count=3026251 332904 102882 230022 2443 2693347 617159 83833 81247 2076188 1884682 1502327 1406591 790348
is_linear=0
shrinkage=0.02


Tree=127
num_leaves=15
num_cat=0
split_feature=7 7 7 8 8 8 7 7 8 8 7 7 7 7
split_gain=588841 1.01175e+06 1.09075e+06 1.21882e+06 863448 840212 787052 3.0128e+06 1.13936e+06 3.15293e+06 1.35138e+06 1.10211e+06 1.05878e+06 2.62738e+06
threshold=10886.141601562502 10817.519042968752 10789.720703125002 0.86839920282363903 -0.80775526165962208 0.50153240561485302 12161.177246093752 12202.979980468752 -0.85837611556053151 -0.99216195940971363 12183.938476562502 12035.318359375002 11577.411621093752 11440.685058593752
decision_type=2 2 2 2 2 2 2 2 2 2 2 2 2 2
left_child=1 2 4 5 -1 -4 11 8 9 -8 -10 12 13 -2
right_child=6 -3 3 -5 -6 -7 7 -9 10 -11 -12 -13 -14 -15
leaf_value=-0.10718323830498068 -0.0050118715353615808 0.075935607585796039 -0.25037501439971627 0.18194900205950401 0.04310117498931746 -0.060779852667421128 0.02664241835675989 0.00075805680863770943 0.23184874904917319 0.54835364928044894 0.018445799413627985 -0.054706544431891317 0.025363670049131492 -0.1132876546013341
leaf_weight=17032 1406591 106477 12049 6732 148949 41665 9789 545863 18038 8790 34679 191506 382355 95736
leaf_count=17032 1406591 106477 12049 6732 148949 41665 9789 545863 18038 8790 34679 191506 382355 95736
internal_value=1.13277e-06 0.0250943 0.0011839 -0.0715491 0.0276742 -0.103348 -0.00310052 0.0167292 0.138991 0.273635 0.0914957 -0.00899508 -0.00434998 -0.0119125
internal_weight=3.02625e+06 332904 226427 60446 165981 53714 2.69335e+06 617159 71296 18579 52717 2.07619e+06 1.88468e+06 1.50233e+06
internal_count=3026251 332904 226427 60446 165981 53714 2693347 617159 71296 18579 52717 2076188 1884682 1502327
is_linear=0
shrinkage=0.02


Tree=128
num_leaves=15
num_cat=0
split_feature=0 7 7 7 7 7 7 8 9 0 7 9 8 0
split_gain=573970 675371 634904 3.55827e+06 1.79466e+06 2.38851e+06 3.6213e+06 3.07493e+06 2.66593e+06 1.78321e+06 1.73323e+06 2.71199e+06 1.68415e+06 1.63092e+06
threshold=8272.5000000000018 10676.426269531252 11200.229980468752 11281.717285156252 11128.710937500002 11008.638671875002 10993.161621093752 -0.93786895275115956 -0.64436650276184071 3327.5000000000005 11228.336914062502 0.5769755244255067 -0.70585528016090382 2107.5000000000005
decision_type=2 2 2 2 2 2 2 2 2 2 2 2 2 2
left_child=2 -2 4 10 5 6 -1 -7 -8 -9 -4 -12 -11 -13
right_child=1 -3 3 -5 -6 7 8 9 -10 12 11 13 -14 -15
leaf_value=0.0016501815636270284 0.31285991799561902 -0.19356568149637607 -0.058896299047843784 0.0029847038526601595 0.054490956801535262 0.21615573059538767 0.44165670660947243 -0.058695557549550914 0.080414451969664485 -0.41544598923048187 0.010421284081528641 -0.052615205384654362 -0.1324107047198009 -0.4503101508047041
leaf_weight=691174 1165 10235 167471 1653726 297618 12671 12625 82487 23150 12392 13463 5515 26172 16387
leaf_count=691174 1165 10235 167471 1653726 297618 12671 12625 82487 23150 12392 13463 5515 26172 16387
internal_value=1.14746e-06 -0.141582 0.000536987 -0.00671244 0.0121567 -0.00248283 0.0118072 -0.0801625 0.207985 -0.111195 -0.0857698 -0.212976 -0.223445 -0.35024
internal_weight=3.02625e+06 11400 3.01485e+06 1.85656e+06 1.15829e+06 860671 726949 133722 35775 121051 202836 35365 38564 21902
internal_count=3026251 11400 3014851 1856562 1158289 860671 726949 133722 35775 121051 202836 35365 38564 21902
is_linear=0
shrinkage=0.02


Tree=129
num_leaves=15
num_cat=0
split_feature=0 8 0 0 10 14 0 8 11 14 8 0 8 1
split_gain=551224 438358 588343 746713 362037 639322 312018 417005 278431 268002 630043 286057 275789 257492
threshold=8272.5000000000018 -0.99445033073425282 5547.5000000000009 2367.5000000000005 1.5000000000000002 0.78789594769477855 6404.5000000000009 -0.94008481502532948 0.77455627918243419 0.71337804198265087 1.0000000180025095e-35 2745.5000000000005 0.77619159221649181 117.47762680053712
decision_type=2 2 2 2 2 2 2 2 2 2 2 2 2 2
left_child=1 2 3 -1 5 6 8 -8 -3 -6 11 -11 -12 -5
right_child=-2 4 -4 13 9 -7 7 -9 -10 10 12 -13 -14 -15
leaf_value=0.0034935585063153736 -0.13874818071340717 -0.0018818512036726449 0.26368675506873224 -0.085954295864384758 -0.0024328666308961761 0.089252412601042871 0.41576309359727426 0.059202109095385959 0.015967983680241566 -0.044020759811331744 0.069941879250656369 -0.14940312976926878 -0.023090627075270556 0.044298353631747889
leaf_weight=103320 11400 788933 2705 80166 1242714 38991 1392 20563 627618 20712 18202 20517 42456 6562
leaf_count=103320 11400 788933 2705 80166 1242714 38991 1392 20563 627618 20712 18202 20517 42456 6562
internal_value=1.10857e-06 0.000526224 -0.0286538 -0.0328285 0.00251936 0.009353 0.00718669 0.0819888 0.00602675 -0.0049897 -0.0361718 -0.0964867 0.00483278 -0.0760949
internal_weight=3.02625e+06 3.01485e+06 192753 190048 2.8221e+06 1.4775e+06 1.43851e+06 21955 1.41655e+06 1.3446e+06 101887 41229 60658 86728
internal_count=3026251 3014851 192753 190048 2822098 1477497 1438506 21955 1416551 1344601 101887 41229 60658 86728
is_linear=0
shrinkage=0.02


Tree=130
num_leaves=15
num_cat=0
split_feature=17 7 7 7 7 7 8 8 8 7 8 5 7 1
split_gain=569547 565052 3.32193e+06 1.87856e+06 2.40601e+06 3.5483e+06 3.02028e+06 2.58498e+06 1.70497e+06 1.66361e+06 2.51091e+06 1.37369e+06 1.21094e+06 1.20028e+06
threshold=0.11005010083317758 11200.229980468752 11281.717285156252 11128.710937500002 11008.638671875002 10993.161621093752 -0.93786895275115956 -0.75219753384590138 -0.68419089913368214 11228.336914062502 0.6083776354789735 0.052500000223517425 11248.801757812502 76.100341796875014
decision_type=2 2 2 2 2 2 2 2 2 2 2 2 2 2
left_child=-1 3 9 4 5 -2 -6 -7 13 -3 12 -9 -11 -8
right_child=1 2 -4 -5 6 7 8 11 -10 10 -12 -13 -14 -15
leaf_value=0.090359820710659275 -0.00050626220010798145 -0.057744518568182863 0.0017383636183660148 0.053453141342917454 0.21122389108681761 -0.13939507874526322 -0.067778728955727077 0.21228135621023941 -0.055161030649117156 -0.25146834808521595 0.010698389291778625 0.54097465102224329 -0.59014787119910739 -0.28376481761092343
leaf_weight=27638 692531 167463 1635761 297298 12671 7032 15673 22016 76183 16562 13122 6616 5675 30010
leaf_count=27638 692531 167463 1635761 297298 12671 7032 15673 22016 76183 16562 13122 6616 5675 30010
internal_value=1.12048e-06 -0.000832001 -0.00772815 0.010098 -0.00484269 0.00951375 -0.0825434 0.204031 -0.113103 -0.084072 -0.208709 0.288396 -0.338128 -0.209695
internal_weight=3.02625e+06 2.99861e+06 1.83858e+06 1.16003e+06 862732 728195 134537 35664 121866 202822 35359 28632 22237 45683
internal_count=3026251 2998613 1838583 1160030 862732 728195 134537 35664 121866 202822 35359 28632 22237 45683
is_linear=0
shrinkage=0.02


Tree=131
num_leaves=15
num_cat=0
split_feature=7 0 7 4 4 9 4 7 7 0 4 4 7 7
split_gain=562160 1.01898e+06 1.85803e+06 1.37279e+06 933191 879683 876417 811726 1.24292e+06 1.35471e+06 1.24246e+06 986461 831912 1.9271e+06
threshold=10886.141601562502 3393.5000000000005 10879.343750000002 -150.31500244140622 148.09500122070315 0.65512093901634227 61.204999923706062 10626.541503906252 10676.426269531252 6648.5000000000009 89.125000000000014 -218.04499816894528 10789.720703125002 10728.651367187502
decision_type=2 2 2 2 2 2 2 2 2 2 2 2 2 2
left_child=1 3 7 5 6 -1 -4 -3 10 11 -9 -10 13 -13
right_child=-2 2 4 -5 -6 -7 -8 8 9 -11 -12 12 -14 -15
leaf_value=0.84336803884529143 -0.0030294920904196279 -0.065538205964818588 -0.21798471902546129 -0.0039342708105149886 -0.021260921208385027 0.08168515257472711 1.0383043189843495 -0.44004714582384247 0.55117298030935213 -0.20213583653343281 0.34643892313316033 0.020003145736347046 0.013887551277193636 0.36921125128202353
leaf_weight=1241 2693347 16313 256 227599 661 1182 1526 863 1772 7181 10283 15722 37742 10563
leaf_count=1241 2693347 16313 256 227599 661 1182 1526 863 1772 7181 10283 15722 37742 10563
internal_value=1.07633e-06 0.0245192 0.076836 0.001117 0.620687 0.473671 0.857607 0.0635472 0.0885834 0.0585192 0.285202 0.0869926 0.0740616 0.160425
internal_weight=3.02625e+06 332904 102882 230022 2443 2423 1782 100439 84126 72980 11146 65799 64027 26285
internal_count=3026251 332904 102882 230022 2443 2423 1782 100439 84126 72980 11146 65799 64027 26285
is_linear=0
shrinkage=0.02


Tree=132
num_leaves=15
num_cat=0
split_feature=7 6 0 9 7 7 7 9 7 7 7 0 9 7
split_gain=539954 1.08739e+06 997978 827834 2.1688e+06 1.53346e+06 1.17037e+06 1.15748e+06 2.73175e+06 1.54343e+06 1.01233e+06 978154 951963 1.65823e+06
threshold=10886.141601562502 50.552278518676765 1480.5000000000002 -0.51891005039215077 10689.769531250002 10626.541503906252 10858.977050781252 0.40147879719734197 10782.446289062502 10706.830566406252 10640.863281250002 5917.5000000000009 0.60120347142219555 10761.730957031252
decision_type=2 2 2 2 2 2 2 2 2 2 2 2 2 2
left_child=1 -1 -3 4 5 -4 11 -5 9 -9 -7 -6 -11 -14
right_child=-2 2 3 7 6 10 -8 8 -10 12 -12 -13 13 -15
leaf_value=-0.10710781750427999 -0.0029689024672417169 -0.019458296015305371 -0.016048271335340553 0.15481991908089623 -0.053464718859712206 0.46903274835868408 0.32480471277531381 -0.05158046491078231 -0.19679567454292357 -0.098302444460567961 0.1585850173829455 -0.37365801334847221 0.6118480019608179 0.14606364736179894
leaf_weight=23497 2693347 96253 19613 60683 56760 5072 3067 9613 14997 2320 24400 4082 5277 7270
leaf_count=23497 2693347 96253 19613 60683 56760 5072 3067 9613 14997 2320 24400 4082 5277 7270
internal_value=1.20747e-06 0.0240302 0.0339923 0.0581286 0.0210167 0.120985 -0.0557702 0.0999893 0.0156869 0.145886 0.212153 -0.0750053 0.273519 0.342295
internal_weight=3.02625e+06 332904 309407 213154 112994 49085 63909 100160 39477 24480 29472 60842 14867 12547
internal_count=3026251 332904 309407 213154 112994 49085 63909 100160 39477 24480 29472 60842 14867 12547
is_linear=0
shrinkage=0.02


Tree=133
num_leaves=15
num_cat=0
split_feature=17 16 9 6 17 9 0 6 8 0 8 17 0 9
split_gain=556569 554118 482056 713784 461900 457799 445403 401013 385490 370975 466743 443753 339385 300206
threshold=0.25187316536903387 -18.100000381469723 -0.71208626031875599 123.9750328063965 0.50463116168975841 0.8301217555999757 8272.5000000000018 75.632640838623061 -0.62652868032455433 1773.5000000000002 -0.96114355325698841 0.11005010083317758 1578.5000000000002 0.60596671700477611
decision_type=2 2 2 2 2 2 2 2 2 2 2 2 2 2
left_child=9 4 3 8 -2 6 7 -4 -3 -1 -11 -12 -6 -9
right_child=1 2 5 -5 12 -7 -8 13 -10 10 11 -13 -14 -15
leaf_value=-0.0032319454489568027 0.0041934496239847711 0.28567078081636482 0.0078616539534394972 0.25566879329340708 0.0039163430180286438 -0.16779660206203884 -0.14690221892765484 -0.0075182178930609132 0.017279146022156255 -0.062142473318395314 0.14919775816933098 0.041717471015932671 0.074261041267455599 -0.02778201921876779
leaf_weight=110630 256486 2186 535213 5658 40852 7167 9161 1325952 84983 15532 17029 156690 83526 375186
leaf_count=110630 256486 2186 535213 5658 40852 7167 9161 1325952 84983 15532 17029 156690 83526 375186
internal_value=1.2453e-06 -0.00284337 -0.00647672 0.0381864 0.0195318 -0.00831735 -0.00780758 -0.00723713 0.024042 0.0258624 0.0428693 0.0522614 0.0511586 -0.0119875
internal_weight=3.02625e+06 2.72637e+06 2.34551e+06 92827 380864 2.25268e+06 2.24551e+06 2.23635e+06 87169 299881 189251 173719 124378 1.70114e+06
internal_count=3026251 2726370 2345506 92827 380864 2252679 2245512 2236351 87169 299881 189251 173719 124378 1701138
is_linear=0
shrinkage=0.02


Tree=134
num_leaves=15
num_cat=0
split_feature=16 3 10 14 14 8 6 6 8 8 8 3 8 8
split_gain=483254 355040 282407 545462 382227 441752 271148 215835 202992 179516 322852 558999 305178 413064
threshold=-22.100000381469723 3.6264623403549199 2.3000000715255742 0.78789594769477855 0.69811075925827037 1.0000000180025095e-35 32.744432449340827 75.632640838623061 0.77619159221649181 -0.95664271712303151 -0.84077408909797657 2.028323888778687 -0.71208626031875599 0.75427865982055675
decision_type=2 2 2 2 2 2 2 2 2 2 2 2 2 2
left_child=-1 6 3 7 -4 -6 -2 -3 -7 -8 11 -11 -12 -14
right_child=1 2 4 -5 5 8 9 -9 -10 10 12 -13 13 -15
leaf_value=0.029959385592032248 -0.093246188455279141 0.01844132790925217 -0.011557445375466067 0.087986039701766952 -0.1033518039157746 0.049534632002948865 -0.0174791242010735 -0.0072497461654318623 -0.041866611953740654 0.16049223898003451 -0.014179824285591055 0.024695301258144692 0.037305042717777556 0.0030515352136003455
leaf_weight=201060 10678 158203 733876 27253 41222 14308 100105 754986 30252 14541 207406 72772 203767 455822
leaf_count=201060 10678 158203 733876 27253 41222 14308 100105 754986 30252 14541 207406 72772 203767 455822
internal_value=1.2487e-06 -0.00213087 -0.00764616 -0.000167013 -0.0162273 -0.0561723 0.00698331 -0.00279879 -0.0125131 0.00799923 0.010672 0.0473268 0.00698009 0.0136339
internal_weight=3.02625e+06 2.82519e+06 1.7601e+06 940442 819658 85782 1.06509e+06 913189 44560 1.05441e+06 954308 87313 866995 659589
internal_count=3026251 2825191 1760100 940442 819658 85782 1065091 913189 44560 1054413 954308 87313 866995 659589
is_linear=0
shrinkage=0.02


Tree=135
num_leaves=15
num_cat=0
split_feature=17 7 7 7 7 8 7 8 0 0 8 7 8 8
split_gain=533997 532530 2.93594e+06 1.8662e+06 2.11973e+06 3.30224e+06 1.56187e+06 2.35512e+06 1.61761e+06 1.29159e+06 1.5404e+06 1.16278e+06 1.72105e+06 1.05887e+06
threshold=0.25187316536903387 11200.229980468752 11281.717285156252 11128.710937500002 11021.642089843752 -0.84077408909797657 11228.336914062502 0.6083776354789735 2107.5000000000005 3131.5000000000005 -0.71208626031875599 11037.683593750002 0.88256284594535839 -0.79548987746238697
decision_type=2 2 2 2 2 2 2 2 2 2 2 2 2 2
left_child=-1 3 6 4 13 -6 -3 8 -8 -7 -11 -12 -13 -2
right_child=1 2 -4 -5 5 9 7 -9 -10 10 11 12 -14 -15
leaf_value=0.02533251632509104 -0.054106237389603198 -0.056662144484318062 -0.00019722777927954943 0.053282632255456423 0.20770383442694543 -0.079043291471163638 -0.041297149803599283 0.012195968776303967 -0.43378826648685492 -0.43627231908509767 0.044141915040096652 -0.47305954688265217 -0.0085013371579289541 0.014981568621847888
leaf_weight=299881 104227 159433 1463682 273542 12410 50201 5688 12610 16074 10778 8182 6972 5874 596697
leaf_count=299881 104227 159433 1463682 273542 12410 50201 5688 12610 16074 10778 8182 6972 5874 596697
internal_value=1.23182e-06 -0.0027851 -0.00988331 0.00822186 -0.00727637 -0.0962331 -0.083032 -0.205295 -0.331269 -0.142247 -0.241949 -0.142186 -0.260808 0.0047076
internal_weight=3.02625e+06 2.72637e+06 1.65749e+06 1.06888e+06 795341 94417 193805 34372 21762 82007 31806 21028 12846 700924
internal_count=3026251 2726370 1657487 1068883 795341 94417 193805 34372 21762 82007 31806 21028 12846 700924
is_linear=0
shrinkage=0.02


Tree=136
num_leaves=15
num_cat=0
split_feature=17 0 5 0 4 8 8 6 0 8 5 16 5 4
split_gain=519731 490773 485753 485871 462822 2.65164e+06 2.756e+06 1.21985e+06 1.07639e+06 733438 638966 408584 396423 639621
threshold=0.1455325856804848 8272.5000000000018 0.082499999552965178 4880.5000000000009 251.41500091552737 0.75427865982055675 0.7692478895187379 107.80378723144533 5269.5000000000009 0.95892572402954113 0.032499999739229686 -22.100000381469723 -0.027499999850988385 -170.61000061035153
decision_type=2 2 2 2 2 2 2 2 2 2 2 2 2 2
left_child=-1 2 4 -4 11 -6 10 9 -9 -8 -7 -2 -13 -14
right_child=1 -3 3 -5 5 6 7 8 -10 -11 -12 12 13 -15
leaf_value=0.063267822837082321 0.027306492163500191 -0.13221447137583323 0.042872893409229652 0.25999772557069922 0.30746011578487847 -1.1724755790506189 -0.071830478141917287 -1.0029209765602141 -0.090017244325703002 0.63934422814941405 -0.40220126668793604 -0.015841369080132232 0.083870205073847265 4.4487118202948903e-05
leaf_weight=51052 191276 11363 38019 4615 4586 1372 8058 1058 1005 615 647 704773 37086 1970726
leaf_count=51052 191276 11363 38019 4615 4586 1372 8058 1058 1005 615 647 704773 37086 1970726
internal_value=1.12568e-06 -0.00108468 -0.000581494 0.0664319 -0.00155976 -0.104546 -0.252808 -0.124925 -0.560785 -0.0207207 -0.928845 -0.000944393 -0.00293659 0.00159324
internal_weight=3.02625e+06 2.9752e+06 2.96384e+06 42634 2.9212e+06 17341 12755 10736 2063 8673 2019 2.90386e+06 2.71258e+06 2.00781e+06
internal_count=3026251 2975199 2963836 42634 2921202 17341 12755 10736 2063 8673 2019 2903861 2712585 2007812
is_linear=0
shrinkage=0.02


Tree=137
num_leaves=15
num_cat=0
split_feature=7 7 8 4 8 4 8 4 7 7 0 4 7 4
split_gain=520854 3.35779e+06 1.57268e+06 1.32543e+06 951424 816941 2.38142e+06 773870 1.14304e+06 1.09421e+06 679223 1.50126e+06 1.69886e+06 1.46037e+06
threshold=12683.662597656252 12665.208007812502 0.80688521265983593 -79.244998931884751 -0.73163655400276173 9.0650000572204608 0.72930297255516063 26.994999885559086 12778.510742187502 12778.510742187502 2925.5000000000005 72.014999389648452 12732.157714843752 25.744999885559086
decision_type=2 2 2 2 2 2 2 2 2 2 2 2 2 2
left_child=1 -1 7 4 -3 -5 -7 9 -9 -2 -4 13 -13 -12
right_child=2 3 10 5 -6 6 -8 8 -10 -11 11 12 -14 -15
leaf_value=-7.6223827124387392e-05 -0.082578257247679185 -0.019445967454836316 -0.056166222569555141 0.039077784404773476 0.83800717124836055 0.67161582535009412 0.08292012429527619 0.27597309543613724 -0.027681723943829364 0.073544954740969712 0.11958645884494443 -0.54965053727450319 -0.075724812767206745 -1.0041722836048144
leaf_weight=2850204 41371 674 32892 9099 2214 4233 7814 10031 9793 31712 644 3543 20413 1614
leaf_count=2850204 41371 674 32892 9099 2214 4233 7814 10031 9793 31712 644 3543 20413 1614
internal_value=1.00646e-06 0.00190922 -0.0360769 0.237267 0.638512 0.182191 0.290159 0.0152339 0.126029 -0.0148326 -0.11672 -0.192649 -0.146018 -0.684544
internal_weight=3.02625e+06 2.87424e+06 152013 24034 2888 21146 12047 92907 19824 73083 59106 26214 23956 2258
internal_count=3026251 2874238 152013 24034 2888 21146 12047 92907 19824 73083 59106 26214 23956 2258
is_linear=0
shrinkage=0.02


Tree=138
num_leaves=15
num_cat=0
split_feature=17 4 9 16 9 4 4 5 8 4 8 8 8 1
split_gain=505391 541750 479597 440088 414218 561791 550819 746102 728108 502998 947196 868959 926598 517484
threshold=0.2279101833701134 -278.60499572753901 0.8301217555999757 -20.100000381469723 -0.72193637490272511 251.41500091552737 229.26499938964847 0.072500001639127745 0.88779377937316906 251.41500091552737 0.75086346268653881 0.76719006896018993 0.84417456388473522 65.750446319580092
decision_type=2 2 2 2 2 2 2 2 2 2 2 2 2 2
left_child=-1 -2 3 -3 5 -5 -6 8 9 -8 -11 13 -13 -12
right_child=1 2 -4 4 6 -7 7 -9 -10 10 11 12 -14 -15
leaf_value=0.030397453530985677 -0.14383262739714758 0.022144411437309088 -0.16030630109335459 0.033047000271160101 -0.0041836216947134961 0.37257104777889166 -0.082342228834424061 0.1167168597631207 0.015605483930626956 0.10229453759350951 -1.1863498564445589 0.00107031237860001 -0.47356607378483245 -0.51571568068464368
leaf_weight=204035 10751 289101 7591 74381 2402390 1992 8912 6189 9912 2054 643 3039 3577 1684
leaf_count=204035 10751 289101 7591 74381 2402390 1992 8912 6189 9912 2054 643 3039 3577 1684
internal_value=1.00492e-06 -0.00219663 -0.0016545 -0.0012244 -0.00391099 0.0419505 -0.00534759 -0.0829779 -0.124448 -0.19415 -0.2846 -0.373478 -0.255871 -0.705318
internal_weight=3.02625e+06 2.82222e+06 2.81146e+06 2.80387e+06 2.51477e+06 76373 2.4384e+06 36010 29821 19909 10997 8943 6616 2327
internal_count=3026251 2822216 2811465 2803874 2514773 76373 2438400 36010 29821 19909 10997 8943 6616 2327
is_linear=0
shrinkage=0.02


Tree=139
num_leaves=15
num_cat=0
split_feature=13 4 3 9 0 9 4 5 4 9 0 4 9 9
split_gain=487062 473015 457673 355839 580595 543436 520033 344300 341866 333813 792456 406140 562294 634010
threshold=-8.7000002861022931 -239.11000061035153 2.028323888778687 0.53606674075126659 1006.5000000000001 0.35140028595924383 -53.92499923706054 -0.027499999850988385 -33.534999847412102 -0.7377723455429076 1852.5000000000002 221.254997253418 -0.7020561397075652 -0.47019329667091364
decision_type=2 2 2 2 2 2 2 2 2 2 2 2 2 2
left_child=-1 2 -2 5 -5 9 -7 -6 -9 10 -3 -11 -13 -14
right_child=1 3 -4 4 7 6 -8 8 -10 11 -12 12 13 -15
leaf_value=0.012348729301942214 0.27319576935536577 -0.031881235582625476 -0.11208387317756684 0.023400158319621084 -0.046026346208349035 0.070526078656329774 -0.018703296794870088 0.0023268024899624948 -0.080871586775568285 -0.0026632479786059195 0.14861231122313415 0.20965032326016722 -0.15130005422718346 0.021719806080054371
leaf_weight=898432 1292 20237 23555 103335 226352 80381 38699 150731 22725 1402472 18725 2710 23301 13304
leaf_count=898432 1292 20237 23555 103335 226352 80381 38699 150731 22725 1402472 18725 2710 23301 13304
internal_value=8.61086e-07 -0.00521282 -0.0919474 -0.00418759 -0.0188574 0.000426119 0.0415287 -0.0297798 -0.00857719 -0.00287955 0.0548787 -0.00444075 -0.0678319 -0.0884271
internal_weight=3.02625e+06 2.12782e+06 24847 2.10297e+06 503143 1.59983e+06 119080 399808 173456 1.48075e+06 38962 1.44179e+06 39315 36605
internal_count=3026251 2127819 24847 2102972 503143 1599829 119080 399808 173456 1480749 38962 1441787 39315 36605
is_linear=0
shrinkage=0.02


Tree=140
num_leaves=15
num_cat=0
split_feature=7 7 4 7 4 8 8 4 4 8 4 7 7 7
split_gain=509661 2.86932e+06 1.50379e+06 1.14752e+06 1.10961e+06 3.43151e+06 1.04316e+06 2.69014e+06 911429 1.3673e+06 763513 655609 648713 2.16171e+06
threshold=12161.177246093752 12205.471191406252 -228.83499908447263 12035.318359375002 -134.42499542236325 -0.85837611556053151 0.99357324838638317 114.90500259399415 -170.61000061035153 -0.79123097658157338 113.44499969482423 11411.051757812502 12487.211425781252 12529.557128906252
decision_type=2 2 2 2 2 2 2 2 2 2 2 2 2 2
left_child=2 4 11 -4 5 -2 10 -8 9 -3 -6 -1 -10 -14
right_child=1 8 3 -5 6 -7 7 -9 12 -11 -12 -13 13 -15
leaf_value=-0.076514693277608833 0.6242183872563708 0.058666347351868757 0.0018318215142539371 -0.049935438833007835 0.08160158386843222 0.0041378979804125452 0.074820288789492234 0.61214535639749545 -0.040416528904787183 0.53021506168540844 -0.11743556238170229 -0.26341867110654776 0.12586363390905494 -0.011305119401811446
leaf_weight=24704 6510 13141 2187786 185819 40843 7890 14030 5067 150801 3017 9493 10783 53870 312497
leaf_count=24704 6510 13141 2187786 185819 40843 7890 14030 5067 150801 3017 9493 10783 53870 312497
internal_value=8.64885e-07 0.0162168 -0.00415337 -0.00222099 0.12498 0.284706 0.0918169 0.217635 -0.000881492 0.146988 0.0440484 -0.133366 -0.0055042 0.00886678
internal_weight=3.02625e+06 617159 2.40909e+06 2.3736e+06 83833 14400 69433 19097 533326 16158 50336 35487 517168 366367
internal_count=3026251 617159 2409092 2373605 83833 14400 69433 19097 533326 16158 50336 35487 517168 366367
is_linear=0
shrinkage=0.02


Tree=141
num_leaves=15
num_cat=0
split_feature=7 6 7 7 4 4 7 7 4 5 7 7 4 7
split_gain=501201 1.03884e+06 703955 2.75582e+06 1.82009e+06 1.06575e+06 1.47753e+06 932622 875421 845958 888389 2.70933e+06 2.17521e+06 1.53647e+06
threshold=10886.141601562502 50.552278518676765 12161.177246093752 12205.471191406252 -218.04499816894528 -134.42499542236325 12192.195312500002 12035.318359375002 -170.61000061035153 0.06749999895691873 11577.411621093752 11440.685058593752 31.554999351501468 11755.942382812502
decision_type=2 2 2 2 2 2 2 2 2 2 2 2 2 2
left_child=1 -1 4 5 -2 6 -4 9 -5 10 11 -6 -13 -12
right_child=2 -3 3 8 7 -7 -8 -9 -10 -11 13 12 -14 -15
leaf_value=-0.10502554993649374 -0.14163658374751464 0.032888771208701456 0.12485134510430014 0.14405555785071802 -0.0041418602325055346 0.089982403489230228 0.54536473335303148 -0.048608383392496547 -0.0053940917790626141 0.06350025376719691 0.14964789815130858 0.0013129715565363975 -0.19547135104575983 0.010141020654402682
leaf_weight=23497 40228 309407 9130 16158 1317952 69433 5270 185075 517168 76708 34932 37782 55426 328085
leaf_count=23497 40228 309407 9130 16158 1317952 69433 5270 185075 517168 76708 34932 37782 55426 328085
internal_value=9.50586e-07 0.0231516 -0.00286059 0.0158931 -0.0084353 0.122483 0.279021 -0.00580272 -0.000863612 -0.00152221 -0.00433387 -0.011512 -0.115713 0.0235691
internal_weight=3.02625e+06 332904 2.69335e+06 617159 2.07619e+06 83833 14400 2.03596e+06 533326 1.85088e+06 1.77418e+06 1.41116e+06 93208 363017
internal_count=3026251 332904 2693347 617159 2076188 83833 14400 2035960 533326 1850885 1774177 1411160 93208 363017
is_linear=0
shrinkage=0.02


Tree=142
num_leaves=15
num_cat=0
split_feature=7 7 4 7 7 6 4 7 4 7 4 4 7 7
split_gain=489398 3.23236e+06 1.27412e+06 971439 1.05367e+06 1.02994e+06 866808 2.13371e+06 780719 1.52989e+06 685563 606654 589348 2.53029e+06
threshold=12683.662597656252 12665.208007812502 -79.244998931884751 12778.510742187502 12764.483398437502 88.027694702148452 126.7150001525879 12732.157714843752 9.0650000572204608 12672.994628906252 -120.1949996948242 273.52999877929693 12161.177246093752 12205.471191406252
decision_type=2 2 2 2 2 2 2 2 2 2 2 2 2 2
left_child=1 12 10 4 6 -6 -2 -8 -4 -10 -3 -5 -1 -14
right_child=3 2 8 11 5 -7 7 -9 9 -11 -12 -13 13 -15
leaf_value=-0.0039889441399635454 -0.0083425580873084295 0.33070162303332096 0.038865873934453912 0.037465095952476803 -0.097607048783210026 -0.38427688059073489 -0.76064064771399664 -0.057895864909252935 0.58721643224500808 0.11656204788334959 0.95012568366466954 -0.45650788573614459 0.12003531451702927 -0.0020481431222664549
leaf_weight=2409092 60690 1521 9099 57519 14850 7566 2180 8206 4285 7762 1367 1002 83833 357279
leaf_count=2409092 60690 1521 9099 57519 14850 7566 2180 8206 4285 7762 1367 1002 83833 357279
internal_value=9.75555e-07 0.00185068 0.232771 -0.0349705 -0.0749681 -0.194495 -0.0372494 -0.205992 0.178771 0.284319 0.626172 0.0289304 -9.73371e-05 0.0211559
internal_weight=3.02625e+06 2.87424e+06 24034 152013 93492 22416 71076 10386 21146 12047 2888 58521 2.8502e+06 441112
internal_count=3026251 2874238 24034 152013 93492 22416 71076 10386 21146 12047 2888 58521 2850204 441112
is_linear=0
shrinkage=0.02


Tree=143
num_leaves=15
num_cat=0
split_feature=9 17 13 14 17 4 16 4 9 0 0 14 9 17
split_gain=479860 474248 468940 1.10276e+06 824293 854363 487991 445576 399412 494222 331620 322557 301434 272434
threshold=0.8301217555999757 0.11005010083317758 0.30000000447034841 0.69211596250534069 0.53776565194129955 -66.865001678466783 7.0999999046325692 167.60500335693362 -0.54542985558509816 4956.5000000000009 3659.5000000000005 0.57641327381134044 0.0050125007983297118 0.61821815371513378
decision_type=2 2 2 2 2 2 2 2 2 2 2 2 2 2
left_child=1 10 3 -3 -4 11 -7 -8 9 -5 -1 -6 -13 -11
right_child=-2 2 4 8 5 6 7 -9 -10 13 -12 12 -14 -15
leaf_value=0.040196679426899834 -0.15628551861765649 0.0015153928547881404 -0.00232668032267066 0.082199255705846075 -0.035572195488242024 0.026608428983382081 -0.033437671835466011 -0.17908340332610706 0.036117102936410246 0.18675764474713641 0.19540246911314058 -0.0067766218422848279 -0.16188310405157638 0.4951742838307005
leaf_weight=20042 7828 1331977 1287033 43694 16500 56095 83376 9335 115999 3539 7587 5831 35714 1701
leaf_count=20042 7828 1331977 1287033 43694 16500 56095 83376 9335 115999 3539 7587 5831 35714 1701
internal_value=9.82857e-07 0.00040682 -0.000355268 0.00755615 -0.00828272 -0.0453394 -0.0199502 -0.0481206 0.0563373 0.104252 0.0828726 -0.110413 -0.140121 0.287632
internal_weight=3.02625e+06 3.01842e+06 2.99079e+06 1.49691e+06 1.49388e+06 206851 148806 92711 164933 48934 27629 58045 41545 5240
internal_count=3026251 3018423 2990794 1496910 1493884 206851 148806 92711 164933 48934 27629 58045 41545 5240
is_linear=0
shrinkage=0.02


Tree=144
num_leaves=15
num_cat=0
split_feature=9 0 9 0 6 16 1 9 0 9 6 0 0 3
split_gain=460882 447539 404917 782405 442771 375875 359954 348383 771866 587899 353849 334463 306926 301555
threshold=0.8301217555999757 8272.5000000000018 -0.72443613409996022 1501.5000000000002 102.77860260009767 -23.100000381469723 80.724102020263686 0.53606674075126659 2584.5000000000005 0.70082291960716259 116.38242721557619 5374.5000000000009 6012.5000000000009 3.7192896604537968
decision_type=2 2 2 2 2 2 2 2 2 2 2 2 2 2
left_child=1 2 3 -1 13 -4 -7 11 -9 -10 -11 -8 -6 -5
right_child=-2 -3 5 4 12 6 7 8 9 10 -12 -13 -14 -15
leaf_value=-0.034829173511878621 -0.15316379604814592 -0.12462147585807126 0.031309617001879939 0.11610396971285375 0.17382921171400947 0.0070641302435985485 -0.0052605937951415004 0.0024266296889253578 -0.069086322471565847 0.04953831369982914 -0.099050016628351459 0.036042391524958431 0.76806597682017852 0.0027833014495935761
leaf_weight=30958 7828 11400 142598 17964 13431 1077811 1205501 216832 159644 30266 8123 83870 348 19677
leaf_count=30958 7828 11400 142598 17964 13431 1077811 1205501 216832 159644 30266 8123 83870 348 19677
internal_value=9.95469e-07 0.000398727 0.000873114 0.0446 0.0924191 -0.000358676 -0.001982 -0.00770306 -0.0236443 -0.052189 0.0180793 -0.00257368 0.189385 0.0568821
internal_weight=3.02625e+06 3.01842e+06 3.00702e+06 82378 51420 2.92464e+06 2.78205e+06 1.70424e+06 414865 198033 38389 1.28937e+06 13779 37641
internal_count=3026251 3018423 3007023 82378 51420 2924645 2782047 1704236 414865 198033 38389 1289371 13779 37641
is_linear=0
shrinkage=0.02


Tree=145
num_leaves=15
num_cat=0
split_feature=17 4 16 17 4 13 17 17 4 4 8 8 18 16
split_gain=461709 518376 491816 457366 383444 322486 1.07326e+06 768973 423309 473150 305258 342880 290178 280954
threshold=0.27576006948947912 -278.60499572753901 -17.30000019073486 0.48221677541732794 -170.61000061035153 6.2999999523162851 0.56424313783645641 0.6556764841079713 -66.865001678466783 167.60500335693362 -0.96114355325698841 -0.91586777567863453 0.10522105172276498 12.900000095367433
decision_type=2 2 2 2 2 2 2 2 2 2 2 2 2 2
left_child=4 10 3 -3 -1 7 -7 -4 -8 -10 -2 -12 -6 -9
right_child=1 2 5 -5 12 6 8 13 9 -11 11 -13 -14 -15
leaf_value=0.10411569075030185 -0.62663520536725492 0.0007662058494597153 -0.0034437286217365733 0.044409557340069357 0.0090427461618954024 -0.0071412300130365312 -0.13232684147669621 0.087238552129513855 -0.031799336332591743 -0.19063005255604107 -0.02655866712852856 -0.27319703027192543 0.062557543417026351 -0.045898896880642186
leaf_weight=20236 494 249069 1252592 156326 366397 752226 33665 51220 73355 8348 5884 3648 45562 7229
leaf_count=20236 494 249069 1252592 156326 366397 752226 33665 51220 73355 8348 5884 3648 45562 7229
internal_value=1.02218e-06 -0.00318768 -0.00263048 0.0175964 0.0191394 -0.00639433 -0.0158532 -0.000134741 -0.0726516 -0.0480494 -0.146648 -0.121139 0.0149628 0.0707667
internal_weight=3.02625e+06 2.59406e+06 2.58403e+06 405395 432195 2.17864e+06 867594 1.31104e+06 115368 81703 10026 9532 411959 58449
internal_count=3026251 2594056 2584030 405395 432195 2178635 867594 1311041 115368 81703 10026 9532 411959 58449
is_linear=0
shrinkage=0.02


Tree=146
num_leaves=15
num_cat=0
split_feature=7 7 7 7 7 8 8 4 7 4 4 4 4 7
split_gain=481156 3.08344e+06 1.7453e+06 2.14776e+06 3.35392e+06 2.78664e+06 2.43934e+06 2.42704e+06 1.51858e+06 2.77863e+06 1.56641e+06 1.41144e+06 1.01585e+06 1.39917e+06
threshold=11200.229980468752 11281.717285156252 11128.710937500002 11008.638671875002 10993.161621093752 -0.93786895275115956 -0.75219753384590138 -27.964999198913571 11228.336914062502 -55.475000381469719 120.75500106811525 125.25500106811525 -185.47499847412107 11059.523925781252
decision_type=2 2 2 2 2 2 2 2 2 2 2 2 2 2
left_child=2 8 3 4 -1 -5 -6 12 10 -10 -2 -8 -7 -14
right_child=1 -3 -4 5 6 7 11 -9 9 -11 -12 -13 13 -15
leaf_value=-0.00043693837366578581 -0.026352255071096699 0.0026960751769280001 0.051868642401118867 0.20467931991482036 -0.134685668441648 -0.49261894338833673 0.20285239287240578 -0.044468257183923637 -0.40498994232930458 -0.046442068790445094 -0.18645245556139764 0.53533106615526538 -0.24344791007096803 0.13500527335350984
leaf_weight=698733 137762 1656260 297618 12671 7065 5276 22063 82155 15039 20326 29709 6647 30451 4476
leaf_count=698733 137762 1656260 297618 12671 7065 5276 22063 82155 15039 20326 29709 6647 30451 4476
internal_value=9.3318e-07 -0.00631784 0.0100657 -0.00424262 0.00923467 -0.0775495 0.198082 -0.106791 -0.0799177 -0.198987 -0.0547632 0.279989 -0.234104 -0.194923
internal_weight=3.02625e+06 1.8591e+06 1.16716e+06 869537 734508 135029 35775 122358 202836 35365 167471 28710 40203 34927
internal_count=3026251 1859096 1167155 869537 734508 135029 35775 122358 202836 35365 167471 28710 40203 34927
is_linear=0
shrinkage=0.02


Tree=147
num_leaves=15
num_cat=0
split_feature=7 6 0 8 8 8 7 7 9 7 7 9 7 7
split_gain=477428 1.00132e+06 952764 996489 912556 905745 2.87935e+06 2.05072e+06 1.0632e+06 1.04804e+06 1.60182e+06 1.98417e+06 1.75329e+06 1.62511e+06
threshold=10886.141601562502 50.552278518676765 1480.5000000000002 0.86057791113853466 0.99928829073905956 -0.91586777567863453 10844.483886718752 10789.720703125002 0.58549055457115184 10626.541503906252 10640.863281250002 0.62500000000000011 10761.730957031252 10689.769531250002
decision_type=2 2 2 2 2 2 2 2 2 2 2 2 2 2
left_child=1 -1 -3 5 -5 6 -4 9 -9 -7 -11 13 -13 -12
right_child=-2 2 3 4 -6 7 -8 8 -10 10 11 12 -14 -15
leaf_value=-0.10324486186826988 -0.0027919677971514896 -0.020070160892978542 0.46548761600002403 0.16627003786780323 -0.64080902156495212 -0.028502070284942602 0.00232339799174105 -0.035371765001218913 -0.25399396529758461 0.45601368276499848 0.15451605959106463 0.61570112321451942 0.12377069760730852 -0.067483298108066109
leaf_weight=23497 2693347 96253 7836 34494 560 29226 17006 42495 11246 5072 24400 4781 7352 28686
leaf_count=23497 2693347 96253 7836 34494 560 29226 17006 42495 11246 5072 24400 4781 7352 28686
internal_value=8.8441e-07 0.0225958 0.0321555 0.0557387 0.153197 0.0365492 0.14855 0.018386 -0.0811604 0.0721458 0.113992 0.0873274 0.317965 0.0345641
internal_weight=3.02625e+06 332904 309407 213154 35054 178100 24842 153258 53741 99517 70291 65219 12133 53086
internal_count=3026251 332904 309407 213154 35054 178100 24842 153258 53741 99517 70291 65219 12133 53086
is_linear=0
shrinkage=0.02


Tree=148
num_leaves=15
num_cat=0
split_feature=7 7 8 7 8 0 7 8 7 7 7 7 5 0
split_gain=471847 3.0977e+06 1.47866e+06 856557 873415 625831 758264 577270 565649 1.80353e+06 1.32808e+06 1.13742e+06 2.02009e+06 2.45517e+06
threshold=12683.662597656252 12665.208007812502 0.80688521265983593 12672.994628906252 -0.62652868032455433 2886.5000000000005 12732.157714843752 0.80448952317237865 12545.775390625002 12487.211425781252 12513.354003906252 12241.801269531252 0.057499999180436141 2946.5000000000005
decision_type=2 2 2 2 2 2 2 2 2 2 2 2 2 2
left_child=1 8 -2 4 -3 -4 -7 -6 9 11 -11 -1 -13 -14
right_child=2 3 5 -5 7 6 -8 -9 -10 10 -12 12 13 -15
leaf_value=0.00047539136034991449 0.015415610968652387 0.21583578120432856 -0.053528830561440775 0.107833452566742 0.71857183429811 -0.42814525940440495 -0.13758159918817958 0.22232166416463794 -0.048236703708889092 0.2129149649100183 0.04415805125722861 -0.058710429606371427 -0.10653359952077825 -1.293450713804619
leaf_weight=2577084 92907 7602 32453 11966 3108 4275 22378 1358 94363 24004 83603 68286 1680 1184
leaf_count=2577084 92907 7602 32453 11966 3108 4275 22378 1358 94363 24004 83603 68286 1680 1184
internal_value=9.21429e-07 0.00181715 -0.0343378 0.227876 0.346715 -0.112533 -0.18433 0.568513 -8.98517e-05 0.00155891 0.0818193 -0.00170264 -0.0805811 -0.600015
internal_weight=3.02625e+06 2.87424e+06 152013 24034 12068 59106 26653 4466 2.8502e+06 2.75584e+06 107607 2.64823e+06 71150 2864
internal_count=3026251 2874238 152013 24034 12068 59106 26653 4466 2850204 2755841 107607 2648234 71150 2864
is_linear=0
shrinkage=0.02


Tree=149
num_leaves=15
num_cat=0
split_feature=7 6 0 8 6 8 7 7 7 7 8 7 7 8
split_gain=458149 961686 915057 956956 879942 869912 2.78981e+06 1.9696e+06 1.00659e+06 1.53852e+06 1.20331e+06 1.59571e+06 1.04976e+06 1.51436e+06
threshold=10886.141601562502 50.552278518676765 1480.5000000000002 0.86057791113853466 106.49114990234376 -0.91586777567863453 10833.810546875002 10789.720703125002 10626.541503906252 10640.863281250002 0.6083776354789735 10689.769531250002 10761.730957031252 -0.79909458756446827
decision_type=2 2 2 2 2 2 2 2 2 2 2 2 2 2
left_child=1 -1 -3 5 -5 6 -4 8 -7 -10 12 -12 13 -11
right_child=-2 2 3 4 -6 7 -8 -9 9 10 11 -13 -14 -15
leaf_value=-0.1011903468562516 -0.0027350178862600733 -0.019678306210283832 0.55340748121403105 0.12242983843084586 0.51328573963902546 -0.027941728379505135 0.035452341960553108 -0.079547787364256758 0.44690186610246729 -0.10060599208861572 0.1514175003174402 -0.076287205362793251 0.093750918879385456 0.58705918526365375
leaf_weight=23497 2693347 96253 5273 32583 2471 29226 19569 53741 5072 1687 24400 24826 9029 5277
leaf_count=23497 2693347 96253 5273 32583 2471 29226 19569 53741 5072 1687 24400 24826 9029 5277
internal_value=8.64093e-07 0.0221349 0.0315035 0.0546154 0.150121 0.0358103 0.145574 0.01801 0.0706959 0.111706 0.0855739 0.0365873 0.236235 0.420567
internal_weight=3.02625e+06 332904 309407 213154 35054 178100 24842 153258 99517 70291 65219 49226 15993 6964
internal_count=3026251 332904 309407 213154 35054 178100 24842 153258 99517 70291 65219 49226 15993 6964
is_linear=0
shrinkage=0.02


Tree=150
num_leaves=15
num_cat=0
split_feature=7 7 8 7 8 7 7 7 0 7 0 7 7 8
split_gain=451713 2.97686e+06 1.42016e+06 822758 839004 606521 566333 2.41789e+06 1.67405e+06 1.1688e+06 969870 711668 1.79823e+06 1.29207e+06
threshold=12683.662597656252 12665.208007812502 0.80688521265983593 12672.994628906252 -0.62652868032455433 12793.913574218752 12161.177246093752 12202.979980468752 5917.5000000000009 12035.318359375002 1163.5000000000002 12545.775390625002 12487.211425781252 0.82309290766716015
decision_type=2 2 2 2 2 2 2 2 2 2 2 2 2 2
left_child=1 6 -2 4 -3 -4 9 8 10 -1 -8 12 13 -9
right_child=2 3 5 -5 -6 -7 7 11 -10 -11 -12 -13 -14 -15
leaf_value=0.00018761924467318832 0.015162026371792424 0.21157936491630672 -0.13500448511488228 0.10573323911265949 0.55723919305873837 0.055370639617665363 -0.032757228377806848 -0.057093432253702739 0.5936471638387234 -0.051309802449630751 0.14775400449263992 -0.047217377298511998 0.08023808616534929 0.069949966526512405
leaf_weight=2217586 92907 7602 51416 11966 4466 7690 15350 124781 2943 191506 53003 94363 107607 43065
leaf_count=2217586 92907 7602 51416 11966 4466 7690 15350 124781 2943 191506 53003 94363 107607 43065
internal_value=9.85317e-07 0.00177804 -0.0335971 0.223384 0.339855 -0.11023 -9.13923e-05 0.0207427 0.127377 -0.00390625 0.107218 0.000181882 0.0164208 -0.024495
internal_weight=3.02625e+06 2.87424e+06 152013 24034 12068 59106 2.8502e+06 441112 71296 2.40909e+06 68353 369816 275453 167846
internal_count=3026251 2874238 152013 24034 12068 59106 2850204 441112 71296 2409092 68353 369816 275453 167846
is_linear=0
shrinkage=0.02


Tree=151
num_leaves=15
num_cat=0
split_feature=17 9 9 4 4 8 6 8 8 8 4 8 4 8
split_gain=443763 436571 374017 535216 482696 822667 628571 895566 863943 956691 912470 583174 478564 446225
threshold=0.11005010083317758 0.8301217555999757 -0.72443613409996022 273.52999877929693 229.26499938964847 0.71212160587310802 137.10346221923831 0.84417456388473522 0.77619159221649181 0.75801146030426036 251.41500091552737 0.76719006896018993 273.52999877929693 -0.65655234456062306
decision_type=2 2 2 2 2 2 2 2 2 2 2 2 2 2
left_child=-1 2 3 13 -4 -6 8 -8 9 -7 -11 -12 -9 -2
right_child=1 -3 4 -5 5 6 7 12 -10 10 11 -13 -14 -15
leaf_value=0.079760296809674017 0.33705214358499541 -0.14988885656292825 -0.00052930089876529203 0.42133248967914427 0.28369407896167814 -0.057594219145043209 0.36156382441193347 -1.1571690232317213 -0.0027174764267461006 -0.14959776537001238 -0.84426460253808777 -0.22807305966252867 -0.376608201559269 0.027618836405325045
leaf_weight=27638 1900 7819 2866670 1451 2494 8014 394 558 24831 3002 1944 910 737 77889
leaf_count=27638 1900 7819 2866670 1451 2494 8014 394 558 24831 3002 1944 910 737 77889
internal_value=1.06616e-06 -0.000734326 -0.000343876 0.0419798 -0.00152578 -0.0681211 -0.0899103 -0.466466 -0.0733598 -0.199734 -0.39382 -0.649281 -0.719248 0.0350289
internal_weight=3.02625e+06 2.99861e+06 2.99079e+06 81240 2.90955e+06 42884 40390 1689 38701 13870 5856 2854 1295 79789
internal_count=3026251 2998613 2990794 81240 2909554 42884 40390 1689 38701 13870 5856 2854 1295 79789
is_linear=0
shrinkage=0.02


Tree=152
num_leaves=15
num_cat=0
split_feature=17 13 17 17 9 0 16 0 9 0 17 0 9 9
split_gain=426198 432352 946881 871302 683575 446795 359216 355754 343041 390955 330311 307490 273781 263647
threshold=0.11005010083317758 1.8999999761581423 0.6420956850051881 0.5293240249156953 0.20045207440853122 2643.5000000000005 11.299999713897707 1656.5000000000002 -0.55296459794044484 5221.5000000000009 0.67043569684028637 3659.5000000000005 -0.86513796448707569 -0.61393934488296498
decision_type=2 2 2 2 2 2 2 2 2 2 2 2 2 2
left_child=11 2 -2 -3 6 -6 -5 -4 9 12 -7 -1 -9 -11
right_child=1 3 7 4 5 10 -8 8 -10 13 -12 -13 -14 -15
leaf_value=0.037058769968221293 0.0024075620700936161 -0.0021457087507308807 0.01124039445675006 0.015234036780032822 -0.043843985067146027 -0.10821929993861039 -0.049910976546132226 0.58691965789813372 0.066737648385932741 0.32828634536746193 -0.24428907406563974 0.18645165889661205 0.11763935360746136 0.94802518600832197
leaf_weight=20043 1497757 1187359 32287 64439 37526 30686 71322 507 51763 1701 9306 7595 13636 324
leaf_count=20043 1497757 1187359 32287 64439 37526 30686 71322 507 51763 1701 9306 7595 13636 324
internal_value=9.48119e-07 -0.000719742 0.00639018 -0.00883139 -0.0460497 -0.0934303 -0.0189909 0.065904 0.0918793 0.17228 -0.139936 0.0781657 0.134866 0.431626
internal_weight=3.02625e+06 2.99861e+06 1.59798e+06 1.40064e+06 213279 77518 135761 100218 67931 16168 39992 27638 14143 2025
internal_count=3026251 2998613 1597975 1400638 213279 77518 135761 100218 67931 16168 39992 27638 14143 2025
is_linear=0
shrinkage=0.02


Tree=153
num_leaves=15
num_cat=0
split_feature=9 13 14 4 14 14 3 9 4 6 4 4 9 17
split_gain=423077 409474 735515 418509 666477 390448 306088 433782 570793 285044 344547 265634 250183 229265
threshold=0.8301217555999757 -9.0999999046325666 0.6303839683532716 -239.11000061035153 0.36428005993366247 0.61974146962165844 3.7192896604537968 -0.62499999999999989 170.42499542236331 68.048450469970717 273.52999877929693 30.425000190734867 -0.86513796448707569 0.44875365495681768
decision_type=2 2 2 2 2 2 2 2 2 2 2 2 2 2
left_child=1 2 -1 4 -3 -6 7 8 11 10 -10 -5 -13 -8
right_child=-2 3 -4 6 5 -7 13 -9 9 -11 -12 12 -14 -15
leaf_value=0.0011677068725953967 -0.14674749000981416 0.37407972394306543 0.043507093610408588 0.0020736014329844486 -0.054776744237610149 -0.22988224136515439 -0.0040088555728991703 -0.0016325699216184475 -0.16176037189071907 -0.026567960741256797 -0.92180504773627037 0.39237983278659838 0.058730457737037764 -0.022542395163865282
leaf_weight=637679 7828 1194 220990 40404 16722 7321 910398 657614 3674 21720 246 896 121805 377760
leaf_count=637679 7828 1194 220990 40404 16722 7321 910398 657614 3674 21720 246 896 121805 377760
internal_value=1.05205e-06 0.000382122 0.0120647 -0.00426264 -0.0852141 -0.10817 -0.00330512 0.00603834 0.0327636 -0.0549423 -0.211686 0.0465536 0.0611988 -0.00944407
internal_weight=3.02625e+06 3.01842e+06 858669 2.15975e+06 25237 24043 2.13452e+06 846359 188745 25640 3920 163105 122701 1.28816e+06
internal_count=3026251 3018423 858669 2159754 25237 24043 2134517 846359 188745 25640 3920 163105 122701 1288158
is_linear=0
shrinkage=0.02


Tree=154
num_leaves=15
num_cat=0
split_feature=7 7 7 7 7 8 8 0 8 7 8 0 5 0
split_gain=443404 2.9576e+06 1.69871e+06 2.0132e+06 3.22799e+06 2.67271e+06 2.33641e+06 1.70765e+06 1.57972e+06 1.45383e+06 2.21128e+06 1.52426e+06 1.24107e+06 1.22926e+06
threshold=11200.229980468752 11281.717285156252 11128.710937500002 11008.638671875002 10993.161621093752 -0.93786895275115956 -0.75219753384590138 3327.5000000000005 -0.70585528016090382 11228.336914062502 0.6083776354789735 2107.5000000000005 0.052500000223517425 2584.5000000000005
decision_type=2 2 2 2 2 2 2 2 2 2 2 2 2 2
left_child=2 9 3 4 -1 -5 13 -7 -9 -2 11 -11 -8 -6
right_child=1 -3 -4 5 6 7 12 8 -10 10 -12 -13 -14 -15
leaf_value=-0.00089321650340285223 -0.053534854798229489 0.0027632317367105837 0.050904035418726921 0.20097288307501096 0.14714097145902838 -0.052106131586959634 0.20183127718804708 -0.3854580446751224 -0.12035769988994562 -0.039560353969642026 0.011184603716218339 -0.41524428890140402 0.51396392431578475 -0.3806677674345319
leaf_weight=698733 167471 1656260 297618 12671 3333 82487 22084 13699 26172 5871 13128 16366 6626 3732
leaf_count=698733 167471 1656260 297618 12671 3333 82487 22084 13699 26172 5871 13128 16366 6626 3732
internal_value=9.84375e-07 -0.00606483 0.00966287 -0.00445322 0.00859506 -0.0754266 0.193863 -0.104064 -0.211516 -0.0781472 -0.19465 -0.31612 0.274023 -0.131809
internal_weight=3.02625e+06 1.8591e+06 1.16716e+06 869537 734508 135029 35775 122358 39871 202836 35365 22237 28710 7065
internal_count=3026251 1859096 1167155 869537 734508 135029 35775 122358 39871 202836 35365 22237 28710 7065
is_linear=0
shrinkage=0.02


Tree=155
num_leaves=15
num_cat=0
split_feature=7 7 9 7 7 7 7 5 0 7 0 9 7 0
split_gain=435171 2.8612e+06 2.01995e+06 951982 1.66125e+06 1.27068e+06 1.06495e+06 1.9434e+06 2.35463e+06 1.69262e+06 1.82793e+06 1.19714e+06 1.12467e+06 1.00436e+06
threshold=12683.662597656252 12641.291992187502 -0.68419089913368214 12545.775390625002 12487.211425781252 12513.354003906252 12241.801269531252 0.057499999180436141 2946.5000000000005 12161.177246093752 6012.5000000000009 -0.66576555371284474 12035.318359375002 3068.5000000000005
decision_type=2 2 2 2 2 2 2 2 2 2 2 2 2 2
left_child=1 3 -3 4 6 13 9 11 -9 12 -11 -8 -1 -6
right_child=-2 2 -4 -5 5 -7 7 8 -10 10 -12 -13 -14 -15
leaf_value=0.00021266785520880567 -0.032976239981928238 0.56825072692490441 0.12121491653095982 -0.067491736051285348 0.089775678135860917 0.041691350403520309 0.14456897756920822 -0.10416231182592332 -1.2665222369885725 0.053343037143208143 0.57335924118627157 -0.091364158270463819 -0.050303249698794017 0.34988134520292818
leaf_weight=2217586 152013 4633 31381 82383 13217 83603 10085 1680 1184 165253 2739 58201 191506 10787
leaf_count=2217586 152013 4633 31381 82383 13217 83603 10085 1680 1184 165253 2739 58201 191506 10787
internal_value=9.4333e-07 0.00174516 0.178866 -0.000502927 0.00149986 0.0785295 -0.0016304 -0.0779547 -0.587433 0.000477107 0.0618553 -0.0565034 -0.00380318 0.206761
internal_weight=3.02625e+06 2.87424e+06 36014 2.83822e+06 2.75584e+06 107607 2.64823e+06 71150 2864 2.57708e+06 167992 68286 2.40909e+06 24004
internal_count=3026251 2874238 36014 2838224 2755841 107607 2648234 71150 2864 2577084 167992 68286 2409092 24004
is_linear=0
shrinkage=0.02


Tree=156
num_leaves=15
num_cat=0
split_feature=7 6 9 7 7 7 7 9 7 6 7 7 9 7
split_gain=434762 921457 734197 1.4782e+06 1.51753e+06 1.09642e+06 1.03635e+06 821390 2.54141e+06 759172 750928 1.11625e+06 771364 1.49442e+06
threshold=10886.141601562502 50.552278518676765 -0.51891005039215077 10689.769531250002 10626.541503906252 10640.863281250002 10858.977050781252 0.42192476987838751 10782.446289062502 88.658889770507827 10706.830566406252 10728.651367187502 0.6210252344608308 10761.730957031252
decision_type=2 2 2 2 2 2 2 2 2 2 2 2 2 2
left_child=1 -1 3 4 -3 -6 -5 -4 10 -7 -9 -12 -13 -14
right_child=-2 2 7 6 5 9 -8 8 -10 -11 11 12 13 -15
leaf_value=-0.099155580921252137 -0.0026641922735166409 -0.034558599953813357 0.099874463824985327 -0.061092599988682848 0.43677323580562294 0.044838422822489586 0.24798182844281982 -0.018153374319010956 -0.18429120465833099 0.25736836229381249 0.61066429110460507 -0.072508510508638407 0.5006962243119637 0.073755210673680793
leaf_weight=23497 2693347 27013 91588 94313 5072 19347 4539 14053 19191 10298 2054 5852 4579 11508
leaf_count=23497 2693347 27013 91588 94313 5072 19347 4539 14053 19191 10298 2054 5852 4579 11508
internal_value=9.46501e-07 0.0215626 0.0307332 0.0010732 0.0778541 0.165307 -0.0468769 0.062734 0.00329602 0.118729 0.0979421 0.165921 0.124022 0.195516
internal_weight=3.02625e+06 332904 309407 160582 61730 34717 98852 148825 57237 29645 38046 23993 21939 16087
internal_count=3026251 332904 309407 160582 61730 34717 98852 148825 57237 29645 38046 23993 21939 16087
is_linear=0
shrinkage=0.02


Tree=157
num_leaves=15
num_cat=0
split_feature=5 4 9 9 0 0 9 5 5 9 17 9 9 13
split_gain=427066 580481 2.3303e+06 1.45112e+06 1.10312e+06 919646 568793 525915 803106 445315 407888 400738 397011 367547
threshold=0.082499999552965178 251.41500091552737 -0.67379364371299733 -0.63895034790039051 6648.5000000000009 5322.5000000000009 -0.65512093901634205 0.027499999850988392 0.047500001266598708 -0.27933107316493982 0.11005010083317758 0.8301217555999757 -0.48393566906452173 -1.8999999761581419
decision_type=2 2 2 2 2 2 2 2 2 2 2 2 2 2
left_child=1 10 -3 4 6 7 -4 -5 -9 -7 -1 13 -10 -12
right_child=-2 2 3 5 -6 9 -8 8 12 -11 11 -13 -14 -15
leaf_value=0.077262457313587524 0.062040292140424037 0.30217898070876742 -0.052978519593085444 0.05334243763784785 -0.20320428857288189 -0.0048448315609506618 -1.0345490373766619 -0.64181682099685278 0.23875625723759913 0.64451284711056345 0.0072948456628166595 -0.14380548244811311 -0.52316667767268854 -0.0069449836440816657
leaf_weight=26936 43732 4263 276 1135 1740 6073 1674 2504 812 444 1320286 7819 400 1608157
leaf_count=26936 43732 4263 276 1135 1740 6073 1674 2504 812 444 1320286 7819 400 1608157
internal_value=1.04651e-06 -0.000908819 -0.11015 -0.227006 -0.571076 -0.114918 -0.896608 -0.323117 -0.437941 0.0403122 -0.000196158 -0.000906997 -0.0149106 -0.000524959
internal_weight=3.02625e+06 2.98252e+06 19321 15058 3690 11368 1950 4851 3716 6517 2.9632e+06 2.93626e+06 1212 2.92844e+06
internal_count=3026251 2982519 19321 15058 3690 11368 1950 4851 3716 6517 2963198 2936262 1212 2928443
is_linear=0
shrinkage=0.02


Tree=158
num_leaves=15
num_cat=0
split_feature=7 7 7 7 7 8 4 8 7 4 4 4 8 4
split_gain=417368 2.8397e+06 1.64321e+06 1.91302e+06 3.09898e+06 2.56415e+06 2.28213e+06 2.24038e+06 1.39675e+06 2.54349e+06 1.50475e+06 1.31155e+06 1.00792e+06 945959
threshold=11200.229980468752 11281.717285156252 11128.710937500002 11008.638671875002 10993.161621093752 -0.93786895275115956 -27.964999198913571 -0.75219753384590138 11228.336914062502 -55.475000381469719 120.75500106811525 125.25500106811525 -0.99445033073425282 120.75500106811525
decision_type=2 2 2 2 2 2 2 2 2 2 2 2 2 2
left_child=2 8 3 4 -1 -5 -7 -6 10 -10 -2 -9 -3 -14
right_child=1 12 -4 5 7 6 -8 11 9 -11 -12 -13 13 -15
leaf_value=-0.0010859530940502808 -0.024544685076157414 -0.042264068535959265 0.049936780556574717 0.19703376883956578 -0.12916949094940888 -0.22519721082832231 -0.041310260989390939 0.19387875080808722 -0.38780213267862929 -0.044760437927649839 -0.18146204331628479 0.514373977956461 0.015597608527630686 -0.026285990804493495
leaf_weight=698733 137762 177507 297618 12671 7065 40203 82155 22063 15039 20326 29709 6647 1216582 262171
leaf_count=698733 137762 177507 297618 12671 7065 40203 82155 22063 15039 20326 29709 6647 1216582 262171
internal_value=9.44283e-07 -0.00588409 0.00937488 -0.0045087 0.0082108 -0.0736937 -0.101743 0.189739 -0.0765151 -0.190708 -0.0523908 0.268234 0.00276622 0.00817184
internal_weight=3.02625e+06 1.8591e+06 1.16716e+06 869537 734508 135029 122358 35775 202836 35365 167471 28710 1.65626e+06 1.47875e+06
internal_count=3026251 1859096 1167155 869537 734508 135029 122358 35775 202836 35365 167471 28710 1656260 1478753
is_linear=0
shrinkage=0.02


Tree=159
num_leaves=15
num_cat=0
split_feature=7 7 9 8 7 7 7 7 7 0 9 9 0 8
split_gain=418510 2.74021e+06 1.94007e+06 1.35265e+06 914853 1.59417e+06 1.22105e+06 1.02775e+06 1.62617e+06 1.75289e+06 1.40609e+06 1.72133e+06 2.23517e+06 1.16985e+06
threshold=12683.662597656252 12641.291992187502 -0.68419089913368214 0.80688521265983593 12545.775390625002 12487.211425781252 12513.354003906252 12241.801269531252 12161.177246093752 6012.5000000000009 -0.66327509284019459 -0.4200111180543899 3152.5000000000005 0.82817849516868602
decision_type=2 2 2 2 2 2 2 2 2 2 2 2 2 2
left_child=1 4 -3 -2 5 7 -7 8 -1 13 -9 12 -12 -10
right_child=3 2 -4 -5 -6 6 -8 10 9 -11 11 -13 -14 -15
leaf_value=-0.0037167372474754615 0.015247308617220434 0.55665493533456545 0.11854707527695643 -0.10712826783145392 -0.066158101904049429 0.20263502202843842 0.040821389382732214 0.13602318329305521 0.0095438352023877269 0.56153473093514872 -0.25686152274475132 -0.080342187446545546 -1.294877113171256 0.11852388478760949
leaf_weight=2409092 92907 4633 31381 59106 82383 24004 83603 10584 100420 2739 4382 55168 1016 64833
leaf_count=2409092 92907 4633 31381 59106 82383 24004 83603 10584 100420 2739 4382 55168 1016 64833
internal_value=9.15812e-07 0.00171142 0.175047 -0.0323388 -0.000488624 0.00147472 0.076933 -0.00159168 0.000478683 0.0606399 -0.076571 -0.113739 -0.454271 0.0523042
internal_weight=3.02625e+06 2.87424e+06 36014 152013 2.83822e+06 2.75584e+06 107607 2.64823e+06 2.57708e+06 167992 71150 60566 5398 165253
internal_count=3026251 2874238 36014 152013 2838224 2755841 107607 2648234 2577084 167992 71150 60566 5398 165253
is_linear=0
shrinkage=0.02


Tree=160
num_leaves=15
num_cat=0
split_feature=5 8 0 6 13 0 6 8 0 0 5 8 0 8
split_gain=412081 372071 547608 720037 357920 340906 304849 404532 298841 276140 511822 322337 384617 324951
threshold=0.082499999552965178 -0.99445033073425282 2367.5000000000005 115.0654640197754 7.2999999523162851 4880.5000000000009 117.11630630493165 0.85482841730117809 4278.5000000000009 1301.5000000000002 -0.032499999739229672 -0.85837611556053151 3871.5000000000005 -0.89987212419509877
decision_type=2 2 2 2 2 2 2 2 2 2 2 2 2 2
left_child=1 2 -1 -4 9 -2 7 -7 -5 -3 11 12 -11 -14
right_child=5 4 3 8 -6 6 -8 -9 -10 10 -12 -13 13 -15
leaf_value=0.0035973969553471314 0.04123778234846754 -0.0067690986916347584 -0.081642809493647314 -0.0046078103002473109 -0.0090707431278173097 -0.17159353859971191 0.62739909244575531 0.27358253564918938 0.24150277860372982 0.042849851226397832 0.016880570968130792 -0.030643203504335116 -0.055376230549277192 0.18050911041593079
leaf_weight=103320 38903 491298 81550 3947 941796 1099 627 3103 3936 66191 1084781 170162 33034 2504
leaf_count=103320 38903 491298 81550 3947 941796 1099 627 3103 3936 66191 1084781 170162 33034 2504
internal_value=8.94478e-07 -0.000892866 -0.0277663 -0.0639966 0.000963982 0.060942 0.219264 0.157015 0.118424 0.00607809 0.0107305 -0.0138063 0.0143568 -0.0387091
internal_weight=3.02625e+06 2.98252e+06 192753 89433 2.78977e+06 43732 4829 4202 7883 1.84797e+06 1.35667e+06 271891 101729 35538
internal_count=3026251 2982519 192753 89433 2789766 43732 4829 4202 7883 1847970 1356672 271891 101729 35538
is_linear=0
shrinkage=0.02


Tree=161
num_leaves=15
num_cat=0
split_feature=7 7 4 7 9 9 1 7 9 7 9 4 9 7
split_gain=416540 868218 963745 952824 1.27789e+06 992712 966813 646316 1.89927e+06 2.87765e+06 1.88484e+06 1.25957e+06 1.17496e+06 1.03474e+06
threshold=10886.141601562502 10817.519042968752 -209.25499725341794 10795.694335937502 0.6210252344608308 -0.3996411263942718 47.881401062011726 10955.337890625002 -0.32599240541458124 10926.682617187502 0.50712648034095775 62.385000228881843 -0.68419089913368214 10950.057617187502
decision_type=2 2 2 2 2 2 2 2 2 2 2 2 2 2
left_child=1 3 -3 6 5 -5 -1 8 9 11 -10 -2 -13 -11
right_child=7 2 -4 4 -6 -7 -8 -9 10 13 -12 12 -14 -15
leaf_value=-0.10496339390156122 0.0037579791780478632 0.44892324080586304 0.058687636000902925 -0.081614487410954978 -0.3051335790520508 0.17292815213614557 0.037492133566168671 0.00026287313531593381 -0.15718745428843989 0.010989999544480404 0.0078555922263348777 0.10433915683155859 0.43023156902365439 -0.15721148261170617
leaf_weight=21681 8505 2585 103892 31930 8338 7574 156904 2480413 69048 50186 46190 7452 10915 20638
leaf_count=21681 8505 2585 103892 31930 8338 7574 156904 2480413 69048 50186 46190 7452 10915 20638
internal_value=9.47177e-07 0.0211059 0.0682031 -0.00104336 -0.0803004 -0.0327798 0.0201924 -0.00260774 -0.0360453 0.0288258 -0.0910393 0.205003 0.298138 -0.0380386
internal_weight=3.02625e+06 332904 106477 226427 47842 39504 178585 2.69335e+06 212934 97696 115238 26872 18367 70824
internal_count=3026251 332904 106477 226427 47842 39504 178585 2693347 212934 97696 115238 26872 18367 70824
is_linear=0
shrinkage=0.02


Tree=162
num_leaves=15
num_cat=0
split_feature=7 7 7 7 7 4 7 4 4 1 7 1 7 4
split_gain=403716 2.71773e+06 1.58117e+06 1.84356e+06 2.97161e+06 2.10898e+06 1.3413e+06 2.44182e+06 1.44906e+06 1.01037e+06 860524 844270 1.55827e+06 1.03132e+06
threshold=11200.229980468752 11281.717285156252 11128.710937500002 11008.638671875002 10993.161621093752 39.274999618530281 11228.336914062502 -53.92499923706054 120.75500106811525 92.15988922119142 11248.801757812502 102.6857147216797 11059.523925781252 214.22499847412112
decision_type=2 2 2 2 2 2 2 2 2 2 2 2 2 2
left_child=2 6 3 4 -1 9 8 10 -2 -6 -8 -5 -13 -14
right_child=1 -3 -4 11 5 -7 7 -9 -10 -11 -12 12 13 -15
leaf_value=-0.0010158743317992668 -0.023917901329002938 0.0026754651506947693 0.049009057574665851 -0.11918448185332495 0.16527391518976511 0.39710708455628507 -0.26737760845635933 -0.041868585846460395 -0.17790419820601508 -0.11516142783942299 -0.58313286071036374 0.015343399654474623 -0.1236015532055202 -0.64229459265464994
leaf_weight=698733 137762 1656260 297618 71882 15814 12359 9967 20095 29709 7602 5303 56430 4355 2362
leaf_count=698733 137762 1656260 297618 71882 15814 12359 9967 20095 29709 7602 5303 56430 4355 2362
internal_value=9.59774e-07 -0.00578703 0.00922031 -0.00439864 0.00808782 0.185846 -0.0748845 -0.186788 -0.0512439 0.0742195 -0.377345 -0.0723161 -0.0189538 -0.306684
internal_weight=3.02625e+06 1.8591e+06 1.16716e+06 869537 734508 35775 202836 35365 167471 23416 15270 135029 63147 6717
internal_count=3026251 1859096 1167155 869537 734508 35775 202836 35365 167471 23416 15270 135029 63147 6717
is_linear=0
shrinkage=0.02


Tree=163
num_leaves=15
num_cat=0
split_feature=7 7 9 4 7 9 4 9 4 9 1 7 7 4
split_gain=404867 2.63545e+06 1.61533e+06 1.89636e+06 907872 1.53043e+06 1.784e+06 1.01303e+06 898801 889415 587405 1.07343e+06 691443 1.18365e+06
threshold=12683.662597656252 12665.208007812502 -0.68419089913368214 -79.244998931884751 12778.510742187502 -0.57933691143989552 29.244999885559086 0.66953307390213024 -45.575000762939446 0.6816948950290681 80.92187881469728 12772.698730468752 12732.157714843752 123.76499938964845
decision_type=2 2 2 2 2 2 2 2 2 2 2 2 2 2
left_child=1 -1 -3 9 5 6 -2 -6 -9 -4 -7 12 13 -12
right_child=4 2 3 -5 7 10 -8 8 -10 -11 11 -13 -14 -15
leaf_value=-7.5739587635277502e-05 -0.091361394832644244 0.5453361436228813 -0.034127397655824877 0.047076714605069299 0.0031517765861098792 -0.065864224550220729 0.26683294146730524 0.47914554175931068 -0.05340862402750645 0.79469487954386708 -0.14659956121952247 -0.49382505661144932 -0.082914311309574829 -0.77191171008847204
leaf_weight=2850204 12055 4633 674 16513 53024 40518 10310 3523 1974 2214 4177 3850 20883 1699
leaf_count=2850204 12055 4633 674 16513 53024 40518 10310 3523 1974 2214 4177 3850 20883 1699
internal_value=8.42906e-07 0.00168323 0.210195 0.129922 -0.0318074 -0.0704743 0.0738065 0.0299672 0.288149 0.601808 -0.115846 -0.181964 -0.136926 -0.328411
internal_weight=3.02625e+06 2.87424e+06 24034 19401 152013 93492 22365 58521 5497 2888 71127 30609 26759 5876
internal_count=3026251 2874238 24034 19401 152013 93492 22365 58521 5497 2888 71127 30609 26759 5876
is_linear=0
shrinkage=0.02


Tree=164
num_leaves=15
num_cat=0
split_feature=7 6 0 8 1 8 8 7 7 7 7 8 7 0
split_gain=400898 852358 853868 877915 1.01901e+06 812180 795920 2.658e+06 1.79428e+06 928495 1.4081e+06 1.12582e+06 1.47812e+06 973241
threshold=10886.141601562502 50.552278518676765 1480.5000000000002 0.86057791113853466 109.77354049682619 0.99928829073905956 -0.91586777567863453 10844.483886718752 10789.720703125002 10626.541503906252 10640.863281250002 0.6083776354789735 10689.769531250002 5917.5000000000009
decision_type=2 2 2 2 2 2 2 2 2 2 2 2 2 2
left_child=1 -1 -3 6 5 -5 7 -4 9 -8 -11 -12 -13 -14
right_child=-2 2 3 4 -6 -7 8 -9 -10 10 11 12 13 -15
leaf_value=-0.095397925786409085 -0.0025583872025061942 -0.019915060735325622 0.44334281367537964 0.12692374895117348 0.53607963008782433 -0.63683258224837158 -0.027633763806222861 -0.0016579317881763055 -0.076301122180373313 0.42716107847833906 0.22721643979877951 0.14462248004140157 -0.018915190106877332 -0.35642185742217586
leaf_weight=23497 2693347 96253 7836 32049 2448 557 29226 17006 53741 5072 15993 24400 20744 4082
leaf_count=23497 2693347 96253 7836 32049 2448 557 29226 17006 53741 5072 15993 24400 20744 4082
internal_value=8.51695e-07 0.0207058 0.0295258 0.0518516 0.143328 0.113685 0.0338399 0.138831 0.0168135 0.0670999 0.106487 0.081487 0.0341041 -0.0745315
internal_weight=3.02625e+06 332904 309407 213154 35054 32606 178100 24842 153258 99517 70291 65219 49226 24826
internal_count=3026251 332904 309407 213154 35054 32606 178100 24842 153258 99517 70291 65219 49226 24826
is_linear=0
shrinkage=0.02


Tree=165
num_leaves=15
num_cat=0
split_feature=0 7 7 7 0 7 7 7 8 8 0 8 7 8
split_gain=394248 549377 432998 3.2325e+06 1.37528e+06 1.28796e+06 1.66227e+06 2.82872e+06 2.37037e+06 2.08826e+06 1.51566e+06 1.60438e+06 1.17521e+06 2.35512e+06
threshold=8272.5000000000018 10676.426269531252 11203.908691406252 11281.717285156252 1988.5000000000002 11128.710937500002 11008.638671875002 10993.161621093752 -0.9113083779811858 -0.75219753384590138 3327.5000000000005 -0.70585528016090382 11228.336914062502 0.6083776354789735
decision_type=2 2 2 2 2 2 2 2 2 2 2 2 2 2
left_child=2 -2 5 4 -4 6 7 -1 -8 -9 -10 -12 -6 -14
right_child=1 -3 3 -5 12 -7 8 9 10 -11 11 -13 13 -15
leaf_value=-0.00017827985740190015 0.29249295702955508 -0.16423189306352801 -0.021191325355733325 0.0027782148108584158 -0.099126314708649133 0.043180798071549023 0.18513485617638389 -0.1257055652435744 -0.047816917276896111 0.25796845909360178 -0.39473601530210944 -0.11336517861952333 -0.38738930920404457 0.06210380151782089
leaf_weight=691174 1165 10235 69107 1653726 74818 333351 13321 7065 82487 28710 11742 26172 16717 6461
leaf_count=691174 1165 10235 69107 1653726 74818 333351 13321 7065 82487 28710 11742 26172 16717 6461
internal_value=8.7839e-07 -0.117341 0.000444974 -0.00569279 -0.0895209 0.00980477 -0.0031226 0.0087986 -0.0679254 0.182184 -0.0959369 -0.200588 -0.1377 -0.262117
internal_weight=3.02625e+06 11400 3.01485e+06 1.82083e+06 167103 1.19402e+06 860671 726949 133722 35775 120401 37914 97996 23178
internal_count=3026251 11400 3014851 1820829 167103 1194022 860671 726949 133722 35775 120401 37914 97996 23178
is_linear=0
shrinkage=0.02


Tree=166
num_leaves=15
num_cat=0
split_feature=9 7 7 9 7 7 7 7 7 0 9 9 0 7
split_gain=390543 398220 2.53228e+06 1.78249e+06 892105 1.51074e+06 1.17295e+06 996844 1.5403e+06 1.68407e+06 1.34777e+06 1.65633e+06 2.14848e+06 1.09801e+06
threshold=0.8301217555999757 12683.662597656252 12641.291992187502 -0.68419089913368214 12545.775390625002 12487.211425781252 12513.354003906252 12241.801269531252 12161.177246093752 6012.5000000000009 -0.66327509284019459 -0.4200111180543899 3152.5000000000005 12035.318359375002
decision_type=2 2 2 2 2 2 2 2 2 2 2 2 2 2
left_child=1 2 4 -4 5 7 -7 8 13 -10 -9 12 -12 -1
right_child=-2 -3 3 -5 -6 6 -8 10 9 -11 11 -13 -14 -15
leaf_value=0.00080017388458253434 -0.14099251635769591 -0.031176923195755473 0.53444852423441969 0.11450934089482584 -0.064926028346463882 0.19851800774926873 0.039923286166114118 0.13316823267336594 0.051289433907021585 0.55042354553710249 -0.25185628167066454 -0.078599603645584673 -1.2695436446057891 -0.049120352296899664
leaf_weight=2209758 7828 152013 4633 31381 82383 24004 83603 10584 165253 2739 4382 55168 1016 191506
leaf_count=2209758 7828 152013 4633 31381 82383 24004 83603 10584 165253 2739 4382 55168 1016 191506
internal_value=8.2658e-07 0.000366952 0.00203991 0.168666 -8.08213e-05 0.0018634 0.0753165 -0.00113037 0.000914754 0.0594599 -0.0749706 -0.11136 -0.4454 -0.00318128
internal_weight=3.02625e+06 3.01842e+06 2.86641e+06 36014 2.8304e+06 2.74801e+06 107607 2.64041e+06 2.56926e+06 167992 71150 60566 5398 2.40126e+06
internal_count=3026251 3018423 2866410 36014 2830396 2748013 107607 2640406 2569256 167992 71150 60566 5398 2401264
is_linear=0
shrinkage=0.02


Tree=167
num_leaves=15
num_cat=0
split_feature=8 7 0 4 7 7 8 4 8 0 4 7 8 1
split_gain=389184 1.22045e+06 1.13028e+06 653187 521306 2.35615e+06 3.44873e+06 1.52205e+06 1.26393e+06 1.2496e+06 1.24314e+06 1.08772e+06 936888 807890
threshold=-0.99445033073425282 11365.117187500002 2367.5000000000005 -175.52500152587888 12140.214355468752 12205.471191406252 -0.85837611556053151 -228.83499908447263 0.82817849516868602 5374.5000000000009 -66.865001678466783 12040.396972656252 0.88779377937316906 62.894773483276374
decision_type=2 2 2 2 2 2 2 2 2 2 2 2 2 2
left_child=1 3 -3 -1 7 6 10 -2 -8 12 -6 -9 -10 -13
right_child=4 2 -4 -5 5 -7 8 11 9 -11 -12 13 -14 -15
leaf_value=0.28617186763972646 -0.13408098458466294 -0.0039562613349310525 -0.11383809886285287 0.039476170497944454 0.57245802235973031 0.0017784846677918794 -0.026118891947742064 0.0029169345202454799 0.41583417877502776 0.57578446449552267 -0.021549199870196673 0.019621283517449312 0.084149770595035811 -0.092445769536046274
leaf_weight=4849 34637 82279 68711 36914 8027 505611 32550 2081966 3707 2440 1708 36888 40926 85038
leaf_count=4849 34637 82279 68711 36914 8027 505611 32550 2081966 3707 2440 1708 36888 40926 85038
internal_value=7.92665e-07 -0.0274974 -0.0539645 0.0681815 0.0018715 0.0185112 0.113178 -0.00255115 0.0697032 0.135954 0.468323 -0.000483376 0.111785 -0.0585415
internal_weight=3.02625e+06 192753 150990 41763 2.8335e+06 594969 89358 2.23853e+06 79623 47073 9735 2.20389e+06 44633 121926
internal_count=3026251 192753 150990 41763 2833498 594969 89358 2238529 79623 47073 9735 2203892 44633 121926
is_linear=0
shrinkage=0.02


Tree=168
num_leaves=15
num_cat=0
split_feature=0 8 4 0 16 4 3 4 4 8 8 4 8 4
split_gain=374028 385964 921613 832326 359374 355196 323179 802222 571746 474287 338970 490759 408452 333257
threshold=8272.5000000000018 -0.99445033073425282 -180.56000518798825 2564.5000000000005 -22.499999999999996 1.294999957084656 2.6910753250122075 -175.52500152587888 -200.56500244140622 -0.93786895275115956 -0.85837611556053151 -45.575000762939446 -0.93622487783431996 239.73500061035159
decision_type=2 2 2 2 2 2 2 2 2 2 2 2 2 2
left_child=1 2 -1 -4 -3 -5 7 9 -8 -6 11 12 -10 -9
right_child=-2 4 3 5 6 -7 8 13 10 -11 -12 -13 -14 -15
leaf_value=0.22620073402966293 -0.11429187327984755 0.029705369393932056 0.00026114171377847518 -0.080382573139607061 0.35918975429131444 -0.44170248392372652 -0.063918794913658067 0.012537782953785308 0.012287747759103445 0.096784474059848608 -0.0040763445541070658 -0.023232971620694022 0.072574742412026494 -0.12966115129963965
leaf_weight=5576 11400 179276 111461 74621 3470 1095 59559 447758 105978 13298 1854391 73624 78063 6681
leaf_count=5576 11400 179276 111461 74621 3470 1095 59559 447758 105978 13298 1854391 73624 78063 6681
internal_value=8.83215e-07 0.000433441 -0.0269472 -0.0345003 0.00230367 -0.0856659 0.000444762 0.0154588 -0.00281311 0.15127 -0.00108965 0.0204046 0.0378618 0.0104444
internal_weight=3.02625e+06 3.01485e+06 192753 187177 2.8221e+06 75716 2.64282e+06 471207 2.17162e+06 16768 2.11206e+06 257665 184041 454439
internal_count=3026251 3014851 192753 187177 2822098 75716 2642822 471207 2171615 16768 2112056 257665 184041 454439
is_linear=0
shrinkage=0.02


Tree=169
num_leaves=15
num_cat=0
split_feature=5 4 9 9 0 6 0 7 7 7 9 7 6 0
split_gain=397508 529262 2.1709e+06 1.39062e+06 1.05587e+06 1.00459e+06 985224 864224 805703 603692 498880 409329 892212 877707
threshold=0.082499999552965178 251.41500091552737 -0.67379364371299733 -0.63895034790039051 6648.5000000000009 107.80378723144533 5269.5000000000009 12788.276855468752 11021.642089843752 11440.685058593752 -0.27933107316493982 10886.141601562502 52.396627426147468 1460.5000000000002
decision_type=2 2 2 2 2 2 2 2 2 2 2 2 2 2
left_child=1 11 -3 4 8 7 -7 10 -4 -10 -5 12 -1 -14
right_child=-2 2 3 5 -6 6 -8 -9 9 -11 -12 -13 13 -15
leaf_value=-0.097255756573081983 0.059854722460000655 0.29278845842367118 -1.1445255902279787 0.028842439781932044 -0.19491598300686902 -0.92936539989285705 -0.056763809021514719 -0.39732199929747636 0.32000421498503001 -0.92839583004222193 0.62029807468861298 -0.0027915965903477762 -0.020568848606866287 0.053521742712941668
leaf_weight=23601 43732 4263 1345 6778 1740 1058 1007 1912 326 279 613 2641275 92852 205470
leaf_count=23601 43732 4263 1345 6778 1740 1058 1007 1912 326 279 613 2641275 92852 205470
internal_value=8.62415e-07 -0.000876952 -0.105187 -0.217977 -0.554795 -0.108254 -0.506174 -0.0194765 -0.873274 -0.261406 0.0786716 -0.000196458 0.0210952 0.0304612
internal_weight=3.02625e+06 2.98252e+06 19321 15058 3690 11368 2065 9303 1950 605 7391 2.9632e+06 321923 298322
internal_count=3026251 2982519 19321 15058 3690 11368 2065 9303 1950 605 7391 2963198 321923 298322
is_linear=0
shrinkage=0.02


Tree=170
num_leaves=15
num_cat=0
split_feature=5 4 8 8 0 1 0 8 8 1 4 8 9 0
split_gain=381772 508548 2.08534e+06 1.33612e+06 1.01454e+06 848336 970884 657665 526080 398660 438770 327482 1.13656e+06 825579
threshold=0.082499999552965178 251.41500091552737 0.73891955614089977 0.7692478895187379 6648.5000000000009 108.80887985229494 5269.5000000000009 0.95892572402954113 0.75552397966384899 91.960784912109389 -278.60499572753901 0.93684044480323803 0.16236701607704165 3436.5000000000005
decision_type=2 2 2 2 2 2 2 2 2 2 2 2 2 2
left_child=1 9 -3 4 8 7 -7 -5 -4 11 -11 -1 -13 -14
right_child=-2 2 3 5 -6 6 -8 -9 -10 10 -12 12 13 -15
leaf_value=0.008872052868540356 0.058657901538972899 0.28694639303009989 -0.044880657896295299 -0.070219987244068444 -0.19103993911464834 -0.90640605575694466 -0.029815420680172317 0.60485535427204618 -0.98864579554125132 -0.18920172894269804 -0.0087322731106851958 6.2214965346663574e-06 -0.034472068267024772 -0.24462099274719559
leaf_weight=1592380 43732 4263 276 8746 1740 1023 991 608 1674 5405 1114332 220971 16293 13817
leaf_count=1592380 43732 4263 276 8746 1740 1023 991 608 1674 5405 1114332 220971 16293 13817
internal_value=6.86244e-07 -0.000859578 -0.103108 -0.213653 -0.543804 -0.106102 -0.477363 -0.0257396 -0.855987 -0.000192533 -0.0096051 0.00552477 -0.0157035 -0.130956
internal_weight=3.02625e+06 2.98252e+06 19321 15058 3690 11368 2014 9354 1950 2.9632e+06 1.11974e+06 1.84346e+06 251081 30110
internal_count=3026251 2982519 19321 15058 3690 11368 2014 9354 1950 2963198 1119737 1843461 251081 30110
is_linear=0
shrinkage=0.02


Tree=171
num_leaves=15
num_cat=0
split_feature=9 7 7 9 4 8 7 7 7 0 7 4 7 0
split_gain=375951 383128 2.42764e+06 1.71089e+06 1.71058e+06 1.26212e+06 860342 1.44823e+06 1.1292e+06 966205 954314 4.83808e+06 1.43748e+06 1.54891e+06
threshold=0.8301217555999757 12683.662597656252 12641.291992187502 -0.68419089913368214 -79.244998931884751 0.80688521265983593 12545.775390625002 12487.211425781252 12513.354003906252 3068.5000000000005 12241.801269531252 125.25500106811525 12161.177246093752 6012.5000000000009
decision_type=2 2 2 2 2 2 2 2 2 2 2 2 2 2
left_child=1 2 6 -4 -5 -3 7 10 9 -9 12 -12 -1 -14
right_child=-2 5 3 4 -6 -7 -8 8 -10 -11 11 -13 13 -15
leaf_value=-0.0030535421713272547 -0.13833377097001825 0.01538540187691931 0.52350902986454595 0.51848860671493746 0.058430688542148806 -0.10282393912251202 -0.063756076616110519 0.07989959933260983 0.039023979104178819 0.33500644075178782 -0.047946136297615245 -1.144378382442067 0.04962508883312447 0.52831010015455759
leaf_weight=2401264 7828 92907 4633 3650 27731 59106 82383 13217 83603 10787 69512 1638 165253 2739
leaf_count=2401264 7828 92907 4633 3650 27731 59106 82383 13217 83603 10787 69512 1638 165253 2739
internal_value=5.56159e-07 0.000359777 0.00200073 0.165148 0.11209 -0.0305806 -7.57237e-05 0.00183357 0.0737509 0.194633 -0.0010976 -0.0733455 0.000903419 0.0574608
internal_weight=3.02625e+06 3.01842e+06 2.86641e+06 36014 31381 152013 2.8304e+06 2.74801e+06 107607 24004 2.64041e+06 71150 2.56926e+06 167992
internal_count=3026251 3018423 2866410 36014 31381 152013 2830396 2748013 107607 24004 2640406 71150 2569256 167992
is_linear=0
shrinkage=0.02


Tree=172
num_leaves=15
num_cat=0
split_feature=17 7 7 7 7 8 6 9 6 7 9 7 7 8
split_gain=364690 378159 3.04433e+06 1.36318e+06 1.70106e+06 2.62649e+06 1.15797e+06 1.42919e+06 1.10225e+06 873972 1.86302e+06 1.28414e+06 814690 813290
threshold=0.11005010083317758 11203.908691406252 11281.717285156252 11128.710937500002 11021.642089843752 -0.84077408909797657 126.24489593505861 -0.23959962278604505 123.00925445556642 11228.336914062502 0.58549055457115184 11248.801757812502 11181.197753906252 -0.99445033073425282
decision_type=2 2 2 2 2 2 2 2 2 2 2 2 2 2
left_child=-1 3 8 4 6 -6 -2 -8 9 -3 -11 -12 -5 -4
right_child=1 2 13 12 5 -7 7 -9 -10 10 11 -13 -14 -15
leaf_value=0.072305355181853215 -0.00032165244368092838 -0.052047022118863681 -0.038729908678001759 0.078356702541514209 0.18511518713075056 -0.12330603442442252 0.2483304936874578 -0.01760140580566873 -0.31039497424042306 0.012107843981120222 -0.19278650869223821 -0.55818303111423961 0.015191771320569836 0.0067562986255157173
leaf_weight=27638 732047 126098 176207 143572 12671 85615 16985 15414 8437 13445 13770 5340 189458 1459554
leaf_count=27638 732047 126098 176207 143572 12671 85615 16985 15414 8437 13445 13770 5340 189458 1459554
internal_value=5.88095e-07 -0.000666072 -0.00645035 0.00805484 -0.00521269 -0.0835295 0.00485755 0.121845 -0.0877646 -0.0759064 -0.168278 -0.295131 0.0424243 0.00185623
internal_weight=3.02625e+06 2.99861e+06 1.80285e+06 1.19576e+06 862732 98286 764446 32399 167090 158653 32555 19110 333030 1.63576e+06
internal_count=3026251 2998613 1802851 1195762 862732 98286 764446 32399 167090 158653 32555 19110 333030 1635761
is_linear=0
shrinkage=0.02


Tree=173
num_leaves=15
num_cat=0
split_feature=5 0 7 6 0 0 8 8 8 7 7 7 7 8
split_gain=370615 502091 432421 802374 839390 663172 644995 824961 700577 2.58947e+06 1.53484e+06 861430 1.30723e+06 1.02137e+06
threshold=0.077500000596046462 4917.5000000000009 10886.141601562502 52.396627426147468 1441.5000000000002 4362.5000000000009 0.92462494969367992 0.99928829073905956 -0.91586777567863453 10833.810546875002 10789.720703125002 10626.541503906252 10640.863281250002 -1.0000000180025095e-35
decision_type=2 2 2 2 2 2 2 2 2 2 2 2 2 2
left_child=2 -2 3 5 -5 -1 8 -8 9 -6 11 -10 -13 -14
right_child=1 -3 -4 4 6 -7 7 -9 10 -11 -12 12 13 -15
leaf_value=-0.10969129124703191 0.028993169052506058 0.21655030867112829 -0.0036960700535660545 -0.020733489562507673 0.52626894464567786 0.54270399864303898 0.15395174383708043 -0.61004414070830193 -0.024755258221829782 0.029934643174032109 -0.066204402820976532 0.41787013893035707 0.21914790964551487 0.036194050789408301
leaf_weight=22751 58531 6317 2641247 91101 5332 631 28781 567 28610 19754 52242 4967 16226 49194
leaf_count=22751 58531 6317 2641247 91101 5332 631 28781 567 28610 19754 52242 4967 16226 49194
internal_value=5.3144e-07 0.0472944 -0.00103525 0.0209156 0.0298037 -0.09186 0.0521887 0.138988 0.0377345 0.135598 0.0214938 0.0677754 0.105385 0.0815986
internal_weight=3.02625e+06 64848 2.9614e+06 320156 296774 23382 205673 29348 176325 25086 151239 98997 70387 65420
internal_count=3026251 64848 2961403 320156 296774 23382 205673 29348 176325 25086 151239 98997 70387 65420
is_linear=0
shrinkage=0.02


Tree=174
num_leaves=15
num_cat=0
split_feature=7 7 9 4 8 7 7 7 0 7 4 7 0 4
split_gain=361711 2.33933e+06 1.64407e+06 1.64705e+06 1.21396e+06 818589 1.40329e+06 1.08551e+06 926892 907463 4.64952e+06 1.40187e+06 1.49054e+06 1.25747e+06
threshold=12683.662597656252 12641.291992187502 -0.6304970085620879 -79.244998931884751 0.80688521265983593 12545.775390625002 12487.211425781252 12513.354003906252 3068.5000000000005 12241.801269531252 125.25500106811525 12161.177246093752 6404.5000000000009 83.064998626708999
decision_type=2 2 2 2 2 2 2 2 2 2 2 2 2 2
left_child=1 5 -3 -4 -2 6 9 8 -8 11 -11 -1 13 -13
right_child=4 2 3 -5 -6 -7 7 -9 -10 10 -12 12 -14 -15
leaf_value=-0.0034116509416679316 0.015016001190055089 0.51041382603499363 0.50807323543417726 0.05658103906822156 -0.10091639465784794 -0.062560431309889364 0.078357433949877514 0.038163450505231844 0.32822060685752746 -0.047017223567438295 -1.1218706368937077 0.020068640620642064 0.66971377199015036 0.14969284206646663
leaf_weight=2409092 92907 4694 3650 27670 59106 82383 13217 83603 10787 69512 1638 127301 1560 39131
leaf_count=2409092 92907 4694 3650 27670 59106 82383 13217 83603 10787 69512 1638 127301 1560 39131
internal_value=6.094e-07 0.00159081 0.161746 0.109343 -0.0300646 -0.000441944 0.00141524 0.0722119 0.190733 -0.00146174 -0.0719167 0.000483701 0.056342 0.0505528
internal_weight=3.02625e+06 2.87424e+06 36014 31320 152013 2.83822e+06 2.75584e+06 107607 24004 2.64823e+06 71150 2.57708e+06 167992 166432
internal_count=3026251 2874238 36014 31320 152013 2838224 2755841 107607 24004 2648234 71150 2577084 167992 166432
is_linear=0
shrinkage=0.02


Tree=175
num_leaves=15
num_cat=0
split_feature=5 4 8 8 6 7 7 7 7 8 7 6 8 1
split_gain=359931 581456 1.95063e+06 1.25945e+06 936330 777264 766666 609228 562984 477972 400501 820707 658387 710613
threshold=0.077500000596046462 251.41500091552737 0.74366798996925365 0.7692478895187379 107.80378723144533 12788.276855468752 11008.638671875002 11015.070312500002 11440.685058593752 0.95892572402954113 10886.141601562502 52.396627426147468 0.92534694075584423 109.77354049682619
decision_type=2 2 2 2 2 2 2 2 2 2 2 2 2 2
left_child=1 10 -3 6 5 9 -4 -8 -9 -5 11 -1 -13 -14
right_child=-2 2 3 4 -6 -7 7 8 -10 -11 -12 12 13 -15
leaf_value=-0.094021836182201973 0.046607939754250163 0.26930337657123954 -0.21470704828439249 0.016754527906070651 -0.51056866503638021 -0.38533412259300776 -1.0309675488347825 0.33369997085279723 -0.89131592351260069 0.59353008626946935 -0.0028835562232121586 0.018080360955390031 0.082409159414986929 0.41428191622413202
leaf_weight=23056 64848 4155 1565 6451 1956 1912 1411 304 279 621 2624516 255510 36901 2766
leaf_count=23056 64848 4155 1565 6451 1956 1912 1411 304 279 621 2624516 255510 36901 2766
internal_value=6.66364e-07 -0.00102007 -0.112299 -0.221767 -0.115215 -0.028664 -0.548052 -0.807292 -0.257653 0.0681712 -0.000314294 0.0208742 0.0298515 0.10565
internal_weight=3.02625e+06 2.9614e+06 18654 14499 10940 8984 3559 1994 583 7072 2.94275e+06 318233 295177 39667
internal_count=3026251 2961403 18654 14499 10940 8984 3559 1994 583 7072 2942749 318233 295177 39667
is_linear=0
shrinkage=0.02


Tree=176
num_leaves=15
num_cat=0
split_feature=9 5 1 5 9 6 5 9 1 9 9 10 9 11
split_gain=360677 343440 362765 286386 277074 1.0451e+06 254816 342534 253741 251095 248544 236756 281451 244416
threshold=0.8301217555999757 0.082499999552965178 89.169589996337905 -0.032499999739229672 -0.67629325389862049 102.47717666625978 0.11250000074505807 -0.86513796448707569 117.47762680053712 -0.084905855357646928 0.74366798996925365 0.30000000447034841 -0.32445363700389857 0.77455627918243419
decision_type=2 2 2 2 2 2 2 2 2 2 2 2 2 2
left_child=1 2 10 9 5 6 7 -3 -2 -4 11 13 -13 -1
right_child=8 4 3 -5 -6 -7 -8 -9 -10 -11 -12 12 -14 -15
leaf_value=0.0021434411924083968 -0.11298256194093705 0.55850400941936595 0.11413225792769176 -0.0033806493805379925 0.027980353487027078 0.39892011372617026 -0.35601316701352986 -0.013509993214327226 -0.71538549931700701 -0.028451901882405525 0.085393771238471458 0.010300030205088954 -0.012908816569781623 0.023957258506593391
leaf_weight=431186 7547 446 5018 1000900 33408 4003 755 5120 281 284234 15479 378111 467295 392468
leaf_count=431186 7547 446 5018 1000900 33408 4003 755 5120 281 284234 15479 378111 467295 392468
internal_value=5.63491e-07 0.000352412 -0.000465655 -0.00844634 0.0559859 0.146494 -0.0137385 0.033241 -0.135495 -0.0259744 0.00564658 0.00490648 -0.00252855 0.0125378
internal_weight=3.02625e+06 3.01842e+06 2.97469e+06 1.29015e+06 43732 10324 6321 5566 7828 289252 1.68454e+06 1.66906e+06 845406 823654
internal_count=3026251 3018423 2974691 1290152 43732 10324 6321 5566 7828 289252 1684539 1669060 845406 823654
is_linear=0
shrinkage=0.02


Tree=177
num_leaves=15
num_cat=0
split_feature=17 7 7 7 7 6 6 7 7 7 7 7 1 7
split_gain=348848 348298 2.71114e+06 1.34586e+06 1.55913e+06 1.07253e+06 988127 818296 688379 893598 1.59753e+06 1.40043e+06 1.11002e+06 1.12433e+06
threshold=0.26572883129119879 11203.908691406252 11281.717285156252 11128.710937500002 11021.642089843752 126.24489593505861 125.06657028198244 11228.336914062502 11361.277832031252 11577.411621093752 11440.685058593752 11755.942382812502 39.409135818481452 11512.223632812502
decision_type=2 2 2 2 2 2 2 2 2 2 2 2 2 2
left_child=-1 3 6 4 5 -2 7 -3 -4 10 -10 -11 -12 -14
right_child=1 2 8 -5 -6 -7 -8 -9 9 11 12 -13 13 -15
leaf_value=0.018145897086005648 -0.002366110904688933 -0.052497674809462512 0.05064018791724155 0.042543101943575239 -0.084482845925406808 0.1227455047606849 -0.31928289310235469 -0.16740368272988107 -0.0044189686886360272 0.14573326984089663 0.64769519490471528 0.0014445135589398399 -0.08561760912215842 -0.30777068537141378
leaf_weight=371735 655314 118350 100492 296019 92823 28594 7016 31356 217812 27648 767 990216 77794 10315
leaf_count=371735 655314 118350 100492 296019 92823 28594 7016 31356 217812 27648 767 990216 77794 10315
internal_value=5.50797e-07 -0.00254055 -0.00850664 0.0062564 -0.00757312 0.00286646 -0.0874597 -0.0765745 0.000176914 -0.00365201 -0.0335784 0.00536521 -0.105032 -0.111657
internal_weight=3.02625e+06 2.65452e+06 1.58177e+06 1.07275e+06 776731 683908 156722 149706 1.42504e+06 1.32455e+06 306688 1.01786e+06 88876 88109
internal_count=3026251 2654516 1581766 1072750 776731 683908 156722 149706 1425044 1324552 306688 1017864 88876 88109
is_linear=0
shrinkage=0.02


Tree=178
num_leaves=15
num_cat=0
split_feature=0 5 0 17 1 8 9 0 1 3 1 0 5 9
split_gain=350879 356967 394082 341348 330117 368712 1.03813e+06 852152 1.08839e+06 596993 371901 317957 288365 332577
threshold=8272.5000000000018 0.082499999552965178 4880.5000000000009 0.11005010083317758 89.169589996337905 0.93684044480323803 0.12987381964921954 3612.5000000000005 41.90783882141114 4.7129826545715341 79.451461791992202 3612.5000000000005 -0.032499999739229672 0.8301217555999757
decision_type=2 2 2 2 2 2 2 2 2 2 2 2 2 2
left_child=1 3 -3 -1 5 -5 11 -8 -9 10 -10 -7 13 -6
right_child=-2 2 -4 4 12 6 7 8 9 -11 -12 -13 -14 -15
leaf_value=0.070265308353206116 -0.11069887828372506 0.036385686357578981 0.2307502220347723 0.0085689693357542292 -0.025378032405183309 -0.01696964463616692 -0.036895286253648261 0.7017116021823675 -0.50486535677029443 -0.13532352066294409 -0.15294429625364794 0.041333799154642005 -0.0036030235113500794 -0.48985451378133205
leaf_weight=27073 11400 38903 4665 1435809 285948 151402 16622 448 4989 5356 1596 49684 991748 608
leaf_count=27073 11400 38903 4665 1435809 285948 151402 16622 448 4989 5356 1596 49684 991748 608
internal_value=5.39868e-07 0.000419498 0.0572457 -0.000413929 -0.00106409 0.00480229 -0.0187011 -0.130523 -0.256007 -0.292497 -0.419935 -0.00256269 -0.00870924 -0.0263807
internal_weight=3.02625e+06 3.01485e+06 43568 2.97128e+06 2.94421e+06 1.66591e+06 230097 29011 12389 11941 6585 201086 1.2783e+06 286556
internal_count=3026251 3014851 43568 2971283 2944210 1665906 230097 29011 12389 11941 6585 201086 1278304 286556
is_linear=0
shrinkage=0.02


Tree=179
num_leaves=15
num_cat=0
split_feature=0 5 4 4 0 0 4 5 1 0 5 0 4 0
split_gain=336996 342846 408055 474546 684812 567177 333466 1.29523e+06 563637 414749 514970 399458 361968 449760
threshold=8272.5000000000018 0.082499999552965178 251.41500091552737 170.42499542236331 4362.5000000000009 3305.5000000000005 251.41500091552737 0.047500001266598708 66.103088378906264 5753.5000000000009 0.032499999739229686 4843.5000000000009 273.52999877929693 6118.5000000000009
decision_type=2 2 2 2 2 2 2 2 2 2 2 2 2 2
left_child=1 6 3 4 -3 -5 -1 8 9 -8 -11 -10 13 -9
right_child=-2 2 -4 5 -6 -7 7 12 11 10 -12 -13 -14 -15
leaf_value=0.00011209401224323992 -0.10848684097813747 0.048864140870549654 0.25597005423209263 0.23223624998331069 0.43377462994548965 -0.17812025797876938 -0.22789677976313094 0.12667273998974984 -0.48518175105162614 -1.0205695301923803 -0.016910932344580038 -0.093247531385455218 0.279688791324053 -0.43019483305861933
leaf_weight=2953653 11400 29479 3726 1675 1963 6725 1128 2159 1191 828 271 7837 3434 782
leaf_count=2953653 11400 29479 3726 1675 1963 6725 1128 2159 1191 828 271 7837 3434 782
internal_value=5.02921e-07 0.000411089 0.056102 0.0373505 0.0730259 -0.096112 -0.000405688 -0.0871046 -0.216053 -0.500391 -0.775482 -0.145434 0.14053 -0.0223454
internal_weight=3.02625e+06 3.01485e+06 43568 39842 31442 8400 2.97128e+06 17630 11255 2227 1099 9028 6375 2941
internal_count=3026251 3014851 43568 39842 31442 8400 2971283 17630 11255 2227 1099 9028 6375 2941
is_linear=0
shrinkage=0.02


Tree=180
num_leaves=15
num_cat=0
split_feature=16 17 4 16 9 9 9 13 17 17 9 4 9 4
split_gain=333948 365051 477925 388023 355816 345445 413679 292000 815041 774656 386359 443404 345966 290808
threshold=-23.100000381469723 0.30362538993358618 -239.11000061035153 10.700000286102297 0.40147879719734197 0.28528253734111791 0.16236701607704165 7.2999999523162851 0.64881289005279552 0.57601621747016918 0.25018208473920828 167.60500335693362 -0.56046268343925465 -132.02500152587888
decision_type=2 2 2 2 2 2 2 2 2 2 2 2 2 2
left_child=-1 3 4 -2 5 6 -3 8 -4 -9 11 -11 -10 -5
right_child=1 2 7 13 -6 -7 -8 9 12 10 -12 -13 -14 -15
leaf_value=0.029316856344310051 0.0007731898887125741 0.42592067031616715 -0.0027303985059849607 0.10781331742062003 -0.17348544608339633 0.014740265054988324 -0.36099254918917212 -0.0064386797132728558 0.13358924284680962 -0.019345906267431913 -0.12082387439083048 -0.18304425831235929 0.038671697118153554 0.026816701743973107
leaf_weight=147821 401366 301 1365327 19573 11467 12767 1941 687893 19644 58662 33953 7451 70388 187697
leaf_count=147821 401366 301 1365327 19573 11467 12767 1941 687893 19644 58662 33953 7451 70388 187697
internal_value=4.14405e-07 -0.00150521 -0.00519342 0.0122491 -0.0896538 -0.0255316 -0.253914 -0.00419621 0.00111316 -0.0140025 -0.0659932 -0.0378201 0.0593944 0.0344703
internal_weight=3.02625e+06 2.87843e+06 2.26979e+06 608636 26476 15009 2242 2.24332e+06 1.45536e+06 787959 100066 66113 90032 207270
internal_count=3026251 2878430 2269794 608636 26476 15009 2242 2243318 1455359 787959 100066 66113 90032 207270
is_linear=0
shrinkage=0.02


Tree=181
num_leaves=15
num_cat=0
split_feature=8 0 0 17 9 0 9 0 8 9 8 9 8 0
split_gain=345812 497847 633393 410811 341423 693869 528821 485311 534001 468910 417011 346811 503608 331689
threshold=-0.99445033073425282 5547.5000000000009 2444.5000000000005 0.1455325856804848 0.53606674075126659 908.50000000000011 -0.7377723455429076 1045.5000000000002 0.65655234456062328 0.46213567256927496 -0.62652868032455433 0.8301217555999757 -0.70835387706756581 5753.5000000000009
decision_type=2 2 2 2 2 2 2 2 2 2 2 2 2 2
left_child=1 2 -1 -2 5 -5 10 -6 11 -8 -7 12 -9 -12
right_child=3 -3 -4 4 7 6 9 8 -10 -11 13 -13 -14 -15
leaf_value=0.0025774777816524913 0.05973803433510904 0.24299863708130401 -0.07098244129158518 -0.019589624771616708 0.020368088054203166 0.3726404863187191 0.0076119920351616138 -0.027492092289973825 0.41946037099700911 0.12294228456722353 0.061132294578981491 -0.17553550382824121 0.023946032856969359 0.6003582141310928
leaf_weight=106505 48052 2705 83543 378827 153399 1871 1637369 463313 1095 14214 38096 5713 91097 452
leaf_count=106505 48052 2705 83543 378827 153399 1871 1637369 463313 1095 14214 38096 5713 91097 452
internal_value=4.00218e-07 -0.0259203 -0.0297606 0.00176379 0.00076345 0.00487679 0.0103547 -0.0111561 -0.019773 0.00860531 0.0818187 -0.0206391 -0.0190398 0.0676096
internal_weight=3.02625e+06 192753 190048 2.8335e+06 2.78545e+06 2.07083e+06 1.692e+06 714617 561218 1.65158e+06 40419 560123 554410 38548
internal_count=3026251 192753 190048 2833498 2785446 2070829 1692002 714617 561218 1651583 40419 560123 554410 38548
is_linear=0
shrinkage=0.02


Tree=182
num_leaves=15
num_cat=0
split_feature=7 7 9 8 7 7 7 7 5 7 8 7 9 9
split_gain=351742 2.23069e+06 1.57625e+06 1.16647e+06 792130 1.33833e+06 1.03857e+06 865179 1.62425e+06 1.33672e+06 1.17142e+06 1.11014e+06 1.04943e+06 1.02383e+06
threshold=12683.662597656252 12641.291992187502 -0.68419089913368214 0.80688521265983593 12545.775390625002 12487.211425781252 12513.354003906252 12241.801269531252 0.057499999180436141 12161.177246093752 0.91130837798118602 12202.979980468752 -0.66576555371284474 -0.30268207192420954
decision_type=2 2 2 2 2 2 2 2 2 2 2 2 2 2
left_child=1 4 -3 -2 5 7 -7 9 12 -1 -10 -11 -9 -13
right_child=3 2 -4 -5 -6 6 -8 8 10 11 -12 13 -14 -15
leaf_value=-0.0033032246168840781 0.014542457357301995 0.50193153915080746 0.10703355453876695 -0.099099521895283038 -0.061522689810027675 0.18647880878666531 0.037245316592509341 0.13767628781463442 -0.73761570011828581 0.11491470483484058 0.26909172337112458 0.079097427760144293 -0.083221770762733363 -0.05119049312535269
leaf_weight=2409092 92907 4633 31381 59106 82383 24004 83603 10085 2291 71296 573 46077 58201 50619
leaf_count=2409092 92907 4633 31381 59106 82383 24004 83603 10085 2291 71296 573 46077 58201 50619
internal_value=5.01402e-07 0.00156863 0.157961 -0.0296475 -0.000416356 0.00141056 0.0705494 -0.00139904 -0.070193 0.000500534 -0.535961 0.0550455 -0.0505822 0.0108951
internal_weight=3.02625e+06 2.87424e+06 36014 152013 2.83822e+06 2.75584e+06 107607 2.64823e+06 71150 2.57708e+06 2864 167992 68286 96696
internal_count=3026251 2874238 36014 152013 2838224 2755841 107607 2648234 71150 2577084 2864 167992 68286 96696
is_linear=0
shrinkage=0.02


Tree=183
num_leaves=15
num_cat=0
split_feature=7 7 9 4 7 9 4 0 9 0 9 9 7 3
split_gain=337817 2.14486e+06 1.31401e+06 1.70181e+06 865880 1.40877e+06 1.71164e+06 1.13541e+06 956939 863553 855139 676746 791944 733523
threshold=12683.662597656252 12665.208007812502 -0.68419089913368214 -79.244998931884751 12778.510742187502 -0.57933691143989552 29.244999885559086 2946.5000000000005 0.66953307390213024 1949.5000000000002 0.6816948950290681 -0.51891005039215077 12772.698730468752 6.4322810173034677
decision_type=2 2 2 2 2 2 2 2 2 2 2 2 2 2
left_child=1 -1 -3 10 5 6 -2 -7 -6 -10 -4 -9 -13 -14
right_child=4 2 3 -5 8 7 -8 11 9 -11 -12 12 13 -15
leaf_value=-4.9536765634791401e-05 -0.090172922445029266 0.49191452953236742 -0.058937902717486203 0.038766291723434293 0.0052111969856784698 -0.047195402794707721 0.26068156106252394 -0.51569546489059814 -0.055899340371444881 0.467577928888322 0.75340819813364701 -0.124599992809766 -0.2371204877152405 -0.77532161445346504
leaf_weight=2850204 12055 4633 674 16513 53024 43792 10310 2635 1949 3548 2214 20112 3077 1511
leaf_count=2850204 12055 4633 674 16513 53024 43792 10310 2635 1949 3548 2214 20112 3077 1511
internal_value=5.18889e-07 0.0015373 0.189643 0.117243 -0.0290547 -0.0668168 0.0716102 -0.110348 0.0312741 0.282207 0.564267 -0.211466 -0.178814 -0.415675
internal_weight=3.02625e+06 2.87424e+06 24034 19401 152013 93492 22365 71127 58521 5497 2888 27335 24700 4588
internal_count=3026251 2874238 24034 19401 152013 93492 22365 71127 58521 5497 2888 27335 24700 4588
is_linear=0
shrinkage=0.02


Tree=184
num_leaves=15
num_cat=0
split_feature=7 7 7 7 9 5 1 7 9 0 6 9 6 9
split_gain=330635 2.32557e+06 1.41025e+06 1.53909e+06 1.62881e+06 1.4387e+06 1.14652e+06 1.13117e+06 1.89805e+06 1.20076e+06 1.04795e+06 1.49698e+06 900883 992232
threshold=11200.229980468752 11281.717285156252 11128.710937500002 11021.642089843752 0.53606674075126659 1.0000000180025095e-35 76.100341796875014 11228.336914062502 0.5769755244255067 2107.5000000000005 123.9750328063965 -0.23959962278604505 106.91268157958986 0.38265013694763189
decision_type=2 2 2 2 2 2 2 2 2 2 2 2 2 2
left_child=2 7 3 10 5 -5 -6 12 -9 -10 -1 -12 -2 -14
right_child=1 -3 -4 4 6 -7 -8 8 9 -11 11 -13 13 -15
leaf_value=-0.00041423843646654556 -0.030740055943940383 0.0025907092229578914 0.045920488371287135 0.1611597538948876 -0.039248969493391614 -0.068623783060956081 -0.26995070774174867 0.014965911804871775 -0.031404543989867278 -0.37261753051975066 0.22437728962510439 -0.022133855603752341 -0.27837687109173742 0.025880443516947627
leaf_weight=731418 148257 1656260 297618 14118 13732 47680 23140 13463 5515 16387 20405 19044 12763 6451
leaf_count=731418 148257 1656260 297618 14118 13732 47680 23140 13463 5515 16387 20405 19044 12763 6451
internal_value=5.15424e-07 -0.00523746 0.00834379 -0.00451801 -0.0788867 -0.0161109 -0.184066 -0.0691556 -0.17192 -0.286753 0.00500196 0.105398 -0.0474456 -0.176263
internal_weight=3.02625e+06 1.8591e+06 1.16716e+06 869537 98670 61798 36872 202836 35365 21902 770867 39449 167471 19214
internal_count=3026251 1859096 1167155 869537 98670 61798 36872 202836 35365 21902 770867 39449 167471 19214
is_linear=0
shrinkage=0.02


Tree=185
num_leaves=15
num_cat=0
split_feature=8 4 4 9 8 4 9 5 4 3 6 6 3 4
split_gain=337317 856546 345951 328050 565356 412336 758042 695164 934336 608700 753850 466685 833258 746002
threshold=-0.99445033073425282 -180.56000518798825 1.294999957084656 0.53606674075126659 0.65655234456062328 -45.575000762939446 0.16236701607704165 0.062499998137354858 28.07499980926514 5.1855523586273202 54.052558898925788 46.12804031372071 2.028323888778687 -200.56500244140622
decision_type=2 2 2 2 2 2 2 2 2 2 2 2 2 2
left_child=1 -1 -3 5 -5 11 -7 8 -8 10 -10 -2 -13 -14
right_child=3 2 -4 4 -6 6 7 -9 9 -11 -12 12 13 -15
leaf_value=0.21844819907781787 -0.11285841511076235 -0.029073264576786266 -0.22710730688794237 -0.010646996289416868 0.37751879723028015 0.0057249345691546575 -0.022027699914071216 0.34630374138073072 0.66559258384387576 -0.045364448330610409 -0.26021115534005484 0.1823441819762058 -0.050041109369436433 0.039722576997008666
leaf_weight=5576 9102 183589 3588 725301 1494 1694286 96357 1777 351 11428 14891 14101 44525 219885
leaf_count=5576 9102 183589 3588 725301 1494 1694286 96357 1777 351 11428 14891 14101 44525 219885
internal_value=4.62364e-07 -0.0255998 -0.0328814 0.00174205 -0.00984387 0.00573914 0.00222077 -0.0453467 -0.0510316 -0.155772 -0.238468 0.0279911 0.0325982 0.0246055
internal_weight=3.02625e+06 192753 187177 2.8335e+06 726795 2.1067e+06 1.81909e+06 124804 123027 26670 15242 287613 278511 264410
internal_count=3026251 192753 187177 2833498 726795 2106703 1819090 124804 123027 26670 15242 287613 278511 264410
is_linear=0
shrinkage=0.02


Tree=186
num_leaves=15
num_cat=0
split_feature=8 4 0 17 4 8 8 0 4 0 16 6 4 8
split_gain=323962 824722 670514 387875 362723 511820 661235 383684 352159 315177 301383 271318 358298 679731
threshold=-0.99445033073425282 -200.56500244140622 2544.5000000000005 0.13067046552896502 -239.11000061035153 -0.96114355325698841 -0.91849520802497853 4392.5000000000009 -2.7450000047683711 3047.5000000000005 -23.100000381469723 75.632640838623061 251.41500091552737 0.7692478895187379
decision_type=2 2 2 2 2 2 2 2 2 2 2 2 2 2
left_child=1 -1 -3 9 5 -5 -7 -8 -4 -2 -6 12 -12 -14
right_child=3 2 8 4 10 6 7 -9 -10 -11 11 -13 13 -15
leaf_value=0.30669533145243144 0.019701065488713906 0.0015385373546466744 -0.069427716489174951 -0.38237299487532495 0.030695108659141667 0.046275633541915377 0.31650083067703988 -0.15826019870382546 -0.41305646641419663 0.13927005361642125 0.013220144241979715 -0.0034501273871217924 -0.41263650602036139 0.010637662294925073
leaf_weight=2941 22856 110686 77924 1902 135827 15757 704 15062 1202 14352 619005 2001278 2288 4467
leaf_count=2941 22856 110686 77924 1902 135827 15757 704 15062 1202 14352 619005 2001278 2288 4467
internal_value=5.24115e-07 -0.0250879 -0.0302446 0.00170729 0.000853593 -0.0646259 -0.0453382 -0.136872 -0.0746996 0.0658472 0.001646 0.000143939 0.0116382 -0.133125
internal_weight=3.02625e+06 192753 189812 2.8335e+06 2.79629e+06 33425 31523 15766 79126 37208 2.76286e+06 2.62704e+06 625760 6755
internal_count=3026251 192753 189812 2833498 2796290 33425 31523 15766 79126 37208 2762865 2627038 625760 6755
is_linear=0
shrinkage=0.02


Tree=187
num_leaves=15
num_cat=0
split_feature=13 3 4 9 9 4 0 4 0 6 4 4 9 0
split_gain=317052 347180 428937 544490 379782 518671 868522 522867 249569 240322 259793 220830 409321 385880
threshold=-9.0999999046325666 3.8851320743560795 -218.04499816894528 0.16236701607704165 -0.62499999999999989 170.42499542236331 2386.5000000000005 61.204999923706062 850.50000000000011 68.048450469970717 273.52999877929693 123.76499938964845 -0.75766631960868824 4956.5000000000009
decision_type=2 2 2 2 2 2 2 2 2 2 2 2 2 2
left_child=8 4 3 -3 5 6 -2 -8 -1 10 -7 -4 -13 -14
right_child=1 2 11 -5 -6 9 7 -9 -10 -11 -12 12 13 -15
leaf_value=-0.012757655580697524 0.002486001704935327 0.33526661254052165 -0.0055739314744395682 -0.10927784096248237 -0.0016841412559250558 -0.15042920841956128 0.30253058363746677 0.078671472853288502 0.015307688458948863 -0.026669154439975494 -0.80574018986327545 0.25562801928844303 -0.051808500861782576 0.0091463155297000793
leaf_weight=154456 100217 1142 1012743 25642 728095 3887 4414 74246 706077 23711 249 1990 127850 61532
leaf_count=154456 100217 1142 1012743 25642 728095 3887 4414 74246 706077 23711 249 1990 127850 61532
internal_value=4.77245e-07 -0.00408013 -0.0110585 -0.0902048 0.00510852 0.0290317 0.0415314 0.0912704 0.0102702 -0.0512463 -0.191734 -0.00929728 -0.0289999 -0.0320042
internal_weight=3.02625e+06 2.16572e+06 1.2309e+06 26784 934819 206724 178877 78660 860533 27847 4136 1.20412e+06 191372 189382
internal_count=3026251 2165718 1230899 26784 934819 206724 178877 78660 860533 27847 4136 1204115 191372 189382
is_linear=0
shrinkage=0.02


Tree=188
num_leaves=15
num_cat=0
split_feature=0 5 4 4 0 0 1 4 5 1 0 5 4 0
split_gain=311643 327133 392722 449354 651336 539260 319213 479272 531171 645086 381723 323299 303518 371838
threshold=8272.5000000000018 0.082499999552965178 251.41500091552737 170.42499542236331 4362.5000000000009 3305.5000000000005 91.960784912109389 251.41500091552737 0.042500000447034843 66.103088378906264 5753.5000000000009 0.027499999850988392 -107.47000122070311 4917.5000000000009
decision_type=2 2 2 2 2 2 2 2 2 2 2 2 2 2
left_child=1 6 3 4 -3 -5 7 -1 9 10 -9 -12 -8 -14
right_child=-2 2 -4 5 -6 -7 12 8 -10 -11 11 -13 13 -15
leaf_value=0.0055166635630882832 -0.10432633194566225 0.047551016206243676 0.25087208581109166 0.226692247459372 0.42293585685247465 -0.17343705409725349 -0.033812121840019908 -0.24199674114981848 0.037528923962239689 -0.11481428376847114 -1.0318103372247394 -0.2285123037785089 -0.0079150058259999934 0.040837976018135311
leaf_weight=1836631 11400 29479 3726 1675 1963 6725 165597 891 4799 4878 732 284 890173 67298
leaf_count=1836631 11400 29479 3726 1675 1963 6725 165597 891 4799 4878 732 284 890173 67298
internal_value=4.5654e-07 0.000395297 0.0547951 0.0363992 0.0711149 -0.0934723 -0.000402544 0.00470749 -0.123478 -0.237248 -0.548182 -0.811702 -0.00881204 -0.00448788
internal_weight=3.02625e+06 3.01485e+06 43568 39842 31442 8400 2.97128e+06 1.84822e+06 11584 6785 1907 1016 1.12307e+06 957471
internal_count=3026251 3014851 43568 39842 31442 8400 2971283 1848215 11584 6785 1907 1016 1123068 957471
is_linear=0
shrinkage=0.02


Tree=189
num_leaves=15
num_cat=0
split_feature=17 0 1 3 0 6 0 6 0 10 17 18 14 10
split_gain=304224 297714 279711 365237 257063 215977 258236 207751 192301 175139 171533 242390 179435 320205
threshold=0.078702233731746687 8272.5000000000018 80.724102020263686 2.3098465204238896 1360.5000000000002 86.936187744140639 2087.5000000000005 37.662981033325202 3543.5000000000005 -4.7000000476837149 0.27576006948947912 0.12288671359419824 0.83767241239547741 6.0999999046325692
decision_type=2 2 2 2 2 2 2 2 2 2 2 2 2 2
left_child=8 2 5 4 -4 7 -7 -2 -1 -9 11 -5 -12 -14
right_child=1 -3 3 10 -6 6 -8 9 -10 -11 12 -13 13 -15
leaf_value=0.041974315001191358 -0.050946082336337448 -0.102475801797404 -0.018360153752001566 0.0030832581889750311 0.04464943464001251 -0.030178777330428033 0.17404018222440859 0.018330218383218137 0.1945691405063365 0.0019816104713714982 -0.010604876143204697 0.086491394003975194 0.12253529726803346 -0.10938608387628022
leaf_weight=11068 24376 11389 35669 229441 94498 3954 6607 417245 4704 704936 1454820 14828 9554 3162
leaf_count=11068 24376 11389 35669 229441 94498 3954 6607 417245 4704 704936 1454820 14828 9554 3162
internal_value=3.87345e-07 -0.000458736 -7.09801e-05 -0.004912 0.027383 0.00763522 0.0976232 0.00680547 0.0875814 0.00806041 -0.0073679 0.00814984 -0.00995085 0.0648228
internal_weight=3.02625e+06 3.01048e+06 2.99909e+06 1.84197e+06 130167 1.15712e+06 10561 1.14656e+06 15772 1.12218e+06 1.7118e+06 244269 1.46754e+06 12716
internal_count=3026251 3010479 2999090 1841972 130167 1157118 10561 1146557 15772 1122181 1711805 244269 1467536 12716
is_linear=0
shrinkage=0.02


Tree=190
num_leaves=15
num_cat=0
split_feature=8 4 17 4 4 8 8 16 6 4 8 8 4 8
split_gain=310683 796712 364298 339674 326363 309824 345982 299613 280154 334077 796200 442718 317256 347058
threshold=-0.99445033073425282 -180.56000518798825 0.1455325856804848 -278.60499572753901 1.294999957084656 -0.96114355325698841 -0.91586777567863453 -22.100000381469723 75.632640838623061 190.21500396728518 0.79178315401077282 0.78501197695732128 -200.56500244140622 -0.84077408909797657
decision_type=2 2 2 2 2 2 2 2 2 2 2 2 2 2
left_child=1 -1 -2 5 -3 -4 -7 -5 9 -9 11 -11 -10 -14
right_child=2 4 3 7 -6 6 -8 8 12 10 -12 -13 13 -15
leaf_value=0.21080120239201869 0.056265547683290652 -0.027892370980539715 -0.57743959491812324 0.025756083402441763 -0.22023834043467422 0.00061006652440156431 -0.2341164009350285 0.014398354509041951 -0.054847277740495075 -0.14371944896052874 0.050046216269554418 -0.77405249438309054 0.019869424390750921 -0.0061364480550216392
leaf_weight=5576 48052 183589 527 185125 3588 6883 3945 587342 48350 13216 13833 452 233594 1692179
leaf_count=5576 48052 183589 527 185125 3588 6883 3945 587342 48350 13216 13833 452 233594 1692179
internal_value=4.04041e-07 -0.0245685 0.00167183 0.00072982 -0.0315911 -0.108386 -0.0850438 0.00117685 -0.000580778 0.0112079 -0.0569102 -0.165117 -0.00425243 -0.00298187
internal_weight=3.02625e+06 192753 2.8335e+06 2.78545e+06 187177 11355 10828 2.77409e+06 2.58897e+06 614843 27501 13668 1.97412e+06 1.92577e+06
internal_count=3026251 192753 2833498 2785446 187177 11355 10828 2774091 2588966 614843 27501 13668 1974123 1925773
is_linear=0
shrinkage=0.02


Tree=191
num_leaves=15
num_cat=0
split_feature=7 7 4 4 4 7 7 1 7 7 7 7 4 7
split_gain=335875 2.04891e+06 1.31061e+06 883685 919630 834246 998298 1.03821e+06 773109 1.27191e+06 993102 828885 4.36368e+06 1.2816e+06
threshold=12683.662597656252 12641.291992187502 99.134998321533217 -79.244998931884751 10.015000343322756 12778.510742187502 12764.483398437502 81.289573669433608 12545.775390625002 12487.211425781252 12513.354003906252 12241.801269531252 125.25500106811525 12161.177246093752
decision_type=2 2 2 2 2 2 2 2 2 2 2 2 2 2
left_child=1 8 3 -3 -5 6 -2 -8 9 11 -11 13 -13 -1
right_child=5 2 -4 4 -6 -7 7 -9 -10 10 -12 12 -14 -15
leaf_value=-0.0031690941718355535 -0.029324074094654616 0.48569352877111038 -0.19814913522090852 0.035760951618464161 0.26313408244513048 0.030245290157514995 -0.055632186770144955 -0.32854842945926294 -0.060737954261785805 0.18219977820841071 0.036269412050386508 -0.044517612332703779 -1.085806960342 0.053963886070917559
leaf_weight=2409092 71076 3650 3826 13525 15013 58521 12013 10403 82383 24004 83603 69512 1638 167992
leaf_count=2409092 71076 3650 3826 13525 15013 58521 12013 10403 82383 24004 83603 69512 1638 167992
internal_value=2.85939e-07 0.00153264 0.151417 0.193017 0.155426 -0.0289713 -0.0660372 -0.18238 -0.00036975 0.0014351 0.0688363 -0.00130389 -0.0686395 0.000555412
internal_weight=3.02625e+06 2.87424e+06 36014 32188 28538 152013 93492 22416 2.83822e+06 2.75584e+06 107607 2.64823e+06 71150 2.57708e+06
internal_count=3026251 2874238 36014 32188 28538 152013 93492 22416 2838224 2755841 107607 2648234 71150 2577084
is_linear=0
shrinkage=0.02


Tree=192
num_leaves=15
num_cat=0
split_feature=7 7 7 7 4 7 7 7 9 8 4 9 7 0
split_gain=323218 1.81147e+06 1.65359e+06 1.12956e+06 1.2158e+06 1.18959e+06 1.11981e+06 2.6839e+06 1.97056e+06 1.80005e+06 1.94067e+06 1.17718e+06 1.10704e+06 1.02875e+06
threshold=11192.181152343752 11153.163574218752 11310.519042968752 11218.415527343752 -134.42499542236325 11233.562988281252 11008.638671875002 10993.161621093752 -0.64436650276184071 -0.93786895275115956 -134.42499542236325 0.65893685817718517 11361.277832031252 2584.5000000000005
decision_type=2 2 2 2 2 2 2 2 2 2 2 2 2 2
left_child=1 6 3 -2 5 -5 7 -1 -9 -8 -11 13 -4 -10
right_child=2 -3 12 4 -6 -7 9 8 11 10 -12 -13 -14 -15
leaf_value=-0.0018974291474077648 -0.021840686259042986 0.06235159313587018 0.068745977033920019 -0.035369063414447857 -0.084855187567679777 -0.5581730011041216 0.17658916943296693 0.37658603277889152 0.11588339523611865 -0.32758281361349262 -0.050983198900924405 0.17541102593146665 -0.0011641625091488262 -0.32286485557961103
leaf_weight=698733 202539 204536 96269 2863 86371 4438 12671 12625 3974 10966 134341 14570 1536749 4606
leaf_count=698733 202539 204536 96269 2863 86371 4438 12671 12625 3974 10966 134341 14570 1536749 4606
internal_value=2.32463e-07 0.00866801 -0.00492855 -0.0484034 -0.105829 -0.353493 -0.0036355 0.00675433 0.175688 -0.0519398 -0.0718788 0.0660116 0.00295753 -0.119749
internal_weight=3.02625e+06 1.09702e+06 1.92923e+06 296211 93672 7301 892486 734508 35775 157978 145307 23150 1.63302e+06 8580
internal_count=3026251 1097022 1929229 296211 93672 7301 892486 734508 35775 157978 145307 23150 1633018 8580
is_linear=0
shrinkage=0.02


Tree=193
num_leaves=15
num_cat=0
split_feature=7 7 9 4 7 9 4 0 9 0 9 7 7 7
split_gain=322055 1.96852e+06 1.41458e+06 1.46636e+06 801227 1.34816e+06 1.54354e+06 1.08499e+06 925275 829759 747808 781145 741872 1.22251e+06
threshold=12683.662597656252 12641.291992187502 -0.6304970085620879 -79.244998931884751 12778.510742187502 -0.57362857460975636 28.07499980926514 2966.5000000000005 0.66953307390213024 1929.5000000000002 -0.51891005039215077 12772.698730468752 12545.775390625002 12487.211425781252
decision_type=2 2 2 2 2 2 2 2 2 2 2 2 2 2
left_child=1 12 -3 -4 5 6 -2 -7 -6 -10 -9 -12 13 -1
right_child=4 2 3 -5 8 7 -8 10 9 -11 11 -13 -14 -15
leaf_value=-0.0012812537825096456 -0.086717376263937759 0.47183309938327794 0.47602941785679492 0.050025244033093566 0.00403585547543332 -0.046613243690139 0.2422428505851196 -0.54715162544652041 -0.057649166230906025 0.45667806578455455 -0.12137487069311194 -0.41342496759141611 -0.059500062194678127 0.067483298706057876
leaf_weight=2648234 12067 4694 3650 27670 53024 43834 10806 2365 1929 3568 19937 4483 82383 107607
leaf_count=2648234 12067 4694 3650 27670 53024 43834 10806 2365 1929 3568 19937 4483 82383 107607
internal_value=1.98921e-07 0.0015007 0.148415 0.0998081 -0.0283691 -0.0646941 0.0687319 -0.107914 0.0296638 0.27641 -0.208177 -0.175137 -0.000363998 0.00140402
internal_weight=3.02625e+06 2.87424e+06 36014 31320 152013 93492 22873 70619 58521 5497 26785 24420 2.83822e+06 2.75584e+06
internal_count=3026251 2874238 36014 31320 152013 93492 22873 70619 58521 5497 26785 24420 2838224 2755841
is_linear=0
shrinkage=0.02


Tree=194
num_leaves=15
num_cat=0
split_feature=8 0 6 16 0 6 0 0 6 0 8 8 0 0
split_gain=310841 461930 568553 299956 294359 265676 248285 227261 218811 216673 184078 293067 712724 482667
threshold=-0.99445033073425282 2367.5000000000005 115.0654640197754 -23.100000381469723 8272.5000000000018 75.632640838623061 1578.5000000000002 5547.5000000000009 32.744432449340827 4278.5000000000009 -0.84077408909797657 -0.71333315968513478 2525.5000000000005 2167.5000000000005
decision_type=2 2 2 2 2 2 2 2 2 2 2 2 2 2
left_child=1 -1 7 6 5 8 -2 -3 -5 -4 -7 12 -12 -13
right_child=3 2 9 4 -6 10 -8 -9 -10 -11 11 13 -14 -15
leaf_value=0.0042308458631944946 -0.0071237741749378049 -0.078213691475771618 -0.00051916656494592516 -0.075047601425174998 -0.1036388907516571 0.012144963759315466 0.04924009320173002 0.16415045291106342 0.013468472255579445 0.20905050554438798 0.0051190749850608562 -0.014490042979878721 -0.046924934489728259 0.0097146778319253044
leaf_weight=103320 47167 79981 3947 11364 10868 280595 92677 1569 625716 3936 219477 579585 202230 763819
leaf_count=103320 47167 79981 3947 11364 10868 280595 92677 1569 625716 3936 219477 579585 202230 763819
internal_value=2.23397e-07 -0.0245749 -0.0578505 0.00167207 0.000189327 0.000610329 0.0302302 -0.0735309 0.0118884 0.104249 -0.00290194 -0.00529398 -0.0198392 -0.000727984
internal_weight=3.02625e+06 192753 89433 2.8335e+06 2.69365e+06 2.68279e+06 139844 81550 637080 7883 2.04571e+06 1.76511e+06 421707 1.3434e+06
internal_count=3026251 192753 89433 2833498 2693654 2682786 139844 81550 637080 7883 2045706 1765111 421707 1343404
is_linear=0
shrinkage=0.02


Tree=195
num_leaves=15
num_cat=0
split_feature=7 7 7 9 9 4 9 7 7 9 7 7 4 7
split_gain=321903 766458 899174 1.19261e+06 898526 894576 656176 736439 2.83213e+06 721437 635323 1.19682e+06 1.20332e+06 1.16083e+06
threshold=10886.141601562502 10817.519042968752 10795.694335937502 0.6210252344608308 -0.3996411263942718 -209.25499725341794 0.62500000000000011 10706.830566406252 10761.730957031252 -0.360153779387474 10689.769531250002 10761.730957031252 186.36499786376956 10626.541503906252
decision_type=2 2 2 2 2 2 2 2 2 2 2 2 2 2
left_child=1 2 6 4 -4 -3 9 -8 -9 10 13 -12 -13 -1
right_child=-2 5 3 -5 -6 -7 7 8 -10 -11 11 12 -14 -15
leaf_value=-0.035413683935722799 -0.0022930490447724337 0.42960635719880436 -0.079802276191563645 -0.29645308982487412 0.1623647153037005 0.05363728105662139 -0.023177309143039837 0.53597514396459256 0.022103571824413186 -0.0874706802040318 -0.14225061792320953 -0.0016161524927868188 0.35177257438099352 0.13663950033533248
leaf_weight=27013 2693347 2585 31930 8338 7574 103892 12454 6034 14787 29922 21768 24664 4558 37385
leaf_count=27013 2693347 2585 31930 8338 7574 103892 12454 6034 14787 29922 21768 24664 4558 37385
internal_value=2.2826e-07 0.0185535 -0.00225731 -0.0792506 -0.0333424 0.0628046 0.018372 0.0984713 0.171212 2.4112e-05 0.0227187 -0.0300179 0.0536056 0.0644738
internal_weight=3.02625e+06 332904 226427 47842 39504 106477 178585 33275 20821 145310 115388 50990 29222 64398
internal_count=3026251 332904 226427 47842 39504 106477 178585 33275 20821 145310 115388 50990 29222 64398
is_linear=0
shrinkage=0.02


Tree=196
num_leaves=15
num_cat=0
split_feature=7 7 9 7 9 0 7 9 0 0 7 9 7 7
split_gain=310736 1.88761e+06 1.35859e+06 768543 1.29712e+06 1.04141e+06 920033 890172 800186 796312 719765 725671 714768 1.17206e+06
threshold=12683.662597656252 12641.291992187502 -0.6304970085620879 12778.510742187502 -0.57933691143989552 3047.5000000000005 12772.698730468752 0.66953307390213024 1714.5000000000002 1988.5000000000002 12772.698730468752 -0.51891005039215077 12545.775390625002 12487.211425781252
decision_type=2 2 2 2 2 2 2 2 2 2 2 2 2 2
left_child=1 12 -3 4 6 -6 8 -5 -2 -9 11 -7 13 -1
right_child=3 2 -4 7 5 10 -8 9 -10 -11 -12 -13 -14 -15
leaf_value=-0.0012456500508680564 -0.031824495572116647 0.46229126671341808 0.097702191067427779 0.0038338366397100195 -0.047631228058657403 -0.49796845407065804 -0.26177621028222381 -0.048740447117325697 0.22799580799404279 0.45176343177997041 -0.44584418729819819 -0.11991969583985178 -0.058397554861079629 0.066085116428427459
leaf_weight=2648234 8164 4694 31320 53024 45427 2263 2909 1988 11292 3509 4210 19227 82383 107607
leaf_count=2648234 8164 4694 31320 53024 45427 2263 2909 1988 11292 3509 4210 19227 82383 107607
internal_value=2.91084e-07 0.00147419 0.145338 -0.027866 -0.0634424 -0.105213 0.0693859 0.0289709 0.11901 0.270992 -0.206934 -0.159944 -0.000351787 0.00138363
internal_weight=3.02625e+06 2.87424e+06 36014 152013 93492 71127 22365 58521 19456 5497 25700 21490 2.83822e+06 2.75584e+06
internal_count=3026251 2874238 36014 152013 93492 71127 22365 58521 19456 5497 25700 21490 2838224 2755841
is_linear=0
shrinkage=0.02


Tree=197
num_leaves=15
num_cat=0
split_feature=7 7 0 7 7 8 6 9 7 8 6 0 9 8
split_gain=311697 2.64859e+06 1.24783e+06 1.19599e+06 1.4435e+06 2.24398e+06 1.01396e+06 1.26922e+06 994904 1.46326e+06 1.12296e+06 957567 809666 859394
threshold=11203.908691406252 11281.717285156252 1988.5000000000002 11128.710937500002 11021.642089843752 -0.84077408909797657 126.24489593505861 -0.23959962278604505 11248.801757812502 0.6083776354789735 123.00925445556642 1694.5000000000002 0.70835387706756603 0.50153240561485302
decision_type=2 2 2 2 2 2 2 2 2 2 2 2 2 2
left_child=3 2 -2 4 6 -6 12 -8 10 -10 -4 -7 -1 -14
right_child=1 -3 8 -5 5 11 7 -9 9 -11 -12 -13 13 -15
leaf_value=-0.0047971487135401655 -0.016012878227096333 0.0024435561729726383 -0.089808153571114324 0.04011096804757918 0.17191735930024143 -0.0202246111750581 0.23320062215187856 -0.017149758004562067 -0.53117144859108623 0.056252045516325691 -0.37865385630306941 -0.16104436314833873 0.059119716001912112 0.37965110833411564
leaf_weight=702119 69107 1656260 84462 333351 12671 29297 17023 15443 5303 2489 5742 56702 32562 3720
leaf_count=702119 69107 1656260 84462 333351 12671 29297 17023 15443 5303 2489 5742 56702 32562 3720
internal_value=2.7127e-07 -0.0052131 -0.0810986 0.0079028 -0.00444501 -0.0764672 0.00477459 0.114148 -0.126991 -0.343696 -0.108235 -0.11308 -3.57947e-05 0.09208
internal_weight=3.02625e+06 1.82336e+06 167103 1.20289e+06 869537 98670 770867 32466 97996 7792 90204 85999 738401 36282
internal_count=3026251 1823363 167103 1202888 869537 98670 770867 32466 97996 7792 90204 85999 738401 36282
is_linear=0
shrinkage=0.02


Tree=198
num_leaves=15
num_cat=0
split_feature=8 0 0 13 14 14 0 0 14 8 14 8 14 0
split_gain=303365 444226 534272 303180 921495 827569 372828 357240 378362 221636 213373 189512 298838 286946
threshold=-0.99445033073425282 2367.5000000000005 5547.5000000000009 6.2999999523162851 0.68943035602569591 0.68415492773056041 2745.5000000000005 1026.5000000000002 0.82090514898300182 -0.71827605366706837 0.5491476058959962 -0.84077408909797657 0.36885446310043341 3371.5000000000005
decision_type=2 2 2 2 2 2 2 2 2 2 2 2 2 2
left_child=1 -1 -3 4 -2 10 -7 -6 -9 -8 11 12 13 -5
right_child=3 2 -4 5 7 6 9 8 -10 -11 -12 -13 -14 -15
leaf_value=0.0039707789463817728 0.0016117902338215831 -0.065551288382178982 0.21938632953252718 0.062080164022013107 -0.0061188027284898115 -0.022382708047849448 -0.14133771088363389 0.049475939857171108 0.14375502394163994 -0.06142685605036869 -0.011839096332172908 0.0030102218340042316 0.024479709245996944 0.32462166068494519
leaf_weight=103320 1619267 86728 2705 4431 39420 63846 22596 135925 19461 36063 378208 445421 66196 2664
leaf_count=103320 1619267 86728 2705 4431 39420 63846 22596 135925 19461 36063 378208 445421 66196 2664
internal_value=2.47338e-07 -0.0242775 -0.0569092 0.00165187 0.00655607 -0.00707515 -0.0558319 0.0476516 0.0612923 -0.0922285 -0.000415187 0.00791435 0.0377141 0.160979
internal_weight=3.02625e+06 192753 89433 2.8335e+06 1.81407e+06 1.01942e+06 122505 194806 155386 58659 896920 518712 73291 7095
internal_count=3026251 192753 89433 2833498 1814073 1019425 122505 194806 155386 58659 896920 518712 73291 7095
is_linear=0
shrinkage=0.02


Tree=199
num_leaves=15
num_cat=0
split_feature=9 8 0 6 17 0 13 17 17 16 0 9 0 16
split_gain=305692 299389 426630 530739 334313 292744 288074 896583 748587 488849 558497 369078 355550 343285
threshold=0.8301217555999757 -0.99445033073425282 2367.5000000000005 115.0654640197754 0.13067046552896502 3047.5000000000005 2.1000000238418584 0.6130577325820924 0.56424313783645641 -4.4999999999999991 2765.5000000000005 0.20045207440853122 1597.5000000000002 14.700000286102297
decision_type=2 2 2 2 2 2 2 2 2 2 2 2 2 2
left_child=1 2 -1 -4 5 -3 7 -6 -8 -10 -11 -12 -9 -14
right_child=-2 4 3 -5 6 -7 8 12 9 10 11 -13 13 -15
leaf_value=0.0038913710995955352 -0.12473978182660939 0.017067474359344581 -0.070920711927817376 0.10084547519015184 0.0024210948938684839 0.13234043495383835 -0.00056181202239591517 0.0077048439934946861 0.03778226075950953 -0.024566275793278646 -0.068473693285420092 -0.17416424796568791 0.091586338529032307 -0.05968962187963401
leaf_weight=103320 7828 22854 81550 7883 1393274 14337 1133910 38868 21189 59557 31178 22961 81069 6473
leaf_count=103320 7828 22854 81550 7883 1393274 14337 1133910 38868 21189 59557 31178 22961 81069 6473
internal_value=2.77252e-07 0.000324198 -0.0237918 -0.0557707 0.00196936 0.061529 0.00117476 0.00704853 -0.00586045 -0.0503999 -0.0668361 -0.113323 0.0580471 0.080395
internal_weight=3.02625e+06 3.01842e+06 192753 89433 2.82567e+06 37191 2.78848e+06 1.51968e+06 1.2688e+06 134885 113696 54139 126410 87542
internal_count=3026251 3018423 192753 89433 2825670 37191 2788479 1519684 1268795 134885 113696 54139 126410 87542
is_linear=0
shrinkage=0.02


Tree=200
num_leaves=15
num_cat=0
split_feature=9 8 4 0 4 0 16 6 4 14 4 8 8 6
split_gain=293601 287532 713137 692852 309890 277068 265827 266375 378927 360600 328915 645002 1.07716e+06 328737
threshold=0.8301217555999757 -0.99445033073425282 -175.52500152587888 2564.5000000000005 1.294999957084656 8272.5000000000018 -23.100000381469723 75.632640838623061 -200.56500244140622 0.50081974267959606 251.41500091552737 0.7692478895187379 0.75552397966384899 64.584335327148452
decision_type=2 2 2 2 2 2 2 2 2 2 2 2 2 2
left_child=1 2 -1 -4 -5 6 -3 10 9 -9 -8 12 -12 -13
right_child=-2 5 3 4 -6 -7 7 8 -10 -11 11 13 -14 -15
leaf_value=0.18758304672767367 -0.12224816927081414 0.029268361450693718 0.001306188151337522 -0.072308593879745406 -0.40981387715749612 -0.09642622047217439 0.013777823198120733 0.012345200601430042 -0.0011310007932052411 -0.092250182761050098 -0.03640966453478317 0.23028245123855462 -0.91833656923596263 -0.11985187690481308
leaf_weight=6197 7828 139253 111461 74000 1095 11400 625472 20904 1986133 35681 1347 1711 932 2837
leaf_count=6197 7828 139253 111461 74000 1095 11400 625472 20904 1986133 35681 1347 1711 932 2837
internal_value=2.63161e-07 0.000317714 -0.023316 -0.0303314 -0.0772841 0.00192997 0.00232874 0.000926231 -0.00258509 -0.0536142 0.0122699 -0.125699 -0.39952 0.0120838
internal_weight=3.02625e+06 3.01842e+06 192753 186556 75095 2.82567e+06 2.81427e+06 2.67502e+06 2.04272e+06 56585 632299 6827 2279 4548
internal_count=3026251 3018423 192753 186556 75095 2825670 2814270 2675017 2042718 56585 632299 6827 2279 4548
is_linear=0
shrinkage=0.02


Tree=201
num_leaves=15
num_cat=0
split_feature=7 7 7 9 9 6 7 8 7 7 8 8 8 6
split_gain=304811 735192 864821 1.14345e+06 863396 761846 617423 2.72959e+06 1.52543e+06 1.041e+06 2.61304e+06 747458 839134 699874
threshold=10886.141601562502 10817.519042968752 10795.694335937502 0.6210252344608308 -0.3996411263942718 50.552278518676765 10955.337890625002 -0.88469886779785145 10918.357421875002 10926.682617187502 0.98550301790237438 0.72930297255516063 0.78501197695732128 111.92370605468751
decision_type=2 2 2 2 2 2 2 2 2 2 2 2 2 2
left_child=1 2 5 4 -4 -1 7 8 -2 10 11 -9 -13 -11
right_child=6 -3 3 -5 -6 -7 -8 9 -10 13 -12 12 -14 -15
leaf_value=-0.093851054310361434 -0.10212245640340864 0.061393259004064123 -0.078426498337418618 -0.29051442048467052 0.15895935507914496 0.033170460234605306 0.00057431903044637361 0.057585993617632537 -0.36974885367567678 -0.056997374080645584 -0.16323870583404404 0.36276395426758867 0.095293201985207895 0.049390319601938154
leaf_weight=21458 28370 106477 31930 8338 7574 157127 2480413 12476 12173 94461 12398 11725 7833 33498
leaf_count=21458 28370 106477 31930 8338 7574 157127 2480413 12476 12173 94461 12398 11725 7833 33498
internal_value=1.65232e-07 0.0180541 -0.00232779 -0.077836 -0.0328839 0.0179036 -0.0022314 -0.034913 -0.182549 -0.000183268 0.0832094 0.178613 0.255746 -0.0291446
internal_weight=3.02625e+06 332904 226427 47842 39504 178585 2.69335e+06 212934 40543 172391 44432 32034 19558 127959
internal_count=3026251 332904 226427 47842 39504 178585 2693347 212934 40543 172391 44432 32034 19558 127959
is_linear=0
shrinkage=0.02


Tree=202
num_leaves=15
num_cat=0
split_feature=7 7 9 4 9 7 9 4 0 9 0 9 7 3
split_gain=301350 1.8101e+06 1.13467e+06 1.52629e+06 824166 741210 1.24522e+06 1.44599e+06 1.00365e+06 855824 766137 694276 719990 697149
threshold=12683.662597656252 12665.208007812502 -0.68419089913368214 -79.244998931884751 0.6816948950290681 12778.510742187502 -0.57362857460975636 28.07499980926514 2966.5000000000005 0.66953307390213024 1910.5000000000002 -0.51891005039215077 12772.698730468752 6.4322810173034677
decision_type=2 2 2 2 2 2 2 2 2 2 2 2 2 2
left_child=1 -1 -3 4 -4 6 7 -2 -8 -7 -11 -10 -13 -14
right_child=5 2 3 -5 -6 9 8 -9 11 10 -12 12 13 -15
leaf_value=-6.1433957783475716e-06 -0.084605582900583565 0.45514198829253227 -0.081178350229012347 0.032661283674748194 0.7160148358902485 0.0037276898862088721 -0.044959039432781421 0.23378943781082498 -0.52696484559510881 -0.057752677135945611 0.43758922069974832 -0.11689807813009413 -0.22028319561799165 -0.75003636601846979
leaf_weight=2850204 12067 4633 674 16513 2214 53024 43834 10806 2365 1910 3587 19937 2996 1487
leaf_count=2850204 12067 4633 674 16513 2214 53024 43834 10806 2365 1910 3587 19937 2996 1487
internal_value=1.39729e-07 0.0014516 0.174255 0.106978 0.530321 -0.0274421 -0.0623801 0.0658508 -0.103917 0.028375 0.265681 -0.200349 -0.168513 -0.397284
internal_weight=3.02625e+06 2.87424e+06 24034 19401 2888 152013 93492 22873 70619 58521 5497 26785 24420 4483
internal_count=3026251 2874238 24034 19401 2888 152013 93492 22873 70619 58521 5497 26785 24420 4483
is_linear=0
shrinkage=0.02


Tree=203
num_leaves=15
num_cat=0
split_feature=7 7 7 7 7 4 7 7 7 4 9 0 4 4
split_gain=295287 1.70527e+06 1.53645e+06 1.07417e+06 1.04758e+06 1.11104e+06 1.10817e+06 1.03715e+06 2.58039e+06 1.7742e+06 1.65962e+06 1.41302e+06 1.26426e+06 913684
threshold=11192.181152343752 11153.163574218752 11310.519042968752 11361.277832031252 11218.415527343752 -134.42499542236325 11233.562988281252 11008.638671875002 10999.976074218752 39.274999618530281 0.53606674075126659 2785.5000000000005 -45.575000762939446 -126.99499893188475
decision_type=2 2 2 2 2 2 2 2 2 2 2 2 2 2
left_child=1 7 4 -4 -2 6 -6 8 -1 13 12 -12 -9 -10
right_child=2 -3 3 -5 5 -7 -8 10 9 -11 11 -13 -14 -15
leaf_value=-0.00055066452515685732 -0.021037021598351177 0.060371134399076841 0.067695367156882014 -0.0011692920721872388 -0.03163904843772504 -0.081869971011797507 -0.53622495310769669 0.19756459555597508 -0.35450566699647679 0.42728866605438226 -0.050113123643352527 -0.25453531161964316 -0.02724409135973388 0.13168072075320911
leaf_weight=710466 202539 204536 96269 1536749 2863 86371 4438 11222 1744 9245 31210 23869 91677 13053
leaf_count=710466 202539 204536 96269 1536749 2863 86371 4438 11222 1744 9245 31210 23869 91677 13053
internal_value=1.36162e-07 0.00828493 -0.00471087 0.00289077 -0.0466176 -0.10192 -0.338674 -0.00365247 0.00634654 0.210082 -0.0501398 -0.138732 -0.00270981 0.0741759
internal_weight=3.02625e+06 1.09702e+06 1.92923e+06 1.63302e+06 296211 93672 7301 892486 734508 24042 157978 55079 102899 14797
internal_count=3026251 1097022 1929229 1633018 296211 93672 7301 892486 734508 24042 157978 55079 102899 14797
is_linear=0
shrinkage=0.02


Tree=204
num_leaves=15
num_cat=0
split_feature=5 0 0 1 8 9 0 1 3 1 0 0 8 9
split_gain=290640 425088 324718 313539 304607 986968 787007 946892 490612 427630 410669 348332 298832 798897
threshold=0.077500000596046462 4917.5000000000009 6946.0000000000009 91.960784912109389 0.93684044480323803 0.16236701607704165 3436.5000000000005 41.90783882141114 4.6895105838775644 79.451461791992202 3612.5000000000005 4451.5000000000009 0.99679929018020641 1.0025126284674004e-09
decision_type=2 2 2 2 2 2 2 2 2 2 2 2 2 2
left_child=3 -2 -3 4 -1 10 -7 -8 9 11 -6 -9 -12 -14
right_child=1 2 -4 -5 5 6 7 8 -10 -11 12 -13 13 -15
leaf_value=0.0073760459260485698 0.025042307681547332 0.22569415390614889 -0.52691587162192399 -0.0092658063489060513 -0.017297869291392452 -0.029696281691263097 0.66686733584710611 -0.29478683101082626 -0.13426110058510154 -0.12240789091722531 -0.0028778925928366816 -0.62382531743166669 0.18344080875051907 -0.031819002254195781
leaf_weight=1592423 58531 6088 229 1119273 165678 16256 441 2435 6151 1926 25867 2801 16096 12056
leaf_count=1592423 58531 6088 229 1119273 165678 16256 441 2435 6151 1926 25867 2801 16096 12056
internal_value=1.013e-07 0.0418815 0.197618 -0.000917138 0.0041555 -0.0163818 -0.123945 -0.235235 -0.265597 -0.378046 -0.00168393 -0.471664 0.0461985 0.0912772
internal_weight=3.02625e+06 64848 6317 2.9614e+06 1.84213e+06 249707 30010 13754 13313 7162 219697 5236 54019 28152
internal_count=3026251 64848 6317 2961403 1842130 249707 30010 13754 13313 7162 219697 5236 54019 28152
is_linear=0
shrinkage=0.02


Tree=205
num_leaves=15
num_cat=0
split_feature=9 13 17 4 17 4 9 6 9 6 17 4 9 6
split_gain=281968 275099 409074 291394 289598 240358 633283 436588 306098 381554 285189 322066 281949 1.38623e+06
threshold=0.8301217555999757 -9.0999999046325666 0.56424313783645641 -239.11000061035153 0.30215083062648779 182.47499847412112 -0.23959962278604505 96.883113861083999 -0.34975594282150263 77.144218444824233 0.47846463322639471 -80.75500106811522 -0.63895034790039051 108.68790435791017
decision_type=2 2 2 2 2 2 2 2 2 2 2 2 2 2
left_child=1 2 -1 4 -3 8 12 -8 9 -5 -10 -12 13 -7
right_child=-2 3 -4 5 -6 6 7 -9 10 -11 11 -13 -14 -15
leaf_value=0.0040028367040477022 -0.11980203847668593 0.069182498199536438 0.042273290928736114 0.031317942500039365 -0.1037436622952542 -0.13233429261202762 0.2454555260034475 -0.053939498875239571 -0.0020539488646846285 0.00022418569046807547 -0.052230147918566186 -0.0087617829387384091 -0.017836141950014057 0.20952540330151379
leaf_weight=726660 7828 4770 132009 212474 20467 35214 5283 3078 906790 614056 107810 185467 58871 5474
leaf_count=726660 7828 4770 132009 212474 20467 35214 5283 3078 906790 614056 107810 185467 58871 5474
internal_value=5.32295e-08 0.000311151 0.00988686 -0.00349595 -0.071044 -0.00269697 -0.0317788 0.135302 -0.00114815 0.00821769 -0.00759878 -0.0247423 -0.0458227 -0.0863012
internal_weight=3.02625e+06 3.01842e+06 858669 2.15975e+06 25237 2.13452e+06 107920 8361 2.0266e+06 826530 1.20007e+06 293277 99559 40688
internal_count=3026251 3018423 858669 2159754 25237 2134517 107920 8361 2026597 826530 1200067 293277 99559 40688
is_linear=0
shrinkage=0.02


Tree=206
num_leaves=15
num_cat=0
split_feature=5 0 0 9 8 8 0 0 17 6 9 0 3 6
split_gain=277123 408128 311405 266716 262060 261712 394474 493617 312234 290064 260937 249723 243544 298335
threshold=0.077500000596046462 4917.5000000000009 6946.0000000000009 0.8301217555999757 0.6083776354789735 -0.99445033073425282 2367.5000000000005 5547.5000000000009 0.078702233731746687 115.0654640197754 -0.69954469799995411 592.50000000000011 2.7315542697906499 75.632640838623061
decision_type=2 2 2 2 2 2 2 2 2 2 2 2 2 2
left_child=3 4 10 5 -2 6 -1 9 -7 -8 -3 -5 -10 -14
right_child=1 2 -4 11 -6 8 7 -9 12 -11 -12 -13 13 -15
leaf_value=0.0035024105061463428 0.26681805366939665 0.66728544566256942 -0.51603120241703848 0.1492446363115156 0.01700616466317021 0.093155417170100702 -0.072797988706003347 0.21170742507992074 0.012963635002830969 0.063684421798265112 0.18218422519317318 -0.16508420034287866 0.012550071364072921 -0.005931334870069479
leaf_weight=103320 1721 474 229 1184 56810 14614 79981 2705 510250 6747 5614 6644 433362 1802596
leaf_count=103320 1721 474 229 1184 56810 14614 79981 2705 510250 6747 5614 6644 433362 1802596
internal_value=5.92528e-08 0.040896 0.193494 -0.000895597 0.0243961 -0.000586392 -0.0231171 -0.0538672 0.000986709 -0.062174 0.220989 -0.117409 0.000495887 -0.00234931
internal_weight=3.02625e+06 64848 6317 2.9614e+06 58531 2.95358e+06 192753 89433 2.76082e+06 86728 6088 7828 2.74621e+06 2.23596e+06
internal_count=3026251 64848 6317 2961403 58531 2953575 192753 89433 2760822 86728 6088 7828 2746208 2235958
is_linear=0
shrinkage=0.02


Tree=207
num_leaves=15
num_cat=0
split_feature=7 7 8 7 7 7 7 5 7 8 7 7 8 8
split_gain=291916 1.73787e+06 981633 700261 1.11402e+06 955355 788666 1.50113e+06 1.23386e+06 1.09646e+06 1.03395e+06 994744 961385 2.41211e+06
threshold=12683.662597656252 12641.291992187502 0.80688521265983593 12545.775390625002 12487.211425781252 12513.354003906252 12241.801269531252 0.057499999180436141 12161.177246093752 0.91130837798118602 12202.979980468752 12040.396972656252 -0.85837611556053151 -0.99216195940971363
decision_type=2 2 2 2 2 2 2 2 2 2 2 2 2 2
left_child=1 3 -2 4 6 -6 8 -8 11 -9 12 -1 13 -10
right_child=2 -3 -4 -5 5 -7 7 9 10 -11 -12 -13 -14 -15
leaf_value=0.00049901396608342862 0.01352882488251572 0.13946819332303589 -0.090721366966427741 -0.057777048774129647 0.17566144030796224 0.032531992625993045 -0.047997831909476457 -0.70971781242468834 0.018473489615696361 0.26420219247211824 0.010440513128402749 -0.050080209444996492 0.067203155091700564 0.47479113891757552
leaf_weight=2241973 92907 36014 59106 82383 24004 83603 68286 2291 9789 573 96696 167119 52717 8790
leaf_count=2241973 92907 36014 59106 82383 24004 83603 68286 2291 9789 573 96696 167119 52717 8790
internal_value=1.19676e-07 0.00142868 -0.0270091 -0.000323368 0.00139435 0.0644736 -0.00116901 -0.0668506 0.000644622 -0.514618 0.0530489 -0.00300986 0.110827 0.234504
internal_weight=3.02625e+06 2.87424e+06 152013 2.83822e+06 2.75584e+06 107607 2.64823e+06 71150 2.57708e+06 2864 167992 2.40909e+06 71296 18579
internal_count=3026251 2874238 152013 2838224 2755841 107607 2648234 71150 2577084 2864 167992 2409092 71296 18579
is_linear=0
shrinkage=0.02


Tree=208
num_leaves=15
num_cat=0
split_feature=7 7 4 7 4 6 7 7 4 7 8 7 4 7
split_gain=288137 706976 862425 834922 953630 807980 692582 669357 1.76224e+06 1.50002e+06 870600 739790 837740 1.28614e+06
threshold=10886.141601562502 10817.519042968752 -209.25499725341794 10789.720703125002 -21.134999275207516 55.520490646362312 10811.572265625002 10626.541503906252 -98.825000762939439 10640.863281250002 -0.79123097658157338 10689.769531250002 -42.635000228881829 10728.651367187502
decision_type=2 2 2 2 2 2 2 2 2 2 2 2 2 2
left_child=1 3 -3 5 6 -1 -5 -7 10 -10 -9 -11 13 -13
right_child=-2 2 -4 4 -6 7 -8 8 9 11 -12 12 -14 -15
leaf_value=-0.087962379567783217 -0.0021695345770765119 0.42020186447701058 0.05105183470594607 -0.36149523292999797 -0.031186817345300464 -0.029283880912341409 0.00064182321086319162 -0.092042432379850422 0.36863447172825659 0.10696842278093138 0.51054055866285941 0.69219730970707349 -0.048024357527174225 0.056592193315206152
leaf_weight=23472 2693347 2585 103892 6671 50686 41224 3089 1185 5396 29823 4958 1494 50107 8322
leaf_count=23472 2693347 2585 103892 6671 50686 41224 3089 1185 5396 29823 4958 1494 50107 8322
internal_value=1.33708e-07 0.0175533 0.0600527 -0.00243359 -0.066068 0.0207429 -0.246995 0.0386523 0.0663033 0.0450839 0.394337 0.0255912 -0.0149201 0.15394
internal_weight=3.02625e+06 332904 106477 226427 60446 165981 9760 142509 101285 95142 6143 89746 59923 9816
internal_count=3026251 332904 106477 226427 60446 165981 9760 142509 101285 95142 6143 89746 59923 9816
is_linear=0
shrinkage=0.02


Tree=209
num_leaves=15
num_cat=0
split_feature=7 7 9 4 8 8 4 7 7 9 7 0 0 6
split_gain=279442 1.67722e+06 1.08711e+06 1.4664e+06 942767 791320 570887 928612 828582 640099 1.03959e+06 884369 737290 537433
threshold=12683.662597656252 12665.208007812502 -0.68419089913368214 -79.244998931884751 0.80688521265983593 -0.73163655400276173 26.994999885559086 12778.510742187502 12778.510742187502 0.66953307390213024 12832.255859375002 2167.5000000000005 2047.5000000000002 100.03379440307619
decision_type=2 2 2 2 2 2 2 2 2 2 2 2 2 2
left_child=1 -1 -3 5 6 -4 8 -8 -2 10 -10 -12 -11 -6
right_child=4 2 3 -5 13 -7 7 -9 9 12 11 -13 -14 -15
leaf_value=-5.2802402203782786e-06 -0.071474507559979472 0.44267358416964619 -0.082311032517698765 0.029045592060552239 -0.070522252774705224 0.69879932575946224 0.24361379447835524 -0.030076842146969058 0.081332871292347536 -0.040265593031646778 0.046858480044882515 -0.50812215488807877 0.43840389943536312 -0.28732045504818426
leaf_weight=2850204 41371 4633 674 16513 54118 2214 10031 9793 21613 2047 2149 2453 3450 4988
leaf_count=2850204 41371 4633 674 16513 54118 2214 10031 9793 21613 2047 2149 2453 3450 4988
internal_value=2.33767e-07 0.00139794 0.167738 0.101888 -0.0264256 0.516842 0.0133017 0.108463 -0.0125223 0.0643835 0.0231963 -0.249418 0.260402 -0.0888639
internal_weight=3.02625e+06 2.87424e+06 24034 19401 152013 2888 92907 19824 73083 31712 26215 4602 5497 59106
internal_count=3026251 2874238 24034 19401 152013 2888 92907 19824 73083 31712 26215 4602 5497 59106
is_linear=0
shrinkage=0.02


Tree=210
num_leaves=15
num_cat=0
split_feature=7 7 0 7 7 9 5 1 6 9 6 7 9 9
split_gain=277081 2.47576e+06 1.17923e+06 1.12903e+06 1.34129e+06 1.38701e+06 1.16838e+06 1.04176e+06 967898 1.32217e+06 930890 1.04901e+06 1.33759e+06 797784
threshold=11203.908691406252 11281.717285156252 1988.5000000000002 11128.710937500002 11021.642089843752 0.53606674075126659 1.0000000180025095e-35 73.98654937744142 123.9750328063965 -0.23959962278604505 123.9750328063965 11248.801757812502 0.62927502393722545 0.70835387706756603
decision_type=2 2 2 2 2 2 2 2 2 2 2 2 2 2
left_child=3 2 -2 4 8 6 -6 -7 13 -10 11 -4 -13 -1
right_child=1 -3 10 -5 5 7 -8 -9 9 -11 -12 12 -14 -15
leaf_value=-0.0056078827495488126 -0.015011503434837219 0.0024875586621363539 -0.087596856507340615 0.038744640891499524 0.14370891620120363 -0.023032641309221332 -0.063365380267965649 -0.247382914709072 0.21264334897491918 -0.019028839839076436 -0.37859420309024538 0.054796720969468533 -0.50810354236363919 0.091105324440538121
leaf_weight=695551 69107 1656260 84830 333351 14118 12553 47680 24319 20405 19044 5374 2468 5324 35867
leaf_count=695551 69107 1656260 84830 333351 14118 12553 47680 24319 20405 19044 5374 2468 5324 35867
internal_value=2.87696e-07 -0.00491507 -0.0782829 0.00745109 -0.00454608 -0.0739718 -0.0160425 -0.171031 0.00434113 0.100827 -0.122896 -0.108021 -0.329969 -0.000864089
internal_weight=3.02625e+06 1.82336e+06 167103 1.20289e+06 869537 98670 61798 36872 770867 39449 97996 92622 7792 731418
internal_count=3026251 1823363 167103 1202888 869537 98670 61798 36872 770867 39449 97996 92622 7792 731418
is_linear=0
shrinkage=0.02


Tree=211
num_leaves=15
num_cat=0
split_feature=7 0 7 4 4 4 7 7 8 7 8 7 4 8
split_gain=279462 705557 1.65102e+06 1.20015e+06 879657 802954 723814 592063 2.60739e+06 1.45926e+06 1.00363e+06 2.49009e+06 1.23321e+06 1.08946e+06
threshold=10886.141601562502 3393.5000000000005 10879.343750000002 -150.31500244140622 148.09500122070315 -117.84499740600585 10825.674316406252 10955.337890625002 -0.88469886779785145 10918.357421875002 0.94537204504013073 10926.682617187502 62.385000228881843 0.72930297255516063
decision_type=2 2 2 2 2 2 2 2 2 2 2 2 2 2
left_child=1 3 -3 6 5 -4 -1 8 9 -2 11 12 -10 -14
right_child=7 2 4 -5 -6 -7 -8 -9 10 -11 -12 -13 13 -15
leaf_value=0.083994483809219422 -0.099770610114978189 0.048295245543628081 -0.33546345355799384 -0.0069087984794601546 -0.049370196213246217 0.95928651784325503 0.7750143648508927 0.00061096002626111906 0.015478485269385649 -0.36152815691654783 -0.10904774277896025 -0.02056246108448689 0.099356363818526486 0.41316520752566666
leaf_weight=1182 28370 100439 213 227599 661 1569 1241 2480413 10651 12173 28307 115066 7452 10915
leaf_count=1182 28370 100439 213 227599 661 1569 1241 2480413 10651 12173 28307 115066 7452 10915
internal_value=2.28275e-07 0.0172872 0.0608207 -0.00218578 0.573476 0.803507 0.439657 -0.00213653 -0.0341399 -0.178433 -0.000196446 0.0211946 0.186726 0.285969
internal_weight=3.02625e+06 332904 102882 230022 2443 1782 2423 2.69335e+06 212934 40543 172391 144084 29018 18367
internal_count=3026251 332904 102882 230022 2443 1782 2423 2693347 212934 40543 172391 144084 29018 18367
is_linear=0
shrinkage=0.02


Tree=212
num_leaves=15
num_cat=0
split_feature=7 7 7 7 8 4 7 7 4 7 6 4 6 4
split_gain=271620 1.60424e+06 1.44145e+06 1.28981e+06 1.97188e+06 1.52533e+06 1.03523e+06 973933 1.02401e+06 1.03433e+06 926566 1.45972e+06 880135 1.40454e+06
threshold=11192.181152343752 11128.710937500002 11310.519042968752 11021.642089843752 -0.84077408909797657 -144.35500335693357 11361.277832031252 11218.415527343752 -134.42499542236325 11233.562988281252 123.9750328063965 39.274999618530281 90.320373535156264 35.965000152587898
decision_type=2 2 2 2 2 2 2 2 2 2 2 2 2 2
left_child=1 3 7 10 -5 -6 12 -2 9 -9 -1 -12 -4 -14
right_child=2 -3 6 4 5 -7 -8 8 -10 -11 11 -13 13 -15
leaf_value=-0.0008023881293148182 -0.020443313754797479 0.055230014236628308 0.017720673833426598 0.16033412755089649 -0.40119456801514852 -0.082714230474673509 -0.0011408660174425727 -0.029099936264233517 -0.079182637400470671 -0.51657904283177081 -0.027995379348680433 0.21548155762247687 0.037780762885078534 0.28439375464635885
leaf_weight=731418 202539 227485 58363 12671 6499 79500 1536749 2863 86371 4438 18926 20523 21973 15933
leaf_count=731418 202539 227485 58363 12671 6499 79500 1536749 2863 86371 4438 18926 20523 21973 15933
internal_value=3.17052e-07 0.00794617 -0.00451796 -0.00442453 -0.0725049 -0.106826 0.00284491 -0.0451084 -0.0984315 -0.325724 0.00429048 0.0986934 0.0664639 0.141488
internal_weight=3.02625e+06 1.09702e+06 1.92923e+06 869537 98670 85999 1.63302e+06 296211 93672 7301 770867 39449 96269 37906
internal_count=3026251 1097022 1929229 869537 98670 85999 1633018 296211 93672 7301 770867 39449 96269 37906
is_linear=0
shrinkage=0.02


Tree=213
num_leaves=15
num_cat=0
split_feature=7 7 7 7 1 7 7 7 7 0 7 0 0 7
split_gain=269195 1.6152e+06 691601 892940 948973 698482 672429 1.07007e+06 917541 884992 757907 843464 616011 587994
threshold=12683.662597656252 12641.291992187502 12778.510742187502 12764.483398437502 81.289573669433608 12732.157714843752 12545.775390625002 12487.211425781252 12513.354003906252 3068.5000000000005 12292.634765625002 2009.5000000000002 1558.5000000000002 12161.177246093752
decision_type=2 2 2 2 2 2 2 2 2 2 2 2 2 2
left_child=1 6 3 5 -5 -2 7 10 9 -9 13 -12 -3 -1
right_child=2 12 -4 4 -6 -7 -8 8 -10 -11 11 -13 -14 -15
leaf_value=-0.0029505228768380728 -0.11336844323514227 0.012150740915778634 0.027980171361715152 -0.048543751014761466 -0.30946158031241877 0.01949104102649404 -0.056617305292995967 0.062362035661324908 0.031885773279926054 0.30649475746893534 0.045341521790580187 -0.20150824600762496 0.19038506861993271 0.031560749250759801
leaf_weight=2409092 23777 11306 58521 12013 10403 47299 82383 13217 83603 10787 8633 15412 24708 215097
leaf_count=2409092 23777 11306 58521 12013 10403 47299 82383 13217 83603 10787 8633 15412 24708 215097
internal_value=2.8453e-07 0.00137213 -0.0259365 -0.0596851 -0.169718 -0.0249638 -0.000316959 0.00136627 0.0631888 0.172154 -0.00114601 -0.112898 0.134451 -0.000121619
internal_weight=3.02625e+06 2.87424e+06 152013 93492 22416 71076 2.83822e+06 2.75584e+06 107607 24004 2.64823e+06 24045 36014 2.62419e+06
internal_count=3026251 2874238 152013 93492 22416 71076 2838224 2755841 107607 24004 2648234 24045 36014 2624189
is_linear=0
shrinkage=0.02


Tree=214
num_leaves=15
num_cat=0
split_feature=8 4 0 17 0 4 0 0 4 13 14 17 16 0
split_gain=274410 646199 636982 304002 365540 320191 315186 1.11943e+06 290473 270799 880480 784532 434944 451954
threshold=-0.99445033073425282 -175.52500152587888 2584.5000000000005 0.20733474940061572 1969.5000000000002 -278.60499572753901 6648.5000000000009 8272.5000000000018 -2.7450000047683711 6.2999999523162851 0.7100835144519807 0.56424313783645641 -4.4999999999999991 2765.5000000000005
decision_type=2 2 2 2 2 2 2 2 2 2 2 2 2 2
left_child=1 -1 -3 4 -2 6 -5 -8 -4 10 -7 -11 -13 -14
right_child=3 2 8 5 -6 9 7 -9 -10 11 -12 12 13 -15
leaf_value=0.17766757676893744 -0.0089522149774374435 0.00031114129895740697 -0.070157122825061508 -0.19636429860603738 0.057954093334143253 0.00096906706663684198 0.6657386086124113 -0.13356938315124023 -0.3876109143735606 -0.0014262316567491037 0.052507240828410309 0.043597829000180159 -0.032574050086685694 -0.11922568272842982
leaf_weight=6197 54961 112221 73173 6506 80491 1572405 860 3595 1162 858532 144794 14671 51313 45370
leaf_count=6197 54961 112221 73173 6506 80491 1572405 860 3595 1162 858532 144794 14671 51313 45370
internal_value=2.78784e-07 -0.0230898 -0.0297679 0.0015711 0.0308074 0.000103215 -0.107724 0.0218712 -0.0751713 0.000543462 0.00531505 -0.00790466 -0.0578481 -0.073245
internal_weight=3.02625e+06 192753 186556 2.8335e+06 135452 2.69805e+06 10961 4455 74335 2.68708e+06 1.7172e+06 969886 111354 96683
internal_count=3026251 192753 186556 2833498 135452 2698046 10961 4455 74335 2687085 1717199 969886 111354 96683
is_linear=0
shrinkage=0.02


Tree=215
num_leaves=15
num_cat=0
split_feature=7 0 7 8 7 7 5 7 7 0 8 7 8 7
split_gain=268393 677597 1.39361e+06 869953 763913 835235 786022 594696 1.00693e+06 1.07485e+06 829013 570991 2.4908e+06 1.39636e+06
threshold=10886.141601562502 3543.5000000000005 10879.343750000002 0.93120476603508007 10811.572265625002 10798.751464843752 -0.027499999850988385 10626.541503906252 10676.426269531252 6648.5000000000009 0.65655234456062328 10955.337890625002 -0.88469886779785145 10918.357421875002
decision_type=2 2 2 2 2 2 2 2 2 2 2 2 2 2
left_child=1 4 7 -4 5 -1 -7 -3 10 -10 -9 12 13 -2
right_child=11 2 3 -5 -6 6 -8 8 9 -11 -12 -13 -14 -15
leaf_value=-0.010650264500487994 -0.097603936096336996 -0.064190571478400404 -0.23428432321226275 0.76170006868870854 0.044425177065207697 -0.39384664111669615 -0.084513717506808722 -0.40135295112377395 0.072079201231208978 -0.18684998826211907 0.30127771274635323 0.00060441793965616613 -0.00034659734317695932 -0.35365817201976413
leaf_weight=127841 28370 15114 434 1735 91353 4187 15177 712 59270 7181 9900 2480413 172391 12173
leaf_count=127841 28370 15114 434 1735 91353 4187 15177 712 59270 7181 9900 2480413 172391 12173
internal_value=2.76177e-07 0.0169414 0.0623107 0.562242 -0.00100321 -0.0291966 -0.151569 0.050487 0.0729838 0.0440739 0.2538 -0.00209374 -0.0335225 -0.174553
internal_weight=3.02625e+06 332904 94346 2169 238558 147205 19364 92177 77063 66451 10612 2.69335e+06 212934 40543
internal_count=3026251 332904 94346 2169 238558 147205 19364 92177 77063 66451 10612 2693347 212934 40543
is_linear=0
shrinkage=0.02


Tree=216
num_leaves=15
num_cat=0
split_feature=5 0 0 9 3 9 0 0 16 9 0 9 5 0
split_gain=265299 385415 297879 255309 256464 369729 564126 326019 302572 245301 239605 234712 271672 222827
threshold=0.077500000596046462 4917.5000000000009 6946.0000000000009 0.8301217555999757 3.7001258134841923 -0.62499999999999989 1322.5000000000002 6946.0000000000009 -18.100000381469723 -0.69954469799995411 592.50000000000011 -0.71208626031875599 0.0224999999627471 2269.5000000000005
decision_type=2 2 2 2 2 2 2 2 2 2 2 2 2 2
left_child=3 -2 9 4 5 6 -1 11 -6 -3 -5 12 -8 -12
right_child=1 2 -4 10 8 -7 7 -9 -10 -11 13 -13 -14 -15
leaf_value=-0.019058693928242061 0.023979944230210694 0.64792344195783624 -0.50562707553847563 0.14632435673312322 0.014675381440992865 0.00085590002214064006 0.18674726001822237 -0.092987157397098091 -0.008677554415753826 0.17757100705770118 -0.27528604659261185 0.041782021288696417 0.060559930798681036 -0.043608954261043442
leaf_weight=71447 58531 474 229 1184 259375 908950 10266 6360 1536646 5614 3376 140161 20370 3268
leaf_count=71447 58531 474 229 1184 259375 908950 10266 6360 1536646 5614 3376 140161 20370 3268
internal_value=2.27081e-07 0.0400142 0.188306 -0.000876113 -0.000573593 0.00676736 0.0283799 0.0475119 -0.00530493 0.215197 -0.114871 0.052749 0.102893 -0.16157
internal_weight=3.02625e+06 64848 6317 2.9614e+06 2.95358e+06 1.15755e+06 248604 177157 1.79602e+06 6088 7828 170797 30636 6644
internal_count=3026251 64848 6317 2961403 2953575 1157554 248604 177157 1796021 6088 7828 170797 30636 6644
is_linear=0
shrinkage=0.02


Tree=217
num_leaves=15
num_cat=0
split_feature=1 7 9 7 6 1 7 7 7 9 9 9 7 7
split_gain=262431 570157 850902 1.39357e+06 445671 403952 336544 1.07508e+06 989138 1.22083e+06 410470 1.20835e+06 389328 770441
threshold=89.169589996337905 10908.922363281252 -0.11756055802106856 10879.343750000002 113.7771682739258 108.38267135620119 12149.030273437502 12202.979980468752 12058.331054687502 0.55642431974411022 0.50712648034095775 -0.10272181034088133 12683.662597656252 12778.510742187502
decision_type=2 2 2 2 2 2 2 2 2 2 2 2 2 2
left_child=-1 2 3 -2 -4 -5 8 10 -3 -10 11 -8 -9 -14
right_child=1 6 4 5 -6 -7 7 12 9 -11 -12 -13 13 -15
leaf_value=0.0051463526960519625 0.049818282162197518 -0.012201717388619884 -0.0095766868079706254 0.232065545291394 -0.24573527529552958 0.53667015210462443 0.038797428120724536 0.012708032953260513 -0.095388019154166448 -0.60085809340594876 -0.00080325922670720213 0.36443915278164585 -0.12005641472841566 0.03976986120804319
leaf_weight=1716085 53423 958866 43194 5164 3442 2643 10264 140836 26111 2053 6550 8193 28542 20885
leaf_count=1716085 53423 958866 43194 5164 3442 2643 10264 140836 26111 2053 6550 8193 28542 20885
internal_value=2.46282e-07 -0.00674021 0.0373058 0.0863239 -0.0270559 0.335744 -0.0106922 0.0119652 -0.0156338 -0.132435 0.135221 0.183469 -0.00424098 -0.0525283
internal_weight=3.02625e+06 1.31017e+06 107866 61230 46636 7807 1.2023e+06 215270 987030 28164 25007 18457 190263 49427
internal_count=3026251 1310166 107866 61230 46636 7807 1202300 215270 987030 28164 25007 18457 190263 49427
is_linear=0
shrinkage=0.02


Tree=218
num_leaves=15
num_cat=0
split_feature=7 7 7 7 7 7 4 9 0 4 7 4 7 4
split_gain=260451 1.55362e+06 1.37887e+06 1.00116e+06 935646 2.45378e+06 1.6814e+06 1.48702e+06 1.29963e+06 1.13498e+06 934157 981212 992097 870159
threshold=11192.181152343752 11153.163574218752 11310.519042968752 11361.277832031252 11008.638671875002 10999.976074218752 39.274999618530281 0.53606674075126659 2844.5000000000005 -45.575000762939446 11218.415527343752 -134.42499542236325 11233.562988281252 -126.99499893188475
decision_type=2 2 2 2 2 2 2 2 2 2 2 2 2 2
left_child=1 4 10 -4 5 -1 13 9 -9 -6 -2 12 -12 -7
right_child=2 -3 3 -5 7 6 -8 8 -10 -11 11 -13 -14 -15
leaf_value=-0.00084194747754461269 -0.019967593545217911 0.057497242049513106 0.065340498183336523 -0.0011425268275386631 0.1868875945982158 -0.3460918646835775 0.41600815084192555 -0.048667220378528511 -0.24540407291897043 -0.026117206345950116 -0.028333221094422184 -0.077504312017852267 -0.50575684565005541 0.12837288365433491
leaf_weight=710466 202539 204536 96269 1536749 11222 1744 9245 31862 23217 91677 2863 86371 4438 13053
leaf_count=710466 202539 204536 96269 1536749 11222 1744 9245 31862 23217 91677 2863 86371 4438 13053
internal_value=2.54228e-07 0.00778103 -0.00442416 0.00277712 -0.0036132 0.00588392 0.204559 -0.0477671 -0.131626 -0.00287115 -0.0441238 -0.0963467 -0.318838 0.0722543
internal_weight=3.02625e+06 1.09702e+06 1.92923e+06 1.63302e+06 892486 734508 24042 157978 55079 102899 296211 93672 7301 14797
internal_count=3026251 1097022 1929229 1633018 892486 734508 24042 157978 55079 102899 296211 93672 7301 14797
is_linear=0
shrinkage=0.02


Tree=219
num_leaves=15
num_cat=0
split_feature=8 7 0 7 7 4 7 7 4 7 4 8 4 7
split_gain=269860 934404 850969 419882 1.18603e+06 407167 390456 598363 441403 352479 1.95684e+06 1.33183e+06 1.24548e+06 1.16771e+06
threshold=-0.99445033073425282 11365.117187500002 2208.5000000000005 11755.942382812502 11422.027343750002 -165.94499969482419 12235.749511718752 12487.211425781252 -2.7450000047683711 12140.214355468752 -170.61000061035153 0.99518439173698436 83.064998626708999 12040.396972656252
decision_type=2 2 2 2 2 2 2 2 2 2 2 2 2 2
left_child=1 5 -3 4 -4 -1 8 -8 -5 13 -11 -12 -13 -2
right_child=9 2 3 6 -6 -7 7 -9 -10 10 11 12 -14 -15
leaf_value=0.22521644237926378 0.0014730625891547964 0.0006588823339601736 -0.12059333260202489 -0.034349366465547329 -0.63686351837022559 0.037091849257039095 -0.28256040307711244 0.10844392450207735 -0.37767612643328136 0.18271491035022902 -0.00045287816766292254 -0.0024675081596452946 0.23707621151060057 -0.06082580851733755
leaf_weight=5257 2110916 76723 15575 46447 2001 36506 6667 2039 1538 26647 533376 16066 18880 127613
leaf_count=5257 2110916 76723 15575 46447 2001 36506 6667 2039 1538 26647 533376 16066 18880 127613
internal_value=2.18889e-07 -0.0228977 -0.0460565 -0.0943106 -0.1797 0.0608211 -0.0678098 -0.190963 -0.0454304 0.00155797 0.0152405 0.00738495 0.126979 -0.00207869
internal_weight=3.02625e+06 192753 150990 74267 17576 41763 56691 8706 47985 2.8335e+06 594969 568322 34946 2.23853e+06
internal_count=3026251 192753 150990 74267 17576 41763 56691 8706 47985 2833498 594969 568322 34946 2238529
is_linear=0
shrinkage=0.02


Tree=220
num_leaves=15
num_cat=0
split_feature=7 7 9 4 9 7 9 4 9 4 7 4 9 4
split_gain=255831 1.54585e+06 1.02672e+06 1.40526e+06 760070 646348 1.13846e+06 1.31681e+06 783513 707343 537016 1.06259e+06 548273 674507
threshold=12683.662597656252 12665.208007812502 -0.6304970085620879 -79.244998931884751 0.6816948950290681 12778.510742187502 -0.57362857460975636 30.425000190734867 0.66953307390213024 -42.635000228881829 12832.255859375002 -98.825000762939439 -0.50931808352470387 273.52999877929693
decision_type=2 2 2 2 2 2 2 2 2 2 2 2 2 2
left_child=1 -1 -3 4 -4 6 7 -2 10 -10 12 -12 -7 -14
right_child=5 2 3 -5 -6 8 -8 -9 9 -11 11 -13 13 -15
leaf_value=-9.6238448237143416e-06 -0.074278215132966452 0.42606239898573783 -0.084537821857814208 0.024967043658429566 0.68094434016900096 -0.085033999833792964 -0.097626883238558698 0.23026943542786227 0.41782358903009281 -0.059240696758095936 -0.48196552489845501 0.05479059774282246 0.082163338424679225 -0.49006914723413197
leaf_weight=2850204 12438 4694 674 16452 2214 12892 70619 10435 3606 1891 2565 3450 33282 835
leaf_count=2850204 12438 4694 674 16452 2214 12892 70619 10435 3606 1891 2565 3450 33282 835
internal_value=1.66463e-07 0.00133752 0.161031 0.096517 0.502614 -0.0252846 -0.0579104 0.0647 0.0268383 0.253898 0.00325525 -0.174517 0.0260347 0.0680181
internal_weight=3.02625e+06 2.87424e+06 24034 19340 2888 152013 93492 22873 58521 5497 53024 6015 47009 34117
internal_count=3026251 2874238 24034 19340 2888 152013 93492 22873 58521 5497 53024 6015 47009 34117
is_linear=0
shrinkage=0.02


Tree=221
num_leaves=15
num_cat=0
split_feature=8 7 7 7 7 8 8 7 6 9 9 8 7 6
split_gain=259709 897941 443188 338782 1.88181e+06 2.97907e+06 1.17894e+06 1.12278e+06 1.0121e+06 1.4449e+06 870758 767822 737342 1.70274e+06
threshold=-0.99445033073425282 11365.117187500002 11942.817871093752 12140.214355468752 12205.471191406252 -0.85837611556053151 0.82817849516868602 12045.636230468752 67.675251007080092 0.55642431974411022 -0.63350945711135853 0.88779377937316906 12183.938476562502 78.250316619873061
decision_type=2 2 2 2 2 2 2 2 2 2 2 2 2 2
left_child=1 -1 -3 7 5 -5 -7 -2 -9 -10 -6 -8 13 -13
right_child=3 2 -4 4 10 6 11 8 9 -11 -12 12 -14 -15
leaf_value=0.059606163065742061 0.001274642842826458 -0.097539732158257314 -0.022746532924320002 0.42962179328167455 0.077761878831437439 -0.0334028390397548 0.39904229227290605 0.024891452346946976 -0.083805821019920401 -0.49083437415637482 -0.0088685169479013008 0.090677462648274268 -0.0076067838486935822 0.50928959510730498
leaf_weight=41763 2122519 45248 105742 9735 51686 32550 3707 36312 76051 3647 453925 22527 16150 4689
leaf_count=41763 2122519 45248 105742 9735 51686 32550 3707 36312 76051 3647 453925 22527 16150 4689
internal_value=1.98831e-07 -0.0224629 -0.0451653 0.00152837 0.0149424 0.0995452 0.0591397 -0.00203693 -0.0626205 -0.102491 -1.13369e-05 0.123125 0.0994519 0.162961
internal_weight=3.02625e+06 192753 150990 2.8335e+06 594969 89358 79623 2.23853e+06 116010 79698 505611 47073 43366 27216
internal_count=3026251 192753 150990 2833498 594969 89358 79623 2238529 116010 79698 505611 47073 43366 27216
is_linear=0
shrinkage=0.02


Tree=222
num_leaves=15
num_cat=0
split_feature=1 7 4 7 9 7 7 4 7 9 7 5 7 7
split_gain=254671 546481 911098 767899 1.22229e+06 602820 602023 368016 892121 1.13255e+06 1.33425e+06 1.4573e+06 789392 1.33312e+06
threshold=89.169589996337905 10908.922363281252 46.854999542236335 10844.483886718752 -0.11756055802106856 10879.343750000002 10807.967285156252 133.18499755859378 12586.961914062502 -0.56790637969970692 12231.562988281252 0.057499999180436141 12140.214355468752 12521.679687500002
decision_type=2 2 2 2 2 2 2 2 2 2 2 2 2 2
left_child=7 2 -2 6 -5 -6 -4 -1 9 10 -9 -12 -11 -14
right_child=1 -3 3 4 5 -7 -8 8 -10 12 11 -13 13 -15
leaf_value=0.0088158449051137511 -0.016705568813233186 -0.010508819006538599 0.091060475313492192 0.29436047470056709 0.17917460160754956 -0.33395428219854578 -0.11131514019734741 -0.02977742018682953 -0.12411618073648888 0.0034938281590786023 -0.19698210825229956 -1.1234866204109366 0.26122772182768772 0.0083422820423259408
leaf_weight=1474810 58709 1202300 24002 13657 1594 2127 7777 125088 27921 50925 3049 866 15886 17540
leaf_count=1474810 58709 1202300 24002 13657 1594 2127 7777 125088 27921 50925 3049 866 15886 17540
internal_value=2.50858e-07 -0.00663979 0.0364821 0.0999958 0.206853 -0.114244 0.0415148 0.00506969 -0.0178282 -0.00391339 -0.0411732 -0.404271 0.0530681 0.128571
internal_weight=3.02625e+06 1.31017e+06 107866 49157 17378 3721 31779 1.71608e+06 241275 213354 129003 3915 84351 33426
internal_count=3026251 1310166 107866 49157 17378 3721 31779 1716085 241275 213354 129003 3915 84351 33426
is_linear=0
shrinkage=0.02


Tree=223
num_leaves=15
num_cat=0
split_feature=5 0 0 8 9 3 9 0 8 0 16 9 0 0
split_gain=253442 363823 285155 251335 245712 238257 349022 541552 621617 304667 286626 235439 229860 214388
threshold=0.077500000596046462 4917.5000000000009 6946.0000000000009 0.6083776354789735 0.8301217555999757 3.7001258134841923 -0.62499999999999989 1714.5000000000002 0.50153240561485302 6946.0000000000009 -18.100000381469723 -0.69954469799995411 592.50000000000011 2269.5000000000005
decision_type=2 2 2 2 2 2 2 2 2 2 2 2 2 2
left_child=4 3 11 -2 5 6 7 -1 -9 -10 -7 -3 -6 -14
right_child=1 2 -4 -5 12 10 -8 8 9 -11 -12 -13 13 -15
leaf_value=-0.011702978356562825 0.26094041499224774 0.63342791975037127 -0.4957487721024198 0.016293977886681885 0.14314085897749332 0.01432681980556611 0.00077246386636694046 0.35442846097310871 0.050347153962781624 -0.090891095268806177 -0.0084024334306606625 0.17264081640335285 -0.26996952940527669 -0.042722034290131203
leaf_weight=89905 1721 474 229 56810 1184 259375 908950 2624 149715 6360 1536646 5614 3376 3268
leaf_count=89905 1721 474 229 56810 1184 259375 908950 2624 149715 6360 1536646 5614 3376 3268
internal_value=1.72855e-07 0.0391097 0.183187 0.0235311 -0.00085636 -0.00055958 0.006516 0.0275146 0.0497314 0.0445862 -0.00511988 0.2095 -0.112688 -0.158428
internal_weight=3.02625e+06 64848 6317 58531 2.9614e+06 2.95358e+06 1.15755e+06 248604 158699 156075 1.79602e+06 6088 7828 6644
internal_count=3026251 64848 6317 58531 2961403 2953575 1157554 248604 158699 156075 1796021 6088 7828 6644
is_linear=0
shrinkage=0.02


Tree=224
num_leaves=15
num_cat=0
split_feature=8 7 0 7 7 4 4 7 7 7 7 4 7 8
split_gain=248253 863726 814828 397744 1.11902e+06 391952 373595 428622 571877 327968 2.35368e+06 1.98855e+06 1.53773e+06 1.41897e+06
threshold=-0.99445033073425282 11365.117187500002 2188.5000000000005 11755.942382812502 11422.027343750002 -165.94499969482419 -2.7450000047683711 12235.749511718752 12487.211425781252 11577.411621093752 11440.685058593752 31.554999351501468 11755.942382812502 -0.85837611556053151
decision_type=2 2 2 2 2 2 2 2 2 2 2 2 2 2
left_child=1 5 -3 4 -4 -1 7 -5 -9 10 -2 -12 -11 -14
right_child=9 2 3 6 -6 -7 -8 8 -10 12 11 -13 13 -15
leaf_value=0.21982243167745871 0.0017288980911095281 0.0019228999218603487 -0.11655798135965716 -0.032723293051826516 -0.61558112970362122 0.035247113294504431 -0.36983317041883668 -0.27461676477503788 0.10455030812044187 0.1385582553664364 0.011831582381132869 -0.17436645696995126 0.062454369095715709 -0.003916922211982434
leaf_weight=5257 1665896 76003 15715 46907 2021 36506 1558 6707 2079 36076 38115 57621 150792 884998
leaf_count=5257 1665896 76003 15715 46907 2021 36506 1558 6707 2079 36076 38115 57621 150792 884998
internal_value=2.17697e-07 -0.0219619 -0.0442276 -0.0909977 -0.173737 0.0585284 -0.0653393 -0.0567559 -0.184877 0.0014943 -0.00381327 -0.100242 0.0102174 0.00574601
internal_weight=3.02625e+06 192753 150990 74987 17736 41763 57251 55693 8786 2.8335e+06 1.76163e+06 95736 1.07187e+06 1.03579e+06
internal_count=3026251 192753 150990 74987 17736 41763 57251 55693 8786 2833498 1761632 95736 1071866 1035790
is_linear=0
shrinkage=0.02


Tree=225
num_leaves=15
num_cat=0
split_feature=5 4 8 8 8 4 5 17 8 3 3 9 4 3
split_gain=244802 414290 1.26494e+06 992645 439951 742657 441864 415193 283953 270467 265194 411205 406758 575064
threshold=0.082499999552965178 239.73500061035159 0.74366798996925365 0.95892572402954113 0.77171322703361522 251.41500091552737 0.032499999739229686 0.58880963921546947 0.75427865982055675 5.6810424327850351 3.6264623403549199 -0.62499999999999989 -170.61000061035153 2.0595670938491826
decision_type=2 2 2 2 2 2 2 2 2 2 2 2 2 2
left_child=1 10 9 4 5 -4 8 -6 -7 -3 11 -1 13 -13
right_child=-2 2 3 -5 7 6 -8 -9 -10 -11 -12 12 -14 -15
leaf_value=0.031329922641736223 0.046970832016637251 0.069605863143577487 -0.064620432033186528 0.49818236844988251 -0.061509701807714104 -0.14192314520593763 -0.2036535637537418 -0.32633510624395462 -0.74440461731651908 0.34537858170176117 -0.0045794471892329379 0.20454052193910255 -0.001804593110540926 0.025374187162922102
leaf_weight=234258 43732 3220 3054 936 13791 377 1432 2851 2002 2548 1844655 8754 825323 39318
leaf_count=234258 43732 3220 3054 936 13791 377 1432 2851 2002 2548 1844655 8754 825323 39318
internal_value=1.46508e-07 -0.000688722 -0.0743631 -0.137229 -0.162732 -0.297366 -0.483218 -0.107048 -0.649931 0.191818 6.54304e-05 0.00780087 0.00148971 0.0580369
internal_weight=3.02625e+06 2.98252e+06 30211 24443 23507 6865 3811 16642 2379 5768 2.95231e+06 1.10765e+06 873395 48072
internal_count=3026251 2982519 30211 24443 23507 6865 3811 16642 2379 5768 2952308 1107653 873395 48072
is_linear=0
shrinkage=0.02


Tree=226
num_leaves=15
num_cat=0
split_feature=7 7 8 7 7 7 0 7 5 0 7 0 8 0
split_gain=245139 1.48833e+06 850543 639157 1.00583e+06 870169 839929 742547 1.41114e+06 1.8034e+06 1.07207e+06 1.25349e+06 963853 1.32101e+06
threshold=12683.662597656252 12641.291992187502 0.80688521265983593 12545.775390625002 12487.211425781252 12513.354003906252 3068.5000000000005 12241.801269531252 0.057499999180436141 1812.5000000000002 12161.177246093752 6012.5000000000009 0.82817849516868602 2643.5000000000005
decision_type=2 2 2 2 2 2 2 2 2 2 2 2 2 2
left_child=1 3 -2 4 7 6 -6 10 -9 -10 -1 12 -12 -14
right_child=2 -3 -4 -5 5 -7 -8 8 9 -11 11 -13 13 -15
leaf_value=-0.0027534659651475084 0.012983445624412102 0.129054571271599 -0.084056416423206173 -0.055201950836904753 0.060421892335971172 0.030782600921991903 0.29825758356904153 -0.04656000206831247 0.11480976209738319 -0.90730710357065203 0.0036391760217531666 0.47307433994936371 0.020644854399782361 0.20204948058659891
leaf_weight=2409092 92907 36014 59106 82383 13217 83603 10787 68286 1147 1717 100420 2739 35564 29269
leaf_count=2409092 92907 36014 59106 82383 13217 83603 10787 68286 1147 1717 100420 2739 35564 29269
internal_value=1.21674e-07 0.00130923 -0.0247507 -0.000312158 0.0013289 0.0612668 0.167382 -0.0011068 -0.064839 -0.498979 0.000653003 0.0495009 0.042452 0.102559
internal_weight=3.02625e+06 2.87424e+06 152013 2.83822e+06 2.75584e+06 107607 24004 2.64823e+06 71150 2864 2.57708e+06 167992 165253 64833
internal_count=3026251 2874238 152013 2838224 2755841 107607 24004 2648234 71150 2864 2577084 167992 165253 64833
is_linear=0
shrinkage=0.02


Tree=227
num_leaves=15
num_cat=0
split_feature=9 8 8 9 9 6 8 6 5 6 3 6 9 8
split_gain=240076 245335 343385 330365 435500 860967 513583 342105 307057 253249 641789 237193 219977 216354
threshold=0.8301217555999757 -0.95236524939537037 -0.84077408909797657 0.070354644209146514 0.55642431974411022 52.396627426147468 0.65655234456062328 84.446056365966811 -0.0074999998323619357 37.662981033325202 2.028323888778687 115.0654640197754 0.16236701607704165 1.0000000180025095e-35
decision_type=2 2 2 2 2 2 2 2 2 2 2 2 2 2
left_child=1 11 9 13 5 -5 8 -7 -6 -3 -11 -1 -13 -4
right_child=-2 2 3 4 6 7 -8 -9 -10 10 -12 12 -14 -15
leaf_value=-0.021892759556925299 -0.11054470284971771 -0.068895818040815099 0.11148463986648383 0.53795882766874092 -0.012524530195604747 -0.11077404512908676 0.3627745928276922 -0.019278204432970337 0.025438244140396804 0.1599706268512002 0.019879908995958914 0.072231868144789491 -0.11106379999091606 0.0043049018348147337
leaf_weight=277395 7828 11461 7558 940 607718 35367 1494 30397 99115 13778 255175 18740 3035 1656250
leaf_count=277395 7828 11461 7558 940 607718 35367 1494 30397 99115 13778 255175 18740 3035 1656250
internal_value=1.36277e-07 0.000287196 0.0021785 -0.000231462 -0.0110166 -0.0598673 -0.00641543 -0.0684931 -0.00720092 0.0231379 0.0270623 -0.0169029 0.0466439 0.00479245
internal_weight=3.02625e+06 3.01842e+06 2.71925e+06 2.43884e+06 775031 66704 708327 65764 706833 280414 268953 299170 21775 1.66381e+06
internal_count=3026251 3018423 2719253 2438839 775031 66704 708327 65764 706833 280414 268953 299170 21775 1663808
is_linear=0
shrinkage=0.02


Tree=228
num_leaves=15
num_cat=0
split_feature=1 8 4 8 4 8 4 8 4 8 8 4 4 10
split_gain=247370 391511 777859 680772 553143 610947 325038 319609 308782 584651 428199 338461 297724 254820
threshold=89.169589996337905 0.93684044480323803 179.10500335693362 0.7692478895187379 170.42499542236331 0.99679929018020641 -278.60499572753901 0.9959542751312257 32.68499946594239 0.50153240561485302 -0.68934190273284901 119.35499954223634 214.22499847412112 -5.9000000953674308
decision_type=2 2 2 2 2 2 2 2 2 2 2 2 2 2
left_child=1 2 8 -4 7 12 -2 -3 13 10 -10 -11 -6 -1
right_child=6 4 3 -5 5 -7 -8 -9 9 11 -12 -13 -14 -15
leaf_value=0.020292136177456285 -0.1467582154940576 -0.049293281456388671 -0.11433194881977726 0.0011062181278863532 0.10051000520656501 0.26207123705916185 -0.0058361855045865234 -0.00066082835102789026 -0.34110186895091882 0.034422594178097919 0.31295302954459675 -0.00099179646700156879 -0.097753746464951274 -0.0022209037635959926
leaf_weight=303167 6570 121204 37140 45414 6563 5557 1303596 97561 435 332036 4131 159941 5610 597326
leaf_count=303167 6570 121204 37140 45414 6563 5557 1303596 97561 435 332036 4131 159941 5610 597326
internal_value=1.89003e-07 0.00499644 0.00881568 -0.0508353 -0.0188972 0.0885133 -0.00654399 -0.0276061 0.0123409 0.0250031 0.250028 0.0229096 0.00913209 0.00535863
internal_weight=3.02625e+06 1.71608e+06 1.47959e+06 82554 236495 17730 1.31017e+06 218765 1.39704e+06 496543 4566 491977 12173 900493
internal_count=3026251 1716085 1479590 82554 236495 17730 1310166 218765 1397036 496543 4566 491977 12173 900493
is_linear=0
shrinkage=0.02


Tree=229
num_leaves=15
num_cat=0
split_feature=1 9 0 9 0 0 9 9 0 9 9 9 11 1
split_gain=238620 292713 616528 196971 197538 159423 169966 156970 425928 280865 274620 377423 270634 230014
threshold=91.960784912109389 -0.72193637490272511 2745.5000000000005 0.8301217555999757 8272.5000000000018 6012.5000000000009 -0.75766631960868824 -0.34975594282150263 749.50000000000011 0.29584877192974096 0.53606674075126659 0.43615245819091802 0.72917625308036815 36.668312072753913
decision_type=2 2 2 2 2 2 2 2 2 2 2 2 2 2
left_child=7 2 -2 4 -3 6 -4 8 -1 -9 11 13 -10 -11
right_child=1 3 5 -5 -6 -7 -8 9 12 10 -12 -13 -14 -15
leaf_value=-0.022972029217197973 -0.0206907746888528 -0.008280810604207673 0.2585434988181351 -0.29825942384473009 -0.15307172067054622 0.51969968136275535 0.09737477466835541 -0.012916668359873942 -0.00031253145970602553 -0.069371439939162213 -0.00063102494010144449 0.11517582962504917 0.026363732549308606 0.024998476343136549
leaf_weight=124213 20917 1103233 3448 931 3772 439 10882 439373 230279 11034 451429 17996 448188 160117
leaf_count=124213 20917 1103233 3448 931 3772 439 10882 439373 230279 11034 451429 17996 448188 160117
internal_value=1.82867e-07 -0.0072054 0.0491657 -0.00902153 -0.00877557 0.14805 0.136309 0.00437731 0.0110759 -0.00060149 0.00784557 0.0280753 0.0173096 0.0189107
internal_weight=3.02625e+06 1.14362e+06 35686 1.10794e+06 1.107e+06 14769 14330 1.88263e+06 802680 1.07995e+06 640576 189147 678467 171151
internal_count=3026251 1143622 35686 1107936 1107005 14769 14330 1882629 802680 1079949 640576 189147 678467 171151
is_linear=0
shrinkage=0.02


Tree=230
num_leaves=15
num_cat=0
split_feature=5 4 8 8 0 0 1 0 4 0 0 0 8 8
split_gain=235099 558953 1.52927e+06 1.00187e+06 945376 931035 891697 470766 366664 427949 357377 356340 347529 341300
threshold=0.072500001639127745 251.41500091552737 0.74589386582374584 0.7692478895187379 5322.5000000000009 6648.5000000000009 105.82435989379884 4917.5000000000009 163.10500335693362 4305.5000000000009 6244.5000000000009 3111.5000000000005 0.95892572402954113 0.75552397966384899
decision_type=2 2 2 2 2 2 2 2 2 2 2 2 2 2
left_child=1 -1 -3 5 6 13 -5 8 9 -2 -9 -10 -6 -4
right_child=7 2 3 4 12 -7 -8 10 11 -11 -12 -13 -14 -15
leaf_value=-0.00030253038277526479 0.02865788357716062 0.2386860236269249 -0.072942376136779785 -0.17190870467303035 0.0037706762335016565 -0.14376299864697187 -0.83086334239382464 0.22812182438580877 0.14558905190343377 0.31918893834429168 -0.13179478556328492 -0.10805617636548723 0.57364369223128153 -0.89773852602603033
leaf_weight=2915650 65478 3895 230 3302 5828 1596 1087 7203 2628 2083 1296 13849 452 1674
leaf_count=2915650 65478 3895 230 3302 5828 1596 1087 7203 2628 2083 1296 13849 452 1674
internal_value=2.08795e-07 -0.000989872 -0.111869 -0.208337 -0.111786 -0.501488 -0.336631 0.0313858 0.0170301 0.0376616 0.173146 -0.067536 0.045637 -0.799017
internal_weight=3.02625e+06 2.93371e+06 18064 14169 10669 3500 4389 92537 84038 67561 8499 16477 6280 1904
internal_count=3026251 2933714 18064 14169 10669 3500 4389 92537 84038 67561 8499 16477 6280 1904
is_linear=0
shrinkage=0.02


Tree=231
num_leaves=15
num_cat=0
split_feature=7 7 0 7 7 9 6 7 9 6 9 9 7 6
split_gain=242555 2.25355e+06 1.11407e+06 1.03984e+06 1.19647e+06 1.21837e+06 906556 925659 1.22578e+06 883714 1.06184e+06 810150 854560 809099
threshold=11203.908691406252 11281.717285156252 1969.5000000000002 11128.710937500002 11021.642089843752 0.53606674075126659 123.9750328063965 11248.801757812502 0.62927502393722545 120.1723976135254 -0.23959962278604505 0.70835387706756603 10886.141601562502 74.415508270263686
decision_type=2 2 2 2 2 2 2 2 2 2 2 2 2 2
left_child=3 2 -2 4 9 -6 7 -4 -9 11 -11 12 -1 -7
right_child=1 -3 6 -5 5 13 -8 8 -10 10 -12 -13 -14 -15
leaf_value=0.016322466738823444 -0.012620295372165405 0.0024638206741363377 -0.083914718329524837 0.037003439779860973 -0.015819145435261542 -0.026532044149088833 -0.36923766012411369 0.055193798292004832 -0.48224883400638496 0.16442826843428704 -0.010588532473477155 0.091980188878795707 -0.0285318941003176 -0.22631172953533046
leaf_weight=327715 68480 1656260 85407 333351 61798 12044 5405 2487 5324 28968 26587 34808 352789 24828
leaf_count=327715 68480 1656260 85407 333351 61798 12044 5405 2487 5324 28968 26587 34808 352789 24828
internal_value=1.50179e-07 -0.00459878 -0.0745966 0.0069713 -0.00454227 -0.0701129 -0.117625 -0.102997 -0.311274 0.00385146 0.0806831 -0.00211672 -0.00693112 -0.16108
internal_weight=3.02625e+06 1.82336e+06 167103 1.20289e+06 869537 98670 98623 93218 7811 770867 55555 715312 680504 36872
internal_count=3026251 1823363 167103 1202888 869537 98670 98623 93218 7811 770867 55555 715312 680504 36872
is_linear=0
shrinkage=0.02


Tree=232
num_leaves=15
num_cat=0
split_feature=7 7 4 8 8 4 7 7 4 8 8 0 4 7
split_gain=236984 1.42473e+06 925810 823674 731305 504369 861640 722345 485314 1.28406e+06 482118 480968 1.25484e+06 1.3618e+06
threshold=12683.662597656252 12665.208007812502 -79.244998931884751 0.80688521265983593 -0.73163655400276173 26.994999885559086 12778.510742187502 12778.510742187502 9.0650000572204608 0.72930297255516063 0.73413100838661205 2886.5000000000005 70.814998626708999 12732.157714843752
decision_type=2 2 2 2 2 2 2 2 2 2 2 2 2 2
left_child=1 -1 4 5 -3 7 -7 -2 -4 -10 -8 -5 -13 -14
right_child=3 2 8 11 -6 6 10 -9 9 -11 -12 12 13 -15
leaf_value=-6.0497890921740203e-06 -0.066518517588609868 -0.086004620227351392 -0.0016702510721245179 -0.030976823557435043 0.66481385171413421 0.23242982880572247 0.11558232577850663 0.060331274546177614 0.47190671876834978 0.039661591083345313 -0.16509047789379186 -0.59567214771316801 -0.46053311132363195 -0.041170340452995828
leaf_weight=2850204 41371 674 9099 32453 2214 10031 4672 31712 4233 7814 5121 2258 3631 20764
leaf_count=2850204 41371 674 9099 32453 2214 10031 4672 31712 4233 7814 5121 2258 3631 20764
internal_value=8.79302e-08 0.00128724 0.154596 -0.0243356 0.489889 0.0127978 0.102244 -0.0114752 0.108593 0.191808 -0.031205 -0.082697 -0.145636 -0.103753
internal_weight=3.02625e+06 2.87424e+06 24034 152013 2888 92907 19824 73083 21146 12047 9793 59106 26653 24395
internal_count=3026251 2874238 24034 152013 2888 92907 19824 73083 21146 12047 9793 59106 26653 24395
is_linear=0
shrinkage=0.02


Tree=233
num_leaves=15
num_cat=0
split_feature=7 7 7 7 7 9 4 4 7 4 7 7 4 7
split_gain=235047 1.47029e+06 1.29985e+06 1.15246e+06 2.33914e+06 1.70252e+06 1.59425e+06 1.14485e+06 1.26684e+06 1.08141e+06 943754 869802 903768 927155
threshold=11192.181152343752 11128.710937500002 11310.519042968752 11008.638671875002 10999.976074218752 0.53606674075126659 39.274999618530281 -141.870002746582 11059.523925781252 -44.06500053405761 11361.277832031252 11218.415527343752 -134.42499542236325 11233.562988281252
decision_type=2 2 2 2 2 2 2 2 2 2 2 2 2 2
left_child=1 3 11 4 -1 9 -6 -7 -9 -5 -4 -2 13 -13
right_child=2 -3 10 5 6 7 -8 8 -10 -11 -12 12 -14 -15
leaf_value=-0.0011457525143021383 -0.019438975382616998 0.052658479478812588 0.06353217418035477 0.17793889553264422 0.070569022526963079 -0.36594541188233293 0.40529618070432066 -0.15101952198564164 0.18451207475991788 -0.032115179052353733 -0.0010167373600812474 -0.025840883547050528 -0.075056600496822792 -0.48736836135816236
leaf_weight=710466 202539 227485 96269 11272 14797 8319 9245 35487 5146 74805 1536749 2863 86371 4438
leaf_count=710466 202539 227485 96269 11272 14797 8319 9245 35487 5146 74805 1536749 2863 86371 4438
internal_value=9.47011e-08 0.00739167 -0.004203 -0.00445131 0.00542111 -0.0581502 0.199399 -0.152309 -0.10849 -0.00459036 0.00278888 -0.0427482 -0.0931402 -0.306671
internal_weight=3.02625e+06 1.09702e+06 1.92923e+06 869537 734508 135029 24042 48952 40633 86077 1.63302e+06 296211 93672 7301
internal_count=3026251 1097022 1929229 869537 734508 135029 24042 48952 40633 86077 1633018 296211 93672 7301
is_linear=0
shrinkage=0.02


Tree=234
num_leaves=15
num_cat=0
split_feature=17 13 17 17 7 4 0 4 4 7 7 7 7 4
split_gain=235768 235533 722613 603372 527505 438102 424234 346975 308566 308387 512588 307993 963530 646920
threshold=0.078702233731746687 2.1000000238418584 0.62979054450988781 0.5293240249156953 12531.569824218752 -65.235000610351548 1656.5000000000002 167.60500335693362 170.42499542236331 12599.093261718752 12732.157714843752 12683.662597656252 12665.208007812502 -79.244998931884751
decision_type=2 2 2 2 2 2 2 2 2 2 2 2 2 2
left_child=-1 2 11 -3 6 -5 -4 -7 -6 -9 -11 12 -2 -14
right_child=1 3 4 5 8 7 -8 9 -10 10 -12 -13 13 -15
leaf_value=0.077100438715452385 0.0016221112707650595 -0.00089100807009970674 0.010593547084217699 -0.083607496689047683 -0.019976398864207889 -0.0091479687779994021 0.099680538962358428 -0.073104067896553951 -0.29432468290714864 -0.62855637048873902 -0.012167120845149761 -0.039302624036401571 0.53602821062337269 0.1211320689723713
leaf_weight=15772 1436784 1166017 31556 59630 15231 134181 66324 13356 1828 1107 1045 71992 1773 9655
leaf_count=15772 1436784 1166017 31556 59630 15231 134181 66324 13356 1828 1107 1045 71992 1773 9655
internal_value=7.87752e-08 -0.000404101 0.00472644 -0.00650382 0.0530771 -0.0377685 0.0709636 -0.0195037 -0.0495313 -0.10904 -0.330691 0.00107042 0.00307768 0.185915
internal_weight=3.02625e+06 3.01048e+06 1.63514e+06 1.37534e+06 114939 209319 97880 149689 17059 15508 2152 1.5202e+06 1.44821e+06 11428
internal_count=3026251 3010479 1635143 1375336 114939 209319 97880 149689 17059 15508 2152 1520204 1448212 11428
is_linear=0
shrinkage=0.02


Tree=235
num_leaves=15
num_cat=0
split_feature=1 7 4 1 6 8 7 7 7 4 7 8 7 5
split_gain=233155 505996 902812 676463 406363 334720 689436 476021 421614 321579 889508 1.21664e+06 1.39393e+06 1.34859e+06
threshold=91.960784912109389 10908.922363281252 47.98500061035157 119.77688598632814 116.38242721557619 0.99357324838638317 10844.483886718752 10807.967285156252 10879.343750000002 134.96500396728518 12586.961914062502 0.82309290766716015 12231.562988281252 0.057499999180436141
decision_type=2 2 2 2 2 2 2 2 2 2 2 2 2 2
left_child=9 2 4 5 -2 6 7 -4 -7 -1 11 12 -11 -14
right_child=1 -3 3 -5 -6 8 -8 -9 -10 10 -12 -13 13 -15
leaf_value=0.007599538550175357 -0.0034518001939714276 -0.010966237832364641 0.097388240524006214 0.37677287684407723 -0.23286767382412335 0.17319248531162604 0.25191276878942803 -0.10523084380311297 -0.33389763663908945 -0.029757084458553077 -0.1208066579045258 0.054046620919106579 -0.20433364159545697 -1.0751061626169134
leaf_weight=1627499 44994 1055515 18567 3448 3306 1091 8913 6172 1616 132520 29002 89678 3005 925
leaf_count=1627499 44994 1055515 18567 3448 3306 1091 8913 6172 1616 132520 29002 89678 3005 925
internal_value=5.58577e-08 -0.00712254 0.0389205 0.109429 -0.0192 0.0839789 0.101196 0.046815 -0.129633 0.00432677 -0.0165499 -0.00317365 -0.0407814 -0.4115
internal_weight=3.02625e+06 1.14362e+06 88107 39807 48300 36359 33652 24739 2707 1.88263e+06 255130 226128 136450 3930
internal_count=3026251 1143622 88107 39807 48300 36359 33652 24739 2707 1882629 255130 226128 136450 3930
is_linear=0
shrinkage=0.02


Tree=236
num_leaves=15
num_cat=0
split_feature=8 17 6 13 17 14 3 14 14 14 14 8 8 14
split_gain=231807 270646 251941 231392 812271 768998 295576 287044 208870 165445 163838 149378 143978 245656
threshold=-0.99445033073425282 0.078702233731746687 117.86121368408205 7.2999999523162851 0.57601621747016918 0.68943035602569591 3.9230986833572392 0.82090514898300182 0.71337804198265087 0.56141644716262828 0.58111968636512767 -0.71333315968513478 -0.84077408909797657 0.36885446310043341
decision_type=2 2 2 2 2 2 2 2 2 2 2 2 2 2
left_child=2 -2 -1 5 8 9 -6 -7 12 -3 -8 -12 13 -5
right_child=1 3 -4 4 6 7 10 -9 -10 -11 11 -13 -14 -15
leaf_value=-0.0274089843644293 0.085786550788129343 -0.0040730227140538576 0.063266516434074674 0.14704182329698476 -0.023277083578672243 0.03318369504582297 -0.031258806225745742 0.1061674800176321 -0.042025614323402148 0.0090620485198459888 -0.16091082438222823 -0.082072300713006974 -0.0019554096318502336 0.015337408844514039
leaf_weight=179608 15127 1069114 13145 5963 42501 175100 12587 24576 46651 598176 16184 23778 693831 109910
leaf_count=179608 15127 1069114 13145 5963 42501 175100 12587 24576 46651 598176 16184 23778 693831 109910
internal_value=-8.9294e-09 0.00144373 -0.0212222 0.000990724 -0.0070369 0.00508163 -0.0625025 0.0421715 -0.000879896 0.00063948 -0.0942167 -0.114033 0.00149118 0.0221274
internal_weight=3.02625e+06 2.8335e+06 192753 2.81837e+06 951405 1.86697e+06 95050 199676 856355 1.66729e+06 52549 39962 809704 115873
internal_count=3026251 2833498 192753 2818371 951405 1866966 95050 199676 856355 1667290 52549 39962 809704 115873
is_linear=0
shrinkage=0.02


Tree=237
num_leaves=15
num_cat=0
split_feature=1 4 0 4 4 0 0 4 4 10 4 4 6 0
split_gain=224155 328295 629371 567751 297034 239475 275353 467832 345623 312352 271964 411021 398168 392037
threshold=88.95892715454103 133.18499755859378 4637.5000000000009 214.22499847412112 -278.60499572753901 1064.5000000000002 4735.5000000000009 -170.61000061035153 -153.67499542236325 -6.4999999999999991 4.9649999141693124 -33.534999847412102 43.593715667724616 2643.5000000000005
decision_type=2 2 2 2 2 2 2 2 2 2 2 2 2 2
left_child=1 5 -3 -4 -2 -1 7 -7 9 -8 11 12 -9 -12
right_child=4 2 3 -5 -6 6 8 10 -10 -11 13 -13 -14 -15
leaf_value=-0.0052439103290292371 -0.1392783149378779 -0.048043815824912156 0.045829597355666545 -0.051145156633642101 -0.0055040696844869995 0.10097768361832808 0.079446439363019733 -0.082412932471380762 -0.07056255675566675 -0.022405964064307775 0.010019523740959584 -0.058584910863449365 0.012790741742466123 0.046394304319014167
leaf_weight=382951 6663 124622 80690 34452 1315562 25353 17773 18346 34074 37308 302651 39626 411376 194804
leaf_count=382951 6663 124622 80690 34452 1315562 25353 17773 18346 34074 37308 302651 39626 411376 194804
internal_value=-3.01503e-09 0.00479473 -0.0168989 0.0168114 -0.00617925 0.00834703 0.0131603 0.0161858 -0.0205058 0.0104669 0.0139612 0.00304043 0.00872437 0.0242646
internal_weight=3.02625e+06 1.70403e+06 239764 115142 1.32222e+06 1.46426e+06 1.08131e+06 992156 89155 55081 966803 469348 429722 497455
internal_count=3026251 1704026 239764 115142 1322225 1464262 1081311 992156 89155 55081 966803 469348 429722 497455
is_linear=0
shrinkage=0.02


Tree=238
num_leaves=15
num_cat=0
split_feature=9 0 4 16 3 4 4 9 0 4 4 4 3 9
split_gain=227238 219458 305637 217542 246725 370929 338975 328607 564350 759368 414850 336090 488157 389120
threshold=0.8301217555999757 592.50000000000011 -113.38499832153319 -23.100000381469723 3.5917528867721562 -239.11000061035153 239.73500061035159 -0.62499999999999989 1734.5000000000002 42.414999008178718 152.07500457763675 -170.61000061035153 2.0595670938491826 0.50712648034095775
decision_type=2 2 2 2 2 2 2 2 2 2 2 2 2 2
left_child=3 -2 -3 -1 6 -6 7 8 -5 -10 -11 12 13 -9
right_child=1 2 -4 4 5 -7 -8 11 9 10 -12 -13 -14 -15
leaf_value=0.02394422796302579 0.14241320923095571 0.075070824505455977 -0.2329526982451593 -0.011804419509907306 -0.086340751118436893 -0.0044086142584935624 -0.093919285519756285 0.33500032835100257 0.2841222389176139 0.066345808941808374 -0.011630132730234846 -0.00093303286756988766 0.023866473452839269 0.061389005550049155
leaf_weight=147762 1184 1741 4903 83264 22369 1789669 13207 4011 5496 97419 37907 776330 36672 4317
leaf_count=147762 1184 1741 4903 83264 22369 1789669 13207 4011 5496 97419 37907 776330 36672 4317
internal_value=-1.56318e-08 -0.107549 -0.152243 0.00027925 -0.000938933 -0.00542052 0.00673213 0.00800459 0.0294712 0.0538756 0.0445041 0.00214747 0.0552805 0.193414
internal_weight=3.02625e+06 7828 6644 3.01842e+06 2.87066e+06 1.81204e+06 1.05862e+06 1.04542e+06 224086 140822 135326 821330 45000 8328
internal_count=3026251 7828 6644 3018423 2870661 1812038 1058623 1045416 224086 140822 135326 821330 45000 8328
is_linear=0
shrinkage=0.02


Tree=239
num_leaves=15
num_cat=0
split_feature=5 7 7 7 7 7 0 7 0 0 7 7 0 0
split_gain=227490 263049 1.35796e+06 596914 983145 829220 799520 706780 807832 547221 516670 1.41374e+06 1.30734e+06 958190
threshold=0.082499999552965178 12683.662597656252 12641.291992187502 12545.775390625002 12487.211425781252 12513.354003906252 3047.5000000000005 12292.634765625002 2009.5000000000002 1558.5000000000002 12161.177246093752 12205.471191406252 1220.5000000000002 6012.5000000000009
decision_type=2 2 2 2 2 2 2 2 2 2 2 2 2 2
left_child=1 2 3 4 7 6 -6 10 -9 -4 -1 12 -12 -14
right_child=-2 -3 9 -5 5 -7 -8 8 -10 -11 11 -13 13 -15
leaf_value=-0.003386577813555054 0.045279370869724882 -0.026698810014166942 0.0074417194059151473 -0.054016838403376247 0.058320100571186945 0.030243336777111721 0.29043746694590783 0.045238072947140585 -0.19634068028487528 0.17542807584021733 -0.051405824352935323 -0.011937369563389311 0.12153092284292445 0.51882830128650892
leaf_weight=2372762 43732 147545 11306 82071 13075 83269 10871 8633 15412 24706 19073 130185 61091 2520
leaf_count=2372762 43732 147545 11306 82071 13075 83269 10871 8633 15412 24706 19073 130185 61091 2520
internal_value=9.41632e-09 -0.000664054 0.000690995 -0.000879298 0.00072605 0.0600797 0.163775 -0.00171263 -0.109622 0.122706 -0.0007087 0.0291392 0.0938075 0.13735
internal_weight=3.02625e+06 2.98252e+06 2.83497e+06 2.79896e+06 2.71689e+06 107215 23946 2.60968e+06 24045 36012 2.58563e+06 212869 82684 63611
internal_count=3026251 2982519 2834974 2798962 2716891 107215 23946 2609676 24045 36012 2585631 212869 82684 63611
is_linear=0
shrinkage=0.02


Tree=240
num_leaves=15
num_cat=0
split_feature=7 7 7 7 7 7 4 4 4 5 4 7 7 5
split_gain=225885 2.0924e+06 976006 1.09529e+06 770194 1.59373e+06 1.65262e+06 1.26834e+06 1.31591e+06 1.65759e+06 834650 698348 681516 1.29759e+06
threshold=11203.908691406252 11281.717285156252 11128.710937500002 11021.642089843752 10993.161621093752 11008.638671875002 120.75500106811525 -49.495000839233391 251.41500091552737 0.042500000447034843 -129.57500457763669 11179.867187500002 10978.528808593752 0.062499998137354858
decision_type=2 2 2 2 2 2 2 2 2 2 2 2 2 2
left_child=2 -2 3 4 12 6 10 -7 -9 -10 -6 -4 -1 -14
right_child=1 -3 11 -5 5 7 -8 8 9 -11 -12 -13 13 -15
leaf_value=0.00084899929837424363 -0.071886797045269873 0.0023673900451502824 0.071442267846757099 -0.06716403904697113 -0.31667520869783888 -0.29605205856260081 0.43840212285067809 0.070882238867455094 -0.70873611867446173 0.19408650974914823 0.12215056579582119 0.012297005287789025 -0.15660466739198653 0.35979153382258294
leaf_weight=675440 167103 1656260 132588 98670 1843 5882 6901 27105 2021 1351 27031 200763 21159 2134
leaf_count=675440 167103 1656260 132588 98670 1843 5882 6901 27105 2021 1351 27031 200763 21159 2134
internal_value=7.22135e-08 -0.00443802 0.00672742 -0.00442714 0.00360384 0.0658185 0.160572 -0.027431 0.0244918 -0.347508 0.0940401 0.0358231 -0.00281974 -0.10916
internal_weight=3.02625e+06 1.82336e+06 1.20289e+06 869537 770867 72134 35775 36359 30477 3372 28874 333351 698733 23293
internal_count=3026251 1823363 1202888 869537 770867 72134 35775 36359 30477 3372 28874 333351 698733 23293
is_linear=0
shrinkage=0.02


Tree=241
num_leaves=15
num_cat=0
split_feature=8 7 7 4 4 7 4 4 7 4 8 4 7 6
split_gain=220062 803233 413704 426952 367889 312512 685065 351072 297552 1.74347e+06 1.13757e+06 1.12448e+06 1.10532e+06 901527
threshold=-0.99445033073425282 11365.117187500002 11942.817871093752 -107.47000122070311 -165.94499969482419 12235.749511718752 -74.685001373291001 0.59499999880790722 12140.214355468752 -170.61000061035153 0.99518439173698436 83.064998626708999 12040.396972656252 66.445640563964858
decision_type=2 2 2 2 2 2 2 2 2 2 2 2 2 2
left_child=1 4 3 -3 -1 7 -7 -4 12 -10 -11 -12 -2 -14
right_child=8 2 5 -5 -6 6 -8 -9 9 10 11 -13 13 -15
leaf_value=0.21320760167027464 0.0015209920629030234 -0.17593410576192367 0.00087412391733644214 -0.047364172029165 0.034387495562383415 -0.37381162688302155 -0.033942529135743069 -0.19595445311912671 0.17205856094719316 -0.00068050497732040816 -0.0059042271051291586 0.22170385491483108 0.026921193241559279 -0.091939485152319367
leaf_weight=5257 2110916 15963 88255 29285 36506 3041 10676 3770 26647 533376 16066 18880 35268 92345
leaf_count=5257 2110916 15963 88255 29285 36506 3041 10676 3770 26647 533376 16066 18880 35268 92345
internal_value=4.82446e-08 -0.0206775 -0.0421493 -0.0927515 0.056943 -0.0204893 -0.109509 -0.00720958 0.00140674 0.013978 0.00656317 0.117091 -0.00193457 -0.0590906
internal_weight=3.02625e+06 192753 150990 45248 41763 105742 13717 92025 2.8335e+06 594969 568322 34946 2.23853e+06 127613
internal_count=3026251 192753 150990 45248 41763 105742 13717 92025 2833498 594969 568322 34946 2238529 127613
is_linear=0
shrinkage=0.02


Tree=242
num_leaves=15
num_cat=0
split_feature=9 1 1 7 0 9 4 7 4 7 0 9 7 5
split_gain=218270 220931 219916 490531 1.00128e+06 752362 538475 371291 328756 764162 1.13284e+06 1.00067e+06 1.20091e+06 1.2879e+06
threshold=0.8301217555999757 117.47762680053712 88.95892715454103 10908.922363281252 3871.5000000000005 -0.084905855357646928 99.134998321533217 10904.780761718752 133.18499755859378 12586.961914062502 6012.5000000000009 -0.56790637969970692 12231.562988281252 0.057499999180436141
decision_type=2 2 2 2 2 2 2 2 2 2 2 2 2 2
left_child=2 -2 8 4 -4 6 -6 -8 -1 11 -11 12 -10 -14
right_child=1 -3 3 -5 5 -7 7 -9 9 10 -12 -13 13 -15
leaf_value=0.0086063313394362968 -0.084431198471335109 -0.6463828989648327 0.0021620813625612936 -0.0095006095684719502 0.88948222101620555 -0.016972778786694235 0.16894789320540085 0.47220853701708215 -0.027991348224907977 -0.090298809513367079 -0.76917806257346943 0.050052423688251954 -0.18889746574720764 -1.0623016059822932
leaf_weight=1457577 7547 281 84542 1212053 461 7657 14557 1812 124380 26772 1011 83705 3035 861
leaf_count=1457577 7547 281 84542 1212053 461 7657 14557 1812 124380 26772 1011 83705 3035 861
internal_value=3.01509e-08 -0.105405 0.000273743 -0.00584533 0.0347866 0.147376 0.222115 0.202787 0.00503639 -0.0166654 -0.115271 -0.00373687 -0.0388378 -0.384147
internal_weight=3.02625e+06 7828 3.01842e+06 1.32108e+06 109029 24487 16830 16369 1.69734e+06 239764 27783 211981 128276 3896
internal_count=3026251 7828 3018423 1321082 109029 24487 16830 16369 1697341 239764 27783 211981 128276 3896
is_linear=0
shrinkage=0.02


Tree=243
num_leaves=15
num_cat=0
split_feature=17 16 16 17 0 6 0 16 17 8 8 14 13 8
split_gain=212370 319846 315171 289649 270939 255826 236148 181938 354501 178803 154151 140713 344116 119415
threshold=0.3050872683525086 10.700000286102297 -17.30000019073486 0.48221677541732794 1578.5000000000002 74.191432952880874 3371.5000000000005 23.10000038146973 0.48025463521480566 0.99679929018020641 0.84898290038108837 0.86313346028327953 6.0999999046325692 0.99679929018020641
decision_type=2 2 2 2 2 2 2 2 2 2 2 2 2 2
left_child=1 -1 3 -2 -5 -4 -3 11 -9 -8 -6 13 -13 -7
right_child=2 6 5 4 10 7 9 8 -10 -11 -12 12 -14 -15
leaf_value=0.00039937693395666906 -0.00077340976609151224 0.015976439251626558 0.0075598904320620967 -0.0028414485219860224 0.069509956633239542 -0.0096112129033698694 0.052774017524419951 -0.0077235255498577732 -0.084537592412502929 0.18471422309815072 0.017434959451577667 0.18526980097194062 -0.14887768900557624 0.016775866915016206
leaf_weight=438216 221051 144171 438602 51508 72247 1377790 62327 67175 37412 4391 33192 4257 1725 72187
leaf_count=438216 221051 144171 438602 51508 72247 1377790 62327 67175 37412 4391 33192 4257 1725 72187
internal_value=-4.39685e-08 0.0101388 -0.00276862 0.0139788 0.0347552 -0.00593526 0.0303759 -0.00972821 -0.0352065 0.0614843 0.0531202 -0.00789776 0.0888223 -0.00829741
internal_weight=3.02625e+06 649105 2.37715e+06 377998 156947 1.99915e+06 210889 1.56055e+06 104587 66718 105439 1.45596e+06 5982 1.44998e+06
internal_count=3026251 649105 2377146 377998 156947 1999148 210889 1560546 104587 66718 105439 1455959 5982 1449977
is_linear=0
shrinkage=0.02


Tree=244
num_leaves=15
num_cat=0
split_feature=5 4 8 8 6 8 8 4 4 4 9 4 5 8
split_gain=215022 413823 1.558e+06 977824 822203 556127 487946 295910 479850 378963 338997 253030 269151 250076
threshold=0.077500000596046462 251.41500091552737 0.74366798996925365 0.7692478895187379 107.80378723144533 0.95892572402954113 0.75552397966384899 251.41500091552737 170.42499542236331 83.064998626708999 0.22064693272113803 273.52999877929693 0.047500001266598708 0.86057791113853466
decision_type=2 2 2 2 2 2 2 2 2 2 2 2 2 2
left_child=1 -1 -3 6 5 -5 -4 8 9 -2 -11 -6 -13 -10
right_child=7 2 3 4 11 -7 -8 -9 13 10 -12 12 -14 -15
leaf_value=-0.00019356623097839182 -0.011372665010105478 0.24636847718700203 -0.16306470204109683 -0.060656461724795399 -0.82913978981082437 0.55506147952918583 -0.65350558281213755 0.1912446815259094 0.0004345387283534915 0.091749391250574422 0.61963158653628436 -0.49948512670207218 0.10557984773104931 -0.18343635505377898
leaf_weight=2942749 21167 4155 1266 8363 553 621 2293 4557 6022 26810 486 991 412 5806
leaf_count=2942749 21167 4155 1266 8363 553 621 2293 4557 6022 26810 486 991 412 5806
internal_value=-2.29939e-08 -0.00078898 -0.0946666 -0.192501 -0.0986181 -0.0175242 -0.479998 0.0360234 0.0242612 0.0521366 0.101372 -0.469092 -0.3223 -0.089899
internal_weight=3.02625e+06 2.9614e+06 18654 14499 10940 8984 3559 64848 60291 48463 27296 1956 1403 11828
internal_count=3026251 2961403 18654 14499 10940 8984 3559 64848 60291 48463 27296 1956 1403 11828
is_linear=0
shrinkage=0.02


Tree=245
num_leaves=15
num_cat=0
split_feature=8 0 8 0 9 0 8 0 9 6 8 6 0 5
split_gain=211603 392689 323823 360536 322272 595368 774141 481170 443169 866185 576752 490254 815522 478458
threshold=-0.95236524939537037 2886.5000000000005 -0.84077408909797657 948.50000000000011 0.070354644209146514 2188.5000000000005 0.64018929004669201 1064.5000000000002 0.55642431974411022 52.396627426147468 0.65655234456062328 80.26092910766603 3799.5000000000005 -0.012499999720603226
decision_type=2 2 2 2 2 2 2 2 2 2 2 2 2 2
left_child=1 -1 3 -2 5 -4 -7 -6 9 -9 13 12 -11 -10
right_child=2 -3 4 -5 7 6 -8 8 10 11 -12 -13 -14 -15
leaf_value=0.0015702433692361942 -0.025749577612887525 -0.045904153874612351 -0.0089949950962559307 0.032853726814624146 0.018559060728671587 0.18061475757460735 0.013063193925541266 0.52533206807102129 -0.024377125134025318 -0.0484599970190389 0.40866754150418449 -0.033915554299302236 -0.29682650032403235 0.022136407909272574
leaf_weight=188661 51412 110509 738457 229002 170427 11155 914196 934 448618 11869 1277 30022 9535 110177
leaf_count=188661 51412 110509 738457 229002 170427 11155 914196 934 448618 11869 1277 30022 9535 110177
internal_value=-6.15814e-08 -0.015967 0.00175161 0.0221086 -0.000581592 0.00439742 0.015085 -0.0111634 -0.0194348 -0.0750721 -0.0142321 -0.086077 -0.15919 -0.0152058
internal_weight=3.02625e+06 299170 2.72708e+06 280414 2.44667e+06 1.66381e+06 925351 782859 612432 52360 560072 51426 21404 558795
internal_count=3026251 299170 2727081 280414 2446667 1663808 925351 782859 612432 52360 560072 51426 21404 558795
is_linear=0
shrinkage=0.02


Tree=246
num_leaves=15
num_cat=0
split_feature=7 7 0 7 7 8 4 7 4 4 7 9 4 8
split_gain=210655 2.00358e+06 1.05866e+06 950284 1.04175e+06 1.6381e+06 1.3178e+06 747834 1.91981e+06 1.16119e+06 744079 1.88892e+06 3.39144e+06 1.28896e+06
threshold=11203.908691406252 11281.717285156252 1949.5000000000002 11128.710937500002 11021.642089843752 -0.84077408909797657 -144.35500335693357 11228.336914062502 91.655002593994155 122.3050003051758 10993.161621093752 -0.65655234456062306 251.41500091552737 -0.71827605366706837
decision_type=2 2 2 2 2 2 2 2 2 2 2 2 2 2
left_child=3 2 -2 4 10 -6 -7 9 -9 -4 -1 -12 13 -13
right_child=1 -3 7 -5 5 6 -8 8 -10 -11 11 12 -14 -15
leaf_value=-0.0029915169757663935 -0.0093796457414987329 0.0023735139019786817 -0.027853320714270199 0.03520630143369919 0.14652514608990053 -0.37058708785883859 -0.074564880509740319 -0.3029741051031713 0.14493582594338156 -0.19569701576340934 0.23717537991382143 -0.096410304571350164 -0.89670584435233647 0.10951888172741098
leaf_weight=698733 67824 1656260 51688 333351 12671 6499 79500 18574 4814 24203 18739 19484 1612 32299
leaf_count=698733 67824 1656260 51688 333351 12671 6499 79500 18574 4814 24203 18739 19484 1612 32299
internal_value=-1.25932e-08 -0.00428589 -0.0702876 0.00649657 -0.00451002 -0.0656944 -0.0969762 -0.111892 -0.210756 -0.0814007 0.00332222 0.0644731 0.00382972 0.0320314
internal_weight=3.02625e+06 1.82336e+06 167103 1.20289e+06 869537 98670 85999 99279 23388 75891 770867 72134 53395 51783
internal_count=3026251 1823363 167103 1202888 869537 98670 85999 99279 23388 75891 770867 72134 53395 51783
is_linear=0
shrinkage=0.02


Tree=247
num_leaves=15
num_cat=0
split_feature=1 4 4 9 4 9 4 9 9 9 5 6 9 9
split_gain=210490 293461 292994 523794 575377 496176 885353 783966 403725 314029 436249 258688 268877 498155
threshold=91.960784912109389 -278.60499572753901 134.96500396728518 -0.34975594282150263 -29.335000038146969 -0.10272181034088133 163.10500335693362 1.0025126284674004e-09 0.23488613963127139 0.70835387706756603 -0.017499999608844515 43.593715667724616 0.59157848358154308 0.30641731619834905
decision_type=2 2 2 2 2 2 2 2 2 2 2 2 2 2
left_child=2 -2 3 -1 9 -4 -7 -8 -9 11 -11 -5 13 -13
right_child=1 -3 5 4 -6 6 7 8 -10 10 -12 12 -14 -15
leaf_value=0.022204285711050886 -0.15327213299475509 -0.0060669857176016452 -0.024690040048120868 -0.065802527116357895 -0.02057413089363009 -0.031749973158095961 0.3694694204578981 -0.069862162695856794 0.52758390356675078 0.019639916673904651 0.14320909474844334 -0.0065257176093764108 -0.0064360849476460718 0.044595064911191147
leaf_weight=593829 5433 1138189 231683 19423 388994 13709 5666 3564 508 39003 16157 141011 263081 166001
leaf_count=593829 5433 1138189 231683 19423 388994 13709 5666 3564 508 39003 16157 141011 263081 166001
internal_value=-9.86129e-08 -0.00676766 0.00411093 0.00723486 -0.00136498 -0.0158163 0.0718383 0.217553 0.00577685 0.0102258 0.0558545 0.00595552 0.00840145 0.0211157
internal_weight=3.02625e+06 1.14362e+06 1.88263e+06 1.6275e+06 1.03367e+06 255130 23447 9738 4072 644676 55160 589516 570093 307012
internal_count=3026251 1143622 1882629 1627499 1033670 255130 23447 9738 4072 644676 55160 589516 570093 307012
is_linear=0
shrinkage=0.02


Tree=248
num_leaves=15
num_cat=0
split_feature=9 1 8 7 7 4 4 7 4 4 7 4 7 8
split_gain=209369 211478 210399 762457 395234 404993 349381 299208 655192 337231 270473 1.66254e+06 1.08846e+06 1.06665e+06
threshold=0.8301217555999757 117.47762680053712 -0.99445033073425282 11365.117187500002 11942.817871093752 -107.47000122070311 -165.94499969482419 12235.749511718752 -74.685001373291001 0.59499999880790722 12140.214355468752 -170.61000061035153 12045.636230468752 0.99518439173698436
decision_type=2 2 2 2 2 2 2 2 2 2 2 2 2 2
left_child=2 -2 3 6 5 -5 -1 9 -9 -6 12 -12 -4 -13
right_child=1 -3 10 4 7 -7 -8 8 -10 -11 11 13 -14 -15
leaf_value=0.20795901903332353 -0.082713180613174467 -0.63251308916360649 0.0017238332282042976 -0.17134329539374984 0.0012191863070799198 -0.046123310193901056 0.033695042424706514 -0.36527737856720172 -0.03290144659460767 -0.19169047301936964 0.16799608592051807 -0.00062661646375940445 -0.061193087695309623 0.11341549509019315
leaf_weight=5257 7547 281 2114691 15963 88255 29285 36506 3041 10676 3770 26647 533376 116010 34946
leaf_count=5257 7547 281 2114691 15963 88255 29285 36506 3041 10676 3770 26647 533376 116010 34946
internal_value=-4.78789e-08 -0.103234 0.000268013 -0.0199487 -0.0408684 -0.0903281 0.0556759 -0.0196974 -0.106802 -0.00670352 0.00164717 0.0136284 -0.00154848 0.00638765
internal_weight=3.02625e+06 7828 3.01842e+06 192753 150990 45248 41763 105742 13717 92025 2.82567e+06 594969 2.2307e+06 568322
internal_count=3026251 7828 3018423 192753 150990 45248 41763 105742 13717 92025 2825670 594969 2230701 568322
is_linear=0
shrinkage=0.02


Tree=249
num_leaves=15
num_cat=0
split_feature=17 10 14 14 8 0 1 8 8 8 0 0 5 0
split_gain=207916 204753 425922 181235 325589 250428 174959 162093 159368 230303 347767 162373 158356 157495
threshold=0.078702233731746687 2.3000000715255742 0.76518812775611889 0.71337804198265087 1.0000000180025095e-35 2765.5000000000005 91.960784912109389 0.77619159221649181 0.93684044480323803 0.99679929018020641 5374.5000000000009 5678.5000000000009 -0.042500000447034829 1261.5000000000002
decision_type=2 2 2 2 2 2 2 2 2 2 2 2 2 2
left_child=-1 2 6 -3 5 -5 8 -6 -2 11 -11 -10 13 -8
right_child=1 3 -4 4 7 -7 12 -9 9 10 -12 -13 -14 -15
leaf_value=0.072403121920428443 0.010834218887739722 -0.003954951282751357 0.055803284916570765 -0.023933093610138893 0.052159029519738838 -0.11370773967416199 0.018648225899448097 -0.020726250341941414 -0.028156820053867292 0.010213421496320088 0.31119410840051626 -0.16645638175332805 -0.0020182190022866894 -0.04691746123285593
leaf_weight=15772 840846 1265720 62019 25034 17457 24689 19030 40506 76127 53493 1571 3545 516787 63655
leaf_count=15772 840846 1265720 62019 25034 17457 24689 19030 40506 76127 53493 1571 3545 516787 63655
internal_value=-1.17139e-07 -0.000379686 0.00439771 -0.00607425 -0.0309812 -0.0685233 0.00237322 0.00122983 0.0075984 -0.0125945 0.0188558 -0.0343308 -0.0061302 -0.0318268
internal_weight=3.02625e+06 3.01048e+06 1.63707e+06 1.37341e+06 107686 49723 1.57505e+06 57963 975582 134736 55064 79672 599472 82685
internal_count=3026251 3010479 1637073 1373406 107686 49723 1575054 57963 975582 134736 55064 79672 599472 82685
is_linear=0
shrinkage=0.02


Tree=250
num_leaves=15
num_cat=0
split_feature=16 7 7 4 7 4 4 7 7 7 7 7 4 4
split_gain=202829 254576 252683 1.70567e+06 989043 1.76144e+06 836052 749110 734154 679616 616823 2.07845e+06 1.86679e+06 1.39376e+06
threshold=-23.100000381469723 11853.247070312502 12161.177246093752 -170.61000061035153 12188.847167968752 117.77499771118165 -228.83499908447263 12183.938476562502 12525.290527343752 12035.318359375002 11577.411621093752 11440.685058593752 31.554999351501468 -117.84499740600585
decision_type=2 2 2 2 2 2 2 2 2 2 2 2 2 2
left_child=1 -1 6 8 5 -5 -2 -7 -4 10 11 -8 -13 -12
right_child=2 -3 3 4 -6 7 9 -9 -10 -11 13 12 -14 -15
leaf_value=0.044305450066382743 -0.10219274220135345 -0.0092523032075921517 0.2327233863527117 0.047421981041391295 -0.0031870593728150669 0.5760574437032977 0.00087014481443774803 -0.047452141810654352 -0.019038484620754147 -0.039925333597632874 0.17778034717272642 0.013585281985118516 -0.1684655502310913 0.014288114596685116
leaf_weight=88594 34274 59227 19058 26735 529115 4023 1626855 951 6118 180319 22233 37472 56488 334789
leaf_count=88594 34274 59227 19058 26735 529115 4023 1626855 951 6118 180319 22233 37472 56488 334789
internal_value=-1.06509e-07 0.0228473 -0.00117351 0.0105467 0.00331572 0.111792 -0.00416952 0.456986 0.171559 -0.00268128 0.000551003 -0.00441249 -0.0958683 0.0244741
internal_weight=3.02625e+06 147821 2.87843e+06 586000 560824 31709 2.29243e+06 4974 25176 2.25816e+06 2.07784e+06 1.72082e+06 93960 357022
internal_count=3026251 147821 2878430 586000 560824 31709 2292430 4974 25176 2258156 2077837 1720815 93960 357022
is_linear=0
shrinkage=0.02


Tree=251
num_leaves=15
num_cat=0
split_feature=9 0 4 1 4 9 0 9 9 9 4 0 4 0
split_gain=202018 209360 318006 202350 363319 762117 440540 678823 416205 349508 532553 601664 629530 480636
threshold=0.8301217555999757 652.50000000000011 -65.235000610351548 80.724102020263686 182.47499847412112 -0.56790637969970692 4172.5000000000009 -0.6304970085620879 -0.084905855357646928 -0.34975594282150263 0.59499999880790722 5486.5000000000009 131.47499847412112 1618.5000000000002
decision_type=2 2 2 2 2 2 2 2 2 2 2 2 2 2
left_child=3 -2 -3 4 9 6 7 -6 -7 13 -11 -12 -13 -1
right_child=1 2 -4 -5 5 8 -8 -9 -10 10 11 12 -14 -15
leaf_value=-0.004089287889383451 0.12920802056018257 -0.038145433404244845 -0.32562727422301052 -0.003836955170144837 -0.15527849746568428 0.0059656588384729963 -0.075328240179707115 -0.69608615694373288 0.25219345490739281 0.010426505629778831 -0.026251763586405203 -0.69725567594513282 -0.090030390781921668 0.038708621406325756
leaf_weight=166042 1304 4047 2477 1855266 4280 27311 25598 1179 3043 489677 157795 1077 1847 285308
leaf_count=166042 1304 4047 2477 1855266 4280 27311 25598 1179 3043 489677 157795 1077 1847 285308
internal_value=-5.66963e-08 -0.101405 -0.147629 0.000263256 0.00680319 -0.0405376 -0.110176 -0.273142 0.0307257 0.00944232 5.82734e-05 -0.0315301 -0.315311 0.0229644
internal_weight=3.02625e+06 7828 6524 3.01842e+06 1.16316e+06 61411 31057 5459 30354 1.10175e+06 650396 160719 2924 451350
internal_count=3026251 7828 6524 3018423 1163157 61411 31057 5459 30354 1101746 650396 160719 2924 451350
is_linear=0
shrinkage=0.02


Tree=252
num_leaves=15
num_cat=0
split_feature=7 7 4 9 4 4 7 9 4 9 4 7 7 7
split_gain=200906 1.28011e+06 1.1776e+06 758492 912014 639882 614301 1.00532e+06 1.19856e+06 740373 676367 596525 881763 803539
threshold=12683.662597656252 12641.291992187502 99.134998321533217 -0.68419089913368214 -79.244998931884751 39.274999618530281 12778.510742187502 -0.57362857460975636 30.425000190734867 0.66953307390213024 -49.495000839233391 12545.775390625002 12487.211425781252 12513.354003906252
decision_type=2 2 2 2 2 2 2 2 2 2 2 2 2 2
left_child=1 11 3 -3 -5 -6 7 8 -2 -8 -11 12 -1 -14
right_child=6 2 -4 4 5 -7 9 -9 -10 10 -12 -13 13 -15
leaf_value=-0.0010139015380969884 -0.071586566885663491 0.39563032397159903 -0.2116674259587796 0.41322318946807313 0.0044972734277155795 0.22782196591888931 0.0054820621912246084 -0.091535561153422873 0.21896436141913889 0.41941801575680809 -0.039183065874960919 -0.053346393881140285 0.15935763581782803 0.02809273304858952
leaf_weight=2648234 12438 4633 3826 3650 16457 7448 53024 70619 10435 3453 2044 82383 24004 83603
leaf_count=2648234 12438 4633 3826 3650 16457 7448 53024 70619 10435 3453 2044 82383 24004 83603
internal_value=-1.66812e-07 0.00118495 0.119658 0.159094 0.119194 0.0741448 -0.022407 -0.0542137 0.0610039 0.0284071 0.249127 -0.000318746 0.00126664 0.0573864
internal_weight=3.02625e+06 2.87424e+06 36014 32188 27555 23905 152013 93492 22873 58521 5497 2.83822e+06 2.75584e+06 107607
internal_count=3026251 2874238 36014 32188 27555 23905 152013 93492 22873 58521 5497 2838224 2755841 107607
is_linear=0
shrinkage=0.02


Tree=253
num_leaves=15
num_cat=0
split_feature=7 7 7 7 7 7 8 4 4 7 4 7 7 7
split_gain=200772 1.35377e+06 1.16758e+06 893469 798656 2.19315e+06 1.43628e+06 955266 957171 793583 836755 867098 746633 2.13376e+06
threshold=11192.181152343752 11153.163574218752 11310.519042968752 11361.277832031252 11335.093261718752 11346.886718750002 0.97559595108032238 58.835000991821296 87.875000000000014 11218.415527343752 -134.42499542236325 11233.562988281252 11008.638671875002 10999.976074218752
decision_type=2 2 2 2 2 2 2 2 2 2 2 2 2 2
left_child=1 12 9 4 -4 6 -6 -8 -9 -2 11 -11 13 -1
right_child=2 -3 3 -5 5 -7 7 8 -10 10 -12 -13 -14 -15
leaf_value=-0.0015929838233409207 -0.018151665751845809 0.053239989882187339 0.0050879744778804768 -0.00096089604158749932 -0.039232295374492833 0.042365727944707575 0.11141343659853307 0.8782899658810992 0.3951886871798998 -0.022437955521557997 -0.071149607344067639 -0.46875773091110395 -0.043247555803937916 0.18994575397139887
leaf_weight=710466 202539 204536 48853 1536749 2780 35704 2135 2824 3973 2863 86371 4438 157978 24042
leaf_count=710466 202539 204536 48853 1536749 2780 35704 2135 2824 3973 2863 86371 4438 157978 24042
internal_value=-7.0153e-08 0.00683135 -0.00388466 0.00274194 0.0618448 0.120308 0.357674 0.481115 0.596905 -0.0404162 -0.0885497 -0.294012 -0.00380483 0.00467896
internal_weight=3.02625e+06 1.09702e+06 1.92923e+06 1.63302e+06 96269 47416 11712 8932 6797 296211 93672 7301 892486 734508
internal_count=3026251 1097022 1929229 1633018 96269 47416 11712 8932 6797 296211 93672 7301 892486 734508
is_linear=0
shrinkage=0.02


Tree=254
num_leaves=15
num_cat=0
split_feature=7 0 4 7 4 7 4 7 4 4 7 7 7 7
split_gain=201159 639854 1.09019e+06 1.00783e+06 799362 711806 618998 583202 1.08102e+06 587110 1.17338e+06 1.13546e+06 1.33161e+06 1.04146e+06
threshold=10886.141601562502 3752.5000000000005 -150.31500244140622 10879.343750000002 148.09500122070315 10811.572265625002 78.125000000000014 10844.483886718752 37.104999542236335 -46.954999923706048 10817.519042968752 10782.446289062502 10706.830566406252 10728.651367187502
decision_type=2 2 2 2 2 2 2 2 2 2 2 2 2 2
left_child=1 2 5 -3 6 -1 -5 9 -9 10 11 12 -4 -14
right_child=-2 3 7 4 -6 -7 -8 8 -10 -11 -12 -13 13 -15
leaf_value=0.037536223049062165 -0.001812871571714697 0.051940886834113249 -0.051683262800253503 -0.20870835241870345 -0.059474645738312334 0.60440149601435678 0.98074870939512515 -0.017565311533476766 0.16593925104490834 -0.040141996743893051 0.31638107919437308 -0.20129680900452507 0.68654575347900393 0.15279824933393835
leaf_weight=1633 2693347 80891 14373 204 656 1931 1100 34254 20530 153808 5541 8216 1783 7984
leaf_count=1633 2693347 80891 14373 204 656 1931 1100 34254 20530 153808 5541 8216 1783 7984
internal_value=-1.99879e-09 0.0146665 -0.00129448 0.062833 0.509806 0.345505 0.794481 -0.00632278 0.0512194 -0.0227687 0.0477339 0.00164363 0.0707696 0.25084
internal_weight=3.02625e+06 332904 250053 82851 1960 3564 1304 246489 54784 191705 37897 32356 24140 9767
internal_count=3026251 332904 250053 82851 1960 3564 1304 246489 54784 191705 37897 32356 24140 9767
is_linear=0
shrinkage=0.02


Tree=255
num_leaves=15
num_cat=0
split_feature=13 17 14 7 9 9 14 9 7 7 7 7 7 7
split_gain=197142 678751 650768 674456 350098 318955 299884 254709 404506 1.04107e+06 302188 250709 404869 349276
threshold=7.2999999523162851 0.56424313783645641 0.76518812775611889 11965.328125000002 -0.86513796448707569 0.20045207440853122 0.61669892072677623 -0.51891005039215077 11375.303222656252 11391.668457031252 10825.674316406252 12487.211425781252 12535.256835937502 12241.801269531252
decision_type=2 2 2 2 2 2 2 2 2 2 2 2 2 2
left_child=2 11 6 4 -4 -3 -1 8 -6 -10 -9 13 -13 -2
right_child=1 5 3 -5 7 -7 -8 10 9 -11 -12 12 -14 -15
leaf_value=-0.0027906979432832392 -0.0030069209228541925 -0.02748716525415159 0.68158527281902026 -0.034345905430701172 0.11773484339216882 -0.096064521149722318 0.01610317261404216 0.27401036501162135 1.0702301325150081 0.15564106019212573 0.046646969583762 0.090999346155453228 0.0042321307525504019 -0.084368571343011955
leaf_weight=1496277 773861 74674 403 20458 15107 42610 433331 2522 656 1990 30696 29034 82945 21687
leaf_count=1496277 773861 74674 403 20458 15107 42610 433331 2522 656 1990 30696 29034 82945 21687
internal_value=1.44728e-07 -0.00713353 0.00365288 0.0627568 0.101424 -0.052408 0.00145234 0.096704 0.15785 0.385571 0.0639869 -0.00128197 0.0267355 -0.00522593
internal_weight=3.02625e+06 1.02481e+06 2.00144e+06 71832 51374 117284 1.92961e+06 50971 17753 2646 33218 907527 111979 795548
internal_count=3026251 1024811 2001440 71832 51374 117284 1929608 50971 17753 2646 33218 907527 111979 795548
is_linear=0
shrinkage=0.02


Tree=256
num_leaves=15
num_cat=0
split_feature=8 7 0 7 7 7 7 7 7 8 7 8 7 6
split_gain=196599 732991 744446 351077 1.04834e+06 326279 503708 269075 2.06341e+06 1.66839e+06 1.4506e+06 1.29492e+06 1.09418e+06 964812
threshold=-0.99445033073425282 11365.117187500002 2167.5000000000005 11755.942382812502 11422.027343750002 12235.749511718752 12487.211425781252 11577.411621093752 11440.685058593752 -0.56388047337532032 11755.942382812502 -0.85837611556053151 12832.255859375002 50.552278518676765
decision_type=2 2 2 2 2 2 2 2 2 2 2 2 2 2
left_child=1 -1 -3 4 -4 -5 -7 8 -2 -10 -9 12 -12 -11
right_child=7 2 3 5 -6 6 -8 10 9 13 11 -13 -14 -15
leaf_value=0.054605011690033109 0.0017115885805457523 0.0044999206288679951 -0.10658538619119899 -0.040102098552855327 -0.58712768893725231 -0.2562873993426929 0.09660957745592369 0.13388253861939739 0.10633442247870688 0.5495613586257081 0.06821234880002798 -0.004342672168851933 -0.25796099049916055 -0.13555545542038247
leaf_weight=41763 1665896 75248 15862 48968 2042 6749 2121 36076 14189 821 146569 884998 4223 80726
leaf_count=41763 1665896 75248 15862 48968 2042 6749 2121 36076 14189 821 146569 884998 4223 80726
internal_value=2.88104e-07 -0.0195439 -0.0400554 -0.0843152 -0.161691 -0.060339 -0.171886 0.00132988 -0.00347759 -0.0937651 0.00923103 0.00488821 0.0590611 -0.128591
internal_weight=3.02625e+06 192753 150990 75742 17904 57838 8870 2.8335e+06 1.76163e+06 95736 1.07187e+06 1.03579e+06 150792 81547
internal_count=3026251 192753 150990 75742 17904 57838 8870 2833498 1761632 95736 1071866 1035790 150792 81547
is_linear=0
shrinkage=0.02


Tree=257
num_leaves=15
num_cat=0
split_feature=1 8 4 8 4 0 8 4 0 4 0 4 8 0
split_gain=197628 300443 630924 572843 533783 661009 545148 349561 564402 644285 929266 635873 750123 458585
threshold=91.960784912109389 0.93684044480323803 167.60500335693362 0.82309290766716015 170.42499542236331 5611.5000000000009 0.99679929018020641 32.68499946594239 4482.5000000000009 125.25500106811525 2785.5000000000005 86.755001068115249 0.86057791113853466 3799.5000000000005
decision_type=2 2 2 2 2 2 2 2 2 2 2 2 2 2
left_child=1 2 7 -4 5 -3 -6 -1 9 10 -9 12 -12 -13
right_child=-2 4 3 -5 6 -7 -8 8 -10 -11 11 13 -14 -15
leaf_value=0.0036810310199704654 -0.0065572780626147777 -0.020579854622702887 -0.070814387319812142 0.021972481118624206 0.0137335989352081 -0.31630113893556749 0.24146169706371595 0.0089787248620374158 0.089842008280953595 -0.030916658652510073 0.22704959581012907 0.02438059917179242 -0.029177884725673744 0.1332683548798575
leaf_weight=993222 1143622 234596 74724 41329 13658 3053 6066 271278 47258 89552 19242 62059 5990 20602
leaf_count=993222 1143622 234596 74724 41329 13658 3053 6066 271278 47258 89552 19242 62059 5990 20602
internal_value=2.57717e-07 0.00398372 0.00716318 -0.0377717 -0.0160933 -0.0243921 0.0838579 0.0106188 0.023973 0.0173301 0.0287255 0.0783696 0.166234 0.0515323
internal_weight=3.02625e+06 1.88263e+06 1.62526e+06 116053 257373 237649 19724 1.5092e+06 515981 468723 379171 107893 25232 82661
internal_count=3026251 1882629 1625256 116053 257373 237649 19724 1509203 515981 468723 379171 107893 25232 82661
is_linear=0
shrinkage=0.02


Tree=258
num_leaves=15
num_cat=0
split_feature=5 4 8 8 8 6 7 7 7 7 4 4 7 7
split_gain=199945 461051 1.33884e+06 896798 666939 644442 590298 499259 487751 522898 370743 424352 486466 1.01704e+06
threshold=0.072500001639127745 251.41500091552737 0.74589386582374584 0.95892572402954113 0.7692478895187379 112.48954391479494 11008.638671875002 12788.276855468752 11015.070312500002 11440.685058593752 251.41500091552737 170.42499542236331 11440.685058593752 11382.777343750002
decision_type=2 2 2 2 2 2 2 2 2 2 2 2 2 2
left_child=1 -1 -3 4 6 7 -4 -6 -8 -10 11 -2 13 -13
right_child=10 2 3 -5 5 -7 8 -9 9 -11 -12 12 -14 -15
leaf_value=-0.00028853754984675217 0.039938251585053583 0.22638455256901291 -0.16446302699027804 0.54443526769701334 0.01819969284185427 -0.48341511146078531 -0.88912971472387348 -0.34979887466310089 0.38174199692614663 -0.80370587570032026 0.19373192009535747 -0.042675271548298047 -0.22144857719939029 0.78595920743821535
leaf_weight=2915650 71571 3895 1514 623 6321 1812 1409 1913 298 279 5147 9465 5732 622
leaf_count=2915650 71571 3895 1514 623 6321 1812 1409 1913 298 279 5147 9465 5732 622
internal_value=2.71987e-07 -0.00091279 -0.101614 -0.191877 -0.226119 -0.143021 -0.463542 -0.0676154 -0.689564 -0.195357 0.0289444 0.0192176 -0.0744949 0.00914708
internal_weight=3.02625e+06 2.93371e+06 18064 14169 13546 10046 3500 8234 1986 577 92537 87390 15819 10087
internal_count=3026251 2933714 18064 14169 13546 10046 3500 8234 1986 577 92537 87390 15819 10087
is_linear=0
shrinkage=0.02


Tree=259
num_leaves=15
num_cat=0
split_feature=17 4 0 0 14 9 0 4 16 4 0 9 4 9
split_gain=194296 201012 410176 1.07665e+06 208816 183370 201238 286261 179791 176276 633645 837333 545022 544563
threshold=0.078702233731746687 -278.60499572753901 6648.5000000000009 8272.5000000000018 0.62574687600135814 0.8301217555999757 592.50000000000011 -115.63499832153319 -24.100000381469723 123.76499938964845 4880.5000000000009 -0.64141976833343495 221.254997253418 -0.75766631960868824
decision_type=2 2 2 2 2 2 2 2 2 2 2 2 2 2
left_child=-1 2 4 -4 -2 8 -7 -8 -3 -10 13 -12 -13 -11
right_child=1 5 3 -5 -6 6 7 -9 9 10 11 12 -14 -15
leaf_value=0.069991683303761862 -0.11624842813105808 0.027633929289383824 0.56721152349690163 -0.11595780255407237 -0.36702010926273021 0.14267869621677318 0.087520761619049453 -0.21514750380510708 0.0014958835019142406 0.20049010915542934 -0.036705466919280373 0.082673783870810522 -0.025291305182394828 -0.032140586738891044
leaf_weight=15772 4894 92639 1223 3658 1822 1184 1661 4983 2430340 4070 64098 75287 24878 299742
leaf_count=15772 4894 92639 1223 3658 1822 1184 1661 4983 2430340 4070 64098 75287 24878 299742
internal_value=2.15769e-07 -0.000366696 -0.0834362 0.0560251 -0.184728 -4.51738e-05 -0.0966555 -0.13946 0.000207984 -0.000668688 -0.0119074 0.0197384 0.0558584 -0.0290176
internal_weight=3.02625e+06 3.01048e+06 11597 4881 6716 2.99888e+06 7828 6644 2.99105e+06 2.89842e+06 468075 164263 100165 303812
internal_count=3026251 3010479 11597 4881 6716 2998882 7828 6644 2991054 2898415 468075 164263 100165 303812
is_linear=0
shrinkage=0.02


Tree=260
num_leaves=15
num_cat=0
split_feature=7 7 7 6 7 6 7 0 7 9 7 0 7 9
split_gain=195254 367511 612074 1.56699e+06 651164 602509 463645 460123 393391 1.84901e+06 1.90687e+06 822571 608822 1.2287e+06
threshold=10073.079589843752 10626.541503906252 10689.769531250002 62.90318679809571 10640.863281250002 88.658889770507827 10706.830566406252 8272.5000000000018 10782.446289062502 0.60596671700477611 10761.730957031252 5917.5000000000009 10811.572265625002 0.59157848358154308
decision_type=2 2 2 2 2 2 2 2 2 2 2 2 2 2
left_child=-1 -2 3 -3 -5 -6 -4 8 9 11 -11 -8 13 -10
right_child=1 2 6 4 5 -7 7 -9 12 10 -12 -13 -14 -15
leaf_value=0.079620741866614567 -0.063785099377933779 -0.1083245461180098 -0.12500945099131314 0.35029222529194426 0.037810778402708148 0.22947253542720222 -0.014464572602571682 -0.14430384935915613 -0.021812955308433621 0.48314953236984637 0.062168812001917637 -0.40540799304244379 0.00065780215315887922 -0.25982863552625679
leaf_weight=12260 36055 13709 11944 5227 18062 10298 24006 8826 48971 6614 12298 2355 2805092 10534
leaf_count=12260 36055 13709 11944 5227 18062 10298 24006 8826 48971 6614 12298 2355 2805092 10534
internal_value=2.29366e-07 -0.000323899 0.000444655 0.0718115 0.145347 0.107463 -0.00070733 -0.000198223 0.000239355 0.0587277 0.209575 -0.0495313 -0.000685208 -0.0639851
internal_weight=3.02625e+06 3.01399e+06 2.97794e+06 47296 33587 28360 2.93064e+06 2.9187e+06 2.90987e+06 45273 18912 26361 2.8646e+06 59505
internal_count=3026251 3013991 2977936 47296 33587 28360 2930640 2918696 2909870 45273 18912 26361 2864597 59505
is_linear=0
shrinkage=0.02


Tree=261
num_leaves=15
num_cat=0
split_feature=5 4 9 9 6 0 9 0 5 7 7 7 9 7
split_gain=194970 300617 1.03207e+06 847641 607242 854066 596264 557245 1.12575e+06 933306 623939 432394 370167 309739
threshold=0.082499999552965178 239.73500061035159 -0.66854909062385548 -0.27933107316493982 115.0654640197754 5322.5000000000009 -0.6304970085620879 6648.5000000000009 0.0074999998323619374 11021.642089843752 11440.685058593752 12788.276855468752 -0.43012964725494379 11008.638671875002
decision_type=2 2 2 2 2 2 2 2 2 2 2 2 2 2
left_child=1 -1 -3 4 6 -6 7 8 -4 -10 -11 12 -8 -9
right_child=-2 2 3 -5 5 -7 11 13 9 10 -12 -13 -14 -15
leaf_value=2.7872480644991432e-05 0.041918507655577281 0.17705928866332574 0.36826988432484287 0.46959267048947595 -0.80867393789925346 0.010800841007216391 0.13054938430274857 -0.15100393120644379 -0.88687167559113622 0.19482438595266716 -0.58171293674550983 -0.28273098676972341 -0.096791511231101204 0.36761989497783903
leaf_weight=2952308 43732 5768 610 928 1216 869 5754 3203 1710 771 874 2294 5686 528
leaf_count=2952308 43732 5768 610 928 1216 869 5754 3203 1710 771 874 2294 5686 528
internal_value=2.31147e-07 -0.000614539 -0.0633728 -0.120159 -0.143624 -0.468697 -0.111792 -0.252601 -0.417396 -0.56092 -0.218765 -0.0327597 0.017567 -0.076818
internal_weight=3.02625e+06 2.98252e+06 30211 24443 23515 2085 21430 7696 3965 3355 1645 13734 11440 3731
internal_count=3026251 2982519 30211 24443 23515 2085 21430 7696 3965 3355 1645 13734 11440 3731
is_linear=0
shrinkage=0.02


Tree=262
num_leaves=15
num_cat=0
split_feature=8 7 7 7 7 7 7 7 7 7 8 7 8 7
split_gain=194551 666990 906885 504268 566321 485007 837050 950246 536557 384769 1.92924e+06 2.14952e+06 1.01322e+06 1.12372e+06
threshold=-0.95236524939537037 11368.435058593752 11942.817871093752 12832.255859375002 12772.698730468752 12832.255859375002 12764.483398437502 12778.510742187502 12772.698730468752 12140.214355468752 -0.85837611556053151 12205.471191406252 -0.71702975034713734 12183.938476562502
decision_type=2 2 2 2 2 2 2 2 2 2 2 2 2 2
left_child=1 -1 -3 4 -4 6 9 8 -8 -2 11 -11 -12 -14
right_child=5 2 3 -5 -6 -7 7 -9 -10 10 12 -13 13 -15
leaf_value=0.035373141131374429 -0.00096932545373460907 -0.09915694916403027 -0.018406671879088277 -0.23341688385125733 0.088650810900772092 0.16071438279983799 -0.092238947379198744 -0.010074080852814473 -0.31455280994188328 0.4461552984648931 -0.04915241049228343 0.079740483048689567 0.14543908258089858 0.012115018825826834
leaf_weight=77089 2178039 60220 134839 3873 23149 7639 8962 26584 8437 7832 101772 34965 27408 325443
leaf_count=77089 2178039 60220 134839 3873 23149 7639 8962 26584 8437 7832 101772 34965 27408 325443
internal_value=1.57578e-07 -0.0153099 -0.0329039 -0.00824987 -0.00271546 0.00167978 0.00123245 -0.0852987 -0.200162 0.00265529 0.018526 0.146885 0.00643967 0.022475
internal_weight=3.02625e+06 299170 222081 161861 157988 2.72708e+06 2.71944e+06 43983 17399 2.67546e+06 497420 42797 454623 352851
internal_count=3026251 299170 222081 161861 157988 2727081 2719442 43983 17399 2675459 497420 42797 454623 352851
is_linear=0
shrinkage=0.02


Tree=263
num_leaves=15
num_cat=0
split_feature=7 0 7 7 7 5 1 7 7 7 7 0 0 1
split_gain=190771 607543 839645 833403 551783 1.04436e+06 683132 876724 626474 613910 582121 1.3428e+06 544798 584782
threshold=10886.141601562502 4019.5000000000005 10879.343750000002 10825.674316406252 10955.337890625002 -0.027499999850988385 108.38267135620119 10947.171386718752 10930.859375000002 10918.357421875002 10926.682617187502 3174.5000000000005 1694.5000000000002 67.813579559326186
decision_type=2 2 2 2 2 2 2 2 2 2 2 2 2 2
left_child=1 3 -3 -1 5 8 10 -8 9 -2 11 -7 -5 -14
right_child=4 2 -4 12 -6 6 7 -9 -10 -11 -12 -13 13 -15
leaf_value=-0.022784998596904305 -0.10195034428361328 0.056351301947883042 0.517992050116449 -0.0045939878163635227 0.00088711705407981483 -0.049849477412767164 0.14720975479251658 -0.042289183260166542 -0.027299518701284192 -0.28731304635925642 -0.066677833744066967 0.17772595575189695 -0.031761314807490976 0.1406552439735414
leaf_weight=184793 20758 67277 1604 34748 2480413 32135 22481 17254 22206 10906 71893 15301 10208 34274
leaf_count=184793 20758 67277 1604 34748 2480413 32135 22481 17254 22206 10906 71893 15301 10208 34274
internal_value=1.64082e-07 0.014283 0.0671752 0.000481809 -0.00176526 -0.0326608 -0.00688215 0.0649338 -0.108763 -0.165866 -0.0307995 0.023579 0.0547447 0.101089
internal_weight=3.02625e+06 332904 68881 264023 2.69335e+06 212934 159064 39735 53870 31664 119329 47436 79230 44482
internal_count=3026251 332904 68881 264023 2693347 212934 159064 39735 53870 31664 119329 47436 79230 44482
is_linear=0
shrinkage=0.02


Tree=264
num_leaves=15
num_cat=0
split_feature=1 8 4 4 8 8 8 8 4 4 3 4 8 4
split_gain=190635 389876 681571 317172 383671 318869 316581 292354 264620 404296 248922 277788 262676 248159
threshold=80.724102020263686 0.93684044480323803 167.60500335693362 -218.04499816894528 -0.9886590540409087 -0.71333315968513478 0.82309290766716015 -0.7377723455429076 170.42499542236331 221.254997253418 2.2608433961868291 -153.67499542236325 -0.78813534975051869 22.564999580383304
decision_type=2 2 2 2 2 2 2 2 2 2 2 2 2 2
left_child=1 2 13 4 -2 7 -4 -6 -3 -10 11 12 -5 -1
right_child=3 8 6 10 5 -7 -8 -9 9 -11 -12 -13 -14 -15
leaf_value=0.007488790332433836 0.24490398591167162 -0.029022886272533101 -0.080970593322200149 0.28193396046314367 -0.067877265607176177 0.27112979004884535 0.0047094008253457777 -0.30237880852708016 0.142992840318828 -0.12667762036658395 -0.0047154592449321622 0.018306068669153356 0.011269932469983155 0.028732876500377671
leaf_weight=574473 1577 153810 44709 3181 34892 1041 28080 2256 8319 3025 1698975 112906 2607 356400
leaf_count=574473 1577 153810 44709 3181 34892 1041 28080 2256 8319 3025 1698975 112906 2607 356400
internal_value=1.87134e-07 0.0063281 0.0110138 -0.00398174 -0.0598502 -0.0724963 -0.0479212 -0.0821966 -0.0221463 0.0710323 -0.00275915 0.0252412 0.160256 0.0156227
internal_weight=3.02625e+06 1.16882e+06 1.00366e+06 1.85744e+06 39766 38189 72789 37148 165154 11344 1.81767e+06 118694 5788 930873
internal_count=3026251 1168816 1003662 1857435 39766 38189 72789 37148 165154 11344 1817669 118694 5788 930873
is_linear=0
shrinkage=0.02


Tree=265
num_leaves=15
num_cat=0
split_feature=7 7 4 0 7 7 1 7 4 7 7 7 0 7
split_gain=192602 1.21736e+06 1.12752e+06 1.047e+06 582807 810715 868368 636249 1.79288e+06 575030 803892 770635 757147 693842
threshold=12683.662597656252 12641.291992187502 99.134998321533217 2804.5000000000005 12778.510742187502 12764.483398437502 81.289573669433608 12732.157714843752 120.75500106811525 12545.775390625002 12487.211425781252 12513.354003906252 2906.5000000000005 12292.634765625002
decision_type=2 2 2 2 2 2 2 2 2 2 2 2 2 2
left_child=1 9 3 -3 5 7 -7 8 -2 10 13 12 -12 -1
right_child=4 2 -4 -5 -6 6 -8 -9 -10 -11 11 -13 -14 -15
leaf_value=5.3384703928057197e-05 -0.047241897436215277 0.060228865737884649 -0.20750911239227737 0.29218059925222933 0.027555771502762175 -0.041854140526132844 -0.29143981488273901 0.022591661017163932 -0.63365906037499897 -0.052369242635984276 0.047489912842122228 0.026147796020537708 0.27238896073661695 -0.10785098419409411
leaf_weight=2624189 21477 19006 3826 13182 58521 12013 10403 47299 2300 82383 12569 83603 11435 24045
leaf_count=2624189 21477 19006 3826 13182 58521 12013 10403 47299 2300 82383 12569 83603 11435 24045
internal_value=2.10082e-07 0.00116059 0.116693 0.155282 -0.0219386 -0.0529194 -0.157763 -0.0198358 -0.104211 -0.000305789 0.00125077 0.0548352 0.154697 -0.000926744
internal_weight=3.02625e+06 2.87424e+06 36014 32188 152013 93492 22416 71076 23777 2.83822e+06 2.75584e+06 107607 24004 2.64823e+06
internal_count=3026251 2874238 36014 32188 152013 93492 22416 71076 23777 2838224 2755841 107607 24004 2648234
is_linear=0
shrinkage=0.02


Tree=266
num_leaves=15
num_cat=0
split_feature=7 7 7 7 9 1 5 6 9 6 7 9 7 9
split_gain=191322 1.53068e+06 999267 963864 1.07271e+06 887250 869570 812624 940391 812175 796745 747210 752279 721898
threshold=11200.229980468752 11281.717285156252 11128.710937500002 11021.642089843752 0.53606674075126659 73.98654937744142 1.0000000180025095e-35 120.1723976135254 -0.23959962278604505 123.00925445556642 11218.415527343752 0.70835387706756603 10886.141601562502 -0.7377723455429076
decision_type=2 2 2 2 2 2 2 2 2 2 2 2 2 2
left_child=2 9 3 7 6 -6 -5 11 -9 10 -2 12 -1 -14
right_child=1 -3 -4 4 5 -7 -8 8 -10 -11 -12 -13 13 -15
leaf_value=0.014524907590872847 -0.016617211665148558 0.0023666219682724398 0.037977755375562021 0.12542923840096892 -0.012114207099114673 -0.21915169570385482 -0.053213913456821908 0.15554113345369688 -0.009163463172007202 -0.22311229716345227 -0.10229422270719044 0.087698706556943604 0.14872283500357561 -0.032201929362067262
leaf_weight=327715 125484 1656260 297618 14118 12553 24319 47680 28968 26587 10973 66379 34808 9044 343745
leaf_count=327715 125484 1656260 297618 14118 12553 24319 47680 28968 26587 10973 66379 34808 9044 343745
internal_value=1.64028e-07 -0.00398432 0.00634682 -0.00447985 -0.0633326 -0.148689 -0.0123882 0.00305393 0.0767305 -0.0558407 -0.0462628 -0.00266916 -0.00729276 -0.0275597
internal_weight=3.02625e+06 1.8591e+06 1.16716e+06 869537 98670 36872 61798 770867 55555 202836 191863 715312 680504 352789
internal_count=3026251 1859096 1167155 869537 98670 36872 61798 770867 55555 202836 191863 715312 680504 352789
is_linear=0
shrinkage=0.02


Tree=267
num_leaves=15
num_cat=0
split_feature=8 0 4 4 4 0 0 4 4 8 4 4 10 8
split_gain=192303 361389 343821 295312 303679 466942 321710 301907 277867 272701 577926 319756 426418 297040
threshold=-0.95236524939537037 2906.5000000000005 -170.61000061035153 -79.244998931884751 -278.60499572753901 5547.5000000000009 4172.5000000000009 -103.76499938964842 -209.25499725341794 -0.84077408909797657 -49.495000839233391 -200.56500244140622 -14.499999999999998 -0.91849520802497853
decision_type=2 2 2 2 2 2 2 2 2 2 2 2 2 2
left_child=1 2 -1 4 -3 6 8 -8 -6 10 11 12 -2 -13
right_child=9 3 -4 -5 5 -7 7 -9 -10 -11 -12 13 -14 -15
leaf_value=0.75639695891700598 0.14238784949197408 -0.34760151511796472 0.00049837550115121798 -0.13442792830521008 0.47216060423851075 0.2008730873532476 -0.061203821724274445 -0.23402952723190681 -0.011107329885448039 -0.00047108291836825883 -0.026137779806696113 0.033516199598364001 -0.039496501766322849 0.09339160190850837
leaf_weight=231 6055 1196 189631 12798 470 3421 30980 4643 55800 2446667 77422 116174 34389 46374
leaf_count=231 6055 1196 189631 12798 470 3421 30980 4643 55800 2446667 77422 116174 34389 46374
internal_value=1.54164e-07 -0.0152212 0.00145795 -0.0441896 -0.0322103 -0.0282165 -0.0367663 -0.0837893 -0.00698726 0.00167004 0.0203512 0.0380828 -0.0122371 0.0506031
internal_weight=3.02625e+06 299170 189862 109308 96510 95314 91893 35623 56270 2.72708e+06 280414 202992 40444 162548
internal_count=3026251 299170 189862 109308 96510 95314 91893 35623 56270 2727081 280414 202992 40444 162548
is_linear=0
shrinkage=0.02


Tree=268
num_leaves=15
num_cat=0
split_feature=5 0 7 7 0 7 0 7 7 6 7 7 0 7
split_gain=186664 416151 398512 440191 398415 237312 593997 568162 1.0344e+06 734766 754211 1.13021e+06 1.05116e+06 756569
threshold=0.072500001639127745 4917.5000000000009 11908.177734375002 10983.865234375002 5221.5000000000009 10886.141601562502 1988.5000000000002 10811.572265625002 10789.720703125002 59.466318130493171 10626.541503906252 10676.426269531252 6648.5000000000009 10073.079589843752
decision_type=2 2 2 2 2 2 2 2 2 2 2 2 2 2
left_child=5 -2 3 4 -3 6 -1 8 9 -8 13 -12 -13 -11
right_child=1 2 -4 -5 -6 -7 7 -9 -10 10 11 12 -14 -15
leaf_value=-0.016800411209652574 0.014469361278871756 0.4471977133161566 -0.043284889034483645 0.39924218752205598 -0.11344136304127139 -0.0028554439967396158 -0.096129695488159556 0.089126041186773114 -0.097988979000558904 0.13754787388301434 0.28401276242326923 0.099935697099732101 -0.16681182916836748 -0.1034129345786039
leaf_weight=132134 84038 702 2629 3416 1752 2618552 12923 60272 25940 7568 11304 41453 6882 16686
leaf_count=132134 84038 702 2629 3416 1752 2618552 12923 60272 25940 7568 11304 41453 6882 16686
internal_value=2.06646e-07 0.0279665 0.16125 0.252776 0.048093 -0.000882009 0.015514 0.0388425 0.0141484 0.0442007 0.0658265 0.104064 0.0619288 -0.0281992
internal_weight=3.02625e+06 92537 8499 5870 2454 2.93371e+06 315162 183028 122756 96816 83893 59639 48335 24254
internal_count=3026251 92537 8499 5870 2454 2933714 315162 183028 122756 96816 83893 59639 48335 24254
is_linear=0
shrinkage=0.02


Tree=269
num_leaves=15
num_cat=0
split_feature=7 7 8 7 7 7 0 7 8 0 0 8 8 6
split_gain=184375 1.16974e+06 721575 551948 771350 742329 730424 664055 954972 559102 496088 571239 494904 478783
threshold=12683.662597656252 12641.291992187502 0.80688521265983593 12545.775390625002 12487.211425781252 12513.354003906252 3068.5000000000005 12292.634765625002 -0.80775526165962208 1988.5000000000002 1558.5000000000002 0.79939252138137828 0.86839920282363903 100.31003952026369
decision_type=2 2 2 2 2 2 2 2 2 2 2 2 2 2
left_child=1 3 -2 4 7 6 -6 -1 -9 -10 -3 -12 -13 -4
right_child=2 10 13 -5 5 -7 -8 8 9 -11 11 12 -14 -15
leaf_value=4.9042043730864384e-05 0.01329076721948262 0.0046398565349481903 -0.059281632561648492 -0.051309659683362721 0.051982117477633011 0.025556211602586122 0.27376772582439196 0.026537813201703914 0.009985178365588588 -0.30107784504175106 0.25241867705834847 -0.048701958508164771 0.22209474994897666 -0.26899888211712925
leaf_weight=2624189 92907 11306 54381 82383 13217 83603 10787 11463 3049 9533 13464 6765 4479 4725
leaf_count=2624189 92907 11306 54381 82383 13217 83603 10787 11463 3049 9533 13464 6765 4479 4725
internal_value=2.5715e-07 0.00113559 -0.0214649 -0.00030183 0.00122317 0.0537119 0.151722 -0.000909817 -0.105514 -0.225748 0.114386 0.164581 0.0592685 -0.0760897
internal_weight=3.02625e+06 2.87424e+06 152013 2.83822e+06 2.75584e+06 107607 24004 2.64823e+06 24045 12582 36014 24708 11244 59106
internal_count=3026251 2874238 152013 2838224 2755841 107607 24004 2648234 24045 12582 36014 24708 11244 59106
is_linear=0
shrinkage=0.02


Tree=270
num_leaves=15
num_cat=0
split_feature=10 11 4 9 3 0 4 4 8 4 11 0 8 8
split_gain=188976 306256 252505 199166 261146 299608 521294 296893 308422 241980 203657 236430 201102 200257
threshold=2.3000000715255742 0.79006370902061474 -278.60499572753901 -0.62499999999999989 4.8781309127807626 2269.5000000000005 173.08499908447268 273.52999877929693 0.73663246631622326 46.854999542236335 0.79284653067588817 2745.5000000000005 0.6083776354789735 0.98550301790237438
decision_type=2 2 2 2 2 2 2 2 2 2 2 2 2 2
left_child=1 -1 -2 4 5 -4 9 -6 -9 -7 -5 -12 -11 -13
right_child=2 -3 3 10 7 6 -8 8 -10 12 11 13 -14 -15
leaf_value=-0.0022981296639125294 -0.14139635981490323 0.015404438470506375 -0.0033341503600276814 -0.0018557606552076877 -0.015353896107114198 0.24923546912493194 -0.03800297491681736 0.41129463136415456 -0.25579235368983566 0.30007284682173785 -0.00618160675437366 -0.04230356124717894 0.05962280882308791 0.029717013774960159
leaf_weight=1006327 5434 639190 87721 618553 137305 2920 22554 1213 351 1408 232272 177976 76124 16903
leaf_count=1006327 5434 639190 87721 618553 137305 2920 22554 1213 351 1408 232272 177976 76124 16903
internal_value=2.62518e-07 0.00457835 -0.00545575 -0.00491759 0.00863883 0.023829 0.0469598 -0.0122239 0.260897 0.0707803 -0.0091905 -0.0198115 0.0640278 -0.0360555
internal_weight=3.02625e+06 1.64552e+06 1.38073e+06 1.3753e+06 329596 190727 103006 138869 1564 80452 1.0457e+06 427151 77532 194879
internal_count=3026251 1645517 1380734 1375300 329596 190727 103006 138869 1564 80452 1045704 427151 77532 194879
is_linear=0
shrinkage=0.02


Tree=271
num_leaves=15
num_cat=0
split_feature=1 9 6 10 11 9 3 9 14 1 9 13 6 9
split_gain=185555 226141 429285 166768 217787 210644 159741 157656 147572 146368 133175 131834 129094 122173
threshold=91.960784912109389 -0.72193637490272511 101.19034576416017 0.30000000447034841 0.77455627918243419 -0.34975594282150263 8.007449150085451 0.8301217555999757 0.68668174743652355 105.82435989379884 0.34698855876922613 3.3000000715255742 117.11630630493165 0.35140028595924383
decision_type=2 2 2 2 2 2 2 2 2 2 2 2 2 2
left_child=3 2 9 4 10 -5 -4 -3 13 -2 -1 -10 -8 -7
right_child=1 7 6 5 -6 8 12 -9 11 -11 -12 -13 -14 -15
leaf_value=-0.0065174360228011305 -0.04049833052170751 -0.0077300365056491042 0.068232625557521229 0.0089974932624238106 0.020115530658363769 -0.016736921433247159 0.07532898832058138 -0.26671693603633873 0.00040606062207094507 -0.48489049567448861 0.015791945053794026 -0.056165942759425949 0.2923728752195438 0.0034918771799650186
leaf_weight=330345 12190 1107005 18697 402370 439340 224994 1907 931 25211 294 158316 47549 2598 254504
leaf_count=330345 12190 1107005 18697 402370 439340 224994 1907 931 25211 294 158316 47549 2598 254504
internal_value=2.93664e-07 -0.00635378 0.0431941 0.00386017 0.00989748 -0.00200877 0.0940626 -0.00795009 -0.0100279 -0.0513452 0.000710474 -0.0365664 0.200871 -0.00600016
internal_weight=3.02625e+06 1.14362e+06 35686 1.88263e+06 928001 954628 23202 1.10794e+06 552258 12484 488661 72760 4505 479498
internal_count=3026251 1143622 35686 1882629 928001 954628 23202 1107936 552258 12484 488661 72760 4505 479498
is_linear=0
shrinkage=0.02


Tree=272
num_leaves=15
num_cat=0
split_feature=13 17 17 0 16 4 4 1 13 16 0 1 4 0
split_gain=179285 633161 544212 373602 306068 216060 259306 326900 189381 206533 195050 159707 240614 233949
threshold=8.5000000000000018 0.56424313783645641 0.6556764841079713 2745.5000000000005 -4.4999999999999991 221.254997253418 37.104999542236335 67.813579559326186 -8.0999999046325666 11.09999990463257 2289.5000000000005 78.871383666992202 116.37500000000001 4225.5000000000009
decision_type=2 2 2 2 2 2 2 2 2 2 2 2 2 2
left_child=2 -2 11 -3 -5 6 -4 -8 -9 10 -10 12 -1 -14
right_child=1 3 5 4 -6 -7 7 8 9 -11 -12 -13 13 -15
leaf_value=0.014458089648353092 -0.0012738534576006541 -0.016893302840785229 0.023325584441272671 0.042117994041240357 -0.1079469287197337 -0.12772657696439832 -0.012249464870299072 0.081323287906240868 0.088631128301511194 -0.024505575820029733 0.26542687060743214 -0.0031448101592785995 -0.043991941487713418 0.010763563440613078
leaf_weight=555693 838911 57460 52917 6145 46818 2697 10036 22180 3709 1759 7713 1295361 61631 63221
leaf_count=555693 838911 57460 52917 6145 46818 2697 10036 22180 3709 1759 7713 1295361 61631 63221
internal_value=2.61707e-07 -0.00719996 0.00329143 -0.0522177 -0.0905307 0.0485687 0.0534177 0.0884812 0.117066 0.177103 0.208147 0.000976545 0.00882116 -0.0162667
internal_weight=3.02625e+06 949334 2.07692e+06 110423 52963 101011 98314 45397 35361 13181 11422 1.97591e+06 680545 124852
internal_count=3026251 949334 2076917 110423 52963 101011 98314 45397 35361 13181 11422 1975906 680545 124852
is_linear=0
shrinkage=0.02


Tree=273
num_leaves=15
num_cat=0
split_feature=3 7 7 9 7 9 7 7 7 0 0 7 7 1
split_gain=181419 387188 647917 1.19265e+06 567391 753618 1.83593e+06 951660 875006 934526 512918 483168 381989 480421
threshold=2.7315542697906499 10789.720703125002 10811.572265625002 0.59719622135162365 10626.541503906252 0.62500000000000011 10761.730957031252 10689.769531250002 10761.730957031252 3822.5000000000005 4120.5000000000009 10073.079589843752 10886.141601562502 46.215799331665046
decision_type=2 2 2 2 2 2 2 2 2 2 2 2 2 2
left_child=-1 4 3 10 11 7 -7 -6 -9 -10 -3 -2 13 -4
right_child=1 2 12 -5 5 6 -8 8 9 -11 -12 -13 -14 -15
leaf_value=0.010268296523246803 0.075352236420185029 -0.061802539660925145 0.60286979399321461 -0.30845776197888991 0.12371140621954987 0.49486018849592261 0.040307853519065885 -0.12171381071851876 0.0038134156539903685 0.39978481050550124 0.18662423954456586 -0.07887081864924271 -0.0044550751506593385 0.033197433033334438
leaf_weight=560740 11828 24548 586 7717 26234 5193 11223 20240 12992 2910 3835 25905 2219511 92789
leaf_count=560740 11828 24548 586 7717 26234 5193 11223 20240 12992 2910 3835 25905 2219511 92789
internal_value=2.68667e-07 -0.00233505 -0.00410037 -0.0881648 0.0332485 0.0637868 0.184315 0.0320417 -0.0345129 0.0764815 -0.0281815 -0.0305195 -0.00278789 0.036837
internal_weight=3.02625e+06 2.46551e+06 2.34899e+06 36100 116525 78792 16416 62376 36142 15902 28383 37733 2.31289e+06 93375
internal_count=3026251 2465511 2348986 36100 116525 78792 16416 62376 36142 15902 28383 37733 2312886 93375
is_linear=0
shrinkage=0.02


Tree=274
num_leaves=15
num_cat=0
split_feature=5 4 5 1 0 7 7 0 4 7 6 7 7 7
split_gain=178626 339104 768149 393188 322585 320118 327859 286330 301534 799223 577165 432778 548342 362582
threshold=0.077500000596046462 251.41500091552737 0.047500001266598708 66.103088378906264 4843.5000000000009 11440.685058593752 12231.562988281252 4917.5000000000009 170.42499542236331 11019.284667968752 95.692352294921889 12746.508300781252 11924.925781250002 10844.483886718752
decision_type=2 2 2 2 2 2 2 2 2 2 2 2 2 2
left_child=1 -1 3 -3 -5 -4 -7 8 13 10 -10 12 -11 -2
right_child=7 2 5 4 -6 6 -8 -9 9 11 -12 -13 -14 -15
leaf_value=-0.00017973675212461978 -0.08480421892017162 -0.41464421587357359 0.17266135205787769 -0.43071153796851003 -0.082038363495676836 -0.77657216861895262 -0.0054748082750046591 0.16064942178063088 -0.089543346224413276 -0.18917364748477508 0.33222154998771913 0.082173029777210096 -0.67760910115891226 0.065326719133747657
leaf_weight=2942749 7669 2231 4825 1191 9214 281 912 6317 2789 3324 2412 1344 1268 39725
leaf_count=2942749 7669 2231 4825 1191 9214 281 912 6317 2789 3324 2412 1344 1268 39725
internal_value=3.56039e-07 -0.000718724 -0.0856996 -0.174226 -0.122326 0.100157 -0.192062 0.0328338 0.0190138 -0.0745867 0.106311 -0.233002 -0.32523 0.0410203
internal_weight=3.02625e+06 2.9614e+06 18654 12636 10405 6018 1193 64848 58531 11137 5201 5936 4592 47394
internal_count=3026251 2961403 18654 12636 10405 6018 1193 64848 58531 11137 5201 5936 4592 47394
is_linear=0
shrinkage=0.02


Tree=275
num_leaves=15
num_cat=0
split_feature=8 0 4 4 4 0 0 4 4 8 4 6 3 4
split_gain=181121 344426 328874 287545 289046 449604 307642 290067 265594 262997 569573 480737 613257 541757
threshold=-0.95236524939537037 2906.5000000000005 -170.61000061035153 -79.244998931884751 -278.60499572753901 5547.5000000000009 4172.5000000000009 -102.02499771118163 -209.25499725341794 -0.85837611556053151 -49.495000839233391 46.12804031372071 2.0595670938491826 -200.56500244140622
decision_type=2 2 2 2 2 2 2 2 2 2 2 2 2 2
left_child=1 2 -1 4 -3 6 8 -8 -6 10 11 -2 -13 -14
right_child=9 3 -4 -5 5 -7 7 -9 -10 -11 -12 12 13 -15
leaf_value=0.73985812871782619 -0.11745662750910416 -0.33893052375286964 0.00057252632831898361 -0.13209600792125362 0.4618425089120865 0.19746060993841624 -0.061139952316488361 -0.24022589755052098 -0.010632416113325787 -0.00043921466911015216 -0.027004126197906275 0.19131805209419811 -0.032102825172788244 0.053562379866199383
leaf_weight=231 7624 1196 189631 12798 470 3421 31544 4079 55800 2456808 73844 10715 37363 140727
leaf_count=231 7624 1196 189631 12798 470 3421 31544 4079 55800 2456808 73844 10715 37363 140727
internal_value=2.20073e-07 -0.014772 0.00151102 -0.0430523 -0.0312317 -0.0273354 -0.0357249 -0.0817084 -0.00660431 0.00162083 0.0203463 0.0381474 0.0444367 0.035589
internal_weight=3.02625e+06 299170 189862 109308 96510 95314 91893 35623 56270 2.72708e+06 270273 196429 188805 178090
internal_count=3026251 299170 189862 109308 96510 95314 91893 35623 56270 2727081 270273 196429 188805 178090
is_linear=0
shrinkage=0.02


Tree=276
num_leaves=15
num_cat=0
split_feature=17 7 7 0 7 7 8 4 8 7 8 7 7 7
split_gain=177891 178838 1.79327e+06 992146 900060 908743 1.47685e+06 1.19658e+06 731868 1.82851e+06 733164 735905 727297 2.74398e+06
threshold=0.078702233731746687 11203.908691406252 11281.717285156252 1949.5000000000002 11128.710937500002 11021.642089843752 -0.84077408909797657 -144.35500335693357 -0.80328845977783192 10886.141601562502 0.99357324838638317 10870.277343750002 10807.967285156252 10833.810546875002
decision_type=2 2 2 2 2 2 2 2 2 2 2 2 2 2
left_child=-1 4 3 -3 5 8 -7 -8 9 12 -10 -12 -2 -14
right_child=1 2 -4 -5 -6 6 7 -9 10 -11 11 -13 13 -15
leaf_value=0.066971931432170007 -0.078135191083903682 -0.0077736344697127034 0.0020264023227196809 -0.1070138142280984 0.033573069423912985 0.13913279671411746 -0.35280975249111995 -0.070693740866451638 0.013807898087200199 -0.13643383895314012 0.20592897564851559 -0.1594034173012962 0.44843350664234849 0.0037886332794338233
leaf_weight=15772 17772 67824 1645001 99279 333195 12671 6499 79226 639453 48932 2531 16745 6597 34754
leaf_count=15772 17772 67824 1645001 99279 333195 12671 6499 79226 639453 48932 2531 16745 6597 34754
internal_value=2.60384e-07 -0.000350821 -0.00431494 -0.0667371 0.00564342 -0.00511298 -0.0623294 -0.0921205 0.00222989 -0.0460114 0.0101438 -0.111351 0.0288351 0.0748175
internal_weight=3.02625e+06 3.01048e+06 1.8121e+06 167103 1.19838e+06 865180 98396 85725 766784 108055 658729 19276 59123 41351
internal_count=3026251 3010479 1812104 167103 1198375 865180 98396 85725 766784 108055 658729 19276 59123 41351
is_linear=0
shrinkage=0.02


Tree=277
num_leaves=15
num_cat=0
split_feature=7 7 9 7 9 7 9 7 9 9 9 5 7 7
split_gain=177036 1.11647e+06 817782 559501 947725 757000 690887 514984 510414 501699 424087 429469 409885 391511
threshold=12683.662597656252 12665.208007812502 -0.68419089913368214 12778.510742187502 -0.57362857460975636 12772.698730468752 0.66953307390213024 12832.255859375002 -0.50931808352470387 -0.68151110410690297 -0.48393566906452173 0.027499999850988392 12672.994628906252 12772.698730468752
decision_type=2 2 2 2 2 2 2 2 2 2 2 2 2 2
left_child=1 -1 12 4 5 -2 7 8 9 -5 11 13 -3 -6
right_child=3 2 -4 6 10 -7 -8 -9 -10 -11 -12 -13 -14 -15
leaf_value=-3.2102501156701592e-05 0.1044999403720876 0.51850586363050388 0.079718946839448163 0.11736965999546067 -0.26304377165394033 -0.23987673205510546 0.24067716170364997 -0.16877229307235808 0.068130005974257613 -0.158460082297568 -0.0614238761144483 -0.11631769116006513 0.12771651846952412 -0.77471618580834489
leaf_weight=2850204 19955 2928 19401 3687 3433 2918 5497 6015 34117 9205 54942 11523 1705 721
leaf_count=2850204 19955 2928 19401 3687 3433 2918 5497 6015 34117 9205 54942 11523 1705 721
internal_value=2.55271e-07 0.00111276 0.136827 -0.0210334 -0.0513883 0.0604799 0.0274613 0.00531556 0.0276224 -0.0795438 -0.0876254 -0.179353 0.37528 -0.353506
internal_weight=3.02625e+06 2.87424e+06 24034 152013 93492 22873 58521 53024 47009 12892 70619 15677 4633 4154
internal_count=3026251 2874238 24034 152013 93492 22873 58521 53024 47009 12892 70619 15677 4633 4154
is_linear=0
shrinkage=0.02


Tree=278
num_leaves=15
num_cat=0
split_feature=3 4 9 4 9 0 4 4 4 3 9 0 10 4
split_gain=175315 309540 337527 295634 326982 580311 641746 394224 329078 433218 409173 294080 315035 226866
threshold=3.5917528867721562 -218.04499816894528 0.16236701607704165 239.73500061035159 -0.62499999999999989 2087.5000000000005 59.98500061035157 152.07500457763675 -170.61000061035153 2.2357000112533574 0.50712648034095775 4199.5000000000009 -7.2999999523162833 -139.30500030517575
decision_type=2 2 2 2 2 2 2 2 2 2 2 2 2 2
left_child=3 2 -2 4 5 -1 -7 -8 9 10 11 -6 -13 -10
right_child=1 -3 -4 -5 8 6 7 -9 13 -11 -12 12 -14 -15
leaf_value=-0.0069141249784913207 0.24365739007276799 -0.0024945374408360437 -0.070437412332755869 -0.085880135157462678 0.52691120991779927 0.2263553333232973 0.069937862630465572 -0.0069655407538618385 -0.048052305192644702 0.018155351389503457 0.045784698800579095 0.37643930343545978 0.02797814455846619 0.0012094314264536835
leaf_weight=103145 1410 1878987 37983 13724 1446 8329 82138 39473 39281 35252 6168 1990 2161 774764
leaf_count=103145 1410 1878987 37983 13724 1446 8329 82138 39473 39281 35252 6168 1990 2161 774764
internal_value=2.15134e-07 -0.00365794 -0.0591355 0.00633465 0.0074921 0.0285058 0.0566203 0.0449776 0.0018035 0.0532446 0.158278 0.281941 0.195539 -0.00116819
internal_weight=3.02625e+06 1.91838e+06 39393 1.10787e+06 1.09415e+06 233085 129940 121611 861062 47017 11765 5597 4151 814045
internal_count=3026251 1918380 39393 1107871 1094147 233085 129940 121611 861062 47017 11765 5597 4151 814045
is_linear=0
shrinkage=0.02


Tree=279
num_leaves=15
num_cat=0
split_feature=8 7 7 7 7 7 7 7 3 8 7 7 8 7
split_gain=175969 612949 855947 473040 525647 446347 759138 861844 737494 468869 384766 358302 1.80969e+06 2.03654e+06
threshold=-0.95236524939537037 11368.435058593752 11942.817871093752 12832.255859375002 12772.698730468752 12832.255859375002 12764.483398437502 12778.510742187502 6.5700712203979501 0.86496675014495861 12793.913574218752 12140.214355468752 -0.85837611556053151 12205.471191406252
decision_type=2 2 2 2 2 2 2 2 2 2 2 2 2 2
left_child=1 -1 -3 4 -4 6 11 8 -8 -10 -6 -2 13 -13
right_child=5 2 3 -5 10 -7 7 -9 9 -11 -12 12 -14 -15
leaf_value=0.034026162256613604 -0.00097416161474281001 -0.095791961051262378 -0.017231861488298812 -0.22555853522154101 0.15689986488826346 0.15416241161682073 -0.10312714205782428 -0.0095969658039659327 -0.25739908891792884 -0.6597360640800003 -0.0076945277202254648 0.43345542458498598 0.0061328526977982127 0.076801330647141217
leaf_weight=77089 2178039 60220 134839 3873 13161 7639 12000 26584 3706 1693 9988 7832 454623 34965
leaf_count=77089 2178039 60220 134839 3873 13161 7639 12000 26584 3706 1693 9988 7832 454623 34965
internal_value=2.98044e-07 -0.0145602 -0.0314265 -0.00747487 -0.00211459 0.00159769 0.00116856 -0.0812371 -0.190627 -0.384553 0.0859095 0.00252357 0.0178387 0.142157
internal_weight=3.02625e+06 299170 222081 161861 157988 2.72708e+06 2.71944e+06 43983 17399 5399 23149 2.67546e+06 497420 42797
internal_count=3026251 299170 222081 161861 157988 2727081 2719442 43983 17399 5399 23149 2675459 497420 42797
is_linear=0
shrinkage=0.02


Tree=280
num_leaves=15
num_cat=0
split_feature=16 7 7 4 7 4 7 7 7 7 7 4 4 1
split_gain=174686 224546 205431 1.55831e+06 948670 1.69465e+06 776411 714059 699001 622574 1.8441e+06 1.77344e+06 1.35665e+06 1.03725e+06
threshold=-24.100000381469723 11853.247070312502 12161.177246093752 -170.61000061035153 12188.847167968752 117.77499771118165 12035.318359375002 12183.938476562502 12525.290527343752 11577.411621093752 11440.685058593752 30.425000190734867 -117.84499740600585 41.90783882141114
decision_type=2 2 2 2 2 2 2 2 2 2 2 2 2 2
left_child=1 -1 6 8 5 -5 9 -7 -4 10 -2 -12 -11 -13
right_child=2 -3 3 4 -6 7 -8 -9 -10 12 11 13 -14 -15
leaf_value=0.05187267562762312 -0.00017739251564776828 -0.011366811434936862 0.22043344850045099 0.045367066987752495 -0.0035968273086738408 0.55693687527055513 -0.042472846946132715 -0.047326721080405615 -0.020850586494047346 0.1718498691486984 0.016824329059913011 0.56059701247868798 0.013629919229519189 -0.17025221540889876
leaf_weight=56748 1685333 37159 19562 27384 539328 4122 188333 963 6362 23130 37208 778 342985 56856
leaf_count=56748 1685333 37159 19562 27384 539328 4122 188333 963 6362 23130 37208 778 342985 56856
internal_value=2.57478e-07 0.0268501 -0.000859677 0.00960221 0.00272483 0.1077 -0.00353822 0.442629 0.161234 -0.000121582 -0.00500655 -0.090811 0.0236302 -0.160291
internal_weight=3.02625e+06 93907 2.93234e+06 597721 571797 32469 2.33462e+06 5085 25924 2.14629e+06 1.78018e+06 94842 366115 57634
internal_count=3026251 93907 2932344 597721 571797 32469 2334623 5085 25924 2146290 1780175 94842 366115 57634
is_linear=0
shrinkage=0.02


Tree=281
num_leaves=15
num_cat=0
split_feature=5 4 8 8 8 4 8 8 8 4 8 5 8 8
split_gain=173009 573594 801804 830753 556144 504165 452500 375946 336142 324970 323462 244219 218326 325114
threshold=0.062499998137354858 251.41500091552737 0.74589386582374584 0.95892572402954113 0.7692478895187379 273.52999877929693 0.84417456388473522 0.75552397966384899 0.73180776834487926 173.08499908447268 0.88779377937316906 0.047500001266598708 0.64018929004669201 -0.77272132039070118
decision_type=2 2 2 2 2 2 2 2 2 2 2 2 2 2
left_child=1 -1 -3 4 7 9 -6 -4 -7 12 11 -8 13 -2
right_child=5 2 3 -5 6 8 10 -9 -10 -11 -12 -13 -14 -15
leaf_value=-0.00051940102421107342 -0.61745017937574342 0.17178390234209256 -0.13551482508694762 0.53207030273065337 0.046928353836694296 0.45176287965090856 -0.44661402389574273 -0.59325292653651884 0.10126649664398933 -0.050393178755681209 -0.074085915675789094 -0.017623897052388329 0.020394241390910808 0.18474811787133089
leaf_weight=2829723 201 3070 1071 605 3282 1636 2888 2212 3292 27015 2603 651 143025 4977
leaf_count=2829723 201 3070 1071 605 3282 1636 2888 2212 3292 27015 2603 651 143025 4977
internal_value=3.4099e-07 -0.00120277 -0.11917 -0.18635 -0.220948 0.0190073 -0.142575 -0.444798 0.218308 0.0133897 -0.243752 -0.367979 0.025019 0.152474
internal_weight=3.02625e+06 2.8461e+06 16382 13312 12707 180146 9424 3283 4928 175218 6142 3539 148203 5178
internal_count=3026251 2846105 16382 13312 12707 180146 9424 3283 4928 175218 6142 3539 148203 5178
is_linear=0
shrinkage=0.02


Tree=282
num_leaves=15
num_cat=0
split_feature=1 7 0 8 7 8 8 7 0 7 1 7 7 0
split_gain=174955 422532 919194 792296 339542 285344 394513 632198 716990 438999 632303 597717 517215 531900
threshold=91.960784912109389 10908.922363281252 3729.5000000000005 -0.75060239434242237 10870.277343750002 0.93684044480323803 0.9959542751312257 12140.214355468752 5374.5000000000009 10898.112304687502 36.668312072753913 10807.967285156252 10937.899902343752 3871.5000000000005
decision_type=2 2 2 2 2 2 2 2 2 2 2 2 2 2
left_child=5 2 -2 -4 -5 -1 9 -8 -9 11 -11 -7 -12 -14
right_child=1 -3 3 4 -6 6 7 8 -10 10 12 -13 13 -15
leaf_value=0.0068468408772090084 -0.0013062301218555331 -0.0096820335637640316 -0.045154065099704724 0.1671014121722543 0.37763722991802545 -0.12522530949005753 -0.016314196194329375 0.064655825639060222 0.45143539213589889 0.51047488208765213 -0.23231514485570828 0.081937475397822673 -0.024100802214619993 -0.12841204550580729
leaf_weight=1625256 66161 1055515 6120 11660 4166 7383 81027 27749 2050 776 6473 22598 83821 25496
leaf_count=1625256 66161 1055515 6120 11660 4166 7383 81027 27749 2050 776 6473 22598 83821 25496
internal_value=3.05712e-07 -0.00616962 0.035905 0.148037 0.222727 0.00374831 -0.0158177 0.0126555 0.0914072 -0.03735 -0.0549046 0.030897 -0.0587376 -0.048439
internal_weight=3.02625e+06 1.14362e+06 88107 21946 15826 1.88263e+06 257373 110826 29799 146547 116566 29981 115790 109317
internal_count=3026251 1143622 88107 21946 15826 1882629 257373 110826 29799 146547 116566 29981 115790 109317
is_linear=0
shrinkage=0.02


Tree=283
num_leaves=15
num_cat=0
split_feature=9 1 8 0 8 9 0 0 5 0 0 9 8 5
split_gain=175673 194224 175309 330920 236796 319462 256087 242321 234787 482841 348948 345772 404414 281245
threshold=0.8301217555999757 117.47762680053712 -0.95236524939537037 2886.5000000000005 -0.85837611556053151 0.46213567256927496 7388.5000000000009 928.50000000000011 -0.027499999850988385 1104.5000000000002 850.50000000000011 -0.7377723455429076 -0.65655234456062306 0.037499999627470977
decision_type=2 2 2 2 2 2 2 2 2 2 2 2 2 2
left_child=2 -2 3 -1 5 7 8 -4 9 -6 -10 12 -12 -14
right_child=1 -3 4 -5 6 -7 -8 -9 10 -11 11 -13 13 -15
leaf_value=0.0018137225729881706 -0.074902637971679009 -0.60176804496660263 -0.026713310302194485 -0.041767214686456111 0.025472931402144044 0.12497192068024368 -0.079296990653727875 0.024058377098877436 -0.015026009562277011 -0.025171864482498654 0.38720179221963369 0.0055596114554889112 -0.0041888544359877603 0.10059035965133761
leaf_weight=188661 7547 281 45625 110509 98523 11031 16220 213617 346352 319351 1478 1625914 19267 21875
leaf_count=188661 7547 281 45625 110509 98523 11031 16220 213617 346352 319351 1478 1625914 19267 21875
internal_value=3.70554e-07 -0.0945616 0.000245927 -0.0142852 0.00184469 0.0196101 -0.000115992 0.0151221 0.000412249 -0.0132309 0.0032418 0.00703389 0.0632613 0.0515322
internal_weight=3.02625e+06 7828 3.01842e+06 299170 2.71925e+06 270273 2.44898e+06 259242 2.43276e+06 417874 2.01489e+06 1.66853e+06 42620 41142
internal_count=3026251 7828 3018423 299170 2719253 270273 2448980 259242 2432760 417874 2014886 1668534 42620 41142
is_linear=0
shrinkage=0.02


Tree=284
num_leaves=15
num_cat=0
split_feature=16 3 13 17 17 13 0 8 17 0 18 8 8 0
split_gain=167190 199225 194506 365864 321138 483405 353724 316414 242184 184189 177367 164941 335963 249794
threshold=-23.100000381469723 3.7192896604537968 -3.8999999761581416 0.58013522624969494 0.52662518620491039 5.7000000476837167 2405.5000000000005 0.97202271223068248 0.62979054450988781 1597.5000000000002 0.079072520136833205 0.93684044480323803 0.99357324838638317 5486.5000000000009
decision_type=2 2 2 2 2 2 2 2 2 2 2 2 2 2
left_child=9 11 3 -3 -4 7 -7 10 -8 -1 -6 -2 -13 -14
right_child=1 2 4 -5 5 6 8 -9 -10 -11 -12 12 13 -15
leaf_value=-0.010046181383557999 0.0086800865849196839 -0.0021481168979509213 -0.0062184372890623984 0.044677310038380699 0.054973217078515761 -0.020813331353151891 -0.062582023922267208 0.18901674837806756 -0.14724396785762164 0.036929109071386766 -0.031538369170292166 -0.040307959854394684 0.010074680354014032 0.25077506770743585
leaf_weight=50933 964852 600024 911941 75088 15147 47456 35806 3912 21730 96888 25297 87134 88294 1749
leaf_count=50933 964852 600024 911941 75088 15147 47456 35806 3912 21730 96888 25297 87134 88294 1749
internal_value=3.49713e-07 -0.00106498 -0.00533212 0.0030605 -0.0106709 -0.0378557 -0.0612416 0.0175001 -0.0945772 0.0207436 0.00086685 0.00542298 -0.0123136 0.0147776
internal_weight=3.02625e+06 2.87843e+06 1.7364e+06 675112 1.06129e+06 149348 104992 44356 57536 147821 40444 1.14203e+06 177177 90043
internal_count=3026251 2878430 1736401 675112 1061289 149348 104992 44356 57536 147821 40444 1142029 177177 90043
is_linear=0
shrinkage=0.02


Tree=285
num_leaves=15
num_cat=0
split_feature=9 0 4 7 7 4 0 8 9 4 7 7 7 0
split_gain=168898 191516 296726 169257 1.06532e+06 1.05011e+06 976632 652262 602949 603205 537367 717789 716868 703174
threshold=0.8301217555999757 652.50000000000011 -65.235000610351548 12683.662597656252 12641.291992187502 99.134998321533217 2804.5000000000005 0.80688521265983593 -0.61393934488296498 -27.964999198913571 12545.775390625002 12487.211425781252 12513.354003906252 2886.5000000000005
decision_type=2 2 2 2 2 2 2 2 2 2 2 2 2 2
left_child=3 -2 -3 4 10 6 8 -5 -6 -10 11 -1 13 -13
right_child=1 2 -4 7 5 -7 -8 -9 9 -11 -12 12 -14 -15
leaf_value=-0.00059834285271445783 0.12782894224155256 -0.031192482015178147 -0.30887039462269955 0.012720475861035682 0.38640638574465436 -0.20346587488002399 0.27886636548293103 -0.0722587245429296 0.19555546008927591 -0.062404717931199317 -0.050371236979933488 0.044404857133970764 0.024427350392539952 0.26107564029119296
leaf_weight=2640406 1304 4047 2477 92907 1957 3826 13182 59106 5216 11833 82383 12489 83603 11515
leaf_count=2640406 1304 4047 2477 92907 1957 3826 13182 59106 5216 11833 82383 12489 83603 11515
internal_value=3.60582e-07 -0.0927203 -0.136934 0.000241136 0.00133182 0.109407 0.146649 -0.0203238 0.0548472 0.0165833 -4.3709e-05 0.00146524 0.0520958 0.148411
internal_weight=3.02625e+06 7828 6524 3.01842e+06 2.86641e+06 36014 32188 152013 19006 17049 2.8304e+06 2.74801e+06 107607 24004
internal_count=3026251 7828 6524 3018423 2866410 36014 32188 152013 19006 17049 2830396 2748013 107607 24004
is_linear=0
shrinkage=0.02


Tree=286
num_leaves=15
num_cat=0
split_feature=1 8 4 9 9 1 0 4 4 4 0 8 0 8
split_gain=168033 357737 619537 503559 357488 846305 1.02523e+06 1.24012e+06 604029 602035 410993 303677 296982 877540
threshold=80.724102020263686 0.93684044480323803 167.60500335693362 0.30641731619834905 0.12987381964921954 41.90783882141114 3799.5000000000005 103.25500106811525 72.014999389648452 67.125000000000014 2804.5000000000005 0.82309290766716015 4172.5000000000009 0.78062468767166149
decision_type=2 2 2 2 2 2 2 2 2 2 2 2 2 2
left_child=1 2 -1 4 -3 -6 9 8 -8 10 -7 12 13 -4
right_child=-2 3 11 -5 5 6 7 -9 -10 -11 -12 -13 -14 -15
leaf_value=0.014823911366577132 -0.0037380389210916938 -0.0075578085710807773 -0.086634208493994155 -0.57183634768079783 0.56560133806398805 -0.01624265538070797 -0.26835211374250617 -0.053812924972471594 -0.76820588533570167 0.31377198451389798 -0.36945978383156625 0.0057871413694965436 -0.049680375757984833 -0.56826958333939148
leaf_weight=930873 1857435 142593 8594 652 741 9543 1751 4192 2195 1968 1519 28080 34287 1828
leaf_count=930873 1857435 142593 8594 652 741 9543 1751 4192 2195 1968 1519 28080 34287 1828
internal_value=3.93161e-07 0.00594136 0.0104298 -0.0213342 -0.0191176 -0.0943148 -0.117673 -0.293646 -0.547645 -0.00762493 -0.065037 -0.0457592 -0.078128 -0.171578
internal_weight=3.02625e+06 1.16882e+06 1.00366e+06 165154 164502 21909 21168 8138 3946 13030 11062 72789 44709 10422
internal_count=3026251 1168816 1003662 165154 164502 21909 21168 8138 3946 13030 11062 72789 44709 10422
is_linear=0
shrinkage=0.02


Tree=287
num_leaves=15
num_cat=0
split_feature=7 7 7 7 6 4 7 0 7 9 7 4 7 4
split_gain=168191 1.25541e+06 1.05908e+06 841800 832362 1.31043e+06 1.68909e+06 717745 801521 908002 710384 784413 829756 644280
threshold=11192.181152343752 11153.163574218752 11310.519042968752 11361.277832031252 90.320373535156264 32.68499946594239 11346.886718750002 2269.5000000000005 11168.075683593752 -0.62102523446083058 11218.415527343752 -134.42499542236325 11228.336914062502 120.75500106811525
decision_type=2 2 2 2 2 2 2 2 2 2 2 2 2 2
left_child=1 -1 10 4 -4 -6 -7 -3 -9 -10 -2 12 -12 -5
right_child=2 7 3 13 5 6 -8 8 9 -11 11 -13 -14 -15
leaf_value=-0.0039896120607667345 -0.017282853552525297 0.011622594150685832 0.012723533842764225 0.0047507833360490824 0.031020571145734262 0.50315832003537897 0.091642455724928684 0.18012730447120451 0.12793677639639969 -0.0073844825057994739 -0.010207573101930106 -0.067041713626262642 -0.44937571957648303 -0.030843366304818431
leaf_weight=892486 202539 97334 58363 1295458 21626 6991 9289 27324 36609 43269 2773 86371 4528 241291
leaf_count=892486 202539 97334 58363 1295458 21626 6991 9289 27324 36609 43269 2773 86371 4528 241291
internal_value=2.61062e-07 0.00625287 -0.00355518 0.00275603 0.0601245 0.133084 0.268558 0.0509437 0.0866407 0.0546428 -0.038348 -0.0838885 -0.28282 -0.000838145
internal_weight=3.02625e+06 1.09702e+06 1.92923e+06 1.63302e+06 96269 37906 16280 204536 107202 79878 296211 93672 7301 1.53675e+06
internal_count=3026251 1097022 1929229 1633018 96269 37906 16280 204536 107202 79878 296211 93672 7301 1536749
is_linear=0
shrinkage=0.02


Tree=288
num_leaves=15
num_cat=0
split_feature=5 4 5 4 4 7 7 7 7 7 5 4 7 7
split_gain=168253 252012 301167 457543 340244 323251 583203 540568 552118 997652 374588 439016 301257 237387
threshold=0.082499999552965178 239.73500061035159 0.047500001266598708 273.52999877929693 251.41500091552737 11165.516601562502 12788.276855468752 11008.638671875002 11019.284667968752 11059.523925781252 0.027499999850988392 273.52999877929693 10999.976074218752 10855.785644531252
decision_type=2 2 2 2 2 2 2 2 2 2 2 2 2 2
left_child=1 -1 4 -4 -3 7 -7 12 10 -10 -9 -12 -6 -2
right_child=13 2 3 -5 5 6 -8 8 9 -11 11 -13 -14 -15
leaf_value=1.7373071842841261e-05 -0.061468017283865271 0.0020138921210737138 -0.072487502707848248 0.21039459355341283 -0.10477455683235926 0.14923361961474463 -0.31917521624369449 -0.79335492219032899 0.14665239177141762 -0.5751044317143863 -0.89001003105099463 0.18780692932604673 0.48815111978405024 0.060551796274275434
leaf_weight=2952308 7742 7830 6099 3646 2627 2780 1708 1444 1621 1437 228 407 384 35990
leaf_count=2952308 7742 7830 6099 3646 2627 2780 1708 1444 1621 1437 228 407 384 35990
internal_value=2.80749e-07 -0.000570816 -0.058032 0.0334553 -0.10159 -0.165742 -0.0293378 -0.240744 -0.365267 -0.193274 -0.616106 -0.206956 -0.0277852 0.0389407
internal_weight=3.02625e+06 2.98252e+06 30211 9745 20466 12636 4488 8148 5137 3058 2079 635 3011 43732
internal_count=3026251 2982519 30211 9745 20466 12636 4488 8148 5137 3058 2079 635 3011 43732
is_linear=0
shrinkage=0.02


Tree=289
num_leaves=15
num_cat=0
split_feature=1 7 0 9 4 7 4 7 0 9 7 0 7 7
split_gain=167939 407808 881493 743670 551525 272391 238332 717695 1.15753e+06 939825 1.78452e+06 1.18624e+06 1.08804e+06 763688
threshold=91.960784912109389 10908.922363281252 3729.5000000000005 -0.084905855357646928 97.93500137329103 10904.780761718752 133.18499755859378 12586.961914062502 6012.5000000000009 -0.60520920157432545 12241.801269531252 4956.5000000000009 11203.908691406252 12535.256835937502
decision_type=2 2 2 2 2 2 2 2 2 2 2 2 2 2
left_child=6 2 -2 4 -4 -6 -1 9 -9 10 12 -11 -8 -12
right_child=1 -3 3 -5 5 -7 7 8 -10 11 13 -13 -14 -15
leaf_value=0.006536812802032747 -0.0011498877995792028 -0.0094954382300111023 0.81755419800613094 -0.02441763608358604 0.1666410245969315 0.43023043882846834 0.010899557203239613 -0.082136957000970096 -0.74481088981236498 -0.012483488442686286 -1.0589241742940747 0.12324355037577783 -0.1145879537961592 -0.053512325395478143
leaf_weight=1620102 66161 1055515 594 7033 12529 1790 81940 28600 1085 65270 963 42536 41693 440
leaf_count=1620102 66161 1055515 594 7033 12529 1790 81940 28600 1085 65270 963 42536 41693 440
internal_value=1.71278e-07 -0.00604476 0.0352902 0.145098 0.225006 0.199871 0.00367225 -0.014005 -0.106601 -0.00219572 -0.0395045 0.0410753 -0.0314245 -0.746238
internal_weight=3.02625e+06 1.14362e+06 88107 21946 14913 14319 1.88263e+06 262527 29685 232842 125036 107806 123633 1403
internal_count=3026251 1143622 88107 21946 14913 14319 1882629 262527 29685 232842 125036 107806 123633 1403
is_linear=0
shrinkage=0.02


Tree=290
num_leaves=15
num_cat=0
split_feature=10 14 13 4 14 13 3 4 4 4 14 13 4 4
split_gain=166398 360652 268819 230146 125760 420019 206026 134347 205056 133971 125588 267670 138315 118630
threshold=2.3000000715255742 0.78789594769477855 6.9000000953674325 -278.60499572753901 0.71337804198265087 4.0999999046325692 5.7142510414123544 -60.385000228881829 167.60500335693362 39.274999618530281 0.63537690043449413 7.5000000000000009 47.98500061035157 120.75500106811525
decision_type=2 2 2 2 2 2 2 2 2 2 2 2 2 2
left_child=1 10 -3 -2 -5 9 -7 -8 -9 -6 13 12 -12 -1
right_child=3 2 -4 4 5 6 7 8 -10 -11 11 -13 -14 -15
leaf_value=0.002776404937651343 -0.13490187065124828 0.081021932657579412 -0.06879709636038063 -0.0028501218998536158 -0.0068858945478328703 -0.030185524351830594 -0.16684553620951462 -0.03917345783900196 -0.26570350286541117 0.068057866100880854 0.011564404434213114 -0.01951466669137477 0.042768121298283543 -0.013384392529670502
leaf_weight=1079866 5434 37133 5492 1268421 20799 45144 8485 13024 1813 17614 134868 71527 98198 218433
leaf_count=1079866 5434 37133 5492 1268421 20799 45144 8485 13024 1813 17614 134868 71527 98198 218433
internal_value=1.31209e-07 0.00429604 0.0617065 -0.00511959 -0.00460581 -0.0254396 -0.0551343 -0.103393 -0.0670159 0.0274873 0.00276897 0.0143266 0.0247129 5.73255e-05
internal_weight=3.02625e+06 1.64552e+06 42625 1.38073e+06 1.3753e+06 106879 68466 23322 14837 38413 1.60289e+06 304593 233066 1.2983e+06
internal_count=3026251 1645517 42625 1380734 1375300 106879 68466 23322 14837 38413 1602892 304593 233066 1298299
is_linear=0
shrinkage=0.02


Tree=291
num_leaves=15
num_cat=0
split_feature=8 7 7 0 7 7 7 0 7 7 7 7 0 9
split_gain=168040 592149 812749 498257 456325 495213 454957 741404 505739 428128 696163 847413 491492 612572
threshold=-0.95236524939537037 11368.435058593752 11942.817871093752 4637.5000000000009 11422.027343750002 11448.922363281252 12832.255859375002 2167.5000000000005 12772.698730468752 12832.255859375002 12764.483398437502 12778.510742187502 2269.5000000000005 0.66953307390213024
decision_type=2 2 2 2 2 2 2 2 2 2 2 2 2 2
left_child=1 -1 3 -3 -5 -6 8 -8 -4 10 -2 -12 -11 -14
right_child=9 2 6 4 5 -7 7 -9 -10 12 11 -13 13 -15
leaf_value=0.033526322944455345 0.0024383880714737328 -0.073892208081542177 -0.017038216775713419 -0.10891133529599221 -0.67479053822535917 -0.13245072425697466 0.080180157821737957 -0.47430618892221504 0.084131147432163877 -0.00030291195690202024 -0.18624278597567492 -0.0067360792350295009 -0.44683418376922612 0.40879385668970764
leaf_weight=77089 2675459 53955 134839 3478 1638 1149 1770 2103 23149 4046 17399 26584 365 3228
leaf_count=77089 2675459 53955 134839 3478 1638 1149 1770 2103 23149 4046 17399 26584 365 3228
internal_value=9.1963e-08 -0.0142286 -0.0308062 -0.0935265 -0.262229 -0.45248 -0.00746682 -0.221341 -0.00220999 0.00156108 0.0011408 -0.0777728 0.15098 0.320869
internal_weight=3.02625e+06 299170 222081 60220 6265 2787 161861 3873 157988 2.72708e+06 2.71944e+06 43983 7639 3593
internal_count=3026251 299170 222081 60220 6265 2787 161861 3873 157988 2727081 2719442 43983 7639 3593
is_linear=0
shrinkage=0.02


Tree=292
num_leaves=15
num_cat=0
split_feature=7 7 7 1 7 7 4 1 17 7 7 7 7 9
split_gain=164459 329662 518784 1.3673e+06 624424 438089 278278 247342 268420 210512 1.60405e+06 869886 852791 1.12426e+06
threshold=10073.079589843752 10626.541503906252 10689.769531250002 44.148483276367195 10640.863281250002 10706.830566406252 86.755001068115249 54.941410064697273 0.078702233731746687 11203.908691406252 11281.717285156252 11128.710937500002 11021.642089843752 0.53606674075126659
decision_type=2 2 2 2 2 2 2 2 2 2 2 2 2 2
left_child=-1 -2 3 -3 6 -4 -5 -7 -9 11 -11 12 -10 -14
right_child=1 2 5 4 -6 7 -8 8 9 10 -12 -13 13 -15
leaf_value=0.073072576871585609 -0.06040202452330095 -0.12533766207822949 -0.1214579202265741 -0.1136252174322252 0.090669368056937691 0.025437403337174608 0.36611279467082952 0.087179820387154966 0.0012618482836066159 -0.066043562773889092 5.815039284337782e-05 0.031950627886657576 -0.010715429851764893 -0.15301467737590016
leaf_weight=12260 36055 11334 11944 530 30369 143823 5063 13588 641290 162420 1530154 331658 60773 34990
leaf_count=12260 36055 11334 11944 530 30369 143823 5063 13588 641290 162420 1530154 331658 60773 34990
internal_value=0 -0.000297483 0.00043042 0.0661338 0.126498 -0.000630147 0.320527 -0.00013527 -0.00146081 -0.00189732 -0.00628533 0.00505218 -0.00705178 -0.0627197
internal_weight=3.02625e+06 3.01399e+06 2.97794e+06 47296 35962 2.93064e+06 5593 2.9187e+06 2.77487e+06 2.76128e+06 1.69257e+06 1.06871e+06 737053 95763
internal_count=3026251 3013991 2977936 47296 35962 2930640 5593 2918696 2774873 2761285 1692574 1068711 737053 95763
is_linear=0
shrinkage=0.02


Tree=293
num_leaves=15
num_cat=0
split_feature=5 7 9 7 7 7 9 7 9 9 9 7 7 7
split_gain=164056 348859 729580 826083 355653 1.24012e+06 783616 396527 351978 502982 491902 485531 1.02609e+06 328849
threshold=0.062499998137354858 10844.483886718752 -0.73163655400276173 11965.328125000002 12241.801269531252 12269.841308593752 -0.3996411263942718 12231.562988281252 -0.50931808352470387 -0.62745577096939076 -0.49586482346057886 11019.284667968752 10983.865234375002 11004.516113281252
decision_type=2 2 2 2 2 2 2 2 2 2 2 2 2 2
left_child=-1 -2 3 -3 7 6 -6 8 9 11 -10 12 -4 -14
right_child=1 2 4 -5 5 -7 -8 -9 10 -11 -12 -13 13 -15
leaf_value=-0.0011715778482979838 -0.047690388537738902 0.30421649112302956 -0.014596490079203451 -0.13047371291748749 -0.76359965541056773 -0.0097232138668305098 0.24351235906053945 0.31807531608837625 -0.36237805535588913 0.14531700898987246 -0.00040731486259200193 -0.021794903076879854 0.46549028956896715 0.1776403519396525
leaf_weight=2846105 27051 7242 10017 2298 1447 20785 387 1905 1538 18987 50246 31813 2922 3508
leaf_count=2846105 27051 7242 10017 2298 1447 20785 387 1905 1538 18987 50246 31813 2922 3508
internal_value=0 0.0185086 0.0302081 0.199479 0.0189459 -0.0538285 -0.550906 0.0325606 0.0279646 0.0581412 -0.0112262 0.0238201 0.112013 0.308971
internal_weight=3.02625e+06 180146 153095 9540 143555 22619 1834 120936 119031 67247 51784 48260 16447 6430
internal_count=3026251 180146 153095 9540 143555 22619 1834 120936 119031 67247 51784 48260 16447 6430
is_linear=0
shrinkage=0.02


Tree=294
num_leaves=15
num_cat=0
split_feature=9 1 8 4 4 8 4 9 6 4 4 1 8 10
split_gain=163095 183526 166495 282022 284642 224743 533584 481328 406577 353269 463364 436637 386751 354113
threshold=0.8301217555999757 116.75956344604494 -0.95236524939537037 -278.60499572753901 1.294999957084656 -0.85837611556053151 -49.495000839233391 0.46213567256927496 46.12804031372071 -200.56500244140622 -122.34499740600585 79.451461791992202 -0.92106926441192616 -6.0999999046325675
decision_type=2 2 2 2 2 2 2 2 2 2 2 2 2 2
left_child=2 -2 3 -1 -5 6 7 8 -4 11 12 13 -11 -10
right_child=1 -3 5 4 -6 -7 -8 -9 9 10 -12 -13 -14 -15
leaf_value=-0.31915279906632299 -0.071735568077511719 -0.57724995394215539 -0.11293215548586918 -0.010527220053380278 -0.1895014554966846 -0.00011546526082377167 -0.026727961963815897 0.19240075867427398 0.26707297987367906 0.060968813239253086 0.022097751740869111 -0.05414666073477932 0.17626038495443655 0.0082959987502556325
leaf_weight=1196 7539 289 7624 294386 3588 2448980 73844 7589 3353 38051 87443 29896 16770 5703
leaf_count=1196 7539 289 7624 294386 3588 2448980 73844 7589 3353 38051 87443 29896 16770 5703
internal_value=1.08948e-08 -0.0911137 0.000236614 -0.0139245 -0.0126887 0.00179466 0.019102 0.0363316 0.0300496 0.036071 0.050682 -0.0172914 0.0962631 0.1043
internal_weight=3.02625e+06 7828 3.01842e+06 299170 297974 2.71925e+06 270273 196429 188840 181216 142264 38952 54821 9056
internal_count=3026251 7828 3018423 299170 297974 2719253 270273 196429 188840 181216 142264 38952 54821 9056
is_linear=0
shrinkage=0.02


Tree=295
num_leaves=15
num_cat=0
split_feature=1 7 4 7 9 7 7 6 9 7 7 7 9 4
split_gain=162941 398871 635037 704670 1.33904e+06 730429 575548 387017 332159 314340 922186 828353 1.23576e+06 601791
threshold=86.843780517578139 10908.922363281252 46.854999542236335 10844.483886718752 -0.16965726763010022 10879.343750000002 10807.967285156252 116.38242721557619 0.64728483557701122 12149.030273437502 12202.979980468752 12058.331054687502 0.55642431974411022 113.44499969482423
decision_type=2 2 2 2 2 2 2 2 2 2 2 2 2 2
left_child=-1 2 7 6 -5 -6 -4 -2 -9 11 -11 -3 13 -13
right_child=1 9 3 4 5 -7 -8 8 -10 10 -12 12 -14 -15
leaf_value=0.0044637233536325809 -0.0013555841676979022 -0.0096170563291309956 0.071928671249425938 0.26962158586384227 0.17228213801214634 -0.3353570015094311 -0.10979993088068241 -0.079482603833238227 -0.50672673112440569 0.11823575960399842 -0.0018062282487793105 -0.029569999003372111 -0.56436749426326127 -0.24168230873366572
leaf_weight=1571946 65282 1049851 29033 14727 1960 2664 9163 2147 1095 29012 216990 23194 2241 6946
leaf_count=1571946 65282 1049851 29033 14727 1960 2664 9163 2147 1095 29012 216990 23194 2241 6946
internal_value=-1.86003e-08 -0.00482485 0.0291713 0.0781468 0.17644 -0.120269 0.0283152 -0.0119638 -0.224907 -0.00805185 0.012355 -0.0126906 -0.112306 -0.0785176
internal_weight=3.02625e+06 1.4543e+06 126071 57547 19351 4624 38196 68524 3242 1.32823e+06 246002 1.08223e+06 32381 30140
internal_count=3026251 1454305 126071 57547 19351 4624 38196 68524 3242 1328234 246002 1082232 32381 30140
is_linear=0
shrinkage=0.02


Tree=296
num_leaves=15
num_cat=0
split_feature=17 7 7 8 16 16 7 7 8 7 6 9 7 7
split_gain=159721 347017 698903 487303 281379 238260 297631 1.25113e+06 1.15862e+06 825451 713507 661856 1.90989e+06 2.99123e+06
threshold=0.3050872683525086 12764.483398437502 12778.510742187502 0.80688521265983593 10.09999990463257 -17.30000019073486 11577.411621093752 11440.685058593752 -0.56388047337532032 11755.942382812502 50.552278518676765 -0.11756055802106856 11382.777343750002 11391.668457031252
decision_type=2 2 2 2 2 2 2 2 2 2 2 2 2 2
left_child=1 4 3 -3 -1 -2 7 11 -9 -8 -10 12 -7 -14
right_child=5 2 -4 -5 -6 6 9 8 10 -11 -12 -13 13 -15
leaf_value=0.0013350734583543178 0.012160169435712208 -0.17683068415835382 0.020720696690943667 -0.66689354338426099 0.029496613353654472 0.00050185951113056561 0.12994278830226896 0.10690976400090546 0.51991158084625744 0.001199862193698767 -0.12920963411748809 -0.020583010563839516 0.83604247821544009 0.10443921784278659
leaf_weight=424504 377998 3193 7140 1084 213184 521971 20458 10221 675 745014 63438 605579 2410 29382
leaf_count=424504 377998 3193 7140 1084 213184 521971 20458 10221 675 745014 63438 605579 2410 29382
internal_value=-1.00926e-07 0.00879265 -0.100448 -0.302307 0.01075 -0.00240109 -0.00515438 -0.0112331 -0.0907689 0.00464232 -0.122295 -0.00613267 0.00966985 0.160145
internal_weight=3.02625e+06 649105 11417 4277 637688 2.37715e+06 1.99915e+06 1.23368e+06 74334 765472 64113 1.15934e+06 553763 31792
internal_count=3026251 649105 11417 4277 637688 2377146 1999148 1233676 74334 765472 64113 1159342 553763 31792
is_linear=0
shrinkage=0.02


Tree=297
num_leaves=15
num_cat=0
split_feature=1 4 4 9 9 9 4 9 9 0 4 0 4 0
split_gain=157617 316149 262534 326634 292738 262489 258957 635697 427912 427390 1.01247e+06 457649 440897 431989
threshold=80.724102020263686 -175.52500152587888 -218.04499816894528 0.16236701607704165 0.70082291960716259 0.67504784464836132 182.47499847412112 -0.56790637969970692 -0.34975594282150263 1618.5000000000002 86.755001068115249 3659.5000000000005 123.76499938964845 2623.5000000000005
decision_type=2 2 2 2 2 2 2 2 2 2 2 2 2 2
left_child=1 -1 3 -2 5 -5 8 -8 9 -3 13 -12 -13 -11
right_child=2 6 -4 4 -6 -7 7 -9 -10 10 11 12 -14 -15
leaf_value=0.060499566833810609 0.22673955646297242 -0.004643839492039439 -0.0025084505024995786 -0.061845942109117376 0.26311942238194053 -0.28404325462943514 -0.09975617400483873 0.028929381157276675 -0.0047721081217759302 0.06545720575978016 -0.016855966238359412 0.13377762122206907 0.021735322698792709 0.16579243418937131
leaf_weight=40714 1577 166042 1817669 34892 1041 2256 31057 30354 615341 66380 109688 17671 68414 23155
leaf_count=40714 1577 166042 1817669 34892 1041 2256 31057 30354 615341 66380 109688 17671 68414 23155
internal_value=-4.7029e-08 0.00575382 -0.00362077 -0.0544498 -0.0661182 -0.0754133 0.00377747 -0.0361553 0.00607679 0.0208673 0.0357138 0.0102331 0.0447478 0.0914211
internal_weight=3.02625e+06 1.16882e+06 1.85744e+06 39766 38189 37148 1.1281e+06 61411 1.06669e+06 451350 285308 195773 86085 89535
internal_count=3026251 1168816 1857435 39766 38189 37148 1128102 61411 1066691 451350 285308 195773 86085 89535
is_linear=0
shrinkage=0.02


Tree=298
num_leaves=15
num_cat=0
split_feature=10 14 9 9 14 3 9 5 17 16 1 3 3 17
split_gain=157469 338449 184669 176420 275852 241184 180068 152076 134051 178133 143743 158689 114751 110471
threshold=2.3000000715255742 0.77948632836341869 -0.56046268343925465 -0.62499999999999989 0.70086875557899486 5.1047015190124521 0.24076627939939502 0.10749999806284906 0.26353931427001959 11.700000286102297 78.871383666992202 2.3098465204238896 10.671911716461183 0.58455306291580211
decision_type=2 2 2 2 2 2 2 2 2 2 2 2 2 2
left_child=1 8 -3 5 7 -2 12 -5 9 -1 -10 -12 -6 -13
right_child=3 2 -4 4 6 -7 -8 -9 10 -11 11 13 -14 -15
leaf_value=0.0045165985609824238 0.021293603544511226 0.11668316083230114 0.031184065501220926 -0.005883707997915523 -0.010793199520771969 -0.01388230849382067 -0.069406692544458873 0.17807425266047985 0.0091816136115772991 0.044664124014917615 0.02472636062123686 -0.00898780012842159 -0.1379963839295808 0.016104880394857354
leaf_weight=131969 203034 14173 35188 942264 58323 126562 45788 1791 486203 66467 69647 764607 2972 77263
leaf_count=131969 203034 14173 35188 942264 58323 126562 45788 1791 486203 66467 69647 764607 2972 77263
internal_value=-1.33132e-08 0.00417903 0.0557524 -0.00498047 -0.00898369 0.00778629 -0.0394034 -0.00553281 0.00258377 0.0179659 0.000399828 -0.0042844 -0.0169827 -0.00668472
internal_weight=3.02625e+06 1.64552e+06 49361 1.38073e+06 1.05114e+06 329596 107083 944055 1.59616e+06 198436 1.39772e+06 911517 61295 841870
internal_count=3026251 1645517 49361 1380734 1051138 329596 107083 944055 1596156 198436 1397720 911517 61295 841870
is_linear=0
shrinkage=0.02


Tree=299
num_leaves=15
num_cat=0
split_feature=5 1 8 9 1 8 3 8 17 5 9 8 8 8
split_gain=152592 178153 244169 651985 515975 329274 271273 159909 169354 149900 145297 421880 226771 193029
threshold=0.072500001639127745 91.960784912109389 0.93684044480323803 0.16236701607704165 39.409135818481452 0.95309019088745128 5.0518498420715341 0.9570656716823579 0.6130577325820924 0.047500001266598708 0.22064693272113803 0.96152326464653026 0.95523449778556835 0.6083776354789735
decision_type=2 2 2 2 2 2 2 2 2 2 2 2 2 2
left_child=1 2 -1 -4 -5 -6 9 -3 -9 -7 12 -12 13 -2
right_child=10 7 3 4 5 6 -8 8 -10 -11 11 -13 -14 -15
leaf_value=0.0059385599314613824 0.21052471349569346 -0.0097516506246832415 -0.0033834729867115317 0.58738198891177396 -0.49469643608312674 -0.16937986565419524 -0.026633800258577513 0.0071731048031749359 0.089668921220887071 0.052415291125736653 -0.41902632196725331 0.5228807017816931 -0.057100096951332009 0.029567560827462584
leaf_weight=1577487 2423 990515 216344 417 868 15668 11587 108562 10949 1317 252 695 12313 76854
leaf_count=1577487 2423 990515 216344 417 868 15668 11587 108562 10949 1317 252 695 12313 76854
internal_value=0 -0.000797658 0.00304744 -0.0154763 -0.10307 -0.113046 -0.101282 -0.00711484 0.014738 -0.15216 0.0252854 0.270456 0.022721 0.0351244
internal_weight=3.02625e+06 2.93371e+06 1.82369e+06 246201 29857 29440 28572 1.11003e+06 119511 16985 92537 947 91590 79277
internal_count=3026251 2933714 1823688 246201 29857 29440 28572 1110026 119511 16985 92537 947 91590 79277
is_linear=0
shrinkage=0.02


end of trees

feature_importances:
Column_7=1326
Column_4=575
Column_8=535
Column_0=493
Column_9=480
Column_17=165
Column_6=143
Column_5=123
Column_1=96
Column_14=68
Column_13=63
Column_16=53
Column_3=48
Column_10=20
Column_11=7
Column_18=5

parameters:
[boosting: gbdt]
[objective: regression]
[metric: l2]
[tree_learner: serial]
[device_type: cpu]
[data_sample_strategy: bagging]
[data: ]
[valid: ]
[num_iterations: 300]
[learning_rate: 0.02]
[num_leaves: 15]
[num_threads: 4]
[seed: 0]
[deterministic: 0]
[force_col_wise: 0]
[force_row_wise: 0]
[histogram_pool_size: -1]
[max_depth: -1]
[min_data_in_leaf: 200]
[min_sum_hessian_in_leaf: 0.001]
[bagging_fraction: 0.7]
[pos_bagging_fraction: 1]
[neg_bagging_fraction: 1]
[bagging_freq: 0]
[bagging_seed: 7719]
[bagging_by_query: 0]
[feature_fraction: 0.6]
[feature_fraction_bynode: 1]
[feature_fraction_seed: 2437]
[extra_trees: 0]
[extra_seed: 11797]
[early_stopping_round: 0]
[early_stopping_min_delta: 0]
[first_metric_only: 0]
[max_delta_step: 0]
[lambda_l1: 1]
[lambda_l2: 10]
[linear_lambda: 0]
[min_gain_to_split: 0]
[drop_rate: 0.1]
[max_drop: 50]
[skip_drop: 0.5]
[xgboost_dart_mode: 0]
[uniform_drop: 0]
[drop_seed: 21238]
[top_rate: 0.2]
[other_rate: 0.1]
[min_data_per_group: 100]
[max_cat_threshold: 32]
[cat_l2: 10]
[cat_smooth: 10]
[max_cat_to_onehot: 4]
[top_k: 20]
[monotone_constraints: ]
[monotone_constraints_method: basic]
[monotone_penalty: 0]
[feature_contri: ]
[forcedsplits_filename: ]
[refit_decay_rate: 0.9]
[cegb_tradeoff: 1]
[cegb_penalty_split: 0]
[cegb_penalty_feature_lazy: ]
[cegb_penalty_feature_coupled: ]
[path_smooth: 0]
[interaction_constraints: ]
[verbosity: -1]
[saved_feature_importance_type: 0]
[use_quantized_grad: 0]
[num_grad_quant_bins: 4]
[quant_train_renew_leaf: 0]
[stochastic_rounding: 1]
[linear_tree: 0]
[max_bin: 255]
[max_bin_by_feature: ]
[min_data_in_bin: 3]
[bin_construct_sample_cnt: 200000]
[data_random_seed: 38]
[is_enable_sparse: 1]
[enable_bundle: 1]
[use_missing: 1]
[zero_as_missing: 0]
[feature_pre_filter: 1]
[pre_partition: 0]
[two_round: 0]
[header: 0]
[label_column: ]
[weight_column: ]
[group_column: ]
[ignore_column: ]
[categorical_feature: ]
[forcedbins_filename: ]
[precise_float_parser: 0]
[parser_config_file: ]
[objective_seed: 8855]
[num_class: 1]
[is_unbalance: 0]
[scale_pos_weight: 1]
[sigmoid: 1]
[boost_from_average: 1]
[reg_sqrt: 0]
[alpha: 0.9]
[fair_c: 1]
[poisson_max_delta_step: 0.7]
[tweedie_variance_power: 1.5]
[lambdarank_truncation_level: 30]
[lambdarank_norm: 1]
[label_gain: ]
[lambdarank_position_bias_regularization: 0]
[eval_at: ]
[multi_error_top_k: 1]
[auc_mu_weights: ]
[num_machines: 1]
[local_listen_port: 12400]
[time_out: 120]
[machine_list_filename: ]
[machines: ]
[gpu_platform_id: -1]
[gpu_device_id: -1]
[gpu_use_dp: 0]
[num_gpu: 1]

end of parameters

pandas_categorical:null
