tree
version=v4
num_class=1
num_tree_per_iteration=1
label_index=0
max_feature_idx=25
objective=regression
feature_names=Column_0 Column_1 Column_2 Column_3 Column_4 Column_5 Column_6 Column_7 Column_8 Column_9 Column_10 Column_11 Column_12 Column_13 Column_14 Column_15 Column_16 Column_17 Column_18 Column_19 Column_20 Column_21 Column_22 Column_23 Column_24 Column_25
feature_infos=[1:10036] [20.392429351806641:387.97348022460938] [-60.894035339355469:47.813362121582031] [0.0054820398800075054:76.830970764160156] [-336.67999267578125:428.3800048828125] [-0.50499999523162842:0.15999999642372131] [18.084671020507812:380.04617309570312] [10036.9794921875:12872.7880859375] [-1:1] [-0.99998748302459717:0.97302103042602539] [-25:25] [0:0.99360066652297974] [0:0.6176297664642334] [-25:25] [-0.04439852386713028:0.9618077278137207] [7.250070666486863e-06:0.69404494762420654] [-25:25] [-0.27836593985557556:0.91896349191665649] [1.0667117749108002e-06:0.79148608446121216] [10028.05078125:14719.443359375] [10043.103515625:13162.91015625] [10032.84765625:12979.294921875] [10018.58984375:12981.0908203125] [10018.1416015625:12962.9482421875] [10024.619140625:12944.4365234375] [0:0.26664045453071594]
tree_sizes=1602 1651 1657 1649 1647 1654 1643 1654 1636 1657 1673 1654 1641 1646 1665 1652 1629 1664 1632 1632 1638 1650 1646 1630 1640 1670 1650 1649 1654 1655 1619 1655 1650 1663 1651 1646 1652 1653 1635 1653 1648 1638 1647 1648 1670 1648 1667 1629 1666 1666 1655 1653 1645 1649 1647 1663 1639 1657 1643 1648 1656 1662 1637 1654 1644 1623 1646 1657 1666 1642 1669 1682 1686 1639 1649 1630 1663 1629 1638 1637 1640 1644 1626 1673 1614 1638 1682 1657 1650 1685 1627 1671 1646 1658 1642 1660 1695 1647 1649 1620 1651 1650 1617 1610 1661 1620 1664 1682 1628 1656 1666 1646 1623 1632 1658 1595 1614 1630 1588 1627 1602 1617 1631 1646 1648 1659 1596 1629 1641 1660 1633 1600 1634 1622 1603 1646 1588 1633 1639 1634 1627 1559 1589 1641 1626 1612 1579 1629 1581 1580 1604 1621 1559 1636 1539 1627 1627 1632 1630 1631 1600 1666 1555 1586 1659 1571 1617 1602 1581 1607 1574 1576 1607 1638 1618 1564 1613 1596 1620 1615 1615 1514 1599 1601 1610 1642 1629 1550 1565 1560 1643 1663 1549 1555 1575 1521 1591 1634 1568 1593 1540 1673 1548 1560 1628 1624 1594 1602 1562 1571 1589 1552 1555 1616 1594 1532 1648 1569 1582 1632 1569 1545 1597 1597 1587 1647 1604 1593 1513 1574 1605 1594 1574 1636 1567 1514 1615 1563 1570 1612 1529 1578 1577 1545 1560 1617 1552 1558 1594 1500 1618 1582 1549 1577 1564 1634 1580 1606 1574 1585 1538 1539 1537 1623 1575 1552 1568 1566 1520 1579 1588 1601 1541 1554 1558 1608 1594 1588 1534 1570 1583 1570 1571 1603 1560 1575 1597 1559 1617 1616 1548 1563 1628 1571 1568 1556 1539 1615 1547 1596

Tree=0
num_leaves=15
num_cat=0
split_feature=9 8 20 20 21 9 25 9 21 21 5 19 25 19
split_gain=2.47196e+07 8.87012e+06 7.64314e+06 2.31049e+06 8.19161e+06 5.17169e+06 4.25079e+06 3.15804e+06 2.77045e+06 2.86668e+06 2.33459e+06 2.09286e+06 2.22068e+06 2.04913e+06
threshold=0.55642431974411022 -0.95236524939537037 12766.316406250002 12200.195800781252 12361.747070312502 -0.56450200080871571 0.075601305812597289 -0.177777424454689 12278.044433593752 12187.544433593752 -0.012499999720603226 13255.445312500002 0.038139624521136291 11239.735839843752
decision_type=2 2 2 2 2 2 2 2 2 2 2 2 2 2
left_child=1 13 -2 7 5 -5 8 -3 9 -7 -8 -6 -13 -1
right_child=2 3 -4 4 11 6 10 -9 -10 -11 -12 12 -14 -15
leaf_value=0.7587207500601566 0.57621721213680666 0.74405493501538433 0.92183707109400115 0.73861438800694912 0.7237445476800819 1.4436366798091003 1.8152810656657268 0.68312932627815948 1.2875785167327005 0.8792162409008738 1.1317710230506579 0.67127718231784383 -0.20314045118406021 0.59684173106508087
leaf_weight=35736 718501 1128937 26530 43685 251596 3823 3678 487161 9043 59496 4413 2739 2008 250388
leaf_count=35736 718501 1128937 26530 43685 251596 3823 3678 487161 9043 59496 4413 2739 2008 250388
internal_value=0.688557 0.721204 0.588527 0.736129 0.78047 0.913817 1.00893 0.725689 0.960245 0.913408 1.44349 0.715888 0.300294 0.617062
internal_weight=3.02773e+06 2.2827e+06 745031 1.99658e+06 380481 124138 80453 1.6161e+06 72362 63319 8091 256343 4747 286124
internal_count=3027734 2282703 745031 1996579 380481 124138 80453 1616098 72362 63319 8091 256343 4747 286124
is_linear=0
shrinkage=1


Tree=1
num_leaves=15
num_cat=0
split_feature=4 7 19 7 24 8 22 7 8 20 7 4 7 22
split_gain=2.15935e+07 5.92773e+06 8.69716e+06 6.20738e+06 5.44165e+06 5.98162e+06 5.1473e+06 5.2157e+06 4.96105e+06 6.71298e+06 1.59902e+07 4.67259e+06 4.84094e+06 6.9462e+06
threshold=3.0249999761581425 10944.537597656252 10950.445312500002 10920.012207031252 12722.404785156252 -0.83435350656509388 10935.114746093752 11004.940917968752 -0.95236524939537037 12209.585937500002 12207.852539062502 -126.02499771118163 10972.324707031252 11158.806640625002
decision_type=2 2 2 2 2 2 2 2 2 2 2 2 2 2
left_child=4 2 -2 -4 5 8 7 -3 -1 -10 -11 12 -7 -14
right_child=1 6 3 -5 -6 11 -8 -9 9 10 -12 -13 13 -15
leaf_value=-0.076864393136817435 0.099884244241192036 -0.15388767349324112 1.0892745437164808 0.32663190375877871 0.15329974643141264 -0.022284593576435464 0.039096649370174257 -1.3458004945516586 -0.00014369078589903745 1.1037872683654679 0.098674906465194515 -0.076259571091088288 -0.57678914842846885 -0.18931523547540649
leaf_weight=267627 209096 33582 5496 19077 46622 46813 1395869 1526 228649 7577 38266 605403 22737 99394
leaf_count=267627 209096 33582 5496 19077 46622 46813 1395869 1526 228649 7577 38266 605403 22737 99394
internal_value=1.53962e-07 0.0483319 0.141726 0.497579 -0.059024 -0.0665445 0.0330804 -0.206064 -0.0155927 0.0441471 0.265006 -0.102215 -0.195215 -0.261492
internal_weight=3.02773e+06 1.66465e+06 233669 24573 1.36309e+06 1.31647e+06 1.43098e+06 35108 542119 274492 45843 774347 168944 122131
internal_count=3027734 1664646 233669 24573 1363088 1316466 1430977 35108 542119 274492 45843 774347 168944 122131
is_linear=0
shrinkage=0.02


Tree=2
num_leaves=15
num_cat=0
split_feature=9 8 22 0 0 17 19 19 22 4 9 9 22 4
split_gain=2.28298e+07 8.21131e+06 7.76044e+06 5.08172e+06 2.62771e+06 2.72559e+06 2.25444e+06 2.57694e+06 6.17254e+06 9.80082e+06 2.48293e+06 2.26018e+06 2.17197e+06 2.06009e+06
threshold=0.55642431974411022 -0.95236524939537037 12716.609863281252 2577.5000000000005 1064.5000000000002 0.1529808044433594 13255.445312500002 12186.732421875002 12371.583496093752 -135.04499816894528 -0.203344851732254 -0.56450200080871571 12783.712402343752 -102.00500106811522
decision_type=2 2 2 2 2 2 2 2 2 2 2 2 2 2
left_child=1 -1 3 -2 -3 -6 7 10 9 -9 -7 -11 -8 -4
right_child=2 4 13 -5 5 6 12 8 -10 11 -12 -13 -14 -15
leaf_value=-0.068825294465847592 -0.058736436457529254 0.0019915219597492241 0.47052998102780635 -0.16557129052143124 0.22589110937548509 0.061331393462479053 0.22705662722559855 1.1915291674713426 0.043109761312847765 0.058896327348841676 -9.0739921715083001e-05 0.2669993014874224 -0.6838128940555751 0.11010782208128188
leaf_weight=286124 374292 430785 8897 339769 37636 852708 1559 4124 192754 31639 380822 61398 3154 22073
leaf_count=286124 374292 430785 8897 339769 37636 852708 1559 4124 192754 31639 380822 61398 3154 22073
internal_value=1.83288e-07 0.0313753 -0.0961293 -0.109573 0.0457351 0.0577698 0.0536278 0.05498 0.108634 0.238607 0.042369 0.196244 -0.382662 0.213768
internal_weight=3.02773e+06 2.2827e+06 745031 714061 1.99658e+06 1.56579e+06 1.52816e+06 1.52344e+06 289915 97161 1.23353e+06 93037 4713 30970
internal_count=3027734 2282703 745031 714061 1996579 1565794 1528158 1523445 289915 97161 1233530 93037 4713 30970
is_linear=0
shrinkage=0.02


Tree=3
num_leaves=15
num_cat=0
split_feature=9 8 20 4 4 17 19 19 8 20 4 19 20 9
split_gain=2.19258e+07 7.88617e+06 6.9407e+06 3.33266e+06 2.5069e+06 2.354e+06 2.16449e+06 2.03704e+06 2.08132e+06 2.0629e+06 6.83626e+06 6.77211e+06 3.60246e+06 2.69134e+06
threshold=0.55642431974411022 -0.95236524939537037 12766.316406250002 -93.874999999999986 -29.835000038146969 0.1638348996639252 12340.173339843752 13255.445312500002 0.72694364190101635 12200.195800781252 -123.88499832153319 12386.723632812502 12358.885253906252 -0.177777424454689
decision_type=2 2 2 2 2 2 2 2 2 2 2 2 2 2
left_child=1 -1 3 -2 6 -3 -4 9 -9 13 11 -11 -12 -7
right_child=2 5 4 -5 -6 7 -8 8 -10 10 12 -13 -14 -15
leaf_value=-0.067448836121302938 -0.16007700718436799 0.17272129450887774 0.62568729105213483 -0.071665332282307453 -0.079289304567618638 0.049337062877744621 0.18196991336994117 -0.027312628417063275 -0.88500611624464642 1.1620192412512831 0.16257966448127584 0.1635347914913515 0.025346546064477518 -0.0077635814892188498
leaf_weight=286124 278508 55938 7027 439993 7745 1103490 11758 2794 1893 4576 112964 6677 237102 471145
leaf_count=286124 278508 55938 7027 439993 7745 1103490 11758 2794 1893 4576 112964 6677 237102 471145
internal_value=2.91144e-07 0.0307479 -0.0942066 -0.105938 0.223417 0.0448205 0.348199 0.0411329 -0.374871 0.042142 0.0852405 0.570239 0.0696342 0.0322521
internal_weight=3.02773e+06 2.2827e+06 745031 718501 26530 1.99658e+06 18785 1.94064e+06 4687 1.93595e+06 361319 11253 350066 1.57464e+06
internal_count=3027734 2282703 745031 718501 26530 1996579 18785 1940641 4687 1935954 361319 11253 350066 1574635
is_linear=0
shrinkage=0.02


Tree=4
num_leaves=15
num_cat=0
split_feature=4 7 20 23 8 0 22 7 8 20 7 7 7 23
split_gain=1.91134e+07 5.72673e+06 8.77608e+06 5.0714e+06 5.24178e+06 5.70059e+06 4.6399e+06 5.46238e+06 4.46352e+06 5.99359e+06 1.46212e+07 3.67203e+06 4.32567e+06 3.49817e+06
threshold=3.0249999761581425 10924.305664062502 10923.714843750002 12733.312011718752 -0.83435350656509388 2144.5000000000005 10935.114746093752 11004.940917968752 -0.95236524939537037 12209.585937500002 12207.852539062502 10776.154296875002 10700.101562500002 10872.375000000002
decision_type=2 2 2 2 2 2 2 2 2 2 2 2 2 2
left_child=3 2 -2 4 8 -6 7 -3 -1 -10 -11 12 -7 -13
right_child=1 6 -4 -5 5 11 -8 -9 9 10 -12 13 -14 -15
leaf_value=-0.07286478840630807 0.10781175786786064 -0.11225443007806531 0.60123692720952748 0.15426763748226971 -0.038781001013622404 -0.16087575448061522 0.039184759430138605 -1.3213963185747466 -0.00033244600246302346 1.052102971306365 0.091650786855028143 -0.55861200648603293 0.44306264491368857 -0.15173098699891754
leaf_weight=269888 176762 55466 15690 44571 366018 10058 1415202 1526 228649 7577 38591 8636 8962 380138
leaf_count=269888 176762 55466 15690 44571 366018 10058 1415202 1526 228649 7577 38591 8636 8962 380138
internal_value=3.67771e-07 0.045472 0.148068 -0.0555309 -0.062624 -0.0960809 0.0320592 -0.144857 -0.015094 0.0416411 0.249472 -0.147508 0.123775 -0.160783
internal_weight=3.02773e+06 1.66465e+06 192452 1.36309e+06 1.31852e+06 773812 1.47219e+06 56992 544705 274817 46168 407794 19020 388774
internal_count=3027734 1664646 192452 1363088 1318517 773812 1472194 56992 544705 274817 46168 407794 19020 388774
is_linear=0
shrinkage=0.02


Tree=5
num_leaves=15
num_cat=0
split_feature=9 24 8 0 21 0 19 4 19 21 9 9 24 19
split_gain=2.02361e+07 7.72017e+06 7.29429e+06 4.29968e+06 2.86159e+06 2.50334e+06 2.30444e+06 7.33073e+06 6.75765e+06 4.24883e+06 2.42529e+06 2.30555e+06 1.98375e+06 2.05214e+06
threshold=0.55642431974411022 12722.404785156252 -0.95236524939537037 2558.5000000000005 12800.455078125002 1084.5000000000002 12186.732421875002 -123.88499832153319 12386.723632812502 12361.747070312502 -0.203344851732254 -0.56450200080871571 11240.965332031252 11002.951660156252
decision_type=2 2 2 2 2 2 2 2 2 2 2 2 2 2
left_child=2 3 12 -2 -5 -4 10 8 -8 11 -7 -9 13 -1
right_child=1 -3 5 4 -6 6 7 9 -10 -11 -12 -13 -14 -15
leaf_value=-0.0087974463412253245 -0.055475928255707463 0.25728640253202911 0.00088316508979564574 -0.15772811231955416 0.59053706171446541 0.061661633464064107 1.0970087020659443 0.055711528271863493 0.16900117080405275 0.029938812597922505 0.0015592212592812772 0.26229587498896495 -0.084795369946102303 0.35021545783774277
leaf_weight=27454 374610 24675 438883 343699 2047 864543 5554 32691 7211 194345 389576 63776 250388 8282
leaf_count=27454 374610 24675 438883 343699 2047 864543 5554 32691 7211 194345 389576 63776 250388 8282
internal_value=3.6435e-07 -0.0905039 0.0295395 -0.10242 -0.153281 0.0430737 0.0549608 0.104404 0.573318 0.0838019 0.0429918 0.192301 -0.0649004 0.0744798
internal_weight=3.02773e+06 745031 2.2827e+06 720356 345746 1.99658e+06 1.5577e+06 303577 12765 290812 1.25412e+06 96467 286124 35736
internal_count=3027734 745031 2282703 720356 345746 1996579 1557696 303577 12765 290812 1254119 96467 286124 35736
is_linear=0
shrinkage=0.02


Tree=6
num_leaves=15
num_cat=0
split_feature=4 7 19 7 24 0 19 17 19 25 7 24 7 24
split_gain=1.76222e+07 5.56259e+06 8.17272e+06 5.80263e+06 4.57647e+06 4.05345e+06 3.97964e+06 3.42969e+06 2.48312e+06 2.82547e+06 2.39012e+06 2.14775e+06 4.01671e+06 1.01453e+07
threshold=4.0050001144409189 10944.537597656252 10950.445312500002 10920.012207031252 12722.404785156252 2222.5000000000005 10912.170410156252 0.24463218450546267 12115.164062500002 0.037029566243290908 10937.421875000002 11611.865234375002 11004.940917968752 11024.337890625002
decision_type=2 2 2 2 2 2 2 2 2 2 2 2 2 2
left_child=4 2 -2 -4 5 -1 -3 -7 9 -6 -5 12 -9 -14
right_child=1 6 3 10 8 7 -8 11 -10 -11 -12 -13 13 -15
leaf_value=-0.02306843489601516 0.094017481732703301 -0.2719366944508696 1.052083939054512 0.1699791781599323 0.032422795946950148 0.047239929728713104 0.032902082336231299 -0.050451864415856848 0.087120819256199925 0.93316215265271019 0.66332999302321138 -0.052881050887940886 -0.62644515774472487 -0.14505124769430225
leaf_weight=631240 207577 17332 5496 13443 2502 63366 1403309 154828 41563 3135 5546 200081 18770 259546
leaf_count=631240 207577 17332 5496 13443 2502 63366 1403309 154828 41563 3135 5546 200081 18770 259546
internal_value=5.27411e-07 0.0440113 0.134794 0.480302 -0.0528976 -0.0597772 0.0291811 -0.0930412 0.140609 0.534135 0.314343 -0.10708 -0.132113 -0.177539
internal_weight=3.02773e+06 1.6527e+06 232062 24485 1.37503e+06 1.32783e+06 1.42064e+06 696591 47200 5637 18989 633225 433144 278316
internal_count=3027734 1652703 232062 24485 1375031 1327831 1420641 696591 47200 5637 18989 633225 433144 278316
is_linear=0
shrinkage=0.02


Tree=7
num_leaves=15
num_cat=0
split_feature=8 7 19 8 0 19 22 7 7 23 7 7 7 23
split_gain=1.64296e+07 5.49241e+06 1.01427e+07 4.93478e+06 4.75859e+06 4.25238e+06 3.79629e+06 1.62788e+07 4.02555e+06 3.29568e+06 3.93512e+06 6.88473e+06 5.06787e+06 3.0475e+06
threshold=-0.69446012377738942 10924.305664062502 10942.862304687502 -0.83435350656509388 2577.5000000000005 10920.942871093752 12224.837890625002 12204.598144531252 11355.325683593752 12672.285156250002 10974.912109375002 11116.080566406252 11009.197265625002 11009.548828125002
decision_type=2 2 2 2 2 2 2 2 2 2 2 2 2 2
left_child=3 2 -2 6 -5 -3 8 -8 -1 10 -6 12 13 -12
right_child=1 5 -4 4 9 -7 7 -9 -10 -11 11 -13 -14 -15
leaf_value=0.062077059396824973 0.10206684277494538 -0.19338717029913202 0.7044933929657764 -0.041293239102715582 -0.041016707568652284 0.031405489751349581 1.0335666665551919 0.030140502251559811 -0.071619080197083504 0.18366534358856959 0.081924822630726146 -0.14964961427814483 -0.69309376787073962 -0.39463797828982267
leaf_weight=122690 185883 34398 11885 356010 83046 1550915 6939 93274 338891 11621 7702 189383 17423 17674
leaf_count=122690 185883 34398 11885 356010 83046 1550915 6939 93274 338891 11621 7702 189383 17423 17674
internal_value=6.45613e-07 0.0389251 0.138304 -0.0557621 -0.0918829 0.0265268 -0.0118564 0.0997166 -0.0360815 -0.146983 -0.159178 -0.201438 -0.430509 -0.250018
internal_weight=3.02773e+06 1.78308e+06 197768 1.24465e+06 682859 1.58531e+06 561794 100213 461581 326849 315228 232182 42799 25376
internal_count=3027734 1783081 197768 1244653 682859 1585313 561794 100213 461581 326849 315228 232182 42799 25376
is_linear=0
shrinkage=0.02


Tree=8
num_leaves=15
num_cat=0
split_feature=9 24 7 21 20 7 4 0 7 7 23 7 20 7
split_gain=1.82352e+07 7.09002e+06 6.48448e+06 7.05548e+06 4.95969e+06 1.58481e+07 8.08051e+06 3.85621e+06 3.47064e+06 4.26099e+06 3.5487e+06 3.23734e+06 6.31454e+06 6.20903e+06
threshold=0.55642431974411022 12722.404785156252 11187.881347656252 11204.002441406252 12200.195800781252 12204.598144531252 -123.88499832153319 2008.5000000000002 10776.154296875002 10700.101562500002 10872.375000000002 10972.324707031252 11039.352050781252 11009.197265625002
decision_type=2 2 2 2 2 2 2 2 2 2 2 2 2 2
left_child=2 7 3 -1 -4 6 -6 -2 9 -9 -10 -12 13 -13
right_child=1 -3 4 -5 5 -7 -8 8 10 -11 11 12 -14 -15
leaf_value=0.070068997089229521 -0.041742873475487489 0.24738153630726611 -0.014588542908561262 0.46538925288188415 1.1048434379561971 0.023550667365074589 0.31449178945955863 -0.15340155726004953 -0.53709804579242659 0.43135340473185779 -0.019195648706817479 -0.10287206112244594 -0.13789844018178404 -0.67727895351051914
leaf_weight=633667 294859 24675 1187345 18579 5956 398008 39148 10602 9180 9391 72974 12901 292373 18076
leaf_count=633667 294859 24675 1187345 18579 5956 398008 39148 10602 9180 9391 72974 12901 292373 18076
internal_value=6.75074e-07 -0.0859126 0.0280414 0.0813365 0.00672089 0.0638199 0.41908 -0.0973325 -0.135853 0.121344 -0.148536 -0.139523 -0.166677 -0.438167
internal_weight=3.02773e+06 745031 2.2827e+06 652246 1.63046e+06 443112 45104 720356 425497 19993 405504 396324 323350 30977
internal_count=3027734 745031 2282703 652246 1630457 443112 45104 720356 425497 19993 405504 396324 323350 30977
is_linear=0
shrinkage=0.02


Tree=9
num_leaves=15
num_cat=0
split_feature=9 24 8 7 19 19 0 7 20 7 20 20 7 8
split_gain=1.75132e+07 6.80935e+06 6.5948e+06 4.70316e+06 1.00339e+07 5.08984e+06 3.71467e+06 3.21505e+06 7.27821e+06 4.59055e+06 2.75938e+06 2.62034e+06 1.43564e+07 6.74877e+06
threshold=0.55642431974411022 12722.404785156252 -0.95236524939537037 10924.305664062502 10942.862304687502 10920.942871093752 2597.5000000000005 10974.912109375002 11039.352050781252 11009.197265625002 12774.089843750002 12200.195800781252 12204.598144531252 -0.83435350656509388
decision_type=2 2 2 2 2 2 2 2 2 2 2 2 2 2
left_child=2 6 -1 4 -4 -5 -2 -8 9 -9 -10 -7 13 -13
right_child=1 -3 3 5 -6 11 7 8 10 -11 -12 12 -14 -15
leaf_value=-0.062316907248976233 -0.052428972429726918 0.24243590426631614 0.093589929708528002 -0.21679864980455887 0.68938794134712511 0.020464806232946043 -0.037138648801044311 -0.085164466748416656 -0.15366987483418262 -0.73682086503940813 0.59639015794342487 0.94980583119143425 0.036207279131853405 0.30471341980640437
leaf_weight=286124 380229 24675 232112 33080 11876 1339111 85323 6197 232319 14319 1969 7969 337625 34806
leaf_count=286124 380229 24675 232112 33080 11876 1339111 85323 6197 232319 14319 1969 7969 337625 34806
internal_value=7.25552e-07 -0.0841946 0.0274807 0.0403496 0.122617 0.0288961 -0.0953862 -0.143405 -0.178986 -0.540122 -0.147341 0.033624 0.0799461 0.425089
internal_weight=3.02773e+06 745031 2.2827e+06 1.99658e+06 243988 1.75259e+06 720356 340127 254804 20516 234288 1.71951e+06 380400 42775
internal_count=3027734 745031 2282703 1996579 243988 1752591 720356 340127 254804 20516 234288 1719511 380400 42775
is_linear=0
shrinkage=0.02


Tree=10
num_leaves=15
num_cat=0
split_feature=9 24 8 7 24 22 7 4 7 23 7 24 24 7
split_gain=1.68197e+07 6.53978e+06 6.3389e+06 4.53725e+06 7.42459e+06 4.25817e+06 5.30823e+06 3.10463e+06 4.27927e+06 6.14833e+06 2.9425e+06 6.43222e+06 3.92135e+06 2.66034e+06
threshold=0.55642431974411022 12722.404785156252 -0.95664271712303151 10924.305664062502 10924.394042968752 10935.114746093752 11004.940917968752 -126.02499771118163 10972.324707031252 11159.551269531252 11187.881347656252 11203.852050781252 11259.681152343752 11366.160644531252
decision_type=2 2 2 2 2 2 2 2 2 2 2 2 2 2
left_child=2 7 -1 4 -4 6 -5 8 -2 -10 11 -7 -12 -14
right_child=1 -3 3 5 -6 10 -8 -9 9 -11 12 -13 13 -15
leaf_value=-0.063296330185461949 -0.0062035891201351334 0.23758915346550233 0.090385246040356859 -0.10803463830987348 0.53176969988932488 0.067331526500218605 -1.2994422968725363 -0.070558532441323374 -0.52705738618547004 -0.16281229045181053 -0.065070867541374006 0.46598356120970374 0.13777238660306909 0.025831463402139453
leaf_weight=274053 46794 24675 229974 57428 16317 297124 1526 552139 22824 98599 182664 17113 91917 1114587
leaf_count=274053 46794 24675 229974 57428 16317 297124 1526 552139 22824 98599 182664 17113 91917 1114587
internal_value=8.16628e-07 -0.0825108 0.0269313 0.0392419 0.119648 0.0280045 -0.139089 -0.0934786 -0.1687 -0.231318 0.0337883 0.0890559 0.0212859 0.0343607
internal_weight=3.02773e+06 745031 2.2827e+06 2.00865e+06 246291 1.76236e+06 58954 720356 168217 121423 1.7034e+06 314237 1.38917e+06 1.2065e+06
internal_count=3027734 745031 2282703 2008650 246291 1762359 58954 720356 168217 121423 1703405 314237 1389168 1206504
is_linear=0
shrinkage=0.02


Tree=11
num_leaves=15
num_cat=0
split_feature=9 24 8 7 24 22 7 7 7 7 7 20 20 7
split_gain=1.61537e+07 6.28089e+06 6.08975e+06 4.33792e+06 7.11748e+06 4.10239e+06 5.10009e+06 2.80426e+06 4.08529e+06 2.72901e+06 2.71941e+06 6.26027e+06 4.17771e+06 1.37915e+07
threshold=0.55642431974411022 12722.404785156252 -0.95236524939537037 10924.305664062502 10924.394042968752 10935.114746093752 11004.940917968752 10764.450683593752 10700.101562500002 10749.717773437502 11187.881347656252 11203.976562500002 12200.195800781252 12204.598144531252
decision_type=2 2 2 2 2 2 2 2 2 2 2 2 2 2
left_child=2 7 -1 4 -4 6 -5 8 -2 -10 11 -7 -12 -14
right_child=1 -3 3 5 -6 10 -8 -9 9 -11 12 -13 13 -15
leaf_value=-0.059897989189766312 -0.098180124083916076 0.2328392931888616 0.088836444062927594 -0.10580417163704915 0.52114082801697303 0.063747863423406409 -1.2736226206024488 -0.10007620700219194 0.67202164745562143 0.093282468212901204 -8.176938770866187e-05 0.43560745920222133 0.41607636540620396 0.03492796794125861
leaf_weight=286124 18607 24675 227671 57417 16317 294293 1526 688653 6091 7005 999587 19287 42775 337706
leaf_count=286124 18607 24675 227671 57417 16317 294293 1526 688653 6091 7005 999587 19287 42775 337706
internal_value=7.50482e-07 -0.0808607 0.0263926 0.038759 0.117768 0.0277591 -0.13625 -0.0916093 0.0922827 0.362765 0.0334678 0.0866326 0.0213871 0.0777879
internal_weight=3.02773e+06 745031 2.2827e+06 1.99658e+06 243988 1.75259e+06 58943 720356 31703 13096 1.69365e+06 313580 1.38007e+06 380481
internal_count=3027734 745031 2282703 1996579 243988 1752591 58943 720356 31703 13096 1693648 313580 1380068 380481
is_linear=0
shrinkage=0.02


Tree=12
num_leaves=15
num_cat=0
split_feature=9 24 8 7 24 7 23 7 0 7 7 23 7 20
split_gain=1.5514e+07 6.03223e+06 5.85257e+06 4.20942e+06 5.30691e+06 4.35541e+06 3.68554e+06 4.90466e+06 3.52398e+06 3.17154e+06 4.00599e+06 3.46046e+06 2.9368e+06 5.77187e+06
threshold=0.55642431974411022 12722.404785156252 -0.95664271712303151 10944.537597656252 10936.284667968752 10920.012207031252 10944.481933593752 11004.940917968752 2008.5000000000002 10776.154296875002 10700.101562500002 10872.375000000002 10972.324707031252 11039.352050781252
decision_type=2 2 2 2 2 2 2 2 2 2 2 2 2 2
left_child=2 8 -1 4 -4 -6 7 -5 -2 10 -10 -11 -13 -14
right_child=1 -3 3 6 5 -7 -8 -9 9 11 -12 12 13 -15
leaf_value=-0.060832532843465695 -0.036635989913396408 0.22818439571659446 0.078166541700193909 -0.11480891561721457 0.82060754911277334 0.23494957263415209 0.030451117605146724 -1.2155145378994674 -0.14713546569948233 -0.52242224728911446 0.41985261792931938 -0.015219272532886258 -0.41524907219756857 -0.12817376654235907
leaf_weight=274053 294859 24675 257919 40473 6342 25431 1676808 1677 10602 9180 9391 72974 30977 292373
leaf_count=274053 294859 24675 257919 40473 6342 25431 1676808 1677 10602 9180 9391 72974 30977 292373
internal_value=7.96717e-07 -0.0792433 0.0258648 0.0376937 0.108219 0.352071 0.0258077 -0.158881 -0.0897769 -0.126601 0.119263 -0.138725 -0.129825 -0.155688
internal_weight=3.02773e+06 745031 2.2827e+06 2.00865e+06 289692 31773 1.71896e+06 42150 720356 425497 19993 405504 396324 323350
internal_count=3027734 745031 2282703 2008650 289692 31773 1718958 42150 720356 425497 19993 405504 396324 323350
is_linear=0
shrinkage=0.02


Tree=13
num_leaves=15
num_cat=0
split_feature=8 7 19 7 8 22 7 22 7 7 22 7 7 25
split_gain=1.31408e+07 4.53334e+06 6.69783e+06 5.26431e+06 3.79598e+06 3.60352e+06 4.40955e+06 3.49522e+06 1.41623e+07 3.65208e+06 3.2563e+06 2.56828e+06 3.71682e+06 3.24228e+06
threshold=-0.69446012377738942 10944.537597656252 10950.445312500002 10920.012207031252 -0.83435350656509388 10935.114746093752 11004.940917968752 12224.837890625002 12204.598144531252 11359.411621093752 12716.609863281252 10764.450683593752 10700.101562500002 0.033445168286561973
decision_type=2 2 2 2 2 2 2 2 2 2 2 2 2 2
left_child=4 2 -2 -4 7 6 -3 9 -9 -1 11 12 -6 -14
right_child=1 5 3 -5 10 -7 -8 8 -10 -11 -12 -13 13 -15
leaf_value=0.054925977699134321 0.079107709357110645 -0.12633939453241672 0.96922246097435838 0.27102275410758653 -0.093906508871945973 0.027033411724559652 -1.2165678239916031 0.96672521164921965 0.030799654106153606 -0.069953265222700123 0.17583109889333984 -0.097742316052618558 -0.0047646663515268656 0.63213219951630151
leaf_weight=130648 215434 36004 5496 20116 18583 1504493 1538 6939 93274 330933 19103 632248 5779 7146
leaf_count=130648 215434 36004 5496 20116 18583 1504493 1538 6939 93274 330933 19103 632248 5779 7146
internal_value=7.24234e-07 0.0348121 0.115469 0.421168 -0.0498696 0.0222034 -0.171316 -0.0113618 0.0956957 -0.0346064 -0.0815497 -0.0889597 0.0872489 0.347579
internal_weight=3.02773e+06 1.78308e+06 241046 25612 1.24465e+06 1.54204e+06 37542 561794 100213 461581 682859 663756 31508 12925
internal_count=3027734 1783081 241046 25612 1244653 1542035 37542 561794 100213 461581 682859 663756 31508 12925
is_linear=0
shrinkage=0.02


Tree=14
num_leaves=15
num_cat=0
split_feature=9 7 21 23 8 19 7 4 7 23 20 7 4 7
split_gain=1.43604e+07 5.50983e+06 6.33135e+06 5.20825e+06 4.87079e+06 4.47924e+06 3.23921e+06 2.94689e+06 3.99374e+06 5.80529e+06 2.67222e+06 1.30059e+07 6.63739e+06 2.63464e+06
threshold=0.55642431974411022 11187.881347656252 11204.002441406252 12733.312011718752 -0.95236524939537037 11204.905761718752 11207.812011718752 -126.02499771118163 10972.324707031252 11159.551269531252 12200.195800781252 12204.598144531252 -67.975002288818345 11401.172363281252
decision_type=2 2 2 2 2 2 2 2 2 2 2 2 2 2
left_child=1 2 -1 7 -3 6 -6 8 -2 -10 13 12 -12 -7
right_child=3 4 -4 -5 5 10 -8 -9 9 -11 11 -13 -14 -15
leaf_value=0.063337877954624033 -0.0025047598505797126 -0.075921958716479956 0.43782193673154007 0.2047277278910716 -0.018435760692203009 0.070118126182097618 -0.23810963983050681 -0.063836592042622681 -0.50734704459826796 -0.15339537798500055 0.94588973955616495 0.033515889508320906 0.28912352465994517 -0.0086268752646768369
leaf_weight=633667 46794 250389 18579 25478 72938 229449 42484 551382 22824 98553 7449 337047 35326 655375
leaf_count=633667 46794 250389 18579 25478 72938 229449 42484 551382 22824 98553 7449 337047 35326 655375
internal_value=8.15601e-07 0.0248847 0.0740115 -0.0762401 0.00523166 0.019956 -0.0993061 -0.0861914 -0.159478 -0.21999 0.0308416 0.075214 0.40369 0.0117935
internal_weight=3.02773e+06 2.2827e+06 652246 745031 1.63046e+06 1.38007e+06 115422 719553 168171 121377 1.26465e+06 379822 42775 884824
internal_count=3027734 2282703 652246 745031 1630457 1380068 115422 719553 168171 121377 1264646 379822 42775 884824
is_linear=0
shrinkage=0.02


Tree=15
num_leaves=15
num_cat=0
split_feature=9 7 8 7 7 4 25 4 7 7 7 7 7 4
split_gain=1.37918e+07 5.29164e+06 4.67793e+06 4.4558e+06 3.40283e+06 2.65202e+06 2.7832e+06 2.63367e+06 3.83563e+06 4.73992e+06 3.04885e+06 2.06842e+06 2.53926e+06 3.57744e+06
threshold=0.55642431974411022 11187.881347656252 -0.95236524939537037 12652.199218750002 11241.262207031252 -97.145000457763658 0.062364783138036735 -126.02499771118163 10972.324707031252 11116.080566406252 11001.417480468752 11146.501953125002 10924.305664062502 57.82500076293946
decision_type=2 2 2 2 2 2 2 2 2 2 2 2 2 2
left_child=1 11 -3 7 -4 6 -5 8 -2 10 -10 12 13 -1
right_child=3 2 4 5 -6 -7 -8 -9 9 -11 -12 -13 -14 -15
leaf_value=0.027679453151365038 -0.002454678174043498 -0.074403580598704125 -0.062612516994337231 0.6755380062073123 0.031559778836961996 0.035388180573635589 -0.0016306714476716888 -0.065456642846712751 -0.25788959190031951 -0.15152490254928011 -0.69944525139735969 0.15169296999504883 0.013963919583687097 0.17420688914051585
leaf_weight=134080 46794 250389 175891 6000 1204177 36350 4073 530437 13727 96139 11511 109797 275844 132525
leaf_count=134080 46794 250389 175891 6000 1204177 36350 4073 530437 13727 96139 11511 109797 275844 132525
internal_value=8.63662e-07 0.0243871 0.00512715 -0.0747155 0.019557 0.115005 0.401994 -0.0873241 -0.156289 -0.215591 -0.45948 0.0725314 0.0565058 0.10052
internal_weight=3.02773e+06 2.2827e+06 1.63046e+06 745031 1.38007e+06 46423 10073 698608 168171 121377 25238 652246 542449 266605
internal_count=3027734 2282703 1630457 745031 1380068 46423 10073 698608 168171 121377 25238 652246 542449 266605
is_linear=0
shrinkage=0.02


Tree=16
num_leaves=15
num_cat=0
split_feature=9 24 9 0 24 4 19 22 19 22 21 4 0 0
split_gain=1.32457e+07 5.27997e+06 3.27907e+06 3.2768e+06 3.09316e+06 5.30429e+06 5.50642e+06 2.85292e+06 2.06913e+06 2.03347e+06 1.96905e+06 2.03265e+06 1.90416e+06 1.84839e+06
threshold=0.55642431974411022 12722.404785156252 -0.177777424454689 1988.5000000000002 12182.797851562502 -175.46500396728513 12386.723632812502 12177.002929687502 13255.445312500002 12783.712402343752 12800.455078125002 -36.874999999999993 4714.5000000000009 1750.5000000000002
decision_type=2 2 2 2 2 2 2 2 2 2 2 2 2 2
left_child=2 3 8 -2 12 6 -6 -7 13 -10 -5 -12 -4 -1
right_child=1 -3 4 10 5 7 -8 -9 9 -11 11 -13 -14 -15
leaf_value=0.01349884538636836 -0.031406701264276179 0.2143989832001971 -0.013281492743300705 -0.12204714735183915 1.0487830712618753 0.86339636502947203 0.083693550042794385 0.034375350212719591 0.21176881822319915 -0.66537154045596969 0.73798304607283405 -0.3057052720783851 -0.11868992205929425 0.060988403576024003
leaf_weight=512764 291977 24675 625283 425124 4404 1670 5098 142702 1578 3169 2110 1145 76982 909053
leaf_count=512764 291977 24675 625283 425124 4404 1670 5098 142702 1578 3169 2110 1145 76982 909053
internal_value=8.32582e-07 -0.0732213 0.0238994 -0.0830763 -0.00704296 0.0741674 0.531629 0.0440242 0.0424691 -0.373956 -0.118292 0.37103 -0.0248379 0.043862
internal_weight=3.02773e+06 745031 2.2827e+06 720356 856139 153874 9502 144372 1.42656e+06 4747 428379 3255 702265 1.42182e+06
internal_count=3027734 745031 2282703 720356 856139 153874 9502 144372 1426564 4747 428379 3255 702265 1421817
is_linear=0
shrinkage=0.02


Tree=17
num_leaves=15
num_cat=0
split_feature=9 24 7 21 8 24 4 7 23 7 21 24 7 23
split_gain=1.27212e+07 5.07094e+06 5.04234e+06 6.01124e+06 4.43506e+06 3.60518e+06 2.62586e+06 3.677e+06 5.42837e+06 2.57132e+06 6.78521e+06 2.91742e+06 9.4302e+06 5.84241e+06
threshold=0.55642431974411022 12722.404785156252 11187.881347656252 11204.002441406252 -0.9504232108592986 11259.681152343752 -126.02499771118163 10972.324707031252 11159.551269531252 11366.160644531252 11405.071777343752 12182.797851562502 12204.598144531252 12257.318359375002
decision_type=2 2 2 2 2 2 2 2 2 2 2 2 2 2
left_child=2 6 3 -1 -4 -6 7 -2 -9 10 -7 -11 13 -13
right_child=1 -3 4 -5 5 9 -8 8 -10 11 -12 12 -14 -15
leaf_value=0.060017796726794713 3.2813008243379482e-05 0.21011273576370756 -0.07148353952743991 0.42491204841755775 -0.063831363077809636 0.095712975215190566 -0.060335974092283043 -0.48652089389664843 -0.14426891847588538 -0.00087890484739090063 0.91588077210264807 0.25653298790288426 0.03009593347405496 0.99975509072204694
leaf_weight=633667 46794 24675 257846 18579 182579 86271 552139 22824 98599 711526 4223 43659 339676 4677
leaf_count=633667 46794 24675 257846 18579 182579 86271 552139 22824 98599 711526 4223 43659 339676 4677
internal_value=9.48777e-07 -0.0717567 0.0234215 0.0704181 0.00462075 0.0189174 -0.0814147 -0.150594 -0.208637 0.0316135 0.134084 0.0231788 0.0672941 0.32864
internal_weight=3.02773e+06 745031 2.2827e+06 652246 1.63046e+06 1.37261e+06 720356 168217 121423 1.19003e+06 90494 1.09954e+06 388012 48336
internal_count=3027734 745031 2282703 652246 1630457 1372611 720356 168217 121423 1190032 90494 1099538 388012 48336
is_linear=0
shrinkage=0.02


Tree=18
num_leaves=15
num_cat=0
split_feature=4 7 19 7 22 7 23 7 22 7 8 7 19 7
split_gain=1.12523e+07 4.04769e+06 6.74461e+06 4.7342e+06 3.9825e+06 4.1456e+06 3.42281e+06 3.91993e+06 1.3383e+07 3.29032e+06 2.8304e+06 2.4688e+06 2.4651e+06 3.67386e+06
threshold=4.0050001144409189 10944.537597656252 10950.445312500002 10920.012207031252 10935.114746093752 11004.940917968752 11605.034667968752 11219.845703125002 11201.348632812502 11751.335449218752 -0.88782846927642811 10937.421875000002 11002.951660156252 11009.197265625002
decision_type=2 2 2 2 2 2 2 2 2 2 2 2 2 2
left_child=6 2 -2 -4 5 -3 7 10 -9 -8 12 -5 -1 -14
right_child=1 4 3 11 -6 -7 9 8 -10 -11 -12 -13 13 -15
leaf_value=0.024856674332441767 0.075567436708060154 -0.14129621368706657 0.94294117167175273 0.12990396456292486 0.027849645395410173 -1.2039314078787964 0.20931709383061387 -0.61800404074240423 -0.088502525331929038 -0.013298708484814514 -0.054382496130516059 0.63124411989592077 0.92347794468710509 0.13528212209758456
leaf_weight=76098 207577 33582 5496 13443 1385533 1526 28109 20438 288309 478201 470783 5546 3090 10003
leaf_count=76098 207577 33582 5496 13443 1385533 1526 28109 20438 288309 478201 470783 5546 3090 10003
internal_value=1.07319e-06 0.0351693 0.112609 0.426482 0.0225187 -0.187815 -0.0422689 -0.0663584 -0.123573 -0.000935735 -0.0348111 0.276584 0.0684879 0.321864
internal_weight=3.02773e+06 1.6527e+06 232062 24485 1.42064e+06 35108 1.37503e+06 868721 308747 506310 559974 18989 89191 13093
internal_count=3027734 1652703 232062 24485 1420641 35108 1375031 868721 308747 506310 559974 18989 89191 13093
is_linear=0
shrinkage=0.02


Tree=19
num_leaves=15
num_cat=0
split_feature=9 24 7 21 24 7 4 0 7 7 21 7 7 7
split_gain=1.1851e+07 4.84214e+06 4.71216e+06 5.78714e+06 3.41402e+06 9.57376e+06 6.62067e+06 3.06792e+06 2.85585e+06 3.77391e+06 3.39335e+06 2.79655e+06 2.62127e+06 4.57572e+06
threshold=0.55642431974411022 12722.404785156252 11187.881347656252 11204.002441406252 12182.797851562502 12204.598144531252 -139.92499542236325 1988.5000000000002 10776.154296875002 10700.101562500002 10855.770507812502 10749.717773437502 10972.324707031252 11116.080566406252
decision_type=2 2 2 2 2 2 2 2 2 2 2 2 2 2
left_child=2 7 3 -1 -4 6 -6 -2 9 -9 -10 -11 -12 -14
right_child=1 -3 4 -5 5 -7 -8 8 10 11 12 -13 13 -15
leaf_value=0.057833700909639733 -0.028700829428713305 0.20617805491222105 -0.013573944007670591 0.41586169545813328 1.0009860951002794 0.017650679269197424 0.23193927517862289 -0.13806668217914103 -0.50283992156793178 0.87052638877035948 -0.0074834319452045462 0.15351487831884703 -0.29572129535866576 -0.10373962047662558
leaf_weight=633667 291977 24675 1175462 18579 4930 402045 48020 10682 9246 3380 73392 6091 61138 264450
leaf_count=633667 291977 24675 1175462 18579 4930 402045 48020 10682 9246 3380 73392 6091 61138 264450
internal_value=1.11686e-06 -0.0692588 0.0226065 0.0680383 0.00443167 0.0509478 0.303719 -0.0786964 -0.112771 0.119599 -0.124245 0.410052 -0.115459 -0.139797
internal_weight=3.02773e+06 745031 2.2827e+06 652246 1.63046e+06 454995 52950 720356 428379 20153 408226 9471 398980 325588
internal_count=3027734 745031 2282703 652246 1630457 454995 52950 720356 428379 20153 408226 9471 398980 325588
is_linear=0
shrinkage=0.02


Tree=20
num_leaves=15
num_cat=0
split_feature=4 24 0 21 24 8 8 22 4 21 19 19 25 22
split_gain=1.04971e+07 3.19923e+06 3.57436e+06 3.20146e+06 2.21919e+06 2.15425e+06 3.77997e+06 2.79625e+06 4.58502e+06 5.2533e+06 1.9352e+06 1.92714e+06 1.9543e+06 1.90125e+06
threshold=4.0050001144409189 11611.865234375002 2617.5000000000005 11744.496582031252 12731.313964843752 -0.84785553812980641 -0.95664271712303151 12142.738769531252 -111.02499771118163 12361.747070312502 11724.755371093752 13255.445312500002 0.038139624521136291 11516.895019531252
decision_type=2 2 2 2 2 2 2 2 2 2 2 2 2 2
left_child=1 2 13 -3 5 6 -5 -8 9 -9 -6 -2 -13 -1
right_child=11 3 -4 4 10 -7 7 8 -10 -11 -12 12 -14 -15
leaf_value=-0.021913175503991755 0.035128784154762512 0.21034419774014837 -0.10777076003788226 -0.062015695727497724 0.87509188064058963 -0.073440545515700728 0.0071964000560229063 0.92299769643239649 0.086991173187728837 0.16598999771957523 0.10007749672158747 -0.019967929086020835 -0.84027983280783003 -0.3883271790536611
leaf_weight=460590 1647956 27158 402535 120065 1320 205561 59538 6633 35895 8197 41814 2739 2008 5725
leaf_count=460590 1647956 27158 402535 120065 1320 205561 59538 6633 35895 8197 41814 2739 2008 5725
internal_value=1.21748e-06 -0.0408255 -0.0641103 -0.000857016 -0.0128352 -0.0263777 0.0156258 0.100167 0.209268 0.504971 0.123993 0.0339686 -0.368004 -0.02642
internal_weight=3.02773e+06 1.37503e+06 868850 506181 479023 435889 230328 110263 50725 14830 43134 1.6527e+06 4747 466315
internal_count=3027734 1375031 868850 506181 479023 435889 230328 110263 50725 14830 43134 1652703 4747 466315
is_linear=0
shrinkage=0.02


Tree=21
num_leaves=15
num_cat=0
split_feature=9 24 9 20 21 4 20 4 9 25 20 20 22 21
split_gain=1.10305e+07 4.52813e+06 2.85097e+06 3.28751e+06 4.61424e+06 4.7074e+06 4.72688e+06 2.43991e+06 1.92817e+06 1.70539e+06 1.57916e+06 1.55023e+06 1.59861e+06 1.90536e+06
threshold=0.55642431974411022 12722.404785156252 -0.177777424454689 12200.195800781252 12187.544433593752 -175.46500396728513 12358.885253906252 -126.02499771118163 0.83586668968200695 0.061807917430996902 10937.603027343752 12856.801269531252 12706.658203125002 12763.897949218752
decision_type=2 2 2 2 2 2 2 2 2 2 2 2 2 2
left_child=2 7 11 9 -5 6 -6 10 -9 -4 -2 12 -1 -14
right_child=1 -3 3 4 5 -7 -8 8 -10 -11 -12 -13 13 -15
leaf_value=0.043034763829357392 -0.015527860848232225 0.1995379589726933 -0.012808884610082869 0.88794084422161168 0.97372304442468061 0.033170095389820665 0.07900591963301852 -0.051602391308003676 -0.40288104839924332 -0.10458348974760881 -0.17217251786050253 0.37195469104918721 -0.11414831964117739 0.094716486636056613
leaf_weight=1339989 31729 24675 616046 2758 4394 134601 5098 545826 6313 93242 136488 5566 55530 25479
leaf_count=1339989 31729 24675 616046 2758 4394 134601 5098 545826 6313 93242 136488 5566 55530 25479
internal_value=1.25211e-06 -0.0668183 0.0218101 -0.0070418 0.0790869 0.0635444 0.493776 -0.0759447 -0.0556261 -0.0248748 -0.142629 0.0391252 0.0378189 -0.0484522
internal_weight=3.02773e+06 745031 2.2827e+06 856139 146851 144093 9492 720356 552139 709288 168217 1.42656e+06 1.421e+06 81009
internal_count=3027734 745031 2282703 856139 146851 144093 9492 720356 552139 709288 168217 1426564 1420998 81009
is_linear=0
shrinkage=0.02


Tree=22
num_leaves=15
num_cat=0
split_feature=9 7 21 23 19 7 0 7 7 21 9 22 7 7
split_gain=1.05938e+07 4.47343e+06 5.54101e+06 3.99062e+06 3.17268e+06 3.1151e+06 2.90116e+06 2.51178e+06 3.46196e+06 2.55837e+06 2.4279e+06 3.25123e+06 4.59341e+06 2.50635e+06
threshold=0.55642431974411022 11187.881347656252 11204.002441406252 12733.312011718752 11204.905761718752 11207.812011718752 2538.5000000000005 10776.154296875002 10700.101562500002 12800.455078125002 -0.177777424454689 12085.021484375002 12038.165039062502 11366.160644531252
decision_type=2 2 2 2 2 2 2 2 2 2 2 2 2 2
left_child=1 2 -1 6 5 -3 -2 8 -8 -9 -6 13 -13 -12
right_child=3 4 -4 -5 10 -7 7 9 -10 -11 11 12 -14 -15
leaf_value=0.055654907012708553 -0.035346657991146356 -0.018101407442946808 0.40598650076674014 0.18045893561587154 0.03601152973617934 -0.23352580486677849 -0.14347349933887574 -0.13124989336795173 0.4509196227961273 0.67603306158716081 0.045570391154886106 0.95786425946895026 0.038959608548912943 -0.065258453197783534
leaf_weight=633667 371746 72938 18579 25478 777920 42484 8482 330486 7271 1568 102213 2187 227731 404984
leaf_count=633667 371746 72938 18579 25478 777920 42484 8482 330486 7271 1568 102213 2187 227731 404984
internal_value=1.34667e-06 0.0213741 0.0656401 -0.065482 0.00366566 -0.0974074 -0.0741927 -0.11571 0.130987 -0.127417 0.0113664 -0.014643 0.0477417 -0.0429231
internal_weight=3.02773e+06 2.2827e+06 652246 745031 1.63046e+06 115422 719553 347807 15753 332054 1.51504e+06 737115 229918 507197
internal_count=3027734 2282703 652246 745031 1630457 115422 719553 347807 15753 332054 1515035 737115 229918 507197
is_linear=0
shrinkage=0.02


Tree=23
num_leaves=15
num_cat=0
split_feature=9 7 23 24 24 7 23 0 7 7 23 7 7 7
split_gain=1.01742e+07 4.29629e+06 5.35072e+06 4.19269e+06 3.06487e+06 8.92696e+06 5.80725e+06 2.74788e+06 2.6231e+06 3.51313e+06 3.29102e+06 2.71401e+06 2.52325e+06 4.59375e+06
threshold=0.55642431974411022 11187.881347656252 11187.128906250002 12722.404785156252 12182.797851562502 12204.598144531252 12257.318359375002 1968.5000000000002 10776.154296875002 10700.101562500002 10872.375000000002 10749.717773437502 10974.912109375002 11116.080566406252
decision_type=2 2 2 2 2 2 2 2 2 2 2 2 2 2
left_child=1 2 -1 7 -3 6 -6 -2 9 -9 -10 -11 -12 -14
right_child=3 4 -4 -5 5 -7 -8 8 10 11 12 -13 13 -15
leaf_value=0.04996548067029366 -0.025242828619859443 -0.013467637624938539 0.29282002413921071 0.19212853820870332 0.22397534567497906 0.015513218582837976 0.93951855565696418 -0.13086319254239515 -0.48684884712137882 0.8484881912969775 -0.0033084706494860834 0.1447229597972001 -0.29033953161956799 -0.095943835296834423
leaf_weight=613685 289093 1175462 38561 24675 47947 402045 5003 10762 9340 3400 75776 6151 59480 266354
leaf_count=613685 289093 1175462 38561 24675 47947 402045 5003 10762 9340 3400 75776 6151 59480 266354
internal_value=1.46652e-06 0.0209467 0.0643274 -0.0641721 0.00359244 0.0476658 0.291749 -0.072954 -0.104935 0.116879 -0.115902 0.395879 -0.107263 -0.131438
internal_weight=3.02773e+06 2.2827e+06 652246 745031 1.63046e+06 454995 52950 720356 431263 20313 410950 9551 401610 325834
internal_count=3027734 2282703 652246 745031 1630457 454995 52950 720356 431263 20313 410950 9551 401610 325834
is_linear=0
shrinkage=0.02


Tree=24
num_leaves=15
num_cat=0
split_feature=9 8 24 7 19 19 0 7 7 22 7 7 19 7
split_gain=9.77136e+06 4.28431e+06 4.02671e+06 3.38264e+06 8.21892e+06 4.65963e+06 2.63982e+06 2.52494e+06 3.36831e+06 3.14236e+06 2.57132e+06 2.42219e+06 4.43208e+06 4.87369e+06
threshold=0.55642431974411022 -0.95664271712303151 12722.404785156252 10924.305664062502 10942.862304687502 10920.942871093752 1988.5000000000002 10776.154296875002 10700.101562500002 10870.824218750002 10749.717773437502 10974.912109375002 11017.881347656252 11009.197265625002
decision_type=2 2 2 2 2 2 2 2 2 2 2 2 2 2
left_child=1 -1 6 4 -3 -5 -2 8 -8 -9 -10 -11 13 -13
right_child=2 3 -4 5 -6 -7 7 9 10 11 -12 12 -14 -15
leaf_value=-0.053649717172893831 -0.02511864735487368 0.07405540297314113 0.18828752156988152 -0.21410853544213893 0.61315172818710839 0.025445048055440681 -0.12803780841832149 -0.4778126045374359 0.83133056343551237 -0.0033003649887213124 0.1438070661479684 -0.038060136052042705 -0.1074134913226278 -0.60115362723736421
leaf_weight=274053 291977 234415 24675 33091 11876 1729268 10682 9266 3380 75350 6091 10108 297811 15691
leaf_count=274053 291977 234415 24675 33091 11876 1729268 10682 9266 3380 75350 6091 10108 297811 15691
internal_value=1.54706e-06 0.0205279 -0.0628886 0.0306487 0.100074 0.0209459 -0.0714949 -0.103103 0.115389 -0.113892 0.38979 -0.105428 -0.129207 -0.380636
internal_weight=3.02773e+06 2.2827e+06 745031 2.00865e+06 246291 1.76236e+06 720356 428379 20153 408226 9471 398960 323610 25799
internal_count=3027734 2282703 745031 2008650 246291 1762359 720356 428379 20153 408226 9471 398960 323610 25799
is_linear=0
shrinkage=0.02


Tree=25
num_leaves=15
num_cat=0
split_feature=9 8 24 4 9 20 20 22 25 22 20 4 20 21
split_gain=9.38458e+06 4.13759e+06 3.84839e+06 2.15431e+06 1.86067e+06 1.54732e+06 1.38767e+06 1.40996e+06 1.28157e+06 1.30828e+06 2.67458e+06 6.19362e+06 4.23619e+06 2.13046e+06
threshold=0.54138559103012096 -0.95664271712303151 12722.404785156252 -126.02499771118163 0.83586668968200695 12856.801269531252 10937.603027343752 11374.948730468752 0.095504332333803191 12706.658203125002 12200.195800781252 -123.88499832153319 12358.885253906252 12361.747070312502
decision_type=2 2 2 2 2 2 2 2 2 2 2 2 2 2
left_child=1 -1 3 6 -5 8 -2 -8 9 10 -3 12 -12 -13
right_child=2 5 -4 4 -6 -7 7 -9 -10 -11 11 13 -14 -15
leaf_value=-0.052576763212453761 -0.012584923253392524 0.025340492647427004 0.18452330065286138 -0.04658402927955644 -0.39162747353801125 0.36299231759786948 -0.21643670967986228 -0.08781414187912194 -0.063276746054300476 -0.046160165403976307 0.92362276650681174 0.13716252453461253 0.1572388055620412 0.024430911860918916
leaf_weight=274053 31762 1567962 24675 554267 6313 5566 76623 61449 57989 81750 5841 117386 5701 156397
leaf_count=274053 31762 1567962 24675 554267 6313 5566 76623 61449 57989 81750 5841 117386 5701 156397
internal_value=1.53044e-06 0.0202976 -0.0610845 -0.0693841 -0.0504767 0.0302906 -0.131786 -0.159204 0.0293596 0.0321361 0.03559 0.0919118 0.545544 0.0727685
internal_weight=3.02773e+06 2.27264e+06 755089 730414 560580 1.99859e+06 169834 138072 1.99303e+06 1.93504e+06 1.85329e+06 285325 11542 273783
internal_count=3027734 2272645 755089 730414 560580 1998592 169834 138072 1993026 1935037 1853287 285325 11542 273783
is_linear=0
shrinkage=0.02


Tree=26
num_leaves=15
num_cat=0
split_feature=4 20 23 21 4 8 4 24 8 20 21 21 20 17
split_gain=8.58686e+06 3.05316e+06 2.10826e+06 3.31332e+06 1.97014e+06 1.55249e+06 1.52288e+06 1.96187e+06 2.99036e+06 3.30984e+06 1.72851e+06 1.62266e+06 1.45413e+06 1.40364e+06
threshold=18.804999351501468 12856.801269531252 11605.034667968752 11744.496582031252 -272.63999938964838 -0.62102523446083058 -93.874999999999986 11068.486328125002 -0.91849520802497853 11003.799804687502 11046.016601562502 11060.798828125002 12856.801269531252 0.19968368113040927
decision_type=2 2 2 2 2 2 2 2 2 2 2 2 2 2
left_child=1 2 4 -4 -1 -2 7 8 9 -6 -11 -10 13 -7
right_child=5 -3 3 -5 6 12 -8 -9 11 10 -12 -13 -14 -15
leaf_value=-0.36012902474200942 0.49610145024160157 0.40344773499457393 0.20510337334181963 -0.01568409625205008 0.038931653605814055 0.12275597006345315 -0.031369995711445643 -0.12197712432737655 -0.1022019342004097 0.96150679964693797 0.28760322433526148 0.3854993903096659 0.35574548220446323 0.02796706077057309
leaf_weight=8280 2896 6372 28593 549490 33954 65370 604845 210877 88477 2349 4332 2806 5566 1413527
leaf_count=8280 2896 6372 28593 549490 33954 65370 604845 210877 88477 2349 4332 2806 5566 1413527
internal_value=1.55906e-06 -0.0330949 -0.0349109 -0.00476017 -0.0531439 0.0342777 -0.0504579 -0.0841355 -0.0236391 0.119062 0.52563 -0.0871694 0.0333734 0.0321577
internal_weight=3.02773e+06 1.54038e+06 1.534e+06 578083 955920 1.48736e+06 947640 342795 131918 40635 6681 91283 1.48446e+06 1.4789e+06
internal_count=3027734 1540375 1534003 578083 955920 1487359 947640 342795 131918 40635 6681 91283 1484463 1478897
is_linear=0
shrinkage=0.02


Tree=27
num_leaves=15
num_cat=0
split_feature=4 7 19 19 20 22 19 7 22 7 7 8 8 19
split_gain=8.2468e+06 4.27859e+06 7.33214e+06 4.3023e+06 2.93242e+06 2.15793e+06 2.07492e+06 3.77752e+06 1.21995e+07 3.22109e+06 2.4246e+06 2.06379e+06 2.00068e+06 2.32502e+06
threshold=18.804999351501468 10924.305664062502 10942.862304687502 10920.942871093752 12856.801269531252 10967.567382812502 11593.860351562502 11219.845703125002 11201.348632812502 11751.335449218752 11241.262207031252 0.4720101952552796 -0.88782846927642811 11002.951660156252
decision_type=2 2 2 2 2 2 2 2 2 2 2 2 2 2
left_child=4 2 -2 -3 6 -4 7 12 10 -8 -9 -5 13 -1
right_child=1 3 5 11 -6 -7 9 8 -10 -11 -12 -13 -14 -15
leaf_value=0.022186296208366697 0.092047480880359855 -0.20717040685928026 0.80185375217181798 0.35153650657107505 0.39539142070966937 0.21910068900472165 0.19967895705270663 -0.396666243426326 -0.075039561650268385 -0.015173435517935339 -0.83457359692841149 0.024987324272847548 -0.037761922747680796 0.3106309786551818
leaf_weight=76098 162638 32169 7819 7779 6372 3778 29405 12760 313999 546037 8411 1273176 534200 13093
leaf_count=76098 162638 32169 7819 7779 6372 3778 29405 12760 313999 546037 8411 1273176 534200 13093
internal_value=1.70397e-06 0.0335923 0.126713 0.0212355 -0.0324328 0.612362 -0.0342125 -0.0522346 -0.10638 -0.0041912 -0.570955 0.0269731 -0.0231216 0.0645595
internal_weight=3.02773e+06 1.48736e+06 174235 1.31312e+06 1.54038e+06 11597 1.534e+06 958561 335170 575442 21171 1.28096e+06 623391 89191
internal_count=3027734 1487359 174235 1313124 1540375 11597 1534003 958561 335170 575442 21171 1280955 623391 89191
is_linear=0
shrinkage=0.02


Tree=28
num_leaves=15
num_cat=0
split_feature=4 7 19 19 20 22 19 7 22 7 7 7 4 7
split_gain=7.92028e+06 4.10926e+06 7.04227e+06 4.13198e+06 2.81647e+06 2.07254e+06 1.99278e+06 3.62801e+06 1.1717e+07 3.09357e+06 2.32874e+06 1.76005e+06 1.63554e+06 1.53592e+06
threshold=18.804999351501468 10924.305664062502 10942.862304687502 10920.942871093752 12856.801269531252 10967.567382812502 11593.860351562502 11219.845703125002 11201.348632812502 11751.335449218752 11241.262207031252 11406.933593750002 -249.54499816894528 10944.537597656252
decision_type=2 2 2 2 2 2 2 2 2 2 2 2 2 2
left_child=4 2 -2 -3 6 -4 7 12 10 -8 -9 -10 -1 -5
right_child=1 3 5 13 -6 -7 9 8 11 -11 -12 -13 -14 -15
leaf_value=-0.4380816006164695 0.090206640871139193 -0.20302828301858242 0.78583716009801319 0.18119732125636009 0.38749598504981864 0.21473024182652498 0.19568673404569523 -0.38873913196695115 -0.042027384202748055 -0.01486997268639088 -0.81790196667628057 -0.14469549411738866 -0.020132484569343002 0.023334487370850969
leaf_weight=3758 162638 32169 7819 25137 6372 3778 29405 12760 217636 546037 8411 96363 619633 1255818
leaf_count=3758 162638 32169 7819 25137 6372 3778 29405 12760 217636 546037 8411 96363 619633 1255818
internal_value=1.72588e-06 0.0329206 0.12418 0.0208108 -0.0317842 0.600132 -0.0335283 -0.0511901 -0.104253 -0.00410731 -0.559547 -0.0735388 -0.022659 0.0264337
internal_weight=3.02773e+06 1.48736e+06 174235 1.31312e+06 1.54038e+06 11597 1.534e+06 958561 335170 575442 21171 313999 623391 1.28096e+06
internal_count=3027734 1487359 174235 1313124 1540375 11597 1534003 958561 335170 575442 21171 313999 623391 1280955
is_linear=0
shrinkage=0.02


Tree=29
num_leaves=15
num_cat=0
split_feature=4 7 23 23 7 0 24 7 24 7 23 0 23 7
split_gain=7.60672e+06 3.94663e+06 5.1914e+06 3.40536e+06 4.64413e+06 2.82455e+06 2.67494e+06 3.18237e+06 7.61124e+06 3.01596e+06 9.5849e+06 2.63419e+06 2.31434e+06 3.56887e+06
threshold=18.804999351501468 10924.305664062502 10872.375000000002 10944.481933593752 11004.940917968752 2498.5000000000005 11611.865234375002 11004.940917968752 11028.633789062502 11222.835937500002 11200.897949218752 1968.5000000000002 11123.269042968752 10998.491210937502
decision_type=2 2 2 2 2 2 2 2 2 2 2 2 2 2
left_child=5 2 -2 4 -3 -1 7 12 -9 -10 -11 -4 13 -7
right_child=1 3 11 -5 -6 6 -8 8 9 10 -12 -13 -14 -15
leaf_value=-0.0081239903076135243 0.065663005643255418 -0.094992823732348894 0.0862724798251224 0.027590739958875926 -1.1588656469683147 -0.016720964909656185 -0.007105427607776966 -0.53365262415679837 -0.017359761223867259 -0.62019285935218027 -0.10649404908071755 0.45133610291742621 -0.22065000352517891 0.41111209647714092
leaf_weight=894130 137916 60752 11639 1250695 1677 125679 223830 17805 95474 16217 138912 24680 20023 8305
leaf_count=894130 137916 60752 11639 1250695 1677 125679 223830 17805 95474 16217 138912 24680 20023 8305
internal_value=1.67853e-06 0.0322624 0.121697 0.0203946 -0.123752 -0.0311487 -0.0630045 -0.0926234 -0.134204 -0.105804 -0.160232 0.334402 -0.0201505 0.00982683
internal_weight=3.02773e+06 1.48736e+06 174235 1.31312e+06 62429 1.54038e+06 646245 422415 268408 250603 155129 36319 154007 133984
internal_count=3027734 1487359 174235 1313124 62429 1540375 646245 422415 268408 250603 155129 36319 154007 133984
is_linear=0
shrinkage=0.02


Tree=30
num_leaves=15
num_cat=0
split_feature=4 0 21 19 23 21 21 4 21 19 25 23 24 19
split_gain=7.3055e+06 2.71273e+06 2.59572e+06 1.84867e+06 1.84822e+06 1.70482e+06 1.98893e+06 1.57195e+06 4.83335e+06 3.54319e+06 2.43343e+06 1.46014e+06 1.458e+06 1.42457e+06
threshold=18.804999351501468 2498.5000000000005 12800.455078125002 11876.418945312502 12733.312011718752 11548.607910156252 11744.496582031252 -170.77500152587888 12154.277832031252 12386.723632812502 0.059205520898103721 12733.312011718752 12814.395507812502 13255.445312500002
decision_type=2 2 2 2 2 2 2 2 2 2 2 2 2 2
left_child=1 -1 5 -4 -5 -3 -7 8 -8 10 -10 -11 -6 -2
right_child=13 2 3 4 12 6 7 -9 9 11 -12 -13 -14 -15
leaf_value=-0.0079615127806843596 0.032570432153779576 -0.091005778948117108 0.71942732531197229 0.77045500268981981 -0.17158219721647427 0.18792924332173078 -0.16448327358618298 -0.067631896356014673 0.22671857057599926 0.014015809972305051 0.91293701291581331 0.94209557278951017 0.32678496088337461 -0.37014164345414041
leaf_weight=894130 1483847 420480 2342 1447 6481 16709 18058 156348 3799 11655 4547 710 3669 3512
leaf_count=894130 1483847 420480 2342 1447 6481 16709 18058 156348 3799 11655 4547 710 3669 3512
internal_value=1.52956e-06 -0.0305258 -0.0617447 0.208127 0.104338 -0.0676972 -0.0214268 -0.039364 0.0746225 0.283079 0.601226 0.0680261 0.00870884 0.031617
internal_weight=3.02773e+06 1.54038e+06 646245 13939 11597 632306 211826 195117 38769 20711 8346 12365 10150 1.48736e+06
internal_count=3027734 1540375 646245 13939 11597 632306 211826 195117 38769 20711 8346 12365 10150 1487359
is_linear=0
shrinkage=0.02


Tree=31
num_leaves=15
num_cat=0
split_feature=9 8 24 17 19 22 17 19 16 19 21 24 9 9
split_gain=7.97259e+06 3.50891e+06 3.37725e+06 1.99668e+06 1.71489e+06 1.91844e+06 1.57257e+06 1.40353e+06 1.25058e+06 1.2168e+06 3.28994e+06 2.81078e+06 3.63992e+06 1.96255e+06
threshold=0.54138559103012096 -0.95664271712303151 12722.404785156252 0.1529808044433594 13255.445312500002 12783.712402343752 0.40424963831901556 11724.755371093752 -18.100000381469723 12186.732421875002 12361.747070312502 12275.170898437502 -0.44019870460033411 -0.56450200080871571
decision_type=2 2 2 2 2 2 2 2 2 2 2 2 2 2
left_child=1 -1 6 -3 9 -6 -2 -4 -8 -5 11 13 -13 -11
right_child=2 3 7 4 5 -7 8 -9 -10 10 -12 12 -14 -15
leaf_value=-0.048401277545652044 -0.037362747070736835 0.15632059842463028 0.80584941850389757 0.018106876084462195 0.216359893227658 -0.63895521675741629 -0.0047300183826688141 0.13772660889287922 -0.11281844582507217 -0.055459267077301519 0.01507423307736099 0.12759774708479477 0.58953620254990302 0.14529788155432599
leaf_weight=274053 399448 47281 1320 1580071 1563 3154 50533 23355 280433 26772 240109 16647 11561 71434
leaf_count=274053 399448 47281 1320 1580071 1563 3154 50533 23355 280433 26772 240109 16647 11561 71434
internal_value=1.71427e-06 0.0187087 -0.0563016 0.0279113 0.0247991 -0.35568 -0.0640766 0.173781 -0.0963158 0.0257229 0.0585539 0.141131 0.317065 0.0905691
internal_weight=3.02773e+06 2.27264e+06 755089 1.99859e+06 1.95131e+06 4717 730414 24675 330966 1.94659e+06 366523 126414 28208 98206
internal_count=3027734 2272645 755089 1998592 1951311 4717 730414 24675 330966 1946594 366523 126414 28208 98206
is_linear=0
shrinkage=0.02


Tree=32
num_leaves=15
num_cat=0
split_feature=9 7 21 24 19 8 7 7 7 7 7 4 7 24
split_gain=7.65842e+06 3.74852e+06 5.1882e+06 3.2596e+06 3.14755e+06 3.88117e+06 2.99314e+06 2.16024e+06 3.28973e+06 2.51002e+06 2.31117e+06 2.29011e+06 2.91046e+06 4.58302e+06
threshold=0.55642431974411022 11187.881347656252 11204.002441406252 12722.404785156252 11204.905761718752 -0.9504232108592986 11207.812011718752 10764.450683593752 10700.101562500002 10857.858886718752 10749.717773437502 -126.02499771118163 10972.324707031252 11156.706054687502
decision_type=2 2 2 2 2 2 2 2 2 2 2 2 2 2
left_child=1 2 -1 7 6 -6 -3 8 -2 -9 -10 12 -11 -14
right_child=3 4 -4 -5 5 -7 -8 9 10 11 -12 -13 13 -15
leaf_value=0.04903284015788402 -0.072941491554552054 -0.020969873528243945 0.3880271342599203 0.17031296179149713 -0.061048517091925145 0.024130958063009321 -0.2321356331153932 -0.27120808336266106 0.62529928201657481 0.029874974497833981 0.09269090035693496 -0.042959230198710445 -0.44174196840386815 -0.11982602704015632
leaf_weight=633667 18607 72938 18579 24675 257846 1257189 42484 24125 6091 35126 7005 507979 21489 99934
leaf_count=633667 18607 72938 18579 24675 257846 1257189 42484 24125 6091 35126 7005 507979 21489 99934
internal_value=1.76678e-06 0.0181738 0.0586948 -0.0556751 0.00196358 0.00963382 -0.0987083 -0.0634184 0.0979796 -0.0708499 0.340699 -0.0635721 -0.130451 -0.176829
internal_weight=3.02773e+06 2.2827e+06 652246 745031 1.63046e+06 1.51504e+06 115422 720356 31703 688653 13096 664528 156549 121423
internal_count=3027734 2282703 652246 745031 1630457 1515035 115422 720356 31703 688653 13096 664528 156549 121423
is_linear=0
shrinkage=0.02


Tree=33
num_leaves=15
num_cat=0
split_feature=9 7 21 24 8 24 7 21 7 21 4 21 7 0
split_gain=7.35686e+06 3.58969e+06 4.97966e+06 3.11565e+06 2.94059e+06 3.27038e+06 2.61677e+06 1.46326e+07 3.3572e+06 4.30058e+06 2.58224e+06 3.35921e+06 4.28693e+06 2.22156e+06
threshold=0.54138559103012096 11187.881347656252 11204.002441406252 12722.404785156252 -0.95236524939537037 11259.681152343752 11392.124023437502 11415.674316406252 11592.387695312502 11614.302246093752 -58.795000076293938 12127.574707031252 12215.043457031252 1968.5000000000002
decision_type=2 2 2 2 2 2 2 2 2 2 2 2 2 2
left_child=1 2 -1 13 -3 -6 7 -7 9 -8 11 -10 -13 -2
right_child=3 4 -4 -5 5 6 8 -9 10 -11 -12 12 -14 -15
leaf_value=0.048151708247964907 -0.019053936231419918 -0.060982487278832424 0.38027076561572992 0.16690808038908445 -0.065271118116449117 0.057479163203177433 -0.049814737911571101 0.95211548090135201 0.028629979539299501 -0.68164713026730794 0.020402161170175334 0.6655051034411309 0.14736810054584668 -0.09017938383738909
leaf_weight=632679 293997 250389 18579 24675 182509 134046 167442 7725 40993 4413 803928 9231 20711 436417
leaf_count=632679 293997 250389 18579 24675 182509 134046 167442 7725 40993 4413 803928 9231 20711 436417
internal_value=1.73915e-06 0.0179719 0.0576321 -0.0540837 0.0020414 0.013552 0.0256568 0.106291 0.0147345 -0.0660782 0.0306097 0.146275 0.307277 -0.0615515
internal_weight=3.02773e+06 2.27264e+06 651258 755089 1.62139e+06 1.371e+06 1.18849e+06 141771 1.04672e+06 171855 874863 70935 29942 730414
internal_count=3027734 2272645 651258 755089 1621387 1370998 1188489 141771 1046718 171855 874863 70935 29942 730414
is_linear=0
shrinkage=0.02


Tree=34
num_leaves=15
num_cat=0
split_feature=8 7 19 7 20 22 7 0 8 7 7 7 24 7
split_gain=6.118e+06 3.01112e+06 5.51678e+06 4.36486e+06 3.13515e+06 2.98172e+06 4.07546e+06 2.65634e+06 2.85763e+06 2.37041e+06 4.14536e+06 3.49132e+06 7.13847e+06 2.51482e+06
threshold=-0.70585528016090382 10944.537597656252 10950.445312500002 10920.012207031252 12856.801269531252 10935.114746093752 11004.940917968752 2538.5000000000005 -0.77272132039070118 10974.912109375002 11116.080566406252 11230.407226562502 11215.781738281252 11009.197265625002
decision_type=2 2 2 2 2 2 2 2 2 2 2 2 2 2
left_child=7 2 -2 -4 5 6 -3 -1 -9 -10 13 -12 -13 -11
right_child=1 4 3 -5 -6 -7 -8 8 9 10 11 12 -14 -15
leaf_value=-0.0061763873843469598 0.055466634124150913 -0.12048600023886687 0.86270934584008274 0.22951776334160395 0.35830264337186229 0.015176604406714993 -1.162496071885569 -0.032530611912428967 -0.019395707612189304 -0.22293986484503422 -0.018248679977926782 -0.61412582169608443 -0.083287565292033808 -0.5815695027466018
leaf_weight=626012 217065 37079 5496 20892 10443 1523957 1555 376443 60596 19478 67098 14404 34132 13084
leaf_count=626012 217065 37079 5496 20892 10443 1523957 1555 376443 60596 19478 67098 14404 34132 13084
internal_value=1.8038e-06 0.0232172 0.0886702 0.361674 0.0130867 0.0107773 -0.162717 -0.0348138 -0.0654458 -0.124786 -0.167875 -0.111725 -0.240919 -0.367179
internal_weight=3.02773e+06 1.81649e+06 243453 26388 1.57303e+06 1.56259e+06 38634 1.21125e+06 585235 208792 148196 115634 48536 32562
internal_count=3027734 1816487 243453 26388 1573034 1562591 38634 1211247 585235 208792 148196 115634 48536 32562
is_linear=0
shrinkage=0.02


Tree=35
num_leaves=15
num_cat=0
split_feature=4 20 0 17 8 8 20 8 24 20 8 20 19 24
split_gain=6.13026e+06 2.37986e+06 2.70108e+06 2.39302e+06 1.74698e+06 2.02398e+06 1.59236e+06 2.32431e+06 1.69691e+06 2.17835e+06 1.45263e+06 1.34504e+06 1.46752e+06 2.84987e+06
threshold=18.804999351501468 12856.801269531252 2677.5000000000005 0.20970933139324191 -0.80981627106666554 -0.96539688110351551 12106.693847656252 -0.86513796448707569 12371.092285156252 12240.664062500002 -0.62102523446083058 12856.801269531252 12821.599609375002 12781.143066406252
decision_type=2 2 2 2 2 2 2 2 2 2 2 2 2 2
left_child=1 2 -1 -4 5 -5 -7 8 9 -8 -2 12 -12 -14
right_child=10 -3 3 4 -6 6 7 -9 -10 -11 11 -13 13 -15
leaf_value=-0.0084312793243855703 0.47568655407026572 0.35745115681803269 0.1031118818134259 -0.10622572797448458 -0.10519655494975044 -0.02661896333364739 0.14721489836203561 -0.073759835419617656 0.12042933284149611 0.79650666418508376 0.028019338020377517 0.3381318362615201 0.22849695677893142 -0.78358213651856834
leaf_weight=938703 2896 6372 32812 97938 302978 122242 4116 15225 15836 4153 1474407 5566 1998 2492
leaf_count=938703 2896 6372 32812 97938 302978 122242 4116 15225 15836 4153 1474407 5566 1998 2492
internal_value=1.67815e-06 -0.0279626 -0.0295659 -0.0628914 -0.0725767 -0.0344904 0.00899628 0.119672 0.241826 0.473884 0.0289627 0.028088 0.0269189 -0.333707
internal_weight=3.02773e+06 1.54038e+06 1.534e+06 595300 562488 259510 161572 39330 24105 8269 1.48736e+06 1.48446e+06 1.4789e+06 4490
internal_count=3027734 1540375 1534003 595300 562488 259510 161572 39330 24105 8269 1487359 1484463 1478897 4490
is_linear=0
shrinkage=0.02


Tree=36
num_leaves=15
num_cat=0
split_feature=4 20 0 8 8 23 20 8 8 20 21 20 21 20
split_gain=5.88748e+06 2.28575e+06 2.5958e+06 1.98413e+06 1.88459e+06 1.48138e+06 2.38437e+06 1.47277e+06 1.41617e+06 4.53048e+06 2.79421e+06 2.51691e+06 1.44228e+06 1.95102e+06
threshold=18.804999351501468 12856.801269531252 2479.5000000000005 -0.77272132039070118 -0.96539688110351551 10765.834472656252 10833.847656250002 -0.71333315968513478 -0.84785553812980641 12106.693847656252 12361.747070312502 12240.664062500002 12707.340332031252 12214.590332031252
decision_type=2 2 2 2 2 2 2 2 2 2 2 2 2 2
left_child=1 2 -1 4 -4 -5 -7 -8 9 -6 11 -11 13 -10
right_child=-2 -3 3 5 8 6 7 -9 12 10 -12 -13 -14 -15
leaf_value=-0.0067488232830284611 0.028383534013594915 0.35031333838509227 -0.099288174688297703 0.090761356713503605 -0.016605968503832752 -0.64040141706092624 -0.13497535485772358 -0.021748317347522094 -0.017100108177260213 0.17918431302337254 0.10647709665882006 0.76855560437292936 0.47687332232353891 -0.20987486913179529
leaf_weight=886816 1487359 6372 112910 15033 127801 3381 181704 61510 83325 5392 19802 6277 1985 28067
leaf_count=886816 1487359 6372 112910 15033 127801 3381 181704 61510 83325 5392 19802 6277 1985 28067
internal_value=1.74356e-06 -0.0274032 -0.0289745 -0.0594288 -0.0305807 -0.101939 -0.11369 -0.106342 -0.00212474 0.0363317 0.251244 0.496608 -0.0561469 -0.0656875
internal_weight=3.02773e+06 1.54038e+06 1.534e+06 647187 385559 261628 246595 243214 272649 159272 31471 11669 113377 111392
internal_count=3027734 1540375 1534003 647187 385559 261628 246595 243214 272649 159272 31471 11669 113377 111392
is_linear=0
shrinkage=0.02


Tree=37
num_leaves=15
num_cat=0
split_feature=9 7 23 19 7 20 20 7 4 7 20 21 7 20
split_gain=6.41986e+06 3.38047e+06 4.89312e+06 2.98053e+06 2.8785e+06 2.66108e+06 2.14763e+06 1.04891e+07 4.40127e+06 2.70396e+06 7.69056e+06 3.4428e+06 4.33965e+06 8.58711e+06
threshold=0.55642431974411022 11187.881347656252 11187.128906250002 11204.905761718752 11207.812011718752 12766.316406250002 12200.195800781252 12204.598144531252 -123.88499832153319 11368.682128906252 11407.881347656252 11394.105468750002 11392.124023437502 11433.329589843752
decision_type=2 2 2 2 2 2 2 2 2 2 2 2 2 2
left_child=1 2 -1 4 -3 -2 9 8 -8 10 -5 -11 13 -13
right_child=5 3 -4 6 -6 -7 7 -9 -10 11 -12 12 -14 -15
leaf_value=0.041385985289549579 -0.058238342827412033 -0.020483663298520388 0.27362333792864418 0.039920319398364608 -0.22756599349669318 0.14569584846182831 0.84090628534525469 0.012971962066269469 0.25758102697056134 -0.14388719119900359 0.86013038489618066 0.077386916947317849 -0.016502663858083574 1.1361777250720593
leaf_weight=613685 718501 72938 38561 201269 42484 26530 5956 397349 39148 83808 4669 15458 763566 3812
leaf_count=613685 718501 72938 38561 201269 42484 26530 5956 397349 39148 83808 4669 15458 763566 3812
internal_value=1.76514e-06 0.0166396 0.0551199 0.00124573 -0.0967189 -0.0509745 0.00870971 0.0457841 0.334779 -0.00658419 0.058557 -0.022064 -0.0090203 0.287319
internal_weight=3.02773e+06 2.2827e+06 652246 1.63046e+06 115422 745031 1.51504e+06 442453 45104 1.07258e+06 205938 866644 782836 19270
internal_count=3027734 2282703 652246 1630457 115422 745031 1515035 442453 45104 1072582 205938 866644 782836 19270
is_linear=0
shrinkage=0.02


Tree=38
num_leaves=15
num_cat=0
split_feature=9 7 22 24 24 7 22 7 7 7 7 7 7 7
split_gain=6.16568e+06 3.24658e+06 4.6559e+06 2.73326e+06 2.43727e+06 7.56372e+06 4.30036e+06 2.01437e+06 3.15377e+06 2.42673e+06 2.21702e+06 2.19509e+06 4.1062e+06 5.9971e+06
threshold=0.55642431974411022 11187.881347656252 11186.784179687502 12722.404785156252 12182.797851562502 12204.598144531252 12256.953613281252 10764.450683593752 10700.101562500002 10857.858886718752 10749.717773437502 10974.912109375002 11116.080566406252 11017.359375000002
decision_type=2 2 2 2 2 2 2 2 2 2 2 2 2 2
left_child=1 2 -1 7 -3 6 -6 8 -2 -9 -10 -11 13 -13
right_child=3 4 -4 -5 5 -7 -8 9 10 11 -12 12 -14 -15
leaf_value=0.040584959621639376 -0.068545677639347061 -0.013992240391419161 0.26659104194204764 0.15698464300670523 0.20681500483519538 0.010928037825109484 0.82208260245647913 -0.26122737963677806 0.61520153491660878 0.020404054421110287 0.093548686416318513 -0.080720239977347369 -0.049898330119143249 -0.42803749210133341
leaf_weight=613491 18607 1175462 38755 24675 47938 402045 5012 24125 6091 119899 7005 58588 455942 30099
leaf_count=613491 18607 1175462 38755 24675 47938 402045 5012 24125 6091 119899 7005 58588 455942 30099
internal_value=1.94299e-06 0.0163071 0.0540176 -0.049955 0.00122117 0.0405239 0.265198 -0.0570456 0.0988072 -0.0642218 0.336457 -0.0570659 -0.0741209 -0.19863
internal_weight=3.02773e+06 2.2827e+06 652246 745031 1.63046e+06 454995 52950 720356 31703 688653 13096 664528 544629 88687
internal_count=3027734 2282703 652246 745031 1630457 454995 52950 720356 31703 688653 13096 664528 544629 88687
is_linear=0
shrinkage=0.02


Tree=39
num_leaves=15
num_cat=0
split_feature=9 7 23 19 8 7 24 7 19 19 7 4 23 7
split_gain=5.92216e+06 3.11046e+06 4.50407e+06 2.85104e+06 3.28934e+06 2.7645e+06 2.6127e+06 1.90069e+06 5.51641e+06 5.23736e+06 2.45229e+06 3.1013e+06 2.13287e+06 2.79951e+06
threshold=0.54138559103012096 11187.881347656252 11187.128906250002 11204.905761718752 -0.9504232108592986 11207.812011718752 12722.404785156252 10907.572265625002 10920.942871093752 10942.862304687502 10944.537597656252 -60.31500053405761 11020.367675781252 11056.972167968752
decision_type=2 2 2 2 2 2 2 2 2 2 2 2 2 2
left_child=1 2 7 5 -5 -3 -2 9 -9 -1 -10 -12 13 -13
right_child=6 3 -4 4 -6 -7 -8 8 10 -11 11 12 -14 -15
leaf_value=0.073870531399781766 -0.055362583357615021 -0.019794239049050682 0.26297680053595768 -0.056392166530406095 0.022072814502646455 -0.22274639274651215 0.15384622047638893 -0.17472639435809129 0.18308931641807116 0.9025356121359327 0.33077559301283727 -0.035445156627115462 0.063041997621910387 -0.65330450615451185
leaf_weight=229588 730414 72938 38455 257846 1248127 42476 24675 54091 43513 3082 12414 130234 136890 2991
leaf_count=229588 730414 72938 38455 257846 1248127 42476 24675 54091 43513 3082 12414 130234 136890 2991
internal_value=1.992e-06 0.016125 0.0530431 0.00129593 0.00863809 -0.0945 -0.048524 0.0398651 0.0123075 0.0848856 0.0433413 0.0218126 0.00760138 -0.0493647
internal_weight=3.02773e+06 2.27264e+06 651258 1.62139e+06 1.50597e+06 115414 755089 612803 380133 232670 326042 282529 270115 133225
internal_count=3027734 2272645 651258 1621387 1505973 115414 755089 612803 380133 232670 326042 282529 270115 133225
is_linear=0
shrinkage=0.02


Tree=40
num_leaves=15
num_cat=0
split_feature=9 7 21 19 8 7 24 7 7 25 7 0 21 7
split_gain=5.68954e+06 2.9942e+06 4.40178e+06 2.73225e+06 3.14116e+06 2.65531e+06 2.5214e+06 1.9347e+06 3.02905e+06 2.7053e+06 2.3307e+06 2.15546e+06 2.20886e+06 2.13093e+06
threshold=0.55642431974411022 11187.881347656252 11204.002441406252 11204.905761718752 -0.9504232108592986 11207.812011718752 12722.404785156252 10764.450683593752 10700.101562500002 0.032754821702837951 10857.858886718752 2717.5000000000005 12800.455078125002 10793.567871093752
decision_type=2 2 2 2 2 2 2 2 2 2 2 2 2 2
left_child=1 2 -1 5 -5 -3 7 8 -2 -10 13 -12 -13 -9
right_child=6 3 -4 4 -6 -7 -8 10 9 -11 11 12 -14 -15
leaf_value=0.042980516634089201 -0.066068843289157686 -0.019398409425202112 0.35522757346183986 -0.055264366981153494 0.021365617086155256 -0.21829043945141036 0.15077054351836564 -0.1359818239510899 0.0061281646446541436 0.58512982475971487 -0.021889627106085299 -0.098326685946089579 0.61656022813828804 -0.55215286764717408
leaf_weight=633667 18607 72938 18579 257846 1257189 42484 24675 17242 5756 7340 362017 300782 1729 6883
leaf_count=633667 18607 72938 18579 257846 1257189 42484 24675 17242 5756 7340 362017 300782 1729 6883
internal_value=2.0031e-06 0.0156649 0.0518801 0.00117722 0.00832356 -0.0926184 -0.0479872 -0.0547975 0.097942 0.330845 -0.0618304 -0.0548175 -0.0942204 -0.254898
internal_weight=3.02773e+06 2.2827e+06 652246 1.63046e+06 1.51504e+06 115422 745031 720356 31703 13096 688653 664528 302511 24125
internal_count=3027734 2282703 652246 1630457 1515035 115422 745031 720356 31703 13096 688653 664528 302511 24125
is_linear=0
shrinkage=0.02


Tree=41
num_leaves=15
num_cat=0
split_feature=4 7 22 22 7 4 23 7 22 7 7 7 7 7
split_gain=4.96565e+06 3.41453e+06 4.83257e+06 3.39869e+06 4.02381e+06 1.77916e+06 1.74323e+06 3.3945e+06 1.01814e+07 3.01798e+06 2.08017e+06 1.72446e+06 1.50353e+06 1.43868e+06
threshold=18.804999351501468 10924.305664062502 10870.824218750002 10935.114746093752 11004.940917968752 43.295000076293952 11605.034667968752 11219.845703125002 11201.348632812502 11751.335449218752 11241.262207031252 11517.458007812502 10974.912109375002 10870.473144531252
decision_type=2 2 2 2 2 2 2 2 2 2 2 2 2 2
left_child=6 2 13 4 12 -4 7 -1 10 -8 -9 -10 -3 -2
right_child=1 3 5 -5 -6 -7 9 8 11 -11 -12 -13 -14 -15
leaf_value=-0.014282952767150142 0.072510565195866628 -0.060173535765991354 0.025317288247643052 0.021816984963419845 -1.1470239573220413 0.3761633890572329 0.19997798787878418 -0.35629138034181856 -0.058591039317711209 -0.0083911017515551946 -0.76187607070978114 -0.43713011160669601 -0.3354817376655887 -0.172705130547569
leaf_weight=623501 126215 44790 7133 1257173 1526 30541 29260 12760 306367 555195 8411 4881 9635 10346
leaf_count=623501 126215 44790 7133 1257173 1526 30541 29260 12760 306367 555195 8411 4881 9635 10346
internal_value=2.00322e-06 0.0260673 0.109255 0.0150286 -0.137477 0.309761 -0.0251662 -0.0418024 -0.0934173 0.00204384 -0.51771 -0.0645412 -0.108965 0.0539213
internal_weight=3.02773e+06 1.48736e+06 174235 1.31312e+06 55951 37674 1.54038e+06 955920 332419 584455 21171 311248 54425 136561
internal_count=3027734 1487359 174235 1313124 55951 37674 1540375 955920 332419 584455 21171 311248 54425 136561
is_linear=0
shrinkage=0.02


Tree=42
num_leaves=15
num_cat=0
split_feature=4 7 23 22 7 0 0 17 0 7 7 23 7 22
split_gain=4.76901e+06 3.27935e+06 4.64254e+06 3.26433e+06 3.86559e+06 2.39747e+06 2.05633e+06 2.29831e+06 1.84444e+06 2.90355e+06 1.44406e+06 1.42363e+06 2.62255e+06 6.54456e+06
threshold=18.804999351501468 10924.305664062502 10872.375000000002 10935.114746093752 11004.940917968752 1988.5000000000002 2717.5000000000005 0.24463218450546267 3900.5000000000005 10870.473144531252 10974.912109375002 11543.820800781252 11004.940917968752 11036.604492187502
decision_type=2 2 2 2 2 2 2 2 2 2 2 2 2 2
left_child=6 2 8 4 10 -4 -1 -8 9 -2 -3 12 -9 -14
right_child=1 3 5 -5 -6 -7 7 11 -10 -11 -12 -13 13 -15
leaf_value=-0.0064861327275605868 0.038228553503664067 -0.058970331947096208 0.073689958922667498 0.021380649193050761 -1.1242328409850597 0.42080977141531362 0.070033220568936377 -0.017325038876722505 0.16722247743204618 -0.37303073168418693 -0.32877905840086408 -0.020628975758811438 -0.52462497629300631 -0.10131768395523626
leaf_weight=951592 89852 44790 11786 1257173 1526 24533 54212 127920 40639 7425 9635 179039 15682 211930
leaf_count=951592 89852 44790 11786 1257173 1526 24533 54212 127920 40639 7425 9635 179039 15682 211930
internal_value=1.78682e-06 0.0255458 0.10707 0.0147278 -0.134733 0.308217 -0.0246631 -0.05404 0.0540814 0.00680246 -0.106787 -0.0666236 -0.0897844 -0.130505
internal_weight=3.02773e+06 1.48736e+06 174235 1.31312e+06 55951 36319 1.54038e+06 588783 137916 97277 54425 534571 355532 227612
internal_count=3027734 1487359 174235 1313124 55951 36319 1540375 588783 137916 97277 54425 534571 355532 227612
is_linear=0
shrinkage=0.02


Tree=43
num_leaves=15
num_cat=0
split_feature=9 7 23 19 8 7 24 7 7 7 7 7 7 7
split_gain=5.20246e+06 2.78234e+06 4.21429e+06 2.6592e+06 2.91572e+06 2.5483e+06 2.38972e+06 1.80217e+06 2.7482e+06 2.26873e+06 2.23514e+06 2.0466e+06 2.03386e+06 3.92499e+06
threshold=0.54138559103012096 11187.881347656252 11188.901855468752 11204.905761718752 -0.9504232108592986 11207.812011718752 12722.404785156252 10764.450683593752 10700.101562500002 10857.858886718752 10749.717773437502 10793.567871093752 10974.912109375002 11116.080566406252
decision_type=2 2 2 2 2 2 2 2 2 2 2 2 2 2
left_child=1 2 -1 5 -5 -3 7 8 -2 11 -10 -9 -11 -14
right_child=6 3 -4 4 -6 -7 -8 9 10 12 -12 -13 13 -15
leaf_value=0.037681266319309639 -0.064272778052445023 -0.019703476201541274 0.25965208080449154 -0.053046802759452068 0.020827708902421343 -0.21455844235968399 0.14806184681212872 -0.13277813261454907 0.59379607613998586 0.022691697699446386 0.080121902086587551 -0.54062478740921582 -0.1900588723843159 -0.044884127461821993
leaf_weight=615039 18634 72938 36219 257846 1248127 42476 24675 17244 6095 119988 7623 6883 88687 465260
leaf_count=615039 18634 72938 36219 257846 1248127 42476 24675 17244 6095 119988 7623 6883 88687 465260
internal_value=1.63406e-06 0.0151132 0.0500298 0.00108812 0.00817896 -0.0914288 -0.0454803 -0.0520205 0.0938877 -0.058784 0.308619 -0.249306 -0.0519596 -0.0681297
internal_weight=3.02773e+06 2.27264e+06 651258 1.62139e+06 1.50597e+06 115414 755089 730414 32352 698062 13718 24127 673935 553947
internal_count=3027734 2272645 651258 1621387 1505973 115414 755089 730414 32352 698062 13718 24127 673935 553947
is_linear=0
shrinkage=0.02


Tree=44
num_leaves=15
num_cat=0
split_feature=8 20 0 8 19 8 8 23 19 17 17 16 17 8
split_gain=4.21922e+06 2.57529e+06 2.25675e+06 2.26346e+06 2.10827e+06 2.25826e+06 1.699e+06 1.44587e+06 1.77692e+06 1.29532e+06 1.2859e+06 1.57997e+06 1.20329e+06 965074
threshold=-0.70585528016090382 12856.801269531252 2517.5000000000005 -0.77272132039070118 12821.599609375002 0.74961522221565258 -0.96539688110351551 10765.834472656252 10847.391601562502 0.21417096257209781 0.5753360688686372 -3.1000000238418575 0.20970933139324191 -0.84785553812980641
decision_type=2 2 2 2 2 2 2 2 2 2 2 2 2 2
left_child=2 4 -1 6 9 -6 -4 -5 -9 -2 -10 -12 -8 -14
right_child=1 -3 3 7 5 -7 12 8 10 -11 11 -13 13 -15
leaf_value=-0.0022925603024229026 0.089165598686840097 0.33229929324737362 -0.09362813405515924 0.084828480316278626 -0.11314929567983655 -0.79385661402029994 0.14900002820821934 -0.59281989376463307 -0.09835607720786041 0.015240300871507394 -0.033338810382878198 -0.40258618986271166 0.020929585386888942 -0.058860950351892705
leaf_weight=620930 100430 10443 110842 14271 11736 2329 19909 3167 173171 1691549 7304 12686 144520 104447
leaf_count=620930 100430 10443 110842 14271 11736 2329 19909 3167 173171 1691549 7304 12686 144520 104447
internal_value=1.59512e-06 0.0192807 -0.0289108 -0.056909 0.0174689 -0.226352 -0.027742 -0.109494 -0.123623 0.0193839 -0.1159 -0.267755 -0.000578363 -0.0125452
internal_weight=3.02773e+06 1.81649e+06 1.21125e+06 590317 1.80604e+06 14065 379718 210599 196328 1.79198e+06 193161 19990 268876 248967
internal_count=3027734 1816487 1211247 590317 1806044 14065 379718 210599 196328 1791979 193161 19990 268876 248967
is_linear=0
shrinkage=0.02


Tree=45
num_leaves=15
num_cat=0
split_feature=4 7 20 22 7 0 8 20 0 17 7 7 0 7
split_gain=4.27568e+06 3.12702e+06 4.77559e+06 3.14896e+06 3.7138e+06 2.07519e+06 1.94859e+06 1.9294e+06 2.15396e+06 2.03382e+06 1.8098e+06 2.16779e+06 1.51546e+06 1.40702e+06
threshold=18.804999351501468 10924.305664062502 10923.714843750002 10935.114746093752 11004.940917968752 3415.5000000000005 0.4720101952552796 12856.801269531252 2717.5000000000005 0.20970933139324191 10870.473144531252 10854.779785156252 2164.5000000000005 10944.537597656252
decision_type=2 2 2 2 2 2 2 2 2 2 2 2 2 2
left_child=7 2 5 4 -3 10 -5 8 -1 -10 11 -2 -4 -8
right_child=1 3 12 6 -6 -7 13 -9 9 -11 -12 -13 -14 -15
leaf_value=-0.0061909593417358083 0.0069637989073151061 -0.10577947249606263 0.13084807624190919 0.3355149336339312 -1.1030500547587871 0.16713215096109724 0.2016744093799889 0.32367365133289899 0.099349172847350606 -0.063995045119760757 -0.20675934049569758 0.28229299712351724 0.57102655963232762 0.015737298356320539
leaf_weight=949075 75193 54425 4423 7779 1526 57745 16487 6372 32262 552666 12652 13481 10741 1232907
leaf_count=949075 75193 54425 4423 7779 1526 57745 16487 6372 32262 552666 12652 13481 10741 1232907
internal_value=1.46326e-06 0.0241882 0.103797 0.0136245 -0.133172 0.0714533 0.0201587 -0.0233528 -0.0247964 -0.0549841 0.0169153 0.0488491 0.442808 0.0181925
internal_weight=3.02773e+06 1.48736e+06 174235 1.31312e+06 55951 159071 1.25717e+06 1.54038e+06 1.534e+06 584928 101326 88674 15164 1.24939e+06
internal_count=3027734 1487359 174235 1313124 55951 159071 1257173 1540375 1534003 584928 101326 88674 15164 1249394
is_linear=0
shrinkage=0.02


Tree=46
num_leaves=15
num_cat=0
split_feature=4 17 21 4 19 8 17 19 8 19 21 4 4 8
split_gain=4.10636e+06 1.58425e+06 1.37934e+06 1.3669e+06 1.90018e+06 1.36585e+06 1.21986e+06 1.18829e+06 2.15978e+06 1.32693e+06 1.70004e+06 1.318e+06 1.14886e+06 2.08458e+06
threshold=18.804999351501468 0.25751017034053808 12763.897949218752 -95.624999999999986 13255.445312500002 -0.62102523446083058 0.18031760305166247 13255.445312500002 0.71084371209144603 12778.446289062502 12731.628417968752 251.5299987792969 -87.805000305175767 -0.77272132039070118
decision_type=2 2 2 2 2 2 2 2 2 2 2 2 2 2
left_child=1 -1 12 4 -4 -2 -7 9 -9 10 -8 -11 13 -3
right_child=5 2 3 -5 -6 6 7 8 -10 11 -12 -13 -14 -15
leaf_value=0.033484443113735954 0.45687799329521406 -0.026549184354922956 0.73595579512716169 0.03710713209618579 0.020493516252588068 0.12222698955845511 0.022118270302986014 0.20680233004652895 -0.79339384850954786 0.23586751385407173 -0.10275199149983361 -0.28975295811053237 -0.018927036567000809 -0.11098907611172783
leaf_weight=176560 2896 321704 2882 30564 3053 47813 1367805 1549 1932 18203 45038 2123 821876 183736
leaf_count=176560 2896 321704 2882 30564 3053 47813 1367805 1549 1932 18203 45038 2123 821876 183736
internal_value=1.47728e-06 -0.0228857 -0.0301837 0.0910929 0.368575 0.0237045 0.0228564 0.0195484 -0.348996 0.020446 0.018137 0.180851 -0.0335192 -0.0572461
internal_weight=3.02773e+06 1.54038e+06 1.36382e+06 36499 5935 1.48736e+06 1.48446e+06 1.43665e+06 3481 1.43317e+06 1.41284e+06 20326 1.32732e+06 505440
internal_count=3027734 1540375 1363815 36499 5935 1487359 1484463 1436650 3481 1433169 1412843 20326 1327316 505440
is_linear=0
shrinkage=0.02


Tree=47
num_leaves=15
num_cat=0
split_feature=9 8 23 4 19 4 19 23 4 9 19 19 4 23
split_gain=4.59203e+06 2.12698e+06 1.97985e+06 1.82417e+06 2.22468e+06 1.56507e+06 1.50812e+06 1.68083e+06 1.41398e+06 1.70645e+06 1.37449e+06 1.25793e+06 4.32981e+06 3.36391e+06
threshold=0.55642431974411022 -0.95664271712303151 12672.285156250002 -29.835000038146969 12386.723632812502 -103.63499832153319 13255.445312500002 12766.725097656252 -126.02499771118163 0.83586668968200695 13255.445312500002 12186.732421875002 -121.74499893188475 12371.006347656252
decision_type=2 2 2 2 2 2 2 2 2 2 2 2 2 2
left_child=1 -1 8 4 -4 10 11 -8 -2 -10 -6 -3 13 -13
right_child=2 6 3 -5 5 -7 7 -9 9 -11 -12 12 -14 -15
leaf_value=-0.0381925503594314 -0.10173012160807236 0.014340891902982338 0.43163934286134492 -0.10608912445546421 0.54366304395033627 -0.079676065990693282 0.19801083263234995 -0.59943341313086429 -0.031317436526490591 -0.36184378783336985 0.0089512897158200849 0.77077250769398686 0.041626934284084025 0.13786902951418464
leaf_weight=274053 168171 1620547 9332 13231 3931 12508 1578 3169 527789 6313 3756 5760 369543 8053
leaf_count=274053 168171 1620547 9332 13231 3931 12508 1578 3169 527789 6313 3756 5760 369543 8053
internal_value=1.4832e-06 0.0140729 -0.0431114 0.0890046 0.176433 0.058347 0.0212039 -0.334483 -0.0511565 -0.0352309 0.282747 0.0220482 0.0546277 0.402157
internal_weight=3.02773e+06 2.2827e+06 745031 42758 29527 20195 2.00865e+06 4747 702273 534102 7687 2.0039e+06 383356 13813
internal_count=3027734 2282703 745031 42758 29527 20195 2008650 4747 702273 534102 7687 2003903 383356 13813
is_linear=0
shrinkage=0.02


Tree=48
num_leaves=15
num_cat=0
split_feature=9 7 20 20 7 9 20 4 19 7 20 19 7 7
split_gain=4.41256e+06 2.60853e+06 4.08448e+06 2.6476e+06 9.53324e+06 3.98251e+06 2.00743e+06 1.83529e+06 1.99106e+06 2.58889e+06 1.49403e+07 2.68962e+06 4.66013e+06 2.44373e+06
threshold=0.54138559103012096 11187.881347656252 11203.976562500002 12200.195800781252 12204.598144531252 0.28665733337402349 12856.801269531252 -216.06500244140622 11204.905761718752 11385.050292968752 11412.229980468752 11403.388671875002 11419.622558593752 11207.812011718752
decision_type=2 2 2 2 2 2 2 2 2 2 2 2 2 2
left_child=1 2 -1 7 5 -5 -2 -3 13 10 -10 12 -11 -9
right_child=6 3 -4 4 -6 -7 -8 8 9 11 -12 -13 -14 -15
leaf_value=0.038974234481875855 -0.044895696563267924 -0.17643069814507428 0.33435882376361553 0.22939288984946588 0.010753822877942465 0.71801815324610263 0.31132477521924889 -0.020552098339242646 0.025586560939753408 -0.09819423527566018 0.90648999615330117 -0.0097501648272969362 -0.75889826023698859 -0.21231469966145924
leaf_weight=631971 748717 27585 19287 36936 394193 8139 6372 72938 236088 54188 7951 736926 4626 41817
leaf_count=631971 748717 27585 19287 36936 394193 8139 6372 72938 236088 54188 7951 736926 4626 41817
internal_value=1.50823e-06 0.0139187 0.0477271 0.000338704 0.0422637 0.317762 -0.0418855 -0.0152406 -0.0113878 -0.00266201 0.0543232 -0.0201388 -0.150282 -0.0904434
internal_weight=3.02773e+06 2.27264e+06 651258 1.62139e+06 439268 45075 755089 1.18212e+06 1.15453e+06 1.03978e+06 244039 795740 58814 114755
internal_count=3027734 2272645 651258 1621387 439268 45075 755089 1182119 1154534 1039779 244039 795740 58814 114755
is_linear=0
shrinkage=0.02


Tree=49
num_leaves=15
num_cat=0
split_feature=4 20 17 17 20 19 22 4 13 17 4 25 4 5
split_gain=3.69119e+06 1.7092e+06 1.4237e+06 1.24929e+06 1.22702e+06 1.21942e+06 2.53506e+06 1.14276e+06 1.48119e+06 1.13575e+06 1.05616e+06 824685 773904 2.50844e+06
threshold=20.025000572204593 12856.801269531252 0.30902208387851721 0.18031760305166247 12856.801269531252 12821.599609375002 12783.712402343752 -87.805000305175767 -9.9000000953674299 0.53653219342231762 -49.784999847412102 0.045241152867674835 251.5299987792969 0.06749999895691873
decision_type=2 2 2 2 2 2 2 2 2 2 2 2 2 2
left_child=1 2 -1 -2 5 12 -7 8 -4 11 -3 -10 -5 -14
right_child=3 10 7 4 -6 6 -8 -9 9 -11 -12 -13 13 -15
leaf_value=0.012127516144921366 0.12303232147783864 0.46944791445215622 0.0018702289934283706 0.02101077483117576 0.31586953641353133 0.23467814958338643 -0.74097758611562303 -0.018128435922594169 -0.026969573512143741 -0.15559951257030025 -0.097250083701273277 -0.097553744216034383 -0.25799487548260691 0.18451290545314256
leaf_weight=357470 47977 4523 119084 1394992 5548 1878 2440 740302 133109 64625 1849 131757 14163 8017
leaf_count=357470 47977 4523 119084 1394992 5548 1878 2440 740302 133109 64625 1849 131757 14163 8017
internal_value=1.56083e-06 -0.0215215 -0.0228695 0.0226585 0.0192831 0.0181233 -0.317075 -0.0333923 -0.058582 -0.0804299 0.305108 -0.0620839 0.0191469 -0.0980377
internal_weight=3.02773e+06 1.55272e+06 1.54635e+06 1.47502e+06 1.42704e+06 1.42149e+06 4318 1.18888e+06 448575 329491 6372 264866 1.41717e+06 22180
internal_count=3027734 1552719 1546347 1475015 1427038 1421490 4318 1188877 448575 329491 6372 264866 1417172 22180
is_linear=0
shrinkage=0.02


Tree=50
num_leaves=15
num_cat=0
split_feature=4 0 20 8 8 8 23 20 8 20 23 8 20 21
split_gain=3.54519e+06 1.675e+06 2.56561e+06 1.42293e+06 1.5031e+06 1.31331e+06 1.18598e+06 1.75263e+06 1.18337e+06 1.16519e+06 1.03318e+06 1.11436e+06 3.96486e+06 3.9163e+06
threshold=18.804999351501468 2736.5000000000005 12856.801269531252 -0.77272132039070118 -0.96539688110351551 -0.62102523446083058 10765.834472656252 10833.847656250002 -0.71702975034713734 12856.801269531252 12733.312011718752 -0.84785553812980641 12200.195800781252 12361.747070312502
decision_type=2 2 2 2 2 2 2 2 2 2 2 2 2 2
left_child=1 -1 3 4 -3 -2 -5 -8 -9 -7 11 12 -6 -14
right_child=5 2 -4 6 10 9 7 8 -10 -11 -12 -13 13 -15
leaf_value=-0.0049700038157212047 0.44678465701100445 -0.091450778460999499 0.46690331293900567 0.095670383892596397 -0.015433258297368031 0.020105619653575803 -0.59085714624621699 -0.12244545730185083 -0.01778433886932751 0.30976407112825294 0.46462417035171094 -0.054283082308855361 0.66249830847515567 0.10609370232593175
leaf_weight=956513 2896 99006 3836 13060 120062 1478897 2867 158656 59392 5566 1896 99808 6988 18291
leaf_count=956513 2896 99006 3836 13060 120062 1478897 2867 158656 59392 5566 1896 99808 6988 18291
internal_value=1.52776e-06 -0.0212644 -0.0479581 -0.0513712 -0.0256118 0.0220255 -0.0894667 -0.100415 -0.09394 0.0211938 0.000776454 -0.0028297 0.0325053 0.260105
internal_weight=3.02773e+06 1.54038e+06 583862 580026 346051 1.48736e+06 233975 220915 218048 1.48446e+06 247045 245149 145341 25279
internal_count=3027734 1540375 583862 580026 346051 1487359 233975 220915 218048 1484463 247045 245149 145341 25279
is_linear=0
shrinkage=0.02


Tree=51
num_leaves=15
num_cat=0
split_feature=9 7 19 19 7 21 19 7 0 7 9 7 19 7
split_gain=4.03752e+06 2.99938e+06 5.54776e+06 3.53562e+06 2.11426e+06 5.56342e+06 2.63197e+06 2.1284e+06 1.96419e+06 1.93617e+06 2.10488e+06 5.91622e+06 6.77634e+06 2.52773e+06
threshold=-0.177777424454689 10924.305664062502 10942.862304687502 10920.942871093752 11592.387695312502 11585.397949218752 11724.755371093752 11517.458007812502 3039.5000000000005 11406.933593750002 0.55642431974411022 11226.592773437502 11217.783691406252 11241.262207031252
decision_type=2 2 2 2 2 2 2 2 2 2 2 2 2 2
left_child=1 2 8 -3 5 9 -6 -7 -1 10 -2 -12 13 -13
right_child=4 3 -4 -5 6 7 -8 -9 -10 -11 11 12 -14 -15
leaf_value=0.016106911763507703 0.013715980622622453 -0.19230497208663483 0.5182470024521858 0.018940897567477823 0.19886072557735554 -0.36138834570895872 -0.0019759838949249169 -1.0955312971384779 0.15564337765832315 -0.11425234168221561 -0.026868717718732935 -0.31574785627111596 -0.044753811181593946 -0.72141317980671504
leaf_weight=102201 337434 32532 11876 1213282 27271 8668 603380 1928 66673 109973 456769 14530 30543 10674
leaf_count=102201 337434 32532 11876 1213282 27271 8668 603380 1928 66673 109973 456769 14530 30543 10674
internal_value=1.60757e-06 0.0244697 0.100603 0.0134231 -0.0217983 -0.0403242 0.0067117 -0.495879 0.0712033 -0.0352905 -0.0250725 -0.0506102 -0.245098 -0.487768
internal_weight=3.02773e+06 1.42656e+06 180750 1.24581e+06 1.60117e+06 970519 630651 10596 168874 959923 849950 512516 55747 25204
internal_count=3027734 1426564 180750 1245814 1601170 970519 630651 10596 168874 959923 849950 512516 55747 25204
is_linear=0
shrinkage=0.02


Tree=52
num_leaves=15
num_cat=0
split_feature=9 7 19 19 7 4 4 25 22 7 7 7 7 7
split_gain=3.88508e+06 2.48509e+06 4.617e+06 4.25497e+06 2.74336e+06 1.93714e+06 1.87515e+06 2.09557e+06 1.84269e+06 1.73183e+06 3.77325e+06 2.10001e+06 3.52454e+06 5.62429e+06
threshold=0.54138559103012096 10907.572265625002 10942.862304687502 10920.942871093752 10944.537597656252 -198.745002746582 53.014999389648445 0.13978421688079837 12655.816406250002 10776.154296875002 10857.858886718752 10974.912109375002 11116.080566406252 11009.197265625002
decision_type=2 2 2 2 2 2 2 2 2 2 2 2 2 2
left_child=1 2 5 -3 6 -1 -5 -8 9 -2 -11 -12 13 -13
right_child=8 3 -4 4 -6 -7 7 -9 -10 10 11 12 -14 -15
leaf_value=0.67179493963342851 0.081070803548951798 -0.1688688929968927 0.84268385878509877 -0.0047322698114278935 0.007248455930197145 0.059082140164367879 0.35085561564345336 -0.097419488017687753 0.08493876918467215 -0.35138171164324822 0.028426262635080787 -0.049580072025238342 -0.041225095409408635 -0.37484907971583559
leaf_weight=2073 39762 54172 3082 15964 1942271 227515 22450 5118 44902 16717 119988 53327 445033 35360
leaf_count=2073 39762 54172 3082 15964 1942271 227515 22450 5118 44902 16717 119988 53327 445033 35360
internal_value=1.44605e-06 0.0130603 0.0749855 0.00599705 0.0107682 0.0646436 0.167769 0.267627 -0.0393023 -0.0471587 -0.0547649 -0.0471744 -0.0641707 -0.179294
internal_weight=3.02773e+06 2.27264e+06 232670 2.03998e+06 1.9858e+06 229588 43532 27568 755089 710187 670425 653708 533720 88687
internal_count=3027734 2272645 232670 2039975 1985803 229588 43532 27568 755089 710187 670425 653708 533720 88687
is_linear=0
shrinkage=0.02


Tree=53
num_leaves=15
num_cat=0
split_feature=9 7 19 19 7 21 19 7 22 0 7 9 7 19
split_gain=3.7807e+06 2.78661e+06 5.1482e+06 3.27878e+06 1.99387e+06 5.35587e+06 2.53717e+06 2.04521e+06 1.96916e+06 1.88816e+06 1.87965e+06 1.94186e+06 5.69213e+06 6.50824e+06
threshold=-0.177777424454689 10924.305664062502 10942.862304687502 10920.942871093752 11592.387695312502 11585.397949218752 11724.755371093752 11517.458007812502 10967.567382812502 3039.5000000000005 11406.933593750002 0.55642431974411022 11226.592773437502 11217.783691406252
decision_type=2 2 2 2 2 2 2 2 2 2 2 2 2 2
left_child=1 2 9 -3 5 10 -6 -7 -4 -1 11 -2 -13 -14
right_child=4 3 8 -5 6 7 -8 -9 -10 -11 -12 12 13 -15
leaf_value=0.014721171104029596 0.013178427726628045 -0.18508371125016473 0.68472076616626487 0.018344617409159859 0.19524924958718906 -0.35422504305002067 -0.0019370671760456717 -1.0738779364823066 0.14137980951879972 0.15153024531430676 -0.11194618633326092 -0.025319144629459819 -0.47719631437732335 -0.043034796212749617
leaf_weight=102201 337434 32532 7819 1213282 27271 8668 603380 1928 4057 66673 109973 456769 25204 30543
leaf_count=102201 337434 32532 7819 1213282 27271 8668 603380 1928 4057 66673 109973 456769 25204 30543
internal_value=1.48585e-06 0.0236786 0.0970618 0.013031 -0.0210937 -0.0390844 0.00659271 -0.486061 0.499385 0.0687405 -0.0341455 -0.0240778 -0.0486066 -0.239376
internal_weight=3.02773e+06 1.42656e+06 180750 1.24581e+06 1.60117e+06 970519 630651 10596 11876 168874 959923 849950 512516 55747
internal_count=3027734 1426564 180750 1245814 1601170 970519 630651 10596 11876 168874 959923 849950 512516 55747
is_linear=0
shrinkage=0.02


Tree=54
num_leaves=15
num_cat=0
split_feature=9 7 19 19 7 21 19 7 22 7 9 7 19 7
split_gain=3.63104e+06 2.67633e+06 4.94465e+06 3.14897e+06 1.91496e+06 5.1444e+06 2.43673e+06 1.96479e+06 1.89126e+06 1.80522e+06 1.86498e+06 5.46682e+06 6.25062e+06 2.42802e+06
threshold=-0.177777424454689 10924.305664062502 10942.862304687502 10920.942871093752 11592.387695312502 11585.397949218752 11724.755371093752 11517.458007812502 10967.567382812502 11406.933593750002 0.55642431974411022 11226.592773437502 11217.783691406252 11241.262207031252
decision_type=2 2 2 2 2 2 2 2 2 2 2 2 2 2
left_child=1 2 -1 -3 5 9 -6 -7 -4 10 -2 -12 13 -13
right_child=4 3 8 -5 6 7 -8 -9 -10 -11 11 12 -14 -15
leaf_value=0.067365927781440904 0.012914866501794105 -0.18138317487825145 0.67104385628906116 0.017977728451703128 0.19134569705113699 -0.34714870436617057 -0.0018983265429759347 -1.0525112090686526 0.1385591666923503 -0.10970746595618706 -0.024812772847755352 -0.29907594489610811 -0.042174381994208421 -0.69663969983727869
leaf_weight=168874 337434 32532 7819 1213282 27271 8668 603380 1928 4057 109973 456769 14530 30543 10674
leaf_count=168874 337434 32532 7819 1213282 27271 8668 603380 1928 4057 109973 456769 14530 30543 10674
internal_value=1.38648e-06 0.0232051 0.0951217 0.0127704 -0.020672 -0.0383031 0.00646092 -0.476367 0.489411 -0.0334627 -0.0235964 -0.0476347 -0.23459 -0.467656
internal_weight=3.02773e+06 1.42656e+06 180750 1.24581e+06 1.60117e+06 970519 630651 10596 11876 959923 849950 512516 55747 25204
internal_count=3027734 1426564 180750 1245814 1601170 970519 630651 10596 11876 959923 849950 512516 55747 25204
is_linear=0
shrinkage=0.02


Tree=55
num_leaves=15
num_cat=0
split_feature=9 24 8 0 19 19 21 24 9 9 25 22 9 24
split_gain=3.50732e+06 1.84701e+06 1.82964e+06 1.68136e+06 1.49889e+06 1.83163e+06 4.03079e+06 3.24015e+06 2.45665e+06 2.35127e+06 1.95089e+06 1.57687e+06 1.52143e+06 1.45912e+06
threshold=0.51669383049011242 12722.404785156252 -0.95664271712303151 1142.5000000000002 13255.445312500002 12186.732421875002 12361.747070312502 12275.170898437502 -0.44019870460033411 -0.56450200080871571 0.087102096527814879 12783.712402343752 -0.73642870783805836 12765.978515625002
decision_type=2 2 2 2 2 2 2 2 2 2 2 2 2 2
left_child=2 -2 -1 -4 5 10 7 9 -9 -7 12 -6 -5 -8
right_child=1 -3 3 4 11 6 13 8 -10 -11 -12 -13 -14 -15
leaf_value=-0.035922475673449993 -0.042675637029278291 0.13318544937619015 -0.014357468203080311 0.1589148992768222 0.2059504252145683 -0.062544465835625035 0.0028308294161957319 0.17242859026099844 0.59012268664774492 0.18478042881844331 -0.088810753623076319 -0.58035228462255239 0.021642819336202997 0.18174198141007114
leaf_weight=274053 740768 24675 459268 33231 1496 21188 171574 10865 11711 55995 62872 3169 1136477 20392
leaf_count=274053 740768 24675 459268 33231 1496 21188 171574 10865 11711 55995 62872 3169 1136477 20392
internal_value=1.2484e-06 -0.0370048 0.0125223 0.0192 0.0292799 0.0303764 0.07544 0.178561 0.389268 0.116886 0.0197103 -0.328291 0.025544 0.0218446
internal_weight=3.02773e+06 765443 2.26229e+06 1.98824e+06 1.52897e+06 1.5243e+06 291725 99759 22576 77183 1.23258e+06 4665 1.16971e+06 191966
internal_count=3027734 765443 2262291 1988238 1528970 1524305 291725 99759 22576 77183 1232580 4665 1169708 191966
is_linear=0
shrinkage=0.02


Tree=56
num_leaves=15
num_cat=0
split_feature=4 8 21 4 19 19 8 19 21 8 4 23 24 21
split_gain=2.89187e+06 1.26818e+06 1.21705e+06 1.5006e+06 2.32379e+06 1.03404e+06 1.89351e+06 1.17042e+06 1.71247e+06 1.25071e+06 1.08942e+06 1.00131e+06 999704 1.81134e+06
threshold=20.025000572204593 -0.62102523446083058 12763.897949218752 -29.835000038146969 12386.723632812502 13255.445312500002 0.72443613409996044 12778.446289062502 12731.628417968752 0.83815535902977001 251.5299987792969 12714.505371093752 12182.797851562502 12361.747070312502
decision_type=2 2 2 2 2 2 2 2 2 2 2 2 2 2
left_child=2 -2 -1 4 -4 7 -7 8 12 -9 -11 -10 -3 -14
right_child=1 5 3 -5 -6 6 -8 9 11 10 -12 -13 13 -15
leaf_value=-0.02201147972842572 0.43969770578135936 0.014576859453317763 0.46954584258682225 -0.072464236645949767 0.059103390320280627 0.19460735283391756 -0.750698862186581 0.3760417410216858 -0.32173517419661823 0.12422055473467429 -0.41105820965915663 -0.062590317906460344 0.12785801184455428 0.011628933927326654
leaf_weight=1510456 2865 1183499 7704 15167 19392 1528 1884 7485 7051 11069 1753 38449 93305 126127
leaf_count=1510456 2865 1183499 7704 15167 19392 1528 1884 7485 7051 11069 1753 38449 93305 126127
internal_value=1.27809e-06 0.0200556 -0.0190494 0.0867932 0.175932 0.0192359 -0.328024 0.0200448 0.0179302 0.170792 0.0507734 -0.102812 0.0218468 0.0610545
internal_weight=3.02773e+06 1.47502e+06 1.55272e+06 42263 27096 1.47215e+06 3412 1.46874e+06 1.44843e+06 20307 12822 45500 1.40293e+06 219432
internal_count=3027734 1475015 1552719 42263 27096 1472150 3412 1468738 1448431 20307 12822 45500 1402931 219432
is_linear=0
shrinkage=0.02


Tree=57
num_leaves=15
num_cat=0
split_feature=8 7 19 7 19 7 19 7 23 7 7 19 7 20
split_gain=2.64084e+06 2.00951e+06 4.38449e+06 3.36574e+06 2.52063e+06 3.74303e+06 2.56513e+06 2.8681e+06 2.47381e+06 2.44881e+06 2.32768e+06 1.23467e+07 5.91691e+06 3.39581e+06
threshold=-0.70835387706756581 10944.537597656252 10950.445312500002 10920.012207031252 11017.881347656252 11184.367675781252 11206.406738281252 11207.812011718752 11175.997070312502 10937.421875000002 11438.142578125002 11450.723632812502 11592.387695312502 11420.333007812502
decision_type=2 2 2 2 2 2 2 2 2 2 2 2 2 2
left_child=-1 2 -2 -4 -3 8 7 -7 -6 -5 11 -8 13 -12
right_child=1 4 3 9 5 6 10 -9 -10 -11 12 -13 -14 -15
leaf_value=-0.02299232832925683 0.038886334229250079 -0.067179213424212 0.75109736787593029 0.062405414908261458 0.055126791946093372 -0.014427604562372749 0.041647535515235888 -0.20256687102435855 0.22188916206438491 0.54242098953445672 -0.90360070028751827 0.81096084256573753 0.015452252645169395 -0.14434952857681096
leaf_weight=1203668 217854 164516 5496 15297 128111 101303 208817 47651 49261 5879 2424 8682 794468 74307
leaf_count=1203668 217854 164516 5496 15297 128111 101303 208817 47651 49261 5879 2424 8682 794468 74307
internal_value=1.26485e-06 0.0151744 0.0685261 0.310514 0.00691469 0.0155296 0.0032151 -0.0746238 0.101451 0.195864 0.0138655 0.0723925 -0.000746679 -0.16845
internal_weight=3.02773e+06 1.82407e+06 244526 26672 1.57954e+06 1.41502e+06 1.23765e+06 148954 177372 21176 1.0887e+06 217499 871199 76731
internal_count=3027734 1824066 244526 26672 1579540 1415024 1237652 148954 177372 21176 1088698 217499 871199 76731
is_linear=0
shrinkage=0.02


Tree=58
num_leaves=15
num_cat=0
split_feature=4 0 19 19 4 23 8 24 1 17 25 19 0 19
split_gain=2.68739e+06 1.58001e+06 2.11736e+06 2.13477e+06 2.50429e+06 1.30876e+06 1.21883e+06 1.20541e+06 1.75316e+06 1.11027e+06 1.1083e+06 911708 1.77242e+06 1.14183e+06
threshold=20.025000572204593 4463.5000000000009 12259.304199218752 12471.175292968752 -170.77500152587888 10951.712890625002 -0.62102523446083058 10986.847167968752 75.382617950439467 0.20970933139324191 0.033684797585010536 13255.445312500002 2656.5000000000005 12778.446289062502
decision_type=2 2 2 2 2 2 2 2 2 2 2 2 2 2
left_child=1 -1 5 4 -4 -3 -2 8 -7 -8 -9 13 -13 -11
right_child=6 2 3 -5 -6 7 9 10 -10 11 -12 12 -14 -15
leaf_value=-0.010717146500484909 0.43072959199656935 0.023848573426772501 0.60634816189469964 -0.079017809840116054 0.026355815304248801 -0.0090928558482695505 0.092769117117311187 0.065753700616153057 -0.55436289452010024 0.013058564217161912 -0.12584880242908184 0.19550090696108374 -0.73927347651866171 0.16493772272120641
leaf_weight=1357708 2865 29734 5500 12720 6482 3936 76388 13455 5877 1372420 117307 1469 1793 20080
leaf_count=1357708 2865 29734 5500 12720 6482 3936 76388 13455 5877 1372420 117307 1469 1793 20080
internal_value=1.31788e-06 -0.0183635 -0.0715958 0.101416 0.29287 -0.0966944 0.0193336 -0.122191 -0.335889 0.0185301 -0.10613 0.0144664 -0.318993 0.0152499
internal_weight=3.02773e+06 1.55272e+06 195011 24702 11982 170309 1.47502e+06 140575 9813 1.47215e+06 130762 1.39576e+06 3262 1.3925e+06
internal_count=3027734 1552719 195011 24702 11982 170309 1475015 140575 9813 1472150 130762 1395762 3262 1392500
is_linear=0
shrinkage=0.02


Tree=59
num_leaves=15
num_cat=0
split_feature=9 7 19 24 24 20 7 9 7 20 24 7 7 19
split_gain=3.16492e+06 2.21027e+06 3.86374e+06 3.00235e+06 1.72124e+06 1.67255e+06 8.7492e+06 3.59351e+06 2.35271e+06 7.01336e+06 3.24435e+06 2.75743e+06 2.02288e+06 1.158e+07
threshold=0.54138559103012096 11196.073242187502 11204.905761718752 11213.994628906252 12722.404785156252 12200.195800781252 12204.598144531252 0.28665733337402349 11368.682128906252 11407.881347656252 11384.421386718752 11423.904785156252 11401.172363281252 11450.723632812502
decision_type=2 2 2 2 2 2 2 2 2 2 2 2 2 2
left_child=1 3 -3 -1 -2 8 7 -7 9 -4 11 -10 13 -12
right_child=4 2 5 -5 -6 6 -8 -9 10 -11 12 -13 -14 -15
leaf_value=0.035383479874406445 -0.041023822684495295 -0.13771516649442633 0.036163105531651703 0.3268331800962504 0.12878312366368641 0.21864711066932452 0.0084518220010166966 0.68279670267450498 -0.14380691169553911 0.81994324467070667 0.025653993369057524 -0.90737735820193111 -0.02112494190037479 1.1266456283995268
leaf_weight=683569 730414 78928 190269 14427 24675 36936 393534 8139 52511 4669 59391 1953 744245 4074
leaf_count=683569 730414 78928 190269 14427 24675 36936 393534 8139 52511 4669 59391 1953 744245 4074
internal_value=1.29835e-06 0.0117878 -0.0013439 0.0414121 -0.0354732 0.00585316 0.0386861 0.30259 -0.00776985 0.0549768 -0.0219574 -0.171349 -0.0118819 0.0964965
internal_weight=3.02773e+06 2.27264e+06 1.57465e+06 697996 755089 1.49572e+06 438609 45075 1.05711e+06 194938 862174 54464 807710 63465
internal_count=3027734 2272645 1574649 697996 755089 1495721 438609 45075 1057112 194938 862174 54464 807710 63465
is_linear=0
shrinkage=0.02


Tree=60
num_leaves=15
num_cat=0
split_feature=9 7 20 20 7 21 20 7 9 24 7 21 22 9
split_gain=3.03999e+06 2.16329e+06 3.96592e+06 3.26736e+06 2.18109e+06 3.91652e+06 2.15647e+06 8.43884e+06 3.42065e+06 1.69411e+06 2.02169e+06 1.9742e+06 1.95943e+06 1.76123e+06
threshold=0.55642431974411022 10907.572265625002 10941.823242187502 10919.138183593752 11185.998046875002 11204.002441406252 12200.195800781252 12204.598144531252 0.28665733337402349 12215.510253906252 12531.875976562502 12775.907714843752 12783.712402343752 -0.54542985558509816
decision_type=2 2 2 2 2 2 2 2 2 2 2 2 2 2
left_child=1 2 -1 -3 5 -5 -6 8 -8 -9 -11 12 -12 -13
right_child=-2 3 -4 4 6 -7 7 9 -10 10 11 13 -14 -15
leaf_value=0.059022778153381007 -0.035077112553836803 -0.14671965776557092 0.74054874124188641 0.039162320469234999 -0.014592364607972023 0.35040168339524635 0.21427535192174776 -0.18018318098994146 0.66646628217304738 0.06953404717127494 -0.039070111866098961 0.36504163815003593 -0.45927505386705691 0.032514878223129706
leaf_weight=229864 745031 55321 3457 337327 1196645 16977 36936 18309 8168 164433 177239 8549 4543 24935
leaf_count=229864 745031 55321 3457 337327 1196645 16977 36936 18309 8168 164433 177239 8549 4543 24935
internal_value=1.4158e-06 0.0114505 0.069152 0.0048809 0.00908746 0.0540853 -0.000635541 0.037055 0.296294 0.00767013 0.0167329 -0.023601 -0.0495964 0.117499
internal_weight=3.02773e+06 2.2827e+06 233321 2.04938e+06 1.99406e+06 354304 1.63976e+06 443112 45104 398008 379699 215266 181782 33484
internal_count=3027734 2282703 233321 2049382 1994061 354304 1639757 443112 45104 398008 379699 215266 181782 33484
is_linear=0
shrinkage=0.02


Tree=61
num_leaves=15
num_cat=0
split_feature=17 8 7 19 19 23 8 7 23 7 7 21 24 7
split_gain=2.34669e+06 2.37205e+06 1.83787e+06 4.95711e+06 2.34294e+06 1.67568e+06 1.22988e+06 1.44594e+06 6.58001e+06 2.03009e+06 6.08186e+06 1.737e+06 1.3969e+06 1.91398e+06
threshold=0.21417096257209781 -0.70585528016090382 10924.305664062502 10942.862304687502 10920.942871093752 10966.417480468752 -0.77272132039070118 11219.845703125002 11200.897949218752 11116.080566406252 11009.197265625002 10982.895019531252 11028.633789062502 10994.341796875002
decision_type=2 2 2 2 2 2 2 2 2 2 2 2 2 2
left_child=-1 6 3 -3 -4 -5 -2 9 -9 10 12 -12 -8 -14
right_child=1 2 4 5 -6 -7 7 8 -10 -11 11 -13 13 -15
leaf_value=0.071185158550639713 -0.011033805829369721 0.042873623837142855 -0.16077593071562529 0.63601832122379887 0.006957231324668839 0.13186834835569292 -0.0034811035781469792 -0.496947299144615 -0.053718527846558339 0.02694080686857148 -0.5800101969214948 -0.22883223298463395 -0.068554029221208193 -0.49231095161339411
leaf_weight=174558 725326 177686 34062 7816 1490770 3987 123881 15580 95301 132861 9870 13163 17214 5659
leaf_count=174558 725326 177686 34062 7816 1490770 3987 123881 15580 95301 132861 9870 13163 17214 5659
internal_value=1.49716e-06 -0.00435376 0.0105095 0.0692514 0.00320933 0.465976 -0.0267274 -0.0542529 -0.116036 -0.0316142 -0.0774334 -0.379505 -0.0300006 -0.173566
internal_weight=3.02773e+06 2.85318e+06 1.71432e+06 189489 1.52483e+06 11803 1.13886e+06 413529 110881 302648 169787 23033 146754 22873
internal_count=3027734 2853176 1714321 189489 1524832 11803 1138855 413529 110881 302648 169787 23033 146754 22873
is_linear=0
shrinkage=0.02


Tree=62
num_leaves=15
num_cat=0
split_feature=9 7 24 7 24 24 7 20 7 20 7 20 7 25
split_gain=2.85399e+06 2.3696e+06 2.87893e+06 3.14835e+06 2.87193e+06 2.58503e+06 2.51215e+06 2.48646e+06 5.66405e+06 9.02824e+06 3.47464e+06 3.43466e+06 2.37566e+06 2.07246e+06
threshold=-0.177777424454689 10944.537597656252 11020.742187500002 11184.367675781252 11202.556152343752 10936.284667968752 11056.972167968752 11248.938476562502 11401.172363281252 11412.229980468752 11394.332519531252 11404.326171875002 10920.012207031252 0.049752535298466689
decision_type=2 2 2 2 2 2 2 2 2 2 2 2 2 2
left_child=1 5 6 4 -4 -1 -3 -5 9 -9 -11 -10 -7 -8
right_child=-2 2 3 7 -6 12 13 8 11 10 -12 -13 -14 -15
leaf_value=0.052998032641319685 -0.018326924231994283 -0.060891233302708951 0.076643246572879742 -0.056068763568958138 0.36177788277813994 0.60425257418449374 -1.1320413532587561 0.083762825307678382 -0.91005704442513191 0.96544370253371836 0.24006491681378606 0.011121283771780097 0.16337521760765852 -0.077138483719159198
leaf_weight=191987 1601170 146631 127341 194136 15885 6066 1606 40423 1613 7641 4047 662705 25098 1385
leaf_count=191987 1601170 146631 127341 194136 15885 6066 1606 40423 1613 7641 4047 662705 25098 1385
internal_value=1.38908e-06 0.020573 0.00947293 0.0211294 0.10829 0.0804306 -0.0726193 0.00741844 0.0246226 0.225387 0.714701 0.00887092 0.249358 -0.645454
internal_weight=3.02773e+06 1.42656e+06 1.20341e+06 1.05379e+06 143226 223151 149622 910565 716429 52111 11688 664318 31164 2991
internal_count=3027734 1426564 1203413 1053791 143226 223151 149622 910565 716429 52111 11688 664318 31164 2991
is_linear=0
shrinkage=0.02


Tree=63
num_leaves=15
num_cat=0
split_feature=9 24 8 17 17 13 21 22 1 21 22 21 9 24
split_gain=2.76263e+06 1.64927e+06 1.51643e+06 1.53583e+06 1.30632e+06 1.42078e+06 923881 888906 815846 787655 2.456e+06 1.74415e+06 1.72864e+06 1.66905e+06
threshold=0.55642431974411022 12722.404785156252 -0.95664271712303151 0.12490246072411539 0.47700144350528723 -4.9000000953674308 11325.334960937502 12748.408203125002 101.61212158203126 12775.907714843752 12783.712402343752 12731.628417968752 -0.54542985558509816 12182.797851562502
decision_type=2 2 2 2 2 2 2 2 2 2 2 2 2 2
left_child=2 4 6 -4 -2 -6 8 -3 -1 10 11 13 -11 -5
right_child=1 7 3 9 5 -7 -8 -9 -10 12 -12 -13 -14 -15
leaf_value=-0.00156633676228196 -0.023286970257549992 0.32303024215807902 0.15816199622167698 0.0092025070405559548 -0.016418963637476584 -0.13062575878397492 -0.049375020243569788 0.053677684233483278 0.19191230988679583 0.35709840872407667 -0.45086702683178931 -0.10447380531946482 0.010937075726240289 0.060261490393767513
leaf_weight=32568 538371 6736 30327 1594263 72280 109705 229591 17939 11894 8541 4539 48148 17748 305084
leaf_count=32568 538371 6736 30327 1594263 72280 109705 229591 17939 11894 8541 4539 48148 17748 305084
internal_value=1.38189e-06 -0.0334387 0.0109157 0.0169369 -0.0389466 -0.0852691 -0.0332152 0.12731 0.0502221 0.0147712 0.0133063 0.0143905 0.123495 0.0174042
internal_weight=3.02773e+06 745031 2.2827e+06 2.00865e+06 720356 181985 274053 24675 44462 1.97832e+06 1.95203e+06 1.9475e+06 26289 1.89935e+06
internal_count=3027734 745031 2282703 2008650 720356 181985 274053 24675 44462 1978323 1952034 1947495 26289 1899347
is_linear=0
shrinkage=0.02


Tree=64
num_leaves=15
num_cat=0
split_feature=9 7 19 7 23 7 24 19 7 19 24 7 7 7
split_gain=2.65531e+06 2.28216e+06 3.67593e+06 2.81993e+06 2.78355e+06 3.04043e+06 2.75829e+06 2.67106e+06 2.41054e+06 1.0675e+07 5.38385e+06 2.40869e+06 2.34876e+06 2.29305e+06
threshold=-0.177777424454689 10944.537597656252 10950.445312500002 10920.012207031252 11020.367675781252 11184.367675781252 11202.556152343752 11206.406738281252 11438.142578125002 11450.723632812502 11421.549804687502 11056.972167968752 11207.812011718752 10937.421875000002
decision_type=2 2 2 2 2 2 2 2 2 2 2 2 2 2
left_child=1 2 -1 -4 11 6 -6 12 9 -9 -10 -3 -7 -5
right_child=-2 4 3 13 5 7 -8 8 10 -11 -12 -13 -14 -15
leaf_value=0.049467652505805502 -0.017677491321589016 -0.060392314083411183 0.70560515751892383 0.055241816071371311 0.074981386048051948 -0.016498135422766062 0.35436162930586385 0.051395056613687901 -0.59865504545697668 0.7755022071464458 0.010419802892598565 -0.63280892842257774 -0.19348086657115623 0.52540835328716051
leaf_weight=197721 1601170 146171 5496 14055 127801 90724 15885 129138 5849 8682 631372 2991 44800 5879
leaf_count=197721 1601170 146171 5496 14055 127801 90724 15885 129138 5849 8682 631372 2991 44800 5879
internal_value=1.37955e-06 0.0198441 0.0785868 0.304882 0.00895072 0.0203923 0.105891 0.00689976 0.0212239 0.0970634 0.00481982 -0.0719122 -0.0750132 0.1941
internal_weight=3.02773e+06 1.42656e+06 223151 25430 1.20341e+06 1.05425e+06 143686 910565 775041 137820 637221 149162 135524 19934
internal_count=3027734 1426564 223151 25430 1203413 1054251 143686 910565 775041 137820 637221 149162 135524 19934
is_linear=0
shrinkage=0.02


Tree=65
num_leaves=15
num_cat=0
split_feature=9 7 19 19 7 4 4 7 20 7 7 7 7 7
split_gain=2.59721e+06 1.94526e+06 3.66254e+06 3.49418e+06 2.14255e+06 1.89577e+06 1.65085e+06 1.63627e+06 1.58897e+06 1.53113e+06 2.62018e+06 2.17392e+06 2.14163e+06 1.84057e+06
threshold=0.54138559103012096 10907.572265625002 10920.942871093752 10942.862304687502 10944.537597656252 -198.745002746582 53.014999389648445 10942.302734375002 12856.801269531252 10764.450683593752 10700.101562500002 10857.858886718752 10749.717773437502 10793.567871093752
decision_type=2 2 2 2 2 2 2 2 2 2 2 2 2 2
left_child=1 3 -3 5 6 -1 -4 -8 9 10 -2 13 -12 -11
right_child=8 2 4 -5 -6 -7 7 -9 -10 11 12 -13 -14 -15
leaf_value=0.6570998701486922 -0.054684579434608187 -0.15780685531990016 -0.014246183395986345 0.73332287498464255 0.0057455065812639363 0.050968334238870261 0.1661376473241313 0.55751064373712456 0.28211172223914172 -0.11697324325140772 0.58857069025070918 -0.034384575798019651 0.085743690475015802 -0.50373505552768838
leaf_weight=2073 18634 54172 15964 3082 1942271 227515 22286 5282 6372 17244 6095 692238 7623 6883
leaf_count=2073 18634 54172 15964 3082 1942271 227515 22286 5282 6372 17244 6095 692238 7623 6883
internal_value=1.42386e-06 0.0106786 0.00442948 0.0654667 0.00885602 0.0564697 0.147604 0.2413 -0.0321343 -0.0348124 0.0997518 -0.0408909 0.309421 -0.227473
internal_weight=3.02773e+06 2.27264e+06 2.03998e+06 232670 1.9858e+06 229588 43532 27568 755089 748717 32352 716365 13718 24127
internal_count=3027734 2272645 2039975 232670 1985803 229588 43532 27568 755089 748717 32352 716365 13718 24127
is_linear=0
shrinkage=0.02


Tree=66
num_leaves=15
num_cat=0
split_feature=20 4 7 24 22 7 21 7 24 25 25 8 0 7
split_gain=2.3349e+06 2.08148e+06 2.24915e+06 2.7945e+06 2.71329e+06 2.83235e+06 2.51786e+06 2.23331e+06 2.14002e+06 2.0258e+06 1.99141e+06 1.82437e+06 1.81284e+06 1.74462e+06
threshold=12856.801269531252 21.095000267028812 10944.537597656252 10936.284667968752 11019.188964843752 11184.367675781252 11180.262207031252 11056.972167968752 11186.147949218752 0.11634849011898042 0.050157560035586364 0.4720101952552796 3394.5000000000005 10870.473144531252
decision_type=2 2 2 2 2 2 2 2 2 2 2 2 2 2
left_child=1 -1 3 12 7 6 -6 -4 -7 -5 -9 -10 13 -3
right_child=-2 2 4 9 5 8 -8 10 11 -11 -12 -13 -14 -15
leaf_value=-0.017174699170427955 0.27903618428792792 0.034337261857976364 -0.068210034815624335 0.33878397135956689 0.049331074395945092 -0.11938520390734148 0.24407219771504021 -1.0918691695050382 0.325785615490012 -0.141010091979588 -0.056971188586624949 0.0086907397969299208 0.12333280550291388 -0.17281082307273543
leaf_weight=1558144 11938 85799 125558 23092 98389 53063 36369 1623 7305 4147 1368 925353 75530 20056
leaf_count=1558144 11938 85799 125558 23092 98389 53063 36369 1623 7305 4147 1368 925353 75530 20056
internal_value=1.54412e-06 -0.00110393 0.0160748 0.0768609 0.00592117 0.0159059 0.101903 -0.0811034 0.00414827 0.265712 -0.620309 0.0111779 0.0484875 -0.00492283
internal_weight=3.02773e+06 3.0158e+06 1.45765e+06 208624 1.24903e+06 1.12048e+06 134758 128549 985721 27239 2991 932658 181385 105855
internal_count=3027734 3015796 1457652 208624 1249028 1120479 134758 128549 985721 27239 2991 932658 181385 105855
is_linear=0
shrinkage=0.02


Tree=67
num_leaves=15
num_cat=0
split_feature=9 20 0 8 0 20 22 4 8 25 9 8 25 5
split_gain=2.4484e+06 1.47146e+06 1.45937e+06 1.38904e+06 1.45193e+06 1.48508e+06 5.14409e+06 4.53026e+06 2.40091e+06 1.79428e+06 1.67648e+06 1.66308e+06 1.37087e+06 1.32031e+06
threshold=0.55642431974411022 12856.801269531252 1968.5000000000002 -0.95664271712303151 1122.5000000000002 12200.195800781252 12371.583496093752 -123.88499832153319 0.82543140649795543 0.087102096527814879 -0.73642870783805836 0.78062468767166149 0.02143815997987986 0.087500002235174193
decision_type=2 2 2 2 2 2 2 2 2 2 2 2 2 2
left_child=3 2 -2 -1 -5 9 7 -7 11 10 -6 -9 -13 -11
right_child=1 -3 -4 4 5 6 -8 8 -10 13 -12 12 -14 -15
leaf_value=-0.031960237982618364 0.00034444621683859243 0.27090635252755169 -0.057040422249947549 -0.01526663758367851 0.16536552526704049 0.71873367622172379 0.008940712898125671 0.1063955537349103 0.24350678472440934 -0.10339568097108176 0.017330306137297923 -0.89115584306418894 -0.11473116780063908 0.44525632836889983
leaf_weight=274053 295402 6372 443257 457588 31422 6000 204612 29717 49589 61754 1156970 1014 8188 1796
leaf_count=274053 295402 6372 443257 457588 31422 6000 204612 29717 49589 61754 1156970 1014 8188 1796
internal_value=1.49559e-06 -0.0314794 -0.0340915 0.0102764 0.0160391 0.0252748 0.065311 0.18734 0.151239 0.0157088 0.0212458 0.0336426 -0.201165 -0.0878222
internal_weight=3.02773e+06 745031 738659 2.2827e+06 2.00865e+06 1.55106e+06 299120 94508 88508 1.25194e+06 1.18839e+06 38919 9202 63550
internal_count=3027734 745031 738659 2282703 2008650 1551062 299120 94508 88508 1251942 1188392 38919 9202 63550
is_linear=0
shrinkage=0.02


Tree=68
num_leaves=15
num_cat=0
split_feature=9 7 20 23 8 7 20 7 21 7 8 20 7 7
split_gain=2.35195e+06 1.83766e+06 2.77005e+06 2.52334e+06 1.84304e+06 1.50425e+06 1.12925e+07 2.72032e+06 3.55806e+06 2.68217e+06 1.58669e+06 1.43689e+06 1.96947e+06 1.53807e+06
threshold=0.54138559103012096 11196.073242187502 11217.044433593752 11215.680175781252 -0.9504232108592986 11401.172363281252 11420.333007812502 11592.387695312502 11614.302246093752 11392.124023437502 0.4720101952552796 12766.316406250002 12729.046875000002 10776.154296875002
decision_type=2 2 2 2 2 2 2 2 2 2 2 2 2 2
left_child=1 3 -3 -1 -4 6 -6 8 -7 -8 -9 13 -13 -2
right_child=11 2 4 -5 5 7 9 10 -10 -11 -12 12 -14 -15
leaf_value=0.031812023446776569 0.085088533038343309 -0.10069676477134178 -0.043246459836299087 0.30687418874596267 0.027693224944439418 -0.055433185964679471 0.89828852840206053 0.086193409609573418 -0.63119359022194221 0.26918973934815643 0.0087048239204866908 0.54854121779072762 0.045645848645357069 -0.042826829951789228
leaf_weight=684400 39762 105698 257846 13596 176812 146574 7430 123072 4413 4283 748521 3595 22935 688797
leaf_count=684400 39762 105698 257846 13596 176812 146574 7430 123072 4413 4283 748521 3595 22935 688797
internal_value=1.51612e-06 0.0101621 -0.0018117 0.0371742 0.00530418 0.015641 0.0675509 0.00607016 -0.0723021 0.668679 0.0196474 -0.0305793 0.113973 -0.0358446
internal_weight=3.02773e+06 2.27264e+06 1.57465e+06 697996 1.46895e+06 1.2111e+06 188525 1.02258e+06 150987 11713 871593 755089 26530 728559
internal_count=3027734 2272645 1574649 697996 1468951 1211105 188525 1022580 150987 11713 871593 755089 26530 728559
is_linear=0
shrinkage=0.02


Tree=69
num_leaves=15
num_cat=0
split_feature=9 7 7 0 23 7 7 24 7 7 7 23 0 9
split_gain=2.26646e+06 2.06977e+06 3.86165e+06 2.94286e+06 2.17422e+06 3.95084e+06 1.51379e+06 4.23907e+06 2.39955e+06 1.99148e+06 1.87058e+06 1.68247e+06 1.4042e+06 1.39046e+06
threshold=-0.177777424454689 10924.305664062502 10854.779785156252 1968.5000000000002 10944.481933593752 11004.940917968752 11592.387695312502 11580.620117187502 11730.595214843752 11517.458007812502 11406.933593750002 11689.823242187502 3850.5000000000005 0.55642431974411022
decision_type=2 2 2 2 2 2 2 2 2 2 2 2 2 2
left_child=1 2 12 -4 5 -3 7 10 -8 -9 13 -10 -1 -2
right_child=6 4 3 -5 -6 -7 8 9 11 -11 -12 -13 -14 -15
leaf_value=-0.0094310619917542943 0.013853214693773246 -0.07699097370911917 0.041464029255057357 0.38340709909148807 0.01545451453120646 -1.0573193715518936 0.22969492762439053 -0.30282766312637072 0.44724545994554399 -1.017666971976297 -0.10509696636925768 -0.0015309238528212984 0.13193878721137292 -0.038430043735299006
leaf_weight=99371 337434 65277 16587 25615 1178860 1677 18898 8061 3350 1928 110632 608403 39177 512464
leaf_count=99371 337434 65277 16587 25615 1178860 1677 18898 8061 3350 1928 110632 608403 39177 512464
internal_value=1.58123e-06 0.0183339 0.0815779 0.249053 0.00915749 -0.1017 -0.0163316 -0.0320075 0.00779243 -0.441682 -0.0277426 0.000933843 0.0305504 -0.0176721
internal_weight=3.02773e+06 1.42656e+06 180750 42202 1.24581e+06 66954 1.60117e+06 970519 630651 9989 960530 611753 138548 849898
internal_count=3027734 1426564 180750 42202 1245814 66954 1601170 970519 630651 9989 960530 611753 138548 849898
is_linear=0
shrinkage=0.02


Tree=70
num_leaves=15
num_cat=0
split_feature=9 7 19 24 7 22 9 23 19 7 8 7 23 7
split_gain=2.19624e+06 1.75397e+06 3.4938e+06 3.2685e+06 1.94191e+06 3.31392e+06 2.09118e+06 2.95582e+06 2.03641e+06 2.08337e+06 1.78506e+06 1.73101e+06 1.75211e+06 2.4091e+06
threshold=0.51669383049011242 10907.572265625002 10920.942871093752 10920.253417968752 11185.998046875002 11181.509277343752 0.24548286944627765 11009.548828125002 11206.406738281252 11207.812011718752 -0.9504232108592986 10944.537597656252 11020.367675781252 11056.972167968752
decision_type=2 2 2 2 2 2 2 2 2 2 2 2 2 2
left_child=1 3 -3 -1 5 6 11 -8 9 -6 -10 -4 13 -13
right_child=-2 2 4 -5 8 -7 7 -9 10 -11 -12 12 -14 -15
leaf_value=0.049856337721313489 -0.029282180053204987 -0.15449102326109487 0.1393048883524485 0.52653912425686999 -0.018532480943444098 0.22114206187700966 -0.0078924986385903659 0.79441775906965761 -0.04226283265594126 -0.1875844609055374 0.015593983323411487 -0.036158057133615855 0.053946785880208584 -0.60926759609204661
leaf_weight=226316 765443 54172 42450 5894 83783 40409 3993 3391 257846 44719 1234606 131280 130441 2991
leaf_count=226316 765443 54172 42450 5894 83783 40409 3993 3391 257846 44719 1234606 131280 130441 2991
internal_value=1.46068e-06 0.00990963 0.00395355 0.0619778 0.00829827 0.0506677 0.0287608 0.361131 -0.000979985 -0.0773731 0.00559802 0.0207593 0.00174435 -0.0489691
internal_weight=3.02773e+06 2.26229e+06 2.03008e+06 232210 1.97591e+06 354955 314546 7384 1.62095e+06 128502 1.49245e+06 307162 264712 134271
internal_count=3027734 2262291 2030081 232210 1975909 354955 314546 7384 1620954 128502 1492452 307162 264712 134271
is_linear=0
shrinkage=0.02


Tree=71
num_leaves=15
num_cat=0
split_feature=20 9 7 20 24 7 20 21 7 7 20 7 7 21
split_gain=2.18546e+06 2.3015e+06 1.75583e+06 2.53738e+06 2.38359e+06 1.7528e+06 6.14654e+06 3.42241e+06 1.12103e+07 3.05537e+06 3.03058e+06 1.62748e+06 1.60789e+06 3.17274e+06
threshold=12856.801269531252 0.55642431974411022 11196.073242187502 11217.044433593752 11213.994628906252 11366.160644531252 11400.137207031252 11443.998535156252 11403.791015625002 11419.622558593752 11416.383300781252 11438.142578125002 11592.387695312502 11614.302246093752
decision_type=2 2 2 2 2 2 2 2 2 2 2 2 2 2
left_child=1 2 4 -4 -1 6 -5 9 -9 -7 -11 -10 13 -13
right_child=-2 -3 3 5 -6 7 -8 8 11 10 -12 12 -14 -15
leaf_value=0.029907360572846788 0.26995869455174509 -0.031744410383573264 -0.097400825726774623 0.043532089097989723 0.28958938704211618 -0.039020671826005361 0.72985276649423536 1.0405839791446192 0.3153865876525882 -0.52477142588584602 -0.13182671737348176 -0.05321306954718133 0.011259638873898961 -0.60733598203304218
leaf_weight=684557 11938 738659 105808 151449 14427 176883 5396 4203 6789 10379 32184 63126 1017523 4413
leaf_count=684557 11938 738659 105808 151449 14427 176883 5396 4203 6789 10379 32184 63126 1017523 4413
internal_value=1.4783e-06 -0.00106803 0.00888288 -0.00280502 0.0352713 0.00399358 0.067189 -0.00354155 0.010893 -0.0756343 -0.227748 0.00691978 0.00498686 -0.0895043
internal_weight=3.02773e+06 3.0158e+06 2.27714e+06 1.57815e+06 698984 1.47234e+06 156845 1.3155e+06 1.09605e+06 219446 42563 1.09185e+06 1.08506e+06 67539
internal_count=3027734 3015796 2277137 1578153 698984 1472345 156845 1315500 1096054 219446 42563 1091851 1085062 67539
is_linear=0
shrinkage=0.02


Tree=72
num_leaves=15
num_cat=0
split_feature=17 20 9 0 9 19 8 8 0 0 20 21 9 22
split_gain=2.12683e+06 2.05419e+06 2.20306e+06 1.58506e+06 1.55765e+06 1.05888e+06 1.81101e+06 1.00488e+06 1.18952e+06 1.01904e+06 1.14462e+06 3.92668e+06 2.78133e+06 1.83345e+06
threshold=0.20970933139324191 12856.801269531252 0.55642431974411022 2795.5000000000005 0.83586668968200695 12821.599609375002 0.75552397966384899 -0.96539688110351551 2067.5000000000005 1142.5000000000002 12200.195800781252 12361.747070312502 -0.56450200080871571 12273.025390625002
decision_type=2 2 2 2 2 2 2 2 2 2 2 2 2 2
left_child=-1 2 5 4 -4 7 -7 8 -2 -9 -11 12 -12 -14
right_child=1 -3 3 -5 -6 6 -8 9 -10 10 11 -13 13 -15
leaf_value=0.070338147385665434 0.016679817499647538 0.26647991892159228 -0.0047031951031885353 -0.070025520774499056 -0.34102390967794394 -0.048579539721912451 -0.7038703687397313 -0.01585580234925309 -0.073502760707619005 0.010366595132361973 0.0095699953835818134 0.0044755891756790549 0.20357345468613386 0.52598082970153837
leaf_weight=162709 106225 11178 391379 305731 5577 6822 2232 442782 130209 1193401 28790 185155 47252 8292
leaf_count=162709 106225 11178 391379 305731 5577 6822 2232 442782 130209 1193401 28790 185155 47252 8292
internal_value=1.53112e-06 -0.00399321 -0.00505354 -0.0357989 -0.00943683 0.00498969 -0.210723 0.00590243 -0.0329865 0.0107275 0.0187737 0.0560016 0.169113 0.251791
internal_weight=3.02773e+06 2.86502e+06 2.85385e+06 702687 396956 2.15116e+06 9054 2.14211e+06 236434 1.90567e+06 1.46289e+06 269489 84334 55544
internal_count=3027734 2865025 2853847 702687 396956 2151160 9054 2142106 236434 1905672 1462890 269489 84334 55544
is_linear=0
shrinkage=0.02


Tree=73
num_leaves=15
num_cat=0
split_feature=17 4 23 19 8 7 7 7 23 7 7 23 7 7
split_gain=2.04405e+06 1.5563e+06 1.26878e+06 2.60995e+06 1.35589e+06 1.50427e+06 5.41997e+06 2.28747e+06 3.36192e+06 2.74777e+06 1.40365e+06 2.22505e+06 2.84955e+06 1.93316e+06
threshold=0.21417096257209781 -83.395000457763658 12702.984863281252 12702.662109375002 -0.77272132039070118 11001.417480468752 11116.080566406252 11222.835937500002 11215.680175781252 11241.262207031252 12536.370117187502 12224.800781250002 12207.852539062502 11378.328125000002
decision_type=2 2 2 2 2 2 2 2 2 2 2 2 2 2
left_child=-1 2 4 -4 10 -6 -7 -8 9 -9 11 13 -13 -2
right_child=1 -3 3 -5 5 6 7 8 -10 -11 -12 12 -14 -15
leaf_value=0.066436666284416371 0.037736723020616897 0.0033605414334757361 0.77961961693531456 0.044033191316212167 -0.013032345019717428 -0.44691132845949399 0.020274110402111401 -0.16155453407701978 -0.063080561960108708 -0.70619358246341379 -0.15522754637070019 0.62819266506936933 0.079237238340344962 -0.066957891405107953
leaf_weight=174558 124148 2277814 2126 19966 81078 17782 54815 7854 37141 7018 26481 4335 29245 163373
leaf_count=174558 124148 2277814 2126 19966 81078 17782 54815 7854 37141 7018 26481 4335 29245 163373
internal_value=1.4904e-06 -0.00406324 -0.033453 0.115143 -0.0393884 -0.0800875 -0.123713 -0.0698777 -0.164872 -0.418869 -0.0153024 -0.00375827 0.150271 -0.0217522
internal_weight=3.02773e+06 2.85318e+06 575362 22092 553270 205688 124610 106828 52013 14872 347582 321101 33580 287521
internal_count=3027734 2853176 575362 22092 553270 205688 124610 106828 52013 14872 347582 321101 33580 287521
is_linear=0
shrinkage=0.02


Tree=74
num_leaves=15
num_cat=0
split_feature=20 7 19 7 7 7 23 21 7 24 21 23 23 7
split_gain=1.99725e+06 1.71758e+06 8.85252e+06 4.68136e+06 2.34598e+06 4.66516e+06 9.5236e+06 1.93642e+06 3.27723e+06 1.88378e+06 2.40619e+06 1.86913e+06 1.79828e+06 2.25623e+06
threshold=12856.801269531252 11200.020507812502 11198.958007812502 11230.407226562502 11116.080566406252 11009.197265625002 10985.732910156252 11121.713378906252 10998.491210937502 11056.573242187502 11017.984375000002 11047.337402343752 11164.321777343752 11184.367675781252
decision_type=2 2 2 2 2 2 2 2 2 2 2 2 2 2
left_child=1 4 3 -3 5 7 -7 8 -1 10 -10 -8 -6 -14
right_child=-2 2 -4 -5 12 6 11 -9 9 -11 -12 -13 13 -15
leaf_value=0.016126392935147133 0.25807283599406972 -0.13255002081340492 -0.0019034611553905845 -0.49990248357764772 0.00050514257245693698 -0.47569183828382428 -0.078495045187700091 -0.16398311401151985 0.10821475665827732 -0.70253452697014729 0.45984779062971298 0.13377829484919734 0.17932073853112701 0.041930435431532589
leaf_weight=627003 11938 92129 1816074 16330 106162 23648 62220 22055 20447 857 12568 22615 85975 107713
leaf_count=627003 11938 92129 1816074 16330 106162 23648 62220 22055 20447 857 12568 22615 85975 107713
internal_value=1.46368e-06 -0.00102096 -0.0123865 -0.187901 0.019023 0.000972726 -0.120855 0.0203265 0.0264798 0.218069 0.242172 -0.0218987 0.0666626 0.102922
internal_weight=3.02773e+06 3.0158e+06 1.92453e+06 108459 1.09126e+06 791413 108483 682930 660875 33872 33015 84835 299850 193688
internal_count=3027734 3015796 1924533 108459 1091263 791413 108483 682930 660875 33872 33015 84835 299850 193688
is_linear=0
shrinkage=0.02


Tree=75
num_leaves=15
num_cat=0
split_feature=17 21 22 4 13 17 4 21 4 25 4 19 4 19
split_gain=1.95765e+06 1.6254e+06 2.02175e+06 1.72574e+06 1.1844e+06 1.34473e+06 1.1545e+06 913300 1.00796e+06 751999 738041 1.76295e+06 800910 711613
threshold=0.20970933139324191 12775.907714843752 12783.712402343752 -83.395000457763658 -10.299999713897703 0.48455071449279791 251.5299987792969 12731.628417968752 -18.525000572204586 0.045241152867674835 -98.685001373291001 13255.445312500002 41.18499946594239 10817.556640625002
decision_type=2 2 2 2 2 2 2 2 2 2 2 2 2 2
left_child=-1 2 3 4 -2 9 10 -5 -9 13 11 -3 -12 -6
right_child=1 6 -4 7 5 -7 -8 8 -10 -11 12 -13 -14 -15
leaf_value=0.067482674998489686 0.013309712515692832 0.69071155693674258 -0.44201732006731415 0.004671792908571509 -0.26911550016320041 -0.11317414341318757 -0.39534174786499854 0.13565183250418877 -0.10950359782805237 -0.064372823008457883 0.023795402960185036 0.0065479402347366411 0.18715566247880777 0.0039632145285931246
leaf_weight=162709 143349 2820 4237 2177387 3900 110540 1800 7752 49464 150713 28591 3222 20688 160562
leaf_count=162709 143349 2820 4237 2177387 3900 110540 1800 7752 49464 150713 28591 3222 20688 160562
internal_value=1.3775e-06 -0.0038312 -0.00597996 -0.00531942 -0.0364129 -0.0531558 0.101778 0.00259897 -0.0762701 -0.0321028 0.118022 0.326487 0.0924007 -0.00252834
internal_weight=3.02773e+06 2.86502e+06 2.8079e+06 2.80367e+06 569064 425715 57121 2.2346e+06 57216 315175 55321 6042 49279 164462
internal_count=3027734 2865025 2807904 2803667 569064 425715 57121 2234603 57216 315175 55321 6042 49279 164462
is_linear=0
shrinkage=0.02


Tree=76
num_leaves=15
num_cat=0
split_feature=17 20 7 19 7 7 7 22 7 22 21 7 20 7
split_gain=1.88285e+06 1.83814e+06 1.59032e+06 8.10904e+06 4.48043e+06 2.52876e+06 4.36782e+06 8.80329e+06 1.75266e+06 5.73865e+06 2.27186e+06 1.81219e+06 1.69998e+06 2.25324e+06
threshold=0.20480708777904513 12856.801269531252 11200.020507812502 11198.958007812502 11230.407226562502 11116.080566406252 11009.197265625002 10985.015136718752 10998.491210937502 11057.493164062502 11017.984375000002 10974.912109375002 11159.591796875002 11183.221679687502
decision_type=2 2 2 2 2 2 2 2 2 2 2 2 2 2
left_child=-1 2 5 4 -4 6 8 -8 11 10 -10 -2 -7 -14
right_child=1 -3 3 -5 -6 12 7 -9 9 -11 -12 -13 13 -15
leaf_value=0.068977439254857914 0.019566548944254455 0.25146360513549526 -0.1300303772362767 -0.0053308942375451416 -0.4911177315294053 -0.0097830799697295658 -0.46890033851666119 -0.026966428504499804 0.10566983547786359 -0.58838360072052454 0.45602434044463019 -0.087695890061256832 0.17565621228702316 0.041328942062248027
leaf_weight=150424 545436 11247 91391 1708241 16172 86222 23079 82290 19125 3723 12078 71222 84126 122958
leaf_count=150424 545436 11247 91391 1708241 16172 86222 23079 82290 19125 3723 12078 71222 84126 122958
internal_value=1.33317e-06 -0.00360492 -0.00460674 -0.0159371 -0.18436 0.0149823 -0.00433582 -0.123799 0.0149844 0.152793 0.241388 0.00717683 0.0648363 0.0959041
internal_weight=3.02773e+06 2.87731e+06 2.86606e+06 1.8158e+06 107563 1.05026e+06 756953 105369 651584 34926 31203 616658 293306 207084
internal_count=3027734 2877310 2866063 1815804 107563 1050259 756953 105369 651584 34926 31203 616658 293306 207084
is_linear=0
shrinkage=0.02


Tree=77
num_leaves=15
num_cat=0
split_feature=17 21 22 4 21 0 19 21 22 24 1 25 19 4
split_gain=1.81097e+06 1.5456e+06 2.03599e+06 1.62824e+06 1.24215e+06 1.03653e+06 1.37161e+06 1.37694e+06 988519 898794 1.556e+06 976391 855826 852509
threshold=0.21417096257209781 12763.897949218752 12783.712402343752 -83.395000457763658 12731.628417968752 4463.5000000000009 12259.304199218752 12538.906250000002 10955.008789062502 10986.847167968752 75.382617950439467 0.034162214025855071 12563.889160156252 -95.624999999999986
decision_type=2 2 2 2 2 2 2 2 2 2 2 2 2 2
left_child=-1 2 3 5 -5 -2 8 -8 -7 10 -10 -11 -9 -3
right_child=1 13 -4 4 -6 6 7 12 9 11 -12 -13 -14 -15
leaf_value=0.062534047764307793 -0.017498234197552549 0.30809229429918589 -0.46417594066714357 0.0044792563196316901 -0.098584765529575305 0.016220309644929955 0.17313439010536358 -0.75111226188960345 0.0029465603707023919 0.061024400750713456 -0.51718564579179294 -0.12234705830996202 -0.071828405716244548 0.067504912457900523
leaf_weight=174558 388977 6514 3866 2168193 47797 26599 14848 1005 3890 12991 5620 109210 2767 60899
leaf_count=174558 388977 6514 3866 2168193 47797 26599 14848 1005 3890 12991 5620 109210 2767 60899
internal_value=1.26084e-06 -0.00382471 -0.00611475 -0.00547651 0.00225581 -0.0357544 -0.0758869 0.086449 -0.0949847 -0.117442 -0.304647 -0.10285 -0.254327 0.090795
internal_weight=3.02773e+06 2.85318e+06 2.78576e+06 2.7819e+06 2.21599e+06 565907 176930 18620 158310 131711 9510 122201 3772 67413
internal_count=3027734 2853176 2785763 2781897 2215990 565907 176930 18620 158310 131711 9510 122201 3772 67413
is_linear=0
shrinkage=0.02


Tree=78
num_leaves=15
num_cat=0
split_feature=17 5 0 7 19 0 19 23 7 4 5 23 19 7
split_gain=1.75372e+06 1.4169e+06 1.88134e+06 1.12649e+06 4.0658e+06 2.1169e+06 1.69491e+06 1.41947e+06 1.29248e+06 962211 1.94233e+06 1.28599e+06 950751 2.4263e+06
threshold=0.24463218450546267 -0.012499999720603226 4432.5000000000009 10924.305664062502 10942.862304687502 3481.5000000000005 10916.593750000002 10966.417480468752 10977.015136718752 251.5299987792969 0.047500001266598708 10947.936035156252 12259.304199218752 12290.545898437502
decision_type=2 2 2 2 2 2 2 2 2 2 2 2 2 2
left_child=-1 2 -2 4 5 -3 8 -6 -5 -8 11 -11 -4 -14
right_child=1 3 12 6 7 -7 9 -9 -10 10 -12 -13 13 -15
leaf_value=0.047483232674838054 -0.012403748615435292 -0.015214573163646789 -0.107435453589145 -0.083411974640435788 0.57822080763961847 0.13269701516217169 0.0050348527825891118 0.10208240286405124 -0.41190993387652497 -0.85503286903642906 0.067274080912867656 -0.23795926165371356 0.44599404235075396 -0.097415459508324531
leaf_weight=282139 861467 130329 131672 25914 7517 55042 1491466 3761 5870 1711 8190 6351 4551 11754
leaf_count=282139 861467 130329 131672 25914 7517 55042 1491466 3761 5870 1711 8190 6351 4551 11754
internal_value=1.14663e-06 -0.00487829 -0.0237204 0.0060771 0.0511516 0.0287093 0.000319177 0.419671 -0.144191 0.00336654 -0.149645 -0.36982 -0.0895966 0.0544385
internal_weight=3.02773e+06 2.7456e+06 1.00944e+06 1.73615e+06 196649 185371 1.5395e+06 11278 31784 1.50772e+06 16252 8062 147977 16305
internal_count=3027734 2745595 1009444 1736151 196649 185371 1539502 11278 31784 1507718 16252 8062 147977 16305
is_linear=0
shrinkage=0.02


Tree=79
num_leaves=15
num_cat=0
split_feature=17 7 19 7 7 7 22 7 7 22 24 7 19 4
split_gain=1.70339e+06 1.3907e+06 7.63036e+06 3.78492e+06 2.40206e+06 4.18693e+06 8.38872e+06 1.71104e+06 1.70855e+06 5.50663e+06 2.19932e+06 1.6861e+06 1.65607e+06 1.62683e+06
threshold=0.18756919354200366 11200.020507812502 11202.373046875002 11230.407226562502 11116.080566406252 11009.197265625002 10985.015136718752 12757.591308593752 10998.491210937502 11057.493164062502 11016.034667968752 10974.912109375002 11209.443359375002 279.15000915527349
decision_type=2 2 2 2 2 2 2 2 2 2 2 2 2 2
left_child=-1 4 3 -3 5 8 13 -5 11 10 -10 -2 -6 -7
right_child=1 2 -4 7 12 6 -8 -9 9 -11 -12 -13 -14 -15
leaf_value=0.075758402083833373 0.019511074676602749 -0.12069472396272372 -0.0027137955021911174 -0.47201381903041856 0.048889915000965803 -0.5123540308267871 -0.025845420935122165 0.66177532874521017 0.13314083508186653 -0.57458109009577829 0.50576457024943078 -0.083547300609228242 0.21519361655091401 0.039499346076149466
leaf_weight=114231 551927 102911 1731563 17186 269791 20850 82844 541 23008 3740 8740 71746 26277 2379
leaf_count=114231 551927 102911 1731563 17186 269791 20850 82844 541 23008 3740 8740 71746 26277 2379
internal_value=1.0942e-06 -0.0029694 -0.013429 -0.167215 0.0152847 -0.00343088 -0.120045 -0.437058 0.0153363 0.150301 0.235849 0.00765428 0.0636567 -0.455842
internal_weight=3.02773e+06 2.9135e+06 1.8522e+06 120638 1.0613e+06 765234 106073 17727 659161 35488 31748 623673 296068 23229
internal_count=3027734 2913503 1852201 120638 1061302 765234 106073 17727 659161 35488 31748 623673 296068 23229
is_linear=0
shrinkage=0.02


Tree=80
num_leaves=15
num_cat=0
split_feature=9 7 7 4 22 7 7 7 21 7 7 7 22 23
split_gain=1.76553e+06 1.8045e+06 3.60766e+06 2.52036e+06 2.1102e+06 3.23626e+06 1.26813e+06 1.24793e+06 4.60124e+06 2.35651e+06 1.7549e+06 1.64483e+06 8.47521e+06 1.63905e+06
threshold=-0.177777424454689 10924.305664062502 10854.779785156252 57.82500076293946 10935.114746093752 11004.940917968752 10974.912109375002 11592.387695312502 11585.397949218752 11730.595214843752 11517.458007812502 11219.845703125002 11205.838378906252 11689.823242187502
decision_type=2 2 2 2 2 2 2 2 2 2 2 2 2 2
left_child=1 2 -1 -4 5 6 -3 8 11 -9 -10 -2 -13 -11
right_child=7 4 3 -5 -6 -7 -8 9 10 13 -12 12 -14 -15
leaf_value=0.025912912028112044 -0.0022406736466646592 -0.042256417999515995 0.032143556427462319 0.35364343443041235 0.013380432968875467 -1.015739673525095 -0.29278140659241497 0.22739210344841021 -0.3208307221914834 0.4412065368152801 -0.98742342225538327 -0.4195160283315687 -0.031812739869454029 -0.0017407032373423928
leaf_weight=138548 566254 47018 15302 26900 1187519 1526 9751 18898 8668 3350 1928 24009 369660 608403
leaf_count=138548 566254 47018 15302 26900 1187519 1526 9751 18898 8668 3350 1928 24009 369660 608403
internal_value=1.06616e-06 0.0161811 0.0752335 0.237107 0.00761291 -0.109858 -0.0853325 -0.0144146 -0.0286475 0.00748884 -0.442939 -0.0240698 -0.055468 0.000692045
internal_weight=3.02773e+06 1.42656e+06 180750 42202 1.24581e+06 58295 56769 1.60117e+06 970519 630651 10596 959923 393669 611753
internal_count=3027734 1426564 180750 42202 1245814 58295 56769 1601170 970519 630651 10596 959923 393669 611753
is_linear=0
shrinkage=0.02


Tree=81
num_leaves=15
num_cat=0
split_feature=20 9 7 20 19 7 4 19 7 20 7 22 9 22
split_gain=1.75762e+06 1.81647e+06 1.55621e+06 4.02555e+06 3.55244e+06 4.41605e+06 3.08259e+06 1.59346e+06 1.40489e+06 1.75219e+06 1.35213e+06 3.07967e+06 1.96291e+06 2.76902e+06
threshold=12856.801269531252 0.51669383049011242 10870.473144531252 10840.445312500002 10920.942871093752 10920.012207031252 -162.0950012207031 10950.445312500002 10977.015136718752 10856.928222656252 11185.998046875002 11181.509277343752 0.24548286944627765 11008.603515625002
decision_type=2 2 2 2 2 2 2 2 2 2 2 2 2 2
left_child=1 2 3 -1 8 7 -5 -6 9 -4 11 12 -7 -14
right_child=-2 -3 4 6 5 10 -8 -9 -10 -11 -12 -13 13 -15
leaf_value=0.0095278370395789954 0.24209600477124851 -0.027721411525271605 0.16742731040435832 0.91623320690903931 0.17574344613513901 0.012528628766170896 0.1802025937718664 0.64247637228925925 -0.43136675861735607 -0.14260543156383251 -0.0020440933122265843 0.20552833881872914 -0.080438310942803501 0.75478545483248594
leaf_weight=153345 11938 759071 8246 2379 6267 302050 48528 5496 5748 62499 1615388 40409 2961 3409
leaf_count=153345 11938 759071 8246 2379 6267 302050 48528 5496 5748 62499 1615388 40409 2961 3409
internal_value=9.11096e-07 -0.000958213 0.00804392 0.0606904 0.00280452 0.00798178 0.214773 0.394176 -0.130918 -0.106449 0.00566699 0.0413752 0.019862 0.367023
internal_weight=3.02773e+06 3.0158e+06 2.25672e+06 204252 2.05247e+06 1.97598e+06 50907 11763 76493 70745 1.96422e+06 348829 308420 6370
internal_count=3027734 3015796 2256725 204252 2052473 1975980 50907 11763 76493 70745 1964217 348829 308420 6370
is_linear=0
shrinkage=0.02


Tree=82
num_leaves=15
num_cat=0
split_feature=20 9 0 25 9 0 20 20 21 21 24 20 20 5
split_gain=1.68807e+06 1.74468e+06 1.15529e+06 930663 895573 1.1638e+06 854643 2.16832e+06 1.61372e+06 2.40931e+06 1.45597e+06 1.03442e+06 2.36697e+06 870242
threshold=12856.801269531252 0.55642431974411022 1416.5000000000002 0.095504332333803191 -0.72811940312385548 1572.5000000000002 12611.411621093752 12209.585937500002 11614.302246093752 11744.496582031252 12215.510253906252 12792.859863281252 12782.183105468752 -0.047500001266598695
decision_type=2 2 2 2 2 2 2 2 2 2 2 2 2 2
left_child=1 3 -3 4 5 -1 7 8 -4 -10 -11 12 -8 -13
right_child=-2 2 6 -5 -6 -7 11 -9 9 10 -12 13 -14 -15
leaf_value=-0.017625490547078418 0.23725813796109255 0.011728024548725688 -0.051530760036623276 -0.070719864452487194 0.007562841011579443 0.15144422586309064 0.047295297689310782 -0.17470644531546145 0.25925151572700761 -0.044082019953852927 0.43763326613514802 0.4203737964544631 0.63854361742641008 -0.19057204143277204
leaf_weight=27716 11938 212359 380962 58920 2151029 39472 18478 50036 17201 44709 2649 1045 3164 8056
leaf_count=27716 11938 212359 380962 58920 2151029 39472 18478 50036 17201 44709 2649 1045 3164 8056
internal_value=1.06632e-06 -0.000938891 -0.0276478 0.00772504 0.00980901 0.081708 -0.0435357 -0.0498839 -0.0358615 0.0565959 -0.0170498 0.0587745 0.13399 -0.120035
internal_weight=3.02773e+06 3.0158e+06 738659 2.27714e+06 2.21822e+06 67188 526300 495557 445521 64559 47358 30743 21642 9101
internal_count=3027734 3015796 738659 2277137 2218217 67188 526300 495557 445521 64559 47358 30743 21642 9101
is_linear=0
shrinkage=0.02


Tree=83
num_leaves=15
num_cat=0
split_feature=17 20 9 7 19 24 7 1 4 7 19 4 24 19
split_gain=1.62715e+06 1.60003e+06 1.65986e+06 1.58668e+06 3.07677e+06 2.91939e+06 2.00204e+06 1.49127e+06 1.30409e+06 1.24044e+06 2.7473e+06 2.13358e+06 2.15739e+06 1.73406e+06
threshold=0.18756919354200366 12856.801269531252 0.55642431974411022 10907.572265625002 10924.715820312502 10920.253417968752 10920.012207031252 46.450262069702156 -198.745002746582 11196.073242187502 11204.905761718752 -60.31500053405761 11213.994628906252 11002.951660156252
decision_type=2 2 2 2 2 2 2 2 2 2 2 2 2 2
left_child=-1 2 3 5 -5 7 -6 -2 -9 11 -11 13 -13 -8
right_child=1 -3 -4 4 6 -7 9 8 -10 10 -12 12 -14 -15
leaf_value=0.074043594869383375 -0.1478851821319086 0.23272666174055723 -0.030330272368121199 -0.14266675615026553 0.41924517129889938 0.49518984449297138 -0.029074912465658156 0.61213989826634507 0.052920889471224274 -0.1210055052809544 0.00053925456836703505 0.016092339591096839 0.26679854420298382 0.45674397973259739
leaf_weight=114231 15179 11472 713280 59427 4611 5862 4517 1672 202385 78458 1430041 363946 14258 8395
leaf_count=114231 15179 11472 713280 59427 4611 5862 4517 1672 202385 78458 1430041 363946 14258 8395
internal_value=1.155e-06 -0.0029021 -0.00383437 0.00480033 -0.000965183 0.055094 0.00345775 0.0433044 0.0575329 0.00244628 -0.00578311 0.0341857 0.0255506 0.286898
internal_weight=3.02773e+06 2.9135e+06 2.90203e+06 2.18875e+06 1.96365e+06 225098 1.90423e+06 219236 204057 1.89962e+06 1.5085e+06 391116 378204 12912
internal_count=3027734 2913503 2902031 2188751 1963653 225098 1904226 219236 204057 1899615 1508499 391116 378204 12912
is_linear=0
shrinkage=0.02


Tree=84
num_leaves=15
num_cat=0
split_feature=17 20 4 19 4 20 4 4 19 20 21 22 22 19
split_gain=1.5818e+06 1.40768e+06 1.34622e+06 1.06364e+06 1.18589e+06 830934 1.99311e+06 1.42926e+06 1.3575e+06 1.65853e+06 1.01997e+06 928198 855295 757403
threshold=0.24463218450546267 12856.801269531252 -87.805000305175767 12821.599609375002 41.18499946594239 12106.693847656252 -170.77500152587888 -249.54499816894528 12207.005371093752 12175.831054687502 12423.949707031252 12273.025390625002 12732.068359375002 11067.754882812502
decision_type=2 2 2 2 2 2 2 2 2 2 2 2 2 2
left_child=-1 2 5 -4 -5 7 10 -2 9 -8 11 -7 -12 -9
right_child=1 -3 3 4 -6 6 8 13 -10 -11 12 -13 -14 -15
leaf_value=0.045095927240620511 -0.21655294826977575 0.22649644406089117 0.0023171108894100853 -0.11107293165720883 -0.71204489081282873 0.18782362634934477 0.03801361533925264 0.00069808891615004626 -0.06348187703936034 0.57030453934650449 0.016428094001041123 0.59428015611061125 0.84005284617718001 -0.057902301905212249
leaf_weight=282139 18937 10490 2201883 10661 1489 5743 10624 130919 67416 2994 9708 3698 522 270511
leaf_count=282139 18937 10490 2201883 10661 1489 5743 10624 130919 67416 2994 9708 3698 522 270511
internal_value=1.27519e-06 -0.00463282 -0.00552011 0.00128696 -0.18525 -0.0344428 0.0171561 -0.0468042 -0.0266874 0.155375 0.197691 0.347493 0.059236 -0.0387913
internal_weight=3.02773e+06 2.7456e+06 2.7351e+06 2.21403e+06 12150 521072 100705 420367 81034 13618 19671 9441 10230 401430
internal_count=3027734 2745595 2735105 2214033 12150 521072 100705 420367 81034 13618 19671 9441 10230 401430
is_linear=0
shrinkage=0.02


Tree=85
num_leaves=15
num_cat=0
split_feature=9 9 17 0 20 21 4 20 0 4 21 25 4 20
split_gain=1.54751e+06 1.17611e+06 1.12582e+06 1.28637e+06 991711 1.37787e+06 1.31059e+06 1.21612e+06 937455 1.27308e+06 1.40835e+06 1.26e+06 1.11256e+06 1.25735e+06
threshold=-0.177777424454689 0.83586668968200695 0.30347949266433721 4649.5000000000009 12200.195800781252 12187.544433593752 -198.745002746582 12358.885253906252 1770.5000000000002 86.805000305175795 12786.372070312502 0.024285132065415386 133.91500091552737 11390.602050781252
decision_type=2 2 2 2 2 2 2 2 2 2 2 2 2 2
left_child=8 2 -2 -4 -5 -6 7 -7 -1 10 -10 12 -11 -14
right_child=1 -3 3 4 5 6 -8 -9 9 11 -12 -13 13 -15
leaf_value=-0.0062688409563190937 0.019756093616048721 -0.26180047024908476 -0.013443613998635352 -0.094941213314424525 0.74998907294037409 0.6488432996910326 -0.10299207884994183 0.070863293054694715 0.061103209510579383 -0.01497609063110427 0.5542879112496959 0.02536518721049558 -0.063078490853395772 -0.36425741323577954
leaf_weight=519650 343512 7584 1093408 134882 1061 1999 13421 5303 248982 87938 2328 543170 16023 8473
leaf_count=519650 343512 7584 1093408 134882 1061 1999 13421 5303 248982 87938 2328 543170 16023 8473
internal_value=1.3398e-06 -0.0134949 -0.0123115 -0.0211236 -0.0747198 0.0504724 0.0143123 0.229765 0.0151495 0.0274218 0.0656938 0.0127504 -0.0481883 -0.167361
internal_weight=3.02773e+06 1.60117e+06 1.59359e+06 1.25007e+06 156666 21784 20723 7302 1.42656e+06 906914 251310 655604 112434 24496
internal_count=3027734 1601170 1593586 1250074 156666 21784 20723 7302 1426564 906914 251310 655604 112434 24496
is_linear=0
shrinkage=0.02


Tree=86
num_leaves=15
num_cat=0
split_feature=17 20 9 7 23 7 7 7 23 7 7 9 7 19
split_gain=1.5162e+06 1.51836e+06 1.52664e+06 1.63341e+06 5.64927e+06 1.64043e+06 7.22613e+06 1.52461e+06 2.63806e+06 4.46633e+06 2.56328e+06 3.17395e+06 1.49882e+06 2.83784e+06
threshold=0.1529808044433594 12856.801269531252 0.63474419713020336 11219.845703125002 11200.897949218752 11116.080566406252 11009.197265625002 12536.370117187502 12224.800781250002 12204.598144531252 12243.617187500002 -0.3933101743459701 10907.572265625002 10942.862304687502
decision_type=2 2 2 2 2 2 2 2 2 2 2 2 2 2
left_child=-1 2 7 5 -5 6 -4 8 10 -10 12 -12 13 -2
right_child=1 -3 3 4 -6 -7 -8 -9 9 -11 11 -13 -14 -15
leaf_value=0.09482241172538354 0.042297533911295482 0.22426768654855447 0.00023539446706916876 -0.41325889500393098 -0.043932750926491015 0.038969435337324158 -0.34190232220921501 -0.044829302003047293 0.44097700983018073 0.053877624506926999 -1.308585121919686 -0.18959209277321665 -0.0029216677157797677 0.65228948220311633
leaf_weight=65974 240309 11794 177327 18770 140592 153455 28677 234626 12763 179138 1157 7773 1752299 3080
leaf_count=65974 240309 11794 177327 18770 140592 153455 28677 234626 12763 179138 1157 7773 1752299 3080
internal_value=1.39261e-06 -0.00211108 -0.00301691 -0.0341614 -0.0874561 -0.010532 -0.0474064 0.00362962 0.00880606 0.0796447 0.00202434 -0.335876 0.00353802 0.0500433
internal_weight=3.02773e+06 2.96176e+06 2.94997e+06 518821 159362 359459 206004 2.43114e+06 2.19652e+06 191901 2.00462e+06 8930 1.99569e+06 243389
internal_count=3027734 2961760 2949966 518821 159362 359459 206004 2431145 2196519 191901 2004618 8930 1995688 243389
is_linear=0
shrinkage=0.02


Tree=87
num_leaves=15
num_cat=0
split_feature=9 9 23 20 13 0 0 4 25 25 22 9 0 4
split_gain=1.46744e+06 1.12236e+06 988051 1.08836e+06 923592 1.03676e+06 897367 1.21742e+06 1.19981e+06 1.15787e+06 1.26092e+06 1.20686e+06 1.23847e+06 1.04872e+06
threshold=-0.177777424454689 0.83586668968200695 12733.312011718752 12679.673339843752 -9.4999999999999982 2498.5000000000005 1770.5000000000002 86.805000305175795 0.024285132065415386 0.061807917430996902 12783.712402343752 -0.88159248232841481 3016.5000000000005 133.91500091552737
decision_type=2 2 2 2 2 2 2 2 2 2 2 2 2 2
left_child=6 2 4 -4 -2 -6 -1 9 13 11 -11 -8 -13 -9
right_child=1 -3 3 -5 5 -7 7 8 -10 10 -12 12 -14 -15
leaf_value=-0.0062029908129053821 0.010360031853408971 -0.25570664894887291 0.89866618169740009 0.070712082102897825 -0.0047800757732212847 -0.043232535907490481 0.69179195506744695 -0.014807604130869463 0.024722063264619749 -0.053647773102777054 -0.75866366138388386 0.051212101436700276 0.17416895395301701 -0.16275623547391621
leaf_weight=519650 429328 7584 635 41690 557277 564656 1253 87938 543170 14375 1082 195229 39371 24496
leaf_count=519650 429328 7584 635 41690 557277 564656 1253 87938 543170 14375 1082 195229 39371 24496
internal_value=1.31199e-06 -0.0131411 -0.0119852 0.0833437 -0.0145867 -0.024133 0.0147524 0.0267595 0.0124123 0.0641855 -0.103459 0.0751764 0.0718536 -0.047053
internal_weight=3.02773e+06 1.60117e+06 1.59359e+06 42325 1.55126e+06 1.12193e+06 1.42656e+06 906914 655604 251310 15457 235853 234600 112434
internal_count=3027734 1601170 1593586 42325 1551261 1121933 1426564 906914 655604 251310 15457 235853 234600 112434
is_linear=0
shrinkage=0.02


Tree=88
num_leaves=15
num_cat=0
split_feature=20 19 20 9 9 19 19 19 1 9 0 5 0 20
split_gain=1.42304e+06 1.53781e+06 1.73073e+06 1.43889e+06 1.07593e+06 958415 3.37908e+06 2.06551e+06 1.49583e+06 1.31335e+06 1.06886e+06 1.10605e+06 866227 1.03828e+06
threshold=12856.801269531252 13255.445312500002 12700.189941406252 -0.177777424454689 0.83586668968200695 11654.630859375002 11564.162597656252 11724.755371093752 41.655265808105476 0.58100306987762462 4747.5000000000009 -0.022499999962747094 1790.5000000000002 12804.532714843752
decision_type=2 2 2 2 2 2 2 2 2 2 2 2 2 2
left_child=1 3 -3 12 5 6 10 -7 -8 -10 -5 -12 -1 -14
right_child=-2 2 -4 4 -6 7 8 -9 9 -11 11 -13 13 -15
leaf_value=-0.005789904350572991 0.21783855631289167 0.24617234786586525 -0.39375749254929765 -0.012119252444916325 -0.25059924961938718 0.19451796173865521 0.81433865491081692 0.00035653284220129612 -0.44336214149091091 0.14765872147793288 -0.12716239775104771 0.0024597472909661071 0.02885543921989972 -0.18015087711902619
leaf_weight=524257 11938 2167 7586 840532 7584 22747 432 593077 11917 1716 69338 42449 882393 9601
leaf_count=524257 11938 2167 7586 840532 7584 22747 432 593077 11917 1716 69338 42449 882393 9601
internal_value=1.3265e-06 -0.000861693 -0.251464 -4.77816e-05 -0.0131078 -0.0119679 -0.0243937 0.00753145 -0.332017 -0.368915 -0.0198469 -0.0779448 0.0146126 0.0266038
internal_weight=3.02773e+06 3.0158e+06 9753 3.00604e+06 1.58979e+06 1.58221e+06 966384 615824 14065 13633 952319 111787 1.41625e+06 891994
internal_count=3027734 3015796 9753 3006043 1589792 1582208 966384 615824 14065 13633 952319 111787 1416251 891994
is_linear=0
shrinkage=0.02


Tree=89
num_leaves=15
num_cat=0
split_feature=20 9 7 22 7 24 7 7 4 25 7 20 7 20
split_gain=1.36673e+06 1.444e+06 1.58322e+06 5.80757e+06 1.49874e+06 3.0622e+06 4.81423e+06 2.23225e+06 2.67068e+06 1.60234e+06 1.59416e+06 2.40754e+06 2.03381e+06 5.55593e+06
threshold=12856.801269531252 0.63474419713020336 11219.845703125002 11205.838378906252 12536.370117187502 12220.146484375002 12204.598144531252 12243.617187500002 168.81500244140628 0.061286369338631637 11196.073242187502 11217.044433593752 11366.160644531252 11400.137207031252
decision_type=2 2 2 2 2 2 2 2 2 2 2 2 2 2
left_child=1 4 -3 -4 5 7 -7 10 -9 -6 -1 -12 13 -13
right_child=-2 2 3 -5 9 6 -8 8 -10 -11 11 12 -14 -15
leaf_value=0.027089524716990727 0.21348543254963553 -0.0077141701247553833 -0.38597557046354392 -0.035732532538546982 -0.017168690495581146 0.3899124299389804 0.053364213692275647 -0.19929139883278388 -1.360690913485942 -0.14980105570536689 -0.095615968387173664 0.042747538937388384 -0.01134310898452128 0.67562147404946626
leaf_weight=770600 11938 364259 21859 141279 192905 18644 192015 7596 875 44910 117533 154778 982798 5745
leaf_count=770600 11938 364259 21859 141279 192905 18644 192015 7596 875 44910 117533 154778 982798 5745
internal_value=1.31584e-06 -0.000844457 -0.0309051 -0.0826828 0.00552676 0.0105723 0.083167 0.00307525 -0.320722 -0.0422209 0.00442704 -0.00942374 -0.000562436 0.0654384
internal_weight=3.02773e+06 3.0158e+06 527397 163138 2.4884e+06 2.25058e+06 210659 2.03992e+06 8471 237815 2.03145e+06 1.26085e+06 1.14332e+06 160523
internal_count=3027734 3015796 527397 163138 2488399 2250584 210659 2039925 8471 237815 2031454 1260854 1143321 160523
is_linear=0
shrinkage=0.02


Tree=90
num_leaves=15
num_cat=0
split_feature=9 9 19 23 24 19 23 0 23 21 9 25 9 6
split_gain=1.3349e+06 1.02978e+06 979390 1.17066e+06 950102 1.05534e+06 926865 890787 1.00957e+06 1.94011e+06 1.14936e+06 1.03252e+06 1.39959e+06 1.14557e+06
threshold=-0.177777424454689 0.83586668968200695 13255.445312500002 12766.725097656252 12731.313964843752 11854.251464843752 12752.762695312502 1790.5000000000002 12752.762695312502 12731.628417968752 -0.54542985558509816 0.095504332333803191 -0.88159248232841481 104.12598800659181
decision_type=2 2 2 2 2 2 2 2 2 2 2 2 2 2
left_child=2 4 7 -4 -2 -6 -7 -1 9 11 -10 12 -9 -14
right_child=1 -3 3 -5 5 6 -8 8 10 -11 -12 -13 13 -15
leaf_value=-0.0056825509066098867 -0.013914192082820687 -0.2448801547356432 0.17193685419313107 -0.49354484087118156 0.46806071213059192 0.23757930389218807 0.0025436655246740352 0.56673168996717516 0.34962173232750682 -0.14888722241043087 0.05194662540041356 -0.087052375641779228 0.045304940513892111 -0.009626641142619163
leaf_weight=524324 1553282 7584 1578 3169 2668 8731 28905 1951 8111 25283 14380 29655 616646 201467
leaf_count=524324 1553282 7584 1578 3169 2668 8731 28905 1951 8111 25283 14380 29655 616646 201467
internal_value=1.23211e-06 -0.0125337 0.0140704 -0.272424 -0.0114264 0.0844307 0.0571176 0.0150288 0.0271285 0.0237267 0.159407 0.0288644 0.0330572 0.0317776
internal_weight=3.02773e+06 1.60117e+06 1.42656e+06 4747 1.59359e+06 40304 37636 1.42182e+06 897493 875002 22491 849719 820064 818113
internal_count=3027734 1601170 1426564 4747 1593586 40304 37636 1421817 897493 875002 22491 849719 820064 818113
is_linear=0
shrinkage=0.02


Tree=91
num_leaves=15
num_cat=0
split_feature=17 21 22 7 19 7 20 7 22 7 7 22 21 7
split_gain=1.43919e+06 1.32505e+06 1.89004e+06 1.43112e+06 6.85248e+06 4.05079e+06 2.27472e+06 2.7738e+06 9.15785e+06 2.74666e+06 2.59852e+06 2.6981e+06 2.10242e+06 2.08285e+06
threshold=0.18031760305166247 12763.897949218752 12783.712402343752 11200.020507812502 11198.958007812502 11241.262207031252 11159.591796875002 11009.197265625002 10985.015136718752 11132.371582031252 10998.491210937502 11057.493164062502 11017.984375000002 11183.221679687502
decision_type=2 2 2 2 2 2 2 2 2 2 2 2 2 2
left_child=-1 2 3 6 5 -5 7 10 -9 -8 -2 12 -12 -11
right_child=1 -3 -4 4 -6 -7 9 8 -10 13 11 -13 -14 -15
leaf_value=0.073883799927666888 0.0096150311207486693 0.084036570349335593 -0.43366267526980901 -0.13378884587519804 -0.0051061329282644343 -0.58614606782181622 -0.16079871216882721 -0.43913870986241954 -0.016436224088093861 0.16711996570760462 0.10011591994293227 -0.66601833522319798 0.43365827686255665 0.038773910252951287
leaf_weight=101902 609700 68983 4092 98270 1680999 8604 18870 23299 170215 85353 19617 1398 12297 124135
leaf_count=101902 609700 68983 4092 98270 1680999 8604 18870 23299 170215 85353 19617 1398 12297 124135
internal_value=1.26635e-06 -0.00257218 -0.00466377 -0.00404689 -0.0149794 -0.170258 0.014308 -0.000964795 -0.0673496 0.0702531 0.0190144 0.190993 0.228732 0.0910723
internal_weight=3.02773e+06 2.92583e+06 2.85685e+06 2.85276e+06 1.78787e+06 106874 1.06488e+06 836526 193514 228358 643012 33312 31914 209488
internal_count=3027734 2925832 2856849 2852757 1787873 106874 1064884 836526 193514 228358 643012 33312 31914 209488
is_linear=0
shrinkage=0.02


Tree=92
num_leaves=15
num_cat=0
split_feature=9 7 23 7 24 7 24 20 7 20 20 7 25 0
split_gain=1.26156e+06 1.55514e+06 2.31134e+06 2.12119e+06 2.10473e+06 2.0383e+06 1.97683e+06 1.86999e+06 5.00271e+06 7.75676e+06 3.14057e+06 3.01278e+06 1.83615e+06 1.73095e+06
threshold=-0.177777424454689 10944.537597656252 11020.367675781252 11184.367675781252 11202.556152343752 11056.972167968752 10936.284667968752 11248.938476562502 11401.172363281252 11412.229980468752 11404.326171875002 11394.332519531252 0.049752535298466689 3039.5000000000005
decision_type=2 2 2 2 2 2 2 2 2 2 2 2 2 2
left_child=1 6 5 4 -4 -3 13 -5 9 -9 -10 -11 -7 -1
right_child=-2 2 3 7 -6 12 -8 8 10 11 -12 -13 -14 -15
leaf_value=-0.014958394887642555 -0.012184549914287088 -0.058402050004906364 0.059525755455685836 -0.051215070845862139 0.30357157645479765 -1.0429706831910823 0.20989324768900391 0.076169188938577798 -0.87474830476869014 0.89447505081888734 0.0061105524574525073 0.21904052604429677 -0.050209825869462724 0.10604239618021863
leaf_weight=107677 1601170 146171 127801 194136 15885 1606 31164 40423 1613 7641 662705 4047 1385 84310
leaf_count=107677 1601170 146171 127801 194136 15885 1606 31164 40423 1613 7641 662705 4047 1385 84310
internal_value=1.13938e-06 0.0136783 0.00468599 0.015112 0.0865253 -0.0689995 0.0621698 0.00384228 0.0187621 0.207442 0.00395861 0.660993 -0.584973 0.0381811
internal_weight=3.02773e+06 1.42656e+06 1.20341e+06 1.05425e+06 143686 149162 223151 910565 716429 52111 664318 11688 2991 191987
internal_count=3027734 1426564 1203413 1054251 143686 149162 223151 910565 716429 52111 664318 11688 2991 191987
is_linear=0
shrinkage=0.02


Tree=93
num_leaves=15
num_cat=0
split_feature=17 9 7 19 7 19 7 9 7 24 1 7 19 19
split_gain=1.39298e+06 1.24598e+06 1.25782e+06 3.27082e+06 4.59818e+06 3.26962e+06 1.38505e+06 1.77559e+06 1.28185e+06 1.39619e+06 1.05267e+06 979016 2.38713e+06 1.72001e+06
threshold=0.24463218450546267 0.55642431974411022 10870.473144531252 10924.715820312502 10920.012207031252 10839.434570312502 10839.885253906252 0.24548286944627765 10977.015136718752 10848.885253906252 46.450262069702156 11196.073242187502 11204.905761718752 11002.951660156252
decision_type=2 2 2 2 2 2 2 2 2 2 2 2 2 2
left_child=-1 2 5 8 -5 10 7 -7 9 -4 -2 13 -13 -6
right_child=1 -3 3 4 11 6 -8 -9 -10 -11 -12 12 -14 -15
leaf_value=0.042318744648375928 -0.15627307726223391 -0.027808366638097423 0.17599903871593456 0.43683907401447286 -0.028610809175635268 0.13422335633754423 0.14950861297204016 0.71514096626647883 -0.41369569642719123 -0.13169964773867049 0.024895994700755188 -0.11536064973049018 0.00025654248147562479 0.062080242803810297
leaf_weight=282139 14246 680918 6459 9755 127979 4071 34870 4360 5783 67039 128134 75428 1345096 241457
leaf_count=282139 14246 680918 6459 9755 127979 4071 34870 4360 5783 67039 128134 75428 1345096 241457
internal_value=1.10151e-06 -0.00434762 0.00338969 -0.00151762 0.004021 0.0530466 0.20521 0.435132 -0.127232 -0.104639 0.00675907 0.00165977 -0.00588334 0.0306633
internal_weight=3.02773e+06 2.7456e+06 2.06468e+06 1.879e+06 1.79972e+06 185681 43301 8431 79281 73498 142380 1.78996e+06 1.42052e+06 369436
internal_count=3027734 2745595 2064677 1878996 1799715 185681 43301 8431 79281 73498 142380 1789960 1420524 369436
is_linear=0
shrinkage=0.02


Tree=94
num_leaves=15
num_cat=0
split_feature=17 21 22 9 20 9 17 16 20 20 25 20 8 20
split_gain=1.36414e+06 1.29773e+06 1.84138e+06 1.41109e+06 1.23955e+06 1.03795e+06 943852 1.20875e+06 910346 1.2808e+06 943451 908497 892596 818173
threshold=0.14067238569259646 12763.897949218752 12783.712402343752 0.63474419713020336 12804.532714843752 -0.54542985558509816 0.49675209820270544 -4.0999999046325675 12792.859863281252 12856.801269531252 0.059205520898103721 12782.183105468752 -0.95664271712303151 11341.993652343752
decision_type=2 2 2 2 2 2 2 2 2 2 2 2 2 2
left_child=-1 2 3 4 12 -3 -5 -8 11 10 -10 -7 13 -2
right_child=1 5 -4 6 -6 8 7 -9 9 -11 -12 -13 -14 -15
leaf_value=0.099501287828703336 0.042789925989951703 0.25148963876714109 -0.42338374157047753 -0.020353070148241992 -0.31153193038668586 0.053711135927666319 -0.0013937475154359921 -0.14626186060876817 -0.03515473982167247 0.19636983072586323 -0.35818267326008096 0.30957959227932996 0.0080439389374084014 -0.047956320216301009
leaf_weight=54120 48828 12116 4169 402485 4988 16630 37719 59184 20502 8165 4382 8326 2132724 213396
leaf_count=54120 48828 12116 4169 402485 4988 16630 37719 59184 20502 8165 4382 8326 2132724 213396
internal_value=1.13695e-06 -0.0018101 -0.00386349 -0.00325878 0.00310596 0.0832026 -0.0338457 -0.0898789 0.0480134 -0.0208388 -0.0921609 0.139166 0.00376257 -0.0310577
internal_weight=3.02773e+06 2.97361e+06 2.90349e+06 2.89932e+06 2.39994e+06 70121 499388 96903 58005 33049 24884 24956 2.39495e+06 262224
internal_count=3027734 2973614 2903493 2899324 2399936 70121 499388 96903 58005 33049 24884 24956 2394948 262224
is_linear=0
shrinkage=0.02


Tree=95
num_leaves=15
num_cat=0
split_feature=17 9 7 21 23 7 7 9 21 0 23 7 22 7
split_gain=1.31429e+06 1.17786e+06 1.18077e+06 3.17563e+06 2.4017e+06 1.6084e+06 1.5822e+06 1.40091e+06 1.08949e+06 1.0206e+06 1.508e+06 1.74587e+06 5.50458e+06 1.83088e+06
threshold=0.25242982804775244 0.55642431974411022 10870.473144531252 10840.573242187502 10899.366210937502 10899.808593750002 10977.015136718752 -0.3933101743459701 10940.482910156252 1396.5000000000002 12672.285156250002 11219.845703125002 11204.361816406252 11116.080566406252
decision_type=2 2 2 2 2 2 2 2 2 2 2 2 2 2
left_child=-1 2 3 -2 6 8 7 -4 -6 -3 11 13 -13 -11
right_child=1 9 4 -5 5 -7 -8 -9 -10 10 -12 12 -14 -15
leaf_value=0.03846528862468649 0.0046641575464141131 0.012072385759761285 0.010185155431017381 0.1994877492463466 0.059311579947691144 0.00094539933107182304 -0.48275786058470377 -0.21470228442484959 0.60108270544130371 -0.062784037336442347 0.10303985471987993 -0.40606163264080897 -0.059326130076874158 0.039492487059635338
leaf_weight=318003 139260 188075 22189 44043 2970 1799028 4837 22119 2964 175229 26774 20959 144701 116583
leaf_count=318003 139260 188075 22189 44043 2970 1799028 4837 22119 2964 175229 26774 20959 144701 116583
internal_value=1.08877e-06 -0.00451303 0.00306165 0.0514837 -0.00172575 0.00203062 -0.13966 -0.102104 0.330483 -0.0274672 -0.0428238 -0.0513628 -0.103216 -0.0219231
internal_weight=3.02773e+06 2.70973e+06 2.03741e+06 183303 1.85411e+06 1.80496e+06 49145 44308 5934 672321 484246 457472 165660 291812
internal_count=3027734 2709731 2037410 183303 1854107 1804962 49145 44308 5934 672321 484246 457472 165660 291812
is_linear=0
shrinkage=0.02


Tree=96
num_leaves=15
num_cat=0
split_feature=17 21 7 22 7 7 4 4 7 19 7 23 7 7
split_gain=1.28955e+06 1.22639e+06 1.85311e+06 2.27568e+06 5.0192e+06 2.77354e+06 2.78015e+06 1.73479e+06 1.50211e+06 6.29363e+06 3.96202e+06 2.03542e+06 2.63378e+06 2.13124e+06
threshold=0.14067238569259646 12763.897949218752 12542.096191406252 12224.837890625002 12204.598144531252 12243.617187500002 151.1549987792969 -272.63999938964838 11200.020507812502 11198.958007812502 11241.262207031252 11164.321777343752 11132.371582031252 11009.197265625002
decision_type=2 2 2 2 2 2 2 2 2 2 2 2 2 2
left_child=-1 2 3 5 -5 7 -7 -2 11 10 -10 13 -13 -9
right_child=1 -3 -4 4 -6 6 -8 8 9 -11 -12 12 -14 -15
leaf_value=0.096742465213023612 -0.26532684716962374 0.080883221883027934 -0.062556823248893931 0.43290458346909949 0.037603712642508842 -0.21701983137111808 -1.2718078552082899 0.019551193365289214 -0.12851165168315828 -0.00389658663813252 -0.58531272047548821 -0.1569067764849775 0.092681208247409774 -0.053534807442052225
leaf_weight=54120 10072 70121 199635 13690 206678 9232 1112 652398 98488 1280846 8221 18524 193325 211272
leaf_count=54120 10072 70121 199635 13690 206678 9232 1112 652398 98488 1280846 8221 18524 193325 211272
internal_value=1.05716e-06 -0.00175996 -0.00375611 0.000585549 0.0621798 -0.00488012 -0.331532 -0.00351255 -0.00244086 -0.0161916 -0.163756 0.0152993 0.0708509 0.00167237
internal_weight=3.02773e+06 2.97361e+06 2.90349e+06 2.70386e+06 220368 2.48349e+06 10344 2.47315e+06 2.46307e+06 1.38756e+06 106709 1.07552e+06 211849 863670
internal_count=3027734 2973614 2903493 2703858 220368 2483490 10344 2473146 2463074 1387555 106709 1075519 211849 863670
is_linear=0
shrinkage=0.02


Tree=97
num_leaves=15
num_cat=0
split_feature=20 7 23 7 20 7 22 7 7 22 21 7 5 21
split_gain=1.18444e+06 1.22735e+06 5.50984e+06 3.70105e+06 1.89745e+06 2.71116e+06 8.94898e+06 2.49398e+06 2.44879e+06 2.56624e+06 2.03353e+06 1.94108e+06 1.69254e+06 1.61699e+06
threshold=12856.801269531252 11200.020507812502 11199.000488281252 11241.262207031252 11159.591796875002 11009.197265625002 10985.015136718752 11132.371582031252 10998.491210937502 11057.493164062502 11017.984375000002 11183.221679687502 0.092500001192092909 10948.645019531252
decision_type=2 2 2 2 2 2 2 2 2 2 2 2 2 2
left_child=1 4 3 -3 5 8 13 -6 12 10 -10 -9 -1 -7
right_child=-2 2 -4 -5 7 6 -8 11 9 -11 -12 -13 -14 -15
leaf_value=0.0095841818857528554 0.19873824312119864 -0.11541849320162603 -0.0021982769069663166 -0.55036641788596796 -0.15181308140851388 -0.99608074454314122 -0.012946812062783683 0.1596865336225767 0.098557107903853358 -0.65029164373874671 0.42181497016437985 0.036406240601554382 0.34074812658242254 -0.37971017100069077
leaf_weight=623394 11938 98125 1817913 8495 19075 1843 173368 86552 20447 1398 12568 124681 6225 21712
leaf_count=623394 11938 98125 1817913 8495 19075 1843 173368 86552 20447 1398 12568 124681 6225 21712
internal_value=9.04353e-07 -0.000786445 -0.0103941 -0.150122 0.0161573 0.00251698 -0.0626535 0.0671461 0.0218444 0.186101 0.221705 0.0869252 0.0128638 -0.42834
internal_weight=3.02773e+06 3.0158e+06 1.92453e+06 106620 1.09126e+06 860955 196923 230308 664032 34413 33015 211233 629619 23555
internal_count=3027734 3015796 1924533 106620 1091263 860955 196923 230308 664032 34413 33015 211233 629619 23555
is_linear=0
shrinkage=0.02


Tree=98
num_leaves=15
num_cat=0
split_feature=17 0 7 19 7 20 7 23 7 7 24 19 7 24
split_gain=1.24061e+06 1.1644e+06 1.1786e+06 5.90025e+06 2.7691e+06 1.81485e+06 2.42561e+06 7.65628e+06 2.39344e+06 2.37135e+06 2.47044e+06 1.91525e+06 1.86594e+06 1.67631e+06
threshold=0.12490246072411539 8211.0000000000018 11200.020507812502 11202.373046875002 11230.407226562502 11159.591796875002 11009.197265625002 10985.732910156252 11132.371582031252 10998.491210937502 11056.573242187502 11030.932128906252 11183.221679687502 10948.335449218752
decision_type=2 2 2 2 2 2 2 2 2 2 2 2 2 2
left_child=-1 2 5 4 -4 6 9 13 -7 -2 11 -11 -10 -8
right_child=1 -3 3 -5 -6 8 7 -9 12 10 -12 -13 -14 -15
leaf_value=0.10827398012134772 0.011969220808760256 -0.2052023902260626 -0.105429199313869 -0.0010121943547885192 -0.3749214229566053 -0.14880049703074857 -0.96059764509220313 -0.014064184014733024 0.15662995954208608 0.1344234566564485 -0.63737818289886827 0.49712218605958075 0.03568080555008786 -0.35220719196270606
leaf_weight=41737 613720 11174 103261 1781631 17888 19057 1982 171529 86369 25203 1398 7569 124666 20550
leaf_count=41737 613720 11174 103261 1781631 17888 19057 1982 171529 86369 25203 1398 7569 124666 20550
internal_value=7.80721e-07 -0.00151297 -0.000747177 -0.0101964 -0.145248 0.0160242 0.00242038 -0.0596044 0.0658008 0.0209992 0.183133 0.218319 0.0851861 -0.406127
internal_weight=3.02773e+06 2.986e+06 2.97482e+06 1.90278e+06 121149 1.07204e+06 841951 194061 230092 647890 34170 32772 211035 22532
internal_count=3027734 2985997 2974823 1902780 121149 1072043 841951 194061 230092 647890 34170 32772 211035 22532
is_linear=0
shrinkage=0.02


Tree=99
num_leaves=15
num_cat=0
split_feature=17 21 20 4 4 13 14 19 4 19 4 25 19 19
split_gain=1.20451e+06 1.11996e+06 1.12628e+06 1.61534e+06 985600 961174 1.05745e+06 864075 716492 1.66994e+06 674082 668112 886525 798273
threshold=0.22614261507987979 12763.897949218752 12804.532714843752 140.95500183105472 -87.805000305175767 -10.499999999999998 0.67195636034011852 12719.038574218752 -95.624999999999986 13255.445312500002 -249.54499816894528 0.044924495741724975 10817.556640625002 10792.696289062502
decision_type=2 2 2 2 2 2 2 2 2 2 2 2 2 2
left_child=-1 2 4 -4 5 -2 11 -6 9 -3 -8 12 13 -7
right_child=1 8 3 -5 7 6 10 -9 -10 -11 -12 -13 -14 -15
leaf_value=0.046056412162274935 0.017346415491155839 0.61611233690659784 -0.053302552889775499 -0.82300428920061641 0.0028710072249901737 -0.13770630904784972 -0.42271374532854855 -0.081078858428625389 0.056254632224355873 -0.033039702111643421 -0.10781038025176171 -0.059567497971684369 0.0043735124129517288 -0.7787661374690299
leaf_weight=211283 131771 3048 3309 1618 2166958 3538 2849 50168 60353 3289 56204 167976 164382 988
leaf_count=211283 131771 3048 3309 1618 2166958 3538 2849 50168 60353 3289 56204 167976 164382 988
internal_value=6.42027e-07 -0.00345449 -0.00541872 -0.307227 -0.00487584 -0.0294408 -0.045012 0.000971066 0.0775228 0.279668 -0.123072 -0.0313254 -0.00323719 -0.279059
internal_weight=3.02773e+06 2.81645e+06 2.74976e+06 4927 2.74483e+06 527708 395937 2.21713e+06 66690 6337 59053 336884 168908 4526
internal_count=3027734 2816451 2749761 4927 2744834 527708 395937 2217126 66690 6337 59053 336884 168908 4526
is_linear=0
shrinkage=0.02


Tree=100
num_leaves=15
num_cat=0
split_feature=20 19 20 9 7 19 21 7 7 19 7 19 7 19
split_gain=1.11972e+06 1.36379e+06 1.59998e+06 1.07616e+06 1.37942e+06 2.82773e+06 2.13472e+06 1.96927e+06 2.14042e+06 1.87929e+06 1.87761e+06 1.79863e+06 2.20188e+06 9.46074e+06
threshold=12856.801269531252 13255.445312500002 12700.189941406252 -0.177777424454689 10944.537597656252 10950.445312500002 11022.009765625002 10920.012207031252 10937.421875000002 10976.365722656252 11183.221679687502 11206.406738281252 11438.142578125002 11450.723632812502
decision_type=2 2 2 2 2 2 2 2 2 2 2 2 2 2
left_child=1 3 -3 4 5 -1 -6 -7 -9 -10 -8 -12 13 -13
right_child=-2 2 -4 -5 6 7 10 8 9 -11 11 12 -14 -15
leaf_value=0.032779911039764187 0.1932323591324841 0.24169192882890433 -0.37357860293747436 -0.011293138900140696 -0.065533451518692887 0.5916682943352084 0.084617839333887251 0.030077596122835667 -0.017979064243330324 0.738389231914512 -0.061593941243208689 0.045598312285985952 0.00021450718596712658 0.72703592918789228
leaf_weight=197721 11938 2167 7586 1589792 153276 5496 132901 14055 1978 3901 140716 130617 626908 8682
leaf_count=197721 11938 2167 7586 1589792 153276 5496 132901 14055 1978 3901 140716 130617 626908 8682
internal_value=5.12812e-07 -0.000765025 -0.236763 1.44115e-06 0.01268 0.0583189 0.00414352 0.256796 0.164217 0.484306 0.0144149 0.00412643 0.0161968 0.0881191
internal_weight=3.02773e+06 3.0158e+06 9753 3.00604e+06 1.41625e+06 223151 1.1931e+06 25430 19934 5879 1.03982e+06 906923 766207 139299
internal_count=3027734 3015796 9753 3006043 1416251 223151 1193100 25430 19934 5879 1039824 906923 766207 139299
is_linear=0
shrinkage=0.02


Tree=101
num_leaves=15
num_cat=0
split_feature=17 0 7 23 7 23 7 7 23 7 24 4 24 9
split_gain=1.16608e+06 1.11078e+06 1.11684e+06 5.01018e+06 3.49155e+06 1.75588e+06 2.31572e+06 2.00603e+06 7.50608e+06 2.2638e+06 2.43462e+06 1.85641e+06 1.91505e+06 1.67345e+06
threshold=0.1529808044433594 8211.0000000000018 11200.020507812502 11199.000488281252 11230.407226562502 11164.321777343752 11132.371582031252 11009.197265625002 10985.732910156252 10998.491210937502 11056.573242187502 -103.63499832153319 10982.573730468752 -0.65761160850524891
decision_type=2 2 2 2 2 2 2 2 2 2 2 2 2 2
left_child=-1 2 5 4 -4 7 -7 9 13 -2 11 12 -11 -9
right_child=1 -3 3 -5 -6 6 -8 8 -10 10 -12 -13 -14 -15
leaf_value=0.083155900407040101 0.011186472883448212 -0.20165539628558102 -0.095186242745891575 -0.0023731082461545005 -0.41457035386680779 -0.14692449689816534 0.087310656880787929 0.031263640736777412 -0.0098337316811692461 -0.11863928424712888 -0.6251541230814136 0.14239676285396888 0.7259200125909625 -0.4660114010734539
leaf_weight=65974 609964 11078 90426 1777704 16127 18491 193104 3146 188519 1393 1432 26405 4641 19330
leaf_count=65974 609964 11078 90426 1777704 16127 18491 193104 3146 188519 1393 1432 26405 4641 19330
internal_value=6.45446e-07 -0.00185193 -0.0011011 -0.0103578 -0.14356 0.0152545 0.0668351 0.00248613 -0.0510317 0.0200253 0.179148 0.214836 0.531069 -0.396423
internal_weight=3.02773e+06 2.96176e+06 2.95068e+06 1.88426e+06 106553 1.06642e+06 211595 854830 210995 643835 33871 32439 6034 22476
internal_count=3027734 2961760 2950682 1884257 106553 1066425 211595 854830 210995 643835 33871 32439 6034 22476
is_linear=0
shrinkage=0.02


Tree=102
num_leaves=15
num_cat=0
split_feature=17 0 16 5 0 17 25 24 17 0 8 8 17 23
split_gain=1.1368e+06 1.03019e+06 986293 906343 949080 729843 712536 623512 590113 524170 550028 934666 600530 591443
threshold=0.25242982804775244 8211.0000000000018 -17.30000019073486 -0.027499999850988385 4523.5000000000009 0.5396258831024171 0.043664162978529937 10969.598144531252 0.1045464798808098 1611.5000000000002 -0.80624723434448231 -0.9453720450401305 0.50542390346527111 10772.651367187502
decision_type=2 2 2 2 2 2 2 2 2 2 2 2 2 2
left_child=8 2 5 4 9 -2 7 -6 -1 -4 11 -11 -12 -14
right_child=1 -3 3 -5 6 -7 -8 -9 -10 10 12 -13 13 -15
leaf_value=0.12014669953841324 0.0093289916214996677 -0.20518225436217019 0.005926451031227015 -0.0011703322992449466 -0.13511206697938372 0.069826773635547984 -0.12689590586272112 0.10911713947635258 0.026974911265622237 -0.054486815773291966 -0.041321613418260891 0.045552063727852365 0.098127281965684154 -0.16382086583372904
leaf_weight=30018 314861 10153 193910 1686342 6706 106820 61149 11069 287985 80266 133822 69865 3874 30894
leaf_count=30018 314861 10153 193910 1686342 6706 106820 61149 11069 287985 80266 133822 69865 3874 30894
internal_value=5.66151e-07 -0.0041977 -0.00344104 -0.00864235 -0.0299424 0.0246556 -0.0945009 0.0169511 0.0357735 -0.0200013 -0.0357756 -0.00793263 -0.0605679 -0.134613
internal_weight=3.02773e+06 2.70973e+06 2.69958e+06 2.2779e+06 591555 421681 78924 17775 318003 512631 318721 150131 168590 34768
internal_count=3027734 2709731 2699578 2277897 591555 421681 78924 17775 318003 512631 318721 150131 168590 34768
is_linear=0
shrinkage=0.02


Tree=103
num_leaves=15
num_cat=0
split_feature=20 19 20 9 0 9 22 21 0 20 9 19 0 9
split_gain=1.07699e+06 1.30516e+06 1.53512e+06 1.06242e+06 1.02231e+06 884304 891334 860665 831744 929986 859354 1.38615e+06 787273 786256
threshold=12856.801269531252 13255.445312500002 12700.189941406252 0.83586668968200695 8211.0000000000018 -0.177777424454689 12732.068359375002 12731.628417968752 1810.5000000000002 12804.532714843752 -0.72811940312385548 10792.696289062502 1710.5000000000002 -0.58503037691116322
decision_type=2 2 2 2 2 2 2 2 2 2 2 2 2 2
left_child=1 3 -3 4 5 8 -7 -8 -1 10 11 -10 -2 -11
right_child=12 2 -4 -5 -6 6 7 -9 9 13 -12 -13 -14 -15
leaf_value=-0.0069909641996692296 -0.23613995360230144 0.23703647276685225 -0.36563376507550677 -0.23626174348214382 -0.18728190329088834 -0.011156723895921801 0.82904199408572299 0.080617710546056098 -0.3669970850824032 0.28825980876748003 0.022709128621287468 0.15294633097281474 0.25131392708665679 -0.24302819675530174
leaf_weight=530017 1510 2167 7586 7584 11530 1542239 617 31526 2172 1279 836525 34292 10428 8262
leaf_count=530017 1510 2167 7586 7584 11530 1542239 617 31526 2172 1279 836525 34292 10428 8262
internal_value=5.38646e-07 -0.000750251 -0.23162 -4.27631e-07 0.000597927 0.0013238 -0.00898394 0.0952381 0.0128125 0.0247057 0.0268529 0.121883 0.18951 -0.171578
internal_weight=3.02773e+06 3.0158e+06 9753 3.00604e+06 2.99846e+06 2.98693e+06 1.57438e+06 32143 1.41255e+06 882530 872989 36464 11938 9541
internal_count=3027734 3015796 9753 3006043 2998459 2986929 1574382 32143 1412547 882530 872989 36464 11938 9541
is_linear=0
shrinkage=0.02


Tree=104
num_leaves=15
num_cat=0
split_feature=17 21 7 19 7 4 23 7 7 4 4 7 7 21
split_gain=1.09187e+06 1.02583e+06 1.55589e+06 2.08616e+06 2.44592e+06 3.87045e+06 2.07862e+06 1.99617e+06 1.56485e+06 1.47707e+06 1.42887e+06 1.25626e+06 1.19771e+06 1.17513e+06
threshold=0.25495788455009466 12763.897949218752 12542.096191406252 12295.004882812502 12243.617187500002 125.89500045776369 12224.800781250002 12279.800292968752 12219.598144531252 -272.63999938964838 -46.985000610351555 12255.314941406252 12729.046875000002 12220.252441406252
decision_type=2 2 2 2 2 2 2 2 2 2 2 2 2 2
left_child=-1 2 3 4 6 10 9 -5 -8 -2 11 -6 -3 -10
right_child=1 12 -4 7 5 -7 8 -9 13 -11 -12 -13 -14 -15
leaf_value=0.034329747810724121 -0.25499194391843744 0.2498077611950496 -0.061764251360592909 0.30951768200056085 -0.10082872910394271 -1.1594985007340659 0.26701849536311945 0.050446869220662584 0.37601328051772032 -0.004945777692463388 -0.046334176505328957 -0.51876338449362158 0.032210780475059028 -0.023409896396574609
leaf_weight=330174 9480 12554 186814 13368 5785 1475 19340 107501 3382 2228190 29527 5725 52002 22417
leaf_count=330174 9480 12554 186814 13368 5785 1475 19340 107501 3382 2228190 29527 5725 52002 22417
internal_value=5.4137e-07 -0.00420136 -0.00613269 -0.00188389 -0.00609494 -0.156387 -0.00329541 0.0791233 0.13106 -0.00600625 -0.120058 -0.308978 0.0745586 0.0290753
internal_weight=3.02773e+06 2.69756e+06 2.633e+06 2.44619e+06 2.32532e+06 42512 2.28281e+06 120869 45139 2.23767e+06 41037 11510 64556 25799
internal_count=3027734 2697560 2633004 2446190 2325321 42512 2282809 120869 45139 2237670 41037 11510 64556 25799
is_linear=0
shrinkage=0.02


Tree=105
num_leaves=15
num_cat=0
split_feature=17 9 0 9 24 19 23 19 19 8 0 4 23 0
split_gain=1.07234e+06 1.00876e+06 977838 801045 794335 958608 859068 819060 780446 1.05287e+06 755515 1.41851e+06 1.10388e+06 1.20408e+06
threshold=0.12490246072411539 0.83586668968200695 8211.0000000000018 -0.177777424454689 12731.313964843752 11854.251464843752 12752.762695312502 12731.770019531252 13255.445312500002 0.75086346268653881 1790.5000000000002 75.625000000000014 12176.888183593752 2439.5000000000005
decision_type=2 2 2 2 2 2 2 2 2 2 2 2 2 2
left_child=-1 2 3 8 -5 -6 7 -7 10 -10 -2 12 -12 -14
right_child=1 -3 -4 4 5 6 -8 -9 9 -11 11 -13 13 -15
leaf_value=0.10066305390816949 -0.0074591625620350445 -0.23183652045443165 -0.18747901889780905 -0.012266269310055896 0.44417798096864369 0.46521943694045137 -0.00081824951884123338 0.065508977961162618 -0.015584876980079036 -0.63107924950042105 0.051070950640503245 0.010823772754558038 0.086300927813716233 0.34423329686525561
leaf_weight=41737 517930 7570 11174 1523185 2664 3452 28396 5040 2985 1762 133767 717282 19151 11639
leaf_count=41737 517930 7570 11174 1523185 2664 3452 28396 5040 2985 1762 133767 717282 19151 11639
internal_value=4.73997e-07 -0.00140687 -0.000820425 -0.000116875 -0.00996833 0.0785076 0.0519857 0.22835 0.0108443 -0.244896 0.0117134 0.022974 0.075931 0.183883
internal_weight=3.02773e+06 2.986e+06 2.97843e+06 2.96725e+06 1.56274e+06 39552 36888 8492 1.40452e+06 4747 1.39977e+06 881839 164557 30790
internal_count=3027734 2985997 2978427 2967253 1562737 39552 36888 8492 1404516 4747 1399769 881839 164557 30790
is_linear=0
shrinkage=0.02


Tree=106
num_leaves=15
num_cat=0
split_feature=17 21 7 21 7 7 4 9 21 21 7 7 4 21
split_gain=1.0374e+06 1.02334e+06 1.64071e+06 1.57154e+06 3.14175e+06 2.52332e+06 3.90761e+06 1.90605e+06 1.18137e+06 1.15713e+06 1.14487e+06 1.13393e+06 1.20298e+06 1.11202e+06
threshold=0.19968368113040927 12763.897949218752 12542.096191406252 12278.044433593752 12279.800292968752 12243.617187500002 125.89500045776369 -0.44019870460033411 12300.630371093752 12561.465332031252 12729.046875000002 12604.493164062502 -72.435001373291001 12180.979492187502
decision_type=2 2 2 2 2 2 2 2 2 2 2 2 2 2
left_child=-1 2 3 5 7 13 -7 -5 -6 11 -3 12 -4 -2
right_child=1 10 9 4 8 6 -8 -9 -10 -11 -12 -13 -14 -15
leaf_value=0.053442768075436992 -0.0048635879386519799 0.24259846025589418 -0.31108013271532725 0.055253702392137206 -0.26856783882996554 -0.13161655498943881 -1.143813596493553 0.48382382148710079 0.041881947523838725 -0.03642446901041365 0.034152310869432032 -0.53732415230724306 -0.052790179249754828 0.056249273642400434
leaf_weight=138628 2325988 13022 10154 6831 5100 28574 1602 10582 121074 157742 55138 2922 24861 125516
leaf_count=138628 2325988 13022 10154 6831 5100 28574 1602 10582 121074 157742 55138 2922 24861 125516
internal_value=4.96389e-07 -0.00256399 -0.00441435 -0.000250023 0.0640788 -0.00397226 -0.185714 0.315828 0.029313 -0.0602808 0.0740061 -0.159439 -0.12776 -0.00173441
internal_weight=3.02773e+06 2.88911e+06 2.82095e+06 2.62527e+06 143587 2.48168e+06 30176 17413 126174 195679 68160 37937 35015 2.4515e+06
internal_count=3027734 2889106 2820946 2625267 143587 2481680 30176 17413 126174 195679 68160 37937 35015 2451504
is_linear=0
shrinkage=0.02


Tree=107
num_leaves=15
num_cat=0
split_feature=17 21 7 20 7 7 9 8 7 20 7 20 7 20
split_gain=1.00769e+06 993841 1.61872e+06 1.77409e+06 3.9426e+06 2.36963e+06 3.03599e+06 1.1939e+06 1.16281e+06 4.6156e+06 3.62726e+06 1.80044e+06 2.35563e+06 7.33823e+06
threshold=0.12490246072411539 12763.897949218752 12542.096191406252 12247.656738281252 12219.598144531252 12243.617187500002 -0.4200111180543899 0.92462494969367992 11200.020507812502 11199.713378906252 11241.262207031252 11159.591796875002 11009.197265625002 10984.771484375002
decision_type=2 2 2 2 2 2 2 2 2 2 2 2 2 2
left_child=-1 2 3 5 7 8 -7 -5 11 10 -10 12 -2 -14
right_child=1 -3 -4 4 -6 6 -8 -9 9 -11 -12 -13 13 -15
leaf_value=0.097581674980955435 0.018446763792037822 0.072913580550677967 -0.058039745014262935 0.44067528091113323 0.032857369286624763 -1.1741042701433844 -0.16485673153767277 -0.05601843269730658 -0.10792975745960542 -0.0038328449172372187 -0.54522172615088338 0.063320578658800322 -0.43295129525725068 -0.020330803964438503
leaf_weight=41737 654703 70347 200186 13085 171528 1291 14341 2269 94114 1330368 8244 230092 19099 176330
leaf_count=41737 654703 70347 200186 13085 171528 1291 14341 2269 94114 1330368 8244 230092 19099 176330
internal_value=3.85827e-07 -0.00136388 -0.00315625 0.000889992 0.0603518 -0.00350491 -0.248906 0.367284 -0.00197738 -0.0137905 -0.1432 0.0136907 0.000257481 -0.0606758
internal_weight=3.02773e+06 2.986e+06 2.91565e+06 2.71546e+06 186882 2.52858e+06 15632 15354 2.51295e+06 1.43273e+06 102358 1.08022e+06 850132 195429
internal_count=3027734 2985997 2915650 2715464 186882 2528582 15632 15354 2512950 1432726 102358 1080224 850132 195429
is_linear=0
shrinkage=0.02


Tree=108
num_leaves=15
num_cat=0
split_feature=7 19 7 20 7 22 7 22 7 19 7 5 8 4
split_gain=958496 5.30757e+06 2.53579e+06 1.61613e+06 2.31221e+06 7.58738e+06 2.17578e+06 2.26395e+06 2.15976e+06 1.7922e+06 1.73258e+06 1.59769e+06 1.40478e+06 1.33906e+06
threshold=11200.020507812502 11202.373046875002 11219.845703125002 11159.591796875002 11009.197265625002 10985.015136718752 10998.491210937502 11057.493164062502 11132.371582031252 11030.932128906252 11183.221679687502 0.092500001192092909 0.75801146030426036 279.15000915527349
decision_type=2 2 2 2 2 2 2 2 2 2 2 2 2 2
left_child=3 2 -2 4 6 12 11 9 -5 -8 -10 -1 13 -6
right_child=1 -3 -4 8 5 -7 7 -9 10 -11 -12 -13 -14 -15
leaf_value=0.0085990595958110403 -0.08355205727295191 0.00010728838397541168 -0.2944282369844774 -0.14171218339242952 -0.38998251994372696 -0.012013796848013325 0.12782562450583221 -0.61050925295461311 0.14919636846771636 0.47775623929197691 0.032725375119773741 0.33035004492193681 -0.79975314836915501 0.14072039533920147
leaf_weight=623394 90689 1815311 30471 19075 18457 173368 25413 1398 86552 7602 124681 6225 2983 2115
leaf_count=623394 90689 1815311 30471 19075 18457 173368 25413 1398 86552 7602 124681 6225 2983 2115
internal_value=2.56262e-07 -0.00844717 -0.136606 0.0149904 0.00240178 -0.057783 0.0202506 0.17508 0.0620478 0.208521 0.0804539 0.0117854 -0.394502 -0.335378
internal_weight=3.02773e+06 1.93647e+06 121160 1.09126e+06 860955 196923 664032 34413 230308 33015 211233 629619 23555 20572
internal_count=3027734 1936471 121160 1091263 860955 196923 664032 34413 230308 33015 211233 629619 23555 20572
is_linear=0
shrinkage=0.02


Tree=109
num_leaves=15
num_cat=0
split_feature=17 21 7 19 7 4 22 7 7 4 4 7 21 7
split_gain=976090 894263 1.37946e+06 1.88344e+06 2.23009e+06 3.4256e+06 2.0003e+06 1.81294e+06 1.46308e+06 1.38607e+06 1.3294e+06 1.19955e+06 1.12437e+06 1.11417e+06
threshold=0.25751017034053808 12763.897949218752 12542.096191406252 12295.004882812502 12243.617187500002 125.89500045776369 12224.837890625002 12279.800292968752 12219.598144531252 -249.54499816894528 -46.985000610351555 12255.314941406252 12561.465332031252 12729.046875000002
decision_type=2 2 2 2 2 2 2 2 2 2 2 2 2 2
left_child=-1 2 3 4 6 10 9 -5 -8 -2 11 -6 -4 -3
right_child=1 13 12 7 5 -7 8 -9 -10 -11 -12 -13 -14 -15
leaf_value=0.031768965383996248 -0.17513626227615647 0.23894420429546082 -0.15744835093879811 0.29576246802598394 -0.094027708081463879 -1.0955770678384702 0.25758273833062373 0.047954707403787572 0.027502610722962114 -0.004375153989725984 -0.044170702231683338 -0.50308331602468348 -0.033962844611290781 0.028694178278805375
leaf_weight=343017 19169 12508 36735 13265 5761 1468 19784 107005 25048 2207487 29429 5711 149521 51826
leaf_count=343017 19169 12508 36735 13265 5761 1468 19784 107005 25048 2207487 29429 5711 149521 51826
internal_value=1.80849e-07 -0.0040589 -0.00586766 -0.00185347 -0.00586454 -0.149613 -0.00318262 0.0753088 0.12907 -0.005846 -0.115401 -0.297927 -0.058325 0.0696027
internal_weight=3.02773e+06 2.68472e+06 2.62038e+06 2.43413e+06 2.31386e+06 42369 2.27149e+06 120270 44832 2.22666e+06 40901 11472 186256 64334
internal_count=3027734 2684717 2620383 2434127 2313857 42369 2271488 120270 44832 2226656 40901 11472 186256 64334
is_linear=0
shrinkage=0.02


Tree=110
num_leaves=15
num_cat=0
split_feature=9 17 20 19 20 0 7 19 7 23 7 7 22 7
split_gain=977846 942196 943900 1.20059e+06 1.46276e+06 914710 936535 5.38064e+06 2.69995e+06 1.55102e+06 2.11436e+06 1.79479e+06 6.71169e+06 2.08992e+06
threshold=0.83586668968200695 0.12490246072411539 12856.801269531252 13255.445312500002 12700.189941406252 8211.0000000000018 11200.020507812502 11197.387207031252 11230.407226562502 11164.321777343752 11132.371582031252 11009.197265625002 10985.015136718752 10998.491210937502
decision_type=2 2 2 2 2 2 2 2 2 2 2 2 2 2
left_child=1 -1 3 5 -5 6 9 8 -8 11 -11 13 -13 -3
right_child=-2 2 -4 4 -6 -7 7 -9 -10 10 -12 12 -14 -15
leaf_value=0.094941223883232229 -0.22666498090289955 0.010942609388796183 0.17701432490189928 0.23569590855576444 -0.35546665311985043 -0.18126818880084586 -0.10562542045806848 -0.00040358509550027325 -0.39045038062500842 -0.14064777159308264 0.082854342131658584 -0.37711527206209983 -0.0091566865466615761 0.17155030036625199
leaf_weight=41723 7584 614152 11890 2146 7511 11174 87404 1770561 15698 18545 193501 22136 189505 34204
leaf_count=41723 7584 614152 11890 2146 7511 11174 87404 1770561 15698 18545 193501 22136 189505 34204
internal_value=9.89458e-08 0.00057004 -0.000752257 -0.00146535 -0.223987 -0.000737848 -5.2419e-05 -0.00858258 -0.149026 0.0148561 0.0633016 0.00291046 -0.0476584 0.019418
internal_weight=3.02773e+06 3.02015e+06 2.97843e+06 2.96654e+06 9657 2.95688e+06 2.94571e+06 1.87366e+06 103102 1.07204e+06 212046 859997 211641 648356
internal_count=3027734 3020150 2978427 2966537 9657 2956880 2945706 1873663 103102 1072043 212046 859997 211641 648356
is_linear=0
shrinkage=0.02


Tree=111
num_leaves=15
num_cat=0
split_feature=9 17 21 7 21 7 7 9 0 5 7 9 21 21
split_gain=939173 908498 914707 1.34234e+06 1.39438e+06 3.12738e+06 2.34146e+06 1.84788e+06 1.71955e+06 1.97882e+06 1.33906e+06 1.3798e+06 1.16812e+06 1.08241e+06
threshold=0.83586668968200695 0.1638348996639252 12775.907714843752 12542.096191406252 12278.044433593752 12279.800292968752 12243.617187500002 -0.44019870460033411 2086.5000000000005 0.052500000223517425 12729.046875000002 -0.59070801734924305 12561.465332031252 12300.630371093752
decision_type=2 2 2 2 2 2 2 2 2 2 2 2 2 2
left_child=1 -1 3 4 6 7 -3 -6 -8 -10 -4 -12 -5 -7
right_child=-2 2 10 12 5 13 8 -9 9 -11 11 -13 -14 -15
leaf_value=0.067730258518206382 -0.22213765141764871 -0.00037887785658014764 0.27536387572526855 -0.15144045091469902 0.051482162411087933 -0.25859878895218907 -0.040027102752619864 0.46941143405582675 -0.25380772037142679 -0.99500656693609446 0.43224153621442102 0.002060719398624128 -0.029238544576982162 0.038212961235218224
leaf_weight=78438 7584 2494788 11034 38285 6882 5105 16663 10991 12161 1627 3187 44445 171070 125474
leaf_count=78438 7584 2494788 11034 38285 6882 5105 16663 10991 12161 1627 3187 44445 171070 125474
internal_value=2.95239e-08 0.000558587 -0.0012327 -0.00282371 0.000995107 0.0605624 -0.00250691 0.308608 -0.176794 -0.341929 0.0769419 0.0309287 -0.051592 0.02659
internal_weight=3.02773e+06 3.02015e+06 2.94171e+06 2.88305e+06 2.67369e+06 148452 2.52524e+06 17873 30451 13788 58666 47632 209355 130579
internal_count=3027734 3020150 2941712 2883046 2673691 148452 2525239 17873 30451 13788 58666 47632 209355 130579
is_linear=0
shrinkage=0.02


Tree=112
num_leaves=15
num_cat=0
split_feature=9 17 16 9 7 7 20 7 8 21 7 21 7 7
split_gain=902030 879608 876302 792304 1.16667e+06 2.47263e+06 1.63213e+06 1.18979e+06 1.18412e+06 747746 677808 3.68303e+06 1.4949e+06 1.4333e+06
threshold=0.83586668968200695 0.25495788455009466 -18.100000381469723 -0.15017700195312497 10924.305664062502 10854.779785156252 10919.138183593752 10977.015136718752 0.94459864497184765 11526.360351562502 11592.387695312502 11585.397949218752 11730.595214843752 11517.458007812502
decision_type=2 2 2 2 2 2 2 2 2 2 2 2 2 2
left_child=1 -1 -3 4 5 -4 7 8 -6 -2 11 -5 -12 -13
right_child=9 2 3 10 6 -7 -8 -9 -10 -11 12 13 -14 -15
leaf_value=0.031374504051484002 -0.62253088263713796 0.025050236764196099 0.01060220169011827 -0.025765422985125474 -0.033849904702824701 0.20824182236204908 0.0010346577709266429 -0.43298648365400733 -0.4802573190172702 -0.12016210452257975 0.21102358640757513 -0.30947411657355345 -0.005999722680361138 -0.95289445831423536
leaf_weight=329799 1462 376832 103080 745560 18076 33556 936383 5110 2727 6122 13057 7345 446922 1703
leaf_count=329799 1462 376832 103080 745560 18076 33556 936383 5110 2727 6122 13057 7345 446922 1703
internal_value=0 0.000547389 -0.00323167 -0.0078384 0.00446619 0.0591517 -0.00329909 -0.159843 -0.0925716 -0.217701 -0.0189713 -0.030636 0.000165128 -0.431498
internal_weight=3.02773e+06 3.02015e+06 2.69035e+06 2.31352e+06 1.09893e+06 136636 962296 25913 20803 7584 1.21459e+06 754608 459979 9048
internal_count=3027734 3020150 2690351 2313519 1098932 136636 962296 25913 20803 7584 1214587 754608 459979 9048
is_linear=0
shrinkage=0.02


Tree=113
num_leaves=15
num_cat=0
split_feature=7 23 7 20 7 22 7 22 7 21 7 0 9 7
split_gain=884306 4.33612e+06 3.08928e+06 1.5006e+06 2.12851e+06 6.99518e+06 2.01069e+06 2.17281e+06 1.9864e+06 1.80178e+06 1.66384e+06 1.55702e+06 1.53047e+06 1.40108e+06
threshold=11200.020507812502 11199.000488281252 11241.262207031252 11159.591796875002 11009.197265625002 10985.015136718752 10998.491210937502 11057.493164062502 11132.371582031252 11017.984375000002 11183.221679687502 1279.5000000000002 -0.65761160850524891 11210.899902343752
decision_type=2 2 2 2 2 2 2 2 2 2 2 2 2 2
left_child=3 2 13 4 6 12 -1 9 -5 -8 11 -10 -6 -2
right_child=1 -3 -4 8 5 -7 7 -9 10 -11 -12 -13 -14 -15
leaf_value=0.011255248818720445 -0.039853110637575025 -0.00088961507712870757 -0.49776205619628261 -0.13566906613675853 0.039650830013065547 -0.011529965919914911 0.085081358990380482 -0.60137538964098147 0.012959718060201257 0.38935531444437382 0.030622275054674394 0.19935202288593121 -0.44085460517473707 -0.1947425494100038
leaf_weight=629619 59785 1829851 8495 19075 3043 173368 20447 1398 25354 12568 124681 61198 20512 38340
leaf_count=629619 59785 1829851 8495 19075 3043 173368 20447 1398 25354 12568 124681 61198 20512 38340
internal_value=-1.63985e-07 -0.0081141 -0.132091 0.0143981 0.00226781 -0.0554768 0.019393 0.168233 0.0597424 0.200994 0.0773943 0.144759 -0.378788 -0.100386
internal_weight=3.02773e+06 1.93647e+06 106620 1.09126e+06 860955 196923 664032 34413 230308 33015 211233 86552 23555 98125
internal_count=3027734 1936471 106620 1091263 860955 196923 664032 34413 230308 33015 211233 86552 23555 98125
is_linear=0
shrinkage=0.02


Tree=114
num_leaves=15
num_cat=0
split_feature=17 20 19 20 0 7 19 7 19 7 7 7 23 9
split_gain=875934 886102 1.14643e+06 1.40695e+06 864495 925317 4.92681e+06 2.55277e+06 1.44824e+06 1.91273e+06 1.84529e+06 1.43009e+06 6.37791e+06 1.92058e+06
threshold=0.12490246072411539 12856.801269531252 13255.445312500002 12700.189941406252 8211.0000000000018 11200.020507812502 11197.387207031252 11209.234375000002 11170.554199218752 11132.371582031252 11183.221679687502 11009.197265625002 10989.740234375002 -0.65761160850524891
decision_type=2 2 2 2 2 2 2 2 2 2 2 2 2 2
left_child=-1 2 4 -4 5 8 7 -7 11 -10 -11 -2 13 -13
right_child=1 -3 3 -5 -6 6 -8 -9 9 10 -12 12 -14 -15
leaf_value=0.090978116278079432 0.018473844154671858 0.17096674005775342 0.23142129469363984 -0.34835412731799592 -0.17675823573947061 -0.044265978851542653 -0.0012445450706415168 -0.24330477262899053 -0.13195033409252932 0.16980532375798171 0.035073678230567021 0.0637531806049349 -0.0024863179581676772 -0.41468502892998504
leaf_weight=41737 648715 11890 2146 7511 11174 51735 1778131 51367 18123 63674 112498 3981 203766 21286
leaf_count=41737 648715 11890 2146 7511 11174 51735 1778131 51367 18123 63674 112498 3981 203766 21286
internal_value=-2.36859e-07 -0.0012722 -0.00196136 -0.219407 -0.00125227 -0.000587621 -0.00903861 -0.143444 0.0142422 0.0636489 0.0837768 0.0033051 -0.0396578 -0.339307
internal_weight=3.02773e+06 2.986e+06 2.97411e+06 9657 2.96445e+06 2.95328e+06 1.88123e+06 103102 1.07204e+06 194295 176172 877748 229033 25267
internal_count=3027734 2985997 2974107 9657 2964450 2953276 1881233 103102 1072043 194295 176172 877748 229033 25267
is_linear=0
shrinkage=0.02


Tree=115
num_leaves=15
num_cat=0
split_feature=9 13 14 4 14 20 7 4 7 9 20 14 4 5
split_gain=866148 852787 974166 771510 1.07595e+06 1.08114e+06 1.62658e+06 889206 704854 688383 635448 586883 573374 565106
threshold=0.83586668968200695 -9.0999999046325666 0.64780691266059887 -107.17499923706053 0.58047732710838329 12100.825683593752 12042.010742187502 -170.77500152587888 12045.927734375002 0.57530930638313305 11526.333984375002 0.38777546584606176 -249.54499816894528 0.082499999552965178
decision_type=2 2 2 2 2 2 2 2 2 2 2 2 2 2
left_child=1 2 -1 4 5 8 -7 11 -3 -10 -2 -8 -6 -5
right_child=10 3 -4 13 12 6 7 -9 9 -11 -12 -13 -14 -15
leaf_value=0.006206227133557618 -0.62503677475480968 -0.018336762405545576 0.0579397209481744 -0.0026564353189316181 -0.26640273003403137 0.93778892422899762 0.48193069582554976 -0.0027824778768280162 -0.12595082416192729 -0.61153993344376867 -0.13176114957715307 0.13815490578755063 -0.073316957608561911 0.086842228100665123
leaf_weight=673576 1243 153019 185737 1821653 6520 881 2530 22067 8187 1354 6341 9186 106786 28654
leaf_count=673576 1243 153019 185737 1821653 6520 881 2530 22067 8187 1354 6341 9186 106786 28654
internal_value=-2.70552e-07 0.00053612 0.0173888 -0.00616582 -0.0353369 -0.00711793 0.0942706 0.0720015 -0.0287424 -0.195433 -0.213327 0.212741 -0.0844505 -0.00126998
internal_weight=3.02773e+06 3.02015e+06 859313 2.16084e+06 310530 197224 34664 33783 162560 9541 7584 11716 113306 1.85031e+06
internal_count=3027734 3020150 859313 2160837 310530 197224 34664 33783 162560 9541 7584 11716 113306 1850307
is_linear=0
shrinkage=0.02


Tree=116
num_leaves=15
num_cat=0
split_feature=17 16 5 0 17 21 20 22 8 0 8 17 0 8
split_gain=843916 866895 757536 914838 663242 556313 856845 855564 548523 700656 506794 490937 484151 509065
threshold=0.26186273992061621 -17.30000019073486 -0.027499999850988385 4683.5000000000009 0.5396258831024171 12775.907714843752 12804.532714843752 12783.712402343752 0.83815535902977001 1928.5000000000002 0.8150879740715028 0.07457416877150537 1611.5000000000002 -0.80624723434448231
decision_type=2 2 2 2 2 2 2 2 2 2 2 2 2 2
left_child=11 4 3 12 -2 6 7 -4 9 -7 -8 -1 -3 -14
right_child=1 2 5 -5 -6 8 10 -9 -10 -11 -12 -13 13 -15
leaf_value=0.13041907280104972 0.0076975123916245758 0.0061651364270650863 -0.002052847519152896 -0.096181551831594408 0.065362354869345204 -0.0090938591324697549 0.16643313294168149 -0.35127510348165941 -0.014383047524741848 0.25674446977419896 -0.33439418110179381 0.023205290401166798 -0.0074451372261422856 -0.057670410631448482
leaf_weight=17956 309362 190039 1622042 70127 107501 6301 969 2801 12999 10687 4703 348229 152434 171584
leaf_count=17956 309362 190039 1622042 70127 107501 6301 969 2801 12999 10687 4703 348229 152434 171584
internal_value=-2.75321e-07 -0.00391687 -0.00883575 -0.0284239 0.0225694 -0.00194426 -0.00351441 -0.00265703 0.0834035 0.158194 -0.248687 0.028466 -0.0191788 -0.034043
internal_weight=3.02773e+06 2.66155e+06 2.24469e+06 584184 416863 1.6605e+06 1.63052e+06 1.62484e+06 29987 16988 5672 366185 514057 324018
internal_count=3027734 2661549 2244686 584184 416863 1660502 1630515 1624843 29987 16988 5672 366185 514057 324018
is_linear=0
shrinkage=0.02


Tree=117
num_leaves=15
num_cat=0
split_feature=9 20 19 20 20 21 7 4 20 9 17 7 19 7
split_gain=828900 818052 1.11852e+06 1.35899e+06 842302 1.69165e+06 1.46954e+06 1.40802e+06 1.06416e+06 955520 856325 805490 992613 2.37142e+06
threshold=0.83586668968200695 12856.801269531252 13255.445312500002 12700.189941406252 12804.532714843752 12775.907714843752 12752.386230468752 147.03499603271487 12782.183105468752 -0.58503037691116322 0.12490246072411539 10056.264648437502 10691.720703125002 10675.826171875002
decision_type=2 2 2 2 2 2 2 2 2 2 2 2 2 2
left_child=1 2 4 -4 5 10 8 -6 -7 -9 -1 -12 -13 -14
right_child=-2 -3 3 -5 7 6 -8 9 -10 -11 11 12 13 -15
leaf_value=0.090717989731691887 -0.20868971345210327 0.16568715285532779 0.22708441569449761 -0.33994982750808772 -0.053043777517770563 0.12069570552425932 0.046858359065300781 0.3318127955011575 0.53016333825392181 -0.61526782930071422 0.16080674045711862 -0.084140301765373446 0.45286706897143464 -0.0010145602576154674
leaf_weight=41049 7584 11938 2167 7586 19690 4621 18169 488 5645 3071 12205 57590 4602 2831329
leaf_count=41049 7584 11938 2167 7586 19690 4621 18169 488 5645 3071 12205 57590 4602 2831329
internal_value=-2.84085e-07 0.000524446 -0.00013154 -0.213856 0.00056434 0.00150158 0.154997 -0.119324 0.34615 -0.484835 1.98935e-05 -0.00126169 -0.00194587 -0.000276424
internal_weight=3.02773e+06 3.02015e+06 3.00821e+06 9753 2.99846e+06 2.97521e+06 28435 23249 10266 3559 2.94678e+06 2.90573e+06 2.89352e+06 2.83593e+06
internal_count=3027734 3020150 3008212 9753 2998459 2975210 28435 23249 10266 3559 2946775 2905726 2893521 2835931
is_linear=0
shrinkage=0.02


Tree=118
num_leaves=15
num_cat=0
split_feature=0 5 13 14 17 5 0 0 8 19 0 0 22 20
split_gain=816292 834402 793268 874709 658943 705661 1.06416e+06 547984 618909 516943 464071 472978 441654 875725
threshold=8211.0000000000018 0.082499999552965178 -9.0999999046325666 0.64405062794685375 0.35062880814075476 -0.012499999720603226 4432.5000000000009 4972.5000000000009 0.73413100838661205 10805.821289062502 3058.5000000000005 846.50000000000011 12224.837890625002 12358.885253906252
decision_type=2 2 2 2 2 2 2 2 2 2 2 2 2 2
left_child=1 2 3 -1 12 6 -6 8 9 -3 11 -11 -4 -14
right_child=-2 7 4 -5 5 -7 -8 -9 -10 10 -12 -13 13 -15
leaf_value=0.0048853262154491582 -0.16788856357339291 -0.3856053025407955 0.0010191847574016395 0.053712606852788378 -0.022252487328367362 -0.0043162247494264432 -0.10422462544719693 0.26759934019724368 0.016237359904246559 -0.026571834550053613 -0.015215851380998751 0.4555113943443716 0.13440187303073303 0.011015447076917415
leaf_weight=656753 11530 513 670796 188979 432458 831178 74213 5953 27465 1009 1742 4179 30894 90072
leaf_count=656753 11530 513 670796 188979 432458 831178 74213 5953 27465 1009 1742 4179 30894 90072
internal_value=-2.23465e-07 0.000642109 -0.000590777 0.0157963 -0.00709864 -0.0156571 -0.034261 0.0903948 0.0601069 0.221746 0.267199 0.361878 0.00736268 0.0425363
internal_weight=3.02773e+06 3.0162e+06 2.97534e+06 845732 2.12961e+06 1.33785e+06 506671 40861 34908 7443 6930 5188 791762 120966
internal_count=3027734 3016204 2975343 845732 2129611 1337849 506671 40861 34908 7443 6930 5188 791762 120966
is_linear=0
shrinkage=0.02


Tree=119
num_leaves=15
num_cat=0
split_feature=7 20 7 23 7 7 23 7 24 9 24 5 7 0
split_gain=821334 3.96751e+06 3.16175e+06 1.40037e+06 1.83977e+06 1.70713e+06 6.6279e+06 1.90897e+06 2.13488e+06 1.89441e+06 1.74091e+06 1.47721e+06 1.47229e+06 1.325e+06
threshold=11200.020507812502 11199.713378906252 11241.262207031252 11164.321777343752 11132.371582031252 11009.197265625002 10989.740234375002 10998.491210937502 11056.573242187502 -0.65761160850524891 11016.034667968752 0.092500001192092909 11184.367675781252 1202.5000000000002
decision_type=2 2 2 2 2 2 2 2 2 2 2 2 2 2
left_child=3 2 -2 5 -5 7 9 11 10 -7 -9 -1 13 -6
right_child=1 -3 -4 4 12 6 -8 8 -10 -11 -12 -13 -14 -15
leaf_value=0.0075894163405576314 -0.096064806256605323 -0.001056491784905715 -0.50433051203075385 -0.13017226675225524 0.011323245383222246 0.06082247705943801 -0.0043923817825915748 0.10735670396636915 -0.58990426213003899 -0.41169881225115268 0.43339881008634634 0.31696989387930868 0.028942404448978689 0.1878578386429598
leaf_weight=623826 94120 1834107 8244 18563 23347 3987 187819 24011 1432 22708 9004 6225 107713 62628
leaf_count=623826 94120 1834107 8244 18563 23347 3987 187819 24011 1432 22708 9004 6225 107713 62628
internal_value=-2.04264e-07 -0.0078199 -0.128991 0.013876 0.0599809 0.00274262 -0.0463113 0.0185788 0.163532 -0.341129 0.196381 0.0106512 0.078211 0.139926
internal_weight=3.02773e+06 1.93647e+06 102364 1.09126e+06 212251 879012 214514 664498 34447 26695 33015 630051 193688 85975
internal_count=3027734 1936471 102364 1091263 212251 879012 214514 664498 34447 26695 33015 630051 193688 85975
is_linear=0
shrinkage=0.02


Tree=120
num_leaves=15
num_cat=0
split_feature=9 20 19 23 13 14 4 14 20 20 9 4 20 20
split_gain=794628 786435 1.075e+06 1.16328e+06 802253 878912 730027 992535 1.01805e+06 821485 831784 633241 611753 595924
threshold=0.83586668968200695 12856.801269531252 12821.599609375002 12758.112792968752 -9.9000000953674299 0.65905272960662853 -107.17499923706053 0.56956058740615856 12100.825683593752 12358.885253906252 0.51669383049011242 34.674999237060554 11526.333984375002 12240.664062500002
decision_type=2 2 2 2 2 2 2 2 2 2 2 2 2 2
left_child=1 2 4 -4 5 -1 7 8 -6 10 13 -5 -2 -10
right_child=12 -3 3 11 6 -7 -8 -9 9 -11 -12 -13 -14 -15
leaf_value=0.0074882365535798049 -0.60828012444358392 0.16245311421213735 0.041974175146144217 -0.21301760255656671 -0.025544295996030045 0.059799588754207926 -0.00078793492583752178 -0.077556476849947986 0.17746583050541279 -0.00070967510275179242 0.068992700889652522 -0.61927125530657567 -0.12430888797106875 0.54862044158926893
leaf_weight=657663 1243 11938 7491 9418 156346 159655 1859969 124722 3425 15921 8255 1830 6341 3517
leaf_count=657663 1243 11938 7491 9418 156346 159655 1859969 124722 3425 15921 8255 1830 6341 3517
internal_value=-2.38443e-07 0.000513529 -0.000129655 -0.151098 0.000817161 0.0177074 -0.00553817 -0.0338386 -0.00474981 0.0997018 0.20483 -0.279606 -0.20433 0.366024
internal_weight=3.02773e+06 3.02015e+06 3.00821e+06 18739 2.98947e+06 817318 2.17216e+06 312186 187464 31118 15197 11248 7584 6942
internal_count=3027734 3020150 3008212 18739 2989473 817318 2172155 312186 187464 31118 15197 11248 7584 6942
is_linear=0
shrinkage=0.02


Tree=121
num_leaves=15
num_cat=0
split_feature=21 23 20 9 21 9 20 20 20 17 16 23 6 8
split_gain=784745 1.38816e+06 1.00153e+06 895570 860601 845303 920065 967028 750279 725210 745637 673143 638030 757784
threshold=12763.897949218752 12766.725097656252 12792.859863281252 -0.177777424454689 12738.983398437502 -0.54542985558509816 12792.859863281252 12856.801269531252 12782.183105468752 0.33090986311435705 -18.100000381469723 12752.762695312502 107.52754974365236 0.69195944070816051
decision_type=2 2 2 2 2 2 2 2 2 2 2 2 2 2
left_child=1 2 3 4 12 -2 8 -8 -7 -5 -11 -10 -1 -14
right_child=5 -3 -4 9 -6 6 7 -9 11 10 -12 -13 13 -15
leaf_value=0.020312102874175252 0.21750160671680288 -0.36553086472423352 -0.24952904794886427 0.010099663039730974 -0.093060434500649394 0.047974862958123192 -0.095800318051938199 0.1533786728283677 0.48552959606063839 0.020737289756112175 -0.026452098525206795 0.12551984439991767 0.10118454122892284 -0.024416263386152513
leaf_weight=1091054 12144 4176 6465 462782 30954 16988 25302 8254 3597 156111 942617 4923 20865 241502
leaf_count=1091054 12144 4176 6465 462782 30954 16988 25302 8254 3597 156111 942617 4923 20865 241502
internal_value=-2.73531e-07 -0.00158057 -0.00106453 -0.000518404 0.0111932 0.0656038 0.0343406 -0.03448 0.124853 -0.0109015 -0.0197471 0.277903 0.0135782 -0.0144242
internal_weight=3.02773e+06 2.95653e+06 2.95235e+06 2.94588e+06 1.38438e+06 71208 59064 33556 25508 1.56151e+06 1.09873e+06 8520 1.35342e+06 262367
internal_count=3027734 2956526 2952350 2945885 1384375 71208 59064 33556 25508 1561510 1098728 8520 1353421 262367
is_linear=0
shrinkage=0.02


Tree=122
num_leaves=15
num_cat=0
split_feature=7 23 7 20 7 23 7 23 9 7 20 7 0 9
split_gain=786450 3.80575e+06 2.82077e+06 1.35529e+06 1.87582e+06 6.13069e+06 1.85008e+06 1.98912e+06 1.81182e+06 1.72155e+06 1.64034e+06 1.48359e+06 1.447e+06 1.16711e+06
threshold=11200.020507812502 11199.000488281252 11226.592773437502 11159.591796875002 11009.197265625002 10989.740234375002 10998.491210937502 11058.276855468752 -0.65761160850524891 11132.371582031252 11008.254394531252 11183.221679687502 1357.5000000000002 -0.47019329667091364
decision_type=2 2 2 2 2 2 2 2 2 2 2 2 2 2
left_child=3 2 -2 4 6 8 -1 10 -6 -5 -8 12 -11 -10
right_child=1 -3 -4 9 5 -7 7 -9 13 11 -12 -13 -14 -15
leaf_value=0.010320579396170471 -0.075177932913060533 -0.00088382985475280026 -0.34147860421566223 -0.12524753356495222 0.059196131351232167 -0.0079596344676685065 0.045835228620908566 -0.57627828653681745 -0.723664925188927 0.013857635425726329 0.32796294562942768 0.028938019004203789 0.19114341673144708 -0.33850537411137133
leaf_weight=629619 87164 1829851 19456 19075 3987 170228 15894 1395 3780 26576 17124 124681 59976 18928
leaf_count=629619 87164 1829851 19456 19075 3987 170228 15894 1395 3780 26576 17124 124681 59976 18928
internal_value=-2.45877e-07 -0.00765208 -0.1238 0.013578 0.00205002 -0.0521586 0.0181265 0.160899 -0.333896 0.0566709 0.19221 0.073104 0.136716 -0.402911
internal_weight=3.02773e+06 1.93647e+06 106620 1.09126e+06 860955 196923 664032 34413 26695 230308 33018 211233 86552 22708
internal_count=3027734 1936471 106620 1091263 860955 196923 664032 34413 26695 230308 33018 211233 86552 22708
is_linear=0
shrinkage=0.02


Tree=123
num_leaves=15
num_cat=0
split_feature=17 0 7 19 7 19 7 7 6 7 22 7 22 4
split_gain=774218 769002 819767 4.17142e+06 2.34489e+06 1.30604e+06 1.65769e+06 1.64252e+06 1.2938e+06 1.26661e+06 5.63406e+06 1.7475e+06 2.03972e+06 1.71842e+06
threshold=0.1045464798808098 8211.0000000000018 11200.020507812502 11204.905761718752 11219.845703125002 11170.554199218752 11132.371582031252 11183.221679687502 108.0331382751465 11009.197265625002 10985.015136718752 10998.491210937502 11057.493164062502 -103.63499832153319
decision_type=2 2 2 2 2 2 2 2 2 2 2 2 2 2
left_child=-1 2 5 4 8 9 -7 -8 -4 11 -11 -2 13 -13
right_child=1 -3 3 -5 -6 6 7 -9 -10 10 -12 12 -14 -15
leaf_value=0.10104916028675223 0.0097261215115170482 -0.16620444620740288 -0.030420262083792522 -5.948592580734341e-05 -0.25535657104785542 -0.12153790013215282 0.16034853646332334 0.033278396509706799 -0.21016300673363814 -0.34023529683178361 -0.0047657271133600358 0.49326150927150186 -0.56845565641976559 0.12023388308724751
leaf_weight=30018 616362 11220 81197 1775690 35223 18133 63739 112510 19947 22158 207165 6047 1477 26848
leaf_count=30018 616362 11220 81197 1775690 35223 18133 63739 112510 19947 22158 207165 6047 1477 26848
internal_value=-3.40845e-07 -0.00101255 -0.000391381 -0.00824617 -0.11484 0.0135868 0.0605039 0.0792389 -0.0658855 0.00322344 -0.0371935 0.017467 0.156234 0.188936
internal_weight=3.02773e+06 2.99772e+06 2.9865e+06 1.91206e+06 136367 1.07444e+06 194382 176249 101144 880057 229323 650734 34372 32895
internal_count=3027734 2997716 2986496 1912057 136367 1074439 194382 176249 101144 880057 229323 650734 34372 32895
is_linear=0
shrinkage=0.02


Tree=124
num_leaves=15
num_cat=0
split_feature=9 21 7 24 7 7 9 8 21 24 23 7 24 7
split_gain=760298 745228 1.41517e+06 2.24569e+06 4.31308e+06 2.14487e+06 2.2271e+06 1.71707e+06 1.57673e+06 1.38414e+06 1.01034e+06 974273 3.37615e+06 2.65436e+06
threshold=0.83586668968200695 12763.897949218752 12536.370117187502 12220.146484375002 12204.598144531252 12231.576171875002 -0.3933101743459701 0.91719016432762157 12203.028808593752 12538.128417968752 12766.725097656252 11200.020507812502 11186.147949218752 11230.407226562502
decision_type=2 2 2 2 2 2 2 2 2 2 2 2 2 2
left_child=1 2 3 5 7 11 -7 -5 -8 -6 -4 -1 13 -13
right_child=-2 -3 10 4 9 6 8 -9 -10 -11 -12 12 -14 -15
leaf_value=0.013047822606824473 -0.19986745671237294 0.064431168502975353 -0.044410900607193632 0.50374249628186218 0.018453050234959842 -1.2071307555807511 0.012884934654463321 0.10763391134253959 -0.3925490214473078 0.18043252775571386 -0.35821889050657307 -0.10241339726570799 -0.005048299771382758 -0.48341316881839019
leaf_weight=1091263 7584 71208 210027 11610 184408 875 8272 7034 7145 23819 4176 61466 1330553 8294
leaf_count=1091263 7584 71208 210027 11610 184408 875 8272 7034 7145 23819 4176 61466 1330553 8294
internal_value=-3.85761e-07 0.000502161 -0.00104174 0.00283587 0.0630918 -0.00261532 -0.231278 0.354438 -0.175145 0.0369897 -0.0505453 -0.0011192 -0.0121596 -0.147775
internal_weight=3.02773e+06 3.02015e+06 2.94894e+06 2.73474e+06 226871 2.50787e+06 16292 18644 15417 208227 214203 2.49158e+06 1.40031e+06 69760
internal_count=3027734 3020150 2948942 2734739 226871 2507868 16292 18644 15417 208227 214203 2491576 1400313 69760
is_linear=0
shrinkage=0.02


Tree=125
num_leaves=15
num_cat=0
split_feature=17 21 7 9 7 19 7 4 23 7 7 20 4 4
split_gain=747690 770456 1.16081e+06 1.26152e+06 1.14918e+06 1.74135e+06 2.23892e+06 3.45056e+06 2.09312e+06 1.82805e+06 1.43009e+06 1.24717e+06 1.23452e+06 1.2275e+06
threshold=0.20480708777904513 12775.907714843752 12729.046875000002 -0.59070801734924305 12542.096191406252 12295.004882812502 12243.617187500002 125.89500045776369 12224.800781250002 12279.800292968752 12219.598144531252 12223.885742187502 -272.63999938964838 -44.01499938964843
decision_type=2 2 2 2 2 2 2 2 2 2 2 2 2 2
left_child=-1 4 -3 -4 5 6 8 13 12 -7 -10 -12 -2 -8
right_child=1 2 3 -5 -6 9 7 -9 10 -11 11 -13 -14 -15
leaf_value=0.043465682854058246 -0.22652246423284575 0.25514382723878581 0.41969240973526711 -0.0012028747346776677 -0.049259914687935141 0.28079061955747753 -0.27772656767947335 -1.0541520445145185 0.24600403532171222 0.044307905548096438 0.29539541192132401 -0.035472936044934733 -0.0031133027154537987 -0.041940742606071682
leaf_weight=150424 9925 10977 3039 43300 205725 14725 12436 1598 22242 116142 5704 22496 2378571 30430
leaf_count=150424 9925 10977 3039 43300 205725 14725 12436 1598 22242 116142 5704 22496 2378571 30430
internal_value=-5.03064e-07 -0.00227304 0.0703138 0.0264844 -0.00374861 -0.000166999 -0.00391418 -0.144542 -0.00134981 0.0709362 0.126132 0.0315319 -0.0040426 -0.110395
internal_weight=3.02773e+06 2.87731e+06 57316 46339 2.81999e+06 2.61427e+06 2.4834e+06 44464 2.43894e+06 130867 50442 28200 2.3885e+06 42866
internal_count=3027734 2877310 57316 46339 2819994 2614269 2483402 44464 2438938 130867 50442 28200 2388496 42866
is_linear=0
shrinkage=0.02


Tree=126
num_leaves=15
num_cat=0
split_feature=9 0 13 14 21 21 20 0 9 14 9 19 21 8
split_gain=729881 733628 706796 875275 672513 619784 839809 658254 628779 758868 627301 623634 522279 552563
threshold=0.83586668968200695 8211.0000000000018 -8.7000002861022931 0.64034157991409313 11526.360351562502 12763.897949218752 12804.532714843752 3098.5000000000005 -0.177777424454689 0.67195636034011852 -0.54542985558509816 12719.038574218752 12707.340332031252 0.90803319215774547
decision_type=2 2 2 2 2 2 2 2 2 2 2 2 2 2
left_child=1 2 3 -1 -2 6 8 -8 11 -10 -7 12 -4 -14
right_child=4 -3 5 -5 -6 10 7 -9 9 -11 -12 -13 13 -15
leaf_value=0.0051547465722357952 -0.57973699049457261 -0.15866799413661156 0.0069949985845352879 0.05208591409598938 -0.10334814300466627 0.21913280702380269 0.0074391346701816741 -0.52496456435895344 -0.01030095498633187 -0.059882366961472179 0.031945666677359673 -0.078796426445342377 0.087596657935663458 0.50210472737061485
leaf_weight=687087 1462 11530 927043 206793 6122 8650 1592 2219 949294 141932 41408 33960 7078 1564
leaf_count=687087 1462 11530 927043 206793 6122 8650 1592 2219 949294 141932 41408 33960 7078 1564
internal_value=-4.9999e-07 0.000491891 0.00110237 0.0160124 -0.195829 -0.0052 -0.00688604 -0.303117 -0.00633677 -0.0167503 0.0643292 0.00538257 0.00843862 0.163109
internal_weight=3.02773e+06 3.02015e+06 3.00862e+06 893880 7584 2.11474e+06 2.06468e+06 3811 2.06087e+06 1.09123e+06 50058 969645 935685 8642
internal_count=3027734 3020150 3008620 893880 7584 2114740 2064682 3811 2060871 1091226 50058 969645 935685 8642
is_linear=0
shrinkage=0.02


Tree=127
num_leaves=15
num_cat=0
split_feature=7 19 7 7 22 4 19 22 7 4 7 9 7 19
split_gain=745850 995635 2.25119e+06 1.09219e+06 2.3894e+06 2.1336e+06 1.7113e+06 1.27233e+06 3.05219e+06 3.14052e+06 2.96439e+06 1.89974e+06 1.84539e+06 1.10888e+06
threshold=10056.264648437502 10691.720703125002 10675.826171875002 10907.572265625002 10932.069335937502 -198.745002746582 10916.593750000002 10804.832031250002 10776.154296875002 -46.985000610351555 10749.717773437502 0.58549055457115184 10870.473144531252 10792.696289062502
decision_type=2 2 2 2 2 2 2 2 2 2 2 2 2 2
left_child=-1 -2 -3 4 5 -4 -5 8 9 10 -7 -10 -9 -13
right_child=1 2 3 6 -6 7 -8 12 11 -11 -12 13 -14 -15
leaf_value=0.15592748576814167 -0.081061018038300056 0.44243520762944161 0.57716969625714354 -0.095275981837029025 0.55095033987779851 0.75971951479796074 -0.00042992112643645131 0.11684611357224559 -0.043556100847662663 -0.011006878327206952 0.11575600649530328 -0.25398270029840136 -0.063946789528011513 -0.70920886277999151
leaf_weight=12211 60324 4604 2850 78333 3633 4481 2650054 88996 23313 44081 7883 14200 30254 2517
leaf_count=12211 60324 4604 2850 78333 3633 4481 2650054 88996 23313 44081 7883 14200 30254 2517
internal_value=-5.2946e-07 -0.000632463 0.00100957 0.000319286 0.0429562 0.0344878 -0.00315333 0.0272918 -0.0267076 0.0680234 0.34957 -0.160269 0.0709769 -0.322908
internal_weight=3.02773e+06 3.01552e+06 2.9552e+06 2.9506e+06 222208 218575 2.72839e+06 215725 96475 56445 12364 40030 119250 16717
internal_count=3027734 3015523 2955199 2950595 222208 218575 2728387 215725 96475 56445 12364 40030 119250 16717
is_linear=0
shrinkage=0.02


Tree=128
num_leaves=15
num_cat=0
split_feature=17 20 20 20 22 22 23 0 0 0 13 17 17 0
split_gain=720410 696495 815340 961196 1.28507e+06 917217 907035 832811 708915 694052 690252 1.39214e+06 1.08997e+06 627602
threshold=0.1045464798808098 12856.801269531252 12804.532714843752 12782.183105468752 12783.712402343752 12797.974121093752 12747.956542968752 1377.5000000000002 1710.5000000000002 8211.0000000000018 2.1000000238418584 0.62382817268371593 0.52538672089576732 2637.5000000000005
decision_type=2 2 2 2 2 2 2 2 2 2 2 2 2 2
left_child=-1 2 3 4 9 7 -4 -5 -3 10 11 -2 -12 -14
right_child=1 8 6 5 -6 -7 -8 -9 -10 -11 12 -13 13 -15
leaf_value=0.097474338766681615 0.0030425344588055144 -0.25315867271574521 -0.28877965905299241 -0.029202590424061713 -0.31309860859734068 -0.0941633096118593 -0.028454238168218321 0.27430326062281635 0.21015848247420116 -0.15805579352401647 -0.0033984531954947554 0.074131263481470561 -0.019456588863566084 -0.089239130759622282
leaf_weight=30018 1472566 1504 8176 4927 5281 5826 15481 13565 10416 11220 1123295 119092 105978 100389
leaf_count=30018 1472566 1504 8176 4927 5281 5826 15481 13565 10416 11220 1123295 119092 105978 100389
internal_value=-4.2245e-07 -0.000976827 -0.0015862 -0.000651997 -0.00168875 0.124544 -0.118509 0.193464 0.151535 -0.00112688 -0.00052361 0.00836202 -0.0111601 -0.0534057
internal_weight=3.02773e+06 2.99772e+06 2.9858e+06 2.96214e+06 2.93782e+06 24318 23657 18492 11920 2.93254e+06 2.92132e+06 1.59166e+06 1.32966e+06 206367
internal_count=3027734 2997716 2985796 2962139 2937821 24318 23657 18492 11920 2932540 2921320 1591658 1329662 206367
is_linear=0
shrinkage=0.02


Tree=129
num_leaves=15
num_cat=0
split_feature=5 4 7 19 7 7 7 22 19 22 7 20 7 4
split_gain=743125 1.3612e+06 750029 3.93347e+06 2.09007e+06 1.32853e+06 2.02973e+06 3.91469e+06 1.15425e+06 980142 1.35437e+06 1.29556e+06 2.111e+06 1.96512e+06
threshold=0.082499999552965178 251.5299987792969 11200.020507812502 11202.373046875002 11209.234375000002 11056.972167968752 11020.773925781252 11019.188964843752 11209.443359375002 11122.910644531252 10998.491210937502 10977.248046875002 10977.015136718752 -113.21500015258788
decision_type=2 2 2 2 2 2 2 2 2 2 2 2 2 2
left_child=1 2 5 4 -4 6 9 -8 -7 11 -11 12 -1 -13
right_child=-2 -3 3 -5 -6 8 7 -9 -10 10 -12 13 -14 -15
leaf_value=0.0096115512798086809 0.084531414529930335 -0.17339833654767856 -0.032191630496763962 -0.00016622234002331145 -0.19945101947805779 0.036646139003674152 -0.29599152800742096 0.018980374427017478 0.17534505797034761 -0.057222893241498193 -0.50154074424481077 0.28630765104388078 -0.16368565348751776 0.042317262391445593
leaf_weight=506294 41025 18232 57856 1790621 61812 279514 26299 39451 26246 19041 3197 14934 29760 113452
leaf_count=506294 41025 18232 57856 1790621 61812 279514 26299 39451 26246 19041 3197 14934 29760 113452
internal_value=-4.55354e-07 -0.00116186 -0.000103417 -0.00758569 -0.118596 0.0134039 -0.000881672 -0.107029 0.0485573 0.00928342 -0.121297 0.0136556 -1.21908e-05 0.0707187
internal_weight=3.02773e+06 2.98671e+06 2.96848e+06 1.91029e+06 119668 1.05819e+06 752428 65750 305760 686678 22238 664440 536054 128386
internal_count=3027734 2986709 2968477 1910289 119668 1058188 752428 65750 305760 686678 22238 664440 536054 128386
is_linear=0
shrinkage=0.02


Tree=130
num_leaves=15
num_cat=0
split_feature=7 24 7 7 24 24 22 7 4 7 7 9 7 4
split_gain=718144 872141 2.16131e+06 993790 2.60116e+06 1.33361e+06 1.32783e+06 2.82002e+06 3.09968e+06 2.84228e+06 1.99807e+06 1.83211e+06 1.03953e+06 1.00414e+06
threshold=10056.264648437502 10682.977050781252 10675.826171875002 10907.572265625002 10909.960449218752 10924.394042968752 10804.832031250002 10776.154296875002 -46.985000610351555 10749.717773437502 10870.473144531252 0.58549055457115184 10924.305664062502 63.565000534057624
decision_type=2 2 2 2 2 2 2 2 2 2 2 2 2 2
left_child=-1 -2 -3 4 6 -5 7 8 9 -4 -8 -9 13 -7
right_child=1 2 3 5 -6 12 10 11 -10 -11 -12 -13 -14 -15
leaf_value=0.15300401621199355 -0.075645223400392925 0.43344595179807832 0.74396781492435016 -0.074376534309096937 0.35990267726045766 0.018779296238700449 0.11688279470588761 -0.042339385578710739 -0.016445872360597101 0.11340661445775525 -0.080992828519181201 -0.3165754582971903 -0.001141934982773551 0.40040195149892738
leaf_weight=12211 60720 4604 4481 101000 9768 6056 89534 23353 43442 7883 26431 16717 2616478 5056
leaf_count=12211 60720 4604 4481 101000 9768 6056 89534 23353 43442 7883 26431 16717 2616478 5056
internal_value=-4.97101e-07 -0.000620583 0.000921387 0.000244928 0.0409751 -0.00306321 0.026253 -0.028814 0.0630943 0.342355 0.0717793 -0.1568 -0.000321764 0.192625
internal_weight=3.02773e+06 3.01552e+06 2.9548e+06 2.9502e+06 221609 2.72859e+06 211841 95876 55806 12364 115965 40070 2.62759e+06 11112
internal_count=3027734 3015523 2954803 2950199 221609 2728590 211841 95876 55806 12364 115965 40070 2627590 11112
is_linear=0
shrinkage=0.02


Tree=131
num_leaves=15
num_cat=0
split_feature=5 20 19 20 20 20 25 8 0 23 0 25 22 19
split_gain=721007 644489 937147 1.247e+06 851152 1.3514e+06 975723 837342 936896 678356 675641 614081 1.11711e+06 930620
threshold=0.072500001639127745 12856.801269531252 13255.445312500002 12700.189941406252 12804.532714843752 12774.089843750002 0.059733385220170028 0.80688521265983593 966.50000000000011 12747.956542968752 1710.5000000000002 0.087102096527814879 12224.837890625002 12088.462890625002
decision_type=2 2 2 2 2 2 2 2 2 2 2 2 2 2
left_child=1 2 4 -4 5 11 9 8 -7 -6 -3 -1 13 -13
right_child=-2 10 3 -5 6 7 -8 -9 -10 -11 -12 12 -14 -15
leaf_value=-0.00034623361119325734 0.056867513340112169 -0.24833547138383477 0.22440568685408407 -0.31877960321021404 -0.24415624278659007 -0.040755843081529457 -0.41810146469218917 -0.0085202405317567984 0.28651351303596034 0.017253275077055041 0.20347294602705115 -0.059936192513507791 0.12891266154406553 -0.33346659223529057
leaf_weight=2769790 86618 1510 2167 7582 5782 4561 3762 10912 14983 12624 10315 79812 12019 5297
leaf_count=2769790 86618 1510 2167 7582 5782 4561 3762 10912 14983 12624 10315 79812 12019 5297
internal_value=-3.72395e-07 -0.00167537 -0.00227046 -0.197933 -0.00161642 -0.000671619 -0.125045 0.131829 0.210156 -0.0649519 0.145616 -0.00207967 -0.0515066 -0.0769975
internal_weight=3.02773e+06 2.94112e+06 2.92929e+06 9749 2.91954e+06 2.89737e+06 22168 30456 19544 18406 11825 2.86692e+06 97128 85109
internal_count=3027734 2941116 2929291 9749 2919542 2897374 22168 30456 19544 18406 11825 2866918 97128 85109
is_linear=0
shrinkage=0.02


Tree=132
num_leaves=15
num_cat=0
split_feature=9 7 19 7 7 19 19 23 7 9 7 9 7 8
split_gain=700370 684777 933490 2.07454e+06 973502 2.21802e+06 1.59104e+06 1.51242e+06 2.81317e+06 2.27635e+06 2.75373e+06 1.75769e+06 1.59143e+06 1.13335e+06
threshold=0.83586668968200695 10056.264648437502 10691.720703125002 10675.826171875002 10907.572265625002 10942.862304687502 10916.593750000002 10803.663085937502 10776.154296875002 0.61151722073555004 10749.717773437502 0.58549055457115184 10870.473144531252 0.98745629191398632
decision_type=2 2 2 2 2 2 2 2 2 2 2 2 2 2
left_child=1 -1 -3 -4 5 7 -6 8 9 -5 -11 -10 -9 -14
right_child=-2 2 3 4 6 -7 -8 12 11 10 -12 -13 13 -15
leaf_value=0.14988886389501305 -0.19182896852996231 -0.078001144270552797 0.42522091997408773 -0.01446819490856846 -0.091305953716072266 0.57298316671037119 0.00015063055728000043 0.12265102125526302 -0.04174174965540689 0.65381988991175888 0.089013710823038508 -0.3102408134364501 0.027452875645875851 -0.24830578903918746
leaf_weight=12211 7584 60324 4604 40467 78333 3082 2642470 90969 23399 5038 10940 16717 23634 7962
leaf_count=12211 7584 60324 4604 40467 78333 3082 2642470 90969 23399 5038 10940 16717 23634 7962
internal_value=-4.15104e-07 0.000481919 -0.000125102 0.00146891 0.000804552 0.0410541 -0.00248276 0.0335466 -0.0256493 0.0653539 0.267401 -0.15368 0.0801817 -0.0420926
internal_weight=3.02773e+06 3.02015e+06 3.00794e+06 2.94762e+06 2.94301e+06 222208 2.7208e+06 219126 96561 56445 15978 40116 122565 31596
internal_count=3027734 3020150 3007939 2947615 2943011 222208 2720803 219126 96561 56445 15978 40116 122565 31596
is_linear=0
shrinkage=0.02


Tree=133
num_leaves=15
num_cat=0
split_feature=17 16 21 20 20 20 20 25 17 8 8 25 19 20
split_gain=702562 739801 538787 682245 547593 610632 584508 882419 504704 485757 482084 633919 576861 638115
threshold=0.26601451635360723 -18.100000381469723 12775.907714843752 12804.532714843752 12792.859863281252 12782.183105468752 12856.801269531252 0.059205520898103721 0.49675209820270544 -0.65938973426818837 -0.70585528016090382 0.044290365651249892 12719.038574218752 12200.195800781252
decision_type=2 2 2 2 2 2 2 2 2 2 2 2 2 2
left_child=-1 8 3 10 5 -4 7 9 -2 -6 11 -3 13 -12
right_child=1 2 4 -5 6 -7 -8 -9 -10 -11 12 -13 -14 -15
leaf_value=0.025070482131170874 0.0052175158431893767 -0.0085731267496224096 0.037070682612032883 -0.22717908441638357 -0.09023716819679152 0.28136648884096632 0.15519453811191386 -0.33093852023905551 0.054068540753277806 0.12479685107581474 -0.0044919966936627495 -0.044643847480726653 -0.074742387472757646 0.035969297753394511
leaf_weight=389565 238703 608128 8658 5727 8793 7758 7747 3632 131027 8030 1100288 286794 41242 181642
leaf_count=389565 238703 608128 8658 5727 8793 7758 7747 3632 131027 8030 1100288 286794 41242 181642
internal_value=-3.36211e-07 -0.00370251 -0.00797831 -0.00935906 0.0608268 0.152624 0.00735697 -0.0486816 0.0225307 0.0124154 -0.00879563 -0.020133 -0.00112752 0.00124135
internal_weight=3.02773e+06 2.63817e+06 2.26844e+06 2.22382e+06 44618 16416 28202 20455 369730 16823 2.21809e+06 894922 1.32317e+06 1.28193e+06
internal_count=3027734 2638169 2268439 2223821 44618 16416 28202 20455 369730 16823 2218094 894922 1323172 1281930
is_linear=0
shrinkage=0.02


Tree=134
num_leaves=15
num_cat=0
split_feature=5 9 25 24 19 19 9 17 9 19 9 6 22 24
split_gain=688455 664426 617175 767714 1.01622e+06 896653 773484 593096 533670 605026 514881 758950 678534 1.14265e+06
threshold=0.082499999552965178 0.83586668968200695 0.085163068026304259 12220.146484375002 12270.193847656252 12088.462890625002 0.55642431974411022 0.26601451635360723 -0.6790078580379485 10805.821289062502 -0.15017700195312497 104.12598800659181 12371.583496093752 12275.170898437502
decision_type=2 2 2 2 2 2 2 2 2 2 2 2 2 2
left_child=1 2 7 5 -5 -4 -6 -1 9 -2 11 12 13 -9
right_child=8 -3 3 4 6 -7 -8 10 -10 -11 -12 -13 -14 -15
leaf_value=0.02491909881121529 -0.36281309613828305 -0.18795622233680601 -0.054159692469485696 0.61301078438758849 0.076605721084674547 -0.30916931053986491 -0.29128728523488107 0.020521442817672497 0.04230509513237074 0.2595091783637824 -0.010786464069519377 -0.022154087297990857 -0.019906220445013847 0.17755177349078224
leaf_weight=367478 665 7584 89821 1254 17380 5867 2622 708160 31736 8624 1331789 267202 168528 19024
leaf_count=367478 665 7584 89821 1254 17380 5867 2622 708160 31736 8624 1331789 267202 168528 19024
internal_value=-3.33317e-07 -0.0011182 -0.000641928 -0.0456748 0.0630279 -0.0698262 0.0282573 0.00119819 0.0813628 0.214613 -0.00229606 0.00742729 0.016252 0.024632
internal_weight=3.02773e+06 2.98671e+06 2.97912e+06 116944 21256 95688 20002 2.86218e+06 41025 9289 2.4947e+06 1.16291e+06 895712 727184
internal_count=3027734 2986709 2979125 116944 21256 95688 20002 2862181 41025 9289 2494703 1162914 895712 727184
is_linear=0
shrinkage=0.02


Tree=135
num_leaves=15
num_cat=0
split_feature=17 21 7 24 7 7 21 24 5 25 5 7 24 7
split_gain=672645 674817 1.24331e+06 1.98144e+06 3.53238e+06 1.96843e+06 2.01354e+06 1.29764e+06 1.05041e+06 958852 932801 915996 3.80091e+06 2.0814e+06
threshold=0.1045464798808098 12763.897949218752 12536.370117187502 12220.146484375002 12204.598144531252 12231.576171875002 12187.544433593752 12538.128417968752 0.052500000223517425 0.055466640740633018 -0.012499999720603226 11203.004882812502 11186.147949218752 11230.407226562502
decision_type=2 2 2 2 2 2 2 2 2 2 2 2 2 2
left_child=-1 2 3 5 10 11 -7 -6 -8 -4 -5 -2 13 -13
right_child=1 -3 9 4 7 6 8 -9 -10 -11 -12 12 -14 -15
leaf_value=0.094187604481693249 0.010966676392662075 0.060174514098224677 -0.025067796025240334 0.54489364423151432 0.017151210563629612 0.0057355548791997992 -0.36516717751727362 0.17463086452976226 -1.1246344956762997 -0.12440966823519709 0.23079988694900305 -0.12477398239796525 -0.0066491473411688729 -0.46885806648143225
leaf_weight=30018 1117640 70550 161328 5597 182294 7919 7572 23635 800 51191 11718 46019 1303159 8294
leaf_count=30018 1117640 70550 161328 5597 182294 7919 7572 23635 800 51191 11718 46019 1303159 8294
internal_value=-3.29514e-07 -0.00094381 -0.00241708 0.00123002 0.0583102 -0.0038849 -0.222942 0.0352333 -0.438997 -0.0490018 0.332586 -0.00244218 -0.013482 -0.177395
internal_weight=3.02773e+06 2.99772e+06 2.92717e+06 2.71465e+06 223244 2.4914e+06 16291 205929 8372 212519 17315 2.47511e+06 1.35747e+06 54313
internal_count=3027734 2997716 2927166 2714647 223244 2491403 16291 205929 8372 212519 17315 2475112 1357472 54313
is_linear=0
shrinkage=0.02


Tree=136
num_leaves=15
num_cat=0
split_feature=5 4 8 8 8 25 22 9 13 25 4 23 4 23
split_gain=667622 1.59361e+06 1.26566e+06 1.51437e+06 1.04638e+06 850784 656890 641291 621983 543880 543449 874845 809592 760443
threshold=0.072500001639127745 251.5299987792969 0.95844322443008434 0.74141710996627819 0.7692478895187379 0.034396804869174964 10928.393554687502 0.83586668968200695 -9.0999999046325666 0.055948659777641303 -126.02499771118163 12070.248046875002 -170.77500152587888 12246.438476562502
decision_type=2 2 2 2 2 2 2 2 2 2 2 2 2 2
left_child=1 7 3 -3 6 -6 -5 8 -1 -2 11 -10 -13 -14
right_child=9 2 -4 4 5 -7 -8 -9 10 -11 -12 12 13 -15
leaf_value=0.014616289957055124 0.022317912287632892 0.14203821642481498 0.6815169129075046 -0.3453387162788063 -1.0615322365720048 -0.18532511372782864 -0.93408841243247143 -0.18407056833115551 -0.054336494044565892 0.13223456065616696 -0.0022460550880958013 0.13428338605410531 0.13945383025844099 -0.098539429472558407
leaf_weight=828959 61092 3332 617 1453 458 8637 1618 7584 185111 25526 1855706 21078 7459 19104
leaf_count=828959 61092 3332 617 1453 458 8637 1618 7584 185111 25526 1855706 21078 7459 19104
internal_value=-3.95422e-07 -0.00161219 -0.199891 -0.2354 -0.338805 -0.230568 -0.657561 -0.000519103 -4.13135e-05 0.0547217 -0.00585932 -0.0346661 0.0417592 -0.0316819
internal_weight=3.02773e+06 2.94112e+06 16115 15498 12166 9095 3071 2.925e+06 2.91742e+06 86618 2.08846e+06 232752 47641 26563
internal_count=3027734 2941116 16115 15498 12166 9095 3071 2925001 2917417 86618 2088458 232752 47641 26563
is_linear=0
shrinkage=0.02


Tree=137
num_leaves=15
num_cat=0
split_feature=7 24 7 7 24 24 22 7 4 7 7 9 7 21
split_gain=658239 798586 1.99664e+06 901428 2.44452e+06 1.22692e+06 1.21505e+06 2.59959e+06 2.89789e+06 2.63091e+06 1.84099e+06 1.67884e+06 998571 991791
threshold=10056.264648437502 10682.977050781252 10675.826171875002 10907.572265625002 10909.960449218752 10924.394042968752 10804.832031250002 10776.154296875002 -46.985000610351555 10749.717773437502 10870.473144531252 0.58549055457115184 10924.305664062502 10756.345214843752
decision_type=2 2 2 2 2 2 2 2 2 2 2 2 2 2
left_child=-1 -2 -3 4 6 -5 7 8 9 -4 -8 13 -7 -9
right_child=1 2 3 5 -6 12 10 11 -10 -11 -12 -13 -14 -15
leaf_value=0.14648353792645777 -0.072385382926539052 0.41660205264188771 0.71672670922866522 -0.071320903631374957 0.34819777746574837 0.18881677280442741 0.11159492692424899 0.38328766042622137 -0.016590042948837626 0.11006273958595154 -0.078343235496691352 -0.30375478475001311 -0.0010938233209366517 -0.081207307015583069
leaf_weight=12211 60720 4604 4481 101000 9768 11112 89534 2002 43442 7883 26431 16717 2616478 21351
leaf_count=12211 60720 4604 4481 101000 9768 11112 89534 2002 43442 7883 26431 16717 2616478 21351
internal_value=-4.93111e-07 -0.000594153 0.000881361 0.000231182 0.0390225 -0.00291948 0.0247506 -0.0279259 0.0603174 0.330335 0.0683006 -0.150808 -0.000289974 -0.0412393
internal_weight=3.02773e+06 3.01552e+06 2.9548e+06 2.9502e+06 221609 2.72859e+06 211841 95876 55806 12364 115965 40070 2.62759e+06 23353
internal_count=3027734 3015523 2954803 2950199 221609 2728590 211841 95876 55806 12364 115965 40070 2627590 23353
is_linear=0
shrinkage=0.02


Tree=138
num_leaves=15
num_cat=0
split_feature=7 19 7 23 7 7 22 7 22 7 22 9 21 5
split_gain=645219 3.69482e+06 2.1344e+06 1.2469e+06 1.57769e+06 1.56324e+06 1.03362e+06 1.03319e+06 6.06738e+06 1.63421e+06 1.98243e+06 1.62745e+06 1.59564e+06 1.31844e+06
threshold=11200.020507812502 11204.905761718752 11219.845703125002 11175.997070312502 11132.371582031252 11184.367675781252 11208.934570312502 11009.197265625002 10989.144042968752 10998.491210937502 11057.493164062502 -0.65761160850524891 11017.984375000002 0.092500001192092909
decision_type=2 2 2 2 2 2 2 2 2 2 2 2 2 2
left_child=3 2 6 7 -5 -6 -2 9 11 13 12 -9 -11 -1
right_child=1 -3 -4 4 5 -7 -8 8 -10 10 -12 -13 -14 -15
leaf_value=0.0061690506500219231 -0.043195268460642533 0.00067290374960787607 -0.24135767452329343 -0.11649011802222907 0.16363949541627257 0.031381567539006366 -0.29559387026381656 0.059861595475961676 0.0018472933423825586 0.073808554038465743 -0.55408336062705954 -0.38424372513739552 0.36014344991191599 0.29844955147405428
leaf_weight=624578 94185 1800101 35224 17603 59090 90484 6961 3868 232492 20447 1518 22390 12568 6225
leaf_count=624578 94185 1800101 35224 17603 59090 90484 6961 3868 232492 20447 1518 22390 12568 6225
internal_value=-3.64308e-07 -0.00693117 -0.107299 0.0122984 0.0625599 0.0836383 -0.0605934 0.00320501 -0.0307056 0.0163932 0.150339 -0.318825 0.182886 0.0090581
internal_weight=3.02773e+06 1.93647e+06 136370 1.09126e+06 167177 149574 101146 924086 258750 665336 34533 26258 33015 630803
internal_count=3027734 1936471 136370 1091263 167177 149574 101146 924086 258750 665336 34533 26258 33015 630803
is_linear=0
shrinkage=0.02


Tree=139
num_leaves=15
num_cat=0
split_feature=17 21 7 24 7 7 21 8 24 7 8 22 24 8
split_gain=644794 660019 1.18245e+06 1.63153e+06 2.99783e+06 1.8773e+06 1.91357e+06 1.26299e+06 1.06985e+06 1.36036e+06 1.24366e+06 1.0142e+06 878874 1.09644e+06
threshold=0.1638348996639252 12763.897949218752 12542.096191406252 12220.146484375002 12204.598144531252 12231.576171875002 12187.544433593752 0.91719016432762157 12559.715332031252 12604.493164062502 -0.76678693294525135 12783.712402343752 12538.128417968752 -0.91849520802497853
decision_type=2 2 2 2 2 2 2 2 2 2 2 2 2 2
left_child=-1 2 3 5 7 -2 -7 -5 9 10 -4 -10 -6 -14
right_child=1 -3 8 4 12 6 -8 -9 11 -11 -12 -13 13 -15
leaf_value=0.056574934196693141 -0.0028242768710034834 0.059370711146431152 -0.28185270477979102 0.47055252342387638 0.016547158271934401 0.0050111790262566706 -0.43054822974155343 0.10265028578151625 -0.020026172833214034 -0.58621469793572323 -0.025891218622790729 -0.33706210495365346 0.42750845711268115 0.082489688984157303
leaf_weight=78481 2436838 69548 11568 9146 185596 7839 8303 6313 158083 2622 22068 4132 4386 22811
leaf_count=78481 2436838 69548 11568 9146 185596 7839 8303 6313 158083 2622 22068 4132 4386 22811
internal_value=-3.98701e-07 -0.00150609 -0.00297654 0.00051037 0.0516538 -0.00424875 -0.219155 0.320477 -0.05008 -0.148282 -0.113979 -0.0281222 0.0321101 0.138268
internal_weight=3.02773e+06 2.94925e+06 2.8797e+06 2.68123e+06 228252 2.45298e+06 16142 15459 198473 36258 33636 162215 212793 27197
internal_count=3027734 2949253 2879705 2681232 228252 2452980 16142 15459 198473 36258 33636 162215 212793 27197
is_linear=0
shrinkage=0.02


Tree=140
num_leaves=15
num_cat=0
split_feature=7 24 7 7 24 24 22 7 4 7 7 9 21 7
split_gain=630347 770260 1.91701e+06 858291 2.34507e+06 1.1842e+06 1.16838e+06 2.4973e+06 2.78414e+06 2.52531e+06 1.76713e+06 1.60961e+06 968821 958438
threshold=10056.264648437502 10682.977050781252 10675.826171875002 10907.572265625002 10909.960449218752 10924.394042968752 10804.832031250002 10776.154296875002 -46.985000610351555 10749.717773437502 10870.473144531252 0.58549055457115184 10792.730957031252 10924.305664062502
decision_type=2 2 2 2 2 2 2 2 2 2 2 2 2 2
left_child=-1 -2 -3 4 6 -5 7 8 9 -4 -8 -9 -13 -7
right_child=1 2 3 5 -6 13 10 11 -10 -11 -12 12 -14 -15
leaf_value=0.14334643205574299 -0.071087886564325575 0.40821385291111612 0.70216212821999524 -0.07004358792768986 0.3409033967522519 0.18500722261844987 0.10922622822232107 -0.040705332404601155 -0.016444070110531624 0.10779716193492929 -0.076862928596632185 -0.23534895981772225 -0.6705467434500364 -0.0010479037385562851
leaf_weight=12211 60720 4604 4481 101000 9768 11112 89534 23353 43442 7883 26431 14334 2383 2616478
leaf_count=12211 60720 4604 4481 101000 9768 11112 89534 23353 43442 7883 26431 14334 2383 2616478
internal_value=-4.21095e-07 -0.000581367 0.000867742 0.000230661 0.0380825 -0.00284369 0.0241038 -0.027551 0.0589388 0.323604 0.0668092 -0.147992 -0.297751 -0.000260373
internal_weight=3.02773e+06 3.01552e+06 2.9548e+06 2.9502e+06 221609 2.72859e+06 211841 95876 55806 12364 115965 40070 16717 2.62759e+06
internal_count=3027734 3015523 2954803 2950199 221609 2728590 211841 95876 55806 12364 115965 40070 16717 2627590
is_linear=0
shrinkage=0.02


Tree=141
num_leaves=15
num_cat=0
split_feature=5 4 8 8 8 0 25 20 9 20 19 20 0 20
split_gain=627125 1.51771e+06 1.21409e+06 1.44501e+06 983989 1.11527e+06 754156 646203 615477 570065 879335 1.19008e+06 649911 566109
threshold=0.072500001639127745 251.5299987792969 0.95844322443008434 0.74141710996627819 0.7692478895187379 5583.5000000000009 0.040683234110474593 10966.634765625002 0.83586668968200695 12856.801269531252 13255.445312500002 12700.189941406252 1710.5000000000002 11526.333984375002
decision_type=2 2 2 2 2 2 2 2 2 2 2 2 2 2
left_child=1 8 3 -3 7 6 -6 -5 9 10 -1 -12 -11 -10
right_child=-2 2 -4 4 5 -7 -8 -9 13 12 11 -13 -14 -15
leaf_value=4.67756548828582e-05 0.053036066293492057 0.13885255558587631 0.66819746458549434 -0.43632070936351691 -1.0278366857853718 -0.0086787146115268905 -0.33294599896082 -1.0593532106018066 -0.56887188192947524 -0.24786843859521968 0.22245721064436091 -0.30817868191085451 0.19524314889301844 -0.10336884085486954
leaf_weight=2895843 86618 3332 617 2081 747 4639 3709 990 1243 1510 2167 7582 10315 6341
leaf_count=2895843 86618 3332 617 2081 747 4639 3709 990 1243 1510 2167 7582 10315 6341
internal_value=-3.58872e-07 -0.0015625 -0.195062 -0.22984 -0.33085 -0.225885 -0.451482 -0.639961 -0.000495764 -2.76896e-05 -0.000591928 -0.19012 0.138496 -0.180315
internal_weight=3.02773e+06 2.94112e+06 16115 15498 12166 9095 4456 3071 2.925e+06 2.91742e+06 2.90559e+06 9749 11825 7584
internal_count=3027734 2941116 16115 15498 12166 9095 4456 3071 2925001 2917417 2905592 9749 11825 7584
is_linear=0
shrinkage=0.02


Tree=142
num_leaves=15
num_cat=0
split_feature=5 4 9 9 9 25 20 9 13 19 20 4 20 20
split_gain=605954 1.18735e+06 1.08253e+06 1.31911e+06 1.09625e+06 833454 646451 594056 591346 584276 543900 536041 970580 1.29934e+06
threshold=0.082499999552965178 251.5299987792969 -0.2852825373411178 -0.6710444688796996 -0.63895034790039051 0.034396804869174964 10966.634765625002 0.83586668968200695 -9.4999999999999982 12795.811035156252 11526.333984375002 -126.02499771118163 12100.825683593752 12358.885253906252
decision_type=2 2 2 2 2 2 2 2 2 2 2 2 2 2
left_child=1 7 3 -3 6 -6 -5 8 -1 -7 -9 12 -10 -14
right_child=-2 2 -4 4 5 9 -8 10 11 -11 -12 -13 13 -15
leaf_value=0.014773904931579675 0.076331934483783281 0.10431869807491922 0.65504665563361297 -0.41979832820997232 -1.0130198940048869 -0.083032901323760927 -1.0383780178070068 -0.55758524951036703 -0.052922615550886717 -0.52725478661506942 -0.1013047198493663 -0.0016430220667658989 0.18344080206717575 -0.040101147084224513
leaf_weight=824982 41025 4502 617 2172 458 8115 990 1243 191719 1378 6341 1901322 17723 25147
leaf_count=824982 41025 4502 617 2172 458 8115 990 1243 191719 1378 6341 1901322 17723 25147
internal_value=-5.37931e-07 -0.00104929 -0.161911 -0.190883 -0.292237 -0.188797 -0.616141 -6.0747e-05 0.000392351 -0.148005 -0.176726 -0.00516247 -0.0336859 0.0523347
internal_weight=3.02773e+06 2.98671e+06 18232 17615 13113 9951 3162 2.96848e+06 2.96089e+06 9493 7584 2.13591e+06 234589 42870
internal_count=3027734 2986709 18232 17615 13113 9951 3162 2968477 2960893 9493 7584 2135911 234589 42870
is_linear=0
shrinkage=0.02


Tree=143
num_leaves=15
num_cat=0
split_feature=17 21 7 24 7 7 4 8 21 24 4 7 24 19
split_gain=624919 626496 1.14554e+06 1.82106e+06 3.25308e+06 1.82848e+06 1.95938e+06 1.41202e+06 1.39001e+06 1.20599e+06 1.12983e+06 845988 2.48847e+06 1.56293e+06
threshold=0.1045464798808098 12763.897949218752 12536.370117187502 12220.146484375002 12204.598144531252 12231.576171875002 168.81500244140628 0.91719016432762157 12203.028808593752 12538.128417968752 -272.63999938964838 12279.800292968752 12275.170898437502 12295.004882812502
decision_type=2 2 2 2 2 2 2 2 2 2 2 2 2 2
left_child=-1 2 3 5 7 10 8 -5 -7 11 -2 12 -6 -13
right_child=1 -3 -4 4 9 6 -8 -9 -10 -11 -12 13 -14 -15
leaf_value=0.0907843162187527 -0.21355747102010283 0.057979357597718419 -0.047045091449428589 0.46512465609058135 0.012863876489382316 0.014550573374478473 -1.1258294135005049 0.095662897372625108 -0.3662439795741767 0.16813139197084925 -0.0014774662935925667 -0.20055659380413637 0.30750910798910647 0.012462438006894701
leaf_weight=30018 10079 70550 212519 10465 62375 8271 883 6850 7137 23635 2465033 16270 14038 89611
leaf_count=30018 10079 70550 212519 10465 62375 8271 883 6850 7137 23635 2465033 16270 14038 89611
internal_value=-7.12734e-07 -0.000910106 -0.00232965 0.0011711 0.0558924 -0.00373244 -0.214859 0.319102 -0.161956 0.0337466 -0.00234195 0.0163148 0.0670272 -0.0202864
internal_weight=3.02773e+06 2.99772e+06 2.92717e+06 2.71465e+06 223244 2.4914e+06 16291 17315 15408 205929 2.47511e+06 182294 76413 105881
internal_count=3027734 2997716 2927166 2714647 223244 2491403 16291 17315 15408 205929 2475112 182294 76413 105881
is_linear=0
shrinkage=0.02


Tree=144
num_leaves=15
num_cat=0
split_feature=7 19 7 20 7 9 23 20 7 7 7 7 22 9
split_gain=624679 3.54819e+06 1.93438e+06 1.21599e+06 4.28756e+06 2.39917e+06 1.48669e+06 1.15883e+06 2.70314e+06 2.1234e+06 2.07475e+06 1.64004e+06 1.19686e+06 1.17896e+06
threshold=11200.020507812502 11197.387207031252 11209.234375000002 11033.328613281252 11020.773925781252 -0.65224117040634144 10989.740234375002 10977.248046875002 11009.197265625002 10944.537597656252 10937.421875000002 10920.012207031252 10948.075195312502 -0.32445363700389857
decision_type=2 2 2 2 2 2 2 2 2 2 2 2 2 2
left_child=3 2 -2 4 7 -6 -7 8 -1 10 11 -9 -10 -11
right_child=1 -3 -4 -5 5 6 -8 9 12 13 -12 -13 -14 -15
leaf_value=0.003706297757863099 -0.034049864472818159 -0.00038027572557324993 -0.20680706296076901 0.040711751476375284 0.0097039362019373347 -0.47380336005360585 -0.18800680815699689 0.61899555685730223 -0.81440639250564961 -0.027241528050781418 0.71470783000692029 -0.096318912043333677 -0.22357826345805218 0.11628730995114359
leaf_weight=547199 51740 1832768 51963 384705 17671 10616 23212 1828 2004 47184 3827 4232 4337 44448
leaf_count=547199 51740 1832768 51963 384705 17671 10616 23212 1828 2004 47184 3827 4232 4337 44448
internal_value=-7.46095e-07 -0.00682034 -0.120626 0.0121007 -0.00347768 -0.179172 -0.27781 0.0103374 -0.00105499 0.0724495 0.350759 0.120117 -0.411294 0.042385
internal_weight=3.02773e+06 1.93647e+06 103703 1.09126e+06 706558 51499 33828 655059 553540 101519 9887 6060 6341 91632
internal_count=3027734 1936471 103703 1091263 706558 51499 33828 655059 553540 101519 9887 6060 6341 91632
is_linear=0
shrinkage=0.02


Tree=145
num_leaves=15
num_cat=0
split_feature=17 16 9 21 21 9 22 20 20 20 0 9 0 23
split_gain=596262 632060 537598 636462 511850 881968 751318 677597 618184 577722 850214 538515 768043 638684
threshold=0.24178960174322131 -20.100000381469723 0.83586668968200695 11526.360351562502 12775.907714843752 -0.55470204353332508 12783.712402343752 12804.532714843752 12792.859863281252 12856.801269531252 3592.5000000000005 -0.15017700195312497 2322.5000000000005 12733.312011718752
decision_type=2 2 2 2 2 2 2 2 2 2 2 2 2 2
left_child=-1 -2 4 -4 6 -6 7 11 -7 10 -10 -3 -13 -14
right_child=1 2 3 -5 5 8 -8 -9 9 -11 -12 12 13 -15
leaf_value=0.028367073526944894 0.025553077785812967 0.0041209258407954195 -0.56858486517737894 -0.087566642651899604 0.27167844346926379 0.12317199824151719 -0.29953554178142378 -0.21705960920853806 -0.010586593405195381 0.13334417173139015 -0.30916438727364931 0.0019596124076696935 -0.030990093557649746 0.18643165769831715
leaf_weight=269942 282695 1141235 1350 5791 6696 15849 3492 6081 14800 6201 5130 586768 676266 5438
leaf_count=269942 282695 1141235 1350 5791 6696 15849 3492 6081 14800 6201 5130 586768 676266 5438
internal_value=-7.68471e-07 -0.00277761 -0.00601352 -0.179173 -0.00551175 0.0586938 -0.00680381 -0.00637943 0.0246648 -0.0351055 -0.0875583 -0.00584686 -0.0148148 -0.029253
internal_weight=3.02773e+06 2.75779e+06 2.4751e+06 7141 2.46796e+06 48676 2.41928e+06 2.41579e+06 41980 26131 19930 2.40971e+06 1.26847e+06 681704
internal_count=3027734 2757792 2475097 7141 2467956 48676 2419280 2415788 41980 26131 19930 2409707 1268472 681704
is_linear=0
shrinkage=0.02


Tree=146
num_leaves=15
num_cat=0
split_feature=5 4 8 8 8 25 21 22 9 4 22 20 20 4
split_gain=583143 1.3643e+06 1.11431e+06 1.31956e+06 886866 728282 703422 1.00629e+06 898775 842843 1.59183e+06 765330 724878 870443
threshold=0.072500001639127745 251.5299987792969 0.95844322443008434 0.74141710996627819 0.7692478895187379 0.034396804869174964 12775.907714843752 12783.712402343752 -0.57933691143989552 -29.835000038146969 12748.408203125002 12856.801269531252 12792.859863281252 147.03499603271487
decision_type=2 2 2 2 2 2 2 2 2 2 2 2 2 2
left_child=1 6 3 -3 -5 -6 7 12 -8 10 -10 -12 -1 -14
right_child=-2 2 -4 4 5 -7 8 -9 9 -11 11 -13 13 -15
leaf_value=-0.00085155517411402576 0.051142044457928748 0.13403597074234774 0.64205048130649889 -0.60827338888520588 -0.98398612601125335 -0.17329888498516335 0.31949783144435329 -0.29895298867619174 0.41038268667210559 -0.034098748564467145 -0.05123676856617964 0.23574477206045397 -0.077593479730021703 -0.57403951417138821
leaf_weight=2857272 86618 3332 617 3071 458 8637 5227 4543 6042 26215 12415 5294 6169 1824
leaf_count=2857272 86618 3332 617 3071 458 8637 5227 4543 6042 26215 12415 5294 6169 1824
internal_value=-8.02343e-07 -0.00150717 -0.184967 -0.218286 -0.314812 -0.215161 -0.000495781 -0.00185606 0.0702205 0.0440842 0.130357 0.0346382 -0.00138396 -0.191461
internal_weight=3.02773e+06 2.94112e+06 16115 15498 12166 9095 2.925e+06 2.86981e+06 55193 49966 23751 17709 2.86526e+06 7993
internal_count=3027734 2941116 16115 15498 12166 9095 2925001 2869808 55193 49966 23751 17709 2865265 7993
is_linear=0
shrinkage=0.02


Tree=147
num_leaves=15
num_cat=0
split_feature=7 19 7 7 24 19 22 7 4 7 7 9 9 7
split_gain=606075 822514 1.83805e+06 849926 2.20838e+06 1.41504e+06 1.06743e+06 2.50607e+06 2.60272e+06 2.4017e+06 1.692e+06 1.52798e+06 1.05541e+06 1.09697e+06
threshold=10056.264648437502 10691.720703125002 10675.826171875002 10907.572265625002 10909.960449218752 10916.593750000002 10804.832031250002 10776.154296875002 -48.385000228881829 10749.717773437502 10870.473144531252 0.58549055457115184 0.58549055457115184 10977.015136718752
decision_type=2 2 2 2 2 2 2 2 2 2 2 2 2 2
left_child=-1 -2 -3 4 6 12 7 8 9 -4 -8 -9 13 -5
right_child=1 2 3 5 -6 -7 10 11 -10 -11 -12 -13 -14 -15
leaf_value=0.14055911911067612 -0.073672949773828447 0.39979095941505599 0.69126810126379978 -0.10919577381004426 0.33179208823644535 -0.00028866981639772668 0.10677658680529556 -0.041118442893947046 -0.010304839482814954 0.10785425063614155 -0.075313551772363083 -0.29165212566602927 0.0093065628591429105 -0.40780780918875714
leaf_weight=12211 60324 4604 4420 43832 9768 2650054 89534 23313 44234 7791 26431 16717 28965 5536
leaf_count=12211 60324 4604 4420 43832 9768 2650054 89534 23313 44234 7791 26431 16717 28965 5536
internal_value=-8.53239e-07 -0.000570505 0.000921961 0.000298221 0.0379104 -0.00276515 0.0243826 -0.0247677 0.061071 0.319426 0.0652711 -0.145791 -0.0865349 -0.142758
internal_weight=3.02773e+06 3.01552e+06 2.9552e+06 2.9506e+06 222208 2.72839e+06 212440 96475 56445 12211 115965 40030 78333 49368
internal_count=3027734 3015523 2955199 2950595 222208 2728387 212440 96475 56445 12211 115965 40030 78333 49368
is_linear=0
shrinkage=0.02


Tree=148
num_leaves=15
num_cat=0
split_feature=17 13 14 4 14 20 20 9 8 20 6 9 24 5
split_gain=586344 557036 810260 544129 923410 783518 866713 571248 561059 519478 569654 431452 661488 594912
threshold=0.1045464798808098 -8.7000002861022931 0.67426908016204845 -126.02499771118163 0.61474910378456127 12100.825683593752 12358.885253906252 0.83586668968200695 -0.86513796448707569 12200.195800781252 90.563484191894545 -0.72811940312385548 10792.423828125002 0.062499998137354858
decision_type=2 2 2 2 2 2 2 2 2 2 2 2 2 2
left_child=-1 2 -2 4 5 -3 8 11 9 10 -7 12 -5 -14
right_child=1 3 -4 7 -6 6 -8 -9 -10 -11 -12 -13 13 -15
leaf_value=0.08793761414652991 0.0040073467861142008 -0.031046810692528255 0.055844115829778003 -0.24040861786013629 -0.10259361491577666 0.010823977765665972 -0.010692174560749557 -0.22109517304852241 0.090976561856951937 0.53082911887093198 1.009628556225751 -0.0039757114947783405 0.041837999837811467 0.23288615643694613
leaf_weight=30018 747588 137605 143812 2824 60589 1936 16216 4780 6663 3140 249 1826208 38255 7851
leaf_count=30018 747588 137605 143812 2824 60589 1936 16216 4780 6663 3140 249 1826208 38255 7851
internal_value=-7.84769e-07 -0.000881664 0.0123709 -0.00649022 -0.0357817 -0.0113629 0.0846496 -0.00296247 0.21352 0.366393 0.128737 -0.00240523 0.056198 0.0744139
internal_weight=3.02773e+06 2.99772e+06 891400 2.10632e+06 226398 165809 28204 1.87992e+06 11988 5325 2185 1.87514e+06 48930 46106
internal_count=3027734 2997716 891400 2106316 226398 165809 28204 1879918 11988 5325 2185 1875138 48930 46106
is_linear=0
shrinkage=0.02


Tree=149
num_leaves=15
num_cat=0
split_feature=17 16 17 0 25 20 20 24 22 21 0 6 23 24
split_gain=564449 639730 533734 447096 434371 532543 1.05837e+06 855153 656740 500744 841739 444926 437069 849512
threshold=0.26601451635360723 -17.30000019073486 0.5396258831024171 1416.5000000000002 0.04459910839796067 12792.859863281252 12782.183105468752 12731.313964843752 12783.712402343752 12786.372070312502 1988.5000000000002 78.329120635986342 12725.506835937502 12765.978515625002
decision_type=2 2 2 2 2 2 2 2 2 2 2 2 2 2
left_child=3 2 -2 -1 9 6 8 -7 -6 -3 -11 -9 -12 -14
right_child=1 4 -4 -5 5 7 -8 11 -10 10 12 -13 13 -15
leaf_value=-0.010438444984343383 0.0060561875376596176 -0.0030092908495962384 0.057857907676709466 0.036419958024125024 -0.018977353310128536 -0.43392166974540752 0.34854691455376219 -0.25051996354444755 -0.41608508100909392 -0.015925134776785706 0.58064960836506585 0.036006344491531901 -0.13068622613601166 0.30737622729703346
leaf_weight=115966 306041 1508312 107501 273599 676054 3145 3122 3181 1660 12598 1241 6754 2492 6068
leaf_count=115966 306041 1508312 107501 273599 676054 3145 3122 3181 1660 12598 1241 6754 2492 6068
internal_value=-6.72445e-07 -0.00331905 0.0195233 0.0224712 -0.00756535 -0.020691 -0.0182613 -0.14705 -0.0199562 -0.001615 0.0922328 -0.0558916 0.231133 0.179841
internal_weight=3.02773e+06 2.63817e+06 413542 389565 2.22463e+06 693916 680836 13080 677714 1.53071e+06 22399 9935 9801 8560
internal_count=3027734 2638169 413542 389565 2224627 693916 680836 13080 677714 1530711 22399 9935 9801 8560
is_linear=0
shrinkage=0.02


Tree=150
num_leaves=15
num_cat=0
split_feature=0 16 19 8 8 0 19 19 19 22 4 8 22 4
split_gain=546256 534138 511069 747271 478650 878106 749810 1.01253e+06 1.02886e+06 753698 592951 550620 1.62097e+06 2.001e+06
threshold=8211.0000000000018 -22.100000381469723 13255.445312500002 0.79178315401077282 -0.95664271712303151 2361.5000000000005 11331.472167968752 11002.951660156252 11045.029296875002 11353.165527343752 -235.61500549316403 -0.84785553812980641 12135.268066406252 -103.63499832153319
decision_type=2 2 2 2 2 2 2 2 2 2 2 2 2 2
left_child=1 -1 4 -4 5 -3 7 -7 -9 -8 -11 12 -6 -14
right_child=-2 2 3 -5 11 6 9 8 -10 10 -12 -13 13 -15
leaf_value=0.032181047677721925 -0.13734026713136088 0.0087656026531815617 -0.069796589073806356 -0.53902446713279839 0.0048701252207491389 -0.097377089515504223 -0.3237358033817842 0.82337605203456266 0.12217151952561167 -0.36156783015624994 -0.066221438416306344 -0.0016396200137618767 0.32795662397138992 0.048260721815440874
leaf_weight=199118 11530 132480 9252 1582 204468 10025 5092 909 9460 2788 97187 2295648 14730 33465
leaf_count=199118 11530 132480 9252 1582 204468 10025 5092 909 9460 2788 97187 2295648 14730 33465
internal_value=-6.5281e-07 0.0005248 -0.00171283 -0.13875 -0.00118328 -0.027145 -0.0650624 0.0458963 0.184379 -0.0866025 -0.0744933 0.00144466 0.0294669 0.133796
internal_weight=3.02773e+06 3.0162e+06 2.81709e+06 10834 2.80625e+06 257941 125461 20394 10369 105067 99975 2.54831e+06 252663 48195
internal_count=3027734 3016204 2817086 10834 2806252 257941 125461 20394 10369 105067 99975 2548311 252663 48195
is_linear=0
shrinkage=0.02


Tree=151
num_leaves=15
num_cat=0
split_feature=7 24 7 20 7 4 21 7 7 4 24 24 4 22
split_gain=601341 2.98943e+06 2.33099e+06 1.17257e+06 4.10366e+06 2.15355e+06 1.38266e+06 2.53644e+06 2.08291e+06 2.03518e+06 1.61952e+06 1.5576e+06 1.55122e+06 1.10722e+06
threshold=11200.020507812502 11186.147949218752 11230.407226562502 11033.328613281252 11020.773925781252 -26.785000801086422 10975.580078125002 11009.197265625002 10944.537597656252 55.414999008178718 10979.329101562502 11020.742187500002 -80.374999999999986 10948.075195312502
decision_type=2 2 2 2 2 2 2 2 2 2 2 2 2 2
left_child=3 2 -2 4 6 -6 7 10 9 -8 -1 -11 -10 -9
right_child=1 -3 -4 -5 5 -7 8 13 12 11 -12 -13 -14 -15
leaf_value=0.0040178693033250815 -0.092718856410396622 -0.0018875103741582881 -0.44975574682385933 0.039968129942618454 -0.35588479920523192 -0.082664008384785853 -0.021743809121191195 -0.79008532644383611 0.23474586212100965 0.74265092975446712 -0.65625118596761822 -0.18389264345169068 0.013440944222472564 -0.21858049589915182
leaf_weight=546147 61466 1866711 8294 384705 17453 34046 3338 2004 15149 4754 1480 852 77147 4188
leaf_count=546147 61466 1866711 8294 384705 17453 34046 3338 2004 15149 4754 1480 852 77147 4188
internal_value=-6.54889e-07 -0.00669165 -0.135227 0.0118726 -0.00342511 -0.17531 0.0100905 -0.00233335 0.0780469 0.369291 0.00222146 0.601755 0.0497865 -0.404523
internal_weight=3.02773e+06 1.93647e+06 69760 1.09126e+06 706558 51499 655059 553819 101240 8944 547627 5606 92296 6192
internal_count=3027734 1936471 69760 1091263 706558 51499 655059 553819 101240 8944 547627 5606 92296 6192
is_linear=0
shrinkage=0.02


Tree=152
num_leaves=15
num_cat=0
split_feature=5 4 8 8 8 6 25 19 21 24 20 4 8 0
split_gain=555884 1.03516e+06 988537 1.18013e+06 957616 796675 777314 727309 622784 929854 677197 857449 747393 631387
threshold=0.082499999552965178 251.5299987792969 0.95844322443008434 0.74141710996627819 0.7692478895187379 112.04339981079103 0.053691981360316283 12795.811035156252 12775.907714843752 12781.143066406252 12792.859863281252 147.03499603271487 0.8110111951828004 1221.5000000000002
decision_type=2 2 2 2 2 2 2 2 2 2 2 2 2 2
left_child=1 8 3 -3 -5 7 -7 -6 9 10 -1 -12 -13 -10
right_child=-2 2 -4 4 5 6 -8 -9 13 -11 11 12 -14 -15
leaf_value=-0.00038777792127659571 0.073110075740474414 0.10032429827445728 0.6294696907639693 -0.57749068028689332 -0.001336580838973443 -0.85538169692917121 -0.043348754985208286 -0.50499333367911126 -0.061502162563823466 -0.28695094304283242 -0.072656552528832338 0.34398369657265032 -0.73533673803342925 0.10092993191817819
leaf_weight=2899077 41025 4502 617 3162 6602 1194 777 1378 12212 4543 6621 301 1549 44174
leaf_count=2899077 41025 4502 617 3162 6602 1194 777 1378 12212 4543 6621 301 1549 44174
internal_value=-7.62462e-07 -0.00100525 -0.151204 -0.178891 -0.274758 -0.178077 -0.53711 -0.0888346 -8.22364e-05 -0.00135707 -0.000909842 -0.179365 -0.558812 0.0657456
internal_weight=3.02773e+06 2.98671e+06 18232 17615 13113 9951 1971 7980 2.96848e+06 2.91209e+06 2.90755e+06 8471 1850 56386
internal_count=3027734 2986709 18232 17615 13113 9951 1971 7980 2968477 2912091 2907548 8471 1850 56386
is_linear=0
shrinkage=0.02


Tree=153
num_leaves=15
num_cat=0
split_feature=7 19 7 6 7 23 7 7 19 8 7 23 7 23
split_gain=581245 4.05712e+06 1.57119e+06 1.27695e+06 1.1517e+06 1.05767e+06 1.3742e+06 1.69986e+06 1.27093e+06 932817 928740 5.26087e+06 1.52524e+06 1.89012e+06
threshold=11203.004882812502 11204.905761718752 11230.407226562502 107.08992004394533 12757.591308593752 11175.997070312502 11132.371582031252 11184.367675781252 11254.832031250002 -0.95236524939537037 11009.197265625002 10989.740234375002 10998.491210937502 11058.276855468752
decision_type=2 2 2 2 2 2 2 2 2 2 2 2 2 2
left_child=5 2 3 -2 -4 10 -7 -8 -9 -3 12 -12 -1 -14
right_child=1 9 4 -5 -6 6 7 8 -10 -11 11 -13 13 -15
leaf_value=0.0082828566435762061 -0.05167585225950988 -0.035284791670620208 -0.31748617669230694 -0.23600002984761506 0.56445939171372583 -0.11385465114731583 0.15856147039104471 0.019767895588501689 0.72149379484941778 0.006336671755921142 -0.29507652728373401 0.0005805888688783235 0.17651986552556939 -0.54375789634829663
leaf_weight=630803 72619 250389 18477 18952 603 17603 59090 112174 1032 1540454 26695 244310 33018 1515
leaf_count=630803 72619 250389 18477 18952 603 17603 59090 112174 1032 1540454 26695 244310 33018 1515
internal_value=-8.72717e-07 -0.00674489 -0.124268 -0.0898463 -0.289331 0.0113854 0.0544214 0.0716195 0.0262283 0.000517138 0.00265673 -0.0285525 0.0153691 0.144772
internal_weight=3.02773e+06 1.90149e+06 110651 91571 19080 1.12624e+06 189899 172296 113206 1.79084e+06 936341 271005 665336 34533
internal_count=3027734 1901494 110651 91571 19080 1126240 189899 172296 113206 1790843 936341 271005 665336 34533
is_linear=0
shrinkage=0.02


Tree=154
num_leaves=15
num_cat=0
split_feature=5 4 8 8 8 0 1 20 20 13 14 8 22 0
split_gain=535762 978707 946743 1.13825e+06 911930 736124 830263 590872 522916 514100 703664 447724 564493 482559
threshold=0.082499999552965178 251.5299987792969 0.95844322443008434 0.74141710996627819 0.7692478895187379 5583.5000000000009 105.8008499145508 10966.634765625002 12792.859863281252 -8.7000002861022931 0.6386304795742036 0.73413100838661205 10804.832031250002 4972.5000000000009
decision_type=2 2 2 2 2 2 2 2 2 2 2 2 2 2
left_child=1 9 3 -3 7 6 8 -5 -6 10 -1 12 -2 -13
right_child=11 2 -4 4 5 -7 -8 -9 -10 -11 -12 13 -14 -15
leaf_value=0.0028368444066339993 -0.36460382474263514 0.10008438715473865 0.61695637035217776 -0.37618292332132619 -0.00050342652444237306 -0.0039975269911651425 -0.77745000520739438 -0.9672146946716309 -0.49545969625428926 -0.005495163153493474 0.045045356963975811 0.0052586870533719897 0.23625908773340498 0.23521112174075318
leaf_weight=674353 665 4502 617 2172 2229 5039 1309 990 1374 2087806 206318 27465 8695 4200
leaf_count=674353 665 4502 617 2172 2229 5039 1309 990 1374 2087806 206318 27465 8695 4200
internal_value=-8.50834e-07 -0.000986991 -0.147033 -0.174129 -0.268279 -0.173933 -0.347895 -0.563703 -0.190109 -8.94962e-05 0.0127256 0.0717746 0.193224 0.0358245
internal_weight=3.02773e+06 2.98671e+06 18232 17615 13113 9951 4912 3162 3603 2.96848e+06 880671 41025 9360 31665
internal_count=3027734 2986709 18232 17615 13113 9951 4912 3162 3603 2968477 880671 41025 9360 31665
is_linear=0
shrinkage=0.02


Tree=155
num_leaves=15
num_cat=0
split_feature=7 24 7 7 24 24 22 7 4 7 7 4 24 7
split_gain=578706 711828 1.76359e+06 760243 2.10599e+06 1.08093e+06 1.07285e+06 2.30131e+06 2.57473e+06 2.30529e+06 1.6213e+06 1.09212e+06 940243 913592
threshold=10056.264648437502 10682.977050781252 10675.826171875002 10907.572265625002 10909.960449218752 10924.394042968752 10804.832031250002 10776.154296875002 -48.385000228881829 10749.717773437502 10870.473144531252 -86.344997406005845 10755.613769531252 10924.305664062502
decision_type=2 2 2 2 2 2 2 2 2 2 2 2 2 2
left_child=-1 -2 -3 4 6 -5 7 8 9 -4 -8 -9 -13 -7
right_child=1 2 3 5 -6 13 10 11 -10 -11 -12 12 -14 -15
leaf_value=0.13734864005098849 -0.06833703983906135 0.39154209788195832 0.67698754934478833 -0.066872110419122832 0.32281843902282165 0.18068036348462399 0.10415330782667749 -0.36855288692185534 -0.015786168526653589 0.10540466922685841 -0.074092121054162935 0.28997740067195205 -0.12385119936509821 -0.00096978674597029176
leaf_weight=12211 60720 4604 4420 101000 9768 11112 89534 7038 43595 7791 26431 2356 30676 2616478
leaf_count=12211 60720 4604 4420 101000 9768 11112 89534 7038 43595 7791 26431 2356 30676 2616478
internal_value=-9.49329e-07 -0.00055759 0.00083547 0.000224412 0.0358486 -0.00266901 0.0226017 -0.0268964 0.0561302 0.312686 0.0635242 -0.142514 -0.0942555 -0.000200901
internal_weight=3.02773e+06 3.01552e+06 2.9548e+06 2.9502e+06 221609 2.72859e+06 211841 95876 55806 12211 115965 40070 33032 2.62759e+06
internal_count=3027734 3015523 2954803 2950199 221609 2728590 211841 95876 55806 12211 115965 40070 33032 2627590
is_linear=0
shrinkage=0.02


Tree=156
num_leaves=15
num_cat=0
split_feature=7 24 7 7 24 23 7 9 7 7 9 24 24 22
split_gain=555807 683646 1.6939e+06 730169 2.02938e+06 1.09339e+06 2.20846e+06 2.00074e+06 2.24808e+06 1.63184e+06 1.446e+06 1.04845e+06 1.03813e+06 923220
threshold=10056.264648437502 10682.977050781252 10675.826171875002 10907.572265625002 10915.528320312502 10803.663085937502 10776.154296875002 0.61151722073555004 10749.717773437502 10870.473144531252 0.58549055457115184 10877.429199218752 10924.394042968752 10792.796875000002
decision_type=2 2 2 2 2 2 2 2 2 2 2 2 2 2
left_child=-1 -2 -3 4 5 6 7 -4 -9 11 -8 -7 -5 -12
right_child=1 2 3 12 -6 9 10 8 -10 -11 13 -13 -14 -15
leaf_value=0.13460391495275689 -0.066970524087930153 0.38372822887100727 -0.020850446838653402 -0.065534800793848658 0.3575084879805091 0.077023694150072666 -0.038072386112803967 0.59314689311002589 0.082820958112059459 -0.069248860736425444 -0.22065576606634643 0.2672785174185891 -0.00019686954543770234 -0.64568010417133503
leaf_weight=12211 60720 4604 39828 101000 7535 76599 23439 5038 10940 27868 14337 13645 2627590 2380
leaf_count=12211 60720 4604 39828 101000 7535 76599 23439 5038 10940 27868 14337 13645 2627590 2380
internal_value=-8.31688e-07 -0.000546349 0.000818856 0.000219993 0.0351325 0.0237692 -0.0263749 0.0550103 0.244003 0.0645085 -0.139464 0.105817 -0.00261562 -0.281518
internal_weight=3.02773e+06 3.01552e+06 2.9548e+06 2.9502e+06 221609 214074 95962 55806 15978 118112 40156 90244 2.72859e+06 16717
internal_count=3027734 3015523 2954803 2950199 221609 214074 95962 55806 15978 118112 40156 90244 2728590 16717
is_linear=0
shrinkage=0.02


Tree=157
num_leaves=15
num_cat=0
split_feature=7 19 0 19 7 7 19 0 7 24 9 7 24 24
split_gain=553992 3.89703e+06 1.34498e+06 1.02171e+06 1.27898e+06 1.6244e+06 1.23368e+06 1.154e+06 1.08265e+06 4.86553e+06 1.74852e+06 1.48101e+06 1.77195e+06 1.54929e+06
threshold=11203.004882812502 11195.943359375002 1377.5000000000002 11170.554199218752 11132.371582031252 11184.367675781252 11254.832031250002 1202.5000000000002 11009.197265625002 11016.034667968752 -0.65512093901634205 10998.491210937502 11056.573242187502 11016.034667968752
decision_type=2 2 2 2 2 2 2 2 2 2 2 2 2 2
left_child=3 2 -2 8 -5 7 -7 -6 11 10 -10 -1 13 -13
right_child=1 -3 -4 4 5 6 -8 -9 9 -11 -12 12 -14 -15
leaf_value=0.0079500818663146393 0.016085111346951717 -0.00066086299009834924 -0.187761629674735 -0.11096918833617801 0.0042565865839901389 0.016320661595512528 0.70729107660890311 0.18747455467322874 0.0090373806459038003 0.0097838234969045215 -0.28164983748721489 0.088920533808054342 -0.53297395856250629 0.39648540054000025
leaf_weight=630371 16385 1823447 61662 18135 18502 128082 1032 53546 10684 194676 36720 24011 1477 9004
leaf_count=630371 16385 1823447 61662 18135 18502 128082 1032 53546 10684 194676 36720 24011 1477 9004
internal_value=-7.64207e-07 -0.00658477 -0.14497 0.0111153 0.0498536 0.0643568 0.021898 0.140431 0.00174804 -0.0344646 -0.216146 0.0149336 0.142524 0.172896
internal_weight=3.02773e+06 1.90149e+06 78047 1.12624e+06 219297 201162 129114 72048 906943 242080 47404 664863 34492 33015
internal_count=3027734 1901494 78047 1126240 219297 201162 129114 72048 906943 242080 47404 664863 34492 33015
is_linear=0
shrinkage=0.02


Tree=158
num_leaves=15
num_cat=0
split_feature=17 13 17 17 4 14 16 16 0 0 0 14 14 14
split_gain=545078 501753 1.23549e+06 1.04242e+06 917792 384089 377849 330394 319415 291165 290782 289412 283877 278517
threshold=0.1045464798808098 2.1000000238418584 0.62382817268371593 0.5396258831024171 -51.235000610351555 0.67879474163055431 11.299999713897707 12.900000095367433 966.50000000000011 8211.0000000000018 4554.5000000000009 0.78035530447959911 0.63519522547721874 0.61332252621650707
decision_type=2 2 2 2 2 2 2 2 2 2 2 2 2 2
left_child=-1 2 9 13 5 -5 -6 8 -4 12 -7 -10 -2 -3
right_child=1 3 7 4 6 10 -8 -9 11 -11 -12 -13 -14 -15
leaf_value=0.084786734890048635 -0.001866966772524323 0.0023764419413006195 0.0087464368296667604 -0.076987052537010853 0.014074369646045167 -0.14279034970949639 -0.055449376358745958 -0.04229928206624755 0.0744019795112838 -0.14281596375666256 -0.3109020314685097 0.15914080654690568 0.020728514279150609 -0.020916426991935379
leaf_weight=30018 1233071 914289 21803 36568 58695 18631 66900 10024 69784 5548 5291 20976 271338 264798
leaf_count=30018 1233071 914289 21803 36568 58695 18631 66900 10024 69784 5548 5291 20976 271338 264798
internal_value=-7.26368e-07 -0.000850043 0.00663233 -0.00979786 -0.0537887 -0.117784 -0.0229598 0.0676926 0.0774908 0.00167468 -0.180088 0.094002 0.00220849 -0.00285476
internal_weight=3.02773e+06 2.99772e+06 1.63254e+06 1.36517e+06 186085 60490 125595 122587 112563 1.50996e+06 23922 90760 1.50441e+06 1.17909e+06
internal_count=3027734 2997716 1632544 1365172 186085 60490 125595 122587 112563 1509957 23922 90760 1504409 1179087
is_linear=0
shrinkage=0.02


Tree=159
num_leaves=15
num_cat=0
split_feature=7 19 7 20 7 9 0 20 7 7 7 4 7 4
split_gain=532566 3.08186e+06 1.90829e+06 1.0739e+06 3.73604e+06 2.11585e+06 1.36637e+06 1.0234e+06 2.25848e+06 1.9232e+06 1.9456e+06 1.68242e+06 1.43129e+06 1.01271e+06
threshold=11200.020507812502 11204.905761718752 11219.845703125002 11033.328613281252 11020.773925781252 -0.65224117040634144 3287.5000000000005 10977.248046875002 11009.197265625002 10944.537597656252 10937.421875000002 -80.374999999999986 10920.012207031252 127.314998626709
decision_type=2 2 2 2 2 2 2 2 2 2 2 2 2 2
left_child=3 2 -2 4 7 -6 -7 8 13 10 12 -11 -9 -1
right_child=1 -3 -4 -5 5 6 -8 9 -10 11 -12 -13 -14 -15
leaf_value=-0.0086591570747652294 -0.053800606887387872 0.00064724075730950492 -0.22472156385198003 0.038060441061339573 0.0099005159051788177 -0.17007338285574669 -0.43975753734814887 0.57537972600727305 -0.37625989377412405 0.24018877066194635 0.68509916989605102 0.0026519525697721973 -0.092858663022814328 0.066160682778875018
leaf_weight=461387 101146 1800101 35224 384705 17671 22548 11280 1828 6341 14085 3827 77547 4232 85812
leaf_count=461387 101146 1800101 35224 384705 17671 22548 11280 1828 6341 14085 3827 77547 4232 85812
internal_value=-7.40248e-07 -0.0062975 -0.0979624 0.0111729 -0.00346701 -0.167472 -0.260104 0.00942898 -0.00127702 0.0677988 0.332663 0.0391868 0.109328 0.00307508
internal_weight=3.02773e+06 1.93647e+06 136370 1.09126e+06 706558 51499 33828 655059 553540 101519 9887 91632 6060 547199
internal_count=3027734 1936471 136370 1091263 706558 51499 33828 655059 553540 101519 9887 91632 6060 547199
is_linear=0
shrinkage=0.02


Tree=160
num_leaves=15
num_cat=0
split_feature=7 17 16 3 4 7 7 0 4 6 4 7 7 1
split_gain=526414 533848 492400 463090 527311 478440 687585 428335 420004 469407 428831 624463 2.44635e+06 1.75634e+06
threshold=10056.264648437502 0.18031760305166247 -20.100000381469723 4.6790268421173105 -225.29000091552732 12176.998535156252 11415.989746093752 6083.5000000000009 251.5299987792969 58.62152290344239 54.164999008178718 11438.142578125002 11592.387695312502 51.526576995849616
decision_type=2 2 2 2 2 2 2 2 2 2 2 2 2 2
left_child=-1 -2 -3 8 5 6 -5 -8 10 -10 -4 -12 13 -13
right_child=1 2 3 4 -6 -7 7 -9 9 -11 11 12 -14 -15
leaf_value=0.13099645024216561 0.044476725635235005 0.022261055439542266 -0.00489458374649962 -0.06399606480244642 -0.012699343513964421 0.17363763240925598 -0.47172441630309342 -0.13191550890959325 0.26361650142290222 -0.18967835241740813 0.039424866105877192 0.27918242595677029 0.013809019964912388 -0.2733458199040632
leaf_weight=12211 101842 297828 951014 13556 1094237 2105 3338 2684 1028 7688 263854 2607 254585 19157
leaf_count=12211 101842 297828 951014 13556 1094237 2105 3338 2684 1028 7688 263854 2607 254585 19157
internal_value=-7.08527e-07 -0.000531605 -0.00210494 -0.00487921 -0.0146352 -0.112279 -0.143094 -0.320745 0.00237911 -0.135972 0.00318868 0.0174189 -0.00359261 -0.207063
internal_weight=3.02773e+06 3.01552e+06 2.91368e+06 2.61585e+06 1.11592e+06 21683 19578 6022 1.49993e+06 8716 1.49122e+06 540203 276349 21764
internal_count=3027734 3015523 2913681 2615853 1115920 21683 19578 6022 1499933 8716 1491217 540203 276349 21764
is_linear=0
shrinkage=0.02


Tree=161
num_leaves=15
num_cat=0
split_feature=21 7 22 7 7 5 22 21 7 23 22 7 23 23
split_gain=514985 1.06346e+06 1.75871e+06 4.37557e+06 1.93457e+06 1.89645e+06 1.20975e+06 1.08638e+06 1.01111e+06 4.78664e+06 2.594e+06 1.46679e+06 1.1225e+06 1.08932e+06
threshold=12763.897949218752 12536.370117187502 12224.837890625002 12204.598144531252 12243.617187500002 0.057499999180436141 12538.652832031252 12300.630371093752 12042.010742187502 12054.518554687502 12070.042480468752 12032.672363281252 12070.248046875002 12039.328613281252
decision_type=2 2 2 2 2 2 2 2 2 2 2 2 2 2
left_child=1 2 4 -4 7 -6 -5 8 9 13 -10 12 -11 -1
right_child=-2 -3 3 6 5 -7 -8 -9 10 11 -12 -13 -14 -15
leaf_value=-0.00085196801376130865 0.053144436974242412 -0.044198407308755447 0.3771777616280837 0.013843443719935627 -0.18206268991530156 -1.0628409895818456 0.1686255578930799 0.45257857096274473 -0.13753831276471767 0.40963487058478171 -0.0033920153095466517 0.17328954834721316 0.96834776087911978 0.13524138590148543
leaf_weight=2157796 71208 214203 15805 176493 9288 1084 22799 2096 75501 4596 243906 7079 2105 23775
leaf_count=2157796 71208 214203 15805 176493 9288 1084 22799 2096 75501 4596 243906 7079 2105 23775
internal_value=-7.06041e-07 -0.00128089 0.00207154 0.0569702 -0.00260119 -0.275052 0.0315582 -0.00147732 -0.00185757 0.00297976 -0.0351047 0.374425 0.586329 0.000631796
internal_weight=3.02773e+06 2.95653e+06 2.74232e+06 215097 2.52723e+06 10372 199292 2.51685e+06 2.51476e+06 2.19535e+06 319407 13780 6701 2.18157e+06
internal_count=3027734 2956526 2742323 215097 2527226 10372 199292 2516854 2514758 2195351 319407 13780 6701 2181571
is_linear=0
shrinkage=0.02


Tree=162
num_leaves=15
num_cat=0
split_feature=17 21 23 20 4 4 19 21 8 0 19 25 8 4
split_gain=503420 525365 930916 714710 1.51465e+06 630611 1.36695e+06 565762 608587 900811 884691 659757 501001 695263
threshold=0.1045464798808098 12763.897949218752 12766.725097656252 12792.859863281252 140.95500183105472 -97.145000457763658 13255.445312500002 12817.810058593752 0.83815535902977001 1064.5000000000002 12821.599609375002 0.019928366877138618 -0.66993230581283558 211.44499969482425
decision_type=2 2 2 2 2 2 2 2 2 2 2 2 2 2
left_child=-1 2 3 -2 -5 6 -3 8 9 -7 11 -11 -9 -14
right_child=1 5 -4 4 -6 7 -8 12 -10 10 -12 -13 13 -15
leaf_value=0.081482510642416767 -0.0012239253057530432 0.53218501155946885 -0.30015696229572453 -0.026016964588953698 -0.71599126109167599 -0.040025476636357998 -0.031588855017645107 -0.14312613959909629 -0.024110250628361762 0.12578342800126141 -0.26379290039032266 0.36575431791171042 0.1681786246667373 -0.40276102768351041
leaf_weight=30018 2916525 3250 4176 4734 1731 8970 3640 11252 17122 9699 1504 8706 5404 1003
leaf_count=30018 2916525 3250 4176 4734 1731 8970 3640 11252 17122 9699 1504 8706 5404 1003
internal_value=-6.04144e-07 -0.000816821 -0.00211675 -0.00168992 -0.211581 0.0531105 0.234725 0.03342 0.0703579 0.126357 0.201303 0.239433 -0.0627859 0.078308
internal_weight=3.02773e+06 2.99772e+06 2.92717e+06 2.92299e+06 6465 70550 6890 63660 46001 28879 19909 18405 17659 6407
internal_count=3027734 2997716 2927166 2922990 6465 70550 6890 63660 46001 28879 19909 18405 17659 6407
is_linear=0
shrinkage=0.02


Tree=163
num_leaves=15
num_cat=0
split_feature=9 21 5 4 8 8 8 0 6 20 21 7 20 7
split_gain=527383 580894 503768 900092 903676 1.06664e+06 855267 683795 823236 560374 554584 906454 1.39518e+06 3.42531e+06
threshold=0.83586668968200695 11526.360351562502 0.082499999552965178 251.5299987792969 0.95844322443008434 0.74141710996627819 0.7692478895187379 5583.5000000000009 102.78475570678712 10966.634765625002 12775.907714843752 12536.370117187502 12247.656738281252 12215.043457031252
decision_type=2 2 2 2 2 2 2 2 2 2 2 2 2 2
left_child=2 -2 3 10 5 -5 9 8 -8 -7 11 12 -1 -14
right_child=1 -3 -4 4 -6 6 7 -9 -10 -11 -12 -13 13 -15
leaf_value=-0.0015184829748183929 -0.52324091136455542 -0.080541292414490193 0.070016014196349299 0.098373812909033909 0.6058024637931082 -0.36172638513100025 -0.17306219468173503 -0.0030635883237709674 -0.75055724475302144 -0.93723916179656985 0.062439612855612447 -0.039848635167382802 0.34763129352014133 0.029989391886320677
leaf_weight=2506284 1462 6122 41025 4502 617 2172 3549 5039 1363 990 56386 220662 14806 162755
leaf_count=2506284 1462 6122 41025 4502 617 2172 3549 5039 1363 990 56386 220662 14806 162755
internal_value=-6.37208e-07 -0.166462 0.000417912 -0.000540736 -0.140597 -0.167071 -0.258212 -0.166846 -0.334511 -0.544308 0.000322142 -0.000883966 0.00231978 0.0564943
internal_weight=3.02773e+06 7584 3.02015e+06 2.97912e+06 18232 17615 13113 9951 4912 3162 2.96089e+06 2.90451e+06 2.68384e+06 177561
internal_count=3027734 7584 3020150 2979125 18232 17615 13113 9951 4912 3162 2960893 2904507 2683845 177561
is_linear=0
shrinkage=0.02


Tree=164
num_leaves=15
num_cat=0
split_feature=7 23 7 23 4 7 7 20 8 20 7 20 7 21
split_gain=513569 3.29801e+06 1.88718e+06 968552 1.29686e+06 1.13726e+06 1.64833e+06 1.20949e+06 826919 825581 1.88104e+06 7.40127e+06 2.90971e+06 2.50029e+06
threshold=11203.004882812502 11199.000488281252 11241.262207031252 11175.997070312502 175.504997253418 11132.371582031252 11184.367675781252 11266.288574218752 -0.95236524939537037 11248.938476562502 11412.972167968752 11454.552246093752 11592.387695312502 11614.302246093752
decision_type=2 2 2 2 2 2 2 2 2 2 2 2 2 2
left_child=3 2 -2 -1 5 -5 -7 -8 -3 -10 11 -11 13 -12
right_child=1 8 -4 4 -6 6 7 -9 9 10 12 -13 -14 -15
leaf_value=0.0023493277342443277 -0.0968825851639179 -0.034411589824296748 -0.41108600203891338 -0.10960316233645437 0.36891032684999914 0.1463797088405793 0.0076168395374425681 0.69586817148469471 -0.04711773470458961 0.044613232051127334 -0.07208174326807297 0.80774112459210612 0.010052226612753233 -0.55548056087202069
leaf_weight=936341 75892 250389 8495 17603 5015 57254 109006 1021 113903 214634 132660 5197 1095911 4413
leaf_count=936341 75892 250389 8495 17603 5015 57254 109006 1021 113903 214634 132660 5197 1095911 4413
internal_value=-7.34139e-07 -0.00633999 -0.128558 0.0107021 0.0518852 0.0432662 0.0593584 0.0140663 -0.000663473 0.00473024 0.00879551 0.0626903 -0.000813896 -0.0876841
internal_weight=3.02773e+06 1.90149e+06 84387 1.12624e+06 189899 184884 167281 110027 1.81711e+06 1.56672e+06 1.45282e+06 219831 1.23298e+06 137073
internal_count=3027734 1901494 84387 1126240 189899 184884 167281 110027 1817107 1566718 1452815 219831 1232984 137073
is_linear=0
shrinkage=0.02


Tree=165
num_leaves=15
num_cat=0
split_feature=9 5 25 22 22 5 0 0 8 9 0 22 8 0
split_gain=498066 484056 530558 694595 767923 750090 590641 502711 665763 500014 457719 707457 441397 916800
threshold=0.83586668968200695 0.072500001639127745 0.087102096527814879 12224.837890625002 12033.199218750002 -0.087500002235174165 8211.0000000000018 4972.5000000000009 0.68684327602386486 -0.10024872794747351 5014.5000000000009 12558.884765625002 -0.96539688110351551 2008.5000000000002
decision_type=2 2 2 2 2 2 2 2 2 2 2 2 2 2
left_child=1 2 6 4 -4 -5 12 8 -3 -6 -7 -12 13 -1
right_child=-2 7 3 5 9 10 -8 -9 -10 -11 11 -13 -14 -15
leaf_value=0.018477414296366519 -0.1617687625071362 0.22010767552075064 -0.050440747416859499 -0.82309875447152436 -0.54784949288656348 -0.028257979654899172 -0.34130037992410345 0.17766147503501889 0.010935134123152938 -0.16934844647207223 0.32702088008934932 -0.013783839174659899 0.0033341127838326361 -0.059305539973992481
leaf_weight=109109 7584 6660 77392 361 1827 7858 2009 10359 69599 5890 5497 4368 2582872 136349
leaf_count=109109 7584 6660 77392 361 1827 7858 2009 10359 69599 5890 5497 4368 2582872 136349
internal_value=-6.69176e-07 0.00040608 -0.000969841 -0.0455122 -0.06943 0.0670275 0.000654304 0.047 0.0292297 -0.259554 0.0856135 0.176257 0.000898411 -0.0247307
internal_weight=3.02773e+06 3.02015e+06 2.93353e+06 103193 85109 18084 2.83034e+06 86618 76259 7717 17723 9865 2.82833e+06 245458
internal_count=3027734 3020150 2933532 103193 85109 18084 2830339 86618 76259 7717 17723 9865 2828330 245458
is_linear=0
shrinkage=0.02


Tree=166
num_leaves=15
num_cat=0
split_feature=17 13 17 17 0 0 19 14 22 21 17 14 18 24
split_gain=479539 489302 1.24882e+06 861304 541536 416301 409088 393935 390719 384874 375659 290139 276659 310432
threshold=0.26601451635360723 2.1000000238418584 0.61838611960411083 0.5396258831024171 2637.5000000000005 1416.5000000000002 12514.861816406252 0.77242404222488414 10765.968261718752 12763.897949218752 0.1045464798808098 0.63519522547721874 0.095666274428367629 12220.146484375002
decision_type=2 2 2 2 2 2 2 2 2 2 2 2 2 2
left_child=5 2 -2 9 -5 -1 7 -4 -6 -3 -7 -10 13 -12
right_child=1 3 6 4 8 10 -8 -9 11 -11 12 -13 -14 -15
leaf_value=-0.011043903258531371 -0.0010398747347334972 -0.0070985300192102146 0.058632875275865699 -0.018457943300069418 0.094665731067284292 0.11278922591536369 -0.017227247420098093 0.14868777583782494 -0.056810188261340162 0.0754933132181934 0.0076764818099674731 -0.1300766475714252 0.079125735033797634 0.070825864180074763
leaf_weight=115966 1304067 995683 83146 94585 4509 22319 20748 25358 40335 23082 178309 46656 35254 37717
leaf_count=115966 1304067 995683 83146 94585 4509 22319 20748 25358 40335 23082 178309 46656 35254 37717
internal_value=-7.51036e-07 -0.00305937 0.00483761 -0.0124538 -0.0520187 0.020712 0.0641332 0.0796912 -0.0867049 -0.00522652 0.0341719 -0.096116 0.0271847 0.0187049
internal_weight=3.02773e+06 2.63817e+06 1.43332e+06 1.20485e+06 186085 389565 129252 108504 91500 1.01876e+06 273599 86991 251280 216026
internal_count=3027734 2638169 1433319 1204850 186085 389565 129252 108504 91500 1018765 273599 86991 251280 216026
is_linear=0
shrinkage=0.02


Tree=167
num_leaves=15
num_cat=0
split_feature=9 21 5 25 24 20 19 5 20 20 25 21 22 19
split_gain=477753 559113 467856 508347 627931 1.25182e+06 822606 682470 463804 675602 894891 771461 837752 686682
threshold=0.83586668968200695 11526.360351562502 0.082499999552965178 0.085163068026304259 12220.146484375002 12278.149902343752 12088.462890625002 -0.072500001639127717 12856.801269531252 12804.532714843752 0.059733385220170028 12763.897949218752 12783.712402343752 12821.599609375002
decision_type=2 2 2 2 2 2 2 2 2 2 2 2 2 2
left_child=2 -2 3 8 6 -6 -5 -7 9 11 -11 12 -1 -13
right_child=1 -3 -4 4 5 7 -8 -9 -10 10 -12 13 -14 -15
leaf_value=0.00077307224130848554 -0.50845629615628196 -0.074150870957534698 0.067469218849634707 -0.04823337997381337 0.54413691222015437 -0.81743909504948831 -0.29248488936776013 0.025642043228792235 0.15226050120287429 -0.061874982965580083 -0.45026530572849005 0.12336024555381908 -0.28992801822873931 -0.13925617530948542
leaf_weight=2790805 1462 6122 41025 89821 1909 382 5867 18965 8091 19125 2700 32978 3961 4521
leaf_count=2790805 1462 6122 41025 89821 1909 382 5867 18965 8091 19125 2700 32978 3961 4521
internal_value=-7.08926e-07 -0.158436 0.000397659 -0.000526188 -0.0413963 0.0569134 -0.0632386 0.00858096 0.00114383 0.000714894 -0.110108 0.00156927 0.000360021 0.0916691
internal_weight=3.02773e+06 7584 3.02015e+06 2.97912e+06 116944 21256 95688 19347 2.86218e+06 2.85409e+06 21825 2.83226e+06 2.79477e+06 37499
internal_count=3027734 7584 3020150 2979125 116944 21256 95688 19347 2862181 2854090 21825 2832265 2794766 37499
is_linear=0
shrinkage=0.02


Tree=168
num_leaves=15
num_cat=0
split_feature=9 21 0 8 21 21 22 9 17 16 0 6 9 17
split_gain=467104 899663 981298 981031 658684 478699 861712 782368 535721 676518 467205 432878 431021 787219
threshold=-0.72811940312385548 10780.687988281252 1553.5000000000002 0.4720101952552796 12721.866210937502 12763.897949218752 12783.712402343752 -0.59070801734924305 0.31316584348678594 -17.30000019073486 1630.5000000000002 58.62152290344239 0.59157848358154308 0.50314599275589
decision_type=2 2 2 2 2 2 2 2 2 2 2 2 2 2
left_child=1 -1 -3 4 -4 6 8 10 -2 -10 -7 -9 -11 -14
right_child=5 2 3 -5 -6 7 -8 11 9 12 -12 -13 13 -15
leaf_value=-0.29580570286255714 0.013121247380175406 -0.025477896076171198 0.45387161346479837 0.086712978637688662 -0.10814364817261822 -0.14093213464800339 -0.29899376049588317 0.25878530942377503 0.018617248083193309 -0.0064660478839376799 0.31949015019075705 0.016312631785350029 -0.014111619123559247 -0.077562809311409922
leaf_weight=2869 702062 28163 5093 34243 993 1029 3905 3087 347532 1404994 5938 60101 324702 103023
leaf_count=2869 702062 28163 5093 34243 993 1029 3905 3087 347532 1404994 5938 60101 324702 103023
internal_value=-8.11831e-07 0.0505579 0.0651077 0.128358 0.362142 -0.00122137 -0.00247618 0.0503947 -0.00207341 -0.00696628 0.25138 0.0281978 -0.0118177 -0.0293961
internal_weight=3.02773e+06 71361 68492 40329 6086 2.95637e+06 2.88622e+06 70155 2.88231e+06 2.18025e+06 6967 63188 1.83272e+06 427725
internal_count=3027734 71361 68492 40329 6086 2956373 2886218 70155 2882313 2180251 6967 63188 1832719 427725
is_linear=0
shrinkage=0.02


Tree=169
num_leaves=15
num_cat=0
split_feature=7 23 7 7 22 23 7 9 7 8 7 23 7 9
split_gain=503210 586873 1.61918e+06 640099 1.757e+06 1.25354e+06 2.01871e+06 2.01913e+06 2.14521e+06 1.38527e+06 1.37056e+06 1.30255e+06 1.7015e+06 1.18152e+06
threshold=10056.264648437502 10680.772460937502 10675.826171875002 10907.572265625002 10932.069335937502 10803.663085937502 10776.154296875002 0.61151722073555004 10749.717773437502 0.60279628634452831 10861.943847656252 10839.670898437502 10839.885253906252 0.24548286944627765
decision_type=2 2 2 2 2 2 2 2 2 2 2 2 2 2
left_child=-1 -2 -3 4 5 6 7 -4 -9 -8 11 -7 13 -13
right_child=1 2 3 -5 -6 10 9 8 -10 -11 -12 12 -14 -15
leaf_value=0.12807677155364972 -0.062062921089543623 0.3751140992833672 -0.026955930137278511 -0.0024950845411081607 0.46845276320664531 0.036700421677483365 -0.24268354099871009 0.58022247313697439 0.081708159255089938 -0.0065443395110751932 -0.024151494504812562 0.13591429236510005 0.12877637783003967 0.62204119328694596
leaf_weight=12211 60721 4604 39777 2728640 3633 40272 22117 5038 10940 18039 42161 3145 30920 5516
leaf_count=12211 60721 4604 39777 2728640 3633 40272 22117 5038 10940 18039 42161 3145 30920 5516
internal_value=-7.82429e-07 -0.000519847 0.000745059 0.000159552 0.032852 0.0255689 -0.0285319 0.0493351 0.23916 -0.136633 0.0680946 0.116796 0.19826 0.44588
internal_weight=3.02773e+06 3.01552e+06 2.9548e+06 2.9502e+06 221558 217925 95911 55755 15978 40156 122014 79853 39581 8661
internal_count=3027734 3015523 2954802 2950198 221558 217925 95911 55755 15978 40156 122014 79853 39581 8661
is_linear=0
shrinkage=0.02


Tree=170
num_leaves=15
num_cat=0
split_feature=9 21 5 13 14 9 19 3 9 19 0 8 19 19
split_gain=455243 536706 447288 444148 576920 437236 509070 397515 401274 476214 608485 526281 509778 369089
threshold=0.83586668968200695 11526.360351562502 0.087500002235174193 -10.499999999999998 0.64216634631156932 -0.67629325389862049 10805.821289062502 5.2112112045288095 -0.72193637490272511 10779.912597656252 1592.5000000000002 0.4720101952552796 11854.251464843752 13255.445312500002
decision_type=2 2 2 2 2 2 2 2 2 2 2 2 2 2
left_child=2 -2 3 4 -1 6 -4 8 9 -5 -11 12 -12 -9
right_child=1 -3 5 7 -6 -7 -8 13 -10 10 11 -13 -14 -15
leaf_value=0.0031315733767320604 -0.49759282633014346 -0.072080449788286385 -0.42410130261355994 -0.26487466729806985 0.043906653943418271 0.033855364172899194 0.25894269698790617 -0.015784791302870263 -0.00058995992850747613 -0.0087975450509240691 -0.11434017479816631 0.10594565503819187 0.4939862605656134 -0.22918629567105955
leaf_weight=592332 1462 6122 458 1681 181268 21292 6685 751201 1423671 17504 681 17327 2804 3246
leaf_count=592332 1462 6122 458 1681 181268 21292 6685 751201 1423671 17504 681 17327 2804 3246
internal_value=-6.21433e-07 -0.154658 0.000388248 -0.000362245 0.0126864 0.0793225 0.214612 -0.00491318 0.00116548 0.0636345 0.0781127 0.151179 0.375121 -0.016706
internal_weight=3.02773e+06 7584 3.02015e+06 2.99172e+06 773600 28435 7143 2.21812e+06 1.46367e+06 39997 38316 20812 3485 754447
internal_count=3027734 7584 3020150 2991715 773600 28435 7143 2218115 1463668 39997 38316 20812 3485 754447
is_linear=0
shrinkage=0.02


Tree=171
num_leaves=15
num_cat=0
split_feature=0 5 4 8 8 6 19 21 21 24 9 4 19 24
split_gain=443907 466016 440855 805939 1.28152e+06 905201 907291 713467 491607 777644 776042 792656 1.5143e+06 1.23822e+06
threshold=8211.0000000000018 0.092500001192092909 251.5299987792969 0.75335711240768444 0.7692478895187379 112.04339981079103 12795.811035156252 10992.104492187502 12775.907714843752 12781.143066406252 -0.57933691143989552 -29.835000038146969 12148.485839843752 12714.709472656252
decision_type=2 2 2 2 2 2 2 2 2 2 2 2 2 2
left_child=1 2 8 -4 -5 6 -6 -7 9 -1 -10 12 -12 -14
right_child=-2 -3 3 4 5 7 -8 -9 10 -11 11 -13 13 -15
leaf_value=-0.00029779882954883598 -0.12380734590034323 0.097707610267913567 0.09883867941490726 -0.66250397943086936 0.088107390759998058 -0.82730152839919391 -0.47322820930041226 -0.070501781611130132 0.28951446435732037 -0.26188120658344771 0.3977188571487677 -0.037414222472195946 0.70547002132842962 -0.012789552978962462
leaf_weight=2917576 11530 19578 5580 1931 6757 1081 1378 921 5274 4543 5888 27830 1008 16859
leaf_count=2917576 11530 19578 5580 1931 6757 1081 1378 921 5274 4543 5888 27830 1008 16859
internal_value=-6.54711e-07 0.000473022 -0.000162563 -0.0998003 -0.191654 -0.101396 -0.00743991 -0.481234 0.000428035 -0.000705383 0.0586673 0.0350138 0.119847 0.0281032
internal_weight=3.02773e+06 3.0162e+06 2.99663e+06 17648 12068 10137 8135 2002 2.97898e+06 2.92212e+06 56859 51585 23755 17867
internal_count=3027734 3016204 2996626 17648 12068 10137 8135 2002 2978978 2922119 56859 51585 23755 17867
is_linear=0
shrinkage=0.02


Tree=172
num_leaves=15
num_cat=0
split_feature=7 19 0 7 23 4 7 7 19 7 7 22 21 7
split_gain=490196 3.4978e+06 1.26912e+06 981664 938227 1.24505e+06 1.08412e+06 1.5773e+06 1.1616e+06 924358 793169 4.72786e+06 1.40714e+06 1.39255e+06
threshold=11203.004882812502 11195.943359375002 1377.5000000000002 11209.234375000002 11175.997070312502 175.504997253418 11132.371582031252 11184.367675781252 11254.832031250002 12757.591308593752 11009.197265625002 11019.188964843752 10962.512695312502 10998.491210937502
decision_type=2 2 2 2 2 2 2 2 2 2 2 2 2 2
left_child=4 2 -2 -4 10 6 -6 -8 -9 -5 13 12 -12 -1
right_child=1 -3 3 9 5 -7 7 8 -10 -11 11 -13 -14 -15
leaf_value=0.0072117649390599347 0.019145983183334835 -0.00058174431539100512 -0.071245303513801123 -0.24989969266185463 -0.10671147764475408 0.36161663886041789 0.14338138336672299 0.0076296936551311098 0.68211681628666609 0.54364617429186957 -0.51027305782558152 0.014517236555612087 -0.16232999585455485 0.13762843270152375
leaf_weight=630803 16385 1823447 21887 39188 17603 5015 57254 109006 1021 587 5145 218144 47716 34533
leaf_count=630803 16385 1823447 21887 39188 17603 5015 57254 109006 1021 587 5145 218144 47716 34533
internal_value=-6.94206e-07 -0.00619402 -0.137299 -0.178867 0.0104558 0.050989 0.042544 0.0582557 0.0139502 -0.238054 0.00223479 -0.0266067 -0.196286 0.0139828
internal_weight=3.02773e+06 1.90149e+06 78047 61662 1.12624e+06 189899 184884 167281 110027 39775 936341 271005 52861 665336
internal_count=3027734 1901494 78047 61662 1126240 189899 184884 167281 110027 39775 936341 271005 52861 665336
is_linear=0
shrinkage=0.02


Tree=173
num_leaves=15
num_cat=0
split_feature=7 19 7 7 21 0 19 9 7 8 7 7 9 9
split_gain=480556 718734 1.55255e+06 682651 1.84546e+06 1.27173e+06 1.27075e+06 1.01867e+06 1.05604e+06 998120 1.49096e+06 1.22625e+06 3.00522e+06 1.69211e+06
threshold=10056.264648437502 10691.720703125002 10675.826171875002 10907.572265625002 10876.217773437502 3039.5000000000005 10916.593750000002 0.58549055457115184 10977.015136718752 -0.88782846927642811 10839.885253906252 10776.154296875002 -0.065025404095649705 0.61151722073555004
decision_type=2 2 2 2 2 2 2 2 2 2 2 2 2 2
left_child=-1 -2 -3 4 9 -6 7 8 -5 10 -4 13 -13 -11
right_child=1 2 3 6 5 -7 -8 -9 -10 11 -12 12 -14 -15
leaf_value=0.12516076807399551 -0.068843070765752454 0.36747186830227646 0.30498923145757856 -0.10412226765678119 0.050498105479011998 0.27659665877211653 -8.4581856733430153e-05 0.012342028135855741 -0.39710642188720963 -0.0082755969384283798 0.0088702748116650451 0.0062737584211631711 -0.25503461354111023 0.23422292614582763
leaf_weight=12211 60324 4604 10468 43832 21105 18828 2650054 28965 5536 41090 19385 72069 23285 15978
leaf_count=12211 60324 4604 10468 43832 21105 18828 2650054 28965 5536 41090 19385 72069 23285 15978
internal_value=-6.25913e-07 -0.000507872 0.000887265 0.000314009 0.0340223 0.157144 -0.0024314 -0.0818155 -0.137051 0.00704139 0.112773 -0.0136728 -0.0575564 0.0596484
internal_weight=3.02773e+06 3.01552e+06 2.9552e+06 2.9506e+06 222208 39933 2.72839e+06 78333 49368 182275 29853 152422 95354 57068
internal_count=3027734 3015523 2955199 2950595 222208 39933 2728387 78333 49368 182275 29853 152422 95354 57068
is_linear=0
shrinkage=0.02


Tree=174
num_leaves=15
num_cat=0
split_feature=7 23 7 23 7 7 21 7 22 21 7 22 21 7
split_gain=470499 3.032e+06 1.77714e+06 901338 1.15914e+06 1.42959e+06 1.08108e+06 761468 4.54075e+06 1.35157e+06 1.33783e+06 1.73746e+06 1.50904e+06 1.0046e+06
threshold=11203.004882812502 11199.000488281252 11241.262207031252 11175.997070312502 11132.371582031252 11184.367675781252 11282.471679687502 11009.197265625002 11019.188964843752 10962.512695312502 10998.491210937502 11057.493164062502 11030.777832031252 11020.773925781252
decision_type=2 2 2 2 2 2 2 2 2 2 2 2 2 2
left_child=3 2 -2 7 -5 -6 -7 10 9 -9 -1 12 -12 -11
right_child=1 -3 -4 4 5 6 -8 8 -10 13 11 -13 -14 -15
leaf_value=0.0070600785330498985 -0.092515750327168703 -0.00062542192500496686 -0.39742012463752696 -0.10457676946852069 0.14549859865497969 0.018182107923555568 0.66537733839478008 -0.50008570534436014 0.014228596698192422 -0.023956521525100697 0.089976275685077614 -0.52456577815310501 0.40797148116262583 -0.22140171275013157
leaf_weight=630803 75892 1817107 8495 17603 59090 112174 1032 5145 218144 15065 25199 1518 7816 32651
leaf_count=630803 75892 1817107 8495 17603 59090 112174 1032 5145 218144 15065 25199 1518 7816 32651
internal_value=-5.76338e-07 -0.00606819 -0.123253 0.0102437 0.049972 0.0657671 0.0241404 0.0021859 -0.0260734 -0.192361 0.0136967 0.134889 0.16536 -0.159082
internal_weight=3.02773e+06 1.90149e+06 84387 1.12624e+06 189899 172296 113206 936341 271005 52861 665336 34533 33015 47716
internal_count=3027734 1901494 84387 1126240 189899 172296 113206 936341 271005 52861 665336 34533 33015 47716
is_linear=0
shrinkage=0.02


Tree=175
num_leaves=15
num_cat=0
split_feature=9 21 8 4 19 20 20 21 4 9 20 20 4 19
split_gain=437119 515615 428518 755125 435382 775536 609401 499075 1.82318e+06 964046 765954 692788 1.43183e+06 472247
threshold=0.83586668968200695 11526.360351562502 -0.96539688110351551 -249.54499816894528 13255.445312500002 12700.189941406252 12824.381835937502 12763.897949218752 -70.874999999999986 -0.54542985558509816 12824.381835937502 12792.859863281252 140.95500183105472 12766.496582031252
decision_type=2 2 2 2 2 2 2 2 2 2 2 2 2 2
left_child=2 -2 3 -1 7 -6 -7 11 13 -10 -11 -4 -13 -9
right_child=1 -3 4 -5 5 6 -8 8 9 10 -12 12 -14 -15
leaf_value=-0.49321562777478128 -0.4876770049365966 -0.070609452789713159 0.002383013440029844 -0.022191381294101701 0.22100807340089257 -0.27991184337528796 0.1156099336424522 0.49453455735608975 0.17340428897088639 0.019245857085131542 -0.18636657265140294 -0.02432475834027558 -0.6951664604173865 0.18154944288646999
leaf_weight=1359 1462 6122 2694178 246953 2167 7486 1961 4069 12144 30146 9530 4734 1731 3692
leaf_count=1359 1462 6122 2694178 246953 2167 7486 1961 4069 12144 30146 9530 4734 1731 3692
internal_value=-5.98958e-07 -0.151548 0.000380451 -0.0247891 0.00263533 -0.119509 -0.197772 0.00314971 0.0604007 0.0175573 -0.0301754 0.00188642 -0.204742 0.346072
internal_weight=3.02773e+06 7584 3.02015e+06 248312 2.77184e+06 11614 9447 2.76022e+06 59581 51820 39676 2.70064e+06 6465 7761
internal_count=3027734 7584 3020150 248312 2771838 11614 9447 2760224 59581 51820 39676 2700643 6465 7761
is_linear=0
shrinkage=0.02


Tree=176
num_leaves=15
num_cat=0
split_feature=7 20 7 4 7 20 7 21 20 8 7 4 7 21
split_gain=460123 612079 2.04463e+06 2.77495e+06 1.41471e+06 871620 2.49479e+06 1.45589e+06 1.30072e+06 1.16974e+06 1.10914e+06 955951 881009 791869
threshold=10056.264648437502 10706.911132812502 10749.717773437502 -29.835000038146969 10700.101562500002 10807.995117187502 10861.943847656252 10876.217773437502 10875.420898437502 0.98273006081581127 10977.015136718752 -166.20500183105466 10899.808593750002 10756.345214843752
decision_type=2 2 2 2 2 2 2 2 2 2 2 2 2 2
left_child=-1 -2 3 -3 -5 13 7 -7 9 10 -8 -9 -11 -4
right_child=1 2 5 4 -6 6 8 11 -10 12 -12 -13 -14 -15
leaf_value=0.12247089391128065 -0.057674953885918631 0.62829325854011753 0.06434007221955175 0.18215009538062912 -0.18026626246580471 0.077520707556804888 -0.009399247469613306 0.80156349743722743 -0.00052651321059640017 -0.21142225409687837 -0.35086639886188659 0.25221943057614987 -0.69577690972432993 -0.10412148673874937
leaf_weight=12211 73063 4500 13940 15716 5925 69887 25225 1464 2728264 6002 4471 9203 2001 55862
leaf_count=12211 73063 4500 13940 15716 5925 69887 25225 1464 2728264 6002 4471 9203 2001 55862
internal_value=-6.56456e-07 -0.000497001 0.000922945 0.17698 0.0828873 -0.000655776 0.00105653 0.110765 -0.00213894 -0.118798 -0.0609117 0.328297 -0.333246 -0.0704737
internal_weight=3.02773e+06 3.01552e+06 2.94246e+06 26141 21641 2.91632e+06 2.84652e+06 80554 2.76596e+06 37699 29696 10667 8003 69802
internal_count=3027734 3015523 2942460 26141 21641 2916319 2846517 80554 2765963 37699 29696 10667 8003 69802
is_linear=0
shrinkage=0.02


Tree=177
num_leaves=15
num_cat=0
split_feature=17 16 17 4 9 19 4 25 4 19 19 19 9 0
split_gain=455277 427295 416001 477466 613743 466148 937512 773172 566192 501561 426502 574720 501841 498258
threshold=0.07457416877150537 -22.100000381469723 0.32115957140922552 -126.02499771118163 0.83586668968200695 12126.274414062502 -170.77500152587888 0.044290365651249892 -249.54499816894528 12445.398925781252 11113.141601562502 11159.147460937502 0.047558782622218139 2637.5000000000005
decision_type=2 2 2 2 2 2 2 2 2 2 2 2 2 2
left_child=-1 -2 -3 5 -5 8 9 -8 -4 -7 12 -12 -10 -14
right_child=1 2 3 4 -6 6 7 -9 10 -11 11 -13 13 -15
leaf_value=0.10038001544755509 0.027784496515269552 0.010188950839835478 -0.16408790474554663 -0.0032312653415526678 -0.21688274566780827 0.29271945855875559 0.10763310618076055 -0.13387048968202617 0.24186508858776537 0.051715872775625379 -0.22446106031211424 -0.047194888743661706 0.34594728609438868 -0.017900050061397461
leaf_weight=17956 198166 747011 15282 1833479 5384 6236 8218 14907 3425 7740 7838 108142 1540 52410
leaf_count=17956 198166 747011 15282 1833479 5384 6236 8218 14907 3425 7740 7838 108142 1540 52410
internal_value=-6.09084e-07 -0.000599807 -0.00260047 -0.00722795 -0.003858 -0.0346781 0.0301205 -0.0480363 -0.0474237 0.159384 -0.0371303 -0.0591931 0.00747067 -0.00745149
internal_weight=3.02773e+06 3.00978e+06 2.81161e+06 2.0646e+06 1.83886e+06 225738 37101 23125 188637 13976 173355 115980 57375 53950
internal_count=3027734 3009778 2811612 2064601 1838863 225738 37101 23125 188637 13976 173355 115980 57375 53950
is_linear=0
shrinkage=0.02


Tree=178
num_leaves=15
num_cat=0
split_feature=7 19 7 6 21 7 8 21 7 23 7 7 7 8
split_gain=446374 2.67505e+06 1.72419e+06 1.12836e+06 954509 3.52334e+06 1.60502e+06 1.36889e+06 1.93001e+06 1.67433e+06 1.06212e+06 2.37701e+06 1.12985e+06 973080
threshold=11200.020507812502 11204.905761718752 11219.845703125002 108.0331382751465 11037.971679687502 11020.773925781252 0.4720101952552796 10975.580078125002 11009.197265625002 10978.472656250002 10944.537597656252 10937.421875000002 10920.012207031252 -0.91849520802497853
decision_type=2 2 2 2 2 2 2 2 2 2 2 2 2 2
left_child=4 2 3 -2 5 7 -7 8 9 -1 11 12 -9 -12
right_child=1 -3 -4 -5 -6 6 -8 10 -10 -11 13 -13 -14 -15
leaf_value=0.0031746722636757266 -0.016071173881672021 0.00070485611840281394 -0.21165578096301424 -0.1839261146142766 0.036258505979022047 -0.29242287579024079 -0.07180111543355934 0.57329464414680142 -0.35397448970711892 -0.52073071903231094 0.28396223190170128 0.64113882240450015 -0.091287033515723537 0.036437150894844436
leaf_weight=545186 81199 1800101 35224 19947 371610 21246 34784 1245 6192 2441 6814 4100 5532 92113
leaf_count=545186 81199 1800101 35224 19947 371610 21246 34784 1245 6192 2441 6814 4100 5532 92113
internal_value=-5.72131e-07 -0.00576531 -0.0911663 -0.049189 0.010229 -0.0032122 -0.155496 0.00964733 -0.00314328 0.000829907 0.074154 0.261656 0.0314649 0.0535136
internal_weight=3.02773e+06 1.93647e+06 136370 101146 1.09126e+06 719653 56030 663623 553819 547627 109804 10877 6777 98927
internal_count=3027734 1936471 136370 101146 1091263 719653 56030 663623 553819 547627 109804 10877 6777 98927
is_linear=0
shrinkage=0.02


Tree=179
num_leaves=15
num_cat=0
split_feature=17 0 13 17 17 4 21 19 16 14 19 4 14 21
split_gain=433841 414415 414066 1.09846e+06 889804 766641 446248 395668 343495 337642 332914 367081 331146 308038
threshold=0.07457416877150537 8211.0000000000018 2.1000000238418584 0.62970751523971569 0.5396258831024171 -51.235000610351555 12763.897949218752 12514.861816406252 11.299999713897707 0.77242404222488414 13255.445312500002 34.674999237060554 0.67879474163055431 12683.233886718752
decision_type=2 2 2 2 2 2 2 2 2 2 2 2 2 2
left_child=-1 2 3 10 6 12 -4 9 -7 -5 -2 13 -6 -12
right_child=1 -3 4 7 5 8 -8 -9 -10 -11 11 -13 -14 -15
leaf_value=0.097988406777988646 0.0027754121184576071 -0.12147046123421873 -0.0037011760569962636 0.061044473988310595 -0.069830883744205721 0.014424095154801302 0.080125045837939488 -0.017235282008314798 -0.051871306005649535 0.14760831194127386 0.24586644848063977 -0.52464683666095868 -0.16606711082524395 -0.14525412055057904
leaf_weight=17956 1510736 11291 1154497 72099 36237 58675 25964 18970 66893 24037 953 848 23649 4929
leaf_count=17956 1510736 11291 1154497 72099 36237 58675 25964 18970 66893 24037 953 848 23649 4929
internal_value=-5.71717e-07 -0.000585493 -0.000129883 0.00666822 -0.00825514 -0.04898 -0.00185676 0.0662312 -0.0208942 0.0827014 0.00214971 -0.138099 -0.107856 -0.0815717
internal_weight=3.02773e+06 3.00978e+06 2.99849e+06 1.63257e+06 1.36592e+06 185454 1.18046e+06 115106 125568 96136 1.51747e+06 6730 59886 5882
internal_count=3027734 3009778 2998487 1632572 1365915 185454 1180461 115106 125568 96136 1517466 6730 59886 5882
is_linear=0
shrinkage=0.02


Tree=180
num_leaves=15
num_cat=0
split_feature=7 19 7 7 19 4 19 9 7 9 0 9 24 4
split_gain=440620 677290 1.46166e+06 620565 3.27819e+06 1.17935e+06 946958 1.10201e+06 824868 1.16028e+06 784712 773848 684576 1.17235e+06
threshold=10056.264648437502 10691.720703125002 10675.826171875002 10920.012207031252 10947.256835937502 -225.29000091552732 10920.942871093752 0.58549055457115184 10977.015136718752 -0.33491277694702143 1299.5000000000002 -0.88159248232841481 10909.960449218752 227.81500244140628
decision_type=2 2 2 2 2 2 2 2 2 2 2 2 2 2
left_child=-1 -2 -3 4 5 -4 7 8 9 -5 -7 -12 13 -8
right_child=1 2 3 6 -6 10 12 -9 -10 -11 11 -13 -14 -15
leaf_value=0.11984735016449298 -0.066822047714518606 0.35656110762317705 0.67719654053923894 -0.044362099108483391 0.48549407965927482 -0.039300088743669644 -0.033535492061309166 0.0091518894690888735 -0.36871949047155578 -0.33333551346929008 -0.31602243690296794 0.044984247619915305 -0.00083155576457738121 0.81312093568551325
leaf_weight=12211 60324 4604 1074 24979 6171 71752 1573 33555 5748 7140 2400 164612 2630482 1109
leaf_count=12211 60324 4604 1074 24979 6171 71752 1573 33555 5748 7140 2400 164612 2630482 1109
internal_value=-5.90043e-07 -0.000486302 0.000868013 0.000311789 0.030723 0.019002 -0.00245451 -0.0743062 -0.148244 -0.108685 0.016013 0.0397778 -0.000505324 0.318267
internal_weight=3.02773e+06 3.01552e+06 2.9552e+06 2.9506e+06 246009 239838 2.70459e+06 71422 37867 32119 238764 167012 2.63316e+06 2682
internal_count=3027734 3015523 2955199 2950595 246009 239838 2704586 71422 37867 32119 238764 167012 2633164 2682
is_linear=0
shrinkage=0.02


Tree=181
num_leaves=15
num_cat=0
split_feature=5 4 8 8 8 6 25 19 20 25 7 19 4 7
split_gain=430437 971013 910128 1.0809e+06 624016 585061 585054 536556 489699 478225 569788 767054 588491 657993
threshold=0.072500001639127745 251.5299987792969 0.95844322443008434 0.74141710996627819 0.7692478895187379 112.04339981079103 0.049046194180846221 12795.811035156252 10966.634765625002 0.055948659777641303 11878.828613281252 11456.880371093752 158.46500396728518 12049.832519531252
decision_type=2 2 2 2 2 2 2 2 2 2 2 2 2 2
left_child=1 -1 3 -3 8 7 -7 -6 -5 -2 11 -11 13 -12
right_child=9 2 -4 4 5 6 -8 -9 -10 10 12 -13 -14 -15
leaf_value=-0.00044143469336929686 0.013555052396841518 0.1326635861968625 0.5913046603834039 -0.34275352142348581 -0.026523250315933451 -0.81686500889396851 -0.08880693435668946 -0.46355635211515839 -0.8845725992584228 0.13477241167286352 0.43592727139641624 0.53434665522116453 -0.17883874769542776 -0.015225915081930146
leaf_weight=2925001 61092 3332 617 2081 5909 1043 765 1378 990 13103 1892 2245 4249 4037
leaf_count=2925001 61092 3332 617 2081 5909 1043 765 1378 990 13103 1892 2245 4249 4037
internal_value=-4.92137e-07 -0.00129469 -0.156069 -0.186186 -0.273551 -0.189945 -0.511003 -0.109693 -0.519731 0.0439387 0.116622 0.193531 0.000569313 0.12923
internal_weight=3.02773e+06 2.94112e+06 16115 15498 12166 9095 1808 7287 3071 86618 25526 15348 10178 5929
internal_count=3027734 2941116 16115 15498 12166 9095 1808 7287 3071 86618 25526 15348 10178 5929
is_linear=0
shrinkage=0.02


Tree=182
num_leaves=15
num_cat=0
split_feature=7 19 0 7 7 21 7 23 7 23 7 0 7 19
split_gain=427572 3.14215e+06 1.19723e+06 901794 859507 857211 3.88293e+06 1.60756e+06 1.02479e+06 2.33204e+06 912710 864867 1.55034e+06 1.32693e+06
threshold=11203.004882812502 11195.943359375002 1377.5000000000002 11209.234375000002 12757.591308593752 10975.580078125002 11009.197265625002 10978.472656250002 10944.537597656252 11020.367675781252 10937.421875000002 3950.5000000000005 10977.015136718752 10894.277343750002
decision_type=2 2 2 2 2 2 2 2 2 2 2 2 2 2
left_child=5 2 -2 -4 -5 6 7 11 9 10 -7 -1 -13 -14
right_child=1 -3 3 4 -6 8 -8 -9 -10 -11 -12 12 13 -15
leaf_value=-0.011176172077800006 0.021902035653736648 -0.00046543967125534325 -0.067269537602785312 -0.23857064003189879 0.52662020320668701 0.20153920103473696 -0.33514312150807501 -0.51033698728988242 0.022495666192408927 -0.026940832174097307 0.65515138725644906 0.067535838088018454 -0.44617112438051826 0.015275158283197383
leaf_weight=413831 16385 1823447 21887 39188 587 3223 14114 2441 548017 9287 3972 121278 4489 5588
leaf_count=413831 16385 1823447 21887 39188 587 3223 14114 2441 548017 9287 3972 121278 4489 5588
internal_value=-5.46928e-07 -0.00578475 -0.130046 -0.170419 -0.227148 0.00976519 -0.00772603 0.00071843 0.0271708 0.182508 0.45252 0.00301597 0.0477256 -0.190522
internal_weight=3.02773e+06 1.90149e+06 78047 61662 39775 1.12624e+06 561741 547627 564499 16482 7195 545186 131355 10077
internal_count=3027734 1901494 78047 61662 39775 1126240 561741 547627 564499 16482 7195 545186 131355 10077
is_linear=0
shrinkage=0.02


Tree=183
num_leaves=15
num_cat=0
split_feature=7 24 7 7 21 4 4 24 7 4 7 0 25 7
split_gain=419888 579443 1.39369e+06 563759 1.72323e+06 1.51353e+06 1.7345e+06 922788 844381 931317 687416 655807 647222 591217
threshold=10056.264648437502 10682.977050781252 10675.826171875002 10907.572265625002 10876.217773437502 -198.745002746582 38.065000534057624 10924.394042968752 10924.305664062502 64.784999847412124 10974.912109375002 3459.5000000000005 0.026188876479864124 10870.473144531252
decision_type=2 2 2 2 2 2 2 2 2 2 2 2 2 2
left_child=-1 -2 -3 4 13 -6 -7 10 9 -9 12 -12 -5 -4
right_child=1 2 3 7 5 6 -8 8 -10 -11 11 -13 -14 -15
leaf_value=0.11699391140229856 -0.061627457185612064 0.34810636144620627 0.013906368839174604 -0.11823273508501111 0.6683861937800224 0.0051692883896631752 0.27953090808924175 0.020442761797581543 -0.00071142639512490548 0.39220878828508426 -0.025486468381688502 -0.35228164458414191 -0.0056861379421265911 -0.13762706286667734
leaf_weight=12211 60720 4604 170726 31034 2122 21911 15900 6531 2616478 4581 4178 5957 59831 10950
leaf_count=12211 60720 4604 170726 31034 2122 21911 15900 6531 2616478 4581 4178 5957 59831 10950
internal_value=-5.44284e-07 -0.000474692 0.00078217 0.00023896 0.0309162 0.149856 0.120586 -0.00225266 2.7747e-05 0.173923 -0.0615735 -0.217725 -0.0441343 0.00476594
internal_weight=3.02773e+06 3.01552e+06 2.9548e+06 2.9502e+06 221609 39933 37811 2.72859e+06 2.62759e+06 11112 101000 10135 90865 181676
internal_count=3027734 3015523 2954803 2950199 221609 39933 37811 2728590 2627590 11112 101000 10135 90865 181676
is_linear=0
shrinkage=0.02


Tree=184
num_leaves=15
num_cat=0
split_feature=9 21 4 3 21 7 24 7 7 9 21 22 4 20
split_gain=421021 789573 722024 432968 429034 903229 1.60423e+06 3.30137e+06 1.66887e+06 1.85876e+06 1.31822e+06 1.17116e+06 980755 939212
threshold=-0.72811940312385548 10780.687988281252 25.464999198913578 2.3056555986404423 12763.897949218752 12536.370117187502 12220.146484375002 12204.598144531252 12231.576171875002 -0.3933101743459701 12207.637207031252 12538.652832031252 -1.6549999713897703 12209.585937500002
decision_type=2 2 2 2 2 2 2 2 2 2 2 2 2 2
left_child=1 -1 -3 -4 5 6 8 12 13 -10 -11 -9 -8 -2
right_child=4 2 3 -5 -6 -7 7 11 9 10 -12 -13 -14 -15
leaf_value=-0.27648119768877766 -0.0039107051926898203 -0.051267905105069005 0.22579402658816045 0.072416332768309638 0.047705980947141784 -0.042342015309497875 0.49943772381773832 0.011942094034785243 -1.0970490509722866 0.01361232908329626 -0.35783956579964027 0.16406395042058336 0.19689583329480748 0.1080226058021725
leaf_weight=2869 2408834 17021 8897 42574 70155 209463 6788 180023 875 8454 6963 22799 11666 30353
leaf_count=2869 2408834 17021 8897 42574 70155 209463 6788 180023 875 8454 6963 22799 11666 30353
internal_value=-4.57642e-07 0.0479995 0.06163 0.0989675 -0.00115925 -0.00234718 0.000782662 0.0523589 -0.00386533 -0.205551 -0.154274 0.0290493 0.308392 -0.00251737
internal_weight=3.02773e+06 71361 68492 51471 2.95637e+06 2.88622e+06 2.67676e+06 221276 2.45548e+06 16292 15417 202822 18454 2.43919e+06
internal_count=3027734 71361 68492 51471 2956373 2886218 2676755 221276 2455479 16292 15417 202822 18454 2439187
is_linear=0
shrinkage=0.02


Tree=185
num_leaves=15
num_cat=0
split_feature=7 19 7 6 7 7 20 24 7 24 7 7 20 7
split_gain=412020 3.03056e+06 1.29508e+06 1.20649e+06 956236 890703 5.56646e+06 3.4885e+06 2.16444e+06 1.68735e+06 3.11632e+06 1.33192e+06 8.02067e+06 2.29955e+06
threshold=11203.004882812502 11204.905761718752 11236.243652343752 107.08992004394533 12757.591308593752 11368.682128906252 11407.881347656252 11384.421386718752 11423.904785156252 11361.190429687502 11340.234863281252 11403.791015625002 11461.884277343752 11592.387695312502
decision_type=2 2 2 2 2 2 2 2 2 2 2 2 2 2
left_child=-1 2 3 -2 -4 6 9 8 -7 -3 -11 12 -9 -13
right_child=1 5 4 -5 -6 7 -8 11 -10 10 -12 13 -14 -15
leaf_value=0.0095860176432166749 -0.041439999740238161 -0.0029679151108646614 -0.29663389210117519 -0.2187410061632134 0.50864636155170484 -0.13650934821317537 0.70851422428005184 0.036559435233518477 -0.81272584372494694 0.73927612948152333 0.086933015462086718 -0.070678440121043906 1.0068027468208776 0.0061232758381578349
leaf_weight=1126240 74307 197449 16399 19342 603 53824 4814 70990 1953 3135 42769 178491 3570 1233848
leaf_count=1126240 74307 197449 16399 19342 603 53824 4814 70990 1953 3135 42769 178491 3570 1233848
internal_value=-4.80259e-07 -0.00567852 -0.107251 -0.0780789 -0.26779 0.000597878 0.0357639 -0.00505939 -0.160328 0.0224269 0.131636 0.000766136 0.0831446 -0.00358332
internal_weight=3.02773e+06 1.90149e+06 110651 93649 17002 1.79084e+06 248167 1.54268e+06 55777 243353 45904 1.4869e+06 74560 1.41234e+06
internal_count=3027734 1901494 110651 93649 17002 1790843 248167 1542676 55777 243353 45904 1486899 74560 1412339
is_linear=0
shrinkage=0.02


Tree=186
num_leaves=15
num_cat=0
split_feature=17 7 20 7 9 7 23 7 20 20 8 7 7 23
split_gain=408956 409453 544712 1.70874e+06 2.11247e+06 1.28903e+06 833500 2.34336e+06 1.28753e+06 1.2002e+06 1.11913e+06 1.06684e+06 849439 819865
threshold=0.14067238569259646 10056.264648437502 10706.911132812502 10749.717773437502 0.59719622135162365 10700.101562500002 10803.663085937502 10861.943847656252 10846.342285156252 10875.420898437502 0.98273006081581127 10977.015136718752 10899.808593750002 10756.211425781252
decision_type=2 2 2 2 2 2 2 2 2 2 2 2 2 2
left_child=-1 -2 -3 4 5 -4 13 8 -8 10 11 -9 -12 -5
right_child=1 2 3 6 -6 -7 7 9 -10 -11 12 -13 -14 -15
leaf_value=0.054479008289975789 0.1146111377927151 -0.056669811764399239 0.17273645905663021 0.070385546504339688 0.56783430199435214 -0.18467081246098421 0.041078823469599998 -0.0056062057456978962 0.20600991971158272 -0.0014246042530279019 -0.20531284849358478 -0.33197021876718213 -0.68097001979150673 -0.1036355468369921
leaf_weight=54120 12195 69808 15700 13415 4279 5423 46842 24759 31774 2680614 5995 4770 2001 56039
leaf_count=54120 12195 69808 15700 13415 4279 5423 46842 24759 31774 2680614 5995 4770 2001 56039
internal_value=-3.69794e-07 -0.000992085 -0.00146853 -0.000135683 0.163144 0.0809328 -0.00158333 0.000116393 0.107757 -0.00299723 -0.115308 -0.058421 -0.325051 -0.0700179
internal_weight=3.02773e+06 2.97361e+06 2.96142e+06 2.89161e+06 25402 21123 2.86621e+06 2.79676e+06 78616 2.71814e+06 37525 29529 7996 69454
internal_count=3027734 2973614 2961419 2891611 25402 21123 2866209 2796755 78616 2718139 37525 29529 7996 69454
is_linear=0
shrinkage=0.02


Tree=187
num_leaves=15
num_cat=0
split_feature=5 4 8 8 8 25 19 19 21 9 4 19 22 4
split_gain=405194 758762 786523 949505 689067 595169 466308 447022 444009 736986 742527 1.40892e+06 704138 642567
threshold=0.082499999552965178 251.5299987792969 0.95844322443008434 0.74141710996627819 0.7692478895187379 0.034396804869174964 10966.269531250002 12795.811035156252 12775.907714843752 -0.58503037691116322 -29.835000038146969 12795.811035156252 12783.712402343752 -90.645000457763658
decision_type=2 2 2 2 2 2 2 2 2 2 2 2 2 2
left_child=1 8 3 -3 6 -6 -5 -7 12 -10 11 13 -1 -11
right_child=-2 2 -4 4 5 7 -8 -9 9 10 -12 -13 -14 -15
leaf_value=-0.00075498262029987154 0.062419208589572443 0.096290599464654361 0.56688225680751281 -0.31897142961335823 -0.85461961860330693 -0.066827125231899903 -0.83208383023194032 -0.45536919313480256 0.28615799391665842 0.56549279118761608 -0.037715432474592608 -0.04779634297306766 -0.24966925926577702 0.19304067255521612
leaf_weight=2907548 41025 4502 617 2078 458 8115 1084 1378 5036 2258 27595 11235 4543 10262
leaf_count=2907548 41025 4502 617 2078 458 8115 1084 1378 5036 2258 27595 11235 4543 10262
internal_value=-3.8507e-07 -0.000857984 -0.129451 -0.15415 -0.240141 -0.158119 -0.496952 -0.12365 -6.77448e-05 0.0555146 0.0328432 0.11479 -0.00114416 0.260612
internal_weight=3.02773e+06 2.98671e+06 18232 17615 13113 9951 3162 9493 2.96848e+06 56386 51350 23755 2.91209e+06 12520
internal_count=3027734 2986709 18232 17615 13113 9951 3162 9493 2968477 56386 51350 23755 2912091 12520
is_linear=0
shrinkage=0.02


Tree=188
num_leaves=15
num_cat=0
split_feature=9 22 0 8 7 7 22 22 13 17 17 16 17 4
split_gain=400343 738520 865591 875130 699726 444132 459654 422208 412208 488543 425187 762399 420144 627184
threshold=-0.72811940312385548 10780.722656250002 1592.5000000000002 0.4720101952552796 11964.977539062502 10920.012207031252 12310.698242187502 11876.254882812502 -10.499999999999998 0.57944083213806163 0.43681931495666509 2.1000000238418584 0.56359615921974193 -51.235000610351555
decision_type=2 2 2 2 2 2 2 2 2 2 2 2 2 2
left_child=1 -1 -3 4 7 -5 -7 -4 9 -2 -10 -12 -13 -14
right_child=8 2 3 5 -6 6 -8 -9 10 -11 11 12 13 -15
leaf_value=-0.28264535418800624 0.005055422121566908 -0.023421399871679904 0.066464812642052062 0.25886333124645755 0.038121604474562532 0.022713679279103446 0.28286661300437871 0.58789885859631164 0.0007517209203824675 0.051086464222266835 0.005824641458704637 -0.021619836911213986 -0.125281089841699 -0.034177171707548533
leaf_weight=2612 656937 29120 767 4748 2056 25709 3028 3321 1451557 107281 313336 290238 45012 92012
leaf_count=2612 656937 29120 767 4748 2056 25709 3028 3321 1451557 107281 313336 290238 45012 92012
internal_value=-4.49879e-07 0.0468059 0.0593624 0.120184 0.339411 0.0798696 0.0502154 0.490472 -0.00113042 0.0115179 -0.00553985 -0.0178711 -0.0352483 -0.0641117
internal_weight=3.02773e+06 71361 68749 39629 6144 33485 28737 4088 2.95637e+06 764218 2.19216e+06 740598 427262 137024
internal_count=3027734 71361 68749 39629 6144 33485 28737 4088 2956373 764218 2192155 740598 427262 137024
is_linear=0
shrinkage=0.02


Tree=189
num_leaves=15
num_cat=0
split_feature=9 21 20 20 4 9 21 22 23 4 9 20 9 9
split_gain=392171 495336 383973 660525 880307 675206 622280 719491 626702 1.06107e+06 702478 646202 579305 522661
threshold=0.83586668968200695 11526.360351562502 12856.801269531252 12804.532714843752 147.03499603271487 -0.58503037691116322 12763.897949218752 12783.712402343752 12758.112792968752 -24.064999580383297 0.6765151619911195 12782.183105468752 0.74366798996925365 0.66079589724540722
decision_type=2 2 2 2 2 2 2 2 2 2 2 2 2 2
left_child=2 -2 3 6 12 -6 7 -1 9 11 -10 -8 13 -5
right_child=1 -3 -4 4 5 -7 8 -9 10 -11 -12 -13 -14 -15
leaf_value=5.1880087493304381e-05 -0.47299212095368171 -0.06422334965182358 0.11351508326019069 -0.006144582777733951 0.29173507380198282 -0.5042422072835574 0.16805132816554755 -0.2623410683968409 0.060576197438998058 -0.015894798554481435 -0.25233553640993411 0.53194958190107211 0.38847238979028526 -0.22786609123419679
leaf_weight=2939778 1462 6122 11938 12821 488 3071 4140 4176 23492 5817 3259 3707 1109 6354
leaf_count=2939778 1462 6122 11938 12821 488 3071 4140 4176 23492 5817 3259 3707 1109 6354
internal_value=-3.85104e-07 -0.143545 0.000360542 -8.88772e-05 -0.104916 -0.394583 0.000748961 -0.000321207 0.0786847 0.188829 0.0223742 0.340421 -0.0539214 -0.0796977
internal_weight=3.02773e+06 7584 3.02015e+06 3.00821e+06 23843 3559 2.98437e+06 2.94395e+06 40415 13664 26751 7847 20284 19175
internal_count=3027734 7584 3020150 3008212 23843 3559 2984369 2943954 40415 13664 26751 7847 20284 19175
is_linear=0
shrinkage=0.02


Tree=190
num_leaves=15
num_cat=0
split_feature=0 7 19 7 0 21 7 9 21 7 23 0 0 7
split_gain=397385 454496 2.20927e+06 1.56542e+06 950474 861523 3.07878e+06 1.67957e+06 1.22656e+06 1.73624e+06 1.55319e+06 1.20897e+06 1.01003e+06 1.52131e+06
threshold=8211.0000000000018 11198.858398437502 11195.943359375002 11209.234375000002 1435.5000000000002 11037.971679687502 11020.773925781252 -0.65224117040634144 10975.580078125002 11009.197265625002 10978.472656250002 3308.5000000000005 3950.5000000000005 10977.015136718752
decision_type=2 2 2 2 2 2 2 2 2 2 2 2 2 2
left_child=1 5 3 -3 -5 6 8 -8 9 10 12 -9 -1 -14
right_child=-2 2 -4 4 -6 -7 7 11 -10 -11 -12 -13 13 -15
leaf_value=-0.01098973667671147 -0.11713998162218885 -0.022771833335597812 -0.00017873198429482889 -0.0028639620991917176 -0.2208957563335287 0.03615170000752737 0.010476987868600423 -0.1499266575826621 0.071163688031763941 -0.33481346978855514 -0.50058949016665033 -0.40276281472902098 0.074848629102267944 -0.18139855783836883
leaf_weight=413831 11530 57358 1839051 10045 39237 359395 18262 25670 109804 6192 2441 10730 114111 10077
leaf_count=413831 11530 57358 1839051 10045 39237 359395 18262 25670 109804 6192 2441 10730 114111 10077
internal_value=-3.94015e-07 0.000447774 -0.0053109 -0.0938088 -0.176465 0.0109143 -0.00184081 -0.146041 0.0101685 -0.00208441 0.00173372 -0.224548 0.00402207 0.0540428
internal_weight=3.02773e+06 3.0162e+06 1.94569e+06 106640 49282 1.07051e+06 711118 54662 656456 546652 540460 36400 538019 124188
internal_count=3027734 3016204 1945691 106640 49282 1070513 711118 54662 656456 546652 540460 36400 538019 124188
is_linear=0
shrinkage=0.02


Tree=191
num_leaves=15
num_cat=0
split_feature=17 7 19 7 7 19 4 21 7 24 7 24 7 8
split_gain=395168 387701 607238 1.30578e+06 529078 3.07493e+06 1.0846e+06 995821 2.92738e+06 1.35389e+06 1.02518e+06 2.00869e+06 1.94362e+06 1.72031e+06
threshold=0.07457416877150537 10056.264648437502 10691.720703125002 10675.826171875002 10920.012207031252 10947.256835937502 -225.29000091552732 10975.580078125002 11009.197265625002 10990.481933593752 11196.073242187502 11186.147949218752 11230.407226562502 -0.92158895730972279
decision_type=2 2 2 2 2 2 2 2 2 2 2 2 2 2
left_child=-1 -2 -3 -4 5 6 -5 8 9 -6 13 12 -12 -9
right_child=1 2 3 4 7 -7 -8 10 -10 -11 11 -13 -14 -15
leaf_value=0.093519191809273261 0.11186079477276867 -0.064747240341472875 0.33644488671796402 0.64765740879787237 -0.021247200650482495 0.46828432031268735 0.013584179289671115 0.24307113317587525 -0.32123389236997185 -0.82144055076706968 -0.068737831498846116 -0.0011481627905287541 -0.39047623656728259 0.020335994355984505
leaf_weight=17956 12211 58624 4604 1074 223345 6171 237789 14277 14105 839 78691 1873919 8294 475835
leaf_count=17956 12211 58624 4604 1074 223345 6171 237789 14277 14105 839 78691 1873919 8294 475835
internal_value=-5.02633e-07 -0.000558746 -0.00101708 0.000254373 -0.00027425 0.0278598 0.0164622 -0.00283776 -0.0418689 -0.0242785 0.000957016 -0.00550961 -0.0994571 0.0268292
internal_weight=3.02773e+06 3.00978e+06 2.99757e+06 2.93894e+06 2.93434e+06 245034 238863 2.6893e+06 238289 224184 2.45102e+06 1.9609e+06 86985 490112
internal_count=3027734 3009778 2997567 2938943 2934339 245034 238863 2689305 238289 224184 2451016 1960904 86985 490112
is_linear=0
shrinkage=0.02


Tree=192
num_leaves=15
num_cat=0
split_feature=8 7 19 0 19 7 20 7 7 7 7 19 7 20
split_gain=391395 1.21131e+06 1.42494e+06 990003 811452 713635 704858 1.0881e+06 571161 655639 633701 695140 559160 874929
threshold=-0.95664271712303151 11366.160644531252 11357.248535156252 1968.5000000000002 12259.304199218752 12204.598144531252 11416.383300781252 11423.904785156252 10998.491210937502 10899.808593750002 11009.197265625002 11002.951660156252 12028.968261718752 12055.211914062502
decision_type=2 2 2 2 2 2 2 2 2 2 2 2 2 2
left_child=1 8 -3 -4 5 6 7 -5 9 -1 11 -10 13 -8
right_child=-2 2 3 4 -6 -7 12 -9 10 -11 -12 -13 -14 -15
leaf_value=0.060350593923427405 0.0022680481934782256 -0.36904570717008539 0.011750887514901047 -0.13455135324243145 0.022089990404867536 -0.26964839205159996 -0.0154572973953419 -0.68191154123908859 0.082801563157630625 -0.15754242868038637 0.070311436384627127 0.66566905842870006 -0.11062113212951838 0.36009286620368175
leaf_weight=13054 2753681 5342 88265 28404 25243 9560 22172 1522 1735 9561 42192 1545 22674 2784
leaf_count=13054 2753681 5342 88265 28404 25243 9560 22172 1522 1735 9561 42192 1545 22674 2784
internal_value=-4.76092e-07 -0.0227939 -0.046969 -0.0383751 -0.0777498 -0.106679 -0.0865582 -0.162609 0.0503327 -0.0317966 0.0911773 0.358548 -0.0387511 0.0265644
internal_weight=3.02773e+06 274053 205966 200624 112359 87116 77556 29926 68087 22615 45472 3280 47630 24956
internal_count=3027734 274053 205966 200624 112359 87116 77556 29926 68087 22615 45472 3280 47630 24956
is_linear=0
shrinkage=0.02


Tree=193
num_leaves=15
num_cat=0
split_feature=5 7 19 4 9 9 5 9 0 25 19 7 19 7
split_gain=393744 648005 593157 505539 732079 876919 675206 544239 737835 530763 423045 385100 562309 1.92595e+06
threshold=0.092500001192092909 10994.341796875002 10966.269531250002 251.5299987792969 -0.6710444688796996 -0.2852825373411178 0.072500001639127745 -0.63895034790039051 5583.5000000000009 0.043979573994874961 10966.269531250002 10056.264648437502 10711.793457031252 10749.717773437502
decision_type=2 2 2 2 2 2 2 2 2 2 2 2 2 2
left_child=3 2 -2 11 -5 6 7 10 9 -9 -6 -1 -13 -14
right_child=1 -3 -4 4 5 -7 -8 8 -10 -11 -12 12 13 -15
leaf_value=0.12044972002284404 0.15603863060496773 0.0111482149137769 0.63370008789160459 0.098577264861114525 -0.31319160613049013 0.5557237817682148 0.1855580921284673 -0.76122237307389728 -0.0045210658190990294 -0.2437400579276493 -0.80595606603395786 -0.055546398894039659 0.1707563964669841 -0.00054131442174232183
leaf_weight=10584 4901 13475 1314 5315 1987 617 1530 1029 4639 3427 1084 72025 26486 2879321
leaf_count=10584 4901 13475 1314 5315 1987 617 1530 1029 4639 3427 1084 72025 26486 2879321
internal_value=-4.96918e-07 0.0891217 0.257887 -0.000584173 -0.101727 -0.176127 -0.209479 -0.259273 -0.181186 -0.364681 -0.489185 8.04696e-05 -0.000347751 0.00102061
internal_weight=3.02773e+06 19690 6215 3.00804e+06 19628 14313 13696 12166 9095 4456 3071 2.98842e+06 2.97783e+06 2.90581e+06
internal_count=3027734 19690 6215 3008044 19628 14313 13696 12166 9095 4456 3071 2988416 2977832 2905807
is_linear=0
shrinkage=0.02


Tree=194
num_leaves=15
num_cat=0
split_feature=16 9 21 9 23 0 8 20 21 9 23 20 0 20
split_gain=381371 372321 494494 365764 707585 729216 826762 517887 364393 712307 646149 636852 686446 614603
threshold=-22.100000381469723 0.83586668968200695 11526.360351562502 -0.72811940312385548 10780.101074218752 1534.5000000000002 0.4720101952552796 12730.532714843752 12763.897949218752 -0.55470204353332508 12766.725097656252 12792.859863281252 3118.5000000000005 12792.859863281252
decision_type=2 2 2 2 2 2 2 2 2 2 2 2 2 2
left_child=-1 3 -3 4 -2 -6 7 -7 10 -10 11 -5 -13 -11
right_child=1 2 -4 8 5 6 -8 -9 9 13 -12 12 -14 -15
leaf_value=0.026695898373453108 -0.26492804095957201 -0.47607264046211406 -0.063411565619313118 -0.002931262503200241 -0.023643274332224233 0.43557334769700395 0.076998591099991034 -0.098537874405716708 0.20123854329242569 0.092717905440596798 -0.26461325224615673 -0.0018224493380234027 -0.43171893090822738 -0.042107971612592401
leaf_weight=199901 2811 1428 6065 2679718 25552 4382 32417 866 9798 23831 3783 3067 2872 31243
leaf_count=199901 2811 1428 6065 2679718 25552 4382 32417 866 9798 23831 3783 3067 2872 31243
internal_value=-5.03414e-07 -0.00188778 -0.142588 -0.00151346 0.0450011 0.0588224 0.114759 0.347413 -0.0026287 0.0442069 -0.00375859 -0.00339016 -0.210093 0.0162382
internal_weight=3.02773e+06 2.82783e+06 7493 2.82034e+06 66028 63217 37665 5248 2.75431e+06 64872 2.68944e+06 2.68566e+06 5939 55074
internal_count=3027734 2827833 7493 2820340 66028 63217 37665 5248 2754312 64872 2689440 2685657 5939 55074
is_linear=0
shrinkage=0.02


Tree=195
num_leaves=15
num_cat=0
split_feature=5 25 7 22 7 7 25 22 7 7 5 9 8 7
split_gain=376201 447489 545840 733856 555364 763726 436321 617154 907845 735772 685542 441083 434365 402740
threshold=0.072500001639127745 0.055948659777641303 11878.828613281252 11452.889160156252 11955.949707031252 11985.407226562502 0.087102096527814879 12224.837890625002 12271.608886718752 12087.704101562502 -0.072500001639127717 -0.10024872794747351 0.90803319215774547 10776.154296875002
decision_type=2 2 2 2 2 2 2 2 2 2 2 2 2 2
left_child=6 -2 3 13 12 -6 -1 9 -9 -8 -10 -11 -4 -3
right_child=1 2 4 -5 5 -7 7 8 10 11 -12 -13 -14 -15
leaf_value=0.00025853016604781908 0.011686440496282447 -0.30453197376210223 0.32901098225414055 0.5200164208086322 0.77544750051708899 0.025659790875069019 -0.04711835884063547 0.50584444490692282 -0.79780812365753095 -0.53059933622440181 0.039421304665043004 -0.16497713011488518 -0.3703472954782277 0.15743230406199435
leaf_weight=2837923 61092 795 417 2245 579 7031 78535 1680 391 1827 16013 4747 2151 12308
leaf_count=2837923 61092 795 417 2245 579 7031 78535 1680 391 1827 16013 4747 2151 12308
internal_value=-5.49131e-07 0.0410773 0.111386 0.186661 -0.0021951 0.0836521 -0.00121046 -0.0416057 0.0644746 -0.0641509 0.0189903 -0.267243 -0.25594 0.129191
internal_weight=3.02773e+06 86618 25526 15348 10178 7610 2.94112e+06 103193 18084 85109 16404 6574 2568 13103
internal_count=3027734 86618 25526 15348 10178 7610 2941116 103193 18084 85109 16404 6574 2568 13103
is_linear=0
shrinkage=0.02


Tree=196
num_leaves=15
num_cat=0
split_feature=17 16 5 17 16 9 19 4 17 3 19 7 4 7
split_gain=384180 509232 422748 379628 362749 319068 484591 443175 347089 333116 345660 324801 314200 548409
threshold=0.30053833127021795 -17.30000019073486 -0.027499999850988385 0.49675209820270544 10.299999713897707 -0.72811940312385548 10779.912597656252 26.535000801086429 0.76727494597435009 2.2516038417816167 12315.982421875002 10056.264648437502 -249.54499816894528 12187.908203125002
decision_type=2 2 2 2 2 2 2 2 2 2 2 2 2 2
left_child=4 3 12 -2 -1 6 -4 -8 9 -9 -11 -7 13 -3
right_child=1 2 5 -5 -6 11 7 8 -10 10 -12 -13 -14 -15
leaf_value=0.0032475853745593791 0.0020443261671874626 -0.16429220609318637 -0.25524398135304033 0.043248908795536362 0.035530432717780773 0.1196747202861812 -0.046795321172034374 0.22906310751083961 0.62696891809543298 0.043450617523974666 0.34833054158948173 -0.0045691432472643716 -0.020653634610384958 0.29402401074488771
leaf_weight=421829 237630 11338 1973 143411 207811 8456 10700 5890 486 24052 1576 1437413 514028 1141
leaf_count=421829 237630 11338 1973 143411 207811 8456 10700 5890 486 24052 1576 1437413 514028 1141
internal_value=-5.27754e-07 -0.00365104 -0.00765679 0.0175531 0.0139029 -0.00221493 0.0504197 0.0645988 0.101845 0.0935509 0.0623286 -0.00384168 -0.0230624 -0.122183
internal_weight=3.02773e+06 2.39809e+06 2.01705e+06 381041 629640 1.49055e+06 44677 42704 32004 31518 25628 1.44587e+06 526507 12479
internal_count=3027734 2398094 2017053 381041 629640 1490546 44677 42704 32004 31518 25628 1445869 526507 12479
is_linear=0
shrinkage=0.02


Tree=197
num_leaves=15
num_cat=0
split_feature=0 7 19 7 6 7 7 20 24 7 24 7 7 20
split_gain=372308 415177 2.75931e+06 1.18695e+06 1.1438e+06 882043 842624 5.34464e+06 3.33205e+06 2.01348e+06 1.60538e+06 2.95892e+06 1.2842e+06 7.67236e+06
threshold=8211.0000000000018 11203.004882812502 11204.905761718752 11236.243652343752 107.08992004394533 12757.591308593752 11368.682128906252 11407.881347656252 11384.421386718752 11423.904785156252 11361.190429687502 11340.234863281252 11403.791015625002 11461.884277343752
decision_type=2 2 2 2 2 2 2 2 2 2 2 2 2 2
left_child=1 -1 3 4 -3 -5 7 10 9 -8 -4 -12 13 -10
right_child=-2 2 6 5 -6 -7 8 -9 12 -11 11 -13 -14 -15
leaf_value=0.010104017655678919 -0.11338379194087615 -0.038573884325006143 -0.0029011713236431849 -0.28356934696827635 -0.21120709868845794 0.48983192459405145 -0.13387924930504816 0.69414752552167258 0.036235863964862232 -0.78616398240496055 0.72048916932547247 0.084833282891979098 -0.0033658245757418976 0.98517830759045466
leaf_weight=1117705 11530 74307 197449 16399 19342 603 53485 4814 70990 1953 3135 42769 1409683 3570
leaf_count=1117705 11530 74307 197449 16399 19342 603 53485 4814 70990 1953 3135 42769 1409683 3570
internal_value=-4.33565e-07 0.000433363 -0.00526006 -0.102175 -0.074248 -0.255867 0.000738605 0.0349378 -0.00477382 -0.156996 0.0218692 0.128393 0.000912853 0.0817984
internal_weight=3.02773e+06 3.0162e+06 1.8985e+06 110651 93649 17002 1.78785e+06 248167 1.53968e+06 55438 243353 45904 1.48424e+06 74560
internal_count=3027734 3016204 1898499 110651 93649 17002 1787848 248167 1539681 55438 243353 45904 1484243 74560
is_linear=0
shrinkage=0.02


Tree=198
num_leaves=15
num_cat=0
split_feature=8 7 23 7 0 19 7 4 23 4 7 7 4 8
split_gain=367439 1.14825e+06 1.35493e+06 1.15644e+06 702827 606465 814339 666806 547817 669000 691195 661741 575985 510144
threshold=-0.95664271712303151 11366.160644531252 11384.326660156252 11401.172363281252 1968.5000000000002 12259.304199218752 12204.598144531252 -235.61500549316403 10981.493652343752 -63.56500053405761 11034.000000000002 10907.572265625002 -166.20500183105466 -0.84785553812980641
decision_type=2 2 2 2 2 2 2 2 2 2 2 2 2 2
left_child=1 8 3 -3 -4 6 7 -6 11 10 -10 12 -1 -2
right_child=13 2 4 -5 5 -7 -8 -9 9 -11 -12 -13 -14 -15
leaf_value=0.83225928387135184 0.027977805950028679 -0.1180912075903832 0.014192569756855162 -0.48423590346703138 -0.41665791092995152 0.021593641904167887 -0.26396184424239322 -0.05635562047622894 0.43272737686325202 -0.0089204716956817129 0.11417062243251086 -0.1762959241947516 0.029418278259437894 -0.00067675052951564351
leaf_weight=357 276222 13979 82513 4576 2109 25243 9560 67986 3045 17430 25366 8104 13785 2477459
leaf_count=357 276222 13979 82513 4576 2109 25243 9560 67986 3045 17430 25366 8104 13785 2477459
internal_value=-3.29281e-07 -0.0220852 -0.0456227 -0.208602 -0.0294762 -0.0638244 -0.0908932 -0.0672545 0.0491126 0.0886263 0.148453 -0.0323131 0.0502603 0.00219767
internal_weight=3.02773e+06 274053 205966 18555 187411 104898 79655 70095 68087 45841 28411 22246 14142 2.75368e+06
internal_count=3027734 274053 205966 18555 187411 104898 79655 70095 68087 45841 28411 22246 14142 2753681
is_linear=0
shrinkage=0.02


Tree=199
num_leaves=15
num_cat=0
split_feature=17 20 20 4 8 20 7 0 23 0 9 7 23 7
split_gain=371902 369428 593237 831841 632655 598448 986372 1.24373e+06 1.01835e+06 568648 562011 548124 1.44353e+06 3.38108e+06
threshold=0.07457416877150537 12856.801269531252 12804.532714843752 147.03499603271487 0.8110111951828004 12782.183105468752 12757.591308593752 1473.5000000000002 12714.505371093752 1710.5000000000002 0.74366798996925365 12536.370117187502 12224.800781250002 12219.598144531252
decision_type=2 2 2 2 2 2 2 2 2 2 2 2 2 2
left_child=-1 2 5 10 -5 11 7 -7 -9 -3 -4 12 -2 -14
right_child=1 9 3 4 -6 6 -8 8 -10 -11 -12 -13 13 -15
leaf_value=0.090724557123453134 -0.0027766711287754726 -0.25115373529885926 -0.076147860133840159 0.28230753837340328 -0.48818064100592995 -0.1504321722498059 -0.01272000535694447 0.055756095931676124 0.52629346405309074 0.16300123975194922 0.38720822301139346 -0.03109215113924596 0.25400407650535006 0.020121711858372603
leaf_weight=17956 2512508 1510 19067 488 3071 2452 13835 2821 5294 10428 1098 223822 28532 184852
leaf_count=17956 2512508 1510 19067 488 3071 2452 13835 2821 5294 10428 1098 223822 28532 184852
internal_value=-3.26157e-07 -0.000541887 -0.000984245 -0.100578 -0.382033 -0.00018946 0.0984276 0.243825 0.362994 0.110448 -0.0507373 -0.00100562 0.00146487 0.0514051
internal_weight=3.02773e+06 3.00978e+06 2.99784e+06 23724 3559 2.97412e+06 24402 10567 8115 11938 20165 2.94971e+06 2.72589e+06 213384
internal_count=3027734 3009778 2997840 23724 3559 2974116 24402 10567 8115 11938 20165 2949714 2725892 213384
is_linear=0
shrinkage=0.02


Tree=200
num_leaves=15
num_cat=0
split_feature=5 4 8 8 5 8 6 25 19 19 21 9 4 19
split_gain=364801 485953 692744 812323 637185 517483 524492 532773 451647 402239 389386 648862 682039 1.31012e+06
threshold=0.092500001192092909 251.5299987792969 0.74141710996627819 0.95844322443008434 0.072500001639127745 0.7692478895187379 112.04339981079103 0.049046194180846221 12795.811035156252 10966.269531250002 12775.907714843752 -0.57933691143989552 -29.835000038146969 12148.485839843752
decision_type=2 2 2 2 2 2 2 2 2 2 2 2 2 2
left_child=1 10 -3 4 5 9 8 -8 -7 -4 -1 -12 13 -13
right_child=-2 2 3 -5 -6 6 7 -9 -10 -11 11 12 -14 -15
leaf_value=-0.00091594727283074006 0.085783961728862421 0.095123240247155447 -0.30514936836588424 0.53229123603784301 0.17955753083888731 -0.024142833094547317 -0.7722756384489996 -0.077619680465805918 -0.42510743575412191 -0.78564069360875988 0.26300807087485401 0.36744608516327687 -0.036889079732728564 0.023653481236714395
leaf_weight=2931557 19690 5315 1987 617 1530 5909 1043 765 1378 1084 5274 5888 27830 17867
leaf_count=2931557 19690 5315 1987 617 1530 5909 1043 765 1378 1084 5274 5888 27830 17867
internal_value=-2.68712e-07 -0.000562084 -0.0997265 -0.172099 -0.204199 -0.25257 -0.176427 -0.480408 -0.100448 -0.476759 8.95562e-05 0.0519231 0.0302948 0.108987
internal_weight=3.02773e+06 3.00804e+06 19628 14313 13696 12166 9095 1808 7287 3071 2.98842e+06 56859 51585 23755
internal_count=3027734 3008044 19628 14313 13696 12166 9095 1808 7287 3071 2988416 56859 51585 23755
is_linear=0
shrinkage=0.02


Tree=201
num_leaves=15
num_cat=0
split_feature=0 7 24 7 20 7 20 22 7 7 20 7 21 7
split_gain=354889 401624 2.44445e+06 1.41471e+06 793057 2.12316e+06 4.48804e+06 2.8901e+06 2.23602e+06 1.26596e+06 7.35858e+06 2.09617e+06 2.55261e+06 1.99887e+06
threshold=8211.0000000000018 11203.004882812502 11186.147949218752 11230.407226562502 11248.938476562502 11366.160644531252 11400.137207031252 11385.326660156252 11423.904785156252 11403.791015625002 11461.884277343752 11592.387695312502 11614.302246093752 11730.595214843752
decision_type=2 2 2 2 2 2 2 2 2 2 2 2 2 2
left_child=1 -1 3 -3 -4 6 -6 8 -7 10 -9 12 -11 -13
right_child=-2 2 4 -5 5 7 -8 9 -10 11 -12 13 -14 -15
leaf_value=0.0099347001714812193 -0.11069948917252313 -0.094024272922511379 -0.046403394839742838 -0.37769230204029641 0.05278748218673511 -0.11477374629444453 0.62252114878330123 0.037050879944046662 -0.77468925130670074 -0.054993200143882801 0.96555946680587101 0.18643163575517938 -0.54151892043510341 0.0026203665074591149
leaf_weight=1117705 11530 46020 143660 8294 141951 60854 5745 73721 2116 174608 3570 24127 4413 1209420
leaf_count=1117705 11530 46020 143660 8294 141951 60854 5745 73721 2116 174608 3570 24127 4413 1209420
internal_value=-3.21527e-07 0.000423206 -0.00517652 -0.137404 -0.0012815 0.00253063 0.0749895 -0.00436165 -0.137069 0.00124818 0.0800575 -0.00306452 -0.0670161 0.00621704
internal_weight=3.02773e+06 3.0162e+06 1.8985e+06 54314 1.84418e+06 1.70052e+06 147696 1.55283e+06 62970 1.48986e+06 77291 1.41257e+06 179021 1.23355e+06
internal_count=3027734 3016204 1898499 54314 1844185 1700525 147696 1552829 62970 1489859 77291 1412568 179021 1233547
is_linear=0
shrinkage=0.02


Tree=202
num_leaves=15
num_cat=0
split_feature=19 20 20 21 4 9 20 4 8 4 19 25 25 25
split_gain=357297 706513 543073 465947 1.60283e+06 688680 506504 567383 574662 500073 1.02742e+06 1.02789e+06 777188 460319
threshold=13255.445312500002 12700.189941406252 12824.381835937502 12775.907714843752 -90.645000457763658 -0.54542985558509816 12804.532714843752 147.03499603271487 0.8110111951828004 -29.835000038146969 12148.485839843752 0.042373087257146842 0.034162214025855071 0.06676331534981729
decision_type=2 2 2 2 2 2 2 2 2 2 2 2 2 2
left_child=3 -2 -3 6 -5 13 -1 -8 -9 10 11 -7 -12 -6
right_child=1 2 -4 4 5 9 7 8 -10 -11 12 -13 -14 -15
leaf_value=-0.00024247470330287152 0.21433301333257596 -0.2629131350070355 0.11045966476387944 0.4678878719751256 0.29044053091872069 0.057946353124100729 -0.066100079369700457 0.30427985292538956 -0.64782140018034606 -0.053505155892197072 0.089864348726733101 0.65494600463979757 -0.29108361386707893 -0.028176235876897701
leaf_weight=2954359 2167 7486 1961 3561 5943 2469 5193 301 1441 27713 7366 2159 3009 2606
leaf_count=2954359 2167 7486 1961 3561 5943 2469 5193 301 1441 27713 7366 2159 3009 2606
internal_value=-3.30829e-07 -0.110671 -0.185372 0.000426181 0.0581934 0.0296489 -0.000643519 -0.171242 -0.482499 -0.00315963 0.0898092 0.337268 -0.0207917 0.193394
internal_weight=3.02773e+06 11614 9447 3.01612e+06 54826 51265 2.96129e+06 6935 1742 42716 15003 4628 10375 8549
internal_count=3027734 11614 9447 3016120 54826 51265 2961294 6935 1742 42716 15003 4628 10375 8549
is_linear=0
shrinkage=0.02


Tree=203
num_leaves=15
num_cat=0
split_feature=9 7 22 8 7 19 0 19 7 23 7 9 22 7
split_gain=354468 500006 392584 362973 1.08479e+06 1.24059e+06 883541 705836 675539 591169 811661 708208 555902 590927
threshold=0.83586668968200695 11517.458007812502 11542.785644531252 -0.95664271712303151 11364.200683593752 11357.248535156252 1948.5000000000002 12259.304199218752 12204.598144531252 11400.749023437502 11419.622558593752 0.055054564028978355 10989.144042968752 10899.808593750002
decision_type=2 2 2 2 2 2 2 2 2 2 2 2 2 2
left_child=3 -2 -3 4 12 -6 -7 8 9 10 -8 -11 13 -1
right_child=1 2 -4 -5 5 6 7 -9 -10 11 -12 -13 -14 -15
leaf_value=0.057878385142831557 0.079393030385089575 -0.43080464133096441 -0.070459309905657408 0.0025332473536886185 -0.3393570360218911 0.011613542388418153 -0.13159006801402934 0.020506529576554636 -0.25705550610975331 -0.011019031134463505 -0.55353423922962408 -0.17211406347471558 0.092037772808367807 -0.14757049013283743
leaf_weight=13054 2738 2520 2326 2746097 5524 88503 17056 25389 9640 46123 2034 14291 42647 9792
leaf_count=13054 2738 2520 2326 2746097 5524 88503 17056 25389 9640 46123 2034 14291 42647 9792
internal_value=-2.68424e-07 -0.13647 -0.25835 0.000342871 -0.0216046 -0.0439025 -0.0358476 -0.0725202 -0.0990146 -0.0798217 -0.176815 -0.0491488 0.0493976 -0.030204
internal_weight=3.02773e+06 7584 4846 3.02015e+06 274053 208560 203036 114533 89144 79504 19090 60414 65493 22846
internal_count=3027734 7584 4846 3020150 274053 208560 203036 114533 89144 79504 19090 60414 65493 22846
is_linear=0
shrinkage=0.02


Tree=204
num_leaves=15
num_cat=0
split_feature=17 7 20 7 4 7 23 7 20 4 20 8 7 7
split_gain=355642 358743 748153 1.52562e+06 2.3567e+06 1.24025e+06 806197 2.15804e+06 1.21394e+06 2.18752e+06 1.14949e+06 1.08349e+06 1.00548e+06 814076
threshold=0.1529808044433594 10076.876464843752 10706.911132812502 10749.717773437502 -29.835000038146969 10700.101562500002 10803.663085937502 10861.943847656252 10846.342285156252 -162.0950012207031 10875.420898437502 0.98273006081581127 10977.015136718752 10899.808593750002
decision_type=2 2 2 2 2 2 2 2 2 2 2 2 2 2
left_child=-1 -2 -3 4 -4 -6 -5 8 -8 -10 11 12 -9 -13
right_child=1 2 3 6 5 -7 7 10 9 -11 -12 13 -14 -15
leaf_value=0.045922858197811729 0.077892060055517659 -0.072279132912144356 0.60457339918622544 -0.068923030813426114 0.16356102294603156 -0.18019172399183273 0.038818626840946106 -0.0052184162716346905 0.78237182347226775 0.15180379961836102 -0.0013417084950068507 -0.20206841964704061 -0.32222737090782139 -0.6677735654469571
leaf_weight=65974 22854 58760 3919 69344 15687 5722 46668 24595 2371 29219 2669860 5990 4770 2001
leaf_count=65974 22854 58760 3919 69344 15687 5722 46668 24595 2371 29219 2669860 5990 4770 2001
internal_value=-3.85512e-07 -0.0010235 -0.00163744 -0.000195976 0.154311 0.0716438 -0.00156731 0.00010974 0.103643 0.199365 -0.00288347 -0.113044 -0.0568056 -0.319375
internal_weight=3.02773e+06 2.96176e+06 2.93891e+06 2.88015e+06 25328 21409 2.85482e+06 2.78547e+06 78258 31590 2.70722e+06 37356 29365 7991
internal_count=3027734 2961760 2938906 2880146 25328 21409 2854818 2785474 78258 31590 2707216 37356 29365 7991
is_linear=0
shrinkage=0.02


Tree=205
num_leaves=15
num_cat=0
split_feature=0 7 19 7 6 7 24 7 7 19 4 7 20 22
split_gain=344224 381660 2.56276e+06 1.12545e+06 1.10065e+06 796337 788193 1.11398e+06 1.34403e+06 1.02662e+06 956764 768294 4.97095e+06 3.1918e+06
threshold=8211.0000000000018 11203.004882812502 11204.905761718752 11236.243652343752 109.37973022460939 12757.591308593752 11180.747558593752 11132.371582031252 11184.367675781252 11254.832031250002 175.504997253418 11368.682128906252 11407.881347656252 11385.326660156252
decision_type=2 2 2 2 2 2 2 2 2 2 2 2 2 2
left_child=1 6 3 4 -3 -5 -1 -8 -9 10 -10 12 -4 -13
right_child=-2 2 11 5 -6 -7 7 8 9 -11 -12 13 -14 -15
leaf_value=0.0024991925516712637 -0.109023480190631 -0.037461664935145134 0.020791615448211304 -0.27441861959344854 -0.21040419518275597 0.46047547469520261 -0.10378493917176254 0.15017536664396383 0.0081826605395495678 0.6495666667184079 0.36997295874913605 -0.15441142290529242 0.66914158485718633 0.0010075710293254566
leaf_weight=944613 11530 75364 243353 16399 18285 603 17200 50845 101014 1032 3001 54796 4814 1484885
leaf_count=944613 11530 75364 243353 16399 18285 603 17200 50845 101014 1032 3001 54796 4814 1484885
internal_value=-3.55009e-07 0.00041676 -0.00504201 -0.0984418 -0.0712478 -0.248098 0.00968884 0.0489223 0.0657766 0.0249153 0.0186556 0.00073906 0.033395 -0.00452462
internal_weight=3.02773e+06 3.0162e+06 1.8985e+06 110651 93649 17002 1.1177e+06 173092 155892 105047 104015 1.78785e+06 248167 1.53968e+06
internal_count=3027734 3016204 1898499 110651 93649 17002 1117705 173092 155892 105047 104015 1787848 248167 1539681
is_linear=0
shrinkage=0.02


Tree=206
num_leaves=15
num_cat=0
split_feature=17 13 17 17 9 19 23 22 20 20 19 8 20 19
split_gain=347303 341724 964991 793010 616515 352806 349769 341553 618151 560257 363282 543230 376510 437111
threshold=0.07457416877150537 2.1000000238418584 0.62382817268371593 0.53083014488220226 0.55642431974411022 12514.861816406252 10780.101074218752 12224.837890625002 12278.149902343752 12192.039550781252 12211.549316406252 0.79606631398201 12209.585937500002 12207.005371093752
decision_type=2 2 2 2 2 2 2 2 2 2 2 2 2 2
left_child=-1 2 -2 7 -5 -4 -6 8 10 -9 12 -12 -3 -14
right_child=1 3 5 4 6 -7 -8 9 -10 -11 11 -13 13 -15
leaf_value=0.087672813058686572 0.0012761202287018747 -0.006142659487103512 0.074561518910292279 -0.023126858366121408 0.04551414853973116 -0.017379887269852352 -0.11885561768619381 0.39503737441634384 0.3034336068749845 0.019983100033279525 -0.18569028981852373 0.026070788646346679 0.44787346379008186 0.014640222071129439
leaf_weight=17956 1516266 954872 102655 147851 5782 19932 49202 1597 2561 185577 10967 8671 1567 2278
leaf_count=17956 1516266 954872 102655 147851 5782 19932 49202 1597 2561 185577 10967 8671 1567 2278
internal_value=-2.521e-07 -0.000523596 0.00564002 -0.00789181 -0.0443938 0.059612 -0.101565 -0.00155301 -0.00627727 0.0232042 -0.0070911 -0.0922222 -0.00534634 0.19191
internal_weight=3.02773e+06 3.00978e+06 1.63885e+06 1.37092e+06 202835 122587 54984 1.16809e+06 980916 187174 978355 19638 958717 3845
internal_count=3027734 3009778 1638853 1370925 202835 122587 54984 1168090 980916 187174 978355 19638 958717 3845
is_linear=0
shrinkage=0.02


Tree=207
num_leaves=15
num_cat=0
split_feature=5 25 24 20 20 5 9 0 9 0 3 1 20 20
split_gain=349368 365265 529870 1.11614e+06 659170 625733 487715 442166 415706 644188 477231 385472 499931 469241
threshold=0.092500001192092909 0.085163068026304259 12220.146484375002 12278.149902343752 12083.154296875002 -0.072500001639127717 -0.10024872794747351 8211.0000000000018 -0.72811940312385548 1553.5000000000002 2.3056555986404423 108.15705490112306 12856.801269531252 12804.532714843752
decision_type=2 2 2 2 2 2 2 2 2 2 2 2 2 2
left_child=1 7 4 -4 -3 -5 -6 8 9 -1 -11 12 13 -10
right_child=-2 2 3 5 6 -7 -8 -9 11 10 -12 -13 -14 -15
leaf_value=-0.024061546865245254 0.083949854063967641 -0.041494111695895973 0.51371938888367841 -0.78149494871801273 -0.52091530854560286 0.025648975914278567 -0.13423742114975598 -0.30438247001981761 0.003500520200650782 0.26353870558792497 0.072472196452909088 -0.016800982073095751 0.17412782596151771 -0.09477569955901477
leaf_weight=26852 19690 90808 1919 382 1908 19277 4115 1887 2334394 6244 32009 461849 6813 19587
leaf_count=26852 19690 90808 1919 382 1908 19277 4115 1887 2334394 6244 32009 461849 6813 19587
internal_value=-1.75939e-07 -0.000549978 -0.0349772 0.0546281 -0.0549488 0.00957475 -0.257395 0.000860861 0.00106138 0.0510223 0.103721 -9.11489e-05 0.00317789 0.00268238
internal_weight=3.02773e+06 3.00804e+06 118409 21578 96831 19659 6023 2.88964e+06 2.88775e+06 65105 38253 2.82264e+06 2.36079e+06 2.35398e+06
internal_count=3027734 3008044 118409 21578 96831 19659 6023 2889635 2887748 65105 38253 2822643 2360794 2353981
is_linear=0
shrinkage=0.02


Tree=208
num_leaves=15
num_cat=0
split_feature=17 16 5 7 22 7 7 24 24 9 17 21 7 24
split_gain=341606 465729 388718 358817 379860 1.87571e+06 733830 1.72555e+06 547212 349102 343374 338277 325824 367698
threshold=0.30347949266433721 -17.30000019073486 -0.032499999739229672 12771.712890625002 12218.595703125002 12204.598144531252 12042.010742187502 12055.346191406252 12261.208496093752 0.28665733337402349 0.49675209820270544 12215.957519531252 12035.626464843752 12088.156250000002
decision_type=2 2 2 2 2 2 2 2 2 2 2 2 2 2
left_child=3 10 -3 4 6 9 7 -1 -8 -6 -2 -7 13 -9
right_child=1 2 -4 -5 5 11 8 12 -10 -11 -12 -13 -14 -15
leaf_value=0.014253012528639326 0.0019190660904861365 -0.023997073005181526 -0.0026924537172053086 -0.10900176657503546 0.22274566301336865 0.29752807848598456 -0.053060249399689709 0.41910999504352853 0.42707167962091147 0.49244031239786962 0.041210272236544866 0.019137359026868039 0.17538877735941419 0.96671644667484247
leaf_weight=465908 234338 439220 1556663 9524 4128 1773 79956 2046 951 3631 143411 84151 1382 652
leaf_count=465908 234338 439220 1556663 9524 4128 1773 79956 2046 951 3631 143411 84151 1382 652
internal_value=-2.24e-07 -0.00352679 -0.00738092 0.0127969 0.0145983 0.0518274 0.00826638 0.0178439 -0.0473643 0.349429 0.0168366 0.024916 0.426855 0.554533
internal_weight=3.02773e+06 2.37363e+06 1.99588e+06 654102 644578 93683 550895 469988 80907 7759 377749 85924 4080 2698
internal_count=3027734 2373632 1995883 654102 644578 93683 550895 469988 80907 7759 377749 85924 4080 2698
is_linear=0
shrinkage=0.02


Tree=209
num_leaves=15
num_cat=0
split_feature=19 20 20 21 20 9 9 21 20 24 8 20 19 6
split_gain=343020 675833 516440 448797 490641 583142 623322 537380 480424 393646 386716 506970 1.06673e+06 571577
threshold=13255.445312500002 12700.189941406252 12824.381835937502 12775.907714843752 12792.859863281252 0.74366798996925365 -0.54542985558509816 12800.455078125002 12804.532714843752 12765.978515625002 -0.95664271712303151 11348.455566406252 11352.575683593752 105.1877899169922
decision_type=2 2 2 2 2 2 2 2 2 2 2 2 2 2
left_child=3 -2 -3 8 7 6 -6 -5 10 -8 11 13 -13 -1
right_child=1 2 -4 4 5 -7 9 -9 -10 -11 -12 12 -14 -15
leaf_value=-0.0037676747299967839 0.20943239075425613 -0.25711353627082734 0.10699106072119609 0.089393194168378223 0.16866107696389093 0.32037576881903529 -0.16915314085122582 0.36649902367600939 -0.16678036871759719 -0.001220404496393844 0.0020388291470859656 -0.38746637889858015 -0.031183185150876716 0.15246806247606132
leaf_weight=40445 2167 7486 1961 16253 6356 2289 7972 3375 6935 18581 2687492 3406 210837 12179
leaf_count=40445 2167 7486 1961 16253 6356 2289 7972 3375 6935 18581 2687492 3406 210837 12179
internal_value=-2.76675e-08 -0.108437 -0.181498 0.000417875 0.057112 0.0124219 -0.00908814 0.137204 -0.000631954 -0.0516843 -0.00024137 -0.0232035 -0.0368652 0.0324124
internal_weight=3.02773e+06 11614 9447 3.01612e+06 54826 35198 32909 19628 2.96129e+06 26553 2.95436e+06 266867 214243 52624
internal_count=3027734 11614 9447 3016120 54826 35198 32909 19628 2961294 26553 2954359 266867 214243 52624
is_linear=0
shrinkage=0.02


Tree=210
num_leaves=15
num_cat=0
split_feature=9 7 21 1 7 0 9 23 7 7 9 7 7 22
split_gain=338216 479418 532352 336786 466415 1.35319e+06 665903 560923 2.42234e+06 1.59743e+06 1.01585e+06 570423 517326 511043
threshold=0.83586668968200695 11517.458007812502 11526.360351562502 91.962383270263686 10924.305664062502 3616.5000000000005 -0.084905855357646928 12084.951660156252 12038.165039062502 12049.832519531252 0.55642431974411022 12771.712890625002 12776.904785156252 10928.393554687502
decision_type=2 2 2 2 2 2 2 2 2 2 2 2 2 2
left_child=3 -2 -3 -1 5 -5 -7 9 -9 13 -11 -10 -13 -6
right_child=1 2 -4 4 7 6 -8 8 11 10 -12 12 -14 -15
leaf_value=0.0057290822306451886 0.078066596087641757 -0.62938008462229089 -0.13577482969194546 -0.011722009569181291 -0.074047507515974748 0.22260937464565725 -0.022358206243182532 0.88187180575245905 0.023771669887759254 -0.13493400857270166 -0.61994604159148559 -0.26087780304457581 -0.028524370177589933 -0.0096450443584855678
leaf_weight=1827890 2738 1137 3709 64464 52440 18394 5847 1281 185082 26125 1841 5164 14800 816822
leaf_count=1827890 2738 1137 3709 64464 52440 18394 5847 1281 185082 26125 1841 5164 14800 816822
internal_value=-4.59768e-10 -0.133305 -0.252649 0.00033518 -0.00793434 0.0361849 0.163537 -0.011481 0.0182526 -0.0183187 -0.167073 0.0128144 -0.0887277 -0.0135311
internal_weight=3.02773e+06 7584 4846 3.02015e+06 1.19226e+06 88705 24241 1.10356e+06 206327 897228 27966 205046 19964 869262
internal_count=3027734 7584 4846 3020150 1192260 88705 24241 1103555 206327 897228 27966 205046 19964 869262
is_linear=0
shrinkage=0.02


Tree=211
num_leaves=15
num_cat=0
split_feature=9 19 0 11 19 20 20 21 4 9 4 19 25 0
split_gain=328166 713555 782108 447943 363356 588197 494295 464768 1.44285e+06 703165 617624 940548 986053 825200
threshold=-0.72811940312385548 10779.912597656252 1553.5000000000002 0.85880276560783397 13255.445312500002 12700.189941406252 12730.532714843752 12763.897949218752 -93.874999999999986 -0.54542985558509816 -29.835000038146969 12148.485839843752 0.041815461590886123 3139.5000000000005
decision_type=2 2 2 2 2 2 2 2 2 2 2 2 2 2
left_child=1 -1 -3 -4 7 -6 -7 -2 -9 -10 11 12 -11 -13
right_child=4 2 3 -5 5 6 -8 8 9 10 -12 13 -14 -15
leaf_value=-0.24966296510036265 -0.0017844657262970124 -0.024673769483333347 0.081050661585057998 0.25367976532967457 0.22360322824984394 -0.39893564184824115 -0.082523045614557353 0.44266100183158458 0.1736166308883553 0.068114711219833299 -0.05531708003814987 0.08643976650363093 0.63921160289587498 -0.29298887752762182
leaf_weight=3187 2880243 28163 32645 7366 1727 2807 6632 3569 11091 2661 31968 10545 2211 2919
leaf_count=3187 2880243 28163 32645 7366 1727 2807 6632 3569 11091 2661 31968 10545 2211 2919
internal_value=-4.82186e-08 0.0423775 0.0560647 0.112888 -0.00102311 -0.114846 -0.176944 -0.000591179 0.0523062 0.0295455 -0.00224707 0.0902568 0.328071 0.00402162
internal_weight=3.02773e+06 71361 68174 40011 2.95637e+06 11166 9439 2.94521e+06 64964 61395 50304 18336 4872 13464
internal_count=3027734 71361 68174 40011 2956373 11166 9439 2945207 64964 61395 50304 18336 4872 13464
is_linear=0
shrinkage=0.02


Tree=212
num_leaves=15
num_cat=0
split_feature=5 25 8 5 23 19 23 19 22 0 9 8 0 19
split_gain=332051 350028 599388 449798 488265 673950 574313 897996 459155 425379 379031 592393 425849 414562
threshold=0.092500001192092909 0.085163068026304259 0.99974182248115551 -0.10249999910593031 12239.953613281252 12088.462890625002 12552.970214843752 12556.790527343752 12116.335937500002 8211.0000000000018 -0.72811940312385548 -0.65938973426818837 1492.5000000000002 12295.004882812502
decision_type=2 2 2 2 2 2 2 2 2 2 2 2 2 2
left_child=1 9 3 -3 5 -5 -6 -8 -7 10 11 -1 -13 -14
right_child=-2 2 -4 4 6 8 7 -9 -10 -11 -12 12 13 -15
leaf_value=0.38763919554889198 0.081843030129466726 -0.68461998987309036 0.47994555752202872 -0.039453639533948343 0.1883019454801573 -0.51399073872139778 -0.79884591079659473 0.0069346099902327495 -0.14593801047819005 -0.29854788374197017 -5.8731718893213571e-05 -0.025508429923221689 0.063719589919674205 0.34231725231428994
leaf_weight=1990 19690 419 890 90539 7802 1835 572 11185 5167 1887 2822643 25298 35553 2264
leaf_count=1990 19690 419 890 90539 7802 1835 572 11185 5167 1887 2822643 25298 35553 2264
internal_value=0 -0.000535994 -0.0342375 -0.0381722 -0.0358007 -0.0540882 0.0553794 -0.032912 -0.242991 0.000845106 0.00104178 0.0487479 0.0380027 0.0804851
internal_weight=3.02773e+06 3.00804e+06 118409 117519 117100 97541 19559 11757 7002 2.88964e+06 2.88775e+06 65105 63115 37817
internal_count=3027734 3008044 118409 117519 117100 97541 19559 11757 7002 2889635 2887748 65105 63115 37817
is_linear=0
shrinkage=0.02


Tree=213
num_leaves=15
num_cat=0
split_feature=7 19 7 7 19 4 19 8 0 24 4 8 23 24
split_gain=330284 925490 1.19259e+06 475697 2.92244e+06 1.0021e+06 805704 1.11171e+06 690723 646630 1.11126e+06 623412 671775 1.9992e+06
threshold=10076.876464843752 10691.720703125002 10675.826171875002 10920.012207031252 10947.256835937502 -225.29000091552732 10920.942871093752 0.94459864497184765 1299.5000000000002 10909.960449218752 227.81500244140628 0.99860900640487682 10803.663085937502 10773.125488281252
decision_type=2 2 2 2 2 2 2 2 2 2 2 2 2 2
left_child=-1 -2 -3 4 5 -4 7 -5 -7 10 -8 12 13 -10
right_child=1 2 3 6 -6 8 9 -9 11 -11 -12 -13 -14 -15
leaf_value=0.073132074794610771 -0.087663594640680395 0.32210886777403119 0.62259682830189322 -0.05193110280805862 0.45632930263136801 -0.038774053063102297 -0.033007221442868044 -0.44700924101879891 0.061518104100540309 -0.00062449455450167425 0.79129265454115882 -0.22858557051789177 0.076130680041005025 -0.1755057179300426
leaf_weight=24492 48043 4604 1074 68459 6171 71752 1573 2963 50111 2630482 1109 3493 93538 19870
leaf_count=24492 48043 4604 1074 68459 6171 71752 1573 2963 50111 2630482 1109 3493 93538 19870
internal_value=-5.34132e-08 -0.000596708 0.000819033 0.000316608 0.0269426 0.0158759 -0.00210538 -0.0683818 0.0131207 -0.000307432 0.309504 0.035417 0.0410702 -0.00579624
internal_weight=3.02773e+06 3.00324e+06 2.9552e+06 2.9506e+06 246009 239838 2.70459e+06 71422 238764 2.63316e+06 2682 167012 163519 69981
internal_count=3027734 3003242 2955199 2950595 246009 239838 2704586 71422 238764 2633164 2682 167012 163519 69981
is_linear=0
shrinkage=0.02


Tree=214
num_leaves=15
num_cat=0
split_feature=17 13 17 17 4 7 18 24 7 7 24 7 7 24
split_gain=326994 362842 1.01356e+06 806898 541003 432186 381150 344967 430860 333377 343945 1.48733e+06 717799 1.74597e+06
threshold=0.30347949266433721 6.0999999046325692 0.62970751523971569 0.56359615921974193 -51.235000610351555 12527.741699218752 0.11664242669939996 12544.555175781252 12604.493164062502 12771.712890625002 12220.146484375002 12204.598144531252 12042.010742187502 12055.346191406252
decision_type=2 2 2 2 2 2 2 2 2 2 2 2 2 2
left_child=9 2 -2 -3 -5 6 -4 8 -7 10 12 -12 13 -1
right_child=1 3 5 4 -6 7 -8 -9 -10 -11 11 -13 -14 -15
leaf_value=0.013986174983762912 -0.0025111586887350424 -0.0059209347120597246 0.098885205262707207 -0.12051734151576861 -0.031511990852834744 -0.091323647990516565 0.017567487151167717 0.0067233965569932184 -0.66006343456257388 -0.10488123038976864 0.30787122764068331 0.02511579733439849 -0.047050443910246598 0.42292409414696447
leaf_weight=465908 1377871 745158 72323 41018 81774 2270 33852 18678 688 9524 8136 86042 80288 4204
leaf_count=465908 1377871 745158 72323 41018 81774 2270 33852 18678 688 9524 8136 86042 80288 4204
internal_value=2.29867e-08 -0.00345028 0.00248666 -0.0137494 -0.0612513 0.0563619 0.0729628 -0.0250991 -0.225392 0.0125205 0.0142568 0.0495732 0.00821307 0.0176521
internal_weight=3.02773e+06 2.37363e+06 1.50568e+06 867950 122792 127811 106175 21636 2958 654102 644578 94178 550400 470112
internal_count=3027734 2373632 1505682 867950 122792 127811 106175 21636 2958 654102 644578 94178 550400 470112
is_linear=0
shrinkage=0.02


Tree=215
num_leaves=15
num_cat=0
split_feature=9 21 5 4 9 9 9 0 6 0 9 20 4 0
split_gain=324045 428173 316475 785642 728008 873815 482191 671073 498658 429980 487978 394847 390440 549310
threshold=0.83586668968200695 11526.360351562502 0.072500001639127745 251.5299987792969 -0.6710444688796996 -0.2852825373411178 -0.63895034790039051 5583.5000000000009 102.78475570678712 4972.5000000000009 -0.72811940312385548 10966.634765625002 163.21500396728518 3638.5000000000005
decision_type=2 2 2 2 2 2 2 2 2 2 2 2 2 2
left_child=2 -2 3 -1 -5 6 11 8 -8 10 -4 -6 13 -12
right_child=1 -3 9 4 5 -7 7 -9 -10 -11 12 -13 -14 -15
leaf_value=-1.4945564458033881e-05 -0.4367778669605436 -0.056739410272979331 0.18853522924837479 0.12301196954282403 -0.30348987318806986 0.52012092669424637 -0.20604411821884355 -0.0039729532166571466 -0.66549343340240252 0.15884254609697487 0.0056848849212323008 -0.78995537654876713 -0.092108148356754363 0.19525788784312575
leaf_weight=2917417 1462 6122 6403 3332 2081 617 3096 4639 1360 10359 49790 990 13106 6960
leaf_count=2917417 1462 6122 6403 3332 2081 617 3096 4639 1360 10359 49790 990 13106 6960
internal_value=1.09683e-08 -0.130482 0.000328107 -0.000784432 -0.140002 -0.208604 -0.245959 -0.172456 -0.347452 0.0380029 0.0215692 -0.462373 0.00624001 0.0289654
internal_weight=3.02773e+06 7584 3.02015e+06 2.93353e+06 16115 12783 12166 9095 4456 86618 76259 3071 69856 56750
internal_count=3027734 7584 3020150 2933532 16115 12783 12166 9095 4456 86618 76259 3071 69856 56750
is_linear=0
shrinkage=0.02


Tree=216
num_leaves=15
num_cat=0
split_feature=17 7 24 7 7 23 4 24 7 9 7 24 7 4
split_gain=322947 319367 766019 1.14975e+06 409246 2.01399e+06 964554 739356 2.69805e+06 903567 799478 1.78275e+06 1.68851e+06 719617
threshold=0.07457416877150537 10076.876464843752 10682.977050781252 10675.826171875002 10920.012207031252 10933.387695312502 -225.29000091552732 10975.712890625002 11009.197265625002 0.59157848358154308 11196.073242187502 11186.147949218752 11230.407226562502 204.94499969482425
decision_type=2 2 2 2 2 2 2 2 2 2 2 2 2 2
left_child=-1 -2 -3 -4 5 6 -5 8 9 13 -9 12 -12 -6
right_child=1 2 3 4 7 -7 -8 10 -10 -11 11 -13 -14 -15
leaf_value=0.084542921316874284 0.072649851083926839 -0.080701859598060366 0.31566946993764339 0.61008075133914541 -0.065920295398491632 0.36647959543719327 0.012120337939157483 0.023520633866174711 -0.29620589280249709 0.028992077066121835 -0.064875934027008184 -0.00089324920818491986 -0.36475710078138995 0.11705705653995549
leaf_weight=17956 23673 47558 4604 1074 120290 6689 236672 491626 14955 92483 78691 1873919 8294 9250
leaf_count=17956 23673 47558 4604 1074 120290 6689 236672 491626 14955 92483 78691 1873919 8294 9250
internal_value=-6.66154e-08 -0.000504727 -0.00108492 0.000203876 -0.000292227 0.0244844 0.0148472 -0.00254413 -0.0362778 -0.0187569 0.000715544 -0.00500209 -0.0935084 -0.0528463
internal_weight=3.02773e+06 3.00978e+06 2.9861e+06 2.93855e+06 2.93394e+06 244435 237746 2.68951e+06 236978 222023 2.45253e+06 1.9609e+06 86985 129540
internal_count=3027734 3009778 2986105 2938547 2933943 244435 237746 2689508 236978 222023 2452530 1960904 86985 129540
is_linear=0
shrinkage=0.02


Tree=217
num_leaves=15
num_cat=0
split_feature=1 8 20 24 23 24 20 21 24 25 21 25 20 8
split_gain=318349 643956 488419 847436 576452 787987 497807 492618 447378 439787 445173 429020 412437 412004
threshold=94.123176574707045 0.89291974902153026 12200.195800781252 11911.499023437502 12309.626464843752 12275.170898437502 12214.590332031252 12683.233886718752 10773.125488281252 0.052884176373481757 10766.109863281252 0.087102096527814879 10807.995117187502 0.95309019088745128
decision_type=2 2 2 2 2 2 2 2 2 2 2 2 2 2
left_child=13 8 3 -3 5 6 -4 -6 9 -2 -11 -5 -10 -1
right_child=1 2 4 11 7 -7 -8 -9 12 10 -12 -13 -14 -15
leaf_value=0.0082315050893639781 -0.0026608255930040446 0.029802332407051785 0.3409564630078355 -0.052889509566349302 -0.036130124048969883 0.42793732168881088 0.042117091359985988 0.2226579182295314 -0.14721920911422565 0.10422364057095088 0.45968953263730611 -0.49802819022265349 -0.018803248147783492 -0.019794034965007309
leaf_weight=1715818 18332 167858 2753 55436 16277 3671 11573 3581 10126 9956 1634 870 770802 239047
leaf_count=1715818 18332 167858 2753 55436 16277 3671 11573 3581 10126 9956 1634 870 770802 239047
internal_value=-1.46951e-08 -0.00875401 0.0185031 0.00728024 0.0849411 0.16689 0.0997437 0.0106248 -0.0175621 0.0583194 0.154693 -0.059855 -0.0204703 0.00480436
internal_weight=3.02773e+06 1.07287e+06 262019 224164 37855 17997 14326 19858 810850 29922 11590 56306 780928 1.95486e+06
internal_count=3027734 1072869 262019 224164 37855 17997 14326 19858 810850 29922 11590 56306 780928 1954865
is_linear=0
shrinkage=0.02


Tree=218
num_leaves=15
num_cat=0
split_feature=16 3 4 20 5 4 8 24 24 20 20 8 4 23
split_gain=318890 325672 385571 499864 340897 690311 480178 286428 417459 376534 336344 510821 316508 665237
threshold=-22.100000381469723 4.6790268421173105 -225.29000091552732 12147.115722656252 0.062499998137354858 251.5299987792969 0.4720101952552796 12220.146484375002 12207.179687500002 12218.658691406252 12204.947265625002 0.79909458756446849 -166.20500183105466 12741.710449218752
decision_type=2 2 2 2 2 2 2 2 2 2 2 2 2 2
left_child=-1 4 3 -3 5 -2 -6 8 -4 -9 -10 -12 13 -11
right_child=1 2 7 -5 6 -7 -8 9 10 12 11 -13 -14 -15
leaf_value=0.024411821884494103 0.0030634147238016596 -0.12323630551385352 -0.010362496507724065 0.17428658624904472 0.34644735112896763 -0.1971134748142066 0.037673767355542724 0.2903033975725885 0.15953211071633472 0.056196953830977101 -0.23997006388711686 0.013058522517841635 0.0088540120408894963 0.71333679139614103
leaf_weight=199901 1534430 20528 1009050 2529 2064 6912 70595 1973 1586 2889 8707 5033 160763 774
leaf_count=199901 1534430 20528 1009050 2529 2064 6912 70595 1973 1586 2889 8707 5033 160763 774
internal_value=2.9469e-08 -0.00172573 -0.00955216 -0.0905403 0.00416027 0.00216445 0.0464917 -0.00798322 -0.0119366 0.0163536 -0.1155 -0.147341 0.0130488 0.196622
internal_weight=3.02773e+06 2.82783e+06 1.21383e+06 23057 1.614e+06 1.54134e+06 72659 1.19078e+06 1.02438e+06 166399 15326 13740 164426 3663
internal_count=3027734 2827833 1213832 23057 1614001 1541342 72659 1190775 1024376 166399 15326 13740 164426 3663
is_linear=0
shrinkage=0.02


Tree=219
num_leaves=15
num_cat=0
split_feature=7 24 7 23 4 7 7 21 0 7 24 7 21 22
split_gain=315340 2.20347e+06 1.2613e+06 801608 1.15067e+06 940734 1.37065e+06 1.02713e+06 745224 717449 703542 2.06011e+06 3.84633e+06 2.54157e+06
threshold=11203.004882812502 11186.147949218752 11230.407226562502 11175.997070312502 175.504997253418 11132.371582031252 11184.367675781252 11282.471679687502 1240.5000000000002 10994.341796875002 11259.681152343752 11366.160644531252 11405.071777343752 11385.326660156252
decision_type=2 2 2 2 2 2 2 2 2 2 2 2 2 2
left_child=3 2 -2 -1 5 9 8 -8 -7 -5 -3 12 -12 -13
right_child=1 10 -4 4 -6 6 7 -9 -10 -11 11 13 -14 -15
leaf_value=0.00078790183518989492 -0.089550380227733747 -0.042757728149450155 -0.35739748793501613 -0.023454125606586908 0.34447519047002667 0.0045736924644426274 0.0051259758888148052 0.63937415632660477 0.17266548706724857 -0.31066354375892208 0.056646819963773645 -0.12846582828411901 0.65252201587706493 0.0010178718243342906
leaf_weight=936341 46020 150227 8294 12840 5015 13948 109006 1021 43306 4763 136779 63194 4465 1492515
leaf_count=936341 46020 150227 8294 12840 5015 13948 109006 1021 43306 4763 136779 63194 4465 1492515
internal_value=1.12671e-07 -0.00496727 -0.130511 0.00838681 0.0458529 0.0377344 0.0523703 0.0110693 0.131724 -0.1013 -0.00127513 0.00239744 0.0755286 -0.00424263
internal_weight=3.02773e+06 1.90149e+06 54314 1.12624e+06 189899 184884 167281 110027 57254 17603 1.84718e+06 1.69695e+06 141244 1.55571e+06
internal_count=3027734 1901494 54314 1126240 189899 184884 167281 110027 57254 17603 1847180 1696953 141244 1555709
is_linear=0
shrinkage=0.02


Tree=220
num_leaves=15
num_cat=0
split_feature=9 7 20 8 7 0 22 7 7 7 20 8 20 7
split_gain=311697 457903 427986 317825 980276 1.15529e+06 1.25582e+06 532136 572206 566927 655917 476961 1.45795e+06 2.92368e+06
threshold=0.83586668968200695 11517.458007812502 11526.333984375002 -0.95664271712303151 11364.200683593752 2439.5000000000005 11365.730957031252 10998.491210937502 10899.808593750002 11009.197265625002 11003.799804687502 -0.84785553812980641 12218.658691406252 12215.043457031252
decision_type=2 2 2 2 2 2 2 2 2 2 2 2 2 2
left_child=3 -2 -3 4 7 -6 -7 8 -1 10 -9 12 -5 -14
right_child=1 2 -4 11 5 6 -8 9 -10 -11 -12 -13 13 -15
leaf_value=0.05487599114030306 0.078595735900180042 -0.61922823864905563 -0.1499831297849796 0.0074067068120167124 0.0023618187143392352 -0.37022573213627463 -0.073349397772007552 0.073164484280417746 -0.14868175717815624 0.067695672081941341 0.63929535081378908 -0.00041588432866570125 0.49298875980815077 0.058804080151486644
leaf_weight=13054 2738 966 3880 232645 111844 6073 90643 1735 9561 39598 1545 2469875 7482 36095
leaf_count=13054 2738 966 3880 232645 111844 6073 90643 1735 9561 39598 1545 2469875 7482 36095
internal_value=1.71768e-07 -0.127972 -0.244609 0.000321956 -0.0202153 -0.0414117 -0.0920274 0.0472799 -0.0312094 0.0886753 0.340972 0.00237159 0.0272953 0.133448
internal_weight=3.02773e+06 7584 4846 3.02015e+06 274053 208560 96716 65493 22615 42878 3280 2.7461e+06 276222 43577
internal_count=3027734 7584 4846 3020150 274053 208560 96716 65493 22615 42878 3280 2746097 276222 43577
is_linear=0
shrinkage=0.02


Tree=221
num_leaves=15
num_cat=0
split_feature=5 4 9 9 20 24 20 22 9 9 20 6 1 9
split_gain=306883 433078 611387 739677 723379 906511 532210 368550 426408 335405 498618 352863 305835 402845
threshold=0.092500001192092909 251.5299987792969 -0.6710444688796996 -0.2852825373411178 10923.714843750002 10990.481933593752 10966.634765625002 12797.974121093752 -0.63350945711135853 -0.67629325389862049 10807.995117187502 100.49401092529298 94.123176574707045 -0.30268207192420954
decision_type=2 2 2 2 2 2 2 2 2 2 2 2 2 2
left_child=1 12 -3 4 -4 6 -6 8 -7 10 -2 -11 13 -1
right_child=9 2 3 -5 5 7 -8 -9 -10 11 -12 -13 -14 -15
leaf_value=0.015357177264107491 -0.51097270731198585 0.088921803931788723 0.10410197205610992 0.51002709645783884 -0.30083623361301831 -0.78902019898096731 -0.75029709244405995 -0.40686752062366055 0.0023186444751888673 0.07940266264626604 0.26702571490972782 -0.16415233074297408 -0.0085532036993110714 -0.0030919831214919458
leaf_weight=829726 344 5315 2644 617 2577 278 1802 1378 5017 11437 4915 2994 1056279 1102411
leaf_count=829726 344 5315 2644 617 2577 278 1802 1378 5017 11437 4915 2994 1056279 1102411
internal_value=1.76093e-07 -0.000515101 -0.0941294 -0.16212 -0.192751 -0.2638 -0.487086 -0.116761 -0.0406337 0.0786805 0.215259 0.0287922 0.000100066 0.00483075
internal_weight=3.02773e+06 3.00804e+06 19628 14313 13696 11052 4379 6673 5295 19690 5259 14431 2.98842e+06 1.93214e+06
internal_count=3027734 3008044 19628 14313 13696 11052 4379 6673 5295 19690 5259 14431 2988416 1932137
is_linear=0
shrinkage=0.02


Tree=222
num_leaves=15
num_cat=0
split_feature=13 17 17 5 0 25 24 0 24 8 8 20 6 17
split_gain=307272 415095 287871 351954 536265 404274 333210 289664 351502 308614 696859 304492 394432 402948
threshold=-10.499999999999998 0.5753360688686372 0.35519625246524816 -0.027499999850988385 4683.5000000000009 0.043979573994874961 10969.598144531252 1260.5000000000002 12731.313964843752 -0.80981627106666554 -0.94326764345169056 12209.585937500002 113.74245071411134 0.59287261962890636
decision_type=2 2 2 2 2 2 2 2 2 2 2 2 2 2
left_child=1 -1 -2 4 7 6 -6 -4 9 10 -9 12 -11 -14
right_child=2 -3 3 -5 5 -7 -8 8 -10 11 -12 -13 13 -15
leaf_value=0.0047681326797095608 0.0052377830080503722 0.046014824152851269 0.012986584195227918 -0.0033834831565492177 -0.10999253583638938 -0.12295708575178925 0.12463905939756678 -0.055835924291354352 0.099541446801740388 -0.025868572760549248 0.048309594517020951 -0.13421789966770306 -0.095974839529752248 -0.39835662222244161
leaf_weight=668746 870283 114263 90837 1010080 4287 34966 5536 57017 8167 84231 46772 17113 13414 2022
leaf_count=668746 870283 114263 90837 1010080 4287 34966 5536 57017 8167 84231 46772 17113 13414 2022
internal_value=4.90052e-08 0.0107877 -0.00376295 -0.00946213 -0.0263127 -0.0911167 0.0222303 -0.0172276 -0.0292266 -0.0339988 -0.00890294 -0.0563001 -0.0429092 -0.135818
internal_weight=3.02773e+06 783009 2.24472e+06 1.37444e+06 364362 44789 9823 319573 228736 220569 103789 116780 99667 15436
internal_count=3027734 783009 2244725 1374442 364362 44789 9823 319573 228736 220569 103789 116780 99667 15436
is_linear=0
shrinkage=0.02


Tree=223
num_leaves=15
num_cat=0
split_feature=16 3 9 24 21 8 14 9 13 20 8 25 8 8
split_gain=299727 307275 402072 356857 624660 553312 378283 483826 430624 356725 360969 368427 376564 346598
threshold=-22.100000381469723 4.6790268421173105 -0.72193637490272511 12220.146484375002 12207.637207031252 0.8027104139328004 0.83823767304420482 -0.54542985558509816 5.7000000476837167 12218.658691406252 -0.86513796448707569 0.065462235361337676 0.85122817754745495 -0.62102523446083058
decision_type=2 2 2 2 2 2 2 2 2 2 2 2 2 2
left_child=-1 2 13 4 6 -6 -3 -8 -9 -5 -11 -12 -13 -2
right_child=1 3 -4 9 5 -7 7 8 -10 10 11 12 -14 -15
leaf_value=0.023666939937521652 0.26837302042857214 -0.012955143297517067 0.0023720827367716018 0.28439226931707295 -0.21844429066054269 0.031791309205137452 0.29745244948076555 0.12764062638433796 -0.18869025755614532 0.073078076842826287 0.013181776659073751 -0.18480281935748014 -0.0035451027646227554 0.048249641898336637
leaf_weight=199901 3067 1018151 1569959 1973 10873 5231 3532 4758 2684 33631 114371 8130 10498 40975
leaf_count=199901 3067 1018151 1569959 1973 10873 5231 3532 4758 2684 33631 114371 8130 10498 40975
internal_value=7.80085e-09 -0.00167309 0.00404423 -0.00927525 -0.0136306 -0.137191 -0.0116958 0.105047 0.0134513 0.0177244 0.0145499 -0.000254134 -0.082711 0.0636365
internal_weight=3.02773e+06 2.82783e+06 1.614e+06 1.21383e+06 1.04523e+06 16104 1.02912e+06 10974 7442 168603 166630 132999 18628 44042
internal_count=3027734 2827833 1614001 1213832 1045229 16104 1029125 10974 7442 168603 166630 132999 18628 44042
is_linear=0
shrinkage=0.02


Tree=224
num_leaves=15
num_cat=0
split_feature=19 20 7 21 4 7 22 21 4 8 7 4 4 22
split_gain=308144 614659 489756 415500 1.43983e+06 657934 1.40246e+06 936805 764962 738672 710010 1.11428e+06 974885 673058
threshold=13255.445312500002 12700.189941406252 12776.904785156252 12775.907714843752 -90.645000457763658 12536.370117187502 12538.652832031252 12578.725097656252 96.475002288818374 -0.91849520802497853 12604.493164062502 165.81500244140628 -78.865001678466783 12224.837890625002
decision_type=2 2 2 2 2 2 2 2 2 2 2 2 2 2
left_child=3 -2 -3 5 -5 6 13 10 -9 -8 12 -12 -7 -1
right_child=1 2 -4 4 -6 7 9 8 -10 -11 11 -13 -14 -15
leaf_value=-0.0020045560742376648 0.20036397302300851 -0.24559395720181648 0.11037165809156708 0.44324980877627768 0.0278924837174023 -0.2333632286541884 0.37744854753515528 0.018422570165200793 -0.084250062857505678 0.09905705371707825 -0.012994445263208492 -0.66020875722129291 -0.037966293505975551 0.036808948395488178
leaf_weight=2527226 2167 7507 1940 3561 51265 13037 4834 115912 38712 17965 2059 2193 47058 192298
leaf_count=2527226 2167 7507 1940 3561 51265 13037 4834 115912 38712 17965 2059 2193 47058 192298
internal_value=4.52721e-08 -0.102776 -0.172453 0.000396147 0.0549466 -0.000613987 0.00204993 -0.0339747 -0.00728643 0.158224 -0.0980946 -0.34757 -0.0803878 0.000740071
internal_weight=3.02773e+06 11614 9447 3.01612e+06 54826 2.96129e+06 2.74232e+06 218971 154624 22799 64347 4252 60095 2.71952e+06
internal_count=3027734 11614 9447 3016120 54826 2961294 2742323 218971 154624 22799 64347 4252 60095 2719524
is_linear=0
shrinkage=0.02


Tree=225
num_leaves=15
num_cat=0
split_feature=7 24 7 24 7 7 20 4 20 7 20 22 7 7
split_gain=308778 2.10912e+06 1.20546e+06 776378 1.00521e+06 1.23147e+06 944596 878295 699668 1.88733e+06 4.02097e+06 2.39737e+06 2.09396e+06 1.24523e+06
threshold=11203.004882812502 11186.147949218752 11230.407226562502 11180.747558593752 11132.371582031252 11184.367675781252 11266.288574218752 175.504997253418 11248.938476562502 11366.160644531252 11400.137207031252 11385.326660156252 11423.904785156252 11406.933593750002
decision_type=2 2 2 2 2 2 2 2 2 2 2 2 2 2
left_child=3 2 -2 -1 -5 -6 7 -7 -3 10 -10 12 -11 -13
right_child=1 8 -4 4 5 6 -8 -9 9 11 -12 13 -14 -15
leaf_value=0.0012224612796447728 -0.087698338590009278 -0.04368802653724714 -0.34954890666315996 -0.097796269025998181 0.1440619772367118 0.0081229228769843283 0.62334130812514998 0.35475982943968248 0.049578435991345621 -0.10329214535642085 0.58885170817124677 0.073774647705005025 -0.74183348414590644 -0.003680601211699424
leaf_weight=953148 46020 143660 8294 17200 50845 101014 1032 3001 141951 61193 5745 88232 2116 1404283
leaf_count=953148 46020 143660 8294 17200 50845 101014 1032 3001 141951 61193 5745 88232 2116 1404283
internal_value=4.68205e-08 -0.00491538 -0.127741 0.00829902 0.0472643 0.0632747 0.0241617 0.0181573 -0.00130315 0.00227145 0.0705934 -0.00421482 -0.124748 0.000898719
internal_weight=3.02773e+06 1.90149e+06 54314 1.12624e+06 173092 155892 105047 104015 1.84718e+06 1.70352e+06 147696 1.55582e+06 63309 1.49252e+06
internal_count=3027734 1901494 54314 1126240 173092 155892 105047 104015 1847180 1703520 147696 1555824 63309 1492515
is_linear=0
shrinkage=0.02


Tree=226
num_leaves=15
num_cat=0
split_feature=7 24 7 7 21 0 8 7 7 8 8 7 22 24
split_gain=299585 471723 1.08964e+06 403239 1.49942e+06 993905 881574 1.40914e+06 998071 2.5429e+06 961392 1.74391e+06 859728 770923
threshold=10056.264648437502 10682.977050781252 10675.826171875002 10907.572265625002 10876.217773437502 3016.5000000000005 -0.88782846927642811 10839.885253906252 10776.154296875002 0.60279628634452831 -0.68419089913368214 10749.717773437502 10847.327636718752 10924.394042968752
decision_type=2 2 2 2 2 2 2 2 2 2 2 2 2 2
left_child=-1 -2 -3 4 6 -6 7 12 10 -10 11 -8 -4 -5
right_child=1 2 3 13 5 -7 8 -9 9 -11 -12 -13 -14 -15
leaf_value=0.098823177432693698 -0.055576919948596946 0.30784386649613815 0.19593834802844295 -0.056074288177536687 0.042101469238516785 0.24189612965643356 0.44026304613657269 0.00013343932671190561 -0.24011456558089053 0.0011075588447568474 -0.015758562418448755 0.040664781446105053 0.64581008840944165 0.00023037799257503755
leaf_weight=12211 60720 4604 8338 101000 20944 18989 6094 19385 23039 72355 34961 15374 2130 2627590
leaf_count=12211 60720 4604 8338 101000 20944 18989 6094 19385 23039 72355 34961 15374 2130 2627590
internal_value=7.33927e-08 -0.000400419 0.000733613 0.000253297 0.0261981 0.137145 0.00180522 0.10114 -0.0177323 -0.0571698 0.0489353 0.15425 0.288008 -0.00185396
internal_weight=3.02773e+06 3.01552e+06 2.9548e+06 2.9502e+06 221609 39933 181676 29853 151823 95394 56429 21468 10468 2.72859e+06
internal_count=3027734 3015523 2954803 2950199 221609 39933 181676 29853 151823 95394 56429 21468 10468 2728590
is_linear=0
shrinkage=0.02


Tree=227
num_leaves=15
num_cat=0
split_feature=17 10 14 20 19 9 14 9 17 19 8 20 21 9
split_gain=303075 296516 443778 348871 368372 299911 269550 687591 279688 262940 319206 269097 1.44465e+06 755571
threshold=0.07457416877150537 3.1000000238418584 0.78832399845123302 11746.733398437502 11450.723632812502 -0.88159248232841481 0.7004087269306184 -0.62652868032455433 0.76727494597435009 13255.445312500002 0.80448952317237865 12200.195800781252 12187.544433593752 -0.1131790056824684
decision_type=2 2 2 2 2 2 2 2 2 2 2 2 2 2
left_child=-1 2 9 4 -4 -5 -3 8 -8 11 -11 -2 13 -13
right_child=1 6 3 5 -6 -7 7 -9 -10 10 -12 12 -14 -15
leaf_value=0.081900741170066405 5.2366137895339332e-05 -0.0047215359754066225 0.085502881817609178 0.45860127609856777 0.32264382218511189 -0.023088743419565058 0.053523630869961487 -0.056722314432770982 0.41159487958626179 -0.063656438718637881 -0.45050147991237466 -0.094896039825402387 0.017137900910772396 0.73752340422861684
leaf_weight=17956 1357658 1176623 24973 525 2920 15385 19893 103677 903 5749 993 585 298214 1680
leaf_count=17956 1357658 1176623 24973 525 2920 15385 19893 103677 903 5749 993 585 298214 1680
internal_value=1.81511e-07 -0.000488692 0.00498915 0.0678197 0.110436 -0.00691454 -0.00768254 -0.0356696 0.069263 0.00333566 -0.121219 0.00384284 0.0209688 0.523047
internal_weight=3.02773e+06 3.00978e+06 1.70868e+06 43803 27893 15910 1.3011e+06 124473 20796 1.66488e+06 6742 1.65814e+06 300479 2265
internal_count=3027734 3009778 1708682 43803 27893 15910 1301096 124473 20796 1664879 6742 1658137 300479 2265
is_linear=0
shrinkage=0.02


Tree=228
num_leaves=15
num_cat=0
split_feature=5 4 8 8 8 25 4 4 25 4 21 19 24 8
split_gain=295118 574183 607373 726388 507768 491877 403162 573442 515179 487594 473550 443931 373814 364386
threshold=0.082499999552965178 251.5299987792969 0.95844322443008434 0.73891955614089977 0.7692478895187379 0.034396804869174964 251.5299987792969 168.81500244140628 0.082290872931480422 91.634998321533217 10962.512695312502 11017.881347656252 10944.772460937502 0.74616098403930675
decision_type=2 2 2 2 2 2 2 2 2 2 2 2 2 2
left_child=1 -1 3 -3 12 -6 7 9 -9 -2 -11 13 -5 -12
right_child=6 2 -4 4 5 -7 -8 8 -10 10 11 -13 -14 -15
leaf_value=-4.417634788341733e-05 -0.0083122426126691958 0.086157873037076255 0.49931214017731151 -0.24447277986930868 -0.77142259842310201 -0.10692883255156382 0.21552894326875408 -0.20347653289469581 0.25678473558170822 -0.081005676527640458 0.66531731448289488 0.14683918150441355 -0.68442276321491269 0.16742958292827154
leaf_weight=2968477 15135 4459 617 1882 458 9493 5320 6074 1149 2661 1388 8268 1323 1030
leaf_count=2968477 15135 4459 617 1882 458 9493 5320 6074 1149 2661 1388 8268 1323 1030
internal_value=2.75587e-07 -0.000731611 -0.112595 -0.134301 -0.209031 -0.138258 0.0532709 0.0290405 -0.130004 0.0694062 0.157478 0.216886 -0.427651 0.454802
internal_weight=3.02773e+06 2.98671e+06 18232 17615 13156 9951 41025 35705 7223 28482 13347 10686 3205 2418
internal_count=3027734 2986709 18232 17615 13156 9951 41025 35705 7223 28482 13347 10686 3205 2418
is_linear=0
shrinkage=0.02


Tree=229
num_leaves=15
num_cat=0
split_feature=17 16 5 0 4 22 19 20 8 4 25 22 19 8
split_gain=294397 400619 332419 486905 363901 418822 694707 765560 577575 549726 603053 510564 415206 476598
threshold=0.30492831766605383 -17.30000019073486 -0.032499999739229672 1611.5000000000002 -57.17499923706054 12070.042480468752 12211.549316406252 12175.831054687502 -0.86513796448707569 -162.0950012207031 0.087102096527814879 12558.884765625002 12029.120605468752 -0.83435350656509388
decision_type=2 2 2 2 2 2 2 2 2 2 2 2 2 2
left_child=-1 -2 3 -3 5 12 7 -7 -8 10 -10 -11 -5 -14
right_child=1 2 -4 4 -6 6 8 -9 9 11 -12 -13 13 -15
leaf_value=0.011742571795101653 0.015610346319480866 0.0083249569207056433 -0.0025500465517407341 -0.036158162611849974 -0.11240508879772224 0.064548879010370486 0.077233544664168707 0.42528512904045934 0.21304888063420049 -0.2238286882288022 -0.46291524083006613 -0.027604017463568106 -0.0742627131751568 -0.35039194317884104
leaf_weight=666141 376239 140755 1548337 206062 23471 11915 14363 2924 3849 10363 602 10861 8274 3578
leaf_count=666141 376239 140755 1548337 206062 23471 11915 14363 2924 3849 10363 602 10861 8274 3578
internal_value=2.6565e-07 -0.00331195 -0.00689793 -0.0223019 -0.0368526 -0.0303481 0.0190319 0.135871 -0.0242941 -0.081099 0.120787 -0.123475 -0.0427838 -0.15785
internal_weight=3.02773e+06 2.36159e+06 1.98535e+06 437017 296262 272791 54877 14839 40038 25675 4451 21224 217914 11852
internal_count=3027734 2361593 1985354 437017 296262 272791 54877 14839 40038 25675 4451 21224 217914 11852
is_linear=0
shrinkage=0.02


Tree=230
num_leaves=15
num_cat=0
split_feature=7 19 19 7 24 7 7 22 7 22 19 7 24 7
split_gain=298687 2.83486e+06 944023 949466 1.4282e+06 1.49173e+06 948065 3.29223e+06 1.18388e+06 1.58027e+06 1.45742e+06 1.06353e+06 985290 859633
threshold=11207.812011718752 11204.905761718752 11170.554199218752 11146.501953125002 11259.681152343752 11179.275390625002 11009.197265625002 11019.188964843752 10998.491210937502 11057.493164062502 11030.932128906252 11163.842285156252 10963.240234375002 11020.773925781252
decision_type=2 2 2 2 2 2 2 2 2 2 2 2 2 2
left_child=2 -2 6 -4 5 -5 8 12 -1 10 -10 -9 -8 -14
right_child=1 -3 3 4 -6 -7 7 11 9 -11 -12 -13 13 -15
leaf_value=0.0049266141357394815 -0.11852805060423365 0.00039498238312337178 -0.093062478295991777 0.16263024306049162 0.44612215299413605 0.024402566421171078 -0.4148095585617716 0.048070188075651131 0.081178734398862015 -0.51265461409260304 0.39670593143650917 -0.04452402517847439 -0.0167870682065091 -0.2015027287879384
leaf_weight=630371 83943 1783473 18934 37612 3652 183820 6045 101750 25413 1477 7602 96826 14684 32132
leaf_count=630371 83943 1783473 18934 37612 3652 183820 6045 101750 25413 1477 7602 96826 14684 32132
internal_value=2.28744e-07 -0.00495137 0.00796933 0.042926 0.054369 0.047888 -0.00134025 -0.0344207 0.0111704 0.125245 0.15393 0.00292102 -0.174672 -0.143582
internal_weight=3.02773e+06 1.86742e+06 1.16032e+06 244018 225084 221432 916300 251437 664863 34492 33015 198576 52861 46816
internal_count=3027734 1867416 1160318 244018 225084 221432 916300 251437 664863 34492 33015 198576 52861 46816
is_linear=0
shrinkage=0.02


Tree=231
num_leaves=15
num_cat=0
split_feature=9 7 20 7 19 7 20 7 0 25 20 7 0 7
split_gain=296309 437870 411311 301311 1.22527e+06 2.13909e+06 1.65982e+06 1.61248e+06 1.48173e+06 1.7001e+06 1.19654e+06 955833 931265 859616
threshold=0.83586668968200695 11517.458007812502 11526.333984375002 12536.370117187502 12295.004882812502 12243.617187500002 12256.310058593752 12279.800292968752 2577.5000000000005 0.018681188113987449 12594.128906250002 12290.545898437502 3139.5000000000005 12219.598144531252
decision_type=2 2 2 2 2 2 2 2 2 2 2 2 2 2
left_child=3 -2 -3 4 5 6 -1 12 -7 -10 -5 -11 -6 -8
right_child=1 2 -4 10 7 8 13 -9 9 11 -12 -13 -14 -15
leaf_value=0.00071520773751854118 0.077224595154712875 -0.60607581515781217 -0.1460694050802909 -0.088787092241426877 0.081943694787875623 -0.051434521304096793 0.36368277481615147 0.035404209137619595 -0.83429314941982913 -0.098382960528974245 0.0048710704510027004 -0.44770696091958895 0.38410338694816082 -0.033772856548333299
leaf_weight=2546869 2738 966 3880 73469 7481 29176 7633 115317 2001 9588 211942 4650 8983 3041
leaf_count=2546869 2738 966 3880 73469 7481 29176 7633 115317 2001 9588 211942 4650 8983 3041
internal_value=2.08491e-07 -0.124773 -0.23883 0.00031395 0.00235478 -0.000657492 0.00175876 0.0618493 -0.1367 -0.289765 -0.0192401 -0.212705 0.246941 0.250521
internal_weight=3.02773e+06 7584 4846 3.02015e+06 2.73474e+06 2.60296e+06 2.55754e+06 131781 45415 16239 285411 14238 16464 10674
internal_count=3027734 7584 4846 3020150 2734739 2602958 2557543 131781 45415 16239 285411 14238 16464 10674
is_linear=0
shrinkage=0.02


Tree=232
num_leaves=15
num_cat=0
split_feature=8 7 0 23 7 23 6 9 8 20 7 23 20 6
split_gain=297019 925487 1.12379e+06 1.38144e+06 583305 623675 484426 460325 445538 1.32004e+06 2.7497e+06 668595 1.05935e+06 585884
threshold=-0.95664271712303151 11366.160644531252 2439.5000000000005 11400.749023437502 11419.622558593752 11358.832031250002 101.87153244018556 0.24548286944627765 -0.84785553812980641 12218.658691406252 12215.043457031252 12552.970214843752 12560.963378906252 48.695661544799812
decision_type=2 2 2 2 2 2 2 2 2 2 2 2 2 2
left_child=1 6 -3 4 5 -4 -1 -8 9 13 -11 -12 -13 -2
right_child=8 2 3 -5 -6 -7 7 -9 -10 10 11 12 -14 -15
leaf_value=0.012463159203996516 -0.13220919611731072 0.0023998882283507027 -0.40235553244101829 -0.053995184230854421 -0.52162987147573259 -0.12222414642407264 0.097563156383921254 0.41954692910901481 -0.0007099385703235241 0.47575501236378415 0.0091314617346666665 0.4479167431145944 -0.015214308174034206 0.014372020690855502
leaf_weight=50410 11463 110586 4406 76930 2638 11406 15682 1995 2477459 7482 28204 3957 3934 221182
leaf_count=50410 11463 110586 4406 76930 2638 11406 15682 1995 2477459 7482 28204 3957 3934 221182
internal_value=1.14311e-07 -0.019856 -0.0409873 -0.0912867 -0.246665 -0.200489 0.0440634 0.13412 0.00197632 0.0260688 0.127077 0.0546881 0.217297 0.00714414
internal_weight=3.02773e+06 274053 205966 95380 18450 15812 68087 17677 2.75368e+06 276222 43577 36095 7891 232645
internal_count=3027734 274053 205966 95380 18450 15812 68087 17677 2753681 276222 43577 36095 7891 232645
is_linear=0
shrinkage=0.02


Tree=233
num_leaves=15
num_cat=0
split_feature=7 19 7 7 20 4 19 7 8 19 7 4 7 23
split_gain=292379 833909 1.04491e+06 420255 2.27276e+06 2.29102e+06 1.08632e+06 1.93581e+06 1.14988e+06 1.13307e+06 1.07595e+06 1.9184e+06 1.68641e+06 1.12181e+06
threshold=10076.876464843752 10691.720703125002 10675.826171875002 10870.473144531252 10840.445312500002 -162.0950012207031 10916.593750000002 10920.012207031252 0.91940489411354076 10947.256835937502 10776.154296875002 -48.385000228881829 10749.717773437502 10803.663085937502
decision_type=2 2 2 2 2 2 2 2 2 2 2 2 2 2
left_child=-1 -2 -3 4 10 -6 8 9 -5 -8 11 12 -4 -12
right_child=1 2 3 6 5 -7 7 -9 -10 -11 13 -13 -14 -15
leaf_value=0.068807925441550136 -0.083208126429640303 0.30152344700608669 0.58515909301723368 -0.034652966035987796 0.74594334554053487 0.11195989304322071 0.073345548753763326 -0.0003532114437304689 -0.20984699258504061 0.43850622268334272 -0.13820257692572716 -0.0090896248976298985 0.096270944208511469 0.014557214440400007
leaf_weight=24492 48043 4604 4420 89899 2379 50203 7563 2642410 17975 6171 39141 44857 7791 37786
leaf_count=24492 48043 4604 4420 89899 2379 50203 7563 2642410 17975 6171 39141 44857 7791 37786
internal_value=1.27282e-07 -0.000561234 0.000782636 0.000312344 0.0293633 0.14078 -0.00164875 0.000878157 -0.0638624 0.237622 -0.0143658 0.0514286 0.273569 -0.0631756
internal_weight=3.02773e+06 3.00324e+06 2.9552e+06 2.9506e+06 186577 52582 2.76402e+06 2.65614e+06 107874 13734 133995 57068 12211 76927
internal_count=3027734 3003242 2955199 2950595 186577 52582 2764018 2656144 107874 13734 133995 57068 12211 76927
is_linear=0
shrinkage=0.02


Tree=234
num_leaves=15
num_cat=0
split_feature=1 8 20 23 22 0 0 20 21 23 22 8 20 21
split_gain=287161 589600 460309 791924 819070 639145 544255 811284 482753 409980 404288 397343 901124 1.72483e+06
threshold=94.123176574707045 0.89291974902153026 12200.195800781252 11521.122558593752 11374.948730468752 3527.5000000000005 1710.5000000000002 12358.885253906252 12683.233886718752 12213.621582031252 10773.062500000002 0.95309019088745128 12200.195800781252 12187.544433593752
decision_type=2 2 2 2 2 2 2 2 2 2 2 2 2 2
left_child=11 10 3 4 -3 -6 -4 9 -9 -8 -2 -1 -13 -14
right_child=1 2 6 -5 5 -7 7 8 -10 -11 -12 12 13 -15
leaf_value=0.0079288529836149795 0.055617643733543567 0.014984323295105855 -0.036421732629361186 -0.026862138384840271 0.09330651088267651 0.33471200335159212 0.15563908301088758 -0.031039989716471053 0.25738505255434774 0.38969550003282954 -0.019497990037858171 -0.03381036365324086 0.71434950819293275 0.047556145234249197
leaf_weight=1715818 29743 74183 10971 124165 20218 5598 7637 11403 2904 4940 781107 210795 1638 26614
leaf_count=1715818 29743 74183 10971 124165 20218 5598 7637 11403 2904 4940 781107 210795 1638 26614
internal_value=2.54508e-07 -0.00831386 0.0177675 0.00687241 0.048758 0.145764 0.0822654 0.130696 0.0276413 0.24781 -0.016742 0.00456324 -0.0195935 0.0864554
internal_weight=3.02773e+06 1.07287e+06 262019 224164 99999 25816 37855 26884 14307 12577 810850 1.95486e+06 239047 28252
internal_count=3027734 1072869 262019 224164 99999 25816 37855 26884 14307 12577 810850 1954865 239047 28252
is_linear=0
shrinkage=0.02


Tree=235
num_leaves=15
num_cat=0
split_feature=5 4 8 8 8 6 23 23 4 4 8 24 9 9
split_gain=287398 654440 654742 767297 406459 450217 468211 404347 332698 468347 371864 331014 300905 283439
threshold=0.072500001639127745 251.5299987792969 0.74141710996627819 0.95844322443008434 0.7692478895187379 112.04339981079103 10994.189941406252 12794.535156250002 251.5299987792969 199.84500122070315 0.71084371209144603 10944.772460937502 -0.72811940312385548 0.83586668968200695
decision_type=2 2 2 2 2 2 2 2 2 2 2 2 2 2
left_child=1 13 -3 4 11 7 -7 -6 9 12 -11 -4 -2 -1
right_child=8 2 3 -5 5 6 -8 -9 -10 10 -12 -13 -14 -15
leaf_value=-3.899271914040913e-05 0.1762432389632613 0.12129931649459579 -0.24403117332221841 0.48967364282319042 -0.018116116161913866 -0.68464052884895776 -0.016893447718291141 -0.3974938726562588 0.16371169147544273 0.41841775204918596 -0.18509451752582262 -0.66482037569290697 0.026135787523763609 -0.12238471180042526
leaf_weight=2917417 5794 3332 1748 617 5909 1148 660 1378 7437 430 5781 1323 67176 7584
leaf_count=2917417 5794 3332 1748 617 5909 1148 660 1378 7437 430 5781 1323 67176 7584
internal_value=3.7701e-07 -0.00105712 -0.128121 -0.19318 -0.228186 -0.160697 -0.442328 -0.0903071 0.0359041 0.0238804 -0.142704 -0.426885 0.0380775 -0.000356637
internal_weight=3.02773e+06 2.94112e+06 16115 12783 12166 9095 1808 7287 86618 79181 6211 3071 72970 2.925e+06
internal_count=3027734 2941116 16115 12783 12166 9095 1808 7287 86618 79181 6211 3071 72970 2925001
is_linear=0
shrinkage=0.02


Tree=236
num_leaves=15
num_cat=0
split_feature=19 8 21 21 7 22 21 7 22 8 8 24 7 7
split_gain=286653 552340 448968 399217 613184 1.30634e+06 859679 682077 1.03755e+06 689670 675408 630650 2.95904e+06 1.50206e+06
threshold=13255.445312500002 0.79485300183296215 12683.233886718752 12775.907714843752 12536.370117187502 12538.652832031252 12578.725097656252 12604.493164062502 12538.652832031252 -0.76678693294525135 -0.91849520802497853 12220.146484375002 12204.598144531252 12231.576171875002
decision_type=2 2 2 2 2 2 2 2 2 2 2 2 2 2
left_child=3 2 -2 4 5 11 7 9 -9 -6 -7 13 -13 -1
right_child=1 -3 -4 -5 6 10 -8 8 -10 -11 -12 12 -14 -15
leaf_value=-0.00079529046210637187 0.23281583032847447 -0.43691074334569729 -0.10804384291491767 0.053853242419559771 -0.16699607506069891 0.36231893928507752 -0.0072479141995958445 -0.62683217258362189 -0.00071858693208032298 -0.025940957504793825 0.096113448473072044 0.27461981462200818 0.010357295328977516 -0.19339935272742839
leaf_weight=2499160 1902 1650 8062 54826 21695 4834 154624 2291 1961 38400 17965 18644 185428 16292
leaf_count=2499160 1902 1650 8062 54826 21695 4834 154624 2291 1961 38400 17965 18644 185428 16292
internal_value=3.06974e-07 -0.0991275 -0.0428079 0.000382347 -0.000607796 0.00196394 -0.032814 -0.0942378 -0.338756 -0.0768832 0.152691 0.000699757 0.0345127 -0.00204351
internal_weight=3.02773e+06 11614 9964 3.01612e+06 2.96129e+06 2.74232e+06 218971 64347 4252 60095 22799 2.71952e+06 204072 2.51545e+06
internal_count=3027734 11614 9964 3016120 2961294 2742323 218971 64347 4252 60095 22799 2719524 204072 2515452
is_linear=0
shrinkage=0.02


Tree=237
num_leaves=15
num_cat=0
split_feature=17 20 20 4 9 21 19 4 9 9 22 4 9 9
split_gain=280173 282401 526322 716975 557545 505170 544485 815840 639182 604498 528937 482146 468830 447663
threshold=0.07457416877150537 12856.801269531252 12804.532714843752 147.03499603271487 -0.58503037691116322 12763.897949218752 12821.599609375002 -24.064999580383297 0.66389918327331554 -0.59070801734924305 12783.712402343752 41.18499946594239 0.74366798996925365 0.66079589724540722
decision_type=2 2 2 2 2 2 2 2 2 2 2 2 2 2
left_child=-1 2 5 12 -5 10 7 8 -7 11 -2 -9 13 -4
right_child=1 -3 3 4 -6 6 -8 9 -10 -11 -12 -13 -14 -15
leaf_value=0.078745652362103874 -0.00075077601052095421 0.096570449208866538 -0.0039193597016731318 0.2676567813000047 -0.45561788307308804 0.090264221456023017 -0.12881520388662568 -0.13706661341730345 0.37723208898197003 -0.027770877907968922 -0.2257300420199502 0.32875814933440844 0.35160571141690872 -0.21029635052154405
leaf_weight=17956 2929832 11938 12821 488 3071 6489 4820 1150 5958 17859 4176 3832 1098 6246
leaf_count=17956 2929832 11938 12821 488 3071 6489 4820 1150 5958 17859 4176 3832 1098 6246
internal_value=2.64843e-07 -0.000469775 -0.000856536 -0.0946654 -0.355967 -0.000107916 0.0703825 0.0976203 0.227821 0.026599 -0.00107177 0.221168 -0.0483928 -0.0716005
internal_weight=3.02773e+06 3.00978e+06 2.99784e+06 23724 3559 2.97412e+06 40108 35288 12447 22841 2.93401e+06 4982 20165 19067
internal_count=3027734 3009778 2997840 23724 3559 2974116 40108 35288 12447 22841 2934008 4982 20165 19067
is_linear=0
shrinkage=0.02


Tree=238
num_leaves=15
num_cat=0
split_feature=8 4 8 20 4 22 6 20 24 4 4 20 8 22
split_gain=285611 579502 447613 1.25023e+06 1.43572e+06 728584 542046 611908 733630 538704 576728 688742 1.97001e+06 591936
threshold=-0.95236524939537037 -272.63999938964838 -0.84785553812980641 12218.658691406252 -65.014999389648423 12371.583496093752 48.695661544799812 10881.174316406252 10906.544433593752 -207.2399978637695 -52.664999008178704 12038.100097656252 -0.91401654481887806 12053.564941406252
decision_type=2 2 2 2 2 2 2 2 2 2 2 2 2 2
left_child=1 -1 3 6 5 -5 -2 8 -8 -9 11 -11 -13 -14
right_child=2 -3 -4 4 -6 -7 7 9 -10 10 -12 12 13 -15
leaf_value=-0.42062398253882083 -0.1277252585483151 -0.016995955350361306 -0.00065407191393508787 0.37198554024383057 -0.01529724932362748 0.14412216526823099 0.090338529838439374 -0.082066712514776707 0.67785194935771698 0.020171180947367331 -0.035203543672430337 0.023395855682148296 0.68750314162201309 0.27317887773859162
leaf_weight=1420 11164 284704 2477459 8722 16652 15782 21838 25501 875 88152 56144 13753 2620 2948
leaf_count=1420 11164 284704 2477459 8722 16652 15782 21838 25501 875 88152 56144 13753 2620 2948
internal_value=2.85766e-07 -0.0190138 0.00198473 0.0267331 0.128001 0.225348 0.00803818 0.015199 0.113261 0.00341632 0.0167438 0.0438822 0.151996 0.469024
internal_weight=3.02773e+06 286124 2.74161e+06 264151 41156 24504 222995 211831 22713 189118 163617 107473 19321 5568
internal_count=3027734 286124 2741610 264151 41156 24504 222995 211831 22713 189118 163617 107473 19321 5568
is_linear=0
shrinkage=0.02


Tree=239
num_leaves=15
num_cat=0
split_feature=7 19 19 7 24 7 7 22 7 22 19 7 24 7
split_gain=287826 2.72143e+06 913641 909483 1.3715e+06 1.4329e+06 901925 3.14781e+06 1.12927e+06 1.51417e+06 1.39944e+06 1.01999e+06 932401 835828
threshold=11207.812011718752 11204.905761718752 11170.554199218752 11146.501953125002 11259.681152343752 11179.275390625002 11009.197265625002 11019.188964843752 10998.491210937502 11057.493164062502 11030.932128906252 11163.842285156252 10948.335449218752 11020.773925781252
decision_type=2 2 2 2 2 2 2 2 2 2 2 2 2 2
left_child=2 -2 6 -4 5 -5 8 12 -1 10 -10 -9 -8 -14
right_child=1 -3 3 4 -6 -7 7 11 9 -11 -12 -13 13 -15
leaf_value=0.0047690639387372004 -0.11614170365125205 0.00037794322728455841 -0.090881541868533269 0.15951818722709837 0.43731039182661924 0.024043552088161148 -0.59358847109919999 0.047127991524983204 0.079069115061378703 -0.50213724378779501 0.38825650697024922 -0.043550871216955028 -0.035814820597459995 -0.20962900930790365
leaf_weight=630371 83943 1783473 18934 37612 3652 183820 1998 101750 25413 1477 7602 96826 16279 34584
leaf_count=630371 83943 1783473 18934 37612 3652 183820 1998 101750 25413 1477 7602 96826 16279 34584
internal_value=3.85078e-07 -0.00486036 0.00782327 0.0422128 0.0534123 0.0470613 -0.00133529 -0.0336007 0.0108671 0.12228 0.150359 0.00291275 -0.170741 -0.154017
internal_weight=3.02773e+06 1.86742e+06 1.16032e+06 244018 225084 221432 916300 251437 664863 34492 33015 198576 52861 50863
internal_count=3027734 1867416 1160318 244018 225084 221432 916300 251437 664863 34492 33015 198576 52861 50863
is_linear=0
shrinkage=0.02


Tree=240
num_leaves=15
num_cat=0
split_feature=5 4 9 9 20 20 20 7 20 4 19 9 9 21
split_gain=281324 492848 554111 670680 462154 734564 466105 398119 952341 402707 323889 370793 304731 304082
threshold=0.082499999552965178 251.5299987792969 -0.2852825373411178 -0.67379364371299733 10923.714843750002 10993.040039062502 10966.634765625002 10994.341796875002 10993.040039062502 142.96500396728518 12795.811035156252 -0.63350945711135853 -0.88159248232841481 12775.907714843752
decision_type=2 2 2 2 2 2 2 2 2 2 2 2 2 2
left_child=1 13 3 -3 -5 6 -6 8 9 -2 11 -7 -9 -1
right_child=7 2 -4 4 5 10 -8 12 -10 -11 -12 -13 -14 -15
leaf_value=-0.00096814236587110974 -0.046573294064226341 0.086744009910651274 0.48009853366079136 0.052658794239660314 -0.26946518532199348 -0.73340443346235529 -0.68385575646628127 0.43284064098972841 0.75244710779950486 0.20575443669403182 -0.38327059101302619 0.0062040699946372757 0.0039201437412536245 0.045920323625326824
leaf_weight=2912091 4450 4459 617 2419 2533 278 1921 668 960 5844 1378 4627 29103 56386
leaf_count=2912091 4450 4459 617 2419 2533 278 1921 668 960 5844 1378 4627 29103 56386
internal_value=3.47569e-07 -0.00071423 -0.104352 -0.125086 -0.196895 -0.253117 -0.449327 0.0520111 0.153289 0.0967342 -0.113528 -0.0371174 0.013687 -7.7341e-05
internal_weight=3.02773e+06 2.98671e+06 18232 17615 13156 10737 4454 41025 11254 10294 6283 4905 29771 2.96848e+06
internal_count=3027734 2986709 18232 17615 13156 10737 4454 41025 11254 10294 6283 4905 29771 2968477
is_linear=0
shrinkage=0.02


Tree=241
num_leaves=15
num_cat=0
split_feature=7 21 7 19 7 23 8 7 19 20 9 8 7 7
split_gain=280151 1.98715e+06 1.36122e+06 824241 2.24529e+06 703029 684369 1.28914e+06 766801 743902 783282 635606 1.11508e+06 921647
threshold=10972.324707031252 10975.580078125002 11009.197265625002 10947.256835937502 10920.012207031252 10989.740234375002 0.94590127468109142 10870.473144531252 10825.143554687502 10875.420898437502 -0.25251799821853632 0.67130485177040111 10944.537597656252 10937.421875000002
decision_type=2 2 2 2 2 2 2 2 2 2 2 2 2 2
left_child=3 2 5 6 -5 -2 -1 8 -8 -9 -11 -6 13 -13
right_child=1 -3 -4 4 11 -7 7 9 -10 10 -12 12 -14 -15
leaf_value=0.007224701223374869 -0.055267818837401617 -0.00015285696068934943 -0.2901803223080936 0.42952785139538491 0.092945362637419648 -0.8747810125689135 -0.17162220882020673 -0.34352274284151113 0.15073604662472218 -0.26079528779389899 0.042718227386462332 0.033451392938063249 -0.053861464463833414 0.31908376341279004
leaf_weight=399637 41984 2409814 14114 6171 50105 413 4091 7506 10526 6245 7449 15030 48196 6453
leaf_count=399637 41984 2409814 14114 6171 50105 413 4091 7506 10526 6245 7449 15030 48196 6453
internal_value=3.37523e-07 -0.00290223 -0.120123 0.0127515 0.0578082 -0.0634558 -0.000282167 -0.0840211 0.0604575 -0.183619 -0.0957837 0.0386236 -0.000445672 0.119358
internal_weight=3.02773e+06 2.46632e+06 56511 561409 125955 42397 435454 35817 14617 21200 13694 119784 69679 21483
internal_count=3027734 2466325 56511 561409 125955 42397 435454 35817 14617 21200 13694 119784 69679 21483
is_linear=0
shrinkage=0.02


Tree=242
num_leaves=15
num_cat=0
split_feature=0 8 0 20 22 6 9 8 20 0 8 22 20 24
split_gain=277290 288068 530809 694235 1.10226e+06 990532 491696 442120 1.30261e+06 873397 889985 1.39325e+06 883709 727697
threshold=8211.0000000000018 -0.95236524939537037 2104.5000000000005 11348.455566406252 11353.165527343752 102.47880935668947 0.22540952265262607 -0.84785553812980641 12038.100097656252 1122.5000000000002 -0.90941885113716114 12053.564941406252 12133.305175781252 12165.727539062502
decision_type=2 2 2 2 2 2 2 2 2 2 2 2 2 2
left_child=1 2 -1 5 -5 -4 -7 8 -3 -10 12 -12 -11 -14
right_child=-2 7 3 4 -6 6 -8 -9 9 10 11 -13 13 -15
leaf_value=0.010887179322102454 -0.097850633261504782 -0.0016039542108493229 -0.025471856260310267 -0.39292888188485764 -0.053778407894379272 0.1538412907750156 0.54289473496598328 -0.00024334418492742105 -0.030652198204195555 -0.016350616665303852 0.69958148025920941 0.17240996647251483 0.72148651614140835 0.14348579548647986
leaf_weight=131184 11530 184916 22218 3949 120983 6147 1643 2468688 16839 18015 2569 9067 889 29097
leaf_count=131184 11530 184916 22218 3949 120983 6147 1643 2468688 16839 18015 2569 9067 889 29097
internal_value=2.66135e-07 0.000374649 -0.0187173 -0.0437819 -0.0645294 0.0425884 0.23649 0.00237563 0.0271094 0.0965286 0.132439 0.289302 0.0943604 0.160857
internal_weight=3.02773e+06 3.0162e+06 286124 154940 124932 30008 7790 2.73008e+06 261392 76476 59637 11636 48001 29986
internal_count=3027734 3016204 286124 154940 124932 30008 7790 2730080 261392 76476 59637 11636 48001 29986
is_linear=0
shrinkage=0.02


Tree=243
num_leaves=15
num_cat=0
split_feature=1 8 20 23 24 0 23 24 0 20 21 23 23 24
split_gain=276455 611818 518654 777620 858682 745582 633158 914940 626967 492282 429843 418817 410553 406192
threshold=91.962383270263686 0.89291974902153026 12200.195800781252 11521.122558593752 11374.575683593752 3925.5000000000005 12309.626464843752 12275.170898437502 3352.5000000000005 12214.590332031252 12683.233886718752 12209.487792968752 11605.034667968752 10773.125488281252
decision_type=2 2 2 2 2 2 2 2 2 2 2 2 2 2
left_child=-1 13 3 4 -3 -6 7 8 -4 -10 -8 -11 -5 -2
right_child=1 2 6 12 5 -7 10 -9 9 11 -12 -13 -14 -15
leaf_value=0.00487369490980041 0.051445312106769302 0.010774777651154489 -0.014410152901605064 -0.29750004949850323 0.091487690185996812 0.35670894247560692 -0.030455320746872721 0.42617220545537371 0.49893576828828423 0.020139084975944199 0.19171897923700601 0.40461401408233599 -0.021511580660003495 -0.018271136147951533
leaf_weight=1834709 34756 79467 9348 2182 26032 5058 19359 4149 2001 3878 4237 1592 131616 869350
leaf_count=1834709 34756 79467 9348 2182 26032 5058 19359 4149 2001 3878 4237 1592 131616 869350
internal_value=3.81145e-07 -0.00749407 0.0178415 0.00639644 0.0456439 0.134738 0.0805814 0.160525 0.0947782 0.231238 0.00950273 0.132575 -0.0260345 -0.0155905
internal_weight=3.02773e+06 1.19302e+06 288919 244355 110557 31090 44564 20968 16819 7471 23596 5470 133798 904106
internal_count=3027734 1193025 288919 244355 110557 31090 44564 20968 16819 7471 23596 5470 133798 904106
is_linear=0
shrinkage=0.02


Tree=244
num_leaves=15
num_cat=0
split_feature=10 17 16 19 0 19 8 21 17 0 24 21 25 0
split_gain=273836 366431 712608 323758 252031 225636 318944 250114 238017 323448 441589 352946 411757 306672
threshold=4.5000000000000009 0.65521517395973217 9.9000000953674334 12514.861816406252 966.50000000000011 13255.445312500002 0.80688521265983593 12683.233886718752 0.28808471560478216 3265.5000000000005 12182.797851562502 12361.747070312502 0.022645785473287109 5806.5000000000009
decision_type=2 2 2 2 2 2 2 2 2 2 2 2 2 2
left_child=1 5 3 4 -3 8 7 -7 9 -1 -11 12 -12 -14
right_child=-2 2 -4 -5 -6 6 -8 -9 -10 10 11 -13 13 -15
leaf_value=0.0046532910440822261 -0.007388534877272146 0.0072632588143875191 -0.064018511700043274 -0.023154276054242095 0.11072955970659122 0.22397753819600857 -0.42973629682214898 -0.11256024798177708 -0.00027269920689866243 0.026483010195305367 -0.22280911794098668 0.05406401091332428 0.20657346256918757 0.54631453834363808
leaf_weight=214491 1206655 11639 19384 11869 49361 1062 1049 5017 1400409 84721 785 12078 7991 1223
leaf_count=214491 1206655 11639 19384 11869 49361 1062 1049 5017 1400409 84721 785 12078 7991 1223
internal_value=4.84683e-07 0.00489651 0.0437314 0.0723993 0.0909926 0.00282396 -0.10939 -0.0534926 0.00328918 0.018814 0.0472508 0.126899 0.214733 0.252214
internal_weight=3.02773e+06 1.82108e+06 92253 72869 61000 1.72883e+06 7128 6079 1.7217e+06 321289 106798 22077 9999 9214
internal_count=3027734 1821079 92253 72869 61000 1728826 7128 6079 1721698 321289 106798 22077 9999 9214
is_linear=0
shrinkage=0.02


Tree=245
num_leaves=15
num_cat=0
split_feature=7 19 7 0 20 7 9 21 7 7 24 7 0 8
split_gain=280607 1.574e+06 1.20478e+06 844082 804804 2.66921e+06 1.58322e+06 953920 1.55335e+06 1.50058e+06 1.34901e+06 1.25875e+06 1.10551e+06 910069
threshold=11198.858398437502 11195.943359375002 11209.234375000002 1357.5000000000002 11033.328613281252 11020.773925781252 -0.65224117040634144 10975.580078125002 10944.537597656252 10937.421875000002 10990.481933593752 10977.015136718752 3950.5000000000005 0.88256284594535839
decision_type=2 2 2 2 2 2 2 2 2 2 2 2 2 2
left_child=4 2 -2 -4 5 7 -7 10 9 -9 11 12 -1 -8
right_child=1 -3 3 -5 -6 6 13 8 -10 -11 -12 -13 -14 -15
leaf_value=-0.010944856185209973 -0.016913037876305964 -0.00020517313862112869 0.019936970022379274 -0.19163722570980912 0.031970986896240242 0.010446313056890517 -0.28138991265205354 0.075835312051286366 0.03858285189669327 0.59559319845373104 -0.80039690755702586 -0.1189052002690857 0.057899523134429594 -0.038454955372344606
leaf_weight=396102 57358 1842046 9293 39989 372490 17671 25709 4844 92296 4100 839 34839 122039 8119
leaf_count=396102 57358 1842046 9293 39989 372490 17671 25709 4844 92296 4100 839 34839 122039 8119
internal_value=4.96132e-07 -0.00453024 -0.079232 -0.151745 0.00818267 -0.00435853 -0.142984 0.00654183 0.0629873 0.314498 -0.00377751 -0.00255436 0.00527099 -0.223113
internal_weight=3.02773e+06 1.94869e+06 106640 49282 1.07905e+06 706558 51499 655059 101240 8944 553819 552980 518141 33828
internal_count=3027734 1948686 106640 49282 1079048 706558 51499 655059 101240 8944 553819 552980 518141 33828
is_linear=0
shrinkage=0.02


Tree=246
num_leaves=15
num_cat=0
split_feature=20 20 25 0 21 22 24 0 22 0 20 8 21 25
split_gain=267227 523678 559345 517649 470592 496704 466767 522496 428297 518550 664094 575720 339134 331753
threshold=12856.801269531252 12804.532714843752 0.059733385220170028 1710.5000000000002 12763.897949218752 12783.712402343752 12748.951660156252 3098.5000000000005 12797.974121093752 1024.5000000000002 12782.183105468752 0.83815535902977001 12738.983398437502 0.052884176373481757
decision_type=2 2 2 2 2 2 2 2 2 2 2 2 2 2
left_child=1 4 6 -2 5 -1 12 -8 9 -6 -11 -12 -3 -5
right_child=3 2 -4 13 8 -7 7 -9 -10 10 11 -13 -14 -15
leaf_value=-0.00024846007665385751 -0.25057965210550709 0.047905354577231982 -0.29719534696757466 0.26691970736145099 -0.047900478540615125 -0.21826396653209526 -0.035035794488230146 0.29776986762357438 -0.086707157930314013 0.045251599675414832 0.33788018365045275 0.040897323714580984 -0.24962012933844308 0.040567593033322573
leaf_weight=2947362 1510 2104 4396 4783 7793 4176 9390 2351 6064 14346 8426 3786 5602 5645
leaf_count=2947362 1510 2104 4396 4783 7793 4176 9390 2351 6064 14346 8426 3786 5602 5645
internal_value=4.44409e-07 -0.000373535 -0.0937132 0.0943986 0.000370597 -0.000557666 -0.0475859 0.0317997 0.0681462 0.0955004 0.137582 0.245919 -0.168426 0.144546
internal_weight=3.02773e+06 3.0158e+06 23843 11938 2.99195e+06 2.95154e+06 19447 11741 40415 34351 26558 12212 7706 10428
internal_count=3027734 3015796 23843 11938 2991953 2951538 19447 11741 40415 34351 26558 12212 7706 10428
is_linear=0
shrinkage=0.02


Tree=247
num_leaves=15
num_cat=0
split_feature=9 7 20 7 24 23 7 22 4 24 20 20 20 4
split_gain=273296 420422 394921 279885 1.24143e+06 1.15306e+06 802747 1.29399e+06 858856 726912 858327 713141 662880 612512
threshold=0.83586668968200695 11517.458007812502 11526.333984375002 12536.370117187502 12538.128417968752 12603.684570312502 12676.238281250002 12693.498535156252 -180.52500152587888 12731.313964843752 12792.859863281252 12804.532714843752 12535.166015625002 140.95500183105472
decision_type=2 2 2 2 2 2 2 2 2 2 2 2 2 2
left_child=3 -2 -3 4 -1 -5 7 -7 -8 10 -10 -9 -6 -12
right_child=1 2 -4 5 12 6 8 11 9 -11 13 -13 -14 -15
leaf_value=0.0010052993368491387 0.078095813384405854 -0.59143903312135915 -0.14070660249361047 -0.081408471947971503 0.41687304816469578 0.020861095405271878 0.66081266753006573 0.38610114081630803 -0.051662917819758181 0.010457982576009748 -0.17773371687780848 0.063718507574013095 0.10484768043727416 -0.62418244144411217
leaf_weight=2710920 2738 966 3880 82827 3129 38587 737 7113 41331 104384 4228 4473 20690 1731
leaf_count=2710920 2738 966 3880 82827 3129 38587 737 7113 41331 104384 4228 4473 20690 1731
internal_value=4.28115e-07 -0.11983 -0.231593 0.00030174 0.00226867 -0.0185443 0.00716057 0.0765411 -0.0156826 -0.0190132 -0.0840544 0.261803 0.145996 -0.308252
internal_weight=3.02773e+06 7584 4846 3.02015e+06 2.73474e+06 285411 202584 50173 152411 151674 47290 11586 23819 5959
internal_count=3027734 7584 4846 3020150 2734739 285411 202584 50173 152411 151674 47290 11586 23819 5959
is_linear=0
shrinkage=0.02


Tree=248
num_leaves=15
num_cat=0
split_feature=7 24 7 7 24 7 24 7 8 21 8 7 24 8
split_gain=270485 436444 988808 354069 1.9784e+06 896090 782554 1.34594e+06 1.20151e+06 944349 936134 781837 705015 656008
threshold=10056.264648437502 10682.977050781252 10675.826171875002 10882.938476562502 10877.429199218752 10839.885253906252 10924.394042968752 10924.305664062502 0.91719016432762157 10869.195312500002 0.98273006081581127 10974.912109375002 10848.885253906252 0.69195944070816051
decision_type=2 2 2 2 2 2 2 2 2 2 2 2 2 2
left_child=-1 -2 -3 4 -4 -6 8 -8 11 -10 -11 12 -5 -13
right_child=1 2 3 6 5 -7 7 -9 9 10 -12 13 -14 -15
leaf_value=0.093901420681342551 -0.053453284391900564 0.29326582932169787 0.0043951397900076619 0.1227073482408949 0.49702811388748658 0.15026481768483255 0.1948137193653682 -0.00036714772501414433 -0.49621101593732958 -0.34627329259489537 0.048799822456271465 0.0054720687929162319 -0.033076695493885783 -0.32440094735578451
leaf_weight=12211 60720 4604 177148 13465 3599 17242 14199 2616478 3792 4259 5472 3946 84410 6189
leaf_count=12211 60720 4604 177148 13465 3599 17242 14199 2616478 3792 4259 5472 3946 84410 6189
internal_value=4.24807e-07 -0.00038012 0.000710683 0.00025313 0.0260851 0.210357 -0.00160525 0.000687064 -0.0512204 -0.228871 -0.124289 -0.028959 -0.0116344 -0.196086
internal_weight=3.02773e+06 3.01552e+06 2.9548e+06 2.9502e+06 197989 20841 2.75221e+06 2.63068e+06 121533 13523 9731 108010 97875 10135
internal_count=3027734 3015523 2954803 2950199 197989 20841 2752210 2630677 121533 13523 9731 108010 97875 10135
is_linear=0
shrinkage=0.02


Tree=249
num_leaves=15
num_cat=0
split_feature=5 4 9 9 20 19 20 19 9 9 19 4 4 0
split_gain=268941 323330 515903 617890 601793 729788 377887 321689 365031 292382 463495 307893 421609 321135
threshold=0.092500001192092909 251.5299987792969 -0.6710444688796996 -0.2852825373411178 10923.714843750002 10992.606933593752 10966.634765625002 12795.811035156252 -0.63350945711135853 -0.67629325389862049 10805.821289062502 251.5299987792969 175.504997253418 3459.5000000000005
decision_type=2 2 2 2 2 2 2 2 2 2 2 2 2 2
left_child=1 -1 -3 4 -4 6 -6 8 -7 10 -2 12 -11 -14
right_child=9 2 3 -5 5 7 -8 -9 -10 11 -12 -13 13 -15
leaf_value=4.9590239938853817e-05 -0.4989499784997628 0.086774953849183434 0.098921920975084898 0.47047975357639737 -0.27001752653865163 -0.71934095329708525 -0.63970930837691131 -0.3707796103260359 0.013478250132575378 0.045715006723896633 0.25109380910505219 0.22669063258017375 0.2233535112453108 -0.3550014236273083
leaf_weight=2988416 344 5315 2644 617 2577 278 1964 1378 4855 9403 4915 2536 466 2026
leaf_count=2988416 344 5315 2644 617 2577 278 1964 1378 4855 9403 4915 2536 466 2026
internal_value=4.26936e-07 -0.000481946 -0.0813696 -0.143827 -0.171826 -0.23663 -0.430969 -0.100635 -0.0275284 0.0736564 0.201175 0.0270773 -0.015633 -0.246382
internal_weight=3.02773e+06 3.00804e+06 19628 14313 13696 11052 4541 6511 5133 19690 5259 14431 11895 2492
internal_count=3027734 3008044 19628 14313 13696 11052 4541 6511 5133 19690 5259 14431 11895 2492
is_linear=0
shrinkage=0.02


Tree=250
num_leaves=15
num_cat=0
split_feature=7 19 19 7 24 7 7 24 9 7 24 21 7 0
split_gain=268666 2.52382e+06 867166 881203 1.31685e+06 1.36932e+06 817256 2.80051e+06 1.21284e+06 1.08074e+06 1.45294e+06 1.34195e+06 853893 758934
threshold=11207.812011718752 11204.905761718752 11170.554199218752 11146.501953125002 11259.681152343752 11179.275390625002 11009.197265625002 11016.034667968752 -0.65512093901634205 10998.491210937502 11056.573242187502 11017.984375000002 11163.842285156252 2836.5000000000005
decision_type=2 2 2 2 2 2 2 2 2 2 2 2 2 2
left_child=2 -2 6 -4 5 -5 9 8 -8 -1 11 -11 -9 -10
right_child=1 -3 3 4 -6 -7 7 12 13 10 -12 -13 -14 -15
leaf_value=0.0042857277803983948 -0.1118607074516563 0.00034868342089869033 -0.089946880932371784 0.1557963365042227 0.42825727073694436 0.023361356410530117 0.016997781220047307 0.038979648100893952 -0.12636564363167671 0.046730541581184046 -0.49241609048747181 0.30930233750754782 -0.042952225336575327 -0.30891844915996414
leaf_weight=630371 83943 1783473 18934 37612 3652 183820 10684 107207 16873 20447 1477 12568 96826 19847
leaf_count=630371 83943 1783473 18934 37612 3652 183820 10684 107207 16873 20447 1477 12568 96826 19847
internal_value=3.23722e-07 -0.00469585 0.00755834 0.0410618 0.0520858 0.0458626 -0.00136423 -0.0320779 -0.170537 0.0102513 0.119244 0.146749 9.77208e-05 -0.225092
internal_weight=3.02773e+06 1.86742e+06 1.16032e+06 244018 225084 221432 916300 251437 47404 664863 34492 33015 204033 36720
internal_count=3027734 1867416 1160318 244018 225084 221432 916300 251437 47404 664863 34492 33015 204033 36720
is_linear=0
shrinkage=0.02


Tree=251
num_leaves=15
num_cat=0
split_feature=1 8 20 23 0 20 19 25 19 8 9 21 1 22
split_gain=270024 537399 419687 729263 508881 720445 449985 408038 435508 378871 868197 2.43441e+06 1.05633e+06 807003
threshold=94.123176574707045 0.89291974902153026 12200.195800781252 11918.223632812502 1868.5000000000002 12358.885253906252 12542.398437500002 0.087102096527814879 11923.381347656252 0.95309019088745128 0.16236701607704165 11585.397949218752 38.546798706054695 10870.824218750002
decision_type=2 2 2 2 2 2 2 2 2 2 2 2 2 2
left_child=9 -2 3 -3 -4 -6 -7 8 -5 -1 13 12 -12 -11
right_child=1 2 4 7 5 6 -8 -9 -10 10 11 -13 -14 -15
leaf_value=0.0077114976636280053 -0.016108288388918229 0.026097063266859146 -0.029090102805140454 -0.20228808450465985 0.24203205038847223 -0.083528233103532412 0.14414781102190258 -0.48673882757533682 -0.029272706004589193 -0.17356731916021761 0.74817234404948585 -0.40848821571271587 -0.033837290964025775 0.004568198834481927
leaf_weight=1715818 810850 172822 12016 6703 11969 6939 6931 870 43769 10714 704 8397 21379 197853
leaf_count=1715818 810850 172822 12016 6703 11969 6939 6931 870 43769 10714 704 8397 21379 197853
internal_value=3.07713e-07 -0.00806192 0.0168382 0.00643486 0.0784243 0.128415 0.0302646 -0.0597418 -0.0522862 0.00442505 -0.0191635 -0.118849 -0.00857877 -0.00459034
internal_weight=3.02773e+06 1.07287e+06 262019 224164 37855 25839 13870 51342 50472 1.95486e+06 239047 30480 22083 208567
internal_count=3027734 1072869 262019 224164 37855 25839 13870 51342 50472 1954865 239047 30480 22083 208567
is_linear=0
shrinkage=0.02


Tree=252
num_leaves=15
num_cat=0
split_feature=8 7 19 0 19 7 20 7 9 23 7 0 7 7
split_gain=265599 924900 1.00521e+06 734989 718512 678192 558918 889950 551156 485949 606063 545315 911532 438498
threshold=-0.95236524939537037 11366.160644531252 11357.248535156252 2067.5000000000005 12259.304199218752 12204.598144531252 11416.383300781252 11423.904785156252 0.055054564028978355 10981.493652343752 10907.572265625002 1710.5000000000002 11034.000000000002 11409.887207031252
decision_type=2 2 2 2 2 2 2 2 2 2 2 2 2 2
left_child=1 9 -3 -4 5 6 7 -5 -8 10 -1 -11 -13 -10
right_child=-2 2 3 4 -6 -7 8 -9 13 11 -12 12 -14 -15
leaf_value=0.044292681356168047 0.0019139466519627123 -0.30570158895908167 0.0082474167267814844 -0.11738589273120031 0.026619550295122956 -0.25702814359879372 0.010949961515671149 -0.61236161593046268 0.14942748593354369 -0.0069178076406683801 -0.16374683880719121 0.48523700049686586 0.098650138789483768 -0.18383934063871948
leaf_weight=16069 2741610 5504 96794 28482 25360 9164 33787 1522 1814 17571 8586 2674 26944 11853
leaf_count=16069 2741610 5504 96794 28482 25360 9164 33787 1522 1814 17571 8586 2674 26944 11853
internal_value=2.81858e-07 -0.0183356 -0.0391565 -0.0321151 -0.0670011 -0.0944102 -0.0751401 -0.142691 -0.032408 0.0437607 -0.0281924 0.0813528 0.133705 -0.139527
internal_weight=3.02773e+06 286124 214280 208776 111982 86622 77458 30004 47454 71844 24655 47189 29618 13667
internal_count=3027734 286124 214280 208776 111982 86622 77458 30004 47454 71844 24655 47189 29618 13667
is_linear=0
shrinkage=0.02


Tree=253
num_leaves=15
num_cat=0
split_feature=7 22 22 9 9 4 22 21 21 7 4 7 22 7
split_gain=263916 6.21334e+06 2.51596e+06 1.62403e+06 1.21314e+06 1.06698e+06 839198 794508 1.07421e+06 726366 701215 824996 653505 594283
threshold=12035.626464843752 12038.165527343752 12070.042480468752 0.3954309225082398 0.56790637969970714 -170.77500152587888 12053.564941406252 12154.277832031252 12423.949707031252 12049.832519531252 -272.63999938964838 11429.357910156252 12725.063964843752 12204.598144531252
decision_type=2 2 2 2 2 2 2 2 2 2 2 2 2 2
left_child=1 10 4 6 -2 7 -3 -4 -9 -6 11 -1 -10 -7
right_child=2 3 5 -5 9 13 -8 8 12 -11 -12 -13 -14 -15
leaf_value=-0.11506959548070088 -0.088166945831131271 0.14149360337444558 -0.04040994537346336 0.64965874894717501 -0.11458479296832026 0.027752239671944685 0.42704695848454016 0.34841979336646889 0.0068869854151856393 -0.59728875261042214 0.00091279498568457463 -0.76767451363402761 0.46346394009265113 -0.012903756444997534
leaf_weight=7424 92657 11744 8745 4981 2099 197190 6343 9208 10559 3083 2140201 856 1413 531231
leaf_count=7424 92657 11744 8745 4981 2099 197190 6343 9208 10559 3083 2140201 856 1413 531231
internal_value=2.21954e-07 0.00370791 -0.00940354 0.330125 -0.104848 0.00291156 0.241817 0.119935 0.186129 -0.402368 0.000201677 -0.183384 0.0611182 -0.00189756
internal_weight=3.02773e+06 2.17155e+06 856185 23068 97839 758346 18087 29925 21180 5182 2.14848e+06 8280 11972 728421
internal_count=3027734 2171549 856185 23068 97839 758346 18087 29925 21180 5182 2148481 8280 11972 728421
is_linear=0
shrinkage=0.02


Tree=254
num_leaves=15
num_cat=0
split_feature=5 4 25 4 25 21 20 4 22 4 19 21 19 4
split_gain=261795 529290 372753 395588 319678 306987 473212 559105 450389 391607 890004 399109 369938 401102
threshold=0.072500001639127745 251.5299987792969 0.055948659777641303 61.375000000000007 0.076639883220195784 12775.907714843752 12792.859863281252 175.504997253418 12783.712402343752 -97.145000457763658 13255.445312500002 12817.810058593752 12821.599609375002 -29.835000038146969
decision_type=2 2 2 2 2 2 2 2 2 2 2 2 2 2
left_child=1 5 -2 -4 -3 6 8 -8 -1 10 -7 12 13 -11
right_child=2 4 3 -5 -6 9 7 -9 -10 11 -12 -13 -14 -15
leaf_value=-0.00053152032431441534 0.0074434730720876275 -0.056676585082112992 -0.092413409258423423 0.13088004101393649 -0.25075419542947996 0.43434225744713245 -0.098952099207517658 -0.65622572242841581 -0.19960849323039312 0.20980324765808611 -0.023684086656850713 -0.051087981713891159 -0.23609160242496427 0.041349427537052438
leaf_weight=2857272 61092 11259 3706 21820 4856 3147 7202 791 4543 7590 3667 17174 1504 22111
leaf_count=2857272 61092 11259 3706 21820 4856 3147 7202 791 4543 7590 3667 17174 1504 22111
internal_value=2.39275e-07 -0.00100906 0.0342674 0.0984368 -0.115279 -0.0003791 -0.00127773 -0.154854 -0.000848249 0.0463375 0.188176 0.0263249 0.0689333 0.0844541
internal_weight=3.02773e+06 2.94112e+06 86618 25526 16115 2.925e+06 2.86981e+06 7993 2.86182e+06 55193 6814 48379 31205 29701
internal_count=3027734 2941116 86618 25526 16115 2925001 2869808 7993 2861815 55193 6814 48379 31205 29701
is_linear=0
shrinkage=0.02


Tree=255
num_leaves=15
num_cat=0
split_feature=7 19 7 7 8 8 20 7 19 7 0 19 7 19
split_gain=263853 787208 948381 378101 1.26284e+06 1.19788e+06 972383 1.7489e+06 1.04292e+06 1.14271e+06 1.04896e+06 1.03845e+06 1.71352e+06 1.0552e+06
threshold=10076.876464843752 10691.720703125002 10675.826171875002 10764.450683593752 0.64190164208412182 -0.78692561388015736 10807.995117187502 10861.943847656252 10847.391601562502 10839.885253906252 3661.5000000000005 10916.593750000002 10920.012207031252 10950.445312500002
decision_type=2 2 2 2 2 2 2 2 2 2 2 2 2 2
left_child=-1 -2 -3 4 5 -4 -5 8 -8 10 -10 -9 13 -13
right_child=1 2 3 6 -6 -7 7 11 9 -11 -12 12 -14 -15
leaf_value=0.065365261256630558 -0.080832443533937134 0.28728487474654485 -0.020334001521196427 -0.080954419122282573 -0.015269274236241708 0.35315785305591052 0.036994951663103896 -0.061914878101905088 0.78408614662998644 0.12357284272041394 0.23604135517467636 0.081658428740554428 -0.00025793429260195403 0.43728400505880627
leaf_weight=24492 48043 4604 5544 58959 30561 9014 50210 109568 2151 24202 3991 8489 2642410 5496
leaf_count=24492 48043 4604 5544 58959 30561 9014 50210 109568 2151 24202 3991 8489 2642410 5496
internal_value=1.78076e-07 -0.000533096 0.000772602 0.00032456 0.0577705 0.211006 -0.000567704 0.00109759 0.0929535 0.185504 0.428939 -0.00157787 0.000911055 0.221631
internal_weight=3.02773e+06 3.00324e+06 2.9552e+06 2.9506e+06 45119 14558 2.90548e+06 2.84652e+06 80554 30344 6142 2.76596e+06 2.6564e+06 13985
internal_count=3027734 3003242 2955199 2950595 45119 14558 2905476 2846517 80554 30344 6142 2765963 2656395 13985
is_linear=0
shrinkage=0.02


Tree=256
num_leaves=15
num_cat=0
split_feature=9 7 21 7 23 24 7 24 9 4 21 24 23 9
split_gain=263238 403842 447293 269827 6.21693e+06 2.43378e+06 1.48975e+06 1.4337e+06 1.06406e+06 1.04021e+06 815665 1.03291e+06 743624 709906
threshold=0.83586668968200695 11517.458007812502 11526.360351562502 12035.626464843752 12044.050781250002 12047.247070312502 12059.342285156252 12065.646972656252 0.44821128249168402 -170.77500152587888 12154.277832031252 12430.107910156252 12733.312011718752 0.55642431974411022
decision_type=2 2 2 2 2 2 2 2 2 2 2 2 2 2
left_child=3 -2 -3 4 -1 6 -5 8 -6 10 -7 -12 -13 -8
right_child=1 2 -4 5 7 9 13 -9 -10 -11 11 12 -14 -15
leaf_value=0.00093071478315601868 0.076379713514888203 -0.57245526168277816 -0.12002427794670691 -0.05626454064014607 0.19608143890167593 -0.042489947571391816 -0.22972118153931953 0.67989989737428991 0.69429971385108735 -0.0051656519332353998 0.34145819658018128 0.0074213170823707441 0.53444883374429941 -0.57980902736626783
leaf_weight=2145734 2738 1137 3709 31556 11697 9265 17526 4531 2003 773990 9216 10785 1179 2668
leaf_count=2145734 2738 1137 3709 31556 11697 9265 17526 4531 2003 773990 9216 10785 1179 2668
internal_value=3.1652e-07 -0.117604 -0.227141 0.000296032 0.00405629 -0.00920775 -0.142141 0.371724 0.269378 -0.000654368 0.113997 0.18244 0.0597622 -0.276239
internal_weight=3.02773e+06 7584 4846 3.02015e+06 2.16396e+06 856185 51750 18231 13700 804435 30445 21180 11964 20194
internal_count=3027734 7584 4846 3020150 2163965 856185 51750 18231 13700 804435 30445 21180 11964 20194
is_linear=0
shrinkage=0.02


Tree=257
num_leaves=15
num_cat=0
split_feature=10 7 24 7 7 8 4 6 25 25 4 4 7 24
split_gain=258808 303473 950950 1.92503e+06 944302 884666 758090 805903 702589 538463 706390 462801 462608 2.04773e+06
threshold=6.0999999046325692 12531.875976562502 12220.146484375002 12204.598144531252 12219.598144531252 0.91719016432762157 107.93500137329103 62.633737564086921 0.067420803010463728 0.021833055652678016 133.91500091552737 -272.63999938964838 12042.010742187502 12055.346191406252
decision_type=2 2 2 2 2 2 2 2 2 2 2 2 2 2
left_child=1 2 4 5 11 -4 -5 -8 -3 10 -9 -1 13 -13
right_child=-2 8 3 6 -6 -7 7 9 -10 -11 -12 12 -14 -15
leaf_value=-0.16913689902535523 -0.0078806161946443718 -0.0043255761420829238 0.39150736204190462 0.0098505044145834851 -0.17106470993850781 0.069933557344601938 -0.21595457443424873 0.084030137297158108 -0.11663170354980479 0.23374602004599127 -0.85551139923242414 0.0067026467246809112 -0.024622655751450714 0.31545340911087399
leaf_weight=6142 1074982 159899 9324 101762 12409 5411 2151 1382 25880 14962 406 1414079 190310 8635
leaf_count=6142 1074982 159899 9324 101762 12409 5411 2151 1382 25880 14962 406 1414079 190310 8635
internal_value=3.71292e-07 0.00433885 0.00689541 0.0578255 0.00266859 0.273548 0.0314615 0.147746 -0.019976 0.194554 -0.132871 0.00400111 0.00466143 0.00857879
internal_weight=3.02773e+06 1.95275e+06 1.76697e+06 135398 1.63158e+06 14735 120663 18901 185779 16750 1788 1.61917e+06 1.61302e+06 1.42271e+06
internal_count=3027734 1952752 1766973 135398 1631575 14735 120663 18901 185779 16750 1788 1619166 1613024 1422714
is_linear=0
shrinkage=0.02


Tree=258
num_leaves=15
num_cat=0
split_feature=1 8 7 24 20 7 8 7 20 7 19 8 8 19
split_gain=254553 507029 714755 2.63175e+06 802480 866227 578287 557863 592589 432963 1.89435e+06 655759 609857 1.57478e+06
threshold=94.123176574707045 0.89291974902153026 11368.682128906252 11374.575683593752 12200.195800781252 12183.135253906252 0.9509047567844392 11340.234863281252 11412.229980468752 11209.234375000002 11206.406738281252 0.85705029964447033 -0.92638325691223133 11002.951660156252
decision_type=2 2 2 2 2 2 2 2 2 2 2 2 2 2
left_child=-1 9 3 -3 -4 -6 -7 -5 -9 11 -11 12 13 -2
right_child=1 2 4 7 5 6 -8 8 -10 10 -12 -13 -14 -15
leaf_value=0.0042964472016323533 -0.032631773954041494 0.026259155298261783 -0.026300868554933996 0.70761037901336066 0.60646485714556198 0.10987246680077606 -0.065938945301559415 0.20781885606356473 0.64938996996283538 -0.19618119777858087 -0.01917552519660649 -0.21774410571058242 -0.0054879342902770566 0.29614294677249164
leaf_weight=1954865 14728 69130 146478 1826 1187 26202 10466 5140 1590 26058 334878 5584 419971 9631
leaf_count=1954865 14728 69130 146478 1826 1187 26202 10466 5140 1590 26058 334878 5584 419971 9631
internal_value=3.33617e-07 -0.00782752 0.0163587 0.0672375 -0.00508618 0.0769877 0.0596865 0.397911 0.312954 -0.0156432 -0.0319597 -0.00255315 0.000156004 0.0974257
internal_weight=3.02773e+06 1.07287e+06 262019 77686 184333 37855 36668 8556 6730 810850 360936 449914 444330 24359
internal_count=3027734 1072869 262019 77686 184333 37855 36668 8556 6730 810850 360936 449914 444330 24359
is_linear=0
shrinkage=0.02


Tree=259
num_leaves=15
num_cat=0
split_feature=8 7 19 25 4 22 4 7 7 4 19 7 24 23
split_gain=256252 871235 932613 520485 495319 491034 658284 668945 531108 677111 484686 385525 1.14192e+06 1.06119e+06
threshold=-0.95236524939537037 11364.200683593752 11357.248535156252 0.050157560035586364 -115.31499862670897 10989.144042968752 -63.56500053405761 11034.000000000002 10899.808593750002 -170.77500152587888 12259.304199218752 12536.370117187502 12538.128417968752 12603.684570312502
decision_type=2 2 2 2 2 2 2 2 2 2 2 2 2 2
left_child=1 5 -3 4 -4 8 7 -7 9 -1 -5 12 -2 -13
right_child=11 2 3 10 -6 6 -8 -9 -10 -11 -12 13 -14 -15
leaf_value=0.74100553825823934 0.0029502524619118746 -0.29024165475303204 -0.10697336340250573 -0.13842669915069591 -0.0025140336591800479 0.41901582507073221 -0.014045953343708851 0.10913916329451238 -0.13475132473498222 0.024499685404295386 0.0098899186198016919 -0.081367563812732177 0.14215316786442192 0.0062695935652181522
leaf_weight=538 2462664 5686 20673 29375 148696 3147 16800 23905 10536 14181 12587 80937 23790 174219
leaf_count=538 2462664 5686 20673 29375 148696 3147 16800 23905 10536 14181 12587 80937 23790 174219
internal_value=4.61978e-07 -0.0180099 -0.0377037 -0.0308955 -0.0152699 0.0438309 0.0842821 0.14533 -0.0264121 0.0511756 -0.0939451 0.00188015 0.0042827 -0.0215315
internal_weight=3.02773e+06 286124 217017 211331 169369 69107 43852 27052 25255 14719 41962 2.74161e+06 2.48645e+06 255156
internal_count=3027734 286124 217017 211331 169369 69107 43852 27052 25255 14719 41962 2741610 2486454 255156
is_linear=0
shrinkage=0.02


Tree=260
num_leaves=15
num_cat=0
split_feature=5 7 19 25 8 5 4 7 25 22 7 22 4 19
split_gain=252123 512864 494839 300164 414116 384730 333929 401998 643632 358069 875419 687436 297419 271955
threshold=0.092500001192092909 10994.341796875002 10966.269531250002 0.082290872931480422 0.99974182248115551 -0.10749999806284903 251.5299987792969 11009.197265625002 0.099403224885463728 12256.953613281252 12517.894042968752 11889.412597656252 142.96500396728518 12548.306640625002
decision_type=2 2 2 2 2 2 2 2 2 2 2 2 2 2
left_child=3 2 12 -1 5 -5 9 8 -8 11 -11 -7 -2 -12
right_child=1 -3 -4 4 -6 6 7 -9 -10 10 13 -13 -14 -15
leaf_value=0.00093719340128523444 -0.086534084343431683 0.0019542896313565856 0.56467897535090728 -0.68344472260764944 0.3198514550414801 -0.020554029902361399 0.68066028471609841 -0.46313655494002043 -0.17497339461086209 0.24600320144682966 -0.15865268378760206 -0.16795657591999091 0.24093926176110395 0.019940901437373534
leaf_weight=2866538 1684 13475 1314 352 1339 96794 392 1515 2802 6373 4646 14550 3217 12743
leaf_count=2866538 1684 13475 1314 352 1339 96794 392 1515 2802 6373 4646 14550 3217 12743
internal_value=4.98098e-07 0.0713163 0.221455 -0.000466548 -0.0289008 -0.0322552 -0.0305668 -0.195949 -0.0681585 -0.0247883 0.045678 -0.0398296 0.128467 -0.0278384
internal_weight=3.02773e+06 19690 6215 3.00804e+06 141506 140167 139815 4709 3194 135106 23762 111344 4901 17389
internal_count=3027734 19690 6215 3008044 141506 140167 139815 4709 3194 135106 23762 111344 4901 17389
is_linear=0
shrinkage=0.02


Tree=261
num_leaves=15
num_cat=0
split_feature=20 20 4 8 21 23 4 20 22 21 8 4 4 24
split_gain=250736 466022 603000 491773 434646 459932 843981 458628 458304 432568 372817 550810 359574 355304
threshold=12856.801269531252 12804.532714843752 147.03499603271487 0.8110111951828004 12763.897949218752 12758.112792968752 -24.064999580383297 12782.183105468752 12783.712402343752 12800.455078125002 -0.66467538475990284 -34.104999542236321 -60.31500053405761 12759.672851562502
decision_type=2 2 2 2 2 2 2 2 2 2 2 2 2 2
left_child=1 4 10 -4 8 6 7 -6 -1 -7 -3 -12 -2 -8
right_child=12 2 3 -5 5 9 13 -9 -10 -11 11 -13 -14 -15
leaf_value=-0.000254865754183473 0.23563550102569525 -0.13586754231438794 0.25745386698159828 -0.42175054286757446 0.14978865965769056 0.055303374282077301 -0.12769219614454666 0.45639776985459923 -0.20967345892181605 -0.15253333692608492 0.61170554547119138 -0.00032119770979758801 0.0079425922492429284 0.20921501344551885
leaf_weight=2947362 4371 9682 488 3071 4140 21857 4008 3707 4176 4894 615 9987 7567 1809
leaf_count=2947362 4371 9682 488 3071 4140 21857 4008 3707 4176 4894 615 9987 7567 1809
internal_value=5.09262e-07 -0.000361747 -0.0884134 -0.328154 0.000340227 0.0654759 0.159834 0.295033 -0.000551879 0.0172369 -0.0462069 0.0357223 0.0914396 -0.0227364
internal_weight=3.02773e+06 3.0158e+06 23843 3559 2.99195e+06 40415 13664 7847 2.95154e+06 26751 20284 10602 11938 5817
internal_count=3027734 3015796 23843 3559 2991953 40415 13664 7847 2951538 26751 20284 10602 11938 5817
is_linear=0
shrinkage=0.02


Tree=262
num_leaves=15
num_cat=0
split_feature=9 7 4 0 8 7 0 23 7 23 4 6 4 9
split_gain=253385 387838 353299 359842 253160 836542 933495 1.15267e+06 639079 504524 456322 449201 438861 470816
threshold=0.83586668968200695 11517.458007812502 -87.805000305175767 588.50000000000011 -0.95236524939537037 11366.160644531252 2086.5000000000005 11400.749023437502 11419.622558593752 11358.832031250002 -272.63999938964838 101.87153244018556 -80.374999999999986 0.22540952265262607
decision_type=2 2 2 2 2 2 2 2 2 2 2 2 2 2
left_child=4 -2 -3 -4 5 11 -7 8 9 -8 -9 -1 13 -13
right_child=1 2 3 -5 -6 6 7 10 -10 -11 -12 12 -14 -15
leaf_value=0.012098319870665711 0.074719490987923826 -0.058151774583845926 0.027666915882469147 -0.54376162458379451 0.0021639390459316202 0.0080796226005010983 -0.34206580352302035 -0.42188940593389118 -0.49358554756636963 -0.10729288019292677 -0.03972106570943356 0.1416719872905334 -0.0093088455338766855 0.47917680892912634
leaf_weight=53447 2738 2519 588 1739 2734026 97957 4846 1257 2682 14957 92581 10165 6263 1969
leaf_count=53447 2738 2519 588 1739 2734026 97957 4846 1257 2682 14957 92581 10165 6263 1969
internal_value=5.60855e-07 -0.115382 -0.222727 -0.399861 0.00029069 -0.0176083 -0.0374097 -0.0757144 -0.204299 -0.164889 -0.044885 0.0414475 0.126659 0.19679
internal_weight=3.02773e+06 7584 4846 2327 3.02015e+06 286124 214280 116323 22485 19803 93838 71844 18397 12134
internal_count=3027734 7584 4846 2327 3020150 286124 214280 116323 22485 19803 93838 71844 18397 12134
is_linear=0
shrinkage=0.02


Tree=263
num_leaves=15
num_cat=0
split_feature=7 19 7 7 9 6 20 7 21 19 7 19 24 20
split_gain=251583 758022 911080 363831 2.95081e+06 816064 675052 1.66428e+06 1.02099e+06 997467 1.64199e+06 1.01157e+06 859210 686211
threshold=10076.876464843752 10691.720703125002 10675.826171875002 10749.717773437502 0.59719622135162365 90.036033630371108 10807.995117187502 10861.943847656252 10876.217773437502 10916.593750000002 10920.012207031252 10950.445312500002 10755.613769531252 10891.320800781252
decision_type=2 2 2 2 2 2 2 2 2 2 2 2 2 2
left_child=-1 -2 -3 4 5 -4 12 8 -8 -9 11 -11 -5 -10
right_child=1 2 3 6 -6 -7 7 9 13 10 -12 -13 -14 -15
leaf_value=0.063827673873138896 -0.079317001430551509 0.28158240867648854 -0.083581505412420598 0.076187252573515898 0.50116034956624833 0.15419340703332327 0.062852772017079478 -0.060658049730405152 0.35172888235441541 0.079931329264524925 -0.00022867812478151052 0.42812776790925733 -0.096794668016511168 -0.052864870346654831
leaf_weight=24492 48043 4604 20069 14424 5242 8094 69887 109568 8587 8489 2642410 5496 56249 2080
leaf_count=24492 48043 4604 20069 14424 5242 8094 69887 109568 8587 8489 2642410 5496 56249 2080
internal_value=4.65477e-07 -0.000520261 0.000761003 0.00032186 0.0659418 -0.0152142 -0.000429776 0.00108627 0.0906924 -0.00152367 0.000915653 0.216979 -0.0614839 0.272858
internal_weight=3.02773e+06 3.00324e+06 2.9552e+06 2.9506e+06 33405 28163 2.91719e+06 2.84652e+06 80554 2.76596e+06 2.6564e+06 13985 70673 10667
internal_count=3027734 3003242 2955199 2950595 33405 28163 2917190 2846517 80554 2765963 2656395 13985 70673 10667
is_linear=0
shrinkage=0.02


Tree=264
num_leaves=15
num_cat=0
split_feature=17 16 3 24 20 19 4 0 4 4 19 14 4 4
split_gain=248433 245938 276897 320743 663808 456296 441943 404889 395590 389970 376935 321148 309593 299533
threshold=0.07457416877150537 -22.100000381469723 4.6790268421173105 12275.170898437502 12358.885253906252 12295.004882812502 -225.29000091552732 1611.5000000000002 -24.064999580383297 -139.92499542236325 13255.445312500002 0.86258685588836681 28.775000572204593 -35.51499938964843
decision_type=2 2 2 2 2 2 2 2 2 2 2 2 2 2
left_child=-1 -2 -3 6 5 8 -4 -7 9 -5 13 -8 -12 -6
right_child=1 2 3 4 10 7 11 -9 -10 -11 12 -13 -14 -15
leaf_value=0.074151569320698746 0.021092047644009747 0.0034771686128940954 -0.10381433705260917 0.46187003258171433 0.05952084853725137 0.019348652415084752 -0.011822950319539526 0.3043942058692285 0.097453309836453395 -0.46864081349957831 -0.062984933882319571 0.13568890204242151 -0.40860741827437969 -0.01070659893151807
leaf_weight=17956 198166 1606248 20915 208 35919 2770 1048078 7113 3408 1066 3483 5927 1469 75008
leaf_count=17956 198166 1606248 20915 208 35919 2770 1048078 7113 3408 1066 3483 5927 1469 75008
internal_value=5.63857e-07 -0.000442051 -0.00195988 -0.00920518 0.0204096 0.14762 -0.0127992 0.224604 -0.0150116 -0.314291 0.00440888 -0.0109921 -0.166134 0.0120367
internal_weight=3.02773e+06 3.00978e+06 2.81161e+06 1.20536e+06 130444 14565 1.07492e+06 9883 4682 1274 115879 1.054e+06 4952 110927
internal_count=3027734 3009778 2811612 1205364 130444 14565 1074920 9883 4682 1274 115879 1054005 4952 110927
is_linear=0
shrinkage=0.02


Tree=265
num_leaves=15
num_cat=0
split_feature=10 14 7 22 14 9 7 7 7 7 20 9 7 9
split_gain=244090 382763 416976 247072 244123 585298 261732 519394 238306 353612 540309 435545 493864 776155
threshold=4.5000000000000009 0.78832399845123302 11985.407226562502 12047.095214843752 0.72429552674293529 -0.62652868032455433 10944.537597656252 10937.421875000002 12763.913085937502 12776.904785156252 12824.381835937502 -0.51523202657699574 12789.770507812502 -0.40450462698936457
decision_type=2 2 2 2 2 2 2 2 2 2 2 2 2 2
left_child=1 8 3 -3 -2 6 7 -6 -1 10 -10 -11 13 -13
right_child=4 2 -4 -5 5 -7 -8 -9 9 11 -12 12 -14 -15
leaf_value=0.004295795171072472 -0.0045489956557829055 0.093191188827751167 -0.033354065040394072 0.5454842846213922 0.067451325693436481 -0.063731498466035333 0.026026340051901634 0.58255934732631443 -0.14905413547759749 -0.1359736465162566 0.36116274453691133 0.022646588782406166 -0.0070748696941257353 0.55436254702396259
leaf_weight=1732970 1124823 32149 13148 481 2576 68681 9458 1117 14556 6966 871 2836 15319 1783
leaf_count=1732970 1124823 32149 13148 481 2576 68681 9458 1117 14556 6966 871 2836 15319 1783
internal_value=5.60122e-07 0.00462302 0.0617169 0.100024 -0.0069756 -0.0403256 0.0818654 0.224411 0.00315044 -0.0437282 -0.120031 5.20697e-05 0.0476225 0.228655
internal_weight=3.02773e+06 1.82108e+06 45778 32630 1.20666e+06 81832 13151 3693 1.7753e+06 42331 15427 26904 19938 4619
internal_count=3027734 1821079 45778 32630 1206655 81832 13151 3693 1775301 42331 15427 26904 19938 4619
is_linear=0
shrinkage=0.02


Tree=266
num_leaves=15
num_cat=0
split_feature=1 8 20 23 22 0 23 0 23 20 21 23 8 9
split_gain=244294 524330 462805 693315 894491 747725 582003 831216 499012 475854 395185 392934 391571 851110
threshold=91.962383270263686 0.89291974902153026 12200.195800781252 11521.122558593752 11374.948730468752 3547.5000000000005 12309.626464843752 1650.5000000000002 12284.904785156252 12214.590332031252 12683.233886718752 11605.034667968752 0.9509047567844392 0.16236701607704165
decision_type=2 2 2 2 2 2 2 2 2 2 2 2 2 2
left_child=12 -2 3 4 -3 -6 7 -4 9 -9 -8 -5 -1 -14
right_child=1 2 6 11 5 -7 10 8 -10 -11 -12 -13 13 -15
leaf_value=0.0080763207862687043 -0.014539605529298418 0.0079365464162818693 -0.048007676932879932 -0.29060060228561868 0.084439133081649007 0.32986720143208687 -0.030783090336980453 0.44509424790471586 0.58071480201287584 0.13735317877481829 0.18224593957607602 -0.020599148475358823 -0.0050065996367108555 -0.11975724128742156
leaf_weight=1605106 904106 80558 5936 2182 23725 6274 19359 2449 1468 11115 4237 131616 199918 29685
leaf_count=1605106 904106 80558 5936 2182 23725 6274 19359 2449 1468 11115 4237 131616 199918 29685
internal_value=6.72273e-07 -0.00704437 0.0164099 0.00559859 0.0426576 0.135862 0.0756756 0.152322 0.231411 0.193205 0.00752948 -0.0250239 0.00458176 -0.0198472
internal_weight=3.02773e+06 1.19302e+06 288919 244355 110557 29999 44564 20968 15032 13564 23596 133798 1.83471e+06 229603
internal_count=3027734 1193025 288919 244355 110557 29999 44564 20968 15032 13564 23596 133798 1834709 229603
is_linear=0
shrinkage=0.02


Tree=267
num_leaves=15
num_cat=0
split_feature=9 7 21 7 23 24 7 24 4 9 21 24 23 9
split_gain=243658 372283 413235 257209 5.90134e+06 2.30896e+06 1.41912e+06 1.37057e+06 988598 822653 751420 954550 708042 682651
threshold=0.83586668968200695 11517.458007812502 11526.360351562502 12035.626464843752 12044.050781250002 12047.247070312502 12059.342285156252 12088.156250000002 -170.77500152587888 0.44821128249168402 12154.277832031252 12430.107910156252 12733.312011718752 0.55642431974411022
decision_type=2 2 2 2 2 2 2 2 2 2 2 2 2 2
left_child=3 -2 -3 4 -1 6 -5 9 10 -6 -7 -12 -13 -8
right_child=1 2 -4 5 7 8 13 -9 -10 -11 11 12 -14 -15
leaf_value=0.0009113221151662653 0.073105003085113474 -0.5502228799069977 -0.11535725244958256 -0.054657345796555845 0.24763366641472384 -0.039090883887914006 -0.22373908938415399 0.85842279524795961 -0.005060441647453744 0.68014199154091548 0.32966852833585941 0.0077922332184212377 0.52205673674157527 -0.56703550156414551
leaf_weight=2145734 2738 1137 3709 31556 14251 9265 17526 1977 773990 2003 9216 10785 1179 2668
leaf_count=2145734 2738 1137 3709 31556 14251 9265 17526 1977 773990 2003 9216 10785 1179 2668
internal_value=7.41159e-07 -0.113145 -0.218315 0.000285247 0.00395653 -0.00899366 -0.138473 0.362171 -0.000662501 0.301319 0.111109 0.176801 0.0588661 -0.269354
internal_weight=3.02773e+06 7584 4846 3.02015e+06 2.16396e+06 856185 51750 18231 804435 16254 30445 21180 11964 20194
internal_count=3027734 7584 4846 3020150 2163965 856185 51750 18231 804435 16254 30445 21180 11964 20194
is_linear=0
shrinkage=0.02


Tree=268
num_leaves=15
num_cat=0
split_feature=5 4 8 8 0 8 8 0 25 4 25 0 20 0
split_gain=242322 487767 564666 659025 364428 382834 334994 489667 425151 332266 996129 492494 355369 320373
threshold=0.072500001639127745 251.5299987792969 0.74141710996627819 0.95844322443008434 4972.5000000000009 0.68684327602386486 0.7692478895187379 5583.5000000000009 0.046873332932591445 163.21500396728518 0.013025080785155298 3638.5000000000005 10960.048828125002 6900.5000000000009
decision_type=2 2 2 2 2 2 2 2 2 2 2 2 2 2
left_child=1 -1 -3 6 5 -2 -4 8 -8 11 -11 -7 -12 -6
right_child=4 2 3 -5 13 9 7 -9 -10 10 12 -13 -14 -15
leaf_value=-0.00036548869462648591 0.1625838713011212 0.12094695013561545 -0.38391517084436499 0.46171683474210656 0.16835211206331743 0.0028332878398400936 -0.59920557487048098 0.001630077816809995 -0.16716054419890622 -0.90772369303888656 0.17754314897722151 0.18246090126919209 -0.099847405343652454 -0.36539487029788859
leaf_weight=2925001 6660 3332 3071 617 9897 49627 1274 4639 3182 556 2245 6952 10219 462
leaf_count=2925001 6660 3332 3071 617 9897 49627 1274 4639 3182 556 2245 6952 10219 462
internal_value=8.03267e-07 -0.000970233 -0.110667 -0.171088 0.0329689 0.0178399 -0.203535 -0.142271 -0.291755 0.00396756 -0.0870876 0.0249333 -0.0497803 0.144216
internal_weight=3.02773e+06 2.94112e+06 16115 12783 86618 76259 12166 9095 4456 69599 13020 56579 12464 10359
internal_count=3027734 2941116 16115 12783 86618 76259 12166 9095 4456 69599 13020 56579 12464 10359
is_linear=0
shrinkage=0.02


Tree=269
num_leaves=15
num_cat=0
split_feature=7 20 7 7 21 7 21 23 25 1 7 4 23 4
split_gain=241794 430418 445278 270076 1.75878e+06 1.21286e+06 735957 880135 821638 1.01335e+06 853341 770228 657468 624574
threshold=10056.264648437502 10078.169921875002 10093.199218750002 10972.324707031252 10975.580078125002 11009.197265625002 10975.580078125002 10978.472656250002 0.066102392971515669 88.792270660400405 10944.537597656252 119.83499908447267 10989.740234375002 118.29500198364259
decision_type=2 2 2 2 2 2 2 2 2 2 2 2 2 2
left_child=-1 2 -2 6 5 12 7 13 9 10 -8 -10 -5 -3
right_child=1 3 -4 4 -6 -7 8 -9 11 -11 -12 -13 -14 -15
leaf_value=0.088781940063397596 -0.086160599598029894 -0.0035960563560605389 -0.5871590431172905 -0.051531477337855368 -7.3120296250129142e-05 -0.2734623431997924 0.51299537970999931 -0.42806329278735555 0.036468828204269055 0.066968384126428804 0.14782256921038323 -0.31622113650106065 -0.84404144900346767 0.057523893146055612
leaf_weight=12211 12203 397831 744 41984 2409814 14114 4188 1860 8666 33277 6591 3457 413 80381
leaf_count=12211 12203 397831 744 41984 2409814 14114 4188 1860 8666 33277 6591 3457 413 80381
internal_value=7.04926e-07 -0.000359091 -0.115383 0.000137264 -0.00265969 -0.11294 0.0130009 0.00498504 0.0814859 0.121603 0.29005 -0.0642805 -0.0594492 0.00667833
internal_weight=3.02773e+06 3.01552e+06 12947 3.00258e+06 2.46632e+06 56511 536251 480072 56179 44056 10779 12123 42397 478212
internal_count=3027734 3015523 12947 3002576 2466325 56511 536251 480072 56179 44056 10779 12123 42397 478212
is_linear=0
shrinkage=0.02


Tree=270
num_leaves=15
num_cat=0
split_feature=13 14 17 4 16 17 9 9 16 14 14 4 22 0
split_gain=238223 469701 266839 585602 496487 348827 349596 305797 278506 277702 246346 217249 203299 340231
threshold=-8.7000002861022931 0.69171008467674266 0.43681931495666509 -126.02499771118163 2.1000000238418584 0.64196550846099865 -0.51523202657699574 -0.72811940312385548 10.700000286102297 0.62381190061569225 0.78035530447959911 -249.54499816894528 12224.837890625002 5104.5000000000009
decision_type=2 2 2 2 2 2 2 2 2 2 2 2 2 2
left_child=1 -1 8 9 5 -5 10 -6 -2 -4 -7 -11 -10 -14
right_child=2 -3 3 4 7 6 -8 -9 12 11 -12 -13 13 -15
leaf_value=0.0030241083900644067 -0.0050069473677502932 0.045892189736619474 -0.032676725880032273 0.0059643229140496816 0.091529179241028727 0.13009404776400132 0.036273215252502412 -0.024462711193999166 0.0082284039558191743 -0.26728800321430246 0.39209275613839611 -0.090273546960269888 0.029245392221046145 0.16698325910659229
leaf_weight=781420 927195 117619 51449 226744 9314 6553 22147 365104 409708 3029 1836 32202 65365 8049
leaf_count=781420 927195 117619 51449 226744 9314 6553 22147 365104 409708 3029 1836 32202 65365 8049
internal_value=5.79347e-07 0.0086329 -0.00364523 -0.0135667 -0.00687724 0.0145121 0.0779597 -0.0215749 0.00140855 -0.0623109 0.187836 -0.105565 0.0137209 0.0443677
internal_weight=3.02773e+06 899039 2.1287e+06 718378 631698 257280 30536 374418 1.41032e+06 86680 8389 35231 483122 73414
internal_count=3027734 899039 2128695 718378 631698 257280 30536 374418 1410317 86680 8389 35231 483122 73414
is_linear=0
shrinkage=0.02


Tree=271
num_leaves=15
num_cat=0
split_feature=7 24 7 19 7 7 22 4 7 24 7 22 7 22
split_gain=239241 1.46347e+06 1.34365e+06 702062 902726 1.11927e+06 735022 835885 622230 609210 559018 2.91581e+06 1.00185e+06 1.38137e+06
threshold=11198.858398437502 11186.147949218752 11230.407226562502 11170.554199218752 11146.501953125002 11173.239746093752 11259.499023437502 -26.785000801086422 10994.341796875002 11094.895996093752 11009.197265625002 11019.188964843752 10998.491210937502 11057.493164062502
decision_type=2 2 2 2 2 2 2 2 2 2 2 2 2 2
left_child=3 2 9 10 8 -6 7 -7 -5 -2 12 -12 -1 -14
right_child=1 -3 -4 4 5 6 -8 -9 -10 -11 11 -13 13 -15
leaf_value=0.00375451042085933 0.38472620067311952 -0.00069619618621438858 -0.33041534345951884 -0.012861099273258765 0.17878758067811626 0.11549361052420894 0.35789282122087912 0.00097682100695487798 -0.26314115703642194 -0.068886158076901627 -0.15699267811108089 0.012353457818248443 0.14125755066915738 -0.4819653223598252
leaf_weight=630371 1196 1872902 8294 13272 25864 33793 2765 103747 5662 66294 52861 176221 33015 1477
leaf_count=630371 1196 1872902 8294 13272 25864 33793 2765 103747 5662 66294 52861 176221 33015 1477
internal_value=6.00623e-07 -0.00418287 -0.0903398 0.00755565 0.043007 0.0579167 0.035624 0.0291196 -0.087805 -0.0607915 0.000214577 -0.0267285 0.00949824 0.114438
internal_weight=3.02773e+06 1.94869e+06 75784 1.07905e+06 185103 166169 140305 137540 18934 67490 893945 229082 664863 34492
internal_count=3027734 1948686 75784 1079048 185103 166169 140305 137540 18934 67490 893945 229082 664863 34492
is_linear=0
shrinkage=0.02


Tree=272
num_leaves=15
num_cat=0
split_feature=20 20 4 8 21 24 8 4 4 25 4 25 4 24
split_gain=236777 445024 574201 470668 417762 417295 357904 524492 339657 331861 570018 437241 623879 661420
threshold=12856.801269531252 12804.532714843752 147.03499603271487 0.8110111951828004 12763.897949218752 12781.143066406252 -0.66467538475990284 -34.104999542236321 -60.31500053405761 0.071099493652582182 -97.145000457763658 0.053304767236113555 -49.784999847412102 12796.993164062502
decision_type=2 2 2 2 2 2 2 2 2 2 2 2 2 2
left_child=1 4 6 -4 5 -1 -3 -8 -2 10 -6 -12 -13 -14
right_child=8 2 3 -5 9 -7 7 -9 -10 -11 11 12 13 -15
leaf_value=-0.0002566637906424762 0.22900356111611811 -0.13305926033746088 0.25255283773184778 -0.41190916019923812 0.39059328615292571 -0.20008632691646827 0.59711811676025395 -0.00010827797706031831 0.0077062290791747598 -0.12946480749794501 0.029363421611797339 -0.21910481858231257 0.4037362292085005 -0.29310179028541422
leaf_weight=2947362 4371 9682 488 3071 2228 4176 615 9987 7567 3246 29038 1063 4222 618
leaf_count=2947362 4371 9682 488 3071 2228 4176 615 9987 7567 3246 29038 1063 4222 618
internal_value=5.80707e-07 -0.000351447 -0.0863965 -0.320342 0.000334529 -0.000540078 -0.0452101 0.0350637 0.0888579 0.0641925 0.0811356 0.0612965 0.218063 0.314335
internal_weight=3.02773e+06 3.0158e+06 23843 3559 2.99195e+06 2.95154e+06 20284 10602 11938 40415 37169 34941 5903 4840
internal_count=3027734 3015796 23843 3559 2991953 2951538 20284 10602 11938 40415 37169 34941 5903 4840
is_linear=0
shrinkage=0.02


Tree=273
num_leaves=15
num_cat=0
split_feature=5 25 8 5 23 20 9 4 4 9 22 9 8 4
split_gain=234640 277417 513231 377460 401285 583800 493175 438956 359177 354006 307755 291228 548534 362327
threshold=0.092500001192092909 0.085163068026304259 0.99974182248115551 -0.10249999910593031 12239.953613281252 12083.154296875002 0.55642431974411022 139.23500061035159 -185.68499755859372 0.44821128249168402 12706.658203125002 -0.72811940312385548 -0.65938973426818837 25.464999198913578
decision_type=2 2 2 2 2 2 2 2 2 2 2 2 2 2
left_child=1 11 3 -3 5 9 10 -7 -8 -5 -6 12 -1 -14
right_child=-2 2 -4 4 6 7 8 -9 -10 -11 -12 -13 13 -15
leaf_value=0.36869933215796946 0.068799281550948055 -0.62628117207880618 0.44534162442021902 -0.055350608497758504 0.15005081065415532 -0.12945637461106008 0.069056821316352809 -0.4892595664543834 -0.42554239294605872 0.04150097752966371 -0.027718497657575836 -0.00018445284454652773 -0.050246925740192107 0.060079949092388403
leaf_weight=1990 19690 419 890 71405 11198 5167 1010 1835 1385 19134 5966 2824530 15914 47201
leaf_count=1990 19690 419 890 71405 11198 5167 1010 1835 1385 19134 5966 2824530 15914 47201
internal_value=6.03374e-07 -0.000449958 -0.0304529 -0.034094 -0.0319216 -0.0485005 0.0507389 -0.224315 -0.217536 -0.03488 0.088279 0.000779572 0.042597 0.0322579
internal_weight=3.02773e+06 3.00804e+06 118409 117519 117100 97541 19559 7002 2395 90539 17164 2.88964e+06 65105 63115
internal_count=3027734 3008044 118409 117519 117100 97541 19559 7002 2395 90539 17164 2889635 65105 63115
is_linear=0
shrinkage=0.02


Tree=274
num_leaves=15
num_cat=0
split_feature=17 9 4 1 8 20 23 22 4 23 24 4 20 24
split_gain=233717 231595 283728 231357 483202 431278 672797 857256 584680 574272 848752 937874 488247 506285
threshold=0.07457416877150537 0.83586668968200695 -117.41500091552733 91.962383270263686 0.89291974902153026 12200.195800781252 11521.122558593752 11374.948730468752 145.004997253418 12309.626464843752 12275.170898437502 119.83499908447267 12214.590332031252 12202.089355468752
decision_type=2 2 2 2 2 2 2 2 2 2 2 2 2 2
left_child=-1 3 -3 -2 -5 6 7 -6 -9 10 11 -7 -13 -14
right_child=1 2 -4 4 5 9 -8 8 -10 -11 -12 12 13 -15
leaf_value=0.071921784622941271 0.0043438516879131294 0.12693842442231207 -0.17349424654075507 -0.014214634905216069 0.0076111731982752371 -0.015294109698481762 -0.025194041548683457 0.10492686424774088 0.4122529803538475 0.0045519547008750199 0.40487412457400745 0.62254930541565368 -0.40472175999941579 0.27695216417807067
leaf_weight=17956 1813946 1582 6002 900762 80517 11540 132862 27239 2716 23214 4147 1420 492 3339
leaf_count=17956 1813946 1582 6002 900762 80517 11540 132862 27239 2716 23214 4147 1420 492 3339
internal_value=5.51372e-07 -0.000428754 -0.110738 -0.000149722 -0.00700948 0.0155656 0.00512976 0.0415986 0.132921 0.0730659 0.148988 0.0855854 0.306898 0.188577
internal_weight=3.02773e+06 3.00978e+06 7584 3.00219e+06 1.18825e+06 287486 243334 110472 29955 44152 20938 16791 5251 3831
internal_count=3027734 3009778 7584 3002194 1188248 287486 243334 110472 29955 44152 20938 16791 5251 3831
is_linear=0
shrinkage=0.02


Tree=275
num_leaves=15
num_cat=0
split_feature=16 3 4 19 19 19 20 23 8 8 14 4 19 1
split_gain=232051 237466 296178 389095 295614 329950 637176 460442 325259 316636 278658 277181 253080 432834
threshold=-23.100000381469723 4.6334125995635995 -225.29000091552732 12115.164062500002 13255.445312500002 12295.004882812502 12358.885253906252 12176.888183593752 -0.92389282584190358 0.80688521265983593 0.86258685588836681 -49.784999847412102 10711.793457031252 50.032596588134773
decision_type=2 2 2 2 2 2 2 2 2 2 2 2 2 2
left_child=-1 12 3 -3 5 10 7 -7 11 -6 -4 -8 13 -2
right_child=1 2 4 -5 9 6 8 -9 -10 -11 -12 -13 -14 -15
leaf_value=0.024557032147040185 -0.13393574747439776 -0.1073890662137756 -0.0099957458086330463 0.14167718622164072 -0.053185637635654218 -0.058498130797267907 0.13183425561780485 0.21850267953020475 -0.0074996685852959542 -0.39439044423382397 0.12279106483111546 -0.020521531422332668 0.0052974877691161024 -0.0053228360706670435
leaf_weight=146470 14089 20964 1102600 2841 3546 3114 13938 10409 88881 1562 6348 7260 1565079 40633
leaf_count=146470 14089 20964 1102600 2841 3546 3114 13938 10409 88881 1562 6348 7260 1565079 40633
internal_value=6.33619e-07 -0.00124777 -0.00775403 -0.0776165 -0.00640967 -0.00577975 0.0252141 0.154719 0.00929193 -0.158095 -0.00923451 0.0796686 0.00381915 -0.0384549
internal_weight=3.02773e+06 2.88126e+06 1.26146e+06 23805 1.23766e+06 1.23255e+06 123602 13523 110079 5108 1.10895e+06 21198 1.6198e+06 54722
internal_count=3027734 2881264 1261463 23805 1237658 1232550 123602 13523 110079 5108 1108948 21198 1619801 54722
is_linear=0
shrinkage=0.02


Tree=276
num_leaves=15
num_cat=0
split_feature=7 22 22 9 9 22 7 20 19 22 22 20 20 8
split_gain=242403 5.46869e+06 2.23494e+06 1.48118e+06 1.08631e+06 743153 716628 3.75997e+06 1.01333e+06 889639 766567 1.33245e+06 878107 875197
threshold=12035.626464843752 12038.165527343752 12070.042480468752 0.3954309225082398 0.56790637969970714 12053.564941406252 12204.598144531252 12209.585937500002 12207.005371093752 12224.837890625002 12224.837890625002 12278.149902343752 12192.039550781252 -0.96114355325698841
decision_type=2 2 2 2 2 2 2 2 2 2 2 2 2 2
left_child=1 -1 4 5 -2 -3 7 -4 -9 -10 11 13 -12 -8
right_child=2 3 6 -5 -6 -7 10 8 9 -11 12 -13 -14 -15
leaf_value=0.00026455080518713941 -0.083183176409107565 0.13105164731688823 -0.0031771130915471246 0.61493751555397591 -0.38050535679554126 0.39976384496627099 -0.30801921761341061 0.56285580193770368 0.083212080767511742 0.29733306282500976 0.35886093118424234 0.29956480322393136 -0.0030943851703251653 -0.070161921394385235
leaf_weight=2148481 92657 11744 177866 4981 5182 6343 7036 3220 15518 15541 2686 3550 482017 50912
leaf_count=2148481 92657 11744 177866 4981 5182 6343 7036 3220 15518 15541 2686 3550 482017 50912
internal_value=6.10764e-07 0.00355398 -0.00901174 0.309787 -0.0989682 0.225457 0.00259523 0.0337907 0.225554 0.190414 -0.00952146 -0.076033 -0.00108119 -0.0990909
internal_weight=3.02773e+06 2.17155e+06 856185 23068 97839 18087 758346 212145 34279 31059 546201 61498 484703 57948
internal_count=3027734 2171549 856185 23068 97839 18087 758346 212145 34279 31059 546201 61498 484703 57948
is_linear=0
shrinkage=0.02


Tree=277
num_leaves=15
num_cat=0
split_feature=17 0 5 13 17 17 4 9 23 20 4 23 20 4
split_gain=231360 293636 291703 285302 808664 679048 410043 304253 278274 251277 247422 245748 992881 574896
threshold=0.32115957140922552 1043.5000000000002 0.072500001639127745 7.2999999523162851 0.64835140109062206 0.57944083213806163 -51.235000610351555 -0.51523202657699574 10865.333984375002 10875.420898437502 238.37500000000003 12218.916015625002 12358.885253906252 -162.0950012207031
decision_type=2 2 2 2 2 2 2 2 2 2 2 2 2 2
left_child=1 -1 11 4 -2 9 -7 -6 -9 -5 -10 -3 13 -13
right_child=3 2 -4 5 7 6 -8 8 10 -11 -12 12 -14 -15
leaf_value=-0.013728710092826911 -0.0023795921300190054 0.0077561950267245076 0.095173641288538197 -0.047816388767913949 0.11255554842471481 -0.11860065006344794 -0.032862923936072375 0.15351036089020029 0.027996740613271478 -0.0022817010402232715 -0.27077685945622665 0.42241336957232523 0.0037214848961496607 0.11622453163746048
leaf_weight=175751 1353965 520680 17847 52699 27069 33805 65631 7215 72367 603663 1116 2740 70286 22900
leaf_count=175751 1353965 520680 17847 52699 27069 33805 65631 7215 72367 603663 1116 2740 70286 22900
internal_value=7.24304e-07 0.00914712 0.0154841 -0.00334105 0.00181737 -0.0133175 -0.0620202 0.0545427 0.0350713 -0.00593836 0.0234227 0.0131761 0.0425908 0.149098
internal_weight=3.02773e+06 810204 634453 2.21753e+06 1.46173e+06 755798 99436 107767 80698 656362 73483 616606 95926 25640
internal_count=3027734 810204 634453 2217530 1461732 755798 99436 107767 80698 656362 73483 616606 95926 25640
is_linear=0
shrinkage=0.02


Tree=278
num_leaves=15
num_cat=0
split_feature=20 0 20 4 8 20 22 4 0 22 22 8 4 8
split_gain=229405 476257 426942 552168 452527 401751 501725 750722 436418 416119 410866 343974 504074 341513
threshold=12856.801269531252 1710.5000000000002 12804.532714843752 147.03499603271487 0.8110111951828004 12782.183105468752 12797.974121093752 -31.374999999999996 1454.5000000000002 12748.408203125002 12783.712402343752 -0.66467538475990284 -34.104999542236321 0.80688521265983593
decision_type=2 2 2 2 2 2 2 2 2 2 2 2 2 2
left_child=2 -2 5 11 -5 10 7 9 -9 -7 -1 -4 -13 -10
right_child=1 -3 3 4 -6 6 -8 8 13 -11 -12 12 -14 -15
leaf_value=-2.5656752687068692e-05 -0.24342714608343025 0.13556700597214388 -0.13035876279593428 0.24770653602109857 -0.40382333040779111 0.47265293427283722 -0.080102475933175987 -0.1096459146808364 0.29916774832825999 0.1293146966128913 -0.17640918357201735 0.58546523663330075 -2.0821382552649903e-05 0.034315309277255839
leaf_weight=2962149 1510 10428 9682 488 3071 3210 5877 4582 3099 2533 5282 615 9987 5221
leaf_count=2962149 1510 10428 9682 488 3071 3210 5877 4582 3099 2533 5282 615 9987 5221
internal_value=7.3961e-07 0.0874639 -0.000345765 -0.0846246 -0.314038 0.000326131 0.0809297 0.131705 0.0469425 0.321712 -0.000340218 -0.0442362 0.0344598 0.13321
internal_weight=3.02773e+06 11938 3.0158e+06 23843 3559 2.99195e+06 24522 18645 12902 5743 2.96743e+06 20284 10602 8320
internal_count=3027734 11938 3015796 23843 3559 2991953 24522 18645 12902 5743 2967431 20284 10602 8320
is_linear=0
shrinkage=0.02


Tree=279
num_leaves=15
num_cat=0
split_feature=10 14 20 19 23 14 8 8 17 19 20 20 21 8
split_gain=226561 331894 339324 269703 284155 233654 329093 238868 182572 182285 328031 214484 194885 248709
threshold=6.0999999046325692 0.79763135313987743 11858.551269531252 11450.723632812502 11496.164062500002 0.72429552674293529 1.0000000180025095e-35 0.77619159221649181 0.74811586737632763 13255.445312500002 12700.189941406252 12730.532714843752 12775.907714843752 0.83815535902977001
decision_type=2 2 2 2 2 2 2 2 2 2 2 2 2 2
left_child=1 9 3 -3 -5 -2 -7 8 -8 12 -11 -12 -1 -14
right_child=5 2 -4 4 -6 6 7 -9 -10 10 11 -13 13 -15
leaf_value=0.0024036295798569927 -0.0048394940045083561 0.078809620941385453 -0.017780266544722013 0.6373855494475954 0.17725392950761357 -0.085511924073705989 0.052702438749203634 -0.033227597593117983 0.35114772058109828 0.18257249569691372 -0.34069072125415134 -0.08198638706619342 0.086246332328018163 -0.035766949564613446
leaf_weight=1871573 1001094 23013 14309 668 2652 35553 10375 27079 881 1395 1782 4539 23490 9331
leaf_count=1871573 1001094 23013 14309 668 2652 35553 10375 27079 881 1395 1782 4539 23490 9331
internal_value=7.74776e-07 0.00405998 0.0606085 0.103195 0.271477 -0.0073729 -0.041692 -0.0010399 0.0763543 0.00285772 -0.0940926 -0.155346 0.00325103 0.0515571
internal_weight=3.02773e+06 1.95275e+06 40642 26333 3320 1.07498e+06 73888 38335 11256 1.91211e+06 7716 6321 1.90439e+06 32821
internal_count=3027734 1952752 40642 26333 3320 1074982 73888 38335 11256 1912110 7716 6321 1904394 32821
is_linear=0
shrinkage=0.02


Tree=280
num_leaves=15
num_cat=0
split_feature=0 8 4 0 20 22 19 19 19 4 21 4 8 20
split_gain=223814 232446 473119 406204 515180 997096 791162 879128 404314 504973 476355 432649 383221 1.06908e+06
threshold=8211.0000000000018 -0.95236524939537037 -272.63999938964838 2104.5000000000005 11348.455566406252 11353.165527343752 10983.871582031252 11229.815917968752 12259.304199218752 -40.985000610351555 12196.219726562502 -89.25500106811522 -0.84785553812980641 12038.100097656252
decision_type=2 2 2 2 2 2 2 2 2 2 2 2 2 2
left_child=1 2 -1 -4 6 -6 -5 -8 10 11 -7 -10 13 -3
right_child=-2 12 3 4 5 8 7 -9 9 -11 -12 -13 -14 -15
leaf_value=-0.37969250876904576 -0.087909742560274326 -0.00085050362952678038 0.010853272639963732 -0.077802939955549266 -0.36740887383315668 -0.046596664755403902 0.32860091556938409 0.023502735497280974 0.020312775340679719 -0.28093080057678238 -0.18160925111929757 0.28285442485343509 -0.00030366529047043481 0.088051405441906816
leaf_weight=1420 11530 184916 131184 13301 3949 82619 5761 10943 20173 1956 11960 2858 2468688 76476
leaf_count=1420 11530 184916 131184 13301 3949 82619 5761 10943 20173 1956 11960 2858 2468688 76476
internal_value=8.23258e-07 0.000337175 -0.0168128 -0.0149895 -0.0370718 -0.0551289 0.0372529 0.128862 -0.044785 0.0267588 -0.0636873 0.053002 0.00213463 0.025162
internal_weight=3.02773e+06 3.0162e+06 286124 284704 153520 123515 30005 16704 119566 24987 94579 23031 2.73008e+06 261392
internal_count=3027734 3016204 286124 284704 153520 123515 30005 16704 119566 24987 94579 23031 2730080 261392
is_linear=0
shrinkage=0.02


Tree=281
num_leaves=15
num_cat=0
split_feature=7 24 22 24 7 7 7 4 19 4 8 20 24 23
split_gain=240965 4.04136e+06 2.65472e+06 1.42364e+06 1.07985e+06 1.3946e+06 1.05486e+06 904363 868951 800485 977401 633953 877485 681730
threshold=12042.010742187502 12065.646972656252 12070.042480468752 12034.651855468752 12028.968261718752 12002.891113281252 12032.672363281252 -170.77500152587888 11993.685058593752 -70.874999999999986 -0.83435350656509388 12155.300292968752 12430.107910156252 12733.312011718752
decision_type=2 2 2 2 2 2 2 2 2 2 2 2 2 2
left_child=1 3 9 -1 5 -5 -3 11 -6 10 -2 -4 -13 -14
right_child=2 6 7 4 8 -7 -8 -9 -10 -11 -12 12 13 -15
leaf_value=-0.00026281160043827321 -0.17019269985293398 0.74324144989208374 -0.032540364888865067 -0.013969253009536244 0.63466405451496222 0.35162177427725444 0.23427841847033348 -0.0023168096831823661 0.0010697055040210194 -0.086015352737393691 -0.55708264630044546 0.31673491977503959 0.0063953200998796292 0.51101246518433041
leaf_weight=2147207 14648 3399 8818 6253 891 12536 3145 726693 22184 57679 3174 9143 10785 1179
leaf_count=2147207 14648 3399 8818 6253 891 12536 3145 726693 22184 57679 3174 9143 10785 1179
internal_value=7.62083e-07 0.00347423 -0.00916419 0.00198952 0.117485 0.230009 0.499371 0.002121 0.0258 -0.122242 -0.239371 0.109853 0.16933 0.05651
internal_weight=3.02773e+06 2.19562e+06 832119 2.18907e+06 41864 18789 6544 756618 23075 75501 17822 29925 21107 11964
internal_count=3027734 2195615 832119 2189071 41864 18789 6544 756618 23075 75501 17822 29925 21107 11964
is_linear=0
shrinkage=0.02


Tree=282
num_leaves=15
num_cat=0
split_feature=9 20 25 1 8 24 19 8 9 20 1 22 20 1
split_gain=223497 275070 269522 224654 415217 361215 719346 357468 790241 2.36184e+06 1.00386e+06 769201 628760 500045
threshold=0.83586668968200695 11526.333984375002 0.028394431807100776 95.517696380615249 0.89291974902153026 10773.125488281252 10773.488281250002 0.95309019088745128 0.16236701607704165 11585.134765625002 38.546798706054695 10870.824218750002 11548.687011718752 79.423381805419936
decision_type=2 2 2 2 2 2 2 2 2 2 2 2 2 2
left_child=3 2 -2 7 5 6 -5 -1 11 10 -10 -9 -12 -11
right_child=1 -3 -4 4 -6 -7 -8 8 9 13 12 -13 -14 -15
leaf_value=0.0072475112693861374 -0.51421965534560354 -0.054758497712563775 0.25034772709796305 0.033505166471437531 0.015090496594465111 -0.017518463891944999 0.51027256336119087 -0.16737441679074508 0.73290833249813381 -0.52662844854749336 0.036925171891216732 0.0038563673162501678 -0.20422563551920164 -0.21615697654056576
leaf_weight=1774173 1025 6341 218 25545 245654 726105 1322 11049 704 4928 15755 205347 5950 3618
leaf_count=1774173 1025 6341 218 25545 245654 726105 1322 11049 704 4928 15755 205347 5950 3618
internal_value=8.74774e-07 -0.108363 -0.379184 0.000273356 -0.00748747 -0.0148536 0.0571465 0.00410721 -0.0184165 -0.112917 -0.0049834 -0.00489377 -0.0292443 -0.395597
internal_weight=3.02773e+06 7584 1243 3.02015e+06 998626 752972 26867 2.02152e+06 247351 30955 22409 216396 21705 8546
internal_count=3027734 7584 1243 3020150 998626 752972 26867 2021524 247351 30955 22409 216396 21705 8546
is_linear=0
shrinkage=0.02


Tree=283
num_leaves=15
num_cat=0
split_feature=7 19 19 7 22 7 7 22 7 22 4 24 7 24
split_gain=242934 2.32985e+06 826146 804799 1.23453e+06 1.21224e+06 730214 2.53091e+06 953414 1.32109e+06 1.37416e+06 1.49945e+06 924980 772982
threshold=11207.812011718752 11204.905761718752 11170.554199218752 11132.371582031252 11259.499023437502 11179.275390625002 11009.197265625002 11019.188964843752 10998.491210937502 11057.493164062502 -103.63499832153319 10982.573730468752 11163.842285156252 10963.240234375002
decision_type=2 2 2 2 2 2 2 2 2 2 2 2 2 2
left_child=2 -2 6 -4 5 -5 8 13 -1 10 11 -10 -9 -8
right_child=1 -3 3 4 -6 -7 7 12 9 -11 -12 -13 -14 -15
leaf_value=0.0038552459754366926 -0.10742915390741775 0.00038203598026366893 -0.088264959505848228 0.14634241279637292 0.41406340461558366 0.022814461536825533 -0.36622014804012187 0.044293139495860584 -0.16077060944564925 -0.47141484607524653 0.076840897691999477 0.58308713714486549 -0.042059249955146955 -0.1259866546589315
leaf_weight=630371 83943 1783473 18135 38411 3659 183813 6045 101750 1408 1477 26961 4646 96826 46816
leaf_count=630371 83943 1783473 18135 38411 3659 183813 6045 101750 1408 1477 26961 4646 96826 46816
internal_value=8.49972e-07 -0.00446477 0.00718781 0.0398893 0.0501816 0.0441717 -0.00152116 -0.0305532 0.0094584 0.11183 0.138058 0.410102 0.00218747 -0.153523
internal_weight=3.02773e+06 1.86742e+06 1.16032e+06 244018 225883 222224 916300 251437 664863 34492 33015 6054 198576 52861
internal_count=3027734 1867416 1160318 244018 225883 222224 916300 251437 664863 34492 33015 6054 198576 52861
is_linear=0
shrinkage=0.02


Tree=284
num_leaves=15
num_cat=0
split_feature=7 24 23 7 24 4 24 20 20 25 4 4 7 4
split_gain=240932 1.10926e+06 1.05629e+06 721300 1.12881e+06 858973 749348 996149 739230 713059 529066 512724 624796 1.24708e+06
threshold=12536.370117187502 12538.128417968752 12603.684570312502 12676.238281250002 12693.103027343752 74.395000457763686 12731.313964843752 12679.673339843752 12792.859863281252 0.054138217121362693 140.95500183105472 -151.04499816894528 12604.493164062502 165.81500244140628
decision_type=2 2 2 2 2 2 2 2 2 2 2 2 2 2
left_child=1 -1 11 4 -4 -6 8 -8 -5 -3 -10 -2 -13 -14
right_child=2 9 3 6 5 -7 7 -9 10 -11 -12 12 13 -15
leaf_value=0.00063004754148837118 -0.38927472155463533 0.074173247850059021 0.022061966156453564 -0.050586227743158928 0.41785982990330284 0.066929745438763483 0.79877553534692558 0.010369120599423874 -0.1674009695348456 0.32631698241657608 -0.5823389167500802 -0.053220967955860295 -0.045455103697157648 -0.61888403207360709
leaf_weight=2718504 2050 17830 38993 41331 5824 5356 635 104486 4228 5989 1731 74274 4105 2398
leaf_count=2718504 2050 17830 38993 41331 5824 5356 635 104486 4228 5989 1731 74274 4105 2398
internal_value=8.2832e-07 0.00182095 -0.0174869 0.00711572 0.0728825 0.249952 -0.0145376 0.0152073 -0.0806474 0.137683 -0.288711 -0.0776556 -0.0696997 -0.257537
internal_weight=3.02773e+06 2.74232e+06 285411 202584 50173 11180 152411 105121 47290 23819 5959 82827 80777 6503
internal_count=3027734 2742323 285411 202584 50173 11180 152411 105121 47290 23819 5959 82827 80777 6503
is_linear=0
shrinkage=0.02


Tree=285
num_leaves=15
num_cat=0
split_feature=7 24 24 9 4 24 24 9 7 9 7 24 24 4
split_gain=233275 3.89285e+06 2.47422e+06 1.17648e+06 873248 785938 773115 1.54837e+06 719078 686197 625054 773516 631249 583325
threshold=12042.010742187502 12055.346191406252 12072.006347656252 0.59157848358154308 -170.77500152587888 12088.156250000002 12034.651855468752 0.48585753142833715 12028.968261718752 -0.39844962954521174 12172.439453125002 12430.107910156252 12731.313964843752 -272.63999938964838
decision_type=2 2 2 2 2 2 2 2 2 2 2 2 2 2
left_child=1 6 3 -2 10 -3 13 8 9 -8 -4 -12 -13 -1
right_child=2 5 4 -5 -6 -7 7 -9 -10 -11 11 12 -14 -15
leaf_value=-0.16768521205079653 -0.10085638754095154 0.2595574717415603 -0.054323070352733809 -0.47809750763432396 -0.0023931003245424689 0.63686969248187464 -0.02583085272703551 0.58900701903501818 -0.022996622100186933 0.2737161677760076 0.29477937163935158 0.0067478154513795335 0.49232335516767806 0.00040716866963783467
leaf_weight=8280 72030 11615 7000 3457 727892 2728 4686 2359 18229 8791 9776 10785 1179 2138927
leaf_count=8280 72030 11615 7000 3457 727892 2728 4686 2359 18229 8791 9776 10785 1179 2138927
internal_value=7.9918e-07 0.0034184 -0.00901673 -0.118194 0.00187695 0.331716 0.00125815 0.0957763 0.058904 0.169619 0.109988 0.162895 0.054972 -0.000241793
internal_weight=3.02773e+06 2.19562e+06 832119 75487 756632 14343 2.18127e+06 34065 31706 13477 28740 21740 11964 2.14721e+06
internal_count=3027734 2195615 832119 75487 756632 14343 2181272 34065 31706 13477 28740 21740 11964 2147207
is_linear=0
shrinkage=0.02


Tree=286
num_leaves=15
num_cat=0
split_feature=7 23 7 21 7 0 21 7 7 23 7 23 21 7
split_gain=232302 1.98406e+06 946420 787033 801088 1.23783e+06 847612 983225 599558 2.48775e+06 903057 1.30327e+06 1.23672e+06 878348
threshold=11207.812011718752 11199.000488281252 11241.262207031252 11176.041503906252 11146.501953125002 2558.5000000000005 11282.471679687502 11187.881347656252 11009.197265625002 11020.367675781252 10998.491210937502 11058.276855468752 11030.777832031252 11163.842285156252
decision_type=2 2 2 2 2 2 2 2 2 2 2 2 2 2
left_child=3 2 -2 8 -5 -6 7 -7 10 -10 -1 12 -12 -11
right_child=1 -3 -4 4 5 6 -8 -9 9 13 11 -13 -14 -15
leaf_value=0.0038340421380304739 -0.084604506535854634 -0.00055972378526542878 -0.31190260649614826 -0.086478119808162057 0.011346726434682482 0.17997600725381283 0.55321756186163673 0.039932179656242468 -0.14611243175538627 0.047047720394111384 0.066975691048542577 -0.46285997648395472 0.35479769295562086 -0.033258170284685293
leaf_weight=630890 53054 1805867 8495 18102 120202 36261 1695 44867 54994 102462 25199 1515 7819 116312
leaf_count=630890 53054 1805867 8495 18102 120202 36261 1695 44867 54994 102462 25199 1515 7819 116312
internal_value=8.95573e-07 -0.00436591 -0.116022 0.00702883 0.0409743 0.052342 0.11183 0.102541 -0.00096377 -0.0258763 0.00928592 0.108857 0.135222 0.00435314
internal_weight=3.02773e+06 1.86742e+06 61549 1.16032e+06 221127 203025 82823 81128 939191 273768 665423 34533 33018 218774
internal_count=3027734 1867416 61549 1160318 221127 203025 82823 81128 939191 273768 665423 34533 33018 218774
is_linear=0
shrinkage=0.02


Tree=287
num_leaves=15
num_cat=0
split_feature=7 22 23 7 22 4 4 8 23 25 0 7 4 4
split_gain=231463 1.32398e+06 893801 693865 1.1428e+06 676386 576510 529117 528369 606286 730260 522947 1.27383e+06 787697
threshold=12531.875976562502 12538.652832031252 12603.684570312502 12676.238281250002 12693.498535156252 -180.52500152587888 73.134998321533217 -0.81911528110504139 12741.710449218752 0.068101454526186003 1611.5000000000002 12604.493164062502 165.81500244140628 -154.495002746582
decision_type=2 2 2 2 2 2 2 2 2 2 2 2 2 2
left_child=1 -1 11 4 -4 -5 -6 -3 -7 10 -10 13 -13 -2
right_child=2 7 3 5 6 8 -8 -9 9 -11 -12 12 -14 -15
leaf_value=0.00072754761253017919 -0.50919042586961316 0.37561226231053035 0.019150645417545378 0.58608198032481518 0.37171606494987741 -0.062891345077683389 0.087691803561742179 0.11469381777027594 -0.040373938995821111 -0.13291234391649101 0.081756513419093027 -0.041128418184677072 -0.60649894372173319 -0.046126226743593728
leaf_weight=2713408 1485 4107 38587 737 6433 60737 5153 12766 33259 10078 47600 4721 2398 86265
leaf_count=2713408 1485 4107 38587 737 6433 60737 5153 12766 33259 10078 47600 4721 2398 86265
internal_value=8.86349e-07 0.00182614 -0.0167523 0.0069728 0.0714767 -0.0142648 0.245579 0.178389 -0.0172205 0.0132865 0.0315227 -0.0674108 -0.232157 -0.0540201
internal_weight=3.02773e+06 2.73028e+06 297453 202584 50173 152411 11586 16873 151674 90937 80859 94869 7119 87750
internal_count=3027734 2730281 297453 202584 50173 152411 11586 16873 151674 90937 80859 94869 7119 87750
is_linear=0
shrinkage=0.02


Tree=288
num_leaves=15
num_cat=0
split_feature=7 19 7 7 9 6 22 7 19 7 19 19 7 9
split_gain=231236 713576 862252 342542 2.80391e+06 781983 666434 1.61057e+06 958154 1.5576e+06 960461 942801 1.09192e+06 1.1695e+06
threshold=10076.876464843752 10691.720703125002 10675.826171875002 10749.717773437502 0.59719622135162365 90.036033630371108 10804.832031250002 10861.943847656252 10916.593750000002 10920.012207031252 10947.256835937502 10847.391601562502 10839.885253906252 -1.0000000180025095e-35
decision_type=2 2 2 2 2 2 2 2 2 2 2 2 2 2
left_child=-1 -2 -3 4 5 -4 -5 11 -9 10 -10 -8 13 -13
right_child=1 2 3 6 -6 -7 7 8 9 -11 -12 12 -14 -15
leaf_value=0.06119258178982355 -0.076950078629378527 0.27393746622149878 -0.082045712787580244 -0.061019975949534129 0.48823594567617745 0.15071128022721403 0.035857550000503467 -0.059288645859779797 0.063920696819420239 -0.00018054382926895247 0.39767329638084958 0.099290382320044043 0.11684348154216619 0.65627982082733227
leaf_weight=24492 48043 4604 20069 70798 5242 8094 49609 110044 7814 2642410 6171 2663 24202 3479
leaf_count=24492 48043 4604 20069 70798 5242 8094 49609 110044 7814 2642410 6171 2663 24202 3479
internal_value=8.81717e-07 -0.000498343 0.00074479 0.000317577 0.0639887 -0.0151213 -0.000411737 0.00109597 -0.00146176 0.000933992 0.211372 0.0895846 0.177381 0.415342
internal_weight=3.02773e+06 3.00324e+06 2.9552e+06 2.9506e+06 33405 28163 2.91719e+06 2.84639e+06 2.76644e+06 2.6564e+06 13985 79953 30344 6142
internal_count=3027734 3003242 2955199 2950595 33405 28163 2917190 2846392 2766439 2656395 13985 79953 30344 6142
is_linear=0
shrinkage=0.02


Tree=289
num_leaves=15
num_cat=0
split_feature=7 19 7 7 9 22 7 19 7 19 4 24 19 7
split_gain=223042 426410 828180 334279 2.20409e+06 897654 1.54687e+06 920216 1.49602e+06 922965 919428 918970 905539 1.04885e+06
threshold=10056.264648437502 10691.720703125002 10675.826171875002 10764.450683593752 0.61704772710800182 10804.832031250002 10861.943847656252 10916.593750000002 10920.012207031252 10950.445312500002 -98.685001373291001 10755.613769531252 10847.391601562502 10839.885253906252
decision_type=2 2 2 2 2 2 2 2 2 2 2 2 2 2
left_child=-1 -2 -3 4 -4 10 12 -8 9 -9 -5 -12 -7 -14
right_child=1 2 3 5 -6 6 7 8 -10 -11 11 -13 13 -15
leaf_value=0.085270126311649277 -0.052979481271812338 0.26847059089248049 -0.015546297376436648 -0.31221061086971769 0.33390315767931616 0.035140543557468894 -0.058102980718911124 0.076242902989073477 -0.00017693296842000305 0.40884042515468483 0.15218372094354196 -0.085170555058104877 0.40705970890237497 0.1145075770711538
leaf_weight=12211 60324 4604 36105 5997 9014 49609 110044 8489 2642410 5496 7608 45479 6142 24202
leaf_count=12211 60324 4604 36105 5997 9014 49609 110044 8489 2642410 5496 7608 45479 6142 24202
internal_value=1.00098e-06 -0.000344561 0.000730036 0.000311348 0.0543258 -0.000527617 0.00107414 -0.00143249 0.000915347 0.207151 -0.0776803 -0.0511322 0.0877952 0.173839
internal_weight=3.02773e+06 3.01552e+06 2.9552e+06 2.9506e+06 45119 2.90548e+06 2.84639e+06 2.76644e+06 2.6564e+06 13985 59084 53087 79953 30344
internal_count=3027734 3015523 2955199 2950595 45119 2905476 2846392 2766439 2656395 13985 59084 53087 79953 30344
is_linear=0
shrinkage=0.02


Tree=290
num_leaves=15
num_cat=0
split_feature=7 22 23 7 22 24 20 20 20 4 7 20 7 4
split_gain=222629 1.03725e+06 976742 666255 1.09762e+06 697253 912195 710341 584345 508117 484202 479373 519326 477367
threshold=12536.370117187502 12538.652832031252 12603.684570312502 12676.238281250002 12693.498535156252 12731.313964843752 12679.673339843752 12792.859863281252 12804.532714843752 140.95500183105472 12763.913085937502 12535.166015625002 12517.894042968752 -151.04499816894528
decision_type=2 2 2 2 2 2 2 2 2 2 2 2 2 2
left_child=1 -1 13 4 -4 7 -7 -5 -6 -9 -8 -3 -13 -2
right_child=2 11 3 5 8 6 10 9 -10 -11 -12 12 -14 -15
leaf_value=0.0006242195771848898 -0.37535039010544496 0.34394358590878199 0.018774879450293221 -0.048264811462122095 0.35319935083241211 0.76455305906783755 0.060897241470209494 -0.16280931302554177 0.061365321541158098 -0.56944260706236005 -0.026384385942404536 0.35089002965718608 0.052922243342855876 -0.066991258655256417
leaf_weight=2719524 2050 3706 38587 41331 7113 635 43674 4228 4473 1731 60812 2721 16372 80777
leaf_count=2719524 2050 3706 38587 41331 7113 635 43674 4228 4473 1731 60812 2721 16372 80777
internal_value=1.07089e-06 0.0017507 -0.0168093 0.00684874 0.0700563 -0.013962 0.0147304 -0.0777324 0.240683 -0.28169 0.0101005 0.13606 0.095549 -0.0746679
internal_weight=3.02773e+06 2.74232e+06 285411 202584 50173 152411 105121 47290 11586 5959 104486 22799 19093 82827
internal_count=3027734 2742323 285411 202584 50173 152411 105121 47290 11586 5959 104486 22799 19093 82827
is_linear=0
shrinkage=0.02


Tree=291
num_leaves=15
num_cat=0
split_feature=5 25 24 21 19 9 0 9 9 0 1 9 0 3
split_gain=224309 256474 378498 806466 521325 487694 532717 429584 366115 298217 277370 267224 487758 399700
threshold=0.092500001192092909 0.085163068026304259 12220.146484375002 12300.630371093752 12088.462890625002 0.55642431974411022 5150.5000000000009 -0.10024872794747351 0.44821128249168402 8211.0000000000018 41.655265808105476 -0.72811940312385548 1553.5000000000002 2.3056555986404423
decision_type=2 2 2 2 2 2 2 2 2 2 2 2 2 2
left_child=1 9 4 -4 8 -5 -7 -6 10 11 -3 12 -1 -14
right_child=-2 2 3 5 7 6 -8 -9 -10 -11 -12 -13 13 -15
leaf_value=-0.024369233861131639 0.067268161345894639 0.61690012001869632 0.43668461428830635 0.047266662810270824 -0.47349615003567913 -0.64367279222228801 -0.041775140560891419 -0.11066888665632459 0.043386566709519458 -0.24993728981058286 -0.057279598507855203 -1.6595328617437189e-05 0.23307642218461833 0.058225622014716837
leaf_weight=26852 19690 235 1919 17037 1908 879 1743 4115 19180 1887 71393 2822643 6244 32009
leaf_count=26852 19690 235 1919 17037 1908 879 1743 4115 19180 1887 71393 2822643 6244 32009
internal_value=1.09981e-06 -0.000439431 -0.0292877 0.0464444 -0.0461672 0.00814774 -0.245242 -0.226205 -0.0342021 0.000742778 -0.0549816 0.000907457 0.0409641 0.0868203
internal_weight=3.02773e+06 3.00804e+06 118409 21578 96831 19659 2622 6023 90808 2.88964e+06 71628 2.88775e+06 65105 38253
internal_count=3027734 3008044 118409 21578 96831 19659 2622 6023 90808 2889635 71628 2887748 65105 38253
is_linear=0
shrinkage=0.02


Tree=292
num_leaves=15
num_cat=0
split_feature=7 24 24 24 7 9 9 9 7 7 21 8 21 21
split_gain=220959 4.56571e+06 2.0031e+06 1.50327e+06 1.29626e+06 1.15887e+06 572611 505328 429107 3.20121e+06 5.31859e+06 3.55964e+06 2.18746e+06 2.20506e+06
threshold=12035.626464843752 12043.118652343752 12047.247070312502 12065.646972656252 12059.342285156252 0.41172318160533911 0.55642431974411022 -0.33491277694702143 11592.387695312502 11415.989746093752 11443.998535156252 0.74961522221565258 11405.071777343752 11614.302246093752
decision_type=2 2 2 2 2 2 2 2 2 2 2 2 2 2
left_child=1 8 4 5 -2 7 -6 -3 9 10 -1 -12 -11 -14
right_child=2 3 -4 -5 6 -7 -8 -9 -10 12 11 -13 13 -15
leaf_value=0.0014795328212028691 -0.04909816384223431 -0.0030186565380999138 -0.00084365213621477738 0.61903326868330022 -0.21250450824123604 0.62495042982159643 -0.52694391753443859 0.23956172269989232 0.020483365301837742 -0.37719511474511991 0.052035919152159174 0.79499723067988481 -0.057589595488715818 -0.51191804767411309
leaf_weight=1640264 31556 5815 804435 4531 17526 2284 2668 8381 359007 10182 4755 5632 126285 4413
leaf_count=1640264 31556 5815 804435 4531 17526 2284 2668 8381 359007 10182 4755 5632 126285 4413
internal_value=1.07105e-06 0.00339363 -0.00860341 0.296716 -0.129202 0.207775 -0.254289 0.140262 0.00052646 -0.00347281 0.00433778 0.455261 -0.0949812 -0.0729681
internal_weight=3.02773e+06 2.17155e+06 856185 21011 51750 16480 20194 14196 2.15054e+06 1.79153e+06 1.65065e+06 10387 140880 130698
internal_count=3027734 2171549 856185 21011 51750 16480 20194 14196 2150538 1791531 1650651 10387 140880 130698
is_linear=0
shrinkage=0.02


Tree=293
num_leaves=15
num_cat=0
split_feature=1 7 4 7 24 22 4 24 7 20 22 8 7 4
split_gain=221099 421646 776548 367859 2.89638e+06 2.2734e+06 642843 642374 1.24258e+06 984627 637467 629173 641548 595617
threshold=108.15705490112306 10924.305664062502 64.784999847412124 12042.010742187502 12055.346191406252 12070.042480468752 -170.77500152587888 12034.651855468752 12028.968261718752 12038.100097656252 12093.737792968752 0.93519589304924022 11964.977539062502 -39.524999618530266
decision_type=2 2 2 2 2 2 2 2 2 2 2 2 2 2
left_child=3 2 -2 4 7 13 -7 -1 9 -9 11 12 -6 -5
right_child=1 -3 -4 5 10 6 -8 8 -10 -11 -12 -13 -14 -15
leaf_value=0.0035137998739999013 -0.031007783547019854 -0.016103146114451052 0.21953248747617726 -0.21174745046697394 0.68792706801937908 0.095378107623654368 -0.0023547918684570842 0.025034888737352871 -0.023240601091591394 0.3513186829014619 0.6265070221802026 0.63733461915306133 0.13356390577436808 -0.081521548202223487
leaf_weight=1714930 11443 471499 8706 19846 912 28022 678939 6102 17410 9393 2034 1401 8972 48125
leaf_count=1714930 11443 471499 8706 19846 912 28022 678939 6102 17410 9393 2034 1401 8972 48125
internal_value=1.08988e-06 -0.0122737 0.0773001 0.00238074 0.00743342 -0.00910218 0.00152034 0.00519359 0.0927119 0.222927 0.301137 0.241988 0.185361 -0.11957
internal_weight=3.02773e+06 491648 20149 2.53609e+06 1.76115e+06 774932 706961 1.74784e+06 32905 15495 13319 11285 9884 67971
internal_count=3027734 491648 20149 2536086 1761154 774932 706961 1747835 32905 15495 13319 11285 9884 67971
is_linear=0
shrinkage=0.02


Tree=294
num_leaves=15
num_cat=0
split_feature=19 8 24 7 4 7 24 23 4 19 25 22 1 19
split_gain=220536 402103 282631 615922 458356 383075 996707 740621 724325 1.08206e+06 660737 602019 584985 504194
threshold=13255.445312500002 0.79485300183296215 12765.978515625002 12757.591308593752 -92.25500106811522 12536.370117187502 12538.128417968752 12603.684570312502 -29.835000038146969 12386.723632812502 0.054138217121362693 12706.658203125002 68.492126464843764 12702.662109375002
decision_type=2 2 2 2 2 2 2 2 2 2 2 2 2 2
left_child=2 -2 5 -4 -5 6 -1 -7 9 12 -8 13 -9 -10
right_child=1 -3 3 4 -6 7 10 8 11 -11 -12 -13 -14 -15
leaf_value=0.00058357572048628773 -0.03888975697959355 -0.37515445229518846 0.20567291300868601 0.34207132181537009 -0.0041063817677411052 -0.07300831480563956 0.069363792527346937 0.16567961217472121 0.00060582633759499499 0.023557327497787411 0.31207812510273708 -0.062633360763816703 0.53912128295830175 0.18388384083213458
leaf_weight=2718504 9964 1650 8353 1600 30747 82827 17830 5397 30230 36794 5989 67932 2435 7482
leaf_count=2718504 9964 1650 8353 1600 30747 82827 17830 5397 30230 36794 5989 67932 2435 7482
internal_value=1.22782e-06 -0.0869462 0.000336325 0.0526769 0.0131166 -0.000379796 0.00171245 -0.0249936 0.0014745 0.0690256 0.130498 -0.027064 0.282326 0.0370075
internal_weight=3.02773e+06 11614 3.01612e+06 40700 32347 2.97542e+06 2.74232e+06 233097 150270 44626 23819 105644 7832 37712
internal_count=3027734 11614 3016120 40700 32347 2975420 2742323 233097 150270 44626 23819 105644 7832 37712
is_linear=0
shrinkage=0.02


Tree=295
num_leaves=15
num_cat=0
split_feature=5 4 4 25 22 25 5 22 20 19 1 22 1 20
split_gain=215247 263481 285412 538187 273588 245805 332138 330679 884114 649319 483595 410895 248025 348922
threshold=0.092500001192092909 251.5299987792969 204.94499969482425 0.089398078620433821 12797.974121093752 0.082290872931480422 -0.10749999806284903 12224.837890625002 12278.149902343752 12088.462890625002 38.546798706054695 12116.335937500002 108.15705490112306 12856.801269531252
decision_type=2 2 2 2 2 2 2 2 2 2 2 2 2 2
left_child=5 2 4 -4 -2 12 -7 9 -9 10 -8 -11 13 -1
right_child=1 -3 3 -5 -6 6 7 8 -10 11 -12 -13 -14 -15
leaf_value=0.0030507205177501729 0.046218411470541433 0.21232734859504857 -0.40422477772115878 0.39982055107392878 0.63882003509138818 -0.63121044272217308 0.75875784455201756 0.39795731001787493 0.0019163330096615913 -0.47320280242997576 -0.029798301520694889 -0.12952014120073921 -0.012409933044575832 0.14868209031742879
leaf_weight=2387915 13674 3924 1351 432 309 352 302 2473 24524 1955 107089 4811 472034 6589
leaf_count=2387915 13674 3924 1351 432 309 352 302 2473 24524 1955 107089 4811 472034 6589
internal_value=1.28893e-06 0.0658956 0.0293374 -0.208259 0.0597625 -0.000430252 -0.0261614 -0.0246078 0.0383294 -0.039494 -0.0275101 -0.22938 0.000840038 0.00345208
internal_weight=3.02773e+06 19690 15766 1783 13983 3.00804e+06 141506 141154 26997 114157 107391 6766 2.86654e+06 2.3945e+06
internal_count=3027734 19690 15766 1783 13983 3008044 141506 141154 26997 114157 107391 6766 2866538 2394504
is_linear=0
shrinkage=0.02


Tree=296
num_leaves=15
num_cat=0
split_feature=19 20 20 21 4 9 20 4 8 20 9 24 4 0
split_gain=213455 468270 355127 285585 1.03452e+06 511012 351102 384190 424120 328930 413638 486413 452548 458281
threshold=13255.445312500002 12700.189941406252 12730.532714843752 12775.907714843752 -90.645000457763658 -0.55470204353332508 12804.532714843752 147.03499603271487 0.8110111951828004 12792.859863281252 0.74366798996925365 12781.143066406252 238.37500000000003 1810.5000000000002
decision_type=2 2 2 2 2 2 2 2 2 2 2 2 2 2
left_child=3 -2 -3 6 -5 -6 -1 -8 -9 -7 11 -11 13 -13
right_child=1 2 -4 4 5 9 7 8 -10 10 -12 12 -14 -15
leaf_value=-0.00017255345090078347 0.179042856867109 -0.33417187701305456 -0.066251697127812509 0.37469935905387575 0.16954785373993336 0.068026295151985633 -0.056019758116464625 0.27689533160047136 -0.54073442925756188 -0.18940759806621227 0.27013654195613901 -0.04871972152334865 -0.32647566190755589 0.17938475205079096
leaf_weight=2954359 2167 2815 6632 3561 7983 15843 5193 301 1441 8492 1548 10539 1580 5280
leaf_count=2954359 2167 2815 6632 3561 7983 15843 5193 301 1441 8492 1548 10539 1580 5280
internal_value=1.32465e-06 -0.0855388 -0.146357 0.000330998 0.0455562 0.0226241 -0.000506455 -0.142543 -0.398671 -0.00450719 -0.0463975 -0.0654206 -0.00483057 0.02748
internal_weight=3.02773e+06 11614 9447 3.01612e+06 54826 51265 2.96129e+06 6935 1742 43282 27439 25891 17399 15819
internal_count=3027734 11614 9447 3016120 54826 51265 2961294 6935 1742 43282 27439 25891 17399 15819
is_linear=0
shrinkage=0.02


Tree=297
num_leaves=15
num_cat=0
split_feature=7 20 23 4 7 23 4 19 7 23 7 23 7 22
split_gain=220313 2.42136e+06 2.07583e+06 2.66189e+06 1.80039e+06 889815 980875 784906 790932 778804 744968 2.36916e+06 2.10245e+06 1.82686e+06
threshold=12243.617187500002 12256.310058593752 12272.958496093752 125.89500045776369 12279.800292968752 12224.800781250002 163.21500396728518 12211.549316406252 12210.085937500002 12176.888183593752 12045.927734375002 12039.328613281252 12035.626464843752 12070.042480468752
decision_type=2 2 2 2 2 2 2 2 2 2 2 2 2 2
left_child=1 5 3 -2 -4 10 7 -7 -9 -3 11 -1 -13 -12
right_child=2 9 4 -5 -6 6 -8 8 -10 -11 13 12 -14 -15
leaf_value=-6.5511056791861853e-05 -0.12964279069226217 -0.085426519413520627 0.25267795183219455 -0.96025022921760395 -0.0083437004594238001 0.39906269518204923 0.53480738300533848 0.1635015094700259 -0.019292563673029867 0.27683950382275901 -0.12178922270761393 0.28201393721692575 0.016823956657061812 -0.0040342919683399384
leaf_weight=2159474 27380 2765 10838 1626 412419 2692 1876 14857 26069 16589 67902 22643 25333 235271
leaf_count=2159474 27380 2765 10838 1626 412419 2692 1876 14857 26069 16589 67902 22643 25333 235271
internal_value=1.29497e-06 0.00226209 -0.0128728 -0.17652 -0.00165407 0.00057422 0.0882248 0.0688987 0.0470888 0.225066 -0.0010144 0.00302309 0.142017 -0.0304112
internal_weight=3.02773e+06 2.57547e+06 452263 29006 423257 2.55612e+06 45494 43618 40926 19354 2.51062e+06 2.20745e+06 47976 303173
internal_count=3027734 2575471 452263 29006 423257 2556117 45494 43618 40926 19354 2510623 2207450 47976 303173
is_linear=0
shrinkage=0.02


Tree=298
num_leaves=15
num_cat=0
split_feature=10 14 13 22 19 22 9 14 9 13 19 19 4 17
split_gain=215519 309643 343444 298618 456181 297548 219074 211513 464202 250557 175268 171775 225328 171565
threshold=6.0999999046325692 0.78832399845123302 6.9000000953674325 11745.469726562502 11450.723632812502 11488.042968750002 -0.88159248232841481 0.7285994589328767 -0.6304970085620879 0.70000001788139354 11700.467773437502 13255.445312500002 34.674999237060554 0.74811586737632763
decision_type=2 2 2 2 2 2 2 2 2 2 2 2 2 2
left_child=1 11 3 4 -3 -6 -5 -2 13 -10 -7 -1 -13 -9
right_child=7 2 -4 6 5 10 -8 8 9 -11 -12 12 -14 -15
leaf_value=0.0030741602810736009 -0.0048662679842351652 0.08822368331418258 -0.071912714531457825 0.3827150149279171 0.74529420166969307 0.04760321372988939 -0.012353262888694091 0.056088886453934554 0.0099285830536936723 -0.086706508886829625 0.41294948994492492 -0.052178797505701729 -0.38936495068344079 0.34788832093702377
leaf_weight=1896706 1005953 23765 7347 575 615 971 13933 9807 14172 44181 1142 6810 888 869
leaf_count=1896706 1005953 23765 7347 575 615 971 13933 9807 14172 44181 1142 6810 888 869
internal_value=1.30823e-06 0.00396036 0.0539387 0.0765027 0.116432 0.360944 0.00355605 -0.00719044 -0.0410545 -0.063239 0.246084 0.00269125 -0.0915321 0.0801458
internal_weight=3.02773e+06 1.95275e+06 48348 41001 26493 2728 14508 1.07498e+06 69029 58353 2113 1.9044e+06 7698 10676
internal_count=3027734 1952752 48348 41001 26493 2728 14508 1074982 69029 58353 2113 1904404 7698 10676
is_linear=0
shrinkage=0.02


Tree=299
num_leaves=15
num_cat=0
split_feature=17 13 17 17 4 19 22 18 0 17 24 4 20 19
split_gain=208455 211848 676463 561610 457067 271324 321113 256578 249532 248504 218190 340406 298311 287169
threshold=0.07457416877150537 2.1000000238418584 0.61838611960411083 0.52538672089576732 -51.235000610351555 12522.114257812502 12516.158691406252 0.11290775239467622 1572.5000000000002 0.67838478088378917 12220.146484375002 -170.77500152587888 12192.039550781252 12386.723632812502
decision_type=2 2 2 2 2 2 2 2 2 2 2 2 2 2
left_child=-1 2 -2 10 9 7 -7 8 -4 -5 -3 13 -13 -12
right_child=1 3 5 4 -6 6 -8 -9 -10 -11 11 12 -14 -15
leaf_value=0.06792451609884842 0.00068894104876758349 -0.0045617896747489426 0.027481163786336072 -0.058893907420810326 -0.015788258921379014 -0.59976268978118896 -0.0088307178197689368 0.017669269326132088 0.10740819686927276 -0.15246522353557265 0.36009761192649203 0.35898475697720417 0.011914806853794833 0.072690809952051585
leaf_weight=17956 1509601 966567 22743 54691 144670 365 19257 36915 49972 14328 1991 986 183109 4583
leaf_count=17956 1509601 966567 22743 54691 144670 365 19257 36915 49972 14328 1991 986 183109 4583
internal_value=1.37985e-06 -0.00040406 0.00444893 -0.00620551 -0.035994 0.0483602 -0.0201239 0.0606187 0.082417 -0.0783384 -0.000704639 0.0188477 0.0137932 0.160153
internal_weight=3.02773e+06 3.00978e+06 1.63885e+06 1.37092e+06 213689 129252 19622 109630 72715 69019 1.15724e+06 190669 184095 6574
internal_count=3027734 3009778 1638853 1370925 213689 129252 19622 109630 72715 69019 1157236 190669 184095 6574
is_linear=0
shrinkage=0.02


end of trees

feature_importances:
Column_7=994
Column_20=367
Column_19=357
Column_4=342
Column_9=315
Column_8=264
Column_24=245
Column_21=230
Column_0=213
Column_22=213
Column_23=189
Column_17=133
Column_25=95
Column_5=70
Column_14=35
Column_6=31
Column_16=30
Column_1=29
Column_13=28
Column_3=10
Column_10=6
Column_18=3
Column_11=1

parameters:
[boosting: gbdt]
[objective: regression]
[metric: l2]
[tree_learner: serial]
[device_type: cpu]
[data_sample_strategy: bagging]
[data: ]
[valid: ]
[num_iterations: 300]
[learning_rate: 0.02]
[num_leaves: 15]
[num_threads: 4]
[seed: 2]
[deterministic: 0]
[force_col_wise: 0]
[force_row_wise: 0]
[histogram_pool_size: -1]
[max_depth: -1]
[min_data_in_leaf: 200]
[min_sum_hessian_in_leaf: 0.001]
[bagging_fraction: 0.7]
[pos_bagging_fraction: 1]
[neg_bagging_fraction: 1]
[bagging_freq: 0]
[bagging_seed: 29216]
[bagging_by_query: 0]
[feature_fraction: 0.6]
[feature_fraction_bynode: 1]
[feature_fraction_seed: 17795]
[extra_trees: 0]
[extra_seed: 19650]
[early_stopping_round: 0]
[early_stopping_min_delta: 0]
[first_metric_only: 0]
[max_delta_step: 0]
[lambda_l1: 1]
[lambda_l2: 10]
[linear_lambda: 0]
[min_gain_to_split: 0]
[drop_rate: 0.1]
[max_drop: 50]
[skip_drop: 0.5]
[xgboost_dart_mode: 0]
[uniform_drop: 0]
[drop_seed: 24198]
[top_rate: 0.2]
[other_rate: 0.1]
[min_data_per_group: 100]
[max_cat_threshold: 32]
[cat_l2: 10]
[cat_smooth: 10]
[max_cat_to_onehot: 4]
[top_k: 20]
[monotone_constraints: ]
[monotone_constraints_method: basic]
[monotone_penalty: 0]
[feature_contri: ]
[forcedsplits_filename: ]
[refit_decay_rate: 0.9]
[cegb_tradeoff: 1]
[cegb_penalty_split: 0]
[cegb_penalty_feature_lazy: ]
[cegb_penalty_feature_coupled: ]
[path_smooth: 0]
[interaction_constraints: ]
[verbosity: -1]
[saved_feature_importance_type: 0]
[use_quantized_grad: 0]
[num_grad_quant_bins: 4]
[quant_train_renew_leaf: 0]
[stochastic_rounding: 1]
[linear_tree: 0]
[max_bin: 255]
[max_bin_by_feature: ]
[min_data_in_bin: 3]
[bin_construct_sample_cnt: 200000]
[data_random_seed: 45]
[is_enable_sparse: 1]
[enable_bundle: 1]
[use_missing: 1]
[zero_as_missing: 0]
[feature_pre_filter: 1]
[pre_partition: 0]
[two_round: 0]
[header: 0]
[label_column: ]
[weight_column: ]
[group_column: ]
[ignore_column: ]
[categorical_feature: ]
[forcedbins_filename: ]
[precise_float_parser: 0]
[parser_config_file: ]
[objective_seed: 29484]
[num_class: 1]
[is_unbalance: 0]
[scale_pos_weight: 1]
[sigmoid: 1]
[boost_from_average: 1]
[reg_sqrt: 0]
[alpha: 0.9]
[fair_c: 1]
[poisson_max_delta_step: 0.7]
[tweedie_variance_power: 1.5]
[lambdarank_truncation_level: 30]
[lambdarank_norm: 1]
[label_gain: ]
[lambdarank_position_bias_regularization: 0]
[eval_at: ]
[multi_error_top_k: 1]
[auc_mu_weights: ]
[num_machines: 1]
[local_listen_port: 12400]
[time_out: 120]
[machine_list_filename: ]
[machines: ]
[gpu_platform_id: -1]
[gpu_device_id: -1]
[gpu_use_dp: 0]
[num_gpu: 1]

end of parameters

pandas_categorical:null
