tree
version=v4
num_class=1
num_tree_per_iteration=1
label_index=0
max_feature_idx=25
objective=regression
feature_names=Column_0 Column_1 Column_2 Column_3 Column_4 Column_5 Column_6 Column_7 Column_8 Column_9 Column_10 Column_11 Column_12 Column_13 Column_14 Column_15 Column_16 Column_17 Column_18 Column_19 Column_20 Column_21 Column_22 Column_23 Column_24 Column_25
feature_infos=[1:10017] [21.500913619995117:437.50320434570312] [-46.623214721679688:156.28773498535156] [0.0050586326979100704:167.83737182617188] [-342.6300048828125:416.17999267578125] [-0.50499999523162842:0.1550000011920929] [19.103734970092773:428.66915893554688] [10036.052734375:12871.2734375] [-1:1] [-0.98077267408370972:0.97328609228134155] [-25:25] [0:0.99360066652297974] [0:0.58404231071472168] [-25:25] [-0.09104108065366745:0.96033948659896851] [3.8849925942940899e-08:0.6466706395149231] [-25:25] [-0.32490873336791992:0.9224887490272522] [3.3687317682051798e-06:0.81084883213043213] [10039.728515625:14719.443359375] [10058.7646484375:13161.4658203125] [10049.09375:12978.509765625] [10034.58984375:12979.171875] [10033.4814453125:12961.330078125] [10039.091796875:12942.892578125] [2.5229326638509519e-05:0.26590856909751892]
tree_sizes=1629 1620 1678 1666 1629 1652 1670 1654 1648 1646 1653 1664 1650 1661 1644 1658 1661 1655 1661 1627 1650 1645 1643 1655 1666 1648 1667 1646 1672 1645 1662 1646 1656 1655 1666 1668 1657 1635 1651 1661 1659 1660 1637 1659 1655 1658 1655 1653 1649 1628 1631 1657 1658 1662 1641 1651 1634 1654 1633 1658 1661 1643 1638 1648 1651 1639 1628 1645 1640 1652 1640 1608 1679 1635 1660 1619 1656 1634 1662 1666 1664 1640 1680 1637 1649 1648 1631 1635 1634 1643 1639 1614 1674 1642 1664 1624 1666 1633 1647 1662 1641 1635 1647 1645 1634 1606 1670 1607 1566 1647 1611 1619 1622 1641 1654 1632 1648 1656 1666 1644 1585 1611 1631 1629 1614 1631 1642 1610 1611 1634 1635 1611 1591 1598 1609 1605 1591 1630 1623 1621 1627 1597 1630 1641 1621 1646 1596 1631 1622 1615 1620 1632 1619 1638 1598 1639 1645 1582 1596 1615 1634 1642 1623 1612 1658 1636 1589 1612 1634 1629 1663 1604 1629 1549 1630 1646 1568 1591 1554 1622 1642 1607 1647 1546 1588 1625 1594 1657 1610 1600 1665 1582 1574 1594 1579 1593 1571 1655 1601 1612 1541 1664 1586 1597 1593 1604 1604 1639 1555 1651 1539 1655 1585 1540 1623 1642 1582 1623 1556 1615 1593 1668 1566 1587 1615 1520 1638 1618 1549 1562 1594 1593 1619 1639 1556 1615 1523 1563 1647 1597 1556 1658 1601 1551 1576 1614 1544 1569 1546 1591 1573 1585 1590 1664 1597 1573 1533 1598 1562 1558 1607 1577 1523 1582 1577 1652 1648 1567 1574 1572 1522 1634 1548 1625 1552 1576 1589 1523 1578 1647 1583 1649 1586 1595 1575 1567 1532 1633 1648 1526 1576 1570 1587 1606 1625 1537 1604 1565 1604 1582

Tree=0
num_leaves=15
num_cat=0
split_feature=8 20 7 4 7 20 23 9 23 4 9 8 20 7
split_gain=2.01052e+07 5.42994e+06 4.61748e+06 5.82288e+06 3.41219e+06 4.79348e+06 4.33271e+06 3.86109e+06 4.4109e+06 2.84911e+06 2.84858e+06 7.58231e+06 3.58427e+06 1.54192e+07
threshold=-1.0000000180025095e-35 11434.017089843752 10879.343750000002 -126.99499893188475 11188.368652343752 11164.425292968752 11175.851074218752 0.16236701607704165 11565.328613281252 -62.085000991821282 0.55642431974411022 -0.95236524939537037 12218.975585937502 12212.934082031252
decision_type=2 2 2 2 2 2 2 2 2 2 2 2 2 2
left_child=1 2 -1 -4 6 -6 9 -7 -9 -2 11 -3 -13 -14
right_child=4 10 3 -5 5 7 -8 8 -10 -11 -12 12 13 -15
leaf_value=0.90643594852307319 1.7842439147705671 0.82025864138257154 0.66373602866173964 0.79929050172013738 0.62688294610290096 0.91520149985313237 1.1232663230408331 0.84240113666190375 0.38957194129585981 0.94011560613682044 0.81124253192098539 0.94798583007037163 2.0059627953362669 0.99876681896077724
leaf_weight=106429 1594 178591 170426 494697 24940 1032623 58534 33517 11567 563420 214859 91699 7304 36051
leaf_count=106429 1594 178591 170426 494697 24940 1032623 58534 33517 11567 563420 214859 91699 7304 36051
internal_value=0.877355 0.817954 0.784126 0.764554 0.922092 0.900946 0.959485 0.907291 0.726138 0.942513 0.867341 0.905771 1.01885 1.16867
internal_weight=3.02625e+06 1.30006e+06 771552 665123 1.7262e+06 1.10265e+06 623548 1.07771e+06 45084 565014 528504 313645 135054 43355
internal_count=3026251 1300056 771552 665123 1726195 1102647 623548 1077707 45084 565014 528504 313645 135054 43355
is_linear=0
shrinkage=1


Tree=1
num_leaves=15
num_cat=0
split_feature=4 19 0 4 0 22 19 19 25 0 19 19 4 19
split_gain=1.87232e+07 4.40274e+06 4.62335e+06 2.38679e+06 2.1318e+06 2.01545e+06 3.55401e+06 1.7498e+06 2.25915e+06 1.71649e+06 2.42073e+06 4.93583e+06 1.96416e+06 1.69848e+06
threshold=3.0449999570846562 11433.258789062502 2886.5000000000005 -253.69499969482419 1597.5000000000002 10766.016601562502 10703.621582031252 13490.410644531252 0.028624733909964565 5547.5000000000009 12233.512207031252 12371.182617187502 -170.61000061035153 11020.861816406252
decision_type=2 2 2 2 2 2 2 2 2 2 2 2 2 2
left_child=1 2 -1 13 -2 6 -5 -6 -9 -3 -11 12 -12 -4
right_child=4 9 3 5 7 -7 -8 8 -10 10 11 -13 -14 -15
leaf_value=-0.045806811578139144 0.010532367292035634 -0.018995572447858648 -0.78659285061411033 -0.19053762123447704 0.061227909311499691 -0.14545670661021939 0.36392309541352968 0.11896347119755227 -0.70785318899825267 -0.018398645176861742 1.2902297956578872 0.085631640544612073 -0.11198343466920971 -0.27038505301784332
leaf_weight=478095 509401 527590 3482 9851 1160866 291621 8698 2583 2692 12607 2540 6228 472 9525
leaf_count=478095 509401 527590 3482 9851 1160866 291621 8698 2583 2692 12607 2540 6228 472 9525
internal_value=8.7315e-08 -0.0554067 -0.085307 -0.143739 0.0446654 -0.132599 0.0695151 0.0595754 -0.303525 -0.0118008 0.161876 0.407598 1.07084 -0.409075
internal_weight=3.02625e+06 1.35071e+06 801272 323177 1.67554e+06 310170 18549 1.16614e+06 5275 549437 21847 9240 3012 13007
internal_count=3026251 1350709 801272 323177 1675542 310170 18549 1166141 5275 549437 21847 9240 3012 13007
is_linear=0
shrinkage=0.02


Tree=2
num_leaves=15
num_cat=0
split_feature=4 21 7 4 9 23 9 7 24 24 9 21 7 7
split_gain=1.79818e+07 4.41411e+06 4.22951e+06 6.25459e+06 3.96427e+06 4.31616e+06 3.15671e+06 3.30806e+06 7.40529e+06 2.71435e+06 2.62564e+06 2.56468e+06 5.80943e+06 2.87417e+06
threshold=3.0449999570846562 11430.259765625002 10879.343750000002 -126.99499893188475 0.16236701607704165 11565.328613281252 -0.72443613409996022 10926.682617187502 10935.976074218752 10906.074218750002 0.8301217555999757 11172.770996093752 11186.826171875002 11196.183593750002
decision_type=2 2 2 2 2 2 2 2 2 2 2 2 2 2
left_child=1 2 9 -4 6 -6 -2 8 -8 -1 -3 13 -13 -9
right_child=4 10 3 -5 5 -7 7 11 -10 -11 -12 12 -14 -15
leaf_value=0.017869628972846937 0.17156054448936814 -0.0060189045185093182 -0.21019572550346982 -0.068949947756188068 -0.019000262893619894 -0.47922351262126106 0.086163021828660383 -0.0031562172918878136 0.61761032857313058 0.83370273277955353 -0.38650360854347904 0.24656800995940764 0.033415995567650097 -0.22524899776807369
leaf_weight=109240 79363 548354 165382 518745 27549 11567 229684 264327 10980 1646 7342 53976 972544 25552
leaf_count=109240 79363 548354 165382 518745 27549 11567 229684 264327 10980 1646 7342 53976 972544 25552
internal_value=6.13841e-08 -0.0542986 -0.0845258 -0.103098 0.043772 -0.155181 0.0485286 0.0422566 0.110434 0.0300542 -0.0110529 0.0297916 0.0446262 -0.0227402
internal_weight=3.02625e+06 1.35071e+06 795013 684127 1.67554e+06 39116 1.63643e+06 1.55706e+06 240664 110886 555696 1.3164e+06 1.02652e+06 289879
internal_count=3026251 1350709 795013 684127 1675542 39116 1636426 1557063 240664 110886 555696 1316399 1026520 289879
is_linear=0
shrinkage=0.02


Tree=3
num_leaves=15
num_cat=0
split_feature=8 20 7 4 7 20 24 4 24 8 7 8 8 20
split_gain=1.78819e+07 4.83841e+06 4.20653e+06 5.22127e+06 3.1604e+06 4.49138e+06 4.0404e+06 2.74543e+06 2.6136e+06 2.54321e+06 3.00207e+06 2.45669e+06 6.3835e+06 4.26127e+06
threshold=-1.0000000180025095e-35 11434.017089843752 10879.343750000002 -126.99499893188475 11188.368652343752 11164.425292968752 11187.770019531252 -62.085000991821282 10906.074218750002 -0.56388047337532032 11755.942382812502 -0.84077408909797657 -0.95236524939537037 12218.975585937502
decision_type=2 2 2 2 2 2 2 2 2 2 2 2 2 2
left_child=1 2 8 -4 6 -6 7 -2 -1 10 -3 12 -12 -14
right_child=4 9 3 -5 5 -7 -8 -9 -10 -11 11 -13 13 -15
leaf_value=0.01632649220867969 0.89218092813753436 0.12883629521611631 -0.20210163944653889 -0.073740591652350237 -0.24344646227224798 0.027981710927178837 0.28860328608410318 0.063601417579989244 0.81712937179970857 -0.37878404187049231 -0.056578293921234118 -0.078114200721765392 0.035020506183166836 0.29941830480314402
leaf_weight=104783 1594 60031 170426 494697 24940 1077707 34472 587482 1646 7342 176007 184187 59751 41186
leaf_count=104783 1594 60031 170426 494697 24940 1077707 34472 587482 1646 7342 176007 184187 59751 41186
internal_value=9.82033e-08 -0.0560203 -0.0879531 -0.106633 0.0421911 0.0218403 0.0781772 0.0658586 0.0287873 -0.00940143 -0.00419045 -0.0215106 0.0161361 0.142924
internal_weight=3.02625e+06 1.30006e+06 771552 665123 1.7262e+06 1.10265e+06 623548 589076 106429 528504 521162 461131 276944 100937
internal_count=3026251 1300056 771552 665123 1726195 1102647 623548 589076 106429 528504 521162 461131 276944 100937
is_linear=0
shrinkage=0.02


Tree=4
num_leaves=15
num_cat=0
split_feature=4 20 4 7 7 19 23 7 7 7 20 19 25 19
split_gain=1.66233e+07 4.13385e+06 3.89778e+06 5.20431e+06 3.1636e+06 1.00171e+07 2.92558e+06 2.6923e+06 2.68569e+06 2.6339e+06 3.0089e+06 2.8696e+06 2.86632e+06 2.5128e+06
threshold=4.0050001144409189 11431.194335937502 -126.99499893188475 10879.343750000002 10926.682617187502 10946.882324218752 10966.206542968752 10728.651367187502 10844.483886718752 10769.989746093752 10800.633300781252 10755.522460937502 0.041537042707204826 10921.620117187502
decision_type=2 2 2 2 2 2 2 2 2 2 2 2 2 2
left_child=1 2 3 7 5 -2 -7 -1 -9 11 -11 -4 -13 -6
right_child=4 -3 9 -5 13 6 -8 8 -10 10 -12 12 -14 -15
leaf_value=-0.17539569610374436 0.07999136155047952 -0.0098604209855637798 -0.0020188447915638554 -0.20053106059117518 -0.14635398623354542 0.88976931163541129 0.18258962111153362 0.50889273442504979 0.023821698610152785 -0.31650465131023131 -0.057807889813679347 0.11220667139085083 0.79327742568463511 0.034653382406993193
leaf_weight=9841 245921 556124 25842 168085 31368 8116 3295 8033 10563 18577 554975 5976 4210 1375325
leaf_count=9841 245921 556124 25842 168085 31368 8116 3295 8033 10563 18577 554975 5976 4210 1375325
internal_value=1.9928e-07 -0.0518069 -0.080745 -0.158199 0.0424113 0.106885 0.685907 0.091998 0.233522 -0.0557724 -0.0661923 0.110081 0.394206 0.0306161
internal_weight=3.02625e+06 1.36223e+06 806102 196522 1.66402e+06 257332 11411 28437 18596 609580 573552 36028 10186 1.40669e+06
internal_count=3026251 1362226 806102 196522 1664025 257332 11411 28437 18596 609580 573552 36028 10186 1406693
is_linear=0
shrinkage=0.02


Tree=5
num_leaves=15
num_cat=0
split_feature=8 20 0 8 0 8 23 19 20 8 8 20 21 0
split_gain=1.65298e+07 4.47502e+06 3.99517e+06 2.43874e+06 2.21723e+06 3.93364e+06 2.09111e+06 3.35543e+06 1.96075e+06 1.84727e+06 5.76758e+06 3.51436e+06 6.73673e+06 5.20902e+06
threshold=-1.0000000180025095e-35 11431.194335937502 2865.5000000000005 -0.56388047337532032 1618.5000000000002 0.68934190273284923 10765.883300781252 10703.621582031252 11725.389648437502 -0.8281784951686858 -0.95664271712303151 12218.975585937502 12341.518066406252 3479.5000000000005
decision_type=2 2 2 2 2 2 2 2 2 2 2 2 2 2
left_child=1 2 -1 8 -2 -6 7 -4 -3 10 -10 -12 13 -13
right_child=4 3 6 -5 5 -7 -8 -9 9 -11 11 12 -14 -15
leaf_value=-0.045567688841224301 0.0080430348917135356 0.11280780109858024 -0.18359101004752607 -0.37102172169399367 0.22479827837924954 0.048321974093612337 -0.15037733658730904 0.35241561070825766 -0.057090631992266452 -0.065381723030022348 0.031847025320242812 0.35349745017347955 0.12168133071064091 1.2330982371196446
leaf_weight=441905 564382 51623 9977 7342 52925 1108888 307234 8768 172643 189294 64509 7329 35173 4259
leaf_count=441905 564382 51623 9977 7342 52925 1108888 307234 8768 172643 189294 64509 7329 35173 4259
internal_value=3.08169e-07 -0.0538606 -0.0847508 -0.00928763 0.0405649 0.056363 -0.137865 0.06718 -0.00422022 -0.0169892 0.0152768 0.127555 0.259553 0.677568
internal_weight=3.02625e+06 1.30006e+06 767884 532172 1.7262e+06 1.16181e+06 325979 18745 524830 473207 283913 111270 46761 11588
internal_count=3026251 1300056 767884 532172 1726195 1161813 325979 18745 524830 473207 283913 111270 46761 11588
is_linear=0
shrinkage=0.02


Tree=6
num_leaves=15
num_cat=0
split_feature=8 21 7 4 7 23 0 22 7 21 23 8 21 7
split_gain=1.58752e+07 4.23501e+06 3.89682e+06 4.85416e+06 2.98812e+06 5.95878e+06 2.92635e+06 2.78503e+06 2.68383e+06 3.82364e+06 3.7096e+06 4.038e+06 2.46181e+06 7.08293e+06
threshold=1.0000000180025095e-35 11430.259765625002 10879.343750000002 -126.99499893188475 10926.682617187502 10932.789550781252 3414.5000000000005 10937.726074218752 11188.368652343752 11175.101074218752 11175.851074218752 0.68934190273284923 10808.614746093752 10789.720703125002
decision_type=2 2 2 2 2 2 2 2 2 2 2 2 2 2
left_child=1 2 12 -4 5 6 -2 -6 10 -10 11 -9 13 -1
right_child=4 -3 3 -5 7 -7 -8 8 9 -11 -12 -13 -14 -15
leaf_value=0.04845270798434996 0.033665138281404036 -0.0097838762003499991 -0.19500095659166319 -0.069714435275203129 -0.10282530917623563 0.53213367579797866 0.17940736435784507 0.3017751885890686 -0.19232205249564899 0.026514848000055304 0.23036179269041668 0.025547042503539924 0.14879149277349432 -0.50167116745699203
leaf_weight=53298 170843 537449 165382 490796 61796 12254 81343 23467 32910 1069737 58534 215311 41785 11346
leaf_count=53298 170843 537449 165382 490796 61796 12254 81343 23467 32910 1069737 58534 215311 41785 11346
internal_value=4.09172e-07 -0.0527832 -0.0830865 -0.101294 0.0397536 0.101619 0.0806799 0.0285611 0.0343614 0.0199817 0.0876892 0.0527062 0.0291686 -0.0481647
internal_weight=3.02625e+06 1.30006e+06 762607 656178 1.7262e+06 264440 252186 1.46176e+06 1.39996e+06 1.10265e+06 297312 238778 106429 64644
internal_count=3026251 1300056 762607 656178 1726195 264440 252186 1461755 1399959 1102647 297312 238778 106429 64644
is_linear=0
shrinkage=0.02


Tree=7
num_leaves=15
num_cat=0
split_feature=9 7 4 9 7 19 7 24 7 21 7 19 25 9
split_gain=1.53724e+07 5.11961e+06 3.76872e+06 4.07762e+06 4.05257e+06 9.91937e+06 3.38644e+06 3.26493e+06 3.21791e+06 1.16673e+07 3.95121e+06 3.14792e+06 3.87263e+06 3.09951e+06
threshold=0.53606674075126659 10769.989746093752 31.554999351501468 -0.72443613409996022 10926.682617187502 10949.830566406252 10858.977050781252 12829.062011718752 11004.516113281252 10986.460937500002 11015.070312500002 10703.621582031252 0.051061946898698814 0.16236701607704165
decision_type=2 2 2 2 2 2 2 2 2 2 2 2 2 2
left_child=2 11 -1 -4 5 -5 -3 8 -8 10 -10 -2 -13 -6
right_child=1 6 3 4 13 -7 7 -9 9 -11 -12 12 -14 -15
leaf_value=-0.0056053106875071299 -0.053236428095028203 -0.35307336654171878 0.2101465093772617 0.092257991522321711 0.029531217591620033 0.78928503657923221 -0.0049931219049662648 0.41006004614885172 0.0096482774994307279 -0.094272006022724925 -0.79159619982678975 0.12475794789138514 0.74571297942807679 -0.18645953763993675
leaf_weight=934380 14074 19237 58312 192401 1078607 8519 146301 5298 3032 508360 13075 11140 6278 27237
leaf_count=934380 14074 19237 58312 192401 1078607 8519 146301 5298 3032 508360 13075 11140 6278 27237
internal_value=4.31819e-07 -0.0801769 0.0253425 0.0465259 0.0392231 0.12185 -0.0914744 -0.0840256 -0.0879342 -0.11107 -0.640855 0.169206 0.34887 0.0242097
internal_weight=3.02625e+06 726795 2.29946e+06 1.36508e+06 1.30676e+06 200920 695303 676066 670768 524467 16107 31492 17418 1.10584e+06
internal_count=3026251 726795 2299456 1365076 1306764 200920 695303 676066 670768 524467 16107 31492 17418 1105844
is_linear=0
shrinkage=0.02


Tree=8
num_leaves=15
num_cat=0
split_feature=8 21 0 7 7 19 24 4 24 7 19 7 7 8
split_gain=1.47052e+07 4.02829e+06 3.77509e+06 3.75431e+06 2.77439e+06 4.40868e+06 3.80463e+06 2.60891e+06 2.40455e+06 2.3573e+06 2.47272e+06 1.11418e+07 2.57185e+06 2.31772e+06
threshold=1.0000000180025095e-35 11430.259765625002 2844.5000000000005 10886.141601562502 11188.368652343752 11204.311523437502 11187.770019531252 -60.385000228881829 10906.074218750002 11422.027343750002 10982.824707031252 11015.070312500002 10950.057617187502 -0.56388047337532032
decision_type=2 2 2 2 2 2 2 2 2 2 2 2 2 2
left_child=1 2 -1 8 6 -6 7 -2 -4 10 11 12 -5 -3
right_child=4 13 3 9 5 -7 -8 -9 -10 -11 -12 -13 -14 -15
leaf_value=-0.041963175089935856 0.84101784208595387 -0.0039728244668732942 0.015608349380466353 -0.30123532229268396 -0.10597546602597344 0.031970103110622698 0.27617151611258445 0.057754640909758181 0.793603553046351 -0.617207408098986 -0.11677980047904578 -0.90414245348602196 -0.035671348184862811 -0.36153310757652157
leaf_weight=437194 1696 530107 39325 26388 102123 1000524 34472 587380 1646 4388 211903 9153 32610 7342
leaf_count=437194 1696 530107 39325 26388 102123 1000524 34472 587380 1646 4388 211903 9153 32610 7342
internal_value=4.83107e-07 -0.0508008 -0.0803552 -0.131932 0.0382607 0.0191932 0.0719777 0.060024 0.0470506 -0.157714 -0.150492 -0.255282 -0.154481 -0.00886407
internal_weight=3.02625e+06 1.30006e+06 762607 325413 1.7262e+06 1.10265e+06 623548 589076 40971 284442 280054 68151 58998 537449
internal_count=3026251 1300056 762607 325413 1726195 1102647 623548 589076 40971 284442 280054 68151 58998 537449
is_linear=0
shrinkage=0.02


Tree=9
num_leaves=15
num_cat=0
split_feature=8 22 22 8 24 8 8 22 19 24 6 19 24 17
split_gain=1.4123e+07 3.76532e+06 3.50705e+06 1.97166e+06 1.92335e+06 2.28268e+06 5.6022e+06 3.03924e+06 3.64343e+06 5.25563e+06 3.29894e+06 1.6378e+06 1.58788e+06 1.63229e+06
threshold=1.0000000180025095e-35 11593.395019531252 11725.983886718752 0.68934190273284923 12829.062011718752 -0.8281784951686858 -0.95664271712303151 12142.984863281252 12371.182617187502 12265.796386718752 64.067794799804702 11989.901367187502 10867.320312500002 0.49372719228267675
decision_type=2 2 2 2 2 2 2 2 2 2 2 2 2 2
left_child=1 12 -3 -2 5 6 -4 -8 9 -9 -11 -7 -1 -14
right_child=3 2 4 -5 -6 11 7 8 -10 10 -12 -13 13 -15
leaf_value=-0.0032337465730351107 0.12859008527721644 0.2911729711781465 -0.056888243518081832 0.032479925304537749 0.30528739938013738 0.033719687772430701 0.025704694982683126 0.23047019112578146 0.10928100960479381 0.10858698470700807 1.2014406946071023 -0.10802261584416145 -0.071547700973655981 -0.14694845720517657
leaf_weight=104005 90072 15382 170595 1636123 7346 42342 58205 13293 33698 1454 4620 141767 563070 144279
leaf_count=104005 90072 15382 170595 1636123 7346 42342 58205 13293 33698 1454 4620 141767 563070 144279
internal_value=4.42607e-07 -0.049785 -0.00592833 0.0374956 -0.0155895 -0.0206546 0.0151211 0.125519 0.234975 0.453508 0.940444 -0.0754241 -0.0762007 -0.0869292
internal_weight=3.02625e+06 1.30006e+06 488702 1.7262e+06 473320 465974 281865 111270 53065 19367 6074 184109 811354 707349
internal_count=3026251 1300056 488702 1726195 473320 465974 281865 111270 53065 19367 6074 184109 811354 707349
is_linear=0
shrinkage=0.02


Tree=10
num_leaves=15
num_cat=0
split_feature=8 20 0 7 7 19 0 24 19 8 7 7 8 7
split_gain=1.35636e+07 3.80052e+06 3.50793e+06 3.48351e+06 2.70225e+06 9.07063e+06 2.52968e+06 2.31978e+06 2.29227e+06 2.2647e+06 2.49652e+06 2.61443e+06 2.21715e+06 2.78632e+06
threshold=1.0000000180025095e-35 11434.017089843752 2844.5000000000005 10886.141601562502 10926.682617187502 10946.882324218752 3543.5000000000005 10906.074218750002 10921.620117187502 0.68934190273284923 11008.638671875002 10972.804199218752 -0.56388047337532032 11755.942382812502
decision_type=2 2 2 2 2 2 2 2 2 2 2 2 2 2
left_child=1 2 -1 7 5 6 -2 -4 -6 10 11 -10 13 -3
right_child=4 12 3 -5 8 -7 -8 -9 9 -11 -12 -13 -14 -15
leaf_value=-0.040054103566954886 0.029561180291108755 0.12555128038101168 0.015563496215848101 -0.15052509330159422 -0.14186236956625645 0.64690971947929787 0.16792431902874719 0.7797222439793573 0.15595533483648397 0.024106981357047245 0.066866405733649548 0.6368652671737105 -0.35236329010644957 -0.019292449112097151
leaf_weight=439837 177826 60031 39325 290744 31784 11411 75203 1646 12283 1359537 50996 7155 7342 461131
leaf_count=439837 177826 60031 39325 290744 31784 11411 75203 1646 12283 1359537 50996 7155 7342 461131
internal_value=5.71123e-07 -0.048789 -0.0770904 -0.126196 0.0367457 0.0955777 0.0706893 0.0464466 0.0261021 0.0298364 0.140408 0.333213 -0.00747168 -0.00260623
internal_weight=3.02625e+06 1.30006e+06 771552 331715 1.7262e+06 264440 253029 40971 1.46176e+06 1.42997e+06 70434 19438 528504 521162
internal_count=3026251 1300056 771552 331715 1726195 264440 253029 40971 1461755 1429971 70434 19438 528504 521162
is_linear=0
shrinkage=0.02


Tree=11
num_leaves=15
num_cat=0
split_feature=8 22 7 4 7 23 21 4 4 7 21 21 7 7
split_gain=1.30265e+07 3.58955e+06 1.91009e+07 3.37231e+06 2.59656e+06 3.71782e+06 3.5912e+06 2.4863e+06 2.33611e+06 2.31525e+06 2.73094e+06 2.33692e+06 6.61143e+06 4.19156e+06
threshold=1.0000000180025095e-35 12225.601074218752 12205.471191406252 -253.69499969482419 11188.368652343752 11175.851074218752 11175.101074218752 -62.085000991821282 37.104999542236335 10879.343750000002 10893.449218750002 10808.614746093752 10789.720703125002 10833.810546875002
decision_type=2 2 2 2 2 2 2 2 2 2 2 2 2 2
left_child=1 3 -3 -1 5 7 -6 -2 9 11 -11 12 -5 -13
right_child=4 2 -4 8 6 -7 -8 -9 -10 10 -12 13 -14 -15
leaf_value=-0.32426174313706063 0.83921814754420654 0.97718514128219369 -0.010429251905858423 0.047484897966170683 -0.18818464392403317 0.22034437249317154 0.023896278502904888 0.050669053034497022 0.59190736225179952 -0.2784753208836116 -0.063402347962381075 0.61623275144176648 -0.4840133201454957 0.060698557903941776
leaf_weight=19315 1594 8139 202123 53298 32910 58534 1069737 563420 2200 24217 937633 6409 11346 35376
leaf_count=19315 1594 8139 202123 53298 32910 58534 1069737 563420 2200 24217 937633 6409 11346 35376
internal_value=6.89141e-07 -0.0478132 0.0278447 -0.0624105 0.036011 0.0686295 0.0175648 0.0529085 -0.0576829 -0.0590262 -0.0688202 0.0294851 -0.0458612 0.146034
internal_weight=3.02625e+06 1.30006e+06 210262 1.08979e+06 1.7262e+06 623548 1.10265e+06 565014 1.07048e+06 1.06828e+06 961850 106429 64644 41785
internal_count=3026251 1300056 210262 1089794 1726195 623548 1102647 565014 1070479 1068279 961850 106429 64644 41785
is_linear=0
shrinkage=0.02


Tree=12
num_leaves=15
num_cat=0
split_feature=9 7 7 9 7 20 19 7 9 20 19 25 7 7
split_gain=1.31127e+07 4.73121e+06 3.22711e+06 3.20061e+06 3.10707e+06 6.33908e+06 4.87399e+06 4.15523e+06 3.06336e+06 4.10114e+06 3.02322e+06 3.7037e+06 2.92383e+06 3.13628e+06
threshold=0.53606674075126659 10769.989746093752 10858.977050781252 -0.72443613409996022 10886.141601562502 10946.573242187502 10925.989746093752 10921.998535156252 -0.32445363700389857 10886.916992187502 10703.621582031252 0.051061946898698814 12832.255859375002 11004.516113281252
decision_type=2 2 2 2 2 2 2 2 2 2 2 2 2 2
left_child=3 10 -3 -1 5 -5 8 -8 -6 -10 -2 -12 13 -4
right_child=1 2 12 4 6 -7 7 -9 9 -11 11 -13 -14 -15
leaf_value=0.14580930102071082 -0.052305080550903965 -0.34028027845833592 0.00047176281658383254 0.073476259021201737 -0.0056029493415132312 1.0400327751473966 0.42702334582027701 0.015294704429051476 -0.49006507002021393 -0.11155634340223673 0.12258620343867026 0.72984775911201982 0.38133158680707396 -0.10425491150155326
leaf_weight=82378 14074 19237 146301 258623 45220 2733 9847 1847206 16610 36839 11140 6278 5497 524268
leaf_count=82378 14074 19237 146301 258623 45220 2733 9847 1847206 16610 36839 11140 6278 5497 524268
internal_value=8.1336e-07 -0.0740493 -0.0849098 0.0234063 0.0188576 0.083623 0.0102022 0.0174802 -0.126765 -0.229253 0.165686 0.341757 -0.0776385 -0.0814065
internal_weight=3.02625e+06 726795 695303 2.29946e+06 2.21708e+06 261356 1.95572e+06 1.85705e+06 98669 53449 31492 17418 676066 670569
internal_count=3026251 726795 695303 2299456 2217078 261356 1955722 1857053 98669 53449 31492 17418 676066 670569
is_linear=0
shrinkage=0.02


Tree=13
num_leaves=15
num_cat=0
split_feature=8 21 0 8 0 8 8 8 24 24 8 22 25 19
split_gain=1.21151e+07 3.48396e+06 3.47632e+06 2.08965e+06 2.03628e+06 3.24627e+06 1.77551e+06 3.32105e+06 3.02668e+06 2.99784e+06 1.85356e+06 3.67721e+06 2.75359e+06 4.55455e+06
threshold=1.0000000180025095e-35 11430.259765625002 2865.5000000000005 -0.56388047337532032 1734.5000000000002 0.68934190273284923 -0.99445033073425282 -0.84077408909797657 11942.616210937502 12829.062011718752 -0.9504232108592986 12142.984863281252 0.067047823220491423 12332.223144531252
decision_type=2 2 2 2 2 2 2 2 2 2 2 2 2 2
left_child=1 2 -1 6 -2 -6 -3 10 -9 -10 -8 -12 -13 -14
right_child=4 3 -4 -5 5 -7 7 8 9 -11 11 12 13 -15
leaf_value=-0.03706185706223291 0.0051480458114116544 -0.070407433701487124 -0.12350646167211221 -0.34197703351661318 0.20846979765037499 0.043341488973237752 -0.009642061737012696 0.094680249038425687 -0.094332965086634107 0.38884040923299362 0.043261705842809521 0.18563451451261392 1.1406138890981674 0.23727938195528225
leaf_weight=440323 604750 119235 322284 7342 49827 1071618 64726 53290 159153 5298 83610 35161 3510 6124
leaf_count=440323 604750 119235 322284 7342 49827 1071618 64726 53290 159153 5298 83610 35161 3510 6124
internal_value=9.18194e-07 -0.04611 -0.0735952 -0.00710946 0.0347287 0.0506801 -0.00246514 0.0172529 -0.0362977 -0.0787441 0.0776261 0.121613 0.267814 0.567239
internal_weight=3.02625e+06 1.30006e+06 762607 537449 1.7262e+06 1.12144e+06 530107 410872 217741 164451 193131 128405 44795 9634
internal_count=3026251 1300056 762607 537449 1726195 1121445 530107 410872 217741 164451 193131 128405 44795 9634
is_linear=0
shrinkage=0.02


Tree=14
num_leaves=15
num_cat=0
split_feature=9 8 24 20 9 0 19 4 4 24 0 22 9 0
split_gain=1.21662e+07 5.08114e+06 2.73582e+06 2.56963e+06 8.1843e+06 3.42649e+06 4.5059e+06 5.98336e+06 2.81505e+06 2.26378e+06 2.52926e+06 2.14094e+06 2.069e+06 2.38325e+06
threshold=0.53606674075126659 -0.95236524939537037 12829.062011718752 12175.379394531252 -0.10272181034088133 2584.5000000000005 12371.182617187502 -115.63499832153319 -218.04499816894528 10780.731933593752 2603.5000000000005 10805.475585937502 -0.7377723455429076 1597.5000000000002
decision_type=2 2 2 2 2 2 2 2 2 2 2 2 2 2
left_child=1 -1 9 8 -5 -6 7 -7 -3 -2 -11 -12 13 -10
right_child=2 3 -4 4 5 6 -8 -9 12 10 11 -13 -14 -15
leaf_value=-0.054327773132355282 0.071392427984378476 -0.18837514329324084 0.38107824522375533 0.036249700739187617 0.11950681493873122 1.1165474826356299 0.13917384448674228 0.38625081188929355 -0.0017390428537110661 -0.047162668985560624 -0.71582405305240859 -0.11984195673180588 0.022206148131328148 0.27899667933557998
leaf_weight=299170 40087 24811 5298 313103 32254 6024 16128 17594 21771 363056 2420 315934 1541394 27207
leaf_count=299170 40087 24811 5298 313103 32254 6024 16128 17594 21771 363056 2420 315934 1541394 27207
internal_value=1.01e-06 0.022546 -0.0713267 0.0340437 0.080467 0.272721 0.396993 0.572915 0.0229747 -0.074654 -0.0832468 -0.124395 0.0262731 0.154233
internal_weight=3.02625e+06 2.29946e+06 726795 2.00029e+06 385103 72000 39746 23618 1.61518e+06 721497 681410 318354 1.59037e+06 48978
internal_count=3026251 2299456 726795 2000286 385103 72000 39746 23618 1615183 721497 681410 318354 1590372 48978
is_linear=0
shrinkage=0.02


Tree=15
num_leaves=15
num_cat=0
split_feature=9 9 4 9 23 23 4 19 4 23 23 4 19 19
split_gain=1.16845e+07 2.89615e+06 2.07553e+06 3.3454e+06 5.20418e+06 2.26167e+06 5.76374e+06 7.11845e+06 2.72666e+06 2.04699e+06 2.19678e+06 2.09238e+06 2.83073e+06 2.02171e+06
threshold=0.53606674075126659 -0.72443613409996022 32.68499946594239 0.16236701607704165 11565.328613281252 12225.847167968752 -175.52500152587888 12371.182617187502 -253.69499969482419 10779.875976562502 10804.566406250002 -126.99499893188475 11548.692871093752 13490.410644531252
decision_type=2 2 2 2 2 2 2 2 2 2 2 2 2 2
left_child=1 -1 5 13 -5 8 7 -7 -3 -2 -11 12 -12 -4
right_child=9 2 3 4 -6 6 -8 -9 -10 10 11 -13 -14 -15
leaf_value=0.13853082588777194 0.069861154611881193 -0.2916932550425157 0.039823704618835387 0.017961933790630654 -0.56416097990885927 1.1326965779957294 0.032019709660272871 0.05484261202825047 -0.014468895928583365 -0.36303162402285566 -0.20680339285628602 -0.054904384192151427 -0.024967649898552453 -0.56304071212004403
leaf_weight=82378 39625 14458 1266848 17501 9455 4364 153930 5577 742726 10636 93349 529096 54089 2219
leaf_count=82378 39625 14458 1266848 17501 9455 4364 153930 5577 742726 10636 93349 529096 54089 2219
internal_value=1.08498e-06 0.0220952 0.0177683 0.0340815 -0.186354 -0.00518618 0.0621791 0.528675 -0.0197661 -0.0699002 -0.0779604 -0.0734734 -0.140102 0.0387651
internal_weight=3.02625e+06 2.29946e+06 2.21708e+06 1.29602e+06 26956 921055 163871 9941 757184 726795 687170 676534 147438 1.26907e+06
internal_count=3026251 2299456 2217078 1296023 26956 921055 163871 9941 757184 726795 687170 676534 147438 1269067
is_linear=0
shrinkage=0.02


Tree=16
num_leaves=15
num_cat=0
split_feature=4 22 4 19 4 0 19 25 0 4 19 19 25 4
split_gain=1.06626e+07 2.90529e+06 5.48731e+06 7.25022e+06 3.26106e+06 1.93938e+06 1.61173e+06 2.67986e+06 1.56253e+06 1.62464e+06 2.49409e+06 2.24752e+06 2.02619e+06 1.53162e+06
threshold=10.015000343322756 12225.601074218752 -170.61000061035153 12371.182617187502 -228.83499908447263 2623.5000000000005 13490.410644531252 0.036938678473234184 1753.5000000000002 123.76499938964845 12791.838378906252 12717.599121093752 0.019403575919568542 214.22499847412112
decision_type=2 2 2 2 2 2 2 2 2 2 2 2 2 2
left_child=1 4 3 -3 -1 -6 8 -8 -2 10 -10 12 13 -11
right_child=6 2 -4 -5 5 -7 7 -9 9 11 -12 -13 -14 -15
leaf_value=-0.23384593188911232 0.0066293320272152656 0.95721168024489756 -0.0049883378851068956 0.10783696741038901 -0.024899531559825671 -0.077597337763275001 0.10748311339856952 -0.87121028256992206 0.06659073067852804 -0.1284194417447567 0.42085210818322843 -0.14993120831486992 0.042936121488943678 -1.5175439130889703
leaf_weight=38254 481929 5514 214745 14775 691490 468683 2432 2060 613525 23258 8044 28503 432727 312
leaf_count=38254 481929 5514 214745 14775 691490 468683 2432 2060 613525 23258 8044 28503 432727 312
internal_value=1.02326e-06 -0.0395714 0.0247219 0.339033 -0.0521807 -0.0461887 0.035615 -0.342273 0.0366859 0.0497783 0.0711821 0.0223351 0.033099 -0.147444
internal_weight=3.02625e+06 1.43346e+06 235034 20289 1.19843e+06 1.16017e+06 1.59279e+06 4492 1.5883e+06 1.10637e+06 621569 484800 456297 23570
internal_count=3026251 1433461 235034 20289 1198427 1160173 1592790 4492 1588298 1106369 621569 484800 456297 23570
is_linear=0
shrinkage=0.02


Tree=17
num_leaves=15
num_cat=0
split_feature=9 7 7 19 25 7 20 9 7 20 19 7 9 20
split_gain=1.09408e+07 4.36156e+06 3.06656e+06 2.90833e+06 3.56263e+06 2.80074e+06 1.18128e+07 2.76585e+06 2.99275e+06 6.06064e+06 4.63146e+06 3.99959e+06 2.83282e+06 3.90394e+06
threshold=0.53606674075126659 10769.989746093752 10858.977050781252 10703.621582031252 0.050663005560636527 11004.516113281252 10975.904785156252 -0.72443613409996022 10886.141601562502 10946.573242187502 10925.989746093752 10921.998535156252 -0.32445363700389857 10886.916992187502
decision_type=2 2 2 2 2 2 2 2 2 2 2 2 2 2
left_child=7 3 -3 -2 -5 -4 -7 -1 9 -9 12 -12 -10 -14
right_child=1 2 5 4 -6 6 -8 8 10 -11 11 -13 13 -15
leaf_value=0.13516659339180068 -0.051268572621291336 -0.32700286233970216 0.0064829706294432512 0.1183500624581181 0.71247496964237345 -0.6826253838731845 -0.077258116386517861 0.070793262920591432 -0.0083442433534580054 1.0158836887233065 0.4175516971279768 0.013607644229297477 -0.47787898336006307 -0.10858294213969652
leaf_weight=82378 14074 19237 146301 11068 6350 13214 516551 258623 45220 2733 9847 1847206 16610 36839
leaf_count=82378 14074 19237 146301 11068 6350 13214 516551 258623 45220 2733 9847 1847206 16610 36839
internal_value=9.17267e-07 -0.0676392 -0.0780668 0.162541 0.335233 -0.0709788 -0.0923705 0.0213803 0.0171519 0.0807146 0.00865716 0.0157518 -0.124859 -0.223415
internal_weight=3.02625e+06 726795 695303 31492 17418 676066 529765 2.29946e+06 2.21708e+06 261356 1.95572e+06 1.85705e+06 98669 53449
internal_count=3026251 726795 695303 31492 17418 676066 529765 2299456 2217078 261356 1955722 1857053 98669 53449
is_linear=0
shrinkage=0.02


Tree=18
num_leaves=15
num_cat=0
split_feature=4 22 4 19 4 19 19 22 17 4 20 19 19 20
split_gain=9.92918e+06 2.78143e+06 5.27404e+06 6.95114e+06 3.11695e+06 1.69956e+06 1.54779e+06 1.59855e+06 1.37696e+06 1.22629e+06 1.66485e+06 1.40557e+06 1.25627e+06 1.17553e+06
threshold=10.015000343322756 12225.601074218752 -170.61000061035153 12371.182617187502 -253.69499969482419 11020.861816406252 13490.410644531252 12783.526367187502 0.21644368022680285 -107.47000122070311 11431.194335937502 11911.125976562502 12212.427734375002 12854.678222656252
decision_type=2 2 2 2 2 2 2 2 2 2 2 2 2 2
left_child=1 4 3 -3 5 -1 -2 -8 -6 10 -10 -12 -11 -4
right_child=6 2 13 -5 8 -7 7 -9 9 12 11 -13 -14 -15
leaf_value=-0.70198560673209964 0.035417784582332065 0.93815843825318879 -0.012964338799200536 0.10648634006562988 0.041262624550487355 -0.21422074184945605 0.23479058233233652 -0.5842638158154746 -0.1114144417056192 -0.035000098935539119 0.090213806927333912 -0.078909439896176589 -0.2239662435489933 0.25140240496267768
leaf_weight=3482 1588298 5514 207802 14775 67567 15833 1362 3130 238177 778911 34532 45603 14322 6943
leaf_count=3482 1588298 5514 207802 14775 67567 15833 1362 3130 238177 778911 34532 45603 14322 6943
internal_value=9.48683e-07 -0.0381863 0.0247216 0.332864 -0.0505239 -0.302471 0.0343683 -0.335948 -0.0463942 -0.0517229 -0.0848845 -0.00602796 -0.0384147 -0.0044056
internal_weight=3.02625e+06 1.43346e+06 235034 20289 1.19843e+06 19315 1.59279e+06 4492 1.17911e+06 1.11154e+06 318312 80135 793233 214745
internal_count=3026251 1433461 235034 20289 1198427 19315 1592790 4492 1179112 1111545 318312 80135 793233 214745
is_linear=0
shrinkage=0.02


Tree=19
num_leaves=15
num_cat=0
split_feature=4 7 19 21 4 7 7 7 19 19 7 24 7 7
split_gain=9.53597e+06 2.60772e+06 8.07177e+06 2.56438e+06 2.97959e+06 4.01925e+06 2.46694e+06 2.44469e+06 2.34385e+06 2.00046e+06 2.01849e+06 1.89739e+06 1.89614e+06 1.71078e+06
threshold=10.015000343322756 10926.682617187502 10946.882324218752 11430.259765625002 -126.99499893188475 10879.343750000002 10728.651367187502 10844.483886718752 10930.491210937502 10849.967285156252 10761.730957031252 10977.139648437502 11422.027343750002 10769.989746093752
decision_type=2 2 2 2 2 2 2 2 2 2 2 2 2 2
left_child=3 2 -2 4 5 6 -1 9 -3 10 -8 -4 -7 -6
right_child=1 8 11 -5 13 12 7 -9 -10 -11 -12 -13 -14 -15
leaf_value=-0.1651199575469687 0.068314370668305952 -0.13275941278469067 0.74619656421003056 -0.0057994990995257709 0.089070791136743571 -0.15663127372561023 0.79236559545760599 0.026236716597848368 0.027177606922745817 0.89254140674130489 -0.051283827845870496 0.10385544951476174 -0.63009195938529672 -0.04760037909776025
leaf_weight=9841 236595 37699 8998 597903 38997 161935 1728 10563 1307182 3042 3263 2316 3447 602742
leaf_count=9841 236595 37699 8998 597903 38997 161935 1728 10563 1307182 3042 3263 2316 3447 602742
internal_value=9.11646e-07 0.0336809 0.093284 -0.0374226 -0.0600509 -0.128772 0.0908398 0.226311 0.0226934 0.489036 0.241804 0.614918 -0.166537 -0.0392939
internal_weight=3.02625e+06 1.59279e+06 247909 1.43346e+06 835558 193819 28437 18596 1.34488e+06 8033 4991 11314 165382 641739
internal_count=3026251 1592790 247909 1433461 835558 193819 28437 18596 1344881 8033 4991 11314 165382 641739
is_linear=0
shrinkage=0.02


Tree=20
num_leaves=15
num_cat=0
split_feature=9 7 7 7 21 7 19 25 24 9 7 21 19 7
split_gain=9.99531e+06 4.11552e+06 2.93972e+06 2.7409e+06 1.02883e+07 3.57199e+06 2.73152e+06 3.3851e+06 2.65016e+06 2.62335e+06 2.77892e+06 5.67506e+06 4.33804e+06 3.71587e+06
threshold=0.53606674075126659 10769.989746093752 10858.977050781252 11004.516113281252 10986.460937500002 11015.070312500002 10703.621582031252 0.051449242979288108 12829.062011718752 -0.72443613409996022 10886.141601562502 10944.047363281252 10925.989746093752 10921.998535156252
decision_type=2 2 2 2 2 2 2 2 2 2 2 2 2 2
left_child=9 6 -3 -4 5 -5 -2 -8 -6 -1 11 -11 -12 -14
right_child=1 2 3 4 8 -7 7 -9 -10 10 12 -13 13 -15
leaf_value=0.13125202420099608 -0.048266263908597465 -0.31851324670192221 0.0087898509608001305 0.031855085529951851 -0.078028827921645172 -0.72989784313478123 0.11864243969242638 0.7006734602941509 0.37119930367821463 0.068059452577955523 -0.12108559419380893 0.99129277231081048 0.40228510967515091 0.012931599764258204
leaf_weight=82378 14074 19237 146301 3032 508360 13075 11212 6206 5298 258675 98669 2681 9847 1847206
leaf_count=82378 14074 19237 146301 3032 508360 13075 11212 6206 5298 258675 98669 2681 9847 1847206
internal_value=9.96171e-07 -0.0646505 -0.0747798 -0.0678399 -0.0890019 -0.586573 0.158943 0.326303 -0.0733882 0.0204358 0.0163177 0.0775677 0.00813208 0.0149983
internal_weight=3.02625e+06 726795 695303 676066 529765 16107 31492 17418 513658 2.29946e+06 2.21708e+06 261356 1.95572e+06 1.85705e+06
internal_count=3026251 726795 695303 676066 529765 16107 31492 17418 513658 2299456 2217078 261356 1955722 1857053
is_linear=0
shrinkage=0.02


Tree=21
num_leaves=15
num_cat=0
split_feature=9 9 24 0 20 4 23 9 20 4 4 4 9 4
split_gain=9.59952e+06 2.51947e+06 2.43888e+06 2.33093e+06 2.03272e+06 5.01809e+06 6.06698e+06 3.90011e+06 2.72119e+06 2.4175e+06 2.14764e+06 1.97913e+06 2.43411e+06 2.08584e+06
threshold=0.53606674075126659 -0.72443613409996022 12829.062011718752 1501.5000000000002 12175.379394531252 -175.52500152587888 12418.659667968752 -0.11756055802106856 12538.182128906252 -117.84499740600585 -253.69499969482419 19.134999275207523 -0.10272181034088133 87.875000000000014
decision_type=2 2 2 2 2 2 2 2 2 2 2 2 2 2
left_child=1 3 -2 -1 7 6 -6 -3 9 -7 -9 -11 -13 -14
right_child=2 4 -4 -5 5 8 -8 10 -10 11 -12 12 13 -15
leaf_value=-0.0084843106613307039 -0.066499087159595918 0.028959585080042882 0.36378929253590742 0.21116290769984619 1.0300942149937002 0.43192832668468789 0.049054874146450697 -0.27366955080487498 -0.0038908548912506996 0.010279542036576052 -0.027230429642899814 0.090058851404318865 0.11122665675111446 0.49092294920972934
leaf_weight=30958 721497 1114692 5298 51420 4594 8192 5577 14458 230945 88226 633906 93139 10616 12733
leaf_count=30958 721497 1114692 5298 51420 4594 8192 5577 14458 230945 88226 633906 93139 10616 12733
internal_value=1.07873e-06 0.0200272 -0.0633575 0.128627 0.0159915 0.0537284 0.492746 0.00627317 0.0436573 0.0952319 -0.03273 0.0817379 0.135853 0.31841
internal_weight=3.02625e+06 2.29946e+06 726795 82378 2.21708e+06 454022 10171 1.76306e+06 443851 212906 648364 204714 116488 23349
internal_count=3026251 2299456 726795 82378 2217078 454022 10171 1763056 443851 212906 648364 204714 116488 23349
is_linear=0
shrinkage=0.02


Tree=22
num_leaves=15
num_cat=0
split_feature=9 8 7 7 7 24 7 7 25 24 7 24 7 17
split_gain=9.2194e+06 4.2918e+06 3.95498e+06 2.82186e+06 2.6371e+06 9.5209e+06 4.16013e+06 2.60877e+06 3.26217e+06 2.3547e+06 2.39345e+06 4.56173e+06 7.94808e+06 2.1238e+06
threshold=0.53606674075126659 -0.95236524939537037 10769.989746093752 10858.977050781252 11004.516113281252 11022.739746093752 11015.070312500002 10706.830566406252 0.050663005560636527 12829.062011718752 11199.230468750002 11199.705566406252 11228.336914062502 0.20223365724086764
decision_type=2 2 2 2 2 2 2 2 2 2 2 2 2 2
left_child=1 -1 7 -4 -5 6 -6 -2 -9 10 -7 12 -12 -3
right_child=2 13 3 4 5 9 -8 8 -10 -11 11 -13 -14 -15
leaf_value=-0.051023921687218227 -0.045675585081209905 0.12467328661608003 -0.31081700737539236 0.0099439577070914165 -0.008144907279503474 0.0031978768053964454 -0.50605460429467708 0.11322013847474015 0.68154290773846071 0.35652722210559462 -0.13391992808618716 -0.064346935123715115 -0.72092117207830497 0.025698516704474938
leaf_weight=299170 14053 90838 19237 146301 8719 138804 29159 11089 6350 5298 41019 294869 11897 1909448
leaf_count=299170 14053 90838 19237 146301 8719 138804 29159 11089 6350 5298 41019 294869 11897 1909448
internal_value=1.21833e-06 0.0196268 -0.0620903 -0.07202 -0.0652207 -0.0859781 -0.391475 0.157098 0.320435 -0.0624456 -0.0670147 -0.0950365 -0.266006 0.0301938
internal_weight=3.02625e+06 2.29946e+06 726795 695303 676066 529765 37878 31492 17439 491887 486589 347785 52916 2.00029e+06
internal_count=3026251 2299456 726795 695303 676066 529765 37878 31492 17439 491887 486589 347785 52916 2000286
is_linear=0
shrinkage=0.02


Tree=23
num_leaves=15
num_cat=0
split_feature=9 8 7 7 7 21 7 7 25 24 0 9 24 7
split_gain=8.85436e+06 4.12185e+06 3.79853e+06 2.71018e+06 2.5327e+06 9.61529e+06 3.33984e+06 2.5056e+06 3.1374e+06 2.34912e+06 2.12086e+06 3.38027e+06 2.56304e+06 1.22108e+07
threshold=0.53606674075126659 -0.95236524939537037 10769.989746093752 10858.977050781252 11004.516113281252 10986.460937500002 11015.070312500002 10706.830566406252 0.052244570106267936 12829.062011718752 1163.5000000000002 -0.72443613409996022 12152.713867187502 12202.979980468752
decision_type=2 2 2 2 2 2 2 2 2 2 2 2 2 2
left_child=1 -1 7 -4 -5 6 -6 -2 -9 -7 -3 -12 -13 -14
right_child=2 10 3 4 5 9 -8 8 -10 -11 11 12 13 -15
leaf_value=-0.050003477356811106 -0.04476272216673307 -0.0077171257768494693 -0.30460389455409254 0.0097450921167440054 0.032708051176340659 -0.073533754493051107 -0.70386871594010814 0.11799711815791827 0.68115023163546062 0.34941010252001314 0.19123033848511392 0.021905554777025608 0.42457363813685189 0.038666852230411164
leaf_weight=299170 14053 467164 19237 146301 3032 508360 13075 11377 6062 5298 57616 1180295 37572 257639
leaf_count=299170 14053 467164 19237 146301 3032 508360 13075 11377 6062 5298 57616 1180295 37572 257639
internal_value=1.15944e-06 0.0192343 -0.0608486 -0.07058 -0.0639166 -0.084259 -0.565279 0.153961 0.314035 -0.0691646 0.02959 0.0409579 0.0350888 0.0877946
internal_weight=3.02625e+06 2.29946e+06 726795 695303 676066 529765 16107 31492 17439 513658 2.00029e+06 1.53312e+06 1.47551e+06 295211
internal_count=3026251 2299456 726795 695303 676066 529765 16107 31492 17439 513658 2000286 1533122 1475506 295211
is_linear=0
shrinkage=0.02


Tree=24
num_leaves=15
num_cat=0
split_feature=8 22 7 4 7 19 23 4 7 7 19 7 7 23
split_gain=8.03633e+06 2.69144e+06 1.52642e+07 2.74871e+06 2.31063e+06 4.1049e+06 3.66764e+06 2.45878e+06 2.11653e+06 2.09214e+06 1.09102e+07 6.71809e+06 4.04172e+06 3.18369e+06
threshold=1.0000000180025095e-35 12225.601074218752 12205.471191406252 -278.60499572753901 11188.368652343752 11204.311523437502 11175.851074218752 -60.385000228881829 12231.562988281252 11434.893066406252 11446.846191406252 11577.411621093752 11408.011230468752 11565.328613281252
decision_type=2 2 2 2 2 2 2 2 2 2 2 2 2 2
left_child=1 3 -3 -1 6 -6 7 -2 -5 10 -7 13 -12 -11
right_child=4 2 -4 8 5 9 -8 -9 -10 11 12 -13 -14 -15
leaf_value=-0.38721466996365167 0.80157879436979285 0.87661448349380977 -0.0062559353426329782 -0.044258535456570394 -0.10989498686979193 0.046673244283641967 0.20974249084293084 0.041144315468575429 -0.3137061660203378 -0.11374675180489123 1.1945481039199575 0.027885629466501194 0.3839907858909456 -0.47467278039584065
leaf_weight=9585 1696 8139 202123 1068429 102123 207005 58534 563318 11780 69710 4172 702259 6015 11363
leaf_count=9585 1696 8139 202123 1068429 102123 207005 58534 563318 11780 69710 4172 702259 6015 11363
internal_value=1.18134e-06 -0.0375539 0.0279589 -0.0501939 0.0282852 0.0108843 0.0590554 0.0434411 -0.0471998 0.0232132 0.0781358 0.00798412 0.716796 -0.164386
internal_weight=3.02625e+06 1.30006e+06 210262 1.08979e+06 1.7262e+06 1.10265e+06 623548 565014 1.08021e+06 1.00052e+06 217192 783332 10187 81073
internal_count=3026251 1300056 210262 1089794 1726195 1102647 623548 565014 1080209 1000524 217192 783332 10187 81073
is_linear=0
shrinkage=0.02


Tree=25
num_leaves=15
num_cat=0
split_feature=9 9 0 24 4 20 9 4 19 9 19 4 4 9
split_gain=8.2764e+06 2.29368e+06 2.17139e+06 2.15361e+06 1.91807e+06 1.85982e+06 4.75626e+06 3.50463e+06 5.53996e+06 3.46211e+06 2.1101e+06 2.76651e+06 2.00671e+06 1.93923e+06
threshold=0.53606674075126659 -0.72443613409996022 1501.5000000000002 12829.062011718752 -126.99499893188475 12175.379394531252 0.31547822058200842 -103.76499938964842 12371.182617187502 -0.11756055802106856 12517.969238281252 19.134999275207523 -253.69499969482419 -0.56046268343925465
decision_type=2 2 2 2 2 2 2 2 2 2 2 2 2 2
left_child=1 2 -1 4 -2 9 10 8 -8 -3 11 -7 -11 -13
right_child=3 5 -4 -5 -6 6 7 -9 -10 12 -12 13 -14 -15
leaf_value=-0.010119724974968774 -0.12394374198838452 0.026824306081881875 0.20187656343539676 0.3425599611749221 -0.044673637884948603 -0.018832681066732231 0.94909976518826411 0.11657503065543041 0.17589698449056601 -0.26419850226940467 -0.0068948450081695823 0.03440181610599722 -0.025982077296038734 0.21676879189704404
leaf_weight=30958 155695 1114692 51420 5298 565802 62508 6285 27677 9029 14458 247695 36640 633906 64188
leaf_count=30958 155695 1114692 51420 5298 565802 62508 6285 27677 9029 14458 247695 36640 633906 64188
internal_value=1.29857e-06 0.0185961 0.122216 -0.058829 -0.0617812 0.0147455 0.0508419 0.250975 0.49364 0.0054497 0.0299037 0.085705 -0.0312981 0.150508
internal_weight=3.02625e+06 2.29946e+06 82378 726795 721497 2.21708e+06 454022 42991 15314 1.76306e+06 411031 163336 648364 100828
internal_count=3026251 2299456 82378 726795 721497 2217078 454022 42991 15314 1763056 411031 163336 648364 100828
is_linear=0
shrinkage=0.02


Tree=26
num_leaves=15
num_cat=0
split_feature=9 8 24 0 9 24 9 4 19 4 4 4 0 23
split_gain=7.94867e+06 3.75253e+06 2.06846e+06 2.00266e+06 3.11123e+06 2.32909e+06 7.72846e+06 2.19126e+06 2.10674e+06 5.35999e+06 1.90872e+06 1.8768e+06 1.86235e+06 2.16904e+06
threshold=0.53606674075126659 -0.95236524939537037 12829.062011718752 1182.5000000000002 -0.72443613409996022 12152.713867187502 -0.10272181034088133 -218.04499816894528 12371.182617187502 -129.57500457763669 87.875000000000014 117.77499771118165 2623.5000000000005 10765.883300781252
decision_type=2 2 2 2 2 2 2 2 2 2 2 2 2 2
left_child=1 -1 12 -3 -5 7 11 -6 9 -8 -11 -7 -2 -14
right_child=2 3 -4 4 5 6 8 -9 -10 10 -12 -13 13 -15
leaf_value=-0.047838844421718617 -0.030846047870897252 -0.0077659280052398997 0.33572165120926512 0.18383588107429916 -0.16489447277240987 0.083100665883515751 0.97497079673468123 0.025041152094123182 0.14086325783577724 0.14243312908394742 0.46885174382979983 -0.030391531435208896 0.13391102666476568 -0.10669628699873608
leaf_weight=299170 389108 474782 5298 57300 24811 134818 5325 1149626 21834 16402 12733 102655 15723 316666
leaf_count=299170 389108 474782 5298 57300 24811 134818 5325 1149626 21834 16402 12733 102655 15723 316666
internal_value=1.37661e-06 0.0182243 -0.0576524 0.0281052 0.0392693 0.0336261 0.0839919 0.0210272 0.294664 0.392042 0.285202 0.0340409 -0.0605456 -0.0953111
internal_weight=3.02625e+06 2.29946e+06 726795 2.00029e+06 1.5255e+06 1.4682e+06 293767 1.17444e+06 56294 34460 29135 237473 721497 332389
internal_count=3026251 2299456 726795 2000286 1525504 1468204 293767 1174437 56294 34460 29135 237473 721497 332389
is_linear=0
shrinkage=0.02


Tree=27
num_leaves=15
num_cat=0
split_feature=9 7 7 7 20 7 7 22 7 7 25 7 22 20
split_gain=7.63391e+06 3.59176e+06 2.62243e+06 2.43896e+06 1.01379e+07 2.5136e+06 2.51191e+06 4.86777e+06 7.93332e+06 2.40134e+06 2.99687e+06 2.32457e+06 5.29545e+06 3.58868e+06
threshold=0.53606674075126659 10769.989746093752 10858.977050781252 11004.516113281252 10972.629394531252 11059.523925781252 11199.230468750002 11199.938964843752 11228.336914062502 10706.830566406252 0.053068358451128013 10886.141601562502 10876.604980468752 10921.013183593752
decision_type=2 2 2 2 2 2 2 2 2 2 2 2 2 2
left_child=11 9 -3 -4 -5 -6 -7 8 -8 -2 -11 12 -1 -13
right_child=1 2 3 4 5 6 7 -9 -10 10 -12 13 -14 -15
leaf_value=0.046394384574189269 -0.042164411951011872 -0.29616584408564445 0.012878036607628174 -0.67050797972828846 -0.22792890951940123 0.020944470117901636 -0.12839846092380161 -0.051246817233767061 -0.72277891541257078 0.12105435052209731 0.67470076194250606 -0.10837437722858459 0.36862113263769458 0.016389161829900373
leaf_weight=255132 14053 19237 146301 11346 35868 129468 40238 301289 11556 11525 5914 96848 22164 1925312
leaf_count=255132 14053 19237 146301 11346 35868 129468 40238 301289 11556 11525 5914 96848 22164 1925312
internal_value=1.48834e-06 -0.0564993 -0.0659621 -0.0594075 -0.0793699 -0.0664197 -0.0544102 -0.082041 -0.261128 0.152382 0.30909 0.01786 0.0721621 0.0104133
internal_weight=3.02625e+06 726795 695303 676066 529765 518419 482551 353083 51794 31492 17439 2.29946e+06 277296 2.02216e+06
internal_count=3026251 726795 695303 676066 529765 518419 482551 353083 51794 31492 17439 2299456 277296 2022160
is_linear=0
shrinkage=0.02


Tree=28
num_leaves=15
num_cat=0
split_feature=8 21 7 7 8 8 7 19 23 7 23 21 7 7
split_gain=6.94173e+06 2.60243e+06 3.01939e+06 2.50187e+06 2.56547e+06 4.25495e+06 2.25349e+06 3.89601e+06 3.4078e+06 2.21834e+06 2.53293e+06 2.42528e+06 3.06638e+06 2.68648e+06
threshold=-0.70459485054016102 11430.259765625002 10879.343750000002 11755.942382812502 -0.8281784951686858 -0.95236524939537037 11188.368652343752 11204.311523437502 11175.851074218752 11027.221191406252 11019.067382812502 10974.863281250002 10918.357421875002 10926.682617187502
decision_type=2 2 2 2 2 2 2 2 2 2 2 2 2 2
left_child=1 2 -1 -3 5 -5 8 -8 9 11 -11 13 -13 -2
right_child=6 3 -4 4 -6 -7 7 -9 -10 10 -12 12 -14 -15
leaf_value=0.036773594956986962 0.071771772848505513 0.10989608276174398 -0.079386462981443209 -0.045859950212124162 -0.089688007076877199 0.11420507102619736 -0.10376605379232137 0.019748689256793343 0.19348655676581344 -0.26997400288124057 -0.0015568389005220485 1.0890790976719007 0.13176805090981311 -0.038160575257580376
leaf_weight=105197 263183 68596 599977 176007 141815 106688 113157 1049374 63276 16734 87811 1347 98810 134279
leaf_count=105197 263183 68596 599977 176007 141815 106688 113157 1049374 63276 16734 87811 1347 98810 134279
internal_value=1.39262e-06 -0.0374109 -0.0620575 -0.00216405 -0.0202739 0.0145498 0.0245262 0.00772536 0.0538768 0.0392034 -0.0445429 0.0567983 0.14475 0.034632
internal_weight=3.02625e+06 1.19828e+06 705174 493106 424510 282695 1.82797e+06 1.16253e+06 665440 602164 104545 497619 100157 397462
internal_count=3026251 1198280 705174 493106 424510 282695 1827971 1162531 665440 602164 104545 497619 100157 397462
is_linear=0
shrinkage=0.02


Tree=29
num_leaves=15
num_cat=0
split_feature=9 8 7 7 7 24 4 7 25 7 22 7 17 24
split_gain=7.08076e+06 3.45165e+06 3.39266e+06 2.55878e+06 2.33395e+06 1.08113e+07 2.85969e+06 2.30648e+06 2.88881e+06 2.09494e+06 4.65309e+06 7.59576e+06 1.94641e+06 1.92252e+06
threshold=0.53606674075126659 -0.95236524939537037 10769.989746093752 10858.977050781252 11008.638671875002 11019.254882812502 -80.75500106811522 10706.830566406252 0.0358384307473898 11199.230468750002 11203.191406250002 11228.336914062502 0.20223365724086764 12829.062011718752
decision_type=2 2 2 2 2 2 2 2 2 2 2 2 2 2
left_child=1 -1 7 -4 -5 6 -6 -2 -9 -7 11 -11 -3 -12
right_child=2 12 3 4 5 9 -8 8 -10 10 13 -13 -14 -15
leaf_value=-0.046158513769212449 -0.042069314558442483 0.11712503241664496 -0.29100363756131076 0.012087695478165546 -0.66359881321243774 0.012284516912947616 -0.28048876484312352 0.038019890981071967 0.55292071036239077 -0.12251833278316028 -0.053715974560998685 -0.67306745884618968 0.022373748939713597 0.33040324642398056
leaf_weight=299170 14053 90838 19237 151238 12646 138739 20360 8498 8941 46660 288366 12759 1909448 5298
leaf_count=299170 14053 90838 19237 151238 12646 138739 20360 8498 8941 46660 288366 12759 1909448 5298
internal_value=1.44022e-06 0.0172008 -0.0544138 -0.0636106 -0.0571361 -0.0770839 -0.427432 0.148595 0.302177 -0.053564 -0.0794379 -0.240831 0.0266772 -0.046775
internal_weight=3.02625e+06 2.29946e+06 726795 695303 676066 524828 33006 31492 17439 491822 353083 59419 2.00029e+06 293664
internal_count=3026251 2299456 726795 695303 676066 524828 33006 31492 17439 491822 353083 59419 2000286 293664
is_linear=0
shrinkage=0.02


Tree=30
num_leaves=15
num_cat=0
split_feature=9 8 7 23 19 25 7 21 21 7 22 7 0 9
split_gain=6.80043e+06 3.31496e+06 3.25844e+06 2.46476e+06 2.22867e+06 2.78975e+06 2.22008e+06 1.0895e+07 2.13103e+06 2.56181e+06 4.47343e+06 7.33952e+06 1.92212e+06 2.95483e+06
threshold=0.53606674075126659 -0.95236524939537037 10769.989746093752 10804.566406250002 10703.621582031252 0.053068358451128013 11008.638671875002 10986.460937500002 11058.401367187502 11199.230468750002 11199.938964843752 11228.336914062502 1143.5000000000002 -0.72443613409996022
decision_type=2 2 2 2 2 2 2 2 2 2 2 2 2 2
left_child=1 -1 4 -4 -2 -6 -5 -8 -9 -10 11 -11 -3 -14
right_child=2 12 3 6 5 -7 7 8 9 10 -12 -13 13 -15
leaf_value=-0.045235374021542353 -0.041541319165647746 -0.0097746323930222798 -0.28835681464096996 0.011322100128482868 0.11510492431345785 0.64944030951519904 -0.6170681574406498 -0.22519324485986716 0.026637130742788218 -0.12186451139350613 -0.04833862248771114 -0.69358014524549871 0.17692701379189757 0.031369717845039204
leaf_weight=299170 14074 459148 18769 151706 11504 5914 14442 29496 127815 40230 301289 11556 57957 1483181
leaf_count=299170 14074 459148 18769 151706 11504 5914 14442 29496 127815 40230 301289 11556 57957 1483181
internal_value=1.33929e-06 0.0168568 -0.0533259 -0.0623389 0.145627 0.2968 -0.0560643 -0.0755428 -0.0602079 -0.0500838 -0.0778572 -0.249552 0.0261437 0.0368448
internal_weight=3.02625e+06 2.29946e+06 726795 695303 31492 17418 676534 524828 510386 480890 353075 51786 2.00029e+06 1.54114e+06
internal_count=3026251 2299456 726795 695303 31492 17418 676534 524828 510386 480890 353075 51786 2000286 1541138
is_linear=0
shrinkage=0.02


Tree=31
num_leaves=15
num_cat=0
split_feature=9 8 7 7 7 20 20 7 20 7 8 7 9 7
split_gain=6.5312e+06 3.1837e+06 3.12956e+06 2.37227e+06 2.15679e+06 9.10589e+06 2.24568e+06 2.12749e+06 2.0268e+06 1.13217e+07 5.27427e+06 2.29518e+06 2.74435e+06 2.80984e+06
threshold=0.53606674075126659 -0.95236524939537037 10769.989746093752 10858.977050781252 11004.516113281252 10972.629394531252 11039.234863281252 10706.830566406252 12175.379394531252 12202.979980468752 -1.0000000180025095e-35 12531.569824218752 -0.70459485054016102 12672.994628906252
decision_type=2 2 2 2 2 2 2 2 2 2 2 2 2 2
left_child=1 -1 7 -4 -5 -6 -7 -2 -3 10 -10 -11 13 -13
right_child=2 8 3 4 5 6 -8 -9 9 11 -12 12 -14 -15
leaf_value=-0.044330696996645963 -0.040398290929184733 0.01579029479224003 -0.28004121241991331 0.013116865427979019 -0.633872577928008 -0.24360023452037177 -0.051848461822029408 0.29022119314098144 0.81545603550135159 0.092357388632466508 0.26198180515365577 0.842236222143945 -0.035572936829944481 0.12185147403358267
leaf_weight=299170 14053 1615183 19237 146301 11346 25696 492723 17439 8641 136216 33876 2525 188938 14907
leaf_count=299170 14053 1615183 19237 146301 11346 25696 492723 17439 8641 136216 33876 2525 188938 14907
internal_value=1.24083e-06 0.0165196 -0.0522597 -0.0610927 -0.0548586 -0.0736308 -0.0613574 0.142719 0.0256208 0.0668501 0.374634 0.0286425 -0.0134154 0.226622
internal_weight=3.02625e+06 2.29946e+06 726795 695303 676066 529765 518419 31492 2.00029e+06 385103 42517 342586 206370 17432
internal_count=3026251 2299456 726795 695303 676066 529765 518419 31492 2000286 385103 42517 342586 206370 17432
is_linear=0
shrinkage=0.02


Tree=32
num_leaves=15
num_cat=0
split_feature=9 7 23 7 22 23 9 7 9 23 7 22 7 7
split_gain=6.27265e+06 3.00569e+06 2.28454e+06 2.13079e+06 5.04358e+06 3.14244e+06 3.84615e+06 2.72611e+06 2.51292e+06 2.20018e+06 2.06118e+06 9.68777e+06 2.0433e+06 1.94861e+06
threshold=0.53606674075126659 10769.989746093752 10804.566406250002 10886.141601562502 10876.604980468752 10929.589355468752 -0.32599240541458124 10926.682617187502 -0.72443613409996022 10932.789550781252 11008.638671875002 11021.708984375002 10706.830566406252 11199.230468750002
decision_type=2 2 2 2 2 2 2 2 2 2 2 2 2 2
left_child=3 12 -3 4 -1 6 7 -5 -7 -6 -4 -12 -2 -13
right_child=1 2 10 5 9 8 -8 -9 -10 -11 11 13 -14 -15
leaf_value=0.043031601112249178 -0.039590900185218832 -0.27746916843673614 0.011099698584154848 0.22941999677509869 0.28361025044825311 0.13924634241305736 -0.21845691736362072 -0.070139744015535702 0.010847571872606638 0.89619848307956018 -0.40383108017680591 0.013222920196131947 0.2844200950344058 -0.075255778871284845
leaf_weight=255132 14053 18769 151706 17108 19504 63041 52586 41875 1847550 2660 33083 138662 17439 353083
leaf_count=255132 14053 18769 151706 17108 19504 63041 52586 41875 1847550 2660 33083 138662 17439 353083
internal_value=1.29016e-06 -0.0512147 -0.0598712 0.0161894 0.0681789 0.00905988 -0.0941087 0.0167713 0.0150849 0.357502 -0.0538303 -0.0725988 0.139866 -0.0503068
internal_weight=3.02625e+06 726795 695303 2.29946e+06 277296 2.02216e+06 111569 58983 1.91059e+06 22164 676534 524828 31492 491745
internal_count=3026251 726795 695303 2299456 277296 2022160 111569 58983 1910591 22164 676534 524828 31492 491745
is_linear=0
shrinkage=0.02


Tree=33
num_leaves=15
num_cat=0
split_feature=5 20 7 7 7 20 7 7 7 19 23 22 24 7
split_gain=5.30934e+06 2.61231e+06 1.33221e+07 1.93071e+06 2.47017e+06 2.13901e+06 4.32066e+06 3.58441e+06 1.90583e+06 7.38047e+06 2.56371e+06 2.42577e+06 2.3657e+06 1.95939e+06
threshold=-0.0074999998323619357 12228.965820312502 12205.471191406252 10879.343750000002 10934.469238281252 10820.808105468752 10833.810546875002 10789.720703125002 10926.682617187502 10946.882324218752 10966.206542968752 10937.726074218752 10946.990234375002 11186.826171875002
decision_type=2 2 2 2 2 2 2 2 2 2 2 2 2 2
left_child=1 3 -3 5 -5 7 -7 -1 9 -2 -11 12 -10 -13
right_child=8 2 -4 4 -6 6 -8 -9 11 10 -12 13 -14 -15
leaf_value=0.039051364554548058 0.048611187996887004 0.83077498790177506 -0.00015589082485431839 -0.19058581067072131 -0.046838872764690419 0.6359233460624989 0.061517511456455357 -0.3460078831907481 -0.089480440462281208 0.76789199288449539 0.10033990957461018 0.06244256882565475 -1.0193586721638785 0.0063088560065274017
leaf_weight=49689 259661 8066 174104 50651 852497 6225 32779 11996 65874 7907 3249 314604 1103 1187846
leaf_count=49689 259661 8066 174104 50651 852497 6225 32779 11996 65874 7907 3249 314604 1103 1187846
internal_value=1.31911e-06 -0.0329968 0.036679 -0.0456414 -0.0549026 0.0374258 0.153332 -0.0358755 0.0212682 0.0702639 0.573744 0.0128131 -0.104944 0.0180633
internal_weight=3.02625e+06 1.18601e+06 182170 1.00384e+06 903148 100689 39004 61685 1.84024e+06 270817 11156 1.56943e+06 66977 1.50245e+06
internal_count=3026251 1186007 182170 1003837 903148 100689 39004 61685 1840244 270817 11156 1569427 66977 1502450
is_linear=0
shrinkage=0.02


Tree=34
num_leaves=15
num_cat=0
split_feature=8 20 7 0 7 8 8 20 7 7 20 23 7 21
split_gain=5.65611e+06 2.44339e+06 3.05539e+06 2.82684e+06 2.48116e+06 2.25623e+06 3.77288e+06 2.10644e+06 1.00211e+07 2.07979e+06 3.68534e+06 3.59536e+06 2.01296e+06 2.77475e+06
threshold=-0.70459485054016102 11434.017089843752 11755.942382812502 2886.5000000000005 10886.141601562502 -0.8281784951686858 -0.95664271712303151 12218.975585937502 12212.934082031252 11186.826171875002 11164.425292968752 11175.851074218752 11021.642089843752 10974.863281250002
decision_type=2 2 2 2 2 2 2 2 2 2 2 2 2 2
left_child=1 3 -3 -1 -5 6 -4 -8 -9 11 -11 12 13 -2
right_child=9 2 5 4 -6 -7 7 8 -10 10 -12 -13 -14 -15
leaf_value=-0.023522482861319641 0.030988020801672872 0.13493354075164368 -0.043596405493591582 0.043298579467453829 -0.12669576005520555 -0.083015390752198645 0.031025649061520146 0.87877722312013851 0.080232648566321355 -0.22551494071014527 0.011599411630594612 0.20394405841795413 -0.039967740956471778 0.15308434410355434
leaf_weight=415221 396543 59651 172643 39581 259317 141815 63291 7474 39287 26824 1144608 55962 112379 91655
leaf_count=415221 396543 59651 172643 39581 259317 141815 63291 7474 39287 26824 1144608 55962 112379 91655
internal_value=1.34991e-06 -0.0337693 0.000915395 -0.0572847 -0.104184 -0.0179192 0.0147383 0.106246 0.208028 0.0221389 0.00616796 0.0506346 0.036346 0.0539133
internal_weight=3.02625e+06 1.19828e+06 484161 714119 298898 424510 282695 110052 46761 1.82797e+06 1.17143e+06 656539 600577 488198
internal_count=3026251 1198280 484161 714119 298898 424510 282695 110052 46761 1827971 1171432 656539 600577 488198
is_linear=0
shrinkage=0.02


Tree=35
num_leaves=15
num_cat=0
split_feature=9 8 24 0 9 24 9 4 22 4 4 4 4 9
split_gain=5.68609e+06 2.84373e+06 1.89467e+06 1.83095e+06 2.71385e+06 2.12442e+06 6.85025e+06 2.01689e+06 1.88966e+06 4.51126e+06 1.8578e+06 1.80043e+06 1.71215e+06 1.76433e+06
threshold=0.53606674075126659 -0.95236524939537037 12829.062011718752 1201.5000000000002 -0.72443613409996022 12152.713867187502 -0.10272181034088133 -218.04499816894528 12418.282714843752 -132.02500152587888 89.125000000000014 117.77499771118165 -126.99499893188475 0.8301217555999757
decision_type=2 2 2 2 2 2 2 2 2 2 2 2 2 2
left_child=1 -1 12 -3 -5 7 11 -6 9 -8 -11 -7 -2 -14
right_child=2 3 -4 4 5 6 8 -9 -10 10 -12 -13 13 -15
leaf_value=-0.042095604422025944 -0.11026107502868834 -0.0099258439988369317 0.32772311137656501 0.17016980119903694 -0.16090496143483041 0.078972917554413366 0.90542862422386994 0.021326673924857615 0.12868795923398835 0.13261441822336298 0.45410880938305959 -0.032398050033048728 -0.031534079470803986 -0.36080671990052787
leaf_weight=299170 155695 482408 5298 57006 24811 133638 5282 1143738 21397 16745 12606 102655 559226 6576
leaf_count=299170 155695 482408 5298 57006 24811 133638 5282 1143738 21397 16745 12606 102655 559226 6576
internal_value=1.39073e-06 0.0154141 -0.0487613 0.0240156 0.0348028 0.0295194 0.0777395 0.0174561 0.276542 0.367825 0.270802 0.0305896 -0.0515303 -0.0353674
internal_weight=3.02625e+06 2.29946e+06 726795 2.00029e+06 1.51788e+06 1.46087e+06 292323 1.16855e+06 56030 34633 29351 236293 721497 565802
internal_count=3026251 2299456 726795 2000286 1517878 1460872 292323 1168549 56030 34633 29351 236293 721497 565802
is_linear=0
shrinkage=0.02


Tree=36
num_leaves=15
num_cat=0
split_feature=8 21 7 4 7 7 8 8 24 7 24 24 7 7
split_gain=5.23833e+06 2.2484e+06 2.54733e+06 3.07885e+06 2.34021e+06 2.14924e+06 2.12097e+06 3.51361e+06 2.0555e+06 2.0049e+06 3.18671e+06 3.0572e+06 1.97782e+06 1.91069e+06
threshold=-0.70459485054016102 11430.259765625002 10879.343750000002 -113.38499832153319 11755.942382812502 11448.922363281252 -0.8281784951686858 -0.95664271712303151 10906.074218750002 11188.368652343752 11205.495117187502 11176.576660156252 11422.027343750002 11208.557617187502
decision_type=2 2 2 2 2 2 2 2 2 2 2 2 2 2
left_child=1 2 8 12 5 -3 7 -6 -1 11 13 -2 -4 -11
right_child=9 4 3 -5 6 -7 -8 -9 -10 10 -12 -13 -14 -15
leaf_value=0.024479791867439 0.035283030895461594 -0.022536583764543809 -0.12762536655716619 -0.039956284819191119 -0.04188266486824533 0.20416253384931213 -0.080366193026539148 0.10271975099188313 0.753155893114687 -0.039272390002408911 0.016355820371677536 0.18306434376365327 -0.58248831416227076 -0.215552310610019
leaf_weight=103635 603730 28906 190499 405585 172643 39690 141815 110052 1562 77588 1048939 61710 3893 36004
leaf_count=103635 603730 28906 190499 405585 172643 39690 141815 110052 1562 77588 1048939 61710 3893 36004
internal_value=1.46047e-06 -0.0324981 -0.055407 -0.0713238 0.000263595 0.108643 -0.0172514 0.014412 0.0353702 0.0213058 0.00545875 0.0489902 -0.136764 -0.0951601
internal_weight=3.02625e+06 1.19828e+06 705174 599977 493106 68596 424510 282695 105197 1.82797e+06 1.16253e+06 665440 194392 113592
internal_count=3026251 1198280 705174 599977 493106 68596 424510 282695 105197 1827971 1162531 665440 194392 113592
is_linear=0
shrinkage=0.02


Tree=37
num_leaves=15
num_cat=0
split_feature=9 7 8 23 7 20 19 25 20 7 8 7 23 20
split_gain=5.29955e+06 2.78283e+06 2.60994e+06 2.19862e+06 1.97953e+06 1.05518e+07 1.96782e+06 2.68076e+06 1.83941e+06 1.02528e+07 4.42314e+06 2.16305e+06 2.71459e+06 2.59037e+06
threshold=0.53606674075126659 10769.989746093752 -0.95236524939537037 10804.566406250002 11008.638671875002 10983.823242187502 10703.621582031252 0.0358384307473898 12175.379394531252 12202.979980468752 0.6083776354789735 12719.121582031252 12679.257324218752 12741.297363281252
decision_type=2 2 2 2 2 2 2 2 2 2 2 2 2 2
left_child=2 6 -1 -3 -5 -6 -2 -8 -4 10 -10 12 -11 -14
right_child=1 3 8 4 5 -7 7 -9 9 11 -12 -13 13 -15
leaf_value=-0.040213997688306628 -0.039088278081777179 -0.26887044848069674 0.013756370531522946 0.01415297265806476 -0.60195828231347503 -0.052812337627087945 0.02391638594243831 0.52022766209874205 0.75898794545998205 0.038415614134997458 0.25212355194063196 -0.058624065846587942 0.59032379512909172 0.087920598942669098
leaf_weight=299170 14074 18769 1615183 151706 14381 510447 8477 8941 8641 236539 33876 89251 7132 9664
leaf_count=299170 14074 18769 1615183 151706 14381 510447 8477 8941 8641 236539 33876 89251 7132 9664
internal_value=1.44197e-06 -0.0470746 0.014881 -0.055404 -0.0494779 -0.0678709 0.136786 0.278836 0.0231214 0.0623985 0.355292 0.0260394 0.0558679 0.301479
internal_weight=3.02625e+06 726795 2.29946e+06 695303 676534 524828 31492 17418 2.00029e+06 385103 42517 342586 253335 16796
internal_count=3026251 726795 2299456 695303 676534 524828 31492 17418 2000286 385103 42517 342586 253335 16796
is_linear=0
shrinkage=0.02


Tree=38
num_leaves=15
num_cat=0
split_feature=9 7 8 7 7 21 19 25 24 17 21 7 22 7
split_gain=5.08973e+06 2.67272e+06 2.5066e+06 2.11835e+06 1.92338e+06 9.39988e+06 1.88998e+06 2.60223e+06 1.87882e+06 1.77234e+06 1.66696e+06 2.69061e+06 3.9197e+06 7.0221e+06
threshold=0.53606674075126659 10769.989746093752 -0.95236524939537037 10858.977050781252 11008.638671875002 10991.893554687502 10703.621582031252 0.053068358451128013 12829.062011718752 0.15741544216871264 11058.401367187502 11199.230468750002 11199.938964843752 11228.336914062502
decision_type=2 2 2 2 2 2 2 2 2 2 2 2 2 2
left_child=2 6 -1 -3 -5 -6 -2 -8 10 -4 -7 -12 13 -13
right_child=1 3 9 4 5 8 7 -9 -10 -11 11 12 -14 -15
leaf_value=-0.039409744986383367 -0.038307068341724961 -0.26119494677817956 0.14992468312064647 0.014435364863463068 -0.55154877075184916 -0.20439971280741082 0.097797916655677677 0.61384351302126949 0.32257568034217093 0.019874182518600274 0.031680225814980763 -0.11123874775680566 -0.047535932531721427 -0.6704510844808208
leaf_weight=299170 14074 19237 42824 151238 15500 28438 11504 5914 5298 1957462 127815 40230 295991 11556
leaf_count=299170 14074 19237 42824 151238 15500 28438 11504 5914 5298 1957462 127815 40230 295991 11556
internal_value=1.49512e-06 -0.0461333 0.0145836 -0.0542962 -0.0484052 -0.0665137 0.134053 0.273266 -0.0517424 0.0226592 -0.0556834 -0.0467867 -0.075625 -0.236132
internal_weight=3.02625e+06 726795 2.29946e+06 695303 676066 524828 31492 17418 509328 2.00029e+06 504030 475592 347777 51786
internal_count=3026251 726795 2299456 695303 676066 524828 31492 17418 509328 2000286 504030 475592 347777 51786
is_linear=0
shrinkage=0.02


Tree=39
num_leaves=15
num_cat=0
split_feature=9 20 0 9 21 24 24 9 0 19 9 19 21 24
split_gain=4.89675e+06 2.44162e+06 2.46832e+06 2.31193e+06 3.32647e+06 3.82372e+06 1.68987e+06 1.44416e+06 1.87185e+06 1.61805e+06 1.40967e+06 1.3265e+06 2.25789e+06 1.71614e+06
threshold=-1.0000000180025095e-35 12223.945800781252 4735.5000000000009 0.50712648034095775 12341.518066406252 12265.796386718752 12829.062011718752 -0.72443613409996022 1519.5000000000002 10837.261230468752 0.8301217555999757 12717.599121093752 12766.390136718752 12677.822265625002
decision_type=2 2 2 2 2 2 2 2 2 2 2 2 2 2
left_child=7 2 10 4 5 -3 -5 8 -1 -10 -2 13 -13 -9
right_child=1 3 -4 6 -6 -7 -8 11 9 -11 -12 12 -14 -15
leaf_value=-0.017267180125257759 -0.027135753609030085 0.18462306140097248 -0.12092510071305486 -0.050336669816804548 0.043766622149105663 0.83546802868406644 0.31613631537205172 0.020933878045758171 -0.11157894390581055 0.22268748467797356 -0.29668240612794483 -0.12788865216590456 0.088988281321732213 0.26193895958741559
leaf_weight=31364 994880 16714 133025 97168 78702 4599 5298 1506342 6656 44358 7812 58969 28462 11902
leaf_count=31364 994880 16714 133025 97168 78702 4599 5298 1506342 6656 44358 7812 58969 28462 11902
internal_value=1.42051e-06 -0.028572 -0.0399788 0.0354077 0.103807 0.325392 -0.031359 0.022653 0.104319 0.179061 -0.0292388 0.0184625 -0.0572849 0.0228249
internal_weight=3.02625e+06 1.3382e+06 1.13572e+06 202481 100015 21313 102466 1.68805e+06 82378 51014 1.00269e+06 1.60568e+06 87431 1.51824e+06
internal_count=3026251 1338198 1135717 202481 100015 21313 102466 1688053 82378 51014 1002692 1605675 87431 1518244
is_linear=0
shrinkage=0.02


Tree=40
num_leaves=15
num_cat=0
split_feature=8 20 7 0 7 24 20 7 7 8 8 7 20 24
split_gain=4.56197e+06 2.13862e+06 2.87348e+06 2.6026e+06 2.2484e+06 2.00148e+06 1.97998e+06 6.318e+06 2.23224e+06 1.96414e+06 3.20091e+06 1.92916e+06 3.48153e+06 3.264e+06
threshold=-0.70585528016090382 11434.017089843752 11755.942382812502 2643.5000000000005 10886.141601562502 10906.074218750002 10975.904785156252 11015.070312500002 10950.057617187502 -0.8281784951686858 -0.95664271712303151 11186.826171875002 11164.425292968752 11174.487304687502
decision_type=2 2 2 2 2 2 2 2 2 2 2 2 2 2
left_child=1 3 -3 -1 5 -5 7 8 -6 10 -4 13 -13 -2
right_child=11 2 9 4 6 -7 -8 -9 -10 -11 -12 12 -14 -15
leaf_value=-0.016869208839778497 0.033239127153417619 0.13190968761697106 -0.039836551679763132 0.012208437807426274 -0.26271148438797942 0.73932170776746475 -0.084831910145791736 -0.6898813427337851 -0.016353924526435616 -0.077874656245449037 0.098181435939074121 -0.22016793407033283 0.0096593588808239102 0.18970306257502961
leaf_weight=378112 602761 59642 172643 43437 27641 1559 215615 9391 31443 139228 110052 26974 1149254 58499
leaf_count=378112 602761 59642 172643 43437 27641 1559 215615 9391 31443 139228 110052 26974 1149254 58499
internal_value=1.47279e-06 -0.0305278 0.00198036 -0.0526639 -0.0937893 0.0375602 -0.114594 -0.208283 -0.131632 -0.0163888 0.0138948 0.0197524 0.00438697 0.0470835
internal_weight=3.02625e+06 1.18876e+06 481565 707198 329086 44996 284090 68475 59084 421923 282695 1.83749e+06 1.17623e+06 661260
internal_count=3026251 1188763 481565 707198 329086 44996 284090 68475 59084 421923 282695 1837488 1176228 661260
is_linear=0
shrinkage=0.02


Tree=41
num_leaves=15
num_cat=0
split_feature=9 20 4 19 4 9 20 8 9 4 8 17 19 4
split_gain=4.57066e+06 2.33768e+06 3.73426e+06 4.36822e+06 2.65577e+06 1.60555e+06 2.09871e+06 1.57598e+06 1.38372e+06 1.62157e+06 1.6356e+06 1.33089e+06 1.30648e+06 1.68362e+06
threshold=-1.0000000180025095e-35 12223.945800781252 -170.61000061035153 12371.182617187502 -228.83499908447263 0.50712648034095775 12531.000000000002 -0.94742506742477406 -0.72443613409996022 229.26499938964847 0.71212160587310802 0.25187316536903387 10837.261230468752 37.104999542236335
decision_type=2 2 2 2 2 2 2 2 2 2 2 2 2 2
left_child=8 4 3 -3 -2 7 -7 -4 12 -10 -11 -6 -1 -14
right_child=1 2 5 -5 11 6 -8 -9 9 10 -12 -13 13 -15
leaf_value=-0.092024276617173537 -0.20434738971678174 0.7663609285717381 0.0074245899245442585 0.11106939753497005 0.033140475354117391 -0.1569385215821083 0.03427423671631049 0.18562357961185813 0.021128749765812124 0.39301680096397662 -0.13343889810290305 -0.040431979869280051 0.0030272856807125261 0.20717975318416695
leaf_weight=11892 37458 5608 59658 14775 109201 41851 50846 29743 1562410 2496 40769 989058 25084 45402
leaf_count=11892 37458 5608 59658 14775 109201 41851 50846 29743 1562410 2496 40769 989058 25084 45402
internal_value=1.43043e-06 -0.0276042 0.0349989 0.291649 -0.0387656 0.00625637 -0.0520622 0.0667243 0.0218858 0.0177839 -0.102983 -0.0331163 0.101825 0.134539
internal_weight=3.02625e+06 1.3382e+06 202481 20383 1.13572e+06 182098 92697 89401 1.68805e+06 1.60568e+06 43265 1.09826e+06 82378 70486
internal_count=3026251 1338198 202481 20383 1135717 182098 92697 89401 1688053 1605675 43265 1098259 82378 70486
is_linear=0
shrinkage=0.02


Tree=42
num_leaves=15
num_cat=0
split_feature=9 8 20 9 4 4 19 4 19 21 21 23 20 20
split_gain=4.42012e+06 2.27259e+06 1.68894e+06 5.46803e+06 1.93039e+06 2.73051e+06 4.79543e+06 1.67696e+06 1.51045e+06 2.43472e+06 2.17336e+06 1.89004e+06 1.5072e+06 1.49857e+06
threshold=0.53606674075126659 -0.95236524939537037 12175.379394531252 -0.10272181034088133 114.90500259399415 -103.76499938964842 12371.182617187502 -218.04499816894528 12717.599121093752 12646.766113281252 12766.390136718752 12679.257324218752 12214.273437500002 12765.230468750002
decision_type=2 2 2 2 2 2 2 2 2 2 2 2 2 2
left_child=1 -1 7 8 5 6 -5 -3 11 -10 -11 -4 -6 -2
right_child=13 2 3 4 12 -7 -8 -9 9 10 -12 -13 -14 -15
leaf_value=-0.037820721626160819 -0.048233100652298078 -0.15081870605825839 0.035816074752277306 0.81376796158585341 0.67990657591176717 0.091188573679438167 0.11929770489419396 0.014851912063634435 0.77044871118038771 -0.12603424790720319 0.086256825672350809 0.27718113488100182 0.20155874861877304 0.11434060663550195
leaf_weight=299170 703369 24811 208508 6524 5848 44643 10175 1590372 1428 61175 28163 13829 4810 23426
leaf_count=299170 703369 24811 208508 6524 5848 44643 10175 1590372 1428 61175 28163 13829 4810 23426
internal_value=1.47739e-06 0.0135905 0.0212799 0.0589163 0.216061 0.17284 0.390941 0.0123061 0.0227741 -0.0459741 -0.059109 0.0508405 0.464419 -0.0429915
internal_weight=3.02625e+06 2.29946e+06 2.00029e+06 385103 72000 61342 16699 1.61518e+06 313103 90766 89338 222337 10658 726795
internal_count=3026251 2299456 2000286 385103 72000 61342 16699 1615183 313103 90766 89338 222337 10658 726795
is_linear=0
shrinkage=0.02


Tree=43
num_leaves=15
num_cat=0
split_feature=9 17 24 4 19 21 4 9 4 5 9 19 5 9
split_gain=4.2608e+06 2.0486e+06 1.81207e+06 1.83345e+06 2.39141e+06 1.32557e+06 1.65884e+06 1.31873e+06 1.56078e+06 1.89043e+06 1.53998e+06 1.25052e+06 1.77247e+06 1.23451e+06
threshold=1.0000000180025095e-35 0.23839076608419421 12297.340332031252 -228.83499908447263 12240.196777343752 12341.518066406252 -165.94499969482419 -0.72443613409996022 229.26499938964847 0.072500001639127745 -0.46024025976657862 10837.261230468752 0.057499999180436141 0.8301217555999757
decision_type=2 2 2 2 2 2 2 2 2 2 2 2 2 2
left_child=7 -2 3 4 -3 6 -4 11 -9 10 -10 -1 -13 -5
right_child=1 2 5 13 -6 -7 -8 8 9 -11 -12 12 -14 -15
leaf_value=-0.090482126216530429 0.057030064292419309 -0.2081450007276284 0.78406722564351694 -0.036327756933450896 0.88007294282371218 0.019192983894908679 0.076210484451447014 0.020408326918183645 -0.25636734199810191 0.18545581896655824 0.021063504066861544 0.082727569974599485 0.33884516056033526 -0.29315669347876044
leaf_weight=11892 107600 35230 2046 1036608 817 144638 3728 1562410 23581 7574 12110 57164 13322 7531
leaf_count=11892 107600 35230 2046 1036608 817 144638 3728 1562410 23581 7574 12110 57164 13322 7531
internal_value=1.63647e-06 -0.0266518 -0.0339692 -0.0430255 -0.183243 0.0310672 0.327963 0.0211311 0.0171268 -0.101355 -0.162255 0.0991702 0.131176 -0.038183
internal_weight=3.02625e+06 1.3382e+06 1.2306e+06 1.08019e+06 36047 150412 5774 1.68805e+06 1.60568e+06 43265 35691 82378 70486 1.04414e+06
internal_count=3026251 1338198 1230598 1080186 36047 150412 5774 1688053 1605675 43265 35691 82378 70486 1044139
is_linear=0
shrinkage=0.02


Tree=44
num_leaves=15
num_cat=0
split_feature=8 20 7 7 20 7 24 7 20 24 7 20 7 7
split_gain=3.97952e+06 1.9168e+06 2.81833e+06 2.34545e+06 2.06917e+06 1.90874e+06 1.90857e+06 1.86257e+06 3.34667e+06 3.13122e+06 2.01666e+06 2.41261e+06 3.32414e+06 2.73094e+06
threshold=-0.70585528016090382 11434.017089843752 11755.942382812502 10879.343750000002 10892.617675781252 11418.685058593752 10906.074218750002 11186.826171875002 11164.425292968752 11174.487304687502 11021.642089843752 10975.904785156252 10886.141601562502 11008.638671875002
decision_type=2 2 2 2 2 2 2 2 2 2 2 2 2 2
left_child=1 3 -3 6 -5 -6 -1 9 -9 10 11 13 -13 -2
right_child=7 2 -4 4 5 -7 -8 8 -10 -11 -12 12 -14 -15
leaf_value=0.027287326368399541 0.03226103239471393 0.13094039515875039 -0.015927967132286287 -0.23784911102534179 -0.049704554325403064 -0.24537610683310618 0.73011390596077352 -0.21681190468208816 0.0085201332351062375 0.18499246859803187 -0.045079139755774281 0.95460732779863666 0.1216330242052803 -0.51557620976347363
leaf_weight=103346 390499 59642 421923 26379 555239 20675 1559 26974 1149254 58499 111409 1946 95243 3664
leaf_count=103346 390499 59642 421923 26379 555239 20675 1559 26974 1149254 58499 111409 1946 95243 3664
internal_value=1.70858e-06 -0.0285121 0.00226403 -0.0494688 -0.0646695 -0.0567332 0.0378009 0.0184488 0.00335086 0.045304 0.0317441 0.0491636 0.138408 0.0271555
internal_weight=3.02625e+06 1.18876e+06 481565 707198 602293 575914 104905 1.83749e+06 1.17623e+06 661260 602761 491352 97189 394163
internal_count=3026251 1188763 481565 707198 602293 575914 104905 1837488 1176228 661260 602761 491352 97189 394163
is_linear=0
shrinkage=0.02


Tree=45
num_leaves=15
num_cat=0
split_feature=9 7 8 7 7 20 7 20 7 20 7 4 0 9
split_gain=4.06044e+06 2.53107e+06 2.09164e+06 2.06534e+06 1.84167e+06 9.35812e+06 1.79119e+06 1.76392e+06 1.96749e+06 3.9529e+06 7.15406e+06 1.93547e+06 1.74085e+06 2.26668e+06
threshold=0.53606674075126659 10769.989746093752 -0.95236524939537037 10858.977050781252 11008.638671875002 10983.823242187502 10706.830566406252 11039.234863281252 11199.230468750002 11199.533691406252 11223.745605468752 -65.235000610351548 1124.5000000000002 -0.72443613409996022
decision_type=2 2 2 2 2 2 2 2 2 2 2 2 2 2
left_child=2 6 -1 -3 -5 -6 -2 11 -9 10 -10 -7 -4 -14
right_child=1 3 12 4 5 7 -8 8 9 -11 -12 -13 13 -15
leaf_value=-0.036295787846628999 -0.033882627763801916 -0.2534420199766399 -0.014151511050646652 0.018159232422770812 -0.56402264889841769 -0.58784122686365115 0.26948390090730395 0.024188219319214579 -0.11044308296952959 -0.03894159034834959 -0.72889647629789789 -0.1190945512912466 0.15280559197616594 0.025691591539378261
leaf_weight=299170 14053 19237 451536 151238 14381 4710 17439 138724 36134 307522 9427 13930 58299 1490451
leaf_count=299170 14053 19237 451536 151238 14381 4710 17439 138724 36134 307522 9427 13930 58299 1490451
internal_value=1.73168e-06 -0.0412049 0.0130262 -0.0491486 -0.0433319 -0.0610517 0.134141 -0.0468705 -0.0396296 -0.0647033 -0.238539 -0.237791 0.0204031 0.0304775
internal_weight=3.02625e+06 726795 2.29946e+06 695303 676066 524828 31492 510447 491807 353083 45561 18640 2.00029e+06 1.54875e+06
internal_count=3026251 726795 2299456 695303 676066 524828 31492 510447 491807 353083 45561 18640 2000286 1548750
is_linear=0
shrinkage=0.02


Tree=46
num_leaves=15
num_cat=0
split_feature=9 7 8 23 7 24 7 22 7 7 8 7 24 7
split_gain=3.89974e+06 2.4309e+06 2.00881e+06 1.98943e+06 1.75169e+06 8.18545e+06 1.81298e+06 4.12348e+06 6.25766e+06 1.7203e+06 1.66399e+06 1.64292e+06 2.62143e+06 6.21891e+06
threshold=0.53606674075126659 10769.989746093752 -0.95236524939537037 10804.566406250002 11008.638671875002 11019.254882812502 11200.229980468752 11203.191406250002 11233.562988281252 10706.830566406252 -0.79548987746238697 12764.483398437502 12152.713867187502 12202.979980468752
decision_type=2 2 2 2 2 2 2 2 2 2 2 2 2 2
left_child=2 9 -1 -3 -5 -6 -7 8 -8 -2 -11 12 -4 -14
right_child=1 3 11 4 5 6 7 -9 -10 10 -12 -13 13 -15
leaf_value=-0.035569895687511018 -0.033205457867335662 -0.25122334611227642 0.011880798120213846 0.017327468810728799 -0.36467808417527692 0.020587097088134009 -0.12634522571825862 -0.033897111364492326 -0.69267706470358814 -0.076480867812607156 0.37604946886603752 -0.10190017648446034 0.28482702189014919 0.038856180118287717
leaf_weight=299170 14053 18769 1606670 151706 33006 143063 46575 292817 9367 4315 13124 43262 47567 302787
leaf_count=299170 14053 18769 1606670 151706 33006 143063 46575 292817 9367 4315 13124 43262 47567 302787
internal_value=1.56399e-06 -0.0403814 0.0127656 -0.0481663 -0.0425293 -0.0598314 -0.0393662 -0.0639594 -0.22128 0.13146 0.264097 0.019995 0.0226902 0.0722585
internal_weight=3.02625e+06 726795 2.29946e+06 695303 676534 524828 491822 348759 55942 31492 17439 2.00029e+06 1.95702e+06 350354
internal_count=3026251 726795 2299456 695303 676534 524828 491822 348759 55942 31492 17439 2000286 1957024 350354
is_linear=0
shrinkage=0.02


Tree=47
num_leaves=15
num_cat=0
split_feature=9 8 0 9 20 9 22 4 4 24 4 20 24 4
split_gain=3.74536e+06 1.92926e+06 1.6717e+06 2.14705e+06 2.02646e+06 6.15046e+06 1.76777e+06 4.37391e+06 1.77989e+06 1.61437e+06 1.58109e+06 3.24473e+06 2.86619e+06 1.56934e+06
threshold=0.53606674075126659 -0.95236524939537037 1064.5000000000002 -0.72443613409996022 12175.379394531252 -0.10272181034088133 12418.282714843752 -117.84499740600585 87.875000000000014 12829.062011718752 117.77499771118165 12804.373046875002 12205.278808593752 -218.04499816894528
decision_type=2 2 2 2 2 2 2 2 2 2 2 2 2 2
left_child=1 -1 -3 -4 13 10 7 -7 -9 -2 -6 12 -12 -5
right_child=9 2 3 4 5 6 -8 8 -10 -11 11 -13 -14 -15
leaf_value=-0.034858521917848731 -0.042130224038648731 -0.015473680272680071 0.1469533091194245 -0.14433015037554908 0.070263343392789904 0.83672684102021655 0.11437289948476317 0.1126627518102882 0.42364553162895546 0.30794538603401472 -1.1796572762971895 -0.56011633906452762 0.00075561313731910707 0.016347267694528725
leaf_weight=299170 721497 427507 59511 24811 138054 5956 22006 17458 12733 5298 820 4471 94910 1192049
leaf_count=299170 721497 427507 59511 24811 138054 5956 22006 17458 12733 5298 820 4471 94910 1192049
internal_value=1.46837e-06 0.0125103 0.0195952 0.0291275 0.0244929 0.0713859 0.255773 0.3418 0.243917 -0.0395741 0.0263721 -0.0341008 -0.00947747 0.01307
internal_weight=3.02625e+06 2.29946e+06 2.00029e+06 1.57278e+06 1.51327e+06 296408 58153 36147 30191 726795 238255 100201 95730 1.21686e+06
internal_count=3026251 2299456 2000286 1572779 1513268 296408 58153 36147 30191 726795 238255 100201 95730 1216860
is_linear=0
shrinkage=0.02


Tree=48
num_leaves=15
num_cat=0
split_feature=9 7 24 7 4 7 7 7 19 7 19 24 7 7
split_gain=3.60687e+06 2.23479e+06 4.77286e+06 3.5876e+06 2.22184e+06 2.59632e+06 2.07559e+06 1.92965e+06 2.08012e+06 1.84522e+06 3.2935e+06 3.19786e+06 1.93932e+06 1.77099e+06
threshold=1.0000000180025095e-35 11577.411621093752 11571.142089843752 11755.942382812502 -124.59499740600585 10879.343750000002 10728.651367187502 10844.483886718752 10849.967285156252 11186.826171875002 11205.707031250002 11187.770019531252 11208.557617187502 11434.893066406252
decision_type=2 2 2 2 2 2 2 2 2 2 2 2 2 2
left_child=9 2 4 -3 5 6 -2 8 -8 11 12 -1 -11 -12
right_child=1 3 -4 -5 -6 -7 7 -9 -10 10 13 -13 -14 -15
leaf_value=0.036984783095959851 -0.15380515510018217 0.23238032110175139 -0.43667281391237062 -0.0028948380402487551 -0.019906996672877066 -0.12475410943756533 0.19151141255960091 0.021411944798920925 0.84183098084023555 -0.043987468194163597 0.070288397482199144 0.2512077320070204 -0.22463761981936489 0.0022592959750367021
leaf_weight=579181 10171 27571 12151 431658 662629 174543 5560 10873 3042 78753 190663 29273 34041 776142
leaf_count=579181 10171 27571 12151 431658 662629 174543 5560 10873 3042 78753 190663 29273 34041 776142
internal_value=1.44286e-06 -0.0245216 -0.0432031 0.0112352 -0.0376825 -0.0953631 0.0776619 0.198566 0.422202 0.019442 0.00374387 0.0472951 -0.0985226 0.0156759
internal_weight=3.02625e+06 1.3382e+06 878969 459229 866818 204189 29646 19475 8602 1.68805e+06 1.0796e+06 608454 112794 966805
internal_count=3026251 1338198 878969 459229 866818 204189 29646 19475 8602 1688053 1079599 608454 112794 966805
is_linear=0
shrinkage=0.02


Tree=49
num_leaves=15
num_cat=0
split_feature=9 7 7 8 7 24 7 22 7 22 7 7 7 25
split_gain=3.5216e+06 2.34402e+06 1.9208e+06 1.84126e+06 1.73114e+06 6.0767e+06 3.19509e+06 1.86716e+06 1.66353e+06 5.21113e+06 4.99293e+06 1.8687e+06 1.63166e+06 2.46105e+06
threshold=0.53606674075126659 10769.989746093752 10858.977050781252 -0.95236524939537037 11004.516113281252 11022.739746093752 11015.070312500002 10927.595703125002 11202.455078125002 11203.191406250002 11233.562988281252 11027.221191406252 10706.830566406252 0.050663005560636527
decision_type=2 2 2 2 2 2 2 2 2 2 2 2 2 2
left_child=3 12 -3 -1 -4 6 -6 -8 11 10 -10 -7 -2 -14
right_child=1 2 4 -5 5 8 7 -9 9 -11 -12 -13 13 -15
leaf_value=-0.034144959901029524 -0.029999442788315532 -0.24303303159483847 0.020490367330938813 0.019052251462792325 0.034599757593090752 -0.82274474470879133 0.17076444993306297 -0.44638483515082639 -0.15564774908303047 -0.033136869352475666 -0.67662475820458867 0.020194654231800249 0.079582187873539156 0.57318772928369865
leaf_weight=299170 14053 19237 146301 2000286 8719 1049 2109 27050 34228 288550 9367 158693 11089 6350
leaf_count=299170 14053 19237 146301 2000286 8719 1049 2109 27050 34228 288550 9367 158693 11089 6350
internal_value=1.45632e-06 -0.0383737 -0.0460183 0.0121309 -0.0404088 -0.057227 -0.30129 -0.401704 -0.038427 -0.0639334 -0.267717 0.0146079 0.130369 0.259544
internal_weight=3.02625e+06 726795 695303 2.29946e+06 676066 529765 37878 29159 491887 332145 43595 159742 31492 17439
internal_count=3026251 726795 695303 2299456 676066 529765 37878 29159 491887 332145 43595 159742 31492 17439
is_linear=0
shrinkage=0.02


Tree=50
num_leaves=15
num_cat=0
split_feature=9 7 7 7 19 19 7 8 21 9 20 7 7 19
split_gain=3.3822e+06 2.25132e+06 1.84477e+06 1.80355e+06 5.26569e+06 3.76074e+06 3.2874e+06 2.26015e+06 2.1989e+06 2.12084e+06 3.5446e+06 2.49024e+06 2.4753e+06 2.26973e+06
threshold=0.53606674075126659 10769.989746093752 10858.977050781252 10886.141601562502 10876.600097656252 10925.989746093752 10921.998535156252 0.72930297255516063 10948.634765625002 -0.32445363700389857 10886.916992187502 10975.922851562502 10918.357421875002 10870.340820312502
decision_type=2 2 2 2 2 2 2 2 2 2 2 2 2 2
left_child=3 -2 -3 4 -1 9 7 -7 -6 11 -11 13 -12 -5
right_child=1 2 -4 5 8 6 -8 -9 -10 10 12 -13 -14 -15
leaf_value=0.034839452416826025 0.12776527078751657 -0.23817489396615193 -0.0396011883099186 0.23763320940269236 0.28826657302022063 0.061306461595302147 0.0096156416734968237 0.63513897893130533 0.91509849469178151 -0.44244064438075825 0.010575603954759127 -0.55276945624424534 -0.35623204386752155 -0.071937034408181472
leaf_weight=256412 31492 19237 676066 13571 18340 5342 1909613 5644 2544 16610 26689 3226 10150 31315
leaf_count=256412 31492 19237 676066 13571 18340 5342 1909613 5644 2544 16610 26689 3226 10150 31315
internal_value=1.32643e-06 -0.0376067 -0.0450985 0.0118883 0.0597192 0.00532904 0.0116013 0.356421 0.365027 -0.113273 -0.199972 -0.0169339 -0.0905571 0.0216912
internal_weight=3.02625e+06 726795 695303 2.29946e+06 277296 2.02216e+06 1.9206e+06 10986 20884 101561 53449 48112 36839 44886
internal_count=3026251 726795 695303 2299456 277296 2022160 1920599 10986 20884 101561 53449 48112 36839 44886
is_linear=0
shrinkage=0.02


Tree=51
num_leaves=15
num_cat=0
split_feature=9 7 7 8 19 7 22 19 7 22 7 19 0 9
split_gain=3.24828e+06 2.16219e+06 1.77176e+06 1.75832e+06 1.67571e+06 1.6645e+06 7.52656e+06 2.5483e+06 1.71938e+06 3.76208e+06 5.82258e+06 1.71272e+06 1.61644e+06 2.17904e+06
threshold=0.53606674075126659 10769.989746093752 10858.977050781252 -0.95236524939537037 10755.522460937502 11008.638671875002 11021.708984375002 10975.288574218752 11200.229980468752 11203.191406250002 11228.336914062502 11175.994628906252 1341.5000000000002 -0.7377723455429076
decision_type=2 2 2 2 2 2 2 2 2 2 2 2 2 2
left_child=3 4 -3 -1 -2 -4 7 -7 11 10 -10 -8 -5 -14
right_child=1 2 5 12 -6 6 8 -9 9 -11 -12 -13 13 -15
leaf_value=-0.033570998372692742 0.022464102226858181 -0.2334138723830283 0.019649290341930106 -0.011200508029020992 0.33232347107298993 -0.59361193653254174 -0.026786757488286905 -0.22223766929774902 -0.099250454896374032 -0.031237174894519316 -0.58542394854501023 0.11979950703436477 0.18380232837262064 0.025468364099360985
leaf_weight=299170 21057 19237 151238 538686 10435 11156 95013 21927 43183 292817 12759 47973 35627 1425973
leaf_count=299170 21057 19237 151238 538686 10435 11156 95013 21927 43183 292817 12759 47973 35627 1425973
internal_value=1.34098e-06 -0.0368546 -0.0441966 0.0116506 0.125211 -0.0388092 -0.0556551 -0.347612 -0.0360064 -0.0599518 -0.21022 0.022399 0.0184142 0.0293291
internal_weight=3.02625e+06 726795 695303 2.29946e+06 31492 676066 524828 33083 491745 348759 55942 142986 2.00029e+06 1.4616e+06
internal_count=3026251 726795 695303 2299456 31492 676066 524828 33083 491745 348759 55942 142986 2000286 1461600
is_linear=0
shrinkage=0.02


Tree=52
num_leaves=15
num_cat=0
split_feature=5 7 20 0 0 23 6 23 7 23 7 7 20 7
split_gain=2.82444e+06 1.49442e+06 5.05121e+06 2.42028e+06 1.73579e+06 1.69938e+06 1.60053e+06 1.47722e+06 1.43025e+06 6.56714e+06 3.17313e+06 2.28253e+06 1.58217e+06 4.9341e+06
threshold=-0.022499999962747094 10926.682617187502 10925.969238281252 3683.5000000000005 2525.5000000000005 10942.932617187502 100.5898780822754 10966.206542968752 11021.642089843752 10992.416015625002 10993.161621093752 11008.638671875002 11161.575195312502 11178.849121093752
decision_type=2 2 2 2 2 2 2 2 2 2 2 2 2 2
left_child=-1 2 3 -2 -4 -3 -5 -6 10 -10 -7 -12 -11 -14
right_child=1 5 4 6 7 8 -8 -9 9 12 11 -13 13 -15
leaf_value=-0.03004421413793772 -0.0024046076396158317 -0.080034424615477356 0.16184413690217947 0.092038101353670965 0.70504306138494488 0.0087468771463631318 0.35377214804955659 0.10154740584710879 -0.51099764516911828 -0.057809727782645995 0.34429795834715388 0.07201960747175376 0.22187643948128055 0.0069518609045353483
leaf_weight=885357 204722 88084 7442 67671 7301 115942 10836 2090 9827 136109 23248 26191 44064 1397367
leaf_count=885357 204722 88084 7442 67671 7301 115942 10836 2090 9827 136109 23248 26191 44064 1397367
internal_value=1.23881e-06 0.0124265 0.0538134 0.0338016 0.390306 0.00568002 0.128205 0.570986 0.00998803 0.00415632 0.0659584 0.200099 0.00736861 0.0135235
internal_weight=3.02625e+06 2.14089e+06 300062 283229 16833 1.84083e+06 78507 9391 1.75275e+06 1.58737e+06 165381 49439 1.57754e+06 1.44143e+06
internal_count=3026251 2140894 300062 283229 16833 1840832 78507 9391 1752748 1587367 165381 49439 1577540 1441431
is_linear=0
shrinkage=0.02


Tree=53
num_leaves=15
num_cat=0
split_feature=17 21 22 24 21 13 17 17 20 20 20 21 0 22
split_gain=2.19033e+06 1.95964e+06 1.91578e+06 1.92145e+06 2.7234e+06 1.55979e+06 2.13275e+06 1.56758e+06 1.49045e+06 1.51027e+06 1.21693e+06 1.13432e+06 915729 875399
threshold=0.21199708431959155 12778.339355468752 12710.747558593752 12698.917480468752 12688.952636718752 1.6999999880790713 0.6237953007221223 0.54389113187789928 12796.067382812502 12854.678222656252 12804.373046875002 12803.990234375002 2683.5000000000005 12783.526367187502
decision_type=2 2 2 2 2 2 2 2 2 2 2 2 2 2
left_child=-1 2 3 5 -5 6 -2 -7 11 -10 13 -3 -9 -4
right_child=1 8 10 4 -6 7 -8 12 9 -11 -12 -13 -14 -15
leaf_value=0.072748576943114721 0.0027233135567778909 0.18391345434497161 -0.060276193624875199 0.70769091523575423 0.033253568859267266 -0.011752726847991555 0.093161568223099081 -0.031197758580811301 -0.033296920266236686 0.24868880719439879 -0.41292793609387263 0.58094773336539218 -0.12318128677229705 -0.28695664257901088
leaf_weight=156956 1327848 13289 71865 3640 6968 1105431 113184 87995 27475 10490 4693 3671 85226 7520
leaf_count=156956 1327848 13289 71865 3640 6968 1105431 113184 87995 27475 10490 4693 3671 85226 7520
internal_value=1.30618e-06 -0.00397834 -0.00628754 -0.00339169 0.265129 -0.00444001 0.00982728 -0.0205191 0.114325 0.0446622 -0.100314 0.270145 -0.0764589 -0.0817829
internal_weight=3.02625e+06 2.8693e+06 2.81437e+06 2.73029e+06 10608 2.71968e+06 1.44103e+06 1.27865e+06 54925 37965 84078 16960 173221 79385
internal_count=3026251 2869295 2814370 2730292 10608 2719684 1441032 1278652 54925 37965 84078 16960 173221 79385
is_linear=0
shrinkage=0.02


Tree=54
num_leaves=15
num_cat=0
split_feature=9 8 20 9 4 4 19 25 20 4 19 21 21 23
split_gain=3.06286e+06 1.65345e+06 1.52795e+06 4.94623e+06 1.75492e+06 2.47742e+06 4.2925e+06 1.47485e+06 1.42835e+06 1.40748e+06 1.35437e+06 2.23274e+06 2.06729e+06 1.77573e+06
threshold=0.53606674075126659 -0.95236524939537037 12175.379394531252 -0.10272181034088133 114.90500259399415 -103.76499938964842 12371.182617187502 0.037504944950342185 12214.273437500002 -218.04499816894528 12717.599121093752 12646.766113281252 12766.390136718752 12679.257324218752
decision_type=2 2 2 2 2 2 2 2 2 2 2 2 2 2
left_child=1 7 9 10 5 6 -5 -1 -6 -3 13 -12 -13 -4
right_child=-2 2 3 4 8 -7 -8 -9 -10 -11 11 12 -14 -15
leaf_value=-0.0014120897821340772 -0.035787233735702709 -0.14010732966515282 0.031309362272655392 0.76970658238378531 0.64969516511254854 0.084144971374265978 0.11266183479588791 -0.095888334923387927 0.18407231393348739 0.011668999547679876 0.73602094148893193 -0.12365367139276963 0.083392338826283843 0.26526141043430218
leaf_weight=200610 726795 24811 208508 6524 5848 44643 10175 98560 4810 1590372 1428 61175 28163 13829
leaf_count=200610 726795 24811 208508 6524 5848 44643 10175 98560 4810 1590372 1428 61175 28163 13829
internal_value=1.34372e-06 0.0113132 0.0178721 0.0536697 0.203128 0.16192 0.369666 -0.032539 0.439929 0.00933668 0.0192953 -0.045804 -0.058382 0.0458722
internal_weight=3.02625e+06 2.29946e+06 2.00029e+06 385103 72000 61342 16699 299170 10658 1.61518e+06 313103 90766 89338 222337
internal_count=3026251 2299456 2000286 385103 72000 61342 16699 299170 10658 1615183 313103 90766 89338 222337
is_linear=0
shrinkage=0.02


Tree=55
num_leaves=15
num_cat=0
split_feature=9 7 23 7 4 7 20 7 7 7 20 23 9 24
split_gain=2.95954e+06 2.06539e+06 4.98722e+06 3.49895e+06 2.08784e+06 2.36564e+06 2.11338e+06 2.38734e+06 1.82638e+06 1.68368e+06 3.33883e+06 2.91763e+06 1.67636e+06 1.65089e+06
threshold=-1.0000000180025095e-35 11577.411621093752 11565.328613281252 11755.942382812502 -124.59499740600585 10879.343750000002 10849.474121093752 10844.483886718752 11512.223632812502 11188.368652343752 11161.575195312502 11189.106933593752 0.8301217555999757 11215.620117187502
decision_type=2 2 2 2 2 2 2 2 2 2 2 2 2 2
left_child=9 2 4 -3 5 6 -2 -8 -4 11 -11 -1 -6 -7
right_child=1 3 8 -5 12 13 7 -9 -10 10 -12 -13 -14 -15
leaf_value=0.033612500423356763 -0.034346229421132406 0.23055849361104905 -0.28919588102618066 -0.0017918387593762583 -0.014260471769724016 -0.17049853628012518 0.72433431483335331 0.05410899270521357 -0.83559774987201807 -0.23286404910370201 0.0077566269292434322 0.22718063767261135 -0.34978166522446269 -0.04557453962555405
leaf_weight=583628 20930 27571 8804 431658 656889 101827 3661 5055 3390 23576 1047955 32894 6001 72412
leaf_count=583628 20930 27571 8804 431658 656889 101827 3661 5055 3390 23576 1047955 32894 6001 72412
internal_value=1.48471e-06 -0.0222122 -0.0401717 0.0121626 -0.0345184 -0.0904866 0.0746521 0.336135 -0.441661 0.0176113 0.00246031 0.0439437 -0.0173031 -0.118587
internal_weight=3.02625e+06 1.3382e+06 878969 459229 866775 203885 29646 8716 12194 1.68805e+06 1.07153e+06 616522 662890 174239
internal_count=3026251 1338198 878969 459229 866775 203885 29646 8716 12194 1688053 1071531 616522 662890 174239
is_linear=0
shrinkage=0.02


Tree=56
num_leaves=15
num_cat=0
split_feature=8 7 23 7 21 7 7 21 7 21 23 7 21 7
split_gain=2.74719e+06 1.6087e+06 3.0717e+06 2.32833e+06 1.05159e+07 7.32834e+06 3.8717e+06 2.55386e+06 2.46242e+06 2.4068e+06 1.95995e+06 1.82394e+06 2.22645e+06 2.46363e+06
threshold=-0.70585528016090382 11192.181152343752 11215.422363281252 11434.893066406252 11442.359863281252 11577.411621093752 11408.011230468752 11603.081054687502 11512.223632812502 11419.001464843752 11175.851074218752 11027.221191406252 10974.863281250002 10918.357421875002
decision_type=2 2 2 2 2 2 2 2 2 2 2 2 2 2
left_child=-1 10 -3 4 -4 7 -6 9 -9 -5 11 12 -2 -14
right_child=1 2 3 5 6 -7 -8 8 -10 -11 -12 -13 13 -15
leaf_value=-0.023689629120624413 0.021726124281810918 -0.092822560413557145 0.038940478768378903 -0.62691003904057996 1.1584851189334675 0.018293666797723134 0.37933008774831323 -0.23515779978839174 -1.0263253601467397 -0.1194494642317192 0.13064726466880749 -0.047946077155491484 0.97308563069376608 0.11509766732584847
leaf_weight=1188763 399122 124888 180896 3917 4172 741526 6582 3918 2629 78225 82919 107022 1347 100325
leaf_count=1188763 399122 124888 180896 3917 4172 741526 6582 3918 2629 78225 82919 107022 1347 100325
internal_value=1.40846e-06 0.0153284 0.000804646 0.0122482 0.0750805 -0.00225698 0.6824 -0.174063 -0.553941 -0.143722 0.0394402 0.0269956 0.0430117 0.126559
internal_weight=3.02625e+06 1.83749e+06 1.14675e+06 1.02186e+06 191650 830215 10754 88689 6547 82142 690735 607816 500794 101672
internal_count=3026251 1837488 1146753 1021865 191650 830215 10754 88689 6547 82142 690735 607816 500794 101672
is_linear=0
shrinkage=0.02


Tree=57
num_leaves=15
num_cat=0
split_feature=9 8 0 9 22 9 4 9 22 8 19 8 0 4
split_gain=2.80506e+06 1.52955e+06 1.53672e+06 1.98628e+06 1.88285e+06 4.82097e+06 1.94076e+06 1.59241e+06 1.56994e+06 1.77318e+06 1.39491e+06 2.77193e+06 1.98902e+06 1.39281e+06
threshold=0.53606674075126659 -0.95236524939537037 1220.5000000000002 -0.7377723455429076 12142.984863281252 -0.10272181034088133 117.77499771118165 -0.50931808352470387 12209.860839843752 0.77373486757278453 13490.410644531252 0.82309290766716015 3479.5000000000005 -218.04499816894528
decision_type=2 2 2 2 2 2 2 2 2 2 2 2 2 2
left_child=1 -1 -3 -4 13 6 10 8 9 -8 12 -12 -6 -5
right_child=-2 2 3 4 5 -7 7 -9 -10 -11 11 -13 -14 -15
leaf_value=-0.031350473655350541 -0.034247891215174624 -0.013639597961189966 0.17145727777651648 -0.13617774758403861 0.05836647584217175 0.22858678917482905 -0.13430796667445874 0.019923337728166759 -0.11378529514321507 -1.3794260156934508 0.01532738960851443 -0.93027026464297624 0.27109583074818339 0.015276630141769545
leaf_weight=299170 726795 490026 37188 24802 105958 59985 988 68304 34056 846 5670 1577 21071 1149815
leaf_count=299170 726795 490026 37188 24802 105958 59985 988 68304 34056 846 5670 1577 21071 1149815
internal_value=1.42403e-06 0.0108268 0.0171351 0.0271205 0.0234755 0.0683321 0.0280135 -0.036755 -0.144598 -0.713041 0.0782709 -0.191437 0.0936718 0.0120775
internal_weight=3.02625e+06 2.29946e+06 2.00029e+06 1.51026e+06 1.47307e+06 298455 238470 104194 35890 1834 134276 7247 127029 1.17462e+06
internal_count=3026251 2299456 2000286 1510260 1473072 298455 238470 104194 35890 1834 134276 7247 127029 1174617
is_linear=0
shrinkage=0.02


Tree=58
num_leaves=15
num_cat=0
split_feature=8 0 20 7 8 8 7 7 20 7 7 20 7 7
split_gain=2.54695e+06 1.58539e+06 2.22988e+06 2.42348e+06 1.73001e+06 2.51113e+06 2.20582e+06 2.02049e+06 1.78519e+06 5.02275e+06 1.66074e+06 1.97106e+06 5.19961e+06 2.09304e+06
threshold=-0.70585528016090382 2564.5000000000005 11423.793945312502 11422.027343750002 -0.95664271712303151 -0.85837611556053151 11755.942382812502 11440.685058593752 12110.257812500002 12212.934082031252 10886.141601562502 10975.904785156252 11015.070312500002 10950.057617187502
decision_type=2 2 2 2 2 2 2 2 2 2 2 2 2 2
left_child=1 -1 3 10 -4 8 7 -7 -6 -10 -3 12 13 -12
right_child=-2 2 4 -5 5 6 -8 -9 9 -11 11 -13 -14 -15
leaf_value=-0.00095827106543353371 0.014759092196744721 0.035988473719814555 -0.080897009275814447 -0.56314578807110183 0.049259847133831081 -0.36498616348974183 -0.084289567881813243 0.24410729863294406 0.68348436275559599 0.076651010441521922 -0.24126561552995734 -0.06207276013623983 -0.61800071436561466 -0.0062011102376749085
leaf_weight=627286 1837488 46745 71704 4099 43730 2513 70203 15979 7782 18208 28470 210117 9549 32378
leaf_count=627286 1837488 46745 71704 4099 43730 2513 70203 15979 7782 18208 28470 210117 9549 32378
internal_value=1.26353e-06 -0.02281 -0.0472225 -0.0804366 0.000605156 0.0374987 -0.0330991 0.16118 0.127303 0.258545 -0.0743734 -0.0927649 -0.184351 -0.116207
internal_weight=3.02625e+06 1.18876e+06 561477 331358 230119 158415 88695 18492 69720 25990 327259 280514 70397 60848
internal_count=3026251 1188763 561477 331358 230119 158415 88695 18492 69720 25990 327259 280514 70397 60848
is_linear=0
shrinkage=0.02


Tree=59
num_leaves=15
num_cat=0
split_feature=4 8 19 0 4 5 24 21 8 24 8 4 24 21
split_gain=2.46242e+06 1.25141e+06 1.50336e+06 2.14518e+06 1.52513e+06 1.79614e+06 1.65491e+06 2.19928e+06 1.42525e+06 1.3967e+06 2.24415e+06 2.00236e+06 1.48615e+06 1.57627e+06
threshold=21.48499965667725 0.68934190273284923 13490.410644531252 2785.5000000000005 229.26499938964847 0.072500001639127745 12781.450195312502 12732.734863281252 0.88779377937316906 12152.713867187502 0.99518439173698436 87.875000000000014 11513.664550781252 11465.746093750002
decision_type=2 2 2 2 2 2 2 2 2 2 2 2 2 2
left_child=-1 -2 4 -4 6 8 7 9 -6 12 -11 -12 13 -3
right_child=1 2 3 -5 5 -7 -8 -9 -10 10 11 -13 -14 -15
leaf_value=-0.01754659953448711 0.10327370503440995 0.023298606775347765 0.15493268096579577 -0.88726395171928196 -0.25126430355370444 0.17820377006453123 0.2325853558371036 -0.12130641327611429 0.015635491439350342 0.046023619337655468 0.055816586920255262 0.42987047494553482 -0.024617870235553129 0.23021676857658754
leaf_weight=1555047 66568 769125 1430 1748 23581 7574 14380 44483 12110 184724 10729 12271 307477 15004
leaf_count=1555047 66568 769125 1430 1748 23581 7574 14380 44483 12110 184724 10729 12271 307477 15004
internal_value=1.17705e-06 0.018549 0.014533 -0.419287 0.0155198 -0.101364 0.0192438 0.0169592 -0.160725 0.0216936 0.0692271 0.255483 0.0126478 0.0272608
internal_weight=3.02625e+06 1.4712e+06 1.40464e+06 3178 1.40146e+06 43265 1.35819e+06 1.34381e+06 35691 1.29933e+06 207724 23000 1.09161e+06 784129
internal_count=3026251 1471204 1404636 3178 1401458 43265 1358193 1343813 35691 1299330 207724 23000 1091606 784129
is_linear=0
shrinkage=0.02


Tree=60
num_leaves=15
num_cat=0
split_feature=4 7 19 22 20 23 0 22 7 4 7 7 19 7
split_gain=2.36492e+06 2.0993e+06 6.29861e+06 2.55807e+06 4.31247e+06 2.54707e+06 1.77455e+06 1.28346e+06 8.29907e+06 2.06943e+06 1.86601e+06 1.26274e+06 3.64047e+06 2.80535e+06
threshold=21.48499965667725 10926.682617187502 10949.830566406252 10937.726074218752 10961.749023437502 10966.206542968752 3612.5000000000005 12225.601074218752 12202.979980468752 -278.60499572753901 12231.562988281252 11188.368652343752 11204.311523437502 11434.893066406252
decision_type=2 2 2 2 2 2 2 2 2 2 2 2 2 2
left_child=7 2 6 4 -3 -4 -2 9 -9 -1 -11 -5 -13 -14
right_child=1 3 5 11 -6 -7 -8 8 -10 10 -12 12 13 -15
leaf_value=-0.31787071569453551 0.011712901782103657 -0.098052871338607697 0.77377014022057933 0.054345470361324789 -1.3525238824189243 0.073933039833523409 0.13239002734654659 0.6312212693675503 0.00240068326609912 -0.020662092651031277 -0.26418955079566431 -0.11763017413195509 0.086415301626853888 -0.0025461820573375142
leaf_weight=9585 148324 56301 6985 247736 1108 2964 72590 8682 245942 1278137 12701 89630 180175 665391
leaf_count=9585 148324 56301 6985 247736 1108 2964 72590 8682 245942 1278137 12701 89630 180175 665391
internal_value=1.16521e-06 0.018178 0.073553 0.00787066 -0.122496 0.565561 0.0513704 -0.0171957 0.0238658 -0.0252357 -0.0230603 0.0141985 0.00356296 0.0164107
internal_weight=3.02625e+06 1.4712e+06 230863 1.24034e+06 57409 9949 220914 1.55505e+06 254624 1.30042e+06 1.29084e+06 1.18293e+06 935196 845566
internal_count=3026251 1471204 230863 1240341 57409 9949 220914 1555047 254624 1300423 1290838 1182932 935196 845566
is_linear=0
shrinkage=0.02


Tree=61
num_leaves=15
num_cat=0
split_feature=9 7 7 23 7 20 24 7 21 24 9 20 7 24
split_gain=2.50099e+06 2.4839e+06 2.33155e+06 1.70112e+06 1.75419e+06 5.52002e+06 1.60565e+06 1.51224e+06 4.83755e+06 3.36609e+06 2.19824e+06 2.90742e+06 2.3218e+06 2.02083e+06
threshold=0.59157848358154308 10769.989746093752 10706.830566406252 10804.566406250002 11004.516113281252 10972.629394531252 12829.062011718752 10886.141601562502 10875.256347656252 10913.606445312502 -0.3094827383756637 10886.916992187502 10975.922851562502 10862.396972656252
decision_type=2 2 2 2 2 2 2 2 2 2 2 2 2 2
left_child=7 2 -2 -3 -5 -6 -7 8 -1 10 12 -12 13 -9
right_child=1 3 -4 4 5 6 -8 9 -10 -11 11 -13 -14 -15
leaf_value=0.028652225277806059 -0.034451497590175052 -0.23020407594320003 0.33133542421553408 0.024612611656931037 -0.50405831436591986 -0.048515209422519724 0.30131880189401927 0.23336906576147656 0.33315081925277024 0.0091032579909505751 -0.42564370539879548 -0.089730825179402965 -0.53240352266752267 -0.073891505244249908
leaf_weight=258342 13761 18649 14111 144810 10686 464818 5298 12746 22694 1987484 16698 26920 3202 26032
leaf_count=258342 13761 18649 14111 144810 10686 464818 5298 12746 22694 1987484 16698 26920 3202 26032
internal_value=1.11515e-06 -0.0340253 0.15079 -0.042023 -0.0364099 -0.0547891 -0.0445664 0.00971623 0.0532519 0.00381411 -0.11898 -0.218395 -0.0156587 0.0271361
internal_weight=3.02625e+06 672133 27872 644261 625612 480802 470116 2.35412e+06 281036 2.07308e+06 85598 43618 41980 38778
internal_count=3026251 672133 27872 644261 625612 480802 470116 2354118 281036 2073082 85598 43618 41980 38778
is_linear=0
shrinkage=0.02


Tree=62
num_leaves=15
num_cat=0
split_feature=4 7 19 19 0 6 19 0 7 19 0 19 7 7
split_gain=2.21015e+06 2.15926e+06 6.04527e+06 1.98241e+06 1.55978e+06 1.71472e+06 1.39202e+06 1.53481e+06 1.34887e+06 1.51201e+06 1.26242e+06 2.00737e+06 6.20013e+06 2.12381e+06
threshold=32.68499946594239 10926.682617187502 10949.830566406252 10930.491210937502 3636.5000000000005 92.901950836181655 13490.410644531252 3217.5000000000005 10975.922851562502 10882.390625000002 2643.5000000000005 12261.801757812502 12205.471191406252 12205.471191406252
decision_type=2 2 2 2 2 2 2 2 2 2 2 2 2 2
left_child=10 2 4 8 -2 -6 -5 -8 9 -3 -1 13 -13 -12
right_child=1 3 -4 6 5 -7 7 -9 -10 -11 11 12 -14 -15
leaf_value=-0.0023549223784992196 0.013630880216696027 0.11314567870308752 0.56438880747219977 0.013831056037739431 0.071449075952420976 0.2947479168124032 0.10527590245295305 -0.92349365136414496 -0.52280343770980831 -0.18633477982955615 -0.045585915487022309 0.76931815971847817 0.01063401528856037 -0.25984757260705499
leaf_weight=1071132 133449 9509 9715 1100549 53116 18558 1029 1314 3301 23129 495178 4536 82522 19214
leaf_count=1071132 133449 9509 9715 1100549 53116 18558 1029 1314 3301 23129 495178 4536 82522 19214
internal_value=1.04771e-06 0.0189998 0.077155 0.00802832 0.0540522 0.129299 0.0127922 -0.473142 -0.138128 -0.0990734 -0.0153752 -0.0385627 0.0502479 -0.0535941
internal_weight=3.02625e+06 1.35367e+06 214838 1.13883e+06 205123 71674 1.10289e+06 2343 35939 32638 1.67258e+06 601450 87058 514392
internal_count=3026251 1353669 214838 1138831 205123 71674 1102892 2343 35939 32638 1672582 601450 87058 514392
is_linear=0
shrinkage=0.02


Tree=63
num_leaves=15
num_cat=0
split_feature=9 24 17 4 9 19 19 8 20 9 21 8 19 4
split_gain=2.34034e+06 1.42494e+06 1.31821e+06 1.26239e+06 1.50974e+06 1.39505e+06 1.73354e+06 1.13658e+06 1.0989e+06 3.71002e+06 1.59063e+06 1.30373e+06 1.34435e+06 1.89463e+06
threshold=0.53606674075126659 12829.062011718752 0.1455325856804848 -126.99499893188475 0.8301217555999757 11548.692871093752 11689.373535156252 -0.95236524939537037 12175.379394531252 -0.10272181034088133 12171.263183593752 0.77373486757278453 13490.410644531252 22.564999580383304
decision_type=2 2 2 2 2 2 2 2 2 2 2 2 2 2
left_child=2 3 -1 5 -5 -2 -7 -4 -9 11 -11 -10 -13 -14
right_child=1 -3 7 4 -6 6 -8 8 9 10 -12 12 13 -15
leaf_value=0.12534978903327518 -0.12683468873262693 0.2952111102599651 -0.028681299905877367 -0.016260253019421224 -0.32084938184063128 0.42993750192750801 -0.0308950081045288 0.0061503521284662866 0.1012939842215463 0.59800380852905766 0.15534526754443187 1.2311651847887223e-05 0.13699283446439289 -0.86304366876252758
leaf_weight=38874 103158 5298 295297 559226 6576 3488 49049 1591337 56410 3410 64859 246211 1354 1704
leaf_count=38874 103158 5298 295297 559226 6576 3488 49049 1591337 56410 3410 64859 246211 1354 1704
internal_value=1.02807e-06 -0.0312828 0.0098891 -0.0336844 -0.019806 -0.0841144 -0.000223359 0.00790303 0.0134002 0.0442509 0.17754 0.0144777 -0.00517223 -0.421245
internal_weight=3.02625e+06 726795 2.29946e+06 721497 565802 155695 52537 2.26058e+06 1.96528e+06 373948 68269 305679 249269 3058
internal_count=3026251 726795 2299456 721497 565802 155695 52537 2260582 1965285 373948 68269 305679 249269 3058
is_linear=0
shrinkage=0.02


Tree=64
num_leaves=15
num_cat=0
split_feature=9 7 24 7 4 24 1 7 7 24 24 9 9 21
split_gain=2.25057e+06 1.79674e+06 4.42424e+06 3.33871e+06 1.83026e+06 1.54589e+06 1.46153e+06 2.5934e+06 1.45878e+06 2.87886e+06 2.72473e+06 1.3637e+06 1.67832e+06 1.61523e+06
threshold=-1.0000000180025095e-35 11577.411621093752 11571.142089843752 11755.942382812502 -228.83499908447263 11662.088378906252 41.90783882141114 11512.223632812502 11186.826171875002 11187.770019531252 11161.068847656252 0.55642431974411022 0.29584877192974096 12778.339355468752
decision_type=2 2 2 2 2 2 2 2 2 2 2 2 2 2
left_child=8 2 4 5 -2 -3 -4 -8 9 -1 -10 12 -5 -13
right_child=1 3 6 11 -6 -7 7 -9 10 -11 -12 13 -14 -15
leaf_value=0.030340319951028892 -0.18791470574550528 0.62550170928739635 0.81133151079611499 -0.014924588209519798 -0.025429677472552804 0.16980687879638334 -0.29426712744115047 -1.0065178623755984 -0.23778920981429996 0.2335975237581974 0.0056202079096834071 -0.067657743907601584 0.088873532353249782 0.11074078002582421
leaf_weight=579181 28669 3389 368 148939 838149 24182 9154 2629 18710 29273 1060889 152189 107114 23416
leaf_count=579181 28669 3389 368 148939 838149 24182 9154 2629 18710 29273 1060889 152189 107114 23416
internal_value=1.03824e-06 -0.0193701 -0.0361209 0.0126913 -0.0308058 0.226028 -0.414948 -0.453904 0.0153575 0.0401228 0.00139962 -0.000939893 0.0284987 -0.0438642
internal_weight=3.02625e+06 1.3382e+06 878969 459229 866818 27571 12151 11783 1.68805e+06 608454 1.0796e+06 431658 256053 175605
internal_count=3026251 1338198 878969 459229 866818 27571 12151 11783 1688053 608454 1079599 431658 256053 175605
is_linear=0
shrinkage=0.02


Tree=65
num_leaves=15
num_cat=0
split_feature=8 0 21 7 8 7 21 24 7 7 7 19 7 8
split_gain=2.03414e+06 1.44423e+06 1.89791e+06 2.3647e+06 1.61672e+06 1.53935e+06 1.87929e+06 1.80487e+06 4.53139e+06 2.06127e+06 1.54807e+06 4.88339e+06 2.57131e+06 1.63443e+06
threshold=-0.70585528016090382 2544.5000000000005 11426.451171875002 11422.027343750002 -0.99445033073425282 10886.141601562502 10870.050781250002 10980.662109375002 11015.070312500002 10950.057617187502 11203.908691406252 11192.752441406252 11218.415527343752 -0.94168409705162037
decision_type=2 2 2 2 2 2 2 2 2 2 2 2 2 2
left_child=1 -1 3 5 -4 6 -3 8 9 -7 13 12 -12 -9
right_child=-2 2 4 -5 -6 7 -8 10 -10 -11 11 -13 -14 -15
leaf_value=0.00064003969455463062 0.013189754788656033 -0.0027410110752746418 -0.10324613466858164 -0.55916560260580395 0.027320413459445622 -0.23028940161269729 0.43264599349842464 0.28452359629763802 -0.54954145701944634 0.0003734863255817661 -0.19675142681320248 -0.059925121260585072 -0.7713689448653116 -0.021170276683276291
leaf_weight=622510 1837488 42845 47756 3961 184284 28708 4360 7583 10792 33660 6348 100857 6124 88975
leaf_count=622510 1837488 42845 47756 3961 184284 28708 4360 7583 10792 33660 6348 100857 6124 88975
internal_value=1.03344e-06 -0.0203849 -0.0434983 -0.0740069 0.00044522 -0.0681711 0.0375554 -0.0858043 -0.171341 -0.10582 -0.0559821 -0.106116 -0.479294 0.00286358
internal_weight=3.02625e+06 1.18876e+06 566253 334213 232040 330252 47205 283047 73160 62368 209887 113329 12472 96558
internal_count=3026251 1188763 566253 334213 232040 330252 47205 283047 73160 62368 209887 113329 12472 96558
is_linear=0
shrinkage=0.02


Tree=66
num_leaves=15
num_cat=0
split_feature=5 0 24 0 0 17 13 14 24 17 8 25 24 8
split_gain=1.95865e+06 1.17974e+06 1.99711e+06 1.08678e+06 1.03728e+06 1.27594e+06 908745 1.75756e+06 1.01899e+06 862875 765820 927191 660556 615978
threshold=-0.022499999962747094 3969.5000000000005 11434.651855468752 8272.5000000000018 1618.5000000000002 0.21199708431959155 5.5000000000000009 0.72069397568702709 11797.871093750002 0.56424313783645641 -0.98067668080329884 0.0358384307473898 11353.534179687502 -0.95664271712303151
decision_type=2 2 2 2 2 2 2 2 2 2 2 2 2 2
left_child=1 -1 10 4 -2 -6 7 -7 12 -8 11 -3 -9 -4
right_child=3 2 13 -5 5 6 9 8 -10 -11 -12 -13 -14 -15
leaf_value=-0.012918883271275905 -0.0087402304053827047 0.26785999989081005 -0.10197522794712358 -0.22241086495360024 0.10164631138676532 0.020997606108370388 0.0050295361486644222 0.15088533402620946 0.032051301358922916 -0.075745445920983812 -0.13554805303619316 -0.090869912764013336 0.35196612815899608 0.046291634086253676
leaf_weight=694568 699734 4273 14033 7984 74330 776461 457387 30884 26013 59808 108166 8801 8293 55516
leaf_count=694568 699734 4273 14033 7984 74330 776461 457387 30884 26013 59808 108166 8801 8293 55516
internal_value=8.97526e-07 -0.0250193 -0.069068 0.010348 0.0112203 0.0209658 0.0165518 0.0293729 0.129109 -0.00431246 -0.118074 0.026488 0.19353 0.016365
internal_weight=3.02625e+06 885357 190789 2.14089e+06 2.13291e+06 1.43318e+06 1.35885e+06 841651 65190 517195 121240 13074 39177 69549
internal_count=3026251 885357 190789 2140894 2132910 1433176 1358846 841651 65190 517195 121240 13074 39177 69549
is_linear=0
shrinkage=0.02


Tree=67
num_leaves=15
num_cat=0
split_feature=9 7 23 19 7 20 20 4 7 20 7 20 7 19
split_gain=2.09412e+06 1.96894e+06 1.67467e+06 1.55291e+06 1.52988e+06 5.75527e+06 1.60069e+06 2.26049e+06 1.76052e+06 3.14255e+06 6.00216e+06 1.57121e+06 1.45269e+06 4.57994e+06
threshold=0.53606674075126659 10769.989746093752 10804.566406250002 10755.522460937502 11004.516113281252 10972.629394531252 11045.628417968752 -144.35500335693357 11199.230468750002 11199.533691406252 11223.745605468752 11155.154785156252 10886.141601562502 10876.600097656252
decision_type=2 2 2 2 2 2 2 2 2 2 2 2 2 2
left_child=12 3 -3 -2 -4 -6 7 -7 11 10 -10 -8 13 -1
right_child=1 2 4 -5 5 6 8 -9 9 -11 -12 -13 -14 -15
leaf_value=0.029078325765329319 0.026148902619374144 -0.22289934158667093 0.025712248085276116 0.32444106565885578 -0.49265223503432398 -0.70671968151408915 -0.05247358542360174 -0.12267438048419692 -0.090406598590942716 -0.029768046431867163 -0.65688102774281776 0.08603063406555643 0.0034675929879148539 0.33701575066511363
leaf_weight=256412 21057 18769 146769 10435 11346 2956 53934 25020 36134 307522 9427 83426 2022160 20884
leaf_count=256412 21057 18769 146769 10435 11346 2956 53934 25020 36134 307522 9427 83426 2022160 20884
internal_value=9.01384e-07 -0.0295915 -0.0365979 0.125061 -0.0314261 -0.0472563 -0.0374991 -0.184617 -0.0291035 -0.0527377 -0.207734 0.0316474 0.00935436 0.0522814
internal_weight=3.02625e+06 726795 695303 31492 676534 529765 518419 27976 490443 353083 45561 137360 2.29946e+06 277296
internal_count=3026251 726795 695303 31492 676534 529765 518419 27976 490443 353083 45561 137360 2299456 277296
is_linear=0
shrinkage=0.02


Tree=68
num_leaves=15
num_cat=0
split_feature=9 7 7 7 20 20 4 7 20 7 7 25 7 20
split_gain=2.01125e+06 1.89104e+06 1.6179e+06 1.54534e+06 6.99429e+06 1.43021e+06 1.78693e+06 1.7743e+06 4.41102e+06 4.53125e+06 1.40508e+06 2.3583e+06 1.39518e+06 4.44028e+06
threshold=0.53606674075126659 10769.989746093752 10870.277343750002 11008.638671875002 10983.823242187502 11039.234863281252 -65.235000610351548 11202.455078125002 11199.533691406252 11233.562988281252 10706.830566406252 0.035565877333283431 10886.141601562502 10843.401367187502
decision_type=2 2 2 2 2 2 2 2 2 2 2 2 2 2
left_child=12 10 -3 -4 -5 6 -6 -7 9 -9 -2 -12 13 -1
right_child=1 2 3 4 5 7 -8 8 -10 -11 11 -13 -14 -15
leaf_value=0.0048156768285341775 -0.026256032036040246 -0.20931197756703221 0.026199102890103562 -0.48149415574000232 -0.54265630302751844 0.026905747922492007 -0.092286536365567912 -0.14357986132238235 -0.030338264198121502 -0.69981553690645859 0.002537524667272445 0.46779245331616781 0.0033982414624930363 0.18921281772085563
leaf_weight=207497 14053 20857 149618 14381 4710 159662 13930 24504 299949 7692 8452 8987 2022160 69799
leaf_count=207497 14053 20857 149618 14381 4710 159662 13930 24504 299949 7692 8452 8987 2022160 69799
internal_value=7.81134e-07 -0.0290002 -0.0358666 -0.0304998 -0.0466638 -0.0344039 -0.206318 -0.0278841 -0.0542216 -0.276648 0.122562 0.242433 0.00916731 0.0512361
internal_weight=3.02625e+06 726795 695303 674446 524828 510447 18640 491807 332145 32196 31492 17439 2.29946e+06 277296
internal_count=3026251 726795 695303 674446 524828 510447 18640 491807 332145 32196 31492 17439 2299456 277296
is_linear=0
shrinkage=0.02


Tree=69
num_leaves=15
num_cat=0
split_feature=9 20 4 22 4 21 20 9 4 24 8 9 24 0
split_gain=1.94446e+06 1.63215e+06 2.94595e+06 2.9341e+06 1.89403e+06 1.50519e+06 1.19487e+06 1.31299e+06 1.21861e+06 2.08095e+06 1.17681e+06 1.11155e+06 1.08923e+06 1.08244e+06
threshold=-1.0000000180025095e-35 12223.945800781252 -170.61000061035153 12418.282714843752 -228.83499908447263 12236.303710937502 12741.297363281252 0.50712648034095775 -66.865001678466783 12726.564453125002 -0.79123097658157338 0.8301217555999757 12829.062011718752 1773.5000000000002
decision_type=2 2 2 2 2 2 2 2 2 2 2 2 2 2
left_child=13 4 3 -3 -2 -4 7 -7 9 -8 -5 -6 -11 -1
right_child=1 2 5 10 11 6 8 -9 -10 12 -12 -13 -14 -15
leaf_value=-0.0070378795910245326 -0.16716452630041559 0.63022891607967035 0.29030843129016209 0.02968164002933198 -0.020854361690333913 0.031115626084645062 0.71094598553040855 -0.095534612295541457 -0.006052649065467295 0.043316385486569645 0.53795795992496576 -0.25988319938428189 0.46180931056947577 0.026309436926454315
leaf_weight=609210 37458 6073 7282 12177 1090431 64455 2786 66530 24551 13451 2133 7828 3043 1078843
leaf_count=609210 37458 6073 7282 12177 1090431 64455 2786 66530 24551 13451 2133 7828 3043 1078843
internal_value=6.65794e-07 -0.0180049 0.0343048 0.262261 -0.0273312 0.00877554 -0.00296759 -0.0332149 0.0874102 0.206368 0.105768 -0.0225604 0.120759 0.0142746
internal_weight=3.02625e+06 1.3382e+06 202481 20383 1.13572e+06 182098 174816 130985 43831 19280 14310 1.09826e+06 16494 1.68805e+06
internal_count=3026251 1338198 202481 20383 1135717 182098 174816 130985 43831 19280 14310 1098259 16494 1688053
is_linear=0
shrinkage=0.02


Tree=70
num_leaves=15
num_cat=0
split_feature=9 7 7 23 7 24 4 7 22 7 8 7 24 7
split_gain=1.87531e+06 2.23232e+06 2.09382e+06 1.52855e+06 1.58434e+06 5.63975e+06 1.94598e+06 1.91899e+06 3.81856e+06 4.03307e+06 1.42886e+06 1.41377e+06 1.33115e+06 1.27964e+06
threshold=0.59157848358154308 10769.989746093752 10706.830566406252 10804.566406250002 11008.638671875002 11019.254882812502 -80.75500106811522 11202.455078125002 11203.191406250002 11228.336914062502 0.50153240561485302 10789.720703125002 12829.062011718752 10886.141601562502
decision_type=2 2 2 2 2 2 2 2 2 2 2 2 2 2
left_child=13 2 -2 11 10 6 -6 -7 9 -9 -5 -3 -10 -1
right_child=1 3 -4 4 5 7 -8 8 12 -11 -12 -13 -14 -15
leaf_value=0.048461219555938108 -0.029803585593304472 -0.013109522262935354 0.31683556072104341 0.015145305734018837 -0.49899681008382446 0.025494941823645902 -0.1798124782926685 -0.11077491686487832 -0.037973265246315668 -0.53528631900023393 0.41156145160070851 -0.36524307517052229 0.28223911144084995 0.0029841026298633583
leaf_weight=281036 13761 7939 14111 145976 12636 155665 19352 30666 239662 12637 3720 10710 5298 2073082
leaf_count=281036 13761 7939 14111 145976 12636 155665 19352 30666 239662 12637 3720 10710 5298 2073082
internal_value=7.98341e-07 -0.0294636 0.145742 -0.0370455 -0.0317247 -0.0495746 -0.306015 -0.0310899 -0.0616462 -0.234754 0.0250234 -0.215426 -0.0310364 0.00841338
internal_weight=3.02625e+06 672133 27872 644261 625612 475916 31988 443928 288263 43303 149696 18649 244960 2.35412e+06
internal_count=3026251 672133 27872 644261 625612 475916 31988 443928 288263 43303 149696 18649 244960 2354118
is_linear=0
shrinkage=0.02


Tree=71
num_leaves=15
num_cat=0
split_feature=17 5 20 21 24 24 21 4 20 4 4 4 4 23
split_gain=1.88051e+06 1.80433e+06 1.1748e+06 963388 1.92454e+06 1.8239e+06 2.28382e+06 1.26174e+06 1.22882e+06 1.109e+06 866871 826476 814953 798826
threshold=0.21199708431959155 -0.022499999962747094 12741.297363281252 12778.339355468752 12709.879394531252 12698.917480468752 12688.952636718752 251.41500091552737 12804.373046875002 129.87500000000003 -278.60499572753901 -65.235000610351548 41.335000991821296 12707.855468750002
decision_type=2 2 2 2 2 2 2 2 2 2 2 2 2 2
left_child=-1 2 10 4 5 -3 -7 11 -6 -10 -2 -5 -13 -12
right_child=1 3 -4 7 8 6 -8 -9 9 -11 13 12 -14 -15
leaf_value=0.067406898281543337 -0.23384522811220049 0.0072069567191020856 0.091746536291338596 0.44224932391406341 -0.077195376702555205 0.72970302783071217 0.035693529154793104 -0.40633800171648021 -0.14826089023415992 -0.80101318945285716 -0.029030229733016798 -0.028385789456943984 0.19233719871871255 -0.24722674295502059
leaf_weight=156956 8497 1919493 31352 3283 65140 3136 4779 1761 2441 1813 792599 10878 17364 6759
leaf_count=156956 8497 1919493 31352 3283 65140 3136 4779 1761 2441 1813 792599 10878 17364 6759
internal_value=7.38128e-07 -0.00368672 -0.0283539 0.00651039 0.00473125 0.00845712 0.311243 0.113205 -0.09874 -0.427686 -0.033016 0.142348 0.10734 -0.0308783
internal_weight=3.02625e+06 2.8693e+06 839207 2.03009e+06 1.9968e+06 1.92741e+06 7915 33286 69394 4254 807855 31525 28242 799358
internal_count=3026251 2869295 839207 2030088 1996802 1927408 7915 33286 69394 4254 807855 31525 28242 799358
is_linear=0
shrinkage=0.02


Tree=72
num_leaves=15
num_cat=0
split_feature=17 9 21 4 0 9 21 9 8 9 4 8 0 0
split_gain=1.80605e+06 1.97812e+06 1.33706e+06 1.42518e+06 1.10972e+06 1.34769e+06 1.24294e+06 1.345e+06 1.32018e+06 890224 1.38965e+06 1.67042e+06 1.33451e+06 1.28741e+06
threshold=0.21199708431959155 1.0000000180025095e-35 12766.390136718752 -66.865001678466783 2663.5000000000005 0.8301217555999757 11217.574218750002 0.70835387706756603 -1.0000000180025095e-35 -0.72443613409996022 229.26499938964847 0.71827605366706859 5221.5000000000009 1597.5000000000002
decision_type=2 2 2 2 2 2 2 2 2 2 2 2 2 2
left_child=-1 9 4 -4 5 -3 7 -6 -9 13 12 -12 -11 -2
right_child=1 2 3 -5 6 -7 -8 8 -10 10 11 -13 -14 -15
leaf_value=0.066058846122594439 -0.021513835502765435 -0.0055511089832921898 0.25545654674109708 -0.0040174816497915242 -0.096926956281083693 -0.32268962237766796 -0.020343946255369959 0.021999456416768728 0.75105213554738914 0.0061126162530989016 0.36096959511226417 -0.14131857344912446 0.084770037834726641 0.14510238399097408
leaf_weight=156956 31202 655987 14027 21338 218524 5394 322574 28077 1020 1392220 2835 38400 91969 45728
leaf_count=156956 31202 655987 14027 21338 218524 5394 322574 28077 1020 1392220 2835 38400 91969 45728
internal_value=6.96296e-07 -0.00361302 -0.0222884 0.0989416 -0.0257703 -0.00814245 -0.0462166 -0.0799186 0.0478065 0.0111531 0.0078051 -0.106705 0.0109872 0.0775303
internal_weight=3.02625e+06 2.8693e+06 1.26694e+06 35365 1.23158e+06 661381 570195 247621 29097 1.60235e+06 1.52542e+06 41235 1.48419e+06 76930
internal_count=3026251 2869295 1266941 35365 1231576 661381 570195 247621 29097 1602354 1525424 41235 1484189 76930
is_linear=0
shrinkage=0.02


Tree=73
num_leaves=15
num_cat=0
split_feature=4 7 20 22 20 0 6 7 7 20 7 7 24 7
split_gain=1.62533e+06 1.9048e+06 4.50708e+06 2.46141e+06 4.12543e+06 1.59069e+06 1.61253e+06 1.22996e+06 4.23018e+06 3.71041e+06 3.65826e+06 2.59317e+06 1.50449e+06 1.78171e+06
threshold=32.68499946594239 10926.682617187502 10921.013183593752 10937.726074218752 10961.749023437502 3566.5000000000005 92.901950836181655 11021.642089843752 10993.161621093752 11161.575195312502 11178.849121093752 11008.638671875002 10992.715332031252 11196.183593750002
decision_type=2 2 2 2 2 2 2 2 2 2 2 2 2 2
left_child=-1 2 5 4 -3 -2 -7 8 -5 12 -11 -10 -9 -14
right_child=1 3 -4 7 -6 6 -8 9 11 10 -12 -13 13 -15
leaf_value=-0.013185131380989194 0.0020644840074740657 -0.099009745263131749 0.3970986856639061 -0.004515881156514529 -1.3263523712141143 0.063799482891298401 0.27801017487676244 -0.50253691582112492 0.50746291225332896 0.23267485930146062 0.010671102901723675 0.12160655087909801 -0.055296272842733772 -0.28773644003360654
leaf_weight=1672582 125886 54593 15696 68696 1108 54294 18962 3849 12086 30736 864728 16451 70357 16227
leaf_count=1672582 125886 54593 15696 68696 1108 54294 18962 3849 12086 30736 864728 16451 70357 16227
internal_value=7.53664e-07 0.0162931 0.0709142 0.00598841 -0.123658 0.0451862 0.119278 0.0126567 0.0805176 0.00596323 0.0182937 0.285146 -0.116121 -0.0988871
internal_weight=3.02625e+06 1.35367e+06 214838 1.13883e+06 55701 199142 73256 1.08313e+06 97233 985897 895464 28537 90433 86584
internal_count=3026251 1353669 214838 1138831 55701 199142 73256 1083130 97233 985897 895464 28537 90433 86584
is_linear=0
shrinkage=0.02


Tree=74
num_leaves=15
num_cat=0
split_feature=17 9 20 0 9 24 9 22 23 9 23 20 22 9
split_gain=1.73537e+06 1.84714e+06 1.35611e+06 1.05849e+06 1.22673e+06 969244 1.18148e+06 901753 2.37439e+06 1.95622e+06 1.23312e+06 1.42771e+06 1.15958e+06 1.34627e+06
threshold=0.20733474940061572 -1.0000000180025095e-35 12741.297363281252 2405.5000000000005 0.8301217555999757 11215.620117187502 0.70835387706756603 12710.747558593752 12679.257324218752 -0.63350945711135853 12717.862792968752 12775.502441406252 12783.526367187502 -0.56790637969970692
decision_type=2 2 2 2 2 2 2 2 2 2 2 2 2 2
left_child=-1 7 3 4 -3 6 -5 8 -2 -10 -9 12 -12 -14
right_child=1 2 -4 5 -6 -7 -8 10 9 -11 11 -13 13 -15
leaf_value=0.067414067464722102 0.012229959636563165 -0.0035966023811572455 0.088504380555729498 -0.086580573824374396 -0.32116086833479601 -0.021207963485209206 0.037727793007481185 -0.27122420431240224 0.63236671671584321 0.098670266264853909 -0.054830979928764942 0.086034165551989727 -0.17633836866535471 -0.86335930983329467
leaf_weight=145394 1509343 592273 43356 245319 4896 351091 34933 9139 4370 7382 43849 28861 4526 1519
leaf_count=145394 1509343 592273 43356 245319 4896 351091 34933 9139 4370 7382 43849 28861 4526 1519
internal_value=6.939e-07 -0.00340181 -0.0214142 -0.0252941 -0.00620558 -0.043349 -0.0710849 0.0108366 0.0144359 0.297497 -0.0514465 -0.0259113 -0.0906705 -0.350118
internal_weight=3.02625e+06 2.88086e+06 1.27187e+06 1.22851e+06 597169 631343 280252 1.60899e+06 1.5211e+06 11752 87894 78755 49894 6045
internal_count=3026251 2880857 1271868 1228512 597169 631343 280252 1608989 1521095 11752 87894 78755 49894 6045
is_linear=0
shrinkage=0.02


Tree=75
num_leaves=15
num_cat=0
split_feature=9 4 20 9 9 0 19 4 5 20 20 9 19 19
split_gain=1.63462e+06 1.21783e+06 2.30162e+06 1.33021e+06 1.01667e+06 1.37392e+06 1.43139e+06 1.20011e+06 1.6774e+06 1.3778e+06 3.22384e+06 4.21191e+06 1.06102e+06 1.55246e+06
threshold=0.59157848358154308 -126.99499893188475 12496.173828125002 0.8301217555999757 -0.72443613409996022 1519.5000000000002 10837.261230468752 229.26499938964847 0.072500001639127745 10993.073730468752 10956.199707031252 -0.65655234456062306 11378.787109375002 11413.494628906252
decision_type=2 2 2 2 2 2 2 2 2 2 2 2 2 2
left_child=4 2 -2 -3 5 -1 -7 -6 9 10 -9 -12 -11 -14
right_child=1 3 -4 -5 7 6 -8 8 -10 12 11 -13 13 -15
leaf_value=-0.027292056572226445 -0.095758316858372494 -0.0099975419931842852 0.31687933399832641 -0.29601711412316351 0.0073774742207007226 -0.13243132615661174 0.18194118517239208 -0.1215383572832997 0.17120703233464493 0.16321126629234464 0.4139270858871803 -1.1544817669744407 -0.82462532867049865 -0.086614157511951256
leaf_weight=31364 136717 523220 5620 6576 2228475 6656 44358 9997 7574 6234 880 3011 1229 14340
leaf_count=31364 136717 523220 5620 6576 2228475 6656 44358 9997 7574 6234 880 3011 1229 14340
internal_value=6.28589e-07 -0.027508 -0.0794446 -0.0135533 0.00785482 0.0768714 0.140905 0.0053518 -0.0989631 -0.156328 -0.311953 -0.799609 -0.0571005 -0.145365
internal_weight=3.02625e+06 672133 142337 529796 2.35412e+06 82378 51014 2.27174e+06 43265 35691 13888 3891 21803 15569
internal_count=3026251 672133 142337 529796 2354118 82378 51014 2271740 43265 35691 13888 3891 21803 15569
is_linear=0
shrinkage=0.02


Tree=76
num_leaves=15
num_cat=0
split_feature=17 9 7 23 0 23 7 21 9 7 21 22 7 21
split_gain=1.66546e+06 1.7387e+06 1.40491e+06 2.3688e+06 1.85332e+06 2.23006e+06 3.02635e+06 3.97453e+06 1.85692e+06 1.48235e+06 8.50644e+06 4.54118e+06 3.50536e+06 1.47566e+06
threshold=0.21199708431959155 1.0000000180025095e-35 11192.181152343752 11215.422363281252 2484.5000000000005 11166.323730468752 10926.682617187502 10875.256347656252 -0.067508406937122331 11434.893066406252 11437.230957031252 11425.907714843752 11405.086425781252 10991.893554687502
decision_type=2 2 2 2 2 2 2 2 2 2 2 2 2 2
left_child=-1 2 4 -4 -2 6 7 8 -6 10 -5 -11 -12 -8
right_child=1 -3 3 9 5 -7 13 -9 -10 11 12 -13 -14 -15
leaf_value=0.063435516402331665 -0.001623471174712537 -0.020978405971180194 -0.092554289579307891 0.021035821593602622 0.074206620258169945 0.1999021074750825 -0.071470785631798164 0.35017254069637604 -0.62151697266545625 -0.45603169264995463 1.1383631516660302 4.6207640651354273e-06 0.36409983987872407 0.059079185258917692
leaf_weight=156956 296452 1266941 108392 145853 102255 44123 82794 23824 1548 8832 3286 717357 8114 59524
leaf_count=156956 296452 1266941 108392 145853 102255 44123 82794 23824 1548 8832 3286 717357 8114 59524
internal_value=5.16739e-07 -0.0034697 0.010374 -0.00431881 0.0342433 0.0680974 0.046547 0.117258 0.0637723 0.00650795 0.0621785 -0.00554792 0.588082 -0.0168683
internal_weight=3.02625e+06 2.8693e+06 1.60235e+06 991834 610520 314068 269945 127627 103803 883442 157253 726189 11400 142318
internal_count=3026251 2869295 1602354 991834 610520 314068 269945 127627 103803 883442 157253 726189 11400 142318
is_linear=0
shrinkage=0.02


Tree=77
num_leaves=15
num_cat=0
split_feature=9 20 7 20 20 7 7 7 7 19 21 20 21 7
split_gain=1.53869e+06 1.67317e+06 7.8837e+06 3.53425e+06 2.17306e+06 2.90144e+06 1.4694e+06 2.78894e+06 1.84013e+06 2.5643e+06 1.66638e+06 2.44215e+06 2.00437e+06 1.63331e+06
threshold=-0.31321409344673151 12175.379394531252 12202.979980468752 12208.276367187502 12302.967773437502 12292.634765625002 10942.477539062502 10844.483886718752 10689.769531250002 10665.117675781252 10963.882324218752 10964.172363281252 10948.634765625002 10926.682617187502
decision_type=2 2 2 2 2 2 2 2 2 2 2 2 2 2
left_child=6 -2 3 -3 5 -4 7 8 9 -1 11 -8 -13 -9
right_child=1 2 4 -5 -6 -7 10 13 -10 -11 -12 12 -14 -15
leaf_value=-0.029606414907542438 -0.022418396210697588 0.11802883131322894 -0.077414853817739007 0.45680648702930532 0.022340860709667943 -0.61914129729948242 -0.059929597889223828 0.22904133257087517 -0.033367392984942283 0.21937083380004382 0.011961649500084499 -1.4085091025971455 -0.32787283713495546 0.038091207501256691
leaf_weight=31965 1353740 30217 68883 20796 166098 4186 65969 48984 113530 34289 1055398 879 3060 28257
leaf_count=31965 1353740 30217 68883 20796 166098 4186 65969 48984 113530 34289 1055398 879 3060 28257
internal_value=5.7319e-07 -0.0130767 0.0305032 0.256198 -0.0176449 -0.10853 0.0155526 0.0586978 0.015512 0.0992623 0.00569754 -0.0888594 -0.571981 0.1592
internal_weight=3.02625e+06 1.64392e+06 290180 51013 239167 73069 1.38233e+06 257025 179784 66254 1.12531e+06 69908 3939 77241
internal_count=3026251 1643920 290180 51013 239167 73069 1382331 257025 179784 66254 1125306 69908 3939 77241
is_linear=0
shrinkage=0.02


Tree=78
num_leaves=15
num_cat=0
split_feature=17 9 20 0 9 24 9 0 0 9 20 0 19 9
split_gain=1.58986e+06 1.60584e+06 1.26642e+06 991342 1.14042e+06 919813 1.14897e+06 826909 822529 1.74612e+06 1.00832e+06 1.01782e+06 852289 2.01686e+06
threshold=0.20223365724086764 1.0000000180025095e-35 12741.297363281252 2424.5000000000005 0.8301217555999757 11215.620117187502 0.70835387706756603 4843.5000000000009 1773.5000000000002 -0.7377723455429076 10728.901367187502 7388.5000000000009 13490.410644531252 -0.56790637969970692
decision_type=2 2 2 2 2 2 2 2 2 2 2 2 2 2
left_child=-1 8 3 4 -3 6 7 -5 -2 -10 -11 12 -12 -14
right_child=1 2 -4 5 -6 -7 -8 -9 9 10 11 -13 13 -15
leaf_value=0.067438964644514099 -0.0088699964000606007 -0.0028264919479780572 0.086191825206471451 -0.064847849451589237 -0.30767823551771878 -0.019606475841300632 0.039221802827785937 -0.15583880979488401 0.18100077024458791 0.10363294033467101 0.015529876860014318 -0.19409577243950649 0.0074836466205216784 -0.84587328241593296
leaf_weight=133645 582610 599379 43482 193811 4939 350187 34797 50327 26522 50591 941055 9478 3889 1539
leaf_count=133645 582610 599379 43482 193811 4939 350187 34797 50327 26522 50591 941055 9478 3889 1539
internal_value=4.63422e-07 -0.00311556 -0.0198777 -0.0236177 -0.00532308 -0.0411905 -0.0682864 -0.0836106 0.0101321 0.0208485 0.0166268 0.0120212 0.0140873 -0.235575
internal_weight=3.02625e+06 2.89261e+06 1.27692e+06 1.23344e+06 604318 629122 278935 244138 1.61568e+06 1.03307e+06 1.00655e+06 955961 946483 5428
internal_count=3026251 2892606 1276922 1233440 604318 629122 278935 244138 1615684 1033074 1006552 955961 946483 5428
is_linear=0
shrinkage=0.02


Tree=79
num_leaves=15
num_cat=0
split_feature=9 4 20 9 25 8 25 0 9 20 19 9 22 23
split_gain=1.43215e+06 1.13789e+06 2.17789e+06 1.2365e+06 1.09675e+06 1.04994e+06 1.28794e+06 1.184e+06 1.71254e+06 1.6877e+06 5.05572e+06 2.90943e+06 3.90945e+06 1.72214e+06
threshold=0.59157848358154308 -126.99499893188475 12496.173828125002 0.8301217555999757 0.076020844280719771 -0.95236524939537037 0.037504944950342185 1420.5000000000002 -0.7377723455429076 12175.379394531252 12423.434570312502 -0.56046268343925465 12204.659179687502 12253.230957031252
decision_type=2 2 2 2 2 2 2 2 2 2 2 2 2 2
left_child=5 2 -2 4 -3 6 -1 -7 -9 -10 11 12 -11 -14
right_child=1 3 -4 -5 -6 7 -8 8 9 10 -12 -13 13 -15
leaf_value=0.0014343755873451899 -0.091820705790173318 -0.014349161960997803 0.30957196882913024 -0.28459196202997417 0.14310918674785822 -0.011549139083125871 -0.086852227364606738 0.16136252032694542 0.0077641777538922001 -1.332183515817841 0.0072414520372188198 0.27618145729896115 -0.12449929093852168 0.18719959274005049
leaf_weight=200610 136717 504893 5620 6576 18327 587330 98560 34458 1142920 805 203437 55644 11269 19085
leaf_count=200610 136717 504893 5620 6576 18327 587330 98560 34458 1142920 805 203437 55644 11269 19085
internal_value=3.81279e-07 -0.0257483 -0.0759514 -0.0122593 -0.00883115 0.00735207 -0.0276531 0.0124484 0.0220521 0.0187015 0.0617691 0.189548 0.0347967 0.071477
internal_weight=3.02625e+06 672133 142337 529796 523220 2.35412e+06 299170 2.05495e+06 1.46762e+06 1.43316e+06 290240 86803 31159 30354
internal_count=3026251 672133 142337 529796 523220 2354118 299170 2054948 1467618 1433160 290240 86803 31159 30354
is_linear=0
shrinkage=0.02


Tree=80
num_leaves=15
num_cat=0
split_feature=17 9 7 23 22 7 23 7 4 7 23 7 7 22
split_gain=1.52259e+06 1.51246e+06 1.34435e+06 2.71984e+06 2.30441e+06 1.27816e+06 4.41821e+06 2.90118e+06 1.54541e+06 1.70847e+06 1.56424e+06 2.89195e+06 1.52095e+06 1.23911e+06
threshold=0.21644368022680285 -1.0000000180025095e-35 11186.826171875002 11175.851074218752 11162.561523437502 11577.411621093752 11565.328613281252 11755.942382812502 -124.59499740600585 10879.343750000002 10820.584472656252 10844.483886718752 11512.223632812502 11661.437011718752
decision_type=2 2 2 2 2 2 2 2 2 2 2 2 2 2
left_child=-1 2 3 -2 -4 6 8 13 9 10 -3 -12 -8 -7
right_child=1 5 4 -5 -6 7 12 -9 -10 -11 11 -13 -14 -15
leaf_value=0.058334335654243202 0.020504668838292869 -0.091116603157883183 -0.21147428208613939 0.17515512574354927 -1.9120035967452974e-05 0.61860417403766776 -0.27464722206349407 -0.0041692883250660255 -0.013335999374264319 -0.10136864049229379 0.63981855410671973 0.024199478193818905 -0.77702630486060487 0.1706400863604218
leaf_weight=168974 531561 12806 21042 49736 993184 2795 8741 397086 633292 168504 4391 9963 3330 20846
leaf_count=168974 531561 12806 21042 49736 993184 2795 8741 397086 633292 168504 4391 9963 3330 20846
internal_value=3.17332e-07 -0.00344963 0.00949024 0.0337394 -0.00440821 -0.0198124 -0.0340497 0.00864779 -0.0285154 -0.0776423 0.0695411 0.212838 -0.413768 0.223841
internal_weight=3.02625e+06 2.85728e+06 1.59552e+06 581297 1.01423e+06 1.26175e+06 841027 420727 828956 195664 27160 14354 12071 23641
internal_count=3026251 2857277 1595523 581297 1014226 1261754 841027 420727 828956 195664 27160 14354 12071 23641
is_linear=0
shrinkage=0.02


Tree=81
num_leaves=15
num_cat=0
split_feature=17 7 19 19 7 8 19 6 4 22 7 7 7 19
split_gain=1.4735e+06 1.34368e+06 4.17172e+06 2.5735e+06 2.2601e+06 1.87667e+06 1.54411e+06 1.4641e+06 1.36399e+06 1.08511e+06 2.42931e+06 1.06005e+06 969925 7.48432e+06
threshold=0.15741544216871264 10886.141601562502 10876.600097656252 10921.620117187502 10921.998535156252 0.72694364190101635 10959.465820312502 52.396627426147468 62.385000228881843 10851.587890625002 10978.528808593752 10844.483886718752 11200.229980468752 11202.757324218752
decision_type=2 2 2 2 2 2 2 2 2 2 2 2 2 2
left_child=-1 2 7 9 5 -5 11 -2 -7 10 -3 -4 -6 -14
right_child=1 3 6 4 12 8 -8 -9 -10 -11 -12 -13 13 -15
leaf_value=0.095962423946145695 -0.13106900782214653 0.13520201374724336 0.70646378576883151 0.026618342920195159 0.016272645910414444 0.10297549728174511 0.89495089637965641 0.029678670387289888 0.71541117855606406 -0.12209311818406211 -0.59495091623621243 0.20736887571597851 -0.17144958346395828 -0.0011947702443400525
leaf_weight=62669 24665 15359 1858 6804 694103 2231 1594 278123 4191 102474 2058 19505 109947 1700670
leaf_count=62669 24665 15359 1858 6804 694103 2231 1594 278123 4191 102474 2058 19505 109947 1700670
internal_value=3.262e-07 -0.00202923 0.0362926 -0.00676171 -0.00245092 0.258207 0.296165 0.0165803 0.503145 -0.0972888 0.0486338 0.251088 -0.00382834 -0.0115341
internal_weight=3.02625e+06 2.96358e+06 325745 2.63784e+06 2.51795e+06 13226 22957 302788 6422 119891 17417 21363 2.50472e+06 1.81062e+06
internal_count=3026251 2963582 325745 2637837 2517946 13226 22957 302788 6422 119891 17417 21363 2504720 1810617
is_linear=0
shrinkage=0.02


Tree=82
num_leaves=15
num_cat=0
split_feature=17 21 22 5 23 7 7 20 7 24 20 7 7 23
split_gain=1.42438e+06 1.5139e+06 1.6677e+06 1.70647e+06 1.85253e+06 1.85363e+06 1.63616e+06 1.11683e+06 1.08641e+06 2.99204e+06 1.95222e+06 1.51345e+06 1.50901e+06 2.66579e+06
threshold=0.21644368022680285 12778.339355468752 12710.747558593752 -0.022499999962747094 12679.257324218752 12672.994628906252 12683.662597656252 12804.373046875002 11196.183593750002 11215.620117187502 11164.425292968752 11221.080078125002 11021.642089843752 10992.416015625002
decision_type=2 2 2 2 2 2 2 2 2 2 2 2 2 2
left_child=-1 2 3 -2 8 -6 -3 -4 10 11 12 -10 -5 -14
right_child=1 6 7 4 5 -7 -8 -9 9 -11 -12 -13 13 -15
leaf_value=0.056421734342164957 -0.027236697333514668 0.35456343780948829 -0.075433866352890663 0.025534654463915975 0.53453435344694855 0.06029447480669687 0.053697372722827243 -0.39282263120803818 -0.066117004059097095 0.004948766126741647 0.097205216017234586 -0.2473415539563952 -0.33125152185890705 -0.021414150332145693
leaf_weight=168974 798368 8563 79125 519080 5219 8930 46191 4689 104777 1007756 123049 22362 12264 116904
leaf_count=168974 798368 8563 79125 519080 5219 8930 46191 4689 104777 1007756 123049 22362 12264 116904
internal_value=4.46449e-07 -0.00333638 -0.00537142 -0.00266236 0.00755432 0.235478 0.100806 -0.0932353 0.00586129 -0.00658604 0.0241763 -0.098009 0.0103128 -0.0508555
internal_weight=3.02625e+06 2.85728e+06 2.80252e+06 2.71871e+06 1.92034e+06 14149 54754 83814 1.90619e+06 1.1349e+06 771297 127139 648248 129168
internal_count=3026251 2857277 2802523 2718709 1920341 14149 54754 83814 1906192 1134895 771297 127139 648248 129168
is_linear=0
shrinkage=0.02


Tree=83
num_leaves=15
num_cat=0
split_feature=17 5 7 19 7 20 7 7 20 4 7 5 8 4
split_gain=1.38141e+06 1.27501e+06 1.00171e+06 3.11102e+06 2.41445e+06 2.07134e+06 1.43375e+06 5.12001e+06 2.85285e+06 1.66432e+06 1.59973e+06 2.55849e+06 1.48299e+06 1.35011e+06
threshold=0.1455325856804848 -0.022499999962747094 11192.181152343752 11204.311523437502 11208.557617187502 11164.425292968752 11008.638671875002 10993.161621093752 10983.823242187502 125.25500106811525 11059.523925781252 0.027499999850988392 0.75427865982055675 165.25000000000003
decision_type=2 2 2 2 2 2 2 2 2 2 2 2 2 2
left_child=-1 -2 5 4 -4 6 7 -3 10 -9 11 12 -8 -7
right_child=1 2 3 -5 -6 13 8 9 -10 -11 -12 -13 -14 -15
leaf_value=0.10314516156665329 -0.022137130930654791 0.01357270847431806 -0.034655038961734642 0.0056452125945934632 -0.22388001477084321 0.088107784390334759 -0.35439147986140385 0.21066477992242635 -0.014529212417534784 0.58464489398653585 -1.1486094240587812 0.064976231340654597 -1.0460267346071572 0.38917451553786231
leaf_weight=51052 869938 485514 75697 1213927 41898 102539 6115 17617 141060 6524 850 5650 1553 6317
leaf_count=51052 869938 485514 75697 1213927 41898 102539 6115 17617 141060 6524 850 5650 1553 6317
internal_value=4.39103e-07 -0.00176977 0.0066465 -0.00387002 -0.102088 0.0247442 0.0115027 0.0277111 -0.0417121 0.311932 -0.312149 -0.25794 -0.495651 0.105613
internal_weight=3.02625e+06 2.9752e+06 2.10526e+06 1.33152e+06 117595 773739 664883 509655 155228 24141 14168 13318 7668 108856
internal_count=3026251 2975199 2105261 1331522 117595 773739 664883 509655 155228 24141 14168 13318 7668 108856
is_linear=0
shrinkage=0.02


Tree=84
num_leaves=15
num_cat=0
split_feature=21 22 22 7 7 4 4 7 21 22 20 8 7 7
split_gain=1.34504e+06 1.75493e+06 1.63019e+06 2.11832e+06 1.60472e+06 1.52191e+06 1.3839e+06 1.54666e+06 4.05194e+06 2.27304e+06 3.57704e+06 1.62065e+06 2.35216e+06 1.52077e+06
threshold=12778.339355468752 12710.747558593752 12677.748046875002 12672.994628906252 12683.662597656252 -79.244998931884751 33.745000839233406 10926.682617187502 10875.256347656252 10937.726074218752 10961.749023437502 0.67504784464836132 11965.328125000002 10689.769531250002
decision_type=2 2 2 2 2 2 2 2 2 2 2 2 2 2
left_child=1 2 6 -4 5 -2 -1 8 13 10 -9 12 -11 -8
right_child=4 -3 3 -5 -6 -7 7 9 -10 11 -12 -13 -14 -15
leaf_value=-0.012805535569465105 0.79276642063637559 -0.089797017580286798 0.4364945664507186 0.015528263860107661 0.051120684172400899 0.18913400568503702 0.10487711622079761 -0.09628051493123474 0.24564101064615171 0.33739771024692483 -1.2391843449792197 0.0079352235240847616 -0.03892486459512963 -0.020085105255579112
leaf_weight=1596592 2248 88068 7852 12205 48885 6463 59030 54401 40025 14548 1108 968107 12217 114502
leaf_count=1596592 2248 88068 7852 12205 48885 6463 59030 54401 40025 14548 1108 968107 12217 114502
internal_value=3.38976e-07 -0.00185702 0.000831859 0.180466 0.0957178 0.345643 -0.000428292 0.0152065 0.0642712 0.00523039 -0.119313 0.0121805 0.165673 0.0224265
internal_weight=3.02625e+06 2.96866e+06 2.88059e+06 20057 57596 8711 2.86053e+06 1.26394e+06 213557 1.05038e+06 55509 994872 26765 173532
internal_count=3026251 2968655 2880587 20057 57596 8711 2860530 1263938 213557 1050381 55509 994872 26765 173532
is_linear=0
shrinkage=0.02


Tree=85
num_leaves=15
num_cat=0
split_feature=17 21 9 7 19 7 7 22 7 7 7 19 25 7
split_gain=1.33675e+06 1.38632e+06 1.5107e+06 2.36632e+06 6.24658e+06 1.54754e+06 1.49087e+06 1.24017e+06 1.45848e+06 1.22498e+06 1.78392e+06 1.54994e+06 1.25037e+06 1.14251e+06
threshold=0.2441612780094147 12778.339355468752 0.59157848358154308 11218.415527343752 11197.557128906252 12764.483398437502 12683.662597656252 11216.610351562502 11248.801757812502 10769.989746093752 10870.277343750002 10755.522460937502 0.035565877333283431 10789.720703125002
decision_type=2 2 2 2 2 2 2 2 2 2 2 2 2 2
left_child=-1 2 5 9 -5 -2 -3 8 -6 11 13 -4 -13 -11
right_child=1 6 3 4 7 -7 -8 -9 -10 10 -12 12 -14 -15
leaf_value=0.042887120650963464 0.0043336647675821932 0.34143765118285563 0.021981337541926545 -0.56022418293836485 -0.15200076399104875 -0.11513900290733357 0.051141913150773044 -0.045804923405711913 -0.69805264243076137 -0.0088247557797641995 -0.0045556936713098406 0.067129462676306179 0.5751232507891183 -0.31975789701302321
leaf_weight=265224 2066947 8383 17002 10697 18478 44287 45152 169018 2180 7723 351044 3362 4576 12178
leaf_count=265224 2066947 8383 17002 10697 18478 44287 45152 169018 2180 7723 351044 3362 4576 12178
internal_value=3.77545e-07 -0.00411945 -0.00611241 -0.0342238 -0.0902253 0.00182696 0.0966547 -0.0636909 -0.209935 -0.00587758 -0.0150012 0.129774 0.360329 -0.19916
internal_weight=3.02625e+06 2.76103e+06 2.70749e+06 596258 200373 2.11123e+06 53535 189676 20658 395885 370945 24940 7938 19901
internal_count=3026251 2761027 2707492 596258 200373 2111234 53535 189676 20658 395885 370945 24940 7938 19901
is_linear=0
shrinkage=0.02


Tree=86
num_leaves=15
num_cat=0
split_feature=0 7 24 24 7 20 7 24 7 4 21 7 4 4
split_gain=1.34767e+06 1.26242e+06 4.01702e+06 2.20491e+06 1.72614e+06 1.56865e+06 3.31998e+06 1.53166e+06 2.16458e+06 2.04469e+06 1.4987e+06 1.40254e+06 1.35196e+06 1.2785e+06
threshold=8272.5000000000018 10886.141601562502 10883.580078125002 10921.526855468752 10921.998535156252 10820.808105468752 10789.720703125002 10659.822753906252 10640.863281250002 -98.825000762939439 10948.634765625002 10844.483886718752 -87.395000457763658 49.114999771118171
decision_type=2 2 2 2 2 2 2 2 2 2 2 2 2 2
left_child=1 2 5 12 13 6 7 -1 -9 -10 11 -4 -3 -5
right_child=-2 3 10 4 -6 -7 -8 8 9 -11 -12 -13 -14 -15
leaf_value=-0.042714906454827679 -0.21694950919315331 -0.2112339569879588 0.68271558627399243 0.0051830273712081647 -0.0010399642215053514 0.087913017461790879 -0.14567557001518633 0.53119962929362063 0.41986465697144904 0.04138247854386852 0.79094396877960949 0.16312707172969532 -0.050976297388129969 0.3883545586255725
leaf_weight=60477 11400 27419 2559 6200 2553972 98731 53033 4153 6086 90119 2544 10935 90683 7940
leaf_count=60477 11400 27419 2559 6200 2553972 98731 53033 4153 6086 90119 2544 10935 90683 7940
internal_value=3.16858e-07 0.000821389 0.0378216 -0.00370541 0.000180504 0.021978 -0.00846317 0.0367867 0.0846951 0.0653669 0.346425 0.262096 -0.0881972 0.220468
internal_weight=3.02625e+06 3.01485e+06 328637 2.68621e+06 2.56811e+06 312599 213868 160835 100358 96205 16038 13494 118102 14140
internal_count=3026251 3014851 328637 2686214 2568112 312599 213868 160835 100358 96205 16038 13494 118102 14140
is_linear=0
shrinkage=0.02


Tree=87
num_leaves=15
num_cat=0
split_feature=17 0 9 20 4 4 20 24 20 9 0 9 23 4
split_gain=1.30261e+06 1.28133e+06 1.26383e+06 1.2255e+06 3.21303e+06 2.2888e+06 1.48059e+06 1.4491e+06 993280 1.24372e+06 1.30309e+06 1.11792e+06 1.15872e+06 1.0687e+06
threshold=0.15741544216871264 8272.5000000000018 -0.31321409344673151 12175.379394531252 114.90500259399415 -170.61000061035153 12214.273437500002 12159.714843750002 12741.297363281252 0.50712648034095775 2484.5000000000005 0.32149916887283331 12552.418945312502 -66.865001678466783
decision_type=2 2 2 2 2 2 2 2 2 2 2 2 2 2
left_child=-1 2 -2 -4 5 -5 -6 -7 9 11 -11 -9 -13 -10
right_child=1 -3 3 4 6 7 -8 8 13 10 -12 12 -14 -15
leaf_value=0.090226462046210792 0.0131696946639772 -0.21389951641149588 -0.021121632724066513 0.209268053555281 0.59724444791806386 0.96565405976538277 0.14162436324122651 -0.02147682403378437 0.18989614083655643 -0.026185951615107034 -0.18819588114357044 0.072566475811270778 0.44387746533005079 -0.00924710056593454
leaf_weight=62669 1349406 11351 1324144 21400 5305 602 6177 85761 19089 54448 31254 26052 3851 24742
leaf_count=62669 1349406 11351 1324144 21400 5305 602 6177 85761 19089 54448 31254 26052 3851 24742
internal_value=4.72208e-07 -0.00190777 -0.00109196 -0.0130988 0.025021 0.0109372 0.352472 -0.00633784 -0.00876361 -0.0275447 -0.0852834 0.0152407 0.120518 0.0775056
internal_weight=3.02625e+06 2.96358e+06 2.95223e+06 1.60282e+06 278681 267199 11482 245799 245197 201366 85702 115664 29903 43831
internal_count=3026251 2963582 2952231 1602825 278681 267199 11482 245799 245197 201366 85702 115664 29903 43831
is_linear=0
shrinkage=0.02


Tree=88
num_leaves=15
num_cat=0
split_feature=0 13 9 7 24 7 7 4 23 9 7 25 0 7
split_gain=1.24315e+06 1.21983e+06 1.02027e+06 1.08602e+06 1.03117e+06 3.56521e+06 2.37287e+06 1.63537e+06 1.20359e+06 1.18776e+06 933803 1.24468e+06 905094 1.38995e+06
threshold=8272.5000000000018 -4.9000000953674308 0.55642431974411022 10769.989746093752 12220.252441406252 12219.075683593752 12235.749511718752 167.60500335693362 12215.600097656252 0.12987381964921954 10706.830566406252 0.032597748562693603 1949.5000000000002 12832.255859375002
decision_type=2 2 2 2 2 2 2 2 2 2 2 2 2 2
left_child=1 -1 4 10 6 9 -3 -8 -7 -6 -4 -12 -5 -14
right_child=-2 2 3 12 5 8 7 -9 -10 -11 11 -13 13 -15
leaf_value=0.01695608342399238 -0.20836620294924627 -0.0072582419248594619 -0.034687858903066776 -0.0059429178170809652 0.21561976547784109 0.41609168740293262 -0.2966187967793314 -1.3235664304267944 0.0082223043173115483 0.60979271907020616 -0.020670316270237681 0.4629741041665375 -0.070328162582862272 0.42188891901665193
leaf_weight=1152924 11400 1159725 7975 166810 16938 2920 3745 736 235569 3729 3613 5167 252694 2306
leaf_count=1152924 11400 1159725 7975 166810 16938 2920 3745 736 235569 3729 3613 5167 252694 2306
internal_value=6.11324e-07 0.0007892 -0.00922152 -0.0358926 -0.00100346 0.0350762 -0.00903515 -0.46787 0.0132335 0.287003 0.121975 0.264153 -0.0421661 -0.0658605
internal_weight=3.02625e+06 3.01485e+06 1.86193e+06 438565 1.42336e+06 259156 1.16421e+06 4481 238489 20667 16755 8780 421810 255000
internal_count=3026251 3014851 1861927 438565 1423362 259156 1164206 4481 238489 20667 16755 8780 421810 255000
is_linear=0
shrinkage=0.02


Tree=89
num_leaves=15
num_cat=0
split_feature=17 21 20 20 4 4 4 24 8 8 8 4 24 23
split_gain=1.24767e+06 1.31474e+06 1.54073e+06 1.39254e+06 1.38126e+06 1.29915e+06 1.25308e+06 1.25399e+06 1.57111e+06 1.22412e+06 1.30053e+06 1.15269e+06 989070 1.65822e+06
threshold=0.20733474940061572 12778.339355468752 12804.373046875002 12796.067382812502 239.73500061035159 131.47499847412112 -87.395000457763658 12781.450195312502 0.82309290766716015 -0.77128207683563221 -1.0000000180025095e-35 -100.56499862670897 10765.647460937502 10804.566406250002
decision_type=2 2 2 2 2 2 2 2 2 2 2 2 2 2
left_child=-1 2 6 11 -5 -4 9 -8 -9 -2 12 -3 -11 -14
right_child=1 3 5 4 -6 -7 7 8 -10 10 -12 -13 13 -15
leaf_value=0.057161481565839688 -0.0090300052930527251 0.65557482212579177 -0.12140787706909967 0.051702944054302445 -0.55338991239079982 -0.77520782910238473 0.0031264037508386311 -0.11074372662815664 -0.82542124748853707 0.10067408531165638 0.89772543683891504 0.17827751310762419 -0.54406637379270395 -0.0790697839203824
leaf_weight=145394 335862 2342 3644 36547 1564 1818 2286809 6323 1519 11948 541 14638 3113 174189
leaf_count=145394 335862 2342 3644 36547 1564 1818 2286809 6323 1519 11948 541 14638 3113 174189
internal_value=6.10944e-07 -0.00288442 -0.0047711 0.0938714 0.026732 -0.340045 -0.00412058 0.00226006 -0.250055 -0.0319737 -0.0725732 0.244458 -0.0753944 -0.0872644
internal_weight=3.02625e+06 2.88086e+06 2.82577e+06 55091 38111 5462 2.8203e+06 2.29465e+06 7842 525653 189791 16980 189250 177302
internal_count=3026251 2880857 2825766 55091 38111 5462 2820304 2294651 7842 525653 189791 16980 189250 177302
is_linear=0
shrinkage=0.02


Tree=90
num_leaves=15
num_cat=0
split_feature=17 0 7 24 19 7 22 19 19 7 1 20 7 7
split_gain=1.21294e+06 1.17831e+06 1.21241e+06 3.88046e+06 2.09588e+06 2.48891e+06 1.54312e+06 1.59301e+06 1.54118e+06 3.09871e+06 1.62949e+06 1.20782e+06 1.20219e+06 1.18027e+06
threshold=0.1455325856804848 8272.5000000000018 10886.141601562502 10883.580078125002 10925.989746093752 10921.998535156252 10946.284179687502 10946.882324218752 10815.286132812502 10789.720703125002 47.881401062011726 10979.704589843752 10863.726074218752 10844.483886718752
decision_type=2 2 2 2 2 2 2 2 2 2 2 2 2 2
left_child=-1 2 3 8 -4 6 7 -6 9 10 -2 13 -10 -5
right_child=1 -3 4 11 5 -7 -8 -9 12 -11 -12 -13 -14 -15
leaf_value=0.096651547420748815 -0.12902815097312839 -0.20484255283678982 -0.084241854695084439 0.66966656286232895 0.095166835003722069 -0.0026452008416024083 -0.033184709930208493 0.70285788719207987 0.12746868180296644 -0.14464857901746217 0.05910921300365353 0.84352530397815417 -0.031290049143622579 0.19423058188627809
leaf_weight=51052 21299 11363 128150 2539 2817 2502069 3706 4458 71964 51944 135576 1696 25956 11662
leaf_count=51052 21299 11363 128150 2539 2817 2502069 3706 4458 71964 51944 135576 1696 25956 11662
internal_value=5.27507e-07 -0.00165824 -0.000878558 0.03572 -0.00534938 -0.00132603 0.29898 0.468006 0.0199243 -0.0107751 0.033559 0.340299 0.0853868 0.279647
internal_weight=3.02625e+06 2.9752e+06 2.96384e+06 322636 2.6412e+06 2.51305e+06 10981 7275 306739 208819 156875 15897 97920 14201
internal_count=3026251 2975199 2963836 322636 2641200 2513050 10981 7275 306739 208819 156875 15897 97920 14201
is_linear=0
shrinkage=0.02


Tree=91
num_leaves=15
num_cat=0
split_feature=21 7 20 7 4 5 4 19 25 7 19 7 7 7
split_gain=1.15978e+06 1.62616e+06 1.57489e+06 1.44963e+06 1.39995e+06 1.34155e+06 1.30628e+06 983686 1.15683e+06 974484 970273 1.29352e+06 949260 2.25543e+06
threshold=12778.339355468752 12764.483398437502 12796.067382812502 12683.662597656252 -79.244998931884751 -0.022499999962747094 131.47499847412112 13490.410644531252 0.037217743694782264 12832.255859375002 12764.486328125002 12672.994628906252 10879.343750000002 10937.899902343752
decision_type=2 2 2 2 2 2 2 2 2 2 2 2 2 2
left_child=1 2 5 4 -2 12 -4 9 -9 -3 -7 -12 -1 -14
right_child=3 7 6 -5 -6 10 -8 8 -10 -11 11 -13 13 -15
leaf_value=0.045191868634270618 0.75524893380562963 -0.068461033209576375 -0.12012426802542693 0.046495311728783413 0.17632665058329167 0.0085028206883026591 -0.74416747813668427 -0.0098565858938014835 -0.74629464085526098 -0.46631658316022012 0.68740128177214521 0.10058464742174089 -0.16653663006027333 -0.018773371655970997
leaf_weight=79973 2248 40162 4237 48885 6463 2057831 1957 1458 2048 2614 1792 9074 43812 723697
leaf_count=79973 2248 40162 4237 48885 6463 2057831 1957 1458 2048 2614 1792 9074 43812 723697
internal_value=6.59564e-07 -0.00172405 0.000138958 0.0888821 0.326423 0.000816159 -0.318176 -0.119335 -0.440945 -0.0928774 0.00949864 0.197906 -0.0203775 -0.0272103
internal_weight=3.02625e+06 2.96866e+06 2.92237e+06 57596 8711 2.91618e+06 6194 46282 3506 42776 2.0687e+06 10866 847482 767509
internal_count=3026251 2968655 2922373 57596 8711 2916179 6194 46282 3506 42776 2068697 10866 847482 767509
is_linear=0
shrinkage=0.02


Tree=92
num_leaves=15
num_cat=0
split_feature=21 22 24 7 7 9 9 9 23 22 7 19 7 20
split_gain=1.11394e+06 1.60119e+06 1.75973e+06 6.93443e+06 3.58617e+06 2.40454e+06 2.23519e+06 1.96247e+06 2.20167e+06 1.7392e+06 1.46376e+06 6.50191e+06 4.74418e+06 2.7521e+06
threshold=12778.339355468752 12710.747558593752 12220.252441406252 12219.075683593752 12231.562988281252 -0.44019870460033411 0.12987381964921954 -0.68419089913368214 12679.257324218752 12209.860839843752 11200.229980468752 11202.757324218752 11233.562988281252 11164.425292968752
decision_type=2 2 2 2 2 2 2 2 2 2 2 2 2 2
left_child=1 2 4 6 10 -6 -4 8 -5 -9 13 12 -12 -1
right_child=-2 -3 3 7 5 -7 -8 9 -10 -11 11 -13 -14 -15
leaf_value=-0.00085524251320741307 0.087107876495140249 -0.085689432661144704 0.21910242583676845 0.088092665008321358 -1.3045445310881121 -0.23507936836194621 0.59726405887157241 0.44923010609436664 0.59540371368809308 -0.0049837857773746995 -0.12650777609183658 -0.0041977721091468051 -0.61263916549527531 0.079894123882256737
leaf_weight=962420 57596 88068 30004 14037 876 16811 7897 3400 4517 302708 100053 1224407 8722 204735
leaf_count=962420 57596 88068 30004 14037 876 16811 7897 3400 4517 302708 100053 1224407 8722 204735
internal_value=6.11775e-07 -0.00168967 0.000878731 0.0420737 -0.00505295 -0.288756 0.298033 0.0121847 0.211854 7.56996e-05 -0.00304492 -0.017363 -0.165541 0.0133099
internal_weight=3.02625e+06 2.96866e+06 2.88059e+06 362563 2.51802e+06 17687 37901 324662 18554 306108 2.50034e+06 1.33318e+06 108775 1.16716e+06
internal_count=3026251 2968655 2880587 362563 2518024 17687 37901 324662 18554 306108 2500337 1333182 108775 1167155
is_linear=0
shrinkage=0.02


Tree=93
num_leaves=15
num_cat=0
split_feature=7 24 19 7 19 7 9 19 7 4 9 4 21 7
split_gain=1.10002e+06 3.7483e+06 2.35714e+06 1.92031e+06 1.55286e+06 3.46096e+06 1.53538e+06 1.51009e+06 2.73789e+06 2.02186e+06 1.43851e+06 1.72836e+06 1.40165e+06 1.39923e+06
threshold=10886.141601562502 10883.580078125002 10921.620117187502 10921.998535156252 10806.465332031252 10789.720703125002 0.61151722073555004 10665.117675781252 10640.863281250002 -98.825000762939439 -0.71208626031875599 229.26499938964847 10948.634765625002 10689.769531250002
decision_type=2 2 2 2 2 2 2 2 2 2 2 2 2 2
left_child=1 4 -2 -4 5 7 -7 -1 -9 -10 11 -5 -3 -11
right_child=2 12 3 10 -6 6 -8 8 9 13 -12 -13 -14 -15
leaf_value=-0.051358394229342207 -0.090680917685533324 0.25094792469624433 0.23997233937860987 0.059480911511162485 0.080028751205557927 -0.11082954891157318 -0.40399348721409967 0.52999420550289722 0.40471090546072147 0.13802608523820717 -0.0043824235337093769 0.54910025577858312 0.76237872680090524 -0.026211112043650748
leaf_weight=59486 120524 13494 13239 92436 109713 34362 9017 5023 6086 31173 2464181 2967 2544 62006
leaf_count=59486 120524 13494 13239 92436 109713 34362 9017 5023 6086 31173 2464181 2967 2544 62006
internal_value=5.82171e-07 0.0342976 -0.00423872 -0.000188987 0.0191943 -0.0130272 -0.171848 0.0290475 0.0749119 0.0518326 -0.00143212 0.0747641 0.332499 0.0287431
internal_weight=3.02625e+06 332904 2.69335e+06 2.57282e+06 316866 207153 43379 163774 104288 99265 2.55958e+06 95403 16038 93179
internal_count=3026251 332904 2693347 2572823 316866 207153 43379 163774 104288 99265 2559584 95403 16038 93179
is_linear=0
shrinkage=0.02


Tree=94
num_leaves=15
num_cat=0
split_feature=0 20 20 8 0 19 8 0 20 8 8 8 19 19
split_gain=1.14256e+06 1.03013e+06 1.26449e+06 960646 1.15307e+06 1.15054e+06 1.60374e+06 948236 1.2756e+06 1.5968e+06 1.54741e+06 2.10511e+06 1.60027e+06 1.93543e+06
threshold=8272.5000000000018 12854.678222656252 12821.602050781252 -0.70585528016090382 2167.5000000000005 13490.410644531252 0.82309290766716015 2505.5000000000005 11423.793945312502 -0.99445033073425282 -0.85837611556053151 -0.9113083779811858 11745.343750000002 11612.351562500002
decision_type=2 2 2 2 2 2 2 2 2 2 2 2 2 2
left_child=1 2 3 7 -5 -6 -7 -1 -9 -10 11 -11 13 -12
right_child=-2 -3 -4 4 5 6 -8 8 9 10 12 -13 -14 -15
leaf_value=0.0041363531871160888 -0.19975827063833415 0.18752898056042089 -0.20172710891810122 -0.0079688708195705289 0.025882308786018566 -0.063332962615755037 -0.79326156431124806 -0.056664442633272832 -0.097139481687692264 0.05440860946040374 -0.17328413093995004 0.3540322664731112 -0.065192396019372309 0.32057379519775192
leaf_weight=609259 11400 11756 12365 799027 1007092 4998 1577 336402 49004 83035 4648 10565 75158 9965
leaf_count=609259 11400 11756 12365 799027 1007092 4998 1577 336402 49004 83035 4648 10565 75158 9965
internal_value=7.24626e-07 0.000756736 2.49638e-05 0.000859774 0.00999753 0.0241596 -0.239347 -0.0132008 -0.0317717 0.00426544 0.0313688 0.0882627 -0.0279549 0.163479
internal_weight=3.02625e+06 3.01485e+06 3.0031e+06 2.99073e+06 1.81269e+06 1.01367e+06 6575 1.17804e+06 568777 232375 183371 93600 89771 14613
internal_count=3026251 3014851 3003095 2990730 1812694 1013667 6575 1178036 568777 232375 183371 93600 89771 14613
is_linear=0
shrinkage=0.02


Tree=95
num_leaves=15
num_cat=0
split_feature=0 7 24 19 7 8 0 19 7 1 21 7 8 19
split_gain=1.09735e+06 1.08973e+06 3.56704e+06 1.9813e+06 1.6975e+06 1.58519e+06 1.52614e+06 1.43677e+06 3.40895e+06 1.36873e+06 1.34275e+06 1.30132e+06 1.18313e+06 1.7403e+06
threshold=8272.5000000000018 10886.141601562502 10883.580078125002 10917.446777343752 10921.998535156252 0.72930297255516063 2188.5000000000005 10806.465332031252 10795.694335937502 46.215799331665046 10948.634765625002 10844.483886718752 -0.88469886779785145 10882.390625000002
decision_type=2 2 2 2 2 2 2 2 2 2 2 2 2 2
left_child=1 2 7 12 5 -5 -7 8 9 -1 11 -4 13 -3
right_child=-2 3 10 4 -6 6 -8 -9 -10 -11 -12 -13 -14 -15
leaf_value=-0.12716512586103779 -0.1957666069502754 -0.46556020509371798 0.65125459597518165 0.029826703245325849 -0.0012584449147586671 0.10995744089617826 0.70414521864096824 0.0784923483615627 -0.19936869945359054 0.045583231030710082 0.74667523126445345 0.150781598897436 -0.044767961587789937 -0.11039971111004676
leaf_weight=20901 11400 7129 2559 8965 2564097 3197 3767 109713 32399 149586 2544 10935 74697 24362
leaf_count=20901 11400 7129 2559 8965 2564097 3197 3767 109713 32399 149586 2544 10935 74697 24362
internal_value=6.62578e-07 0.000741567 0.035118 -0.00346422 2.05878e-05 0.20578 0.43192 0.0201881 -0.0113429 0.0243987 0.325924 0.246105 -0.0881261 -0.190925
internal_weight=3.02625e+06 3.01485e+06 328637 2.68621e+06 2.58003e+06 15929 6964 312599 202886 170487 16038 13494 106188 31491
internal_count=3026251 3014851 328637 2686214 2580026 15929 6964 312599 202886 170487 16038 13494 106188 31491
is_linear=0
shrinkage=0.02


Tree=96
num_leaves=15
num_cat=0
split_feature=9 20 7 20 24 7 7 7 19 20 20 7 20 19
split_gain=1.02284e+06 1.31287e+06 7.12825e+06 3.12015e+06 2.01508e+06 2.70903e+06 1.27858e+06 1.24512e+06 1.71548e+06 1.78653e+06 1.42696e+06 1.15944e+06 3.57002e+06 2.20239e+06
threshold=-0.31321409344673151 12175.379394531252 12202.979980468752 12208.276367187502 12297.340332031252 12292.634765625002 12177.910644531252 12764.483398437502 12791.838378906252 12796.067382812502 12775.502441406252 10879.343750000002 10886.916992187502 10815.286132812502
decision_type=2 2 2 2 2 2 2 2 2 2 2 2 2 2
left_child=7 11 3 6 5 -4 -3 8 9 -1 -9 13 -13 -2
right_child=1 2 4 -5 -6 -7 -8 10 -10 -11 -12 12 -14 -15
leaf_value=0.015562455971837464 -0.03385456648607215 0.29121541052365263 -0.075992275617185939 0.43104160519146606 0.020463698100188714 -0.60681181072398926 0.017922366582242524 -0.20263079459356892 0.23955436144298214 -0.28477870536415628 0.030514186668812837 -0.23380862537032102 -0.019255167426023602 0.13646691243506903
leaf_weight=1318586 70621 10475 68476 20796 166626 4065 19742 22583 13587 7960 19615 31836 1198019 53264
leaf_count=1318586 70621 10475 68476 20796 166626 4065 19742 22583 13587 7960 19615 31836 1198019 53264
internal_value=7.39978e-07 -0.0106614 0.027942 0.242551 -0.0178411 -0.105818 0.112728 0.0126806 0.0160491 0.0137581 -0.0942754 -0.0189364 -0.024811 0.0393796
internal_weight=3.02625e+06 1.64392e+06 290180 51013 239167 72541 30217 1.38233e+06 1.34013e+06 1.32655e+06 42198 1.35374e+06 1.22986e+06 123885
internal_count=3026251 1643920 290180 51013 239167 72541 30217 1382331 1340133 1326546 42198 1353740 1229855 123885
is_linear=0
shrinkage=0.02


Tree=97
num_leaves=15
num_cat=0
split_feature=0 7 24 19 7 8 6 20 7 20 7 24 7 19
split_gain=1.0481e+06 1.02355e+06 3.40948e+06 1.86342e+06 2.20228e+06 1.66839e+06 1.3633e+06 1.0872e+06 1.0972e+06 1.01932e+06 1.98679e+06 2.26287e+06 1.94352e+06 1.16759e+06
threshold=8272.5000000000018 10886.141601562502 10883.580078125002 10925.989746093752 10921.998535156252 0.72930297255516063 52.396627426147468 10979.704589843752 10844.483886718752 10843.401367187502 10789.720703125002 10801.253417968752 10863.726074218752 10665.117675781252
decision_type=2 2 2 2 2 2 2 2 2 2 2 2 2 2
left_child=1 2 6 -3 5 -5 -1 8 -4 10 13 -12 -11 -8
right_child=-2 3 7 4 -6 -7 9 -9 -10 12 11 -13 -14 -15
leaf_value=-0.1224137653352082 -0.19132281690802486 -0.077631152594731204 0.63599729280520056 0.029308673928698459 -0.00083523385432206654 0.52227908040251503 -0.025946527894743398 0.79603083971656363 0.17951002577629788 0.19425508641435213 -0.19547578810492194 0.014146512958164256 -0.045792315415045047 0.098841557098459654
leaf_weight=24927 11400 128613 2559 5342 2546615 5644 43572 1696 11783 36901 32014 57734 21258 96193
leaf_count=24927 11400 128613 2559 5342 2546615 5644 43572 1696 11783 36901 32014 57734 21258 96193
internal_value=7.07027e-07 0.000724794 0.0340411 -0.0033513 0.000384264 0.282816 0.0194447 0.318352 0.261347 0.0317407 0.0127874 -0.0606411 0.106521 0.0599394
internal_weight=3.02625e+06 3.01485e+06 328637 2.68621e+06 2.5576e+06 10986 312599 16038 14342 287672 229513 89748 58159 139765
internal_count=3026251 3014851 328637 2686214 2557601 10986 312599 16038 14342 287672 229513 89748 58159 139765
is_linear=0
shrinkage=0.02


Tree=98
num_leaves=15
num_cat=0
split_feature=13 17 9 17 7 7 21 7 9 7 21 7 21 7
split_gain=1.16546e+06 1.00224e+06 955183 1.42975e+06 922804 1.11987e+06 792317 2.78469e+06 1.69233e+06 1.40857e+06 2.17731e+06 2.5823e+06 1.25528e+06 985350
threshold=-7.9000000953674308 0.59321913123130809 0.55642431974411022 0.53776565194129955 10978.528808593752 11128.710937500002 12153.282714843752 12202.979980468752 0.28528253734111791 12045.636230468752 12047.088867187502 12035.318359375002 12212.517089843752 12535.256835937502
decision_type=2 2 2 2 2 2 2 2 2 2 2 2 2 2
left_child=1 -1 6 -4 -5 -6 9 8 -8 10 -2 -12 -9 -14
right_child=2 -3 3 4 5 -7 7 12 -10 -11 11 -13 13 -15
leaf_value=0.010784407772981772 -0.0057254364697759833 0.074244684431964164 -0.019557536150893215 0.018123699799883326 -0.34325181701230184 -0.11213743238357121 0.13436057044035241 -0.17575338892954687 0.54291723114465573 -0.081574654953635181 0.45367079493122198 -0.0082789273392741697 0.057793561766946056 -0.017549946533833256
leaf_weight=840644 1125415 112910 425166 14727 10701 38738 37400 14649 4541 96732 9082 10350 119492 165704
leaf_count=840644 1125415 112910 425166 14727 10701 38738 37400 14649 4541 96732 9082 10350 119492 165704
internal_value=8.1259e-07 0.0182994 -0.00841759 -0.03284 -0.120833 -0.162222 -0.000869781 0.0260947 0.178715 -0.00829281 -0.0021003 0.207745 0.00474151 0.0140185
internal_weight=3.02625e+06 953554 2.0727e+06 489332 64166 49439 1.58336e+06 341786 41941 1.24158e+06 1.14485e+06 19432 299845 285196
internal_count=3026251 953554 2072697 489332 64166 49439 1583365 341786 41941 1241579 1144847 19432 299845 285196
is_linear=0
shrinkage=0.02


Tree=99
num_leaves=15
num_cat=0
split_feature=17 21 20 20 9 7 7 7 7 20 7 19 7 7
split_gain=1.14e+06 1.14462e+06 1.3497e+06 1.31667e+06 1.28619e+06 1.96286e+06 1.43943e+06 1.0699e+06 1.05026e+06 1.03972e+06 1.02901e+06 1.75209e+06 1.56848e+06 1.53652e+06
threshold=0.25187316536903387 12778.339355468752 12796.067382812502 12804.373046875002 -1.0000000180025095e-35 12772.698730468752 12832.255859375002 12719.121582031252 12752.621093750002 12854.678222656252 10689.769531250002 10665.117675781252 10640.863281250002 10761.730957031252
decision_type=2 2 2 2 2 2 2 2 2 2 2 2 2 2
left_child=-1 3 8 4 5 10 -6 -5 -3 -4 11 -2 -13 -12
right_child=1 2 9 7 6 -7 -8 -9 -10 -11 13 12 -14 -15
leaf_value=0.03701261138343185 -0.027393122198287517 0.44666456701694651 -0.045456605999102138 -0.054304509721214485 -0.019918728849368506 -0.2017679832025791 -0.51331041405874966 -0.62319409842078588 0.11680527722829231 0.19529117466663562 -0.15256288566968257 0.51571915344545005 0.13037455939802128 0.0088531282953944485
leaf_weight=299881 27627 6059 26570 2831 1173456 17780 2360 2475 10642 9819 23986 4965 28129 1389671
leaf_count=299881 27627 6059 26570 2831 1173456 17780 2360 2475 10642 9819 23986 4965 28129 1389671
internal_value=8.31005e-07 -0.00407031 0.0878779 -0.00589669 -0.00527012 0.00705678 -0.0209134 -0.320342 0.236673 0.0195407 0.00957643 0.0901887 0.188326 0.00611325
internal_weight=3.02625e+06 2.72637e+06 53090 2.67328e+06 2.66797e+06 1.49216e+06 1.17582e+06 5306 16701 36389 1.47438e+06 60721 33094 1.41366e+06
internal_count=3026251 2726370 53090 2673280 2667974 1492158 1175816 5306 16701 36389 1474378 60721 33094 1413657
is_linear=0
shrinkage=0.02


Tree=100
num_leaves=15
num_cat=0
split_feature=13 4 17 17 17 9 24 9 0 4 8 8 0 4
split_gain=1.11859e+06 961466 1.51943e+06 926356 916872 668992 612651 589579 1.11082e+06 786426 1.00754e+06 893216 660542 1.10527e+06
threshold=-8.7000002861022931 -84.034999847412095 0.49805991351604467 0.21199708431959155 0.58013522624969494 0.8301217555999757 12829.062011718752 -0.7377723455429076 1852.5000000000002 229.26499938964847 0.71212160587310802 0.88256284594535839 4917.5000000000009 136.84500122070315
decision_type=2 2 2 2 2 2 2 2 2 2 2 2 2 2
left_child=4 2 3 -2 -1 7 -5 8 -3 12 -11 -12 13 -9
right_child=1 5 -4 6 -6 -7 -8 9 -10 10 11 -13 -14 -15
leaf_value=0.01075982023786666 0.10960100110408949 -0.026518256987525426 -0.10617666161782614 -0.025678699721787348 0.070038135775822949 -0.27931454347252421 0.41315038706401896 0.0017459963334764308 0.187181470027592 0.30294806669930635 -0.21426061492523296 0.018892212593303086 0.048261396685543495 -0.055048779190076794
leaf_weight=777897 22344 20237 93391 300956 120535 3444 1268 1380299 18725 2272 18976 10050 103697 152160
leaf_count=777897 22344 20237 93391 300956 120535 3444 1268 1380299 18725 2272 18976 10050 103697 152160
internal_value=8.01775e-07 -0.00790029 -0.035092 -0.0146355 0.0187134 -0.00125335 -0.0238239 -0.000690503 0.0762062 -0.00248774 -0.10178 -0.133554 -0.00058776 -0.00389355
internal_weight=3.02625e+06 2.12782e+06 417959 324568 898432 1.70986e+06 302224 1.70642e+06 38962 1.66745e+06 31298 29026 1.63616e+06 1.53246e+06
internal_count=3026251 2127819 417959 324568 898432 1709860 302224 1706416 38962 1667454 31298 29026 1636156 1532459
is_linear=0
shrinkage=0.02


Tree=101
num_leaves=15
num_cat=0
split_feature=17 13 17 17 9 24 7 7 9 23 7 0 7 7
split_gain=1.09407e+06 1.09455e+06 1.54724e+06 1.26479e+06 1.41519e+06 748950 1.85973e+06 1.76225e+06 1.64272e+06 917185 681880 675940 732465 985951
threshold=0.1455325856804848 0.30000000447034841 0.6237953007221223 0.53776565194129955 0.20045207440853122 12220.252441406252 12219.075683593752 12224.289062500002 -0.44019870460033411 12215.600097656252 12531.569824218752 2643.5000000000005 11281.717285156252 11233.562988281252
decision_type=2 2 2 2 2 2 2 2 2 2 2 2 2 2
left_child=-1 2 -2 5 -5 7 -7 -3 -9 -8 -4 -6 13 -13
right_child=1 3 10 4 11 6 9 8 -10 -11 -12 12 -14 -15
leaf_value=0.091793583802709675 0.0046315083756336894 -0.010125548784299908 0.1007565247352032 -0.020157054288215414 -0.066650113856235663 0.24500058020748028 0.39966300996828874 -1.285347365404212 -0.1926399673423648 0.0070562685822803343 -0.037447494732381688 -0.21963220139728773 -0.09341675168598837 -0.66459336025896221
leaf_weight=51052 1372833 1055997 98931 132618 36311 14720 2400 565 13080 192134 16683 18619 18083 2225
leaf_count=51052 1372833 1055997 98931 132618 36311 14720 2400 565 13080 192134 16683 18619 18083 2225
internal_value=8.16047e-07 -0.00157457 0.0105493 -0.0137123 -0.0594679 -0.00627528 0.0283274 -0.0130448 -0.238795 0.0119203 0.0808121 -0.128747 -0.186638 -0.267427
internal_weight=3.02625e+06 2.9752e+06 1.48845e+06 1.48675e+06 207856 1.2789e+06 209254 1.06964e+06 13645 194534 115614 75238 38927 20844
internal_count=3026251 2975199 1488447 1486752 207856 1278896 209254 1069642 13645 194534 115614 75238 38927 20844
is_linear=0
shrinkage=0.02


Tree=102
num_leaves=15
num_cat=0
split_feature=17 21 20 4 20 9 4 4 22 23 9 4 24 9
split_gain=1.06242e+06 1.09644e+06 1.30067e+06 1.28992e+06 1.26377e+06 1.20031e+06 1.1378e+06 1.04698e+06 1.0247e+06 2.25943e+06 1.22081e+06 880004 849545 774889
threshold=0.25187316536903387 12778.339355468752 12796.067382812502 239.73500061035159 12804.373046875002 1.0000000180025095e-35 131.47499847412112 -42.635000228881829 12710.747558593752 12679.257324218752 -0.63350945711135853 -165.94499969482419 12793.651367187502 0.8301217555999757
decision_type=2 2 2 2 2 2 2 2 2 2 2 2 2 2
left_child=-1 4 7 12 5 8 -6 -3 9 11 -11 -2 -4 -7
right_child=1 2 3 -5 6 13 -8 -9 -10 10 -12 -13 -14 -15
leaf_value=0.035730867294516688 0.27311648176629227 0.45910845177891701 -0.09315392202417147 -0.54105993389628892 -0.10383496076208965 -0.018918392392931922 -0.7222553492022169 0.12156879153900678 -0.076323694700517072 0.57436500803606216 0.12767256631579255 0.0070535134482132703 0.11523673847735555 -0.22352810193070952
leaf_weight=299881 4980 5460 11857 1564 3513 1168375 1793 11241 57036 4076 6122 1419944 22968 7441
leaf_count=299881 4980 5460 11857 1564 3513 1168375 1793 11241 57036 4076 6122 1419944 22968 7441
internal_value=6.84119e-07 -0.00392949 0.0860625 0.0189781 -0.00571701 -0.00510315 -0.31378 0.232129 0.00680509 0.0101094 0.306599 0.00798531 0.0442782 -0.0202151
internal_weight=3.02625e+06 2.72637e+06 53090 36389 2.67328e+06 2.66797e+06 5306 16701 1.49216e+06 1.43512e+06 10198 1.42492e+06 34825 1.17582e+06
internal_count=3026251 2726370 53090 36389 2673280 2667974 5306 16701 1492158 1435122 10198 1424924 34825 1175816
is_linear=0
shrinkage=0.02


Tree=103
num_leaves=15
num_cat=0
split_feature=17 0 20 20 4 9 20 4 4 24 20 20 4 0
split_gain=1.0354e+06 980082 941322 1.13523e+06 1.14626e+06 990764 992641 3.11469e+06 2.15174e+06 1.41468e+06 1.40959e+06 942601 940297 929800
threshold=0.13067046552896502 8272.5000000000018 12854.678222656252 12821.602050781252 125.25500106811525 -0.31321409344673151 12175.379394531252 114.90500259399415 -170.61000061035153 12159.714843750002 12214.273437500002 12570.726562500002 -228.83499908447263 1793.5000000000002
decision_type=2 2 2 2 2 2 2 2 2 2 2 2 2 2
left_child=-1 2 3 5 -5 13 12 8 11 -10 -9 -8 -7 -2
right_child=1 -3 -4 4 -6 6 7 10 9 -11 -12 -13 -14 -15
leaf_value=0.10189182901076103 -0.0098232445148034257 -0.18657739599956785 0.17844476076030794 -0.10637332981159076 -0.62419753738514427 -0.12221249162359046 0.26551252229676409 0.57628454718632316 0.93305362719381724 -0.010744161720319827 0.13658213710411787 -0.068379440431243763 -0.015530035527096912 0.024662161630182616
leaf_weight=39364 492390 11372 11685 10102 2050 33900 17363 5483 627 234515 6235 4195 1299863 857107
leaf_count=39364 492390 11372 11685 10102 2050 33900 17363 5483 627 234515 6235 4195 1299863 857107
internal_value=6.66143e-07 -0.00134248 -0.000633908 -0.00134054 -0.194172 -0.000545995 -0.0111803 0.0239107 0.00934819 -0.00818789 0.342642 0.200538 -0.0182425 0.0120795
internal_weight=3.02625e+06 2.98689e+06 2.97552e+06 2.96383e+06 12152 2.95168e+06 1.60218e+06 268418 256700 235142 11718 21558 1.33376e+06 1.3495e+06
internal_count=3026251 2986887 2975515 2963830 12152 2951678 1602181 268418 256700 235142 11718 21558 1333763 1349497
is_linear=0
shrinkage=0.02


Tree=104
num_leaves=15
num_cat=0
split_feature=17 7 19 20 7 20 7 5 7 4 22 4 23 7
split_gain=1.00175e+06 922566 7.31293e+06 2.55769e+06 2.8772e+06 5.31223e+06 3.73571e+06 2.2298e+06 2.06723e+06 1.77017e+06 1.57256e+06 1.38497e+06 1.38412e+06 1.46874e+06
threshold=0.2441612780094147 11203.908691406252 11199.422363281252 11161.575195312502 11008.638671875002 10983.823242187502 10993.161621093752 0.052500000223517425 11210.404785156252 273.52999877929693 11044.953613281252 -60.385000228881829 10960.567382812502 11059.523925781252
decision_type=2 2 2 2 2 2 2 2 2 2 2 2 2 2
left_child=-1 3 8 4 6 9 -2 10 -3 12 -8 -10 -6 -14
right_child=1 2 -4 -5 5 -7 7 -9 11 -11 -12 -13 13 -15
leaf_value=0.037126730241392084 0.0054470857718012401 -0.094936538822989983 -0.0040782500265634722 0.070386661673823833 -0.79365172503822934 -0.034610836413006101 0.17578962787263044 0.57615629279374392 -0.50811312861217295 0.036484000134051918 -0.70577811511186705 -0.23738739040446791 -0.31124703700247108 -1.2547062663317414
leaf_weight=265224 634076 33279 1573009 226998 3593 201468 24775 5968 10341 3721 827 28192 14096 684
leaf_count=265224 634076 33279 1573009 226998 3593 201468 24775 5968 10341 3721 827 28192 14096 684
internal_value=7.23514e-07 -0.00356571 -0.0130894 0.0104682 -0.00482846 -0.0669046 0.0160209 0.228324 -0.210446 -0.361231 0.147048 -0.310155 -0.441755 -0.355729
internal_weight=3.02625e+06 2.76103e+06 1.64482e+06 1.11621e+06 889208 223562 665646 31570 71812 22094 25602 38533 18373 14780
internal_count=3026251 2761027 1644821 1116206 889208 223562 665646 31570 71812 22094 25602 38533 18373 14780
is_linear=0
shrinkage=0.02


Tree=105
num_leaves=15
num_cat=0
split_feature=13 14 5 14 0 9 0 8 20 0 0 0 19 25
split_gain=1.034e+06 1.18843e+06 842889 984862 546255 531910 1.04911e+06 604444 504812 579728 481812 423434 424905 421598
threshold=-8.7000002861022931 0.64751917123794567 -0.027499999850988385 0.6653365194797517 8272.5000000000018 -0.7377723455429076 1852.5000000000002 0.50153240561485302 12103.735839843752 1618.5000000000002 2765.5000000000005 1501.5000000000002 12523.992675781252 0.051449242979288108
decision_type=2 2 2 2 2 2 2 2 2 2 2 2 2 2
left_child=1 -1 3 8 5 6 -4 13 9 -2 -5 -3 -13 -8
right_child=2 11 4 10 -6 -7 7 -9 -10 -11 -12 12 -14 -15
leaf_value=0.0059952027575587985 0.0066013406056190964 0.017730241958430513 -0.026277503254228864 -0.045303130341162151 -0.19054186837943832 -0.001337341484161496 0.26717948859469021 0.11690619038128434 0.023021849015593204 -0.046315835547366312 -0.14516201520237559 0.09530132158724372 -0.014113235945121776 0.70827790940990887
leaf_weight=706327 124399 59435 20237 38720 5999 1538449 3373 14152 95031 247684 38606 116506 16164 1169
leaf_count=706327 124399 59435 20237 38720 5999 1538449 3373 14152 95031 247684 38606 116506 16164 1169
internal_value=5.07298e-07 0.0179917 -0.00759597 -0.0290624 -0.000214652 0.00051038 0.0735095 0.18149 -0.0181169 -0.0286242 -0.0951715 0.0620974 0.0819705 0.382018
internal_weight=3.02625e+06 898432 2.12782e+06 544440 1.58338e+06 1.57738e+06 38931 18694 467114 372083 77326 192105 132670 4542
internal_count=3026251 898432 2127819 544440 1583379 1577380 38931 18694 467114 372083 77326 192105 132670 4542
is_linear=0
shrinkage=0.02


Tree=106
num_leaves=15
num_cat=0
split_feature=17 21 7 20 7 9 7 7 7 20 7 7 5 7
split_gain=978799 1.04444e+06 1.34985e+06 1.28842e+06 1.27709e+06 1.25787e+06 1.02708e+06 1.0122e+06 2.36245e+06 1.70661e+06 3.39373e+06 2.26314e+06 1.73847e+06 1.79706e+06
threshold=0.1455325856804848 12778.339355468752 12764.483398437502 12796.067382812502 12683.662597656252 -0.31321409344673151 12719.121582031252 10942.477539062502 10844.483886718752 11161.575195312502 11178.849121093752 11196.183593750002 0.047500001266598708 11019.284667968752
decision_type=2 2 2 2 2 2 2 2 2 2 2 2 2 2
left_child=-1 2 3 5 -3 7 -5 8 -2 11 -11 12 -9 -14
right_child=1 4 -4 6 -6 -7 -8 9 -10 10 -12 -13 13 -15
leaf_value=0.086823151176672053 0.0094891467227170428 0.30652922090051149 -0.11039490110846883 -0.052828308887676236 0.043095031794288356 -0.012905468285079474 -0.56958648350979768 -0.064574996799465975 0.14258805757920304 0.19702872369212887 0.009131495655477077 -0.26311452380608258 0.15309912830971945 -0.059722617495159822
leaf_weight=51052 177104 8693 46182 3365 47772 1561017 2828 142117 76325 40414 787450 17369 36492 28071
leaf_count=51052 177104 8693 46182 3365 47772 1561017 2828 142117 76325 40414 787450 17369 36492 28071
internal_value=5.48252e-07 -0.00148954 -0.00313786 -0.00141311 0.0836992 -0.000789993 -0.289344 0.0136985 0.0495786 0.00505378 0.0183064 -0.0439134 -0.0254802 0.0605723
internal_weight=3.02625e+06 2.9752e+06 2.91873e+06 2.87255e+06 56465 2.86636e+06 6193 1.30534e+06 253429 1.05191e+06 827864 224049 206680 64563
internal_count=3026251 2975199 2918734 2872552 56465 2866359 6193 1305342 253429 1051913 827864 224049 206680 64563
is_linear=0
shrinkage=0.02


Tree=107
num_leaves=15
num_cat=0
split_feature=13 17 4 17 17 9 4 19 9 0 4 9 9 25
split_gain=990818 879066 816598 1.42722e+06 812910 613910 565289 537668 528041 1.01076e+06 724812 931480 818270 725991
threshold=-7.9000000953674308 0.58013522624969494 -84.034999847412095 0.4957254976034165 0.19656948745250705 0.8301217555999757 -253.69499969482419 11430.187011718752 -0.7377723455429076 1852.5000000000002 229.26499938964847 -0.7020561397075652 -0.47019329667091364 0.029996675439178947
decision_type=2 2 2 2 2 2 2 2 2 2 2 2 2 2
left_child=1 -1 3 4 -2 8 -5 -6 9 -4 -10 -12 13 -13
right_child=2 -3 5 6 7 -7 -8 -9 10 -11 11 12 -14 -15
leaf_value=0.0093902526851592782 0.11885023901618237 0.066156592506702736 -0.026601289180681078 -0.3120840880834142 -0.042443857755358694 -0.27045899811122343 -0.090362432131240372 0.012584590740166185 -0.00087241343528070075 0.18034876776261807 0.29567139181512192 -0.80620474847987655 0.017566762746430688 -0.18192708743780114
leaf_weight=827878 17701 125676 19634 4845 179160 3379 88203 117659 1593405 18168 2207 769 9815 17752
leaf_count=827878 17701 125676 19634 4845 179160 3379 88203 117659 1593405 18168 2207 769 9815 17752
internal_value=5.25003e-07 0.0168725 -0.00776156 -0.0331353 -0.0127773 -0.00155076 -0.10194 -0.0206308 -0.00100232 0.0728817 -0.00272263 -0.0992147 -0.130065 -0.20827
internal_weight=3.02625e+06 953554 2.0727e+06 407568 314520 1.66513e+06 93048 296819 1.66175e+06 37802 1.62395e+06 30543 28336 18521
internal_count=3026251 953554 2072697 407568 314520 1665129 93048 296819 1661750 37802 1623948 30543 28336 18521
is_linear=0
shrinkage=0.02


Tree=108
num_leaves=15
num_cat=0
split_feature=13 4 21 7 7 22 22 4 23 21 7 21 7 7
split_gain=955804 738199 991485 1.83002e+06 744830 2.80549e+06 1.73486e+06 1.03606e+06 833400 746082 736358 708033 1.14365e+06 676948
threshold=-4.9000000953674308 -84.034999847412095 11430.259765625002 11422.027343750002 12035.318359375002 12091.415039062502 12050.650390625002 -170.61000061035153 12036.279785156252 12803.990234375002 12683.662597656252 12222.002441406252 12224.289062500002 12832.255859375002
decision_type=2 2 2 2 2 2 2 2 2 2 2 2 2 2
left_child=-1 2 3 -2 5 8 -6 11 -4 13 -11 -8 -13 -9
right_child=1 -3 4 -5 6 -7 7 9 -10 10 -12 12 -14 -15
leaf_value=0.014284997455741872 -0.053217116304361642 -0.0026111522295615532 0.018677315108187518 -0.48874512643175716 -0.48027872925314846 0.90730538415289541 -0.015715885794003768 -0.054339635312906281 0.33358956472169049 0.74710239127745115 0.076947856975169412 0.58536491058320095 0.10950370520772783 -0.44871927438992693
leaf_weight=1157199 217503 1500202 47616 3919 3259 1530 9911 63911 3607 820 3140 2575 9279 1780
leaf_count=1157199 217503 1500202 47616 3919 3259 1530 9911 63911 3607 820 3140 2575 9279 1780
internal_value=4.4616e-07 -0.00884366 -0.034192 -0.0609474 0.00599329 0.0662095 -0.0275625 -0.011372 0.0409138 -0.0490109 0.217255 0.109044 0.213281 -0.0650929
internal_weight=3.02625e+06 1.86905e+06 368850 221422 147428 52753 94675 91416 51223 69651 3960 21765 11854 65691
internal_count=3026251 1869052 368850 221422 147428 52753 94675 91416 51223 69651 3960 21765 11854 65691
is_linear=0
shrinkage=0.02


Tree=109
num_leaves=15
num_cat=0
split_feature=17 21 22 24 9 7 13 14 14 9 9 7 23 17
split_gain=931882 982148 1.317e+06 1.44574e+06 2.08461e+06 1.21573e+06 1.03898e+06 1.66418e+06 1.36867e+06 1.09162e+06 955521 826664 758971 725431
threshold=0.13067046552896502 12778.339355468752 12710.747558593752 12698.917480468752 -0.63350945711135853 12683.662597656252 2.1000000238418584 0.70381551980972301 0.6653365194797517 0.16236701607704165 -0.59070801734924305 12793.913574218752 12717.862792968752 0.60771930217742931
decision_type=2 2 2 2 2 2 2 2 2 2 2 2 2 2
left_child=-1 2 3 6 -5 -3 7 -2 -8 -10 11 -7 -4 -11
right_child=1 5 12 4 -6 10 8 -9 9 13 -12 -13 -14 -15
leaf_value=0.096663894442439238 0.0030645521594779546 0.29859389458396707 -0.23103085510405641 0.59618515762912272 0.020668439706014379 0.59365419784225226 -0.0060895722672514386 0.075000836859392558 -0.026962298170709366 -0.091397742612744248 0.0080161831430715785 0.10251889302156526 -0.056497461437235386 -0.24354544474576748
leaf_weight=39364 1400095 8699 11478 3941 6941 2127 1100752 141641 118513 55337 41970 3839 75347 16207
leaf_count=39364 1400095 8699 11478 3941 6941 2127 1100752 141641 118513 55337 41970 3839 75347 16207
internal_value=5.19791e-07 -0.00127371 -0.00286826 -0.000525117 0.229454 0.0812122 -0.00140946 0.00967388 -0.0146473 -0.0642082 0.0417093 0.278322 -0.0795944 -0.125894
internal_weight=3.02625e+06 2.98689e+06 2.93025e+06 2.84343e+06 10882 56635 2.83254e+06 1.54174e+06 1.29081e+06 190057 47936 5966 86825 71544
internal_count=3026251 2986887 2930252 2843427 10882 56635 2832545 1541736 1290809 190057 47936 5966 86825 71544
is_linear=0
shrinkage=0.02


Tree=110
num_leaves=15
num_cat=0
split_feature=17 21 23 4 8 8 23 21 4 23 19 23 23 0
split_gain=916860 979470 1.20491e+06 978562 1.02096e+06 1.05923e+06 929093 1.57828e+06 876728 998591 819878 859214 1.18923e+06 858623
threshold=0.25187316536903387 12766.390136718752 12707.855468750002 -87.395000457763658 0.50153240561485302 -0.77128207683563221 12679.257324218752 12688.952636718752 -102.02499771118163 12744.770019531252 12306.427734375002 10765.883300781252 10804.566406250002 3896.5000000000005
decision_type=2 2 2 2 2 2 2 2 2 2 2 2 2 2
left_child=-1 2 3 4 5 -2 -5 -8 9 -3 11 -7 -13 -14
right_child=1 8 -4 6 -6 10 7 -9 -10 -11 -12 12 13 -15
leaf_value=0.033193020447545185 -0.0072515346188612301 0.78937240599145342 -0.088084609634932906 0.0014207271386823129 0.88087633160016598 0.093671316216887526 0.45003450357405961 0.023560580101175867 0.049961213594052312 0.16587990073119613 0.2164049332964689 -0.47033335484750277 -0.02888200776639302 -0.12150138398082704
leaf_weight=299881 308370 1314 68844 2088657 483 11325 4960 11513 58026 4627 3946 3155 74251 86899
leaf_count=299881 308370 1314 68844 2088657 483 11325 4960 11513 58026 4627 3946 3155 74251 86899
internal_value=5.84855e-07 -0.00365044 -0.0055087 -0.00331644 -0.0288205 -0.0297391 0.00260107 0.152168 0.0736812 0.304879 -0.0683523 -0.0747622 -0.0863769 -0.0788309
internal_weight=3.02625e+06 2.72637e+06 2.6624e+06 2.59356e+06 488429 487946 2.10513e+06 16473 63967 5941 179576 175630 164305 161150
internal_count=3026251 2726370 2662403 2593559 488429 487946 2105130 16473 63967 5941 179576 175630 164305 161150
is_linear=0
shrinkage=0.02


Tree=111
num_leaves=15
num_cat=0
split_feature=7 24 19 7 8 19 7 19 7 4 21 7 7 19
split_gain=909573 3.26267e+06 2.0265e+06 1.65881e+06 1.52758e+06 1.3437e+06 2.70262e+06 1.42686e+06 2.42952e+06 1.92248e+06 1.25286e+06 1.20965e+06 1.20411e+06 1.80469e+06
threshold=10886.141601562502 10883.580078125002 10921.620117187502 10921.998535156252 0.72930297255516063 10815.286132812502 10789.720703125002 10665.117675781252 10640.863281250002 -97.16500091552733 10948.634765625002 10844.483886718752 10689.769531250002 10766.915527343752
decision_type=2 2 2 2 2 2 2 2 2 2 2 2 2 2
left_child=1 5 -2 4 -4 6 7 -1 -9 -10 11 -3 -11 -14
right_child=2 10 3 -5 -6 -7 -8 8 9 12 -12 -13 13 -15
leaf_value=-0.049352522104863114 -0.084004814584564824 0.62291898969826232 0.016303906634013297 -0.0012546101423923401 0.44614590547739363 0.077953306112469825 -0.13592599968759067 0.50194951549903688 0.38745313443464019 0.13046957192801176 0.71581621510588578 0.14040792378350919 -0.10640240398565005 0.11363424984314408
leaf_weight=59486 120524 2559 6875 2559584 6364 99529 52375 5023 6376 31173 2544 10935 38640 24264
leaf_count=59486 120524 2559 6875 2559584 6364 99529 52375 5023 6376 31173 2544 10935 38640 24264
internal_value=7.05112e-07 0.0311879 -0.00385419 -9.9216e-05 0.223112 0.0170968 -0.0107745 0.0289665 0.0731373 0.0516472 0.309402 0.232306 0.0288492 -0.0215226
internal_weight=3.02625e+06 332904 2.69335e+06 2.57282e+06 13239 316866 217337 164962 105476 100453 16038 13494 94077 62904
internal_count=3026251 332904 2693347 2572823 13239 316866 217337 164962 105476 100453 16038 13494 94077 62904
is_linear=0
shrinkage=0.02


Tree=112
num_leaves=15
num_cat=0
split_feature=13 14 5 14 4 7 19 19 6 7 21 7 19 7
split_gain=892166 1.06613e+06 754806 881302 598068 531110 3.61892e+06 1.14864e+06 992216 737125 8.158e+06 1.88952e+06 2.24508e+06 1.70875e+06
threshold=-9.0999999046325666 0.64751917123794567 -0.027499999850988385 0.6653365194797517 -253.69499969482419 11203.908691406252 11202.757324218752 11197.557128906252 110.19230270385744 11405.086425781252 11447.006835937502 11577.411621093752 11582.567871093752 11512.223632812502
decision_type=2 2 2 2 2 2 2 2 2 2 2 2 2 2
left_child=1 -1 3 -2 -5 7 8 -4 -7 10 -8 12 -11 -14
right_child=2 -3 5 4 -6 6 9 -9 -10 11 -12 -13 13 -15
leaf_value=0.0055538313613722589 -0.01673682230972165 0.059677511682761558 0.0070066292676663625 -0.39356372636406362 -0.079060015461991734 -0.14074498102360256 0.019518694360853035 0.11250466925344874 -0.40261596387073495 -0.061872644711751086 1.096640197737923 0.0045068749939383137 -0.24294736301026434 -0.96693810867301144
leaf_weight=674929 475582 185604 579805 2489 75954 42255 156875 44436 6702 106548 2854 665709 4710 1799
leaf_count=674929 475582 185604 579805 2489 75954 42255 156875 44436 6702 106548 2854 665709 4710 1799
internal_value=8.75047e-07 0.0172281 -0.00684427 -0.0269824 -0.0890884 7.83759e-05 -0.00905008 0.0145181 -0.176669 -0.000304343 0.038832 -0.00833184 -0.0839234 -0.444228
internal_weight=3.02625e+06 860533 2.16572e+06 554025 78443 1.61169e+06 987452 624241 48957 938495 159729 778766 113057 6509
internal_count=3026251 860533 2165718 554025 78443 1611693 987452 624241 48957 938495 159729 778766 113057 6509
is_linear=0
shrinkage=0.02


Tree=113
num_leaves=15
num_cat=0
split_feature=0 7 24 24 7 22 7 24 9 22 24 7 9 7
split_gain=899639 885003 3.10742e+06 1.67242e+06 1.3797e+06 6.44976e+06 3.08508e+06 3.29303e+06 2.19424e+06 1.87052e+06 3.02567e+06 3.61056e+06 1.4666e+06 1.37164e+06
threshold=8272.5000000000018 10886.141601562502 10883.580078125002 10921.526855468752 11008.638671875002 10991.551269531252 10993.161621093752 11044.612792968752 -0.64436650276184071 10931.327636718752 10950.812500000002 11019.284667968752 -0.65655234456062306 11192.181152343752
decision_type=2 2 2 2 2 2 2 2 2 2 2 2 2 2
left_child=1 2 -1 -3 6 9 -5 8 -8 -6 12 -12 -11 -7
right_child=-2 3 -4 4 5 13 7 -9 -10 10 11 -13 -14 -15
leaf_value=0.017716278205149826 -0.17725524455287966 -0.076703941500071399 0.30307576116660012 0.017096156343334265 0.2165725669734441 0.037048919783877761 0.47429608510197685 -0.71764447471111437 0.13698657178250298 0.080740941530906107 0.055810989701441445 -0.43012168338882767 -1.0013259913677814 -0.0072452563794821179
leaf_weight=312599 11400 118102 16038 246391 2744 327115 12022 1434 21532 586 9715 16491 3387 1926695
leaf_count=312599 11400 118102 16038 246391 2744 327115 12022 1434 21532 586 9715 16491 3387 1926695
internal_value=7.91207e-07 0.000671639 0.0316511 -0.00311855 0.00026576 -0.00487655 0.0420555 0.217767 0.257946 -0.282743 -0.3282 -0.250025 -0.841919 -0.000816314
internal_weight=3.02625e+06 3.01485e+06 328637 2.68621e+06 2.56811e+06 2.28673e+06 281379 34988 33554 32923 30179 26206 3973 2.25381e+06
internal_count=3026251 3014851 328637 2686214 2568112 2286733 281379 34988 33554 32923 30179 26206 3973 2253810
is_linear=0
shrinkage=0.02


Tree=114
num_leaves=15
num_cat=0
split_feature=17 21 7 22 7 9 7 9 7 22 24 7 7 9
split_gain=877964 918111 1.69156e+06 1.15713e+06 1.02664e+06 1.26088e+06 1.01633e+06 1.01485e+06 2.12133e+06 5.73373e+06 1.33937e+06 5.33338e+06 2.11016e+06 1.81275e+06
threshold=0.13067046552896502 12766.390136718752 12764.483398437502 12783.526367187502 12683.662597656252 -0.59070801734924305 12832.255859375002 0.59157848358154308 11218.415527343752 11197.831542968752 12220.252441406252 12219.075683593752 12205.471191406252 0.12987381964921954
decision_type=2 2 2 2 2 2 2 2 2 2 2 2 2 2
left_child=-1 2 7 6 -3 -6 -4 10 -9 -10 12 13 -2 -12
right_child=1 4 3 -5 5 -7 -8 8 9 -11 11 -13 -14 -15
leaf_value=0.09382597114190111 0.0016906507073809142 0.26314887865830711 -0.061787098205146489 -0.41553609501514815 0.26863553561487202 0.0021992265024764015 -0.4987246751889528 0.0028377504484136656 -0.47498065941637435 -0.047769573360989685 0.20693129370744015 0.014656101923706531 -0.14912617933570227 0.57874825129312168
leaf_weight=39364 1867506 9583 30986 5086 8266 50202 2277 421756 13376 205325 28892 299375 37851 6406
leaf_count=39364 1867506 9583 30986 5086 8266 50202 2277 421756 13376 205325 28892 299375 37851 6406
internal_value=7.04944e-07 -0.00123612 -0.00292933 -0.134867 0.0713784 0.0399069 -0.0918389 -0.00117233 -0.0233736 -0.0739189 0.00517539 0.0420751 -0.00130617 0.274555
internal_weight=3.02625e+06 2.98689e+06 2.91884e+06 38349 68051 58468 33263 2.88049e+06 640457 218701 2.24003e+06 334673 1.90536e+06 35298
internal_count=3026251 2986887 2918836 38349 68051 58468 33263 2880487 640457 218701 2240030 334673 1905357 35298
is_linear=0
shrinkage=0.02


Tree=115
num_leaves=15
num_cat=0
split_feature=9 13 14 8 17 7 24 7 7 7 24 8 9 7
split_gain=869377 844781 1.0158e+06 728614 1.14132e+06 583193 1.27338e+06 1.07802e+06 798306 702542 1.66448e+06 901586 844566 1.16718e+06
threshold=0.8301217555999757 -9.0999999046325666 0.64059123396873485 -0.70459485054016102 0.49372719228267675 10689.769531250002 10659.822753906252 10761.730957031252 10640.863281250002 10926.682617187502 10935.976074218752 0.72694364190101635 -0.16965726763010022 10844.483886718752
decision_type=2 2 2 2 2 2 2 2 2 2 2 2 2 2
left_child=1 2 -1 4 -3 6 -5 -7 -8 10 12 -12 13 -9
right_child=-2 3 -4 5 -6 7 8 9 -10 -11 11 -13 -14 -15
leaf_value=0.0053673030580913108 -0.21036175258082185 -0.0084920155681792384 0.056892423379720836 -0.034767380270687404 -0.064867339615948108 -0.1517041371653601 0.49744032817775918 -0.00090168572982999348 0.1308468412483155 -0.0018160001004655141 0.0020348285062493682 0.44098157768146506 -0.11280420155893589 0.15222726614026741
leaf_weight=659366 7828 685305 199303 23611 181729 18277 2645 58565 22806 1113039 2655 6336 14630 30156
leaf_count=659366 7828 685305 199303 23611 181729 18277 2645 58565 22806 1113039 2655 6336 14630 30156
internal_value=6.76885e-07 0.000546934 0.0173272 -0.00612455 -0.0203088 0.00338899 0.0710154 0.000720578 0.169126 0.00299528 0.0506596 0.311511 0.0279388 0.0511574
internal_weight=3.02625e+06 3.01842e+06 858669 2.15975e+06 867034 1.29272e+06 49062 1.24366e+06 25451 1.22538e+06 112342 8991 103351 88721
internal_count=3026251 3018423 858669 2159754 867034 1292720 49062 1243658 25451 1225381 112342 8991 103351 88721
is_linear=0
shrinkage=0.02


Tree=116
num_leaves=15
num_cat=0
split_feature=0 17 7 19 7 19 7 19 7 0 5 5 24 24
split_gain=864250 835895 900768 5.46936e+06 2.73664e+06 2.28703e+06 2.22136e+06 4.53778e+06 3.34893e+06 2.10362e+06 2.00231e+06 1.90818e+06 1.42067e+06 1.28854e+06
threshold=8272.5000000000018 0.25187316536903387 11200.229980468752 11202.757324218752 11210.404785156252 11164.829101562502 11008.638671875002 10975.288574218752 10993.161621093752 2009.5000000000002 0.052500000223517425 0.042500000447034843 11044.612792968752 11019.254882812502
decision_type=2 2 2 2 2 2 2 2 2 2 2 2 2 2
left_child=1 -1 5 4 -4 6 8 11 -3 -6 12 -8 -10 -9
right_child=-2 2 3 -5 9 -7 7 13 10 -11 -12 -13 -14 -15
leaf_value=0.032382369053367291 -0.17373396379516567 0.0062020684694176599 -0.060365535073262103 -0.0025345633015701773 -0.089232492568995458 0.074353049545803421 -0.49178617578167655 -0.12714888512193359 0.16894329872714989 -0.36664806969971886 0.55106269366725447 0.13099404075605434 -0.67311536225248736 -0.0059666673799091789
leaf_weight=299239 11400 620037 59213 1548874 17296 190317 12554 45016 24344 29752 5879 2329 819 159182
leaf_count=299239 11400 620037 59213 1548874 17296 190317 12554 45016 24344 29752 5879 2329 819 159182
internal_value=7.09338e-07 0.00065823 -0.00283762 -0.0120577 -0.150855 0.0115526 -0.00218351 -0.0572697 0.016353 -0.264704 0.21904 -0.394305 0.141279 -0.0326866
internal_weight=3.02625e+06 3.01485e+06 2.71561e+06 1.65514e+06 106261 1.06048e+06 870160 219081 651079 47048 31042 14883 25163 204198
internal_count=3026251 3014851 2715612 1655135 106261 1060477 870160 219081 651079 47048 31042 14883 25163 204198
is_linear=0
shrinkage=0.02


Tree=117
num_leaves=15
num_cat=0
split_feature=9 17 20 20 4 13 14 17 4 7 19 8 20 7
split_gain=834862 823271 830549 1.08458e+06 1.06203e+06 821191 1.40538e+06 960736 1.33428e+06 700652 623721 839932 620742 1.75935e+06
threshold=0.8301217555999757 0.13067046552896502 12854.678222656252 12821.602050781252 125.25500106811525 1.0000000180025095e-35 0.69211596250534069 0.53776565194129955 -66.865001678466783 11965.328125000002 13490.410644531252 0.82309290766716015 12242.773437500002 12219.075683593752
decision_type=2 2 2 2 2 2 2 2 2 2 2 2 2 2
left_child=1 -1 3 5 -5 6 10 12 -9 -8 -3 -12 -7 -14
right_child=-2 2 -4 4 -6 7 9 8 -10 -11 11 -13 13 -15
leaf_value=0.091410100321067195 -0.20614373999093197 0.0039365867947866963 0.16754792645468339 -0.10529386388662841 -0.60373586416707459 -0.010355912177094171 0.093260699792596533 -0.13281758175056918 -0.019323466617886139 0.0035242750128849937 -0.08547649198340293 -0.75333708372272423 0.29136401391025873 0.014731368898085111
leaf_weight=39347 7828 1303300 11685 10102 2050 1093476 112339 57637 147344 50426 3315 966 9691 176745
leaf_count=39347 7828 1303300 11685 10102 2050 1093476 112339 57637 147344 50426 3315 966 9691 176745
internal_value=6.26762e-07 0.000535931 -0.000664612 -0.00132757 -0.189808 -0.000551886 0.0100429 -0.0110429 -0.051241 0.0654616 0.00314402 -0.237587 -0.00460469 0.0291258
internal_weight=3.02625e+06 3.01842e+06 2.97908e+06 2.96739e+06 12152 2.95524e+06 1.47035e+06 1.48489e+06 204981 162765 1.30758e+06 4281 1.27991e+06 186436
internal_count=3026251 3018423 2979076 2967391 12152 2955239 1470346 1484893 204981 162765 1307581 4281 1279912 186436
is_linear=0
shrinkage=0.02


Tree=118
num_leaves=15
num_cat=0
split_feature=21 7 20 24 7 7 4 4 4 20 4 7 20 7
split_gain=829971 1.21789e+06 1.20673e+06 1.32306e+06 6.03395e+06 3.22854e+06 2.20922e+06 1.97493e+06 1.5848e+06 1.16604e+06 1.1856e+06 1.16035e+06 4.77399e+06 3.98812e+06
threshold=12778.339355468752 12764.483398437502 12796.067382812502 12220.252441406252 12219.075683593752 12231.562988281252 167.60500335693362 -124.59499740600585 -239.11000061035153 12796.067382812502 239.73500061035159 11200.229980468752 11202.917480468752 11233.562988281252
decision_type=2 2 2 2 2 2 2 2 2 2 2 2 2 2
left_child=1 2 3 5 7 8 -7 -5 -1 -2 -11 -10 13 -13
right_child=9 -3 -4 4 -6 6 -8 -9 11 10 -12 12 -14 -15
leaf_value=-0.14818129845451494 0.21180138718266078 -0.10323987020727766 -0.27848295736400902 0.58068404266226981 0.0093668788648225681 -0.22207376718212729 -1.2422791787259406 0.20644048057496223 0.013629402845028621 0.037841559324261059 -0.52213831573156722 -0.10548231597323871 -0.0026268632704962934 -0.54459468598161076
leaf_weight=29589 17420 46282 6194 6892 360254 16802 885 31009 1158116 38612 1564 95299 1208282 9051
leaf_count=29589 17420 46282 6194 6892 360254 16802 885 31009 1158116 38612 1564 95299 1208282 9051
internal_value=5.31263e-07 -0.00145848 0.000153785 0.000746573 0.034624 -0.0046103 -0.273796 0.274629 -0.00270502 0.0751895 0.0159173 -0.000962239 -0.0138363 -0.143618
internal_weight=3.02625e+06 2.96866e+06 2.92237e+06 2.91618e+06 398155 2.51802e+06 17687 37901 2.50034e+06 57596 40176 2.47075e+06 1.31263e+06 104350
internal_count=3026251 2968655 2922373 2916179 398155 2518024 17687 37901 2500337 57596 40176 2470748 1312632 104350
is_linear=0
shrinkage=0.02


Tree=119
num_leaves=15
num_cat=0
split_feature=0 9 20 20 13 14 5 14 8 0 20 13 20 22
split_gain=824094 806536 773723 1.03391e+06 757525 1.18877e+06 608120 606801 1.15173e+06 925624 646472 642229 610645 670096
threshold=8272.5000000000018 0.8301217555999757 12854.678222656252 12821.602050781252 -3.1000000238418575 0.64059123396873485 0.012499999720603229 0.61104625463485729 -0.69446012377738942 2484.5000000000005 12228.965820312502 7.0999999046325692 11039.234863281252 10773.233398437502
decision_type=2 2 2 2 2 2 2 2 2 2 2 2 2 2
left_child=1 2 3 4 5 -1 -5 10 9 -9 -6 -10 13 -11
right_child=-2 -3 -4 6 7 -7 -8 8 11 12 -12 -13 -14 -15
leaf_value=0.0031060168426036141 -0.1696501501093719 -0.20197365459747554 0.16303711781098928 -0.08174039335296536 -0.0060342855582924864 0.051021177815816582 -0.378410929464009 -0.017769339811451932 0.039570630430600162 0.076729826457512196 0.034193645905107817 -0.024129904751486669 -0.079106615078421524 -0.24021659389927277
leaf_weight=985075 11400 7828 11756 8200 1083394 262247 4165 92750 102160 3087 187427 166435 80865 19462
leaf_count=985075 11400 7828 11756 8200 1083394 262247 4165 92750 102160 3087 187427 166435 80865 19462
internal_value=3.80765e-07 0.000642444 0.00117058 0.000534727 0.00129157 0.0131804 -0.181897 -0.00725269 -0.0268075 -0.0636472 -0.000101032 9.90649e-05 -0.104788 -0.19681
internal_weight=3.02625e+06 3.01485e+06 3.00702e+06 2.99527e+06 2.9829e+06 1.24732e+06 12365 1.73558e+06 464759 196164 1.27082e+06 268595 103414 22549
internal_count=3026251 3014851 3007023 2995267 2982902 1247322 12365 1735580 464759 196164 1270821 268595 103414 22549
is_linear=0
shrinkage=0.02


Tree=120
num_leaves=15
num_cat=0
split_feature=0 9 9 0 19 4 3 16 22 5 6 22 4 19
split_gain=791488 774637 722978 1.0294e+06 1.17879e+06 914872 796856 671497 544022 759242 594891 518798 2.42152e+06 1.93518e+06
threshold=8272.5000000000018 0.8301217555999757 -0.72443613409996022 1519.5000000000002 10837.261230468752 229.26499938964847 2.8303530216217045 -22.100000381469723 12291.211914062502 0.037499999627470977 102.47717666625978 12219.626953125002 -170.61000061035153 12371.182617187502
decision_type=2 2 2 2 2 2 2 2 2 2 2 2 2 2
left_child=1 2 3 -1 -5 6 -6 -4 9 -8 -11 -9 13 -13
right_child=-2 -3 7 4 5 -7 8 11 -10 10 -12 12 -14 -15
leaf_value=-0.030584607282486402 -0.16626012076806188 -0.19793933450740944 0.035449839318802467 -0.13303421596072848 0.30220406207017581 0.55547621780614453 -0.045552263218548585 -0.0069859937858758369 0.3280649605471343 0.071236189652682164 0.33325096663047371 0.56778140940493271 0.0070617436983049066 0.11067781342016036
leaf_weight=31364 11400 7828 194044 6656 8700 2133 14252 2268921 3370 10804 5099 5223 443748 12709
leaf_count=31364 11400 7828 194044 6656 8700 2133 14252 2268921 3370 10804 5099 5223 443748 12709
internal_value=3.17603e-07 0.000629551 0.00114714 0.0595761 0.115003 0.152244 0.131748 -0.000498814 0.0874352 0.0604429 0.155404 -0.00305355 0.0162721 0.24406
internal_weight=3.02625e+06 3.01485e+06 3.00702e+06 82378 51014 44358 42225 2.92464e+06 33525 30155 15903 2.7306e+06 461680 17932
internal_count=3026251 3014851 3007023 82378 51014 44358 42225 2924645 33525 30155 15903 2730601 461680 17932
is_linear=0
shrinkage=0.02


Tree=121
num_leaves=15
num_cat=0
split_feature=17 13 17 17 4 4 22 14 16 4 0 23 14 22
split_gain=794025 764007 1.42971e+06 1.09012e+06 946556 570339 530625 460914 460248 441292 350408 364014 347717 362517
threshold=0.2279101833701134 1.8999999761581423 0.61821815371513378 0.56082338094711315 -66.865001678466783 -165.94499969482419 12253.107421875002 0.77948632836341869 11.09999990463257 167.60500335693362 8272.5000000000018 10712.646972656252 0.64226916432380687 12225.601074218752
decision_type=2 2 2 2 2 2 2 2 2 2 2 2 2 2
left_child=5 2 10 12 -5 6 -1 -4 -6 -10 -2 -12 13 -3
right_child=1 3 7 4 8 -7 -8 -9 9 -11 11 -13 -14 -15
leaf_value=0.090815175184953162 0.0017012537832944766 -0.0074037747464473025 0.051394144009367065 -0.14091176005531034 0.011891810235949981 0.029803011625927849 0.39186556976785147 0.14447162480884876 -0.051488097904710095 -0.23115971078282788 0.12969848922592037 -0.25824297172297145 -0.031669729415872053 0.026949089666867099
leaf_weight=8609 1368437 827190 99840 44896 51280 192214 3212 27045 54628 6068 1277 3915 193339 144301
leaf_count=8609 1368437 827190 99840 44896 51280 192214 3212 27045 54628 6068 1277 3915 193339 144301
internal_value=4.25976e-07 -0.00275418 0.0070121 -0.0138417 -0.0633347 0.0381005 0.17288 0.0712432 -0.0322207 -0.069486 0.00107844 -0.162757 -0.0071758 -0.00230091
internal_weight=3.02625e+06 2.82222e+06 1.50051e+06 1.3217e+06 156872 204035 11821 126885 111976 60696 1.37363e+06 5192 1.16483e+06 971491
internal_count=3026251 2822216 1500514 1321702 156872 204035 11821 126885 111976 60696 1373629 5192 1164830 971491
is_linear=0
shrinkage=0.02


Tree=122
num_leaves=15
num_cat=0
split_feature=21 23 24 4 23 9 4 23 9 9 4 23 21 8
split_gain=790743 1.40273e+06 1.25047e+06 2.01622e+06 1.96784e+06 1.92122e+06 1.45859e+06 1.3392e+06 2.00555e+06 1.96649e+06 1.73514e+06 1.71721e+06 980929 959746
threshold=12766.390136718752 12707.855468750002 12220.252441406252 -170.61000061035153 12418.659667968752 0.50712648034095775 -278.60499572753901 12237.079101562502 -0.56790637969970692 -0.6304970085620879 42.414999008178718 12679.257324218752 12201.887695312502 -0.79123097658157338
decision_type=2 2 2 2 2 2 2 2 2 2 2 2 2 2
left_child=1 2 6 4 -4 7 -1 8 -5 11 -10 -9 -8 -6
right_child=-2 -3 3 5 13 -7 12 9 10 -11 -12 -13 -14 -15
leaf_value=-0.25046035157346264 0.066871995409124682 -0.086714194948903103 0.5345224427988986 -0.11979911386856967 0.026728153018131279 -0.071047229914164761 -0.0016162846556772063 0.12060787668244931 0.12553612681729326 0.011471006761434657 0.47434773440503558 0.54522505124936305 -0.091092211367192866 0.54182194764061276
leaf_weight=9585 69106 75400 6039 7312 10884 67779 2458442 24028 15042 217268 9190 4520 49997 1659
leaf_count=9585 69106 75400 6039 7312 10884 67779 2458442 24028 15042 217268 9190 4520 49997 1659
internal_value=4.2813e-07 -0.00156252 0.000665736 0.0353297 0.238212 0.0244001 -0.00434149 0.0477265 0.170387 0.0319799 0.257965 0.188006 -0.00340004 0.095236
internal_weight=3.02625e+06 2.95714e+06 2.88174e+06 363721 18582 345139 2.51802e+06 277360 31544 245816 24232 28548 2.50844e+06 12543
internal_count=3026251 2957145 2881745 363721 18582 345139 2518024 277360 31544 245816 24232 28548 2508439 12543
is_linear=0
shrinkage=0.02


Tree=123
num_leaves=15
num_cat=0
split_feature=7 20 7 20 20 7 20 1 7 8 9 7 8 9
split_gain=799173 2.96507e+06 2.01027e+06 1.96346e+06 1.46336e+06 1.26746e+06 2.04073e+06 1.39345e+06 1.21593e+06 1.0859e+06 1.05419e+06 1.19217e+06 1.70673e+06 1.04102e+06
threshold=10886.141601562502 10843.401367187502 10833.810546875002 10942.272460937502 10921.013183593752 10789.720703125002 10800.633300781252 47.881401062011726 10863.726074218752 0.73663246631622326 -0.71208626031875599 10921.998535156252 0.72694364190101635 0.61151722073555004
decision_type=2 2 2 2 2 2 2 2 2 2 2 2 2 2
left_child=1 5 9 8 -2 7 13 -1 -4 -3 -6 12 -12 -7
right_child=4 2 3 -5 10 6 -8 -9 -10 -11 11 -13 -14 -15
leaf_value=-0.12015182241124571 -0.07150328660319609 0.67072246595336726 0.15439477645932834 0.5978889669087194 0.064220135193433961 -0.12121615857023571 0.0095727704797813288 0.052515675453698327 -0.023406880517652252 0.22493879470199624 -0.082297382047240131 -0.0039066222686738204 0.40532793939643591 -0.37638534592484613
leaf_weight=21464 121269 3925 35786 3037 97123 25470 58274 144480 26977 4953 4989 2463222 6744 8538
leaf_count=21464 121269 3925 35786 3037 97123 25470 58274 144480 26977 4953 4989 2463222 6744 8538
internal_value=5.40524e-07 0.0292338 0.140217 0.102064 -0.00361285 -0.00286614 -0.0622805 0.030176 0.0779796 0.422557 -0.000411659 -0.00294822 0.198089 -0.185371
internal_weight=3.02625e+06 332904 74678 65800 2.69335e+06 258226 92282 165944 62763 8878 2.57208e+06 2.47496e+06 11733 34008
internal_count=3026251 332904 74678 65800 2693347 258226 92282 165944 62763 8878 2572078 2474955 11733 34008
is_linear=0
shrinkage=0.02


Tree=124
num_leaves=15
num_cat=0
split_feature=7 21 19 7 0 8 19 7 19 7 4 7 25 22
split_gain=767555 2.89344e+06 1.82268e+06 1.88504e+06 1.59565e+06 1.42689e+06 993128 2.93608e+06 1.05116e+06 2.51109e+06 1.54784e+06 1.57223e+06 1.26251e+06 955505
threshold=10886.141601562502 10875.256347656252 10925.989746093752 10921.998535156252 1891.5000000000002 0.72930297255516063 10806.465332031252 10795.694335937502 10665.117675781252 10676.426269531252 -44.06500053405761 10782.446289062502 0.053068358451128013 10946.284179687502
decision_type=2 2 2 2 2 2 2 2 2 2 2 2 2 2
left_child=1 6 -2 5 -3 -4 7 8 -1 -10 11 12 -11 -7
right_child=2 4 3 -5 -6 13 -8 -9 9 10 -12 -13 -14 -15
leaf_value=-0.049124278890212633 -0.076039786511528332 0.019803775286771193 0.027049182371774699 -0.00093339771689891944 0.35221590895546456 0.60559235145117785 0.063340815120304692 -0.18811213990969269 0.30955403029339018 0.11084946973649219 -0.015438988215903962 -0.22038247029789393 0.48635522414444587 -0.067620293390403818
leaf_weight=59486 131905 8947 5342 2550456 16296 4615 100508 32399 13596 8068 84100 3062 6442 1029
leaf_count=59486 131905 8947 5342 2550456 16296 4615 100508 32399 13596 8068 84100 3062 6442 1029
internal_value=6.20977e-07 0.0286498 -0.00354057 0.000193154 0.234453 0.261493 0.0117569 -0.0132727 0.0191509 0.0543869 0.0202376 0.190899 0.277784 0.482948
internal_weight=3.02625e+06 332904 2.69335e+06 2.56144e+06 25243 10986 307661 207153 174754 115268 101672 17572 14510 5644
internal_count=3026251 332904 2693347 2561442 25243 10986 307661 207153 174754 115268 101672 17572 14510 5644
is_linear=0
shrinkage=0.02


Tree=125
num_leaves=15
num_cat=0
split_feature=17 20 20 4 0 5 0 20 4 0 8 25 4 5
split_gain=761182 750228 982756 969625 731610 720880 743195 1.00083e+06 978530 604144 760257 658209 730087 611288
threshold=0.17631229013204577 12854.678222656252 12821.602050781252 125.25500106811525 8272.5000000000018 -0.027499999850988385 3969.5000000000005 11431.194335937502 -129.57500457763669 1064.5000000000002 -0.96114355325698841 0.040080294013023383 -175.52500152587888 0.082499999552965178
decision_type=2 2 2 2 2 2 2 2 2 2 2 2 2 2
left_child=-1 2 4 -4 5 6 -2 -8 -9 -7 11 12 -11 -12
right_child=1 -3 3 -5 -6 9 7 8 -10 10 13 -13 -14 -15
leaf_value=0.058471380684455711 -0.0076935004995152094 0.15940438081689429 -0.10104134939551576 -0.57802471296135349 -0.16204752540564776 -0.015274378791967138 -0.092237914875220997 0.071086480510302905 -0.12451160364847987 0.42644163893699649 0.011737001584587764 -0.12441271932962907 -0.019961375163507166 0.095350257175560907
leaf_weight=86502 580549 11504 9949 2049 11315 469109 104712 36373 14223 1490 1570180 28857 63677 35762
leaf_count=86502 580549 11504 9949 2049 11315 469109 104712 36373 14223 1490 1570180 28857 63677 35762
internal_value=6.98257e-07 -0.00171999 -0.00235353 -0.182915 -0.00161004 -0.000984554 -0.0180899 -0.0569488 0.0160879 0.00481845 0.0103632 -0.0449097 -0.0096905 0.0135995
internal_weight=3.02625e+06 2.93975e+06 2.92824e+06 11998 2.91625e+06 2.90493e+06 735857 155308 50596 2.16908e+06 1.69997e+06 94024 65167 1.60594e+06
internal_count=3026251 2939749 2928245 11998 2916247 2904932 735857 155308 50596 2169075 1699966 94024 65167 1605942
is_linear=0
shrinkage=0.02


Tree=126
num_leaves=15
num_cat=0
split_feature=17 7 19 20 7 20 7 9 9 8 7 4 23 22
split_gain=740027 755120 6.19113e+06 2.32947e+06 2.43854e+06 4.55901e+06 3.24126e+06 2.27156e+06 2.08581e+06 2.02387e+06 1.81852e+06 1.61712e+06 1.37142e+06 1.48361e+06
threshold=0.25187316536903387 11203.908691406252 11199.422363281252 11161.575195312502 11008.638671875002 10983.823242187502 10993.161621093752 -0.65655234456062306 -0.70585528016090382 -0.93786895275115956 11210.404785156252 -117.84499740600585 10963.493164062502 10927.595703125002
decision_type=2 2 2 2 2 2 2 2 2 2 2 2 2 2
left_child=-1 3 10 4 6 7 -2 -6 -8 -7 -3 -11 13 -9
right_child=1 2 -4 -5 5 9 8 12 -10 11 -12 -13 -14 -15
leaf_value=0.02982091616102359 0.0042788448709663108 -0.085329739728136733 -0.0035974544525377624 0.067207643708062981 0.13185051556011435 0.21472193750837976 0.59042702623763965 0.25051128858523458 0.14223423889238057 -0.21774069986359024 -0.28828455350532506 -0.028421179188534106 -0.31907285006285424 -0.83019616540015972
leaf_weight=299881 627081 32849 1552961 223125 3479 12410 4932 569 26110 20231 38211 166570 13400 4442
leaf_count=299881 627081 32849 1552961 223125 3479 12410 4932 569 26110 20231 38211 166570 13400 4442
internal_value=6.57124e-07 -0.00327945 -0.0119512 0.00949611 -0.00515021 -0.0626137 0.0141557 -0.336516 0.213612 -0.0325008 -0.19449 -0.0489356 -0.425045 -0.707223
internal_weight=3.02625e+06 2.72637e+06 1.62402e+06 1.10235e+06 879224 221101 658123 21890 31042 199211 71060 186801 18411 5011
internal_count=3026251 2726370 1624021 1102349 879224 221101 658123 21890 31042 199211 71060 186801 18411 5011
is_linear=0
shrinkage=0.02


Tree=127
num_leaves=15
num_cat=0
split_feature=9 24 19 8 13 17 4 4 17 17 24 8 22 4
split_gain=735529 721578 740344 1.53622e+06 741691 656916 639530 621435 1.12089e+06 683390 484685 504985 484089 479500
threshold=0.8301217555999757 12829.062011718752 13490.410644531252 0.82309290766716015 -9.0999999046325666 0.58013522624969494 -58.745000839233391 -87.395000457763658 0.48025463521480566 0.20733474940061572 11430.236328125002 -1.0000000180025095e-35 11532.597656250002 -253.69499969482419
decision_type=2 2 2 2 2 2 2 2 2 2 2 2 2 2
left_child=1 2 4 -4 5 -1 -3 8 9 -6 11 -11 -2 -10
right_child=12 6 3 -5 7 -7 -8 -9 13 10 -12 -13 -14 -15
leaf_value=0.0092411337526206137 -0.43684304029661419 0.37117632452352156 -0.060819581819509944 -0.74557253490849418 0.10436892515660898 0.060409941656178252 0.055711419701584532 -0.00067267818292174395 -0.26272046918912012 -0.038887742731361072 0.016905611364885369 0.84493414919349208 -0.091757314123996153 -0.07414038872061908
leaf_weight=736868 2298 3765 7536 1577 20044 116175 8071 1743217 5695 169374 106430 249 5530 99422
leaf_count=736868 2298 3765 7536 1577 20044 116175 8071 1743217 5695 169374 106430 249 5530 99422
internal_value=6.21378e-07 0.000503072 -0.000110725 -0.180005 0.000436787 0.0162104 0.15629 -0.00583791 -0.0282795 -0.00836054 -0.0165493 -0.0375405 -0.193492 -0.0843814
internal_weight=3.02625e+06 3.01842e+06 3.00659e+06 9113 2.99747e+06 853043 11836 2.14443e+06 401214 296097 276053 169623 7828 105117
internal_count=3026251 3018423 3006587 9113 2997474 853043 11836 2144431 401214 296097 276053 169623 7828 105117
is_linear=0
shrinkage=0.02


Tree=128
num_leaves=15
num_cat=0
split_feature=7 19 19 7 0 6 24 19 24 7 20 7 7 7
split_gain=726832 2.77323e+06 1.74199e+06 1.80797e+06 1.31289e+06 1.13046e+06 1.048e+06 1.48193e+06 1.00752e+06 2.438e+06 1.06266e+06 1.67846e+06 1.15485e+06 1.00974e+06
threshold=10886.141601562502 10876.600097656252 10925.989746093752 10921.998535156252 1891.5000000000002 52.396627426147468 10950.812500000002 10949.830566406252 10844.620117187502 10978.528808593752 10874.979980468752 10918.357421875002 10913.314453125002 10937.899902343752
decision_type=2 2 2 2 2 2 2 2 2 2 2 2 2 2
left_child=1 5 8 6 -3 -1 7 -4 9 13 11 -10 -12 -2
right_child=2 4 3 -5 -6 -7 -8 -9 10 -11 12 -13 -14 -15
leaf_value=-0.11699852961723844 0.41003607673483294 0.020014069820340812 0.10488009996488104 -0.00089851593559845246 0.34121995152540108 0.023345710557169431 -0.042069262599937415 0.66020841481089909 -0.37501673590711376 -0.57845863582825785 0.042351675641041656 -0.021530848438291811 -0.10964864011882094 0.038841739387487181
leaf_weight=24962 4942 7500 3832 2550456 15840 284602 3298 3856 12199 1900 28363 9599 67712 7190
leaf_count=24962 4942 7500 3832 2550456 15840 284602 3298 3856 12199 1900 28363 9599 67712 7190
internal_value=5.92287e-07 0.0278794 -0.00344538 0.000204765 0.238058 0.0120254 0.256107 0.383909 -0.0743217 0.0858356 -0.0933932 -0.219437 -0.0647756 0.190263
internal_weight=3.02625e+06 332904 2.69335e+06 2.56144e+06 23340 309564 10986 7688 131905 14032 117873 21798 96075 12132
internal_count=3026251 332904 2693347 2561442 23340 309564 10986 7688 131905 14032 117873 21798 96075 12132
is_linear=0
shrinkage=0.02


Tree=129
num_leaves=15
num_cat=0
split_feature=21 24 24 4 9 19 4 9 24 21 4 21 20 9
split_gain=751671 1.26204e+06 1.1914e+06 1.9277e+06 2.04471e+06 2.00724e+06 1.36725e+06 994242 1.92567e+06 1.31813e+06 964063 958683 2.64676e+06 900818
threshold=12766.390136718752 12709.879394531252 12220.252441406252 -170.61000061035153 0.50712648034095775 12371.182617187502 -239.11000061035153 -0.63597059249877919 12698.917480468752 12236.303710937502 83.064998626708999 12201.887695312502 12203.279785156252 -0.59070801734924305
decision_type=2 2 2 2 2 2 2 2 2 2 2 2 2 2
left_child=1 2 6 5 7 -4 -1 8 -5 10 -9 12 -8 -2
right_child=13 -3 3 4 -6 -7 11 9 -10 -11 -12 -13 -14 -15
leaf_value=-0.13937487673886581 0.24779758283227601 -0.080933735033171944 0.54964496113040395 0.10013056066671917 -0.073919923938880319 0.096488366048712637 -0.0020084282826132128 0.094366663284207508 0.6084428331166255 0.020842535410982146 0.39997555276797048 -0.089382257623652234 0.37793822351238954 0.036640487565719887
leaf_weight=29589 9336 77933 5586 28978 68477 12996 2431158 12432 3314 223226 6179 49931 7346 59770
leaf_count=29589 9336 77933 5586 28978 68477 12996 2431158 12432 3314 223226 6179 49931 7346 59770
internal_value=6.06633e-07 -0.00152324 0.000626471 0.0345951 0.0238311 0.232937 -0.00424614 0.048251 0.152469 0.0343292 0.195993 -0.00263882 -0.000862285 0.0651992
internal_weight=3.02625e+06 2.95714e+06 2.87921e+06 361188 342606 18582 2.51802e+06 274129 32292 241837 18611 2.48844e+06 2.4385e+06 69106
internal_count=3026251 2957145 2879212 361188 342606 18582 2518024 274129 32292 241837 18611 2488435 2438504 69106
is_linear=0
shrinkage=0.02


Tree=130
num_leaves=15
num_cat=0
split_feature=17 7 24 7 24 7 22 7 22 24 7 4 24 7
split_gain=716041 717365 4.57228e+06 3.32582e+06 2.13576e+06 1.8669e+06 4.62277e+06 3.39616e+06 2.23899e+06 2.69938e+06 3.51485e+06 2.04448e+06 1.3924e+06 1.25123e+06
threshold=0.13067046552896502 11200.229980468752 11205.495117187502 11228.336914062502 11169.787597656252 11008.638671875002 10991.551269531252 10993.161621093752 10931.327636718752 10950.812500000002 11019.284667968752 125.25500106811525 11044.612792968752 11128.710937500002
decision_type=2 2 2 2 2 2 2 2 2 2 2 2 2 2
left_child=-1 4 3 -3 5 7 8 -2 -7 -10 -11 12 -9 -6
right_child=1 2 -4 -5 13 6 -8 11 9 10 -12 -13 -14 -15
leaf_value=0.084733328241561726 0.0060616247674286552 -0.085944083714526359 -0.00039455702256216912 -0.39278971302849847 -0.13583273656433537 0.19234069656605454 -0.01303702728506638 0.15899075593491596 -0.80493502213051416 0.061555908548710583 -0.41200504128551169 0.52534240682838895 -0.66161609139839339 0.086283581919714275
leaf_weight=39364 680374 107518 1705709 16259 10761 3896 221293 27508 3935 9675 17787 6588 843 174741
leaf_count=39364 680374 107518 1705709 16259 10761 3896 221293 27508 3935 9675 17787 6588 843 174741
internal_value=7.36918e-07 -0.00111622 -0.00891215 -0.126279 0.0112066 -0.000662997 -0.0469438 0.0159385 -0.259481 -0.315591 -0.245205 0.208216 0.134365 0.0733918
internal_weight=3.02625e+06 2.98689e+06 1.82949e+06 123777 1.1574e+06 971899 256586 715313 35293 31397 27462 34939 28351 185502
internal_count=3026251 2986887 1829486 123777 1157401 971899 256586 715313 35293 31397 27462 34939 28351 185502
is_linear=0
shrinkage=0.02


Tree=131
num_leaves=15
num_cat=0
split_feature=17 24 20 4 19 8 24 4 19 22 4 8 19 25
split_gain=687695 688951 781664 914625 718554 1.44863e+06 831267 1.48119e+06 1.82348e+06 1.42333e+06 1.29513e+06 829007 782020 935725
threshold=0.13067046552896502 12829.062011718752 12821.602050781252 129.87500000000003 13490.410644531252 0.82309290766716015 12220.252441406252 -170.61000061035153 12371.182617187502 12209.860839843752 -278.60499572753901 -0.79123097658157338 12240.196777343752 0.052646620199084289
decision_type=2 2 2 2 2 2 2 2 2 2 2 2 2 2
left_child=-1 2 4 -4 6 -6 10 8 -8 -9 -2 -10 13 -11
right_child=1 -3 3 -5 5 -7 7 9 11 12 -12 -13 -14 -15
leaf_value=0.083039092274861809 -0.23713472550667053 0.15220942518131025 -0.090113164209224855 -0.58160549164917064 -0.060140626204370502 -0.7291208633778602 0.53343171969365311 0.42445998062274615 0.029561074513937868 0.052670942462005897 -0.0041546335465274678 0.53147318380370101 0.0046794798145136322 0.30086266779573362
leaf_weight=39364 9571 11670 11921 1726 7044 1577 4810 3389 12534 37684 2478882 1461 397382 7236
leaf_count=39364 9571 11670 11921 1726 7044 1577 4810 3389 12534 37684 2478882 1461 397382 7236
internal_value=6.29929e-07 -0.001094 -0.00169583 -0.152656 -0.00099968 -0.183219 -0.000467073 0.0240936 0.197916 0.0167552 -0.00505167 0.0823014 0.0136217 0.0927098
internal_weight=3.02625e+06 2.98689e+06 2.97522e+06 13647 2.96157e+06 8621 2.95295e+06 464496 18805 445691 2.48845e+06 13995 442302 44920
internal_count=3026251 2986887 2975217 13647 2961570 8621 2952949 464496 18805 445691 2488453 13995 442302 44920
is_linear=0
shrinkage=0.02


Tree=132
num_leaves=15
num_cat=0
split_feature=21 22 23 9 8 9 13 20 21 20 0 20 22 8
split_gain=715136 1.43201e+06 1.33676e+06 1.87406e+06 928857 859282 751592 714228 1.2199e+06 1.09995e+06 782833 594229 592159 1.13001e+06
threshold=12766.390136718752 12710.747558593752 12679.257324218752 -0.63350945711135853 0.90276649594306957 -0.59070801734924305 2.1000000238418584 12796.067382812502 12803.990234375002 12854.678222656252 2643.5000000000005 12796.067382812502 12783.526367187502 0.82309290766716015
decision_type=2 2 2 2 2 2 2 2 2 2 2 2 2 2
left_child=1 2 6 -4 -5 -2 -1 8 -7 10 -9 12 -3 -14
right_child=5 11 3 4 -6 7 -8 9 -10 -11 -12 -13 13 -15
leaf_value=0.0090576216440927393 0.24193395125868883 -0.053674080900522586 0.52281055979573865 -0.0050563800310546728 0.46167796797047655 0.058622957712156483 -0.011525837854060033 -0.0050858050599059158 0.45144982988153215 0.1521590574498223 -0.23301810665528197 -0.3196033733706336 -0.11569328767708469 -0.71463032629329148
leaf_weight=1556865 9336 65368 4517 12746 1959 19777 1303839 16087 3755 10522 9629 4130 6144 1577
leaf_count=1556865 9336 65368 4517 12746 1959 19777 1303839 16087 3755 10522 9629 4130 6144 1577
internal_value=6.44713e-07 -0.0014857 0.0007934 0.166977 0.0573921 0.0635949 -0.000323817 0.0357025 0.121472 -0.0200118 -0.0904901 -0.0864755 -0.0732601 -0.238794
internal_weight=3.02625e+06 2.95714e+06 2.87993e+06 19222 14705 69106 2.8607e+06 59770 23532 36238 25716 77219 73089 7721
internal_count=3026251 2957145 2879926 19222 14705 69106 2860704 59770 23532 36238 25716 77219 73089 7721
is_linear=0
shrinkage=0.02


Tree=133
num_leaves=15
num_cat=0
split_feature=16 17 8 0 19 19 0 19 19 8 19 8 16 8
split_gain=672940 742604 578847 1.07582e+06 699104 741118 1.02534e+06 718127 893326 713021 765062 528236 489053 440809
threshold=-22.100000381469723 0.30362538993358618 -0.70835387706756581 2424.5000000000005 12306.427734375002 12206.624511718752 5678.5000000000009 11430.187011718752 11911.125976562502 -0.79909458756446827 12261.801757812502 -0.78062468767166127 10.700000286102297 -0.85837611556053151
decision_type=2 2 2 2 2 2 2 2 2 2 2 2 2 2
left_child=-1 12 3 -3 5 7 9 -5 -9 10 -7 13 -2 -6
right_child=1 2 -4 4 11 6 -8 8 -10 -11 -12 -13 -14 -15
leaf_value=0.035352769677601502 0.0041045261361766219 0.001929623901656361 0.00034760380525227598 -0.061568001052563888 0.043674758571138943 -0.1683190201847494 0.59998594187726884 0.07453274012171901 -0.047744068211259288 -0.31731540315568912 0.18798896104794569 0.18801390733914727 0.042097799749563583 -0.094594862814293065
leaf_weight=201060 391460 430856 1354734 266700 30187 11265 683 39958 59434 9273 3057 7046 207270 13268
leaf_count=201060 391460 430856 1354734 266700 30187 11265 683 39958 59434 9273 3057 7046 207270 13268
internal_value=6.60575e-07 -0.00251535 -0.00783268 -0.0205454 -0.0425094 -0.0515679 -0.158558 -0.0444684 0.00141653 -0.180761 -0.0921864 0.0275077 0.0172577 0.00144475
internal_weight=3.02625e+06 2.82519e+06 2.22646e+06 871727 440871 390370 24278 366092 99392 23595 14322 50501 598730 43455
internal_count=3026251 2825191 2226461 871727 440871 390370 24278 366092 99392 23595 14322 50501 598730 43455
is_linear=0
shrinkage=0.02


Tree=134
num_leaves=15
num_cat=0
split_feature=7 19 19 7 0 6 22 7 19 22 5 7 7 19
split_gain=695103 2.66345e+06 1.67562e+06 1.31688e+06 1.26233e+06 1.08443e+06 972493 2.23008e+06 909673 1.97928e+06 811442 1.35684e+06 780491 757202
threshold=10886.141601562502 10876.600097656252 10917.446777343752 10921.998535156252 1891.5000000000002 52.396627426147468 10851.587890625002 10978.528808593752 10946.882324218752 10946.284179687502 0.077500000596046462 11019.284667968752 10937.899902343752 10987.022460937502
decision_type=2 2 2 2 2 2 2 2 2 2 2 2 2 2
left_child=1 5 6 8 -3 -1 7 12 -4 -10 13 -12 -2 -5
right_child=2 4 3 10 -6 -7 -8 -9 9 -11 11 -13 -14 -15
leaf_value=-0.11464254408275988 0.30907575765815692 0.019436445724442922 0.036668164784525045 -0.039202209011030602 0.33439711236791447 0.022814580706621197 -0.10611473969567603 -0.5601875608848188 0.60965165552328826 -0.045442584927362341 0.29686374818909611 0.028922033498890058 0.020110763573780912 0.00046895443583203073
leaf_weight=24962 6351 7500 8331 209950 15840 284602 91792 2058 4458 3140 9257 41052 9074 2307884
leaf_count=24962 6351 7500 8331 209950 15840 284602 91792 2058 4458 3140 9257 41052 9074 2307884
internal_value=6.80202e-07 0.0272642 -0.00336924 -0.000125096 0.233241 0.0117272 -0.0800776 0.0566083 0.181105 0.339217 -0.00124989 0.0782737 0.139212 -0.00283917
internal_weight=3.02625e+06 332904 2.69335e+06 2.58407e+06 23340 309564 109275 17483 15929 7598 2.56814e+06 50309 15425 2.51783e+06
internal_count=3026251 332904 2693347 2584072 23340 309564 109275 17483 15929 7598 2568143 50309 15425 2517834
is_linear=0
shrinkage=0.02


Tree=135
num_leaves=15
num_cat=0
split_feature=9 21 7 7 4 9 7 17 9 7 23 7 0 6
split_gain=705406 672116 1.12115e+06 1.05947e+06 1.2172e+06 802618 819797 719130 748984 972931 1.32338e+06 1.32831e+06 1.19021e+06 823827
threshold=0.8301217555999757 12778.339355468752 12764.483398437502 12683.662597656252 -80.75500106811522 -0.59070801734924305 12793.913574218752 0.26572883129119879 -0.31321409344673151 10689.769531250002 10610.922851562502 10640.863281250002 7388.5000000000009 88.658889770507827
decision_type=2 2 2 2 2 2 2 2 2 2 2 2 2 2
left_child=1 2 7 4 -3 6 -5 -1 9 10 -9 -12 -11 -13
right_child=-2 3 -4 5 -6 -7 -8 8 -10 12 11 13 -14 -15
leaf_value=0.02707799369410652 -0.1894882329244254 0.67441788283378024 -0.098477071728758261 0.5600361303616237 0.13250041889381756 0.00068921575356310067 0.078792763374730387 -0.022362066241421171 -0.012962313211556328 0.0060560265125066083 0.47333234532801949 0.044354704662492174 -0.2994956897004854 0.27871097657352556
leaf_weight=362707 7828 2220 46282 2135 6491 42572 4178 24343 1385131 1104518 4965 19007 5113 8761
leaf_count=362707 7828 2220 46282 2135 6491 42572 4178 24343 1385131 1104518 4965 19007 5113 8761
internal_value=7.20859e-07 0.000492776 -0.000823617 0.0681531 0.271225 0.0319184 0.242176 0.000727413 -0.00301803 0.00878796 0.0893097 0.17234 0.00464539 0.11837
internal_weight=3.02625e+06 3.01842e+06 2.96083e+06 57596 8711 48885 6313 2.91454e+06 2.55184e+06 1.16671e+06 57076 32733 1.10963e+06 27768
internal_count=3026251 3018423 2960827 57596 8711 48885 6313 2914545 2551838 1166707 57076 32733 1109631 27768
is_linear=0
shrinkage=0.02


Tree=136
num_leaves=15
num_cat=0
split_feature=9 21 7 23 7 20 7 7 9 7 7 20 7 7
split_gain=677508 652224 1.4532e+06 928356 960251 908499 965844 896004 1.07277e+06 884073 873880 801376 5.3382e+06 2.17469e+06
threshold=0.8301217555999757 12766.390136718752 12764.483398437502 12765.777343750002 12832.255859375002 12796.067382812502 12719.121582031252 12683.662597656252 -0.59070801734924305 12764.483398437502 12778.510742187502 12175.379394531252 12202.979980468752 12035.318359375002
decision_type=2 2 2 2 2 2 2 2 2 2 2 2 2 2
left_child=1 2 5 4 -4 11 -7 -3 9 -9 -10 13 -13 -1
right_child=-2 7 3 -5 -6 6 -8 8 10 -11 -12 12 -14 -15
leaf_value=0.0023926359843765808 -0.18570330383933553 0.24039616346882414 -0.054669044949075769 -0.36994082229748537 -0.48013434249824366 -0.048352551859171762 -0.61457604076741845 0.51317730770354608 -0.10328182439235951 0.089413364216343771 0.065587076896789942 0.19579191267474713 -0.0012386295901296793 -0.06403585378263689
leaf_weight=2208801 7828 9601 30849 5254 2269 3136 1949 3025 20584 5624 30272 63344 417280 216435
leaf_count=2208801 7828 9601 30849 5254 2269 3136 1949 3025 20584 5624 30272 63344 417280 216435
internal_value=8.1623e-07 0.000483043 -0.000940148 -0.1232 -0.0839555 0.00067189 -0.266161 0.0612139 0.0322673 0.238049 -0.0027692 0.00113975 0.0247326 -0.00353586
internal_weight=3.02625e+06 3.01842e+06 2.94932e+06 38372 33118 2.91094e+06 5085 69106 59505 8649 50856 2.90586e+06 480624 2.42524e+06
internal_count=3026251 3018423 2949317 38372 33118 2910945 5085 69106 59505 8649 50856 2905860 480624 2425236
is_linear=0
shrinkage=0.02


Tree=137
num_leaves=15
num_cat=0
split_feature=0 7 7 19 7 19 7 19 7 9 9 8 24 0
split_gain=652056 745045 726880 5.13115e+06 2.47243e+06 2.03694e+06 2.18611e+06 4.45953e+06 3.17849e+06 2.59152e+06 1.99457e+06 1.95762e+06 1.36642e+06 1.29895e+06
threshold=8272.5000000000018 10676.426269531252 11200.229980468752 11204.311523437502 11221.080078125002 11164.829101562502 11008.638671875002 10975.288574218752 10993.161621093752 -0.65655234456062306 -0.71208626031875599 -0.93786895275115956 11044.612792968752 2248.5000000000005
decision_type=2 2 2 2 2 2 2 2 2 2 2 2 2 2
left_child=2 -2 5 4 -4 6 8 9 -1 -8 -10 -9 -12 -6
right_child=1 -3 3 -5 13 -7 7 11 10 -11 12 -13 -14 -15
leaf_value=0.0084183846357495234 0.32640895337399017 -0.20550420889560733 -0.087661589176639507 0.0015368997615015909 -0.14230320127664506 0.069838148902355845 0.18586464161131619 0.21240863091454926 0.57350750200854761 -0.49089682364885634 0.16491157258424763 -0.043606895705455166 -0.64725059138093444 -0.43700503392799639
leaf_weight=680960 1165 10235 94961 1737046 10359 207130 2725 12671 4987 13216 29354 206403 843 14196
leaf_count=680960 1165 10235 94961 1737046 10359 207130 2725 12671 4987 13216 29354 206403 843 14196
internal_value=7.45458e-07 -0.150906 0.000571872 -0.0071849 -0.133937 0.0130048 0.00062778 -0.0522996 0.0179973 -0.375164 0.203335 -0.0287901 0.142031 -0.312789
internal_weight=3.02625e+06 11400 3.01485e+06 1.85656e+06 119516 1.15829e+06 951159 235015 716144 15941 35184 219074 30197 24555
internal_count=3026251 11400 3014851 1856562 119516 1158289 951159 235015 716144 15941 35184 219074 30197 24555
is_linear=0
shrinkage=0.02


Tree=138
num_leaves=15
num_cat=0
split_feature=7 20 7 21 19 7 7 20 19 7 7 23 7 8
split_gain=644159 2.6399e+06 1.93365e+06 2.09371e+06 1.60996e+06 1.26773e+06 1.18658e+06 1.88579e+06 1.33315e+06 2.06636e+06 1.12179e+06 1.04664e+06 2.22726e+06 1.01913e+06
threshold=10886.141601562502 10843.401367187502 10833.810546875002 10948.634765625002 10917.446777343752 10918.357421875002 10789.720703125002 10800.633300781252 10665.117675781252 10640.863281250002 10863.726074218752 10845.220703125002 10978.528808593752 0.73663246631622326
decision_type=2 2 2 2 2 2 2 2 2 2 2 2 2 2
left_child=1 6 13 10 11 -6 8 -8 -1 -10 -4 12 -2 -3
right_child=4 2 3 -5 5 -7 7 -9 9 -11 -12 -13 -14 -15
leaf_value=-0.047901751735632873 0.17439030222814161 0.64828590196969405 0.14464584880815201 0.65498026784360652 0.21933394301708808 -0.00095787550536232714 -0.17985533017141031 0.0075419363520940934 0.46585899990073465 0.050668520898125423 -0.025258121118297783 -0.10279196123948074 -0.55613257644698988 0.21642933904205283
leaf_weight=59486 12743 3925 35786 2544 10482 2573590 34008 58274 5023 101435 27470 94621 1911 4953
leaf_count=59486 12743 3925 35786 2544 10482 2573590 34008 58274 5023 101435 27470 94621 1911 4953
internal_value=6.96764e-07 0.0262461 0.130967 0.0935491 -0.00324338 -6.34332e-05 -0.00404254 -0.06153 0.0279281 0.0703005 0.0708695 -0.0784338 0.0788086 0.407872
internal_weight=3.02625e+06 332904 74678 65800 2.69335e+06 2.58407e+06 258226 92282 165944 106458 63256 109275 14654 8878
internal_count=3026251 332904 74678 65800 2693347 2584072 258226 92282 165944 106458 63256 109275 14654 8878
is_linear=0
shrinkage=0.02


Tree=139
num_leaves=15
num_cat=0
split_feature=13 24 7 7 5 20 7 7 7 19 25 7 24 7
split_gain=633697 519876 2.24666e+06 1.77826e+06 1.09668e+06 552359 1.51646e+06 1.16644e+06 836500 833995 528650 512163 2.25348e+06 580860
threshold=1.0000000180025095e-35 12220.252441406252 12219.075683593752 12224.289062500002 0.057499999180436141 12302.967773437502 12292.634765625002 12535.256835937502 12253.122558593752 12530.458496093752 0.076020844280719771 12683.662597656252 12677.822265625002 12545.775390625002
decision_type=2 2 2 2 2 2 2 2 2 2 2 2 2 2
left_child=11 3 10 -2 -5 6 -4 8 -7 -10 -3 12 13 -1
right_child=1 2 5 4 -6 7 -8 -9 9 -11 -12 -13 -14 -15
leaf_value=0.012129605352500747 -0.011826320791139712 0.19179158176493583 -0.035179835100353676 -0.18879451001412084 -0.93828442394517209 0.5626675449790477 -0.53479046480815107 -0.017066847831115835 0.02317368561478847 0.18145853746506876 0.51092323066085377 -0.043230301764503043 0.30817293517498145 -0.057257554331293412
leaf_weight=1371906 1243221 14928 31710 14321 817 1428 2622 151014 41021 19707 2409 70959 10180 50008
leaf_count=1371906 1243221 14928 31710 14321 817 1428 2622 151014 41021 19707 2409 70959 10180 50008
internal_value=7.93426e-07 -0.0090905 0.0163781 -0.0144508 -0.229839 0.000956628 -0.0734812 0.0129482 0.0858639 0.0745609 0.236405 0.00921395 0.0118128 0.00968889
internal_weight=3.02625e+06 1.5232e+06 264839 1.25836e+06 15138 247502 34332 213170 62156 60728 17337 1.50305e+06 1.43209e+06 1.42191e+06
internal_count=3026251 1523198 264839 1258359 15138 247502 34332 213170 62156 60728 17337 1503053 1432094 1421914
is_linear=0
shrinkage=0.02


Tree=140
num_leaves=15
num_cat=0
split_feature=9 21 22 24 21 4 9 24 24 24 4 22 9 4
split_gain=650490 633165 1.31406e+06 1.25849e+06 1.63802e+06 790891 1.16765e+06 1.15406e+06 815798 775823 1.83679e+06 1.67535e+06 1.56471e+06 1.25655e+06
threshold=0.8301217555999757 12766.390136718752 12710.747558593752 12698.917480468752 12688.952636718752 -68.384998321533189 -0.58503037691116322 12726.564453125002 12829.062011718752 12220.252441406252 -170.61000061035153 12418.282714843752 0.50712648034095775 -239.11000061035153
decision_type=2 2 2 2 2 2 2 2 2 2 2 2 2 2
left_child=1 2 3 9 -5 7 -7 -3 -9 13 11 -11 -12 -1
right_child=-2 5 -4 4 -6 6 -8 8 -10 10 12 -13 -14 -15
leaf_value=-0.13300039427987403 -0.18196278641047745 0.56755353924581942 -0.082340501353497575 0.54970328449358374 0.038727826726579859 0.22754484405797545 -0.016334088895575222 -0.0036044619183842018 0.36274372020419554 0.49474904744720688 0.039321962755804636 0.089626925307390942 -0.068740858809366964 -0.0019143343117024715
leaf_weight=29589 7828 2665 77219 3801 7353 9485 45396 8095 3465 6051 264990 12531 67176 2480607
leaf_count=29589 7828 2665 77219 3801 7353 9485 45396 8095 3465 6051 264990 12531 67176 2480607
internal_value=7.74907e-07 0.000473288 -0.000928954 0.00126014 0.213193 0.0603102 0.0258485 0.193153 0.106422 0.000433126 0.0282947 0.221746 0.0174663 -0.00346005
internal_weight=3.02625e+06 3.01842e+06 2.94932e+06 2.8721e+06 11154 69106 54881 14225 11560 2.86094e+06 350748 18582 332166 2.5102e+06
internal_count=3026251 3018423 2949317 2872098 11154 69106 54881 14225 11560 2860944 350748 18582 332166 2510196
is_linear=0
shrinkage=0.02


Tree=141
num_leaves=15
num_cat=0
split_feature=9 13 8 7 21 7 24 7 23 7 1 24 7 7
split_gain=624764 615926 494265 501762 6.9086e+06 3.73061e+06 2.2613e+06 2.19428e+06 1.79617e+06 1.52553e+06 985457 850303 4.44767e+06 1.5919e+06
threshold=0.8301217555999757 -9.0999999046325666 -0.70459485054016102 11434.893066406252 11442.359863281252 11577.411621093752 11397.258789062502 11408.011230468752 11565.328613281252 11512.223632812502 39.409135818481452 11353.534179687502 11346.886718750002 11203.908691406252
decision_type=2 2 2 2 2 2 2 2 2 2 2 2 2 2
left_child=1 -1 -3 4 11 6 -5 -6 10 -10 -8 13 -13 -4
right_child=-2 2 3 5 7 -7 8 -9 9 -11 -12 12 -14 -15
leaf_value=0.014792121620934962 -0.17832817377639285 -0.01691519820831543 0.015877915447809782 -0.85133481187163162 1.0720954806906147 0.0061381248868831997 0.75565952154433169 0.33920099135531628 -0.26406189240666067 -0.91417176769394082 -0.10177097563243788 0.60335550127465598 0.024086807272872171 -0.06656116618188615
leaf_weight=858669 7828 867034 516069 1818 2856 531341 532 3835 6535 1849 50791 5838 56789 114467
leaf_count=858669 7828 867034 516069 1818 2856 531341 532 3835 6535 1849 50791 5838 56789 114467
internal_value=8.83747e-07 0.00046396 -0.00523262 0.00260299 0.0140713 -0.0109348 -0.158357 0.653167 -0.137118 -0.408357 -0.0927372 0.00789281 0.0781734 0.000911141
internal_weight=3.02625e+06 3.01842e+06 2.15975e+06 1.29272e+06 699854 592866 61525 6691 59707 8384 51323 693163 62627 630536
internal_count=3026251 3018423 2159754 1292720 699854 592866 61525 6691 59707 8384 51323 693163 62627 630536
is_linear=0
shrinkage=0.02


Tree=142
num_leaves=15
num_cat=0
split_feature=17 21 20 20 21 20 9 9 17 16 20 9 9 17
split_gain=630872 648669 910407 772018 841433 787574 706704 655067 566086 559383 601358 596254 870937 855308
threshold=0.11005010083317758 12766.390136718752 12752.619628906252 12796.067382812502 12803.990234375002 12854.678222656252 -0.32445363700389857 -0.58503037691116322 0.31349202990531927 -18.100000381469723 10975.904785156252 0.59157848358154308 0.33791807293891912 0.5293240249156953
decision_type=2 2 2 2 2 2 2 2 2 2 2 2 2 2
left_child=-1 2 6 4 -3 7 -2 -5 -8 -10 -11 12 -12 -13
right_child=1 3 -4 5 -6 -7 8 -9 9 10 11 13 -14 -15
leaf_value=0.095099834951206538 0.0099708510135931641 0.098077939211415846 -0.10284429596839008 0.1847778584897263 0.42067399302770997 0.14619677391691754 0.011872616752486442 -0.087100720089323805 0.016801959946371587 -0.051905090676851375 -0.016228874647254754 -0.021548970371356852 0.042762060570848359 -0.11049544359184804
leaf_weight=27638 1288778 23568 35573 4108 3741 11416 367820 25474 174517 212738 392256 272840 134403 51381
leaf_count=27638 1288778 23568 35573 4108 3741 11416 367820 25474 174517 212738 392256 272840 134403 51381
internal_value=8.95047e-07 -0.000875933 -0.00229626 0.0600459 0.142408 0.00516204 -0.00106028 -0.0492951 -0.00991278 -0.0163847 -0.0218301 -0.0143102 -0.00117387 -0.0356478
internal_weight=3.02625e+06 2.99861e+06 2.93031e+06 68307 27309 40998 2.89473e+06 29582 1.60596e+06 1.23814e+06 1.06362e+06 850880 526659 324221
internal_count=3026251 2998613 2930306 68307 27309 40998 2894733 29582 1605955 1238135 1063618 850880 526659 324221
is_linear=0
shrinkage=0.02


Tree=143
num_leaves=15
num_cat=0
split_feature=0 16 21 22 24 21 20 24 22 25 21 21 20 20
split_gain=621858 601042 645053 962416 1.19171e+06 1.55929e+06 948322 829354 1.25255e+06 1.30636e+06 1.61036e+06 907643 2.30826e+06 689354
threshold=8272.5000000000018 -22.100000381469723 12778.339355468752 12710.747558593752 12698.917480468752 12688.952636718752 12796.067382812502 12220.252441406252 12209.860839843752 0.076020844280719771 12341.518066406252 12201.887695312502 12203.279785156252 12854.678222656252
decision_type=2 2 2 2 2 2 2 2 2 2 2 2 2 2
left_child=1 -1 3 4 7 -6 -4 11 -9 -10 -11 12 -3 -8
right_child=-2 2 6 -5 5 -7 13 8 9 10 -12 -13 -14 -15
leaf_value=0.034028558844688077 -0.14737022893192733 -0.0054263354247440212 0.1938925217694733 -0.070618464439239817 0.54019253795000455 0.030143892353673606 -0.041687548393872176 0.41051070528516775 0.012366757544344931 0.47218890871019265 0.07903146513300395 -0.093932148608062968 0.36268785231148198 0.15083832234596592
leaf_weight=200341 11400 2288110 16335 82068 3717 6725 27069 3377 299287 5305 19326 46120 6824 10247
leaf_count=200341 11400 2288110 16335 82068 3717 6725 27069 3377 299287 5305 19326 46120 6824 10247
internal_value=9.19446e-07 0.000558665 -0.00182388 -0.00315872 -0.00109175 0.212049 0.0668542 -0.00192663 0.0278933 0.0238918 0.163867 -0.00609577 -0.00433016 0.0112059
internal_weight=3.02625e+06 3.01485e+06 2.81451e+06 2.76086e+06 2.67879e+06 10442 53651 2.66835e+06 327295 323918 24631 2.34105e+06 2.29493e+06 37316
internal_count=3026251 3014851 2814510 2760859 2678791 10442 53651 2668349 327295 323918 24631 2341054 2294934 37316
is_linear=0
shrinkage=0.02


Tree=144
num_leaves=15
num_cat=0
split_feature=7 19 0 20 7 20 7 9 9 8 7 24 22 7
split_gain=627346 5.97819e+06 2.50101e+06 2.06111e+06 2.42209e+06 4.34697e+06 3.09857e+06 2.16489e+06 1.91016e+06 1.90808e+06 1.7056e+06 1.57333e+06 1.57901e+06 1.36831e+06
threshold=11203.908691406252 11199.422363281252 1969.5000000000002 11161.575195312502 11008.638671875002 10983.823242187502 10993.161621093752 -0.65655234456062306 -0.71208626031875599 -0.93786895275115956 11210.404785156252 10954.306640625002 10927.595703125002 11059.523925781252
decision_type=2 2 2 2 2 2 2 2 2 2 2 2 2 2
left_child=3 2 -2 4 6 7 -1 -6 -8 -7 -4 12 -9 -13
right_child=1 -3 10 -5 5 9 8 11 -10 -11 -12 13 -14 -15
leaf_value=0.0068741746061556407 -0.037065496703791452 7.5175848587411614e-05 -0.13466698672781319 0.063323100319570585 0.12024874843996436 0.20880509236315764 0.5615282783137695 0.25198544805339879 0.13928086454466082 -0.044150645224841571 -0.38169941707350452 -0.24945569509866747 -0.84713650834448984 -1.0723409296080124
leaf_weight=688409 28813 1748951 19686 242408 3793 12671 4987 591 30197 200903 25913 13809 4270 850
leaf_count=688409 28813 1748951 19686 242408 3793 12671 4987 591 30197 200903 25913 13809 4270 850
internal_value=1.02893e-06 -0.00739513 -0.182951 0.0112123 -0.00194008 -0.057447 0.0162321 -0.316702 0.199274 -0.029134 -0.275104 -0.401626 -0.713258 -0.29787
internal_weight=3.02625e+06 1.82336e+06 74412 1.20289e+06 960480 236887 723593 23313 35184 213574 45599 19520 4861 14659
internal_count=3026251 1823363 74412 1202888 960480 236887 723593 23313 35184 213574 45599 19520 4861 14659
is_linear=0
shrinkage=0.02


Tree=145
num_leaves=15
num_cat=0
split_feature=17 21 22 23 9 4 9 23 13 14 14 4 23 22
split_gain=603446 605672 1.16963e+06 1.09287e+06 1.72854e+06 743390 1.11356e+06 1.09187e+06 666403 1.3246e+06 1.10206e+06 841587 557842 664121
threshold=0.11005010083317758 12766.390136718752 12710.747558593752 12679.257324218752 -0.63350945711135853 -68.384998321533189 -0.59070801734924305 12751.756347656252 2.1000000238418584 0.75318464636802684 0.6653365194797517 -65.235000610351548 12717.862792968752 12783.526367187502
decision_type=2 2 2 2 2 2 2 2 2 2 2 2 2 2
left_child=-1 2 3 8 -5 7 -7 -3 9 -2 -10 -12 -4 -14
right_child=1 5 12 4 -6 6 -8 -9 10 -11 11 -13 13 -15
leaf_value=0.093009806079641835 0.0036150105417984027 0.52303831657793776 -0.20787382211758917 0.49242074590211732 0.043625977638443746 0.22667873289295146 -0.016349546684556383 0.095130297715297879 -0.0041120716732571143 0.091687178312482645 -0.12190294478618441 -0.029218928307732095 -0.033725425397066279 -0.23500317982438104
leaf_weight=27638 1471667 3029 11490 4517 14212 9045 45113 11120 1102648 71622 55395 133917 57445 7393
leaf_count=27638 1471667 3029 11490 4517 14212 9045 45113 11120 1102648 71622 55395 133917 57445 7393
internal_value=9.14891e-07 -0.000856642 -0.00222909 -0.000162546 0.152071 0.0580115 0.0242729 0.187042 -0.0011687 0.0077029 -0.0117661 -0.0563445 -0.0794887 -0.0567087
internal_weight=3.02625e+06 2.99861e+06 2.93031e+06 2.85398e+06 18729 68307 54158 14149 2.83525e+06 1.54329e+06 1.29196e+06 189312 76328 64838
internal_count=3026251 2998613 2930306 2853978 18729 68307 54158 14149 2835249 1543289 1291960 189312 76328 64838
is_linear=0
shrinkage=0.02


Tree=146
num_leaves=15
num_cat=0
split_feature=7 21 19 7 21 8 7 6 24 7 21 7 7 7
split_gain=610067 2.50657e+06 1.53862e+06 1.6282e+06 1.27866e+06 1.25573e+06 1.02962e+06 1.00644e+06 891431 2.16766e+06 994908 1.863e+06 1.1248e+06 935148
threshold=10886.141601562502 10875.256347656252 10925.989746093752 10921.998535156252 10948.634765625002 0.72930297255516063 10844.483886718752 50.552278518676765 10844.620117187502 10978.528808593752 10875.256347656252 10913.314453125002 10913.314453125002 10937.899902343752
decision_type=2 2 2 2 2 2 2 2 2 2 2 2 2 2
left_child=1 7 8 5 6 -4 -3 -1 9 13 11 -10 -12 -2
right_child=2 4 3 -5 -6 -7 -8 -9 10 -11 12 -13 -14 -15
leaf_value=-0.11702649366270608 0.39084763647281323 0.58219135172637826 0.023192378752304139 -0.00077263493882215903 0.64148715718985538 0.45086930199408143 0.12526654674824578 0.020134308086140053 -0.39574831361895174 -0.54550047254562384 0.043191588923426595 -0.023883126828166033 -0.10537321200084797 0.033633963337453478
leaf_weight=23129 4942 2174 5342 2550456 2544 5644 20525 284532 10810 1900 29282 10739 67042 7190
leaf_count=23129 4942 2174 5342 2550456 2544 5644 20525 284532 10810 1900 29282 10739 67042 7190
internal_value=9.5744e-07 0.0255424 -0.0031561 0.000274361 0.217093 0.243121 0.169267 0.00981945 -0.0697669 0.0808814 -0.0877061 -0.210526 -0.0602103 0.17935
internal_weight=3.02625e+06 332904 2.69335e+06 2.56144e+06 25243 10986 22699 307661 131905 14032 117873 21549 96324 12132
internal_count=3026251 332904 2693347 2561442 25243 10986 22699 307661 131905 14032 117873 21549 96324 12132
is_linear=0
shrinkage=0.02


Tree=147
num_leaves=15
num_cat=0
split_feature=9 0 5 24 20 21 22 9 9 22 23 24 9 23
split_gain=592513 594045 593563 547287 800010 910727 925182 1.08042e+06 703108 609821 603028 551820 1.28138e+06 1.80937e+06
threshold=0.8301217555999757 8272.5000000000018 0.082499999552965178 12829.062011718752 12804.373046875002 12778.339355468752 12783.526367187502 -0.56790637969970692 -0.54542985558509816 12795.255859375002 12758.740234375002 12220.252441406252 -0.63597059249877919 12237.079101562502
decision_type=2 2 2 2 2 2 2 2 2 2 2 2 2 2
left_child=1 2 3 4 5 6 11 -8 -7 -10 -6 -1 -13 -14
right_child=-2 -3 -4 -5 10 8 7 -9 9 -11 -12 12 13 -15
leaf_value=-0.0037728692225684301 -0.17366430340901701 -0.1435850855741336 0.074274197812523243 0.13559042359218429 -0.22559366749820955 0.43132394271732988 -0.099415465286662577 -0.68337590900846612 0.14624278442943553 -0.086485171390232068 -0.027257135767277538 0.12622687299247809 0.16082497867751383 -0.0027969530755114417
leaf_weight=2462195 7828 11400 43568 11836 10827 2585 6316 1577 16801 6144 14131 41617 29217 360209
leaf_count=2462195 7828 11400 43568 11836 10827 2585 6316 1577 16801 6144 14131 41617 29217 360209
internal_value=1.01277e-06 0.000451978 0.000998523 -7.89986e-05 -0.000623498 0.000338223 -0.000708568 -0.216809 0.119246 0.0839136 -0.113354 -0.000118274 0.020757 0.00948268
internal_weight=3.02625e+06 3.01842e+06 3.00702e+06 2.96346e+06 2.95162e+06 2.92666e+06 2.90113e+06 7893 25530 22945 24958 2.89324e+06 431043 389426
internal_count=3026251 3018423 3007023 2963455 2951619 2926661 2901131 7893 25530 22945 24958 2893238 431043 389426
is_linear=0
shrinkage=0.02


Tree=148
num_leaves=15
num_cat=0
split_feature=9 0 9 0 19 8 6 21 22 24 9 20 25 9
split_gain=569079 570541 547346 907571 1.06136e+06 634773 593828 546298 1.1992e+06 824239 1.21105e+06 1.53149e+06 1.78233e+06 1.07451e+06
threshold=0.8301217555999757 8272.5000000000018 -0.72443613409996022 1618.5000000000002 10837.261230468752 1.0000000180025095e-35 102.77860260009767 12766.390136718752 12710.747558593752 12220.252441406252 0.50712648034095775 12417.510742187502 0.05874754115939141 -0.68669712543487538
decision_type=2 2 2 2 2 2 2 2 2 2 2 2 2 2
left_child=1 2 3 -1 -5 -6 -7 8 9 -4 11 12 -11 -13
right_child=-2 -3 7 4 5 6 -8 -9 -10 10 -12 13 -14 -15
leaf_value=-0.027935990313757087 -0.17019544887228608 -0.14071590041776783 -0.0038198012178780574 -0.13369379622085276 0.4417965493154008 0.068169978155612099 0.23219305824341163 0.055575184617067237 -0.081263554668152077 0.079170554507950353 -0.041009671431658998 0.40538066833024367 0.32901667106708787 0.011516728973442216
leaf_weight=33713 7828 11400 2430221 6359 2661 26372 13273 67981 73964 70256 77345 2802 13631 188445
leaf_count=33713 7828 11400 2430221 6359 2661 26372 13273 67981 73964 70256 77345 2802 13631 188445
internal_value=9.67434e-07 0.000442925 0.000978549 0.0518175 0.107062 0.143273 0.12313 -0.000453589 -0.00178712 0.000325635 0.0289063 0.0485618 0.119803 0.0173083
internal_weight=3.02625e+06 3.01842e+06 3.00702e+06 82378 48665 42306 39645 2.92464e+06 2.85666e+06 2.7827e+06 352479 275134 83887 191247
internal_count=3026251 3018423 3007023 82378 48665 42306 39645 2924645 2856664 2782700 352479 275134 83887 191247
is_linear=0
shrinkage=0.02


Tree=149
num_leaves=15
num_cat=0
split_feature=7 19 0 20 7 20 7 4 7 4 24 7 24 19
split_gain=613218 5.7243e+06 2.39946e+06 1.98448e+06 2.31622e+06 4.16359e+06 2.96636e+06 1.86755e+06 1.67296e+06 1.33422e+06 1.56902e+06 1.38405e+06 1.26925e+06 1.25427e+06
threshold=11203.908691406252 11199.422363281252 1969.5000000000002 11161.575195312502 11008.638671875002 10983.823242187502 10993.161621093752 125.25500106811525 11233.562988281252 273.52999877929693 10950.812500000002 11059.523925781252 11044.612792968752 11029.421386718752
decision_type=2 2 2 2 2 2 2 2 2 2 2 2 2 2
left_child=3 2 -2 4 6 9 -1 12 -4 10 -6 -12 13 -8
right_child=1 -3 8 -5 5 -7 7 -9 -10 -11 11 -13 -14 -15
leaf_value=0.0067942166625941745 -0.036205972636841624 -1.4035925700100832e-06 -0.2139322204622939 0.062218229616785123 -0.78978086483176568 -0.028391123084521054 0.077856343395573541 0.49672197756431219 -0.53452088560447097 0.022287302896142957 -0.26009398239658704 -1.1737426905123576 -0.63540814671399026 0.4063929778181119
leaf_weight=688409 28813 1748951 37730 242408 3109 213574 21793 6647 7869 4006 15514 684 843 5901
leaf_count=688409 28813 1748951 37730 242408 3109 213574 21793 6647 7869 4006 15514 684 843 5901
internal_value=1.01579e-06 -0.00731138 -0.179099 0.0110853 -0.00182025 -0.0561004 0.0159503 0.195044 -0.269362 -0.309828 -0.378715 -0.299377 0.124626 0.147983
internal_weight=3.02625e+06 1.82336e+06 74412 1.20289e+06 960480 236887 723593 35184 45599 23313 19307 16198 28537 27694
internal_count=3026251 1823363 74412 1202888 960480 236887 723593 35184 45599 23313 19307 16198 28537 27694
is_linear=0
shrinkage=0.02


Tree=150
num_leaves=15
num_cat=0
split_feature=7 21 24 21 7 23 7 24 4 7 1 23 24 7
split_gain=589910 2.39867e+06 1.4534e+06 1.22929e+06 1.05319e+06 5.29979e+06 2.29133e+06 2.77733e+06 2.01868e+06 1.74761e+06 1.43514e+06 1.51206e+06 2.29249e+06 1.33141e+06
threshold=10886.141601562502 10875.256347656252 10921.526855468752 10948.634765625002 11008.638671875002 10992.416015625002 10993.161621093752 11044.612792968752 83.064998626708999 11041.301269531252 113.53488159179689 10932.789550781252 10950.812500000002 11019.284667968752
decision_type=2 2 2 2 2 2 2 2 2 2 2 2 2 2
left_child=1 -1 -2 -3 6 9 -4 8 -8 10 11 -6 -13 -14
right_child=2 3 4 -5 5 -7 7 -9 -10 -11 -12 12 13 -15
leaf_value=0.0097359598157749794 -0.07072609408913974 0.16560541526620079 0.015093027423457746 0.62861781932081018 0.18937414249564 -0.00061487585220105004 0.13188280173454439 -0.67099548139070209 0.48368219950024616 -0.70646113296603819 0.18003969082303772 -0.74848606111465443 -0.016887667320033412 -0.34072252592822444
leaf_weight=307661 121394 22699 246391 2544 2793 2255713 24690 1434 8864 3041 3443 3864 8094 13626
leaf_count=307661 121394 22699 246391 2544 2793 2255713 24690 1434 8864 3041 3443 3864 8094 13626
internal_value=8.23096e-07 0.0251168 -0.00310365 0.212499 8.83317e-05 -0.00439737 0.0366032 0.188033 0.224935 -0.249076 -0.205155 -0.251939 -0.300173 -0.220109
internal_weight=3.02625e+06 332904 2.69335e+06 25243 2.57195e+06 2.29057e+06 281379 34988 33554 34861 31820 28377 25584 21720
internal_count=3026251 332904 2693347 25243 2571953 2290574 281379 34988 33554 34861 31820 28377 25584 21720
is_linear=0
shrinkage=0.02


Tree=151
num_leaves=15
num_cat=0
split_feature=7 23 7 23 7 22 7 7 21 5 8 22 22 22
split_gain=586890 4.99227e+06 2.18354e+06 1.73009e+06 1.74706e+06 3.7502e+06 2.73226e+06 2.27483e+06 1.72427e+06 1.69286e+06 1.46833e+06 1.27766e+06 1.44712e+06 1.15351e+06
threshold=11203.908691406252 11202.869628906252 11228.336914062502 11166.323730468752 11008.638671875002 11017.870117187502 10993.161621093752 11037.683593750002 10971.969726562502 0.047500001266598708 -0.85837611556053151 10931.327636718752 10937.726074218752 11044.953613281252
decision_type=2 2 2 2 2 2 2 2 2 2 2 2 2 2
left_child=3 2 -2 4 6 7 -1 8 11 13 -7 -6 -13 -8
right_child=1 -3 -4 -5 5 10 9 -9 -10 -11 -12 12 -14 -15
leaf_value=0.0065431864809267094 -0.11075877149404444 0.00013094628884702158 -0.37936969676244547 0.061219734546382208 0.17892343385259218 0.20571571030366861 0.13882173385322569 -0.43529799574689804 -0.054996570800567524 0.45782275808940642 -0.016848384639870425 -0.88372487006273548 -0.29374230155086622 -0.60954195435467884
leaf_weight=688514 69592 1739122 14649 222297 1737 12671 27030 11466 37572 7314 182456 2039 8952 840
leaf_count=688514 69592 1739122 14649 222297 1737 12671 27030 11466 37572 7314 182456 2039 8952 840
internal_value=7.57028e-07 -0.00715294 -0.157508 0.0108445 -0.000575938 -0.0453816 0.0153292 -0.181188 -0.123188 0.187212 -0.00238579 -0.324281 -0.403899 0.116055
internal_weight=3.02625e+06 1.82336e+06 84241 1.20289e+06 980591 256893 723698 61766 50300 35184 195127 12728 10991 27870
internal_count=3026251 1823363 84241 1202888 980591 256893 723698 61766 50300 35184 195127 12728 10991 27870
is_linear=0
shrinkage=0.02


Tree=152
num_leaves=15
num_cat=0
split_feature=16 17 4 7 7 20 16 5 7 19 7 7 20 0
split_gain=573652 614765 635666 1.32089e+06 476698 653183 461168 450115 582211 1.24666e+06 1.07333e+06 859119 558433 684533
threshold=-22.100000381469723 0.30362538993358618 -239.11000061035153 12188.847167968752 11413.131347656252 11045.628417968752 10.700000286102297 -0.022499999962747094 10689.769531250002 10665.117675781252 10640.863281250002 10728.651367187502 12741.297363281252 1064.5000000000002
decision_type=2 2 2 2 2 2 2 2 2 2 2 2 2 2
left_child=-1 6 3 4 5 -3 -2 12 9 -9 -11 -10 13 -4
right_child=1 2 7 -5 -6 -7 -8 8 11 10 -12 -13 -14 -15
leaf_value=0.03264073837581024 0.0028957185474770011 -0.23629211803721079 0.015640189508000061 0.25886493840231972 -0.29025360783715998 0.027900771653229919 0.039789932542047449 -0.029842366916710748 -0.14281203936277048 0.45683090100092677 0.10806706431018323 -0.00082821856548369798 0.069350128697132654 -0.035379480651931201
leaf_weight=201060 391460 7021 135089 3446 7577 8001 207270 25864 17233 4278 20025 1496038 26696 475193
leaf_count=201060 391460 7021 135089 3446 7577 8001 207270 25864 17233 4278 20025 1496038 26696 475193
internal_value=6.26943e-07 -0.00232237 -0.00716041 -0.105368 -0.160998 -0.0956517 0.0156683 -0.00599751 -0.000223666 0.066801 0.169623 -0.00244606 -0.0201689 -0.0240859
internal_weight=3.02625e+06 2.82519e+06 2.22646e+06 26045 22599 15022 598730 2.20042e+06 1.56344e+06 50167 24303 1.51327e+06 636978 610282
internal_count=3026251 2825191 2226461 26045 22599 15022 598730 2200416 1563438 50167 24303 1513271 636978 610282
is_linear=0
shrinkage=0.02


Tree=153
num_leaves=15
num_cat=0
split_feature=17 7 19 0 20 7 19 7 4 5 7 7 7 19
split_gain=567744 604149 5.25692e+06 2.27961e+06 1.88116e+06 2.0411e+06 3.7103e+06 2.64861e+06 1.68986e+06 1.60409e+06 1.58785e+06 1.17284e+06 2.07784e+06 2.12866e+06
threshold=0.11005010083317758 11203.908691406252 11199.422363281252 1969.5000000000002 11161.575195312502 11008.638671875002 10975.288574218752 10993.161621093752 125.25500106811525 0.042500000447034843 11210.404785156252 11128.710937500002 11178.849121093752 11252.427734375002
decision_type=2 2 2 2 2 2 2 2 2 2 2 2 2 2
left_child=-1 4 3 -3 5 7 9 -2 -9 -7 -5 -6 -13 -14
right_child=1 2 -4 10 11 6 -8 8 -10 -11 -12 12 13 -15
leaf_value=0.090216237517632372 0.0056211806153936041 -0.03345416269066287 -0.0010560077260745927 -0.12520367492704995 -0.14092540808712667 -0.42905686825756384 -0.031794833390146326 0.1167073537971804 0.47117664474845505 0.11405993206353782 -0.36356728018058071 0.17727481246922586 0.028165955392535681 0.63619740548252346
leaf_weight=27638 682214 28811 1728446 19682 11085 13813 219775 28445 6628 2577 25912 54703 174198 2324
leaf_count=27638 682214 28811 1728446 19682 11085 13813 219775 28445 6628 2577 25912 54703 174198 2324
internal_value=6.32951e-07 -0.000831169 -0.00814228 -0.172736 0.0101918 -0.00245449 -0.0534511 0.0143365 0.18381 -0.343644 -0.260721 0.0599509 0.0695868 0.0362067
internal_weight=3.02625e+06 2.99861e+06 1.80285e+06 74405 1.19576e+06 953452 236165 717287 35073 16390 45594 242310 231225 176522
internal_count=3026251 2998613 1802851 74405 1195762 953452 236165 717287 35073 16390 45594 242310 231225 176522
is_linear=0
shrinkage=0.02


Tree=154
num_leaves=15
num_cat=0
split_feature=7 24 19 7 19 7 9 1 21 7 24 7 7 7
split_gain=551516 2.31986e+06 1.43298e+06 1.18018e+06 1.09967e+06 2.75298e+06 1.15328e+06 967859 966222 1.04703e+06 958602 2.0813e+06 950961 898519
threshold=10886.141601562502 10883.580078125002 10917.446777343752 10918.357421875002 10806.465332031252 10795.694335937502 0.64482465386390697 46.215799331665046 10948.634765625002 10844.483886718752 10844.620117187502 10978.528808593752 10870.277343750002 10937.899902343752
decision_type=2 2 2 2 2 2 2 2 2 2 2 2 2 2
left_child=1 4 10 -4 5 7 -7 -1 9 -3 11 13 -6 -2
right_child=2 8 3 -5 12 6 -8 -9 -10 -11 -12 -13 -14 -15
leaf_value=-0.11097561832545375 0.38414679742398788 0.5545759950332857 0.21168471571206851 -0.00086401335982192731 0.088140834273999699 -0.12653850308327541 -0.43197776587943454 0.034036165248076816 0.61576744959330132 0.10572287566251473 -0.096675247757110866 -0.53343349450795441 -0.077625986667038238 0.033996976668304223
leaf_weight=20903 4942 2559 10482 2573590 93472 26315 6084 153851 2544 10935 95243 1900 16241 7190
leaf_count=20903 4942 2559 10482 2573590 93472 26315 6084 153851 2544 10935 95243 1900 16241 7190
internal_value=6.54281e-07 0.0242856 -0.00300109 -1.00954e-06 0.0124037 -0.0147112 -0.184011 0.0166853 0.258883 0.191192 -0.0739385 0.0803458 0.0635971 0.176832
internal_weight=3.02625e+06 332904 2.69335e+06 2.58407e+06 316866 207153 32399 174754 16038 13494 109275 14032 109713 12132
internal_count=3026251 332904 2693347 2584072 316866 207153 32399 174754 16038 13494 109275 14032 109713 12132
is_linear=0
shrinkage=0.02


Tree=155
num_leaves=15
num_cat=0
split_feature=17 21 22 24 21 4 9 23 24 13 17 17 9 25
split_gain=546648 565502 1.06006e+06 1.02906e+06 1.4912e+06 711222 1.04723e+06 1.02733e+06 786366 621780 1.25304e+06 1.15424e+06 669424 543678
threshold=0.15741544216871264 12766.390136718752 12710.747558593752 12698.917480468752 12688.952636718752 -68.384998321533189 -0.59070801734924305 12751.756347656252 12829.062011718752 6.2999999523162851 0.6420956850051881 0.56424313783645641 0.20045207440853122 0.052244570106267936
decision_type=2 2 2 2 2 2 2 2 2 2 2 2 2 2
left_child=-1 2 3 9 -5 7 -7 -3 -9 10 -2 -11 -13 -4
right_child=1 5 13 4 -6 6 -8 8 -10 11 -12 12 -14 -15
leaf_value=0.058449825392906087 0.0015544687495319446 0.50816843118193744 -0.04473887342552537 0.51408169999805253 0.022145766114545169 0.22135872949164215 -0.016586619323300047 -0.021070811514318298 0.34371565168377399 -0.0062411080257396548 0.072646004899928687 -0.037194098253732134 -0.13771035893558156 -0.16715662812922982
leaf_weight=62669 1691344 3029 55947 3776 7066 8853 44771 7581 3424 898129 105339 73183 41550 19590
leaf_count=62669 1691344 3029 55947 3776 7066 8853 44771 7581 3424 898129 105339 73183 41550 19590
internal_value=6.8416e-07 -0.00123549 -0.00257096 -0.000590546 0.193793 0.0559176 0.0227303 0.182619 0.0926329 -0.00134136 0.00572294 -0.0138724 -0.0736046 -0.0765053
internal_weight=3.02625e+06 2.96358e+06 2.89592e+06 2.82039e+06 10842 67658 53624 14034 11005 2.80954e+06 1.79668e+06 1.01286e+06 114733 75537
internal_count=3026251 2963582 2895924 2820387 10842 67658 53624 14034 11005 2809545 1796683 1012862 114733 75537
is_linear=0
shrinkage=0.02


Tree=156
num_leaves=15
num_cat=0
split_feature=7 19 7 20 0 7 20 7 8 4 7 7 4 20
split_gain=545679 3.04672e+06 3.23051e+06 2.09506e+06 1.5926e+06 1.56567e+06 3.7989e+06 2.52391e+06 1.64503e+06 1.62371e+06 1.41077e+06 1.51144e+06 1.36327e+06 1.35705e+06
threshold=11192.181152343752 11205.707031250002 11210.404785156252 11164.425292968752 1929.5000000000002 11008.638671875002 10983.823242187502 10993.161621093752 -0.93786895275115956 123.76499938964845 11141.432128906252 11178.849121093752 -132.02500152587888 11158.451660156252
decision_type=2 2 2 2 2 2 2 2 2 2 2 2 2 2
left_child=3 2 13 5 -4 7 -7 -1 -8 -9 -5 -12 -10 -2
right_child=1 -3 4 10 -6 6 8 9 12 -11 11 -13 -14 -15
leaf_value=0.006209608206240759 -0.15310607869091367 0.0018132715568802511 -0.069295888535033143 -0.1355087059219198 -0.28539408683150169 -0.28741422611162437 0.20271314317654279 0.11365880497339166 -0.24068532952322041 0.45887440158336018 0.1875854145983849 0.049148671868042157 -0.018728688791137742 0.0069104044556811389
leaf_weight=688522 26841 1742956 21569 11114 37145 23313 12671 28449 11797 6735 49116 88186 177119 100718
leaf_count=688522 26841 1742956 21569 11114 37145 23313 12671 28449 11797 6735 49116 88186 177119 100718
internal_value=7.57137e-07 -0.00640339 -0.0832827 0.0112631 -0.206035 0.000330287 -0.0457603 0.0146539 -0.0178007 0.179853 0.0811356 0.0986808 -0.032601 -0.0267695
internal_weight=3.02625e+06 1.92923e+06 186273 1.09702e+06 58714 948606 224900 723706 201587 35184 148416 137302 188916 127559
internal_count=3026251 1929229 186273 1097022 58714 948606 224900 723706 201587 35184 148416 137302 188916 127559
is_linear=0
shrinkage=0.02


Tree=157
num_leaves=15
num_cat=0
split_feature=9 13 4 7 24 20 20 4 7 24 21 7 24 8
split_gain=542899 514072 433500 1.20045e+06 415330 413946 675937 690298 443978 498053 450482 611465 513079 639683
threshold=0.8301217555999757 -9.0999999046325666 -239.11000061035153 12188.847167968752 11537.701171875002 12854.678222656252 12821.602050781252 125.25500106811525 12832.255859375002 12781.450195312502 12766.390136718752 12752.621093750002 12781.450195312502 0.82309290766716015
decision_type=2 2 2 2 2 2 2 2 2 2 2 2 2 2
left_child=1 -1 3 -3 -2 6 8 -8 10 -10 12 -12 -4 -14
right_child=4 2 5 -5 -6 -7 7 -9 9 -11 11 -13 13 -15
leaf_value=0.013522364937003904 -0.32632961520129156 -0.14885161285120074 -0.003888611933633782 0.2209267852659513 -0.033746621109096896 0.13390149700727619 -0.092784928152259263 -0.54231761112359766 -0.45599496532095851 0.006101560133941965 0.22577192088317993 0.02182072506902772 -0.096947122773695243 -0.66497652488842351
leaf_weight=858669 3538 21031 2075844 4206 4290 8687 7152 1681 1829 1893 7745 24332 4395 959
leaf_count=858669 3538 21031 2075844 4206 4290 8687 7152 1681 1829 1893 7745 24332 4395 959
internal_value=7.31225e-07 0.000432403 -0.0047719 -0.0871604 -0.166235 -0.00379738 -0.00436071 -0.178854 -0.0036318 -0.221582 -0.00324688 0.0711204 -0.00439343 -0.199745
internal_weight=3.02625e+06 3.01842e+06 2.15975e+06 25237 7828 2.13452e+06 2.12583e+06 8833 2.117e+06 3722 2.11328e+06 32077 2.0812e+06 5354
internal_count=3026251 3018423 2159754 25237 7828 2134517 2125830 8833 2116997 3722 2113275 32077 2081198 5354
is_linear=0
shrinkage=0.02


Tree=158
num_leaves=15
num_cat=0
split_feature=5 17 9 13 14 14 9 0 13 23 0 23 0 0
split_gain=530936 534637 510191 476540 932554 563890 782557 462371 445717 422572 391356 388213 476849 419656
threshold=0.082499999552965178 0.11005010083317758 0.8301217555999757 -2.6999999284744258 0.64059123396873485 0.66965228319168102 0.22064693272113803 2745.5000000000005 7.2999999523162851 11218.856445312502 4997.5000000000009 11534.725585937502 571.50000000000011 2227.5000000000005
decision_type=2 2 2 2 2 2 2 2 2 2 2 2 2 2
left_child=1 -1 3 4 -3 -5 8 -8 -7 -9 -2 12 -4 -14
right_child=10 2 11 5 -6 6 7 9 -10 -11 -12 -13 13 -15
leaf_value=0.087406493182261707 0.048921573402818885 -0.00097063852222372879 0.065331369269523737 -0.0038117197383445022 0.041152201049405299 0.039725005080608444 -0.038712912790525987 -0.20230789960416498 -0.034699240089757437 -0.075080450741579888 0.24602318944843429 -0.060658148731219448 -0.69209583907809502 -0.0091651107871630159
leaf_weight=27095 39250 1005098 764 1449993 265825 48687 40944 19199 94934 22925 4482 5126 1451 478
leaf_count=27095 39250 1005098 764 1449993 265825 48687 40944 19199 94934 22925 4482 5126 1451 478
internal_value=6.00822e-07 -0.0010139 -0.00182483 -0.00139656 0.00783997 -0.00839785 -0.037731 -0.0865884 -0.00946854 -0.133102 0.0691742 -0.163063 -0.357032 -0.523798
internal_weight=3.02625e+06 2.98252e+06 2.95542e+06 2.9476e+06 1.27092e+06 1.67668e+06 226689 83068 143621 42124 43732 7819 2693 1929
internal_count=3026251 2982519 2955424 2947605 1270923 1676682 226689 83068 143621 42124 43732 7819 2693 1929
is_linear=0
shrinkage=0.02


Tree=159
num_leaves=15
num_cat=0
split_feature=17 21 22 24 21 20 21 20 13 17 17 25 19 25
split_gain=512704 546430 909819 897409 1.36466e+06 672858 717974 628459 561421 1.22713e+06 1.04405e+06 529817 516505 514964
threshold=0.2279101833701134 12766.390136718752 12710.747558593752 12698.917480468752 12688.952636718752 12796.067382812502 12803.990234375002 12854.678222656252 6.2999999523162851 0.6420956850051881 0.56424313783645641 0.072345379739999785 12034.871093750002 0.052244570106267936
decision_type=2 2 2 2 2 2 2 2 2 2 2 2 2 2
left_child=-1 2 3 8 -5 6 -3 11 9 -2 -10 -7 -8 -4
right_child=1 5 13 4 -6 7 12 -9 10 -11 -12 -13 -14 -15
leaf_value=0.030616112459236677 0.00014609663324897782 0.090848422370812476 -0.041762284646147861 0.50026081360580543 0.019036161822336431 -0.019641869581442945 0.10756682622330775 0.13305499713772501 -0.0069534647641040495 0.0706153943444741 -0.071213413821894708 -0.31602061882520038 0.59175727557836444 -0.16306951863019806
leaf_weight=204035 1600909 23020 53604 3564 6926 25499 1503 10577 852807 105339 114733 2655 2139 18941
leaf_count=204035 1600909 23020 53604 3564 6926 25499 1503 10577 852807 105339 114733 2655 2139 18941
internal_value=5.49333e-07 -0.00221293 -0.00356841 -0.00167944 0.182856 0.0549227 0.132225 0.00168746 -0.00240411 0.00449707 -0.0145742 -0.0476942 0.392786 -0.0734532
internal_weight=3.02625e+06 2.82222e+06 2.75682e+06 2.68428e+06 10490 65393 26662 38731 2.67379e+06 1.70625e+06 967540 28154 3642 72545
internal_count=3026251 2822216 2756823 2684278 10490 65393 26662 38731 2673788 1706248 967540 28154 3642 72545
is_linear=0
shrinkage=0.02


Tree=160
num_leaves=15
num_cat=0
split_feature=16 24 7 7 9 22 9 9 7 21 24 9 20 20
split_gain=524658 582976 4.74869e+06 2.77993e+06 2.07748e+06 1.34382e+06 1.27308e+06 1.03825e+06 742311 5.00482e+06 1.36645e+06 1.41818e+06 1.12245e+06 708160
threshold=-22.499999999999996 12220.252441406252 12219.075683593752 12231.562988281252 -0.44019870460033411 12209.860839843752 0.12987381964921954 -0.70459485054016102 12035.318359375002 12047.088867187502 12047.505371093752 0.55642431974411022 12096.612792968752 12175.379394531252
decision_type=2 2 2 2 2 2 2 2 2 2 2 2 2 2
left_child=-1 3 6 8 -5 -4 -3 -7 9 -2 11 -10 -11 -12
right_child=1 2 5 4 -6 7 -8 -9 10 12 13 -13 -14 -15
leaf_value=0.032117674998187219 -0.0026129355771130321 0.18107558669348606 0.39695369548432058 -1.2161372137125084 -0.20808028666617401 0.12226444898673704 0.47927256690366504 -0.010308724059853685 -0.0989349009144571 0.33494674191936274 -0.038501543521140595 -0.48918241057419742 0.8888209663334079 0.03946942091003787
leaf_weight=190627 2064225 27359 3381 851 16542 25053 7243 413082 44676 9467 150482 4055 1729 67479
leaf_count=190627 2064225 27359 3381 851 16542 25053 7243 413082 44676 9467 150482 4055 1729 67479
internal_value=5.9978e-07 -0.00215859 0.0180288 -0.00623221 -0.258074 0.000344108 0.243616 -0.00272539 -0.00436088 -0.000324618 -0.0357702 -0.131502 0.4212 -0.0143616
internal_weight=3.02625e+06 2.83562e+06 476118 2.35951e+06 17393 441516 34602 438135 2.34211e+06 2.07542e+06 266692 48731 11196 217961
internal_count=3026251 2835624 476118 2359506 17393 441516 34602 438135 2342113 2075421 266692 48731 11196 217961
is_linear=0
shrinkage=0.02


Tree=161
num_leaves=15
num_cat=0
split_feature=0 9 8 20 0 17 20 20 21 25 0 20 9 8
split_gain=511871 503052 488713 1.1809e+06 798253 602781 477848 871373 617414 840124 814260 557209 554197 1.46693e+06
threshold=8272.5000000000018 0.8301217555999757 -0.99445033073425282 11286.844238281252 2367.5000000000005 0.1455325856804848 12854.678222656252 12821.602050781252 12766.390136718752 0.07067455351352693 1045.5000000000002 12752.619628906252 0.16236701607704165 0.90751835703849804
decision_type=2 2 2 2 2 2 2 2 2 2 2 2 2 2
left_child=1 2 3 -1 -5 -4 7 8 11 10 -10 12 -7 -14
right_child=-2 -3 5 4 -6 6 -8 -9 9 -11 -12 -13 13 -15
leaf_value=0.13649914932220325 -0.13370425509932282 -0.15951115900645335 0.073304222580142395 -0.0052707804989576305 -0.090442417087970059 0.0091175692748631122 0.13200602282187807 -0.16952484887266811 -0.046103725432167481 -0.18563102007075941 0.15527918777979866 -0.081007063670293464 -0.005022273677721744 -0.13320595423458451
leaf_weight=15666 11400 7828 47986 95300 81787 1620144 11221 11885 10868 4470 30714 32900 1007068 37014
leaf_count=15666 11400 7828 47986 95300 81787 1620144 11221 11885 10868 4470 30714 32900 1007068 37014
internal_value=6.14936e-07 0.000506639 0.000923739 -0.0298839 -0.04461 0.0030339 0.00181467 0.00128394 0.0020246 0.0746302 0.102646 0.000784619 0.00179496 -0.0095678
internal_weight=3.02625e+06 3.01485e+06 3.00702e+06 192753 177087 2.81427e+06 2.76628e+06 2.75506e+06 2.74318e+06 46052 41582 2.69713e+06 2.66423e+06 1.04408e+06
internal_count=3026251 3014851 3007023 192753 177087 2814270 2766284 2755063 2743178 46052 41582 2697126 2664226 1044082
is_linear=0
shrinkage=0.02


Tree=162
num_leaves=15
num_cat=0
split_feature=7 20 7 20 7 20 7 9 8 9 4 23 21 7
split_gain=515655 4.50678e+06 2.69856e+06 1.72242e+06 1.893e+06 3.41677e+06 2.42044e+06 1.93226e+06 1.67273e+06 1.65935e+06 1.46158e+06 1.42471e+06 1.35237e+06 1.2436e+06
threshold=11203.908691406252 11199.533691406252 11233.562988281252 11161.575195312502 11008.638671875002 10983.823242187502 10993.161621093752 -0.65655234456062306 -0.93786895275115956 -0.71208626031875599 -132.02500152587888 10960.567382812502 10935.642089843752 11059.523925781252
decision_type=2 2 2 2 2 2 2 2 2 2 2 2 2 2
left_child=3 2 -2 4 6 7 -1 -6 -7 -8 -10 12 -9 -13
right_child=1 -3 -4 -5 5 8 9 11 10 -11 -12 13 -14 -15
leaf_value=0.005936108960811066 -0.11983970245198408 -0.00047810029030444587 -0.50938418732607749 0.057802237357882452 0.13199313595019185 0.19695378808095285 0.51361316669170964 0.20738058461168987 -0.22357241739526618 0.12007227716554417 -0.024044918835115364 -0.22071119827955474 -0.80286169634221394 -1.0046777984486071
leaf_weight=688409 60751 1754563 8049 242408 3793 12671 4987 607 15942 30197 184961 14082 3981 850
leaf_count=688409 60751 1754563 8049 242408 3793 12671 4987 607 15942 30197 184961 14082 3981 850
internal_value=5.68599e-07 -0.00670494 -0.165481 0.0101649 -0.00185836 -0.0509296 0.0142068 -0.280778 -0.0258281 0.175984 -0.0398882 -0.361012 -0.66904 -0.265982
internal_weight=3.02625e+06 1.82336e+06 68800 1.20289e+06 960480 236887 723593 23313 213574 35184 200903 19520 4588 14932
internal_count=3026251 1823363 68800 1202888 960480 236887 723593 23313 213574 35184 200903 19520 4588 14932
is_linear=0
shrinkage=0.02


Tree=163
num_leaves=15
num_cat=0
split_feature=16 17 21 20 20 21 16 13 17 17 0 19 16 19
split_gain=501212 526590 529041 684337 599013 628191 438630 422155 1.11628e+06 934801 532556 444671 422684 419712
threshold=-22.499999999999996 0.30362538993358618 12766.390136718752 12796.067382812502 12796.067382812502 12803.990234375002 10.299999713897707 6.2999999523162851 0.64881289005279552 0.56424313783645641 2683.5000000000005 12517.969238281252 -4.4999999999999991 12034.871093750002
decision_type=2 2 2 2 2 2 2 2 2 2 2 2 2 2
left_child=-1 6 3 7 5 -4 -2 8 -3 -9 -11 -10 -12 -7
right_child=1 2 4 -5 -6 13 -8 9 11 10 12 -13 -14 -15
leaf_value=0.031391697384211492 0.0019563072422789964 -0.005416044995748122 0.090059858652462396 -0.2671383288832852 -0.002126996138418749 0.11322398728770186 0.037769465639523638 -0.010328128621288598 0.090898075462704245 -0.029370769350902291 0.050703130735908618 -0.035574652463844669 -0.13312714036474332 0.5842496663414769
leaf_weight=190627 390196 1272691 20599 4063 32113 1280 210636 704253 69114 58619 5537 13246 51415 1862
leaf_count=190627 390196 1272691 20599 4063 32113 1280 210636 704253 69114 58619 5537 13246 51415 1862
internal_value=4.46497e-07 -0.00210995 -0.00657885 -0.00813694 0.0541943 0.130346 0.0145119 -0.00765185 -0.000798005 -0.0189801 -0.0716968 0.0705553 -0.115249 0.393336
internal_weight=3.02625e+06 2.83562e+06 2.23479e+06 2.17894e+06 55854 23741 600832 2.17488e+06 1.35505e+06 819824 115571 82360 56952 3142
internal_count=3026251 2835624 2234792 2178938 55854 23741 600832 2174875 1355051 819824 115571 82360 56952 3142
is_linear=0
shrinkage=0.02


Tree=164
num_leaves=15
num_cat=0
split_feature=7 20 7 21 7 20 6 21 7 23 8 7 22 7
split_gain=504080 2.33415e+06 1.82378e+06 1.77775e+06 1.13134e+06 1.73168e+06 1.10052e+06 1.09042e+06 2.72006e+06 2.65164e+06 2.40965e+06 1.77773e+06 3.49103e+06 1.91379e+06
threshold=10886.141601562502 10843.401367187502 10833.810546875002 10948.634765625002 10789.720703125002 10800.633300781252 50.552278518676765 10978.111328125002 11008.638671875002 10997.019531250002 -0.88469886779785145 11021.642089843752 11021.708984375002 11181.197753906252
decision_type=2 2 2 2 2 2 2 2 2 2 2 2 2 2
left_child=1 4 -3 -4 6 -6 -1 8 9 10 -2 -9 -13 -14
right_child=7 2 3 -5 5 -7 -8 11 -10 -11 -12 12 13 -15
leaf_value=-0.10884429533776606 -0.15906645583122125 0.3906082983363281 0.064450882923866804 0.60268617255107071 -0.17478379877419517 0.0047932574838100896 0.045630616665745298 0.074217135539734441 -0.2720398896385206 -0.99787264851357438 0.0036536340617432123 -0.20592482238324145 0.059684703263181829 -0.005152738234473749
leaf_weight=21131 42406 8878 63256 2544 34008 58274 144813 128241 18628 1102 256762 33184 200199 2012825
leaf_count=21131 42406 8878 63256 2544 34008 58274 144813 128241 18628 1102 256762 33184 200199 2012825
internal_value=4.71729e-07 0.0232175 0.121687 0.0853492 -0.00526309 -0.0613965 0.0259546 -0.00286928 -0.0375931 -0.02304 -0.0194158 0.0017944 -0.00234067 0.00071295
internal_weight=3.02625e+06 332904 74678 65800 258226 92282 165944 2.69335e+06 318898 300270 299168 2.37445e+06 2.24621e+06 2.21302e+06
internal_count=3026251 332904 74678 65800 258226 92282 165944 2693347 318898 300270 299168 2374449 2246208 2213024
is_linear=0
shrinkage=0.02


Tree=165
num_leaves=15
num_cat=0
split_feature=5 4 7 20 7 21 19 7 22 7 7 20 19 7
split_gain=508394 716836 581130 2.08439e+06 1.78397e+06 1.57015e+06 1.19068e+06 1.49342e+06 1.29922e+06 1.11166e+06 1.07652e+06 1.70897e+06 1.08454e+06 1.87354e+06
threshold=0.082499999552965178 229.26499938964847 10886.141601562502 10843.401367187502 10833.810546875002 10939.980957031252 10930.491210937502 10921.998535156252 10946.284179687502 10863.726074218752 10789.720703125002 10800.633300781252 10665.117675781252 10676.426269531252
decision_type=2 2 2 2 2 2 2 2 2 2 2 2 2 2
left_child=1 2 3 10 -5 9 -4 8 -8 -6 12 -12 -1 -14
right_child=-2 -3 6 4 5 -7 7 -9 -10 -11 11 -13 13 -15
leaf_value=-0.041231101850316448 0.067689584877831499 -0.084383747070274392 -0.0595797270042158 0.39783591772425342 0.14005099840821389 0.56351558553110248 0.41432834849920702 -0.00070362730134738711 -0.064954853954414846 -0.031759450050780701 -0.17443460541500519 0.0089046434211695041 0.28818658351556053 0.034666439387620269
leaf_weight=56024 43732 40660 140434 8205 34033 2616 6405 2475263 3491 27014 32072 55547 13448 87307
leaf_count=56024 43732 40660 140434 8205 34033 2616 6405 2475263 3491 27014 32072 55547 13448 87307
internal_value=4.17473e-07 -0.00099231 0.000160535 0.0257721 0.120447 0.08464 -0.00292458 0.000277164 0.245355 0.0640298 -0.00207201 -0.0582168 0.0293072 0.0685298
internal_weight=3.02625e+06 2.98252e+06 2.94186e+06 316266 71868 63663 2.62559e+06 2.48516e+06 9896 61047 244398 87619 156779 100755
internal_count=3026251 2982519 2941859 316266 71868 63663 2625593 2485159 9896 61047 244398 87619 156779 100755
is_linear=0
shrinkage=0.02


Tree=166
num_leaves=15
num_cat=0
split_feature=5 0 24 19 9 0 19 9 9 21 20 20 20 0
split_gain=488468 545983 500656 980094 1.96776e+06 913809 985504 1.32619e+06 819166 702570 2.43375e+06 647172 815295 780560
threshold=0.077500000596046462 4917.5000000000009 12220.252441406252 12517.969238281252 0.50712648034095775 3327.5000000000005 12423.434570312502 0.28528253734111791 -0.43012964725494379 12201.887695312502 12203.279785156252 12854.678222656252 12804.373046875002 2745.5000000000005
decision_type=2 2 2 2 2 2 2 2 2 2 2 2 2 2
left_child=2 -2 9 4 5 -4 7 -7 -8 10 -1 12 -5 -14
right_child=1 -3 3 11 -6 6 8 -9 -10 -11 -12 -13 13 -15
leaf_value=-0.0044601203186255519 0.035210353699493394 0.23079611494779229 0.055691604225736192 -0.0028425654541896933 -0.042049245343273256 0.17736508739713081 0.43327149968684964 0.54197588606675473 0.010552137869441638 -0.079950333045410021 0.36647691584243552 0.16122691956731319 -0.023326647006643362 -0.30201871049356876
leaf_weight=2406546 58531 6317 89423 273890 62123 23799 2037 4790 17604 48880 7086 8987 8942 7296
leaf_count=2406546 58531 6317 89423 273890 62123 23799 2037 4790 17604 48880 7086 8987 8942 7296
internal_value=5.05483e-07 0.0542958 -0.00118861 0.0170811 0.0513811 0.0935465 0.163707 0.238623 0.0545922 -0.00489002 -0.00336959 -0.00582836 -0.0110085 -0.148658
internal_weight=3.02625e+06 64848 2.9614e+06 498891 199776 137653 48230 28589 19641 2.46251e+06 2.41363e+06 299115 290128 16238
internal_count=3026251 64848 2961403 498891 199776 137653 48230 28589 19641 2462512 2413632 299115 290128 16238
is_linear=0
shrinkage=0.02


Tree=167
num_leaves=15
num_cat=0
split_feature=0 16 17 21 4 0 4 22 23 21 19 21 4 21
split_gain=485050 467246 562712 510087 566601 552168 544903 635588 799794 598482 637319 589910 913781 566502
threshold=8272.5000000000018 -20.100000381469723 0.3050872683525086 12766.390136718752 273.52999877929693 1084.5000000000002 -87.395000457763658 12710.747558593752 12679.257324218752 11430.259765625002 11922.333496093752 12064.945800781252 -170.61000061035153 12688.952636718752
decision_type=2 2 2 2 2 2 2 2 2 2 2 2 2 2
left_child=1 -1 -3 6 5 -5 9 8 -8 -4 -11 -12 -13 -10
right_child=-2 2 3 4 -6 -7 7 -9 13 10 11 12 -14 -15
leaf_value=0.023708275455887197 -0.13015424146068597 0.015154999124019462 -0.048469095980387275 -0.051676040366554689 -0.41544171106912442 0.10020651640791176 -0.0026306646888108361 -0.075684022492800887 0.3547510994582021 0.071609733441134887 -0.1225254921107919 0.11836980969327981 -0.036432290074514782 0.059343440670826288
leaf_weight=311004 11400 586685 249438 12638 998 39418 1612144 47486 4071 39132 19391 19880 65412 7154
leaf_count=311004 11400 586685 249438 12638 998 39418 1612144 47486 4071 39132 19391 19880 65412 7154
internal_value=5.98637e-07 0.000493187 -0.00217715 -0.0069801 0.0542465 0.0633297 -0.00855408 -0.00356871 -0.00145876 -0.0297353 0.00275831 -0.0229835 -0.00034088 0.166702
internal_weight=3.02625e+06 3.01485e+06 2.70385e+06 2.11716e+06 53054 52056 2.06411e+06 1.67086e+06 1.62337e+06 393253 143815 104683 85292 11225
internal_count=3026251 3014851 2703847 2117162 53054 52056 2064108 1670855 1623369 393253 143815 104683 85292 11225
is_linear=0
shrinkage=0.02


Tree=168
num_leaves=15
num_cat=0
split_feature=7 20 7 20 7 20 7 4 4 7 7 24 4 24
split_gain=492213 3.34292e+06 3.21324e+06 1.78754e+06 1.57581e+06 3.24402e+06 2.30423e+06 1.32361e+06 1.29944e+06 1.18443e+06 1.78446e+06 1.23614e+06 1.17066e+06 1.35466e+06
threshold=11199.230468750002 11214.808593750002 11228.336914062502 11164.425292968752 11008.638671875002 10983.823242187502 10999.976074218752 39.274999618530281 -134.42499542236325 11128.710937500002 11178.849121093752 11257.042480468752 273.52999877929693 10950.812500000002
decision_type=2 2 2 2 2 2 2 2 2 2 2 2 2 2
left_child=3 2 -2 4 6 12 -1 -8 -4 -5 -11 -12 13 -6
right_child=1 -3 8 9 5 -7 7 -9 -10 10 11 -13 -14 -15
leaf_value=0.0072102282760279305 -0.058102297393126827 0.0020731317955112695 -0.63887851536633278 -0.13633936402664995 -0.71605648100700958 -0.021223128829886563 0.087636023668147947 0.39469571482426796 -0.24395300868866679 0.18058689154559893 0.034692692398864154 0.75985910111520971 0.041439346767761613 -0.26043145044507054
leaf_weight=700162 147229 1702384 4137 10951 3109 214228 14299 9245 17135 49279 132952 937 4006 16198
leaf_count=700162 147229 1702384 4137 10951 3109 214228 14299 9245 17135 49279 132952 937 4006 16198
internal_value=5.7714e-07 -0.00633796 -0.0913114 0.0102646 -0.000914949 -0.0456106 0.0137559 0.208326 -0.321024 0.065621 0.0777025 0.0398242 -0.269607 -0.334134
internal_weight=3.02625e+06 1.87088e+06 168501 1.15537e+06 961247 237541 723706 23544 21272 194119 183168 133889 23313 19307
internal_count=3026251 1870885 168501 1155366 961247 237541 723706 23544 21272 194119 183168 133889 23313 19307
is_linear=0
shrinkage=0.02


Tree=169
num_leaves=15
num_cat=0
split_feature=7 20 7 20 7 24 21 24 23 7 23 0 4 23
split_gain=475583 4.20043e+06 2.49056e+06 1.59007e+06 1.58938e+06 3.83321e+06 2.4683e+06 2.69324e+06 1.7663e+06 1.46384e+06 1.64078e+06 1.74106e+06 1.24181e+06 1.16977e+06
threshold=11203.908691406252 11199.533691406252 11233.562988281252 11164.425292968752 11021.642089843752 11019.254882812502 10978.111328125002 10988.964355468752 10942.932617187502 11008.638671875002 10942.932617187502 6648.5000000000009 198.40000152587893 10983.180175781252
decision_type=2 2 2 2 2 2 2 2 2 2 2 2 2 2
left_child=3 2 -2 4 6 8 7 9 -6 -1 11 -11 -8 -10
right_child=1 -3 -4 -5 5 -7 12 -9 13 10 -12 -13 -14 -15
leaf_value=0.0019858817382185029 -0.11587655856215996 -0.00042768912204142252 -0.49010784626894605 0.056846182397121137 0.2215143383241571 -0.010399480047346739 0.087314817338246947 -0.97768499793568653 -0.42351088297379252 -0.9907359081324586 -0.086895144735993302 0.18003898462397711 0.57809205203056335 -0.1831397935453363
leaf_weight=631240 60751 1754563 8049 231638 3124 173810 116011 1123 13079 1888 6874 690 2090 21321
leaf_count=631240 60751 1754563 8049 231638 3124 173810 116011 1123 13079 1888 6874 690 2090 21321
internal_value=5.28121e-07 -0.00643917 -0.159724 0.00976195 -0.00146785 -0.0499816 0.0120244 -0.00343817 -0.233273 -0.00171526 -0.248634 -0.677886 0.0960483 -0.274627
internal_weight=3.02625e+06 1.82336e+06 68800 1.20289e+06 971250 211334 759916 641815 37524 640692 9452 2578 118101 34400
internal_count=3026251 1823363 68800 1202888 971250 211334 759916 641815 37524 640692 9452 2578 118101 34400
is_linear=0
shrinkage=0.02


Tree=170
num_leaves=15
num_cat=0
split_feature=9 17 7 19 7 19 7 7 21 8 8 7 21 7
split_gain=481277 460266 452520 2.68026e+06 2.87799e+06 1.7874e+06 1.36172e+06 1.54511e+06 1.25979e+06 1.01362e+06 1.06284e+06 1.24197e+06 5.46868e+06 5.10598e+06
threshold=0.8301217555999757 0.11005010083317758 11192.181152343752 11205.707031250002 11210.404785156252 11180.057617187502 11141.432128906252 11175.472656250002 11157.409667968752 -0.95236524939537037 -0.84077408909797657 11434.893066406252 11437.230957031252 11399.110351562502
decision_type=2 2 2 2 2 2 2 2 2 2 2 2 2 2
left_child=1 -1 5 4 8 -3 -7 -8 -4 -5 -11 12 -12 -14
right_child=-2 2 3 9 -6 6 7 -9 -10 10 11 -13 13 -15
leaf_value=0.081647936861998296 -0.156516636203369 0.0018753040372664388 -0.16449546848638372 -0.034742104113554696 -0.19414968268694607 -0.12787774540567287 0.26445939594491696 0.069116450894275039 0.003363123062061183 0.051120969295971437 0.01657664079981129 -0.0092017124289624566 1.0779686011914447 0.210399255605798
leaf_weight=27629 7828 991817 21502 260445 58712 10150 21404 66529 106049 198365 257821 981838 3442 12720
leaf_count=27629 7828 991817 21502 260445 58712 10150 21404 66529 106049 198365 257821 981838 3442 12720
internal_value=3.7477e-07 0.000406811 -0.00034396 -0.0062347 -0.0782872 0.00993002 0.0913708 0.11669 -0.0249443 0.00159287 0.00810068 0.00130498 0.0389555 0.395718
internal_weight=3.02625e+06 3.01842e+06 2.99079e+06 1.90089e+06 186263 1.0899e+06 98083 87933 127551 1.71463e+06 1.45419e+06 1.25582e+06 273983 16162
internal_count=3026251 3018423 2990794 1900894 186263 1089900 98083 87933 127551 1714631 1454186 1255821 273983 16162
is_linear=0
shrinkage=0.02


Tree=171
num_leaves=15
num_cat=0
split_feature=5 4 8 20 20 19 19 8 7 20 7 20 19 7
split_gain=469663 661319 1.8933e+06 1.25311e+06 3.25887e+06 976955 1.26994e+06 964968 553110 2.00164e+06 1.71406e+06 1.50346e+06 1.14482e+06 1.05958e+06
threshold=0.082499999552965178 229.26499938964847 0.71827605366706859 10993.073730468752 10956.199707031252 11378.787109375002 11413.494628906252 0.75427865982055675 10886.141601562502 10843.401367187502 10833.810546875002 10946.573242187502 10917.446777343752 10863.726074218752
decision_type=2 2 2 2 2 2 2 2 2 2 2 2 2 2
left_child=1 8 -3 4 -4 -5 -7 -6 9 -1 -11 13 -10 -12
right_child=-2 2 3 5 7 6 -8 -9 12 10 11 -13 -14 -15
leaf_value=-0.0021457435156232029 0.065060209906328992 0.27688568720620033 -0.10100420486067609 0.16699929139787612 0.20350057707657038 -0.76935464765987838 -0.075935659721934071 -0.92692223707425225 -0.06704979208474883 0.38981624274236015 0.13713744863148608 0.5567096387811209 -0.0001393293027599555 -0.030503052820143841
leaf_weight=244398 43732 5152 9762 6393 331 1128 14800 3094 106603 8205 34033 2560 2518990 27070
leaf_count=244398 43732 5152 9762 6393 331 1128 14800 3094 106603 8205 34033 2560 2518990 27070
internal_value=4.39544e-07 -0.000953725 -0.0810509 -0.133049 -0.287549 -0.0416836 -0.125496 -0.817395 0.000153577 0.0251401 0.117917 0.0828183 -0.00285625 0.0628758
internal_weight=3.02625e+06 2.98252e+06 40660 35508 13187 22321 15928 3425 2.94186e+06 316266 71868 63663 2.62559e+06 61103
internal_count=3026251 2982519 40660 35508 13187 22321 15928 3425 2941859 316266 71868 63663 2625593 61103
is_linear=0
shrinkage=0.02


Tree=172
num_leaves=15
num_cat=0
split_feature=9 0 8 23 0 17 0 24 20 19 8 20 8 8
split_gain=462226 455414 450571 1.09799e+06 967391 543506 466039 450110 669826 555318 1.19464e+06 530826 1.49825e+06 1.0224e+06
threshold=0.8301217555999757 8272.5000000000018 -0.99445033073425282 11359.881835937502 2167.5000000000005 0.13067046552896502 4735.5000000000009 12829.062011718752 12821.602050781252 13490.410644531252 0.82309290766716015 12175.379394531252 0.9959542751312257 -0.85837611556053151
decision_type=2 2 2 2 2 2 2 2 2 2 2 2 2 2
left_child=1 2 3 6 -5 -4 -1 8 9 11 -11 -7 13 -13
right_child=-2 -3 5 4 -6 7 -8 -9 -10 10 -12 12 -14 -15
leaf_value=0.04107911125453155 -0.15338751487908112 -0.1257166852523629 0.078871500947163678 -0.0012445970994880899 -0.10149876953620213 -0.0016282659574986551 0.25574944102679825 0.1291227306144056 -0.13865246651411009 -0.046347119236668101 -0.65383881906029861 0.07678701893601686 0.17684717121881163 0.00016146472342896804
leaf_weight=34087 7828 11400 37163 75135 78950 2234318 4581 11067 13587 7044 1577 84251 23523 401740
leaf_count=34087 7828 11400 37163 75135 78950 2234318 4581 11067 13587 7044 1577 84251 23523 401740
internal_value=4.18821e-07 0.00039873 0.000877272 -0.0287038 -0.0526162 0.00290342 0.0665712 0.00188653 0.00137699 0.00206872 -0.158104 0.00257256 0.0209937 0.0134466
internal_weight=3.02625e+06 3.01842e+06 3.00702e+06 192753 154085 2.81427e+06 38668 2.77711e+06 2.76604e+06 2.75245e+06 8621 2.74383e+06 509514 485991
internal_count=3026251 3018423 3007023 192753 154085 2814270 38668 2777107 2766040 2752453 8621 2743832 509514 485991
is_linear=0
shrinkage=0.02


Tree=173
num_leaves=15
num_cat=0
split_feature=9 0 19 8 4 20 19 4 8 8 21 20 19 25
split_gain=457340 812264 971713 640886 774826 722232 656863 539250 1.13263e+06 662642 851010 2.08351e+06 1.66563e+06 843877
threshold=-0.72443613409996022 1618.5000000000002 10837.261230468752 0.50153240561485302 229.26499938964847 12302.967773437502 11099.592773437502 229.26499938964847 0.71827605366706859 0.77619159221649181 10948.634765625002 10956.199707031252 11387.817871093752 0.034267347306013114
decision_type=2 2 2 2 2 2 2 2 2 2 2 2 2 2
left_child=1 -1 -3 -4 5 6 -5 -2 -9 10 11 -10 -12 -11
right_child=7 2 3 4 -6 -7 -8 8 9 13 12 -13 -14 -15
leaf_value=-0.02897326972763652 -0.00025474174954987215 -0.13162091756621772 0.30360638133354506 0.10792816795390454 0.46626093107297828 0.28231872701561339 -0.094142483639839514 0.30910533931370504 -0.17523293725315467 -0.43311393603336845 0.15395261068098018 -0.96899560194749101 -0.59028042252932067 -0.007565664485015151
leaf_weight=33713 2900608 6359 7310 17015 2133 5513 10335 2909 5954 2008 4662 1693 1610 24429
leaf_count=33713 2900608 6359 7310 17015 2133 5513 10335 2909 5954 2008 4662 1693 1610 24429
internal_value=3.79489e-07 0.0464759 0.0987394 0.133388 0.0977557 0.0737024 0.0315626 -0.00130029 -0.0713798 -0.0988767 -0.210517 -0.352006 -0.0377217 -0.0400401
internal_weight=3.02625e+06 82378 48665 42306 34996 32863 27350 2.94387e+06 43265 40356 13919 7647 6272 26437
internal_count=3026251 82378 48665 42306 34996 32863 27350 2943873 43265 40356 13919 7647 6272 26437
is_linear=0
shrinkage=0.02


Tree=174
num_leaves=15
num_cat=0
split_feature=16 24 7 7 5 23 20 7 7 0 21 7 7 21
split_gain=449882 531238 4.42758e+06 2.63543e+06 1.85205e+06 949018 893733 2.45593e+06 2.08075e+06 1.12659e+06 930532 799156 704704 4.80666e+06
threshold=-22.499999999999996 12220.252441406252 12219.075683593752 12231.562988281252 0.057499999180436141 12210.714355468752 12302.967773437502 12292.634765625002 12529.557128906252 3284.5000000000005 12766.390136718752 12832.255859375002 12035.318359375002 12047.088867187502
decision_type=2 2 2 2 2 2 2 2 2 2 2 2 2 2
left_child=-1 3 -3 12 -5 -4 7 -7 9 -8 11 -10 13 -2
right_child=1 2 5 4 -6 6 8 -9 10 -11 -12 -13 -14 -15
leaf_value=0.029740721635820786 -0.0023755702758959771 0.23509848336904127 0.37561985677088688 -0.20417621915273948 -1.1612818741266093 -0.038272769172719795 0.031546651296468865 -0.53323124501574481 -0.030765437793246728 0.17811217386167422 0.051105820709465004 -0.3811314628088045 -0.034669026786763972 0.41296281866818357
leaf_weight=190627 2064225 34602 2667 16552 841 52467 47657 4332 229772 37471 64526 2624 266692 11196
leaf_count=190627 2064225 34602 2667 16552 841 52467 47657 4332 229772 37471 64526 2624 266692 11196
internal_value=3.18029e-07 -0.00199909 0.0172716 -0.00588775 -0.251097 0.000195372 -0.00209464 -0.0761103 0.00891085 0.0960743 -0.0160814 -0.0347378 -0.0040657 -0.00013301
internal_weight=3.02625e+06 2.83562e+06 476118 2.35951e+06 17393 441516 438849 56799 382050 85128 296922 232396 2.34211e+06 2.07542e+06
internal_count=3026251 2835624 476118 2359506 17393 441516 438849 56799 382050 85128 296922 232396 2342113 2075421
is_linear=0
shrinkage=0.02


Tree=175
num_leaves=15
num_cat=0
split_feature=7 19 7 20 7 19 7 8 8 7 7 20 21 25
split_gain=446182 2.59141e+06 2.79649e+06 1.74798e+06 1.28367e+06 3.05731e+06 2.16678e+06 1.52528e+06 1.39934e+06 1.26075e+06 1.33753e+06 1.17408e+06 1.10198e+06 1.2991e+06
threshold=11192.181152343752 11205.707031250002 11221.080078125002 11164.425292968752 11008.638671875002 10975.288574218752 10993.161621093752 -0.93786895275115956 -0.75219753384590138 11141.432128906252 11171.726562500002 11158.451660156252 10935.642089843752 0.071519419550895705
decision_type=2 2 2 2 2 2 2 2 2 2 2 2 2 2
left_child=3 2 11 4 6 12 -1 -7 -8 -5 -11 -2 -6 -14
right_child=1 -3 -4 9 5 7 8 -9 -10 10 -12 -13 13 -15
leaf_value=0.0053435848480199288 -0.15357943929258824 0.0017871828743801722 -0.2673691470403205 -0.13079333059257672 0.18564296191530175 0.19174187124755127 -0.099256491256890303 -0.034594926747593034 0.22611478696036308 0.2080878467356862 0.057423660717765189 -0.018094358266735309 -0.29398672239750651 -0.90357944632063114
leaf_weight=688522 31973 1742956 26396 11114 1647 12671 6474 195802 28710 30216 107086 127904 13222 1558
leaf_count=688522 31973 1742956 26396 11114 1647 12671 6474 195802 28710 30216 107086 127904 13222 1558
internal_value=2.40589e-07 -0.00579069 -0.0766932 0.0101842 0.000197961 -0.041536 0.0131677 -0.0208295 0.166233 0.074007 0.0905932 -0.0451974 -0.304145 -0.358814
internal_weight=3.02625e+06 1.92923e+06 186273 1.09702e+06 948606 224900 723706 208473 35184 148416 137302 159877 16427 14780
internal_count=3026251 1929229 186273 1097022 948606 224900 723706 208473 35184 148416 137302 159877 16427 14780
is_linear=0
shrinkage=0.02


Tree=176
num_leaves=15
num_cat=0
split_feature=9 22 0 24 20 4 4 19 4 21 4 9 0 20
split_gain=443890 432500 427782 415377 645067 717984 555942 513903 1.00699e+06 667676 1.00504e+06 658958 629137 547945
threshold=0.8301217555999757 11532.597656250002 8272.5000000000018 12829.062011718752 12821.602050781252 129.87500000000003 -57.085000991821282 13490.410644531252 34.944999694824226 12766.390136718752 -102.02499771118163 -0.59070801734924305 1753.5000000000002 12705.684082031252
decision_type=2 2 2 2 2 2 2 2 2 2 2 2 2 2
left_child=2 -2 3 4 7 -6 -5 9 13 -1 -11 12 -12 -9
right_child=1 -3 -4 6 5 -7 -8 8 -10 10 11 -13 -14 -15
leaf_value=0.00030539715613037214 -0.3803024130331375 -0.054225393536305989 -0.12183894049008853 0.31746202161203024 -0.081245983944654279 -0.51641202367945194 0.024402288820380244 0.27854714365826538 -0.66996232251014831 0.46306870327384281 -0.093726613737053821 0.022505466978932583 0.36976959026543738 -0.14531683504769782
leaf_weight=2927505 2298 5530 11400 3815 12052 1726 8021 1500 1266 2548 1584 36210 4449 6347
leaf_count=2927505 2298 5530 11400 3815 12052 1726 8021 1500 1266 2548 1584 36210 4449 6347
internal_value=1.67784e-07 -0.150315 0.000390499 0.000854296 0.000386816 -0.136097 0.119052 0.00101801 -0.148859 0.00147804 0.0781032 0.0547784 0.248119 -0.0640388
internal_weight=3.02625e+06 7828 3.01842e+06 3.00702e+06 2.99519e+06 13778 11836 2.98141e+06 9113 2.9723e+06 44791 42243 6033 7847
internal_count=3026251 7828 3018423 3007023 2995187 13778 11836 2981409 9113 2972296 44791 42243 6033 7847
is_linear=0
shrinkage=0.02


Tree=177
num_leaves=15
num_cat=0
split_feature=5 7 21 24 20 7 7 22 24 7 20 9 7 9
split_gain=447091 488513 1.99232e+06 1.15933e+06 882366 868180 865583 888302 831587 1.99571e+06 881456 1.63819e+06 1.1886e+06 1.02965e+06
threshold=0.082499999552965178 10886.141601562502 10875.256347656252 10921.526855468752 10950.099609375002 10844.483886718752 10921.998535156252 10916.199218750002 10844.620117187502 10978.528808593752 10874.979980468752 -0.62499999999999989 10918.357421875002 0.3618417233228684
decision_type=2 2 2 2 2 2 2 2 2 2 2 2 2 2
left_child=1 2 -1 8 5 -4 7 -5 9 -3 11 -10 -12 -13
right_child=-2 3 4 6 -6 -7 -8 -9 10 -11 12 13 -14 -15
leaf_value=0.008015164214772056 0.063477203122355774 0.17495356400971471 0.53360362641332548 0.63391648327862737 0.552652202011643 0.11352151205763117 -0.0017430187497070263 0.10297583572067354 0.064806647232331219 -0.52060240413006686 0.034610897283980341 -0.42562351237650142 -0.11735324259111206 -0.070985986751997368
leaf_weight=299474 43732 12120 2174 1394 2473 20021 2524069 12405 6628 1900 35179 10250 49615 4817
leaf_count=299474 43732 12120 2174 1394 2473 20021 2524069 12405 6628 1900 35179 10250 49615 4817
internal_value=1.25367e-07 -0.000930828 0.022249 -0.00375727 0.194976 0.154891 -0.000879086 0.157034 -0.0643654 0.080386 -0.0834289 -0.19716 -0.0543101 -0.312368
internal_weight=3.02625e+06 2.98252e+06 324142 2.65838e+06 24668 22195 2.53787e+06 13799 120509 14020 106489 21695 84794 15067
internal_count=3026251 2982519 324142 2658377 24668 22195 2537868 13799 120509 14020 106489 21695 84794 15067
is_linear=0
shrinkage=0.02


Tree=178
num_leaves=15
num_cat=0
split_feature=5 4 9 9 6 22 9 19 4 20 25 4 7 20
split_gain=431352 659609 2.01612e+06 1.38128e+06 901205 732972 656332 751252 718481 1.05264e+06 660116 540747 511314 2.19356e+06
threshold=0.077500000596046462 239.73500061035159 -0.68669712543487538 -0.27933107316493982 115.0654640197754 10991.551269531252 -0.6304970085620879 12791.838378906252 251.41500091552737 10956.199707031252 0.05923102609813214 251.41500091552737 10879.343750000002 10843.401367187502
decision_type=2 2 2 2 2 2 2 2 2 2 2 2 2 2
left_child=1 12 -3 4 6 -6 8 -8 -4 -10 -11 -2 13 -1
right_child=11 2 3 -5 5 -7 7 -9 9 10 -12 -13 -14 -15
leaf_value=-0.0031420359950816517 0.035121762254651169 0.29213590651242949 -0.10141214618663179 0.58591953475846414 -0.92602316517213967 -0.14004823896764579 -0.015869364280070363 -0.48337889888486929 -0.1712774408283152 0.20829176278618292 -0.90333703914909769 0.26085355088591106 -0.0030146844748106479 0.12932484866267449
leaf_weight=240526 60291 4518 4021 928 1159 806 11649 1549 2320 236 1952 4557 2628623 63116
leaf_count=240526 60291 4518 4021 928 1159 806 11649 1549 2320 236 1952 4557 2628623 63116
internal_value=1.99134e-07 -0.00111723 -0.0957891 -0.167068 -0.196797 -0.605985 -0.159527 -0.0710652 -0.29617 -0.469275 -0.783024 0.0510225 -0.000176147 0.0243962
internal_weight=3.02625e+06 2.9614e+06 29138 24620 23692 1965 21727 13198 8529 4508 2188 64848 2.93226e+06 303642
internal_count=3026251 2961403 29138 24620 23692 1965 21727 13198 8529 4508 2188 64848 2932265 303642
is_linear=0
shrinkage=0.02


Tree=179
num_leaves=15
num_cat=0
split_feature=16 21 7 20 4 20 4 22 7 7 4 20 9 4
split_gain=427516 436503 830709 794863 846828 772536 909141 771497 4.65475e+06 2.27765e+06 2.30638e+06 1.63571e+06 1.25041e+06 1.13506e+06
threshold=-23.100000381469723 12778.339355468752 12764.483398437502 12796.067382812502 131.47499847412112 12796.067382812502 239.73500061035159 12225.601074218752 12219.075683593752 12241.801269531252 149.93499755859378 12283.176269531252 -0.68419089913368214 -129.57500457763669
decision_type=2 2 2 2 2 2 2 2 2 2 2 2 2 2
left_child=-1 2 3 7 -5 -3 -7 9 13 11 -11 -2 -10 -9
right_child=1 5 -4 4 -6 6 -8 8 12 10 -12 -13 -14 -15
leaf_value=0.03317032971902948 -0.0042742203657734181 0.16787098952282967 -0.08839163598051572 -0.065332382327176822 -0.57492544890675878 0.024643888464124557 -0.47061917651278301 0.49214267862059452 0.14464589208840298 -0.19487266854231436 -1.1525586758186428 0.4989992364173883 -0.0065942848845279012 0.19605895821191122
leaf_weight=147821 2392652 16639 44619 3970 1935 36689 1535 6492 23508 9723 1113 2576 311351 25628
leaf_count=147821 2392652 16639 44619 3970 1935 36689 1535 6492 23508 9723 1113 2576 311351 25628
internal_value=1.12969e-07 -0.00170344 -0.00278917 -0.00141441 -0.233013 0.0541648 0.0046367 -0.000920394 0.0260909 -0.00504032 -0.294213 -0.00373087 0.00402712 0.256038
internal_weight=3.02625e+06 2.87843e+06 2.82357e+06 2.77895e+06 5905 54863 38224 2.77304e+06 366979 2.40606e+06 10836 2.39523e+06 334859 32120
internal_count=3026251 2878430 2823567 2778948 5905 54863 38224 2773043 366979 2406064 10836 2395228 334859 32120
is_linear=0
shrinkage=0.02


Tree=180
num_leaves=15
num_cat=0
split_feature=7 19 20 7 24 21 24 7 8 7 4 7 21 21
split_gain=428183 4.22804e+06 1.45572e+06 1.60157e+06 3.49847e+06 2.34393e+06 2.58989e+06 1.41553e+06 1.37587e+06 1.36903e+06 1.34716e+06 1.25601e+06 1.31307e+06 1.39942e+06
threshold=11203.908691406252 11199.422363281252 11161.575195312502 11021.642089843752 11019.254882812502 10978.111328125002 10988.964355468752 11037.683593750002 -0.85837611556053151 11210.404785156252 -180.56000518798825 11008.638671875002 10948.634765625002 10932.129394531252
decision_type=2 2 2 2 2 2 2 2 2 2 2 2 2 2
left_child=2 9 3 5 7 6 11 -5 -6 -2 -10 -1 13 -13
right_child=1 -3 -4 4 8 -7 -8 -9 10 -11 -12 12 -14 -15
leaf_value=0.0015403833353498286 -0.062045973772081889 0.0001720443509073745 0.053056413618347842 -0.14100558358437462 0.18807771839388904 0.093419192936400872 -0.95894805793728544 -0.40351677271637526 -0.47918426173256534 -0.23401082736286111 -0.020894758739044558 0.16148336960178403 -0.08417661684052534 -0.88490323237027935
leaf_weight=631240 34739 1748951 242408 25367 12671 117960 1123 12157 2601 39673 147909 690 6829 1933
leaf_count=631240 34739 1748951 242408 25367 12671 117960 1123 12157 2601 39673 147909 690 6829 1933
internal_value=4.43459e-08 -0.00611032 0.00926225 -0.00179103 -0.0520379 0.0114829 -0.00357751 -0.226139 -0.0119913 -0.153749 -0.028846 -0.00188797 -0.230608 -0.610068
internal_weight=3.02625e+06 1.82336e+06 1.20289e+06 960480 200705 759775 641815 37524 163181 74412 150510 640692 9452 2623
internal_count=3026251 1823363 1202888 960480 200705 759775 641815 37524 163181 74412 150510 640692 9452 2623
is_linear=0
shrinkage=0.02


Tree=181
num_leaves=15
num_cat=0
split_feature=9 8 7 0 22 7 4 19 7 0 7 7 22 7
split_gain=425384 435491 1.16773e+06 1.07637e+06 814970 991355 733640 502626 4.82543e+06 1.43201e+06 1.3693e+06 1.10822e+06 1.47207e+06 1.34249e+06
threshold=0.8301217555999757 -0.99445033073425282 11365.117187500002 2367.5000000000005 11401.974121093752 11418.685058593752 -175.52500152587888 11205.707031250002 11210.404785156252 1929.5000000000002 11216.125488281252 11153.163574218752 11258.217773437502 11183.187988281252
decision_type=2 2 2 2 2 2 2 2 2 2 2 2 2 2
left_child=1 2 6 -4 5 -5 -1 8 -3 -10 11 -9 13 -13
right_child=-2 7 3 4 -6 -7 -8 10 9 -11 -12 12 -14 -15
leaf_value=0.29590923203606589 -0.147148215455459 0.001626044988617894 -0.0057913556678752592 -0.14847824828105105 -0.087343215013454864 -0.6154699569377251 0.034466528739804526 -0.11930123734717278 -0.054484248750993544 -0.25939064614079566 0.0056890915277753185 0.31049632992845033 0.61086354496118545 0.062353884318242091
leaf_weight=4849 7828 1176789 82279 5699 60345 2667 36914 8639 21569 37145 1515762 10432 2361 52973
leaf_count=4849 7828 1176789 82279 5699 60345 2667 36914 8639 21569 37145 1515762 10432 2361 52973
internal_value=-1.27008e-07 0.000381968 -0.0287036 -0.0545927 -0.113021 -0.29791 0.0648861 0.00236614 -0.00720336 -0.184139 0.00980131 0.0935623 0.121538 0.103224
internal_weight=3.02625e+06 3.01842e+06 192753 150990 68711 8366 41763 2.82567e+06 1.2355e+06 58714 1.59017e+06 74405 65766 63405
internal_count=3026251 3018423 192753 150990 68711 8366 41763 2825670 1235503 58714 1590167 74405 65766 63405
is_linear=0
shrinkage=0.02


Tree=182
num_leaves=15
num_cat=0
split_feature=17 7 19 0 19 7 7 19 7 9 8 4 4 19
split_gain=419877 426358 3.90271e+06 1.97105e+06 1.31384e+06 1.22134e+06 1.0524e+06 2.90092e+06 2.08768e+06 1.86942e+06 1.33272e+06 1.21701e+06 1.15979e+06 1.06742e+06
threshold=0.11005010083317758 11203.908691406252 11199.422363281252 1949.5000000000002 11171.715332031252 11210.404785156252 11008.638671875002 10975.288574218752 10999.976074218752 -0.65655234456062306 -0.93786895275115956 39.274999618530281 -132.02500152587888 11156.434082031252
decision_type=2 2 2 2 2 2 2 2 2 2 2 2 2 2
left_child=-1 4 3 -3 6 -5 8 9 -2 -8 -9 -10 13 -12
right_child=1 2 -4 5 -6 -7 7 10 11 -11 12 -13 -14 -15
leaf_value=0.077582828254686445 0.0055291867176422704 -0.018082181424770499 -0.00075162002695842794 -0.11138430180662036 0.054856305162182054 -0.3197559754365214 0.1859171358586833 0.18208178861045987 0.08123871816176724 -0.38744637723156522 -0.26347085656590991 0.37625387013025829 -0.015204336110958765 0.062899532050108814
leaf_weight=27638 694232 28517 1728446 19818 203349 26070 2722 12671 14215 13668 14567 9220 225594 5524
leaf_count=27638 694232 28517 1728446 19818 203349 26070 2722 12671 14215 13668 14567 9220 225594 5524
internal_value=-1.32098e-07 -0.000715472 -0.00685732 -0.148675 0.00854456 -0.229809 -0.00094532 -0.0342313 0.0117979 -0.292167 -0.0178572 0.197418 -0.0281759 -0.173748
internal_weight=3.02625e+06 2.99861e+06 1.80285e+06 74405 1.19576e+06 45888 992413 274746 717667 16390 258356 23435 245685 20091
internal_count=3026251 2998613 1802851 74405 1195762 45888 992413 274746 717667 16390 258356 23435 245685 20091
is_linear=0
shrinkage=0.02


Tree=183
num_leaves=15
num_cat=0
split_feature=5 4 8 20 20 19 19 8 4 4 25 22 4 22
split_gain=414722 600253 1.59755e+06 1.13242e+06 2.65864e+06 949125 1.2221e+06 854758 520951 498746 856134 518004 532767 492966
threshold=0.077500000596046462 229.26499938964847 0.71458885073661815 10993.073730468752 10956.199707031252 11378.787109375002 11413.494628906252 0.75427865982055675 251.41500091552737 170.42499542236331 0.013148405123502018 10813.351074218752 83.064998626708999 12795.255859375002
decision_type=2 2 2 2 2 2 2 2 2 2 2 2 2 2
left_child=1 -1 -3 4 -4 -5 -7 -6 9 11 -11 -2 -13 -8
right_child=8 2 3 5 7 6 13 -9 -10 10 -12 12 -14 -15
leaf_value=-4.9643843928822101e-05 -0.10989590842702007 0.26266810429871862 -0.10181356052261538 0.16863075975992228 0.2524192166943704 -0.74655060474310408 -0.029729324103636101 -0.858825461389503 0.25598329497159911 -0.93662876649336313 -0.048073335768782512 0.011004259462606808 0.15321031254866177 -0.3867823920911761
leaf_weight=2921968 6066 4808 9226 6259 300 1152 12890 3052 4557 441 11387 19574 22823 1748
leaf_count=2921968 6066 4808 9226 6259 300 1152 12890 3052 4557 441 11387 19574 22823 1748
internal_value=-1.3514e-07 -0.00109583 -0.0785936 -0.126041 -0.277393 -0.0396136 -0.122215 -0.758909 0.0500289 0.034422 -0.0819675 0.0628397 0.0875747 -0.0726032
internal_weight=3.02625e+06 2.9614e+06 39435 34627 12578 22049 15790 3352 64848 60291 11828 48463 42397 14638
internal_count=3026251 2961403 39435 34627 12578 22049 15790 3352 64848 60291 11828 48463 42397 14638
is_linear=0
shrinkage=0.02


Tree=184
num_leaves=15
num_cat=0
split_feature=24 4 19 23 8 0 4 4 8 21 20 4 21 8
split_gain=413514 1.62484e+06 1.45143e+06 1.21081e+06 1.82306e+06 2.23115e+06 1.2026e+06 997762 813052 811042 2.23153e+06 881650 679677 625178
threshold=12220.252441406252 -170.61000061035153 12371.182617187502 12237.079101562502 0.82309290766716015 1618.5000000000002 128.23500061035159 -239.11000061035153 -0.79123097658157338 12201.887695312502 12203.279785156252 229.26499938964847 12242.282226562502 0.82817849516868602
decision_type=2 2 2 2 2 2 2 2 2 2 2 2 2 2
left_child=7 2 -2 4 6 -6 -3 -1 -4 10 -9 -12 -8 -11
right_child=1 3 8 -5 5 -7 12 9 -10 13 11 -13 -14 -15
leaf_value=-0.11875669051194118 0.46579109883419195 0.059368746767640604 0.026408686560536299 0.0004023339023460901 -0.042721558477624495 0.45477382401093708 -0.23330120276197666 -0.001367013589272953 0.44772610363980281 -0.12707123820646157 0.39576911382904839 -0.63871613208429956 -1.0136616267358887 0.02869472810632908
leaf_weight=29589 5586 16050 12642 452976 5539 10313 2449 2431158 2133 35397 7009 337 539 14534
leaf_count=29589 5586 16050 12642 452976 5539 10313 2449 2431158 2133 35397 7009 337 539 14534
internal_value=-2.7244e-07 0.0164555 0.191459 0.00914797 0.122659 0.281021 -0.00927792 -0.0033217 0.0874954 -0.00194862 -0.000314606 0.347505 -0.376987 -0.0817335
internal_weight=3.02625e+06 508227 20361 487866 34890 15852 19038 2.51802e+06 14775 2.48844e+06 2.4385e+06 7346 2988 49931
internal_count=3026251 508227 20361 487866 34890 15852 19038 2518024 14775 2488435 2438504 7346 2988 49931
is_linear=0
shrinkage=0.02


Tree=185
num_leaves=15
num_cat=0
split_feature=16 21 7 20 4 22 7 7 4 20 9 4 4 21
split_gain=408576 437837 746183 745116 780190 706184 3.9576e+06 2.04149e+06 2.00919e+06 1.49653e+06 1.15037e+06 956444 948112 804193
threshold=-20.100000381469723 12778.339355468752 12764.483398437502 12796.067382812502 131.47499847412112 12225.601074218752 12219.075683593752 12241.801269531252 149.93499755859378 12283.176269531252 -0.68419089913368214 -239.11000061035153 -132.02500152587888 12341.518066406252
decision_type=2 2 2 2 2 2 2 2 2 2 2 2 2 2
left_child=-1 2 3 5 -5 7 12 9 -9 11 13 -2 -7 -8
right_child=1 -3 -4 4 -6 6 10 8 -10 -11 -12 -13 -14 -15
leaf_value=0.021668041229532368 -0.12290317616590311 0.055555271039525407 -0.08684112045312492 -0.064153452585702889 -0.56282324249918136 0.47311238336116712 -0.0081286402220523031 -0.19142912187615127 -1.1135011588404227 0.47961309797106844 -0.0064246496068887946 -0.0036360821999108467 0.18927677380835842 0.23737161463639006
leaf_weight=312166 27214 50989 42384 3729 1884 5865 8724 9481 1041 2541 294100 2228527 23871 13735
leaf_count=312166 27214 50989 42384 3729 1884 5865 8724 9481 1041 2541 294100 2228527 23871 13735
internal_value=-2.86337e-07 -0.00249259 -0.00360422 -0.00225772 -0.232238 -0.0017632 0.0248387 -0.00582364 -0.283627 -0.00452801 0.00411311 -0.00507551 0.2454 0.142047
internal_weight=3.02625e+06 2.71408e+06 2.6631e+06 2.62071e+06 5613 2.6151e+06 346295 2.2688e+06 10522 2.25828e+06 316559 2.25574e+06 29736 22459
internal_count=3026251 2714085 2663096 2620712 5613 2615099 346295 2268804 10522 2258282 316559 2255741 29736 22459
is_linear=0
shrinkage=0.02


Tree=186
num_leaves=15
num_cat=0
split_feature=8 4 17 25 4 4 24 20 8 19 20 9 24 20
split_gain=410607 1.01638e+06 498483 494325 459282 421781 1.5677e+06 630540 789124 463802 885283 420815 401439 609053
threshold=-0.99445033073425282 -175.52500152587888 0.1455325856804848 0.032597748562693603 12.215000152587892 -209.25499725341794 12152.713867187502 12417.510742187502 -0.85837611556053151 10882.390625000002 10870.170898437502 0.8301217555999757 12829.062011718752 12804.373046875002
decision_type=2 2 2 2 2 2 2 2 2 2 2 2 2 2
left_child=1 -1 -2 4 -3 6 9 8 -8 10 -4 12 13 -7
right_child=2 3 5 -5 -6 11 7 -9 -10 -11 -12 -13 -14 -15
leaf_value=0.22353163242290272 0.065782718784816202 -0.0043091391524082709 -0.050930774517551368 -0.07670475425419658 -0.28860034474479462 0.0028772637179464034 0.55454496893492888 0.0095022085751394394 0.10984447027541912 -0.12237133332458904 0.55003704275860887 -0.14456854193187393 0.12279477188249197 -0.097270170581254159
leaf_weight=6197 48052 110104 5518 74141 2311 2675449 2534 7467 4302 45658 1182 7799 11034 24503
leaf_count=6197 48052 110104 5518 74141 2311 2675449 2534 7467 4302 45658 1182 7799 11034 24503
internal_value=-3.27341e-07 -0.0282452 0.00192116 -0.0366203 -0.0101789 0.000819238 -0.0488794 0.136624 0.27526 -0.0995714 0.0557495 0.00203796 0.00246026 0.00196803
internal_weight=3.02625e+06 192753 2.8335e+06 186556 112415 2.78545e+06 66661 14303 6836 52358 6700 2.71878e+06 2.71099e+06 2.69995e+06
internal_count=3026251 192753 2833498 186556 112415 2785446 66661 14303 6836 52358 6700 2718785 2710986 2699952
is_linear=0
shrinkage=0.02


Tree=187
num_leaves=15
num_cat=0
split_feature=8 7 22 7 7 24 7 24 7 7 7 22 25 22
split_gain=394353 1.09319e+06 674231 901847 404159 3.11694e+06 1.02916e+06 1.88796e+06 3.01879e+06 1.87646e+06 1.15868e+06 2.21199e+06 1.37497e+06 1.03814e+06
threshold=-0.99445033073425282 11365.117187500002 11381.477050781252 11415.491699218752 12683.662597656252 12677.822265625002 12545.775390625002 12297.340332031252 12292.634765625002 12281.076660156252 12241.801269531252 12219.626953125002 0.060831956565380103 12236.846679687502
decision_type=2 2 2 2 2 2 2 2 2 2 2 2 2 2
left_child=1 -1 3 -3 5 6 7 8 10 -9 11 -2 -13 -12
right_child=4 2 -4 -5 -6 -7 -8 9 -10 -11 13 12 -14 -15
leaf_value=0.062873080628503789 -0.00010008368434966987 -0.14752994226148633 -0.04305575845358605 -0.77325471337901963 -0.030131706936740429 0.24865549256372249 -0.06190625775319912 0.34938505232212858 -0.53138634870223878 0.056296768388909089 -0.26512820604898307 0.099308899223916336 0.44993567884599833 -0.035082919554670862
leaf_weight=41763 2338641 6436 143487 1067 149404 20603 97794 9368 4257 128138 11872 45349 4955 23117
leaf_count=41763 2338641 6436 143487 1067 149404 20603 97794 9368 4257 128138 11872 45349 4955 23117
internal_value=-2.64093e-07 -0.0276805 -0.0527297 -0.237428 0.00188281 0.00366494 0.00176892 0.0041962 0.000113385 0.0762884 0.00104902 0.00272271 0.133929 -0.113193
internal_weight=3.02625e+06 192753 150990 7503 2.8335e+06 2.68409e+06 2.66349e+06 2.5657e+06 2.42819e+06 137506 2.42393e+06 2.38894e+06 50304 34989
internal_count=3026251 192753 150990 7503 2833498 2684094 2663491 2565697 2428191 137506 2423934 2388945 50304 34989
is_linear=0
shrinkage=0.02


Tree=188
num_leaves=15
num_cat=0
split_feature=5 24 20 20 24 23 0 24 23 20 0 24 20 5
split_gain=398273 389196 641904 644433 872222 481887 479337 417245 895462 922530 574651 478934 1.39881e+06 567499
threshold=0.082499999552965178 12829.062011718752 12804.373046875002 12775.502441406252 12781.450195312502 12758.740234375002 2067.5000000000005 12220.252441406252 12237.079101562502 12268.063964843752 1301.5000000000002 12205.278808593752 12208.276367187502 0.06749999895691873
decision_type=2 2 2 2 2 2 2 2 2 2 2 2 2 2
left_child=1 2 3 4 7 -4 -3 11 9 10 -9 12 -1 -14
right_child=-2 6 5 -5 -6 -7 -8 8 -10 -11 -12 -13 13 -15
leaf_value=-0.0037163385562504459 0.059911094091628141 -0.03004212151695303 -0.20265101374470657 0.090521837172556713 -0.22011366606568761 -0.025350791771026126 0.22622299325488829 -0.038018757060225568 0.0087968220644531001 0.46047389384937393 0.14378205425760299 -0.076374160736157728 0.35309430350328042 -0.47108826642610779
leaf_weight=2438309 43732 5208 10827 30792 7268 14131 6628 10347 393016 2831 21179 36070 5566 347
leaf_count=2438309 43732 5208 10827 30792 7268 14131 6628 10347 393016 2831 21179 36070 5566 347
internal_value=-3.00107e-07 -0.000878972 -0.0013352 -0.000479274 -0.00144088 -0.102316 0.113531 -0.000893525 0.0173578 0.115257 0.0841203 -0.00403844 -0.00297064 0.304011
internal_weight=3.02625e+06 2.98252e+06 2.97068e+06 2.94572e+06 2.91493e+06 24958 11836 2.90766e+06 427373 34357 31526 2.48029e+06 2.44422e+06 5913
internal_count=3026251 2982519 2970683 2945725 2914933 24958 11836 2907665 427373 34357 31526 2480292 2444222 5913
is_linear=0
shrinkage=0.02


Tree=189
num_leaves=15
num_cat=0
split_feature=16 24 4 19 22 9 21 4 4 9 21 0 4 22
split_gain=392390 422940 1.40349e+06 1.15725e+06 999402 919788 908781 1.00081e+06 908763 729342 725758 608815 570444 537189
threshold=-23.100000381469723 12220.252441406252 -170.61000061035153 12371.182617187502 12209.860839843752 -0.63350945711135853 12236.303710937502 81.735000610351577 -278.60499572753901 0.61151722073555004 12201.887695312502 2946.5000000000005 -85.66500091552733 12171.132324218752
decision_type=2 2 2 2 2 2 2 2 2 2 2 2 2 2
left_child=-1 8 3 -3 -4 11 7 12 -2 -5 13 -6 -7 -10
right_child=1 2 4 9 5 6 -8 -9 10 -11 -12 -13 -14 -15
leaf_value=0.031778040231949432 -0.20193980446024554 0.43420393414022523 0.35006782160787636 0.027090596974201932 0.039739364655257077 0.32890756698711371 -0.010904138886784652 0.34488441253716184 -0.0039348650781570252 0.43402589339822401 -0.08203044257859958 0.1898782947175664 -0.011984194892172624 0.074183437540820837
leaf_weight=147821 9333 5292 3391 11941 34548 2296 389180 5881 2302736 2057 47096 15714 13217 35748
leaf_count=147821 9333 5292 3391 11941 34548 2296 389180 5881 2302736 2057 47096 15714 13217 35748
internal_value=-2.75923e-07 -0.00163235 0.0154295 0.182543 0.00848157 0.00596047 -0.00392636 0.122952 -0.00507708 0.0871581 -0.00430605 0.0867079 0.0386475 -0.00274036
internal_weight=3.02625e+06 2.87843e+06 483517 19290 464227 460836 410574 21394 2.39491e+06 13998 2.38558e+06 50262 15513 2.33848e+06
internal_count=3026251 2878430 483517 19290 464227 460836 410574 21394 2394913 13998 2385580 50262 15513 2338484
is_linear=0
shrinkage=0.02


Tree=190
num_leaves=15
num_cat=0
split_feature=7 21 24 7 7 0 24 7 7 24 7 24 7 7
split_gain=399003 2.29189e+06 1.50375e+06 1.17144e+06 1.52786e+06 1.02612e+06 1.01444e+06 3.18048e+06 1.09208e+06 3.3265e+06 4.24862e+06 2.34688e+06 3.34382e+06 2.59678e+06
threshold=11192.181152343752 11157.409667968752 11174.487304687502 11141.432128906252 11171.726562500002 3479.5000000000005 11215.620117187502 11221.080078125002 11361.277832031252 11363.037109375002 11346.886718750002 11389.246093750002 11422.027343750002 11405.086425781252
decision_type=2 2 2 2 2 2 2 2 2 2 2 2 2 2
left_child=2 -2 -1 -4 -5 -6 7 -3 9 -8 -11 12 -10 -13
right_child=1 6 3 4 5 -7 8 -9 11 10 -12 13 -14 -15
leaf_value=0.0015093216421497074 -0.18227097079477134 -0.0077861517886777245 -0.12389808428095057 0.26119910054026213 0.022178538264948307 0.17798034085542938 0.02248075495291714 -0.21315537233220044 -0.08059125146915945 0.79188363601129863 0.08919143462098722 0.13128381688312885 -0.75567365081459925 -0.002488020221562874
leaf_weight=979247 28881 166404 10546 18690 65789 22750 145196 36832 82783 5269 9898 60564 3033 1390369
leaf_count=979247 28881 166404 10546 18690 65789 22750 145196 36832 82783 5269 9898 60564 3033 1390369
internal_value=-1.41138e-07 -0.00547636 0.00963032 0.0771468 0.0969295 0.0622274 -0.00278853 -0.0450135 0.00226831 0.0519317 0.333668 -0.00291447 -0.104536 0.00309666
internal_weight=3.02625e+06 1.92923e+06 1.09702e+06 117775 107229 88539 1.90035e+06 203236 1.69711e+06 160363 15167 1.53675e+06 85816 1.45093e+06
internal_count=3026251 1929229 1097022 117775 107229 88539 1900348 203236 1697112 160363 15167 1536749 85816 1450933
is_linear=0
shrinkage=0.02


Tree=191
num_leaves=15
num_cat=0
split_feature=13 14 17 4 21 21 22 4 4 4 24 22 21 4
split_gain=387813 1.0287e+06 812038 625794 615924 757882 712243 622526 419388 415069 365495 594170 525185 513439
threshold=1.8999999761581423 0.7100835144519807 0.53776565194129955 -62.085000991821282 11765.752441406252 11447.006835937502 11477.536621093752 67.125000000000014 -253.69499969482419 173.08499908447268 12220.252441406252 12209.860839843752 12201.887695312502 -170.61000061035153
decision_type=2 2 2 2 2 2 2 2 2 2 2 2 2 2
left_child=1 -1 10 -4 5 8 7 -7 -3 -5 12 -12 -2 -13
right_child=2 4 3 9 -6 6 -8 -9 -10 -11 11 13 -14 -15
leaf_value=0.0018345192400180687 -0.0043203836800374479 -0.50506085458211603 -0.10074279336719837 -0.011103398891945884 0.0060322058635160214 0.12614321876322845 0.17036347923714651 0.89454594436449908 0.078484417274755802 -0.12870693674371414 0.33958986847021849 0.17645422702006625 -0.10326066223217469 0.012729666795905033
leaf_weight=1475053 992767 486 57677 125452 53399 652 5172 1204 76182 13265 2333 7969 21924 192716
leaf_count=1475053 992767 486 57677 125452 53399 652 5172 1204 76182 13265 2333 7969 21924 192716
internal_value=-1.29315e-07 0.00670528 -0.00764464 -0.0453821 0.0591074 0.0929649 0.29161 0.626745 0.0747197 -0.022358 -0.00155794 0.0229376 -0.00645916 0.0192396
internal_weight=3.02625e+06 1.61215e+06 1.4141e+06 196394 137095 83696 7028 1856 76668 138717 1.21771e+06 203018 1.01469e+06 200685
internal_count=3026251 1612148 1414103 196394 137095 83696 7028 1856 76668 138717 1217709 203018 1014691 200685
is_linear=0
shrinkage=0.02


Tree=192
num_leaves=15
num_cat=0
split_feature=9 9 25 24 0 0 20 20 21 25 0 24 9 0
split_gain=390480 384107 1.02096e+06 374178 398939 532281 372809 698091 508951 766713 737735 692698 923593 497279
threshold=0.8301217555999757 -0.7377723455429076 0.058278817683458335 11537.701171875002 533.50000000000011 2227.5000000000005 12854.678222656252 12821.602050781252 12766.390136718752 0.071519419550895705 1084.5000000000002 12781.450195312502 -0.56790637969970692 1558.5000000000002
decision_type=2 2 2 2 2 2 2 2 2 2 2 2 2 2
left_child=1 2 -1 4 -2 -6 7 8 11 10 -10 -3 -13 -8
right_child=3 6 -4 -5 5 -7 13 -9 9 -11 -12 12 -14 -15
leaf_value=0.017028012856130093 0.10534494365899105 -0.00099437362809504256 0.25893061032809472 -0.015271193616474481 -0.6390571754950064 -0.075372687198176649 -0.12405127001768325 -0.15189182312628383 -0.044003778619144986 -0.18668510284279524 0.14178596616094263 -0.079303880767461768 -0.62074124382514206 0.18335397135780424
leaf_weight=48091 780 2883313 8154 4290 1610 1148 2737 12214 11799 4391 30988 6140 1577 9019
leaf_count=48091 780 2883313 8154 4290 1610 1148 2737 12214 11799 4391 30988 6140 1577 9019
internal_value=-6.32149e-08 0.00036602 0.0521375 -0.140982 -0.292935 -0.405554 -0.000617168 -0.00106523 -0.000437733 0.0647156 0.0905536 -0.00150118 -0.190612 0.111738
internal_weight=3.02625e+06 3.01842e+06 56245 7828 3538 2758 2.96218e+06 2.95042e+06 2.93821e+06 47178 42787 2.89103e+06 7717 11756
internal_count=3026251 3018423 56245 7828 3538 2758 2962178 2950422 2938208 47178 42787 2891030 7717 11756
is_linear=0
shrinkage=0.02


Tree=193
num_leaves=15
num_cat=0
split_feature=16 17 4 22 4 19 19 16 13 17 17 20 4 22
split_gain=374345 467517 502540 933253 388077 500667 327403 310374 290811 861746 799285 407372 380559 401759
threshold=-20.100000381469723 0.3050872683525086 -239.11000061035153 12156.807617187502 -170.61000061035153 12226.291503906252 12371.182617187502 10.09999990463257 7.2999999523162851 0.6556764841079713 0.57601621747016918 12517.736816406252 46.854999542236335 11352.937011718752
decision_type=2 2 2 2 2 2 2 2 2 2 2 2 2 2
left_child=-1 4 3 -3 5 -2 -7 -6 9 -4 -10 12 -11 -14
right_child=1 2 8 -5 7 6 -8 -9 10 11 -12 -13 13 -15
leaf_value=0.020740609666424971 0.042590110950858177 -0.14294888536415279 -0.003850538600815241 0.22089956173649558 -0.0014293362263699408 0.41970357282463755 0.1154987189995952 0.02943979998004136 -0.0076756346716188853 0.046219531817649352 -0.068781418339531206 -0.030525685060843633 0.069578653319353298 0.23116608690730314
leaf_weight=312166 20975 21772 1266375 3230 356647 2587 3134 205261 665564 32123 98257 13525 12274 12361
leaf_count=312166 20975 21772 1266375 3230 356647 2587 3134 205261 665564 32123 98257 13525 12274 12361
internal_value=-1.43862e-07 -0.00238576 -0.00675394 -0.0958731 0.0133878 0.0878788 0.253554 0.00984723 -0.0056927 -6.71501e-05 -0.015537 0.0680934 0.0915951 0.150719
internal_weight=3.02625e+06 2.71408e+06 2.12548e+06 25002 588604 26696 5721 561908 2.10048e+06 1.33666e+06 763821 70283 56758 24635
internal_count=3026251 2714085 2125481 25002 588604 26696 5721 561908 2100479 1336658 763821 70283 56758 24635
is_linear=0
shrinkage=0.02


Tree=194
num_leaves=15
num_cat=0
split_feature=9 22 8 4 0 22 17 4 0 0 22 20 20 4
split_gain=374346 398035 377328 969082 761842 473830 458098 410214 383239 368968 366576 356041 684934 637651
threshold=0.8301217555999757 11532.597656250002 -0.99445033073425282 -175.52500152587888 2444.5000000000005 11358.728515625002 0.11005010083317758 1.294999957084656 8272.5000000000018 3068.5000000000005 10712.947265625002 12854.678222656252 12821.602050781252 125.25500106811525
decision_type=2 2 2 2 2 2 2 2 2 2 2 2 2 2
left_child=2 -2 3 -1 -5 -6 9 -7 11 -4 -10 12 -8 -14
right_child=1 -3 6 4 5 7 8 -9 10 -11 -12 -13 13 -15
leaf_value=0.21913352752484913 -0.35866861443430753 -0.045870227213113568 0.026297928443966435 0.00014706455564899481 0.037017548246911731 -0.094858353513818855 0.0020964482076908926 -0.46428270277685052 0.11390633449629613 0.18051776171570891 -0.17069269775200774 0.11397923120336424 -0.082867638366310004 -0.46965865419906322
leaf_weight=6197 2298 5530 16220 106505 11541 67295 2764765 1215 2250 10045 9128 11281 9931 2050
leaf_count=6197 2298 5530 16220 106505 11541 67295 2764765 1215 2250 10045 9128 11281 9931 2050
internal_value=-7.82946e-08 -0.138039 0.000358362 -0.0267154 -0.0348934 -0.0815078 0.00220529 -0.101477 0.00142511 0.085326 -0.114361 0.00189805 0.00144229 -0.149387
internal_weight=3.02625e+06 7828 3.01842e+06 192753 186556 80051 2.82567e+06 68510 2.7994e+06 26265 11378 2.78803e+06 2.77675e+06 11981
internal_count=3026251 7828 3018423 192753 186556 80051 2825670 68510 2799405 26265 11378 2788027 2776746 11981
is_linear=0
shrinkage=0.02


Tree=195
num_leaves=15
num_cat=0
split_feature=7 20 7 21 24 7 24 6 7 4 24 7 0 24
split_gain=389911 1.92902e+06 1.59423e+06 1.537e+06 1.18698e+06 1.04839e+06 1.69685e+06 1.05552e+06 967477 960617 937901 900315 920624 1.14883e+06
threshold=10886.141601562502 10843.401367187502 10833.810546875002 10948.634765625002 10921.526855468752 10789.720703125002 10801.253417968752 50.552278518676765 10863.726074218752 -102.02499771118163 10795.046875000002 10921.998535156252 2946.5000000000005 10954.306640625002
decision_type=2 2 2 2 2 2 2 2 2 2 2 2 2 2
left_child=1 5 9 8 -2 7 -7 -1 -4 -3 -9 12 -6 -14
right_child=4 2 3 -5 11 6 -8 10 -10 -11 -12 -13 13 -15
leaf_value=-0.10743469711427336 -0.063635062027123296 0.68975306869770536 0.12504638782876312 0.55699442814175004 1.0604662810789835e-05 -0.17158823539769053 0.0061066919513703289 0.035719887931910617 -0.032736878891755625 0.22916697371862399 0.36263505578212857 -0.00051957256355927319 0.50246460895069345 -0.042704012607298711
leaf_weight=21131 121394 2536 35786 2544 7158 34070 58212 141223 27470 6342 3590 2557813 4677 2305
leaf_count=21131 121394 2536 35786 2544 7158 34070 58212 141223 27470 6342 3590 2557813 4677 2305
internal_value=-1.4214e-07 0.0204191 0.109936 0.0759628 -0.00252408 -0.00547215 -0.0595086 0.0245793 0.0565316 0.361364 0.0438489 0.000360531 0.159454 0.322679
internal_weight=3.02625e+06 332904 74678 65800 2.69335e+06 258226 92282 165944 63256 8878 144813 2.57195e+06 14140 6982
internal_count=3026251 332904 74678 65800 2693347 258226 92282 165944 63256 8878 144813 2571953 14140 6982
is_linear=0
shrinkage=0.02


Tree=196
num_leaves=15
num_cat=0
split_feature=5 4 8 8 25 8 20 4 21 21 7 8 20 4
split_gain=382070 653502 2.24853e+06 1.28748e+06 999674 1.11218e+06 875693 640508 526377 472289 759943 777638 734115 784408
threshold=0.072500001639127745 251.41500091552737 0.74366798996925365 0.95892572402954113 0.041238306090235717 0.7692478895187379 10956.199707031252 251.41500091552737 12790.008300781252 12778.339355468752 12764.483398437502 0.80448952317237865 12796.067382812502 131.47499847412112
decision_type=2 2 2 2 2 2 2 2 2 2 2 2 2 2
left_child=1 9 -3 4 -4 6 -6 -2 -7 10 12 -12 -1 -14
right_child=7 2 3 -5 5 8 -8 -9 -10 -11 11 -13 13 -15
leaf_value=0.00011174583470826481 0.027225704507058093 0.30501664241346488 -0.96016043130331352 0.64447286162896178 -0.21515179987408389 -0.056384728346055762 -0.84730569928469435 0.2566067808418348 -0.47856010176482427 0.058431310804996993 -0.034263897987392475 -0.22783711199269721 -0.060482282504174478 -0.55681656984125039
leaf_weight=2813803 87390 3879 801 623 1731 7864 1785 5147 1381 53357 31510 11263 3812 1905
leaf_count=2813803 87390 3879 801 623 1731 7864 1785 5147 1381 53357 31510 11263 3812 1905
internal_value=-6.56442e-10 -0.00126218 -0.121153 -0.237826 -0.278803 -0.235315 -0.537582 0.0400107 -0.1199 -0.000518976 -0.0016181 -0.0852775 -0.000348652 -0.226556
internal_weight=3.02625e+06 2.93371e+06 18064 14185 13562 12761 3516 92537 9245 2.91565e+06 2.86229e+06 42773 2.81952e+06 5717
internal_count=3026251 2933714 18064 14185 13562 12761 3516 92537 9245 2915650 2862293 42773 2819520 5717
is_linear=0
shrinkage=0.02


Tree=197
num_leaves=15
num_cat=0
split_feature=7 21 23 4 7 7 24 7 7 24 7 24 7 7
split_gain=376841 2.2032e+06 1.4709e+06 1.30094e+06 986330 1.30792e+06 973011 3.04922e+06 1.04139e+06 3.17791e+06 4.05955e+06 2.24765e+06 3.18882e+06 2.47626e+06
threshold=11192.181152343752 11157.409667968752 11175.851074218752 167.60500335693362 11141.432128906252 11175.472656250002 11215.620117187502 11221.080078125002 11361.277832031252 11363.037109375002 11346.886718750002 11389.246093750002 11422.027343750002 11405.086425781252
decision_type=2 2 2 2 2 2 2 2 2 2 2 2 2 2
left_child=2 -2 -1 4 -4 -6 7 -3 9 -8 -11 12 -10 -13
right_child=1 6 3 -5 5 -7 8 -9 11 10 -12 13 -14 -15
leaf_value=0.0015378269736093517 -0.17866230677050365 -0.007589515575647212 -0.12069020609422454 0.40394210418101018 0.21027654032284063 0.041079241965606111 0.021977070782005847 -0.20867633094871607 -0.078862042662660226 0.77403872208780211 0.087160100889586992 0.12826449756660202 -0.73811221145149764 -0.0023662219323486678
leaf_weight=984718 28881 166404 10465 4682 24398 72759 145196 36832 82783 5269 9898 60564 3033 1390369
leaf_count=984718 28881 166404 10465 4682 24398 72759 145196 36832 82783 5269 9898 60564 3033 1390369
internal_value=-1.42681e-07 -0.00532211 0.00935905 0.0779316 0.0637124 0.0835854 -0.00268679 -0.0440406 0.00226571 0.0507628 0.326135 -0.00279535 -0.102245 0.00308732
internal_weight=3.02625e+06 1.92923e+06 1.09702e+06 112304 107622 97157 1.90035e+06 203236 1.69711e+06 160363 15167 1.53675e+06 85816 1.45093e+06
internal_count=3026251 1929229 1097022 112304 107622 97157 1900348 203236 1697112 160363 15167 1536749 85816 1450933
is_linear=0
shrinkage=0.02


Tree=198
num_leaves=15
num_cat=0
split_feature=9 0 19 7 19 7 24 19 7 19 7 9 7 24
split_gain=372322 873884 684693 1.05822e+06 953236 432053 1.84565e+06 1.15611e+06 1.01304e+06 956415 2.4135e+06 1.03527e+06 915463 877754
threshold=-0.7377723455429076 1656.5000000000002 10849.967285156252 11965.328125000002 11886.456542968752 10886.141601562502 10909.583496093752 10917.446777343752 10918.357421875002 10806.465332031252 10795.694335937502 0.64482465386390697 10863.726074218752 10844.620117187502
decision_type=2 2 2 2 2 2 2 2 2 2 2 2 2 2
left_child=1 -1 -3 4 -4 6 9 13 -9 10 -2 -12 -11 -7
right_child=5 2 3 -5 -6 7 -8 8 -10 12 11 -13 -14 -15
leaf_value=-0.034487572900190715 0.016219626045158274 -0.15035906707060395 0.18748589510457433 0.011451677526813656 0.58447382477909993 0.079834629566530951 0.35989672115248283 0.20140710625112299 -0.0016912242502459091 0.091901501695581034 -0.11934358107212681 -0.41274397220993175 -0.038588553922080458 -0.089691173362269436
leaf_weight=25856 171596 3249 12594 11555 2991 14032 6288 9852 2529151 87505 22919 6084 28505 94074
leaf_count=25856 171596 3249 12594 11555 2991 14032 6288 9852 2529151 87505 22919 6084 28505 94074
internal_value=-1.17536e-07 0.0509722 0.123672 0.156521 0.264001 -0.00096559 0.0208751 -0.00362981 -0.000902351 0.0141307 -0.0123041 -0.181012 0.0598378 -0.0676814
internal_weight=3.02625e+06 56245 30389 27140 15585 2.97001e+06 322897 2.64711e+06 2.539e+06 316609 200599 29003 116010 108106
internal_count=3026251 56245 30389 27140 15585 2970006 322897 2647109 2539003 316609 200599 29003 116010 108106
is_linear=0
shrinkage=0.02


Tree=199
num_leaves=15
num_cat=0
split_feature=7 19 0 19 7 7 22 7 7 19 9 22 4 4
split_gain=363426 3.63992e+06 1.85959e+06 1.16906e+06 1.13552e+06 999639 2.79852e+06 2.04782e+06 1.96679e+06 1.833e+06 1.66508e+06 1.20944e+06 988797 856382
threshold=11203.908691406252 11199.422363281252 1969.5000000000002 11171.715332031252 11210.404785156252 11008.638671875002 11017.870117187502 11037.683593750002 10999.976074218752 10975.288574218752 -0.65655234456062306 11054.844726562502 170.42499542236331 39.274999618530281
decision_type=2 2 2 2 2 2 2 2 2 2 2 2 2 2
left_child=3 2 -2 5 -4 8 7 9 -1 10 -7 13 -5 -10
right_child=1 -3 4 12 -6 6 -8 -9 11 -11 -12 -13 -14 -15
leaf_value=0.0059310770200773069 -0.016826508664616359 0.00019961015595619712 -0.10749075334297098 0.043248336951127765 -0.30905232446834208 0.17275506348161529 0.0014838261341751132 -0.39244013790087956 0.11610860381124788 -0.015203853911045995 -0.37074176929079999 -0.60774201858271049 0.2686321797742498 0.36573962081989109
leaf_weight=700433 28813 1748951 19686 195322 25913 2725 213723 11466 13575 34661 12914 724 8100 9245
leaf_count=700433 28813 1748951 19686 195322 25913 2725 213723 11466 13575 34661 12914 724 8100 9245
internal_value=-6.96173e-08 -0.00562946 -0.142616 0.00853303 -0.222077 -0.00036221 -0.0327864 -0.15135 0.0119761 -0.0963251 -0.27599 0.191737 0.0522357 0.217358
internal_weight=3.02625e+06 1.82336e+06 74412 1.20289e+06 45599 999466 275489 61766 723977 50300 15639 23544 203422 22820
internal_count=3026251 1823363 74412 1202888 45599 999466 275489 61766 723977 50300 15639 23544 203422 22820
is_linear=0
shrinkage=0.02


Tree=200
num_leaves=15
num_cat=0
split_feature=5 4 0 24 0 19 4 21 5 19 19 19 21 19
split_gain=362559 547217 484474 445706 567712 445022 896073 492368 413752 710765 657999 1.16791e+06 716938 998181
threshold=0.077500000596046462 229.26499938964847 4917.5000000000009 12829.062011718752 2087.5000000000005 13490.410644531252 34.944999694824226 12688.952636718752 0.047500001266598708 11378.787109375002 10997.115234375002 10959.465820312502 10951.872558593752 10978.848144531252
decision_type=2 2 2 2 2 2 2 2 2 2 2 2 2 2
left_child=1 3 -2 5 -5 -1 7 -7 10 -10 11 -3 -13 -14
right_child=2 8 -4 4 -6 6 -8 -9 9 -11 -12 12 13 -15
leaf_value=-7.8480654629446714e-05 0.02879957228472586 -0.10466827532254938 0.21303709558296036 -0.029245606752925691 0.25266862210715541 0.19739276808702516 -0.63155041317954708 -0.15721493234089917 0.13538281920781595 -0.20180956407605494 -0.032151827359055411 -0.90981967483404036 0.51234465436338095 -0.54075972791916005
leaf_weight=2901350 58531 8667 6317 5248 6257 2149 1266 5698 7730 3684 15975 1300 453 1626
leaf_count=2901350 58531 8667 6317 5248 6257 2149 1266 5698 7730 3684 15975 1300 453 1626
internal_value=-1.23815e-07 -0.0010246 0.046777 -2.56983e-05 0.124158 -0.000517026 -0.139984 -0.059971 -0.0750196 0.026467 -0.116354 -0.2279 -0.542736 -0.309932
internal_weight=3.02625e+06 2.9614e+06 64848 2.92197e+06 11505 2.91046e+06 9113 7847 39435 11414 28021 12046 3379 2079
internal_count=3026251 2961403 64848 2921968 11505 2910463 9113 7847 39435 11414 28021 12046 3379 2079
is_linear=0
shrinkage=0.02


Tree=201
num_leaves=15
num_cat=0
split_feature=9 22 8 7 22 4 7 23 7 19 7 7 7 22
split_gain=359226 382524 363073 1.02348e+06 1.0831e+06 586029 579107 3.02504e+06 1.05046e+06 1.7675e+06 2.88674e+06 1.63307e+06 1.23733e+06 2.58189e+06
threshold=0.8301217555999757 11532.597656250002 -0.95236524939537037 11368.435058593752 11934.695312500002 -60.385000228881829 12683.662597656252 12679.257324218752 12545.775390625002 12306.427734375002 12292.634765625002 12281.076660156252 12231.562988281252 12219.626953125002
decision_type=2 2 2 2 2 2 2 2 2 2 2 2 2 2
left_child=2 -2 3 -1 5 -5 7 8 9 10 12 -11 13 -4
right_child=1 -3 6 4 -6 -7 -8 -9 -10 11 -12 -13 -14 -15
leaf_value=0.042222063156462146 -0.35151035385383894 -0.044867752436834676 0.0015522760494046759 -0.15715252679604752 -0.015522033857559304 -0.022032305614115694 -0.041139355530601635 0.24684566506059977 -0.062090008950956739 0.34156007660181681 -0.50719593857478107 0.058213466282155776 -0.093597504189438699 0.16109566188934349
leaf_weight=77089 2298 5530 2260149 41207 162220 18654 115647 20447 96415 8722 4448 119431 52689 41305
leaf_count=77089 2298 5530 2260149 41207 162220 18654 115647 20447 96415 8722 4448 119431 52689 41305
internal_value=-2.05396e-07 -0.135222 0.000350921 -0.020561 -0.0423554 -0.115057 0.00265171 0.00459698 0.00267851 0.00518993 0.00125942 0.0775231 0.00222227 0.00441635
internal_weight=3.02625e+06 7828 3.01842e+06 299170 222081 59861 2.71925e+06 2.60361e+06 2.58316e+06 2.48674e+06 2.35859e+06 128153 2.35414e+06 2.30145e+06
internal_count=3026251 7828 3018423 299170 222081 59861 2719253 2603606 2583159 2486744 2358591 128153 2354143 2301454
is_linear=0
shrinkage=0.02


Tree=202
num_leaves=15
num_cat=0
split_feature=16 24 7 7 9 9 20 7 7 9 7 23 9 7
split_gain=352990 400978 3.63073e+06 2.29929e+06 1.8282e+06 945794 790472 2.20438e+06 2.10738e+06 911844 922679 685863 919272 800993
threshold=-23.100000381469723 12220.252441406252 12219.075683593752 12224.289062500002 -0.44019870460033411 0.12987381964921954 12302.967773437502 12292.634765625002 12529.557128906252 -0.59070801734924305 12772.698730468752 12537.365234375002 -0.30268207192420954 12281.076660156252
decision_type=2 2 2 2 2 2 2 2 2 2 2 2 2 2
left_child=-1 3 5 -2 -5 -3 7 -4 11 10 -10 13 -13 -8
right_child=1 2 6 4 -6 -7 8 -9 9 -11 -12 12 -14 -15
leaf_value=0.030140454961803027 -0.0030553428177321181 0.15676211769924886 -0.034048955622443831 -1.1096463738887683 -0.17405412792627575 0.410834429596586 0.27411043088157067 -0.50165247703660942 0.12976901350534351 -0.029521434483338646 -0.068641189066785624 0.10897841108044543 0.42186799406605729 0.046405948563430048
leaf_weight=147821 2373837 27935 54049 862 20214 7417 6833 4348 30553 257774 13516 11765 5515 63812
leaf_count=147821 2373837 27935 54049 862 20214 7417 6833 4348 30553 257774 13516 11765 5515 63812
internal_value=-2.30862e-07 -0.0015482 0.0150647 -0.0049023 -0.212829 0.210169 -0.000329733 -0.0689451 0.00995201 -0.015148 0.0689142 0.0961114 0.209026 0.0684662
internal_weight=3.02625e+06 2.87843e+06 483517 2.39491e+06 21076 35352 448165 58397 389768 301843 44069 87925 17280 70645
internal_count=3026251 2878430 483517 2394913 21076 35352 448165 58397 389768 301843 44069 87925 17280 70645
is_linear=0
shrinkage=0.02


Tree=203
num_leaves=15
num_cat=0
split_feature=7 19 19 7 8 0 6 6 7 21 7 7 23 7
split_gain=350323 1.83272e+06 1.14741e+06 1.41782e+06 1.17997e+06 962022 850693 835108 1.15504e+06 753503 1.19216e+06 1.08078e+06 1.26304e+06 814712
threshold=10886.141601562502 10876.600097656252 10930.491210937502 10921.998535156252 0.72930297255516063 1891.5000000000002 52.396627426147468 110.19230270385744 10942.477539062502 10875.256347656252 10913.314453125002 10913.314453125002 10845.220703125002 10978.528808593752
decision_type=2 2 2 2 2 2 2 2 2 2 2 2 2 2
left_child=1 6 7 4 -4 -3 -1 9 -9 11 -11 12 -2 -13
right_child=2 5 3 -5 -6 -7 -8 8 -10 10 -12 13 -14 -15
leaf_value=-0.1054586300019221 0.34713434477763394 0.0035866859409850855 0.003918656159920441 -0.00024071819951512215 0.43440706098961379 0.27852329105509255 0.016286753277838812 0.24237363809065485 -0.045153654797009918 0.053768305015239666 -0.10141643210872953 0.0051927638143360946 -0.38966489294605006 -0.45618827312408466
leaf_weight=24962 1016 7500 4735 2539398 5502 15840 284602 8152 17717 28495 64853 11497 10226 1756
leaf_count=24962 1016 7500 4735 2539398 5502 15840 284602 8152 17717 28495 64853 11497 10226 1756
internal_value=-2.4861e-07 0.0193547 -0.00239263 0.000706673 0.23549 0.190216 0.00646654 -0.0573746 0.0455116 -0.0799624 -0.0540445 -0.17867 -0.322825 -0.0562358
internal_weight=3.02625e+06 332904 2.69335e+06 2.54964e+06 10237 23340 309564 143712 25869 117843 93348 24495 11242 13253
internal_count=3026251 332904 2693347 2549635 10237 23340 309564 143712 25869 117843 93348 24495 11242 13253
is_linear=0
shrinkage=0.02


Tree=204
num_leaves=15
num_cat=0
split_feature=5 4 4 8 20 20 20 20 8 7 20 7 20 20
split_gain=351889 604542 594033 1.30205e+06 1.0325e+06 2.41515e+06 894014 1.12498e+06 647677 461588 1.81003e+06 1.4085e+06 1.1214e+06 1.7612e+06
threshold=0.072500001639127745 251.41500091552737 229.26499938964847 0.71212160587310802 10993.073730468752 10956.199707031252 11388.461425781252 11419.507812500002 0.75427865982055675 10879.343750000002 10843.401367187502 10833.810546875002 10886.916992187502 10855.941894531252
decision_type=2 2 2 2 2 2 2 2 2 2 2 2 2 2
left_child=2 -2 9 -4 5 -5 -6 -8 -7 10 -1 -12 13 -11
right_child=1 -3 3 4 6 8 7 -9 -10 12 11 -13 -14 -15
leaf_value=-0.0018921786745304207 0.02597686740169285 0.2488245459460941 0.24385900303844518 -0.099474349900842252 0.16520381942237733 0.28810381611357344 -0.71005150686883811 -0.070270016053826587 -0.81317533425486122 0.04110199913931769 0.36477816314546813 0.08252654167485339 -0.00097788064613145084 -0.19228316106432719
leaf_weight=234840 87390 5147 4401 9004 6160 225 1181 14340 3011 22355 8137 53695 2545696 30669
leaf_count=234840 87390 5147 4401 9004 6160 225 1181 14340 3011 22355 8137 53695 2545696 30669
internal_value=-2.24102e-07 0.0383976 -0.00121153 -0.0794281 -0.121432 -0.268209 -0.0384832 -0.119378 -0.735945 -0.000176013 0.023458 0.119724 -0.00287418 -0.093898
internal_weight=3.02625e+06 92537 2.93371e+06 38322 33921 12240 21681 15521 3236 2.89539e+06 296672 61832 2.59872e+06 53024
internal_count=3026251 92537 2933714 38322 33921 12240 21681 15521 3236 2895392 296672 61832 2598720 53024
is_linear=0
shrinkage=0.02


Tree=205
num_leaves=15
num_cat=0
split_feature=13 17 17 7 16 0 4 7 19 7 19 4 4 7
split_gain=346739 902053 884288 633558 491297 515520 451115 432165 1.47055e+06 1.65858e+06 941056 765972 707915 649042
threshold=6.2999999523162851 0.54389113187789928 0.62979054450988781 12531.569824218752 -4.4999999999999991 2765.5000000000005 53.664999008178718 11190.757812500002 11215.259765625002 11221.080078125002 11180.057617187502 167.60500335693362 -134.42499542236325 11141.432128906252
decision_type=2 2 2 2 2 2 2 2 2 2 2 2 2 2
left_child=2 -2 7 6 -3 -6 -4 10 9 -9 -1 13 -11 -12
right_child=1 4 3 -5 5 -7 -8 8 -10 12 11 -13 -14 -15
leaf_value=0.0069230077700613013 -0.0017512564691554136 0.037419804075931359 0.041281196226081118 -0.048722485876682438 -0.031208041811673973 -0.1109839378132948 0.12467994356371197 -0.035181510430570676 0.0023166801165147815 -0.49716040358132496 -0.10836930820004988 0.42131756008163224 -0.1758970063214936 0.10085340618048971
leaf_weight=620960 942218 20124 64075 19533 68861 61206 43604 110297 993301 3149 6751 2673 21127 48372
leaf_count=620960 942218 20124 64075 19533 68861 61206 43604 110297 993301 3149 6751 2673 21127 48372
internal_value=-2.47621e-07 -0.00900755 0.0050879 0.0560525 -0.0545263 -0.0687542 0.0750617 0.00149898 -0.00608934 -0.068131 0.0141082 0.0912916 -0.217759 0.0752142
internal_weight=3.02625e+06 1.09241e+06 1.93384e+06 127212 150191 130067 107679 1.80663e+06 1.12787e+06 134573 678756 57796 24276 55123
internal_count=3026251 1092409 1933842 127212 150191 130067 107679 1806630 1127874 134573 678756 57796 24276 55123
is_linear=0
shrinkage=0.02


Tree=206
num_leaves=15
num_cat=0
split_feature=9 22 8 7 23 7 19 7 7 6 7 22 7 23
split_gain=344333 367447 348020 972186 623096 822832 442563 4.05204e+06 1.25425e+06 1.01826e+06 992629 1.4136e+06 1.18828e+06 829795
threshold=0.8301217555999757 11532.597656250002 -0.99445033073425282 11365.117187500002 11383.553710937502 11415.491699218752 11205.707031250002 11210.404785156252 11216.125488281252 86.138927459716811 11153.163574218752 11258.217773437502 11183.187988281252 11347.118164062502
decision_type=2 2 2 2 2 2 2 2 2 2 2 2 2 2
left_child=2 -2 3 -1 5 -5 7 -4 10 -9 -8 12 -12 -10
right_child=1 -3 6 4 -6 -7 8 9 13 -11 11 -13 -14 -15
leaf_value=0.059737341186811309 -0.3443723817291045 -0.043833845337570419 0.0012286742461441286 -0.13875969159595153 -0.039487080249992729 -0.72139677545372549 -0.11219777462695195 -0.10139273894424564 -0.041563735673766075 -0.27166207980545837 0.29279360859219777 0.59524204614329868 0.059338099688222491 0.0098451172853324213
leaf_weight=41763 2298 5530 1176789 7163 142714 1113 8639 35413 138178 23301 10432 2361 52973 1377584
leaf_count=41763 2298 5530 1176789 7163 142714 1113 8639 35413 138178 23301 10432 2361 52973 1377584
internal_value=-2.60808e-07 -0.13239 0.00034351 -0.0256575 -0.0492798 -0.217894 0.00211726 -0.00686229 0.00909406 -0.169 0.0892589 0.115736 0.0977889 0.00515839
internal_weight=3.02625e+06 7828 3.01842e+06 192753 150990 8276 2.82567e+06 1.2355e+06 1.59017e+06 58714 74405 65766 63405 1.51576e+06
internal_count=3026251 7828 3018423 192753 150990 8276 2825670 1235503 1590167 58714 74405 65766 63405 1515762
is_linear=0
shrinkage=0.02


Tree=207
num_leaves=15
num_cat=0
split_feature=0 7 7 19 7 20 7 24 20 23 7 7 7 0
split_gain=343476 619618 374295 1.98774e+06 2.16826e+06 1.35032e+06 1.05664e+06 3.20645e+06 1.66857e+06 1.57542e+06 1.43944e+06 1.0765e+06 1.05087e+06 1.34703e+06
threshold=8272.5000000000018 10676.426269531252 11192.181152343752 11205.707031250002 11221.080078125002 11164.425292968752 11021.642089843752 11019.254882812502 10975.904785156252 10942.932617187502 11008.638671875002 10886.141601562502 11141.432128906252 3305.5000000000005
decision_type=2 2 2 2 2 2 2 2 2 2 2 2 2 2
left_child=2 -2 5 4 -4 6 8 9 10 -8 -1 -10 -7 -14
right_child=1 -3 3 -5 -6 12 7 -9 11 -11 -12 -13 13 -15
leaf_value=0.0015018133885701596 0.32567636742526868 -0.15933422580053716 -0.039241412822718903 0.0017642586909069591 -0.23487270825321932 -0.12112716497090105 0.21823696215136004 -0.0010565204434595016 0.54248372206658668 -0.25108503634098994 -0.26126105834305291 0.069674617934706376 0.04207916580942736 0.18184505300182
leaf_weight=614343 1165 10235 159877 1740422 26396 11114 3124 151166 1946 33093 8444 127624 99084 38218
leaf_count=614343 1165 10235 159877 1740422 26396 11114 3124 151166 1946 33093 8444 127624 99084 38218
internal_value=-3.08503e-07 -0.109526 0.000414193 -0.00488174 -0.0669748 0.00979118 0.000936906 -0.0415567 0.0115209 -0.210553 -0.00206494 0.0768172 0.0658506 0.0809935
internal_weight=3.02625e+06 11400 3.01485e+06 1.9267e+06 186273 1.08816e+06 939740 187383 752357 36217 622787 129570 148416 137302
internal_count=3026251 11400 3014851 1926695 186273 1088156 939740 187383 752357 36217 622787 129570 148416 137302
is_linear=0
shrinkage=0.02


Tree=208
num_leaves=15
num_cat=0
split_feature=5 4 8 20 20 20 20 8 8 24 23 7 24 7
split_gain=340799 451848 1.40423e+06 923790 2.31973e+06 826031 1.0083e+06 724593 443658 438123 580106 974153 431379 844005
threshold=0.082499999552965178 229.26499938964847 0.71827605366706859 10993.073730468752 10956.199707031252 11388.461425781252 11419.507812500002 0.75427865982055675 0.96970045566558849 12793.651367187502 12519.130859375002 12599.093261718752 12829.062011718752 12832.255859375002
decision_type=2 2 2 2 2 2 2 2 2 2 2 2 2 2
left_child=1 12 -3 4 -4 8 -7 -6 -5 10 11 -8 13 -1
right_child=-2 2 3 5 7 6 9 -9 -10 -11 -12 -13 -14 -15
leaf_value=6.0218966919145159e-06 0.055419952422462546 0.24123657495964065 -0.08706707603459575 0.083613144683869545 0.19276002226512107 -0.68413530553371915 -0.068380038148832978 -0.78640554515356875 0.52944114471947024 -0.35937299415078566 0.10669311564816981 -0.81684436952030526 0.12227545890167414 -0.30047156150795851
leaf_weight=2926620 43732 5152 9762 5329 331 1128 5683 3094 1064 1783 6551 783 11505 3734
leaf_count=2926620 43732 5152 9762 5329 331 1128 5683 3094 1064 1783 6551 783 11505 3734
internal_value=-2.81239e-07 -0.000813085 -0.0670207 -0.111803 -0.244456 -0.0333574 -0.110426 -0.691485 0.158527 -0.0662665 -0.0258718 -0.16014 0.0001022 -0.000377879
internal_weight=3.02625e+06 2.98252e+06 40660 35508 13187 22321 15928 3425 6393 14800 13017 6466 2.94186e+06 2.93035e+06
internal_count=3026251 2982519 40660 35508 13187 22321 15928 3425 6393 14800 13017 6466 2941859 2930354
is_linear=0
shrinkage=0.02


Tree=209
num_leaves=15
num_cat=0
split_feature=17 7 19 20 7 22 22 20 7 8 8 7 20 7
split_gain=336943 338331 3.23242e+06 1.19211e+06 1.34724e+06 2.93381e+06 1.66056e+06 1.62986e+06 1.32168e+06 1.20488e+06 1.19601e+06 1.04059e+06 1.08726e+06 1.03655e+06
threshold=0.11005010083317758 11203.908691406252 11199.422363281252 11161.575195312502 11021.642089843752 11017.870117187502 10946.284179687502 10975.904785156252 11008.638671875002 -0.85837611556053151 0.75427865982055675 11210.404785156252 11158.451660156252 10886.141601562502
decision_type=2 2 2 2 2 2 2 2 2 2 2 2 2 2
left_child=-1 3 11 4 7 6 -6 8 -2 -7 -10 12 -3 -9
right_child=1 2 -4 -5 5 9 -8 13 10 -11 -12 -13 -14 -15
leaf_value=0.06949939975320292 -0.00015439918074181732 -0.26621568965442793 -0.00055570986253260842 0.047219031415762072 0.21704803956294147 0.17427231711529007 -0.25688954386015184 0.53154774829653928 -0.12043803439978402 -0.028651100901280594 -0.68368863298831284 -0.20515306491826166 0.0041027912247966879 0.06756817892375365
leaf_weight=27638 616357 7615 1728446 242310 3248 12671 32248 1946 6446 151924 1961 39671 27119 126651
leaf_count=27638 616357 7615 1728446 242310 3248 12671 32248 1946 6446 151924 1961 39671 27119 126651
internal_value=-3.92409e-07 -0.000641203 -0.0061124 0.00760769 -0.00245949 -0.048589 -0.213473 0.00979286 -0.00355377 -0.0130197 -0.252479 -0.135178 -0.0552202 0.0746303
internal_weight=3.02625e+06 2.99861e+06 1.80285e+06 1.19576e+06 953452 200091 35496 753361 624764 164595 8407 74405 34734 128597
internal_count=3026251 2998613 1802851 1195762 953452 200091 35496 753361 624764 164595 8407 74405 34734 128597
is_linear=0
shrinkage=0.02


Tree=210
num_leaves=15
num_cat=0
split_feature=21 23 23 9 9 0 20 21 20 0 0 19 23 23
split_gain=347866 715036 686711 1.42123e+06 570610 485231 463100 743336 604793 651340 488744 441101 415727 391252
threshold=12766.390136718752 12707.855468750002 12679.257324218752 -0.63350945711135853 -0.59070801734924305 1182.5000000000002 12796.067382812502 12803.990234375002 12854.678222656252 2643.5000000000005 1578.5000000000002 12061.184570312502 12717.862792968752 12804.314941406252
decision_type=2 2 2 2 2 2 2 2 2 2 2 2 2 2
left_child=1 2 -1 -4 5 -2 7 -6 9 -8 -10 -9 -3 -7
right_child=4 12 3 -5 6 13 8 11 10 -11 -12 -13 -14 -15
leaf_value=-0.00028368199222238844 -0.099735023142603879 -0.1840476960508747 0.42833102816372892 0.0283320941549648 0.041631788322278984 0.41014859674789683 0.0024010986241477373 0.097940913380817188 -0.12399804283249187 -0.20550195316724459 0.18559689676746297 0.53604740736975731 -0.043779937974689112 0.12054901696648569
leaf_weight=2860704 1852 9692 4517 16524 19777 3629 16087 1616 2757 9629 7765 2139 65708 3855
leaf_count=2860704 1852 9692 4517 16524 19777 3629 16087 1616 2757 9629 7765 2139 65708 3855
internal_value=-4.14314e-07 -0.00103708 0.000553817 0.114366 0.0443533 0.18968 0.0216252 0.0906901 -0.0232358 -0.0754942 0.104433 0.34827 -0.0618324 0.261339
internal_weight=3.02625e+06 2.95714e+06 2.88174e+06 21041 69106 9336 59770 23532 36238 25716 10522 3755 75400 7484
internal_count=3026251 2957145 2881745 21041 69106 9336 59770 23532 36238 25716 10522 3755 75400 7484
is_linear=0
shrinkage=0.02


Tree=211
num_leaves=15
num_cat=0
split_feature=19 7 0 7 0 7 6 19 7 20 7 20 20 7
split_gain=334186 2.60711e+06 775803 675034 613775 446207 566740 516559 900960 1.49699e+06 1.44031e+06 1.51289e+06 1.24853e+06 1.81595e+06
threshold=10665.117675781252 10676.426269531252 2107.5000000000005 10073.079589843752 8272.5000000000018 10689.769531250002 86.775657653808608 10725.460937500002 10782.446289062502 10800.633300781252 10863.726074218752 10843.401367187502 10886.916992187502 10908.922363281252
decision_type=2 2 2 2 2 2 2 2 2 2 2 2 2 2
left_child=3 2 -2 -1 5 6 -3 -7 -9 -10 11 -11 -12 -14
right_child=1 4 -4 -5 -6 7 -8 8 9 10 12 -13 13 -15
leaf_value=0.085862977741037572 -0.075312902034758766 0.015430758599695294 0.34181465888640011 -0.080321226028454651 -0.15485876089222039 -0.10172126208241647 0.2319766172533031 0.096537013367707133 -0.11179741763233798 0.0051154185265142628 -0.087735334951832208 0.16198191780587481 0.15621849558030776 -0.0015060498944908516
leaf_weight=12260 2107 13741 11489 48128 10235 19999 7450 38346 47986 54713 66109 44664 29518 2619506
leaf_count=12260 2107 13741 11489 48128 10235 19999 7450 38346 47986 54713 66109 44664 29518 2619506
internal_value=-3.26641e-07 0.000948097 0.277162 -0.0465735 -0.000324872 0.000213251 0.091635 -0.000450327 0.000248197 -0.00104201 0.000846694 0.0756269 -0.00189061 0.000252046
internal_weight=3.02625e+06 2.96586e+06 13596 60388 2.95227e+06 2.94203e+06 21191 2.92084e+06 2.90084e+06 2.8625e+06 2.81451e+06 99377 2.71513e+06 2.64902e+06
internal_count=3026251 2965863 13596 60388 2952267 2942032 21191 2920841 2900842 2862496 2814510 99377 2715133 2649024
is_linear=0
shrinkage=0.02


Tree=212
num_leaves=15
num_cat=0
split_feature=21 7 24 7 7 9 7 7 25 24 7 7 9 9
split_gain=334971 933124 751240 840374 570261 783163 797486 774636 467909 464715 3.68202e+06 2.28166e+06 1.79938e+06 1.08698e+06
threshold=12766.390136718752 12764.483398437502 12781.450195312502 12832.255859375002 12719.121582031252 -0.59070801734924305 12778.510742187502 12764.483398437502 0.040350010618567474 12220.252441406252 12219.075683593752 12224.289062500002 -0.44019870460033411 -0.68419089913368214
decision_type=2 2 2 2 2 2 2 2 2 2 2 2 2 2
left_child=1 9 3 -3 -2 7 -7 -6 -4 11 -11 -1 -13 -12
right_child=4 2 8 -5 5 6 -8 -9 -10 10 13 12 -14 -15
leaf_value=-0.0011510662881494532 0.17230064205594692 -0.036949710425857138 -0.17551606155605712 -0.4342496820490695 0.45517507358222586 -0.11529015444547153 0.050557991570926886 0.055860416709794539 -0.57130517225617616 0.20782192756029258 0.12922714589398726 -1.0912567689779382 -0.17039636407183426 -0.008641957413438036
leaf_weight=2496652 11462 30989 3193 2277 2962 18786 30272 5624 1913 37901 24523 876 20496 338325
leaf_count=2496652 11462 30989 3193 2277 2962 18786 30272 5624 1913 37901 24523 876 20496 338325
internal_value=-2.87964e-07 -0.00101755 -0.0989889 -0.0642671 0.0435236 0.0178916 -0.0129611 0.193988 -0.324632 0.000270765 0.0202745 -0.00291293 -0.208634 0.000679144
internal_weight=3.02625e+06 2.95714e+06 38372 33266 69106 57644 49058 8586 5106 2.91877e+06 400749 2.51802e+06 21372 362848
internal_count=3026251 2957145 38372 33266 69106 57644 49058 8586 5106 2918773 400749 2518024 21372 362848
is_linear=0
shrinkage=0.02


Tree=213
num_leaves=15
num_cat=0
split_feature=5 4 4 8 20 20 19 19 8 25 4 25 8 25
split_gain=332276 594062 516305 1.19396e+06 920942 2.13698e+06 843517 1.04333e+06 590775 455831 443025 979335 498927 569539
threshold=0.072500001639127745 251.41500091552737 229.26499938964847 0.71212160587310802 10993.073730468752 10956.199707031252 11378.787109375002 11413.494628906252 0.75427865982055675 0.10082118213176729 167.60500335693362 0.013148405123502018 0.86057791113853466 0.075050402432680144
decision_type=2 2 2 2 2 2 2 2 2 2 2 2 2 2
left_child=2 10 -1 -4 5 -5 -6 -8 -7 -3 -2 -12 13 -13
right_child=1 9 3 4 6 8 7 -9 -10 -11 11 12 -14 -15
leaf_value=-0.00021205374719695844 0.046922669383950198 0.29434175974224919 0.23547845078548205 -0.094220447365433183 0.1618688845556879 0.28480077782083063 -0.68339304653363098 -0.067266535873275468 -0.76668560682168596 -0.47844685038295359 -0.85681725303725442 -0.030261502308540633 -0.15632723506832377 0.3402247080979231
leaf_weight=2895392 70646 4830 4401 9004 6160 225 1181 14340 3011 317 596 6361 7552 2235
leaf_count=2895392 70646 4830 4401 9004 6160 225 1181 14340 3011 317 596 6361 7552 2235
internal_value=-3.83866e-07 0.0373121 -0.00117745 -0.0740974 -0.114321 -0.252941 -0.035981 -0.114559 -0.692917 0.245907 0.0249995 -0.0674698 -0.0378226 0.0663477
internal_weight=3.02625e+06 92537 2.93371e+06 38322 33921 12240 21681 15521 3236 5147 87390 16744 16148 8596
internal_count=3026251 92537 2933714 38322 33921 12240 21681 15521 3236 5147 87390 16744 16148 8596
is_linear=0
shrinkage=0.02


Tree=214
num_leaves=15
num_cat=0
split_feature=8 7 23 7 17 19 7 7 7 24 7 1 23 7
split_gain=332040 920070 597695 790583 409531 351758 3.62733e+06 1.22111e+06 926591 1.39961e+06 1.13388e+06 905584 709596 6.80514e+06
threshold=-0.99445033073425282 11365.117187500002 11383.553710937502 11415.491699218752 0.11005010083317758 11205.707031250002 11210.404785156252 11216.125488281252 11153.163574218752 11257.042480468752 11171.726562500002 88.384277343750014 11347.118164062502 11346.886718750002
decision_type=2 2 2 2 2 2 2 2 2 2 2 2 2 2
left_child=1 -1 3 -3 -2 6 -6 8 -7 10 -10 -8 -9 -14
right_child=4 2 -4 -5 5 7 11 12 9 -11 -12 -13 13 -15
leaf_value=0.057674632608308407 0.080305982701618941 -0.13595375733404011 -0.038789150328287295 -0.70705889677215883 0.00066591646365161202 -0.10834875073067129 -0.10751371987683764 -0.039984608089830682 0.40048898285658069 0.56965131132262892 0.069920449946976659 -0.27711288304303089 0.51362057319483556 0.0037451803308145978
leaf_weight=41763 26274 7163 142714 1113 1169733 8636 40410 137483 4457 2558 58743 18302 10542 1356360
leaf_count=41763 26274 7163 142714 1113 1169733 8636 40410 137483 4457 2558 58743 18302 10542 1356360
internal_value=-4.93428e-07 -0.0253998 -0.0483802 -0.213522 0.00172741 0.000991669 -0.00703424 0.00723663 0.0863276 0.111907 0.0932928 -0.160421 0.00332491 0.00768125
internal_weight=3.02625e+06 192753 150990 8276 2.8335e+06 2.80722e+06 1.22844e+06 1.57878e+06 74394 65758 63200 58712 1.50438e+06 1.3669e+06
internal_count=3026251 192753 150990 8276 2833498 2807224 1228445 1578779 74394 65758 63200 58712 1504385 1366902
is_linear=0
shrinkage=0.02


Tree=215
num_leaves=15
num_cat=0
split_feature=9 19 7 0 7 0 7 19 19 7 20 7 20 20
split_gain=330676 327304 2.49781e+06 745136 649245 585192 425539 546351 501158 857387 1.45119e+06 1.36938e+06 1.45248e+06 1.21108e+06
threshold=0.8301217555999757 10665.117675781252 10676.426269531252 2107.5000000000005 10073.079589843752 8272.5000000000018 10689.769531250002 10691.500976562502 10725.460937500002 10782.446289062502 10800.633300781252 10863.726074218752 10843.401367187502 10886.916992187502
decision_type=2 2 2 2 2 2 2 2 2 2 2 2 2 2
left_child=1 4 3 -3 -1 6 7 -4 -8 -10 -11 12 -12 -13
right_child=-2 2 5 -5 -6 -7 8 -9 9 10 11 13 -14 -15
leaf_value=0.084128576373126762 -0.12973804650324766 -0.073799880861699974 -0.13734107697444567 0.33500000730435181 -0.07885026458155435 -0.15086383489606048 -0.099843615600412716 0.13516989617329031 0.09452499187016232 -0.10971246801161204 0.0050205711993347004 -0.08602320784741227 0.15872306541276318 0.00063765179012671084
leaf_weight=12260 7828 2107 3522 11489 48128 10235 19999 17669 38346 47986 54713 66109 44664 2641196
leaf_count=12260 7828 2107 3522 11489 48128 10235 19999 17669 38346 47986 54713 66109 44664 2641196
internal_value=-4.64695e-07 0.00033642 0.0012775 0.271638 -0.0457534 2.81772e-05 0.000555033 0.0898335 -9.47311e-05 0.000595155 -0.0006669 0.00119784 0.0741098 -0.0014788
internal_weight=3.02625e+06 3.01842e+06 2.95804e+06 13596 60388 2.94444e+06 2.9342e+06 21191 2.91301e+06 2.89301e+06 2.85467e+06 2.80668e+06 99377 2.7073e+06
internal_count=3026251 3018423 2958035 13596 60388 2944439 2934204 21191 2913013 2893014 2854668 2806682 99377 2707305
is_linear=0
shrinkage=0.02


Tree=216
num_leaves=15
num_cat=0
split_feature=9 7 23 19 4 21 7 24 19 7 24 7 7 19
split_gain=324248 822994 1.03537e+06 702131 691921 342933 340910 1.60955e+06 1.01558e+06 927857 830207 1.86771e+06 834726 828388
threshold=-0.7377723455429076 11985.183593750002 12052.288085937502 10849.967285156252 38.155000686645515 12341.518066406252 10886.141601562502 10909.583496093752 10917.446777343752 10918.357421875002 10844.620117187502 10978.528808593752 10937.899902343752 10806.465332031252
decision_type=2 2 2 2 2 2 2 2 2 2 2 2 2 2
left_child=1 2 3 -1 -5 -3 7 13 10 -10 11 12 -8 -2
right_child=6 5 -4 4 -6 -7 8 -9 9 -11 -12 -13 -14 -15
leaf_value=-0.090951925442709594 -0.012400811546312861 -0.087336102567703508 0.61533341888437831 -0.01688602061976284 0.20303881512742031 0.12251280050996811 0.37138240925907462 0.33509411053700988 0.19290507939673299 -0.0014666915986457441 -0.084706038451786217 -0.50127410175413356 0.033889399592551897 0.054739161540029224
leaf_weight=7189 200599 17582 1525 8445 17728 3776 4942 6288 9852 2529151 94074 1900 7190 116010
leaf_count=7189 200599 17582 1525 8445 17728 3776 4942 6288 9852 2529151 94074 1900 7190 116010
internal_value=-4.58892e-07 0.0475674 0.107416 0.0840204 0.132098 -0.0501948 -0.000901447 0.0184993 -0.00326803 -0.000711713 -0.0633006 0.0801635 0.171562 0.0122011
internal_weight=3.02625e+06 56245 34887 33362 26173 21358 2.97001e+06 322897 2.64711e+06 2.539e+06 108106 14032 12132 316609
internal_count=3026251 56245 34887 33362 26173 21358 2970006 322897 2647109 2539003 108106 14032 12132 316609
is_linear=0
shrinkage=0.02


Tree=217
num_leaves=15
num_cat=0
split_feature=5 7 23 7 5 7 19 7 19 7 19 5 6 7
split_gain=318842 332213 1.58104e+06 1.21348e+06 1.27362e+06 1.20517e+06 1.18558e+06 2.16046e+06 994548 1.14884e+06 935326 952479 848826 1.00167e+06
threshold=0.082499999552965178 10879.343750000002 10826.257324218752 10833.810546875002 -0.012499999720603226 10789.720703125002 10930.491210937502 10921.998535156252 10773.389648437502 10728.651367187502 10806.465332031252 -1.0000000180025095e-35 110.19230270385744 10942.477539062502
decision_type=2 2 2 2 2 2 2 2 2 2 2 2 2 2
left_child=1 2 5 4 -4 8 12 -8 -1 -10 11 -7 -3 -14
right_child=-2 6 3 -5 -6 10 7 -9 9 -11 -12 -13 13 -15
leaf_value=0.0047148673864096267 0.053604777610267551 -0.079194701127284314 0.50234683104307498 0.062040747116199675 0.095818625892692549 -0.31549222673276883 0.25986158648640489 -0.0011239049313297072 0.58115856442772729 0.10140620085480091 0.009239471258388891 -0.085795685972813049 0.22008717667326708 -0.041257171559488132
leaf_weight=143020 43732 124994 5550 66738 6932 9304 12742 2505774 2261 16590 29984 32200 8773 17657
leaf_count=143020 43732 124994 5550 66738 6932 9304 12742 2505774 2261 16590 29984 32200 8773 17657
internal_value=-3.74527e-07 -0.000786559 0.0187213 0.0959151 0.276836 -0.00748713 -0.00307048 0.000197525 0.0227177 0.159227 -0.0758741 -0.137351 -0.0574212 0.0455414
internal_weight=3.02625e+06 2.98252e+06 312579 79220 12482 233359 2.66994e+06 2.51852e+06 161871 18851 71488 41504 151424 26430
internal_count=3026251 2982519 312579 79220 12482 233359 2669940 2518516 161871 18851 71488 41504 151424 26430
is_linear=0
shrinkage=0.02


Tree=218
num_leaves=15
num_cat=0
split_feature=21 7 22 7 7 4 9 7 7 4 20 4 24 7
split_gain=323851 896386 722793 807475 554155 866101 750452 765678 745190 585117 551815 791284 580782 3.41473e+06
threshold=12766.390136718752 12764.483398437502 12783.526367187502 12832.255859375002 12719.121582031252 -79.244998931884751 -0.59070801734924305 12778.510742187502 12764.483398437502 251.41500091552737 12775.502441406252 140.31500244140628 12220.252441406252 12219.075683593752
decision_type=2 2 2 2 2 2 2 2 2 2 2 2 2 2
left_child=1 10 3 -3 5 -2 8 -8 -6 -9 12 -12 -1 -14
right_child=4 2 -4 -5 6 -7 7 9 -10 -11 11 -13 13 -15
leaf_value=-0.002857778190501772 0.51316424514580716 -0.036188512412769741 -0.31835373686354496 -0.4256341293361649 0.44608192415822745 0.081696681642554628 -0.1129414553319948 0.072052642335657793 0.054430972431296805 -0.29383609645550307 -0.050995861040405287 -0.54786412328755096 0.20370425730431133 0.0040473834009031751
leaf_weight=2518024 2329 30989 5106 2277 2962 9133 18786 28419 5624 1853 4850 1734 37901 356264
leaf_count=2518024 2329 30989 5106 2277 2962 9133 18786 28419 5624 1853 4850 1734 37901 356264
internal_value=-2.7586e-07 -0.00100052 -0.0970239 -0.0629659 0.0427951 0.169741 0.0175277 -0.0126738 0.189907 0.0495657 0.000262189 -0.182489 0.000675993 0.0232502
internal_weight=3.02625e+06 2.95714e+06 38372 33266 69106 11462 57644 49058 8586 30272 2.91877e+06 6584 2.91219e+06 394165
internal_count=3026251 2957145 38372 33266 69106 11462 57644 49058 8586 30272 2918773 6584 2912189 394165
is_linear=0
shrinkage=0.02


Tree=219
num_leaves=15
num_cat=0
split_feature=8 7 23 7 7 23 7 7 20 8 22 7 7 8
split_gain=321410 883013 572851 759610 334994 4.42236e+06 2.96713e+06 1.55476e+06 5.46377e+06 4.67256e+06 3.77181e+06 2.25666e+06 1.22511e+06 1.56459e+06
threshold=-0.99445033073425282 11365.117187500002 11383.553710937502 11415.491699218752 11577.411621093752 11565.328613281252 11755.942382812502 11440.685058593752 11449.333007812502 0.79456663131713878 11425.907714843752 11408.011230468752 11512.223632812502 0.93898549675941478
decision_type=2 2 2 2 2 2 2 2 2 2 2 2 2 2
left_child=1 -1 3 -3 5 7 -6 8 -2 -10 -9 -11 -7 -14
right_child=4 2 -4 -5 6 12 -8 10 9 11 -12 -13 13 -15
leaf_value=0.056394552636432796 -0.0007787515829426958 -0.1331423926477274 -0.038112963875122988 -0.69294827941052106 0.18879157542980202 -0.25592325866077198 0.0043046978067517319 -0.51660737215089458 0.047240237407259071 1.0384415376135645 -0.043336793590364138 0.40200613653263068 0.051830676929774014 -0.9390533975165376
leaf_weight=41763 1645748 7163 142714 1113 36076 8804 1035790 7379 10723 3750 76233 5527 839 2629
leaf_count=41763 1645748 7163 142714 1113 36076 8804 1035790 7379 10723 3750 76233 5527 839 2629
internal_value=-2.97677e-07 -0.0249897 -0.0475026 -0.209176 0.00169972 -0.0036644 0.0105157 -0.00100921 0.00321527 0.33171 -0.0851613 0.660113 -0.381849 -0.699867
internal_weight=3.02625e+06 192753 150990 8276 2.8335e+06 1.76163e+06 1.07187e+06 1.74936e+06 1.66575e+06 20000 83612 9277 12272 3468
internal_count=3026251 192753 150990 8276 2833498 1761632 1071866 1749360 1665748 20000 83612 9277 12272 3468
is_linear=0
shrinkage=0.02


Tree=220
num_leaves=15
num_cat=0
split_feature=13 14 7 14 4 13 7 17 24 7 4 4 24 7
split_gain=314746 776968 416111 395925 773336 490335 418498 446457 682676 408840 389205 367872 319046 1.30263e+06
threshold=-3.8999999761581416 0.64059123396873485 12531.569824218752 0.66965228319168102 -62.085000991821282 6.9000000953674325 11965.328125000002 0.66266375780105602 11353.534179687502 11385.908691406252 170.42499542236331 59.98500061035157 12220.252441406252 12212.934082031252
decision_type=2 2 2 2 2 2 2 2 2 2 2 2 2 2
left_child=1 -1 11 12 -5 6 7 -6 -9 -10 -7 -3 -2 -14
right_child=3 2 -4 4 5 10 -8 8 9 -11 -12 -13 13 -15
leaf_value=-0.00046007990924248508 -0.0056316850515749561 0.028559453615294553 -0.028043917979239816 -0.086147738676199487 0.050632487888186292 -0.019592317899506599 -0.026912086656032602 0.078456122042455612 0.80368087087503859 0.24779886413386149 -0.14854504550533804 0.08118959061824875 0.18729895429731558 0.0067041403453342663
leaf_weight=965135 1303048 143501 32891 68274 31315 102695 23540 3796 1055 1078 10292 84359 17115 238157
leaf_count=965135 1303048 143501 32891 68274 31315 102695 23540 3796 1055 1078 10292 84359 17115 238157
internal_value=-3.46648e-07 0.00781611 0.0384483 -0.00532268 -0.0291199 -0.0067101 0.0390902 0.0808035 0.2398 0.525219 -0.0313509 0.0480471 -0.00162621 0.0188193
internal_weight=3.02625e+06 1.22589e+06 260751 1.80036e+06 242045 173771 60784 37244 5929 2133 112987 227860 1.55832e+06 255272
internal_count=3026251 1225886 260751 1800365 242045 173771 60784 37244 5929 2133 112987 227860 1558320 255272
is_linear=0
shrinkage=0.02


Tree=221
num_leaves=15
num_cat=0
split_feature=9 19 7 0 7 0 7 23 7 19 7 19 7 9
split_gain=312909 310412 2.38229e+06 711464 621087 552873 410510 614074 818779 1.22406e+06 1.60289e+06 1.14813e+06 2.24662e+06 1.09054e+06
threshold=0.8301217555999757 10665.117675781252 10676.426269531252 2484.5000000000005 10073.079589843752 8272.5000000000018 10689.769531250002 10712.646972656252 10782.446289062502 10806.465332031252 10863.726074218752 10930.491210937502 10921.998535156252 0.60596671700477611
decision_type=2 2 2 2 2 2 2 2 2 2 2 2 2 2
left_child=1 4 3 -3 -1 6 -4 -8 13 -10 -11 -12 -13 -9
right_child=-2 2 5 -5 -6 -7 7 8 9 10 11 12 -14 -15
leaf_value=0.082476885521893542 -0.12620428435163419 -0.031100114814275433 0.088223726386916224 0.33582351776611352 -0.07692850401329264 -0.14664233367361207 -0.11318626983730468 -0.0091581592261649573 -0.090444165177377106 0.084461997315664783 -0.052689977717912687 0.25350444835502045 0.00046171779811792965 0.20333136829536222
leaf_weight=12260 7828 2615 21191 10981 48128 10235 19072 20296 59380 89749 164258 14103 2527729 18426
leaf_count=12260 7828 2615 21191 10981 48128 10235 19072 20296 59380 89749 164258 14103 2527729 18426
internal_value=-2.62188e-07 0.000327447 0.00124392 0.265278 -0.0445573 2.38313e-05 0.000535933 -0.000102255 0.000643387 -0.000595637 0.00131294 -0.00144504 0.00186669 0.0919816
internal_weight=3.02625e+06 3.01842e+06 2.95804e+06 13596 60388 2.94444e+06 2.9342e+06 2.91301e+06 2.89394e+06 2.85522e+06 2.79584e+06 2.70609e+06 2.54183e+06 38722
internal_count=3026251 3018423 2958035 13596 60388 2944439 2934204 2913013 2893941 2855219 2795839 2706090 2541832 38722
is_linear=0
shrinkage=0.02


Tree=222
num_leaves=15
num_cat=0
split_feature=21 7 24 7 0 20 7 7 9 7 20 7 24 7
split_gain=311930 859765 695542 775339 540479 648279 984681 757759 694006 718421 530100 635103 548517 3.22271e+06
threshold=12766.390136718752 12764.483398437502 12781.450195312502 12832.255859375002 1045.5000000000002 12796.067382812502 12793.913574218752 12757.961914062502 -0.58503037691116322 12719.121582031252 12775.502441406252 12719.121582031252 12220.252441406252 12219.075683593752
decision_type=2 2 2 2 2 2 2 2 2 2 2 2 2 2
left_child=1 10 3 -3 -2 7 8 -6 -7 -10 12 -12 -1 -14
right_child=4 2 -4 -5 5 6 -8 -9 9 -11 11 -13 13 -15
leaf_value=-0.0027738763925852471 -0.060497279484842757 -0.035374451614393045 -0.31214057689014368 -0.41699179357871458 0.33220678861399694 0.32618891776162356 0.16911023634167388 0.074580946753685692 0.10887668299057987 -0.1662277976982017 -0.029575765223810828 -0.43706934434089106 0.1979057034109627 0.0039434185022756748
leaf_weight=2518024 15850 30989 5106 2277 6845 1687 11205 13707 5110 14702 4179 2405 37901 356264
leaf_count=2518024 15850 30989 5106 2277 6845 1687 11205 13707 5110 14702 4179 2405 37901 356264
internal_value=-2.30376e-07 -0.000981888 -0.0950233 -0.0616136 0.0420001 0.0725112 0.0171804 0.160506 -0.0620444 -0.0952515 0.000254754 -0.178865 0.000660335 0.0225985
internal_weight=3.02625e+06 2.95714e+06 38372 33266 69106 53256 32704 20552 21499 19812 2.91877e+06 6584 2.91219e+06 394165
internal_count=3026251 2957145 38372 33266 69106 53256 32704 20552 21499 19812 2918773 6584 2912189 394165
is_linear=0
shrinkage=0.02


Tree=223
num_leaves=15
num_cat=0
split_feature=9 25 7 7 7 25 8 7 24 9 24 0 7 24
split_gain=311856 901589 821086 749993 484606 330414 777281 652302 3.02067e+06 1.53399e+06 1.78943e+06 1.29409e+06 1.01799e+06 5.09399e+06
threshold=-0.7377723455429076 0.058278817683458335 11985.183593750002 11947.308593750002 11965.328125000002 0.043618736788630492 -0.95664271712303151 12529.557128906252 12210.648925781252 0.58549055457115184 12418.477050781252 2966.5000000000005 11408.011230468752 11458.908691406252
decision_type=2 2 2 2 2 2 2 2 2 2 2 2 2 2
left_child=1 2 3 -1 -5 -2 -7 8 12 11 -11 -10 13 -8
right_child=5 -3 -4 4 -6 6 7 -9 9 10 -12 -13 -14 -15
leaf_value=0.024604286863407567 0.0037751530942510153 0.24097787395015857 -0.089936588461915851 0.4188152918008658 0.0768900446183408 -0.074539920336718191 0.00023134909569634947 -0.054552125760892453 0.03428530269041051 -0.31864385360167641 0.28607090806839092 0.24528396067501121 -0.044980866056844704 0.80308797682804423
leaf_weight=22692 1996265 8154 18696 3686 3017 70194 506094 96650 17330 5693 2971 35345 236293 3171
leaf_count=22692 1996265 8154 18696 3686 3017 70194 506094 96650 17330 5693 2971 35345 236293 3171
internal_value=-2.42125e-07 0.0466498 0.0136571 0.0795543 0.265263 -0.000883846 -0.0104352 -0.00545431 0.000427198 0.135326 -0.111186 0.175886 -0.0106729 0.00524614
internal_weight=3.02625e+06 56245 48091 29395 6703 2.97001e+06 973741 903547 806897 61339 8664 52675 745558 509265
internal_count=3026251 56245 48091 29395 6703 2970006 973741 903547 806897 61339 8664 52675 745558 509265
is_linear=0
shrinkage=0.02


Tree=224
num_leaves=15
num_cat=0
split_feature=21 7 19 7 22 7 7 4 9 7 7 4 24 7
split_gain=304639 674919 1.59469e+06 2.78956e+06 2.62093e+06 1.68858e+06 1.42219e+06 1.41435e+06 1.16207e+06 1.10307e+06 1.03616e+06 965962 889572 1.52973e+06
threshold=12778.339355468752 12545.775390625002 12306.427734375002 12231.562988281252 12219.626953125002 12281.076660156252 12292.634765625002 156.17499542236331 -0.70459485054016102 12672.994628906252 12241.801269531252 -122.34499740600585 12544.802734375002 12609.880371093752
decision_type=2 2 2 2 2 2 2 2 2 2 2 2 2 2
left_child=1 2 3 4 -1 -4 7 -5 9 -3 -9 -6 13 -10
right_child=-2 8 5 6 11 -7 -8 10 12 -11 -12 -13 -14 -15
leaf_value=-0.0014298953985527499 0.045552701483316971 0.52132695205283885 0.3338398899753488 -0.087927188252445956 0.37275930177479683 0.049245102065415991 -0.47086402931905441 -0.12303941078535208 -0.11895844106923234 0.057960953397557233 -1.0573880339656621 0.10951134508383792 -0.034148737444455332 -0.72499482111193903
leaf_weight=2497143 57596 2498 8889 57956 6335 132726 4584 864 16275 11397 1052 46171 180918 1847
leaf_count=2497143 57596 2498 8889 57956 6335 132726 4584 864 16275 11397 1052 46171 180918 1847
internal_value=-1.33984e-07 -0.000884079 0.0017668 -0.00177445 0.00151073 0.0671312 -0.131705 -0.105663 -0.0351892 0.14158 -0.63889 0.141338 -0.0475361 -0.181093
internal_weight=3.02625e+06 2.96866e+06 2.75572e+06 2.6141e+06 2.54965e+06 141615 64456 59872 212935 13895 1916 52506 199040 18122
internal_count=3026251 2968655 2755720 2614105 2549649 141615 64456 59872 212935 13895 1916 52506 199040 18122
is_linear=0
shrinkage=0.02


Tree=225
num_leaves=15
num_cat=0
split_feature=5 4 8 20 20 19 19 8 8 22 22 7 7 4
split_gain=304401 386650 1.26999e+06 821657 2.10435e+06 757021 908964 661205 405962 399997 624731 864985 380482 356100
threshold=0.082499999552965178 229.26499938964847 0.71827605366706859 10993.073730468752 10956.199707031252 11378.787109375002 11413.494628906252 0.75427865982055675 0.96970045566558849 12795.255859375002 12518.403808593752 12599.093261718752 11440.685058593752 251.41500091552737
decision_type=2 2 2 2 2 2 2 2 2 2 2 2 2 2
left_child=1 -1 -3 4 -4 8 12 -6 -5 10 11 -8 -7 -2
right_child=13 2 3 5 7 6 9 -9 -10 -11 -12 -13 -14 -15
leaf_value=7.8300377544554301e-05 0.034513222453009244 0.23113848109909646 -0.079805961177358595 0.081409403425688448 0.18908496720699969 -0.092918087873566008 -0.07852901591524078 -0.74615416092356457 0.50788257701880879 -0.34396531080891057 0.10866935684241064 -0.78560632977479639 -0.89090411022456006 0.23477714685572262
leaf_weight=2941859 39842 5152 9762 5329 331 346 5462 3094 1064 1767 6788 783 782 3890
leaf_count=2941859 39842 5152 9762 5329 331 346 5462 3094 1064 1767 6788 783 782 3890
internal_value=-2.05915e-07 -0.00076838 -0.0620134 -0.104602 -0.229707 -0.0306199 -0.1044 -0.655477 0.153074 -0.0624719 -0.0240713 -0.1683 -0.649117 0.0523769
internal_weight=3.02625e+06 2.98252e+06 40660 35508 13187 22321 15928 3425 6393 14800 13033 6245 1128 43732
internal_count=3026251 2982519 40660 35508 13187 22321 15928 3425 6393 14800 13033 6245 1128 43732
is_linear=0
shrinkage=0.02


Tree=226
num_leaves=15
num_cat=0
split_feature=16 21 22 23 9 8 4 8 8 23 21 8 23 22
split_gain=307563 329962 530456 865395 1.10732e+06 662474 524433 523565 380159 855100 483723 1.02529e+06 1.10782e+06 995117
threshold=-23.100000381469723 12778.339355468752 12710.747558593752 12679.257324218752 -0.63350945711135853 0.90276649594306957 251.41500091552737 -0.95236524939537037 -0.95236524939537037 11359.881835937502 11159.918457031252 -0.84077408909797657 12552.418945312502 11141.980957031252
decision_type=2 2 2 2 2 2 2 2 2 2 2 2 2 2
left_child=-1 2 3 8 -5 -6 -3 -4 9 -2 13 12 -12 -10
right_child=1 6 7 4 5 -7 -8 -9 10 -11 11 -13 -14 -15
leaf_value=0.028134166520857189 0.038037878535443645 0.058221191381946841 0.057639901240737465 0.41006775273947094 -0.0024844847107365108 0.42873843232667452 -0.29723036149940524 -0.074881860491740421 -0.0055070038726598158 -0.046060363947760398 0.042812430108584563 0.0012438948171133834 0.34938149771569554 -0.089682987475015588
leaf_weight=147821 64574 53159 14402 4455 12227 1603 1704 69140 818662 192541 187217 1393613 4827 60306
leaf_count=147821 64574 53159 14402 4455 12227 1603 1704 69140 818662 192541 187217 1393613 4827 60306
internal_value=-3.09269e-07 -0.00144525 -0.00238923 -0.000875461 0.136218 0.0477697 0.0471286 -0.0520317 -0.00179698 -0.0249385 0.000617281 0.0072141 0.0505359 -0.0112833
internal_weight=3.02625e+06 2.87843e+06 2.82357e+06 2.74002e+06 18285 13830 54863 83542 2.72174e+06 257115 2.46462e+06 1.58566e+06 192044 878968
internal_count=3026251 2878430 2823567 2740025 18285 13830 54863 83542 2721740 257115 2464625 1585657 192044 878968
is_linear=0
shrinkage=0.02


Tree=227
num_leaves=15
num_cat=0
split_feature=7 21 20 7 0 7 7 20 21 20 7 7 21 9
split_gain=299902 1.91218e+06 1.29414e+06 995366 1.27349e+06 998391 980992 2.83093e+06 2.0294e+06 1.55588e+06 1.281e+06 865138 1.01305e+06 816897
threshold=11192.181152343752 11157.409667968752 11164.425292968752 11141.432128906252 3305.5000000000005 11178.849121093752 11021.642089843752 11033.803222656252 10978.111328125002 11004.525878906252 11046.344238281252 11008.638671875002 10963.882324218752 0.53606674075126659
decision_type=2 2 2 2 2 2 2 2 2 2 2 2 2 2
left_child=2 -2 6 -4 5 -5 8 10 9 11 13 -1 -13 -8
right_child=1 -3 3 4 -6 -7 7 -9 -10 -11 -12 12 -14 -15
leaf_value=-0.00027924943987266945 -0.16623471918076885 -0.0022928352159175764 -0.11870756426854533 0.12458510067429795 0.1760626862736957 -0.0075718071654655508 -0.050743648524469977 0.0075232473725998367 0.086079629876435387 -0.96741126160123458 -0.37519330976219345 -0.39724110591231543 0.016643566983027592 -0.22846460654997314
leaf_weight=631703 28881 1900348 11114 35785 38218 63299 27003 135433 118101 660 9485 4782 4670 16769
leaf_count=631703 28881 1900348 11114 35785 38218 63299 27003 135433 118101 660 9485 4782 4670 16769
internal_value=-2.43176e-07 -0.00474794 0.00834904 0.0632649 0.0780025 0.0401653 -0.000243494 -0.0410581 0.0098913 -0.00412929 -0.164579 -0.00312259 -0.192947 -0.118865
internal_weight=3.02625e+06 1.92923e+06 1.09702e+06 148416 137302 99084 948606 188690 759916 641815 53257 641155 9452 43772
internal_count=3026251 1929229 1097022 148416 137302 99084 948606 188690 759916 641815 53257 641155 9452 43772
is_linear=0
shrinkage=0.02


Tree=228
num_leaves=15
num_cat=0
split_feature=9 22 7 4 8 4 25 7 4 4 22 7 7 8
split_gain=299182 353700 341846 362846 298704 891842 422460 543004 420898 341771 1.56075e+06 851413 536014 674692
threshold=0.8301217555999757 11532.597656250002 11512.223632812502 -11.845000267028807 -0.99445033073425282 -175.52500152587888 0.032597748562693603 12235.749511718752 12.215000152587892 -218.04499816894528 12149.270996093752 10904.780761718752 12513.354003906252 -0.85837611556053151
decision_type=2 2 2 2 2 2 2 2 2 2 2 2 2 2
left_child=4 2 -2 -4 5 -1 8 -8 -7 10 11 -6 13 -12
right_child=1 -3 3 -5 9 6 7 -9 -10 -11 12 -13 -14 -15
leaf_value=0.21207903578344633 0.078509444399616005 -0.036534756910003345 -0.65764117179603676 -0.0089759572729924512 0.14968018966574825 -0.0015511320538034909 -0.054071791212891629 -0.26946362256934253 -0.27370293014061281 0.0029620084320277867 0.45202692244921283 -0.13766112016032403 -0.028644486625754327 0.095083474367221407
leaf_weight=6197 599 5530 1219 480 4615 110104 69128 5013 2311 2768608 3356 38244 5113 5734
leaf_count=6197 599 5530 1219 480 4615 110104 69128 5013 2311 2768608 3356 38244 5113 5734
internal_value=-3.64621e-07 -0.123405 -0.331381 -0.475517 0.000320075 -0.0237684 -0.0316138 -0.06867 -0.00716999 0.00196335 -0.0464824 -0.106692 0.135153 0.22722
internal_weight=3.02625e+06 7828 2298 1699 3.01842e+06 192753 186556 74141 112415 2.82567e+06 57062 42859 14203 9090
internal_count=3026251 7828 2298 1699 3018423 192753 186556 74141 112415 2825670 57062 42859 14203 9090
is_linear=0
shrinkage=0.02


Tree=229
num_leaves=15
num_cat=0
split_feature=17 21 22 24 9 0 9 4 20 24 4 25 4 20
split_gain=297834 299631 641991 789026 1.00189e+06 523040 620554 595772 741102 855059 473824 470187 444952 625954
threshold=0.078702233731746687 12766.390136718752 12710.747558593752 12677.822265625002 -0.63350945711135853 1045.5000000000002 -0.59070801734924305 -41.335000991821282 12796.067382812502 12829.062011718752 38.155000686645515 0.02214981243014336 126.7150001525879 12796.067382812502
decision_type=2 2 2 2 2 2 2 2 2 2 2 2 2 2
left_child=-1 2 3 -2 -5 -3 -7 8 11 -10 -6 -8 -4 -14
right_child=1 5 12 4 10 6 7 -9 9 -11 -12 -13 13 -15
leaf_value=0.086656040508870644 -0.00074343940261604297 -0.060908447662641273 -0.032183856921208676 0.37858165404028254 -0.065202096598687073 0.23942000100170391 0.16188902733909735 -0.023606889703878073 -0.080311266378059007 0.26592171045620933 0.16766428742040407 0.4887577984949048 -0.10554580784742128 -0.49251837794724695
leaf_weight=15772 2846436 15597 59009 4790 7462 7488 5048 24623 8951 4176 6558 2707 15772 1862
leaf_count=15772 2846436 15597 59009 4790 7462 7488 5048 24623 8951 4176 6558 2707 15772 1862
internal_value=-3.89191e-07 -0.000454678 -0.00141818 0.000109952 0.129183 0.0408649 0.0708253 0.0430355 0.121591 0.0299504 0.043764 0.276473 -0.0585394 -0.146664
internal_weight=3.02625e+06 3.01048e+06 2.94189e+06 2.86525e+06 18810 68590 52993 45505 20882 13127 14020 7755 76643 17634
internal_count=3026251 3010479 2941889 2865246 18810 68590 52993 45505 20882 13127 14020 7755 76643 17634
is_linear=0
shrinkage=0.02


Tree=230
num_leaves=15
num_cat=0
split_feature=5 0 25 7 22 7 23 7 5 7 24 7 24 24
split_gain=296122 440733 355171 480010 338249 321039 1.48811e+06 1.18998e+06 1.17829e+06 1.12666e+06 1.06114e+06 1.62456e+06 1.02836e+06 850530
threshold=0.077500000596046462 4997.5000000000009 0.0965450555086136 11878.764648437502 11459.000000000002 10879.343750000002 10826.257324218752 10833.810546875002 -0.012499999720603226 10789.720703125002 10913.606445312502 10908.922363281252 10801.253417968752 10795.046875000002
decision_type=2 2 2 2 2 2 2 2 2 2 2 2 2 2
left_child=5 -2 3 4 -3 6 9 8 -8 13 -7 -12 -11 -1
right_child=1 2 -4 -5 -6 10 7 -9 -10 12 11 -13 -14 -15
leaf_value=0.015184048337699105 0.025623203010486786 0.30135659434002432 -0.15975042854636776 -0.012218670284267978 0.79263253321500715 -0.064893278882487415 0.49005865531710391 0.060253448828420507 0.094717183390325407 -0.15898762937728525 0.27010633678742357 -0.0015228464974961231 -0.0047658564308093176 0.33500998432931656
leaf_weight=157081 58858 2753 898 1635 704 106920 5550 66146 6603 31473 8828 2537036 38378 3388
leaf_count=157081 58858 2753 898 1635 704 106920 5550 66146 6603 31473 8828 2537036 38378 3388
internal_value=-3.20052e-07 0.0422742 0.205569 0.270186 0.403406 -0.000926183 0.0183798 0.0936962 0.275517 -0.00722745 -0.00317227 -0.000579884 -0.0742672 0.0219571
internal_weight=3.02625e+06 64848 5990 5092 3457 2.9614e+06 308619 78299 12153 230320 2.65278e+06 2.54586e+06 69851 160469
internal_count=3026251 64848 5990 5092 3457 2961403 308619 78299 12153 230320 2652784 2545864 69851 160469
is_linear=0
shrinkage=0.02


Tree=231
num_leaves=15
num_cat=0
split_feature=16 24 4 22 4 21 9 21 4 21 8 22 4 4
split_gain=293283 331258 1.02092e+06 842963 758125 731948 690811 660544 916249 659083 630365 577110 1.24525e+06 807825
threshold=-20.100000381469723 12220.252441406252 -170.61000061035153 12209.860839843752 -239.11000061035153 12417.394042968752 -0.63350945711135853 12236.303710937502 81.735000610351577 12201.887695312502 -0.79123097658157338 12171.132324218752 75.655002593994155 229.26499938964847
decision_type=2 2 2 2 2 2 2 2 2 2 2 2 2 2
left_child=-1 4 5 -4 -2 -3 -5 8 -8 11 -7 -6 -13 -14
right_child=1 2 3 6 9 10 7 -9 -10 -11 -12 12 13 -15
leaf_value=0.018358106642619131 -0.11015481587606357 0.35417991169829094 0.32315575702462279 0.076531438728120293 -0.0036857500387322368 0.014725635739681291 0.025683529288428462 -0.010063185596486255 0.32923584425278274 -0.080407069471066989 0.40693701372416285 0.023590696751291496 0.40432207530619196 -0.62689166219610915
leaf_weight=312166 27214 5469 3346 47979 2154361 10429 14795 366477 5431 44219 1935 26659 5458 313
leaf_count=312166 27214 5469 3346 47979 2154361 10429 14795 366477 5431 44219 1935 26659 5458 313
internal_value=-1.82084e-07 -0.00211177 0.0134394 0.00739846 -0.00525109 0.161733 0.00496047 -0.00392118 0.107316 -0.00397097 0.0763887 -0.00242499 0.0813036 0.347401
internal_weight=3.02625e+06 2.71408e+06 455861 438028 2.25822e+06 17833 434682 386703 20226 2.23101e+06 12364 2.18679e+06 32430 5771
internal_count=3026251 2714085 455861 438028 2258224 17833 434682 386703 20226 2231010 12364 2186791 32430 5771
is_linear=0
shrinkage=0.02


Tree=232
num_leaves=15
num_cat=0
split_feature=13 14 14 7 9 17 20 7 23 7 22 7 20 8
split_gain=289602 816264 808317 674388 401982 431966 372890 302898 1.71652e+06 479969 869849 1.74157e+06 810011 1.15173e+06
threshold=6.2999999523162851 0.76518812775611889 0.68159198760986339 11965.328125000002 0.24076627939939502 0.66266375780105602 11980.276855468752 12683.662597656252 12679.257324218752 12545.775390625002 12219.626953125002 12219.075683593752 12302.967773437502 0.8929140865802766
decision_type=2 2 2 2 2 2 2 2 2 2 2 2 2 2
left_child=1 7 -2 6 -4 -6 -3 8 9 10 -1 -12 13 -13
right_child=2 3 4 -5 5 -7 -8 -9 -10 -11 11 12 -14 -15
leaf_value=-0.00019475598164290562 -0.0016428708433321626 0.10494975293105296 -0.027780566159450119 -0.027426911540474531 -0.072170759754686994 -0.22951689563867017 0.65904620285189563 -0.033743549137485042 0.22975901269925444 -0.054410007400484385 0.19905105316800506 -0.11744547958237941 0.051732595340864905 0.1905076144888071
leaf_weight=1558701 952676 49984 89623 19770 41734 8376 481 89623 13353 57876 26077 28015 84095 5867
leaf_count=1558701 952676 49984 89623 19770 41734 8376 481 89623 13353 57876 26077 28015 84095 5867
internal_value=-1.01938e-07 0.00464997 -0.0082319 0.0715773 -0.0531513 -0.0985125 0.110361 0.00212725 0.00393967 0.0022257 0.00415104 0.0511706 0.0184696 -0.0640793
internal_weight=3.02625e+06 1.93384e+06 1.09241e+06 70235 139733 50110 50465 1.86361e+06 1.77398e+06 1.76063e+06 1.70276e+06 144054 117977 33882
internal_count=3026251 1933842 1092409 70235 139733 50110 50465 1863607 1773984 1760631 1702755 144054 117977 33882
is_linear=0
shrinkage=0.02


Tree=233
num_leaves=15
num_cat=0
split_feature=19 7 0 7 0 7 6 24 7 4 24 24 7 20
split_gain=300290 2.28684e+06 685338 596918 510681 395153 540321 493192 730603 1.50018e+06 1.24875e+06 1.21686e+06 1.19023e+06 1.28848e+06
threshold=10665.117675781252 10676.426269531252 2107.5000000000005 10073.079589843752 8272.5000000000018 10689.769531250002 86.775657653808608 10715.506835937502 10782.446289062502 -48.215000152587884 10788.483886718752 10801.253417968752 10863.726074218752 10843.401367187502
decision_type=2 2 2 2 2 2 2 2 2 2 2 2 2 2
left_child=3 2 -2 -1 5 6 -3 -7 9 -9 -11 -10 13 -13
right_child=1 4 -4 -5 -6 7 -8 8 11 10 -12 12 -14 -15
leaf_value=0.080389994150251887 -0.071691799265871756 0.011826032214881209 0.32035810065507814 -0.075883102002814798 -0.14125260697110234 -0.10058987886573485 0.22326152163084806 0.25870494199075428 -0.10019491292307857 -0.051727718992790529 0.41367705037780383 0.0036621666718365574 -0.0016894792876099702 0.14847218389850328
leaf_weight=12260 2107 13741 11489 48128 10235 19522 7450 13283 48535 22523 2559 54638 2715117 44664
leaf_count=12260 2107 13741 11489 48128 10235 19522 7450 13283 48535 22523 2559 54638 2715117 44664
internal_value=-4.26378e-08 0.000898996 0.259592 -0.0441481 -0.000293224 0.000197629 0.0862304 -0.000426834 0.000247467 0.0869347 -0.00409789 -0.000914478 0.000797968 0.0688033
internal_weight=3.02625e+06 2.96586e+06 13596 60388 2.95227e+06 2.94203e+06 21191 2.92084e+06 2.90132e+06 38365 25082 2.86295e+06 2.81442e+06 99302
internal_count=3026251 2965863 13596 60388 2952267 2942032 21191 2920841 2901319 38365 25082 2862954 2814419 99302
is_linear=0
shrinkage=0.02


Tree=234
num_leaves=15
num_cat=0
split_feature=19 23 24 19 4 24 4 8 20 4 9 20 4 4
split_gain=288399 557392 408290 1.1721e+06 1.04e+06 684700 924521 576794 565408 488559 543769 688528 633590 585099
threshold=10665.117675781252 10658.400390625002 10773.381347656252 10773.389648437502 -97.16500091552733 10801.253417968752 -71.465000152587876 -0.78062468767166127 10793.995605468752 251.41500091552737 -0.6304970085620879 10728.901367187502 140.31500244140628 46.854999542236335
decision_type=2 2 2 2 2 2 2 2 2 2 2 2 2 2
left_child=-1 -2 3 4 7 6 8 -3 -4 10 11 13 -13 -6
right_child=1 2 5 -5 9 -7 -8 -9 -10 -11 -12 12 -14 -15
leaf_value=-0.043265093602830478 0.40128754449748266 -0.14877856601536171 -0.15277711910998129 0.39482769288664854 -0.040547216989864444 0.0006092341475627674 -0.04779576514939942 0.33903119077969168 -0.61075723224548217 0.3369657057678983 -0.06228987263618984 0.12916791051034912 -0.1517412778850771 0.14489228433635357
leaf_weight=60388 1380 1152 2491 3604 9431 2822869 42751 5948 1904 1756 32819 4562 10791 24405
leaf_count=60388 1380 1152 2491 3604 9431 2822869 42751 5948 1904 1756 32819 4562 10791 24405
internal_value=5.89349e-09 0.000881077 0.000693324 0.0416021 0.0275497 -0.000653341 -0.0762346 0.259782 -0.352124 0.00783637 0.000748406 0.0428122 -0.0682407 0.093208
internal_weight=3.02625e+06 2.96586e+06 2.96448e+06 94468 90864 2.87002e+06 47146 7100 4395 83764 82008 49189 15353 33836
internal_count=3026251 2965863 2964483 94468 90864 2870015 47146 7100 4395 83764 82008 49189 15353 33836
is_linear=0
shrinkage=0.02


Tree=235
num_leaves=15
num_cat=0
split_feature=7 19 19 7 21 4 7 24 21 24 22 4 4 7
split_gain=286279 3.01045e+06 995738 955856 930116 888328 805384 3.14466e+06 1.92388e+06 2.43551e+06 1.52438e+06 1.14614e+06 1.01017e+06 831147
threshold=11203.908691406252 11199.422363281252 11171.715332031252 11210.404785156252 11159.918457031252 170.42499542236331 11021.642089843752 11019.254882812502 10978.111328125002 10988.964355468752 10946.284179687502 194.20500183105472 -30.714999198913571 11008.638671875002
decision_type=2 2 2 2 2 2 2 2 2 2 2 2 2 2
left_child=2 3 6 4 -2 -4 8 10 9 13 -8 -10 -12 -1
right_child=1 -3 5 -5 -6 -7 7 -9 11 -11 12 -13 -14 -15
leaf_value=0.00019388976845237621 -0.25324781229053878 0.00030489309319847426 0.039388230467468921 -0.1966411261280068 0.00050314262391855163 0.25301470113639363 0.21273350355522838 -0.0013593262198716121 0.074535553968338483 -0.93069288376676018 -0.35908952739811606 0.51603819956733799 -0.14090482834597309 -0.18865230197521193
leaf_weight=631240 7310 1748951 195322 39673 27429 8100 3250 201681 116055 1123 15553 2391 18721 9452
leaf_count=631240 7310 1748951 195322 39673 27429 8100 3250 201681 116055 1123 15553 2391 18721 9452
internal_value=3.7807e-08 -0.00499624 0.0075735 -0.129576 -0.0529497 0.0479067 -0.000635918 -0.0326421 0.00943462 -0.00423341 -0.200732 0.0834909 -0.23999 -0.00259499
internal_weight=3.02625e+06 1.82336e+06 1.20289e+06 74412 34739 203422 999466 239205 760261 641815 37524 118446 34274 640692
internal_count=3026251 1823363 1202888 74412 34739 203422 999466 239205 760261 641815 37524 118446 34274 640692
is_linear=0
shrinkage=0.02


Tree=236
num_leaves=15
num_cat=0
split_feature=9 23 0 0 8 4 0 7 23 7 4 7 20 21
split_gain=285355 292284 411619 384478 284377 859052 675204 636735 681796 783984 441101 412406 704199 375076
threshold=0.8301217555999757 11534.725585937502 592.50000000000011 2227.5000000000005 -0.99445033073425282 -175.52500152587888 2386.5000000000005 11368.435058593752 11403.751953125002 11418.685058593752 -2.7450000047683711 12235.749511718752 12459.074218750002 12229.381347656252
decision_type=2 2 2 2 2 2 2 2 2 2 2 2 2 2
left_child=4 2 -2 -4 5 -1 -7 -8 9 -9 11 13 -13 -10
right_child=1 -3 3 -5 -6 6 7 8 10 -11 -12 12 -14 -15
leaf_value=0.20828041165014341 0.096469648492610416 -0.031614348648643306 -0.60981928421009923 0.039870433932350527 0.0019163182812393196 0.0029682116485926836 0.038621350845831702 -0.12993462742716427 -0.064760852757649812 -0.5523933854492955 -0.432472628767473 -0.29921624593919788 0.15698303131972227 0.12928240955398765
leaf_weight=6197 785 5126 1431 486 2825670 104114 16225 5047 44709 2693 1360 6329 1714 4365
leaf_count=6197 785 5126 1431 486 2825670 104114 16225 5047 44709 2693 1360 6329 1714 4365
internal_value=-1.40846e-08 -0.120519 -0.288437 -0.445747 0.000312934 -0.0231907 -0.0308906 -0.0736454 -0.101156 -0.277448 -0.0777781 -0.069258 -0.201921 -0.047478
internal_weight=3.02625e+06 7828 2702 1917 3.01842e+06 192753 186556 82442 66217 7740 58477 57117 8043 49074
internal_count=3026251 7828 2702 1917 3018423 192753 186556 82442 66217 7740 58477 57117 8043 49074
is_linear=0
shrinkage=0.02


Tree=237
num_leaves=15
num_cat=0
split_feature=9 7 22 19 4 20 8 7 7 4 21 7 7 19
split_gain=283951 771984 964077 629098 645275 320078 312408 575346 652724 327931 291709 768991 601411 1.52622e+06
threshold=-0.7377723455429076 11985.183593750002 12047.550292968752 10849.967285156252 38.155000686645515 12043.209472656252 -0.65655234456062306 11008.638671875002 10978.528808593752 101.814998626709 12766.390136718752 12832.255859375002 12545.775390625002 12306.427734375002
decision_type=2 2 2 2 2 2 2 2 2 2 2 2 2 2
left_child=1 2 3 -1 -5 -3 -6 8 9 -8 11 12 13 -2
right_child=10 5 -4 4 6 -7 7 -9 -10 -11 -12 -13 -14 -15
leaf_value=-0.085719972309590442 -0.0025562621232159653 -0.15122803771086374 0.59259685222357994 -0.018460789890506864 0.4716141886224029 0.0091124129600115931 -0.0025107706394214458 0.003336626892324196 0.48888540091198246 0.26581764453157647 0.039900172811394768 -0.33886536368275622 -0.035297756349826674 0.065169763766818087
leaf_weight=7189 2562029 7891 1525 8445 1478 13467 3207 5560 3276 4207 68655 2695 196248 140379
leaf_count=7189 2562029 7891 1525 8445 1478 13467 3207 5560 3276 4207 68655 2695 196248 140379
internal_value=-1.09116e-07 0.0445139 0.102478 0.0799028 0.125411 -0.0501696 0.193919 0.168386 0.254145 0.1499 -0.000843254 -0.00180751 -0.00149296 0.000962048
internal_weight=3.02625e+06 56245 34887 33362 26173 21358 17728 16250 10690 7414 2.97001e+06 2.90135e+06 2.89866e+06 2.70241e+06
internal_count=3026251 56245 34887 33362 26173 21358 17728 16250 10690 7414 2970006 2901351 2898656 2702408
is_linear=0
shrinkage=0.02


Tree=238
num_leaves=15
num_cat=0
split_feature=17 7 20 7 20 7 24 21 24 22 8 23 0 7
split_gain=280346 282965 2.60384e+06 1.89829e+06 1.06418e+06 1.15775e+06 2.65261e+06 1.8651e+06 2.33785e+06 1.46417e+06 1.07337e+06 999103 882664 1.2421e+06
threshold=0.078702233731746687 11203.908691406252 11199.533691406252 11233.562988281252 11161.575195312502 11021.642089843752 11019.254882812502 10978.111328125002 10988.964355468752 10946.284179687502 -0.85837611556053151 10983.180175781252 2328.5000000000005 11141.432128906252
decision_type=2 2 2 2 2 2 2 2 2 2 2 2 2 2
left_child=-1 4 3 -3 5 7 9 8 -2 -7 -8 -11 -6 -14
right_child=1 2 -4 -5 12 6 10 -9 -10 11 -12 -13 13 -15
leaf_value=0.084073833213104729 -0.0029255171660243513 -0.087821593109202664 -0.00066406948224281977 -0.41453166162987609 0.0057476128040635623 0.20850424673440229 0.16650075445337503 0.082173673842266606 -0.9122306294453848 -0.37369213793831096 -0.025117625948669793 -0.15089847967119974 -0.11810615515256161 0.10223926077345803
leaf_weight=15772 637098 60751 1743304 8049 119260 3250 12671 117471 1123 12953 150109 21318 11255 111867
leaf_count=15772 637098 60751 1743304 8049 119260 3250 12671 117471 1123 12953 150109 21318 11255 111867
internal_value=-2.0621e-08 -0.000440771 -0.00542712 -0.126099 0.00709922 -0.00239084 -0.04514 0.00894053 -0.00453981 -0.196712 -0.0101924 -0.23519 0.0445282 0.0820886
internal_weight=3.02625e+06 3.01048e+06 1.8121e+06 68800 1.19838e+06 955993 200301 755692 638221 37521 162780 34271 242382 123122
internal_count=3026251 3010479 1812104 68800 1198375 955993 200301 755692 638221 37521 162780 34271 242382 123122
is_linear=0
shrinkage=0.02


Tree=239
num_leaves=15
num_cat=0
split_feature=5 1 7 5 6 7 6 21 7 7 21 7 5 5
split_gain=282684 303878 445423 1.27731e+06 930914 533075 481716 474143 1.87534e+06 695178 931670 526056 832566 527409
threshold=0.082499999552965178 91.960784912109389 10947.171386718752 -0.017499999608844515 110.19230270385744 10904.780761718752 113.7771682739258 11017.779296875002 11019.284667968752 11186.826171875002 11172.770996093752 10993.161621093752 1.0000000180025095e-35 0.0224999999627471
decision_type=2 2 2 2 2 2 2 2 2 2 2 2 2 2
left_child=1 -1 3 5 -5 6 -3 8 11 -9 -11 12 -4 -13
right_child=-2 2 7 4 -6 -7 -8 9 -10 10 -12 13 -14 -15
leaf_value=0.0042337448308346539 0.050474081590084811 0.023840147843226779 0.021840404910282291 0.028468021323704157 0.16959127907391147 -0.14254674883740934 -0.25782553579875855 0.025738281742015721 -0.25238272660473088 -0.18567679278586213 -0.014462288987521138 -0.039400137865557107 -0.090063568008489858 0.1959861565016342
leaf_weight=1855840 43732 23928 50374 72362 25204 19409 2693 188388 15896 12959 643828 7027 56318 8293
leaf_count=1855840 43732 23928 50374 72362 25204 19409 2693 188388 15896 12959 643828 7027 56318 8293
internal_value=-1.15426e-07 -0.000740381 -0.00893363 0.0239686 0.0649379 -0.0628656 -0.00473872 -0.0137398 -0.0481234 -0.00812884 -0.0178433 -0.0214933 -0.0372315 0.0880622
internal_weight=3.02625e+06 2.98252e+06 1.12668e+06 143596 97566 46030 26621 983083 137908 845175 656787 122012 106692 15320
internal_count=3026251 2982519 1126679 143596 97566 46030 26621 983083 137908 845175 656787 122012 106692 15320
is_linear=0
shrinkage=0.02


Tree=240
num_leaves=15
num_cat=0
split_feature=9 22 7 4 8 4 7 22 7 17 4 24 7 20
split_gain=274002 325193 315506 337351 276459 808364 366817 764871 484436 339260 350281 1.22865e+06 868811 656371
threshold=0.8301217555999757 11532.597656250002 11512.223632812502 -11.845000267028807 -0.99445033073425282 -175.52500152587888 11368.435058593752 11381.477050781252 11418.685058593752 0.11005010083317758 -209.25499725341794 12152.713867187502 10904.780761718752 10849.474121093752
decision_type=2 2 2 2 2 2 2 2 2 2 2 2 2 2
left_child=4 2 -2 -4 5 -1 -7 8 -8 -6 11 12 13 -11
right_child=1 -3 3 -5 9 6 7 -9 -10 10 -12 -13 -14 -15
leaf_value=0.20167085115565869 0.076253078034750149 -0.034801930285202891 -0.63159781427282546 -0.0061877802832394236 0.073418783194604695 0.023994418252562325 -0.18486770642893238 -0.035819505058748285 -0.66435785156425553 -0.032149944481846812 0.002327642915076806 0.11662574990229622 -0.11745365160358223 0.40651244384067975
leaf_weight=6197 599 5530 1219 480 26265 39243 4474 141806 1033 3381 2731965 14873 46910 2276
leaf_count=6197 599 5530 1219 480 26265 39243 4474 141806 1033 3381 2731965 14873 46910 2276
internal_value=-1.43384e-07 -0.118098 -0.317516 -0.455989 0.000306515 -0.0228676 -0.0303368 -0.044811 -0.275855 0.00188742 0.00121602 -0.0438087 -0.089215 0.144741
internal_weight=3.02625e+06 7828 2298 1699 3.01842e+06 192753 186556 147313 5507 2.82567e+06 2.7994e+06 67440 52567 5657
internal_count=3026251 7828 2298 1699 3018423 192753 186556 147313 5507 2825670 2799405 67440 52567 5657
is_linear=0
shrinkage=0.02


Tree=241
num_leaves=15
num_cat=0
split_feature=19 7 0 7 0 7 23 7 4 24 24 7 4 19
split_gain=278581 2.1516e+06 649526 571102 467525 372279 576485 735953 1.40468e+06 1.17833e+06 1.12818e+06 1.12742e+06 1.04463e+06 1.02628e+06
threshold=10665.117675781252 10676.426269531252 2484.5000000000005 10073.079589843752 8272.5000000000018 10689.769531250002 10712.646972656252 10782.446289062502 -48.215000152587884 10788.483886718752 10801.253417968752 10863.726074218752 -85.66500091552733 10930.491210937502
decision_type=2 2 2 2 2 2 2 2 2 2 2 2 2 2
left_child=3 2 -2 -1 5 -3 -7 8 -8 -10 12 -12 -9 -13
right_child=1 4 -4 -5 -6 6 7 10 9 -11 11 13 -14 -15
leaf_value=0.079292528577957516 -0.031385297204319478 0.083684557600309906 0.31919723722510929 -0.07356376726611713 -0.13516256025369353 -0.10999644440797988 0.25254910766474403 -0.39040410898966443 -0.046453462168714869 0.40537844355350439 0.066958966644674545 -0.049915860927794119 -0.067141859975288445 0.0014837844640886455
leaf_weight=12260 2615 21191 10981 48128 10235 19072 13384 4387 22779 2559 99302 165457 44241 2549660
leaf_count=12260 2615 21191 10981 48128 10235 19072 13384 4387 22779 2559 99302 165457 44241 2549660
internal_value=-1.93828e-07 0.000865737 0.251793 -0.0425225 -0.000290692 0.000178963 -0.000427156 0.000293362 0.0868902 -0.000678189 -0.000878131 0.000772292 -0.0963798 -0.00164863
internal_weight=3.02625e+06 2.96586e+06 13596 60388 2.95227e+06 2.94203e+06 2.92084e+06 2.90177e+06 38722 25338 2.86305e+06 2.81442e+06 48628 2.71512e+06
internal_count=3026251 2965863 13596 60388 2952267 2942032 2920841 2901769 38722 25338 2863047 2814419 48628 2715117
is_linear=0
shrinkage=0.02


Tree=242
num_leaves=15
num_cat=0
split_feature=16 24 7 7 9 22 4 4 24 7 7 4 4 23
split_gain=273319 293644 2.73941e+06 2.02365e+06 1.59559e+06 857281 845666 721827 720935 1.98326e+06 1.48292e+06 949817 834261 944872
threshold=-23.100000381469723 12220.252441406252 12219.075683593752 12224.289062500002 -0.44019870460033411 12209.860839843752 -122.34499740600585 -278.60499572753901 12297.340332031252 12292.634765625002 12529.557128906252 111.9650001525879 96.774997711181655 12552.418945312502
decision_type=2 2 2 2 2 2 2 2 2 2 2 2 2 2
left_child=-1 3 6 7 -5 -4 -3 -2 9 -7 12 -12 13 -10
right_child=1 2 5 4 -6 8 -8 -9 10 -11 11 -13 -14 -15
leaf_value=0.026521846573325871 -0.17794737023685805 0.38619594594738504 0.31580775861764981 -1.0371236858892878 -0.16307400439639522 -0.035873797589217854 0.13533139968350127 -0.001806596408217944 0.023671923998683113 -0.48542381965090581 0.0059756037462045768 -0.077183284774770614 0.20118654150013604 0.27829796228759907
leaf_weight=147821 9333 6609 3391 862 20214 53410 28743 2364504 60800 4227 229637 72206 18056 6438
leaf_count=147821 9333 6609 3391 862 20214 53410 28743 2364504 60800 4227 229637 72206 18056 6438
internal_value=-1.69814e-07 -0.0013623 0.0128543 -0.00423259 -0.199298 -0.000517642 0.182327 -0.00249987 -0.00293643 -0.0689219 0.00688897 -0.0139193 0.0805194 0.0480903
internal_weight=3.02625e+06 2.87843e+06 483517 2.39491e+06 21076 448165 35352 2.37384e+06 444774 57637 387137 301843 85294 67238
internal_count=3026251 2878430 483517 2394913 21076 448165 35352 2373837 444774 57637 387137 301843 85294 67238
is_linear=0
shrinkage=0.02


Tree=243
num_leaves=15
num_cat=0
split_feature=5 0 7 23 8 7 7 1 7 8 0 7 8 6
split_gain=272965 519470 411862 497100 396900 704226 294849 293867 443667 1.4844e+06 1.43794e+06 622153 1.0289e+06 564612
threshold=0.072500001639127745 4917.5000000000009 11908.177734375002 10929.589355468752 0.65655234456062328 11965.328125000002 10807.967285156252 91.960784912109389 10947.171386718752 -0.71333315968513478 3068.5000000000005 10918.357421875002 -0.85837611556053151 105.25649261474611
decision_type=2 2 2 2 2 2 2 2 2 2 2 2 2 2
left_child=7 4 3 6 5 -2 -3 -1 9 11 -11 -9 -13 -12
right_child=1 2 -4 -5 -6 -7 -8 8 -10 10 13 12 -14 -15
leaf_value=0.003871347754168598 0.42437157455997521 0.29531878503978765 -0.025263888445690236 0.41330007024227911 0.0093775243623730551 -0.14963256391991783 -0.17889397727105416 -0.023077582450531486 -0.014011305010699254 0.0027752809415977544 0.087621115995338603 -0.40450183567918407 -0.036955509696702381 0.23871137544263829
leaf_weight=1823688 2395 926 2629 3761 80323 1320 1183 36272 968637 52877 20085 5116 7516 19523
leaf_count=1823688 2395 926 2629 3761 80323 1320 1183 36272 968637 52877 20085 5116 7516 19523
internal_value=-2.06163e-07 0.0338186 0.182731 0.275774 0.0187384 0.220559 0.0297206 -0.00106706 -0.00918046 0.0239135 0.0710342 -0.0651949 -0.186017 0.162136
internal_weight=3.02625e+06 92537 8499 5870 84038 3715 2109 2.93371e+06 1.11003e+06 141389 92485 48904 12632 39608
internal_count=3026251 92537 8499 5870 84038 3715 2109 2933714 1110026 141389 92485 48904 12632 39608
is_linear=0
shrinkage=0.02


Tree=244
num_leaves=15
num_cat=0
split_feature=19 23 24 19 0 0 24 24 4 20 4 3 4 4
split_gain=269626 516767 367260 1.10028e+06 1.07215e+06 685750 846714 639457 857775 531854 519976 384272 511708 380455
threshold=10665.117675781252 10658.400390625002 10773.381347656252 10773.389648437502 2405.5000000000005 6648.5000000000009 10708.709472656252 10801.253417968752 -71.465000152587876 10793.995605468752 -132.02500152587888 2.360570073127747 -170.61000061035153 229.26499938964847
decision_type=2 2 2 2 2 2 2 2 2 2 2 2 2 2
left_child=-1 -2 3 4 -3 10 -7 8 9 -4 -6 12 -9 -12
right_child=1 2 7 -5 5 6 -8 11 -10 -11 13 -13 -14 -15
leaf_value=-0.041833481604071569 0.38639062242027694 -0.061902449337926053 -0.14606142418969406 0.38170357125645327 0.4980171899865144 0.27520079787962526 -0.15138836415727322 0.14192041283335632 -0.046254606315622934 -0.59022977377429153 0.089574373075537825 -0.0020103831334267247 0.016005344331783744 0.37729459682274263
leaf_weight=60388 1380 34521 2491 3604 1360 2352 8771 13474 42751 1904 41946 2505931 303464 1914
leaf_count=60388 1380 34521 2491 3604 1360 2352 8771 13474 42751 1904 41946 2505931 303464 1914
internal_value=-1.59291e-07 0.000851741 0.000670959 0.0394698 0.0258548 0.0796249 -0.0610165 -0.00060625 -0.0736477 -0.339391 0.114226 0.000613898 0.0213627 0.102214
internal_weight=3.02625e+06 2.96586e+06 2.96448e+06 94468 90864 56343 11123 2.87002e+06 47146 4395 45220 2.82287e+06 316938 43860
internal_count=3026251 2965863 2964483 94468 90864 56343 11123 2870015 47146 4395 45220 2822869 316938 43860
is_linear=0
shrinkage=0.02


Tree=245
num_leaves=15
num_cat=0
split_feature=13 3 4 7 19 7 19 7 7 0 25 23 0 7
split_gain=267527 297882 356523 303554 531424 543393 311556 1.27413e+06 1.24179e+06 857592 805126 657970 632937 408845
threshold=-9.0999999046325666 3.7192896604537968 -239.11000061035153 10789.720703125002 10766.915527343752 10728.651367187502 12306.427734375002 12231.562988281252 12513.354003906252 2525.5000000000005 0.017889270558953289 12220.080078125002 4917.5000000000009 12035.318359375002
decision_type=2 2 2 2 2 2 2 2 2 2 2 2 2 2
left_child=-1 -2 -3 4 -4 -6 7 11 12 -9 -11 13 -8 -5
right_child=1 2 3 6 5 -7 8 9 -10 10 -12 -13 -14 -15
leaf_value=0.0094334729048431848 0.0054091352756667523 -0.10106025217480076 0.0078829138277686055 -0.0080121526462882398 0.56753906488418582 0.11543017891704599 0.10578082027898324 -0.043994404630848603 -0.0091389220008395531 -0.65976856837263642 -0.18716488783360419 0.10372558911253239 0.40705916195871972 -0.04964515663659478
leaf_weight=860533 857952 16876 41530 919195 1206 8557 22340 22804 129589 1579 15850 19926 3180 105134
leaf_count=860533 857952 16876 41530 919195 1206 8557 22340 22804 129589 1579 15850 19926 3180 105134
internal_value=-8.13984e-08 -0.00374847 -0.00975628 -0.00856186 0.039111 0.171804 -0.0105348 -0.0143268 0.0159769 -0.124756 -0.230336 -0.010071 0.143468 -0.0122857
internal_weight=3.02625e+06 2.16572e+06 1.30777e+06 1.29089e+06 51293 9763 1.2396e+06 1.08449e+06 155109 40233 17429 1.04426e+06 25520 1.02433e+06
internal_count=3026251 2165718 1307766 1290890 51293 9763 1239597 1084488 155109 40233 17429 1044255 25520 1024329
is_linear=0
shrinkage=0.02


Tree=246
num_leaves=15
num_cat=0
split_feature=21 7 22 7 4 0 20 7 8 7 9 7 20 4
split_gain=267714 754463 673018 724503 518188 500030 602184 902595 769420 811632 642332 676881 474748 696542
threshold=12766.390136718752 12764.483398437502 12783.526367187502 12832.255859375002 40.295000076293952 1045.5000000000002 12796.067382812502 12793.913574218752 0.84417456388473522 12788.276855468752 -0.58503037691116322 12719.121582031252 12775.502441406252 140.31500244140628
decision_type=2 2 2 2 2 2 2 2 2 2 2 2 2 2
left_child=1 12 3 4 -3 -2 8 10 9 -7 -8 -12 -1 -14
right_child=5 2 -4 -5 -6 6 7 -9 -10 -11 11 -13 13 -15
leaf_value=0.00063277351811910772 -0.05967711870563111 0.040300421515124807 -0.30257470214776944 -0.39966999355027599 -0.12482662834630745 0.37214627766354114 0.31258187403349769 0.16038996073222755 0.0093391463221136929 0.020216313585775931 0.10527283910100596 -0.16176011866623133 -0.045894816944475281 -0.51206447712872005
leaf_weight=2912189 15850 17653 5106 2277 13336 8018 1687 11205 8640 3894 5110 14702 4850 1734
leaf_count=2912189 15850 17653 5106 2277 13336 8018 1687 11205 8640 3894 5110 14702 4850 1734
internal_value=-6.20903e-08 -0.000909487 -0.0890039 -0.0561412 -0.0307781 0.0389097 0.0682571 0.0149302 0.153066 0.257216 -0.0609199 -0.0928664 0.000248951 -0.169261
internal_weight=3.02625e+06 2.95714e+06 38372 33266 30989 69106 53256 32704 20552 11912 21499 19812 2.91877e+06 6584
internal_count=3026251 2957145 38372 33266 30989 69106 53256 32704 20552 11912 21499 19812 2918773 6584
is_linear=0
shrinkage=0.02


Tree=247
num_leaves=15
num_cat=0
split_feature=5 0 19 7 7 1 1 7 9 0 0 19 7 9
split_gain=264729 281902 291867 622304 648852 277228 274170 407980 1.4415e+06 1.33452e+06 559909 453229 1.74677e+06 821399
threshold=0.082499999552965178 4997.5000000000009 10815.286132812502 11008.638671875002 10978.528808593752 116.08284378051759 91.960784912109389 10947.171386718752 -0.084905855357646928 3068.5000000000005 6946.0000000000009 11017.438964843752 11019.284667968752 -0.64436650276184071
decision_type=2 2 2 2 2 2 2 2 2 2 2 2 2 2
left_child=6 2 -2 4 -4 -3 -1 8 9 -8 -11 12 13 -9
right_child=1 5 3 -5 -6 -7 7 11 -10 10 -12 -13 -14 -15
leaf_value=0.0040082631842231157 -0.10655843154122424 0.14007657865141929 0.067838042332917001 0.0081487511869922386 0.45428982567220516 0.62170754370671921 0.0050885991398887578 -0.086803414027016676 -0.053361323767327294 0.18254726291243867 -0.16758101965968317 -0.0076248752187555568 -0.24438707047080621 0.020047958044679952
leaf_weight=1855840 5279 3946 4543 26619 2809 536 47471 46755 58563 35644 1918 845695 15823 74810
leaf_count=1855840 5279 3946 4543 26619 2809 536 47471 46755 58563 35644 1918 845695 15823 74810
internal_value=-9.92923e-08 0.0488448 0.0316591 0.0531633 0.21591 0.198935 -0.000716469 -0.00849893 0.02299 0.0755742 0.164629 -0.0130986 -0.0467893 -0.0210516
internal_weight=3.02625e+06 43732 39250 33971 7352 4482 2.98252e+06 1.12668e+06 143596 85033 37562 983083 137388 121565
internal_count=3026251 43732 39250 33971 7352 4482 2982519 1126679 143596 85033 37562 983083 137388 121565
is_linear=0
shrinkage=0.02


Tree=248
num_leaves=15
num_cat=0
split_feature=9 22 7 0 8 4 0 7 22 7 4 20 7 17
split_gain=263938 311913 303316 330095 264695 779458 639178 599772 663314 716093 432611 389631 563202 320395
threshold=0.8301217555999757 11532.597656250002 11512.223632812502 810.50000000000011 -0.99445033073425282 -175.52500152587888 2367.5000000000005 11368.435058593752 11401.974121093752 11418.685058593752 -38.704999923706048 12257.274902343752 12235.749511718752 0.20223365724086764
decision_type=2 2 2 2 2 2 2 2 2 2 2 2 2 2
left_child=4 2 -2 -4 5 -1 -7 -8 9 -9 11 12 -10 -6
right_child=1 -3 3 -5 13 6 7 8 10 -11 -12 -13 -14 -15
leaf_value=0.19811251903181468 0.07487297977719988 -0.034330529483990062 -0.053054056780862398 -0.64363951923346918 0.033226398957481813 0.0035190216530527479 0.037369528231429444 -0.13062594477050538 -0.052579446696220125 -0.53724186890848569 -0.28269337681989271 0.14550342634420305 -0.27254267933347476 0.00040242110893851628
leaf_weight=6197 599 5530 570 1129 124419 103320 16410 4961 46874 2660 3745 3425 5161 2701251
leaf_count=6197 599 5530 570 1129 124419 103320 16410 4961 46874 2660 3745 3425 5161 2701251
internal_value=-4.14174e-08 -0.115908 -0.311213 -0.446985 0.000300933 -0.0223748 -0.0297092 -0.0709508 -0.0975522 -0.27307 -0.0749165 -0.0608374 -0.0744447 0.00184784
internal_weight=3.02625e+06 7828 2298 1699 3.01842e+06 192753 186556 83236 66826 7621 59205 55460 52035 2.82567e+06
internal_count=3026251 7828 2298 1699 3018423 192753 186556 83236 66826 7621 59205 55460 52035 2825670
is_linear=0
shrinkage=0.02


Tree=249
num_leaves=15
num_cat=0
split_feature=19 7 4 7 7 24 7 4 7 4 19 24 19 19
split_gain=263053 2.0035e+06 588766 543144 342926 561613 1.43901e+06 902695 829112 526563 490088 483739 731852 718382
threshold=10665.117675781252 10676.426269531252 59.98500061035157 10073.079589843752 10689.769531250002 10736.627441406252 10728.651367187502 -102.02499771118163 10782.446289062502 182.47499847412112 10691.500976562502 10754.745605468752 10755.522460937502 10806.465332031252
decision_type=2 2 2 2 2 2 2 2 2 2 2 2 2 2
left_child=3 2 -2 -1 10 7 -7 -6 9 -9 -3 12 -8 -13
right_child=1 4 -4 -5 5 6 11 8 -10 -11 -12 13 -14 -15
leaf_value=0.077475530078008475 -0.058790532575836656 -0.13916501751881502 0.30029282155643788 -0.07159232790480409 0.47556748089553935 0.54560251834599505 0.05629027891935931 -0.10953835443586644 0.31386257204090257 -0.37999671494328163 0.11733394784548579 -0.060384800559188552 0.48651596527252949 0.0007633629997538258
leaf_weight=12260 2170 3522 11426 48128 1059 1922 8823 19815 1650 3363 19078 79000 1918 2812117
leaf_count=12260 2170 3522 11426 48128 1059 1922 8823 19815 1650 3363 19078 79000 1918 2812117
internal_value=-1.40644e-07 0.000841311 0.242978 -0.0413204 -0.00027461 -0.000873429 -4.6467e-05 -0.0935982 -0.118058 -0.148928 0.0773162 -0.000409755 0.133498 -0.000907712
internal_weight=3.02625e+06 2.96586e+06 13596 60388 2.95227e+06 2.92967e+06 2.90378e+06 25887 24828 23178 22600 2.90186e+06 10741 2.89112e+06
internal_count=3026251 2965863 13596 60388 2952267 2929667 2903780 25887 24828 23178 22600 2901858 10741 2891117
is_linear=0
shrinkage=0.02


Tree=250
num_leaves=15
num_cat=0
split_feature=9 7 23 19 4 20 8 7 7 4 21 7 19 7
split_gain=262521 725183 915817 578566 603864 307512 300677 535300 621953 304195 269127 709568 1.38009e+06 2.41275e+06
threshold=-0.7377723455429076 11985.183593750002 12052.288085937502 10849.967285156252 38.155000686645515 12043.209472656252 -0.65655234456062306 11008.638671875002 10978.528808593752 101.814998626709 12766.390136718752 12545.775390625002 12306.427734375002 12235.749511718752
decision_type=2 2 2 2 2 2 2 2 2 2 2 2 2 2
left_child=1 2 3 -1 -5 -3 -6 8 9 -8 11 12 13 -2
right_child=10 5 -4 4 6 -7 7 -9 -10 -11 -12 -13 -14 -15
leaf_value=-0.081853660864867964 0.00041915087950195165 -0.14802199802807578 0.57667423644683746 -0.018557481243886443 0.45931327058422955 0.0091392756063298827 -0.003969129285781494 0.0026471356954555158 0.47370443203938273 0.25446093825423305 0.038323927140570965 -0.038189349615100524 0.062003383651032459 -0.13606836759113639
leaf_weight=7189 2509140 7891 1525 8445 1478 13467 3207 5560 3276 4207 68655 198943 140379 52889
leaf_count=7189 2509140 7891 1525 8445 1478 13467 3207 5560 3276 4207 68655 198943 140379 52889
internal_value=-3.45767e-08 0.0428012 0.0989809 0.0769783 0.12062 -0.0489672 0.186894 0.161848 0.244569 0.142817 -0.000810739 -0.00173692 0.000946717 -0.00239893
internal_weight=3.02625e+06 56245 34887 33362 26173 21358 17728 16250 10690 7414 2.97001e+06 2.90135e+06 2.70241e+06 2.56203e+06
internal_count=3026251 56245 34887 33362 26173 21358 17728 16250 10690 7414 2970006 2901351 2702408 2562029
is_linear=0
shrinkage=0.02


Tree=251
num_leaves=15
num_cat=0
split_feature=16 21 7 24 8 7 4 4 4 25 17 25 9 7
split_gain=256682 280547 549851 538263 731851 501164 696333 418096 430656 358857 318524 365068 706363 584026
threshold=-23.100000381469723 12778.339355468752 12832.255859375002 12781.450195312502 0.82309290766716015 12683.662597656252 -80.75500106811522 251.41500091552737 41.335000991821296 0.0182477030903101 0.3050872683525086 0.043306756764650352 -0.86513796448707569 11408.011230468752
decision_type=2 2 2 2 2 2 2 2 2 2 2 2 2 2
left_child=-1 2 3 10 -5 6 -3 8 -7 -4 -2 -12 -13 -14
right_child=1 5 9 4 -6 7 -8 -9 -10 -11 11 12 13 -15
leaf_value=0.025702210999985563 0.011395028709701851 0.49835193175962017 0.073853989028774145 -0.071669277382291688 -0.55554108509768685 -0.011142544402745525 0.077980609575347012 -0.28840320686293525 0.1231988339007893 -0.39002063240910739 0.00076366444131332871 0.39469008039419684 -0.0016007537851716303 -0.037707833843818282
leaf_weight=147821 607868 2126 923 6437 1543 31272 6034 1704 13727 2369 1475464 1657 407484 319822
leaf_count=147821 607868 2126 923 6437 1543 31272 6034 1704 13727 2369 1475464 1657 407484 319822
internal_value=4.92434e-08 -0.00131996 -0.00219039 -0.00188838 -0.165811 0.0434693 0.187982 0.0181846 0.0298563 -0.260125 -0.00142265 -0.00495715 -0.0165363 -0.0174786
internal_weight=3.02625e+06 2.87843e+06 2.82357e+06 2.82028e+06 7980 54863 8160 46703 44999 3292 2.8123e+06 2.20443e+06 728963 727306
internal_count=3026251 2878430 2823567 2820275 7980 54863 8160 46703 44999 3292 2812295 2204427 728963 727306
is_linear=0
shrinkage=0.02


Tree=252
num_leaves=15
num_cat=0
split_feature=13 7 22 7 20 4 7 22 7 20 22 7 7 9
split_gain=253361 378071 1.39448e+06 1.06902e+06 1.00406e+06 647954 639935 1.77157e+06 827971 666435 846596 889235 780025 688279
threshold=7.2999999523162851 11181.197753906252 11160.306152343752 11153.163574218752 11184.772949218752 -111.42499923706053 11021.642089843752 11021.708984375002 11037.683593750002 10975.904785156252 11054.844726562502 10993.161621093752 11008.638671875002 -0.65655234456062306
decision_type=2 2 2 2 2 2 2 2 2 2 2 2 2 2
left_child=1 3 5 6 -5 -3 9 8 -8 12 -11 -12 -1 -14
right_child=-2 2 -4 4 -6 -7 7 -9 -10 10 11 -13 13 -15
leaf_value=0.0069640836533501147 -0.0080870796181662079 -0.31893400231865532 0.0008587393423673161 0.046377780277426346 0.21475655604312924 -0.089546259184683077 -0.11127611821013839 0.018781143965702185 -0.3647651589129936 0.084417733608903534 -0.035973190276022131 -0.62400125865970435 0.18906099225353235 -0.36683004869150965
leaf_weight=435758 1024811 6329 1271904 63441 18232 22160 17467 52779 7311 86830 13033 1107 1143 3946
leaf_count=435758 1024811 6329 1271904 63441 18232 22160 17467 52779 7311 86830 13033 1107 1143 3946
internal_value=3.83558e-08 0.00414097 -0.0022414 0.0159797 0.0839872 -0.140601 0.00701074 -0.0467181 -0.186188 0.0147024 0.0610476 -0.0824189 0.00408643 -0.241846
internal_weight=3.02625e+06 2.00144e+06 1.30039e+06 701047 81673 28489 619374 77557 24778 541817 100970 14140 440847 5089
internal_count=3026251 2001440 1300393 701047 81673 28489 619374 77557 24778 541817 100970 14140 440847 5089
is_linear=0
shrinkage=0.02


Tree=253
num_leaves=15
num_cat=0
split_feature=19 7 0 7 0 7 22 7 4 19 7 4 19 7
split_gain=253961 1.92185e+06 583852 520987 425496 332190 535596 674612 1.2808e+06 1.00407e+06 1.34304e+06 1.04568e+06 1.03961e+06 1.61239e+06
threshold=10665.117675781252 10676.426269531252 2087.5000000000005 10073.079589843752 8272.5000000000018 10689.769531250002 10712.947265625002 10782.446289062502 -48.215000152587884 10806.465332031252 10863.726074218752 -85.66500091552733 10917.446777343752 10918.357421875002
decision_type=2 2 2 2 2 2 2 2 2 2 2 2 2 2
left_child=3 2 -2 -1 5 -3 -7 8 -8 11 -11 -9 -12 -14
right_child=1 4 -4 -5 -6 6 7 9 -10 10 12 -13 13 -15
leaf_value=0.075747609926313186 -0.069508444856883719 0.079063276750249989 0.29375058767360956 -0.070247998292583477 -0.128933146797891 -0.10561489515076387 0.24127536718138612 -0.37218035311080627 -0.00068590902027713865 0.077025270548278263 -0.056970588469572148 -0.057893328230447211 0.20665849387856164 -5.3714388861444043e-05
leaf_weight=12260 2087 21191 11509 48128 10235 19212 13398 4580 25193 89749 129201 54791 15173 2569544
leaf_count=12260 2087 21191 11509 48128 10235 19212 13398 4580 25193 89749 129201 54791 15173 2569544
internal_value=-3.92337e-08 0.000826744 0.237978 -0.0405999 -0.0002662 0.000181847 -0.000390707 0.000306348 0.0833583 -0.000813392 0.000910283 -0.082197 -0.0016071 0.00116053
internal_weight=3.02625e+06 2.96586e+06 13596 60388 2.95227e+06 2.94203e+06 2.92084e+06 2.90163e+06 38591 2.86304e+06 2.80367e+06 59371 2.71392e+06 2.58472e+06
internal_count=3026251 2965863 13596 60388 2952267 2942032 2920841 2901629 38591 2863038 2803667 59371 2713918 2584717
is_linear=0
shrinkage=0.02


Tree=254
num_leaves=15
num_cat=0
split_feature=24 7 4 19 7 21 24 7 7 9 4 4 21 7
split_gain=254098 657239 443154 336144 935213 466906 307916 2.79576e+06 1.91654e+06 1.55584e+06 880527 686559 666722 1.91052e+06
threshold=12829.062011718752 12832.255859375002 -58.745000839233391 13490.410644531252 12772.698730468752 12746.190917968752 12220.252441406252 12219.075683593752 12224.289062500002 -0.44019870460033411 -122.34499740600585 -228.83499908447263 12303.138183593752 12292.634765625002
decision_type=2 2 2 2 2 2 2 2 2 2 2 2 2 2
left_child=1 3 -2 6 5 -5 8 10 11 -10 -8 -1 13 -9
right_child=2 -3 -4 4 -6 -7 7 12 9 -11 -12 -13 -14 -15
leaf_value=-0.084923861538238013 0.27131316645161208 -0.26518527816311316 0.0087736786653701392 0.10183946076906486 -0.46277403233476294 -0.26895603120105183 0.38160217736056995 -0.029409620888285099 -1.0117335385393613 -0.15546229417627377 0.13371946093796067 0.00045049717898630755 0.01050347084172768 -0.46297684991159999
leaf_weight=38254 3765 3734 8071 4879 2363 1871 7037 54847 876 20496 30864 2458398 386415 4381
leaf_count=38254 3765 3734 8071 4879 2363 1871 7037 54847 876 20496 30864 2458398 386415 4381
internal_value=-3.13388e-08 -0.000363334 0.092447 -3.40016e-05 -0.121251 -0.00118242 0.00033442 0.0149521 -0.0024727 -0.191017 0.179832 -0.000857946 0.000925628 -0.061553
internal_weight=3.02625e+06 3.01442e+06 11836 3.01068e+06 9113 6750 3.00157e+06 483544 2.51802e+06 21372 37901 2.49665e+06 445643 59228
internal_count=3026251 3014415 11836 3010681 9113 6750 3001568 483544 2518024 21372 37901 2496652 445643 59228
is_linear=0
shrinkage=0.02


Tree=255
num_leaves=15
num_cat=0
split_feature=9 22 7 0 8 7 0 22 7 0 23 7 8 7
split_gain=252782 300127 291468 317136 253837 719976 827548 638792 749177 350390 346038 4.6505e+06 2.9245e+06 2.38348e+06
threshold=0.8301217555999757 11532.597656250002 11512.223632812502 810.50000000000011 -0.99445033073425282 11365.117187500002 2147.5000000000005 11401.974121093752 11418.685058593752 4807.5000000000009 11347.118164062502 11346.886718750002 0.90276649594306957 11218.415527343752
decision_type=2 2 2 2 2 2 2 2 2 2 2 2 2 2
left_child=4 2 -2 -4 5 9 -7 8 -8 -1 13 12 -12 -6
right_child=1 -3 3 -5 10 6 7 -9 -10 -11 11 -13 -14 -15
leaf_value=0.030627482112148871 0.073457216280826007 -0.033411320435964599 -0.051984057796669418 -0.63086117812266362 0.0040620678490408939 0.0051809607236062375 -0.12886416784745128 -0.067092979916738807 -0.52663984042920409 0.2118156267036736 -0.10862346083361427 0.005380793400173829 0.5666935823706708 -0.077616284802715624
leaf_weight=36945 599 5530 570 1129 1282079 74537 6510 67276 2667 4818 3506 1369741 9518 160826
leaf_count=36945 599 5530 570 1129 1282079 74537 6510 67276 2667 4818 3506 1369741 9518 160826
internal_value=-1.51879e-07 -0.113433 -0.305011 -0.438105 0.000294393 -0.0219114 -0.0422399 -0.0884672 -0.244914 0.0515765 0.00180924 0.00895871 0.384956 -0.00504225
internal_weight=3.02625e+06 7828 2298 1699 3.01842e+06 192753 150990 76453 9177 41763 2.82567e+06 1.38276e+06 13024 1.4429e+06
internal_count=3026251 7828 2298 1699 3018423 192753 150990 76453 9177 41763 2825670 1382765 13024 1442905
is_linear=0
shrinkage=0.02


Tree=256
num_leaves=15
num_cat=0
split_feature=5 0 6 20 9 0 25 25 0 1 25 9 9 25
split_gain=251069 271234 312473 272801 389603 276844 361334 439817 304363 269222 344596 508925 511238 389795
threshold=0.082499999552965178 4997.5000000000009 117.11630630493165 10820.808105468752 -0.67629325389862049 4577.5000000000009 0.056837266311049468 0.035565877333283431 1322.5000000000002 91.960784912109389 0.043306756764650352 0.74366798996925365 -0.86513796448707569 0.073251731693744673
decision_type=2 2 2 2 2 2 2 2 2 2 2 2 2 2
left_child=9 3 -3 -2 5 6 7 8 -5 10 -1 12 -12 -13
right_child=1 2 -4 4 -6 -7 -8 -9 -10 -11 11 13 -14 -15
leaf_value=0.0099674208252346162 -0.10291638212703559 0.13036911604788842 0.62960027554212861 -0.038415352376958721 0.015176177233791577 -0.28492140200893579 0.42240882741689034 -0.094709383923643906 0.42378686656230818 -0.0084097449408575848 0.48311151868362684 0.0291825982040343 -0.011228526067602289 0.31441786120754261
leaf_weight=1252239 5279 3915 567 813 26391 476 2188 2220 1883 1126679 828 4461 594959 3353
leaf_count=1252239 5279 3915 567 813 26391 476 2188 2220 1883 1126679 828 4461 594959 3353
internal_value=-1.96922e-07 0.0475679 0.19479 0.0307105 0.0515005 0.17778 0.209143 0.113555 0.284772 -0.00069784 0.00398406 -0.00842903 -0.0105334 0.151825
internal_weight=3.02625e+06 43732 4482 39250 33971 7580 7104 4916 2696 2.98252e+06 1.85584e+06 603601 595787 7814
internal_count=3026251 43732 4482 39250 33971 7580 7104 4916 2696 2982519 1855840 603601 595787 7814
is_linear=0
shrinkage=0.02


Tree=257
num_leaves=15
num_cat=0
split_feature=10 17 16 20 0 4 20 21 4 22 20 19 9 22
split_gain=245502 341088 566659 336545 307992 273800 222498 882830 772952 367946 528932 365919 373844 320434
threshold=2.3000000715255742 0.6556764841079713 9.9000000953674334 12517.736816406252 1656.5000000000002 -278.60499572753901 12185.930664062502 12184.685546875002 -170.61000061035153 11976.125488281252 11970.497558593752 12371.182617187502 0.53606674075126659 11425.907714843752
decision_type=2 2 2 2 2 2 2 2 2 2 2 2 2 2
left_child=1 6 3 4 -3 -2 9 -8 11 10 13 12 -9 -1
right_child=5 2 -4 -5 -6 -7 7 8 -10 -11 -12 -13 -14 -15
leaf_value=-0.002746820243617928 -0.1477756814884234 0.022204623256436313 -0.058214557169390453 -0.030168930586484378 0.12292303309734415 -0.0056583814496229514 0.36353127858818651 0.40609962802952987 0.0082538092234666141 -0.028318754906822771 0.17633287367935568 0.068624789370609438 0.078313856150486208 0.024653723995469546
leaf_weight=884516 5434 17863 17104 11029 37964 1375300 2932 3672 276976 165595 7040 7041 2247 211538
leaf_count=884516 5434 17863 17104 11029 37964 1375300 2932 3672 276976 165595 7040 7041 2247 211538
internal_value=-6.57632e-08 0.00521798 0.044485 0.070764 0.0907062 -0.00621878 0.00310643 0.018819 0.0153206 -0.000520808 0.00365238 0.166224 0.282009 0.00254163
internal_weight=3.02625e+06 1.64552e+06 83960 66856 55827 1.38073e+06 1.56156e+06 292868 289936 1.26869e+06 1.10309e+06 12960 5919 1.09605e+06
internal_count=3026251 1645517 83960 66856 55827 1380734 1561557 292868 289936 1268689 1103094 12960 5919 1096054
is_linear=0
shrinkage=0.02


Tree=258
num_leaves=15
num_cat=0
split_feature=9 25 7 7 7 25 8 7 24 9 4 0 0 7
split_gain=245131 762949 731569 665532 428725 295232 619555 580986 2.525e+06 1.31462e+06 1.49402e+06 1.15458e+06 974029 935167
threshold=-0.7377723455429076 0.058278817683458335 11985.183593750002 11947.308593750002 11965.328125000002 0.043618736788630492 -0.95664271712303151 12529.557128906252 12210.648925781252 0.5769755244255067 -170.61000061035153 2966.5000000000005 3371.5000000000005 11408.011230468752
decision_type=2 2 2 2 2 2 2 2 2 2 2 2 2 2
left_child=1 2 3 -1 -5 -2 -7 8 13 11 -11 -10 -12 -8
right_child=5 -3 -4 4 -6 6 7 -9 9 10 12 -13 -14 -15
leaf_value=0.021448624440323322 0.0036205813844830672 0.22012291677201251 -0.086773692188692172 0.39257785417299795 0.070975977436298701 -0.067044197477933665 0.0052948295943240822 -0.051701243459573838 0.029136918936756323 0.25671925084921143 0.034939313338904709 0.23008769879804683 -0.46825354943279157 -0.042845680174029219
leaf_weight=22692 1996265 8154 18696 3686 3017 70194 509265 96650 17096 3275 2556 34561 3851 236293
leaf_count=22692 1996265 8154 18696 3686 3017 70194 509265 96650 17096 3275 2556 34561 3851 236293
internal_value=0 0.0413594 0.0110095 0.0732113 0.24815 -0.000783392 -0.00981194 -0.00536501 0.000185684 0.123521 -0.0902714 0.163601 -0.267766 -0.0099629
internal_weight=3.02625e+06 56245 48091 29395 6703 2.97001e+06 973741 903547 806897 61339 9682 51657 6407 745558
internal_count=3026251 56245 48091 29395 6703 2970006 973741 903547 806897 61339 9682 51657 6407 745558
is_linear=0
shrinkage=0.02


Tree=259
num_leaves=15
num_cat=0
split_feature=24 20 4 4 21 22 9 0 9 0 24 19 0 20
split_gain=245230 455801 463425 426369 356688 548961 663063 453245 617678 480900 580893 470066 290531 283380
threshold=12829.062011718752 12821.602050781252 129.87500000000003 -57.085000991821282 12766.390136718752 12783.526367187502 -0.56790637969970692 1026.5000000000002 -0.55296459794044484 4917.5000000000009 12736.536132812502 11966.484863281252 2966.5000000000005 12752.619628906252
decision_type=2 2 2 2 2 2 2 2 2 2 2 2 2 2
left_child=1 4 -3 -2 5 13 12 -6 -9 10 11 -10 -7 -1
right_child=3 2 -4 -5 7 6 -8 8 9 -11 -12 -13 -14 -15
leaf_value=0.0003755304703541126 0.26457432761784472 -0.071012215633915451 -0.42063811718593541 0.0079481939081361905 -0.051693521457949629 -0.1558831610059481 -0.53566059751937278 0.30746323976987305 0.11937162692942119 -0.20945012874729346 0.034598828065795166 0.48858057247807135 0.17243176130983517 -0.060274925622036131
leaf_weight=2915797 3815 12052 1726 8021 11825 4270 1577 4592 3673 2449 21680 2208 1432 31134
leaf_count=2915797 3815 12052 1726 8021 11825 4270 1577 4592 3673 2449 21680 2208 1432 31134
internal_value=2.58252e-08 -0.000356868 -0.115085 0.0908196 0.000170305 -0.000694212 -0.174047 0.0551694 0.091694 0.0585859 0.0824709 0.258587 -0.0732691 -0.00026543
internal_weight=3.02625e+06 3.01442e+06 13778 11836 3.00064e+06 2.95421e+06 7279 46427 34602 30010 27561 5881 5702 2.94693e+06
internal_count=3026251 3014415 13778 11836 3000637 2954210 7279 46427 34602 30010 27561 5881 5702 2946931
is_linear=0
shrinkage=0.02


Tree=260
num_leaves=15
num_cat=0
split_feature=9 17 1 4 25 20 4 9 0 4 25 20 20 9
split_gain=243731 239348 239350 366469 1.19588e+06 758798 607839 549468 951853 729042 511979 493314 1.14008e+06 478835
threshold=0.8301217555999757 0.078702233731746687 91.960784912109389 133.18499755859378 0.015961522236466411 12804.373046875002 208.33000183105472 -0.63895034790039051 4668.5000000000009 182.47499847412112 0.086595837026834502 12283.176269531252 12175.379394531252 -0.34975594282150263
decision_type=2 2 2 2 2 2 2 2 2 2 2 2 2 2
left_child=1 -1 3 13 6 7 -5 9 10 -6 -9 12 -10 -3
right_child=-2 2 -4 4 5 -7 -8 8 11 -11 -12 -13 -14 -15
leaf_value=0.07797225486110515 -0.11138308739978595 0.022306297473297643 -0.0073424237081238962 -0.24943313071163262 -0.0013945496659515607 -0.40436772133644694 -1.1031346628311969 -0.027558903399860869 0.071577824837898679 -0.11484001918800932 -0.45061340658149773 -0.00015176727020919134 0.39806436835813719 -0.00040677644074039283
leaf_weight=15772 7828 584381 1138910 5395 57169 1939 347 79624 43843 37527 1151 29567 4732 1018066
leaf_count=15772 7828 584381 1138910 5395 57169 1939 347 79624 43843 37527 1151 29567 4732 1018066
internal_value=1.80851e-08 0.000289255 -0.000119042 0.00429509 -0.017667 -0.0112474 -0.302856 -0.00822592 0.0144985 -0.0463594 -0.0336425 0.0642598 0.103459 0.00787631
internal_weight=3.02625e+06 3.01842e+06 3.00265e+06 1.86374e+06 261294 255552 5742 253613 158917 94696 80775 78142 48575 1.60245e+06
internal_count=3026251 3018423 3002651 1863741 261294 255552 5742 253613 158917 94696 80775 78142 48575 1602447
is_linear=0
shrinkage=0.02


Tree=261
num_leaves=15
num_cat=0
split_feature=19 23 17 0 20 0 19 4 6 19 8 1 1 4
split_gain=244348 461187 289670 284517 276206 831473 466429 397475 309272 481756 345378 318041 277361 308525
threshold=10665.117675781252 10658.400390625002 0.078702233731746687 3659.5000000000005 10744.411132812502 2328.5000000000005 10741.833007812502 -117.84499740600585 90.864082336425795 10703.621582031252 0.9293411672115327 85.604034423828139 91.960784912109389 133.18499755859378
decision_type=2 2 2 2 2 2 2 2 2 2 2 2 2 2
left_child=-1 -2 3 -3 5 -4 -6 -7 9 10 -9 -10 13 -8
right_child=1 2 4 -5 6 7 12 8 11 -11 -12 -13 -14 -15
leaf_value=-0.03982418962102624 0.36502703495162814 0.03448590677207973 -0.0613779061070567 0.23141010036932166 -0.29243439720319353 0.4599943059966678 0.007765331279942278 0.22043212162975859 0.40434502590209265 -0.0077619121741538538 -0.13695848791399193 0.12405502806522284 -0.008224302631894503 -0.016824913495209471
leaf_weight=60388 1380 10499 19931 4066 2180 1166 1532242 7780 2037 18178 1249 7840 1121872 235443
leaf_count=60388 1380 10499 19931 4066 2180 1166 1532242 7780 2037 18178 1249 7840 1121872 235443
internal_value=-9.57292e-08 0.000810888 0.000640104 0.0895822 0.00020065 0.0433418 -0.000667479 0.0979106 0.0864045 0.0515678 0.170895 0.182214 -0.00044634 0.00449
internal_weight=3.02625e+06 2.96586e+06 2.96448e+06 14565 2.94992e+06 58181 2.89174e+06 38250 37084 27207 9029 9877 2.88956e+06 1.76768e+06
internal_count=3026251 2965863 2964483 14565 2949918 58181 2891737 38250 37084 27207 9029 9877 2889557 1767685
is_linear=0
shrinkage=0.02


Tree=262
num_leaves=15
num_cat=0
split_feature=5 4 4 23 23 4 8 8 8 23 1 21 19 8
split_gain=242540 522468 414054 421376 576953 403600 1.7192e+06 985465 592194 612444 549983 584176 459842 382036
threshold=0.072500001639127745 251.41500091552737 167.60500335693362 11889.806152343752 12210.714355468752 251.41500091552737 0.74366798996925365 0.95892572402954113 0.7692478895187379 10935.580078125002 105.82435989379884 10991.893554687502 12791.838378906252 0.86057791113853466
decision_type=2 2 2 2 2 2 2 2 2 2 2 2 2 2
left_child=5 2 -2 13 -5 -1 -7 8 9 -8 12 -12 -10 -4
right_child=1 -3 3 4 -6 6 7 -9 10 -11 11 -13 -14 -15
leaf_value=-0.0004215825491148579 0.04152647912890229 0.22749965186302537 0.074586235524317368 -0.45139632042519701 -0.030947526804066455 0.27740926264336213 -0.18468750713463117 0.57460885371830417 -0.013640468860193617 -0.71348650783217937 -0.76408066263540397 -0.065881498380232301 -0.41359870671366483 -0.17736855943237864
leaf_weight=2915650 70646 5147 8030 2328 2960 3879 1719 623 6730 1797 1079 860 1377 3426
leaf_count=2915650 70646 5147 8030 2328 2960 3879 1719 623 6730 1797 1079 860 1377 3426
internal_value=-8.6753e-09 0.0318784 0.0203319 -0.0690619 -0.216553 -0.00100565 -0.0952242 -0.197249 -0.233104 -0.456215 -0.15464 -0.456347 -0.082003 -0.000849907
internal_weight=3.02625e+06 92537 87390 16744 5288 2.93371e+06 18064 14185 13562 3516 10046 1939 8107 11456
internal_count=3026251 92537 87390 16744 5288 2933714 18064 14185 13562 3516 10046 1939 8107 11456
is_linear=0
shrinkage=0.02


Tree=263
num_leaves=15
num_cat=0
split_feature=24 4 13 17 14 21 21 22 0 14 4 22 21 8
split_gain=237587 407994 239413 755464 712429 440504 580403 573180 385264 300489 341265 425279 1.21071e+06 695996
threshold=12829.062011718752 -58.745000839233391 7.2999999523162851 0.56424313783645641 0.77948632836341869 11765.752441406252 11447.006835937502 11477.536621093752 2765.5000000000005 0.61669892072677623 47.98500061035157 11504.070312500002 11447.006835937502 0.77373486757278453
decision_type=2 2 2 2 2 2 2 2 2 2 2 2 2 2
left_child=2 -2 4 -4 9 6 -6 -8 -5 -1 -11 12 -12 -14
right_child=1 -3 3 8 5 -7 7 -9 -10 10 11 -13 13 -15
leaf_value=-0.0026791632458126368 0.26101690512966635 0.0091065221693555319 -0.0020509447044864764 -0.021418637423195625 0.088883261502847796 -0.0030507052981677387 0.8126506343274924 0.21194837877118947 -0.094228802527390826 0.0013612723404702832 0.0491083855078496 0.0027689807066633011 -0.11277587505811043 0.50491722011834983
leaf_weight=1491068 3765 8071 903216 60938 33752 19668 842 2547 55590 262329 98295 81609 907 3654
leaf_count=1491068 3765 8071 903216 60938 33752 19668 842 2547 55590 262329 98295 81609 907 3654
internal_value=-1.16088e-07 0.0893929 -0.000351417 -0.00823439 0.00367864 0.0734824 0.114001 0.363151 -0.0561582 0.00163194 0.016019 0.0368626 0.0639103 0.3821
internal_weight=3.02625e+06 11836 3.01442e+06 1.01974e+06 1.99467e+06 56809 37141 3389 116528 1.93786e+06 446794 184465 102856 4561
internal_count=3026251 11836 3014415 1019744 1994671 56809 37141 3389 116528 1937862 446794 184465 102856 4561
is_linear=0
shrinkage=0.02


Tree=264
num_leaves=15
num_cat=0
split_feature=16 20 8 4 20 4 24 4 24 22 0 8 8 4
split_gain=236162 269122 1.38002e+06 1.42275e+06 1.13041e+06 929612 799358 625090 590776 773095 474859 1.0403e+06 782975 475962
threshold=-23.100000381469723 12175.379394531252 0.9959542751312257 87.875000000000014 12214.273437500002 -170.61000061035153 12145.582031250002 -278.60499572753901 12220.252441406252 12209.860839843752 3683.5000000000005 0.90751835703849804 0.77373486757278453 -85.66500091552733
decision_type=2 2 2 2 2 2 2 2 2 2 2 2 2 2
left_child=-1 7 5 -4 -5 -3 -7 -2 10 -10 13 12 -12 -8
right_child=1 2 3 4 -6 6 8 -9 9 -11 11 -13 -14 -15
leaf_value=0.024653401332765282 -0.16754433103488861 0.12944333889450668 0.0039758214937602437 0.48857467839240315 0.089784003995519279 0.86925199843130829 0.16720205539968663 -0.0036225349310700108 0.3064284027101879 0.0037682923674540081 -0.23538609298162205 0.15538413660324857 -1.0648614693479419 -0.053431919343296101
leaf_weight=147821 9333 22863 11404 6655 4968 412 4310 2305346 3391 456496 8566 2894 472 41320
leaf_count=147821 9333 22863 11404 6655 4968 412 4310 2305346 3391 456496 8566 2894 472 41320
internal_value=-5.25456e-10 -0.00126616 0.0111254 0.162726 0.318346 0.00466645 -0.000844673 -0.00428421 -0.00155428 0.00600663 -0.0619525 -0.174234 -0.279836 -0.0325593
internal_weight=3.02625e+06 2.87843e+06 563751 23027 11623 540724 517861 2.31468e+06 517449 459887 57562 11932 9038 45630
internal_count=3026251 2878430 563751 23027 11623 540724 517861 2314679 517449 459887 57562 11932 9038 45630
is_linear=0
shrinkage=0.02


Tree=265
num_leaves=15
num_cat=0
split_feature=19 7 0 7 0 7 22 7 24 7 19 19 7 8
split_gain=234950 1.80537e+06 549408 496229 391176 308487 515837 645598 1.02622e+06 1.00609e+06 971033 968071 2.01623e+06 1.42389e+06
threshold=10665.117675781252 10676.426269531252 2484.5000000000005 10073.079589843752 8272.5000000000018 10689.769531250002 10712.947265625002 10782.446289062502 10801.253417968752 10863.726074218752 10861.162109375002 10930.491210937502 10921.998535156252 0.72694364190101635
decision_type=2 2 2 2 2 2 2 2 2 2 2 2 2 2
left_child=3 2 -2 -1 5 -3 -7 -8 -9 10 -10 -11 13 -13
right_child=1 4 -4 -5 -6 6 7 8 9 11 -12 12 -14 -15
leaf_value=0.074498492080426956 -0.02978911350255832 0.076180669496993661 0.29264021894872783 -0.067985785722728245 -0.12363285974003767 -0.10365116700168296 0.081544248927769444 -0.091889885436383559 0.029266820313766064 -0.048389056041841794 0.17823431273063733 -0.036071260397920864 0.00020489545830015238 0.38610808779567379
leaf_weight=12260 2615 21191 10981 48128 10235 19212 38591 48619 76625 165457 22677 4886 2535557 9217
leaf_count=12260 2615 21191 10981 48128 10235 19212 38591 48619 76625 165457 22677 4886 2535557 9217
internal_value=3.42222e-08 0.000795282 0.230648 -0.0390507 -0.000264022 0.000165577 -0.000386173 0.000297904 -0.000797493 0.000776439 0.0633004 -0.00151051 0.00153178 0.23992
internal_weight=3.02625e+06 2.96586e+06 13596 60388 2.95227e+06 2.94203e+06 2.92084e+06 2.90163e+06 2.86304e+06 2.81442e+06 99302 2.71512e+06 2.54966e+06 14103
internal_count=3026251 2965863 13596 60388 2952267 2942032 2920841 2901629 2863038 2814419 99302 2715117 2549660 14103
is_linear=0
shrinkage=0.02


Tree=266
num_leaves=15
num_cat=0
split_feature=7 23 7 4 23 4 7 24 7 23 7 4 7 21
split_gain=233596 1.93209e+06 2.16272e+06 1.46926e+06 1.01476e+06 973253 916835 8.7421e+06 2.02364e+06 3.16923e+06 2.95789e+06 1.45524e+06 1.35292e+06 1.29276e+06
threshold=11199.230468750002 11215.422363281252 11228.336914062502 -134.42499542236325 11175.851074218752 167.60500335693362 11405.086425781252 11458.908691406252 11577.411621093752 11565.328613281252 11755.942382812502 45.694999694824226 11512.223632812502 11419.001464843752
decision_type=2 2 2 2 2 2 2 2 2 2 2 2 2 2
left_child=4 2 -2 -4 -1 -6 7 13 9 -8 -10 -11 -13 -3
right_child=1 6 3 -5 5 -7 8 -9 10 11 -12 12 -14 -15
leaf_value=-0.0001930807978058215 -0.037532529900101766 0.013181725735872948 -0.56555346354133251 -0.16646495593299798 0.044518656853618117 0.29189127971094703 -0.04202991058311234 1.0063765773344979 0.18413254426847536 -0.03460094176999564 0.00025341609964489939 -0.34398594212249711 -0.88512315956160648 0.2233433431707787
leaf_weight=1004505 151950 269279 4404 22613 144215 6646 203617 3648 36076 3558 1154944 5859 2707 12230
leaf_count=1004505 151950 269279 4404 22613 144215 6646 203617 3648 36076 3558 1154944 5859 2707 12230
internal_value=7.43446e-08 -0.00436654 -0.0668565 -0.231706 0.00707093 0.0554351 0.00224384 0.0349437 -0.00438475 -0.0607444 0.00582463 -0.374751 -0.515829 0.0223198
internal_weight=3.02625e+06 1.87088e+06 178967 27017 1.15537e+06 150861 1.69192e+06 285157 1.40676e+06 215741 1.19102e+06 12124 8566 281509
internal_count=3026251 1870885 178967 27017 1155366 150861 1691918 285157 1406761 215741 1191020 12124 8566 281509
is_linear=0
shrinkage=0.02


Tree=267
num_leaves=15
num_cat=0
split_feature=9 7 22 19 4 20 8 7 7 4 20 7 7 22
split_gain=233869 657128 834646 532399 563465 292311 278693 506465 584909 285084 244209 3.8577e+06 1.54504e+06 2.32134e+06
threshold=-0.7377723455429076 11985.183593750002 12047.550292968752 10849.967285156252 38.155000686645515 12043.209472656252 -0.65655234456062306 11008.638671875002 10978.528808593752 101.814998626709 12175.379394531252 12202.979980468752 12040.396972656252 12040.663085937502
decision_type=2 2 2 2 2 2 2 2 2 2 2 2 2 2
left_child=1 2 3 -1 -5 -3 -6 8 9 -8 12 -12 13 -2
right_child=10 5 -4 4 6 -7 7 -9 -10 -11 11 -13 -14 -15
leaf_value=-0.079490216628989779 -0.00095780474145104588 -0.14353361930496589 0.54990906048452037 -0.019702663588755484 0.44102264991370582 0.009693536857299687 -0.0056602963634740881 -0.0001981021584892776 0.4573098621147838 0.24451440418158094 0.15943465884433047 -0.0069153553421698833 -0.058449955698946975 0.2048599448491645
leaf_weight=7189 2172785 7891 1525 8445 1478 13467 3207 5560 3276 4207 62400 523520 189168 22133
leaf_count=7189 2172785 7891 1525 8445 1478 13467 3207 5560 3276 4207 62400 523520 189168 22133
internal_value=5.19784e-08 0.0403982 0.0938769 0.0728722 0.114737 -0.046958 0.178756 0.154644 0.235105 0.136434 -0.000765122 0.0108032 -0.00360822 0.00111852
internal_weight=3.02625e+06 56245 34887 33362 26173 21358 17728 16250 10690 7414 2.97001e+06 585920 2.38409e+06 2.19492e+06
internal_count=3026251 56245 34887 33362 26173 21358 17728 16250 10690 7414 2970006 585920 2384086 2194918
is_linear=0
shrinkage=0.02


Tree=268
num_leaves=15
num_cat=0
split_feature=21 7 19 4 4 7 21 7 7 7 4 0 7 21
split_gain=228725 534961 1.26067e+06 816736 717441 633294 565873 632832 539670 502573 637909 493740 463187 2.744e+06
threshold=12778.339355468752 12545.775390625002 12530.458496093752 -19.785000801086422 99.134998321533217 12513.354003906252 12531.129882812502 12561.791503906252 12832.255859375002 12719.121582031252 -80.75500106811522 5431.5000000000009 12224.289062500002 12229.381347656252
decision_type=2 2 2 2 2 2 2 2 2 2 2 2 2 2
left_child=1 2 12 11 6 -5 7 -3 -8 10 -2 -4 13 -1
right_child=9 4 3 5 -6 -7 8 -9 -10 -11 -12 -13 -14 -15
leaf_value=-0.00059889164773267159 0.4578096381198955 -0.060691740882146704 0.3101111512396621 0.29953769008531361 -0.089460553428312273 0.033169991717188187 0.0044902857954205681 -0.55986367845378937 -0.25176243768879247 0.011444984839826658 0.081806865427166364 -0.16671898415916325 -0.032509622240579683 0.17423844102039213
leaf_weight=2504438 2301 3052 9000 3976 60669 34274 144345 1515 3354 47024 8271 955 166658 36419
leaf_count=2504438 2301 3052 9000 3976 60669 34274 144345 1515 3354 47024 8271 955 166658 36419
internal_value=1.66446e-07 -0.000765752 0.00159431 0.102964 -0.0313075 0.0609299 -0.0081325 -0.227147 -0.0013453 0.0394713 0.164001 0.264245 -0.000210847 0.00190778
internal_weight=3.02625e+06 2.96866e+06 2.75572e+06 48205 212935 38250 152266 4567 147699 57596 10572 9955 2.70752e+06 2.54086e+06
internal_count=3026251 2968655 2755720 48205 212935 38250 152266 4567 147699 57596 10572 9955 2707515 2540857
is_linear=0
shrinkage=0.02


Tree=269
num_leaves=15
num_cat=0
split_feature=9 22 7 0 8 7 0 22 7 0 21 7 21 24
split_gain=230567 288575 279369 304625 236195 691247 780812 606786 715437 340267 308442 2.30942e+06 1.74996e+06 2.23381e+06
threshold=0.8301217555999757 11532.597656250002 11512.223632812502 810.50000000000011 -0.99445033073425282 11365.117187500002 2147.5000000000005 11401.974121093752 11418.685058593752 4917.5000000000009 11159.918457031252 11021.642089843752 10978.111328125002 10988.964355468752
decision_type=2 2 2 2 2 2 2 2 2 2 2 2 2 2
left_child=4 2 -2 -4 5 9 -7 8 -8 -1 11 12 13 -6
right_child=1 -3 3 -5 10 6 7 -9 -10 -11 -12 -13 -14 -15
leaf_value=0.031966334844094786 0.07430827320111405 -0.029872935703258101 -0.048116715231846116 -0.6154048204296404 -0.0031301600193131655 0.0050047970251608691 -0.12503268492039218 -0.065128694312687835 -0.51374516199629927 0.22334371466987482 0.0064460504335520944 -0.06866392557916251 0.079358883327167132 -0.89197235780801809
leaf_weight=37649 599 5530 570 1129 635602 74537 6510 67276 2667 4114 1875484 196192 117269 1123
leaf_count=37649 599 5530 570 1129 635602 74537 6510 67276 2667 4114 1875484 196192 117269 1123
internal_value=1.77069e-07 -0.108333 -0.296187 -0.426491 0.000281494 -0.0211387 -0.0410575 -0.0859605 -0.238438 0.050868 0.00174275 -0.00754061 0.00836457 -0.00471184
internal_weight=3.02625e+06 7828 2298 1699 3.01842e+06 192753 150990 76453 9177 41763 2.82567e+06 950186 753994 636725
internal_count=3026251 7828 2298 1699 3018423 192753 150990 76453 9177 41763 2825670 950186 753994 636725
is_linear=0
shrinkage=0.02


Tree=270
num_leaves=15
num_cat=0
split_feature=5 4 23 4 25 0 4 0 0 4 5 20 25 20
split_gain=230542 303953 395036 429059 598985 529384 367169 313923 400948 303641 352327 580324 557613 467306
threshold=0.082499999552965178 251.41500091552737 10812.191406250002 170.42499542236331 0.024787073023617271 4146.5000000000009 83.064998626708999 4362.5000000000009 2544.5000000000005 229.26499938964847 0.047500001266598708 11388.461425781252 0.03116632625460625 10993.073730468752
decision_type=2 2 2 2 2 2 2 2 2 2 2 2 2 2
left_child=9 2 -2 6 -5 -6 -4 8 -8 -1 13 12 -12 -11
right_child=1 -3 3 4 5 -7 7 -9 -10 10 11 -13 -14 -15
leaf_value=8.1849620403728996e-05 -0.13183352055929623 0.21409731496616435 0.0060859489518443367 -0.50755121860792118 0.1396356205019102 -0.24617993549305944 0.27400626521079635 0.39883931281411805 0.044168818014810096 -0.19097945788658771 -0.76959079875665548 -0.17193225712282584 0.15056238560367113 -0.025354994235540641
leaf_weight=2941859 5283 3890 11886 1116 3781 2267 4542 1835 9132 11686 262 3846 8531 16335
leaf_count=2941859 5283 3890 11886 1116 3781 2267 4542 1835 9132 11686 262 3846 8531 16335
internal_value=4.4737e-08 0.0455821 0.0290789 0.0537091 -0.0840111 -0.00514577 0.0897422 0.153809 0.120658 -0.000668459 -0.0549424 0.0326993 0.1223 -0.0944719
internal_weight=3.02625e+06 43732 39842 34559 7164 6048 27395 15509 13674 2.98252e+06 40660 12639 8793 28021
internal_count=3026251 43732 39842 34559 7164 6048 27395 15509 13674 2982519 40660 12639 8793 28021
is_linear=0
shrinkage=0.02


Tree=271
num_leaves=15
num_cat=0
split_feature=7 19 22 7 7 7 20 7 7 22 7 22 7 20
split_gain=231214 1.57091e+06 1.5466e+06 1.37154e+06 1.14902e+06 802892 716328 2.14431e+06 1.0886e+06 3.03757e+06 3.41705e+06 1.98815e+06 1.92265e+06 7.61585e+06
threshold=11186.826171875002 11180.057617187502 11160.306152343752 11153.163574218752 11171.726562500002 11233.562988281252 11214.808593750002 11221.080078125002 11361.277832031252 11368.076171875002 11346.886718750002 11385.821289062502 11405.086425781252 11459.560058593752
decision_type=2 2 2 2 2 2 2 2 2 2 2 2 2 2
left_child=1 -1 5 -3 -5 -2 7 -4 9 -8 -11 -10 13 -13
right_child=2 3 6 4 -6 -7 8 -9 11 10 -12 12 -14 -15
leaf_value=0.0011598229862842 -0.10746820459303939 -0.078103170902104724 -0.010031277275416953 0.32469507740588982 0.098395473004019574 -0.5598799889634053 0.028086024096747202 -0.18774176220848901 -0.10281008859162989 0.79944680246176003 0.092311968071167178 0.055363102533142972 -0.0023734982886170846 0.98129084021075219
leaf_weight=982864 39412 13683 193140 11359 42701 1625 161568 31594 75014 4426 7130 65857 1392132 3746
leaf_count=982864 39412 13683 193140 11359 42701 1625 161568 31594 75014 4426 7130 65857 1392132 3746
internal_value=0 0.00758082 -0.00403135 0.100727 0.145997 -0.125516 -0.00145377 -0.0350219 0.00295835 0.0505018 0.363607 -0.00239798 0.00275567 0.10533
internal_weight=3.02625e+06 1.05061e+06 1.97564e+06 67743 54060 41037 1.93461e+06 224734 1.70987e+06 173124 11556 1.53675e+06 1.46174e+06 69603
internal_count=3026251 1050607 1975644 67743 54060 41037 1934607 224734 1709873 173124 11556 1536749 1461735 69603
is_linear=0
shrinkage=0.02


Tree=272
num_leaves=15
num_cat=0
split_feature=24 20 0 21 25 0 22 9 9 24 19 9 25 0
split_gain=227514 433177 372429 337285 624372 571752 529201 636431 434169 488171 425218 283388 280009 278677
threshold=12829.062011718752 12821.602050781252 1281.5000000000002 12766.390136718752 0.072345379739999785 1045.5000000000002 12783.526367187502 -0.56790637969970692 -0.55296459794044484 12736.536132812502 11966.484863281252 -0.66606479883193959 0.10706012696027757 2966.5000000000005
decision_type=2 2 2 2 2 2 2 2 2 2 2 2 2 2
left_child=1 3 -2 6 5 -5 -1 13 11 10 -10 -7 -3 -8
right_child=2 12 -4 4 -6 8 7 -9 9 -11 -12 -13 -14 -15
leaf_value=-0.00024943901509147409 -0.089269037908159099 -0.15649033606105686 0.15856039512777434 -0.04368589201004907 -0.17677221420004116 0.056382209222189859 -0.15305130164290312 -0.52515207890376547 0.11752741899618357 0.043950040468856408 0.46965518395262756 0.40195210017929567 0.070989408798423775 0.16849667646423572
leaf_weight=2946931 3394 11096 8442 11440 4262 1345 4270 1577 3621 20304 2208 3247 2682 1432
leaf_count=2946931 3394 11096 8442 11440 4262 1345 4270 1577 3621 20304 2208 3247 2682 1432
internal_value=7.81813e-08 -0.000343682 0.0874777 0.000170241 0.0536525 0.0769805 -0.000670433 -0.170874 0.121909 0.0903216 0.251491 0.301081 -0.112189 -0.0721406
internal_weight=3.02625e+06 3.01442e+06 11836 3.00064e+06 46427 42165 2.95421e+06 7279 30725 26133 5829 4592 13778 5702
internal_count=3026251 3014415 11836 3000637 46427 42165 2954210 7279 30725 26133 5829 4592 13778 5702
is_linear=0
shrinkage=0.02


Tree=273
num_leaves=15
num_cat=0
split_feature=7 19 0 20 7 22 21 23 22 4 23 7 0 7
split_gain=224346 2.63051e+06 1.62899e+06 949530 976587 2.30935e+06 1.66044e+06 2.10792e+06 1.39339e+06 1.07721e+06 908942 881288 841916 1.13745e+06
threshold=11203.908691406252 11199.422363281252 1929.5000000000002 11161.575195312502 11021.642089843752 11017.870117187502 10978.111328125002 10997.019531250002 10946.284179687502 194.20500183105472 10983.180175781252 11210.404785156252 2308.5000000000005 11141.432128906252
decision_type=2 2 2 2 2 2 2 2 2 2 2 2 2 2
left_child=3 2 -2 4 6 8 7 -1 -6 -8 -10 -4 -5 -14
right_child=1 -3 11 12 5 -7 9 -9 10 -11 -12 -13 13 -15
leaf_value=-0.0030229524610105884 -0.0012744737061164176 0.00053249364676663253 -0.093802232891871298 0.0038622023108295617 0.20647116893283063 -0.010001069155095464 0.068388087782484078 -0.87455054344890781 -0.35710471647225289 0.4964247290887519 -0.14045582330421577 -0.27028499861910005 -0.11323096149261418 0.097534537044549979
leaf_weight=640713 28257 1748951 19939 118192 3250 165195 115569 1102 12953 2391 19307 26216 11255 112961
leaf_count=640713 28257 1748951 19939 118192 3250 165195 115569 1102 12953 2391 19307 26216 11255 112961
internal_value=9.92633e-08 -0.00442284 -0.120876 0.00670448 -0.00222253 -0.0414592 0.00814276 -0.004533 -0.18776 0.0771057 -0.227529 -0.194082 0.0420742 0.0784297
internal_weight=3.02625e+06 1.82336e+06 74412 1.20289e+06 960480 200705 759775 641815 35510 117960 32260 46155 242408 124216
internal_count=3026251 1823363 74412 1202888 960480 200705 759775 641815 35510 117960 32260 46155 242408 124216
is_linear=0
shrinkage=0.02


Tree=274
num_leaves=15
num_cat=0
split_feature=19 23 24 19 4 24 4 8 20 4 9 20 4 4
split_gain=222464 427533 295742 985143 909922 561176 798810 511092 502039 425733 473218 601388 567555 469830
threshold=10665.117675781252 10658.400390625002 10773.381347656252 10773.389648437502 -97.16500091552733 10801.253417968752 -71.465000152587876 -0.78062468767166127 10793.995605468752 251.41500091552737 -0.6304970085620879 10728.901367187502 140.31500244140628 46.854999542236335
decision_type=2 2 2 2 2 2 2 2 2 2 2 2 2 2
left_child=-1 -2 3 4 7 6 8 -3 -4 10 11 13 -13 -6
right_child=1 2 5 -5 9 -7 -8 -9 -10 -11 -12 12 -14 -15
leaf_value=-0.037998860753234123 0.35144949864998137 -0.14479210877172302 -0.13759790737938951 0.35925795167052038 -0.036029509980324351 0.00060632704375442883 -0.042527207947531238 0.31436899338955498 -0.56910667324763731 0.311344125562454 -0.061318066910384481 0.11978353343810011 -0.14608599740825115 0.1301426048617994
leaf_weight=60388 1380 1152 2491 3604 9431 2822869 42751 5948 1904 1756 32819 4562 10791 24405
leaf_count=60388 1380 1152 2491 3604 9431 2822869 42751 5948 1904 1756 32819 4562 10791 24405
internal_value=3.13059e-08 0.00077386 0.000609425 0.0354262 0.0225435 -0.000536699 -0.0689615 0.239767 -0.325408 0.00410456 -0.00251113 0.0367291 -0.0670575 0.0838284
internal_weight=3.02625e+06 2.96586e+06 2.96448e+06 94468 90864 2.87002e+06 47146 7100 4395 83764 82008 49189 15353 33836
internal_count=3026251 2965863 2964483 94468 90864 2870015 47146 7100 4395 83764 82008 49189 15353 33836
is_linear=0
shrinkage=0.02


Tree=275
num_leaves=15
num_cat=0
split_feature=10 17 16 7 0 22 7 17 0 16 1 8 8 21
split_gain=222768 310897 510565 457651 311658 198320 308560 196776 253447 255588 193753 262295 373224 404945
threshold=2.3000000715255742 0.6556764841079713 9.9000000953674334 12525.290527343752 2127.5000000000005 12531.414550781252 12599.093261718752 0.26353931427001959 1656.5000000000002 11.700000286102297 88.758071899414077 0.94742506742477428 0.99357324838638317 11540.899414062502
decision_type=2 2 2 2 2 2 2 2 2 2 2 2 2 2
left_child=1 7 3 4 -3 6 -5 8 -1 -10 11 -9 13 -13
right_child=-2 2 -4 5 -6 -7 -8 10 9 -11 -12 12 -14 -15
leaf_value=-0.0091766049918454561 -0.0059237043128576184 0.033296215064682576 -0.055024368916319573 -0.044156730622996257 0.12838380086641513 -0.023694170811364899 -0.6860172604732826 0.011131747296034436 0.018240313349695354 0.077870357634870463 -0.0082218916212426479 -0.011921861018022936 0.010021986286515374 -0.14604832042718341
leaf_weight=69935 1380734 23447 17104 780 33492 8659 478 674079 86493 43067 603294 19193 48542 16954
leaf_count=69935 1380734 23447 17104 780 33492 8659 478 674079 86493 43067 603294 19193 48542 16954
internal_value=5.76051e-08 0.00497063 0.0424596 0.067404 0.0892406 -0.0579334 -0.291546 0.0029547 0.0215053 0.0380666 0.000237533 0.00696364 -0.0262094 -0.0748546
internal_weight=3.02625e+06 1.64552e+06 83960 66856 56939 9917 1258 1.56156e+06 199495 129560 1.36206e+06 758768 84689 36147
internal_count=3026251 1645517 83960 66856 56939 9917 1258 1561557 199495 129560 1362062 758768 84689 36147
is_linear=0
shrinkage=0.02


Tree=276
num_leaves=15
num_cat=0
split_feature=8 4 0 7 23 7 7 21 4 23 7 4 7 23
split_gain=220902 720987 552648 469400 500538 590214 424961 568436 445030 278596 4.33762e+06 3.57645e+06 2.15249e+06 1.67793e+06
threshold=-0.99445033073425282 -175.52500152587888 2544.5000000000005 11368.435058593752 11415.176269531252 11422.027343750002 12235.749511718752 12461.710449218752 -2.7450000047683711 11347.118164062502 11346.886718750002 57.585000991821296 11218.415527343752 11197.431152343752
decision_type=2 2 2 2 2 2 2 2 2 2 2 2 2 2
left_child=1 -1 -3 -4 5 -5 8 -8 -6 12 11 -11 -2 -14
right_child=9 2 3 4 6 -7 7 -9 -10 10 -12 -13 13 -15
leaf_value=0.19133906746226589 0.0039184874590092829 0.00072941558670052602 0.032132922861358874 -0.14843898117658658 -0.030523676836443872 -0.5333856357907476 -0.28940218306030902 0.16398522047620095 -0.41939809843258524 -0.035889313474553874 0.0043625883200209929 0.6406811474572699 -0.23945449814212777 -0.048508082025826058
leaf_weight=6197 1282079 110686 14696 9632 41076 1903 6013 1348 1202 5196 1377083 7828 21184 140128
leaf_count=6197 1282079 110686 14696 9632 41076 1903 6013 1348 1202 5196 1377083 7828 21184 140128
internal_value=8.92351e-09 -0.020717 -0.027771 -0.0693449 -0.0937248 -0.212355 -0.0661202 -0.206262 -0.0416767 0.00140939 0.00779971 0.370937 -0.00474503 -0.0735972
internal_weight=3.02625e+06 192753 186556 75870 61174 11535 49639 7361 42278 2.8335e+06 1.39011e+06 13024 1.44339e+06 161312
internal_count=3026251 192753 186556 75870 61174 11535 49639 7361 42278 2833498 1390107 13024 1443391 161312
is_linear=0
shrinkage=0.02


Tree=277
num_leaves=15
num_cat=0
split_feature=5 4 5 20 25 20 20 7 20 25 20 20 7 21
split_gain=220574 291400 336366 553903 528133 445058 1.06922e+06 1.08771e+06 441049 420795 380144 584895 351124 344768
threshold=0.082499999552965178 229.26499938964847 0.047500001266598708 11388.461425781252 0.03116632625460625 10993.073730468752 10956.199707031252 11008.638671875002 12223.945800781252 0.077931642532348647 11388.461425781252 11419.507812500002 11440.685058593752 10911.235839843752
decision_type=2 2 2 2 2 2 2 2 2 2 2 2 2 2
left_child=1 -1 5 4 -4 6 -3 -8 12 -6 -7 -12 -5 -11
right_child=-2 2 3 8 9 10 7 -9 -10 13 11 -13 -14 -15
leaf_value=8.1099460617906167e-05 0.044585730236184416 -0.065820397068700229 -0.74864726220860245 -0.05953452112439462 0.23684404184491714 0.14005978093023941 0.50156829098154443 -0.62031595372070336 -0.014611029187304803 -0.23325534841686149 -0.66939702106898369 -0.048640723656836395 -0.7307227911353863 0.26883987556602879
leaf_weight=2941859 43732 8363 262 517 6044 4152 384 2939 2546 1690 631 11552 783 797
leaf_count=2941859 43732 8363 262 517 6044 4152 384 2939 2546 1690 631 11552 783 797
internal_value=-2.50966e-08 -0.00065393 -0.0538227 0.031811 0.119348 -0.0924465 -0.186629 -0.489551 -0.168108 0.146853 -0.0249947 -0.0813161 -0.466304 -0.0719104
internal_weight=3.02625e+06 2.98252e+06 40660 12639 8793 28021 11686 3323 3846 8531 16335 12183 1300 2487
internal_count=3026251 2982519 40660 12639 8793 28021 11686 3323 3846 8531 16335 12183 1300 2487
is_linear=0
shrinkage=0.02


Tree=278
num_leaves=15
num_cat=0
split_feature=24 4 19 8 21 8 13 17 4 24 8 21 4 21
split_gain=218380 384273 296667 770830 412048 255248 227172 347214 239880 616210 215062 936635 1.2014e+06 660399
threshold=12829.062011718752 -57.085000991821282 13490.410644531252 0.82309290766716015 12688.952636718752 0.79456663131713878 -9.9000000953674299 0.56424313783645641 -239.11000061035153 12152.713867187502 0.99679929018020641 12153.282714843752 87.875000000000014 10870.050781250002
decision_type=2 2 2 2 2 2 2 2 2 2 2 2 2 2
left_child=2 -2 6 4 -4 -6 7 -1 9 -8 -10 13 -13 -12
right_child=1 -3 3 -5 5 -7 8 -9 10 -11 11 12 -14 -15
leaf_value=0.0033842968055945474 0.25065770154996636 0.0070298852258740907 0.20720098908719245 -0.51483153913482294 -0.1986948333955148 0.12165625677407128 -0.10885679685368095 0.039218672955455856 -0.0041629315812127801 0.15100082408584423 -0.26769971243067564 0.0022109495192562784 0.33716048342094729 0.010113581158072468
leaf_weight=693634 3815 8021 2104 1577 4130 1302 21219 128129 2039599 4399 3537 9090 8091 97604
leaf_count=693634 3815 8021 2104 1577 4130 1302 21219 128129 2039599 4399 3537 9090 8091 97604
internal_value=-1.56965e-07 0.0857034 -0.000336959 -0.114214 -0.0298066 -0.121824 8.72476e-06 0.00897201 -0.00336458 -0.064193 -0.00264214 0.0235707 0.160053 0.000372475
internal_weight=3.02625e+06 11836 3.01442e+06 9113 7536 5432 3.0053e+06 821763 2.18354e+06 25618 2.15792e+06 118322 17181 101141
internal_count=3026251 11836 3014415 9113 7536 5432 3005302 821763 2183539 25618 2157921 118322 17181 101141
is_linear=0
shrinkage=0.02


Tree=279
num_leaves=15
num_cat=0
split_feature=7 19 20 7 7 4 4 19 7 7 23 7 20 7
split_gain=216864 1.49162e+06 1.45104e+06 1.2843e+06 1.09889e+06 740636 1.11141e+06 660555 2.23271e+06 1.11153e+06 2.57139e+06 3.22398e+06 1.73916e+06 8.23953e+06
threshold=11186.826171875002 11180.057617187502 11158.451660156252 11153.163574218752 11171.726562500002 -100.56499862670897 15.574999809265138 11215.259765625002 11221.080078125002 11361.277832031252 11364.773925781252 11346.886718750002 11415.047363281252 11391.668457031252
decision_type=2 2 2 2 2 2 2 2 2 2 2 2 2 2
left_child=1 -1 5 -3 -5 -2 -7 8 -4 10 -9 -12 -11 -14
right_child=2 3 7 4 -6 6 -8 9 -10 12 11 -13 13 -15
leaf_value=0.0010847913459958274 -0.2974548005742465 -0.074943044805747053 -0.0063721709471693169 0.31666946156771081 0.095362003116317193 0.1177287834558766 -0.15625701657167765 0.028540650607289865 -0.17558503338380327 -0.065892427769887615 0.7380610763575628 0.089774763644857425 0.8031244256282315 0.0016484268082963074
leaf_weight=982864 8006 13683 199358 11359 42701 8169 21463 154444 36966 155601 4708 8786 5140 1373003
leaf_count=982864 8006 13683 199358 11359 42701 8169 21463 154444 36966 155601 4708 8786 5140 1373003
internal_value=-1.50697e-07 0.00734165 -0.0039044 0.0981067 0.141913 -0.126881 -0.0807092 -0.00151542 -0.032847 0.00283596 0.0516832 0.31634 -0.00251288 0.00464348
internal_weight=3.02625e+06 1.05061e+06 1.97564e+06 67743 54060 37638 29632 1.93801e+06 236324 1.70168e+06 167938 13494 1.53374e+06 1.37814e+06
internal_count=3026251 1050607 1975644 67743 54060 37638 29632 1938006 236324 1701682 167938 13494 1533744 1378143
is_linear=0
shrinkage=0.02


Tree=280
num_leaves=15
num_cat=0
split_feature=1 8 8 20 4 4 25 8 7 20 7 7 24 7
split_gain=219606 395853 669975 1.01338e+06 1.45752e+06 660412 1.21942e+06 682386 839716 1.02493e+06 812519 773299 626488 947809
threshold=91.960784912109389 0.93684044480323803 0.99357324838638317 12175.379394531252 114.90500259399415 167.60500335693362 0.015757581219077114 0.76719006896018993 11440.685058593752 11423.793945312502 12586.961914062502 12732.157714843752 10872.445312500002 10879.343750000002
decision_type=2 2 2 2 2 2 2 2 2 2 2 2 2 2
left_child=1 5 -3 12 -5 -1 -7 8 -8 -10 -9 -12 13 -4
right_child=-2 2 3 4 -6 6 7 10 9 -11 11 -13 -14 -15
leaf_value=0.011384020505591608 -0.0069126085009389117 -0.049060705892996527 0.19746192682560756 0.021816441059418816 0.36482650480014855 -0.66998873035014417 -0.050970286616736249 0.059866865121605876 -0.79194504006827393 -0.17361447063510071 -0.3695792648506806 -0.035762484098720591 0.00029304050809155077 -0.38634345319987112
leaf_weight=1509203 1143622 137132 1548 14654 7478 1199 45240 43975 1275 6542 3430 14392 92665 3896
leaf_count=1509203 1143622 137132 1548 14654 7478 1199 45240 43975 1275 6542 3430 14392 92665 3896
internal_value=-5.35869e-08 0.00419905 -0.0188464 0.0156134 0.137827 0.0078486 -0.0381244 -0.0314702 -0.0840752 -0.275353 0.0137007 -0.100181 -0.0119672 -0.220277
internal_weight=3.02625e+06 1.88263e+06 257373 120241 22132 1.62526e+06 116053 114854 53057 7817 61797 17822 98109 5444
internal_count=3026251 1882629 257373 120241 22132 1625256 116053 114854 53057 7817 61797 17822 98109 5444
is_linear=0
shrinkage=0.02


Tree=281
num_leaves=15
num_cat=0
split_feature=19 7 4 7 7 22 7 4 7 24 19 7 24 7
split_gain=215197 1.70017e+06 503491 474038 296071 575367 1.41583e+06 652717 685782 489550 644158 1.39672e+06 1.05149e+06 1.60526e+06
threshold=10665.117675781252 10676.426269531252 59.98500061035157 10073.079589843752 10689.769531250002 10734.705078125002 10728.651367187502 -15.734999656677244 10769.989746093752 10754.745605468752 10806.465332031252 10863.726074218752 10913.606445312502 10908.922363281252
decision_type=2 2 2 2 2 2 2 2 2 2 2 2 2 2
left_child=3 2 -2 -1 -3 7 -7 -6 -9 -8 -11 -12 -13 -14
right_child=1 4 -4 -5 5 6 9 8 -10 10 11 12 13 -15
leaf_value=0.07360755625931964 -0.05524067172257939 0.071828470129017358 0.27681794607282917 -0.065654140690115853 0.42793302260274474 0.55507253016572866 0.13188957844654961 -0.14187555741115929 0.29395562825459776 -0.057173837338374257 0.077772459934221536 -0.058799800286587926 0.23893358051931438 -0.00017372693518413369
leaf_weight=12260 2170 22600 11426 48128 910 1827 11146 23136 1531 79000 91066 123771 11270 2586010
leaf_count=12260 2170 22600 11426 48128 910 1827 11146 23136 1531 79000 91066 123771 11270 2586010
internal_value=-1.76935e-07 0.000760895 0.223816 -0.0373733 -0.000267084 -0.000823493 8.44993e-06 -0.0952487 -0.114716 -0.000342872 -0.000853124 0.000729269 -0.00184942 0.000864705
internal_weight=3.02625e+06 2.96586e+06 13596 60388 2.95227e+06 2.92967e+06 2.90409e+06 25577 24667 2.90226e+06 2.89112e+06 2.81212e+06 2.72105e+06 2.59728e+06
internal_count=3026251 2965863 13596 60388 2952267 2929667 2904090 25577 24667 2902263 2891117 2812117 2721051 2597280
is_linear=0
shrinkage=0.02


Tree=282
num_leaves=15
num_cat=0
split_feature=9 22 7 0 8 7 0 22 7 19 7 0 7 20
split_gain=222504 276857 268645 293564 217505 630945 724919 547486 665067 345381 2.8029e+06 1.0879e+06 1.03468e+06 5.61673e+06
threshold=0.8301217555999757 11532.597656250002 11512.223632812502 672.50000000000011 -0.99445033073425282 11365.117187500002 2147.5000000000005 11401.974121093752 11418.685058593752 11205.707031250002 11210.404785156252 1872.5000000000002 11413.131347656252 11449.333007812502
decision_type=2 2 2 2 2 2 2 2 2 2 2 2 2 2
left_child=4 2 -2 -4 5 -1 -7 8 -8 10 -6 -12 13 -11
right_child=1 -3 3 -5 9 6 7 -9 -10 12 11 -13 -14 -15
leaf_value=0.048515301322136127 0.072891364312915763 -0.029571000698748039 0.03171514326158692 -0.57066964865664349 0.00047518815912742752 0.0050738869221551939 -0.11807553815186982 -0.06278720643594389 -0.4928470065017489 0.026176789600008705 -0.025220931362023646 -0.20505814915359658 -0.00083743717220609651 0.57804619297273496
leaf_weight=41763 599 5530 432 1267 1176789 74537 6510 67276 2667 349407 20885 37829 1233234 7526
leaf_count=41763 599 5530 432 1267 1176789 74537 6510 67276 2667 349407 20885 37829 1233234 7526
internal_value=-5.59833e-08 -0.106422 -0.290423 -0.418202 0.000276286 -0.0202789 -0.0393091 -0.0825752 -0.227411 0.00167853 -0.00625407 -0.141104 0.0078419 0.037829
internal_weight=3.02625e+06 7828 2298 1699 3.01842e+06 192753 150990 76453 9177 2.82567e+06 1.2355e+06 58714 1.59017e+06 356933
internal_count=3026251 7828 2298 1699 3018423 192753 150990 76453 9177 2825670 1235503 58714 1590167 356933
is_linear=0
shrinkage=0.02


Tree=283
num_leaves=15
num_cat=0
split_feature=24 7 20 4 20 22 7 7 8 4 0 24 7 7
split_gain=209602 614040 437458 913138 489733 564913 720435 556762 766958 368824 362444 281199 2.43186e+06 1.74857e+06
threshold=12829.062011718752 12832.255859375002 12804.373046875002 131.47499847412112 12775.502441406252 12783.526367187502 12764.483398437502 12752.621093750002 0.80688521265983593 -58.745000839233391 2804.5000000000005 12220.252441406252 12219.075683593752 12224.289062500002
decision_type=2 2 2 2 2 2 2 2 2 2 2 2 2 2
left_child=1 2 4 -4 5 11 -7 8 10 -2 -6 13 -13 -1
right_child=9 -3 3 -5 7 6 -8 -9 -10 -11 -12 12 -14 -15
leaf_value=-0.00074468080813509612 0.24714079340430878 -0.25630100019849261 -0.03731709051339821 -0.40231548548123797 0.17079132529999105 0.082206717719435704 -0.33741650564622983 0.01813317348071283 -0.13268677271726101 0.0076293941363593165 0.43372912682759329 0.16817182939243128 0.00041048393670107272 -0.18237958805383706
leaf_weight=2496652 3765 3734 21402 3135 5095 2615 4349 20905 2270 8071 3582 37901 391403 21372
leaf_count=2496652 3765 3734 21402 3135 5095 2615 4349 20905 2270 8071 3582 37901 391403 21372
internal_value=-1.03893e-07 -0.000330068 -1.17425e-05 -0.0840973 0.000679457 -0.000161666 -0.179952 0.0786703 0.194152 0.0839633 0.279713 0.000263748 0.0152249 -0.00228705
internal_weight=3.02625e+06 3.01442e+06 3.01068e+06 24537 2.98614e+06 2.95429e+06 6964 31852 10947 11836 8677 2.94733e+06 429304 2.51802e+06
internal_count=3026251 3014415 3010681 24537 2986144 2954292 6964 31852 10947 11836 8677 2947328 429304 2518024
is_linear=0
shrinkage=0.02


Tree=284
num_leaves=15
num_cat=0
split_feature=9 21 7 22 21 25 7 7 1 7 23 25 25 9
split_gain=221527 457520 499314 772256 766013 728147 474749 275520 257593 351858 1.03794e+06 389082 289425 481519
threshold=-0.72443613409996022 10832.128417968752 11985.183593750002 12047.550292968752 12341.518066406252 0.063408959656953826 12672.994628906252 10807.967285156252 91.960784912109389 10908.922363281252 10932.789550781252 0.034775005653500564 0.043306756764650352 0.74366798996925365
decision_type=2 2 2 2 2 2 2 2 2 2 2 2 2 2
left_child=1 7 3 -3 5 -4 -6 -1 12 10 11 -10 -2 -14
right_child=8 2 4 -5 6 -7 -8 -9 9 -11 -12 -13 13 -15
leaf_value=-0.036131546863645773 0.0092862043873299296 0.080279481042394615 -0.10569499588201069 0.53773245902997757 0.34070867280837996 0.37925648348517349 0.037019162942162696 -0.28281695175642529 -0.021654793068788702 -0.01175974474554739 0.44824316314016133 0.064590539687317275 -0.009663140711686417 0.1482617247152925
leaf_weight=9644 1226923 38813 19870 1525 3181 1311 5813 2221 44628 1025977 2303 39375 596853 7814
leaf_count=9644 1226923 38813 19870 1525 3181 1311 5813 2221 44628 1025977 2303 39375 596853 7814
internal_value=-1.16168e-07 0.0323457 0.0516812 0.0977032 -0.0098524 -0.0755131 0.144689 -0.0825094 -0.000905358 -0.0084971 0.0302847 0.0187739 0.00370495 -0.00761986
internal_weight=3.02625e+06 82378 70513 40338 30175 21181 8994 11865 2.94387e+06 1.11228e+06 86306 84003 1.83159e+06 604667
internal_count=3026251 82378 70513 40338 30175 21181 8994 11865 2943873 1112283 86306 84003 1831590 604667
is_linear=0
shrinkage=0.02


Tree=285
num_leaves=15
num_cat=0
split_feature=9 22 7 4 19 7 4 7 7 22 7 4 7 4
split_gain=217186 263812 257967 280230 211040 1.62691e+06 482764 454464 281431 556882 1.35521e+06 626860 658333 463412
threshold=0.8301217555999757 11532.597656250002 11512.223632812502 -11.845000267028807 10665.117675781252 10676.426269531252 59.98500061035157 10073.079589843752 10689.769531250002 10734.705078125002 10728.651367187502 -15.734999656677244 10769.989746093752 182.47499847412112
decision_type=2 2 2 2 2 2 2 2 2 2 2 2 2 2
left_child=4 2 -2 -4 7 6 -6 -1 -7 11 -11 -10 13 -13
right_child=1 -3 3 -5 5 8 -8 -9 9 10 -12 12 -14 -15
leaf_value=0.071929106998015968 0.07126554583485295 -0.030121118053633784 -0.57002237377368503 -0.00012684073861764402 -0.054029181701071897 0.07031015926053566 0.27112290005345546 -0.064427124594499383 0.41929584534271902 0.54334790238622843 -4.7476445423961025e-05 -0.10160219527072503 0.2879132411976591 -0.353064904794823
leaf_weight=12260 599 5530 1219 480 2170 22600 11426 48128 910 1827 2894435 19698 1531 3438
leaf_count=12260 599 5530 1219 480 2170 22600 11426 48128 910 1827 2894435 19698 1531 3438
internal_value=-9.04553e-09 -0.105143 -0.284757 -0.409971 0.00027301 0.00102868 0.219224 -0.0367364 2.04138e-05 -0.000523499 0.000297172 -0.0934184 -0.112496 -0.139107
internal_weight=3.02625e+06 7828 2298 1699 3.01842e+06 2.95804e+06 13596 60388 2.94444e+06 2.92184e+06 2.89626e+06 25577 24667 23136
internal_count=3026251 7828 2298 1699 3018423 2958035 13596 60388 2944439 2921839 2896262 25577 24667 23136
is_linear=0
shrinkage=0.02


Tree=286
num_leaves=15
num_cat=0
split_feature=5 4 22 7 4 25 6 25 25 4 8 20 20 19
split_gain=210136 284996 371670 476996 715333 481137 415992 340526 270210 267579 1.08539e+06 680165 1.76015e+06 680114
threshold=0.082499999552965178 251.41500091552737 10813.351074218752 11019.284667968752 167.60500335693362 0.024787073023617271 95.02658843994142 0.05874754115939141 0.10082118213176729 229.26499938964847 0.71827605366706859 10993.073730468752 10956.199707031252 11378.787109375002
decision_type=2 2 2 2 2 2 2 2 2 2 2 2 2 2
left_child=9 2 -2 6 -5 -6 -4 -7 -3 -1 -11 12 -12 -13
right_child=1 8 3 4 5 7 -8 -9 -10 10 11 13 -14 -15
leaf_value=6.6126763386696247e-05 -0.12890072248234838 0.24664884569295928 0.043506449715295215 0.059637959346454446 -0.58655775672010546 0.035811083441990355 0.31370120171674104 -0.34513681794716983 -0.47936972591855109 0.21941904368278725 -0.067696123610840028 0.15045850969842728 -0.59417800625976525 -0.093585034540107803
leaf_weight=2941859 5262 3682 4675 20411 1043 2523 4445 1483 208 5152 9762 6393 3425 15928
leaf_count=2941859 5262 3682 4675 20411 1043 2523 4445 1483 208 5152 9762 6393 3425 15928
internal_value=1.50414e-08 0.0435181 0.027538 0.051374 0.00689524 -0.206014 0.175398 -0.105717 0.206694 -0.000638218 -0.0515874 -0.0909601 -0.204785 -0.0236511
internal_weight=3.02625e+06 43732 39842 34580 25460 5049 9120 4006 3890 2.98252e+06 40660 35508 13187 22321
internal_count=3026251 43732 39842 34580 25460 5049 9120 4006 3890 2982519 40660 35508 13187 22321
is_linear=0
shrinkage=0.02


Tree=287
num_leaves=15
num_cat=0
split_feature=16 21 7 7 4 7 19 7 7 7 21 4 8 4
split_gain=205795 241277 472691 425714 546880 341075 1.35583e+06 2.11173e+06 1.29723e+06 1.17561e+06 1.52787e+06 1.20456e+06 1.56485e+06 646651
threshold=-22.100000381469723 12778.339355468752 12832.255859375002 12683.662597656252 -80.75500106811522 12545.775390625002 12306.427734375002 12292.634765625002 12281.076660156252 12231.562988281252 12229.381347656252 136.84500122070315 0.90751835703849804 96.774997711181655
decision_type=2 2 2 2 2 2 2 2 2 2 2 2 2 2
left_child=-1 2 5 4 -3 6 7 9 -8 10 -2 -11 -13 -7
right_child=1 3 -4 -5 -6 13 8 -9 -10 11 -12 12 -14 -15
leaf_value=0.019549818551963964 -0.002426973999021107 0.45224923742062195 -0.24252389439571342 0.017081155774718488 0.076158947216935474 -0.0036493488688516579 0.30151648753911875 -0.43621539802600112 0.046033485280709802 -0.07032413386135114 0.12539142256590657 -0.72106795089950892 0.42116869662503242 -0.083275258066904764
leaf_weight=201060 2341030 2093 3260 45691 5867 136527 8489 4490 123150 55499 38005 2320 597 58173
leaf_count=201060 2341030 2093 3260 45691 5867 136527 8489 4490 123150 55499 38005 2320 597 58173
internal_value=-5.30679e-08 -0.00139143 -0.00220469 0.040613 0.175494 -0.0019208 1.01546e-05 -0.0033604 0.0625306 -0.00256125 -0.000384553 -0.0911933 -0.486648 -0.0274434
internal_weight=3.02625e+06 2.82519e+06 2.77154e+06 53651 7960 2.76828e+06 2.57358e+06 2.44194e+06 131639 2.43745e+06 2.37904e+06 58416 2917 194700
internal_count=3026251 2825191 2771540 53651 7960 2768280 2573580 2441941 131639 2437451 2379035 58416 2917 194700
is_linear=0
shrinkage=0.02


Tree=288
num_leaves=15
num_cat=0
split_feature=7 19 20 7 0 4 4 19 7 7 22 7 22 7
split_gain=206041 1.43298e+06 1.37605e+06 1.11522e+06 938389 715045 1.05778e+06 619043 2.11428e+06 1.04545e+06 2.68224e+06 3.04626e+06 1.82867e+06 1.8006e+06
threshold=11186.826171875002 11171.715332031252 11158.451660156252 11141.432128906252 2844.5000000000005 -100.56499862670897 15.574999809265138 11215.259765625002 11221.080078125002 11361.277832031252 11368.076171875002 11346.886718750002 11385.821289062502 11405.086425781252
decision_type=2 2 2 2 2 2 2 2 2 2 2 2 2 2
left_child=1 -1 5 -3 -5 -2 -7 8 -4 10 -9 -12 -11 -14
right_child=2 3 7 4 -6 6 -8 9 -10 12 11 -13 13 -15
leaf_value=0.00013927009707845198 -0.29116279669275169 -0.1058697680239763 -0.0060471676860470039 0.057928790161539415 0.20323918572015728 0.11539446168158833 -0.15189819182995373 0.028367626650247869 -0.17071136952396063 -0.098749869589930483 0.75551791475607111 0.087849051282772192 0.10175857054812845 -0.0024758031153410921
leaf_weight=963650 8006 10735 199358 47981 28241 8169 21463 156382 36966 75014 4426 7130 69603 1389127
leaf_count=963650 8006 10735 199358 47981 28241 8169 21463 156382 36966 75014 4426 7130 69603 1389127
internal_value=-5.83892e-08 0.0071562 -0.00380564 0.0849081 0.111788 -0.123562 -0.0781958 -0.00147922 -0.0318103 0.00273321 0.0501062 0.344003 -0.00245419 0.00249837
internal_weight=3.02625e+06 1.05061e+06 1.97564e+06 86957 76222 37638 29632 1.93801e+06 236324 1.70168e+06 167938 11556 1.53374e+06 1.45873e+06
internal_count=3026251 1050607 1975644 86957 76222 37638 29632 1938006 236324 1701682 167938 11556 1533744 1458730
is_linear=0
shrinkage=0.02


Tree=289
num_leaves=15
num_cat=0
split_feature=5 4 4 21 7 22 7 7 6 3 7 7 22 7
split_gain=203916 685364 532456 431717 501771 1.81703e+06 320343 408402 369062 296640 301572 823026 523170 447425
threshold=0.062499998137354858 273.52999877929693 251.41500091552737 10861.421875000002 12241.801269531252 12236.846679687502 11015.070312500002 10983.865234375002 80.912120819091811 3.5370359420776372 11019.284667968752 10983.865234375002 10996.101562500002 11008.638671875002
decision_type=2 2 2 2 2 2 2 2 2 2 2 2 2 2
left_child=2 3 -1 -2 9 -6 7 8 -3 -5 11 -11 -12 -13
right_child=1 6 -4 4 5 -7 -8 -9 -10 10 12 13 -14 -15
leaf_value=-0.00064779184517791051 -0.05907243358926257 0.31299206925718576 -0.1149646358038231 0.096815822477808025 -0.90828584998784356 -0.021449706514824408 0.057521580443127072 0.62548519363877852 -0.45445162167339204 0.0012282660836506073 -0.41238626322420757 0.3922517119109088 0.01289050168318677 0.079895725327963019
leaf_weight=2829723 27239 1182 16382 30948 956 21339 2001 1437 308 14181 1166 4327 71872 3190
leaf_count=2829723 27239 1182 16382 30948 956 21339 2001 1437 308 14181 1166 4327 71872 3190
internal_value=-2.23633e-08 0.020635 -0.0013062 0.0140853 0.027555 -0.0598679 0.253006 0.385988 0.152367 0.0430665 0.0254993 0.0909495 0.00604546 0.259982
internal_weight=3.02625e+06 180146 2.8461e+06 175218 147979 22295 4928 2927 1490 125684 94736 21698 73038 7517
internal_count=3026251 180146 2846105 175218 147979 22295 4928 2927 1490 125684 94736 21698 73038 7517
is_linear=0
shrinkage=0.02


Tree=290
num_leaves=15
num_cat=0
split_feature=1 7 5 19 23 7 1 6 7 5 23 7 7 7
split_gain=208685 355516 710212 598060 582869 582548 445617 332417 302756 615629 268714 2.23255e+06 1.66364e+06 537615
threshold=91.960784912109389 10926.682617187502 -0.012499999720603226 10946.882324218752 10957.038574218752 10918.357421875002 116.08284378051759 113.7771682739258 10930.859375000002 -0.037499999627470963 12083.813476562502 12037.494628906252 12058.331054687502 12205.471191406252
decision_type=2 2 2 2 2 2 2 2 2 2 2 2 2 2
left_child=-1 2 5 6 -5 7 -4 -2 9 -3 12 -12 -10 -13
right_child=1 8 3 4 -6 -7 -8 -9 10 -11 11 13 -14 -15
leaf_value=0.0040933170406803575 0.0032172496552037035 -0.49176723401251332 0.031545955436478902 0.40694578084800798 -0.040053187183529876 -0.28784750692476485 0.20959705088326566 -0.21509304250132746 -0.010573713018337197 -0.042357642822144229 0.84323426970068838 0.073250586732633211 -0.22972499073736616 -0.010622283756780428
leaf_weight=1882629 31291 1546 56158 3742 1691 3469 6239 3053 826756 5645 1274 38363 14082 150313
leaf_count=1882629 31291 1546 56158 3742 1691 3469 6239 3053 826756 5645 1274 38363 14082 150313
internal_value=-4.75858e-08 -0.00673853 0.0282134 0.066928 0.267997 -0.0412328 0.0493801 -0.0162458 -0.0102961 -0.139528 -0.0093932 0.0120909 -0.0142467 0.00643424
internal_weight=3.02625e+06 1.14362e+06 105643 67830 5433 37813 62397 34344 1.03798e+06 7191 1.03079e+06 189950 840838 188676
internal_count=3026251 1143622 105643 67830 5433 37813 62397 34344 1037979 7191 1030788 189950 840838 188676
is_linear=0
shrinkage=0.02


Tree=291
num_leaves=15
num_cat=0
split_feature=9 19 0 25 1 7 9 0 7 7 23 6 25 9
split_gain=208564 222479 459362 347581 205233 337699 971246 1.20745e+06 607397 489919 339438 299756 293236 657744
threshold=0.8301217555999757 11548.692871093752 830.50000000000011 0.051841447129845626 91.960784912109389 10926.682617187502 -0.16965726763010022 3068.5000000000005 10858.977050781252 10918.357421875002 10917.479003906252 116.38242721557619 0.043306756764650352 -0.86513796448707569
decision_type=2 2 2 2 2 2 2 2 2 2 2 2 2 2
left_child=4 2 -2 -4 12 6 7 -6 -9 10 11 -8 -1 -14
right_child=1 -3 3 -5 5 -7 9 8 -10 -11 -12 -13 13 -15
leaf_value=0.0098649938025631625 0.079174903686342391 0.029237026528988339 -0.45986244472956833 0.020309517561616454 0.0036069706719231839 -0.0098843592893857329 -0.016053498839007196 0.10597863366126817 0.30695500817444094 -0.25233298690846395 0.29791559944863505 -0.23219685734512405 0.45430494123052356 -0.0079022702124621133
leaf_weight=1260134 1660 3082 2267 819 33542 1037048 39104 14908 10094 3968 1290 2737 1224 614374
leaf_count=1260134 1660 3082 2267 819 33542 1037048 39104 14908 10094 3968 1290 2737 1224 614374
internal_value=-3.0518e-08 -0.103035 -0.188816 -0.332768 0.000267515 -0.0064141 0.0276493 0.0820358 0.187209 -0.0399557 -0.0203628 -0.0302449 0.00433796 -0.00697586
internal_weight=3.02625e+06 7828 4746 3086 3.01842e+06 1.14269e+06 105643 58544 25002 47099 43131 41841 1.87573e+06 615598
internal_count=3026251 7828 4746 3086 3018423 1142691 105643 58544 25002 47099 43131 41841 1875732 615598
is_linear=0
shrinkage=0.02


Tree=292
num_leaves=15
num_cat=0
split_feature=9 5 20 20 17 10 14 20 21 14 13 9 20 21
split_gain=203279 386497 527638 256306 266313 219811 348635 335660 272854 267004 460310 273368 219801 828235
threshold=-0.7377723455429076 0.037499999627470977 10874.979980468752 11991.038085937502 0.69681537151336681 2.3000000715255742 0.78789594769477855 11765.394531250002 11447.006835937502 0.71337804198265087 4.0999999046325692 0.24076627939939502 12185.930664062502 12184.685546875002
decision_type=2 2 2 2 2 2 2 2 2 2 2 2 2 2
left_child=1 -1 -3 -4 -5 6 12 8 -8 -7 -11 -12 -2 -14
right_child=5 2 3 4 -6 9 7 -9 -10 10 11 -13 13 -15
leaf_value=-0.014898652964475985 -0.0008602800068049887 -0.068690255792436983 0.19331737443552435 0.023486957538085444 0.46460361132020644 -0.0040746404574159038 0.080203431529006761 -0.019887252864533168 0.28431169253504768 0.019348040086851429 -0.037181794913058425 -0.12000770992025415 0.35019852761821624 0.014829484104358691
leaf_weight=28050 1272685 6459 13009 8150 577 1250175 24472 13444 2927 37202 42698 25439 2965 297999
leaf_count=28050 1272685 6459 13009 8150 577 1250175 24472 13444 2927 37202 42698 25439 2965 297999
internal_value=-7.61955e-09 0.0376635 0.0899428 0.137093 0.0531528 -0.000713398 0.0042721 0.0619539 0.102105 -0.0066514 -0.0372292 -0.0681183 0.00277461 0.018145
internal_weight=3.02625e+06 56245 28195 21736 8727 2.97001e+06 1.61449e+06 40843 27399 1.35551e+06 105339 68137 1.57365e+06 300964
internal_count=3026251 56245 28195 21736 8727 2970006 1614492 40843 27399 1355514 105339 68137 1573649 300964
is_linear=0
shrinkage=0.02


Tree=293
num_leaves=15
num_cat=0
split_feature=8 7 0 22 7 0 20 7 22 22 21 23 7 7
split_gain=205077 607889 687546 513559 638413 323335 270231 1.95708e+06 1.58655e+06 1.84884e+06 1.58423e+06 2.02182e+06 1.41916e+06 1.14583e+06
threshold=-0.99445033073425282 11365.117187500002 2167.5000000000005 11401.974121093752 11418.685058593752 4807.5000000000009 11161.575195312502 11021.642089843752 10991.551269531252 10946.284179687502 10978.111328125002 10997.019531250002 11183.187988281252 11141.432128906252
decision_type=2 2 2 2 2 2 2 2 2 2 2 2 2 2
left_child=1 5 -3 4 -4 -1 7 10 9 -9 11 -2 13 -8
right_child=6 2 3 -5 -6 -7 12 8 -10 -11 -12 -13 -14 -15
leaf_value=0.027441144071705899 -0.0032609684537217519 0.0041784033155122377 -0.11380555870751156 -0.061913443005439737 -0.48165116380300371 0.20149238051006543 -0.10778567003217951 0.20245135254252908 -0.04378801873100558 -0.31928398213363218 0.07517417696026199 -0.85681070094485934 0.0017787524791088819 0.10721758736494154
leaf_weight=36945 635623 75248 6430 66645 2667 4818 11255 3250 187707 16366 117494 1102 1777885 82816
leaf_count=36945 635623 75248 6430 66645 2667 4818 11255 3250 187707 16366 117494 1102 1777885 82816
internal_value=5.65561e-08 -0.0199611 -0.0386403 -0.081175 -0.222061 0.0475645 0.00135802 -0.00725979 -0.0616803 -0.232782 0.00770015 -0.0047517 0.00578463 0.0814849
internal_weight=3.02625e+06 192753 150990 75742 9097 41763 2.8335e+06 961542 207323 19616 754219 636725 1.87196e+06 94071
internal_count=3026251 192753 150990 75742 9097 41763 2833498 961542 207323 19616 754219 636725 1871956 94071
is_linear=0
shrinkage=0.02


Tree=294
num_leaves=15
num_cat=0
split_feature=24 7 20 0 24 7 7 5 7 23 23 23 7 7
split_gain=201688 576582 419164 350678 287349 2.24655e+06 1.63007e+06 658093 647782 4.51182e+06 1.4901e+06 1.38146e+06 933758 1.03581e+06
threshold=12829.062011718752 12832.255859375002 12821.602050781252 1281.5000000000002 12220.252441406252 12219.075683593752 12224.289062500002 0.057499999180436141 12035.318359375002 12042.382324218752 12066.322753906252 12083.813476562502 12005.444335937502 12028.497558593752
decision_type=2 2 2 2 2 2 2 2 2 2 2 2 2 2
left_child=1 2 4 -2 6 -6 8 -8 9 -1 12 -10 -11 -14
right_child=3 -3 -4 -5 5 -7 7 -9 11 10 -12 -13 13 -15
leaf_value=0.00030414953828728452 -0.089139808731850734 -0.24836434109109098 -0.11126246737807546 0.15133988490578434 0.16242444713992377 0.0019879232821077971 -0.14669923300582852 -0.59626272845353701 -0.090420510520981726 -0.00096357947105591617 0.70128698707274384 0.0030279882374334992 0.46966372896282033 0.020240549733717215
leaf_weight=2199565 3394 3734 13477 8442 37901 441279 19987 1385 96966 4704 3304 182100 7134 2879
leaf_count=2199565 3394 3734 13477 8442 37901 441279 19987 1385 96966 4704 3304 182100 7134 2879
internal_value=-2.20564e-08 -0.000323697 -1.52335e-05 0.0823631 0.000485355 0.0146809 -0.0022161 -0.176099 -0.000726906 0.00288705 0.317969 -0.0294442 0.231494 0.340594
internal_weight=3.02625e+06 3.01442e+06 3.01068e+06 11836 2.9972e+06 479180 2.51802e+06 21372 2.49665e+06 2.21759e+06 18021 279066 14717 10013
internal_count=3026251 3014415 3010681 11836 2997204 479180 2518024 21372 2496652 2217586 18021 279066 14717 10013
is_linear=0
shrinkage=0.02


Tree=295
num_leaves=15
num_cat=0
split_feature=21 22 23 21 0 23 0 25 22 22 25 24 22 24
split_gain=202445 471507 850966 670070 421988 402577 335510 338181 313850 494255 295674 246687 472698 338633
threshold=12766.390136718752 12710.747558593752 12679.257324218752 12673.040039062502 1045.5000000000002 12717.862792968752 3262.5000000000005 0.039806501939892776 12783.526367187502 12806.386230468752 0.051841447129845626 12709.879394531252 12710.747558593752 12759.529296875002
decision_type=2 2 2 2 2 2 2 2 2 2 2 2 2 2
left_child=1 2 -1 -4 -2 -3 -5 -8 -7 10 -10 12 -6 -13
right_child=4 5 3 6 11 8 7 -9 9 -11 -12 13 -14 -15
leaf_value=-0.0003744505309294159 -0.056730722506580789 -0.15861330342422983 0.35821867579129268 -0.023158189792200416 0.09654235634097201 -0.014471185506312741 0.41407199173761805 0.093133382546175841 -0.16933878831679178 0.061578460788648731 -0.50916124372495308 -0.0645409144353907 0.57279141251398968 0.07191694643470925
leaf_weight=2860704 15850 11511 4139 7544 4233 57987 1687 5852 3460 2805 1456 8930 1030 39063
leaf_count=2860704 15850 11511 4139 7544 4233 57987 1687 5852 3460 2805 1456 8930 1030 39063
internal_value=-6.35196e-09 -0.00079084 0.000516937 0.133109 0.0338358 -0.0495591 0.0711383 0.165406 -0.030433 -0.150135 -0.270819 0.0607961 0.19066 0.0465178
internal_weight=3.02625e+06 2.95714e+06 2.87993e+06 19222 69106 77219 15083 7539 65708 7721 4916 53256 5263 47993
internal_count=3026251 2957145 2879926 19222 69106 77219 15083 7539 65708 7721 4916 53256 5263 47993
is_linear=0
shrinkage=0.02


Tree=296
num_leaves=15
num_cat=0
split_feature=8 4 4 25 19 4 20 25 20 20 19 8 8 19
split_gain=199841 679693 315650 341560 305599 577574 1.10831e+06 1.07267e+06 559923 3.75737e+06 833980 987107 794346 738002
threshold=-0.99445033073425282 -175.52500152587888 2.1350001096725468 0.032827336341142661 11205.707031250002 123.76499938964845 12804.373046875002 0.026128526777029041 12175.379394531252 12214.273437500002 11294.270019531252 0.77373486757278453 0.90751835703849804 11548.692871093752
decision_type=2 2 2 2 2 2 2 2 2 2 2 2 2 2
left_child=1 -1 3 -3 -2 -6 7 -7 10 -10 -9 -12 13 -13
right_child=4 2 -4 -5 5 6 -8 8 9 -11 11 12 -14 -15
leaf_value=0.18618907759526804 -0.0061292461319697776 -0.00085426512455836145 -0.21353355925968651 -0.056741816073221527 0.012522385029251855 -0.14115093187583122 -0.34634046975400273 0.098622957472170966 0.5116387701807712 0.0024325734137754344 -0.15650651543577904 0.2206725729760744 -0.052521920200362907 0.0068820692854663981
leaf_weight=6197 1235503 110726 3533 72297 1329247 24310 4080 18972 6219 83461 24915 8939 74640 23212
leaf_count=6197 1235503 110726 3533 72297 1329247 24310 4080 18972 6219 83461 24915 8939 74640 23212
internal_value=2.4963e-08 -0.0197046 -0.0265537 -0.0229327 0.00134054 0.00711587 -0.0196245 -0.014575 -0.00176764 0.0377976 -0.025317 -0.0431766 -0.0167237 0.0663734
internal_weight=3.02625e+06 192753 186556 183023 2.8335e+06 1.598e+06 268748 264668 240358 89680 150678 131706 106791 32151
internal_count=3026251 192753 186556 183023 2833498 1597995 268748 264668 240358 89680 150678 131706 106791 32151
is_linear=0
shrinkage=0.02


Tree=297
num_leaves=15
num_cat=0
split_feature=17 4 19 25 19 19 21 22 24 4 21 0 20 24
split_gain=198590 209942 727260 405735 290116 257427 202431 447650 731971 832154 552908 406217 492194 463805
threshold=0.078702233731746687 -278.60499572753901 12240.196777343752 0.093460429459810271 11418.079101562502 12152.020996093752 12766.390136718752 12710.747558593752 12677.822265625002 9.0650000572204608 12673.040039062502 1064.5000000000002 12796.067382812502 12829.062011718752
decision_type=2 2 2 2 2 2 2 2 2 2 2 2 2 2
left_child=-1 2 3 4 -2 -6 7 8 -3 -10 -11 -8 -13 -14
right_child=1 6 -4 -5 5 -7 11 -9 9 10 -12 12 13 -15
leaf_value=0.070760785589358152 -0.19312804023994987 -0.00038153069668067288 0.25956160700233549 -0.0032899316813079348 -0.75498787362511921 -0.1175035370618869 -0.054723696436446458 -0.048533016145277864 -0.048974827851236719 0.47377421542870574 0.15092118342754082 0.13739866245256505 -0.030836362008651943 0.14618464933413494
leaf_weight=15772 4450 2834839 2012 3978 777 380 15882 76643 6950 2765 9095 20440 24469 7799
leaf_count=15772 4450 2834839 2012 3978 777 380 15882 76643 6950 2765 9095 20440 24469 7799
internal_value=2.85003e-08 -0.000370917 -0.0852658 -0.157846 -0.267294 -0.548433 -4.23293e-05 -0.000837384 0.000443779 0.124761 0.226527 0.0339188 0.0606342 0.0119801
internal_weight=3.02625e+06 3.01048e+06 11597 9585 5607 1157 2.99888e+06 2.93029e+06 2.85365e+06 18810 11860 68590 52708 32268
internal_count=3026251 3010479 11597 9585 5607 1157 2998882 2930292 2853649 18810 11860 68590 52708 32268
is_linear=0
shrinkage=0.02


Tree=298
num_leaves=15
num_cat=0
split_feature=7 19 0 7 19 4 7 23 7 0 7 19 7 23
split_gain=200173 2.27945e+06 1.49084e+06 767614 766787 780314 647906 1.96176e+06 1.1071e+06 777600 582957 1.93692e+06 1.55688e+06 1.10717e+06
threshold=11203.908691406252 11199.422363281252 1949.5000000000002 11233.562988281252 11171.715332031252 170.42499542236331 11183.187988281252 11251.353027343752 11141.432128906252 1341.5000000000002 11008.638671875002 10975.288574218752 10999.976074218752 11057.359863281252
decision_type=2 2 2 2 2 2 2 2 2 2 2 2 2 2
left_child=4 2 -2 -4 10 6 8 -8 -6 -10 12 -12 -1 -14
right_child=1 -3 3 -5 5 -7 7 -9 9 -11 11 -13 13 -15
leaf_value=0.0031727841043676149 0.00098317459111336709 0.00043498712211618117 -0.1458004277212599 -0.36259760307338162 -0.10132122730337155 0.23396031448140001 -0.0013629022048632119 0.68415503645055964 0.0063994614489855965 0.16952420754929853 -0.23616358795410874 -0.012273572662190937 0.1930045712150939 -0.59639489020573666
leaf_weight=700433 28519 1748951 38004 7889 10735 8100 127331 1682 16718 38856 16427 259062 22820 724
leaf_count=700433 28519 1748951 38004 7889 10735 8100 127331 1682 16718 38856 16427 259062 22820 724
internal_value=2.64969e-08 -0.00417785 -0.112582 -0.183139 0.00633293 0.0417268 0.0337432 0.00762668 0.0845471 0.120463 -0.000871121 -0.025632 0.00855111 0.168486
internal_weight=3.02625e+06 1.82336e+06 74412 45893 1.20289e+06 203422 195322 129013 66309 55574 999466 275489 723977 23544
internal_count=3026251 1823363 74412 45893 1202888 203422 195322 129013 66309 55574 999466 275489 723977 23544
is_linear=0
shrinkage=0.02


Tree=299
num_leaves=15
num_cat=0
split_feature=9 23 19 23 3 23 19 19 9 19 8 5 9 23
split_gain=200789 215198 200899 381584 248338 366289 795800 350319 527986 451844 300576 318912 241278 418530
threshold=0.8301217555999757 11534.725585937502 10665.117675781252 10658.400390625002 2.6910753250122075 10773.278808593752 10773.389648437502 10806.465332031252 0.66606479883193981 10791.004882812502 -0.78062468767166127 0.012499999720603229 -0.66045743227004994 12679.257324218752
decision_type=2 2 2 2 2 2 2 2 2 2 2 2 2 2
left_child=2 -2 -1 -4 12 6 10 8 -7 -10 -6 -12 13 -5
right_child=1 -3 3 4 5 7 -8 -9 9 -11 11 -13 -14 -15
leaf_value=-0.035846669575638035 -0.24517798496372906 -0.02481472565621811 0.33229554137908779 0.032663313346394968 -0.12096001636144328 -0.032991692361364851 0.39845192004334823 -0.0021143426071387906 -0.068398156036548433 -0.43301082125780066 0.10178953579355132 0.008143340089928645 0.0079754270166365309 0.20472598424948371
leaf_weight=60388 2702 5126 1380 65162 4859 36804 2425 2329487 2832 2613 22833 40056 443401 6183
leaf_count=60388 2702 5126 1380 65162 4859 36804 2425 2329487 2832 2613 22833 40056 443401 6183
internal_value=1.51155e-08 -0.101096 0.000262539 0.000999831 0.00084407 -0.00181717 0.043212 -0.00314964 -0.0602184 -0.243849 0.0304391 0.0421544 0.0134686 0.0476017
internal_weight=3.02625e+06 7828 3.01842e+06 2.95804e+06 2.95666e+06 2.44191e+06 70173 2.37174e+06 42249 5445 67748 62889 514746 71345
internal_count=3026251 7828 3018423 2958035 2956655 2441909 70173 2371736 42249 5445 67748 62889 514746 71345
is_linear=0
shrinkage=0.02


end of trees

feature_importances:
Column_7=1050
Column_4=409
Column_20=358
Column_9=319
Column_19=315
Column_24=263
Column_8=245
Column_0=242
Column_21=222
Column_22=192
Column_23=165
Column_17=109
Column_25=86
Column_5=69
Column_13=38
Column_6=31
Column_16=30
Column_14=26
Column_1=23
Column_3=5
Column_10=3

parameters:
[boosting: gbdt]
[objective: regression]
[metric: l2]
[tree_learner: serial]
[device_type: cpu]
[data_sample_strategy: bagging]
[data: ]
[valid: ]
[num_iterations: 300]
[learning_rate: 0.02]
[num_leaves: 15]
[num_threads: 4]
[seed: 0]
[deterministic: 0]
[force_col_wise: 0]
[force_row_wise: 0]
[histogram_pool_size: -1]
[max_depth: -1]
[min_data_in_leaf: 200]
[min_sum_hessian_in_leaf: 0.001]
[bagging_fraction: 0.7]
[pos_bagging_fraction: 1]
[neg_bagging_fraction: 1]
[bagging_freq: 0]
[bagging_seed: 7719]
[bagging_by_query: 0]
[feature_fraction: 0.6]
[feature_fraction_bynode: 1]
[feature_fraction_seed: 2437]
[extra_trees: 0]
[extra_seed: 11797]
[early_stopping_round: 0]
[early_stopping_min_delta: 0]
[first_metric_only: 0]
[max_delta_step: 0]
[lambda_l1: 1]
[lambda_l2: 10]
[linear_lambda: 0]
[min_gain_to_split: 0]
[drop_rate: 0.1]
[max_drop: 50]
[skip_drop: 0.5]
[xgboost_dart_mode: 0]
[uniform_drop: 0]
[drop_seed: 21238]
[top_rate: 0.2]
[other_rate: 0.1]
[min_data_per_group: 100]
[max_cat_threshold: 32]
[cat_l2: 10]
[cat_smooth: 10]
[max_cat_to_onehot: 4]
[top_k: 20]
[monotone_constraints: ]
[monotone_constraints_method: basic]
[monotone_penalty: 0]
[feature_contri: ]
[forcedsplits_filename: ]
[refit_decay_rate: 0.9]
[cegb_tradeoff: 1]
[cegb_penalty_split: 0]
[cegb_penalty_feature_lazy: ]
[cegb_penalty_feature_coupled: ]
[path_smooth: 0]
[interaction_constraints: ]
[verbosity: -1]
[saved_feature_importance_type: 0]
[use_quantized_grad: 0]
[num_grad_quant_bins: 4]
[quant_train_renew_leaf: 0]
[stochastic_rounding: 1]
[linear_tree: 0]
[max_bin: 255]
[max_bin_by_feature: ]
[min_data_in_bin: 3]
[bin_construct_sample_cnt: 200000]
[data_random_seed: 38]
[is_enable_sparse: 1]
[enable_bundle: 1]
[use_missing: 1]
[zero_as_missing: 0]
[feature_pre_filter: 1]
[pre_partition: 0]
[two_round: 0]
[header: 0]
[label_column: ]
[weight_column: ]
[group_column: ]
[ignore_column: ]
[categorical_feature: ]
[forcedbins_filename: ]
[precise_float_parser: 0]
[parser_config_file: ]
[objective_seed: 8855]
[num_class: 1]
[is_unbalance: 0]
[scale_pos_weight: 1]
[sigmoid: 1]
[boost_from_average: 1]
[reg_sqrt: 0]
[alpha: 0.9]
[fair_c: 1]
[poisson_max_delta_step: 0.7]
[tweedie_variance_power: 1.5]
[lambdarank_truncation_level: 30]
[lambdarank_norm: 1]
[label_gain: ]
[lambdarank_position_bias_regularization: 0]
[eval_at: ]
[multi_error_top_k: 1]
[auc_mu_weights: ]
[num_machines: 1]
[local_listen_port: 12400]
[time_out: 120]
[machine_list_filename: ]
[machines: ]
[gpu_platform_id: -1]
[gpu_device_id: -1]
[gpu_use_dp: 0]
[num_gpu: 1]

end of parameters

pandas_categorical:null
