tree
version=v4
num_class=1
num_tree_per_iteration=1
label_index=0
max_feature_idx=18
objective=regression
feature_names=Column_0 Column_1 Column_2 Column_3 Column_4 Column_5 Column_6 Column_7 Column_8 Column_9 Column_10 Column_11 Column_12 Column_13 Column_14 Column_15 Column_16 Column_17 Column_18
feature_infos=[1:10026] [19.85728645324707:289.32858276367188] [-81.486351013183594:45.21649169921875] [0.037816543132066727:91.892707824707031] [-343.47000122070312:424.989990234375] [-0.18500000238418579:0.15000000596046448] [19.103734970092773:288.04104614257812] [10035.939453125:12873.048828125] [-1:1] [-1:0.97216057777404785] [-25:25] [0:0.99168223142623901] [0:0.5984572172164917] [-25:25] [-0.019391169771552086:0.95853018760681152] [1.9017458043890656e-06:0.61606961488723755] [-25:25] [-0.32124590873718262:0.92830145359039307] [1.6112302319015726e-06:0.61457914113998413]
tree_sizes=1615 1655 1679 1665 1653 1644 1643 1651 1652 1639 1651 1649 1645 1641 1642 1651 1672 1628 1656 1652 1675 1660 1659 1652 1654 1673 1667 1652 1649 1668 1664 1641 1659 1641 1671 1666 1668 1662 1670 1650 1645 1658 1637 1642 1648 1650 1628 1640 1644 1645 1645 1670 1652 1655 1631 1644 1596 1654 1629 1584 1626 1642 1636 1648 1669 1597 1589 1667 1651 1607 1603 1670 1679 1623 1653 1655 1598 1631 1595 1646 1639 1649 1671 1636 1631 1574 1649 1647 1586 1641 1629 1621 1611 1631 1604 1625 1629 1632 1574 1631 1660 1587 1623 1624 1629 1633 1633 1656 1642 1646 1668 1649 1573 1606 1624 1633 1609 1605 1672 1639 1642 1608 1623 1627 1651 1651 1664 1637 1628 1635 1646 1626 1631 1598 1614 1607 1583 1647 1577 1636 1579 1652 1554 1597 1605 1608 1634 1644 1547 1610 1582 1628 1603 1590 1616 1634 1543 1619 1568 1581 1600 1618 1588 1615 1580 1597 1621 1631 1587 1608 1591 1543 1644 1600 1636 1595 1636 1593 1577 1614 1605 1603 1593 1529 1594 1539 1591 1606 1641 1618 1568 1619 1553 1615 1583 1564 1608 1617 1548 1559 1570 1571 1614 1572 1606 1604 1586 1583 1569 1605 1572 1563 1546 1638 1571 1539 1611 1580 1651 1563 1588 1532 1590 1597 1621 1586 1524 1595 1661 1589 1604 1572 1599 1568 1637 1556 1541 1595 1596 1655 1560 1581 1565 1619 1581 1567 1525 1519 1606 1579 1577 1569 1525 1631 1557 1620 1508 1640 1603 1582 1620 1584 1580 1572 1525 1589 1620 1606 1577 1619 1582 1577 1559 1619 1545 1614 1627 1629 1549 1594 1601 1584 1533 1537 1569 1530 1593 1604 1540 1599 1540 1576 1592 1522 1527 1564 1567 1567 1578 1550

Tree=0
num_leaves=15
num_cat=0
split_feature=8 0 9 0 9 9 9 4 4 4 8 8 0 8
split_gain=3.14749e+07 6.18715e+06 3.62061e+06 2.97612e+06 3.31954e+06 2.68861e+06 1.76384e+06 2.81479e+06 1.89809e+06 1.8251e+06 4.65261e+06 1.84115e+06 2.65485e+06 1.674e+06
threshold=-0.70082291960716236 2563.5000000000005 0.84602341055870067 1421.5000000000002 -0.72323438525199879 0.59157848358154308 0.14036937057971957 -29.045000076293942 118.69499969482423 253.45999908447268 0.74366798996925365 0.7692478895187379 5266.5000000000009 -0.99442258477210987
decision_type=2 2 2 2 2 2 2 2 2 2 2 2 2 2
left_child=1 -1 3 -2 -5 13 9 -8 -9 -6 -11 -12 -13 -3
right_child=2 5 -4 4 6 -7 7 8 -10 10 11 12 -14 -15
leaf_value=0.87845458145388378 0.92775482539397824 0.7479577994714941 0.52509155244429451 1.1196772467473028 0.98737132947505435 0.74609903536675526 0.97255863158531541 0.66065093253145935 1.1303247779272021 1.3514387594736297 0.23847778784173335 0.27262835725993417 0.96777921428136904 0.85612738714334247
leaf_weight=657524 507991 75114 7385 69315 1077457 291406 54320 24392 3999 4435 3872 3187 7025 240322
leaf_count=657524 507991 75114 7385 69315 1077457 291406 54320 24392 3999 4435 3872 3187 7025 240322
internal_value=0.912104 0.835951 0.966706 0.968566 0.985178 0.789898 0.977266 0.88821 0.726861 0.983987 0.787171 0.609298 0.750422 0.830365
internal_weight=3.02774e+06 1.26437e+06 1.76338e+06 1.75599e+06 1.248e+06 606842 1.17869e+06 82711 28391 1.09598e+06 18519 14084 10212 315436
internal_count=3027744 1264366 1763378 1755993 1248002 606842 1178687 82711 28391 1095976 18519 14084 10212 315436
is_linear=0
shrinkage=1


Tree=1
num_leaves=15
num_cat=0
split_feature=4 7 7 0 7 7 7 9 7 7 7 7 9 7
split_gain=2.88685e+07 5.97369e+06 6.00954e+06 5.27938e+06 5.27598e+06 7.28098e+06 4.58509e+06 3.64167e+06 3.2558e+06 2.92425e+06 2.70574e+06 6.88778e+06 3.66923e+06 5.54432e+06
threshold=3.0149999856948857 11188.649902343752 11241.354003906252 2721.5000000000005 11435.369140625002 11523.473632812502 11435.369140625002 -0.28987027704715723 12770.223632812502 11203.687988281252 11012.080078125002 11030.721679687502 0.54481467604637157 11227.823730468752
decision_type=2 2 2 2 2 2 2 2 2 2 2 2 2 2
left_child=3 -2 9 -1 7 -6 10 -4 -7 -3 -5 -12 -13 -14
right_child=1 2 4 6 5 8 -8 -9 -10 -11 11 12 13 -15
leaf_value=-0.032675900909777511 0.10839623283593575 0.018751696162591463 0.25849319238572427 -0.081790539828720144 -0.18972412318010537 0.051921244633627989 -0.038164194497025211 0.068331864781866203 -0.18694715686083135 -0.16346395133871333 -0.7073138917965881 -0.084474703379424379 -0.16629865719606046 -0.46758210038171555
leaf_weight=794536 585501 58926 70882 138420 58144 649572 219846 93319 23646 87586 9957 107944 96782 32683
leaf_count=794536 585501 58926 70882 138420 58144 649572 219846 93319 23646 87586 9957 107944 96782 32683
internal_value=-7.89897e-08 0.0572796 0.0285584 -0.0665828 0.0479848 0.0249824 -0.111064 0.150431 0.0435286 -0.0901818 -0.152605 -0.192227 -0.170595 -0.242387
internal_weight=3.02774e+06 1.62758e+06 1.04208e+06 1.40017e+06 895563 731362 605632 164201 673218 146512 385786 247366 237409 129465
internal_count=3027744 1627576 1042075 1400168 895563 731362 605632 164201 673218 146512 385786 247366 237409 129465
is_linear=0
shrinkage=0.02


Tree=2
num_leaves=15
num_cat=0
split_feature=9 5 0 0 9 9 0 9 9 9 9 9 9 0
split_gain=2.59709e+07 4.39937e+06 5.0917e+06 2.80511e+06 2.56116e+06 2.00836e+06 1.47702e+06 2.05527e+06 1.47618e+06 1.34578e+06 1.11658e+06 1.02555e+06 933429 911560
threshold=-0.15299023687839505 1.0000000180025095e-35 4064.5000000000005 1146.5000000000002 -0.72323438525199879 0.84602341055870067 2502.5000000000005 0.71458885073661815 0.63474419713020336 0.70960983633995067 0.60596671700477611 0.14036937057971957 0.10024872794747354 8224.5000000000018
decision_type=2 2 2 2 2 2 2 2 2 2 2 2 2 2
left_child=3 2 5 -1 -5 6 -2 10 -4 -10 12 -3 -8 -6
right_child=1 11 8 4 13 -7 7 -9 9 -11 -12 -13 -14 -15
leaf_value=0.012322086316427486 -0.030703701867731172 0.030862230126244429 -0.1110052243760937 0.19084285588763347 0.07164739155765068 -0.38048676894148087 -0.13128801837851087 0.1036352275886377 -0.23453001069307314 -0.017030062461147851 -0.13379632296938346 -0.047769511168381254 -0.033271284838380863 -0.20083853252738301
leaf_weight=332301 652360 247631 157487 75876 988816 7342 54229 22626 92371 12980 151045 90618 137136 4926
leaf_count=332301 652360 247631 157487 75876 988816 7342 54229 22626 92371 12980 151045 90618 137136 4926
internal_value=-1.85719e-07 -0.0543924 -0.0712548 0.0630792 0.0788478 -0.0511113 -0.0487307 -0.0809451 -0.149784 -0.207737 -0.0931447 0.00979568 -0.0610528 0.0702946
internal_weight=3.02774e+06 1.62582e+06 1.28758e+06 1.40192e+06 1.06962e+06 1.02474e+06 1.0174e+06 365036 262838 105351 342410 338249 191365 993742
internal_count=3027744 1625825 1287576 1401919 1069618 1024738 1017396 365036 262838 105351 342410 338249 191365 993742
is_linear=0
shrinkage=0.02


Tree=3
num_leaves=15
num_cat=0
split_feature=8 0 9 0 9 9 4 8 8 0 17 4 8 9
split_gain=2.80418e+07 5.55283e+06 3.31062e+06 2.7613e+06 3.14105e+06 2.46904e+06 1.87524e+06 4.086e+06 1.76544e+06 2.54074e+06 1.67622e+06 1.63698e+06 2.33999e+06 1.62197e+06
threshold=-0.70459485054016102 2563.5000000000005 0.84602341055870067 1540.5000000000002 -0.7183113396167754 0.59157848358154308 253.45999908447268 0.74366798996925365 0.7692478895187379 5266.5000000000009 0.2567605078220368 -238.05999755859372 -0.99442258477210987 0.14036937057971957
decision_type=2 2 2 2 2 2 2 2 2 2 2 2 2 2
left_child=1 -1 3 -2 -5 11 13 -8 -9 -10 -7 -3 -13 -6
right_child=2 5 -4 4 6 10 7 8 9 -11 -12 12 -14 -15
leaf_value=-0.031852740568048835 0.016002479050917024 -0.23071102119563514 -0.37099210462525256 0.19470126407939986 0.071832805224658403 -0.013307697820544093 0.44018245891092955 -0.66156212701802408 -0.62766118724573217 0.05238815100077214 -0.17438046515481101 -0.1601533257859824 -0.030273017227376582 -0.018911751246170241
leaf_weight=654118 552137 25564 7385 75703 1031870 28707 3795 3872 3187 7025 259230 74771 215083 85297
leaf_count=654118 552137 25564 7385 75703 1031870 28707 3795 3872 3187 7025 259230 74771 215083 85297
internal_value=-2.42041e-07 -0.0722177 0.051298 0.0530691 0.0699723 -0.115978 0.0616517 -0.141503 -0.298444 -0.160249 -0.158323 -0.0773178 -0.0637815 0.0649042
internal_weight=3.02774e+06 1.25747e+06 1.77027e+06 1.76289e+06 1.21075e+06 603355 1.13505e+06 17879 14084 10212 287937 315418 289854 1.11717e+06
internal_count=3027744 1257473 1770271 1762886 1210749 603355 1135046 17879 14084 10212 287937 315418 289854 1117167
is_linear=0
shrinkage=0.02


Tree=4
num_leaves=15
num_cat=0
split_feature=4 7 7 7 7 7 4 7 7 4 7 7 17 7
split_gain=2.55305e+07 5.68081e+06 5.78547e+06 5.08801e+06 6.88089e+06 4.8994e+06 3.73307e+06 3.11922e+06 2.80576e+06 2.46728e+06 2.14607e+06 2.68631e+06 2.06435e+06 2.05567e+06
threshold=3.0149999856948857 11188.649902343752 11241.354003906252 11435.369140625002 11523.473632812502 12651.690429687502 -223.31000518798825 12770.223632812502 11203.687988281252 181.72499847412112 12651.690429687502 12721.992675781252 0.30759826302528387 12810.345703125002
decision_type=2 2 2 2 2 2 2 2 2 2 2 2 2 2
left_child=5 -2 8 9 -5 6 -1 10 -3 -4 -6 -12 -8 -9
right_child=1 2 3 4 7 -7 12 13 -10 -11 11 -13 -14 -15
leaf_value=-0.24524173593783574 0.10371390831487197 0.016056542779920645 0.12985238828515619 -0.18639421459181166 0.038045070835019061 0.077935257073294018 -0.019176622110287613 -0.28613307027117801 -0.16242954506113944 0.52930377217678759 0.40514222505413844 0.081548841725107124 -0.079975318317047822 0.1590611216786639
leaf_weight=48228 585501 58926 157772 58144 599314 92634 290324 18288 87586 6429 14364 35894 968982 5358
leaf_count=48228 585501 58926 157772 58144 599314 92634 290324 18288 87586 6429 14364 35894 968982 5358
internal_value=-3.39946e-07 0.0538661 0.0258579 0.0449187 0.0223298 -0.0626155 -0.0725735 0.0403593 -0.0906475 0.145524 0.048574 0.174096 -0.0659589 -0.18523
internal_weight=3.02774e+06 1.62758e+06 1.04208e+06 895563 731362 1.40017e+06 1.30753e+06 673218 146512 164201 649572 50258 1.25931e+06 23646
internal_count=3027744 1627576 1042075 895563 731362 1400168 1307534 673218 146512 164201 649572 50258 1259306 23646
is_linear=0
shrinkage=0.02


Tree=5
num_leaves=15
num_cat=0
split_feature=8 0 0 8 5 4 8 8 0 17 8 4 4 0
split_gain=2.59554e+07 5.29059e+06 2.71358e+06 2.32552e+06 1.64868e+06 1.82445e+06 4.72464e+06 1.93244e+06 2.08805e+06 1.63499e+06 1.52326e+06 2.69494e+06 1.28267e+06 1.26401e+06
threshold=-0.70459485054016102 2582.5000000000005 1679.5000000000002 -0.80862879753112782 0.072500001639127745 253.45999908447268 0.74366798996925365 0.7692478895187379 5266.5000000000009 0.26563259959220892 -0.99442258477210987 -223.31000518798825 -213.245002746582 6664.5000000000009
decision_type=2 2 2 2 2 2 2 2 2 2 2 2 2 2
left_child=1 -1 -2 10 5 -4 -7 13 -9 -5 12 -12 -3 -8
right_child=2 3 4 9 -6 6 7 8 -10 -11 11 -13 -14 -15
leaf_value=-0.030374022012966777 0.01499018175265038 0.28090342736280832 0.064882107303343067 -0.021810413479945757 0.16766321807478141 0.35400763882790104 -1.1093109309852764 -0.61384834130124344 0.017666114261186236 -0.17034269219101769 -0.22030880518419033 -0.022332942184764289 -0.16897515319294285 -0.32937718617092365
leaf_weight=658835 605069 2619 1085259 33521 61860 5452 1850 3187 6070 256513 31820 202356 71809 1524
leaf_count=658835 605069 2619 1085259 33521 61860 5452 1850 3187 6070 256513 31820 202356 71809 1524
internal_value=-2.95264e-07 -0.0694793 0.0493527 -0.112516 0.0671962 0.0615619 -0.137625 -0.349946 -0.200177 -0.153177 -0.0742967 -0.0492424 -0.153109 -0.759043
internal_weight=3.02774e+06 1.25747e+06 1.77027e+06 598638 1.1652e+06 1.10334e+06 18083 12631 9257 290034 308604 234176 74428 3374
internal_count=3027744 1257473 1770271 598638 1165202 1103342 18083 12631 9257 290034 308604 234176 74428 3374
is_linear=0
shrinkage=0.02


Tree=6
num_leaves=15
num_cat=0
split_feature=8 8 5 8 17 17 17 17 1 8 8 8 5 5
split_gain=2.4929e+07 2.18018e+06 1.50416e+06 1.40252e+06 1.00346e+06 1.0018e+06 966603 939451 679209 539646 1.76117e+06 1.29792e+06 1.21499e+06 594791
threshold=-0.70082291960716236 -0.77272132039070118 0.077500000596046462 0.73663246631622326 0.1915620490908623 0.26563259959220892 0.30759826302528387 0.61032748222351085 100.9414520263672 0.44019871950149542 -0.37483672797679896 0.6970425844192506 0.037499999627470977 0.0074999998323619374
decision_type=2 2 2 2 2 2 2 2 2 2 2 2 2 2
left_child=1 6 4 8 -2 -3 -1 9 -4 10 12 -11 -6 -12
right_child=2 5 3 -5 7 -7 -8 -9 -10 11 13 -13 -14 -15
leaf_value=-0.0071786507911792228 0.12081998711429454 -0.019020402503482459 0.19195369530679465 0.08453856550724724 0.016833956608435549 -0.11274146613066821 -0.059687853331019086 0.094584147491705239 0.44536042534099912 0.1108917713370571 -0.3332314474599477 0.03543162363306112 0.56405702836318428 -0.074584786839294911
leaf_weight=181172 67364 51318 10072 41047 69123 411320 620556 125751 7322 97884 7679 1328853 1652 6631
leaf_count=181172 67364 51318 10072 41047 69123 411320 620556 125751 7322 97884 7679 1328853 1652 6631
internal_value=-4.0804e-07 -0.0677735 0.0485939 0.148357 0.0451734 -0.102346 -0.0478222 0.0420609 0.298821 0.0376915 -0.0112377 0.0406095 0.0296852 -0.213516
internal_weight=3.02774e+06 1.26437e+06 1.76338e+06 58441 1.70494e+06 462638 801728 1.63757e+06 17394 1.51182e+06 85085 1.42674e+06 70775 14310
internal_count=3027744 1264366 1763378 58441 1704937 462638 801728 1637573 17394 1511822 85085 1426737 70775 14310
is_linear=0
shrinkage=0.02


Tree=7
num_leaves=15
num_cat=0
split_feature=8 7 7 0 7 7 9 7 7 8 7 9 7 7
split_gain=2.39525e+07 5.2206e+06 6.39574e+06 5.09413e+06 3.961e+06 7.11035e+06 4.26975e+06 3.55743e+06 1.42303e+07 3.35752e+06 3.07959e+06 3.00732e+06 2.46473e+06 6.27263e+06
threshold=-0.70585528016090382 11188.649902343752 11241.354003906252 2543.5000000000005 11435.369140625002 11750.905273437502 -0.28987027704715723 11283.981445312502 11236.239257812502 -0.95380857586860646 11203.687988281252 0.27140200138092047 10776.799804687502 10704.640625000002
decision_type=2 2 2 2 2 2 2 2 2 2 2 2 2 2
left_child=3 -2 10 -1 6 -6 -4 8 11 -9 -3 -5 13 -13
right_child=1 2 4 7 5 -7 -8 9 -10 -11 -12 12 -14 -15
leaf_value=-0.028066203120488638 0.092360150101417418 0.010321619586912155 0.24522980679123926 0.14892391226794721 -0.15589679448500809 0.041887271020671558 0.04413907662793258 -0.15409628067124578 -0.77815587811899234 -0.02095135245320574 -0.166859891237125 -0.17915356997670087 -0.16577441642011934 0.57592493001473677
leaf_weight=644874 648479 66095 71824 14673 80954 712802 102518 114422 14259 224174 96555 13547 216062 6506
leaf_count=644874 648479 66095 71824 14673 80954 712802 102518 114422 14259 224174 96555 13547 216062 6506
internal_value=-3.28942e-07 0.047122 0.0211774 -0.0671528 0.0406743 0.0217138 0.126992 -0.108908 -0.163784 -0.0659484 -0.0948635 -0.128823 -0.146089 0.0659882
internal_weight=3.02774e+06 1.77923e+06 1.13075e+06 1.24852e+06 968098 793756 174342 603643 265047 338596 162650 250788 236115 20053
internal_count=3027744 1779227 1130748 1248517 968098 793756 174342 603643 265047 338596 162650 250788 236115 20053
is_linear=0
shrinkage=0.02


Tree=8
num_leaves=15
num_cat=0
split_feature=8 7 7 0 7 7 7 7 8 7 0 8 1 4
split_gain=2.30043e+07 5.06659e+06 6.01745e+06 4.88201e+06 3.87266e+06 6.80677e+06 3.45694e+06 1.37473e+07 3.26891e+06 2.95315e+06 2.70693e+06 2.62189e+06 2.41848e+06 2.41393e+06
threshold=-0.70459485054016102 11188.649902343752 11241.354003906252 2582.5000000000005 11435.369140625002 11750.905273437502 11283.981445312502 11236.239257812502 -0.95380857586860646 11203.687988281252 5317.5000000000009 -0.96114355325698841 51.359128952026374 -223.31000518798825
decision_type=2 2 2 2 2 2 2 2 2 2 2 2 2 2
left_child=3 -2 9 -1 10 12 7 11 -8 -3 -4 -5 -6 -13
right_child=1 2 4 6 5 -7 8 -9 -10 -11 -12 13 -14 -15
leaf_value=-0.027845367792850621 0.091194143622184781 0.0112710739416829 0.11066962941894959 0.13941937421280087 0.15407763019247392 0.040765601428728503 -0.15193964310127603 -0.76254472296812337 -0.019542831375576431 -0.16320647444844899 0.55409348727170216 -0.39389400616694908 -0.19172337977373707 -0.12576143498983014
leaf_weight=658835 644236 65324 168240 14020 9109 710281 112324 14352 222048 95561 5684 14290 71836 221604
leaf_count=658835 644236 65324 168240 14020 9109 710281 112324 14352 222048 95561 5684 14290 71836 221604
internal_value=-3.54662e-07 0.0464622 0.0208692 -0.0654103 0.0397459 0.020962 -0.106751 -0.160812 -0.0640215 -0.0923671 0.125192 -0.126227 -0.152795 -0.14202
internal_weight=3.02774e+06 1.77027e+06 1.12604e+06 1.25747e+06 965150 791226 598638 264266 334372 160885 173924 249914 80945 235894
internal_count=3027744 1770271 1126035 1257473 965150 791226 598638 264266 334372 160885 173924 249914 80945 235894
is_linear=0
shrinkage=0.02


Tree=9
num_leaves=15
num_cat=0
split_feature=8 9 9 9 9 8 5 14 13 8 5 9 14 13
split_gain=2.20996e+07 2.91201e+06 2.26889e+06 1.76987e+06 1.28264e+06 1.6208e+06 1.46752e+06 900639 1.30371e+06 865848 815001 773848 671433 892324
threshold=-0.70585528016090382 0.84602341055870067 0.63474419713020336 -0.71335092186927784 0.14036937057971957 0.90560716390609752 0.047500001266598708 0.7387375831604005 7.9000000953674325 0.65120527148246776 0.052500000223517425 -0.80448952317237843 0.52946606278419506 -8.0999999046325666
decision_type=2 2 2 2 2 2 2 2 2 2 2 2 2 2
left_child=2 3 -1 10 7 9 -7 -5 -9 -6 11 -2 -4 -14
right_child=1 -3 12 4 5 6 -8 8 -10 -11 -12 -13 13 -15
leaf_value=-0.044550652159294983 -0.039819399830000143 -0.3507936918795489 -0.074299656027120145 0.042580149260807651 0.013006584440195281 -0.19663523634732458 0.20929553961987302 0.16408052851783742 -0.0064806869372197396 0.46889186420530643 0.19664819254604374 0.11094695446675136 -0.065978044156049714 -0.14973913127843119
leaf_weight=806734 16255 7385 203914 1423142 95696 27451 4085 56877 26172 1686 36699 83779 73768 164101
leaf_count=806734 16255 7385 203914 1423142 95696 27451 4085 56877 26172 1686 36699 83779 73768 164101
internal_value=-3.96358e-07 0.0452626 -0.0645033 0.0469153 0.0411345 -0.019411 -0.144003 0.0463168 0.110335 0.020947 0.116037 0.0864465 -0.100937 -0.123767
internal_weight=3.02774e+06 1.77923e+06 1.24852e+06 1.77184e+06 1.63511e+06 128918 31536 1.50619e+06 83049 97382 136733 100034 441783 237869
internal_count=3027744 1779227 1248517 1771842 1635109 128918 31536 1506191 83049 97382 136733 100034 441783 237869
is_linear=0
shrinkage=0.02


Tree=10
num_leaves=15
num_cat=0
split_feature=8 7 7 7 7 7 7 7 7 7 8 7 7 7
split_gain=2.12251e+07 4.8905e+06 5.67113e+06 3.80808e+06 3.76067e+06 6.37648e+06 2.9284e+06 3.53881e+06 2.83683e+06 2.4542e+06 2.42485e+06 5.97504e+06 3.92518e+06 6.15101e+06
threshold=-0.69954469799995411 11188.649902343752 11241.354003906252 11435.369140625002 11435.369140625002 11750.905273437502 10885.485839843752 10931.044433593752 11203.687988281252 11740.422851562502 -0.83855623006820668 11217.813964843752 11283.981445312502 11241.354003906252
decision_type=2 2 2 2 2 2 2 2 2 2 2 2 2 2
left_child=3 -2 8 6 -4 -6 -1 -8 -3 -5 -9 -12 13 -13
right_child=1 2 4 9 5 -7 7 10 -10 -11 11 12 -14 -15
leaf_value=0.015022958744646125 0.089296308559365795 0.011252488031152115 0.12244970452421818 0.11334564140893759 -0.14854969735553272 0.0388785282465368 -0.28623069412539298 -0.039610545191149309 -0.16095842173616032 -0.033204489204585214 -0.084365089924970785 -0.26821080055090463 -0.10208305330802242 -0.80928151877184828
leaf_weight=95396 637268 64486 173534 51217 80928 705280 39797 230009 94075 424309 350937 38019 31702 10787
leaf_count=95396 637268 64486 173534 51217 80928 705280 39797 230009 94075 424309 350937 38019 31702 10787
internal_value=-3.70512e-07 0.045077 0.0198779 -0.062206 0.0381846 0.019584 -0.0889398 -0.103083 -0.0909246 -0.0174181 -0.0920591 -0.120019 -0.275403 -0.387939
internal_weight=3.02774e+06 1.75557e+06 1.1183e+06 1.27217e+06 959742 786208 796647 701251 158561 475526 661454 431445 80508 48806
internal_count=3027744 1755571 1118303 1272173 959742 786208 796647 701251 158561 475526 661454 431445 80508 48806
is_linear=0
shrinkage=0.02


Tree=11
num_leaves=15
num_cat=0
split_feature=8 0 7 7 7 7 7 7 8 7 0 4 8 1
split_gain=2.04017e+07 4.67337e+06 4.58183e+06 5.67622e+06 3.49528e+06 6.15744e+06 3.11098e+06 1.26504e+07 3.09556e+06 2.72946e+06 2.56319e+06 2.51342e+06 2.31406e+06 2.29477e+06
threshold=-0.70585528016090382 2543.5000000000005 11188.649902343752 11241.354003906252 11435.369140625002 11750.905273437502 11283.981445312502 11236.239257812502 -0.95380857586860646 11203.687988281252 5317.5000000000009 -252.27499389648435 -0.96114355325698841 51.359128952026374
decision_type=2 2 2 2 2 2 2 2 2 2 2 2 2 2
left_child=1 -1 -2 9 10 13 7 11 -8 -4 -5 -3 -13 -6
right_child=2 6 3 4 5 -7 8 -9 -10 -11 -12 12 -14 -15
leaf_value=-0.02453842985553021 0.085869415646702515 -0.54408777750213699 0.0088899998334518223 0.10451702164384299 0.15337980522425643 0.038513050421581652 -0.14643521752427943 -0.73254868975765064 -0.018590109767044418 -0.15791555007449154 0.53536727468013989 0.13638551286231523 -0.12611573281141938 -0.18345677293705173
leaf_weight=644874 648479 5467 66095 168641 9109 712802 114422 14259 224174 96555 5701 14254 231067 71845
leaf_count=644874 648479 5467 66095 168641 9109 712802 114422 14259 224174 96555 5701 14254 231067 71845
internal_value=-4.65015e-07 -0.061976 0.043489 0.0191835 0.0375509 0.01974 -0.10197 -0.153287 -0.061796 -0.0901354 0.118636 -0.120324 -0.110858 -0.145541
internal_weight=3.02774e+06 1.24852e+06 1.77923e+06 1.13075e+06 968098 793756 603643 265047 338596 162650 174342 250788 245321 80954
internal_count=3027744 1248517 1779227 1130748 968098 793756 603643 265047 338596 162650 174342 250788 245321 80954
is_linear=0
shrinkage=0.02


Tree=12
num_leaves=15
num_cat=0
split_feature=4 7 7 7 0 7 7 7 0 7 17 7 7 7
split_gain=1.87534e+07 4.65252e+06 4.713e+06 4.4141e+06 4.30578e+06 4.27682e+06 5.58851e+06 3.02235e+06 2.37879e+06 2.31085e+06 2.21464e+06 2.06754e+06 2.59088e+06 1.97047e+06
threshold=3.935000061988831 11188.649902343752 11241.354003906252 12651.690429687502 2622.5000000000005 11435.369140625002 11523.473632812502 12770.223632812502 5317.5000000000009 11203.687988281252 0.33050364255905157 12651.690429687502 12721.992675781252 12810.345703125002
decision_type=2 2 2 2 2 2 2 2 2 2 2 2 2 2
left_child=3 -2 9 4 -1 8 -7 11 -4 -3 -6 -8 -13 -9
right_child=1 2 5 -5 10 6 7 13 -10 -11 -12 12 -14 -15
leaf_value=-0.030020976073608027 0.09174333202058009 0.0129389347236438 0.11636124333478753 0.079684159380739555 -0.042052358104493912 -0.17100584857040044 0.031614181734476193 -0.28855328543132031 0.53308238698327626 -0.14970780229570721 -0.12735527587161177 0.39386909412869325 0.074533885465529678 0.14880527084842368
leaf_weight=725962 582104 58336 157403 93286 171284 57863 594473 18115 5668 87113 421000 14218 35593 5326
leaf_count=725962 582104 58336 157403 93286 171284 57863 594473 18115 5668 87113 421000 14218 35593 5326
internal_value=-5.13084e-07 0.0465158 0.0210563 -0.0532619 -0.0626704 0.0383301 0.0175291 0.0338693 0.130878 -0.0844777 -0.102687 0.0419866 0.165746 -0.18916
internal_weight=3.02774e+06 1.61621e+06 1.03411e+06 1.41153e+06 1.31825e+06 888659 725588 667725 163071 145449 592284 644284 49811 23441
internal_count=3027744 1616212 1034108 1411532 1318246 888659 725588 667725 163071 145449 592284 644284 49811 23441
is_linear=0
shrinkage=0.02


Tree=13
num_leaves=15
num_cat=0
split_feature=4 0 4 0 0 17 14 17 17 4 0 4 16 4
split_gain=1.80393e+07 4.31452e+06 1.68392e+06 1.62784e+06 1.33998e+06 1.26968e+06 1.20172e+06 1.19845e+06 993978 944209 843815 971158 712199 573592
threshold=10.105000019073488 4194.5000000000009 -272.92999267578119 1303.5000000000002 2129.5000000000005 0.24098757654428485 0.72543603181839 0.25436489284038549 0.16154386103153232 -75.225002288818345 8224.5000000000018 225.66500091552737 10.700000286102297 284.63999938964849
decision_type=2 2 2 2 2 2 2 2 2 2 2 2 2 2
left_child=1 4 -3 -2 -1 -4 8 -6 -5 -9 13 -12 -8 -10
right_child=3 2 5 6 7 -7 12 9 10 -11 11 -13 -14 -15
leaf_value=-0.01667762517626746 0.0074150694406932031 -0.3526701067179141 0.030622632772747571 0.16541905982420002 0.030162423600001299 -0.12792466129085622 0.16577547071028573 -0.054235752439514791 0.049608914915346962 -0.12345460705084026 0.32973355323999215 -0.37475294648802709 0.033882190854402451 0.20649202155914206
leaf_weight=717937 316331 12349 22257 30564 53950 218642 62257 357969 1098204 101095 993 3574 22229 9393
leaf_count=717937 316331 12349 22257 30564 53950 218642 62257 357969 1098204 101095 993 3574 22229 9393
internal_value=-4.57807e-07 -0.0497848 -0.124963 0.0478698 -0.0343173 -0.113276 0.0582974 -0.0590023 0.052915 -0.0694815 0.0498218 -0.221187 0.131082 0.0509412
internal_weight=3.02774e+06 1.4842e+06 253248 1.54354e+06 1.23095e+06 240899 1.22721e+06 513014 1.14273e+06 459064 1.11216e+06 4567 84486 1.1076e+06
internal_count=3027744 1484199 253248 1543545 1230951 240899 1227214 513014 1142728 459064 1112164 4567 84486 1107597
is_linear=0
shrinkage=0.02


Tree=14
num_leaves=15
num_cat=0
split_feature=8 4 8 4 8 4 8 8 4 5 17 8 8 8
split_gain=1.82126e+07 3.32825e+06 1.95553e+06 1.51095e+06 2.14896e+06 1.3729e+06 4.17983e+06 1.62324e+06 1.2883e+06 1.17864e+06 1.04878e+06 1.04186e+06 996260 982272
threshold=-0.70585528016090382 -223.31000518798825 -0.77272132039070118 32.655000686645515 0.68684327602386486 253.45999908447268 0.74366798996925365 0.7692478895187379 -113.56499862670897 0.032499999739229686 0.16154386103153232 -0.75427865982055653 -0.27835701406002039 0.96152326464653026
decision_type=2 2 2 2 2 2 2 2 2 2 2 2 2 2
left_child=1 11 -3 -2 12 10 -7 9 -4 -8 -6 -1 -5 -9
right_child=3 2 8 4 5 6 7 13 -10 -11 -12 -13 -14 -15
leaf_value=-0.18439535887264363 0.010463580317540298 -0.032751270848981121 -0.142280125153954 0.56784844535444845 0.16588983196834817 0.38515539425745327 -0.94101168057851992 -0.20919806615918549 -0.064892096484284303 -0.23274292114677778 0.045729344136310968 -0.45375655152324273 0.14558631076785292 0.6907258787360443
leaf_weight=41251 473051 764460 117953 2302 29776 4814 2247 9711 318181 1625 1186803 6672 68397 501
leaf_count=41251 473051 764460 117953 2302 29776 4814 2247 9711 318181 1625 1186803 6672 68397 501
internal_value=-4.49443e-07 -0.0585567 -0.0520315 0.0410897 0.0521812 0.0460436 -0.123073 -0.29694 -0.0858246 -0.645136 0.0486717 -0.221984 0.159414 -0.164413
internal_weight=3.02774e+06 1.24852e+06 1.20059e+06 1.77923e+06 1.30618e+06 1.23548e+06 18898 14084 436134 3872 1.21658e+06 47923 70699 10212
internal_count=3027744 1248517 1200594 1779227 1306176 1235477 18898 14084 436134 3872 1216579 47923 70699 10212
is_linear=0
shrinkage=0.02


Tree=15
num_leaves=15
num_cat=0
split_feature=4 7 7 7 7 7 4 7 7 7 7 4 7 17
split_gain=1.66571e+07 4.48969e+06 4.71124e+06 4.27447e+06 5.63952e+06 3.90942e+06 3.20579e+06 2.89116e+06 2.30114e+06 2.20665e+06 2.81647e+06 2.0672e+06 1.92932e+06 1.65882e+06
threshold=10.105000019073488 11188.649902343752 11241.354003906252 11435.369140625002 11523.473632812502 12651.690429687502 -223.31000518798825 12770.223632812502 11203.687988281252 12651.690429687502 12721.992675781252 181.72499847412112 12810.345703125002 0.30474308133125311
decision_type=2 2 2 2 2 2 2 2 2 2 2 2 2 2
left_child=5 -2 8 11 -5 6 -1 9 -3 -6 -11 -4 -9 -8
right_child=1 2 3 4 7 -7 13 12 -10 10 -12 -13 -14 -15
leaf_value=-0.21668874454141956 0.091211510871078913 0.013149157978185484 0.11741744626797634 -0.17709524132492185 0.030894754088090962 0.073708822546274727 -0.0091755706147700726 -0.29273571380468388 -0.15321539405739465 0.432094001894825 0.07909781961387187 0.48343779441121387 0.14829555522292812 -0.062670297096887845
leaf_weight=48228 559869 54944 149671 55283 565364 98792 298506 17083 84239 12437 33066 6429 5160 1038673
leaf_count=48228 559869 54944 149671 55283 565364 98792 298506 17083 84239 12437 33066 6429 5160 1038673
internal_value=-4.57297e-07 0.0459992 0.0202655 0.0380348 0.0166072 -0.0478394 -0.0565074 0.0335238 -0.0875448 0.0416805 0.175654 0.132522 -0.190402 -0.0507285
internal_weight=3.02774e+06 1.54354e+06 983676 844493 688393 1.4842e+06 1.38541e+06 633110 139183 610867 45503 156100 22243 1.33718e+06
internal_count=3027744 1543545 983676 844493 688393 1484199 1385407 633110 139183 610867 45503 156100 22243 1337179
is_linear=0
shrinkage=0.02


Tree=16
num_leaves=15
num_cat=0
split_feature=4 0 9 0 9 9 4 9 1 4 9 0 9 5
split_gain=1.59996e+07 3.77877e+06 2.47306e+06 2.14813e+06 2.27122e+06 1.68678e+06 1.60291e+06 3.42235e+06 1.51269e+06 1.4927e+06 1.43022e+06 1.26988e+06 1.77407e+06 1.2411e+06
threshold=3.935000061988831 4302.5000000000009 0.14036937057971957 1244.5000000000002 -0.72323438525199879 0.84602341055870067 225.66500091552737 -0.67629325389862049 41.491384506225593 -272.92999267578119 -0.46017313003540034 2167.5000000000005 0.70835387706756603 -0.012499999720603226
decision_type=2 2 2 2 2 2 2 2 2 2 2 2 2 2
left_child=1 5 3 -2 -5 11 -6 -8 -4 -3 -9 -1 -13 -11
right_child=2 9 8 4 6 -7 7 10 -10 13 -12 12 -14 -15
leaf_value=-0.014181738059066811 0.0035278483530329949 -0.33678291142931543 0.76069777452029097 0.16692858165041 0.056677198345435442 -0.33666029208458703 0.30327649062746914 -0.26041434955002385 -0.1538767714492483 -0.13440274829265592 0.020473785660482014 -0.066954540814341768 0.069638199255191907 -0.015049902527064014
leaf_weight=652081 360290 12349 731 73423 1111088 7342 7796 21036 30788 176750 11060 478286 41312 43412
leaf_count=652081 360290 12349 731 73423 1111088 7342 7796 21036 30788 176750 11060 478286 41312 43412
internal_value=-4.10635e-07 -0.0491961 0.042965 0.0464544 0.0590858 -0.0346636 0.0522049 -0.0723427 -0.13243 -0.122883 -0.163646 -0.0327683 -0.0560932 -0.11087
internal_weight=3.02774e+06 1.41153e+06 1.61621e+06 1.58469e+06 1.2244e+06 1.17902e+06 1.15098e+06 39892 31519 232511 32096 1.17168e+06 519598 220162
internal_count=3027744 1411532 1616212 1584693 1224403 1179021 1150980 39892 31519 232511 32096 1171679 519598 220162
is_linear=0
shrinkage=0.02


Tree=17
num_leaves=15
num_cat=0
split_feature=17 16 0 17 17 0 0 0 17 14 16 14 6 16
split_gain=2.4791e+06 1.64866e+06 1.44691e+06 938142 686835 580367 532124 438664 416929 388128 592134 326195 263421 256349
threshold=0.20778485387563708 -19.100000381469723 8224.5000000000018 0.51943182945251476 0.32190576195716863 4220.5000000000009 1520.5000000000002 1501.5000000000002 0.10156411677598955 0.84016233682632457 8.9000000953674334 0.55135354399681102 72.213169097900405 -0.90000000596046437
decision_type=2 2 2 2 2 2 2 2 2 2 2 2 2 2
left_child=6 3 4 -2 -3 9 -1 -5 11 13 -11 -8 -7 -6
right_child=1 2 -4 7 5 12 8 -9 -10 10 -12 -13 -14 -15
leaf_value=0.022435778121243474 0.015738103669288878 0.010017296033150236 -0.25911484380410987 0.027005714137456973 -0.00034062218414681244 0.00063809224230312975 0.13888307314554907 0.11715272565898667 0.081532772401574971 0.17774118405929187 -0.103705878953295 0.3272924959773601 -0.04548307658694635 -0.016973473483173934
leaf_weight=50073 247578 583807 9275 31688 608613 59453 17527 67812 88143 10055 4246 4655 296881 947938
leaf_count=50073 247578 583807 9275 31688 608613 59453 17527 67812 88143 10055 4246 4655 296881 947938
internal_value=-3.99092e-07 -0.00428085 -0.00990879 0.0365849 -0.00898724 -0.0147444 0.0765141 0.0884492 0.101054 -0.00951688 0.0941634 0.178552 -0.0377881 -0.0104701
internal_weight=3.02774e+06 2.86735e+06 2.52027e+06 347078 2.51099e+06 1.92719e+06 160398 99500 110325 1.57085e+06 14301 22182 356334 1.55655e+06
internal_count=3027744 2867346 2520268 347078 2510993 1927186 160398 99500 110325 1570852 14301 22182 356334 1556551
is_linear=0
shrinkage=0.02


Tree=18
num_leaves=15
num_cat=0
split_feature=4 7 7 7 7 7 0 7 0 7 7 7 7 4
split_gain=1.53585e+07 4.27845e+06 4.31722e+06 4.01825e+06 3.94393e+06 5.02647e+06 3.74955e+06 2.77398e+06 2.21087e+06 2.12787e+06 2.00621e+06 1.26788e+07 2.31335e+06 2.31108e+06
threshold=3.935000061988831 11188.649902343752 11241.354003906252 12651.690429687502 11435.369140625002 11523.473632812502 2642.5000000000005 12770.223632812502 5317.5000000000009 11203.687988281252 11283.981445312502 11236.239257812502 12542.048828125002 -252.27499389648435
decision_type=2 2 2 2 2 2 2 2 2 2 2 2 2 2
left_child=3 -2 9 6 8 -6 -1 -7 -4 -3 11 13 -12 -8
right_child=1 2 4 -5 5 7 10 -9 -10 -11 12 -13 -14 -15
leaf_value=-0.026940436982980084 0.085466788166388238 0.010155831354998876 0.10909206422793999 0.078644342611361773 -0.16456443944306254 0.037512128554605145 -0.50863477963191484 -0.18393288134912081 0.51083416122805381 -0.1459187706734448 -0.04967279261755083 -0.70865043657691151 -0.37595647938208343 -0.093508860467127239
leaf_weight=730922 582104 58336 157403 93286 57863 644284 5467 23441 5668 87113 296155 14519 8945 262238
leaf_count=730922 582104 58336 157403 93286 57863 644284 5467 23441 5668 87113 296155 14519 8945 262238
internal_value=-3.57455e-07 0.0420955 0.017681 -0.0482004 0.0342137 0.0142387 -0.0571771 0.0297355 0.123086 -0.0833246 -0.0948053 -0.133238 -0.0592509 -0.102005
internal_weight=3.02774e+06 1.61621e+06 1.03411e+06 1.41153e+06 888659 725588 1.31825e+06 667725 163071 145449 587324 282224 305100 267705
internal_count=3027744 1616212 1034108 1411532 888659 725588 1318246 667725 163071 145449 587324 282224 305100 267705
is_linear=0
shrinkage=0.02


Tree=19
num_leaves=15
num_cat=0
split_feature=8 7 7 0 7 7 7 7 8 8 7 7 7 8
split_gain=1.56416e+07 3.9358e+06 4.83615e+06 3.802e+06 2.94406e+06 5.179e+06 2.7726e+06 1.165e+07 3.10362e+06 2.36728e+06 2.34831e+06 2.28396e+06 6.00663e+06 2.20246e+06
threshold=-0.70585528016090382 11188.649902343752 11241.354003906252 2523.5000000000005 11435.369140625002 11750.905273437502 11283.981445312502 11236.239257812502 -0.95380857586860646 -0.96114355325698841 11203.687988281252 10776.799804687502 10704.640625000002 0.95892572402954113
decision_type=2 2 2 2 2 2 2 2 2 2 2 2 2 2
left_child=3 -2 10 -1 13 -6 7 9 -8 -5 -3 12 -11 -4
right_child=1 2 4 6 5 -7 8 -9 -10 11 -12 -13 -14 -15
leaf_value=-0.020230079235801304 0.077358220639054634 0.0064980853340842739 0.18452444395718132 0.14227482631039093 -0.13542164573056284 0.033376813564630334 -0.13662614222507777 -0.69391530332686335 -0.0091829550643253832 -0.15908569412985077 -0.14822321422827575 -0.14073177145579205 0.57683378080517189 0.041803335902432959
leaf_weight=639927 648479 66095 79539 14374 80954 712802 115501 14279 225958 13541 96555 218351 6586 94803
leaf_count=639927 648479 66095 79539 14374 80954 712802 115501 14279 225958 13541 96555 218351 6586 94803
internal_value=-4.44547e-07 0.0380791 0.0155522 -0.0542664 0.0325061 0.0161598 -0.0900544 -0.138317 -0.0522943 -0.106915 -0.0853535 -0.12194 0.0818893 0.106923
internal_weight=3.02774e+06 1.77923e+06 1.13075e+06 1.24852e+06 968098 793756 608590 267131 341459 252852 162650 238478 20127 174342
internal_count=3027744 1779227 1130748 1248517 968098 793756 608590 267131 341459 252852 162650 238478 20127 174342
is_linear=0
shrinkage=0.02


Tree=20
num_leaves=15
num_cat=0
split_feature=7 7 7 7 0 17 0 7 7 7 7 7 7 1
split_gain=3.06809e+06 3.12482e+06 2.42138e+06 3.74155e+06 2.3357e+06 1.96166e+06 1.57402e+06 1.62909e+06 8.57722e+06 6.01891e+06 4.30531e+06 4.51102e+06 4.75966e+06 2.47202e+06
threshold=10885.485839843752 10842.659179687502 12620.221679687502 12747.715332031252 3940.5000000000005 0.21263102442026141 8224.5000000000018 11192.689941406252 11255.992675781252 11227.823730468752 11111.218750000002 11012.080078125002 10996.903320312502 100.1111183166504
decision_type=2 2 2 2 2 2 2 2 2 2 2 2 2 2
left_child=1 4 5 -4 -1 -2 7 10 9 -9 11 12 -7 -13
right_child=2 -3 3 -5 -6 6 -8 8 -10 -11 -12 13 -14 -15
leaf_value=-0.0076682796106743705 0.059613155670258336 0.19007664333944818 0.17673475696103808 -0.010138152942095116 0.1422926592983958 -0.01424186543353303 -0.3095702761449764 -0.084401780238620092 -0.0053266936039760449 -0.32964844961624024 0.081464933620469429 -0.22043385103945012 0.20354683955153335 -0.042846217471642259
leaf_weight=173692 146287 60291 71464 107035 54596 345495 7264 235270 1376339 48229 230558 59346 45405 66473
leaf_count=173692 146287 60291 71464 107035 54596 345495 7264 235270 1376339 48229 230558 59346 45405 66473
internal_value=-4.60919e-07 0.0620254 -0.00653528 0.064684 0.0282001 -0.0115001 -0.0158091 -0.0149213 -0.025961 -0.126133 0.00960005 -0.0224667 0.0110599 -0.126621
internal_weight=3.02774e+06 288579 2.73916e+06 178499 228288 2.56067e+06 2.41438e+06 2.40712e+06 1.65984e+06 283499 747277 516719 390900 125819
internal_count=3027744 288579 2739165 178499 228288 2560666 2414379 2407115 1659838 283499 747277 516719 390900 125819
is_linear=0
shrinkage=0.02


Tree=21
num_leaves=15
num_cat=0
split_feature=8 7 7 7 7 7 7 7 7 8 7 7 7 7
split_gain=1.49215e+07 3.69611e+06 4.49319e+06 3.11369e+06 2.85065e+06 4.95645e+06 2.61991e+06 3.3632e+06 2.42595e+06 2.21565e+06 5.11394e+06 3.75915e+06 3.18266e+06 4.99458e+06
threshold=-0.70585528016090382 11188.649902343752 11241.354003906252 11435.369140625002 11435.369140625002 11750.905273437502 10885.485839843752 10931.044433593752 11740.422851562502 -0.83855623006820668 11217.813964843752 11170.297851562502 11283.981445312502 11241.354003906252
decision_type=2 2 2 2 2 2 2 2 2 2 2 2 2 2
left_child=3 -2 -3 6 -4 -6 -1 -8 -5 11 -11 -9 13 -12
right_child=1 2 4 8 5 -7 7 9 -10 10 12 -13 -14 -15
leaf_value=0.021016773028341831 0.075256514880938888 -0.081899879475416854 0.10493064657985234 0.11770687555334697 -0.13267008591170806 0.03246190259679714 -0.26951441090550282 0.21213540457160851 -0.028171609561024373 -0.073785210663334475 -0.24559020217318381 -0.057247227413217756 -0.095404683093754897 -0.73746332464546627
leaf_weight=94921 648479 162650 174342 51191 80954 712802 39797 23016 416787 337241 36890 206993 31044 10637
leaf_count=94921 648479 162650 174342 51191 80954 712802 39797 23016 416787 337241 36890 206993 31044 10637
internal_value=-4.63186e-07 0.0371922 0.015362 -0.0530026 0.0317037 0.0156189 -0.0774584 -0.091092 -0.0122121 -0.0800932 -0.107644 -0.0302831 -0.252946 -0.355809
internal_weight=3.02774e+06 1.77923e+06 1.13075e+06 1.24852e+06 968098 793756 780539 685618 467978 645821 415812 230009 78571 47527
internal_count=3027744 1779227 1130748 1248517 968098 793756 780539 685618 467978 645821 415812 230009 78571 47527
is_linear=0
shrinkage=0.02


Tree=22
num_leaves=15
num_cat=0
split_feature=9 7 7 7 7 7 7 7 7 7 9 7 7 7
split_gain=1.38615e+07 3.72911e+06 3.54439e+06 3.16597e+06 4.16473e+06 5.58514e+06 6.74802e+06 2.5441e+06 2.46474e+06 3.21679e+06 3.40156e+06 6.96451e+06 5.37346e+06 2.90732e+06
threshold=-0.177777424454689 11684.184082031252 11740.422851562502 11188.649902343752 11241.354003906252 11412.059082031252 11380.810546875002 12770.223632812502 10877.847656250002 10931.044433593752 0.54481467604637157 11217.813964843752 11365.267089843752 11283.981445312502
decision_type=2 2 2 2 2 2 2 2 2 2 2 2 2 2
left_child=3 8 -3 -1 -5 6 -6 -7 -2 -10 12 -12 -11 -13
right_child=1 2 -4 4 5 7 -8 -9 9 10 11 13 -14 -15
leaf_value=0.082355192864949203 0.033417984413692738 0.2437811606203921 -0.0098832367328137299 -0.074047014422324003 0.13349926600537079 0.033042361702843144 0.71310256910186298 -0.17591870050813208 -0.22551420711797796 0.071726348445996263 -0.061310358353313416 -0.35288198547816813 -0.080094578012630036 -0.13305358821472441
leaf_weight=573495 96364 22885 585512 150280 47756 589615 9652 24255 52100 154849 389808 51856 234385 44932
leaf_count=573495 96364 22885 585512 150280 47756 589615 9652 24255 52100 154849 389808 51856 234385 44932
internal_value=-5.30684e-07 -0.0395571 -0.000337706 0.0462942 0.0211208 0.0424269 0.231055 0.0247832 -0.0628519 -0.0728496 -0.0637656 -0.0990168 -0.0196953 -0.250855
internal_weight=3.02774e+06 1.63269e+06 608397 1.39505e+06 821558 671278 57408 613870 1.02429e+06 927930 875830 486596 389234 96788
internal_count=3027744 1632691 608397 1395053 821558 671278 57408 613870 1024294 927930 875830 486596 389234 96788
is_linear=0
shrinkage=0.02


Tree=23
num_leaves=15
num_cat=0
split_feature=4 7 7 7 7 0 7 7 7 7 0 7 7 5
split_gain=1.31967e+07 3.61595e+06 3.75001e+06 3.60826e+06 4.72172e+06 3.49047e+06 2.55825e+06 2.31734e+06 2.06312e+06 2.65296e+06 2.0202e+06 2.01871e+06 5.11033e+06 2.14325e+06
threshold=10.105000019073488 11188.649902343752 11241.354003906252 11435.369140625002 11523.473632812502 4141.5000000000009 12770.223632812502 12651.690429687502 12651.690429687502 12721.992675781252 5317.5000000000009 11326.603515625002 11241.354003906252 -0.022499999962747094
decision_type=2 2 2 2 2 2 2 2 2 2 2 2 2 2
left_child=5 -2 -3 10 -5 7 8 -1 -6 -10 -4 12 13 -7
right_child=1 2 3 4 6 11 -8 -9 9 -11 -12 -13 -14 -15
leaf_value=-0.035986380149668491 0.081518386443229132 -0.078336410174443386 0.10652848680215096 -0.16322580641482073 0.026737875834375292 -0.19319364731963184 -0.18114543468834826 0.070783239823580743 0.41559429455883717 0.072999995011725743 0.49086736887441634 -0.056581650001533527 -0.66659963837874603 -0.0087111973536381591
leaf_weight=1132872 559869 139183 150432 55283 565364 78932 22243 87590 12437 33066 5668 140124 7685 36996
leaf_count=1132872 559869 139183 150432 55283 565364 78932 22243 87590 12437 33066 5668 140124 7685 36996
internal_value=-5.06947e-07 0.0409433 0.0178489 0.0337022 0.0140152 -0.0425814 0.0294942 -0.0283232 0.0371669 0.16671 0.120515 -0.108559 -0.167469 -0.134326
internal_weight=3.02774e+06 1.54354e+06 983676 844493 688393 1.4842e+06 633110 1.22046e+06 610867 45503 156100 263737 123613 115928
internal_count=3027744 1543545 983676 844493 688393 1484199 633110 1220462 610867 45503 156100 263737 123613 115928
is_linear=0
shrinkage=0.02


Tree=24
num_leaves=15
num_cat=0
split_feature=9 7 7 7 7 7 7 7 7 9 7 7 7 7
split_gain=1.28961e+07 3.51097e+06 3.41986e+06 2.91378e+06 3.85537e+06 5.25652e+06 6.46109e+06 2.366e+06 3.08862e+06 3.18984e+06 6.64741e+06 5.08356e+06 2.7503e+06 5.23861e+06
threshold=-0.177777424454689 11684.184082031252 11740.422851562502 11188.649902343752 11241.354003906252 11412.059082031252 11380.810546875002 10877.847656250002 10931.044433593752 0.54481467604637157 11217.813964843752 11365.267089843752 11283.981445312502 11241.354003906252
decision_type=2 2 2 2 2 2 2 2 2 2 2 2 2 2
left_child=3 7 -3 -1 -5 6 -6 -2 -9 11 -11 -10 13 -12
right_child=1 2 -4 4 5 -7 -8 8 9 10 12 -13 -14 -15
leaf_value=0.079247897930735972 0.033563699138747363 0.23969229655590896 -0.0094760547509640004 -0.071062088944079393 0.12853860752015181 0.023885781131238588 0.69568430083205057 -0.22014545175643463 0.069945873680153939 -0.058950613949232566 -0.24234929864033716 -0.077722741301276765 -0.12955375330720229 -0.74366617486711084
leaf_weight=573495 96364 22885 585512 150280 47756 613870 9652 52100 154849 389808 41420 234385 44932 10436
leaf_count=573495 96364 22885 585512 150280 47756 613870 9652 52100 154849 389808 41420 234385 44932 10436
internal_value=-5.04613e-07 -0.0381547 -9.97086e-05 0.0446529 0.020503 0.0410026 0.223998 -0.0607579 -0.0705533 -0.0616521 -0.0957887 -0.0189754 -0.24413 -0.343363
internal_weight=3.02774e+06 1.63269e+06 608397 1.39505e+06 821558 671278 57408 1.02429e+06 927930 875830 486596 389234 96788 51856
internal_count=3027744 1632691 608397 1395053 821558 671278 57408 1024294 927930 875830 486596 389234 96788 51856
is_linear=0
shrinkage=0.02


Tree=25
num_leaves=15
num_cat=0
split_feature=8 7 7 4 7 7 7 7 7 7 7 8 7 7
split_gain=1.29175e+07 3.15897e+06 3.85384e+06 2.83503e+06 2.45935e+06 4.50036e+06 2.26659e+06 2.18497e+06 2.10643e+06 2.0403e+06 2.54849e+06 2.28968e+06 5.05996e+06 4.36851e+06
threshold=-0.70585528016090382 11188.649902343752 11241.354003906252 -223.31000518798825 11435.369140625002 11750.905273437502 11430.571777343752 11203.687988281252 12035.524414062502 10885.485839843752 10931.044433593752 -0.83855623006820668 11227.823730468752 11283.981445312502
decision_type=2 2 2 2 2 2 2 2 2 2 2 2 2 2
left_child=3 -2 7 -1 -4 -6 9 -3 -8 -5 -11 -12 -13 -14
right_child=1 2 4 6 5 -7 8 -9 -10 10 11 12 13 -15
leaf_value=-0.20014757936043259 0.069794521785253541 0.012945011125929275 0.097573030159064975 0.022805757638932184 -0.1266843993104422 0.03066661012021191 0.049637417157174485 -0.13629776691937728 -0.040003918619895211 -0.23885783874867506 -0.013452221846969193 -0.066064102350104736 -0.43602722500466218 -0.09279135544664921
leaf_weight=47923 648479 66095 174342 92776 80954 712802 162019 96555 297149 36901 206150 346261 29926 29412
leaf_count=47923 648479 66095 174342 92776 80954 712802 162019 96555 297149 36901 206150 346261 29926 29412
internal_value=-5.13384e-07 0.0346046 0.0144229 -0.0493152 0.0295573 0.0146172 -0.043293 -0.0756538 -0.00837323 -0.0649185 -0.0774658 -0.0677268 -0.0953113 -0.265941
internal_weight=3.02774e+06 1.77923e+06 1.13075e+06 1.24852e+06 968098 793756 1.20059e+06 162650 459168 741426 648650 611749 405599 59338
internal_count=3027744 1779227 1130748 1248517 968098 793756 1200594 162650 459168 741426 648650 611749 405599 59338
is_linear=0
shrinkage=0.02


Tree=26
num_leaves=15
num_cat=0
split_feature=7 7 7 7 17 13 14 17 16 7 7 7 7 7
split_gain=2.46465e+06 3.07064e+06 2.21121e+06 3.44721e+06 1.81256e+06 1.27516e+06 1.2942e+06 1.11172e+06 1.97098e+06 1.03352e+06 1.01508e+06 1.01106e+06 958604 1.87754e+06
threshold=10885.485839843752 10842.659179687502 12620.221679687502 12747.715332031252 0.20778485387563708 -9.0999999046325666 0.64788308739662182 0.50973236560821544 5.9000000953674325 11283.981445312502 11241.354003906252 10063.905273437502 10630.448242187502 10776.799804687502
decision_type=2 2 2 2 2 2 2 2 2 2 2 2 2 2
left_child=1 11 4 -4 -2 6 -6 -7 -9 10 -10 -1 -13 -14
right_child=2 -3 3 -5 5 7 -8 8 9 -11 -12 12 13 -15
leaf_value=0.19885610616719804 0.060604409608385076 0.18252788939499792 0.16975391247515542 -0.009618029655674867 -0.0058301376078647152 -0.016356887099632306 0.061217892381019684 -0.0022773897548299246 -0.14794581231185924 -0.0646392453188048 -0.49132373375456417 -0.06609900085847728 0.10267206661351524 -0.031292781714607691
leaf_weight=12235 135420 60291 71464 107035 532665 1445750 146909 135732 61382 99167 3641 48648 82527 84878
leaf_count=12235 135420 60291 71464 107035 532665 1445750 146909 135732 61382 99167 3641 48648 82527 84878
internal_value=-5.73724e-07 0.0555919 -0.0058576 0.0622008 -0.010602 -0.0145783 0.00866483 -0.0236266 -0.0586681 -0.105282 -0.167246 0.0220615 0.0120408 0.034751
internal_weight=3.02774e+06 288579 2.73916e+06 178499 2.56067e+06 2.42525e+06 679574 1.74567e+06 299922 164190 65023 228288 216053 167405
internal_count=3027744 288579 2739165 178499 2560666 2425246 679574 1745672 299922 164190 65023 228288 216053 167405
is_linear=0
shrinkage=0.02


Tree=27
num_leaves=15
num_cat=0
split_feature=8 0 7 7 7 7 9 7 7 9 9 0 8 0
split_gain=1.23571e+07 3.46315e+06 3.00996e+06 3.66906e+06 2.37831e+06 4.30265e+06 3.64801e+06 2.23293e+06 9.47058e+06 2.99833e+06 2.39672e+06 2.21143e+06 3.64888e+06 4.04595e+06
threshold=-0.70585528016090382 2523.5000000000005 11188.649902343752 11241.354003906252 11435.369140625002 11750.905273437502 -0.28987027704715723 11283.981445312502 11236.239257812502 0.30185525119304663 0.27140200138092047 1639.5000000000002 0.79606631398201 4167.5000000000009
decision_type=2 2 2 2 2 2 2 2 2 2 2 2 2 2
left_child=1 -1 -2 -4 6 -6 11 8 10 -9 -3 -5 -13 -14
right_child=2 7 3 4 5 -7 -8 9 -10 -11 -12 12 13 -15
leaf_value=-0.015749409778511657 0.068195423588093121 0.14955184019240222 -0.073745201769168045 0.056416660591475376 -0.12394203104269566 0.029913660058534988 0.019217225043920896 -0.13038485391869245 -0.62664168891026839 -0.0056082429297598683 -0.11273929509898262 0.11042099527331913 0.33463228543488532 1.0017910723497965
leaf_weight=639927 648479 14793 162650 25707 80954 712802 102518 117377 14279 224082 238059 23119 18474 4524
leaf_count=639927 648479 14793 162650 25707 80954 712802 102518 117377 14279 224082 238059 23119 18474 4524
internal_value=-5.66406e-07 -0.0482336 0.0338455 0.0141456 0.0289127 0.0142208 0.0957984 -0.0823896 -0.125701 -0.048503 -0.0973887 0.205088 0.287932 0.46625
internal_weight=3.02774e+06 1.24852e+06 1.77923e+06 1.13075e+06 968098 793756 174342 608590 267131 341459 252852 71824 46117 22998
internal_count=3027744 1248517 1779227 1130748 968098 793756 174342 608590 267131 341459 252852 71824 46117 22998
is_linear=0
shrinkage=0.02


Tree=28
num_leaves=15
num_cat=0
split_feature=9 7 7 7 0 0 7 7 7 7 7 7 9 7
split_gain=1.15238e+07 3.19915e+06 3.25747e+06 2.79836e+06 2.53951e+06 2.2573e+06 2.71069e+06 4.00398e+06 3.85072e+06 4.99078e+06 3.16181e+06 2.65457e+06 2.18864e+06 2.15275e+06
threshold=-0.177777424454689 11684.184082031252 11740.422851562502 12770.223632812502 4415.5000000000009 1758.5000000000002 10942.675292968752 10842.659179687502 10921.839355468752 10940.767578125002 10687.838867187502 12651.690429687502 -0.72811940312385548 10996.903320312502
decision_type=2 2 2 2 2 2 2 2 2 2 2 2 2 2
left_child=3 4 -3 5 -2 -1 7 10 -9 -10 -7 12 -8 -14
right_child=1 2 -4 -5 -6 6 11 8 9 -11 -12 -13 13 -15
leaf_value=0.012067749287730269 -0.043670262450625136 0.23428779134699695 -0.0088926799128473157 -0.17069449242770746 -0.12861885315876856 0.17087095164581376 0.20035277429927703 0.4069177295197004 0.007045805869841543 0.5747280637810499 -0.050304047590308237 0.22535140402979917 -0.082874915577139621 0.042820192685579295
leaf_weight=499238 855820 22885 585512 24255 168474 49438 31992 33373 32313 7654 54176 32046 60252 570316
leaf_count=499238 855820 22885 585512 24255 168474 49438 31992 33373 32313 7654 54176 32046 60252 570316
internal_value=-5.09821e-07 -0.0360675 0.00025828 0.0422102 -0.0576436 0.0459785 0.0654026 0.135282 0.248352 0.115879 0.0552327 0.0475987 0.0389981 0.0308086
internal_weight=3.02774e+06 1.63269e+06 608397 1.39505e+06 1.02429e+06 1.3708e+06 871560 176954 73340 39967 103614 694606 662560 630568
internal_count=3027744 1632691 608397 1395053 1024294 1370798 871560 176954 73340 39967 103614 694606 662560 630568
is_linear=0
shrinkage=0.02


Tree=29
num_leaves=15
num_cat=0
split_feature=8 7 7 4 7 7 7 7 7 1 4 7 7 8
split_gain=1.15083e+07 2.84339e+06 3.53608e+06 2.67278e+06 2.32578e+06 4.08976e+06 2.09274e+06 2.03616e+06 1.99957e+06 1.99137e+06 1.96669e+06 1.89542e+06 2.10095e+06 2.13704e+06
threshold=-0.70585528016090382 11188.649902343752 11241.354003906252 -223.31000518798825 11435.369140625002 11750.905273437502 11203.687988281252 11430.571777343752 12035.524414062502 51.359128952026374 181.72499847412112 10877.847656250002 10931.044433593752 -0.83855623006820668
decision_type=2 2 2 2 2 2 2 2 2 2 2 2 2 2
left_child=3 -2 6 -1 10 9 -3 11 -9 -6 -4 -5 -13 -14
right_child=1 2 4 7 5 -7 -8 8 -10 -11 -12 12 13 -15
leaf_value=-0.19300018747362732 0.066048598594503849 0.01394065554554322 0.080996227454900802 0.025437215342808801 0.15723417155896471 0.028783588363793512 -0.13211791519545429 0.048916927763398885 -0.038420930014127816 -0.15653889579913907 0.43718870091427187 -0.21198260248485792 -0.011297885969870613 -0.090381213312812334
leaf_weight=47923 648479 66095 167913 88898 9109 712802 96555 162019 297149 71845 6429 40779 206150 405599
leaf_count=47923 648479 66095 167913 88898 9109 712802 96555 162019 297149 71845 6429 40779 206150 405599
internal_value=-4.07363e-07 0.0326627 0.0135155 -0.0465476 0.0280126 0.0134838 -0.0727677 -0.0407002 -0.00760303 -0.121218 0.0941555 -0.0611969 -0.0729999 -0.063732
internal_weight=3.02774e+06 1.77923e+06 1.13075e+06 1.24852e+06 968098 793756 162650 1.20059e+06 459168 80954 174342 741426 652528 611749
internal_count=3027744 1779227 1130748 1248517 968098 793756 162650 1200594 459168 80954 174342 741426 652528 611749
is_linear=0
shrinkage=0.02


Tree=30
num_leaves=15
num_cat=0
split_feature=9 4 0 9 4 9 9 0 9 4 9 5 9 0
split_gain=1.07094e+07 2.93495e+06 1.97314e+06 1.70767e+06 1.61039e+06 3.67962e+06 1.55982e+06 2.20405e+06 1.54841e+06 1.69335e+06 1.72866e+06 1.13723e+06 1.10544e+06 1.4209e+06
threshold=-0.177777424454689 -223.31000518798825 1048.5000000000002 -0.72323438525199879 253.45999908447268 -0.66854909062385548 -0.63895034790039051 5266.5000000000009 0.54481467604637157 -126.1949996948242 0.84602341055870067 0.032499999739229686 0.70209196209907543 2442.5000000000005
decision_type=2 2 2 2 2 2 2 2 2 2 2 2 2 2
left_child=2 -2 -1 -4 -5 -6 11 -8 -3 -10 12 -7 13 -11
right_child=1 8 3 4 5 6 7 -9 9 10 -12 -13 -14 -15
leaf_value=-0.0044892361040748856 -0.18845233357667962 -0.011756746528196017 0.14326536698074072 0.049706236632993138 0.36335799054705709 -0.92861902597365675 -0.60206943189945294 0.031340236209022175 -0.11051025225114776 -0.020054828528686234 -0.36984321692764005 -0.23286290681471516 0.026999187713458099 -0.093303350480526709
leaf_weight=302738 48228 851922 78194 995602 4435 2247 3187 7025 153332 308279 6120 1625 103425 161385
leaf_count=302738 48228 851922 78194 995602 4435 2247 3187 7025 153332 308279 6120 1625 103425 161385
internal_value=-3.97171e-07 -0.0347696 0.0406914 0.0532133 0.0462685 -0.138477 -0.29665 -0.16673 -0.0300906 -0.0514118 -0.0357652 -0.637981 -0.0321912 -0.0452258
internal_weight=3.02774e+06 1.63269e+06 1.39505e+06 1.09232e+06 1.01412e+06 18519 14084 10212 1.58446e+06 732541 579209 3872 573089 469664
internal_count=3027744 1632691 1395053 1092315 1014121 18519 14084 10212 1584463 732541 579209 3872 573089 469664
is_linear=0
shrinkage=0.02


Tree=31
num_leaves=15
num_cat=0
split_feature=8 4 9 9 9 4 9 8 1 5 8 9 4 4
split_gain=1.06537e+07 2.46296e+06 2.04648e+06 1.2872e+06 1.2638e+06 1.59512e+06 3.03585e+06 1.49837e+06 1.40469e+06 1.09237e+06 982403 944776 900301 860562
threshold=-0.70585528016090382 -223.31000518798825 0.84602341055870067 0.63474419713020336 -0.71335092186927784 253.45999908447268 -0.66854909062385548 0.7692478895187379 108.33688354492189 0.032499999739229686 -0.99442258477210987 0.65655234456062328 -113.56499862670897 26.865000724792484
decision_type=2 2 2 2 2 2 2 2 2 2 2 2 2 2
left_child=1 11 4 10 13 -6 -7 9 -9 -8 -3 -1 -5 -2
right_child=2 3 -4 12 5 6 7 8 -10 -11 -12 -13 -14 -15
leaf_value=-0.14958852188206592 0.0027038658662945397 -0.065417712626391927 -0.30059262355690175 -0.11393098556785665 0.029976479018003346 0.38052153864400973 -0.91012893359429914 -0.050953422406086059 -0.65250807758490925 -0.22823413353666255 -0.011437758555213024 -0.40605792471587587 -0.049098572179043933 0.11966008561558428
leaf_weight=41251 33251 174371 7385 117953 1617702 3323 2247 8312 1900 1625 595095 6672 313175 103482
leaf_count=41251 33251 174371 7385 117953 1617702 3323 2247 8312 1900 1625 595095 6672 313175 103482
internal_value=-5.18463e-07 -0.0447859 0.0314263 -0.0391727 0.0328118 0.0279269 -0.162451 -0.290741 -0.163407 -0.625282 -0.023671 -0.185373 -0.0668385 0.0912209
internal_weight=3.02774e+06 1.24852e+06 1.77923e+06 1.20059e+06 1.77184e+06 1.63511e+06 17407 14084 10212 3872 769466 47923 431128 136733
internal_count=3027744 1248517 1779227 1200594 1771842 1635109 17407 14084 10212 3872 769466 47923 431128 136733
is_linear=0
shrinkage=0.02


Tree=32
num_leaves=15
num_cat=0
split_feature=8 0 7 7 7 7 7 7 7 8 8 7 7 0
split_gain=1.02318e+07 3.11266e+06 2.69626e+06 3.41462e+06 2.24816e+06 3.84087e+06 2.00902e+06 1.95525e+06 9.15692e+06 2.92327e+06 2.00975e+06 1.99024e+06 5.78553e+06 1.90578e+06
threshold=-0.70585528016090382 2442.5000000000005 11188.649902343752 11241.354003906252 11435.369140625002 11750.905273437502 11203.687988281252 11283.981445312502 11236.239257812502 -0.95380857586860646 -0.96114355325698841 10776.799804687502 10704.640625000002 5266.5000000000009
decision_type=2 2 2 2 2 2 2 2 2 2 2 2 2 2
left_child=1 -1 -2 6 13 -6 -4 8 10 -9 -3 12 -12 -5
right_child=2 7 3 4 5 -7 -8 9 -10 -11 11 -13 -14 -15
leaf_value=-0.012093253670793985 0.063308233674537598 0.13773091581830299 0.012320514430428187 0.078773698507745599 -0.11842423317356382 0.026941047806366667 -0.13078695767342949 -0.12434959472873183 -0.60570553298405894 -0.0028240089846541744 -0.14689856926368788 -0.11905344195210373 0.56112300035590712 0.43710231709572284
leaf_weight=619971 648479 14860 66095 168197 80954 712802 96555 119875 14416 233170 14107 225268 6850 6145
leaf_count=619971 648479 14860 66095 168197 80954 712802 96555 119875 14416 233170 14107 225268 6850 6145
internal_value=-6.67819e-07 -0.0438903 0.0307976 0.0121524 0.0263984 0.0121141 -0.072636 -0.0752528 -0.115184 -0.0440899 -0.0880772 -0.10171 0.0846815 0.0914281
internal_weight=3.02774e+06 1.24852e+06 1.77923e+06 1.13075e+06 968098 793756 162650 628546 275501 353045 261085 246225 20957 174342
internal_count=3027744 1248517 1779227 1130748 968098 793756 162650 628546 275501 353045 261085 246225 20957 174342
is_linear=0
shrinkage=0.02


Tree=33
num_leaves=15
num_cat=0
split_feature=8 0 0 9 9 8 9 9 1 8 9 5 0 8
split_gain=9.82712e+06 2.947e+06 2.06244e+06 2.06509e+06 1.25076e+06 1.51866e+06 932029 896569 910693 863190 1.09085e+06 1.70295e+06 847401 814203
threshold=-0.69954469799995411 2582.5000000000005 1738.5000000000002 -0.71335092186927784 0.54481467604637157 -0.9453720450401305 0.84602341055870067 0.84602341055870067 109.68396759033205 0.95309019088745128 0.14036937057971957 0.047500001266598708 8224.5000000000018 -0.27835701406002039
decision_type=2 2 2 2 2 2 2 2 2 2 2 2 2 2
left_child=1 -1 6 13 5 -3 -2 8 9 12 -11 -12 -5 -4
right_child=2 4 3 7 -6 -7 -8 -9 -10 10 11 -13 -14 -15
leaf_value=-0.013302270936470791 0.0032338796862453299 -0.088147700820859862 0.48023300951888864 0.062207504995705938 -0.10166046080618296 0.0036870019629009453 -0.32471194464598724 -0.26261735912240469 0.00051250527737828821 0.028596166552486185 -0.20019582396743807 0.32139200664504858 -0.20342006087463257 0.132984186810923
leaf_weight=666344 618191 150229 2792 654548 317237 138363 3476 3909 187553 183615 17478 2913 4830 76266
leaf_count=666344 618191 150229 2792 654548 317237 138363 3476 3909 187553 183615 17478 2913 4830 76266
internal_value=-6.50683e-07 -0.0423277 0.0306717 0.0467225 -0.0742516 -0.0441197 0.00139497 0.0393325 0.0404582 0.0491354 0.0131822 -0.125561 0.0602587 0.145307
internal_weight=3.02774e+06 1.27217e+06 1.75557e+06 1.1339e+06 605829 288592 621667 1.05485e+06 1.05094e+06 863384 204006 20391 659378 79058
internal_count=3027744 1272173 1755571 1133904 605829 288592 621667 1054846 1050937 863384 204006 20391 659378 79058
is_linear=0
shrinkage=0.02


Tree=34
num_leaves=15
num_cat=0
split_feature=9 4 0 9 17 9 4 9 4 9 9 0 6 6
split_gain=9.26779e+06 2.67809e+06 1.82521e+06 1.52905e+06 1.52109e+06 1.56522e+06 1.69659e+06 1.4438e+06 1.33033e+06 3.59989e+06 1.43122e+06 2.10379e+06 1.28752e+06 1.00535e+06
threshold=-0.177777424454689 -223.31000518798825 1048.5000000000002 -0.72811940312385548 0.24648848921060565 0.54481467604637157 -126.1949996948242 0.84602341055870067 253.45999908447268 -0.66854909062385548 -0.63895034790039051 5266.5000000000009 103.81085586547853 99.860378265380874
decision_type=2 2 2 2 2 2 2 2 2 2 2 2 2 2
left_child=2 -2 -1 -4 -3 -6 -7 -8 12 -10 -11 13 -5 -12
right_child=1 4 3 8 5 6 7 -9 9 10 11 -13 -14 -15
leaf_value=-0.0056004997248124116 -0.17914891911274855 0.031887382561074568 0.1421801587237024 0.059855144467195212 -0.014773279688960089 -0.11891922415409817 -0.036803840355735119 -0.35065105531452195 0.33054309433303802 -0.61336082710794781 -0.34256119623757364 0.031562715054428446 0.0072034815619561659 -1.1061786407021916
leaf_weight=302738 48228 153808 67380 759783 764512 138815 521408 5920 5162 3872 2177 7025 245906 1010
leaf_count=302738 48228 153808 67380 759783 764512 138815 521408 5920 5162 3872 2177 7025 245906 1010
internal_value=-6.48039e-07 -0.0323452 0.0378535 0.0498968 -0.0278756 -0.0343009 -0.0567115 -0.0403338 0.0438287 -0.120842 -0.2864 -0.161949 0.0469812 -0.58727
internal_weight=3.02774e+06 1.63269e+06 1.39505e+06 1.09232e+06 1.58446e+06 1.43066e+06 666143 527328 1.02494e+06 19246 14084 10212 1.00569e+06 3187
internal_count=3027744 1632691 1395053 1092315 1584463 1430655 666143 527328 1024935 19246 14084 10212 1005689 3187
is_linear=0
shrinkage=0.02


Tree=35
num_leaves=15
num_cat=0
split_feature=8 0 7 7 7 7 7 7 7 7 9 7 7 7
split_gain=9.13458e+06 2.82582e+06 2.56565e+06 3.28607e+06 4.72761e+06 1.86375e+06 2.18025e+06 2.10079e+06 1.83145e+06 2.35081e+06 3.53979e+06 3.95824e+06 3.39114e+06 2.6595e+06
threshold=-0.70585528016090382 2442.5000000000005 11188.649902343752 11326.603515625002 11345.829101562502 11435.369140625002 12035.524414062502 11421.426269531252 10885.485839843752 10931.044433593752 0.54481467604637157 11227.823730468752 11283.981445312502 11213.910644531252
decision_type=2 2 2 2 2 2 2 2 2 2 2 2 2 2
left_child=1 -1 -2 -4 -5 7 -7 8 -3 -10 13 -12 -13 -11
right_child=2 5 3 4 -6 6 -8 -9 9 10 11 12 -14 -15
leaf_value=-0.011173996969275036 0.060812853866879721 0.035317672094924188 -0.061616946441107878 0.37851954367903817 0.021130422962156913 0.061280676845261069 -0.069473089246999895 -0.37724395859125581 -0.30575326536512565 0.26369912901969772 -0.10541558705033571 -0.51603553644817945 -0.068972345124925311 -0.037349436512920858
leaf_weight=619971 648479 41665 204641 15040 911067 76426 153342 10447 21856 13238 179130 18890 10595 102957
leaf_count=619971 648479 41665 204641 15040 911067 76426 153342 10447 21856 13238 179130 18890 10595 102957
internal_value=-7.78328e-07 -0.0414705 0.0290994 0.0109114 0.0269385 -0.071353 -0.0259806 -0.0974944 -0.0899589 -0.105016 -0.0914999 -0.140773 -0.355468 -0.00303131
internal_weight=3.02774e+06 1.24852e+06 1.77923e+06 1.13075e+06 926107 628546 229768 398778 388331 346666 324810 208615 29485 116195
internal_count=3027744 1248517 1779227 1130748 926107 628546 229768 398778 388331 346666 324810 208615 29485 116195
is_linear=0
shrinkage=0.02


Tree=36
num_leaves=15
num_cat=0
split_feature=5 0 7 7 7 7 7 7 7 7 0 7 7 7
split_gain=7.94381e+06 2.57904e+06 2.48822e+06 2.75127e+06 1.92981e+06 3.45366e+06 1.74942e+06 1.71401e+06 1.70454e+06 4.41101e+06 1.57071e+06 1.68681e+06 2.47352e+06 4.71776e+06
threshold=-0.0074999998323619357 4220.5000000000009 11188.649902343752 11255.992675781252 11440.364746093752 11523.473632812502 11203.687988281252 12620.221679687502 11283.981445312502 11241.354003906252 1009.5000000000001 11156.060058593752 10942.675292968752 10940.767578125002
decision_type=2 2 2 2 2 2 2 2 2 2 2 2 2 2
left_child=1 7 10 6 -5 -6 -4 -1 9 -3 -2 12 13 -12
right_child=2 8 3 4 5 -7 -8 -9 -10 -11 11 -13 -14 -15
leaf_value=-0.032813021816334255 -0.0060213565117397914 -0.12949229856893704 0.013139605234960617 0.079101960524322099 -0.14255263951510608 0.019943056703618171 -0.1170771925909105 0.067691311169688531 -0.049038946194345102 -0.72035528933104565 0.084013804085452948 0.15229216463851505 0.0055983243993760114 0.55971401410343258
leaf_weight=933455 122119 98846 69119 191877 56296 738788 102403 73187 119539 5317 218948 90229 198961 8660
leaf_count=933455 122119 98846 69119 191877 56296 738788 102403 73187 119539 5317 218948 90229 198961 8660
internal_value=-8.11338e-07 -0.0391562 0.0268016 0.00932596 0.0221749 0.00843586 -0.0646053 -0.0255053 -0.10058 -0.159719 0.0584879 0.0737312 0.0571105 0.102137
internal_weight=3.02774e+06 1.23034e+06 1.7974e+06 1.15848e+06 986961 795084 171522 1.00664e+06 223702 104163 638917 516798 426569 227608
internal_count=3027744 1230344 1797400 1158483 986961 795084 171522 1006642 223702 104163 638917 516798 426569 227608
is_linear=0
shrinkage=0.02


Tree=37
num_leaves=15
num_cat=0
split_feature=4 0 4 0 5 4 5 5 1 4 0 0 4 1
split_gain=8.17241e+06 2.45218e+06 1.26302e+06 1.23375e+06 1.23605e+06 1.44754e+06 1.51575e+06 1.02773e+06 870588 863708 1.25942e+06 777612 1.01112e+06 767682
threshold=10.105000019073488 4302.5000000000009 -272.92999267578119 1778.5000000000002 0.077500000596046462 253.45999908447268 0.047500001266598708 -0.012499999720603226 65.295005798339858 87.74499893188478 3405.5000000000005 2092.5000000000005 -73.655002593994126 46.332124710083015
decision_type=2 2 2 2 2 2 2 2 2 2 2 2 2 2
left_child=1 11 -3 -2 5 9 8 -4 -7 -5 -11 -1 13 -13
right_child=3 2 7 4 -6 6 -8 -9 -10 10 -12 12 -14 -15
leaf_value=-0.0086100702723412199 0.0054567374321099673 -0.28989215066612067 -0.10352953314699725 0.070335540123396115 0.14848495824028798 -0.65094012354568465 0.092857974729145087 0.0049794492893031018 -0.1943701141669511 -0.0069576837283411557 0.05002420292743346 -0.17564626911297565 -0.093151081776815664 -0.021514535183638262
leaf_weight=707873 476371 12349 176750 316840 43569 2007 7375 43507 9839 236500 451044 13331 114727 415662
leaf_count=707873 476371 12349 176750 316840 43569 2007 7375 43507 9839 236500 451044 13331 114727 415662
internal_value=-8.09127e-07 -0.0335095 -0.0931405 0.0322196 0.0441659 0.0397242 -0.132159 -0.0820966 -0.27221 0.0430149 0.0304238 -0.0224266 -0.0404138 -0.0263082
internal_weight=3.02774e+06 1.4842e+06 232606 1.54354e+06 1.06717e+06 1.0236e+06 19221 220257 11846 1.00438e+06 687544 1.25159e+06 543720 428993
internal_count=3027744 1484199 232606 1543545 1067174 1023605 19221 220257 11846 1004384 687544 1251593 543720 428993
is_linear=0
shrinkage=0.02


Tree=38
num_leaves=15
num_cat=0
split_feature=8 7 7 7 4 7 7 9 7 7 7 9 7 7
split_gain=8.19156e+06 2.38332e+06 3.06429e+06 4.5078e+06 2.14934e+06 1.7708e+06 3.53165e+06 1.68291e+06 1.64906e+06 2.06502e+06 1.92409e+06 3.32315e+06 3.47339e+06 6.21183e+06
threshold=-0.70585528016090382 11188.649902343752 11326.603515625002 11345.829101562502 -223.31000518798825 11455.166015625002 11740.422851562502 0.84602341055870067 10877.847656250002 10931.044433593752 10972.784667968752 0.54481467604637157 11111.218750000002 11210.792968750002
decision_type=2 2 2 2 2 2 2 2 2 2 2 2 2 2
left_child=4 -2 -3 -4 -1 8 -7 -5 -6 -10 -11 -12 -13 -14
right_child=1 2 3 7 5 6 -8 -9 9 10 11 12 13 -15
leaf_value=-0.17060272549112337 0.05812213414281861 -0.060011624594065796 0.36881378771444517 0.022283348227931366 0.028544071062712263 0.19737785763915341 -0.018147854370854304 -0.28153793682601413 -0.20103198236064124 0.037886489859006549 -0.0092831240803930987 -0.22633841203251051 0.0045998759346921967 -0.20297883650351012
leaf_weight=47923 648479 204641 15040 903725 88898 32873 404638 7342 40779 79360 230086 76620 155801 91539
leaf_count=47923 648479 204641 15040 903725 88898 32873 404638 7342 40779 79360 230086 76620 155801 91539
internal_value=-8.70738e-07 0.0275563 0.0100265 0.0255033 -0.0392717 -0.0340281 -0.00194984 0.0198319 -0.0524198 -0.063096 -0.0542125 -0.067405 -0.108683 -0.0722287
internal_weight=3.02774e+06 1.77923e+06 1.13075e+06 926107 1.24852e+06 1.20059e+06 437511 911067 763083 674185 633406 554046 323960 247340
internal_count=3027744 1779227 1130748 926107 1248517 1200594 437511 911067 763083 674185 633406 554046 323960 247340
is_linear=0
shrinkage=0.02


Tree=39
num_leaves=15
num_cat=0
split_feature=9 7 9 7 9 7 7 7 7 7 0 7 9 6
split_gain=7.88241e+06 2.90754e+06 2.97367e+06 2.65155e+06 2.2196e+06 4.701e+06 3.66321e+06 7.37708e+06 3.88103e+06 3.70646e+06 3.50538e+06 3.49728e+06 2.07168e+06 1.89971e+06
threshold=-0.177777424454689 12651.690429687502 0.58594399690628063 12770.223632812502 0.59157848358154308 10975.385253906252 11111.218750000002 11016.673339843752 11208.158691406252 11305.878417968752 2780.5000000000005 11236.239257812502 -0.57362857460975636 92.907272338867202
decision_type=2 2 2 2 2 2 2 2 2 2 2 2 2 2
left_child=3 4 -3 -1 -2 -6 7 13 -8 11 -9 -10 -5 -7
right_child=1 2 -4 12 5 6 8 10 9 -11 -12 -13 -14 -15
leaf_value=0.038577748246166825 -0.015606905130175791 -0.022169075187670324 0.21170664849742926 -0.011532254439927852 0.031766023509993295 0.056671181823338329 0.010500680471209231 -0.23071098349539981 -0.14141751859993454 -0.060502152558293977 -0.60776954721076126 -0.42275283628899146 -0.38472577745760994 -0.17516359468404724
leaf_weight=1370798 888813 48836 39190 13810 155923 28455 156098 20238 60930 161965 19264 24897 10445 28082
leaf_count=1370798 888813 48836 39190 13810 155923 28455 156098 20238 60930 161965 19264 24897 10445 28082
internal_value=-8.8314e-07 -0.0298301 0.0819666 0.0349095 -0.0362016 -0.0641109 -0.094014 -0.205032 -0.0676111 -0.116817 -0.414699 -0.223068 -0.172335 -0.0584917
internal_weight=3.02774e+06 1.63269e+06 88026 1.39505e+06 1.54466e+06 655852 499929 96039 403890 247792 39502 85827 24255 56537
internal_count=3027744 1632691 88026 1395053 1544665 655852 499929 96039 403890 247792 39502 85827 24255 56537
is_linear=0
shrinkage=0.02


Tree=40
num_leaves=15
num_cat=0
split_feature=4 4 17 5 4 5 4 1 17 16 17 16 5 13
split_gain=7.32476e+06 2.27179e+06 1.23424e+06 1.14492e+06 1.23471e+06 1.4491e+06 961871 829694 812473 1.14569e+06 732838 641404 618616 537727
threshold=16.585000038146976 -223.31000518798825 0.2567605078220368 0.077500000596046462 253.45999908447268 0.047500001266598708 -126.1949996948242 65.295005798339858 0.63942620158195507 11.900000095367433 0.13831126689910891 -18.499999999999996 0.027499999850988392 -10.499999999999998
decision_type=2 2 2 2 2 2 2 2 2 2 2 2 2 2
left_child=1 -1 -3 4 8 7 13 12 10 -10 -2 -8 -6 -4
right_child=3 2 6 -5 5 -7 11 -9 9 -11 -12 -13 -14 -15
leaf_value=-0.16539324148391221 0.13775034799196173 0.02456043932190213 -0.017027726509467697 0.12114545427947747 -0.98456250421315405 0.089315299783799901 0.014492358743804161 -0.1916455869399448 0.13913912058636385 -0.03977930677534252 0.024995573590304593 -0.030361704593469697 -0.2800469172994296 -0.084397407321028517
leaf_weight=48228 23464 171411 63182 55391 1009 7375 147675 9839 56981 19113 1299188 934207 998 189683
leaf_count=48228 23464 171411 63182 55391 1009 7375 147675 9839 56981 19113 1299188 934207 998 189683
internal_value=-9.79742e-07 -0.0302869 -0.0259596 0.0319505 0.0284654 -0.1307 -0.0324477 -0.267638 0.0306535 0.0941995 0.0269969 -0.0242391 -0.637371 -0.0675655
internal_weight=3.02774e+06 1.55439e+06 1.50616e+06 1.47336e+06 1.41797e+06 19221 1.33475e+06 11846 1.39875e+06 76094 1.32265e+06 1.08188e+06 2007 252865
internal_count=3027744 1554386 1506158 1473358 1417967 19221 1334747 11846 1398746 76094 1322652 1081882 2007 252865
is_linear=0
shrinkage=0.02


Tree=41
num_leaves=15
num_cat=0
split_feature=7 7 7 7 7 7 6 7 7 0 0 7 7 7
split_gain=1.81979e+06 4.79954e+06 4.15291e+06 5.07272e+06 5.38802e+06 3.48292e+06 2.45361e+06 4.13786e+06 3.9188e+06 2.48372e+06 1.80688e+06 1.5148e+06 1.45668e+06 3.07406e+06
threshold=11012.080078125002 11111.218750000002 11186.986328125002 11255.992675781252 11220.772949218752 10996.903320312502 103.51959609985353 11057.961914062502 11047.367187500002 2961.5000000000005 2012.5000000000002 11208.158691406252 12620.221679687502 12747.715332031252
decision_type=2 2 2 2 2 2 2 2 2 2 2 2 2 2
left_child=5 6 -3 4 11 -1 7 9 -8 -2 -6 -4 -5 -14
right_child=1 2 3 12 10 -7 8 -9 -10 -11 -12 -13 13 -15
leaf_value=0.016143581346599156 -0.14860381064342462 0.087808802164165201 -0.0056641531119659963 -0.0022146875473862395 -0.10559052225459896 0.19267516226716411 0.046502744285851952 0.31794054178764081 -0.31192949544617987 -0.41048886561701664 -0.31132496981597874 -0.10857049475750273 0.15980701892028312 -0.0095785793616502152
leaf_weight=655416 33278 190116 177634 1490628 27486 47968 50045 5347 16124 25668 45138 84397 71464 107035
leaf_count=655416 33278 190116 177634 1490628 27486 47968 50045 5347 16124 25668 45138 84397 71464 107035
internal_value=-1.04221e-06 -0.00853061 -0.00152205 -0.00999804 -0.0810643 0.0281849 -0.12638 -0.214361 -0.0408733 -0.262692 -0.233486 -0.038812 0.00425092 0.0582418
internal_weight=3.02774e+06 2.32436e+06 2.1939e+06 2.00378e+06 334655 703384 130462 64293 66169 58946 72624 262031 1.66913e+06 178499
internal_count=3027744 2324360 2193898 2003782 334655 703384 130462 64293 66169 58946 72624 262031 1669127 178499
is_linear=0
shrinkage=0.02


Tree=42
num_leaves=15
num_cat=0
split_feature=8 7 7 7 7 7 7 4 8 8 7 7 7 6
split_gain=7.27682e+06 2.218e+06 2.8543e+06 2.11748e+06 3.39674e+06 1.9877e+06 3.48046e+06 1.8741e+06 1.86679e+06 2.93281e+06 3.38212e+06 7.60134e+06 1.97172e+06 1.82035e+06
threshold=-0.70585528016090382 11188.649902343752 11241.354003906252 11435.369140625002 11750.905273437502 11455.166015625002 11740.422851562502 -272.92999267578119 0.95892572402954113 0.79178315401077282 11405.892578125002 11361.018066406252 11365.267089843752 61.481864929199226
decision_type=2 2 2 2 2 2 2 2 2 2 2 2 2 2
left_child=5 -2 -3 8 13 7 -7 -1 9 -4 11 -11 -10 -5
right_child=1 2 3 4 -6 6 -8 -9 12 10 -12 -13 -14 -15
leaf_value=-0.34153582519504133 0.055458624210982473 -0.068459165919855416 0.035526067910250043 0.12967613390057448 0.022166386535548661 0.19471645681679811 -0.019006990307730419 -0.052660443738631157 0.088249831216893393 -0.014020162221553872 0.10816121935755219 0.81748773846627276 -0.10676847916875871 -0.15135234625355268
leaf_weight=9077 648479 162650 39884 10602 712802 32873 416787 789780 64178 7419 21449 10787 30625 70352
leaf_count=9077 648479 162650 39884 10602 712802 32873 416787 789780 64178 7419 21449 10787 30625 70352
internal_value=-1.06085e-06 0.0259719 0.00906108 0.0220858 0.008223 -0.0370144 -0.00337842 -0.055947 0.0851973 0.15664 0.278414 0.478823 0.0252466 -0.114536
internal_weight=3.02774e+06 1.77923e+06 1.13075e+06 968098 793756 1.24852e+06 449660 798857 174342 79539 39655 18206 94803 80954
internal_count=3027744 1779227 1130748 968098 793756 1248517 449660 798857 174342 79539 39655 18206 94803 80954
is_linear=0
shrinkage=0.02


Tree=43
num_leaves=15
num_cat=0
split_feature=8 4 5 8 4 8 8 6 17 8 4 8 6 8
split_gain=6.98869e+06 1.91384e+06 1.09567e+06 1.09704e+06 1.09032e+06 3.74245e+06 1.57975e+06 1.35942e+06 1.08408e+06 1.01548e+06 1.20502e+06 1.05799e+06 843599 835923
threshold=-0.70585528016090382 -223.31000518798825 0.077500000596046462 0.73891955614089977 253.45999908447268 0.74366798996925365 0.7692478895187379 108.13460922241212 0.30330684781074529 -0.83855623006820668 -123.85499954223631 -0.94326764345169056 102.84941864013673 -0.75427865982055653
decision_type=2 2 2 2 2 2 2 2 2 2 2 2 2 2
left_child=1 13 4 12 -2 -6 -7 -8 -3 11 -11 -10 -4 -1
right_child=2 8 3 -5 5 6 7 -9 9 10 -12 -13 -14 -15
leaf_value=-0.12654735567399822 0.024252190506884923 0.0051995993808199711 0.12515728103892992 0.054013407273723682 0.26975622652669162 -0.69093000030239538 -0.070877528060599576 -0.67461762578200546 -0.043944772481543486 -0.11692326471681294 -0.0435933784418574 0.019176548382337424 0.40700675507679279 -0.36777294410118416
leaf_weight=41251 1701565 255782 10154 40977 6352 3420 7602 1847 272009 117182 381371 174250 7310 6672
leaf_count=41251 1701565 255782 10154 40977 6352 3420 7602 1847 272009 117182 381371 174250 7310 6672
internal_value=-9.93278e-07 -0.0362741 0.0254526 0.11061 0.0225598 -0.127191 -0.323178 -0.189481 -0.0313261 -0.0412144 -0.0608312 -0.019298 0.243299 -0.160202
internal_weight=3.02774e+06 1.24852e+06 1.77923e+06 58441 1.72079e+06 19221 12869 9449 1.20059e+06 944812 498553 446259 17464 47923
internal_count=3027744 1248517 1779227 58441 1720786 19221 12869 9449 1200594 944812 498553 446259 17464 47923
is_linear=0
shrinkage=0.02


Tree=44
num_leaves=15
num_cat=0
split_feature=8 0 0 17 4 8 8 4 17 4 8 8 8 8
split_gain=6.71195e+06 2.42699e+06 1.77831e+06 1.4012e+06 1.13424e+06 1.24678e+06 1.35412e+06 1.03297e+06 938304 793954 3.6443e+06 1.18955e+06 1.00984e+06 888767
threshold=-0.70585528016090382 2423.5000000000005 1778.5000000000002 0.33050364255905157 -272.92999267578119 -0.83855623006820668 -0.99442258477210987 -213.245002746582 0.20778485387563708 225.66500091552737 0.73663246631622326 0.88782846927642833 0.83930236101150524 0.77373486757278453
decision_type=2 2 2 2 2 2 2 2 2 2 2 2 2 2
left_child=1 -1 -2 -3 -5 6 7 -6 -4 -10 -11 12 13 -12
right_child=2 3 8 4 5 -7 -8 -9 9 10 11 -13 -14 -15
leaf_value=-0.0072612078651813142 -0.0016063563296788471 -0.01576659817962912 0.11766404888130851 -0.29617428078135238 0.30135933286651678 -0.1092892205195085 -0.011345078084907367 -0.14132590022164737 0.039327012595963433 0.21620418193348048 -0.28612761518202251 0.0038589359166571707 -0.50992629272103518 0.038622389040906438
leaf_weight=615312 643914 179672 58986 9650 2182 230877 155006 55818 1031461 14346 10250 10372 4881 5017
leaf_count=615312 643914 179672 58986 9650 2182 230877 155006 55818 1031461 14346 10250 10372 4881 5017
internal_value=-1.05474e-06 -0.0355487 0.0249435 -0.0630364 -0.081762 -0.0770941 -0.0421942 -0.124622 0.0400016 0.0357444 -0.0466092 -0.170176 -0.259726 -0.179452
internal_weight=3.02774e+06 1.24852e+06 1.77923e+06 633205 453533 443883 213006 58000 1.13531e+06 1.07633e+06 44866 30520 20148 15267
internal_count=3027744 1248517 1779227 633205 453533 443883 213006 58000 1135313 1076327 44866 30520 20148 15267
is_linear=0
shrinkage=0.02


Tree=45
num_leaves=15
num_cat=0
split_feature=9 7 9 4 7 9 9 7 7 7 7 7 7 4
split_gain=6.62202e+06 2.71123e+06 2.76671e+06 2.6762e+06 2.51001e+06 1.96465e+06 1.93398e+06 4.45452e+06 3.46755e+06 6.78976e+06 3.6275e+06 3.36667e+06 5.39743e+06 2.09755e+06
threshold=-0.177777424454689 12651.690429687502 0.58594399690628063 -30.474999427795407 12770.223632812502 -0.57362857460975636 0.59157848358154308 10975.385253906252 11111.218750000002 11016.673339843752 11208.158691406252 11283.981445312502 11241.354003906252 -144.07500457763669
decision_type=2 2 2 2 2 2 2 2 2 2 2 2 2 2
left_child=4 6 -3 -4 -1 -6 -2 -8 9 -9 -10 12 -12 -11
right_child=1 2 3 -5 5 -7 7 8 10 13 11 -13 -14 -15
leaf_value=0.035565761913471376 -0.014270316701242283 -0.019831840165281115 0.31638586820818343 -0.041058284839919745 -0.013044941306125863 -0.3764718504047383 0.033783295234878385 -0.056080953503878199 0.012550475414018675 -0.68603517784624635 -0.15372675915378348 -0.059469567421579161 -0.6420795117446626 -0.32394324932537094
leaf_weight=1370798 888813 48836 27059 12131 13810 10445 155923 56537 156098 8042 69946 167455 10391 31460
leaf_count=1370798 888813 48836 27059 12131 13810 10445 155923 56537 156098 8042 69946 167455 10391 31460
internal_value=-1.07761e-06 -0.0273417 0.0806149 0.205759 0.0319968 -0.16964 -0.0334943 -0.0595461 -0.0886547 -0.196667 -0.0629667 -0.110538 -0.216964 -0.397815
internal_weight=3.02774e+06 1.63269e+06 88026 39190 1.39505e+06 24255 1.54466e+06 655852 499929 96039 403890 247792 80337 39502
internal_count=3027744 1632691 88026 39190 1395053 24255 1544665 655852 499929 96039 403890 247792 80337 39502
is_linear=0
shrinkage=0.02


Tree=46
num_leaves=15
num_cat=0
split_feature=8 4 5 8 4 8 8 6 17 8 8 4 8 6
split_gain=6.20954e+06 1.79935e+06 1.0562e+06 1.03697e+06 1.01016e+06 3.48081e+06 1.51601e+06 1.27862e+06 1.01002e+06 975353 990811 985100 831458 803184
threshold=-0.71208626031875599 -223.31000518798825 0.077500000596046462 0.73891955614089977 253.45999908447268 0.74366798996925365 0.7692478895187379 108.13460922241212 0.31307402253150945 -0.83855623006820668 -0.93622487783431996 -123.85499954223631 -0.75427865982055653 102.84941864013673
decision_type=2 2 2 2 2 2 2 2 2 2 2 2 2 2
left_child=1 12 4 13 -2 -6 -7 -8 -3 10 -10 -11 -1 -4
right_child=2 8 3 -5 5 6 7 -9 9 11 -12 -13 -14 -15
leaf_value=-0.12206265274155582 0.022458770930688602 0.0031189412424101975 0.12101181872141066 0.052256888114633297 0.25951979420604826 -0.67256473549878981 -0.066325800601161805 -0.6518425926798378 -0.038535299720761994 -0.1126001803309078 0.027362928707406673 -0.044099589123568247 -0.36639855024750601 0.39602480389491107
leaf_weight=41251 1722163 283191 10154 40977 6352 3420 7602 1847 301362 110021 130899 354759 6436 7310
leaf_count=41251 1722163 283191 10154 40977 6352 3420 7602 1847 301362 110021 130899 354759 6436 7310
internal_value=-1.18811e-06 -0.0346771 0.0236563 0.107282 0.0208492 -0.123301 -0.312313 -0.181347 -0.0298098 -0.0402052 -0.0185795 -0.0603169 -0.155109 0.236287
internal_weight=3.02774e+06 1.22792e+06 1.79982e+06 58441 1.74138e+06 19221 12869 9449 1.18023e+06 897041 432261 464780 47687 17464
internal_count=3027744 1227919 1799825 58441 1741384 19221 12869 9449 1180232 897041 432261 464780 47687 17464
is_linear=0
shrinkage=0.02


Tree=47
num_leaves=15
num_cat=0
split_feature=8 0 0 4 8 4 8 8 8 8 4 8 1 4
split_gain=5.96983e+06 2.22541e+06 1.75956e+06 1.21604e+06 1.06447e+06 1.7223e+06 1.86482e+06 1.18568e+06 972065 1.70511e+06 1.13572e+06 907861 1.17326e+06 883040
threshold=-0.69446012377738942 2603.5000000000005 1798.5000000000002 -272.92999267578119 0.70209196209907543 225.66500091552737 0.74141710996627819 0.88782846927642833 -0.83855623006820668 -0.99442258477210987 -213.245002746582 0.83930236101150524 63.250402450561531 -205.70500183105466
decision_type=2 2 2 2 2 2 2 2 2 2 2 2 2 2
left_child=1 -1 -2 -3 -4 -6 -7 11 9 10 -5 12 -8 -11
right_child=2 3 4 8 5 6 7 -9 -10 13 -12 -13 -14 -15
leaf_value=-0.0078304308261953805 -0.0023199955206626606 -0.25693944391165169 0.09443480565987139 0.29695334279594404 0.037707147434737361 0.19972371574718717 -0.74360685297865559 0.0018795331159712581 -0.080299260114214163 -0.093552049745577237 -0.12641189539802394 -0.49298657175263155 -0.12568340405085882 0.019577324885437515
leaf_weight=677611 639162 12349 124589 2619 942151 6836 1338 11060 318251 32982 71059 4882 14036 168819
leaf_count=677611 639162 12349 124589 2619 942151 6836 1338 11060 318251 32982 71059 4882 14036 168819
internal_value=-1.24317e-06 -0.0327353 0.0240923 -0.0605789 0.0393713 0.0323722 -0.0993477 -0.164676 -0.0564905 -0.028983 -0.111324 -0.255574 -0.179911 0.00108384
internal_weight=3.02774e+06 1.28369e+06 1.74405e+06 606079 1.10489e+06 980303 38152 31316 593730 275479 73678 20256 15374 201801
internal_count=3027744 1283690 1744054 606079 1104892 980303 38152 31316 593730 275479 73678 20256 15374 201801
is_linear=0
shrinkage=0.02


Tree=48
num_leaves=15
num_cat=0
split_feature=9 4 17 9 4 9 5 4 9 9 1 9 1 9
split_gain=5.99301e+06 1.86544e+06 1.28199e+06 1.07965e+06 1.00718e+06 1.18044e+06 839011 1.03789e+06 3.25896e+06 1.45354e+06 1.10423e+06 967579 814181 845539
threshold=-0.177777424454689 -238.05999755859372 0.24098757654428485 0.84602341055870067 -126.1949996948242 0.56046268343925487 0.077500000596046462 253.45999908447268 -0.66854909062385548 -0.63895034790039051 108.33688354492189 -0.67379364371299733 147.29620361328128 0.38087770342826849
decision_type=2 2 2 2 2 2 2 2 2 2 2 2 2 2
left_child=6 -2 -3 4 5 12 7 -1 -9 -10 -11 -8 13 -4
right_child=1 2 3 -5 -6 -7 11 8 9 10 -12 -13 -14 -15
leaf_value=0.02945594596218053 -0.16962353618893491 0.034400682288284648 -0.05137734660327993 -0.27351364474512824 -0.019276247344238738 -0.10169455025796645 0.23019188705752514 0.25188149583300773 -0.65417462663608805 -0.06934567287825362 -0.62329598196119951 0.048999513391521109 0.42270047040294467 0.074186552551739698
leaf_weight=1322110 35385 142585 96442 7145 1179681 142227 17464 6352 3420 7687 1762 36258 1648 27578
leaf_count=1322110 35385 142585 96442 7145 1179681 142227 17464 6352 3420 7687 1762 36258 1648 27578
internal_value=-1.30306e-06 -0.026011 -0.0228285 -0.028438 -0.0272265 -0.0622335 0.0304389 0.0273343 -0.118538 -0.301428 -0.173195 0.107934 -0.017568 -0.0234521
internal_weight=3.02774e+06 1.63269e+06 1.59731e+06 1.45472e+06 1.44758e+06 267895 1.39505e+06 1.34133e+06 19221 12869 9449 53722 125668 124020
internal_count=3027744 1632691 1597306 1454721 1447576 267895 1395053 1341331 19221 12869 9449 53722 125668 124020
is_linear=0
shrinkage=0.02


Tree=49
num_leaves=15
num_cat=0
split_feature=4 7 7 7 7 7 7 0 0 0 7 7 7 7
split_gain=5.50957e+06 2.31967e+06 4.56702e+06 2.2374e+06 2.20912e+06 3.78698e+06 2.30742e+06 2.1923e+06 1.97181e+06 1.89804e+06 1.70395e+06 1.80382e+06 2.03476e+06 1.62492e+06
threshold=16.585000038146976 10942.675292968752 10940.767578125002 12651.690429687502 10842.659179687502 10927.158203125002 10687.838867187502 2148.5000000000005 2032.5000000000002 3232.5000000000005 12770.223632812502 12651.690429687502 12721.992675781252 12810.345703125002
decision_type=2 2 2 2 2 2 2 2 2 2 2 2 2 2
left_child=3 2 4 7 6 8 9 -1 -6 -2 11 -3 -13 -12
right_child=1 10 -4 -5 5 -7 -8 -9 -10 -11 13 12 -14 -15
leaf_value=-0.0085594436092224779 -0.022621232202876752 0.014910081550896416 0.53502641628613501 0.062956150760097127 0.081855456489451112 -0.038446525508844809 -0.05511349686079127 -0.057759050537501189 0.31088406427901094 0.20282275703496525 -0.26944797167436546 0.3818041775229063 0.064897261258638927 0.14604914448299389
leaf_weight=737707 25686 1166062 8647 104828 23571 31715 78721 711851 41564 35682 15110 11020 30574 5006
leaf_count=737707 25686 1166062 8647 104828 23571 31715 78721 711851 41564 35682 15110 11020 30574 5006
internal_value=-1.33455e-06 0.0277097 0.0838192 -0.0262679 0.0673306 0.140772 0.0165504 -0.0327207 0.228029 0.108473 0.0164858 0.0195272 0.148931 -0.166027
internal_weight=3.02774e+06 1.47336e+06 245586 1.55439e+06 236939 96850 140089 1.44956e+06 65135 61368 1.22777e+06 1.20766e+06 41594 20116
internal_count=3027744 1473358 245586 1554386 236939 96850 140089 1449558 65135 61368 1227772 1207656 41594 20116
is_linear=0
shrinkage=0.02


Tree=50
num_leaves=15
num_cat=0
split_feature=9 0 17 0 9 5 9 8 1 1 0 17 9 17
split_gain=5.56648e+06 1.52429e+06 1.34478e+06 1.50734e+06 1.30356e+06 1.10989e+06 1.08168e+06 950482 751099 716665 666881 598091 597360 583788
threshold=-0.177777424454689 1028.5000000000002 0.24364227056503299 4443.5000000000009 -0.72811940312385548 -0.012499999720603226 0.84602341055870067 -0.62955906987190235 109.68396759033205 107.45299911499025 8224.5000000000018 0.12324878945946695 0.56046268343925487 0.63328269124031078
decision_type=2 2 2 2 2 2 2 2 2 2 2 2 2 2
left_child=1 -1 -2 6 7 12 -4 -3 10 -9 11 -6 -5 -13
right_child=2 4 3 5 8 -7 -8 9 -10 -11 -12 13 -14 -15
leaf_value=-0.010863521940363084 0.031834824342013977 0.51203442830949863 -0.020912875304278069 -0.065876072076888614 0.17834132635059213 -0.013605679748663526 -0.26780185830134012 0.073920300071037087 -0.00048251899451731451 0.23013920493910853 -0.19126153068541496 0.037751677007892115 -0.14508523799705267 0.10748700768313678
leaf_weight=296978 150777 2439 1249438 70231 13094 71844 7129 50026 197197 15349 4826 763910 83272 51234
leaf_count=296978 150777 2439 1249438 70231 13094 71844 7129 50026 197197 15349 4826 763910 83272 51234
internal_value=-1.21823e-06 0.0293358 -0.0250683 -0.030858 0.0402078 -0.0784881 -0.0223157 0.125139 0.0346163 0.110628 0.0429246 0.0442915 -0.108852 0.042136
internal_weight=3.02774e+06 1.39505e+06 1.63269e+06 1.48191e+06 1.09808e+06 225347 1.25657e+06 67814 1.03026e+06 65375 833064 828238 153503 815144
internal_count=3027744 1395053 1632691 1481914 1098075 225347 1256567 67814 1030261 65375 833064 828238 153503 815144
is_linear=0
shrinkage=0.02


Tree=51
num_leaves=15
num_cat=0
split_feature=9 0 17 0 9 6 9 8 8 6 0 16 0 8
split_gain=5.34609e+06 1.4651e+06 1.29477e+06 1.44663e+06 1.22784e+06 1.07383e+06 1.04354e+06 981564 920248 980917 569204 565003 648862 1.1143e+06
threshold=-0.177777424454689 990.50000000000011 0.23132005333900454 4443.5000000000009 -0.72811940312385548 104.13751602172853 0.84602341055870067 0.96999460458755504 -0.62955906987190235 102.84941864013673 8224.5000000000018 -18.499999999999996 2012.5000000000002 -0.71208626031875599
decision_type=2 2 2 2 2 2 2 2 2 2 2 2 2 2
left_child=1 -1 -2 6 8 10 11 -5 -3 -10 -6 -4 -13 -14
right_child=2 4 3 7 5 -7 -8 -9 9 -11 -12 12 13 -15
leaf_value=-0.011608385774712324 0.037138153738458531 0.50183554974513522 0.013554431292081368 -0.093081348357744495 0.046486514929905597 -0.0023357886708006174 -0.26139653656249395 0.024353567310403706 0.057227113944526481 0.22607909789536407 -0.17730421060182622 -0.0092354991037142641 -0.056655817551174846 0.0066035340068414383
leaf_weight=286034 125553 2439 172880 195690 785330 250443 7197 33312 46743 19501 4563 523467 423463 151129
leaf_count=286034 125553 2439 172880 195690 785330 250443 7197 33312 46743 19501 4563 523467 423463 151129
internal_value=-1.16373e-06 0.0287492 -0.024567 -0.0297076 0.0391581 0.0337502 -0.0214132 -0.0759982 0.121055 0.106961 0.0451915 -0.0200522 -0.0253433 -0.0400175
internal_weight=3.02774e+06 1.39505e+06 1.63269e+06 1.50714e+06 1.10902e+06 1.04034e+06 1.27814e+06 229002 68683 66244 789893 1.27094e+06 1.09806e+06 574592
internal_count=3027744 1395053 1632691 1507138 1109019 1040336 1278136 229002 68683 66244 789893 1270939 1098059 574592
is_linear=0
shrinkage=0.02


Tree=52
num_leaves=15
num_cat=0
split_feature=9 7 9 4 7 8 9 7 7 7 7 7 7 4
split_gain=5.13441e+06 2.49076e+06 2.62696e+06 2.58218e+06 2.32887e+06 1.81738e+06 1.65905e+06 4.24847e+06 3.31676e+06 6.48155e+06 3.43956e+06 3.24102e+06 3.23193e+06 1.90365e+06
threshold=-0.177777424454689 12651.690429687502 0.58594399690628063 -30.474999427795407 12770.223632812502 0.81911528110504161 0.59157848358154308 10975.385253906252 11111.218750000002 11016.673339843752 11208.158691406252 11305.878417968752 11236.239257812502 -144.07500457763669
decision_type=2 2 2 2 2 2 2 2 2 2 2 2 2 2
left_child=4 6 -3 -4 -1 -6 -2 -8 9 -9 -10 12 -12 -11
right_child=1 2 3 -5 5 -7 7 8 10 13 11 -13 -14 -15
leaf_value=0.031612139691123718 -0.012167657201784282 -0.018479023905938665 0.31000717315907822 -0.041101505740048866 -0.01543621622590362 -0.36497940836703713 0.037043260097857494 -0.050809488929992812 0.016128442513413034 -0.65927809942437832 -0.12459576706263273 -0.051069146374648565 -0.39504279228511763 -0.31431842339565008
leaf_weight=1370798 888813 48836 27059 12131 13810 10445 155923 56537 156098 8042 60930 161965 24897 31460
leaf_count=1370798 888813 48836 27059 12131 13810 10445 155923 56537 156098 8042 60930 161965 24897 31460
internal_value=-1.12027e-06 -0.0240757 0.0793983 0.201341 0.0281743 -0.16605 -0.0299728 -0.0541019 -0.0825294 -0.188167 -0.0574062 -0.103729 -0.203085 -0.384696
internal_weight=3.02774e+06 1.63269e+06 88026 39190 1.39505e+06 24255 1.54466e+06 655852 499929 96039 403890 247792 85827 39502
internal_count=3027744 1632691 88026 39190 1395053 24255 1544665 655852 499929 96039 403890 247792 85827 39502
is_linear=0
shrinkage=0.02


Tree=53
num_leaves=15
num_cat=0
split_feature=4 7 7 7 7 7 7 0 0 0 7 7 7 7
split_gain=4.71695e+06 2.19457e+06 4.37301e+06 2.13281e+06 3.63271e+06 2.21305e+06 2.04386e+06 1.96179e+06 1.88007e+06 1.82317e+06 1.67195e+06 1.8115e+06 1.56911e+06 1.71101e+06
threshold=16.585000038146976 10942.675292968752 10940.767578125002 10842.659179687502 10927.158203125002 10687.838867187502 12651.690429687502 2323.5000000000005 2051.5000000000005 3025.5000000000005 12542.048828125002 12494.988769531252 12770.223632812502 12651.690429687502
decision_type=2 2 2 2 2 2 2 2 2 2 2 2 2 2
left_child=6 2 3 5 8 9 7 -1 -5 -2 11 -9 13 -3
right_child=1 12 -4 4 -6 -7 -8 10 -10 -11 -12 -13 -14 -15
leaf_value=-0.0089684763208408656 -0.033964837733955117 0.013143961193801453 0.52173372837252585 0.080214561647393975 -0.039287632424480939 -0.055998032183504187 0.060972582357846375 -0.058120628950710032 0.30331945930285281 0.19019072957637784 -0.30608427014880052 0.11862186729581374 -0.1604198191993666 0.14367161484190102
leaf_weight=781777 23542 1166062 8647 23835 31715 78721 104828 633226 41300 37826 10486 24069 20116 41594
leaf_count=781777 23542 1166062 8647 23835 31715 78721 104828 633226 41300 37826 10486 24069 20116 41594
internal_value=-1.20773e-06 0.0256392 0.0802148 0.0640803 0.136242 0.0141849 -0.024305 -0.0304725 0.221703 0.104208 -0.0556468 -0.0516469 0.0147221 0.0176408
internal_weight=3.02774e+06 1.47336e+06 245586 236939 96850 140089 1.55439e+06 1.44956e+06 65135 61368 667781 657295 1.22777e+06 1.20766e+06
internal_count=3027744 1473358 245586 236939 96850 140089 1554386 1449558 65135 61368 667781 657295 1227772 1207656
is_linear=0
shrinkage=0.02


Tree=54
num_leaves=15
num_cat=0
split_feature=9 4 0 9 17 4 9 8 6 0 6 0 9 8
split_gain=4.76936e+06 1.69134e+06 1.38311e+06 1.20459e+06 1.13182e+06 1.03591e+06 2.67369e+06 1.15677e+06 1.15053e+06 961560 1.21067e+06 1.35302e+06 955157 876093
threshold=-0.177777424454689 -238.05999755859372 1048.5000000000002 -0.72811940312385548 0.22788613289594653 225.66500091552737 -0.67629325389862049 0.88782846927642833 103.81085586547853 3843.5000000000005 112.10811614990236 5317.5000000000009 0.84602341055870067 -0.62955906987190235
decision_type=2 2 2 2 2 2 2 2 2 2 2 2 2 2
left_child=2 -2 -1 13 -3 8 -7 9 -5 -8 -11 -12 -6 -4
right_child=1 4 3 5 12 6 7 -9 -10 10 11 -13 -14 -15
leaf_value=-0.0106725482761905 -0.15995071477724337 0.039595239207342162 0.49094835927798924 0.048656082520425505 -0.023790333551151503 0.24189683479785268 0.61194859969592519 0.023889697608595415 -0.001454968696627478 -0.20576936449028835 -1.1064310762617324 -0.12069124507917084 -0.25436148835271438 0.10552403798305593
leaf_weight=302738 35385 117407 2439 742025 1472687 8675 509 9819 243380 18243 1322 962 7212 64941
leaf_count=302738 35385 117407 2439 742025 1472687 8675 509 9819 243380 18243 1322 962 7212 64941
internal_value=-1.13251e-06 -0.023204 0.0271542 0.037638 -0.0201737 0.0322521 -0.0681254 -0.15534 0.0362795 -0.238972 -0.260361 -0.693591 -0.0249157 0.119547
internal_weight=3.02774e+06 1.63269e+06 1.39505e+06 1.09232e+06 1.59731e+06 1.02494e+06 39530 30855 985405 21036 20527 2284 1.4799e+06 67380
internal_count=3027744 1632691 1395053 1092315 1597306 1024935 39530 30855 985405 21036 20527 2284 1479899 67380
is_linear=0
shrinkage=0.02


Tree=55
num_leaves=15
num_cat=0
split_feature=9 4 0 9 4 8 6 8 17 0 6 0 9 0
split_gain=4.5805e+06 1.62438e+06 1.3305e+06 1.11615e+06 1.10657e+06 2.33247e+06 1.12958e+06 1.11103e+06 1.09154e+06 924023 1.16324e+06 1.29982e+06 905927 1.11691e+06
threshold=-0.177777424454689 -238.05999755859372 971.50000000000011 -0.72323438525199879 225.66500091552737 0.73663246631622326 104.13751602172853 0.88782846927642833 0.2567605078220368 3843.5000000000005 112.10811614990236 5317.5000000000009 0.54481467604637157 2840.5000000000005
decision_type=2 2 2 2 2 2 2 2 2 2 2 2 2 2
left_child=2 -2 -1 -4 6 -6 -5 9 -3 -7 -11 -12 -10 -14
right_child=1 8 3 4 5 7 -8 -9 12 10 11 -13 13 -15
leaf_value=-0.012316755548248981 -0.15675260405046287 0.026674170924407003 0.10833948335628417 0.046962582538529363 0.23474772426134627 0.59994544446353515 -0.0027522522872150002 0.023412390431413469 -0.010751696568049276 -0.20165623033070662 -1.0844685888863184 -0.118302253823988 -0.020895944125114693 -0.073742280537928903
leaf_weight=280562 35385 179637 80084 754486 7796 509 241270 9819 758531 18243 1322 962 385866 273272
leaf_count=280562 35385 179637 80084 754486 7796 509 241270 9819 758531 18243 1322 962 385866 273272
internal_value=-1.13113e-06 -0.02274 0.0266111 0.0364109 0.0308411 -0.0741414 0.0349168 -0.152238 -0.0197703 -0.2342 -0.255167 -0.679826 -0.0256555 -0.0428063
internal_weight=3.02774e+06 1.63269e+06 1.39505e+06 1.11449e+06 1.03441e+06 38651 995756 30855 1.59731e+06 21036 20527 2284 1.41767e+06 659138
internal_count=3027744 1632691 1395053 1114491 1034407 38651 995756 30855 1597306 21036 20527 2284 1417669 659138
is_linear=0
shrinkage=0.02


Tree=56
num_leaves=15
num_cat=0
split_feature=9 4 0 9 4 9 8 0 4 4 9 8 1 1
split_gain=4.39945e+06 1.56249e+06 1.28461e+06 1.17143e+06 1.04834e+06 970844 819634 787908 1.30507e+06 815347 764491 758547 688036 656941
threshold=-0.20284801721572873 -238.05999755859372 1205.5000000000002 -0.72811940312385548 189.52500152587893 0.84602341055870067 -0.62955906987190235 3539.5000000000005 117.20499801635744 100.814998626709 0.66079589724540722 0.93120476603508007 52.736068725585945 60.882759094238288
decision_type=2 2 2 2 2 2 2 2 2 2 2 2 2 2
left_child=2 10 -1 6 7 -3 -4 8 -5 11 -2 -9 -13 -6
right_child=1 5 3 4 13 -7 -8 9 -10 -11 -12 12 -14 -15
leaf_value=-0.0071080873081835975 -0.12363761775157654 -0.01821935256183756 0.47901153733458701 0.03818082409206195 -0.19331507335992945 -0.24790886325807204 0.10585105147614797 0.11201706405445001 -0.045205417906014372 0.052734854601905384 -0.44231312985256455 1.3176817408352033 0.30507067455238973 -0.013355870722310734
leaf_weight=347135 32069 1597276 2439 502652 8893 7385 61697 32631 88250 246009 3316 272 6126 91594
leaf_count=347135 32069 1597276 2439 502652 8893 7385 61697 32631 88250 246009 3316 272 6126 91594
internal_value=-1.15111e-06 -0.0221774 0.0262077 0.037322 0.0318826 -0.019278 0.120115 0.0389017 0.0257267 0.0662123 -0.153618 0.151128 0.350112 -0.0292999
internal_weight=3.02774e+06 1.64005e+06 1.3877e+06 1.04056e+06 976427 1.60466e+06 64136 875940 590902 285038 35385 39029 6398 100487
internal_count=3027744 1640046 1387698 1040563 976427 1604661 64136 875940 590902 285038 35385 39029 6398 100487
is_linear=0
shrinkage=0.02


Tree=57
num_leaves=15
num_cat=0
split_feature=9 7 9 7 8 9 7 7 7 7 7 7 0 1
split_gain=4.22567e+06 2.30797e+06 2.53069e+06 2.16106e+06 1.71433e+06 1.51536e+06 4.06719e+06 3.17193e+06 6.19967e+06 3.27797e+06 3.12437e+06 3.09841e+06 2.97572e+06 1.49522e+06
threshold=-0.177777424454689 12651.690429687502 0.58594399690628063 12770.223632812502 0.81911528110504161 0.59157848358154308 10975.385253906252 11111.218750000002 11016.673339843752 11208.158691406252 11305.878417968752 11236.239257812502 2760.5000000000005 85.687042236328139
decision_type=2 2 2 2 2 2 2 2 2 2 2 2 2 2
left_child=3 5 -3 -1 -5 -2 -7 8 13 -9 11 -11 -10 -8
right_child=1 2 -4 4 -6 6 7 9 12 10 -12 -13 -14 -15
leaf_value=0.028871348782658141 -0.010501446269637138 -0.018303738429525401 0.19745041766193719 -0.015254765062112563 -0.35474317321581644 0.038600625772273016 0.070308160376884615 0.017961886303954355 -0.20320616590423085 -0.11974750311737642 -0.047342823880425898 -0.38454814237965246 -0.55055180588840924 -0.13723241460434316
leaf_weight=1370798 888813 48836 39190 13810 10445 155923 24483 156098 20100 60930 161965 24897 19402 32054
leaf_count=1370798 888813 48836 39190 13810 10445 155923 24483 156098 20100 60930 161965 24897 19402 32054
internal_value=-1.04093e-06 -0.0218414 0.0777633 0.0255597 -0.161536 -0.0275181 -0.0505786 -0.078393 -0.181699 -0.0538245 -0.0990458 -0.196598 -0.373907 -0.0473614
internal_weight=3.02774e+06 1.63269e+06 88026 1.39505e+06 24255 1.54466e+06 655852 499929 96039 403890 247792 85827 39502 56537
internal_count=3027744 1632691 88026 1395053 24255 1544665 655852 499929 96039 403890 247792 85827 39502 56537
is_linear=0
shrinkage=0.02


Tree=58
num_leaves=15
num_cat=0
split_feature=8 7 7 7 7 0 7 1 8 8 0 7 0 7
split_gain=4.04044e+06 1.92275e+06 2.90386e+06 2.08729e+06 3.39366e+06 1.83361e+06 1.78483e+06 1.50781e+06 1.46464e+06 3.11574e+06 4.64471e+06 1.90641e+06 1.49911e+06 1.81654e+06
threshold=-0.71208626031875599 11188.649902343752 11241.354003906252 11440.364746093752 11523.473632812502 2404.5000000000005 11203.687988281252 38.237623214721687 0.9570656716823579 0.79606631398201 4532.5000000000009 11365.267089843752 1540.5000000000002 11361.018066406252
decision_type=2 2 2 2 2 2 2 2 2 2 2 2 2 2
left_child=5 -2 6 8 7 -1 -3 -5 9 -4 12 -10 -11 -14
right_child=1 2 3 4 -6 -7 -8 -9 11 10 -12 -13 13 -15
leaf_value=-0.003012552894330904 0.046313923904918591 0.005474397918328152 0.024704490798913958 0.76820816042363316 0.014380974070307485 -0.051902930120079446 -0.12762003814972311 -0.15406217667933605 0.085825690484060232 0.048392834116211619 0.93657837345604578 -0.10547899072834517 -0.062600473379899504 0.40249934561805073
leaf_weight=601038 657968 67812 45437 708 734730 626881 99336 58571 64469 15493 3743 30775 4209 16574
leaf_count=601038 657968 67812 45437 708 734730 626881 99336 58571 64469 15493 3743 30775 4209 16574
internal_value=-1.11895e-06 0.0190822 0.00339025 0.0165981 0.00263562 -0.0279725 -0.0736264 -0.142919 0.0779465 0.138054 0.266711 0.024007 0.197354 0.308321
internal_weight=3.02774e+06 1.79982e+06 1.14186e+06 974709 794009 1.22792e+06 167148 59279 180700 85456 40019 95244 36276 20783
internal_count=3027744 1799825 1141857 974709 794009 1227919 167148 59279 180700 85456 40019 95244 36276 20783
is_linear=0
shrinkage=0.02


Tree=59
num_leaves=15
num_cat=0
split_feature=8 4 5 8 4 8 8 8 8 8 8 8 8 8
split_gain=3.88048e+06 1.33846e+06 911514 873977 838374 2.8653e+06 1.42096e+06 797533 865171 792578 776824 712676 579273 790083
threshold=-0.71208626031875599 -223.31000518798825 0.077500000596046462 0.73663246631622326 253.45999908447268 0.74366798996925365 0.7692478895187379 -0.77128207683563221 -0.99442258477210987 0.96152326464653026 0.75552397966384899 -0.75427865982055653 0.83930236101150524 0.88782846927642833
decision_type=2 2 2 2 2 2 2 2 2 2 2 2 2 2
left_child=1 11 4 -4 -2 -6 10 8 -3 12 -7 -1 -8 -14
right_child=2 7 3 -5 5 6 9 -9 -10 -11 -12 -13 13 -15
leaf_value=-0.10069115906175767 0.017559370037246402 -0.050668444716223997 0.2151599208231155 0.046016512848541913 0.23210188842362656 -0.22891237238221121 0.010070402791259307 -0.04613173041672182 -0.00010430201819266103 0.60663791268305778 -0.85972607147897195 -0.32688846075880074 -0.51581283202155048 -0.035327907186820419
leaf_weight=41251 1722163 174371 17394 41047 6352 1223 3241 401031 604830 501 2197 6436 3431 2276
leaf_count=41251 1722163 174371 17394 41047 6352 1223 3241 401031 604830 501 2197 6436 3431 2276
internal_value=-9.75309e-07 -0.027413 0.0187007 0.0963878 0.016093 -0.115229 -0.286717 -0.0232151 -0.0114202 -0.159945 -0.635476 -0.131282 -0.203498 -0.324592
internal_weight=3.02774e+06 1.22792e+06 1.79982e+06 58441 1.74138e+06 19221 12869 1.18023e+06 779201 9449 3420 47687 8948 5707
internal_count=3027744 1227919 1799825 58441 1741384 19221 12869 1180232 779201 9449 3420 47687 8948 5707
is_linear=0
shrinkage=0.02


Tree=60
num_leaves=15
num_cat=0
split_feature=9 4 0 17 9 4 9 6 9 9 0 1 0 6
split_gain=3.79972e+06 1.42316e+06 1.23042e+06 1.01448e+06 996682 1.07417e+06 2.23732e+06 1.10848e+06 912752 879028 876392 1.11362e+06 1.17377e+06 752618
threshold=-0.20284801721572873 -238.05999755859372 951.50000000000011 0.20778485387563708 -0.72323438525199879 225.66500091552737 -0.67629325389862049 106.84607315063478 -0.46017313003540034 0.84602341055870067 3843.5000000000005 106.6852493286133 5218.5000000000009 102.84941864013673
decision_type=2 2 2 2 2 2 2 2 2 2 2 2 2 2
left_child=2 -2 -1 -3 13 7 -7 -6 10 -5 -8 -12 -13 -4
right_child=1 3 4 9 5 6 8 -9 -10 -11 11 12 -14 -15
leaf_value=-0.013608337374312593 -0.14605447703180618 0.048581942562110493 0.062814238800193906 -0.020592400424975489 0.043272835860950043 0.22661667981107708 0.58617751443087485 -0.0086305745933905123 0.010437553625217673 -0.24069624311575838 -0.1915960421148579 -1.0717577943333356 -0.20347198592053711 0.19819358814555643
leaf_weight=274037 35385 86974 57598 1510404 786678 7796 509 208126 9448 7283 18034 1252 1241 22979
leaf_count=274037 35385 86974 57598 1510404 786678 7796 509 208126 9448 7283 18034 1252 1241 22979
internal_value=-1.02456e-06 -0.0206104 0.0243561 -0.0178433 0.033698 0.0284132 -0.0755374 0.032414 -0.15286 -0.0216502 -0.226174 -0.246594 -0.642078 0.101442
internal_weight=3.02774e+06 1.64005e+06 1.3877e+06 1.60466e+06 1.11366e+06 1.03308e+06 38280 994804 30484 1.51769e+06 21036 20527 2493 80577
internal_count=3027744 1640046 1387698 1604661 1113661 1033084 38280 994804 30484 1517687 21036 20527 2493 80577
is_linear=0
shrinkage=0.02


Tree=61
num_leaves=15
num_cat=0
split_feature=9 0 9 17 0 8 9 1 8 17 8 16 0 8
split_gain=3.64925e+06 1.18953e+06 1.11894e+06 1.0764e+06 1.18246e+06 909776 869200 811699 711113 650359 563549 556596 570842 827674
threshold=-0.20284801721572873 1818.5000000000002 -0.72323438525199879 0.25910873711109167 4358.5000000000009 0.97559595108032238 0.84602341055870067 34.920551300048835 -1.0000000180025095e-35 0.12324878945946695 -0.8281784951686858 -18.499999999999996 1972.5000000000002 0.99549537897109996
decision_type=2 2 2 2 2 2 2 2 2 2 2 2 2 2
left_child=1 -1 8 -2 6 7 11 -6 -3 -4 -9 -5 -13 -14
right_child=3 2 9 4 5 -7 -8 10 -10 -11 -12 12 13 -15
leaf_value=-1.3954733979580502e-05 0.024579309428138237 0.45049012065167982 0.18273066733070362 0.017472075807824814 0.46240002022254845 0.029090243749337628 -0.24019591889911457 -0.047945824724865881 0.10840534257557709 0.03004153806133605 -0.11508119840252316 -0.006516743609296465 -0.04641129579729926 0.022784672419535381
leaf_weight=521000 189870 2535 11307 164082 1077 33934 6995 89100 54787 798069 114072 492042 467742 81132
leaf_count=521000 189870 2535 11307 164082 1077 33934 6995 89100 54787 798069 114072 492042 467742 81132
internal_value=-1.05168e-06 0.0238689 0.0382255 -0.0201982 -0.0260611 -0.066799 -0.0180547 -0.0827308 0.12361 0.0321769 -0.0856432 -0.0167631 -0.0221598 -0.0361828
internal_weight=3.02774e+06 1.3877e+06 866698 1.64005e+06 1.45018e+06 238183 1.21199e+06 204249 57322 809376 203172 1.205e+06 1.04092e+06 548874
internal_count=3027744 1387698 866698 1640046 1450176 238183 1211993 204249 57322 809376 203172 1204998 1040916 548874
is_linear=0
shrinkage=0.02


Tree=62
num_leaves=15
num_cat=0
split_feature=8 7 7 7 7 7 0 4 4 8 8 0 7 7
split_gain=3.48221e+06 1.82876e+06 2.78973e+06 2.01483e+06 3.19142e+06 1.71694e+06 1.68469e+06 1.65498e+06 1.42702e+06 2.4175e+06 2.97584e+06 3.46324e+06 2.27204e+06 1.66851e+06
threshold=-0.71208626031875599 11188.649902343752 11241.354003906252 11440.364746093752 11523.473632812502 11203.687988281252 2404.5000000000005 216.25000000000003 41.414999008178718 0.95892572402954113 0.79606631398201 4532.5000000000009 11365.267089843752 11359.210937500002
decision_type=2 2 2 2 2 2 2 2 2 2 2 2 2 2
left_child=6 -2 5 8 7 -3 -1 -5 -4 10 -10 13 -11 -12
right_child=1 2 3 4 -6 -7 -8 -9 9 12 11 -13 -14 -15
leaf_value=-0.0020433476276804545 0.044272859009427387 0.0045054486124980328 -0.012166216544221606 -0.12295963764114311 0.013029225118277903 -0.12603327551082893 -0.04890638155200755 -0.81512266156363622 0.063204962738856882 0.10518133678998584 -0.052432161960798113 0.91633407738743999 -0.14539455433599566 0.34958730872235977
leaf_weight=601038 657968 67812 52524 57873 734730 99336 626881 1406 28539 50503 5208 3763 20278 19885
leaf_count=601038 657968 67812 52524 57873 734730 99336 626881 1406 28539 50503 5208 3763 20278 19885
internal_value=-9.72481e-07 0.0177151 0.00241148 0.0153572 0.00163921 -0.0730765 -0.0259682 -0.139512 0.0756313 0.111607 0.208052 0.351236 0.0333833 0.266161
internal_weight=3.02774e+06 1.79982e+06 1.14186e+06 974709 794009 167148 1.22792e+06 59279 180700 128176 57395 28856 70781 25093
internal_count=3027744 1799825 1141857 974709 794009 167148 1227919 59279 180700 128176 57395 28856 70781 25093
is_linear=0
shrinkage=0.02


Tree=63
num_leaves=15
num_cat=0
split_feature=9 7 8 7 8 9 7 7 7 7 7 7 0 1
split_gain=3.3807e+06 2.18739e+06 2.402e+06 2.05964e+06 1.62619e+06 1.38491e+06 3.87615e+06 3.06488e+06 5.9211e+06 3.12339e+06 2.98041e+06 4.86706e+06 2.80655e+06 1.40051e+06
threshold=-0.20284801721572873 12651.690429687502 -0.80862879753112782 12770.223632812502 0.81911528110504161 0.59157848358154308 10975.385253906252 11111.218750000002 11016.673339843752 11208.158691406252 11283.981445312502 11241.354003906252 2780.5000000000005 85.687042236328139
decision_type=2 2 2 2 2 2 2 2 2 2 2 2 2 2
left_child=3 5 -3 -1 -5 -2 -7 8 13 -9 11 -11 -10 -8
right_child=1 2 -4 4 -6 6 7 9 12 10 -12 -13 -14 -15
leaf_value=0.026224208436939924 -0.0087792754117373192 -0.016053208000481805 0.19414366765865115 -0.017196724003200995 -0.34784548931375214 0.040033790576615137 0.069439335281729186 0.02004438272312245 -0.19894235178318931 -0.13425788676210712 -0.04612232037234227 -0.59799092596360459 -0.536320491623825 -0.13142070931574212
leaf_weight=1363443 896168 48836 39190 13810 10445 155923 24483 156098 20238 69946 167455 10391 19264 32054
leaf_count=1363443 896168 48836 39190 13810 10445 155923 24483 156098 20238 69946 167455 10391 19264 32054
internal_value=-9.41754e-07 -0.0194408 0.0775396 0.0229739 -0.15967 -0.0249417 -0.0470258 -0.0741791 -0.175726 -0.0500289 -0.094171 -0.194306 -0.363567 -0.0444423
internal_weight=3.02774e+06 1.64005e+06 88026 1.3877e+06 24255 1.55202e+06 655852 499929 96039 403890 247792 80337 39502 56537
internal_count=3027744 1640046 88026 1387698 24255 1552020 655852 499929 96039 403890 247792 80337 39502 56537
is_linear=0
shrinkage=0.02


Tree=64
num_leaves=15
num_cat=0
split_feature=4 7 7 7 7 7 7 7 7 4 7 7 7 7
split_gain=3.14875e+06 1.94966e+06 4.1681e+06 2.06689e+06 3.47083e+06 2.139e+06 1.78918e+06 1.60863e+06 2.3814e+06 1.73624e+06 1.80375e+06 2.23256e+06 1.91392e+06 2.65105e+06
threshold=16.585000038146976 10942.675292968752 10940.767578125002 10842.659179687502 10927.158203125002 10687.838867187502 11455.166015625002 10985.184570312502 11012.080078125002 189.52500152587893 11186.986328125002 11241.354003906252 11440.364746093752 11523.473632812502
decision_type=2 2 2 2 2 2 2 2 2 2 2 2 2 2
left_child=6 2 3 5 -5 -2 -1 -3 -9 10 -10 -12 -13 -14
right_child=1 7 -4 4 -6 -7 -8 8 9 -11 11 12 13 -15
leaf_value=-0.036603327574043817 0.096023564438477343 -0.073812326808642775 0.50343794189531221 0.21120970946543099 -0.043898616870876969 -0.061479571347335178 0.0076372507290017703 0.19540862233585551 0.081995608972324427 -0.082717255023307124 -0.067691207080301616 0.085649345231920901 -0.14396763682404487 0.017101924662406964
leaf_weight=966040 61368 83999 8647 65135 31715 78721 588346 29110 153810 72094 133151 147879 44060 563669
leaf_count=966040 61368 83999 8647 65135 31715 78721 588346 29110 153810 72094 133151 147879 44060 563669
internal_value=-1.03469e-06 0.020948 0.0723881 0.0566364 0.127675 0.00751873 -0.019858 0.0106581 0.0168622 0.0121977 0.0187618 0.00781765 0.0211243 0.00542227
internal_weight=3.02774e+06 1.47336e+06 245586 236939 96850 140089 1.55439e+06 1.22777e+06 1.14377e+06 1.11466e+06 1.04257e+06 888759 755608 607729
internal_count=3027744 1473358 245586 236939 96850 140089 1554386 1227772 1143773 1114663 1042569 888759 755608 607729
is_linear=0
shrinkage=0.02


Tree=65
num_leaves=15
num_cat=0
split_feature=4 0 5 5 4 5 0 4 0 0 4 4 6 6
split_gain=3.02407e+06 1.32137e+06 1.04634e+06 863047 824632 1.11971e+06 779148 966310 1.19539e+06 597243 898324 595935 587699 642703
threshold=16.585000038146976 4115.5000000000009 -0.012499999720603226 0.077500000596046462 253.45999908447268 0.047500001266598708 1837.5000000000002 86.485000610351577 3383.5000000000005 4913.5000000000009 172.08499908447268 284.63999938964849 110.48695373535158 68.526576995849624
decision_type=2 2 2 2 2 2 2 2 2 2 2 2 2 2
left_child=1 -1 -3 4 6 11 -2 -8 -9 10 -5 12 13 -6
right_child=3 2 -4 9 5 -7 7 8 -10 -11 -12 -13 -14 -15
leaf_value=-0.011025693781581834 -0.0036805563891703363 -0.078856069651977029 0.021766508571376453 0.11481828327837314 -0.68547565819807665 0.080825581663489632 0.059841735903719905 -0.020146724852653879 0.035123358595328086 0.2675299825789843 -0.10371771834618404 -0.039761079534693038 -0.91304399602424169 -0.19245549978265866
leaf_weight=1285429 415249 217950 51007 38852 1290 7375 287415 237675 458407 7217 9322 4154 641 5761
leaf_count=1285429 415249 217950 51007 38852 1290 7375 287415 237675 458407 7217 9322 4154 641 5761
internal_value=-9.68356e-07 -0.0194608 -0.0597731 0.0205291 0.0175033 -0.112572 0.0192916 0.0289907 0.0162515 0.0979696 0.0725169 -0.232945 -0.337083 -0.283501
internal_weight=3.02774e+06 1.55439e+06 268957 1.47336e+06 1.41797e+06 19221 1.39875e+06 983497 696082 55391 48174 11846 7692 7051
internal_count=3027744 1554386 268957 1473358 1417967 19221 1398746 983497 696082 55391 48174 11846 7692 7051
is_linear=0
shrinkage=0.02


Tree=66
num_leaves=15
num_cat=0
split_feature=9 4 0 9 6 4 9 8 6 5 8 8 0 9
split_gain=3.07462e+06 1.29705e+06 1.09549e+06 899979 917285 1.22009e+06 843743 800885 884230 759628 947786 1.21502e+06 819642 666674
threshold=-0.20284801721572873 -238.05999755859372 931.50000000000011 -0.72811940312385548 106.84607315063478 253.45999908447268 0.84602341055870067 -0.62955906987190235 102.84941864013673 0.042500000447034843 0.77865210175514232 0.75552397966384899 6664.5000000000009 0.66079589724540722
decision_type=2 2 2 2 2 2 2 2 2 2 2 2 2 2
left_child=2 13 -1 7 5 -5 -3 -4 -9 10 11 -7 -13 -2
right_child=1 6 3 4 -6 9 -8 8 -10 -11 -12 12 -14 -15
leaf_value=-0.014387569922650976 -0.11030211170391908 -0.014911417597208853 0.45537735818697023 0.038717583919253666 -0.0104978081813105 -0.086304327222688104 -0.22903824256157834 0.040511622828830383 0.19941766958722046 0.012165375924881039 -0.061117306568806637 -1.068272573043721 -0.22769459021037081 -0.40788480163020963
leaf_weight=268297 32069 1597276 2439 817159 218395 1589 7385 47744 19817 6277 3784 1522 675 3316
leaf_count=268297 32069 1597276 2439 817159 218395 1589 7385 47744 19817 6277 3784 1522 675 3316
internal_value=-1.04628e-06 -0.01854 0.0219091 0.0306087 0.0259765 0.0355622 -0.0158983 0.100039 0.0871449 -0.150538 -0.285291 -0.508589 -0.812227 -0.138297
internal_weight=3.02774e+06 1.64005e+06 1.3877e+06 1.1194e+06 1.0494e+06 831006 1.60466e+06 70000 67561 13847 7570 3786 2197 35385
internal_count=3027744 1640046 1387698 1119401 1049401 831006 1604661 70000 67561 13847 7570 3786 2197 35385
is_linear=0
shrinkage=0.02


Tree=67
num_leaves=15
num_cat=0
split_feature=5 7 7 7 7 7 7 7 7 7 7 7 0 7
split_gain=2.82007e+06 1.76892e+06 2.67345e+06 1.68962e+06 2.11202e+06 1.74852e+06 1.99114e+06 1.53798e+06 1.4812e+06 3.06543e+06 2.29256e+06 3.56136e+06 2.15132e+06 1.39437e+06
threshold=-0.0074999998323619357 11684.184082031252 11740.422851562502 11188.649902343752 11241.354003906252 11430.571777343752 11523.473632812502 11203.687988281252 10885.485839843752 10931.044433593752 11012.080078125002 11034.800292968752 2721.5000000000005 10641.953613281252
decision_type=2 2 2 2 2 2 2 2 2 2 2 2 2 2
left_child=1 8 -3 -2 7 -6 -7 -5 13 -10 -11 12 -12 -1
right_child=3 2 -4 4 5 6 -8 -9 9 10 11 -13 -14 -15
leaf_value=-0.074502587710490911 0.042079099397942583 0.23551281815448349 -0.0014970919433433332 0.0083612514318746611 0.068681687918245679 -0.10211484008257111 0.0097173788298070014 -0.11461828725933421 -0.22387535861827768 0.028312813173776374 -0.13564569695429135 -0.048653358717222074 -0.51400622621326553 0.092335525573872326
leaf_weight=30270 638917 19963 406240 69119 182060 69681 738788 98835 38536 150521 14314 500902 10366 59232
leaf_count=30270 638917 19963 406240 69119 182060 69681 738788 98835 38536 150521 14314 500902 10366 59232
internal_value=-1.12386e-06 -0.0233307 0.00960948 0.0159683 0.00156767 0.0126876 7.75218e-05 -0.0640103 -0.0407893 -0.0503953 -0.0405042 -0.0602129 -0.294708 0.0359078
internal_weight=3.02774e+06 1.23034e+06 426203 1.7974e+06 1.15848e+06 990529 808469 167954 804141 714639 676103 525582 24680 89502
internal_count=3027744 1230344 426203 1797400 1158483 990529 808469 167954 804141 714639 676103 525582 24680 89502
is_linear=0
shrinkage=0.02


Tree=68
num_leaves=15
num_cat=0
split_feature=9 7 9 4 7 9 7 7 7 7 4 7 7 7
split_gain=2.87697e+06 2.07389e+06 2.30635e+06 2.50427e+06 1.96732e+06 1.54744e+06 1.2747e+06 3.7379e+06 2.22099e+06 3.68274e+06 2.39442e+06 1.9164e+06 1.74511e+06 2.05074e+06
threshold=-0.20284801721572873 12651.690429687502 0.58594399690628063 -29.045000076293942 12770.223632812502 -0.57362857460975636 10942.675292968752 10842.659179687502 10940.767578125002 10927.158203125002 43.475000381469734 10687.838867187502 10985.184570312502 11186.986328125002
decision_type=2 2 2 2 2 2 2 2 2 2 2 2 2 2
left_child=4 -2 -3 -4 6 -6 7 11 9 10 -9 -1 -8 -14
right_child=1 2 3 -5 5 -7 12 8 -10 -11 -12 -13 13 -15
leaf_value=0.084642708707600073 -0.023290594393585821 -0.015214076365636764 0.29462583288010097 -0.055219566838259987 -0.018328686815357455 -0.34087344164819194 -0.065469811135286576 0.0014738862340620063 0.44551813567536086 -0.03698048845422236 0.29509759408459746 -0.058373156321424265 0.079017653121705111 0.008376049603599672
leaf_weight=64698 1552020 48836 27553 11637 13810 10445 98137 14757 9676 34523 44933 89051 206826 800842
leaf_count=64698 1552020 48836 27553 11637 13810 10445 98137 14757 9676 34523 44933 89051 206826 800842
internal_value=-1.14959e-06 -0.0179343 0.0764965 0.190755 0.021193 -0.157311 0.0243697 0.0644324 0.157101 0.127435 0.222519 0.00180977 0.0150351 0.022876
internal_weight=3.02774e+06 1.64005e+06 88026 39190 1.3877e+06 24255 1.36344e+06 257638 103889 94213 59690 153749 1.1058e+06 1.00767e+06
internal_count=3027744 1640046 88026 39190 1387698 24255 1363443 257638 103889 94213 59690 153749 1105805 1007668
is_linear=0
shrinkage=0.02


Tree=69
num_leaves=15
num_cat=0
split_feature=9 4 9 14 8 9 16 4 8 4 9 6 4 8
split_gain=2.76304e+06 1.22526e+06 804062 761180 803170 628834 623553 518171 880134 501579 850440 1.04321e+06 886754 776464
threshold=-0.20284801721572873 -238.05999755859372 0.84602341055870067 0.75417393445968639 0.85705029964447033 0.66079589724540722 -20.100000381469723 156.02500152587893 0.97426396608352672 189.52500152587893 -0.7020561397075652 100.98052978515626 253.45999908447268 0.74366798996925365
decision_type=2 2 2 2 2 2 2 2 2 2 2 2 2 2
left_child=3 5 6 9 -5 -2 -3 -8 -9 -1 11 -11 -12 -14
right_child=1 2 -4 4 -6 -7 7 8 -10 10 12 -13 13 -15
leaf_value=0.021218285333839963 -0.10678266374569549 0.022981455265814743 -0.22307568283462512 0.14907728064518203 -0.0018991078453601802 -0.39579611743800902 -0.019805964212765984 0.76324047564798536 0.053327566314515337 -0.041627196828823425 -0.022173025529868315 0.25944756401709668 0.25101042468937923 -0.24284822554711644
leaf_weight=1224192 32069 163323 7385 36490 22960 3316 1410693 711 22549 9890 71209 8598 1404 12955
leaf_count=1224192 32069 163323 7385 36490 22960 3316 1410693 711 22549 9890 71209 8598 1404 12955
internal_value=-1.08728e-06 -0.0175756 -0.0150081 0.0207692 0.0907783 -0.133971 -0.0140447 -0.018262 0.0753474 0.0176351 -0.0245183 0.0984536 -0.0510965 -0.194417
internal_weight=3.02774e+06 1.64005e+06 1.60466e+06 1.3877e+06 59450 35385 1.59728e+06 1.43395e+06 23260 1.32825e+06 104056 18488 85568 14359
internal_count=3027744 1640046 1604661 1387698 59450 35385 1597276 1433953 23260 1328248 104056 18488 85568 14359
is_linear=0
shrinkage=0.02


Tree=70
num_leaves=15
num_cat=0
split_feature=9 4 0 4 5 0 8 4 0 4 8 8 0 0
split_gain=2.65363e+06 1.1768e+06 1.04888e+06 1.40244e+06 935525 924324 840376 1.06476e+06 831161 1.04243e+06 2.57277e+06 1.23221e+06 1.24246e+06 1.03675e+06
threshold=-0.20284801721572873 -238.05999755859372 1818.5000000000002 87.74499893188478 0.077500000596046462 2860.5000000000005 0.85705029964447033 172.08499908447268 3383.5000000000005 253.45999908447268 0.74366798996925365 0.7692478895187379 5218.5000000000009 6664.5000000000009
decision_type=2 2 2 2 2 2 2 2 2 2 2 2 2 2
left_child=2 -2 -1 5 8 -4 -6 -8 -5 -10 -11 13 -13 -12
right_child=1 -3 3 4 6 -7 7 -9 9 10 11 12 -14 -15
leaf_value=-0.0020725615304230749 -0.13129485813932956 -0.014707821612104342 0.05039407287296583 -0.021984556776054306 0.18309872419648451 0.13716876219588142 0.15351172123432621 -0.22970355759223066 0.036044156634987813 0.21249950018993699 -0.92335569535284612 -0.49539349594776005 2.6688108477574629e-05 -0.22345703406544071
leaf_weight=521000 35385 1604661 179956 195534 24457 67530 6278 5373 368552 6352 1853 2982 6264 1567
leaf_count=521000 35385 1604661 179956 195534 24457 67530 6278 5373 368552 6352 1853 2982 6264 1567
internal_value=-1.03474e-06 -0.0172241 0.0203539 0.0338351 0.0177505 0.0740764 0.116525 -0.0232564 0.011632 0.0285922 -0.115763 -0.280425 -0.160116 -0.604263
internal_weight=3.02774e+06 1.64005e+06 1.3877e+06 866698 619212 247486 36108 11651 583104 387570 19018 12666 9246 3420
internal_count=3027744 1640046 1387698 866698 619212 247486 36108 11651 583104 387570 19018 12666 9246 3420
is_linear=0
shrinkage=0.02


Tree=71
num_leaves=15
num_cat=0
split_feature=5 7 7 7 7 7 7 7 4 7 7 7 7 7
split_gain=2.4767e+06 1.66656e+06 2.57555e+06 1.53481e+06 2.05408e+06 1.71763e+06 2.68954e+06 1.47527e+06 1.45346e+06 1.41437e+06 2.94459e+06 2.19705e+06 3.40878e+06 1.33986e+06
threshold=-0.0074999998323619357 11684.184082031252 11740.422851562502 11188.649902343752 11241.354003906252 11440.364746093752 11455.166015625002 11203.687988281252 43.475000381469734 10885.485839843752 10931.044433593752 11012.080078125002 11034.800292968752 10641.953613281252
decision_type=2 2 2 2 2 2 2 2 2 2 2 2 2 2
left_child=1 9 -3 -2 7 8 -7 -5 -6 13 -11 -12 -13 -1
right_child=3 2 -4 4 5 6 -8 -9 -10 10 11 12 -14 -15
leaf_value=-0.072094135803591919 0.039850447668137091 0.23183711946686456 -0.00079266114572941113 0.0074480735479331419 -0.0063012370269377449 -0.20681392302334825 0.0057173633814233569 -0.11299834427267155 0.10685218382121002 -0.21822332903505973 0.028865283195038109 -0.28721317009120062 -0.046487542036312737 0.091450361408837694
leaf_weight=30270 638917 19963 406240 69119 71733 24567 770517 98835 123712 38536 150521 24680 500902 59232
leaf_count=30270 638917 19963 406240 69119 71733 24567 770517 98835 123712 38536 150521 24680 500902 59232
internal_value=-1.09798e-06 -0.0218643 0.0101087 0.0149646 0.0012395 0.0122059 -0.000852054 -0.0634328 0.0653239 -0.0388103 -0.0481971 -0.0385029 -0.0577967 0.0361367
internal_weight=3.02774e+06 1.23034e+06 426203 1.7974e+06 1.15848e+06 990529 795084 167954 195445 804141 714639 676103 525582 89502
internal_count=3027744 1230344 426203 1797400 1158483 990529 795084 167954 195445 804141 714639 676103 525582 89502
is_linear=0
shrinkage=0.02


Tree=72
num_leaves=15
num_cat=0
split_feature=17 7 7 7 7 7 7 7 7 7 0 7 14 0
split_gain=1.44796e+06 1.13646e+06 2.78037e+06 1.55987e+06 5.32976e+06 2.79286e+06 1.87269e+06 4.63325e+06 3.4792e+06 1.50508e+06 1.4334e+06 1.42281e+06 1.27855e+06 1.25861e+06
threshold=0.20278347283601764 12651.690429687502 12747.715332031252 11200.212402343752 11255.992675781252 11241.354003906252 11111.218750000002 11012.080078125002 10996.903320312502 11367.486328125002 7396.0000000000009 11326.603515625002 0.72940811514854442 1225.5000000000002
decision_type=2 2 2 2 2 2 2 2 2 2 2 2 2 2
left_child=-1 3 13 6 5 -5 7 8 12 11 -9 -6 -2 -3
right_child=1 2 -4 4 9 -7 -8 10 -10 -11 -12 -13 -14 -15
leaf_value=0.060953316933501089 -0.0034183243684542831 0.0078431459257963625 -0.012370600182323001 -0.091923953746629913 -0.031023201826454287 -0.40191191605111265 0.055728169776022768 -0.10461029034697894 0.1855858510894883 -0.011778610384541728 -0.59779618948347679 0.091855995395068432 0.10018771188214684 0.22206489537511279
leaf_weight=148243 573783 15101 103143 213081 56092 12288 291558 125330 45889 1233922 2393 114867 51948 40106
leaf_count=148243 573783 15101 103143 213081 56092 12288 291558 125330 45889 1233922 2393 114867 51948 40106
internal_value=-1.10496e-06 -0.00313938 0.0489442 -0.00617042 -0.0185573 -0.108843 0.0123406 -0.00348533 0.0175131 -0.00407315 -0.113897 0.0515395 0.00518445 0.16348
internal_weight=3.02774e+06 2.8795e+06 158350 2.72115e+06 1.63025e+06 225369 1.0909e+06 799343 671620 1.40488e+06 127723 170959 625731 55207
internal_count=3027744 2879501 158350 2721151 1630250 225369 1090901 799343 671620 1404881 127723 170959 625731 55207
is_linear=0
shrinkage=0.02


Tree=73
num_leaves=15
num_cat=0
split_feature=9 4 17 9 4 9 1 8 4 5 4 9 1 8
split_gain=2.47846e+06 1.11436e+06 908070 722429 744053 1.01783e+06 976758 738106 725324 700566 960464 2.95592e+06 770649 970205
threshold=-0.24311956018209455 -272.92999267578119 0.20778485387563708 0.84602341055870067 -126.1949996948242 0.56046268343925487 152.08866119384768 -0.9453720450401305 -205.70500183105466 0.077500000596046462 237.56500244140628 -0.6710444688796996 112.664119720459 0.77619159221649181
decision_type=2 2 2 2 2 2 2 2 2 2 2 2 2 2
left_child=9 -2 -3 4 5 6 7 -4 -9 10 -1 -12 13 -13
right_child=1 2 3 -5 -6 -7 -8 8 -10 -11 11 12 -14 -15
leaf_value=0.019689262276368115 -0.20558639659884553 0.047285977234185615 -0.062133023948814044 -0.21708988014267469 -0.010806839592271326 -0.081705296392852789 0.47088942201759976 -0.063674337210086029 0.069333289409454782 0.091494118908336808 0.20973526064042122 -0.35606492156732061 -0.6114247768187685 -0.062311971287440343
leaf_weight=1281954 12349 88688 67029 7283 1255827 154110 1674 23634 53521 52679 8773 7929 1907 10387
leaf_count=1281954 12349 88688 67029 7283 1255827 154110 1674 23634 53521 52679 8773 7929 1907 10387
internal_value=-1.11786e-06 -0.0163812 -0.0149654 -0.0184978 -0.0175668 -0.0458661 -0.00799609 -0.0135884 0.0285874 0.0199884 0.0171144 -0.0966929 -0.229664 -0.189604
internal_weight=3.02774e+06 1.66412e+06 1.65177e+06 1.56308e+06 1.5558e+06 299968 145858 144184 77155 1.36363e+06 1.31095e+06 28996 20223 18316
internal_count=3027744 1664115 1651766 1563078 1555795 299968 145858 144184 77155 1363629 1310950 28996 20223 18316
is_linear=0
shrinkage=0.02


Tree=74
num_leaves=15
num_cat=0
split_feature=9 7 8 4 7 8 9 7 7 7 7 7 7 1
split_gain=2.3803e+06 1.92399e+06 2.16774e+06 2.39737e+06 1.87529e+06 1.4588e+06 1.22628e+06 3.31899e+06 3.12213e+06 5.33535e+06 2.7385e+06 3.07071e+06 2.91906e+06 1.65882e+06
threshold=-0.24311956018209455 12651.690429687502 -0.80862879753112782 -30.474999427795407 12770.223632812502 0.81911528110504161 0.56046268343925487 10975.385253906252 11111.218750000002 11016.673339843752 11208.158691406252 11305.878417968752 11236.239257812502 76.044696807861342
decision_type=2 2 2 2 2 2 2 2 2 2 2 2 2 2
left_child=4 6 -3 -4 -1 -6 -2 -8 9 -9 -10 12 -12 -11
right_child=1 2 3 -5 5 -7 7 8 10 13 11 -13 -14 -15
leaf_value=0.0227452484425416 -0.0054083462336843892 -0.013974397455688448 0.29041599978960925 -0.047889303201020958 -0.019718467791132458 -0.33289038907225049 0.039078633433017332 -0.044269170497590001 0.024460417217212333 -0.17367081788157762 -0.10444547722813313 -0.035694298705599516 -0.36087175253315951 -0.44305036330023884
leaf_weight=1339374 878150 48836 27059 12131 13810 10445 159895 57553 158485 14339 61170 196154 25019 25324
leaf_count=1339374 878150 48836 27059 12131 13810 10445 159895 57553 158485 14339 61170 196154 25019 25324
internal_value=-1.14617e-06 -0.0160536 0.0749377 0.18571 0.0195885 -0.154663 -0.021136 -0.0409242 -0.0646996 -0.167286 -0.0420729 -0.0794191 -0.178915 -0.345733
internal_weight=3.02774e+06 1.66412e+06 88026 39190 1.36363e+06 24255 1.57609e+06 697939 538044 97216 440828 282343 86189 39663
internal_count=3027744 1664115 88026 39190 1363629 24255 1576089 697939 538044 97216 440828 282343 86189 39663
is_linear=0
shrinkage=0.02


Tree=75
num_leaves=15
num_cat=0
split_feature=9 7 8 7 8 9 7 7 7 7 7 7 1 6
split_gain=2.28604e+06 1.84783e+06 2.08192e+06 1.80109e+06 1.40109e+06 1.17791e+06 3.41777e+06 2.73628e+06 5.08081e+06 2.86959e+06 2.57117e+06 4.46875e+06 1.6245e+06 1.52832e+06
threshold=-0.24311956018209455 12651.690429687502 -0.80862879753112782 12770.223632812502 0.81911528110504161 0.59157848358154308 10975.385253906252 11111.218750000002 11016.673339843752 11208.158691406252 11283.981445312502 11241.354003906252 76.044696807861342 92.907272338867202
decision_type=2 2 2 2 2 2 2 2 2 2 2 2 2 2
left_child=3 5 -3 -1 -5 -2 -7 8 13 -9 11 -11 -10 -8
right_child=1 2 -4 4 -6 6 7 9 12 10 -12 -13 -14 -15
leaf_value=0.022290346897475121 -0.0061167321230236396 -0.013694966787043267 0.18199689391081084 -0.019324383550809759 -0.32623894803970077 0.040556025833580513 0.06226350973810095 0.023293309249575737 -0.16586303397305407 -0.12165224224927719 -0.041555076380684196 -0.56600198765640164 -0.43304783651276602 -0.14567714537936532
leaf_weight=1339374 920237 48836 39190 13810 10445 155923 28455 156098 14263 69946 167455 10391 25239 28082
leaf_count=1339374 920237 48836 39190 13810 10445 155923 28455 156098 14263 69946 167455 10391 25239 28082
internal_value=-1.20362e-06 -0.0157326 0.0734394 0.0191967 -0.151573 -0.0207134 -0.0411938 -0.0666912 -0.16264 -0.0438724 -0.0861831 -0.179189 -0.336642 -0.041028
internal_weight=3.02774e+06 1.66412e+06 88026 1.36363e+06 24255 1.57609e+06 655852 499929 96039 403890 247792 80337 39502 56537
internal_count=3027744 1664115 88026 1363629 24255 1576089 655852 499929 96039 403890 247792 80337 39502 56537
is_linear=0
shrinkage=0.02


Tree=76
num_leaves=15
num_cat=0
split_feature=4 0 5 0 4 0 5 0 4 0 5 1 6 0
split_gain=2.14565e+06 1.1043e+06 982834 752584 926050 1.01021e+06 928476 872708 862619 803459 754992 666646 627219 626360
threshold=16.585000038146976 4090.5000000000005 -0.012499999720603226 1856.5000000000002 120.28499984741212 4872.5000000000009 0.072500001639127745 5542.5000000000009 216.25000000000003 3107.5000000000005 0.047500001266598708 79.61746978759767 108.13460922241212 2880.5000000000005
decision_type=2 2 2 2 2 2 2 2 2 2 2 2 2 2
left_child=1 -1 -3 -2 6 -6 7 13 12 -8 -10 -9 -7 -5
right_child=3 2 -4 4 5 8 9 11 10 -11 -12 -13 -14 -15
leaf_value=-0.0085948089657187678 -0.0048276374122995045 -0.071154013373343317 0.025484581584249745 0.021678978974066294 -0.014899189511065463 0.095656558371326458 0.11003284225961998 -0.78905333500993835 -0.091595618286011524 0.41683024869102009 0.080805658947869091 -0.12748797203868137 -0.033318681553933062 0.064893460336355457
leaf_weight=1280404 434019 222045 51937 300387 314300 97366 15243 772 27790 4395 16004 2784 17841 242457
leaf_count=1280404 434019 222045 51937 300387 314300 97366 15243 772 27790 4395 16004 2784 17841 242457
internal_value=-1.27971e-06 -0.016393 -0.0528345 0.0172919 0.0265288 0.00588311 0.0437915 0.0389333 0.0469623 0.178873 -0.0285891 -0.272928 0.0756821 0.0409813
internal_weight=3.02774e+06 1.55439e+06 273982 1.47336e+06 1.03934e+06 473301 566038 546400 159001 19638 43794 3556 115207 542844
internal_count=3027744 1554386 273982 1473358 1039339 473301 566038 546400 159001 19638 43794 3556 115207 542844
is_linear=0
shrinkage=0.02


Tree=77
num_leaves=15
num_cat=0
split_feature=9 9 14 13 16 9 9 9 9 6 14 13 14 9
split_gain=2.13128e+06 712066 710626 775358 631531 540324 434856 727567 501524 498644 447632 532691 395023 393214
threshold=-0.20284801721572873 0.84602341055870067 0.75417393445968639 9.5000000000000018 -20.100000381469723 -0.51523202657699574 0.54481467604637157 0.35140028595924383 0.70209196209907543 105.65631103515626 0.53591427206993114 -7.9000000953674308 0.69828414916992199 -0.71335092186927784
decision_type=2 2 2 2 2 2 2 2 2 2 2 2 2 2
left_child=2 4 13 5 -2 -4 7 9 10 -6 -8 -12 -13 -1
right_child=1 -3 3 -5 6 -7 8 -9 -10 -11 11 12 -14 -15
leaf_value=0.048364483672353596 0.022388419457068418 -0.21124951015917448 0.1799962015657004 -0.03917719833487579 -0.026106878970700104 0.035083352527747622 -0.019207682166603152 0.026929201672088145 0.0093437063959078415 0.026007432468153253 -0.01233216403867355 -0.059410811160894757 -0.13162813163381901 0.011640315678272051
leaf_weight=129181 166280 7385 28453 14866 537070 16131 263679 177450 105496 85065 84025 177039 36557 1199067
leaf_count=129181 166280 7385 28453 14866 537070 16131 263679 177450 105496 85065 84025 177039 36557 1199067
internal_value=-1.27563e-06 -0.0154364 0.0182406 0.0858848 -0.0145494 0.127585 -0.018738 -0.00879196 -0.0306645 -0.0189809 -0.0381841 -0.0549951 -0.0717765 0.0152123
internal_weight=3.02774e+06 1.64005e+06 1.3877e+06 59450 1.63266e+06 44584 1.46638e+06 799585 666796 622135 561300 297621 213596 1.32825e+06
internal_count=3027744 1640046 1387698 59450 1632661 44584 1466381 799585 666796 622135 561300 297621 213596 1328248
is_linear=0
shrinkage=0.02


Tree=78
num_leaves=15
num_cat=0
split_feature=8 4 5 8 6 8 8 4 4 6 4 8 8 6
split_gain=2.05001e+06 989715 699470 731907 715843 660789 657164 831528 660691 799436 644666 2.21765e+06 1.27789e+06 989954
threshold=-0.71208626031875599 -272.92999267578119 0.077500000596046462 0.73891955614089977 102.84941864013673 -0.77128207683563221 -0.99442258477210987 -213.245002746582 -191.76499938964841 57.032613754272468 253.45999908447268 0.74366798996925365 0.7692478895187379 108.13460922241212
decision_type=2 2 2 2 2 2 2 2 2 2 2 2 2 2
left_child=1 -1 10 4 -4 6 7 -3 -8 -10 -2 -12 -13 -14
right_child=2 5 3 -5 -6 -7 8 -9 9 -11 11 12 13 -15
leaf_value=-0.19842226457283457 0.012593311904767647 0.31119659256980747 0.081242015344464291 0.035419621172418016 0.34080966152690473 -0.038835043635618141 -0.065118905269948443 -0.04719442527550001 -0.094680004608118942 0.013533175889837226 0.2017192525584004 -0.58543468477844152 -0.033345173624277122 -0.54849830178294923
leaf_weight=12291 1722163 2619 10154 40977 7310 408776 53812 173062 28728 548631 6352 3420 7602 1847
leaf_count=12291 1722163 2619 10154 40977 7310 408776 53812 173062 28728 548631 6352 3420 7602 1847
internal_value=-1.25911e-06 -0.0199253 0.0135918 0.0816454 0.190025 -0.0181189 -0.0076231 -0.0418341 0.00189973 0.00814717 0.0113075 -0.103848 -0.254714 -0.134518
internal_weight=3.02774e+06 1.22792e+06 1.79982e+06 58441 17464 1.21563e+06 806852 175681 631171 577359 1.74138e+06 19221 12869 9449
internal_count=3027744 1227919 1799825 58441 17464 1215628 806852 175681 631171 577359 1741384 19221 12869 9449
is_linear=0
shrinkage=0.02


Tree=79
num_leaves=15
num_cat=0
split_feature=8 0 7 7 7 4 7 8 7 7 8 7 4 7
split_gain=1.96883e+06 1.44165e+06 1.44018e+06 2.41193e+06 4.26458e+06 1.30508e+06 1.29917e+06 3.66737e+06 2.85855e+06 2.34473e+06 5.40445e+06 2.38327e+06 1.5853e+06 1.53865e+06
threshold=-0.71208626031875599 2283.5000000000005 11188.649902343752 11326.603515625002 11345.829101562502 -36.06500053405761 11440.364746093752 0.9570656716823579 11455.166015625002 11412.059082031252 0.79178315401077282 11359.210937500002 39.305000305175788 12142.458496093752
decision_type=2 2 2 2 2 2 2 2 2 2 2 2 2 2
left_child=1 -1 -2 -4 -5 -3 7 9 -8 10 -6 -12 -13 -10
right_child=2 5 3 4 6 -7 8 -9 13 -11 11 12 -14 -15
leaf_value=0.0036929230323125579 0.036887849849453307 -0.036372512064452252 -0.061552739608775248 0.34636233596792054 0.033016905514527635 -0.27518614995647944 -0.22006177745263455 -0.039034317982043903 -0.020830135917609953 0.063208000349399343 -0.12976028577278961 0.056982759189765149 0.7607974603918084 0.035866625376221185
leaf_weight=571641 657968 647003 209650 15138 13965 9275 23194 62470 416404 32388 1640 1448 11149 354411
leaf_count=571641 657968 647003 209650 15138 13965 9275 23194 62470 416404 32388 1640 1448 11149 354411
internal_value=-1.27448e-06 -0.0195268 0.0133199 -0.000260734 0.0135241 -0.0397518 0.00802623 0.0684903 -0.00134555 0.17934 0.312638 0.5867 0.680006 0.00523842
internal_weight=3.02774e+06 1.22792e+06 1.79982e+06 1.14186e+06 932207 656278 917069 123060 794009 60590 28202 14237 12597 770815
internal_count=3027744 1227919 1799825 1141857 932207 656278 917069 123060 794009 60590 28202 14237 12597 770815
is_linear=0
shrinkage=0.02


Tree=80
num_leaves=15
num_cat=0
split_feature=8 7 7 7 7 7 7 7 6 7 8 8 8 7
split_gain=1.89234e+06 1.98546e+06 3.08304e+06 1.79371e+06 1.77376e+06 2.10771e+06 2.65603e+06 1.54701e+06 1.4181e+06 1.40778e+06 1.6551e+06 1.38107e+06 2.39685e+06 3.08351e+06
threshold=0.58100306987762462 11684.184082031252 11740.422851562502 11188.649902343752 11236.239257812502 11440.364746093752 11523.473632812502 12770.223632812502 50.342420578002937 12651.690429687502 0.85705029964447033 0.9570656716823579 0.79606631398201 11405.892578125002
decision_type=2 2 2 2 2 2 2 2 2 2 2 2 2 2
left_child=1 -1 -3 -2 -5 11 8 9 -7 -8 -11 12 -6 -14
right_child=3 2 -4 4 5 6 7 -9 -10 10 -12 -13 13 -15
leaf_value=-0.035359671994071439 0.0419374180580716 0.24624712537030718 0.0039793207994955389 -0.06577859331834679 0.02764800326229748 0.74777438157713083 0.0018758965937736136 -0.15489186104434269 -0.15208817323937132 0.19353615964309626 -0.041459319977514494 0.018317123945917561 0.44202997664025356 0.088213352105299361
leaf_weight=880022 601817 21985 469675 147019 44073 700 597595 23402 53745 33734 18590 95244 17357 22786
leaf_count=880022 601817 21985 469675 147019 44073 700 597595 23402 53745 33734 18590 95244 17357 22786
internal_value=-1.21216e-06 -0.0173744 0.0148174 0.0143887 -0.00133779 0.00910565 -0.00603249 0.00483304 -0.140383 0.0105867 0.110053 0.0704925 0.129491 0.241269
internal_weight=3.02774e+06 1.37168e+06 491660 1.65606e+06 1.05424e+06 907226 727766 673321 54445 649919 52324 179460 84216 40143
internal_count=3027744 1371682 491660 1656062 1054245 907226 727766 673321 54445 649919 52324 179460 84216 40143
is_linear=0
shrinkage=0.02


Tree=81
num_leaves=15
num_cat=0
split_feature=8 0 4 0 17 4 5 0 8 13 17 16 4 8
split_gain=1.82374e+06 1.38453e+06 1.25208e+06 1.18262e+06 1.09502e+06 1.09329e+06 1.09889e+06 946193 1.19386e+06 839274 996720 925540 825178 1.19728e+06
threshold=-0.71208626031875599 2303.5000000000005 -36.06500053405761 2148.5000000000005 0.33050364255905157 120.28499984741212 0.06749999895691873 4872.5000000000009 0.65120527148246776 -10.299999713897703 0.50529009103775036 -0.50000001490116108 216.25000000000003 0.72318184375762951
decision_type=2 2 2 2 2 2 2 2 2 2 2 2 2 2
left_child=1 -1 4 -2 -3 6 -5 8 -7 -6 -11 -12 -9 -14
right_child=3 2 -4 5 9 7 -8 12 -10 10 11 -13 13 -15
leaf_value=0.0037818545733274474 -0.0055848840708985163 0.0060503328484585658 -0.27195025321286742 0.040725506751179551 -0.0049054865152203054 0.29042793336139466 0.18723891984548455 0.072668764479544484 -0.020321685126395636 -0.04642497222913259 -0.038085678359503605 -0.16825050548310547 0.17534668107667117 -0.082718741782001212
leaf_weight=576490 786360 182037 9073 520168 114296 5016 21307 115207 307973 250331 33777 61915 9058 34736
leaf_count=576490 786360 182037 9073 520168 114296 5016 21307 115207 307973 250331 33777 61915 9058 34736
internal_value=-1.09716e-06 -0.0187934 -0.0387715 0.0128199 -0.0354737 0.0271003 0.0464942 0.0048507 -0.0153324 -0.0518946 -0.067415 -0.122314 0.0445792 -0.0293143
internal_weight=3.02774e+06 1.22792e+06 651429 1.79982e+06 642356 1.01346e+06 541475 471990 312989 460319 346023 95692 159001 43794
internal_count=3027744 1227919 651429 1799825 642356 1013465 541475 471990 312989 460319 346023 95692 159001 43794
is_linear=0
shrinkage=0.02


Tree=82
num_leaves=15
num_cat=0
split_feature=9 7 9 4 7 9 7 7 9 7 7 7 7 7
split_gain=1.79759e+06 1.73808e+06 1.97138e+06 2.30261e+06 1.66452e+06 1.33067e+06 1.08286e+06 3.21658e+06 1.80753e+06 2.57659e+06 3.10455e+06 5.12393e+06 2.43068e+06 2.90005e+06
threshold=-0.24311956018209455 12651.690429687502 0.58594399690628063 -30.474999427795407 12770.223632812502 -0.57362857460975636 10877.847656250002 10931.044433593752 0.54481467604637157 10975.385253906252 11111.218750000002 11016.673339843752 11208.158691406252 11305.878417968752
decision_type=2 2 2 2 2 2 2 2 2 2 2 2 2 2
left_child=4 6 -3 -4 -1 -6 -2 -8 -9 -10 11 -11 -12 -14
right_child=1 2 3 -5 5 -7 7 8 9 10 12 -13 13 -15
leaf_value=0.019996784375211938 0.045837806687184963 -0.012257393924815832 0.28078484033820827 -0.05076484554563937 -0.018262778714484017 -0.31736461616111278 -0.17586798085543484 0.0033455428104076225 0.049170359566108372 -0.040544088390960388 0.025918154852275152 -0.33510190084531055 -0.16861088108767661 -0.03043689473571282
leaf_weight=1339374 97316 48836 27059 12131 13810 10445 53095 773207 104463 57553 158785 40062 86291 205317
leaf_count=1339374 97316 48836 27059 12131 13810 10445 53095 773207 104463 57553 158785 40062 86291 205317
internal_value=-1.0661e-06 -0.013951 0.0725324 0.178169 0.0170228 -0.147144 -0.0187816 -0.0230344 -0.0173414 -0.041856 -0.0592083 -0.161455 -0.0370449 -0.071329
internal_weight=3.02774e+06 1.66412e+06 88026 39190 1.36363e+06 24255 1.57609e+06 1.47877e+06 1.42568e+06 652471 548008 97615 450393 291608
internal_count=3027744 1664115 88026 39190 1363629 24255 1576089 1478773 1425678 652471 548008 97615 450393 291608
is_linear=0
shrinkage=0.02


Tree=83
num_leaves=15
num_cat=0
split_feature=9 4 17 14 8 16 17 9 8 17 4 8 4 5
split_gain=1.7264e+06 979444 825221 692714 797263 662123 654204 837943 654189 569909 540225 724030 710100 903606
threshold=-0.24311956018209455 -272.92999267578119 0.20778485387563708 0.70426246523857128 0.85705029964447033 -18.100000381469723 0.39876666665077215 0.54481467604637157 -0.94326764345169056 0.12324878945946695 189.52500152587893 0.71212160587310802 253.45999908447268 0.042500000447034843
decision_type=2 2 2 2 2 2 2 2 2 2 2 2 2 2
left_child=3 -2 -3 9 -5 -4 -7 8 -8 -1 -11 -12 -13 -14
right_child=1 2 5 4 -6 6 7 -9 -10 10 11 12 13 -15
leaf_value=0.12345051602288276 -0.19105440875201862 0.046998971415138452 0.016924856328043674 0.10134323940481794 -0.0053738067296454049 -0.0071220959965756486 -0.048326776811742467 -0.060573601000256015 0.0056735526712023447 0.014442073359341494 0.082016327743704598 -0.03414735499671908 -0.35058952089074191 -0.015789263406890391
leaf_weight=18152 12349 88688 214513 76724 44091 681515 146925 289609 230516 1129581 17247 64865 6984 5985
leaf_count=18152 12349 88688 214513 76724 44091 681515 146925 289609 230516 1129581 17247 64865 6984 5985
internal_value=-1.09285e-06 -0.013672 -0.0123447 0.0166823 0.0623999 -0.0157121 -0.0209037 -0.0349837 -0.0153476 0.0122375 0.0105881 -0.0351942 -0.061174 -0.196217
internal_weight=3.02774e+06 1.66412e+06 1.65177e+06 1.36363e+06 120815 1.56308e+06 1.34856e+06 667050 377441 1.24281e+06 1.22466e+06 95081 77834 12969
internal_count=3027744 1664115 1651766 1363629 120815 1563078 1348565 667050 377441 1242814 1224662 95081 77834 12969
is_linear=0
shrinkage=0.02


Tree=84
num_leaves=15
num_cat=0
split_feature=9 7 8 7 7 7 7 7 7 7 7 7 7 1
split_gain=1.65804e+06 1.6775e+06 1.89225e+06 1.59139e+06 1.27789e+06 1.05712e+06 2.21116e+06 3.52186e+06 5.92216e+06 2.05247e+06 1.27925e+06 1.23481e+06 1.76402e+06 1.20608e+06
threshold=-0.24311956018209455 12651.690429687502 -0.80862879753112782 12770.223632812502 12810.345703125002 11188.649902343752 11241.354003906252 11412.059082031252 11376.389648437502 11405.892578125002 11203.687988281252 12651.690429687502 12721.992675781252 74.525436401367202
decision_type=2 2 2 2 2 2 2 2 2 2 2 2 2 2
left_child=3 -2 -3 5 -5 -1 10 8 13 -10 -7 -9 -13 -8
right_child=1 2 -4 4 -6 6 7 11 9 -11 -12 12 -14 -15
leaf_value=0.040358802102055343 -0.01814427305343972 -0.011506300976475094 0.17505858124872692 -0.22311115258815595 0.12254081188868667 0.0059557451433046643 -0.050302073643817814 -0.0028769140799028499 0.86618417197545816 0.24582624003520054 -0.11287815332429459 0.27239400378245632 0.023044325375719685 0.16533188099465421
leaf_weight=555631 1576089 48836 39190 18717 5538 60966 17220 526715 5808 3385 89314 16154 38103 26078
leaf_count=555631 1576089 48836 39190 18717 5538 60966 17220 526715 5808 3385 89314 16154 38103 26078
internal_value=-1.09228e-06 -0.0133986 0.0715644 0.0163486 -0.144172 0.0192566 0.00429587 0.0206583 0.177531 0.638277 -0.064672 0.006482 0.0973204 0.0795801
internal_weight=3.02774e+06 1.66412e+06 88026 1.36363e+06 24255 1.33937e+06 783743 633463 52491 9193 150280 580972 54257 43298
internal_count=3027744 1664115 88026 1363629 24255 1339374 783743 633463 52491 9193 150280 580972 54257 43298
is_linear=0
shrinkage=0.02


Tree=85
num_leaves=15
num_cat=0
split_feature=9 4 9 4 9 13 8 4 8 1 8 8 1 4
split_gain=1.5924e+06 951731 697287 545331 906625 534700 525164 510795 2.42494e+06 729170 735023 685075 819855 597127
threshold=-0.24311956018209455 -238.05999755859372 0.84602341055870067 156.02500152587893 0.23015601187944415 -8.7000002861022931 -0.75056561827659596 225.66500091552737 0.74141710996627819 119.45204162597658 0.83930236101150524 0.77373486757278453 63.250402450561531 284.63999938964849
decision_type=2 2 2 2 2 2 2 2 2 2 2 2 2 2
left_child=7 6 3 5 -5 -3 -2 -1 -9 11 -11 12 -10 -12
right_child=1 2 -4 4 -6 -7 -8 8 9 10 13 -13 -14 -15
leaf_value=0.01828126668175796 -0.090886921307165261 0.0063663588403938577 -0.20466780866708001 0.05789564675586327 0.75239801478416768 -0.019053836429078212 -0.35499477663036849 0.1463972949693414 -0.75902970947479376 0.57612665373909921 -0.85208499370555857 -0.048659968738102417 -0.19318888949196761 -0.18672559219257284
leaf_weight=1318704 32069 469172 7385 27663 763 1123747 3316 16086 1150 229 1388 16282 8900 890
leaf_count=1318704 32069 469172 7385 27663 763 1123747 3316 16086 1150 229 1388 16282 8900 890
internal_value=-9.70986e-07 -0.0131306 -0.0109008 -0.010017 0.076796 -0.0115667 -0.115731 0.0160218 -0.0502895 -0.160012 -0.485329 -0.128866 -0.258629 -0.594094
internal_weight=3.02774e+06 1.66412e+06 1.62873e+06 1.62134e+06 28426 1.59292e+06 35385 1.36363e+06 44925 28839 2507 26332 10050 2278
internal_count=3027744 1664115 1628730 1621345 28426 1592919 35385 1363629 44925 28839 2507 26332 10050 2278
is_linear=0
shrinkage=0.02


Tree=86
num_leaves=15
num_cat=0
split_feature=5 7 7 7 7 0 4 7 7 7 7 7 7 7
split_gain=1.54946e+06 1.36907e+06 2.42425e+06 1.29818e+06 3.6631e+06 2.12127e+06 2.00546e+06 1.96345e+06 1.80736e+06 1.2236e+06 2.27562e+06 1.70195e+06 1.21539e+06 2.80694e+06
threshold=-0.0074999998323619357 11684.184082031252 11740.422851562502 10942.675292968752 10940.767578125002 3450.5000000000005 126.7150001525879 10927.158203125002 10842.659179687502 10985.184570312502 11006.409179687502 10996.903320312502 10885.485839843752 10931.044433593752
decision_type=2 2 2 2 2 2 2 2 2 2 2 2 2 2
left_child=1 12 -3 4 5 8 -7 -8 -2 -5 11 -11 -1 -14
right_child=3 2 -4 9 -6 6 7 -9 -10 10 -12 -13 13 -15
leaf_value=0.036821868999525942 -0.058063091167411443 0.22680210381035154 0.0011087084941992507 -0.05982222528583319 0.43505402076700472 0.27557089504762 0.10570232070464261 -0.184175988060927 0.073227068243655019 0.0066658005125992282 0.0058228472987739924 0.3118700022825216 -0.20735902982301632 -0.031889902888181804
leaf_weight=89502 101760 19963 406240 109551 9608 23118 61524 11011 71333 12711 1379597 17187 38536 676103
leaf_count=89502 101760 19963 406240 109551 9608 23118 61524 11011 71333 12711 1379597 17187 38536 676103
internal_value=-1.02793e-06 -0.0172939 0.0116851 0.0118362 0.0515419 0.0378151 0.113397 0.0616784 -0.00395615 0.00456014 0.00956457 0.18216 -0.0326531 -0.0413546
internal_weight=3.02774e+06 1.23034e+06 426203 1.7974e+06 278354 268746 95653 72535 173093 1.51905e+06 1.4095e+06 29898 804141 714639
internal_count=3027744 1230344 426203 1797400 278354 268746 95653 72535 173093 1519046 1409495 29898 804141 714639
is_linear=0
shrinkage=0.02


Tree=87
num_leaves=15
num_cat=0
split_feature=5 7 7 7 7 0 7 7 7 7 0 0 7 9
split_gain=1.48811e+06 1.31486e+06 2.32829e+06 1.24679e+06 3.51821e+06 2.03728e+06 1.7358e+06 1.66153e+06 2.68849e+06 1.33642e+06 1.50198e+06 1.20486e+06 1.30049e+06 2.40482e+06
threshold=-0.0074999998323619357 11684.184082031252 11740.422851562502 10942.675292968752 10940.767578125002 3450.5000000000005 10842.659179687502 10927.158203125002 10855.741699218752 10687.838867187502 6415.5000000000009 3991.5000000000005 11213.910644531252 0.58100306987762462
decision_type=2 2 2 2 2 2 2 2 2 2 2 2 2 2
left_child=1 11 -3 4 5 6 -2 8 9 -7 -11 12 -1 -14
right_child=3 2 -4 -5 -6 7 -8 -9 -10 10 -12 -13 13 -15
leaf_value=0.0037000610638177039 -0.056901943289279056 0.22226833405835039 0.001086534817683641 0.0044689684851392485 0.42636198817594662 0.16979633225966237 0.071762732225651923 -0.068261155504038121 0.35885090305514622 0.036664558883935786 -0.41293748759107884 -0.077649199480360587 -0.014122032699759002 -0.15321301045062174
leaf_weight=387519 101760 19963 406240 1519046 9608 32979 71333 16980 18743 23560 3391 179609 166047 70966
leaf_count=387519 101760 19963 406240 1519046 9608 32979 71333 16980 18743 23560 3391 179609 166047 70966
internal_value=-9.44647e-07 -0.0169481 0.0114515 0.0115996 0.0505115 0.037059 -0.00387701 0.111129 0.149851 0.0844377 -0.0200362 -0.0320001 -0.0188708 -0.0557732
internal_weight=3.02774e+06 1.23034e+06 426203 1.7974e+06 278354 268746 173093 95653 78673 59930 26951 804141 624532 237013
internal_count=3027744 1230344 426203 1797400 278354 268746 173093 95653 78673 59930 26951 804141 624532 237013
is_linear=0
shrinkage=0.02


Tree=88
num_leaves=15
num_cat=0
split_feature=5 0 0 0 5 8 8 13 0 8 13 1 5 8
split_gain=1.42919e+06 1.13609e+06 892670 740945 748609 702776 610416 598273 523389 607058 478782 469645 451638 396791
threshold=-0.0074999998323619357 3991.5000000000005 1009.5000000000001 8224.5000000000018 0.072500001639127745 0.85705029964447033 0.76014193892478954 6.0999999046325692 4694.5000000000009 0.8696289360523225 -12.099999904632567 100.9414520263672 0.097500000149011626 0.85705029964447033
decision_type=2 2 2 2 2 2 2 2 2 2 2 2 2 2
left_child=1 -1 -2 4 7 11 10 -4 9 -7 -3 -6 -10 -8
right_child=2 6 3 -5 5 8 13 -9 12 -11 -12 -13 -14 -15
leaf_value=-0.0065156053817967035 -0.01646214290138806 -0.0050886369914162856 0.02598505996074808 -0.2199140058365992 0.090640298718100781 -0.43880425035052134 0.30836089725717797 -0.0017464132243866113 0.099349539451891469 -0.012535851149049966 -0.072679283934653935 0.23557570080571327 0.6059232704002353 0.019571580508934407
leaf_weight=964360 366910 52737 871209 5185 31203 1422 2764 484083 3978 20022 204416 12541 847 6067
leaf_count=964360 366910 52737 871209 5185 31203 1422 2764 484083 3978 20022 204416 12541 847 6067
internal_value=-8.91405e-07 -0.0166091 0.0113677 0.0185059 0.0193748 0.0831424 -0.0532027 0.01608 0.00136902 -0.040995 -0.0588186 0.132237 0.189349 0.110208
internal_weight=3.02774e+06 1.23034e+06 1.7974e+06 1.43049e+06 1.4253e+06 70013 265984 1.35529e+06 26269 21444 257153 43744 4825 8831
internal_count=3027744 1230344 1797400 1430490 1425305 70013 265984 1355292 26269 21444 257153 43744 4825 8831
is_linear=0
shrinkage=0.02


Tree=89
num_leaves=15
num_cat=0
split_feature=9 7 9 4 7 9 0 0 4 7 7 7 7 7
split_gain=1.39482e+06 1.59442e+06 1.81607e+06 2.22982e+06 1.51974e+06 1.24147e+06 1.21175e+06 1.08474e+06 1.77328e+06 2.2722e+06 2.87496e+06 4.37542e+06 5.7858e+06 1.66864e+06
threshold=-0.24311956018209455 12651.690429687502 0.58594399690628063 -95.284999847412095 12770.223632812502 -0.57362857460975636 4473.5000000000009 1818.5000000000002 70.174999237060561 11195.429687500002 11236.239257812502 11412.059082031252 11376.389648437502 12620.221679687502
decision_type=2 2 2 2 2 2 2 2 2 2 2 2 2 2
left_child=4 -2 -3 6 7 -6 -4 -1 13 -10 -11 12 -12 -9
right_child=1 2 3 -5 5 -7 -8 8 9 10 11 -13 -14 -15
leaf_value=-0.0052930455186620583 -0.016915634071333157 -0.010838018989199578 0.55885545643689394 0.079641908405116951 -0.017383500067576087 -0.30628631655728611 0.094460963055028671 0.073382281825917786 0.056263398213526411 -0.1491062361189916 0.090998049879907422 -0.017947549469832506 0.74846954861200321 0.2958706145335423
leaf_weight=505148 1576089 48836 7436 28528 13810 10445 3226 116908 340540 54828 25889 274086 6741 15234
leaf_count=505148 1576089 48836 7436 28528 13810 10445 3226 116908 340540 54828 25889 274086 6741 15234
internal_value=-8.33183e-07 -0.0122889 0.0705434 0.171933 0.014995 -0.14187 0.418566 0.0178368 0.0318425 0.0191914 -0.0157275 0.00811905 0.227013 0.0990525
internal_weight=3.02774e+06 1.66412e+06 88026 39190 1.36363e+06 24255 10662 1.33937e+06 834226 702084 361544 306716 32630 132142
internal_count=3027744 1664115 88026 39190 1363629 24255 10662 1339374 834226 702084 361544 306716 32630 132142
is_linear=0
shrinkage=0.02


Tree=90
num_leaves=15
num_cat=0
split_feature=9 4 0 17 4 5 6 0 4 0 4 0 9 1
split_gain=1.33959e+06 889862 880302 780335 724281 830262 771169 952092 1.49736e+06 1.35417e+06 1.08924e+06 755228 704354 676472
threshold=-0.24311956018209455 -272.92999267578119 971.50000000000011 0.20778485387563708 189.52500152587893 0.077500000596046462 104.13751602172853 4473.5000000000009 125.04500198364259 3067.5000000000005 85.215000152587905 2051.5000000000005 -0.72811940312385548 62.821945190429695
decision_type=2 2 2 2 2 2 2 2 2 2 2 2 2 2
left_child=2 -2 -1 -3 5 6 7 8 9 10 11 -4 -8 -6
right_child=1 3 4 -5 13 -7 12 -9 -10 -11 -12 -13 -14 -15
leaf_value=-0.017224118555196063 -0.18111901211789014 0.046929195872284502 0.023287304271310469 -0.01405247889751593 -0.16409338424431588 0.12484939197779295 0.14149272092256523 0.096250450818591959 -0.036413778458611754 0.10720240193146387 -0.031370209267077807 0.091734610062174204 -0.015842650450202528 -0.0081333538558146373
leaf_weight=275719 12349 88688 211944 1563078 12568 34316 12010 88570 122879 100335 102089 92672 214241 96286
leaf_count=275719 12349 88688 211944 1563078 12568 34316 12010 88570 122879 100335 102089 92672 214241 96286
internal_value=-7.18888e-07 -0.0120431 0.0146952 -0.0107779 0.0227849 0.0282263 0.0247153 0.0348551 0.0262212 0.041401 0.0251653 0.0441131 -0.0074849 -0.0261537
internal_weight=3.02774e+06 1.66412e+06 1.36363e+06 1.65177e+06 1.08791e+06 979056 944740 718489 629919 507040 406705 304616 226251 108854
internal_count=3027744 1664115 1363629 1651766 1087910 979056 944740 718489 629919 507040 406705 304616 226251 108854
is_linear=0
shrinkage=0.02


Tree=91
num_leaves=15
num_cat=0
split_feature=9 8 8 17 4 9 17 14 4 9 4 9 4 4
split_gain=1.30808e+06 1.12809e+06 947074 879009 843211 743519 732747 651992 611124 595351 545871 538368 544425 649492
threshold=0.54481467604637157 -0.95380857586860646 0.65120527148246776 0.34261502325534826 -128.41500091552732 0.84602341055870067 0.13831126689910891 0.7808777689933778 -272.92999267578119 -0.51523202657699574 -59.684999465942376 0.45621682703495031 -205.70500183105466 -117.57500076293944
decision_type=2 2 2 2 2 2 2 2 2 2 2 2 2 2
left_child=1 8 3 -2 -5 -6 -3 11 -1 -9 -4 12 -8 -14
right_child=2 6 10 4 5 -7 7 9 -10 -11 -12 -13 13 -15
leaf_value=-0.4970138350879546 0.0062418607455219403 0.10005475607755818 0.69141447039837489 -0.088509201766469522 -0.02235795810899404 -0.26509369084322815 -0.072351055876577655 0.15605990910246775 -0.027256315347980724 0.022177565046955179 -0.080858074364677596 0.097013049202023818 0.069902759866051989 0.0071018300803327829
leaf_weight=1102 253522 37878 1155 109579 378216 5106 33126 23260 292876 30975 531 27567 68417 1764434
leaf_count=1102 253522 37878 1155 109579 378216 5106 33126 23260 292876 30975 531 27567 68417 1764434
internal_value=-6.937e-07 0.00753005 -0.0229482 -0.0240205 -0.0395858 -0.0255982 0.0129435 0.011249 -0.0290342 0.0796148 0.449135 0.00929044 0.00799394 0.00944645
internal_weight=3.02774e+06 2.27964e+06 748109 746423 492901 383322 1.98566e+06 1.94778e+06 293978 54235 1686 1.89354e+06 1.86598e+06 1.83285e+06
internal_count=3027744 2279635 748109 746423 492901 383322 1985657 1947779 293978 54235 1686 1893544 1865977 1832851
is_linear=0
shrinkage=0.02


Tree=92
num_leaves=15
num_cat=0
split_feature=9 17 0 9 4 9 17 13 14 0 9 9 9 13
split_gain=1.25628e+06 858950 926969 743943 884165 718895 645402 616640 1.42993e+06 596945 586333 570268 465115 407510
threshold=0.54481467604637157 0.33050364255905157 2820.5000000000005 0.68684327602386486 -39.594999313354485 0.84602341055870067 0.1505244001746178 2.5000000000000004 0.64788308739662182 1069.5000000000002 -0.51523202657699574 0.64018929004669201 0.45621682703495031 -10.299999713897703
decision_type=2 2 2 2 2 2 2 2 2 2 2 2 2 2
left_child=6 -2 5 4 13 -3 -1 8 -8 -10 -11 -6 -9 -4
right_child=1 2 3 -5 11 -7 7 12 9 10 -12 -13 -14 -15
leaf_value=0.078482673163919908 0.010416504618115807 -0.0093166852520861557 -0.029155077959035224 -0.0074647598538720421 -0.87494598660855927 -0.25561618157447968 0.0046696277392600941 -0.0075264641657127205 -0.0011045626775846599 0.11930324062718244 0.047045848939669573 0.054424880511674385 0.1123397463978881 -0.10271550657182492
leaf_weight=49935 222804 293750 39771 61377 915 4808 996472 980567 51681 74354 113514 368 13112 124316
leaf_count=49935 222804 293750 39771 61377 915 4808 996472 980567 51681 74354 113514 368 13112 124316
internal_value=-6.73186e-07 -0.0224892 -0.0364458 -0.0669309 -0.0889999 -0.0132916 0.00737944 0.0057867 0.0152171 0.0590903 0.0756487 -0.610002 -0.00594365 -0.0848891
internal_weight=3.02774e+06 748109 525305 226747 165370 298558 2.27964e+06 2.2297e+06 1.23602e+06 239549 187868 1283 993679 164087
internal_count=3027744 748109 525305 226747 165370 298558 2279635 2229700 1236021 239549 187868 1283 993679 164087
is_linear=0
shrinkage=0.02


Tree=93
num_leaves=15
num_cat=0
split_feature=9 7 8 7 7 0 7 7 7 7 8 8 7 6
split_gain=1.21725e+06 1.53553e+06 1.7433e+06 1.46157e+06 1.19618e+06 1.0071e+06 1.64752e+06 1.91261e+06 6.30578e+06 2.25888e+06 1.29628e+06 1.28975e+06 1.28312e+06 1.29651e+06
threshold=-0.24311956018209455 12651.690429687502 -0.80862879753112782 12770.223632812502 12810.345703125002 1837.5000000000002 12651.690429687502 10927.158203125002 10855.741699218752 10687.838867187502 0.84898290038108837 0.65120527148246776 10630.448242187502 50.342420578002937
decision_type=2 2 2 2 2 2 2 2 2 2 2 2 2 2
left_child=3 -2 -3 5 -5 -1 7 8 9 12 -8 -9 -7 -14
right_child=1 2 -4 4 -6 6 10 11 -10 -11 -12 -13 13 -15
leaf_value=-0.0053092068134860618 -0.016020484453490313 -0.009926542582561251 0.1691456163373615 -0.21619977636241478 0.11821996014214976 0.01771799918453458 0.26381004634400468 0.17641813269583495 0.33762821061728449 -0.06642266821516235 -0.011130687421477057 0.0059133604718910196 -0.13705189355160247 0.28295219258337712
leaf_weight=510333 1576089 48836 39190 18717 5538 24860 20827 18241 32183 57755 10224 641007 3425 20519
leaf_count=510333 1576089 48836 39190 18717 5538 24860 20827 18241 32183 57755 10224 641007 3425 20519
internal_value=-7.16623e-07 -0.01148 0.069808 0.0140081 -0.139826 0.016795 0.0304016 0.0248388 0.0923299 0.0182199 0.173307 0.0106338 0.11838 0.222841
internal_weight=3.02774e+06 1.66412e+06 88026 1.36363e+06 24255 1.33937e+06 829041 797990 138742 106559 31051 659248 48804 23944
internal_count=3027744 1664115 88026 1363629 24255 1339374 829041 797990 138742 106559 31051 659248 48804 23944
is_linear=0
shrinkage=0.02


Tree=94
num_leaves=15
num_cat=0
split_feature=4 0 14 13 4 13 14 0 4 0 0 4 6 6
split_gain=1.16899e+06 839762 755866 1.26947e+06 552262 476898 815667 471787 956238 846077 633923 775447 613257 472778
threshold=16.585000038146976 4115.5000000000009 0.70426246523857128 7.2999999523162851 -272.92999267578119 -10.299999713897703 0.579929679632187 2244.5000000000005 120.28499984741212 5481.5000000000009 4220.5000000000009 194.20500183105472 79.420555114746108 71.209350585937514
decision_type=2 2 2 2 2 2 2 2 2 2 2 2 2 2
left_child=1 -1 7 -4 -3 -6 -7 -2 9 13 -10 -12 -11 -9
right_child=2 4 3 -5 5 6 -8 8 10 12 11 -13 -14 -15
leaf_value=-0.0053751862672304822 -0.0068535160545206602 -0.17482701508671233 0.09984662849202991 -0.030703395262219355 0.0098990199494099103 -0.022049886069764907 -0.10707055412482654 0.096615097039477793 -0.030787226904529955 -0.75366426701429723 0.044774277232336394 -0.031465668854177842 -0.12734637327822695 0.033807231685342852
leaf_weight=1285429 513513 12349 92165 44018 62903 122102 71603 55801 187744 771 154562 81492 3169 340123
leaf_count=1285429 513513 12349 92165 44018 62903 122102 71603 55801 187744 771 154562 81492 3169 340123
internal_value=-6.41918e-07 -0.0120996 0.0127637 0.0576501 -0.0442364 -0.0379452 -0.0534818 0.00819192 0.017572 0.0397567 -0.00336023 0.018454 -0.25151 0.0426616
internal_weight=3.02774e+06 1.55439e+06 1.47336e+06 136183 268957 256608 193705 1.33718e+06 823662 399864 423798 236054 3940 395924
internal_count=3027744 1554386 1473358 136183 268957 256608 193705 1337175 823662 399864 423798 236054 3940 395924
is_linear=0
shrinkage=0.02


Tree=95
num_leaves=15
num_cat=0
split_feature=9 8 0 8 9 4 9 0 8 1 4 0 9 4
split_gain=1.16582e+06 1.04074e+06 952468 908382 760182 757923 873313 748566 748142 713577 710841 1.23842e+06 1.27627e+06 767863
threshold=0.54481467604637157 -0.95380857586860646 1069.5000000000002 0.65120527148246776 -0.72811940312385548 -126.1949996948242 0.84602341055870067 2384.5000000000005 -0.62955906987190235 94.829212188720717 125.04500198364259 4837.5000000000009 0.23015601187944415 253.45999908447268
decision_type=2 2 2 2 2 2 2 2 2 2 2 2 2 2
left_child=1 7 -3 5 8 9 -7 -1 -4 -2 -6 13 -13 -12
right_child=3 2 4 -5 10 6 -8 -9 -10 -11 11 12 -14 -15
leaf_value=0.0027081408502465784 -0.029977507225685811 -0.014068812356346105 0.4286619738005969 0.44067518048259141 0.025225945677887732 -0.0092677998935265047 -0.24926320026038659 -0.061165829805312003 0.072476373999758509 -0.11631071668364552 -0.029374246662500703 0.033111955588191758 0.57955402689768853 -0.45834339762975773
leaf_weight=152597 110214 429212 2439 1686 1073115 571403 6120 141381 64481 58686 259631 153390 1719 1670
leaf_count=152597 110214 429212 2439 1686 1073115 571403 6120 141381 64481 58686 259631 153390 1719 1670
internal_value=-6.96036e-07 0.00710877 0.0123085 -0.0216645 0.0195824 -0.0227147 -0.0118153 -0.0280113 0.0855205 -0.0599801 0.0166194 -0.00556009 0.039205 -0.0321333
internal_weight=3.02774e+06 2.27964e+06 1.98566e+06 748109 1.55644e+06 746423 577523 293978 66920 168900 1.48952e+06 416410 155109 261301
internal_count=3027744 2279635 1985657 748109 1556445 746423 577523 293978 66920 168900 1489525 416410 155109 261301
is_linear=0
shrinkage=0.02


Tree=96
num_leaves=15
num_cat=0
split_feature=17 9 0 8 0 9 0 8 9 13 14 8 9 0
split_gain=1.14104e+06 1.22403e+06 862231 861678 768786 727088 648051 602058 592179 602227 1.52493e+06 583365 514546 451742
threshold=0.20278347283601764 0.54481467604637157 4443.5000000000009 -0.94326764345169056 1088.5000000000002 -0.72811940312385548 3232.5000000000005 0.65120527148246776 0.45621682703495031 6.0999999046325692 0.65154489874839794 -0.62955906987190235 0.84602341055870067 2092.5000000000005
decision_type=2 2 2 2 2 2 2 2 2 2 2 2 2 2
left_child=-1 3 7 6 -5 11 -2 12 9 10 -7 -6 -3 -9
right_child=1 2 -4 4 5 8 -8 13 -10 -11 -12 -13 -14 -15
leaf_value=0.054109210949418264 -0.0057255182950587567 -0.015111538379528309 -0.077492487546332464 -0.014285506922604004 0.42907121170176665 0.0096852898227067098 -0.06551626386406309 -0.053978589045314024 0.12051237974631653 -0.0056540301839855187 0.078338284301799455 0.072845072085046245 -0.18399064943675875 0.69192595938225065
leaf_weight=148243 226070 597156 108217 403898 1887 706362 106742 528 20522 480948 158438 60610 7295 828
leaf_count=148243 226070 597156 108217 403898 1887 706362 106742 528 20522 480948 158438 60610 7295 828
internal_value=-6.41449e-07 -0.00278652 -0.0254948 0.00470118 0.0100775 0.0169648 -0.0249035 -0.0162052 0.013913 0.0122865 0.0222638 0.083668 -0.0171528 0.403202
internal_weight=3.02774e+06 2.8795e+06 714024 2.16548e+06 1.83266e+06 1.42877e+06 332812 605807 1.36627e+06 1.34575e+06 864800 62497 604451 1356
internal_count=3027744 2879501 714024 2165477 1832665 1428767 332812 605807 1366270 1345748 864800 62497 604451 1356
is_linear=0
shrinkage=0.02


Tree=97
num_leaves=15
num_cat=0
split_feature=17 9 7 7 7 7 0 7 7 7 7 7 7 0
split_gain=1.09758e+06 1.1618e+06 3.42598e+06 2.49986e+06 2.87232e+06 4.80264e+06 2.6389e+06 2.40572e+06 2.50315e+06 4.18515e+06 1.4606e+06 1.79384e+06 1.5264e+06 1.43956e+06
threshold=0.1915620490908623 0.54481467604637157 12651.690429687502 10975.385253906252 11111.218750000002 11016.673339843752 2622.5000000000005 11208.158691406252 11283.981445312502 11241.354003906252 12293.167480468752 12494.988769531252 12531.045410156252 2880.5000000000005
decision_type=2 2 2 2 2 2 2 2 2 2 2 2 2 2
left_child=-1 -2 3 -3 5 -5 -7 -6 9 -9 -10 -12 -13 -14
right_child=1 2 -4 4 7 6 -8 8 10 -11 11 12 13 -15
leaf_value=0.058163701312153072 0.0047680461897519032 0.036879570182470532 0.16378092767920496 -0.035527294747480558 0.029430190466066757 -0.15303656423865003 -0.47936391318702315 -0.10689942603598658 -0.0017349774971377812 -0.53631854407664326 -0.37584929124568384 0.3041415590408324 -0.01645492392002262 -0.31769649359020596
leaf_weight=124429 2183878 151936 36663 56530 156714 19110 20616 70177 154918 10419 9519 3950 19484 9401
leaf_count=124429 2183878 151936 36663 56530 156714 19110 20616 70177 154918 10419 9519 3950 19484 9401
internal_value=-5.60301e-07 -0.00249354 -0.0245361 -0.0346505 -0.0551241 -0.153971 -0.322464 -0.0332273 -0.0685652 -0.162472 -0.0301929 -0.134258 -0.0641258 -0.114575
internal_weight=3.02774e+06 2.90332e+06 719437 682774 530838 96256 39726 434582 277868 80596 197272 42354 32835 28885
internal_count=3027744 2903315 719437 682774 530838 96256 39726 434582 277868 80596 197272 42354 32835 28885
is_linear=0
shrinkage=0.02


Tree=98
num_leaves=15
num_cat=0
split_feature=4 8 8 0 13 0 0 8 4 4 0 4 4 8
split_gain=1.03412e+06 932158 878783 1.17909e+06 697171 491318 452085 477117 440967 382295 378928 363793 358663 360321
threshold=-198.48500061035153 -0.99009916186332692 -0.99442258477210987 2363.5000000000005 -9.2999997138977033 5038.5000000000009 5542.5000000000009 -0.96539688110351551 1.235000014305115 -106.00500106811522 1009.5000000000001 -166.18499755859372 -272.92999267578119 -0.75194942951202381
decision_type=2 2 2 2 2 2 2 2 2 2 2 2 2 2
left_child=1 -1 3 9 10 8 -3 -8 11 -2 -4 -5 13 -9
right_child=2 6 4 5 -6 -7 7 12 -10 -11 -12 -13 -14 -15
leaf_value=0.23189626357163867 0.50041683870113163 -0.13719161601264132 -0.0059430243352021281 0.11648130615925599 -0.0016181486982154267 -0.31437595678542624 -0.93446648573675084 -0.085403121582290589 -0.45151703076410038 0.0029201190887911152 0.02789434503053342 -0.09085721237677398 -0.0043092935983862742 -0.39770048684763482
leaf_weight=3907 612 35572 168521 3549 1986625 4009 228 8813 1297 92486 617200 69821 33336 1768
leaf_count=3907 612 35572 168521 3549 1986625 4009 228 8813 1297 92486 617200 69821 33336 1768
internal_value=-6.43539e-07 -0.0693498 0.00196935 -0.0419266 0.00468929 -0.0989213 -0.0841416 -0.0413721 -0.0873124 0.00624413 0.0206369 -0.0808132 -0.0365233 -0.137914
internal_weight=3.02774e+06 83624 2.94412e+06 171774 2.77235e+06 78676 79717 44145 74667 93098 785721 73370 43917 10581
internal_count=3027744 83624 2944120 171774 2772346 78676 79717 44145 74667 93098 785721 73370 43917 10581
is_linear=0
shrinkage=0.02


Tree=99
num_leaves=15
num_cat=0
split_feature=17 5 0 0 0 17 13 8 5 0 3 8 6 8
split_gain=1.05566e+06 1.05415e+06 1.03512e+06 650762 640477 636964 1.16273e+06 482644 469702 449443 438854 425103 795486 419357
threshold=0.17811214178800586 -0.0074999998323619357 3915.5000000000005 8224.5000000000018 853.50000000000011 0.65286192297935497 9.7000002861022967 0.76014193892478954 0.077500000596046462 4913.5000000000009 6.0302438735961923 0.85705029964447033 102.84941864013673 0.81911528110504161
decision_type=2 2 2 2 2 2 2 2 2 2 2 2 2 2
left_child=-1 2 -2 4 -3 8 13 -4 10 11 -6 12 -10 -7
right_child=1 3 7 -5 5 6 -8 -9 9 -11 -12 -13 -14 -15
leaf_value=0.063652934924178325 -0.0065656102622618714 -0.018182189975830151 -0.055811497763636586 -0.21633309117483232 0.015104737437590653 0.17782024669409169 -0.06882141833702704 0.098615975825824001 0.02903098219758558 0.23467597456410655 -0.012217306732230577 -0.040590623437460095 0.28626078697415175 0.066972540132749753
leaf_weight=100739 918820 299624 262558 5159 1009250 24835 17840 8344 17498 6089 306580 13436 6623 30349
leaf_count=100739 918820 299624 262558 5159 1009250 24835 17840 8344 17498 6089 306580 13436 6623 30349
internal_value=-7.33185e-07 -0.00219172 -0.0166955 0.00774074 0.00840938 0.0139714 0.0715105 -0.0510515 0.0108802 0.0754208 0.00873882 0.0495451 0.0997498 0.116882
internal_weight=3.02774e+06 2.927e+06 1.18972e+06 1.73728e+06 1.73212e+06 1.4325e+06 73024 270902 1.35948e+06 43646 1.31583e+06 37557 24121 55184
internal_count=3027744 2927005 1189722 1737283 1732124 1432500 73024 270902 1359476 43646 1315830 37557 24121 55184
is_linear=0
shrinkage=0.02


Tree=100
num_leaves=15
num_cat=0
split_feature=4 7 7 7 8 0 6 7 7 7 4 8 4 8
split_gain=967246 1.05285e+06 4.96086e+06 2.27208e+06 1.60361e+06 1.41218e+06 1.36553e+06 1.32509e+06 3.34842e+06 3.41015e+06 2.15775e+06 3.69059e+06 1.44163e+06 2.05409e+06
threshold=-198.48500061035153 11198.682128906252 11255.992675781252 11220.772949218752 -0.95380857586860646 1914.5000000000002 109.49512100219728 11111.218750000002 11012.080078125002 10996.903320312502 -16.394999504089352 -0.85371255874633778 -166.18499755859372 -0.91953414678573597
decision_type=2 2 2 2 2 2 2 2 2 2 2 2 2 2
left_child=-1 7 3 6 -4 -5 -3 8 9 -2 11 -10 -11 -14
right_child=1 2 4 5 -6 -7 -8 -9 10 12 -12 -13 13 -15
leaf_value=-0.067070119024197808 0.0095514475160779419 -0.024437105275094153 -0.041218411524192894 -0.068789786215679091 0.013754458119524433 -0.25316641138540591 -0.17387277780754187 0.054653042624339766 0.13935608316091558 -0.30523642385158389 -0.027175296122769223 -0.29554669758619101 0.55924989121372437 0.15822484365423983
leaf_weight=83624 636719 133660 251271 26020 1366740 46017 29930 283953 9979 2265 77104 35731 5876 38855
leaf_count=83624 636719 133660 251271 26020 1366740 46017 29930 283953 9979 2265 77104 35731 5876 38855
internal_value=-6.81701e-07 0.00190456 -0.00726886 -0.0930049 0.00521716 -0.186588 -0.0517865 0.0174978 0.00441606 0.0216877 -0.0917305 -0.200592 0.186077 0.211018
internal_weight=3.02774e+06 2.94412e+06 1.85364e+06 235627 1.61801e+06 72037 163590 1.09048e+06 806529 683715 122814 45710 46996 44731
internal_count=3027744 2944120 1853638 235627 1618011 72037 163590 1090482 806529 683715 122814 45710 46996 44731
is_linear=0
shrinkage=0.02


Tree=101
num_leaves=15
num_cat=0
split_feature=5 0 0 0 5 4 4 1 5 4 13 4 6 0
split_gain=967360 889981 701022 668397 675109 580068 511944 828816 652622 482302 479776 460764 470906 448991
threshold=-0.0074999998323619357 3915.5000000000005 873.50000000000011 8224.5000000000018 0.072500001639127745 94.255001068115249 253.45999908447268 66.324493408203139 0.027499999850988392 99.454998016357436 8.5000000000000018 284.63999938964849 133.41083526611331 3450.5000000000005
decision_type=2 2 2 2 2 2 2 2 2 2 2 2 2 2
left_child=1 -1 -2 4 6 -3 10 8 -8 -7 13 12 -9 -4
right_child=2 5 3 -5 -6 9 7 11 -10 -11 -12 -13 -14 -15
leaf_value=-0.0044205667157022959 -0.017667241886346212 -0.050889631703363025 0.011645726375732354 -0.21133460071055296 0.075757995320166568 0.90571373939514166 -0.79568942174506518 -0.078957476140248603 -0.16329317786115588 0.073734083179490956 -0.0035244975762468312 0.10398804838017844 -0.57556634636363824 0.040032472601915413
leaf_weight=949844 316456 269087 612100 5185 71750 276 1082 6941 1640 11137 425296 5594 849 350507
leaf_count=949844 316456 269087 612100 5185 71750 276 1082 6941 1640 11137 425296 5594 849 350507
internal_value=-6.89552e-07 -0.0136645 0.00935238 0.0151262 0.0159233 -0.0449655 0.012865 -0.0992096 -0.416672 0.0946308 0.0141663 -0.0343808 -0.133752 0.0219823
internal_weight=3.02774e+06 1.23034e+06 1.7974e+06 1.48094e+06 1.47576e+06 280500 1.40401e+06 16106 2722 11413 1.3879e+06 13384 7790 962607
internal_count=3027744 1230344 1797400 1480944 1475759 280500 1404009 16106 2722 11413 1387903 13384 7790 962607
is_linear=0
shrinkage=0.02


Tree=102
num_leaves=15
num_cat=0
split_feature=17 9 8 0 0 8 9 1 1 14 8 1 0 1
split_gain=1.01224e+06 1.05062e+06 746895 737069 694534 689363 976286 1.31025e+06 616211 619533 601036 594946 583612 678410
threshold=0.20278347283601764 0.54481467604637157 -0.94326764345169056 4443.5000000000009 1088.5000000000002 0.6970425844192506 0.14036937057971957 41.491384506225593 111.57422637939455 0.72543603181839 0.95523449778556835 143.86406707763675 3232.5000000000005 112.1427345275879
decision_type=2 2 2 2 2 2 2 2 2 2 2 2 2 2
left_child=-1 2 12 -3 -4 11 8 -8 9 -7 -9 -6 -2 -14
right_child=1 3 4 -5 5 6 7 10 -10 -11 -12 -13 13 -15
leaf_value=0.050963833194269129 -0.0050505171492371912 -0.015074029498285207 -0.013838767786813949 -0.071738762917604462 0.041396030392892906 0.013826584807532204 0.72527492005634575 -0.60265511621516565 -0.021357213303714047 0.075627366400235777 -0.11606539942921376 0.34861804659072543 -0.080430612394955872 0.074553959183674259
leaf_weight=148243 226070 605807 403898 108217 273927 869839 716 1051 186534 70105 24060 2535 93908 12834
leaf_count=148243 226070 605807 403898 108217 273927 869839 716 1051 186534 70105 24060 2535 93908 12834
internal_value=-7.2165e-07 -0.00262466 0.00431239 -0.023663 0.00931784 0.015864 0.00905917 -0.112496 0.0118471 0.0184367 -0.136664 0.0442257 -0.0232501 -0.0617908
internal_weight=3.02774e+06 2.8795e+06 2.16548e+06 714024 1.83266e+06 1.42877e+06 1.1523e+06 25827 1.12648e+06 939944 25111 276462 332812 106742
internal_count=3027744 2879501 2165477 714024 1832665 1428767 1152305 25827 1126478 939944 25111 276462 332812 106742
is_linear=0
shrinkage=0.02


Tree=103
num_leaves=15
num_cat=0
split_feature=17 9 7 7 7 7 0 7 7 7 4 7 7 7
split_gain=973936 982613 3.32522e+06 2.39442e+06 2.68362e+06 4.45581e+06 2.50556e+06 2.23865e+06 2.31981e+06 2.6062e+06 2.1314e+06 1.46424e+06 1.74302e+06 1.49427e+06
threshold=0.17811214178800586 0.54481467604637157 12651.690429687502 10975.385253906252 11111.218750000002 11016.673339843752 2682.5000000000005 11208.158691406252 11305.878417968752 11236.239257812502 -95.284999847412095 12293.167480468752 12494.988769531252 12531.045410156252
decision_type=2 2 2 2 2 2 2 2 2 2 2 2 2 2
left_child=-1 -2 3 -3 5 -5 -7 -6 9 -9 -4 -10 -13 -14
right_child=1 2 10 4 7 6 -8 8 11 -11 -12 12 13 -15
leaf_value=0.061139432311433942 0.0045428656364527673 0.037380032230041764 0.40754103505725187 -0.033925235588469341 0.029184401024784319 -0.14835128585236437 -0.46574915405760009 -0.08160565597296883 0.002300372818083909 -0.32496204720796323 0.068502987408440172 -0.36800110557263205 0.29848977240125785 -0.11162546188334696
leaf_weight=100739 2202200 153421 10233 56815 157325 19574 20250 61196 151675 24707 26904 9562 4038 29105
leaf_count=100739 2202200 153421 10233 56815 157325 19574 20250 61196 151675 24707 26904 9562 4038 29105
internal_value=-6.80513e-07 -0.00210515 -0.0223039 -0.0322598 -0.0522588 -0.14764 -0.309821 -0.0311925 -0.0650823 -0.151629 0.162009 -0.0268288 -0.130263 -0.0615832
internal_weight=3.02774e+06 2.927e+06 724805 687668 534247 96639 39824 437608 280283 85903 37137 194380 42705 33143
internal_count=3027744 2927005 724805 687668 534247 96639 39824 437608 280283 85903 37137 194380 42705 33143
is_linear=0
shrinkage=0.02


Tree=104
num_leaves=15
num_cat=0
split_feature=17 4 7 7 7 4 7 7 7 4 8 4 8 4
split_gain=939517 901813 945588 4.48395e+06 2.12896e+06 2.5482e+06 1.41373e+06 3.04177e+06 3.41943e+06 1.88589e+06 3.4709e+06 1.38305e+06 1.95392e+06 2.1345e+06
threshold=0.16154386103153232 -198.48500061035153 11198.682128906252 11255.992675781252 11241.354003906252 10.105000019073488 11111.218750000002 11012.080078125002 10996.903320312502 -17.855000495910641 -0.85371255874633778 -166.18499755859372 -0.91953414678573597 -104.25500106811522
decision_type=2 2 2 2 2 2 2 2 2 2 2 2 2 2
left_child=-1 -2 6 4 -4 -6 7 8 -3 10 -9 -10 13 -13
right_child=1 2 3 -5 5 -7 -8 9 11 -11 -12 12 -14 -15
leaf_value=0.068687443445735949 -0.067331753818207732 0.0056043873470097575 -0.076085635838867918 0.003457261660464196 -0.50600226277315474 0.17654416497495568 0.053367998895944312 0.13839132438107873 -0.29781084220256487 -0.03024482509526704 -0.28602481495100096 1.0738399042892643 0.15636464930868829 0.27077674184976214
leaf_weight=77601 81682 620804 223183 1562599 9379 2847 282040 9855 2258 76304 35276 2017 38053 3846
leaf_count=77601 81682 620804 223183 1562599 9379 2847 282040 9855 2258 76304 35276 2017 38053 3846
internal_value=-7.07942e-07 -0.00180772 5.8352e-05 -0.00880185 -0.0901722 -0.347045 0.0149405 0.00119329 0.0179559 -0.0908687 -0.193337 0.183983 0.208818 0.548409
internal_weight=3.02774e+06 2.95014e+06 2.86846e+06 1.79801e+06 235409 12226 1.07045e+06 788413 666978 121435 45131 46174 43916 5863
internal_count=3027744 2950143 2868461 1798008 235409 12226 1070453 788413 666978 121435 45131 46174 43916 5863
is_linear=0
shrinkage=0.02


Tree=105
num_leaves=15
num_cat=0
split_feature=17 5 4 13 17 17 14 4 16 17 16 14 4 16
split_gain=909726 885715 723117 540788 1.304e+06 468629 460661 439796 386301 487342 597714 346539 328342 323982
threshold=0.20278347283601764 -0.022499999962747094 -198.48500061035153 6.2999999523162851 0.62695243954658519 0.53862759470939647 0.64241907000541698 -79.834999084472642 -18.100000381469723 0.47716167569160467 -3.1000000238418575 0.77337184548378002 20.175000190734867 -4.0999999046325675
decision_type=2 2 2 2 2 2 2 2 2 2 2 2 2 2
left_child=-1 2 -2 4 6 -5 -3 -7 -4 -10 -11 -6 -8 -9
right_child=1 3 8 5 11 7 12 13 9 10 -12 -13 -14 -15
leaf_value=0.048314343948020942 -0.084792121688277183 0.0013799596678371762 0.020127962726498666 -0.0023384691789007876 0.0631992745046141 -0.16236515071801197 -0.0038519691722118548 0.055595087801026961 -0.010192765832647976 0.0053682420067143214 -0.074138573535011063 0.15383207545421548 0.051279803042174006 -0.049128425995182801
leaf_weight=148243 62355 986587 113350 606299 70480 11939 62235 13890 536086 55591 118306 22192 141323 78868
leaf_count=148243 62355 986587 113350 606299 70480 11939 62235 13890 536086 55591 118306 22192 141323 78868
internal_value=-6.48113e-07 -0.00248818 -0.0191306 0.00490475 0.0126592 -0.00908619 0.00703205 -0.048158 -0.0141568 -0.0196306 -0.0487231 0.0849174 0.0344246 -0.0334421
internal_weight=3.02774e+06 2.8795e+06 885688 1.99381e+06 1.28282e+06 710996 1.19014e+06 104697 823333 709983 173897 92672 203558 92758
internal_count=3027744 2879501 885688 1993813 1282817 710996 1190145 104697 823333 709983 173897 92672 203558 92758
is_linear=0
shrinkage=0.02


Tree=106
num_leaves=15
num_cat=0
split_feature=7 8 7 9 7 7 7 0 7 7 7 7 7 7
split_gain=873284 1.86492e+06 1.7397e+06 1.52485e+06 2.56118e+06 2.56126e+06 4.14193e+06 2.37475e+06 2.01849e+06 2.78702e+06 3.38686e+06 1.3576e+06 1.87394e+06 1.6725e+06
threshold=12620.221679687502 0.83930236101150524 12762.339355468752 0.54481467604637157 10975.385253906252 11111.218750000002 11016.673339843752 2622.5000000000005 11210.792968750002 11283.981445312502 11241.354003906252 12293.167480468752 12494.988769531252 12531.045410156252
decision_type=2 2 2 2 2 2 2 2 2 2 2 2 2 2
left_child=3 -2 -3 -1 -5 6 -6 -8 -7 10 -10 -11 -13 -14
right_child=1 2 -4 4 5 8 7 -9 9 11 -12 12 13 -15
leaf_value=0.0057313594918901164 0.075686582612527614 0.021985160449045017 -0.26342117927313013 0.042040428325361597 -0.032872525457590014 0.025794471896054383 -0.13711928877413423 -0.44541653714346519 -0.11263197583272566 0.00092858990428668227 -0.50330395925900273 -0.36467443062716226 0.30340302043279893 -0.10787273266840047
leaf_weight=2140326 141999 22877 13623 160911 57553 170002 19204 20858 59148 166336 10436 9980 4547 29944
leaf_count=2140326 141999 22877 13623 160911 57553 170002 19204 20858 59148 166336 10436 9980 4547 29944
internal_value=-6.34062e-07 0.0429117 -0.0845803 -0.00268915 -0.0281116 -0.0487107 -0.141581 -0.297704 -0.0285799 -0.0615471 -0.171288 -0.0253169 -0.123462 -0.0535808
internal_weight=3.02774e+06 178499 36500 2.84924e+06 708919 548008 97615 40062 450393 280391 69584 210807 44471 34491
internal_count=3027744 178499 36500 2849245 708919 548008 97615 40062 450393 280391 69584 210807 44471 34491
is_linear=0
shrinkage=0.02


Tree=107
num_leaves=15
num_cat=0
split_feature=17 7 8 8 7 7 7 7 8 7 7 7 8 8
split_gain=871285 853712 2.5471e+06 1.51544e+06 1.12564e+06 1.11656e+06 3.75408e+06 1.91323e+06 2.372e+06 1.57521e+06 3.11648e+06 3.12922e+06 2.79134e+06 3.99224e+06
threshold=0.16154386103153232 12651.690429687502 0.83930236101150524 -0.80862879753112782 12762.339355468752 11200.212402343752 11255.992675781252 11241.354003906252 0.68684327602386486 11111.218750000002 11012.080078125002 10996.903320312502 -0.85371255874633778 0.44019871950149542
decision_type=2 2 2 2 2 2 2 2 2 2 2 2 2 2
left_child=-1 5 3 -3 -4 9 7 -7 -9 10 11 -2 -12 -14
right_child=1 2 4 -5 -6 6 -8 8 -10 -11 12 -13 13 -15
leaf_value=0.066146222621572368 0.0022171493972767877 -0.0082960593177242893 -0.011139259370768064 0.13201012430711898 -0.25819229686673484 -0.076417953842308914 -0.0028123262236639563 -0.48489510241392153 0.17294494875179622 0.050714629283333465 0.17525766982282573 0.17104177018483305 -0.27273450826531931 -0.031402216225831281
leaf_weight=77601 639205 48699 16081 83727 13621 214191 1449951 9463 2847 296138 13815 47146 44933 70326
leaf_count=77601 639205 48699 16081 83727 13621 214191 1449951 9463 2847 296138 13815 47146 44933 70326
internal_value=-7.19898e-07 -0.00174088 0.0428728 0.0804163 -0.124484 -0.0043354 -0.0146415 -0.0903625 -0.332734 0.0112081 -0.00313986 0.0138162 -0.093298 -0.1255
internal_weight=3.02774e+06 2.95014e+06 162128 132426 29702 2.78802e+06 1.67645e+06 226501 12310 1.11156e+06 815425 686351 129074 115259
internal_count=3027744 2950143 162128 132426 29702 2788015 1676452 226501 12310 1111563 815425 686351 129074 115259
is_linear=0
shrinkage=0.02


Tree=108
num_leaves=15
num_cat=0
split_feature=9 7 7 9 7 7 7 7 7 0 0 7 7 7
split_gain=813864 1.36261e+06 1.27212e+06 1.4768e+06 1.08224e+06 977231 3.31578e+06 1.8751e+06 2.81114e+06 2.16748e+06 1.7836e+06 1.72167e+06 1.59552e+06 1.74021e+06
threshold=-0.30268207192420954 12770.223632812502 12651.690429687502 0.58594399690628063 12810.345703125002 10942.675292968752 10842.659179687502 10940.767578125002 10927.158203125002 1992.5000000000002 3940.5000000000005 10985.184570312502 11186.986328125002 11241.354003906252
decision_type=2 2 2 2 2 2 2 2 2 2 2 2 2 2
left_child=1 5 -2 -4 -3 6 10 8 9 -8 -1 -7 -13 -14
right_child=2 4 3 -5 -6 11 7 -9 -10 -11 -12 12 13 -15
leaf_value=-0.052666113233936378 -0.013035225666574664 -0.20922789347243281 -0.0083363198749472484 0.15644417235803504 0.10886900947770931 -0.078760453980400963 0.040018230275858782 0.41327628121959969 -0.047408963661093963 0.30259145865834641 0.097536484372767657 0.065464248106641462 -0.058377525054642845 0.016432514557496284
leaf_weight=103495 1632283 18717 48885 39190 5538 87133 20516 9450 27761 32494 45525 193057 156401 607299
leaf_count=103495 1632283 18717 48885 39190 5538 87133 20516 9450 27761 32494 45525 193057 156401 607299
internal_value=-7.30319e-07 0.0118939 -0.0090401 0.0649939 -0.136583 0.0147016 0.0511596 0.146844 0.115624 0.200997 -0.00677623 0.00634569 0.0140972 0.00111129
internal_weight=3.02774e+06 1.30739e+06 1.72036e+06 88075 24255 1.28313e+06 239241 90221 80771 53010 149020 1.04389e+06 956757 763700
internal_count=3027744 1307386 1720358 88075 24255 1283131 239241 90221 80771 53010 149020 1043890 956757 763700
is_linear=0
shrinkage=0.02


Tree=109
num_leaves=15
num_cat=0
split_feature=4 7 7 7 7 0 7 7 9 7 0 9 4 7
split_gain=805600 836422 832406 3.29963e+06 1.96214e+06 1.64422e+06 1.60265e+06 2.68158e+06 4.53632e+06 2.83573e+06 2.17754e+06 1.97581e+06 1.81624e+06 1.46766e+06
threshold=-238.05999755859372 12504.404785156252 11192.689941406252 11305.878417968752 11208.158691406252 1560.5000000000002 11111.218750000002 11012.080078125002 0.52074289321899425 10996.903320312502 2702.5000000000005 0.39300885796546942 185.4049987792969 11367.486328125002
decision_type=2 2 2 2 2 2 2 2 2 2 2 2 2 2
left_child=1 -1 6 4 -4 -6 7 9 12 -2 -10 -11 -9 -5
right_child=2 -3 3 13 5 -7 -8 8 10 11 -12 -13 -14 -15
leaf_value=-0.12062313836372476 0.006604347848195369 0.27163909876469489 -0.007190564055836365 0.063216981431831271 -0.022248056607347379 -0.15125546848800039 0.06103404549396086 0.044401409053799842 -0.12347310174876686 0.28291521900206729 -0.41109953249056475 0.025103046039978455 -0.20126366675154198 -0.0014687993956780717
leaf_weight=33067 648579 2318 129578 155151 58597 121384 238172 70454 23921 26200 18814 21768 14508 1465233
leaf_count=33067 648579 2318 129578 155151 58597 121384 238172 70454 23921 26200 18814 21768 14508 1465233
internal_value=-6.67069e-07 -0.0948568 0.00112132 -0.00670513 -0.0665352 -0.109258 0.0153385 0.0021338 -0.0821148 0.01758 -0.250167 0.165949 0.00243298 0.00472517
internal_weight=3.02774e+06 35385 2.99236e+06 1.92994e+06 309559 179981 1.06242e+06 824244 127697 696547 42735 47968 84962 1.62038e+06
internal_count=3027744 35385 2992359 1929943 309559 179981 1062416 824244 127697 696547 42735 47968 84962 1620384
is_linear=0
shrinkage=0.02


Tree=110
num_leaves=15
num_cat=0
split_feature=16 7 7 7 0 17 7 7 7 7 7 0 7 7
split_gain=835104 847073 2.41219e+06 1.30411e+06 989505 855119 844337 1.94898e+06 1.84218e+06 2.61303e+06 2.16771e+06 1.6189e+06 1.3133e+06 1.29165e+06
threshold=-20.100000381469723 12160.130859375002 12045.062011718752 12075.718750000002 2244.5000000000005 0.1505244001746178 11684.184082031252 11740.422851562502 11203.687988281252 11255.992675781252 11405.892578125002 1540.5000000000002 11241.354003906252 11111.218750000002
decision_type=2 2 2 2 2 2 2 2 2 2 2 2 2 2
left_child=-1 2 5 4 -4 -2 8 -8 13 11 -11 -10 -13 -7
right_child=1 -3 3 -5 -6 6 7 -9 9 10 -12 12 -14 -15
leaf_value=0.030879381236780978 0.093216863490556801 0.020269387793243276 -0.066969205561166062 -0.038894768221411413 -0.22579833207175046 -0.008346064503124459 0.22263002572182161 0.012485487429744637 -0.012472791520043965 0.024617131368462372 -0.06499593038500788 -0.12139307932905721 -0.35033858581326721 0.040939949990172177
leaf_weight=313967 36465 488686 29028 110178 34167 730716 18624 335540 56430 267901 180857 114189 10981 300015
leaf_count=313967 36465 488686 29028 110178 34167 730716 18624 335540 56430 267901 180857 114189 10981 300015
internal_value=-6.72477e-07 -0.00357341 -0.00880996 -0.0804435 -0.152864 -0.00275646 -0.00449351 0.0235421 -0.0104712 -0.0374035 -0.011499 -0.101413 -0.141505 0.00599986
internal_weight=3.02774e+06 2.71378e+06 2.22509e+06 173373 63195 2.05172e+06 2.01525e+06 354164 1.66109e+06 630358 448758 181600 125170 1.03073e+06
internal_count=3027744 2713777 2225091 173373 63195 2051718 2015253 354164 1661089 630358 448758 181600 125170 1030731
is_linear=0
shrinkage=0.02


Tree=111
num_leaves=15
num_cat=0
split_feature=16 7 7 4 7 4 0 7 7 7 7 7 7 7
split_gain=802036 813532 2.31669e+06 1.42569e+06 1.25249e+06 1.02263e+06 950330 931405 817882 707083 2.03515e+06 1.7793e+06 2.76805e+06 1.8331e+06
threshold=-20.100000381469723 12160.130859375002 12045.062011718752 -170.43499755859372 12075.718750000002 -252.27499389648435 2244.5000000000005 12205.631347656252 11425.645507812502 11684.184082031252 11740.422851562502 11203.687988281252 11255.992675781252 11405.892578125002
decision_type=2 2 2 2 2 2 2 2 2 2 2 2 2 2
left_child=-1 2 5 -3 6 8 -4 -5 -2 11 -11 -7 -13 -14
right_child=1 3 4 7 -6 9 -8 -9 -10 10 -12 12 13 -15
leaf_value=0.0302618132933564 -0.12744880761913358 0.22423952682504703 -0.065630282800360887 0.082989429925010627 -0.03811694348203478 0.0090844191824670378 -0.22128368673600585 0.0027694978744641184 -0.75363761975215027 0.22231735789558535 0.012531198024385841 -0.099350197973831864 0.026152787637179681 -0.05650578194458919
leaf_weight=313967 15061 13272 29028 67459 110178 1041220 34167 407955 874 19533 345668 181679 269263 178420
leaf_count=313967 15061 13272 29028 67459 110178 1041220 34167 407955 874 19533 345668 181679 269263 178420
internal_value=-6.88348e-07 -0.00350198 -0.00863381 0.019864 -0.078835 -0.00270134 -0.149808 0.0141539 -0.162246 -0.00145171 0.0237576 -0.00696276 -0.0335111 -0.00679052
internal_weight=3.02774e+06 2.71378e+06 2.22509e+06 488686 173373 2.05172e+06 63195 475414 15935 2.03578e+06 365201 1.67058e+06 629362 447683
internal_count=3027744 2713777 2225091 488686 173373 2051718 63195 475414 15935 2035783 365201 1670582 629362 447683
is_linear=0
shrinkage=0.02


Tree=112
num_leaves=15
num_cat=0
split_feature=4 13 8 0 4 8 0 4 6 4 8 6 0 8
split_gain=749187 696727 521046 843195 671723 422030 397847 433288 334851 328491 1.05575e+06 672757 861442 747068
threshold=-238.05999755859372 -9.0999999046325666 -0.99442258477210987 2343.5000000000005 -213.245002746582 -0.75056561827659596 5128.5000000000009 -166.18499755859372 48.036645889282234 216.25000000000003 0.73413100838661205 103.51959609985353 3793.5000000000005 0.77619159221649181
decision_type=2 2 2 2 2 2 2 2 2 2 2 2 2 2
left_child=5 -2 3 -3 -5 -1 7 -6 -4 -10 -11 13 -13 -12
right_child=1 2 8 4 6 -7 -8 -9 9 10 11 12 -14 -15
leaf_value=-0.069209083819971082 0.016366688526628717 0.005504626632409625 -0.059288019254729679 0.289102351433148 0.12673876114315133 -0.30595067932882453 -0.3346721163984761 -0.11064671417662579 -0.00017305555716602404 0.11342287238533758 -0.2101816627077 0.59225752575149959 -0.42070835156312109 0.010941806581949235
leaf_weight=32069 852836 65761 40726 1737 3255 3316 2957 53485 1930966 10644 10215 356 4232 15189
leaf_count=32069 852836 65761 40726 1737 3255 3316 2957 53485 1930966 10644 10215 356 4232 15189
internal_value=-7.23953e-07 0.00108127 -0.00501169 -0.0442677 -0.0975382 -0.0914754 -0.108835 -0.0970084 -0.00253019 -0.00135748 -0.0576252 -0.118347 -0.340987 -0.0780193
internal_weight=3.02774e+06 2.99236e+06 2.13952e+06 127195 61434 35385 59697 56740 2.01233e+06 1.9716e+06 40636 29992 4588 25404
internal_count=3027744 2992359 2139523 127195 61434 35385 59697 56740 2012328 1971602 40636 29992 4588 25404
is_linear=0
shrinkage=0.02


Tree=113
num_leaves=15
num_cat=0
split_feature=17 9 4 9 9 13 14 0 14 0 0 4 0 9
split_gain=798172 804940 674662 784820 499509 512993 1.24196e+06 504656 465238 390167 366924 347570 357335 312573
threshold=0.20278347283601764 0.54481467604637157 -126.1949996948242 0.84602341055870067 0.45621682703495031 2.5000000000000004 0.63576629757881176 1069.5000000000002 0.77337184548378002 638.50000000000011 1520.5000000000002 -53.555000305175774 3211.5000000000005 -0.71335092186927784
decision_type=2 2 2 2 2 2 2 2 2 2 2 2 2 2
left_child=10 4 -3 -4 5 6 -2 -8 -9 -5 -1 12 -6 -7
right_child=1 2 3 9 11 13 7 8 -10 -11 -12 -13 -14 -15
leaf_value=-0.001626365652358369 0.0004271299158343059 -0.056936333348079932 -0.0077989113659272949 0.076058875820577493 0.24689089882066764 0.038490571705396548 -0.0032642515251610745 0.050679926337476318 0.13130063725718885 -0.31882691069038172 0.066371722983391168 -0.0066619692444832412 0.064173531456322985 -0.011060682624673711
leaf_weight=46039 918182 159891 548081 1260 7456 53965 56942 174665 34244 4792 102204 9802 10061 900160
leaf_count=46039 918182 159891 548081 1260 7456 53965 56942 174665 34244 4792 102204 9802 10061 900160
internal_value=-7.33047e-07 -0.00233076 -0.0207457 -0.0103023 0.00374126 0.00265527 0.0114492 0.0495153 0.0639009 -0.23662 0.0452551 0.0887047 0.142044 -0.00825768
internal_weight=3.02774e+06 2.8795e+06 714024 554133 2.16548e+06 2.13816e+06 1.18403e+06 265851 208909 6052 148243 27319 17517 954125
internal_count=3027744 2879501 714024 554133 2165477 2138158 1184033 265851 208909 6052 148243 27319 17517 954125
is_linear=0
shrinkage=0.02


Tree=114
num_leaves=15
num_cat=0
split_feature=17 16 9 17 8 6 0 16 0 8 9 4 0 4
split_gain=774084 745547 759664 789320 704950 670684 835563 578949 525231 664531 856835 1.34351e+06 1.06483e+06 1.09307e+06
threshold=0.1505244001746178 -20.100000381469723 0.54481467604637157 0.47716167569160467 -0.94326764345169056 114.90077590942384 3232.5000000000005 -4.0999999046325675 1146.5000000000002 0.70209196209907543 0.14036937057971957 118.69499969482423 3818.5000000000005 69.005001068115249
decision_type=2 2 2 2 2 2 2 2 2 2 2 2 2 2
left_child=-1 -2 4 -4 5 6 -3 -5 -6 -10 -11 12 13 -12
right_child=1 2 3 7 8 -7 -8 -9 9 10 11 -13 -14 -15
leaf_value=0.068114345259699935 0.028082643110240058 -0.012178018137415758 -0.011351611126413964 -0.0064088779366468585 -0.013972422676068299 0.07080492317675928 -0.08641247996956665 -0.089188741237450894 0.040702896135032023 0.0079704621899232848 -0.15953487853619736 0.238176437081313 -0.3685876780670912 0.30925428999837196
leaf_weight=65287 305567 191875 505123 49570 392141 25848 88674 106198 264848 1009149 9925 3645 7416 2478
leaf_count=65287 305567 191875 505123 49570 392141 25848 88674 106198 264848 1009149 9925 3645 7416 2478
internal_value=-7.00386e-07 -0.00150206 -0.00490468 -0.0234898 0.00124908 -0.0266616 -0.0356439 -0.062848 0.00631062 0.012441 0.00519194 -0.11426 -0.179166 -0.0657
internal_weight=3.02774e+06 2.96246e+06 2.65689e+06 660891 1.996e+06 306397 280549 155768 1.6896e+06 1.29746e+06 1.03261e+06 23464 19819 12403
internal_count=3027744 2962457 2656890 660891 1995999 306397 280549 155768 1689602 1297461 1032613 23464 19819 12403
is_linear=0
shrinkage=0.02


Tree=115
num_leaves=15
num_cat=0
split_feature=7 8 7 9 7 7 7 7 7 7 1 7 7 7
split_gain=768951 1.68283e+06 1.58112e+06 1.27853e+06 2.36379e+06 2.30957e+06 3.6208e+06 1.81114e+06 2.31332e+06 3.04387e+06 1.41704e+06 1.29804e+06 1.79147e+06 1.58885e+06
threshold=12620.221679687502 0.83930236101150524 12754.799804687502 0.54481467604637157 10975.385253906252 11111.218750000002 11016.673339843752 11210.792968750002 11283.981445312502 11241.354003906252 76.044696807861342 12293.167480468752 12494.988769531252 12531.045410156252
decision_type=2 2 2 2 2 2 2 2 2 2 2 2 2 2
left_child=3 -2 -3 -1 -5 6 -6 -7 9 -9 -8 -10 -13 -14
right_child=1 2 -4 4 5 7 10 8 11 -11 -12 12 13 -15
leaf_value=0.0051869658718119681 0.071400414382867455 0.051037040804923148 -0.21217136612105439 0.041592229556071607 -0.032140788431953712 0.025030425301822291 -0.12138666118764442 -0.10207855340473795 0.00096776771221318764 -0.47243838080633149 -0.36914246234730386 -0.35650859142224617 0.2956046962658409 -0.10525466166929799
leaf_weight=2140326 141999 18215 18285 160911 57553 170002 14463 59148 166336 10436 25599 9980 4547 29944
leaf_count=2140326 141999 18215 18285 160911 57553 170002 14463 59148 166336 10436 25599 9980 4547 29944
internal_value=-6.85372e-07 0.0402667 -0.080841 -0.00252349 -0.0258022 -0.0455916 -0.133781 -0.0264755 -0.0577036 -0.157684 -0.279752 -0.0246956 -0.120664 -0.0523378
internal_weight=3.02774e+06 178499 36500 2.84924e+06 708919 548008 97615 450393 280391 69584 40062 210807 44471 34491
internal_count=3027744 178499 36500 2849245 708919 548008 97615 450393 280391 69584 40062 210807 44471 34491
is_linear=0
shrinkage=0.02


Tree=116
num_leaves=15
num_cat=0
split_feature=4 9 8 0 9 0 8 9 9 8 4 8 1 8
split_gain=718493 831835 772380 1.03812e+06 683853 855826 803073 683244 673185 698273 592224 1.65471e+06 735347 739577
threshold=-198.48500061035153 0.14036937057971957 -0.99442258477210987 2363.5000000000005 0.54481467604637157 1069.5000000000002 0.65120527148246776 0.35140028595924383 -0.72811940312385548 -0.62955906987190235 225.66500091552737 0.73663246631622326 119.45204162597658 0.77373486757278453
decision_type=2 2 2 2 2 2 2 2 2 2 2 2 2 2
left_child=1 -1 3 -2 5 -4 -6 8 9 -7 -10 -12 13 -13
right_child=2 -3 4 -5 6 7 -8 -9 10 -11 11 12 -14 -15
leaf_value=0.22676298812381335 0.005687993851553508 -0.071779930744936687 -0.014175550457387411 -0.092990585034857146 -0.013672383536026098 0.40652660121816475 0.42205026779505028 0.061003180750575182 0.012346967162718544 0.062424251105731104 0.17993939338334841 -0.2346440061651687 -0.45653909249537655 -0.026964953692245785
leaf_weight=3907 93098 79717 454304 78676 714420 2439 1686 129299 1364946 64481 8675 10814 2549 18733
leaf_count=3907 93098 79717 454304 78676 714420 2439 1686 129299 1364946 64481 8675 10814 2549 18733
internal_value=-7.56212e-07 -0.057806 0.00164131 -0.0395115 0.00419127 0.0100532 -0.0126406 0.0169244 0.0130539 0.0750247 0.0101032 -0.0649989 -0.131238 -0.103028
internal_weight=3.02774e+06 83624 2.94412e+06 171774 2.77235e+06 2.05624e+06 716106 1.60194e+06 1.47264e+06 66920 1.40572e+06 40771 32096 29547
internal_count=3027744 83624 2944120 171774 2772346 2056240 716106 1601936 1472637 66920 1405717 40771 32096 29547
is_linear=0
shrinkage=0.02


Tree=117
num_leaves=15
num_cat=0
split_feature=17 13 14 0 0 17 13 17 17 0 14 3 14 14
split_gain=736493 669110 1.01227e+06 412175 337077 294776 838618 705452 669074 489980 353150 311367 243868 218960
threshold=0.12324878945946695 -9.0999999046325666 0.64788308739662182 8224.5000000000018 1009.5000000000001 0.4413669109344483 7.2999999523162851 0.68381312489509594 0.57749369740486156 2682.5000000000005 0.77337184548378002 3.7753376960754399 0.56581929326057445 0.79869180917739879
decision_type=2 2 2 2 2 2 2 2 2 2 2 2 2 2
left_child=12 2 -2 5 -4 -3 7 -7 -8 -10 -9 -11 -1 -6
right_child=1 3 4 -5 13 6 8 10 9 11 -12 -13 -14 -15
leaf_value=0.06025001680763839 0.0021843339800731928 -0.0013799160318605579 0.003513529455660178 -0.15060875427488754 0.059120109353768775 -0.003603017480792919 -0.021646510454346703 0.055211241093901811 -0.038994047115429711 -0.065190443816986451 0.2140046547320138 -0.16774633300958883 0.18481499085258865 0.13057499714840021
leaf_weight=34480 662008 1424155 40410 7971 128302 329532 246924 18295 50406 19515 8072 30185 7685 19804
leaf_count=34480 662008 1424155 40410 7971 128302 329532 246924 18295 50406 19515 8072 30185 7685 19804
internal_value=-7.10045e-07 -0.00117309 0.013828 -0.00714899 0.0547144 -0.00661068 -0.0172082 0.00436314 -0.0393303 -0.0829429 0.103888 -0.127499 0.0829922 0.068683
internal_weight=3.02774e+06 2.98558e+06 850524 2.13506e+06 188516 2.12708e+06 702929 355899 347030 100106 26367 49700 42165 148106
internal_count=3027744 2985579 850524 2135055 188516 2127084 702929 355899 347030 100106 26367 49700 42165 148106
is_linear=0
shrinkage=0.02


Tree=118
num_leaves=15
num_cat=0
split_feature=7 7 8 7 7 7 8 8 6 7 7 7 8 8
split_gain=736515 1.63167e+06 1.88794e+06 1.01162e+06 3.18747e+06 1.70813e+06 1.44406e+06 1.32132e+06 1.27194e+06 1.24862e+06 2.79812e+06 2.77255e+06 2.50011e+06 3.52886e+06
threshold=12620.221679687502 12747.715332031252 0.81911528110504161 11200.212402343752 11255.992675781252 11227.823730468752 -0.95380857586860646 0.67130485177040111 107.25411987304689 11111.218750000002 11012.080078125002 10996.903320312502 -0.91401654481887806 0.628044754266739
decision_type=2 2 2 2 2 2 2 2 2 2 2 2 2 2
left_child=3 -2 -3 9 5 8 -6 -7 -5 10 11 -1 -12 -14
right_child=1 2 -4 4 6 7 -8 -9 -10 -11 12 -13 13 -15
leaf_value=0.0046854653934042326 0.11340376168210289 0.036530038812421117 -0.16160075571126828 -0.028360864694792896 -0.049964364829008907 -0.26059484200236854 0.0064799550486451885 -0.038693040854364889 -0.16755597387456087 0.047341744749489705 0.17011658454679715 0.16218870320857406 -0.25220930759886001 -0.027042035646598715
leaf_weight=655416 71464 81903 25132 146197 211227 32461 1279401 16040 32000 298073 13698 47968 45815 70949
leaf_count=655416 71464 81903 25132 146197 211227 32461 1279401 16040 32000 298073 13698 47968 45815 70949
internal_value=-6.78379e-07 0.0394083 -0.010002 -0.0024697 -0.0121448 -0.0820125 -0.00151866 -0.187232 -0.0533652 0.0122091 -0.000350065 0.0154287 -0.0854161 -0.115406
internal_weight=3.02774e+06 178499 107035 2.84924e+06 1.71733e+06 226698 1.49063e+06 48501 178197 1.13192e+06 833846 703384 130462 116764
internal_count=3027744 178499 107035 2849245 1717326 226698 1490628 48501 178197 1131919 833846 703384 130462 116764
is_linear=0
shrinkage=0.02


Tree=119
num_leaves=15
num_cat=0
split_feature=7 8 8 4 9 7 7 7 7 7 7 7 7 1
split_gain=710982 2.18024e+06 1.33742e+06 2.20746e+06 1.16963e+06 2.23253e+06 2.15219e+06 3.30167e+06 1.69213e+06 2.12033e+06 1.81647e+06 1.38249e+06 2.25792e+06 1.35687e+06
threshold=12651.690429687502 0.84898290038108837 -0.80862879753112782 -96.604999542236314 0.54481467604637157 10975.385253906252 11111.218750000002 11016.673339843752 11210.792968750002 11305.878417968752 11236.239257812502 11763.148925781252 11684.184082031252 76.044696807861342
decision_type=2 2 2 2 2 2 2 2 2 2 2 2 2 2
left_child=4 2 -2 -4 -1 -6 7 -7 -8 10 -10 12 -11 -9
right_child=1 -3 3 -5 5 6 8 13 9 11 -12 -13 -14 -15
leaf_value=0.004999911351935918 -0.010638949245157825 -0.11734402483899854 0.39322633351417674 0.083280359942802654 0.040876994895842032 -0.031925333484455226 0.024386371812820776 -0.11341185206733123 -0.076948644631264537 -0.05989414349420142 -0.28564922672323273 -0.062198839318500856 0.15792321172065976 -0.35584441735253414
leaf_weight=2152287 48836 29016 10406 78280 160911 57553 170002 14463 50055 39442 25019 129097 36778 25599
leaf_count=2152287 48836 29016 10406 78280 160911 57553 170002 14463 50055 39442 25019 129097 36778 25599
internal_value=-6.94221e-07 0.0401695 0.0734098 0.119688 -0.00233896 -0.0246196 -0.0438518 -0.128983 -0.0253985 -0.0555831 -0.146529 -0.0223233 0.0452147 -0.268373
internal_weight=3.02774e+06 166538 137522 88686 2.86121e+06 708919 548008 97615 450393 280391 75074 205317 76220 40062
internal_count=3027744 166538 137522 88686 2861206 708919 548008 97615 450393 280391 75074 205317 76220 40062
is_linear=0
shrinkage=0.02


Tree=120
num_leaves=15
num_cat=0
split_feature=16 7 7 4 7 9 9 7 7 7 7 7 7 7
split_gain=707109 749437 2.33667e+06 1.42368e+06 1.22413e+06 1.24265e+06 970073 1.34198e+06 1.82694e+06 1.09938e+06 984254 2.89286e+06 1.60503e+06 2.89526e+06
threshold=-21.30000019073486 12160.130859375002 12045.062011718752 -170.43499755859372 12075.718750000002 0.60120347142219555 -0.13477987796068189 11684.184082031252 11740.422851562502 11523.473632812502 10877.847656250002 10931.044433593752 10704.640625000002 10762.993652343752
decision_type=2 2 2 2 2 2 2 2 2 2 2 2 2 2
left_child=-1 2 6 -3 5 -4 -2 9 -9 10 12 -12 -8 -14
right_child=1 3 4 -5 -6 -7 7 8 -10 -11 11 -13 13 -15
leaf_value=0.032078989520894045 0.012675282394609435 0.2206883370907142 -0.12728548321701116 0.013602376362821135 -0.03760033493392894 -0.54130628554848037 -0.081260363091382501 0.21516309805705194 0.012760996847387199 -0.39742975153102039 -0.18038244852842064 -0.020501522130790581 0.39817122385741799 0.033978094265678584
leaf_weight=251961 976870 13642 61770 486432 112364 3034 28262 19994 164788 3138 47971 800806 10771 45941
leaf_count=251961 976870 13642 61770 486432 112364 3034 28262 19994 164788 3138 47971 800806 10771 45941
internal_value=-7.07639e-07 -0.00291273 -0.00778426 0.019256 -0.0775309 -0.14675 -0.00189559 -0.0145855 0.0346721 -0.0243008 -0.0230426 -0.0295397 0.0418504 0.103206
internal_weight=3.02774e+06 2.77578e+06 2.27571e+06 500074 177168 64804 2.09854e+06 1.12167e+06 184782 936889 933751 848777 84974 56712
internal_count=3027744 2775783 2275709 500074 177168 64804 2098541 1121671 184782 936889 933751 848777 84974 56712
is_linear=0
shrinkage=0.02


Tree=121
num_leaves=15
num_cat=0
split_feature=17 16 9 17 17 0 9 13 17 17 9 6 0 9
split_gain=700155 667697 669951 711628 551854 537994 441910 429311 427814 419538 406708 597704 506224 373922
threshold=0.20278347283601764 -19.100000381469723 0.54481467604637157 0.47716167569160467 0.51943182945251476 1992.5000000000002 0.84602341055870067 1.6999999880790713 0.61032748222351085 0.68381312489509594 -0.71335092186927784 129.5068054199219 1441.5000000000002 0.35140028595924383
decision_type=2 2 2 2 2 2 2 2 2 2 2 2 2 2
left_child=-1 4 10 -4 -2 6 -5 9 -9 -7 11 12 -3 -12
right_child=1 2 3 5 -6 7 -8 8 -10 -11 13 -13 -14 -15
leaf_value=0.042385388194113256 0.0078620606471217751 -0.034541378527715501 -0.011640856217230169 -0.0029667015412067023 0.063578809499542754 -0.067431122497293827 -0.3330904532120274 -0.091671625542185289 -0.21766393458846589 0.12210349556223626 -0.0050345469468321838 0.2157660847038356 0.057223133565087431 0.026868826446070138
leaf_weight=148243 249141 36960 479212 55280 99500 38766 1661 35680 15458 5302 1625202 7007 68785 161547
leaf_count=148243 249141 36960 479212 55280 99500 38766 1661 35680 15458 5302 1625202 7007 68785 161547
internal_value=-7.22713e-07 -0.002183 -0.00575754 -0.0236058 0.0237647 -0.0612878 -0.0126537 -0.0903703 -0.129792 -0.0446045 0.000174962 0.0370134 0.0251492 -0.00214989
internal_weight=3.02774e+06 2.8795e+06 2.53086e+06 631359 348641 152147 56941 95206 51138 44068 1.8995e+06 112752 105745 1.78675e+06
internal_count=3027744 2879501 2530860 631359 348641 152147 56941 95206 51138 44068 1899501 112752 105745 1786749
is_linear=0
shrinkage=0.02


Tree=122
num_leaves=15
num_cat=0
split_feature=17 4 8 8 0 9 0 9 8 9 8 4 9 8
split_gain=679848 671208 793907 640225 972067 597845 733204 618277 615411 589490 599418 574098 1.48764e+06 721261
threshold=0.12324878945946695 -198.48500061035153 -0.9818095564842223 -0.99442258477210987 2384.5000000000005 0.54481467604637157 1069.5000000000002 0.35140028595924383 0.65120527148246776 -0.72811940312385548 -0.62955906987190235 225.66500091552737 -0.67629325389862049 0.88782846927642833
decision_type=2 2 2 2 2 2 2 2 2 2 2 2 2 2
left_child=-1 2 -2 4 -3 6 -5 9 -7 10 -8 -11 -13 -14
right_child=1 3 -4 5 -6 8 7 -9 -10 11 -12 12 13 -15
leaf_value=0.07973672225363497 0.21907416903654725 0.0062833463306799144 -0.071273598663388643 -0.014229345695342229 -0.089769383476645523 -0.013888042407707744 0.3988474248770239 0.057252694382608757 0.39273165022145679 0.010503476737820325 0.058500380890281374 0.17303903522382094 -0.19770389328422272 0.0034462547747552657
leaf_weight=42165 3947 93148 78590 448443 76955 704865 2130 125967 1482 1346609 63577 8222 20797 10847
leaf_count=42165 3947 93148 78590 448443 76955 704865 2130 125967 1482 1346609 63577 8222 20797 10847
internal_value=-7.23346e-07 -0.00112712 -0.0573638 0.000471945 -0.0371737 0.00281521 0.00833771 0.0147504 -0.0130293 0.0110632 0.0695926 0.00828891 -0.0664989 -0.128773
internal_weight=3.02774e+06 2.98558e+06 82537 2.90304e+06 170103 2.73294e+06 2.02659e+06 1.57815e+06 706347 1.45218e+06 65707 1.38648e+06 39866 31644
internal_count=3027744 2985579 82537 2903042 170103 2732939 2026592 1578149 706347 1452182 65707 1386475 39866 31644
is_linear=0
shrinkage=0.02


Tree=123
num_leaves=15
num_cat=0
split_feature=7 7 9 9 7 7 7 0 7 7 7 7 7 7
split_gain=670888 1.8333e+06 2.09819e+06 1.0592e+06 2.12118e+06 2.04466e+06 3.15789e+06 2.13773e+06 1.63868e+06 2.01236e+06 2.81897e+06 1.23026e+06 1.71042e+06 1.50802e+06
threshold=12651.690429687502 12747.715332031252 0.71458885073661815 0.54481467604637157 10975.385253906252 11111.218750000002 11016.673339843752 2603.5000000000005 11210.792968750002 11283.981445312502 11241.354003906252 12293.167480468752 12494.988769531252 12531.045410156252
decision_type=2 2 2 2 2 2 2 2 2 2 2 2 2 2
left_child=3 -2 -3 -1 -5 6 -6 -8 -7 10 -10 -11 -13 -14
right_child=1 2 -4 4 5 8 7 -9 9 11 -12 12 13 -15
leaf_value=0.0047117958028757845 0.1280092028478064 -0.035776979082806838 0.29916337798320214 0.040367495889123348 -0.030277732590439622 0.024757580199463582 -0.10815927590007197 -0.40073391910386053 -0.093678355827448559 0.0018314480290713142 -0.4500913392622099 -0.34702962252729153 0.28915618866853421 -0.10137296201048278
leaf_weight=2152287 59503 98952 8083 160911 57553 170002 19071 20991 59148 166336 10436 9980 4547 29944
leaf_count=2152287 59503 98952 8083 160911 57553 170002 19071 20991 59148 166336 10436 9980 4547 29944
internal_value=-6.4121e-07 0.0390205 -0.0104574 -0.00227202 -0.0234748 -0.0422211 -0.125199 -0.26152 -0.0242348 -0.0539389 -0.147189 -0.0231527 -0.116582 -0.0498195
internal_weight=3.02774e+06 166538 107035 2.86121e+06 708919 548008 97615 40062 450393 280391 69584 210807 44471 34491
internal_count=3027744 166538 107035 2861206 708919 548008 97615 40062 450393 280391 69584 210807 44471 34491
is_linear=0
shrinkage=0.02


Tree=124
num_leaves=15
num_cat=0
split_feature=7 7 8 9 7 7 7 7 7 8 7 7 7 8
split_gain=659326 2.60119e+06 1.27234e+06 986353 1.36935e+06 2.00264e+06 1.05814e+06 2.88313e+06 1.68813e+06 2.11524e+06 2.03142e+06 1.62063e+06 3.01656e+06 3.02758e+06
threshold=12160.130859375002 12045.062011718752 0.98550301790237438 -0.15299023687839505 11684.184082031252 11740.422851562502 10877.847656250002 10931.044433593752 11012.080078125002 -0.91953414678573597 11034.800292968752 10704.640625000002 10762.993652343752 -0.78596645593643177
decision_type=2 2 2 2 2 2 2 2 2 2 2 2 2 2
left_child=1 3 -3 -1 6 -6 11 -8 9 -9 -10 -5 13 -13
right_child=-2 2 -4 4 5 -7 7 8 10 -11 -12 12 -14 -15
leaf_value=0.01562335340794155 0.019839281948405365 -0.10599920217842047 0.011926166677484131 -0.07410540997589421 0.21268785570188858 0.014281199912332385 -0.17209513503122437 0.35291265417431578 -0.19241699437714879 0.022928248592152648 -0.024526208033608009 0.013085889432905911 0.033645028572439804 0.64553490364857014
leaf_weight=1062529 548596 141048 49416 31748 22885 183041 51553 8162 30102 158097 675989 5215 52153 7210
leaf_count=1062529 548596 141048 49416 31748 22885 183041 51553 8162 30102 158097 675989 5215 52153 7210
internal_value=-6.79854e-07 -0.00439102 -0.0754043 0.00151899 -0.0107032 0.0363399 -0.0201988 -0.0267757 -0.0181859 0.0391482 -0.0316864 0.0428785 0.100393 0.38031
internal_weight=3.02774e+06 2.47915e+06 190464 2.28868e+06 1.22616e+06 205926 1.02023e+06 923903 872350 166259 706091 96326 64578 12425
internal_count=3027744 2479148 190464 2288684 1226155 205926 1020229 923903 872350 166259 706091 96326 64578 12425
is_linear=0
shrinkage=0.02


Tree=125
num_leaves=15
num_cat=0
split_feature=7 7 7 8 7 7 7 8 4 4 8 4 7 7
split_gain=652317 2.56423e+06 1.75277e+06 1.82885e+06 1.5261e+06 2.41609e+06 2.64683e+06 2.31937e+06 4.02625e+06 1.78852e+06 1.78282e+06 2.05356e+06 1.45222e+06 2.5655e+06
threshold=11192.689941406252 11313.050781250002 11367.486328125002 -0.95380857586860646 11111.218750000002 11012.080078125002 10996.903320312502 -0.91667112708091725 -27.634999275207516 -166.18499755859372 -0.91953414678573597 -104.25500106811522 11435.369140625002 11408.886230468752
decision_type=2 2 2 2 2 2 2 2 2 2 2 2 2 2
left_child=4 -2 -3 12 5 6 -1 -7 -9 -8 11 -11 13 -4
right_child=1 2 3 -5 -6 7 9 8 -10 10 -12 -13 -14 -15
leaf_value=0.0039498093372143427 -0.058473197298834545 0.069616312624533924 -0.08311320230783395 0.0059528243143421545 0.057186460100431928 0.16741365741412015 -0.29550276995055091 -0.27802512258210776 -0.026961959721492491 1.0305689533833686 0.14152442497323908 0.24354162593020331 -0.027017685313911292 -0.44515837738469066
leaf_weight=655416 321829 145200 44576 1272710 238172 13643 3237 37737 79082 2018 38855 3858 161922 9489
leaf_count=655416 321829 145200 44576 1272710 238172 13643 3237 37737 79082 2018 38855 3858 161922 9489
internal_value=-6.14371e-07 -0.00687362 0.00329024 -0.00317928 0.012538 -0.000215458 0.0144467 -0.0792614 -0.108082 0.157841 0.190707 0.515126 -0.0569883 -0.146727
internal_weight=3.02774e+06 1.95573e+06 1.6339e+06 1.4887e+06 1.07202e+06 833846 703384 130462 116819 47968 44731 5876 215987 54065
internal_count=3027744 1955726 1633897 1488697 1072018 833846 703384 130462 116819 47968 44731 5876 215987 54065
is_linear=0
shrinkage=0.02


Tree=126
num_leaves=15
num_cat=0
split_feature=7 7 7 7 7 17 7 5 7 7 7 6 7 7
split_gain=649837 671464 2.44846e+06 1.16197e+06 975456 845325 860114 877490 950278 2.01215e+06 1.08355e+06 1.05365e+06 801858 1.12102e+06
threshold=10063.905273437502 12160.130859375002 12045.062011718752 12075.718750000002 12205.631347656252 0.12324878945946695 12005.891601562502 -0.027499999850988385 11197.296875000002 11255.992675781252 11412.059082031252 101.29705047607423 11132.860351562502 11012.080078125002
decision_type=2 2 2 2 2 2 2 2 2 2 2 2 2 2
left_child=-1 2 5 -4 -3 -2 7 -7 12 11 -11 -10 13 -9
right_child=1 4 3 -5 -6 6 -8 8 9 10 -12 -13 -14 -15
leaf_value=0.1454022386846299 0.1097736988995691 0.082361007118418872 -0.13879222957952395 -0.036302540520210307 0.0081213232835437594 -0.024132895629029295 0.054966140591839477 0.020265100185182162 -0.043111373720124198 0.044023924420908543 -0.013591360799124628 -0.15726705824007106 0.053793462012751626 -0.053133051468680144
leaf_weight=12235 28072 83495 69905 120559 465101 590869 106011 495088 132767 200062 375829 42753 204952 100046
leaf_count=12235 28072 83495 69905 120559 465101 590869 106011 495088 132767 200062 375829 42753 204952 100046
internal_value=-5.68426e-07 -0.000591007 -0.00504155 -0.0739242 0.0194218 0.000721961 -0.000640072 -0.0033919 0.00450716 -0.0116441 0.00642432 -0.0709248 0.0196758 0.00792566
internal_weight=3.02774e+06 3.01551e+06 2.46691e+06 190464 548596 2.27645e+06 2.24838e+06 2.14237e+06 1.5515e+06 751411 575891 175520 800086 595134
internal_count=3027744 3015509 2466913 190464 548596 2276449 2248377 2142366 1551497 751411 575891 175520 800086 595134
is_linear=0
shrinkage=0.02


Tree=127
num_leaves=15
num_cat=0
split_feature=16 7 7 7 9 9 7 7 7 7 7 7 7 9
split_gain=638092 663607 2.14495e+06 1.12132e+06 1.23193e+06 826990 1.2059e+06 1.73916e+06 1.0441e+06 894365 2.75022e+06 1.52176e+06 2.73944e+06 2.54561e+06
threshold=-22.100000381469723 12160.130859375002 12045.062011718752 12075.718750000002 0.60120347142219555 -0.13477987796068189 11684.184082031252 11740.422851562502 11523.473632812502 10877.847656250002 10931.044433593752 10704.640625000002 10762.993652343752 0.61826810240745556
decision_type=2 2 2 2 2 2 2 2 2 2 2 2 2 2
left_child=-1 2 5 4 -4 -2 8 -8 9 11 -11 -7 13 -13
right_child=1 -3 3 -5 -6 6 7 -9 -10 10 -12 12 -14 -15
leaf_value=0.034397977841043634 0.011932741967685265 0.018209363908111061 -0.11964103071512389 -0.035326201199920887 -0.52768340840887751 -0.078306223475125197 0.20745604122604838 0.01202040490512709 -0.38522436919768399 -0.17319611892633943 -0.018391812612551191 0.018475832988765369 0.032577995257062689 0.63553399373987118
leaf_weight=201351 994073 509698 62915 114275 3097 28925 20409 168634 3148 48637 814563 4534 46973 6512
leaf_count=201351 994073 509698 62915 114275 3097 28925 20409 168634 3148 48637 814563 4534 46973 6512
internal_value=-5.53313e-07 -0.00245121 -0.00699683 -0.0732415 -0.138862 -0.00140625 -0.013014 0.0331295 -0.0221648 -0.0209579 -0.0271162 0.0401793 0.0992531 0.382501
internal_weight=3.02774e+06 2.82639e+06 2.3167e+06 180287 66012 2.13641e+06 1.14234e+06 189043 953292 950144 863200 86944 58019 11046
internal_count=3027744 2826393 2316695 180287 66012 2136408 1142335 189043 953292 950144 863200 86944 58019 11046
is_linear=0
shrinkage=0.02


Tree=128
num_leaves=15
num_cat=0
split_feature=7 7 7 7 7 9 7 9 7 6 9 7 9 7
split_gain=621918 636614 1.03581e+06 2.03175e+06 1.47889e+06 3.78336e+06 2.38918e+06 2.0038e+06 1.72659e+06 2.41666e+06 1.65309e+06 1.29889e+06 810622 2.67295e+06
threshold=10063.905273437502 10630.448242187502 10885.485839843752 10842.659179687502 10776.799804687502 0.61151722073555004 10762.993652343752 0.58594399690628063 10687.838867187502 50.342420578002937 -0.37912024557590479 10641.953613281252 -0.51523202657699574 10937.204589843752
decision_type=2 2 2 2 2 2 2 2 2 2 2 2 2 2
left_child=-1 -2 3 4 5 8 -7 10 9 -3 -6 -11 -4 -14
right_child=1 2 12 -5 7 6 -8 -9 -10 11 -12 -13 13 -15
leaf_value=0.14224445178319914 -0.072334249289988356 -0.17914801303745115 0.014129713658132967 0.14112580114556492 -0.073330500286039393 0.6043258093725391 0.09190756267395786 -0.28900632379908564 -0.10236998970612052 0.47918903733667406 0.13777649991540167 0.12702730511212168 -0.13670315007918857 -0.0054523274797621188
leaf_weight=12235 48648 9217 800054 60291 51815 7571 7009 12284 32384 5220 20779 21126 64180 1874931
leaf_count=12235 48648 9217 800054 60291 51815 7571 7009 12284 32384 5220 20779 21126 64180 1874931
internal_value=-5.6625e-07 -0.000578182 0.000598645 0.0415853 0.00572928 0.066011 0.358226 -0.0528833 0.00326406 0.0994577 -0.0128932 0.196958 -0.00280854 -0.00979711
internal_weight=3.02774e+06 3.01551e+06 2.96686e+06 227696 167405 82527 14580 84878 67947 35563 72594 26346 2.73916e+06 1.93911e+06
internal_count=3027744 3015509 2966861 227696 167405 82527 14580 84878 67947 35563 72594 26346 2739165 1939111
is_linear=0
shrinkage=0.02


Tree=129
num_leaves=15
num_cat=0
split_feature=4 17 16 8 4 17 16 0 17 8 4 17 17 8
split_gain=623638 605095 581109 394643 1.65518e+06 622648 788172 597193 539265 457902 446074 442796 394572 383710
threshold=-272.92999267578119 0.16154386103153232 -20.100000381469723 0.58100306987762462 -71.994998931884751 0.47716167569160467 -1.4999999999999998 2661.5000000000005 0.66709575057029735 -0.37483672797679896 38.194999694824226 0.57749369740486156 0.51943182945251476 0.6970425844192506
decision_type=2 2 2 2 2 2 2 2 2 2 2 2 2 2
left_child=-1 -2 12 5 -5 9 8 -8 -7 10 -4 -9 -3 -6
right_child=1 2 3 4 13 6 7 11 -10 -11 -12 -13 -14 -15
leaf_value=-0.14178103617043883 0.055733834718257103 0.010853645489938819 -0.0025460735415985757 0.75733013235897817 0.041800926228512905 -0.015452067179075379 -0.02859010900455116 -0.064429741961537765 0.10260709356048069 -0.10231401067012018 0.3859185956780975 -0.15643448272736726 0.061265359629617093 -0.00018443091280570691
leaf_weight=12349 77513 216067 874006 1153 93056 94752 94759 52549 18487 18586 1174 34788 87150 1351355
leaf_count=12349 77513 216067 874006 1153 93056 94752 94759 52549 18487 18586 1174 34788 87150 1351355
internal_value=-4.96569e-07 0.000580601 -0.000874738 -0.00389233 0.00312802 -0.0124268 -0.0376028 -0.0633668 0.00382904 -0.00410731 -0.00202055 -0.101091 0.0253445 0.00252073
internal_weight=3.02774e+06 3.0154e+06 2.93788e+06 2.63466e+06 1.44556e+06 1.1891e+06 295335 182096 113239 893766 875180 87337 303217 1.44441e+06
internal_count=3027744 3015395 2937882 2634665 1445564 1189101 295335 182096 113239 893766 875180 87337 303217 1444411
is_linear=0
shrinkage=0.02


Tree=130
num_leaves=15
num_cat=0
split_feature=7 8 8 4 7 4 7 7 7 7 4 8 7 8
split_gain=615170 2.06938e+06 1.22386e+06 2.11681e+06 964668 998598 915995 882527 2.74797e+06 1.5259e+06 1.30916e+06 1.80046e+06 1.27529e+06 1.76137e+06
threshold=12651.690429687502 0.84898290038108837 -0.80862879753112782 -96.604999542236314 12762.339355468752 51.245000839233406 12833.731933593752 11200.212402343752 11255.992675781252 11220.772949218752 -144.07500457763669 -0.96539688110351551 11367.486328125002 -0.95380857586860646
decision_type=2 2 2 2 2 2 2 2 2 2 2 2 2 2
left_child=7 2 6 -4 -3 -6 -2 10 9 -9 11 -1 -10 -14
right_child=1 4 3 -5 5 -7 -8 8 12 -11 -12 -13 13 -15
leaf_value=0.25853719013352477 0.014977602167950996 -0.010936811856294063 0.38188114107766369 0.07836759142889882 -0.61301233565724556 -0.16051144151813254 -0.30328760909979896 -0.040439292126103706 0.048506693051816797 -0.15164052869082945 0.017731719515944159 -0.089255102558111435 -0.068382417378594795 0.00067502397320516301
leaf_weight=6424 44912 15847 10406 78280 2375 10794 3924 154074 180430 72624 1045656 79839 169445 1152714
leaf_count=6424 44912 15847 10406 78280 2375 10794 3924 154074 180430 72624 1045656 79839 169445 1152714
internal_value=-4.26954e-07 0.0373652 0.0697495 0.11402 -0.116091 -0.242524 -0.0106516 -0.00217544 -0.011162 -0.0760684 0.0115537 -0.0633278 -0.00136899 -0.00817566
internal_weight=3.02774e+06 166538 137522 88686 29016 13169 48836 2.86121e+06 1.72929e+06 226698 1.13192e+06 86263 1.50259e+06 1.32216e+06
internal_count=3027744 166538 137522 88686 29016 13169 48836 2861206 1729287 226698 1131919 86263 1502589 1322159
is_linear=0
shrinkage=0.02


Tree=131
num_leaves=15
num_cat=0
split_feature=4 7 7 7 4 4 7 7 7 8 4 4 8 4
split_gain=594312 619960 2.36076e+06 2.80698e+06 1.97824e+06 1.87945e+06 1.35685e+06 2.06535e+06 2.52428e+06 2.1305e+06 3.54078e+06 1.69469e+06 1.72107e+06 1.97543e+06
threshold=-272.92999267578119 11192.689941406252 11326.603515625002 11345.829101562502 57.354999542236335 86.485000610351577 11111.218750000002 11012.080078125002 10996.903320312502 -0.85371255874633778 -27.634999275207516 -166.18499755859372 -0.91953414678573597 -104.25500106811522
decision_type=2 2 2 2 2 2 2 2 2 2 2 2 2 2
left_child=-1 6 -3 4 -4 -6 7 8 -2 -9 -11 -10 13 -13
right_child=1 2 3 -5 5 -7 -8 9 11 10 -12 12 -14 -15
leaf_value=-0.13840728779552219 0.0039867863397863345 -0.05354218267183377 0.040949179841381307 0.0007625665961477953 0.79463962562712198 0.24102153543473631 0.05488747158594029 0.16160687133746104 -0.28700414077686864 -0.26489792950305158 -0.02598061149147958 1.0105736561592749 0.13795802250222861 0.2386631844236661
leaf_weight=12349 653456 345778 12701 1576177 3422 8652 238172 13839 3237 36148 79082 2018 38855 3858
leaf_count=12349 653456 345778 12701 1576177 3422 8652 238172 13839 3237 36148 79082 2018 38855 3858
internal_value=-4.60461e-07 0.00056681 -0.00615222 0.00408345 0.21527 0.398457 0.0128065 0.000737786 0.0142675 -0.0727845 -0.100946 0.154288 0.18628 0.505031
internal_weight=3.02774e+06 3.0154e+06 1.94673e+06 1.60095e+06 24775 12074 1.06866e+06 830493 701424 129069 115230 47968 44731 5876
internal_count=3027744 3015395 1946730 1600952 24775 12074 1068665 830493 701424 129069 115230 47968 44731 5876
is_linear=0
shrinkage=0.02


Tree=132
num_leaves=15
num_cat=0
split_feature=17 7 7 8 8 4 7 4 9 7 7 7 7 7
split_gain=594121 607022 594744 1.96177e+06 1.21874e+06 1.77181e+06 891444 897469 875691 1.61291e+06 1.59085e+06 2.46456e+06 1.75653e+06 1.50912e+06
threshold=0.22080328315496447 10063.905273437502 12651.690429687502 0.83930236101150524 -0.80862879753112782 -99.924999237060533 12762.339355468752 51.245000839233406 0.56046268343925487 10975.385253906252 11111.218750000002 11016.673339843752 11210.792968750002 11283.981445312502
decision_type=2 2 2 2 2 2 2 2 2 2 2 2 2 2
left_child=-1 -2 8 4 -4 -6 -5 -8 -3 -10 11 -11 -12 -14
right_child=1 2 3 6 5 -7 7 -9 9 10 12 -13 13 -15
leaf_value=0.033637745711220676 0.13964072167257388 0.0014026967445106694 -0.0098327056847360879 -0.010586636649321699 0.38436307959747212 0.08389165227970112 -0.59039835432268373 -0.15745601076465268 0.033280057349453634 -0.030383295527396822 0.02558671357570081 -0.23794882807176002 -0.13822159063648731 -0.028344757009916753
leaf_weight=196392 11985 2006124 48365 15828 8841 69526 2305 11179 146577 55404 164752 38975 68841 182650
leaf_count=196392 11985 2006124 48365 15828 8841 69526 2305 11179 146577 55404 164752 38975 68841 182650
internal_value=-3.23935e-07 -0.00233369 -0.00293772 0.0350106 0.0691155 0.117834 -0.112416 -0.231849 -0.00516124 -0.0251976 -0.0419844 -0.116116 -0.0251732 -0.0584259
internal_weight=3.02774e+06 2.83135e+06 2.81937e+06 156044 126732 78367 29312 13484 2.66332e+06 657199 510622 94379 416243 251491
internal_count=3027744 2831352 2819367 156044 126732 78367 29312 13484 2663323 657199 510622 94379 416243 251491
is_linear=0
shrinkage=0.02


Tree=133
num_leaves=15
num_cat=0
split_feature=13 14 7 7 0 7 7 7 0 7 6 7 0 7
split_gain=580611 861273 583266 921321 587017 561906 628530 660622 951366 654776 951841 490232 487700 517836
threshold=-9.2999997138977033 0.64788308739662182 12620.221679687502 12747.715332031252 1165.5000000000002 12549.336914062502 12494.988769531252 12293.167480468752 2051.5000000000005 12456.649414062502 73.834930419921889 12504.404785156252 8224.5000000000018 11203.687988281252
decision_type=2 2 2 2 2 2 2 2 2 2 2 2 2 2
left_child=1 -1 5 4 -4 6 7 12 -9 -10 -11 -8 13 -2
right_child=2 -3 3 -5 -6 -7 11 8 9 10 -12 -13 -14 -15
leaf_value=0.0032846583098481369 0.0052146723102670994 0.051726069096173416 -0.014709562532094133 -0.0065982603746133697 0.14312764555905219 -0.087791811838989514 0.19129079610038779 0.040594802206241475 -0.29464286596023548 -0.46001830394212911 0.15884205847692914 0.031707189678342268 -0.16860077323327283 -0.015881390909630692
leaf_weight=664996 810638 188401 12621 79328 37190 34771 8729 10238 10741 1374 3519 64825 7480 1092893
leaf_count=664996 810638 188401 12621 79328 37190 34771 8729 10238 10741 1374 3519 64825 7480 1092893
internal_value=-3.50613e-07 0.0139794 -0.00548722 0.0357341 0.10314 -0.0080902 -0.0067113 -0.00889062 -0.109257 -0.207352 -0.0155194 0.0506694 -0.00753125 -0.00689743
internal_weight=3.02774e+06 853397 2.17435e+06 129139 49811 2.04521e+06 2.01044e+06 1.93688e+06 25872 15634 4893 73554 1.91101e+06 1.90353e+06
internal_count=3027744 853397 2174347 129139 49811 2045208 2010437 1936883 25872 15634 4893 73554 1911011 1903531
is_linear=0
shrinkage=0.02


Tree=134
num_leaves=15
num_cat=0
split_feature=17 16 13 17 17 8 0 16 16 6 0 0 6 16
split_gain=578826 558784 417907 1.18869e+06 1.12155e+06 653526 580916 355833 263221 262755 342305 259582 267108 248823
threshold=0.12324878945946695 -22.100000381469723 3.8999999761581425 0.65286192297935497 0.53862759470939647 1.0000000180025095e-35 2682.5000000000005 11.299999713897707 13.299999713897707 66.219779968261733 1679.5000000000002 1580.5000000000002 48.036645889282234 -4.2999999523162833
decision_type=2 2 2 2 2 2 2 2 2 2 2 2 2 2
left_child=-1 11 3 -3 -4 6 -6 -7 9 -5 -11 -2 -13 -8
right_child=1 2 4 8 5 7 13 -9 -10 10 -12 12 -14 -15
leaf_value=0.073574679164502679 -0.00082273515734847833 -0.00042459585241600778 -0.0044312767546187395 0.0053749629908803557 -0.046338159162456212 0.024585747640878185 -0.019568214378204381 -0.056897475426592604 -0.039817023237397067 0.040510430815056994 0.14588326251435113 -0.1418545129423488 0.052069934939730694 -0.1715178782269357
leaf_weight=42165 66120 1513437 1032559 11251 39652 37309 4893 50367 6483 18367 37582 2896 128257 36406
leaf_count=42165 66120 1513437 1032559 11251 39652 37309 4893 50367 6483 18367 37582 2896 128257 36406
internal_value=-3.71213e-07 -0.00103971 -0.00334121 0.00339474 -0.0122414 -0.0600619 -0.101034 -0.0222246 0.081833 0.0935734 0.111305 0.0314887 0.0477772 -0.153525
internal_weight=3.02774e+06 2.98558e+06 2.78831e+06 1.58712e+06 1.20119e+06 168627 80951 87676 73683 67200 55949 197273 131153 41299
internal_count=3027744 2985579 2788306 1587120 1201186 168627 80951 87676 73683 67200 55949 197273 131153 41299
is_linear=0
shrinkage=0.02


Tree=135
num_leaves=15
num_cat=0
split_feature=5 9 6 13 14 17 17 5 14 3 9 13 17 9
split_gain=579926 524500 581997 519532 773583 488510 359556 412806 617014 336831 247457 239553 345915 229617
threshold=0.077500000596046462 -0.67379364371299733 102.84941864013673 -9.2999997138977033 0.64788308739662182 0.7278977930545808 0.25177776813507086 -0.022499999962747094 0.66559085249900829 6.6010460853576669 -0.89691269397735585 1.1000000238418581 0.56563714146614086 0.23015601187944415
decision_type=2 2 2 2 2 2 2 2 2 2 2 2 2 2
left_child=3 2 5 4 -1 -2 -5 8 -8 10 -9 -10 -13 -3
right_child=1 13 -4 6 -6 -7 7 9 11 -11 -12 12 -14 -15
leaf_value=0.0019416438797869851 0.023513893597788035 0.017043518368925713 0.29004823510699895 0.017553403645752811 0.048460099462277979 0.64778145304333512 -0.014526996064911354 -0.14159232854457723 -0.016829969226728678 -0.025263899687741054 0.0022984884975665431 -0.059397732598288691 -0.15756781094635974 0.38011830837396204
leaf_weight=652228 9635 40452 7310 223219 183137 519 513644 4792 23599 224334 1078510 44452 21214 699
leaf_count=652228 9635 40452 7310 223219 183137 519 513644 4792 23599 224334 1078510 44452 21214 699
internal_value=-3.73297e-07 0.0622912 0.154095 -0.00123031 0.0121404 0.0560299 -0.00646495 -0.00927123 -0.0229623 -0.00295857 0.00166067 -0.071493 -0.0911319 0.0233021
internal_weight=3.02774e+06 58615 17464 2.96913e+06 835365 10154 2.13376e+06 1.91054e+06 602909 1.30764e+06 1.0833e+06 89265 65666 41151
internal_count=3027744 58615 17464 2969129 835365 10154 2133764 1910545 602909 1307636 1083302 89265 65666 41151
is_linear=0
shrinkage=0.02


Tree=136
num_leaves=15
num_cat=0
split_feature=7 7 7 7 7 9 4 9 7 6 9 7 7 4
split_gain=565059 624535 949933 1.94886e+06 1.42208e+06 3.62071e+06 3.2917e+06 1.92075e+06 1.65269e+06 2.3154e+06 1.5862e+06 1.24202e+06 990344 947170
threshold=10063.905273437502 10630.448242187502 10885.485839843752 10842.659179687502 10776.799804687502 0.61151722073555004 -82.834999084472642 0.58594399690628063 10687.838867187502 50.342420578002937 -0.37912024557590479 10641.953613281252 10726.607421875002 38.194999694824226
decision_type=2 2 2 2 2 2 2 2 2 2 2 2 2 2
left_child=-1 -2 3 4 5 8 -7 10 9 -3 -6 -11 -8 -5
right_child=1 2 -4 13 7 6 12 -9 -10 11 -12 -13 -14 -15
leaf_value=0.13558654625903979 -0.071622914868394616 -0.1761151875372213 -0.0026481638602290718 0.059430095369097886 -0.072775978366544369 0.76396601197733316 0.81955039215087899 -0.28390549586358999 -0.10087063743401549 0.468008858760046 0.1340155172320269 0.12364462248839667 0.071435319218841678 0.21801204315386413
leaf_weight=12235 48648 9217 2739165 30674 51815 5019 760 12284 32384 5220 20779 21126 8801 29617
leaf_count=12235 48648 9217 2739165 30674 51815 5019 760 12284 32384 5220 20779 21126 8801 29617
internal_value=-2.9834e-07 -0.000550877 0.000614731 0.0398656 0.00474865 0.0638613 0.349726 -0.0527271 0.00247805 0.0965908 -0.0135743 0.192027 0.131699 0.137355
internal_weight=3.02774e+06 3.01551e+06 2.96686e+06 227696 167405 82527 14580 84878 67947 35563 72594 26346 9561 60291
internal_count=3027744 3015509 2966861 227696 167405 82527 14580 84878 67947 35563 72594 26346 9561 60291
is_linear=0
shrinkage=0.02


Tree=137
num_leaves=15
num_cat=0
split_feature=7 7 7 0 7 7 7 7 7 1 7 7 7 0
split_gain=557983 2.28422e+06 1.07515e+06 957760 943476 782252 843239 2.46034e+06 1.42109e+06 1.24619e+06 1.18117e+06 1.26513e+06 1.2504e+06 1.09148e+06
threshold=12160.130859375002 12045.062011718752 12075.718750000002 2092.5000000000005 12205.631347656252 12005.891601562502 11200.212402343752 11255.992675781252 11220.772949218752 109.68396759033205 11367.486328125002 11326.603515625002 11345.829101562502 1914.5000000000002
decision_type=2 2 2 2 2 2 2 2 2 2 2 2 2 2
left_child=1 5 3 -3 -2 6 -1 8 9 -8 11 -9 -13 -10
right_child=4 2 -4 -5 -6 -7 7 10 13 -11 -12 12 -14 -15
leaf_value=0.010867639123583435 0.080150366556927144 -0.046894776130480473 -0.034396011299821443 -0.19664963479951744 0.0071378161187281653 0.054027807071620491 -0.013536744179663083 -0.028532162128837562 -0.041497136727573311 -0.1703716818791986 -0.010650515489922465 0.21097945662399839 0.051708057092682738 -0.20321192987049344
leaf_weight=1131919 83495 29727 120559 40178 465101 108037 130078 59179 26020 23996 641600 24775 96476 46604
leaf_count=1131919 83495 29727 120559 40178 465101 108037 130078 59179 26020 23996 641600 24775 96476 46604
internal_value=-1.54094e-07 -0.00403901 -0.070585 -0.132983 0.0182514 0.00149921 -0.00110347 -0.0140242 -0.0723559 -0.0379723 0.00206309 0.0472702 0.0842666 -0.145286
internal_weight=3.02774e+06 2.47915e+06 190464 69905 548596 2.28868e+06 2.18065e+06 1.04873e+06 226698 154074 822030 180430 121251 72624
internal_count=3027744 2479148 190464 69905 548596 2288684 2180647 1048728 226698 154074 822030 180430 121251 72624
is_linear=0
shrinkage=0.02


Tree=138
num_leaves=15
num_cat=0
split_feature=4 5 16 9 4 9 9 1 1 4 9 9 17 9
split_gain=556465 568060 503778 489813 461766 1.49574e+06 1.20726e+06 794401 554497 474100 458055 441774 437348 423098
threshold=-272.92999267578119 0.077500000596046462 -22.100000381469723 -0.67379364371299733 253.45999908447268 -0.66576555371284474 -0.63895034790039051 108.33688354492189 65.295005798339858 284.63999938964849 0.84602341055870067 0.23015601187944415 0.22080328315496447 -0.27306067943572992
decision_type=2 2 2 2 2 2 2 2 2 2 2 2 2 2
left_child=-1 2 -2 -3 10 -6 8 13 -7 -9 12 -5 -4 -8
right_child=1 3 4 11 5 6 7 9 -10 -11 -12 -13 -14 -15
leaf_value=-0.13392744763295242 0.030309990771585148 0.15094209139683609 0.028809976048011006 0.016637579850563335 0.15268980486942499 -1.0450917226295722 -0.061996979414759221 -0.8878135721183118 -0.41821103763203632 -0.21625434260746329 -0.16018436216624854 0.57350852107816086 -0.0038748569771182217 0.56992459660082795
leaf_weight=12349 196004 17464 174933 40452 6053 750 6789 719 2316 1015 7312 568 2560578 442
leaf_count=12349 196004 17464 174933 40452 6053 750 6789 719 2316 1015 7312 568 2560578 442
internal_value=-1.73126e-07 0.000548737 -0.000672184 0.0622676 -0.0028718 -0.103576 -0.232529 -0.115076 -0.574463 -0.498221 -0.00220745 0.0244869 -0.00178459 -0.0226338
internal_weight=3.02774e+06 3.0154e+06 2.95691e+06 58484 2.76091e+06 18084 12031 8965 3066 1734 2.74282e+06 41020 2.73551e+06 7231
internal_count=3027744 3015395 2956911 58484 2760907 18084 12031 8965 3066 1734 2742823 41020 2735511 7231
is_linear=0
shrinkage=0.02


Tree=139
num_leaves=15
num_cat=0
split_feature=5 16 5 13 14 14 14 6 14 3 14 13 14 13
split_gain=533528 498467 384206 284550 815676 357395 307472 212976 199833 176569 165462 561144 347381 127861
threshold=0.077500000596046462 -22.100000381469723 -0.027499999850988385 8.5000000000000018 0.76656135916709911 0.67451539635658275 0.61860302090644848 50.342420578002937 0.86594891548156749 6.3821744918823251 0.57505166530609142 -4.9000000953674308 0.70767194032669078 3.5000000000000004
decision_type=2 2 2 2 2 2 2 2 2 2 2 2 2 2
left_child=1 7 10 4 6 -5 9 -1 -2 -4 -3 -12 -13 -14
right_child=8 2 3 5 -6 -7 -8 -9 -10 -11 11 12 13 -15
leaf_value=-0.10542892732579134 0.055207333675850512 -0.0080972138464132891 0.0022811641088195801 -0.0036687059819340501 0.089135524613466494 -0.046249862802891152 0.021538725123186379 0.032814786381646241 0.36084000378675646 -0.01904855351242548 0.0093735916091019587 -0.033999841870652227 -0.03289162378059439 -0.11977855737797195
leaf_weight=4554 57756 467843 840644 549668 46010 92039 293667 191903 859 190391 106336 146447 8686 30941
leaf_count=4554 57756 467843 840644 549668 46010 92039 293667 191903 859 190391 106336 146447 8686 30941
internal_value=-2.6242e-07 -0.00117998 -0.00336134 0.00121464 0.00636035 -0.00977671 0.00348471 0.0296049 0.0597475 -0.00165771 -0.015474 -0.0272758 -0.0482193 -0.100747
internal_weight=3.02774e+06 2.96913e+06 2.77267e+06 2.01242e+06 1.37071e+06 641707 1.3247e+06 196457 58615 1.03104e+06 760253 292410 186074 39627
internal_count=3027744 2969129 2772672 2012419 1370712 641707 1324702 196457 58615 1031035 760253 292410 186074 39627
is_linear=0
shrinkage=0.02


Tree=140
num_leaves=15
num_cat=0
split_feature=4 16 8 0 4 0 4 4 0 4 13 4 8 0
split_gain=532212 484864 377036 718109 904444 422138 450590 420618 621635 376731 334067 322280 316887 273491
threshold=-272.92999267578119 -22.100000381469723 -0.99442258477210987 2343.5000000000005 -213.245002746582 5128.5000000000009 -166.18499755859372 -198.48500061035153 5542.5000000000009 2.0849999189376835 8.5000000000000018 -106.00500106811522 -0.95706567168235768 1520.5000000000002
decision_type=2 2 2 2 2 2 2 2 2 2 2 2 2 2
left_child=12 13 3 11 -5 6 -6 8 -4 -8 -9 -3 -1 -2
right_child=1 2 7 4 5 -7 9 10 -10 -11 -12 -13 -14 -15
leaf_value=-0.50331836252705031 -0.0032657207827219278 0.50335357039939244 -0.11308763133965266 0.29590198837189274 0.12519233713482047 -0.29714511685254602 -0.082198846264894543 0.0063851253355659615 0.012420623002611236 -0.42747239314834679 -0.009041245157997771 0.0058447998333942125 -0.10331598952437063 0.046654680368598871
leaf_weight=842 64794 514 31785 2541 4171 3631 67189 1761760 31345 1279 824210 86079 11507 136097
leaf_count=842 64794 514 31785 2541 4171 3631 67189 1761760 31345 1279 824210 86079 11507 136097
internal_value=-2.4384e-07 0.000536571 -0.0016061 -0.0309004 -0.0745781 -0.0869584 -0.0764121 0.000223077 -0.0507785 -0.0887104 0.00146835 0.00885593 -0.130976 0.0305542
internal_weight=3.02774e+06 3.0154e+06 2.8145e+06 165404 78811 76270 72639 2.6491e+06 63130 68468 2.58597e+06 86593 12349 200891
internal_count=3027744 3015395 2814504 165404 78811 76270 72639 2649100 63130 68468 2585970 86593 12349 200891
is_linear=0
shrinkage=0.02


Tree=141
num_leaves=15
num_cat=0
split_feature=7 7 0 7 7 7 6 7 7 7 7 7 7 0
split_gain=548422 1.62472e+06 995175 746206 2.38793e+06 1.3646e+06 1.29287e+06 1.15541e+06 1.21275e+06 1.19467e+06 1.07612e+06 2.0502e+06 2.44537e+06 1.06992e+06
threshold=12651.690429687502 12747.715332031252 1225.5000000000002 11200.212402343752 11255.992675781252 11220.772949218752 109.49512100219728 11367.486328125002 11326.603515625002 11345.829101562502 11111.218750000002 11012.080078125002 10996.903320312502 2901.5000000000005
decision_type=2 2 2 2 2 2 2 2 2 2 2 2 2 2
left_child=3 2 -2 10 5 6 -5 8 -6 -10 11 12 -1 -13
right_child=1 -3 -4 4 7 -7 -8 -9 9 -11 -12 13 -14 -15
leaf_value=0.0023279812394754237 -0.013641659543547796 -0.011298039350716414 0.16945737563779964 -0.010218958457039138 -0.027931195105879516 -0.14228850783046199 -0.16185447978028872 -0.0076672154145352731 0.20636493405527201 0.050682847613349707 0.043186005890930482 -0.023026622691702477 0.15024638562644557 -0.13838072605776913
leaf_weight=655416 16382 107035 43121 126740 59179 72624 27334 1322159 24775 96476 298073 72929 47968 57533
leaf_count=655416 16382 107035 43121 126740 59179 72624 27334 1322159 24775 96476 298073 72929 47968 57533
internal_value=-2.74841e-07 0.03528 0.119054 -0.0020539 -0.0103173 -0.0708225 -0.0371292 -0.00118835 0.0462853 0.0825076 0.0105704 -0.00108894 0.0124175 -0.073904
internal_weight=3.02774e+06 166538 59503 2.86121e+06 1.72929e+06 226698 154074 1.50259e+06 180430 121251 1.13192e+06 833846 703384 130462
internal_count=3027744 166538 59503 2861206 1729287 226698 154074 1502589 180430 121251 1131919 833846 703384 130462
is_linear=0
shrinkage=0.02


Tree=142
num_leaves=15
num_cat=0
split_feature=5 4 8 8 6 8 4 8 4 6 4 8 16 14
split_gain=514790 489514 1.59692e+06 1.22251e+06 887070 567313 495516 484616 574530 484987 465162 451920 425429 387416
threshold=0.072500001639127745 253.45999908447268 0.74616098403930675 0.7692478895187379 108.13460922241212 0.75552397966384899 284.63999938964849 0.85705029964447033 198.66500091552737 102.84941864013673 -238.05999755859372 0.96152326464653026 -22.100000381469723 0.65343809127807628
decision_type=2 2 2 2 2 2 2 2 2 2 2 2 2 2
left_child=1 10 -3 5 11 -4 -6 9 -9 -2 13 -5 -12 -1
right_child=7 2 3 4 6 -7 -8 8 -10 -11 12 -13 -14 -15
leaf_value=-0.039909560065963141 0.048569161146373142 0.17594011398445467 -0.17873544343556 -0.059301798803441629 -0.91592506915043925 -0.74616775001518654 -0.23567453995652277 0.01950431107462693 -0.23483762310689205 0.18453020565258918 0.028947347354201292 0.55797598376021174 -0.0019209410608318348 -0.20601550549542386
leaf_weight=28231 38327 5582 1047 6974 717 2197 1067 27979 4059 14448 191240 499 2698373 7004
leaf_count=28231 38327 5582 1047 6974 717 2197 1067 27979 4059 14448 191240 499 2698373 7004
internal_value=-2.63927e-07 -0.00140034 -0.10511 -0.230647 -0.113292 -0.564147 -0.512664 0.0485753 -0.0127817 0.085819 -0.00075879 -0.0173906 0.000122066 -0.0729777
internal_weight=3.02774e+06 2.94293e+06 18083 12501 9257 3244 1784 84813 32038 52775 2.92485e+06 7473 2.88961e+06 35235
internal_count=3027744 2942931 18083 12501 9257 3244 1784 84813 32038 52775 2924848 7473 2889613 35235
is_linear=0
shrinkage=0.02


Tree=143
num_leaves=15
num_cat=0
split_feature=7 7 7 7 0 7 0 0 8 6 7 8 8 8
split_gain=537503 603397 886572 1.86874e+06 1.46622e+06 1.7789e+06 1.68262e+06 823300 911472 806346 1.44533e+06 1.70257e+06 1.40287e+06 981173
threshold=10063.905273437502 10630.448242187502 10885.485839843752 10842.659179687502 3940.5000000000005 10676.442871093752 6664.5000000000009 1342.5000000000002 0.99928829073905956 50.342420578002937 10776.799804687502 -0.80862879753112782 0.58100306987762462 -0.68419089913368214
decision_type=2 2 2 2 2 2 2 2 2 2 2 2 2 2
left_child=-1 -2 3 4 9 -6 -7 -5 -9 -3 13 -12 -13 -11
right_child=1 2 -4 7 5 6 -8 8 -10 10 11 12 -14 -15
leaf_value=0.13223908221686803 -0.070396284334644829 -0.16744396806813838 -0.0025438366187069484 0.022300737570672628 0.33658135918054227 0.098036705248653155 -0.34492757201827651 0.19387617151224157 -0.60622578756207002 0.19193213499174783 0.21307174271125004 -0.26866809186160612 -0.047299043975086566 0.0012795280068232941
leaf_weight=12235 48648 14498 2739165 18364 10475 21387 4075 41359 568 18447 7874 14866 49764 26019
leaf_count=12235 48648 14498 2739165 18364 10475 21387 4075 41359 568 18447 7874 14866 49764 26019
internal_value=-3.64789e-07 -0.000537351 0.000608362 0.0385276 0.00414016 0.117332 0.0270353 0.133991 0.182894 -0.0268073 -0.00936293 -0.0644167 -0.0982517 0.0803988
internal_weight=3.02774e+06 3.01551e+06 2.96686e+06 227696 167405 35937 25462 60291 41927 131468 116970 72504 64630 44466
internal_count=3027744 3015509 2966861 227696 167405 35937 25462 60291 41927 131468 116970 72504 64630 44466
is_linear=0
shrinkage=0.02


Tree=144
num_leaves=15
num_cat=0
split_feature=17 5 9 9 6 17 0 6 8 0 6 8 8 0
split_gain=535829 452833 592713 435897 430288 444726 358265 345085 375890 536341 609647 408057 498993 847841
threshold=0.12324878945946695 0.082499999552965178 -0.67629325389862049 0.84602341055870067 102.84941864013673 0.7278977930545808 4872.5000000000009 45.521247863769538 -0.95380857586860646 3473.5000000000005 114.90077590942384 -0.83855623006820668 -0.71335092186927784 2167.5000000000005
decision_type=2 2 2 2 2 2 2 2 2 2 2 2 2 2
left_child=-1 3 4 7 5 -3 -4 -2 9 -9 -11 -10 13 -13
right_child=1 2 6 -5 -6 -7 -8 8 11 10 -12 12 -14 -15
leaf_value=0.070789212245300936 -0.055822698647694013 0.029363145000561985 -0.01008856678189542 -0.15529440413902948 0.31479083565500982 0.7166944738614619 0.2256976457911625 -0.0061079403209118076 0.024346364189326772 -0.089707408647850789 0.081258633872474367 0.0096335182958199282 0.0045035704652057005 -0.037949387434329802
leaf_weight=42165 46048 5967 24120 7381 5468 392 2876 214586 284974 65947 9543 271494 1712674 334109
leaf_count=42165 46048 5967 24120 7381 5468 392 2876 214586 284974 65947 9543 271494 1712674 334109
internal_value=-3.78256e-07 -0.00100037 0.0668505 -0.00189453 0.184851 0.0727955 0.0151043 -0.00150879 -0.000644178 -0.0222393 -0.0680867 0.0017622 -0.00101404 -0.016618
internal_weight=3.02774e+06 2.98558e+06 38823 2.94676e+06 11827 6359 26996 2.93938e+06 2.89333e+06 290076 75490 2.60325e+06 2.31828e+06 605603
internal_count=3027744 2985579 38823 2946756 11827 6359 26996 2939375 2893327 290076 75490 2603251 2318277 605603
is_linear=0
shrinkage=0.02


Tree=145
num_leaves=15
num_cat=0
split_feature=7 7 8 0 7 9 7 9 8 7 0 9 7 7
split_gain=533262 2.16685e+06 1.13322e+06 933818 906022 840509 756567 984914 1.15336e+06 1.8196e+06 860583 828874 762793 3.02254e+06
threshold=12160.130859375002 12045.062011718752 0.98550301790237438 1952.5000000000002 12205.631347656252 0.70080488920211803 12005.891601562502 0.30185525119304663 -0.82075369358062733 12032.813476562502 951.50000000000011 -0.13477987796068189 10942.675292968752 10940.767578125002
decision_type=2 2 2 2 2 2 2 2 2 2 2 2 2 2
left_child=1 6 3 -3 -2 -6 11 -8 9 10 -9 12 13 -1
right_child=4 2 -4 -5 5 -7 7 8 -10 -11 -12 -13 -14 -15
leaf_value=0.02825055101903072 0.078500258110021245 -0.035510846724373851 0.013654761606144112 -0.1402664605420442 -0.00012670898029423953 0.10907194284954649 0.0115903267320342 0.017271791955230972 -0.042762320036578448 0.026432850274055241 0.44205585363974265 -0.012620047821065088 0.0019481295257671913 0.38834708893878178
leaf_weight=249443 83495 57407 49416 83641 434962 30139 73371 2299 9802 11339 11226 1165674 755854 9676
leaf_count=249443 83495 57407 49416 83641 434962 30139 73371 2299 9802 11339 11226 1165674 755854 9676
internal_value=-2.96039e-07 -0.00394867 -0.0687624 -0.0976363 0.0178424 0.00695162 0.00144539 0.0531044 0.14094 0.213349 0.369918 -0.0011142 0.0121 0.0417118
internal_weight=3.02774e+06 2.47915e+06 190464 141048 548596 465101 2.28868e+06 108037 34666 24864 13525 2.18065e+06 1.01497e+06 259119
internal_count=3027744 2479148 190464 141048 548596 465101 2288684 108037 34666 24864 13525 2180647 1014973 259119
is_linear=0
shrinkage=0.02


Tree=146
num_leaves=15
num_cat=0
split_feature=17 4 13 17 17 4 14 16 18 16 4 14 14 4
split_gain=509766 488559 444722 1.25906e+06 839644 788793 440621 374932 341270 325917 310180 305919 221739 206637
threshold=0.12324878945946695 -272.92999267578119 2.5000000000000004 0.62695243954658519 0.55469539761543285 -52.104999542236321 0.63077637553215038 11.299999713897707 0.075209405273199095 -4.2999999523162833 20.175000190734867 0.66342735290527355 0.56581929326057445 189.52500152587893
decision_type=2 2 2 2 2 2 2 2 2 2 2 2 2 2
left_child=12 11 3 6 13 9 -3 -7 -5 -6 -8 -2 -1 -4
right_child=1 2 4 8 5 7 10 -9 -10 -11 -12 -13 -14 -15
leaf_value=0.047364768265938724 -0.073643905688365444 -0.0036119794871513028 -0.0015987682912898427 0.10624393803328401 0.0058688616139736293 0.019477799671681652 0.0031951845336123138 -0.055873821127050256 0.037660880607788057 -0.13862157643065559 0.044057440740817501 -0.31434671275974407 0.16613353814839374 -0.046188738419448774
leaf_weight=34480 9621 1231309 1128086 54702 7301 48374 149403 58162 61847 43094 147828 2700 7685 43152
leaf_count=34480 9621 1231309 1128086 54702 7301 48374 149403 58162 61847 43094 147828 2700 7685 43152
internal_value=-2.30802e-07 -0.000975602 -0.000454572 0.00649548 -0.00906301 -0.0525044 0.00166384 -0.0216607 0.0698567 -0.117691 0.0235189 -0.126605 0.0690463 -0.003242
internal_weight=3.02774e+06 2.98558e+06 2.97326e+06 1.64509e+06 1.32817e+06 156931 1.52854e+06 106536 116549 50395 297231 12321 42165 1.17124e+06
internal_count=3027744 2985579 2973258 1645089 1328169 156931 1528540 106536 116549 50395 297231 12321 42165 1171238
is_linear=0
shrinkage=0.02


Tree=147
num_leaves=15
num_cat=0
split_feature=17 16 17 5 17 16 9 8 9 13 17 17 9 8
split_gain=492756 443121 433719 419928 459098 420906 333924 319208 301353 262846 885255 411478 293842 259181
threshold=0.1505244001746178 -19.100000381469723 0.49661371111869818 -0.027499999850988385 0.47716167569160467 -2.3000000715255733 0.7725043296813966 -0.96539688110351551 0.72930297255516063 6.2999999523162851 0.65286192297935497 0.53862759470939647 -0.89691269397735585 0.85705029964447033
decision_type=2 2 2 2 2 2 2 2 2 2 2 2 2 2
left_child=-1 2 -2 4 -3 -6 7 -5 -4 10 12 -11 -9 -12
right_child=1 3 8 6 5 -7 -8 9 -10 11 13 -13 -14 -15
leaf_value=0.054345419313907656 0.0044989014796713838 -0.0080273188923007041 0.04787844245058788 -0.034149542601285734 -0.0034729241459592075 -0.068631276075226039 -0.14996368725560483 -0.14261014117349477 0.33649820635876637 -0.00032521004700734315 0.13810490183154372 -0.04498684461405808 0.0061205678034331502 0.044673841993728959
leaf_weight=65287 243880 527644 114035 96582 61420 111909 5848 5330 1456 584096 24875 96081 1066554 22747
leaf_count=65287 243880 527644 114035 96582 61420 111909 5848 5330 1456 584096 24875 96081 1066554 22747
internal_value=-2.39408e-07 -0.0011981 0.0196195 -0.00407217 -0.0173045 -0.0455437 0.000804319 0.00127008 0.0515461 0.0031711 0.0091288 -0.00663466 0.00537965 0.093496
internal_weight=3.02774e+06 2.96246e+06 359371 2.60309e+06 700973 173329 1.90211e+06 1.89626e+06 115491 1.79968e+06 1.11951e+06 680177 1.07188e+06 47622
internal_count=3027744 2962457 359371 2603086 700973 173329 1902113 1896265 115491 1799683 1119506 680177 1071884 47622
is_linear=0
shrinkage=0.02


Tree=148
num_leaves=15
num_cat=0
split_feature=4 5 8 4 6 4 8 8 6 1 4 8 6 13
split_gain=471496 482648 449161 705088 508343 439262 1.52127e+06 1.19734e+06 813715 544309 511200 433429 418344 404884
threshold=-272.92999267578119 0.077500000596046462 0.85705029964447033 172.08499908447268 102.84941864013673 253.45999908447268 0.74616098403930675 0.7692478895187379 108.13460922241212 65.295005798339858 284.63999938964849 0.96152326464653026 95.444126129150405 -9.2999997138977033
decision_type=2 2 2 2 2 2 2 2 2 2 2 2 2 2
left_child=-1 5 4 -4 -3 13 -7 9 11 -8 -10 -9 -5 -2
right_child=1 2 3 12 -6 6 7 8 10 -11 -12 -13 -14 -15
leaf_value=-0.12327923548895418 0.011868685412144527 0.050788514854261592 0.055201969273678431 -0.044762542673300584 0.21218824927975202 0.15277712456588863 -1.0081003735278931 -0.057281959519488376 -0.8981746348127867 -0.40394815297863157 -0.21558716629429214 0.54686250480546927 -0.38228116285282843 -0.0046428908719158531
leaf_weight=12349 826639 25821 15576 3172 11184 6503 789 7103 717 2480 1130 499 2731 2111051
leaf_count=12349 826639 25821 15576 3172 11184 6503 789 7103 717 2480 1130 499 2731 2111051
internal_value=-2.22728e-07 0.000505044 0.057395 -0.0153515 0.099613 -0.000620352 -0.0958942 -0.223067 -0.108664 -0.552401 -0.483986 -0.0169566 -0.2013 3.33291e-06
internal_weight=3.02774e+06 3.0154e+06 58484 21479 37005 2.95691e+06 19221 12718 9449 3269 1847 7602 5903 2.93769e+06
internal_count=3027744 3015395 58484 21479 37005 2956911 19221 12718 9449 3269 1847 7602 5903 2937690
is_linear=0
shrinkage=0.02


Tree=149
num_leaves=15
num_cat=0
split_feature=7 7 9 0 9 0 9 7 7 7 0 7 7 7
split_gain=522030 1.54197e+06 1.88901e+06 956800 1.0986e+06 928325 738437 1.75597e+06 1.74905e+06 2.47879e+06 1.92087e+06 1.41355e+06 1.52139e+06 1.67409e+06
threshold=12651.690429687502 12747.715332031252 0.71458885073661815 1225.5000000000002 0.70960983633995067 1895.5000000000002 0.54481467604637157 10975.385253906252 11111.218750000002 11016.673339843752 2661.5000000000005 11210.792968750002 11305.878417968752 11236.239257812502
decision_type=2 2 2 2 2 2 2 2 2 2 2 2 2 2
left_child=6 3 -3 -2 -5 -4 -1 -8 9 -9 -11 -10 13 -13
right_child=1 2 5 4 -6 -7 7 8 11 10 -12 12 -14 -15
leaf_value=0.0038272754861655039 -0.014078428516497619 -0.03498001323153737 -0.090505887896562581 0.22046976187961023 -0.01972189964606667 0.40560312250495761 0.03837928687315198 -0.02941092341946943 0.025374032555629544 -0.091840138964586024 -0.36895368860532607 -0.057960882163813718 -0.019543451599403898 -0.25830881581191673
leaf_weight=2152287 16382 98952 2001 33243 9878 6082 160911 57553 170002 19477 20585 50055 205317 25019
leaf_count=2152287 16382 98952 2001 33243 9878 6082 160911 57553 170002 19477 20585 50055 205317 25019
internal_value=-3.57803e-07 0.0344205 -0.0109558 0.116033 0.165455 0.282826 -0.00200396 -0.0197075 -0.0367639 -0.113509 -0.234286 -0.0201285 -0.0477169 -0.124754
internal_weight=3.02774e+06 166538 107035 59503 43121 8083 2.86121e+06 708919 548008 97615 40062 450393 280391 75074
internal_count=3027744 166538 107035 59503 43121 8083 2861206 708919 548008 97615 40062 450393 280391 75074
is_linear=0
shrinkage=0.02


Tree=150
num_leaves=15
num_cat=0
split_feature=5 9 4 4 8 8 8 9 4 8 4 8 8 9
split_gain=452091 479848 526721 456005 1.47782e+06 1.33572e+06 563891 413621 413644 400679 476448 385570 539985 367634
threshold=0.072500001639127745 -0.51523202657699574 198.66500091552737 253.45999908447268 0.75086346268653881 0.7692478895187379 0.96152326464653026 0.84602341055870067 -238.05999755859372 -0.99442258477210987 -213.245002746582 0.83930236101150524 0.88782846927642833 -0.89691269397735585
decision_type=2 2 2 2 2 2 2 2 2 2 2 2 2 2
left_child=3 -2 -3 7 -5 -6 11 8 -1 10 -10 -7 -13 -11
right_child=1 2 -4 4 5 6 -8 -9 9 13 -12 12 -14 -15
leaf_value=-0.068415860395532338 0.082777440954562284 0.015486784760197313 -0.22792766015854443 0.15792756390555082 -0.5997627722357024 0.030526022146068216 0.5366768778373584 -0.15008003088913299 0.25807345714879654 -0.12062343100031249 -0.032567811221865341 -0.40744812220350424 -0.0081784118927640259 0.0028576561292436536
leaf_weight=35235 52564 28190 4059 5909 2917 3139 501 7385 2276 9669 173062 3342 2275 2697221
leaf_count=35235 52564 28190 4059 5909 2917 3139 501 7385 2276 9669 173062 3342 2275 2697221
internal_value=-3.70436e-07 0.045521 -0.015211 -0.00131242 -0.101409 -0.227314 -0.109428 -0.000693215 -0.000314551 0.00051821 -0.0287805 -0.146969 -0.246041 0.00241613
internal_weight=3.02774e+06 84813 32249 2.94293e+06 18083 12174 9257 2.92485e+06 2.91746e+06 2.88223e+06 175338 8756 5617 2.70689e+06
internal_count=3027744 84813 32249 2942931 18083 12174 9257 2924848 2917463 2882228 175338 8756 5617 2706890
is_linear=0
shrinkage=0.02


Tree=151
num_leaves=15
num_cat=0
split_feature=7 7 7 7 1 7 7 1 1 7 7 7 7 7
split_gain=505657 586300 817340 1.79208e+06 1.32121e+06 2.46452e+06 1.52758e+06 1.0268e+06 871644 665088 1.87225e+06 1.02582e+06 869028 825195
threshold=10063.905273437502 10630.448242187502 10885.485839843752 10842.659179687502 51.359128952026374 10641.953613281252 10776.799804687502 48.351116180419929 113.16841888427736 12160.130859375002 12045.062011718752 12114.529785156252 12205.631347656252 12005.891601562502
decision_type=2 2 2 2 2 2 2 2 2 2 2 2 2 2
left_child=-1 -2 3 4 -3 -6 -7 -5 -9 10 13 -12 -11 -4
right_child=1 2 9 7 5 6 -8 8 -10 12 11 -13 -14 -15
leaf_value=0.12826180975420115 -0.069383330115010286 -0.16794002354664134 -0.0047142690645296309 0.90806454587550389 0.45451580380793521 0.080956897189750812 -0.049624118771670542 0.10360823579052295 0.44496305567215055 0.076680887995949618 -0.10837582578347162 -0.014861596843437238 0.0066081972943527623 0.052113537458314776
leaf_weight=12235 48648 16254 1892068 662 5077 63005 83069 56478 3151 83495 106728 83736 465101 108037
leaf_count=12235 48648 16254 1892068 662 5077 63005 83069 56478 3151 83495 106728 83736 465101 108037
internal_value=-3.98089e-07 -0.000521234 0.00060813 0.0370167 0.00334201 0.0217708 0.00669996 0.130502 0.121719 -0.00241849 -0.00735034 -0.0672661 0.0172743 -0.00164442
internal_weight=3.02774e+06 3.01551e+06 2.96686e+06 227696 167405 151151 146074 60291 59629 2.73916e+06 2.19057e+06 190464 548596 2.0001e+06
internal_count=3027744 3015509 2966861 227696 167405 151151 146074 60291 59629 2739165 2190569 190464 548596 2000105
is_linear=0
shrinkage=0.02


Tree=152
num_leaves=15
num_cat=0
split_feature=7 7 9 4 4 4 7 9 7 7 7 7 7 7
split_gain=498694 1.47693e+06 1.81229e+06 1.35014e+06 1.06507e+06 987898 724348 704666 1.68694e+06 1.67861e+06 2.37916e+06 1.35676e+06 1.46209e+06 1.60782e+06
threshold=12651.690429687502 12747.715332031252 0.71458885073661815 -166.18499755859372 15.454999923706056 -31.824999809265133 12770.223632812502 0.54481467604637157 10975.385253906252 11111.218750000002 11016.673339843752 11210.792968750002 11305.878417968752 11236.239257812502
decision_type=2 2 2 2 2 2 2 2 2 2 2 2 2 2
left_child=7 3 -3 -2 -5 6 -4 -1 -9 10 -10 -11 13 -13
right_child=1 2 5 4 -6 -7 -8 8 9 11 -12 12 -14 -15
leaf_value=0.0037377577034605237 0.91264197022508953 -0.034297888942069032 0.67253917962141541 0.042880620599283159 0.22466661280299843 -0.10973902782328329 0.22602461035234214 0.037681124505459095 -0.028763344467378583 0.024905681316514609 -0.22947934434220535 -0.056764771159869609 -0.019083008898169433 -0.25310758635173697
leaf_weight=2152287 824 98952 2406 39560 19119 1988 3689 160911 57553 170002 40062 50055 205317 25019
leaf_count=2152287 824 98952 2406 39560 19119 1988 3689 160911 57553 170002 40062 50055 205317 25019
internal_value=-2.68005e-07 0.0336425 -0.0107666 0.113515 0.102139 0.276988 0.403102 -0.00195858 -0.0192526 -0.0359704 -0.111154 -0.0196734 -0.0467019 -0.122223
internal_weight=3.02774e+06 166538 107035 59503 58679 8083 6095 2.86121e+06 708919 548008 97615 450393 280391 75074
internal_count=3027744 166538 107035 59503 58679 8083 6095 2861206 708919 548008 97615 450393 280391 75074
is_linear=0
shrinkage=0.02


Tree=153
num_leaves=15
num_cat=0
split_feature=7 7 7 7 7 9 4 9 7 4 9 7 4 9
split_gain=484939 568624 777280 1.7248e+06 1.26218e+06 3.40285e+06 3.16204e+06 1.77838e+06 1.55489e+06 1.90456e+06 1.50392e+06 952206 874021 851634
threshold=10063.905273437502 10630.448242187502 10885.485839843752 10842.659179687502 10776.799804687502 0.61151722073555004 -82.834999084472642 0.58594399690628063 10687.838867187502 71.284999847412124 -0.37912024557590479 10726.607421875002 38.194999694824226 -0.037561086937785142
decision_type=2 2 2 2 2 2 2 2 2 2 2 2 2 2
left_child=-1 -2 3 4 5 8 -7 10 9 -3 -6 -8 -5 -14
right_child=1 2 -4 12 7 6 11 -9 -10 -11 -12 -13 13 -15
leaf_value=0.12560689895961144 -0.068326369271382359 -0.10260489897116216 -0.0023495304646500344 0.052967672723586663 -0.071049291261321867 0.74188877736249192 0.79667896994058185 -0.27352259405995394 -0.10099043527414703 0.20138857364963375 0.13030790249869023 0.063127168432345185 0.22381047839588622 -0.41420522000118309
leaf_weight=12235 48648 12968 2739165 30674 51815 5019 760 12284 32384 22595 20779 8801 28764 853
leaf_count=12235 48648 12968 2739165 30674 51815 5019 760 12284 32384 22595 20779 8801 28764 853
internal_value=-1.68979e-07 -0.000510223 0.000601987 0.0361071 0.00307062 0.0587607 0.335891 -0.0510772 -0.000746087 0.0905395 -0.0134034 0.12221 0.127821 0.205301
internal_weight=3.02774e+06 3.01551e+06 2.96686e+06 227696 167405 82527 14580 84878 67947 35563 72594 9561 60291 29617
internal_count=3027744 3015509 2966861 227696 167405 82527 14580 84878 67947 35563 72594 9561 60291 29617
is_linear=0
shrinkage=0.02


Tree=154
num_leaves=15
num_cat=0
split_feature=7 8 0 8 7 7 8 6 7 7 7 8 6 7
split_gain=480374 1.84367e+06 989979 1.75019e+06 1.05031e+06 853552 701832 677431 654200 2.21123e+06 1.23579e+06 1.91118e+06 1.12897e+06 1.12388e+06
threshold=12651.690429687502 0.84898290038108837 1303.5000000000002 -0.80862879753112782 12833.731933593752 12762.339355468752 -0.78596645593643177 94.327411651611342 11200.212402343752 11255.992675781252 11241.354003906252 0.68684327602386486 109.49512100219728 11367.486328125002
decision_type=2 2 2 2 2 2 2 2 2 2 2 2 2 2
left_child=8 2 -2 4 -4 -3 -5 -7 -1 10 12 -12 -10 -11
right_child=1 5 3 6 -6 7 -8 -9 9 13 11 -13 -14 -15
leaf_value=0.0098983777251547486 -0.020931035731679159 -0.012911893962565891 0.018338985936027279 0.55894800189784888 -0.36131349434027149 -0.17634135390203337 0.14882554764555392 -0.61014041852054635 -0.036773059323095575 0.045946823244726515 -0.39920879240867196 0.19118305785717732 -0.1624845959888582 -0.0072644664757944314
leaf_weight=1131919 39507 15847 31299 1707 3204 11530 61805 1639 180440 180430 9466 2847 33945 1322159
leaf_count=1131919 39507 15847 31299 1707 3204 11530 61805 1639 180440 180430 9466 2847 33945 1322159
internal_value=-7.92834e-08 0.033019 0.0635863 0.0976516 -0.01701 -0.111827 0.159935 -0.230755 -0.00192209 -0.00965929 -0.0678828 -0.262653 -0.0566845 -0.00087461
internal_weight=3.02774e+06 166538 137522 98015 34503 29016 63512 13169 2.86121e+06 1.72929e+06 226698 12313 214385 1.50259e+06
internal_count=3027744 166538 137522 98015 34503 29016 63512 13169 2861206 1729287 226698 12313 214385 1502589
is_linear=0
shrinkage=0.02


Tree=155
num_leaves=15
num_cat=0
split_feature=16 9 8 0 9 8 0 8 9 9 0 8 0 14
split_gain=417190 388432 346167 550185 386056 576356 521565 509696 776913 526964 472614 456321 438978 365934
threshold=-22.100000381469723 0.84602341055870067 -0.95380857586860646 2343.5000000000005 0.54481467604637157 0.65120527148246776 931.50000000000011 0.70209196209907543 0.30185525119304663 0.14036937057971957 1992.5000000000002 -0.71208626031875599 2092.5000000000005 0.75417393445968639
decision_type=2 2 2 2 2 2 2 2 2 2 2 2 2 2
left_child=-1 2 3 -2 6 10 -4 -8 9 13 -6 -12 -7 -9
right_child=1 -3 4 -5 5 12 7 8 -10 -11 11 -13 -14 -15
leaf_value=0.027813968402846796 0.0048463222335881385 -0.14746383536988661 -0.01657527961024791 -0.051729262414539505 0.0072131761942384864 -0.044702336967018856 0.032072961404922412 0.0042606743062325019 -0.62271277355845966 -0.086646027629750738 -0.035601755109980086 0.021825176414955121 0.6482332298291128 0.059870922900758419
leaf_weight=201351 140114 7312 348282 134991 279571 601 341317 1085000 780 24715 347484 65826 919 49481
leaf_count=201351 140114 7312 348282 134991 279571 601 341317 1085000 780 24715 347484 65826 919 49481
internal_value=-1.31737e-07 -0.00198169 -0.00160382 -0.0229155 0.000700892 -0.0120144 0.00547474 0.0105902 0.00426872 0.00469599 -0.0128704 -0.0264553 0.375736 0.00668667
internal_weight=3.02774e+06 2.82639e+06 2.81908e+06 275105 2.54398e+06 694401 1.84958e+06 1.50129e+06 1.15998e+06 1.1592e+06 692881 413310 1520 1.13448e+06
internal_count=3027744 2826393 2819081 275105 2543976 694401 1849575 1501293 1159976 1159196 692881 413310 1520 1134481
is_linear=0
shrinkage=0.02


Tree=156
num_leaves=15
num_cat=0
split_feature=5 9 4 4 8 8 1 1 4 8 4 4 9 6
split_gain=435629 577455 457732 432994 1.0915e+06 720754 421176 510948 412470 445576 407002 384629 384424 382712
threshold=0.082499999552965178 -0.67629325389862049 168.98500061035159 225.66500091552737 0.73663246631622326 0.88782846927642833 61.404451370239265 105.88853454589845 284.63999938964849 0.84898290038108837 -272.92999267578119 253.45999908447268 0.84602341055870067 102.84941864013673
decision_type=2 2 2 2 2 2 2 2 2 2 2 2 2 2
left_child=3 13 -3 10 -5 6 -6 -8 9 -9 -1 -4 -12 -2
right_child=1 2 11 4 5 -7 7 8 -10 -11 12 -13 -14 -15
leaf_value=-0.11501896292342005 0.07854664399562207 0.061887349346304826 -0.18960555888055367 0.095608668742558078 -0.52319159710015117 0.0037082113290756598 -0.13298728151867598 -0.056356554426862014 -0.18379844850021493 -0.94245664280171004 0.00087163797883137259 0.2265097338614632 -0.14351067177153573 0.30268450288826182
leaf_weight=12239 6784 20572 5837 12004 1510 10358 15199 308 1191 868 2926913 1039 7385 5537
leaf_count=12239 6784 20572 5837 12004 1510 10358 15199 308 1191 868 2926913 1039 7385 5537
internal_value=-1.42e-07 0.0657489 0.0146679 -0.000875465 -0.0650682 -0.130608 -0.203504 -0.17574 -0.44854 -0.712832 2.75063e-05 -0.126488 0.000507764 0.179439
internal_weight=3.02774e+06 39769 27448 2.98798e+06 41438 29434 19076 17566 2367 1176 2.94654e+06 6876 2.9343e+06 12321
internal_count=3027744 39769 27448 2987975 41438 29434 19076 17566 2367 1176 2946537 6876 2934298 12321
is_linear=0
shrinkage=0.02


Tree=157
num_leaves=15
num_cat=0
split_feature=7 7 8 0 7 9 7 9 8 7 0 9 7 7
split_gain=466137 1.98956e+06 1.05566e+06 886595 846993 724468 699275 946069 1.09281e+06 1.74487e+06 823140 706007 723931 3.25441e+06
threshold=12160.130859375002 12045.062011718752 0.98550301790237438 1952.5000000000002 12205.631347656252 0.70080488920211803 12005.891601562502 0.30185525119304663 -0.82075369358062733 12032.813476562502 951.50000000000011 -0.13477987796068189 11440.364746093752 11361.018066406252
decision_type=2 2 2 2 2 2 2 2 2 2 2 2 2 2
left_child=1 6 3 -3 -2 -6 11 -8 9 10 -9 12 13 -1
right_child=4 2 -4 -5 5 -7 7 8 -10 -11 -12 -13 -14 -15
leaf_value=0.0079497789518142153 0.075330299406996273 -0.033131864356106766 0.013749207311776288 -0.13520396397978438 -0.00041987179702482292 0.10096092354700228 0.010454426458154703 0.01614425971848352 -0.041587502366857952 0.024673425361822501 0.43158140251911781 -0.011602723037083977 -0.023715970334197346 0.15782973642459269
leaf_weight=759882 83495 57407 49416 83641 434962 30139 73371 2299 9802 11339 11226 1165674 192368 62723
leaf_count=759882 83495 57407 49416 83641 434962 30139 73371 2299 9802 11339 11226 1165674 192368 62723
internal_value=-2.39382e-07 -0.00369175 -0.0657975 -0.0936657 0.0166817 0.00615169 0.00147693 0.0511415 0.137228 0.20771 0.36103 -0.000983838 0.0112117 0.0193798
internal_weight=3.02774e+06 2.47915e+06 190464 141048 548596 465101 2.28868e+06 108037 34666 24864 13525 2.18065e+06 1.01497e+06 822605
internal_count=3027744 2479148 190464 141048 548596 465101 2288684 108037 34666 24864 13525 2180647 1014973 822605
is_linear=0
shrinkage=0.02


Tree=158
num_leaves=15
num_cat=0
split_feature=17 7 8 8 4 7 4 4 4 7 5 8 4 7
split_gain=466233 478542 1.80187e+06 971503 1.82596e+06 861404 950962 845375 1.02382e+06 836514 743907 627331 621337 588710
threshold=0.10156411677598955 12651.690429687502 0.83930236101150524 -0.80862879753112782 -98.334999084472642 12762.339355468752 51.245000839233406 29.175000190734867 -27.634999275207516 12833.731933593752 0.052500000223517425 0.58100306987762462 -99.924999237060533 11203.687988281252
decision_type=2 2 2 2 2 2 2 2 2 2 2 2 2 2
left_child=-1 13 3 9 -5 -4 10 8 -6 -3 -7 -9 -11 -2
right_child=1 2 5 4 7 6 -8 11 -10 12 -12 -13 -14 -15
leaf_value=0.07838669234068571 0.0082573082143785077 0.016795012539695616 -0.0097723456913741263 0.3576437224539244 0.13565814692313954 -0.83812326515673774 -0.14727677317642626 -0.16074653177276704 -0.058242337289112281 -0.47502116594065402 -0.10254488564252157 0.17988011100037821 0.048960039096750452 -0.010289195500243901
leaf_weight=30040 1157498 44886 16251 10020 17729 1582 11196 2339 28212 2516 845 27578 1408 1675644
leaf_count=30040 1157498 44886 16251 10020 17729 1582 11196 2339 28212 2516 845 27578 1408 1675644
internal_value=-1.949e-07 -0.000785976 0.0323692 0.0635377 0.104029 -0.108129 -0.225364 0.0704862 0.0165982 -0.00771014 -0.583499 0.153203 -0.287356 -0.0027119
internal_weight=3.02774e+06 2.9977e+06 164562 134688 85878 29874 13623 75858 45941 48810 2427 29917 3924 2.83314e+06
internal_count=3027744 2997704 164562 134688 85878 29874 13623 75858 45941 48810 2427 29917 3924 2833142
is_linear=0
shrinkage=0.02


Tree=159
num_leaves=15
num_cat=0
split_feature=7 7 7 7 0 7 0 9 7 1 4 7 8 8
split_gain=463236 552687 723344 1.65418e+06 1.32527e+06 1.62207e+06 1.59448e+06 1.0259e+06 1.16156e+06 980309 865586 1.23927e+06 3.00891e+06 2.85707e+06
threshold=10063.905273437502 10630.448242187502 10885.485839843752 10842.659179687502 3940.5000000000005 10676.442871093752 6664.5000000000009 0.62378269433975231 10789.606445312502 48.351116180419929 -30.474999427795407 10776.799804687502 -0.79909458756446827 -0.80862879753112782
decision_type=2 2 2 2 2 2 2 2 2 2 2 2 2 2
left_child=-1 -2 3 4 10 -6 7 -7 -9 -5 11 12 -3 -13
right_child=1 2 -4 9 5 6 -8 8 -10 -11 -12 13 -14 -15
leaf_value=0.12276400306145029 -0.067357793098739294 -0.14692073010988879 -0.0022495266269781204 0.88441509007077135 0.31947182907510158 0.044870987489901995 -0.33820251718757166 0.7353184688338934 -0.33164657639294137 0.11608335565477949 -0.055972212291414539 0.21681543888291452 0.4286980685516481 -0.30426208396426618
leaf_weight=12235 48648 6100 2739165 662 10475 19093 4075 1771 523 59629 99570 8086 8955 8757
leaf_count=12235 48648 6100 2739165 662 10475 19093 4075 1771 523 59629 99570 8086 8955 8757
internal_value=-2.55495e-07 -0.000498766 0.000597746 0.0348489 0.00249584 0.11011 0.0238861 0.0930039 0.491673 0.124665 -0.0269265 0.0637284 0.195524 -0.0541214
internal_weight=3.02774e+06 3.01551e+06 2.96686e+06 227696 167405 35937 25462 21387 2294 60291 131468 31898 15055 16843
internal_count=3027744 3015509 2966861 227696 167405 35937 25462 21387 2294 60291 131468 31898 15055 16843
is_linear=0
shrinkage=0.02


Tree=160
num_leaves=15
num_cat=0
split_feature=13 14 8 0 6 14 0 6 6 0 8 8 8 6
split_gain=415947 691344 329515 510507 452884 314656 310123 297260 297844 277317 342539 234634 281085 295260
threshold=-9.2999997138977033 0.64241907000541698 -0.95380857586860646 2799.5000000000005 146.3159103393555 0.70426246523857128 1009.5000000000001 110.48695373535158 48.036645889282234 7396.0000000000009 -0.76366671919822682 0.72694364190101635 -1.0000000180025095e-35 130.65711212158206
decision_type=2 2 2 2 2 2 2 2 2 2 2 2 2 2
left_child=1 -1 3 -2 5 -5 -3 8 -4 -10 -11 12 -9 -14
right_child=2 6 7 4 -6 -7 -8 11 9 10 -12 -13 13 -15
leaf_value=0.0018944814321052645 -0.0029236501038195544 -0.0034243174707946989 -0.05288187165813487 -0.057819310614461883 0.30750079183698725 -0.17917797101253147 0.057440181473987204 -0.019818613541300857 0.0032203293576683039 0.031031299460382362 -0.15940640522151986 -0.037839775575466909 0.012949184571140058 0.1446224710048582
leaf_weight=654064 127632 42580 39901 74600 1269 9646 156753 91057 1625493 6392 9218 152962 27085 9092
leaf_count=654064 127632 42580 39901 74600 1269 9646 156753 91057 1625493 6392 9218 152962 27085 9092
internal_value=-1.43e-07 0.0118323 -0.00464424 -0.0282606 -0.0660713 -0.0717345 0.0444392 -0.00207743 0.00110155 0.00241441 -0.0814545 -0.0211488 -0.00108115 0.0460727
internal_weight=3.02774e+06 853397 2.17435e+06 213147 85515 84246 199333 1.9612e+06 1.681e+06 1.6411e+06 15610 280196 127234 36177
internal_count=3027744 853397 2174347 213147 85515 84246 199333 1961200 1681004 1641103 15610 280196 127234 36177
is_linear=0
shrinkage=0.02


Tree=161
num_leaves=15
num_cat=0
split_feature=17 7 7 7 7 9 7 7 9 9 7 0 5 7
split_gain=450154 456287 467244 1.50642e+06 1.05054e+06 1.22656e+06 864875 730290 885137 926276 1.44498e+06 742366 599469 725054
threshold=0.22080328315496447 10063.905273437502 12160.130859375002 12045.062011718752 12075.718750000002 0.60120347142219555 12187.129394531252 12005.891601562502 0.30185525119304663 0.57128185033798229 12032.813476562502 951.50000000000011 -0.032499999739229672 11203.687988281252
decision_type=2 2 2 2 2 2 2 2 2 2 2 2 2 2
left_child=-1 -2 3 7 5 -5 -4 12 -9 10 11 -10 -3 -14
right_child=1 2 6 4 -6 -7 -8 8 9 -11 -12 -13 13 -15
leaf_value=0.029280087266929579 0.12106000156558371 -0.023946105749638763 0.10366648339415786 -0.10636643836825486 -0.024953639188447348 -0.50897571442702039 0.007178024578777845 0.011538330043314447 0.017354864802943643 -0.031336722881582228 0.025132603619645765 0.42975202118045025 0.01419287025556736 -0.013085293542699928
leaf_weight=196392 11985 474966 40416 62468 110932 3172 459825 67475 2119 8741 9259 9935 850827 719232
leaf_count=196392 11985 474966 40416 62468 110932 3172 459825 67475 2119 8741 9259 9935 850827 719232
internal_value=-1.37119e-07 -0.00203121 -0.0025549 -0.00633633 -0.0624841 -0.125897 0.0149756 -0.0017088 0.0517564 0.142016 0.213095 0.357332 -0.00425885 0.00169694
internal_weight=3.02774e+06 2.83135e+06 2.81937e+06 2.31913e+06 176572 65640 500241 2.14255e+06 97529 30054 21313 12054 2.04502e+06 1.57006e+06
internal_count=3027744 2831352 2819367 2319126 176572 65640 500241 2142554 97529 30054 21313 12054 2045025 1570059
is_linear=0
shrinkage=0.02


Tree=162
num_leaves=15
num_cat=0
split_feature=17 7 8 8 4 7 4 4 4 7 5 9 7 7
split_gain=440003 457382 1.73436e+06 924994 1.75364e+06 827911 913179 810598 983848 803306 714682 629449 1.45893e+06 1.49863e+06
threshold=0.10156411677598955 12651.690429687502 0.83930236101150524 -0.80862879753112782 -98.334999084472642 12762.339355468752 51.245000839233406 29.175000190734867 -27.634999275207516 12833.731933593752 0.052500000223517425 0.56046268343925487 10975.385253906252 11111.218750000002
decision_type=2 2 2 2 2 2 2 2 2 2 2 2 2 2
left_child=-1 11 3 9 -5 -4 10 8 -6 -3 -7 -2 -13 -14
right_child=1 2 5 4 7 6 -8 -9 -10 -11 -12 12 13 -15
leaf_value=0.076149803912201761 0.0027095866793138555 0.016721649257037233 -0.0097649508566805317 0.35028135593225102 0.13281261545804612 -0.82164530972290284 -0.14460320330664123 0.1498656652356718 -0.057265185501019555 -0.28133107145315006 -0.10065780910335438 0.034376683481158833 -0.10607122627896519 -0.019203359275591934
leaf_weight=30040 2141797 44886 16251 10020 17729 1582 11196 29917 28212 3924 845 156920 97063 437362
leaf_count=30040 2141797 44886 16251 10020 17729 1582 11196 29917 28212 3924 845 156920 97063 437362
internal_value=-1.30541e-07 -0.000763487 0.0316504 0.0622294 0.101739 -0.10619 -0.221124 0.0688677 0.0160999 -0.00729212 -0.572073 -0.00264635 -0.0192389 -0.0349821
internal_weight=3.02774e+06 2.9977e+06 164562 134688 85878 29874 13623 75858 45941 48810 2427 2.83314e+06 691345 534425
internal_count=3027744 2997704 164562 134688 85878 29874 13623 75858 45941 48810 2427 2833142 691345 534425
is_linear=0
shrinkage=0.02


Tree=163
num_leaves=15
num_cat=0
split_feature=17 16 17 5 0 0 0 17 16 0 9 8 18 9
split_gain=425338 416819 560497 367451 695183 367616 351604 334105 338326 321878 318612 315175 298331 289388
threshold=0.25177776813507086 -17.30000019073486 0.49661371111869818 -0.027499999850988385 3211.5000000000005 8224.5000000000018 1520.5000000000002 0.50091776251792919 -1.4999999999999998 1560.5000000000002 0.84602341055870067 -0.95380857586860646 0.07587261870503427 0.74366798996925365
decision_type=2 2 2 2 2 2 2 2 2 2 2 2 2 2
left_child=6 2 -2 4 10 -5 -1 -6 -9 -4 -3 -8 -13 -11
right_child=1 3 9 5 7 -7 11 8 -10 13 -12 12 -14 -15
leaf_value=-0.0089581393903538867 -0.00067245647307481986 -0.0011230310265758334 0.004883427676007978 -0.00053514937335334776 -0.033826569572807788 -0.16846064476849787 -0.046095680292406425 -0.019313224116222338 -0.12810826347792309 0.065313610463524865 -0.17992185993810242 0.029369376268662987 0.086156893513240448 0.40051550636593536
leaf_weight=100399 282642 387127 46612 1663619 175288 5221 17070 17165 34258 94725 4018 149378 49190 1032
leaf_count=100399 282642 387127 46612 1663619 175288 5221 17070 17165 34258 94725 4018 149378 49190 1032
internal_value=-1.79277e-07 -0.0025593 0.0156285 -0.0059398 -0.0191158 -0.00106153 0.0219573 -0.0469806 -0.0918037 0.0479884 -0.00296433 0.0363511 0.0434407 0.0689678
internal_weight=3.02774e+06 2.71171e+06 425011 2.2867e+06 617856 1.66884e+06 316037 226711 51423 142369 391145 215638 198568 95757
internal_count=3027744 2711707 425011 2286696 617856 1668840 316037 226711 51423 142369 391145 215638 198568 95757
is_linear=0
shrinkage=0.02


Tree=164
num_leaves=15
num_cat=0
split_feature=7 7 7 7 0 7 0 9 7 1 1 7 9 0
split_gain=426434 540404 678770 1.58856e+06 1.28019e+06 1.55894e+06 1.50794e+06 980432 1.113e+06 942732 837784 1.30079e+06 1.55777e+06 1.63652e+06
threshold=10063.905273437502 10630.448242187502 10885.485839843752 10842.659179687502 3940.5000000000005 10676.442871093752 6664.5000000000009 0.62378269433975231 10789.606445312502 46.332124710083015 51.359128952026374 10776.799804687502 0.60596671700477611 2148.5000000000005
decision_type=2 2 2 2 2 2 2 2 2 2 2 2 2 2
left_child=-1 -2 3 4 10 -6 7 -7 -9 -5 -3 12 -12 -14
right_child=1 2 -4 9 5 6 -8 8 -10 -11 11 -13 13 -15
leaf_value=0.117786586672641 -0.066590372024968536 -0.16697443196354386 -0.0021523656070150626 0.91612689853368978 0.31309454996263525 0.043480641627530146 -0.32880684882557454 0.71876924425882283 -0.3256404551064096 0.11390686762628488 -0.0031459217353831774 -0.059997486566946451 0.096744599507068665 0.55853839475781786
leaf_weight=12235 48648 15094 2739165 582 10475 19093 4075 1771 523 59709 29558 73201 8948 4667
leaf_count=12235 48648 15094 2739165 582 10475 19093 4075 1771 523 59709 29558 73201 8948 4667
internal_value=-1.76292e-07 -0.000478475 0.000605784 0.0337848 0.00207997 0.107847 0.0233188 0.0905348 0.48027 0.121802 -0.0268376 -0.00864855 0.0784083 0.255335
internal_weight=3.02774e+06 3.01551e+06 2.96686e+06 227696 167405 35937 25462 21387 2294 60291 131468 116374 43173 13615
internal_count=3027744 3015509 2966861 227696 167405 35937 25462 21387 2294 60291 131468 116374 43173 13615
is_linear=0
shrinkage=0.02


Tree=165
num_leaves=15
num_cat=0
split_feature=7 7 7 0 7 7 9 9 7 0 17 9 9 0
split_gain=418376 1.83215e+06 934335 912390 796046 651403 875021 1.00762e+06 1.62857e+06 710404 665979 631021 644177 959809
threshold=12160.130859375002 12045.062011718752 12114.529785156252 1952.5000000000002 12205.631347656252 12005.891601562502 0.30185525119304663 0.57128185033798229 12029.130859375002 971.50000000000011 0.16154386103153232 0.70080488920211803 -0.70459485054016102 2799.5000000000005
decision_type=2 2 2 2 2 2 2 2 2 2 2 2 2 2
left_child=1 5 3 -3 -2 10 -7 8 9 -8 -1 12 13 -6
right_child=4 2 -4 -5 11 6 7 -9 -10 -11 -12 -13 -14 -15
leaf_value=0.0738489056151794 0.072661575017461663 -0.025054574305637102 -0.013082441751696258 -0.14658126727891568 0.010152241847242248 0.010267568829745386 -0.013976695943163722 -0.039516603303845182 0.070349318820711576 0.47249003922831229 -0.0025463947276398121 0.094079425913050865 -0.0073860111829340313 0.24466070431728781
leaf_weight=46632 83495 38869 83736 67859 21599 73371 1403 9802 15167 8294 2134015 30139 403057 10306
leaf_count=46632 83495 38869 83736 67859 21599 73371 1403 9802 15167 8294 2134015 30139 403057 10306
internal_value=-4.53394e-08 -0.00349733 -0.0630956 -0.102329 0.0158042 0.00146267 0.0493971 0.132188 0.199867 0.402162 -0.000912381 0.00559579 -0.000537317 0.0859571
internal_weight=3.02774e+06 2.47915e+06 190464 106728 548596 2.28868e+06 108037 34666 24864 9697 2.18065e+06 465101 434962 31905
internal_count=3027744 2479148 190464 106728 548596 2288684 108037 34666 24864 9697 2180647 465101 434962 31905
is_linear=0
shrinkage=0.02


Tree=166
num_leaves=15
num_cat=0
split_feature=7 7 7 6 0 5 7 7 7 9 7 0 7 9
split_gain=409862 520136 655957 1.94886e+06 1.08262e+06 542565 530172 1.58422e+06 908685 1.17521e+06 716023 663874 596751 903722
threshold=10063.905273437502 10630.448242187502 10687.838867187502 62.752407073974616 2343.5000000000005 0.072500001639127745 12160.130859375002 12045.062011718752 12075.718750000002 0.60120347142219555 12205.631347656252 8224.5000000000018 12005.891601562502 0.30185525119304663
decision_type=2 2 2 2 2 2 2 2 2 2 2 2 2 2
left_child=-1 -2 3 -3 -5 6 7 11 9 -9 -8 12 -4 -14
right_child=1 2 5 4 -6 -7 10 8 -10 -11 -12 -13 13 -15
leaf_value=0.11547542972758082 -0.065329222653085106 -0.13438347804811027 -0.0029117559652911368 -0.052741779618594622 0.25953467507283234 0.050873929927222498 0.070865599865974474 -0.10117915852420714 -0.028222744957097104 -0.4925148602682422 0.0062954501844577236 -0.19785288572321752 0.0048632855032526637 0.12954682000668072
leaf_weight=12235 48648 11056 2013630 5820 18687 80154 80849 65721 118993 3211 456655 6829 70590 34666
leaf_count=12235 48648 11056 2013630 5820 18687 80154 80849 65721 118993 3211 456655 6829 70590 34666
internal_value=0 -0.000468904 0.000594828 0.0859615 0.185382 -0.000441137 -0.00188393 -0.00604087 -0.0617002 -0.119477 0.016009 -0.00112 -0.000485005 0.0459363
internal_weight=3.02774e+06 3.01551e+06 2.96686e+06 35563 24507 2.9313e+06 2.85114e+06 2.31364e+06 187925 68932 537504 2.12572e+06 2.11889e+06 105256
internal_count=3027744 3015509 2966861 35563 24507 2931298 2851144 2313640 187925 68932 537504 2125715 2118886 105256
is_linear=0
shrinkage=0.02


Tree=167
num_leaves=15
num_cat=0
split_feature=17 7 7 9 9 9 7 7 7 7 7 7 1 7
split_gain=402906 424229 1.27981e+06 1.64883e+06 732498 591952 1.36541e+06 1.57761e+06 2.28155e+06 1.27395e+06 2.00481e+06 1.94468e+06 1.21717e+06 1.20026e+06
threshold=0.10156411677598955 12651.690429687502 12747.715332031252 0.71458885073661815 0.72561690211296093 0.54481467604637157 10975.385253906252 11111.218750000002 11016.673339843752 11217.813964843752 11283.981445312502 11241.354003906252 76.044696807861342 12293.167480468752
decision_type=2 2 2 2 2 2 2 2 2 2 2 2 2 2
left_child=-1 5 4 -4 -3 -2 -7 8 -8 -9 11 -11 -10 -12
right_child=1 2 3 -5 -6 6 7 9 12 10 13 -13 -14 -15
leaf_value=0.072869110508452087 0.0027034986514210537 0.13068079706204441 -0.03309003752304214 0.26726953333705555 -0.09666212176837162 0.033308120908514906 -0.025643122374097761 0.022167820179083177 -0.075315992472630905 -0.095975487121920153 0.0064137366519126425 -0.40138057233456176 -0.30514503915389235 -0.11133339851721306
leaf_weight=30040 2131055 51872 98446 7887 6357 157890 57459 187261 14418 41420 163710 10436 25585 43908
leaf_count=30040 2131055 51872 98446 7887 6357 157890 57459 187261 14418 41420 163710 10436 25585 43908
internal_value=-2.03831e-08 -0.000730489 0.0304865 -0.0107883 0.105849 -0.00254383 -0.0184709 -0.0334942 -0.106395 -0.0175876 -0.0462787 -0.157504 -0.222349 -0.018492
internal_weight=3.02774e+06 2.9977e+06 164562 106333 58229 2.83314e+06 702087 544197 97462 446735 259474 51856 40003 207618
internal_count=3027744 2997704 164562 106333 58229 2833142 702087 544197 97462 446735 259474 51856 40003 207618
is_linear=0
shrinkage=0.02


Tree=168
num_leaves=15
num_cat=0
split_feature=5 7 7 4 4 4 7 7 4 8 4 7 5 7
split_gain=396848 556159 1.33639e+06 717122 419434 635557 413601 1.61377e+06 1.49238e+06 948242 1.09126e+06 816299 611605 592982
threshold=0.082499999552965178 10842.659179687502 11020.570800781252 168.98500061035159 92.99499893188478 149.12500000000003 12160.130859375002 12045.062011718752 -170.43499755859372 0.98550301790237438 86.485000610351577 12205.631347656252 -0.10249999910593031 12005.891601562502
decision_type=2 2 2 2 2 2 2 2 2 2 2 2 2 2
left_child=6 -2 4 -4 -3 -6 7 13 12 10 -9 -10 -8 -1
right_child=1 2 3 -5 5 -7 8 9 11 -11 -12 -13 -14 -15
leaf_value=-0.0019272338834324654 -0.13487421306265543 -0.0043564518825694168 0.06753255167079418 -0.19188746544427099 0.58376738587171162 0.21919686816110998 -0.79973050145660274 -0.060901133147483889 0.069132706312714259 0.015204007331205277 -0.20661869554381165 -0.0010195701062655029 0.22509924830648004 0.0463094311570275
leaf_weight=2146987 4974 1799 18372 5539 2744 6341 227 115254 77767 49118 25015 451494 15101 107012
leaf_count=2146987 4974 1799 18372 5539 2744 6341 227 115254 77767 49118 25015 451494 15101 107012
internal_value=-6.02029e-08 0.0627542 0.0910367 0.00738179 0.274641 0.329833 -0.000835514 -0.00434847 0.0149257 -0.0604202 -0.0869008 0.00928933 0.209409 0.000363061
internal_weight=3.02774e+06 39769 34795 23911 10884 9085 2.98798e+06 2.44339e+06 544589 189387 140269 529261 15328 2.254e+06
internal_count=3027744 39769 34795 23911 10884 9085 2987975 2443386 544589 189387 140269 529261 15328 2253999
is_linear=0
shrinkage=0.02


Tree=169
num_leaves=15
num_cat=0
split_feature=5 8 0 6 0 6 1 8 0 0 5 8 8 8
split_gain=381167 483368 443050 385845 527808 300849 343211 413478 665433 233689 447826 441851 649686 401407
threshold=0.082499999552965178 0.73663246631622326 4872.5000000000009 102.84941864013673 3427.5000000000005 48.036645889282234 91.967914581298842 -0.95380857586860646 3405.5000000000005 1361.5000000000002 -0.027499999850988385 0.9509047567844392 0.97559595108032238 -0.81390005350112904
decision_type=2 2 2 2 2 2 2 2 2 2 2 2 2 2
left_child=5 3 -3 4 -2 -1 7 8 -7 -9 13 -12 -13 -11
right_child=1 2 -4 -5 -6 6 -8 9 -10 10 11 12 -14 -15
leaf_value=-0.046014674778891873 0.16778943849771369 -0.013057228652203578 0.25066908532033155 0.28878066791838919 -0.23086637664237061 -0.00069113058893494105 -0.0082460306787003352 -0.0031867933736698046 -0.089485365042867041 0.025283974702400795 0.02786815804993642 -0.08490842622015761 0.012661780321513419 -0.026143822877006499
leaf_weight=57764 5129 24477 2834 5547 1782 133774 1183017 449615 45145 92239 692785 35254 120832 177550
leaf_count=57764 5129 24477 2834 5547 1782 133774 1183017 449615 45145 92239 692785 35254 120832 177550
internal_value=-7.05693e-08 0.0615018 0.01439 0.164687 0.0648082 -0.000818851 7.22526e-05 0.00570455 -0.0230996 0.00899086 0.0138853 0.0210192 -0.00937959 -0.00856065
internal_weight=3.02774e+06 39769 27311 12458 6911 2.98798e+06 2.93021e+06 1.74719e+06 178919 1.56828e+06 1.11866e+06 848871 156086 269789
internal_count=3027744 39769 27311 12458 6911 2987975 2930211 1747194 178919 1568275 1118660 848871 156086 269789
is_linear=0
shrinkage=0.02


Tree=170
num_leaves=15
num_cat=0
split_feature=7 7 7 7 1 7 7 5 7 1 1 5 7 6
split_gain=392485 502877 637140 1.53293e+06 1.15206e+06 2.16287e+06 1.28618e+06 973029 1.06948e+06 905624 830873 674295 1.05292e+06 643981
threshold=10063.905273437502 10630.448242187502 10885.485839843752 10842.659179687502 51.359128952026374 10641.953613281252 10776.799804687502 -1.0000000180025095e-35 10726.607421875002 48.351116180419929 113.16841888427736 0.077500000596046462 11016.673339843752 84.609001159667983
decision_type=2 2 2 2 2 2 2 2 2 2 2 2 2 2
left_child=-1 -2 3 4 -3 -6 7 8 -7 -5 -11 -4 -13 -10
right_child=1 2 11 9 5 6 -8 -9 13 10 -12 12 -14 -15
leaf_value=0.11300097126049076 -0.064234020409983772 -0.15835488189494717 -0.0034290849870986001 0.84942892329855868 0.42419441819810511 0.55450212941627874 -0.047003982548335009 0.020182791602638719 0.24706083033960169 0.093266240374901041 0.42653286262774537 0.23244665168485693 0.018241208329684663 -0.0013395602790660815
leaf_weight=12235 48648 16254 2689840 662 5077 2757 83069 43506 8840 56478 3151 12183 37142 7902
leaf_count=12235 48648 16254 2689840 662 5077 2757 83069 43506 8840 56478 3151 12183 37142 7902
internal_value=-5.15524e-08 -0.000458917 0.000587018 0.0327325 0.0015878 0.0187967 0.00467832 0.0728159 0.190179 0.119195 0.110946 -0.00208521 0.0711856 0.129887
internal_weight=3.02774e+06 3.01551e+06 2.96686e+06 227696 167405 151151 146074 63005 19499 60291 59629 2.73916e+06 49325 16742
internal_count=3027744 3015509 2966861 227696 167405 151151 146074 63005 19499 60291 59629 2739165 49325 16742
is_linear=0
shrinkage=0.02


Tree=171
num_leaves=15
num_cat=0
split_feature=4 17 16 8 4 8 6 8 0 0 1 8 4 8
split_gain=396385 378346 347152 299044 265407 1.15059e+06 729244 756308 623220 720771 618666 420398 356347 352566
threshold=-272.92999267578119 0.10156411677598955 -22.100000381469723 -0.95706567168235768 225.66500091552737 0.74141710996627819 103.51959609985353 0.77373486757278453 3890.5000000000005 5266.5000000000009 63.250402450561531 0.89987212419509899 253.45999908447268 0.75801146030426036
decision_type=2 2 2 2 2 2 2 2 2 2 2 2 2 2
left_child=3 -2 -3 -1 -4 -6 7 10 -8 11 12 -10 -7 -12
right_child=1 2 4 -5 5 6 8 -9 9 -11 13 -13 -14 -15
leaf_value=-0.47470046932148818 0.071097762222435967 0.02534773949749921 -0.0012867871490118675 -0.086178722974603369 0.093396834224750341 -0.21043892007818968 0.5315501289988217 -0.00020613631964485642 -0.90017887944806751 -0.16202977201705285 -0.020420277115211209 -0.27637066008096717 -0.95336060673797474 -0.29397937908367683
leaf_weight=842 30021 197907 2743911 11507 14638 424 282 15933 1336 2037 3515 654 680 4057
leaf_count=842 30021 197907 2743911 11507 14638 424 282 15933 1336 2037 3515 654 680 4057
internal_value=1.15697e-07 0.000463406 -0.000247124 -0.113034 -0.00206442 -0.0510414 -0.124162 -0.082055 -0.363888 -0.42776 -0.23219 -0.697585 -0.672504 -0.167187
internal_weight=3.02774e+06 3.0154e+06 2.98537e+06 12349 2.78747e+06 43556 28918 24609 4309 4027 8676 1990 1104 7572
internal_count=3027744 3015395 2985374 12349 2787467 43556 28918 24609 4309 4027 8676 1990 1104 7572
is_linear=0
shrinkage=0.02


Tree=172
num_leaves=15
num_cat=0
split_feature=7 8 8 7 7 6 8 7 7 7 6 7 8 8
split_gain=384058 1.60317e+06 785739 767564 747435 608291 575165 556241 2.05262e+06 1.14479e+06 1.18933e+06 1.08054e+06 1.45898e+06 1.39406e+06
threshold=12651.690429687502 0.84898290038108837 -0.80862879753112782 12833.731933593752 12762.339355468752 94.327411651611342 -0.78596645593643177 11200.212402343752 11255.992675781252 11220.772949218752 109.49512100219728 11367.486328125002 -0.95380857586860646 -0.8281784951686858
decision_type=2 2 2 2 2 2 2 2 2 2 2 2 2 2
left_child=7 2 3 -2 -3 -6 -4 -1 9 10 -9 -10 -13 -14
right_child=1 4 6 -5 5 -7 -8 8 11 -11 -12 12 13 -15
leaf_value=0.0091809963356275486 0.017065452336966318 -0.012981389629115611 0.41584029654739907 -0.27427422635000737 -0.16527442131677128 -0.57633430029855781 0.085440007886116012 -0.0082788332214820542 0.04552048037663279 -0.13040714510117304 -0.15371602972497467 -0.061450279658162701 0.046053839459711102 -0.0094327370533116156
leaf_weight=1131919 44912 15847 2151 3924 11530 1639 86535 126740 180430 72624 27334 169445 225050 927664
leaf_count=1131919 44912 15847 2151 3924 11530 1639 86535 126740 180430 72624 27334 169445 225050 927664
internal_value=-5.00173e-08 0.0295238 0.0580278 -0.0063948 -0.105544 -0.216835 0.0934998 -0.0017186 -0.00885305 -0.0649496 -0.034089 -0.000389292 -0.00665474 0.00140047
internal_weight=3.02774e+06 166538 137522 48836 29016 13169 88686 2.86121e+06 1.72929e+06 226698 154074 1.50259e+06 1.32216e+06 1.15271e+06
internal_count=3027744 166538 137522 48836 29016 13169 88686 2861206 1729287 226698 154074 1502589 1322159 1152714
is_linear=0
shrinkage=0.02


Tree=173
num_leaves=15
num_cat=0
split_feature=13 14 7 8 7 8 7 7 7 7 8 5 5 7
split_gain=379787 642540 399116 684114 786216 544964 563404 521559 580485 618490 1.28502e+06 601893 481813 470713
threshold=-9.2999997138977033 0.63077637553215038 12620.221679687502 0.83320444822311412 12754.799804687502 -0.80862879753112782 12833.731933593752 12549.336914062502 12494.988769531252 12293.167480468752 -0.82075369358062733 0.017499999608844522 -0.08249999955296515 12531.045410156252
decision_type=2 2 2 2 2 2 2 2 2 2 2 2 2 2
left_child=1 -1 7 5 -5 6 -4 8 9 -2 -11 -12 -9 -10
right_child=2 -3 3 4 -6 -7 -8 12 13 10 11 -13 -14 -15
leaf_value=0.00094730207716734599 -0.0060415653860894855 0.040379107393358593 0.016187352935328025 0.040766653189112177 -0.16878002813686407 0.089869736356947796 -0.2724884054928649 -0.80731658909347037 0.089138432739237938 0.059824065228823955 -0.31931956900493264 -0.053472067947035906 -0.075698674796943657 -0.015311297438473115
leaf_weight=629211 1911011 224186 33992 15461 13328 63430 2928 354 45907 10967 9629 5276 34417 27647
leaf_count=629211 1911011 224186 33992 15461 13328 63430 2928 354 45907 10967 9629 5276 34417 27647
internal_value=-1.00332e-07 0.0113063 -0.00443774 0.0296609 -0.0562682 0.0543161 -0.00677359 -0.00659096 -0.00526249 -0.00735687 -0.10447 -0.225316 -0.0833777 0.0498815
internal_weight=3.02774e+06 853397 2.17435e+06 129139 28789 100350 36920 2.04521e+06 2.01044e+06 1.93688e+06 25872 14905 34771 73554
internal_count=3027744 853397 2174347 129139 28789 100350 36920 2045208 2010437 1936883 25872 14905 34771 73554
is_linear=0
shrinkage=0.02


Tree=174
num_leaves=15
num_cat=0
split_feature=4 7 7 7 4 4 7 7 9 7 4 4 8 4
split_gain=384505 397559 1.76222e+06 2.42702e+06 1.84249e+06 1.81994e+06 1.29844e+06 1.42878e+06 2.90681e+06 2.39235e+06 1.57902e+06 1.57278e+06 1.66616e+06 1.89932e+06
threshold=-272.92999267578119 11192.689941406252 11326.603515625002 11345.829101562502 57.354999542236335 85.215000152587905 11111.218750000002 11012.080078125002 0.52074289321899425 10996.903320312502 163.74500274658206 -166.18499755859372 -0.91953414678573597 -104.25500106811522
decision_type=2 2 2 2 2 2 2 2 2 2 2 2 2 2
left_child=-1 6 -3 4 -4 -6 7 9 10 -2 -9 -11 13 -13
right_child=1 2 3 -5 5 -7 -8 8 -10 11 -12 12 -14 -15
leaf_value=-0.11132734513037862 -0.00030368688642887632 -0.045868426700735522 0.032065703761434437 0.00083101181526708799 0.77733666919550659 0.22620255138364062 0.051422872610330544 0.049043213155868959 -0.19519164381940099 -0.27910252833178395 -0.16388625976542379 0.98615771248495787 0.12929433799843307 0.22928813753705934
leaf_weight=12349 653456 345778 12701 1576177 3294 8780 238172 67781 43764 3237 17524 2018 38855 3858
leaf_count=12349 653456 345778 12701 1576177 3294 8780 238172 67781 43764 3237 17524 2018 38855 3858
internal_value=-1.89572e-07 0.000456092 -0.00492444 0.00391897 0.200293 0.377082 0.0102575 -0.00154852 -0.0626997 0.00970461 0.00528731 0.146017 0.176837 0.490458
internal_weight=3.02774e+06 3.0154e+06 1.94673e+06 1.60095e+06 24775 12074 1.06866e+06 830493 129069 701424 85305 47968 44731 5876
internal_count=3027744 3015395 1946730 1600952 24775 12074 1068665 830493 129069 701424 85305 47968 44731 5876
is_linear=0
shrinkage=0.02


Tree=175
num_leaves=15
num_cat=0
split_feature=7 7 7 6 7 5 9 7 7 7 7 7 7 9
split_gain=376550 486646 614602 2.05843e+06 558453 446056 526189 717899 982279 476479 462364 1.47231e+06 853875 1.13107e+06
threshold=10063.905273437502 10630.448242187502 10676.442871093752 62.752407073974616 10641.953613281252 0.072500001639127745 -0.51523202657699574 10937.204589843752 10942.675292968752 11020.570800781252 12160.130859375002 12045.062011718752 12075.718750000002 0.60120347142219555
decision_type=2 2 2 2 2 2 2 2 2 2 2 2 2 2
left_child=-1 -2 3 -3 -5 10 7 -7 -9 -10 11 -4 13 -13
right_child=1 2 5 4 -6 6 -8 8 9 -11 -12 12 -14 -15
leaf_value=0.11068315301973466 -0.063186993604688199 -0.14628469900523189 -0.00068370107140872528 0.41793512445967629 0.15755116721287862 -0.10959180030637855 -0.01657116944579003 0.55373399301795811 0.20466540524172122 0.052555268546023819 0.015178988751474758 -0.097128725887702869 -0.026620052378159103 -0.48104297710462912
leaf_weight=12235 48648 8432 2137290 4961 9840 6405 32249 1959 11541 28755 537504 65721 118993 3211
leaf_count=12235 48648 8432 2137290 4961 9840 6405 32249 1959 11541 28755 537504 65721 118993 3211
internal_value=-7.38912e-08 -0.000449528 0.000579389 0.10302 0.245051 -0.00022948 0.0460775 0.0875926 0.117501 0.0961609 -0.00153842 -0.00540292 -0.0590721 -0.11508
internal_weight=3.02774e+06 3.01551e+06 2.96686e+06 23233 14801 2.94363e+06 80909 48660 42255 40296 2.86272e+06 2.32522e+06 187925 68932
internal_count=3027744 3015509 2966861 23233 14801 2943628 80909 48660 42255 40296 2862719 2325215 187925 68932
is_linear=0
shrinkage=0.02


Tree=176
num_leaves=15
num_cat=0
split_feature=4 7 7 7 6 7 7 7 4 4 6 4 7 4
split_gain=368938 380555 2.1407e+06 1.14186e+06 997092 990331 1.37283e+06 2.28945e+06 1.50829e+06 1.29077e+06 983642 1.19141e+06 979250 1.20895e+06
threshold=-272.92999267578119 11200.212402343752 11305.878417968752 11367.486328125002 117.50624084472658 11111.218750000002 11012.080078125002 10996.903320312502 -166.18499755859372 -115.55500030517577 82.23685455322267 41.414999008178718 11220.772949218752 102.29500198364259
decision_type=2 2 2 2 2 2 2 2 2 2 2 2 2 2
left_child=-1 5 4 10 12 6 7 -2 -9 -10 -4 -12 13 -3
right_child=1 2 3 -5 -6 -7 -8 8 9 -11 11 -13 -14 -15
leaf_value=-0.10905039778151324 -0.00035044838455238462 0.017034848452746679 -0.019263507313256246 -0.002155213275788913 -0.17505203184809531 0.04090567753480407 -0.061532356596466491 -0.27352403768830169 0.45933714399834541 0.13262469980818822 0.033350881176525377 0.16905967378726086 -0.096676475827572189 -0.13950651607320341
leaf_weight=12349 653456 109056 49316 1480440 26701 298073 129069 3237 5511 39220 63497 43673 90063 24083
leaf_count=12349 653456 109056 49316 1480440 26701 298073 129069 3237 5511 39220 63497 43673 90063 24083
internal_value=-3.46828e-08 0.000446915 -0.00504803 0.00327572 -0.0595687 0.00963379 -0.00159037 0.00944024 0.142789 0.172971 0.0546522 0.0886646 -0.0457464 -0.0112895
internal_weight=3.02774e+06 3.0154e+06 1.88683e+06 1.63693e+06 249903 1.12857e+06 830493 701424 47968 44731 156486 107170 223202 133139
internal_count=3027744 3015395 1886829 1636926 249903 1128566 830493 701424 47968 44731 156486 107170 223202 133139
is_linear=0
shrinkage=0.02


Tree=177
num_leaves=15
num_cat=0
split_feature=17 7 7 9 0 9 0 9 7 7 7 7 7 9
split_gain=365488 373322 1.17094e+06 1.54968e+06 837620 1.08685e+06 790659 568132 1.39825e+06 547410 635391 644062 626864 1.91929e+06
threshold=0.10156411677598955 12651.690429687502 12747.715332031252 0.71458885073661815 1225.5000000000002 0.70960983633995067 1914.5000000000002 -0.69065549969673146 12684.181640625002 12549.336914062502 12494.988769531252 12531.045410156252 12293.167480468752 0.57128185033798229
decision_type=2 2 2 2 2 2 2 2 2 2 2 2 2 2
left_child=-1 9 4 -4 -3 7 -5 8 -6 10 12 -12 -2 -14
right_child=1 2 3 6 5 -7 -8 -9 -10 -11 11 -13 13 -15
leaf_value=0.069403022897221264 -0.0018034059661567209 -0.02250182994389122 -0.032512554084255497 -0.098367315273468384 0.59285824058515924 -0.036452595910213999 0.37071193277715736 0.16213258626661245 -0.032206538252036281 -0.062463817829054143 0.09022830760390857 -0.017853387247720169 0.0053845213518899804 -0.32763021140763671
leaf_weight=30040 2645109 16009 98446 1884 4079 9858 6003 26082 2201 59405 59117 35168 24741 9602
leaf_count=30040 2645109 16009 98446 1884 4079 9858 6003 26082 2201 59405 59117 35168 24741 9602
internal_value=-3.5891e-08 -0.00069576 0.0285884 -0.0108919 0.100674 0.147374 0.258676 0.203366 0.374081 -0.00239682 -0.00111014 0.0499164 -0.00290586 -0.0877911
internal_weight=3.02774e+06 2.9977e+06 164562 106333 58229 42220 7887 32362 6280 2.83314e+06 2.77374e+06 94285 2.67945e+06 34343
internal_count=3027744 2997704 164562 106333 58229 42220 7887 32362 6280 2833142 2773737 94285 2679452 34343
is_linear=0
shrinkage=0.02


Tree=178
num_leaves=15
num_cat=0
split_feature=7 7 7 7 7 9 4 9 9 7 4 7 4 8
split_gain=361922 467782 599709 1.47874e+06 1.05485e+06 2.96794e+06 2.86711e+06 1.64013e+06 1.41217e+06 1.36099e+06 1.59599e+06 887145 808319 814499
threshold=10063.905273437502 10630.448242187502 10885.485839843752 10842.659179687502 10776.799804687502 0.61151722073555004 -82.834999084472642 0.58594399690628063 -0.37912024557590479 10687.838867187502 71.284999847412124 10726.607421875002 38.194999694824226 0.99928829073905956
decision_type=2 2 2 2 2 2 2 2 2 2 2 2 2 2
left_child=-1 -2 3 4 5 9 -7 8 -6 10 -3 -8 -5 -14
right_child=1 2 -4 12 7 6 11 -9 -10 -11 -12 -13 13 -15
leaf_value=0.10851212982252369 -0.061950161921101525 -0.094899081475108504 -0.0020243980175703885 0.044693212193241946 -0.068015514681404599 0.69748935083552188 0.75843979639821246 -0.26195937555906118 0.12710267310659792 -0.097281995069838104 0.18338122187743139 0.050415833876551214 0.2092892695660418 -0.4146254304786961
leaf_weight=12235 48648 12968 2739165 30674 51815 5019 760 12284 20779 32384 22595 8801 28764 853
leaf_count=12235 48648 12968 2739165 30674 51815 5019 760 12284 20779 32384 22595 8801 28764 853
internal_value=0 -0.000440629 0.000568149 0.0317551 0.00116579 0.0520771 0.310893 -0.0483354 -0.0121556 -0.00349663 0.081908 0.107432 0.116675 0.191185
internal_weight=3.02774e+06 3.01551e+06 2.96686e+06 227696 167405 82527 14580 84878 72594 67947 35563 9561 60291 29617
internal_count=3027744 3015509 2966861 227696 167405 82527 14580 84878 72594 67947 35563 9561 60291 29617
is_linear=0
shrinkage=0.02


Tree=179
num_leaves=15
num_cat=0
split_feature=17 13 17 17 9 18 7 0 0 7 7 8 9 7
split_gain=355988 363513 1.06994e+06 891582 503658 365386 371086 325682 321316 301240 362196 286415 278125 282672
threshold=0.25177776813507086 6.0999999046325692 0.63942620158195507 0.56203973293304454 0.19226697832345965 0.11212243884801866 11847.019531250002 1520.5000000000002 2740.5000000000005 11305.878417968752 10877.847656250002 -0.95380857586860646 -0.89691269397735585 11198.682128906252
decision_type=2 2 2 2 2 2 2 2 2 2 2 2 2 2
left_child=7 2 12 -3 -5 6 -4 -1 -6 10 -10 -9 -2 -14
right_child=1 3 5 4 8 -7 -8 11 9 -11 -12 -13 13 -15
leaf_value=-0.0096660058851701612 -0.14149698121987117 -0.0048114716017877337 0.12482511522158149 -0.030249628234847378 -0.060310990718826354 0.011610615398968387 0.034335210048870593 -0.044653922796592298 0.036735828468924731 -0.087837102593243982 -0.27077713732362768 0.040699399171141057 0.009979990085563769 -0.0071933088920898983
leaf_weight=100399 5604 859271 44760 76279 23522 37288 30479 17070 1769 11210 11317 198568 629402 980806
leaf_count=100399 5604 859271 44760 76279 23522 37288 30479 17070 1769 11210 11317 198568 629402 980806
internal_value=7.28387e-08 -0.00234113 0.00318234 -0.012049 -0.0621582 0.0628092 0.0881777 0.0200879 -0.113041 -0.164045 -0.229209 0.0339409 -0.000970497 -0.000480536
internal_weight=3.02774e+06 2.71171e+06 1.72834e+06 983368 124097 112527 75239 316037 47818 24296 13086 215638 1.61581e+06 1.61021e+06
internal_count=3027744 2711707 1728339 983368 124097 112527 75239 316037 47818 24296 13086 215638 1615812 1610208
is_linear=0
shrinkage=0.02


Tree=180
num_leaves=15
num_cat=0
split_feature=17 7 7 8 0 7 8 7 7 9 8 7 0 7
split_gain=348836 366004 1.47917e+06 910994 791275 767737 609505 1.07714e+06 605314 795719 966479 1.56642e+06 734904 590639
threshold=0.068815600126981749 12160.130859375002 12045.062011718752 0.98550301790237438 1952.5000000000002 12187.129394531252 0.86405250430107128 12762.339355468752 12005.891601562502 0.30185525119304663 -0.82075369358062733 12032.813476562502 990.50000000000011 12651.690429687502
decision_type=2 2 2 2 2 2 2 2 2 2 2 2 2 2
left_child=-1 2 8 4 -4 -3 13 -8 -2 -10 11 12 -11 -7
right_child=1 5 3 -5 -6 6 7 -9 9 10 -12 -13 -14 -15
leaf_value=0.088475262422193265 -0.0016304868694823422 0.091384233762604489 -0.025991996848123224 0.01719606279843764 -0.122586045805848 0.00032421644769899463 -0.011676621021577573 -0.21167229571264334 0.0096534323226487671 0.015663658532958973 -0.041704127300355109 0.017519437805740074 0.40566752631487996 0.052917191861181018
leaf_weight=17711 2168557 47210 57164 48500 83450 220591 125897 11770 73112 2339 9796 11133 11140 139374
leaf_count=17711 2168557 47210 57164 48500 83450 220591 125897 11770 73112 2339 9796 11133 11140 139374
internal_value=4.45051e-08 -0.000520828 -0.00379951 -0.0575438 -0.0833223 0.0143137 0.0070003 -0.0287898 0.000666202 0.0469839 0.126279 0.19313 0.338054 0.0206885
internal_weight=3.02774e+06 3.01003e+06 2.46519e+06 189114 140614 544842 497632 137667 2.27608e+06 107520 34408 24612 13479 359965
internal_count=3027744 3010033 2465191 189114 140614 544842 497632 137667 2276077 107520 34408 24612 13479 359965
is_linear=0
shrinkage=0.02


Tree=181
num_leaves=15
num_cat=0
split_feature=7 7 7 8 7 7 7 8 7 7 9 8 7 8
split_gain=346300 452747 569847 2.17284e+06 431062 346089 1.46673e+06 858439 702625 571162 757380 918319 1.51406e+06 563588
threshold=10063.905273437502 10630.448242187502 10676.442871093752 0.70209196209907543 10641.953613281252 12160.130859375002 12045.062011718752 0.98550301790237438 12187.129394531252 12005.891601562502 0.30185525119304663 -0.82075369358062733 12029.130859375002 0.86405250430107128
decision_type=2 2 2 2 2 2 2 2 2 2 2 2 2 2
left_child=-1 -2 3 -3 -5 6 9 -8 -7 -4 -11 12 -12 -10
right_child=1 2 5 4 -6 8 7 -9 13 10 11 -13 -14 -15
leaf_value=0.10614443001629979 -0.06094386105007181 -0.15700417905124414 -0.001210025220600916 0.39000576246163493 0.16446720743810658 0.087342142683554128 -0.081876764076595859 0.014985873554921418 0.020228178895704767 0.009539308833435841 0.38263163895048252 -0.040948275464539552 0.062701714064663433 -0.02721454563537315
leaf_weight=12235 48648 8429 2096531 5278 9526 47828 141048 49416 362364 73371 9697 9802 15167 138404
leaf_count=12235 48648 8429 2096531 5278 9526 47828 141048 49416 362364 73371 9697 9802 15167 138404
internal_value=6.2601e-08 -0.000430947 0.000561486 0.099202 0.245088 -0.000217375 -0.0034995 -0.0567461 0.0141113 0.00110097 0.0459436 0.122968 0.187579 0.00711547
internal_weight=3.02774e+06 3.01551e+06 2.96686e+06 23233 14804 2.94363e+06 2.39503e+06 190464 548596 2.20457e+06 108037 34666 24864 500768
internal_count=3027744 3015509 2966861 23233 14804 2943628 2395032 190464 548596 2204568 108037 34666 24864 500768
is_linear=0
shrinkage=0.02


Tree=182
num_leaves=15
num_cat=0
split_feature=9 7 13 17 7 8 7 0 8 7 8 7 7 7
split_gain=345578 1.17463e+06 345947 461628 345099 616518 738394 530478 968744 676404 515202 499844 525365 586325
threshold=0.84602341055870067 11523.473632812502 -9.7000002861022931 0.61032748222351085 12620.221679687502 0.83320444822311412 12754.799804687502 1441.5000000000002 -0.80862879753112782 12833.731933593752 -0.78596645593643177 12549.336914062502 12494.988769531252 12293.167480468752
decision_type=2 2 2 2 2 2 2 2 2 2 2 2 2 2
left_child=2 -2 3 -1 11 7 -7 -6 9 -9 -10 12 13 -4
right_child=1 -3 4 -5 5 6 -8 8 10 -11 -12 -13 -14 -15
leaf_value=0.0061841173464632776 0.067146103472710869 -0.4482606881967377 -0.0052581780428371735 0.054632770146419533 -0.016714118482383501 0.040218399477420341 -0.16217726436912963 0.016520846762662515 0.52874757853392662 -0.33699877600953371 0.12637207474098169 -0.080667944436144307 0.047720522752088899 -0.10076787269041872
leaf_weight=746532 4471 2914 1920538 87923 31725 15552 13427 22795 1303 2382 42946 35095 74092 26049
leaf_count=746532 4471 2914 1920538 87923 31725 15552 13427 22795 1303 2382 42946 35095 74092 26049
internal_value=1.19015e-07 -0.136553 0.00033446 0.0112896 -0.00384761 0.0277364 -0.0535816 0.0510367 0.0819944 -0.0170454 0.138338 -0.005847 -0.00454712 -0.0065368
internal_weight=3.02774e+06 7385 3.02036e+06 834455 2.1859e+06 130130 28979 101151 69426 25177 44249 2.05577e+06 2.02068e+06 1.94659e+06
internal_count=3027744 7385 3020359 834455 2185904 130130 28979 101151 69426 25177 44249 2055774 2020679 1946587
is_linear=0
shrinkage=0.02


Tree=183
num_leaves=15
num_cat=0
split_feature=4 5 8 4 4 8 8 1 1 4 8 4 6 4
split_gain=349670 351690 461086 441856 400519 986726 688160 373787 430098 391615 408676 342820 326198 392418
threshold=-272.92999267578119 0.082499999552965178 0.73663246631622326 168.98500061035159 225.66500091552737 0.74141710996627819 0.88782846927642833 60.367588043212898 105.88853454589845 284.63999938964849 0.84898290038108837 253.45999908447268 102.84941864013673 168.98500061035159
decision_type=2 2 2 2 2 2 2 2 2 2 2 2 2 2
left_child=-1 4 12 -4 -2 -6 7 -7 -9 10 -10 -5 13 -3
right_child=1 2 3 11 5 6 -8 8 9 -11 -12 -13 -14 -15
leaf_value=-0.10616444993550679 0.00051867103345597471 0.14815128489244223 0.060384792170024931 -0.18443370296359762 0.084789918716866614 -0.53185105859763615 0.0034920915912279734 -0.13551155406804291 -0.034779381256798907 -0.16969112159597452 -0.90203890930683028 0.20843366067732255 0.27478486641739402 -0.21880890624772448
leaf_weight=12349 2934298 5326 20435 5837 12686 1259 10358 14786 290 1191 868 1039 5540 1482
leaf_count=12349 2934298 5326 20435 5837 12686 1259 10358 14786 290 1191 868 1039 5540 1482
internal_value=9.92419e-08 0.000435234 0.0595926 0.0137195 -0.000353374 -0.0620901 -0.126904 -0.200296 -0.175638 -0.426563 -0.687024 -0.12485 0.160959 0.0680628
internal_weight=3.02774e+06 3.0154e+06 39659 27311 2.97574e+06 41438 28752 18394 17135 2349 1158 6876 12348 6808
internal_count=3027744 3015395 39659 27311 2975736 41438 28752 18394 17135 2349 1158 6876 12348 6808
is_linear=0
shrinkage=0.02


Tree=184
num_leaves=15
num_cat=0
split_feature=17 16 5 8 17 1 8 1 8 1 8 8 5 8
split_gain=335020 325622 288615 397091 361644 269415 263489 388115 231229 211092 304804 228355 205728 168111
threshold=0.068815600126981749 -23.100000381469723 0.062499998137354858 0.85705029964447033 0.74277102947235119 130.16561126708987 0.8696289360523225 131.50270843505862 0.8110111951828004 91.967914581298842 -0.94326764345169056 -0.83855623006820668 -0.027499999850988385 0.78935310244560253
decision_type=2 2 2 2 2 2 2 2 2 2 2 2 2 2
left_child=-1 -2 9 4 5 13 7 -5 -6 10 -3 -12 -13 -4
right_child=1 2 3 6 8 -7 -8 -9 -10 -11 11 12 -14 -15
leaf_value=0.086705457619427259 0.028611047817424906 -0.021832069037444168 0.023041545894198927 -0.10464004976441629 0.4192714115408992 0.17944952995560229 -0.0057355661968025154 -0.75674413945133301 -0.12694574818360743 -0.010430931562677569 0.027266266592831018 -0.014490142921606828 0.0055228175278738498 0.096056476977246119
leaf_weight=17711 146118 204716 72990 2553 1617 5531 59699 417 378 1071605 153983 257419 1017765 15242
leaf_count=17711 146118 204716 72990 2553 1617 5531 59699 417 378 1071605 153983 257419 1017765 15242
internal_value=0 -0.000510456 -0.00199635 0.02424 0.0498534 0.0441647 -0.0148986 -0.198437 0.315651 -0.00353278 0.0009915 0.00426093 0.00148274 0.0356645
internal_weight=3.02774e+06 3.01003e+06 2.86392e+06 158427 95758 93763 62669 2970 1995 2.70549e+06 1.63388e+06 1.42917e+06 1.27518e+06 88232
internal_count=3027744 3010033 2863915 158427 95758 93763 62669 2970 1995 2705488 1633883 1429167 1275184 88232
is_linear=0
shrinkage=0.02


Tree=185
num_leaves=15
num_cat=0
split_feature=4 5 8 4 0 0 4 8 8 4 5 0 8 0
split_gain=336064 331417 437266 419335 940107 419064 386758 945054 627803 365182 752300 927733 528327 400268
threshold=-272.92999267578119 0.082499999552965178 0.73663246631622326 168.98500061035159 3699.5000000000005 5422.5000000000009 225.66500091552737 0.73663246631622326 0.88782846927642833 253.45999908447268 0.042500000447034843 6664.5000000000009 0.77619159221649181 5317.5000000000009
decision_type=2 2 2 2 2 2 2 2 2 2 2 2 2 2
left_child=-1 6 -3 4 -4 -5 -2 -8 9 -9 11 12 -11 -12
right_child=1 2 3 5 -6 -7 7 8 -10 10 13 -13 -14 -15
leaf_value=-0.10407850689119613 0.00051796257587305276 0.15656670670361494 -0.0025666456144067037 -0.20607742568205037 0.35912473378678778 0.1664762919624494 0.088504059444038122 -0.093526610659273007 0.0033657836978593959 -0.86987166229077584 -0.49202666376339699 -0.052328895522626616 -0.39547931192614505 0.00018991063052104621
leaf_weight=12349 2934298 12348 16985 5323 3450 1553 12004 8624 10358 1646 784 1836 2246 3940
leaf_count=12349 2934298 12348 16985 5323 3450 1553 12004 8624 10358 1646 784 1836 2246 3940
internal_value=-5.65371e-10 0.000426571 0.0578536 0.0131812 0.0586418 -0.121811 -0.00033897 -0.0610059 -0.12199 -0.190024 -0.269477 -0.423379 -0.597829 -0.0823614
internal_weight=3.02774e+06 3.0154e+06 39659 27311 20435 6876 2.97574e+06 41438 29434 19076 10452 5728 3892 4724
internal_count=3027744 3015395 39659 27311 20435 6876 2975736 41438 29434 19076 10452 5728 3892 4724
is_linear=0
shrinkage=0.02


Tree=186
num_leaves=15
num_cat=0
split_feature=9 13 17 1 1 9 17 0 0 0 0 13 17 9
split_gain=331275 329015 416321 286960 237353 341227 438074 332091 325011 261043 244261 225702 216383 192020
threshold=0.84602341055870067 -10.499999999999998 0.61032748222351085 112.1427345275879 91.967914581298842 -0.3094827383756637 0.47716167569160467 1421.5000000000002 2051.5000000000005 7396.0000000000009 7396.0000000000009 1.5000000000000002 0.68381312489509594 -0.71335092186927784
decision_type=2 2 2 2 2 2 2 2 2 2 2 2 2 2
left_child=1 2 -1 -2 5 7 -7 -3 -8 -9 13 12 -10 -6
right_child=3 4 -4 -5 10 6 8 9 11 -11 -12 -13 -14 -15
leaf_value=0.0064331486264018016 -0.10817895558908232 -0.0096549940670449582 0.053553691184995075 -0.74631274898846944 0.030816253529556376 0.0021325471377283277 -0.0016665317537327439 0.025754558314556308 -0.030565836106708627 -0.11367988331312472 -0.1432796355458166 -0.071480759640229555 0.1136355238689179 -0.012894857872695129
leaf_weight=697260 7101 170434 84032 284 42220 585327 85668 384733 36385 5437 5592 82307 4690 836274
leaf_count=697260 7101 170434 84032 284 42220 585327 85668 384733 36385 5437 5592 82307 4690 836274
internal_value=-9.5747e-08 0.00032724 0.0115019 -0.133698 -0.00357201 0.00168784 -0.00674352 0.013635 -0.031595 0.0238086 -0.0116334 -0.0523732 -0.0140766 -0.0107938
internal_weight=3.02774e+06 3.02036e+06 781292 7385 2.23907e+06 1.35498e+06 794377 560604 209050 390170 884086 123382 41075 878494
internal_count=3027744 3020359 781292 7385 2239067 1354981 794377 560604 209050 390170 884086 123382 41075 878494
is_linear=0
shrinkage=0.02


Tree=187
num_leaves=15
num_cat=0
split_feature=7 7 7 7 0 7 0 0 8 5 7 8 7 0
split_gain=333808 438453 553984 1.42141e+06 1.08271e+06 1.28606e+06 1.40024e+06 736030 855236 715721 615367 4.05772e+06 1.55001e+06 1.37816e+06
threshold=10063.905273437502 10630.448242187502 10885.485839843752 10842.659179687502 3940.5000000000005 10676.442871093752 6664.5000000000009 1659.5000000000002 0.99928829073905956 -0.012499999720603226 10934.424316406252 -0.87084275484085072 10927.158203125002 3148.5000000000005
decision_type=2 2 2 2 2 2 2 2 2 2 2 2 2 2
left_child=-1 -2 3 4 9 -6 -7 -5 -9 -3 11 -4 13 -13
right_child=1 2 10 7 5 6 -8 8 -10 -11 -12 12 -14 -15
leaf_value=0.10421212082166058 -0.059973355162912009 0.047581789723207625 -0.22538150256440184 0.023156804319591235 0.28422602507030048 0.085802549812598897 -0.31828638802292775 0.1793684360959468 -0.60290440344474683 -0.055623404053128996 -0.00014009735769660299 0.028358095626023202 -0.086134371277055685 0.2743603389295578
leaf_weight=12235 48648 37662 34414 22485 10475 21387 4075 37248 558 93806 2644019 23581 22315 14836
leaf_count=12235 48648 37662 34414 22485 10475 21387 4075 37248 558 93806 2644019 23581 22315 14836
internal_value=-1.60509e-07 -0.000423338 0.000553304 0.0305278 0.000537365 0.0978059 0.0210308 0.113785 0.167666 -0.0260564 -0.00193845 -0.0519075 0.0464127 0.123407
internal_weight=3.02774e+06 3.01551e+06 2.96686e+06 227696 167405 35937 25462 60291 37806 131468 2.73916e+06 95146 60732 38417
internal_count=3027744 3015509 2966861 227696 167405 35937 25462 60291 37806 131468 2739165 95146 60732 38417
is_linear=0
shrinkage=0.02


Tree=188
num_leaves=15
num_cat=0
split_feature=7 7 0 8 4 7 7 9 0 7 9 8 0 7
split_gain=327982 2.434e+06 1.42377e+06 970400 960182 1.47958e+06 1.7723e+06 1.12422e+06 1.06019e+06 945815 2.46546e+06 1.78624e+06 4.57204e+06 1.62655e+06
threshold=11203.687988281252 11255.992675781252 1165.5000000000002 -0.95380857586860646 -62.774999618530266 12651.690429687502 12542.048828125002 0.64018929004669201 4331.5000000000009 11435.369140625002 -0.28987027704715723 0.79606631398201 4167.5000000000009 11455.166015625002
decision_type=2 2 2 2 2 2 2 2 2 2 2 2 2 2
left_child=-1 2 -2 -3 5 6 7 -5 -8 10 11 -6 -13 -11
right_child=1 3 -4 4 9 -7 8 -9 -10 13 -12 12 -14 -15
leaf_value=0.0083149203926560049 0.026422467677514987 -0.033133152274996837 -0.1025348271893619 0.060794160927311602 0.029037751146924324 0.21142688109973282 -0.14057230912530608 -0.042918116304769056 -0.76658009369767688 -0.14075564502210433 -0.0091679637277481182 0.14709883972175344 0.82412057939768346 -0.003097013771049486
leaf_weight=1166449 44588 257769 147580 213780 34354 19053 11952 51962 1181 35755 147480 33320 4524 857997
leaf_count=1166449 44588 257769 147580 213780 34354 19053 11952 51962 1181 35755 147480 33320 4524 857997
internal_value=-1.78269e-07 -0.00521117 -0.0726134 0.00254929 0.0090665 0.0409565 0.0293026 0.0405138 -0.197409 0.000533152 0.0377128 0.133465 0.228229 -0.00860565
internal_weight=3.02774e+06 1.8613e+06 192168 1.66913e+06 1.41136e+06 297928 278875 265742 13133 1.11343e+06 219678 72198 37844 893752
internal_count=3027744 1861295 192168 1669127 1411358 297928 278875 265742 13133 1113430 219678 72198 37844 893752
is_linear=0
shrinkage=0.02


Tree=189
num_leaves=15
num_cat=0
split_feature=7 7 7 8 0 7 0 0 8 7 7 0 8 7
split_gain=319558 423506 526437 1.46058e+06 1.03975e+06 482324 444370 409516 455057 352305 2.33108e+06 1.36905e+06 927148 871917
threshold=10063.905273437502 10630.448242187502 10687.838867187502 0.70209196209907543 2563.5000000000005 10676.442871093752 6664.5000000000009 8224.5000000000018 -0.75427865982055653 11203.687988281252 11255.992675781252 1460.5000000000002 -0.95380857586860646 11111.218750000002
decision_type=2 2 2 2 2 2 2 2 2 2 2 2 2 2
left_child=-1 -2 3 -3 -5 6 -6 9 -9 13 11 -11 -12 -4
right_child=1 2 7 4 5 -7 -8 8 -10 10 12 -13 -14 -15
leaf_value=0.10196341776162977 -0.058940398829178842 -0.14678923597924612 -0.0029897739553291047 -0.052659352866073539 0.40236267430450973 0.10259125268363488 0.14926478371355859 0.056664228391571626 -0.23069835266968067 0.011409979282495456 -0.032470514938286538 -0.10567053672401895 0.0087846454592959821 0.036072731378023505
leaf_weight=12235 48648 8776 730680 7326 7351 7628 4482 3385 6291 56643 257769 135525 1408402 332603
leaf_count=12235 48648 8776 730680 7326 7351 7628 4482 3385 6291 56643 257769 135525 1408402 332603
internal_value=-1.70191e-07 -0.000414216 0.000545634 0.0770214 0.150375 0.226795 0.306705 -0.000382436 -0.130212 4.79794e-05 -0.0052054 -0.0711612 0.002402 0.00922948
internal_weight=3.02774e+06 3.01551e+06 2.96686e+06 35563 26787 19461 11833 2.9313e+06 9676 2.92162e+06 1.85834e+06 192168 1.66617e+06 1.06328e+06
internal_count=3027744 3015509 2966861 35563 26787 19461 11833 2931298 9676 2921622 1858339 192168 1666171 1063283
is_linear=0
shrinkage=0.02


Tree=190
num_leaves=15
num_cat=0
split_feature=4 14 9 17 4 0 5 9 4 0 0 4 8 8
split_gain=324811 349258 320282 309588 297621 385573 286548 404661 415872 895002 379329 377743 861174 620797
threshold=-238.05999755859372 0.65343809127807628 0.84602341055870067 0.068815600126981749 -119.61500167846678 717.50000000000011 0.082499999552965178 -0.67629325389862049 168.98500061035159 3699.5000000000005 5422.5000000000009 225.66500091552737 0.74141710996627819 0.88782846927642833
decision_type=2 2 2 2 2 2 2 2 2 2 2 2 2 2
left_child=1 -1 3 -2 -4 -6 11 -8 9 -9 -10 -5 -13 -14
right_child=2 -3 4 6 5 -7 7 8 10 -11 -12 12 13 -15
leaf_value=-0.028815190252156567 0.084476435563049679 -0.18591882353473232 0.11971089180264269 0.00067813359927502168 0.08979865499815988 -0.28670012452433319 0.15078332627079266 -0.0030889342795253722 -0.20297515732601845 0.35065785231656449 0.15422096628790499 0.07832108807281124 -0.19075078635224785 0.0035158045688536616
leaf_weight=28319 17672 7066 1504 2887110 1434 4447 12028 16871 5316 3435 1523 12452 18296 10271
leaf_count=28319 17672 7066 1504 2887110 1434 4447 12028 16871 5316 3435 1523 12452 18296 10271
internal_value=-1.50735e-07 -0.0602313 0.000712282 0.00103796 -0.130747 -0.194896 0.000540748 0.0542678 0.0114611 0.0568937 -0.123318 -0.000178198 -0.0604368 -0.120927
internal_weight=3.02774e+06 35385 2.99236e+06 2.98497e+06 7385 5881 2.9673e+06 39173 27145 20306 6839 2.92813e+06 41019 28567
internal_count=3027744 35385 2992359 2984974 7385 5881 2967302 39173 27145 20306 6839 2928129 41019 28567
is_linear=0
shrinkage=0.02


Tree=191
num_leaves=15
num_cat=0
split_feature=17 16 17 5 17 16 14 16 3 8 8 5 6 6
split_gain=318943 321148 474414 284802 397065 340713 245667 323709 239145 205833 205673 388358 366344 264441
threshold=0.24648848921060565 -17.30000019073486 0.49661371111869818 -0.027499999850988385 0.50091776251792919 -1.4999999999999998 0.82292342185974132 8.9000000953674334 6.4649960994720468 0.93289250135421764 0.71212160587310802 0.052500000223517425 102.19760894775392 93.936183929443374
decision_type=2 2 2 2 2 2 2 2 2 2 2 2 2 2
left_child=-1 2 -2 4 -3 -6 8 -8 -5 10 11 -10 -13 -12
right_child=1 3 -4 6 5 -7 7 -9 9 -11 13 12 -14 -15
leaf_value=0.019879467159776527 -0.001063519631279547 -0.0083632691082262869 0.043613341702972833 0.0019782985613442028 -0.0023419722637862766 -0.070421577418469272 0.12573189074999599 -0.04877094492522166 -0.015908999261885427 0.014512930697989351 -0.0095756115595699628 -0.037564815568385791 0.233796771785582 -0.064928726465763933
leaf_weight=291705 286132 491542 142369 1357945 44353 87243 13244 6254 93710 63453 59797 3285 5028 81684
leaf_count=291705 286132 491542 142369 1357945 44353 87243 13244 6254 93710 63453 59797 3285 5028 81684
internal_value=-1.38339e-07 -0.00211969 0.0137809 -0.00507243 -0.0166243 -0.0474782 -0.000798767 0.0697626 -0.00162555 -0.0175682 -0.0259283 -0.00428194 0.126646 -0.0415362
internal_weight=3.02774e+06 2.73604e+06 428501 2.30754e+06 623138 131596 1.6844e+06 19498 1.6649e+06 306957 243504 102023 8313 141481
internal_count=3027744 2736039 428501 2307538 623138 131596 1684400 19498 1664902 306957 243504 102023 8313 141481
is_linear=0
shrinkage=0.02


Tree=192
num_leaves=15
num_cat=0
split_feature=4 14 9 5 9 4 4 8 8 4 5 4 6 8
split_gain=310377 334481 306251 292136 401559 386467 362327 867068 592356 329011 715280 309611 309404 471831
threshold=-238.05999755859372 0.65343809127807628 0.84602341055870067 0.082499999552965178 -0.67629325389862049 168.98500061035159 225.66500091552737 0.74141710996627819 0.88782846927642833 253.45999908447268 0.042500000447034843 237.56500244140628 95.444126129150405 0.85705029964447033
decision_type=2 2 2 2 2 2 2 2 2 2 2 2 2 2
left_child=1 -1 3 6 -5 -6 -2 11 9 -9 -11 -8 -7 -14
right_child=2 -3 -4 4 5 12 7 8 -10 10 -12 -13 13 -15
leaf_value=-0.028133431316878454 0.0011266987888887273 -0.18187765343611062 -0.12785086551980235 0.14967469155873994 0.055778446250025801 -0.0021793705929675951 -0.088514843489627376 -0.091023049638438089 0.0017969766386664717 -0.41130952390010506 -0.077125218580072888 0.13734348947330388 0.11995998379706718 -0.436910478371412
leaf_weight=28319 2903877 7066 7385 12321 20462 3960 3261 8031 10358 5717 4646 9425 857 2059
leaf_count=28319 2903877 7066 7385 12321 20462 3960 3261 8031 10358 5717 4646 9425 857 2059
internal_value=-1.23926e-07 -0.0588778 0.000696299 0.00101477 0.0549275 0.012186 0.000288634 -0.0584266 -0.119184 -0.187276 -0.261707 0.0792599 -0.117429 -0.273391
internal_weight=3.02774e+06 35385 2.99236e+06 2.98497e+06 39659 27338 2.94532e+06 41438 28752 18394 10363 12686 6876 2916
internal_count=3027744 35385 2992359 2984974 39659 27338 2945315 41438 28752 18394 10363 12686 6876 2916
is_linear=0
shrinkage=0.02


Tree=193
num_leaves=15
num_cat=0
split_feature=17 13 17 17 16 0 14 8 18 8 0 0 8 14
split_gain=308896 299943 930517 713214 476535 346282 316517 310952 299654 294347 257949 247064 236594 235235
threshold=0.18496749550104144 2.5000000000000004 0.62695243954658519 0.55469539761543285 11.900000095367433 2682.5000000000005 0.63077637553215038 -0.72680556774139393 0.07587261870503427 -1.0000000180025095e-35 1401.5000000000002 951.50000000000011 0.58100306987762462 0.57629901170730602
decision_type=2 2 2 2 2 2 2 2 2 2 2 2 2 2
left_child=10 2 6 -3 9 -6 -2 -7 11 -5 -1 -4 -8 -12
right_child=1 3 8 4 5 7 12 -9 -10 -11 13 -13 -14 -15
leaf_value=-0.015982925466208789 -0.0042937412823953885 -0.0028884628210318676 0.0028515493082590464 -0.054019350699465188 -0.041099564669653546 -0.1828990697754824 -0.0015876385367756787 -0.072655660499035893 0.02850162785469116 0.026703691767771681 0.03550511043048192 0.11248674662107484 0.034586484104066166 0.12438282822374441
leaf_weight=31466 1200008 1146155 10045 33538 43997 18425 127988 23059 61708 39150 66103 45312 166265 14525
leaf_count=31466 1200008 1146155 10045 33538 43997 18425 127988 23059 61708 39150 66103 45312 166265 14525
internal_value=-1.86383e-07 -0.00125281 0.00451859 -0.00838263 -0.0481927 -0.080202 0.000264374 -0.121653 0.0588161 -0.0105437 0.0325785 0.092597 0.0188526 0.05153
internal_weight=3.02774e+06 2.91565e+06 1.61133e+06 1.30432e+06 158169 85481 1.49426e+06 41484 117065 72688 112094 55357 294253 80628
internal_count=3027744 2915650 1611326 1304324 158169 85481 1494261 41484 117065 72688 112094 55357 294253 80628
is_linear=0
shrinkage=0.02


Tree=194
num_leaves=15
num_cat=0
split_feature=7 7 4 7 4 7 4 9 7 7 9 4 5 5
split_gain=311584 1.42738e+06 1.37888e+06 800812 791739 775123 562314 543520 668311 1.56444e+06 579623 1.17587e+06 664629 543344
threshold=12160.130859375002 12045.062011718752 -170.43499755859372 12114.529785156252 73.944999694824233 12205.631347656252 -38.385000228881829 -0.70459485054016102 12684.181640625002 12651.690429687502 0.69571974873542797 -29.045000076293942 -0.027499999850988385 -0.10249999910593031
decision_type=2 2 2 2 2 2 2 2 2 2 2 2 2 2
left_child=1 -1 13 4 6 -4 -3 8 9 -7 -9 12 -12 -2
right_child=2 3 5 -5 -6 7 -8 10 -10 -11 11 -13 -14 -15
leaf_value=0.0013596582350522345 -0.75102824182953021 -0.11426898537710586 0.066159518411352439 -0.0093213388409044834 -0.179142594013811 0.051695597015973649 -0.0059320207386709079 -0.014541082416868368 -0.01331588613517796 0.50360285031933449 0.069386727407567725 -0.10202456016230446 0.29568059009010039 0.21491076474450957
leaf_weight=2288684 227 36827 78781 83736 29953 11739 39948 390235 16028 4138 13496 10349 8436 15167
leaf_count=2288684 227 36827 78781 83736 29953 11739 39948 390235 16028 4138 13496 10349 8436 15167
internal_value=-1.83355e-07 -0.0030183 0.0136387 -0.0556228 -0.0919452 0.00824916 -0.0579069 -0.0017917 0.0777928 0.16972 -0.00780303 0.0736299 0.156525 0.200187
internal_weight=3.02774e+06 2.47915e+06 548596 190464 106728 533202 76775 454421 31905 15877 422516 32281 21932 15394
internal_count=3027744 2479148 548596 190464 106728 533202 76775 454421 31905 15877 422516 32281 21932 15394
is_linear=0
shrinkage=0.02


Tree=195
num_leaves=15
num_cat=0
split_feature=4 9 4 0 9 16 4 8 4 0 0 4 4 4
split_gain=304070 292311 286395 376496 281992 279387 230003 228873 645725 795858 376245 429277 312123 293420
threshold=-272.92999267578119 0.84602341055870067 -117.57500076293944 717.50000000000011 0.28203156590461737 -23.100000381469723 -26.214999198913571 -0.99442258477210987 -213.245002746582 2462.5000000000005 5128.5000000000009 -166.18499755859372 3.0149999856948857 -198.48500061035153
decision_type=2 2 2 2 2 2 2 2 2 2 2 2 2 2
left_child=4 5 -3 -4 -1 -2 -5 8 -7 -10 11 -11 -13 -9
right_child=1 2 3 6 -6 7 -8 13 9 10 -12 12 -14 -15
leaf_value=-0.47049305815119058 0.02758104230602744 0.11328959452608048 0.090722929010715297 -0.21649319077017687 -0.074354378841416019 0.29119467507329411 -0.60674149994647941 -0.041507405765490439 0.010817764242573538 0.12804387889740998 -0.27426731684941358 -0.073689780314690992 -0.40479294577960312 0.0017785417318344453
leaf_weight=757 147235 1577 1434 3653 11592 2562 721 64160 92626 4233 3678 64265 1150 2628101
leaf_count=757 147235 1577 1434 3653 11592 2562 721 64160 92626 4233 3678 64265 1150 2628101
internal_value=-1.788e-07 0.000405579 -0.125183 -0.19002 -0.0990005 0.000714335 -0.282063 -0.000668493 -0.0232791 -0.0281514 -0.0773726 -0.0669368 -0.0795719 0.000746825
internal_weight=3.02774e+06 3.0154e+06 7385 5808 12349 3.00801e+06 4374 2.86078e+06 168514 165952 73326 69648 65415 2.69226e+06
internal_count=3027744 3015395 7385 5808 12349 3008010 4374 2860775 168514 165952 73326 69648 65415 2692261
is_linear=0
shrinkage=0.02


Tree=196
num_leaves=15
num_cat=0
split_feature=17 9 1 14 9 9 9 8 1 1 9 5 5 1
split_gain=298794 275527 272414 247540 390157 281818 318278 304782 334025 293139 296786 261793 257554 238908
threshold=0.12324878945946695 0.84602341055870067 112.1427345275879 0.84016233682632457 -0.57362857460975636 -0.89691269397735585 -0.71335092186927784 -0.62955906987190235 108.72930145263673 94.415195465087905 -0.3094827383756637 0.012499999720603229 0.037499999627470977 88.927730560302749
decision_type=2 2 2 2 2 2 2 2 2 2 2 2 2 2
left_child=-1 3 -3 5 -5 -2 7 13 11 10 -8 -9 -10 -7
right_child=1 2 -4 4 -6 6 9 8 12 -11 -12 -13 -14 -15
leaf_value=0.052861613103391929 -0.10531685819142245 -0.097887030265125297 -0.72060493088419519 0.19707523657604101 0.013814383376934889 0.33846362327264551 0.012877731505017094 0.077894470113234957 0.023934232412552187 -0.010659110937321135 -0.0036593989825337886 -0.0079082889786712615 0.15125483202039719 -0.010246012268543634
leaf_weight=42165 10304 7098 283 6421 16757 2232 713466 17482 12287 1000202 1108554 76119 13165 1209
leaf_count=42165 10304 7098 283 6421 16757 2232 713466 17482 12287 1000202 1108554 76119 13165 1209
internal_value=-2.74231e-07 -0.000747018 -0.122708 -0.000444338 0.0646471 -0.000955113 -0.000589572 0.03097 0.0255965 -0.00195948 0.00281623 0.00812362 0.0898249 0.216264
internal_weight=3.02774e+06 2.98558e+06 7381 2.9782e+06 23178 2.95502e+06 2.94472e+06 122494 119053 2.82222e+06 1.82202e+06 93601 25452 3441
internal_count=3027744 2985579 7381 2978198 23178 2955020 2944716 122494 119053 2822222 1822020 93601 25452 3441
is_linear=0
shrinkage=0.02


Tree=197
num_leaves=15
num_cat=0
split_feature=17 4 9 8 13 17 17 4 18 0 9 0 8 18
split_gain=293091 308692 398539 323687 298954 925115 703170 442230 300340 297606 268424 267168 253083 271216
threshold=0.25177776813507086 -252.27499389648435 0.27140200138092047 -0.75056561827659596 6.0999999046325692 0.64568331837654125 0.56203973293304454 -52.104999542236321 0.11113615706562997 1520.5000000000002 -0.89691269397735585 971.50000000000011 -0.95380857586860646 0.07762381806969644
decision_type=2 2 2 2 2 2 2 2 2 2 2 2 2 2
left_child=9 2 -2 -4 5 10 -6 -8 11 -1 -3 -7 -11 -14
right_child=1 4 3 -5 6 8 7 -9 -10 12 -12 -13 13 -15
leaf_value=-0.010215680749476874 -0.38835949059480696 -0.13792442628635121 -0.027407949522377413 -0.29710533992444527 -0.0039283177871713669 0.0025161613426726783 -0.11044374324989363 -0.029008254799473394 0.013001996074306368 -0.042410755234124332 0.00025626711482076218 0.10364051841468735 0.024769482514083643 0.079685011859585417
leaf_weight=100399 1519 5633 18409 1961 852594 12798 39331 82877 34565 17070 1605037 56983 151383 47185
leaf_count=100399 1519 5633 18409 1961 852594 12798 39331 82877 34565 17070 1605037 56983 151383 47185
internal_value=-2.74319e-07 -0.00212462 -0.0769105 -0.0535055 -0.00151574 0.00351109 -0.0103597 -0.0552242 0.0612192 0.0182268 -0.000227833 0.0850974 0.0314693 0.0378223
internal_weight=3.02774e+06 2.71171e+06 21889 20370 2.68982e+06 1.71502e+06 974802 122208 104346 316037 1.61067e+06 69781 215638 198568
internal_count=3027744 2711707 21889 20370 2689818 1715016 974802 122208 104346 316037 1610670 69781 215638 198568
is_linear=0
shrinkage=0.02


Tree=198
num_leaves=15
num_cat=0
split_feature=4 5 9 8 4 0 4 6 4 8 8 0 0 6
split_gain=282726 281488 449805 437511 387563 378324 389065 414593 338915 1.15778e+06 1.18005e+06 867971 798647 605286
threshold=-272.92999267578119 0.072500001639127745 0.23015601187944415 0.85705029964447033 198.66500091552737 2264.5000000000005 123.38499832153322 102.84941864013673 253.45999908447268 0.75086346268653881 0.76719006896018993 6664.5000000000009 5317.5000000000009 99.589138031005874
decision_type=2 2 2 2 2 2 2 2 2 2 2 2 2 2
left_child=-1 8 3 5 -5 -3 -7 -8 -2 -10 11 -11 13 -12
right_child=1 2 -4 4 -6 6 7 -9 9 10 12 -13 -14 -15
leaf_value=-0.095462806819705176 -0.00011166444503897511 -0.00034309121502428897 0.51014630208171963 -0.00013882312658684701 -0.20939254474733346 0.2180429723000101 0.002925415511425129 0.18206074395718727 0.14260031979443361 -0.84733293492355899 -0.15506470196079344 -0.12299793688898387 0.047096803319873093 -0.73082554960072255
leaf_weight=12349 2912649 20374 784 27256 4059 9393 14892 7905 5909 1666 2335 1100 6015 1058
leaf_count=12349 2912649 20374 784 27256 4059 9393 14892 7905 5909 1666 2335 1100 6015 1058
internal_value=-3.23439e-07 0.000390934 0.0363412 0.0318522 -0.0273208 0.0671033 0.10978 0.0650952 -0.000647712 -0.0869406 -0.198382 -0.560763 -0.0913559 -0.336223
internal_weight=3.02774e+06 3.0154e+06 84663 83879 31315 52564 32190 22797 2.93073e+06 18083 12174 2766 9408 3393
internal_count=3027744 3015395 84663 83879 31315 52564 32190 22797 2930732 18083 12174 2766 9408 3393
is_linear=0
shrinkage=0.02


Tree=199
num_leaves=15
num_cat=0
split_feature=13 4 4 1 5 0 4 0 0 0 6 0 5 5
split_gain=280559 268592 242589 364075 304788 340211 321083 328906 273776 326186 533539 266320 243986 200370
threshold=-9.0999999046325666 -252.27499389648435 189.52500152587893 59.768112182617195 0.077500000596046462 2244.5000000000005 114.02499771118165 4993.5000000000009 3721.5000000000005 5317.5000000000009 139.05107116699222 7396.0000000000009 0.042500000447034843 0.10249999910593034
decision_type=2 2 2 2 2 2 2 2 2 2 2 2 2 2
left_child=-1 -2 4 -4 -3 -6 13 -8 -5 10 -10 12 -11 -7
right_child=1 2 3 8 5 6 7 -9 9 11 -12 -13 -14 -15
leaf_value=0.0096545010052092109 -0.080547816519582385 -0.0028031380416928243 -0.17061314564125887 0.16275069745808479 -0.01488882010284644 0.28376048886607835 0.032156314677384376 0.3924802131154066 -0.060885616140203595 -0.017160626749884559 -0.47306087034024075 -0.1160749888479774 0.091786918014231209 -0.20288049743553924
leaf_weight=861381 18096 2032621 7380 3019 13908 4808 11779 1099 32560 19152 1297 5893 14394 357
leaf_count=861381 18096 2032621 7380 3019 13908 4808 11779 1099 32560 19152 1297 5893 14394 357
internal_value=-3.87187e-07 -0.00383936 -0.00319283 -0.0365708 -0.00183955 0.0594421 0.116716 0.0631883 -0.0235874 -0.0312839 -0.0768109 0.00780847 0.0295997 0.249793
internal_weight=3.02774e+06 2.16636e+06 2.14827e+06 83695 2.06457e+06 31951 18043 12878 76315 73296 33857 39439 33546 5165
internal_count=3027744 2166363 2148267 83695 2064572 31951 18043 12878 76315 73296 33857 39439 33546 5165
is_linear=0
shrinkage=0.02


Tree=200
num_leaves=15
num_cat=0
split_feature=16 4 6 5 4 5 6 5 4 4 4 11 13 3
split_gain=277737 267614 247417 244878 321194 486167 333328 266421 260565 427612 261000 211215 201521 196984
threshold=-23.100000381469723 -238.05999755859372 153.37236022949222 0.072500001639127745 253.45999908447268 0.047500001266598708 65.785774230957045 0.032499999739229686 168.98500061035159 82.665000915527358 253.45999908447268 0.80977529287338268 8.9000000953674334 7.5039749145507821
decision_type=2 2 2 2 2 2 2 2 2 2 2 2 2 2
left_child=-1 2 11 4 12 6 7 -6 9 -5 -10 -2 -3 -12
right_child=1 3 -4 8 5 -7 -8 -9 10 -11 13 -13 -14 -15
leaf_value=0.026758236179897844 -0.030999678528683534 0.0024849156448164328 0.47274491077849384 -0.0032169780272048149 -0.71694322949960809 0.058656254145099 -0.12806194579246799 -0.068730665368227223 -0.073819814445627283 0.10458585005033393 0.010310472944502175 -0.1420092819388197 -0.0092097923838527409 0.27413957859422872
leaf_weight=147582 24098 1894300 339 27266 721 5977 10289 392 14267 31969 3772 9577 855587 1608
leaf_count=147582 24098 1894300 339 27266 721 5977 10289 392 14267 31969 3772 9577 855587 1608
internal_value=-3.90685e-07 -0.00137162 -0.0571301 -0.000705052 -0.00169558 -0.0873811 -0.163921 -0.491305 0.0340393 0.0549715 -0.0290651 -0.0626036 -0.00115373 0.089531
internal_weight=3.02774e+06 2.88016e+06 34014 2.84615e+06 2.76727e+06 17379 11402 1113 78882 59235 19647 33675 2.74989e+06 5380
internal_count=3027744 2880162 34014 2846148 2767266 17379 11402 1113 78882 59235 19647 33675 2749887 5380
is_linear=0
shrinkage=0.02


Tree=201
num_leaves=15
num_cat=0
split_feature=7 7 7 7 1 7 7 0 0 7 0 1 1 7
split_gain=308549 410812 506552 1.36294e+06 1.0398e+06 1.76347e+06 1.15948e+06 938178 1.09126e+06 1.09885e+06 1.08557e+06 856037 784642 764938
threshold=10063.905273437502 10630.448242187502 10885.485839843752 10842.659179687502 51.359128952026374 10776.799804687502 10641.953613281252 6664.5000000000009 2032.5000000000002 10726.607421875002 3274.5000000000005 48.351116180419929 113.16841888427736 10676.442871093752
decision_type=2 2 2 2 2 2 2 2 2 2 2 2 2 2
left_child=-1 -2 3 4 -3 6 -6 8 -8 13 -11 -5 -13 -10
right_child=1 2 -4 11 5 -7 7 -9 9 10 -12 12 -14 -15
leaf_value=0.10019149850211406 -0.058049663337318522 -0.15211609861659767 -0.0018445881533455163 0.82067760367567344 0.38209961893142785 -0.045660178740560817 -0.0023278429207567756 -0.15199777134704692 0.32932610114270733 0.14818831807838984 0.56967650695252359 0.08552953829476076 0.40938622179804285 0.031896762624750448
leaf_weight=12235 48648 16254 2739165 662 5077 83069 25245 6886 4352 5125 4680 56478 3151 16717
leaf_count=12235 48648 16254 2739165 662 5077 83069 25245 6886 4352 5125 4680 56478 3151 16717
internal_value=-3.97637e-07 -0.00040725 0.000538106 0.0292006 -0.000166152 0.0161826 0.0916349 0.0681717 0.0952099 0.17494 0.349745 0.110728 0.102709 0.0934616
internal_weight=3.02774e+06 3.01551e+06 2.96686e+06 227696 167405 151151 68082 63005 56119 30874 9805 60291 59629 21069
internal_count=3027744 3015509 2966861 227696 167405 151151 68082 63005 56119 30874 9805 60291 59629 21069
is_linear=0
shrinkage=0.02


Tree=202
num_leaves=15
num_cat=0
split_feature=7 7 0 5 5 7 7 7 0 7 1 7 0 7
split_gain=299560 1.01891e+06 733619 822506 685447 484139 1.04005e+06 636356 1.03776e+06 900806 980214 483652 1.33408e+06 504546
threshold=12651.690429687502 12747.715332031252 1225.5000000000002 -1.0000000180025095e-35 -0.047500001266598695 12533.940917968752 12494.988769531252 12293.167480468752 2051.5000000000005 12456.649414062502 70.626064300537124 12264.441894531252 3107.5000000000005 11203.687988281252
decision_type=2 2 2 2 2 2 2 2 2 2 2 2 2 2
left_child=5 2 -2 -4 -3 6 7 11 -9 -10 -11 13 -13 -1
right_child=1 4 3 -5 -6 -7 -8 8 9 10 -12 12 -14 -15
leaf_value=0.0078385463664254577 -0.021509207007218957 0.11142508479802579 0.055991175345386668 0.23143887547826059 -0.031762877839064722 -0.048965533878223381 0.074972554369029415 0.046813377017113016 -0.26399567338913288 -0.39710943748478555 0.15517943891378561 -0.00065049551602848379 0.27301584228687431 -0.0097844553135055818
leaf_weight=1166449 16382 15655 23541 19580 91380 83500 71911 14052 14436 1711 5069 27233 9640 1467205
leaf_count=1166449 16382 15655 23541 19580 91380 83500 71911 14052 14436 1711 5069 27233 9640 1467205
internal_value=-2.26327e-07 0.0260743 0.0924161 0.135693 -0.0108115 -0.001518 -9.15122e-05 -0.00208674 -0.0864743 -0.174736 0.0154214 -0.00097196 0.0709503 -0.0019792
internal_weight=3.02774e+06 166538 59503 43121 107035 2.86121e+06 2.77771e+06 2.7058e+06 35268 21216 6780 2.67053e+06 36873 2.63365e+06
internal_count=3027744 166538 59503 43121 107035 2861206 2777706 2705795 35268 21216 6780 2670527 36873 2633654
is_linear=0
shrinkage=0.02


Tree=203
num_leaves=15
num_cat=0
split_feature=7 7 7 6 4 7 5 4 8 8 6 7 8 7
split_gain=295394 396751 484661 1.53997e+06 810114 417249 355575 463251 1.13503e+06 1.13406e+06 560429 511937 433030 651045
threshold=10063.905273437502 10630.448242187502 10687.838867187502 50.342420578002937 71.284999847412124 10641.953613281252 0.06749999895691873 253.45999908447268 0.75086346268653881 0.76719006896018993 106.44753646850587 11006.409179687502 0.85705029964447033 10937.204589843752
decision_type=2 2 2 2 2 2 2 2 2 2 2 2 2 2
left_child=-1 -2 3 -3 -5 -6 7 -4 -9 11 -11 -10 13 -8
right_child=1 2 6 4 5 -7 12 8 9 10 -12 -13 -14 -15
leaf_value=0.098032662027306094 -0.057045647353192806 -0.14848950935780725 -0.0011645905912622103 -0.029929654403687077 0.37199365654486238 0.16224162151846405 -0.084201171081273729 0.14957377705276284 -0.17061864885723529 -0.024968824583346465 -0.42835520266623373 -0.79013375257351315 -0.013023879718508267 0.091491838168480583
leaf_weight=12235 48648 9217 2801236 7151 5216 13979 9850 4647 783 6482 1740 1711 46359 58490
leaf_count=12235 48648 9217 2801236 7151 5216 13979 9850 4647 783 6482 1740 1711 46359 58490
internal_value=-2.09451e-07 -0.000398294 0.000530742 0.0739094 0.151742 0.219404 -0.000359742 -0.00176547 -0.111254 -0.224399 -0.110755 -0.597101 0.0341569 0.0661599
internal_weight=3.02774e+06 3.01551e+06 2.96686e+06 35563 26346 19195 2.9313e+06 2.8166e+06 15363 10716 8222 2494 114699 68340
internal_count=3027744 3015509 2966861 35563 26346 19195 2931298 2816599 15363 10716 8222 2494 114699 68340
is_linear=0
shrinkage=0.02


Tree=204
num_leaves=15
num_cat=0
split_feature=9 4 0 13 14 0 4 14 4 9 0 4 0 4
split_gain=266177 274007 360319 264921 497953 269275 259462 402619 225269 266663 668308 822700 437333 423176
threshold=0.84602341055870067 -117.57500076293944 697.50000000000011 -10.499999999999998 0.63077637553215038 815.50000000000011 -252.27499389648435 0.64422971010208141 189.52500152587893 -0.30268207192420954 2148.5000000000005 86.485000610351577 3818.5000000000005 135.4049987792969
decision_type=2 2 2 2 2 2 2 2 2 2 2 2 2 2
left_child=3 -2 -3 4 -1 -6 7 -5 9 10 -8 -12 13 -13
right_child=1 2 -4 6 5 -7 8 -9 -10 -11 11 12 -14 -15
leaf_value=0.00064115330655449933 0.11340375516369262 0.096513065708259876 -0.27164602544096123 -0.024924620966478784 -0.012813482639120228 0.047027426605929339 -0.011067485633165636 -0.24173701331527697 -0.034168663745573841 -0.0072507819860176612 0.06961178037821393 0.0048160448808706579 0.032752875779278157 -0.064730491268583185
leaf_weight=571338 1577 1394 4414 14148 36378 173576 422970 4512 86771 1248368 116777 141225 157780 46516
leaf_count=571338 1577 1394 4414 14148 36378 173576 422970 4512 86771 1248368 116777 141225 157780 46516
internal_value=-2.63566e-07 -0.119844 -0.183265 0.000293152 0.0103204 0.0366588 -0.00320575 -0.0774525 -0.00258143 -0.00129668 0.00709952 0.023721 0.00820945 -0.0124177
internal_weight=3.02774e+06 7385 5808 3.02036e+06 781292 209954 2.23907e+06 18660 2.22041e+06 2.13364e+06 885268 462298 345521 187741
internal_count=3027744 7385 5808 3020359 781292 209954 2239067 18660 2220407 2133636 885268 462298 345521 187741
is_linear=0
shrinkage=0.02


Tree=205
num_leaves=15
num_cat=0
split_feature=17 16 4 14 0 6 17 16 14 16 4 0 4 6
split_gain=285263 262625 252557 244928 211554 217959 207483 266080 209157 351486 208083 285788 286154 498663
threshold=0.068815600126981749 -22.100000381469723 -272.92999267578119 0.66342735290527355 1580.5000000000002 52.391942977905281 0.30330684781074529 9.2999997138977069 0.84016233682632457 8.9000000953674334 225.66500091552737 8224.5000000000018 284.63999938964849 139.05107116699222
decision_type=2 2 2 2 2 2 2 2 2 2 2 2 2 2
left_child=-1 4 3 -3 -2 -6 7 -4 10 -10 -8 12 13 -12
right_child=1 2 6 -5 5 -7 8 -9 9 -11 11 -13 -14 -15
leaf_value=0.080007747648503783 -0.0073175455489856893 -0.045792788449002746 -0.0014199544857630725 -0.26508826786532447 -0.11133877796623404 0.040754067559732536 -0.0042826964983637165 0.026352250148258972 0.10982852804732376 -0.075675547802910165 -0.049725070851871993 -0.23968211018670338 0.065594549715196529 -0.46499824661275618
leaf_weight=17711 66850 9275 372788 2603 3873 128865 2150987 219078 14911 5618 22719 3000 8257 1209
leaf_count=17711 66850 9275 372788 2603 3873 128865 2150987 219078 14911 5618 22719 3000 8257 1209
internal_value=-2.78344e-07 -0.000471316 -0.00204567 -0.0940345 0.0216964 0.0363081 -0.0016549 0.00886011 -0.0044752 0.0590501 -0.005072 -0.0533095 -0.0358678 -0.0708937
internal_weight=3.02774e+06 3.01003e+06 2.81044e+06 11878 199588 132738 2.79857e+06 591866 2.2067e+06 20529 2.18617e+06 35185 32185 23928
internal_count=3027744 3010033 2810445 11878 199588 132738 2798567 591866 2206701 20529 2186172 35185 32185 23928
is_linear=0
shrinkage=0.02


Tree=206
num_leaves=15
num_cat=0
split_feature=7 7 4 8 4 7 7 8 8 7 4 7 8 7
split_gain=289996 1.34684e+06 1.33242e+06 802754 1.06096e+06 746318 538984 695817 1.07089e+06 1.36139e+06 1.60004e+06 753359 659391 683325
threshold=12160.130859375002 12045.062011718752 -170.43499755859372 0.98550301790237438 73.944999694824233 12205.631347656252 12005.891601562502 -0.96539688110351551 -0.82075369358062733 12032.813476562502 -101.35499954223631 12017.956542968752 -0.88885211944580067 12024.351074218752
decision_type=2 2 2 2 2 2 2 2 2 2 2 2 2 2
left_child=1 6 -2 4 -3 -4 -1 -8 9 10 11 -9 -12 -14
right_child=2 3 5 -5 -6 -7 7 8 -10 -11 12 -13 13 -15
leaf_value=-0.00081978393077267967 0.19653633431439846 -0.049848558632034232 0.064683802585421418 0.015355548757624151 -0.18403441260544631 -0.0019928841039354999 -0.061179266270390435 0.3150885477598922 0.024343929411544445 0.014574275349426744 0.030676556095538387 0.89025853658530141 0.57625417057492068 0.1050892018823809
leaf_weight=2180647 15394 111140 78781 49416 29908 454421 20106 1547 62227 11390 5573 2263 2536 2395
leaf_count=2180647 15394 111140 78781 49416 29908 454421 20106 1547 62227 11390 5573 2263 2536 2395
internal_value=-3.35581e-07 -0.00291202 0.0131576 -0.0540108 -0.0783127 0.00785964 0.00134062 0.044943 0.069213 0.177784 0.307552 0.65816 0.179873 0.348088
internal_weight=3.02774e+06 2.47915e+06 548596 190464 141048 533202 2.28868e+06 108037 87931 25704 14314 3810 10504 4931
internal_count=3027744 2479148 548596 190464 141048 533202 2288684 108037 87931 25704 14314 3810 10504 4931
is_linear=0
shrinkage=0.02


Tree=207
num_leaves=15
num_cat=0
split_feature=17 4 9 9 4 6 16 1 4 9 6 9 1 9
split_gain=273579 255142 602721 257729 263432 253912 263129 241194 225153 832085 626671 631449 503744 359926
threshold=0.068815600126981749 -198.48500061035153 0.14036937057971957 0.84602341055870067 -119.61500167846678 45.521247863769538 -23.100000381469723 80.769233703613295 225.66500091552737 -0.6710444688796996 103.51959609985353 -0.63350945711135853 63.250402450561531 -0.54366442561149586
decision_type=2 2 2 2 2 2 2 2 2 2 2 2 2 2
left_child=-1 2 -2 5 -5 -3 -7 -4 -8 -10 11 12 -11 -12
right_child=1 3 7 4 -6 6 8 -9 9 10 13 -13 -14 -15
leaf_value=0.07835229403132711 0.20718343792430857 -0.045174433419040282 0.012145579809900638 0.11820905911378486 -0.17775811259355997 0.02830503775591648 0.00093677357815131622 -0.067559231101488648 0.081536275379587547 -0.59608053951456852 -0.0029747198248762249 0.0071058949341999975 -0.14447930873280934 -0.42792814862596196
leaf_weight=17711 3907 47226 20472 1504 5881 140114 2688395 58776 14118 1124 1049 16363 7789 3315
leaf_count=17711 3907 47226 20472 1504 5881 140114 2688395 58776 14118 1124 1049 16363 7789 3315
internal_value=-2.00252e-07 -0.000461491 -0.035005 0.000520029 -0.117402 0.000818725 0.00157511 -0.04697 0.000204203 -0.0447928 -0.104973 -0.0666932 -0.202036 -0.326025
internal_weight=3.02774e+06 3.01003e+06 83155 2.92688e+06 7385 2.91949e+06 2.87227e+06 79248 2.73215e+06 43758 29640 25276 8913 4364
internal_count=3027744 3010033 83155 2926878 7385 2919493 2872267 79248 2732153 43758 29640 25276 8913 4364
is_linear=0
shrinkage=0.02


Tree=208
num_leaves=15
num_cat=0
split_feature=17 0 16 17 0 9 9 6 0 3 6 18 9 17
split_gain=265701 278519 267041 421632 277656 267837 261525 363528 330824 277255 277258 240731 260253 237767
threshold=0.25177776813507086 1520.5000000000002 -17.30000019073486 0.49661371111869818 1501.5000000000002 0.74366798996925365 -0.71335092186927784 129.5068054199219 1441.5000000000002 2.5212517976760869 54.11424636840821 0.07587261870503427 0.72561690211296093 0.76198595762252819
decision_type=2 2 2 2 2 2 2 2 2 2 2 2 2 2
left_child=1 -1 3 -2 -5 -6 7 8 -4 10 -10 12 -3 -11
right_child=2 11 6 4 5 -7 -8 -9 9 13 -12 -13 -14 -15
leaf_value=-0.010161002828230807 -0.0016032552135996424 0.014261152965174814 -0.034229846865028682 -0.00054028065589554065 0.056082984153670794 0.37624649650044562 -0.0061815364693200668 0.17356608322228453 -0.073492081791572267 0.017154734749855894 0.16690240326796474 0.067103581341671437 0.18611344129271579 0.42950896811990774
leaf_weight=100399 282642 158880 32930 44915 96407 1047 2185851 6314 2318 47726 11001 53163 3595 556
leaf_count=100399 282642 158880 32930 44915 96407 1047 2185851 6314 2318 47726 11001 53163 3595 556
internal_value=-2.57308e-07 0.0173542 -0.00202291 0.0125349 0.0406013 0.0595611 -0.00472871 0.0267591 0.016936 0.0442891 0.12504 0.030165 0.018075 0.0219916
internal_weight=3.02774e+06 316037 2.71171e+06 425011 142369 97454 2.2867e+06 100845 94531 61601 13319 215638 162475 48282
internal_count=3027744 316037 2711707 425011 142369 97454 2286696 100845 94531 61601 13319 215638 162475 48282
is_linear=0
shrinkage=0.02


Tree=209
num_leaves=15
num_cat=0
split_feature=17 4 0 1 13 17 17 4 18 14 4 0 16 5
split_gain=260290 245163 505775 299399 250505 797122 730301 358747 294036 283849 290673 256587 255626 234765
threshold=0.10156411677598955 -198.48500061035153 5542.5000000000009 160.47428131103518 8.5000000000000018 0.65286192297935497 0.56203973293304454 -53.555000305175774 0.11757510900497438 0.65927776694297802 32.655000686645515 971.50000000000011 13.09999990463257 -0.042500000447034829
decision_type=2 2 2 2 2 2 2 2 2 2 2 2 2 2
left_child=-1 2 13 -4 5 9 -6 -8 11 -3 -11 -7 -13 -2
right_child=1 4 3 -5 6 8 7 -9 -10 10 -12 12 -14 -15
leaf_value=0.058569183816039073 -0.13412793511823362 -0.001594953795577812 0.0037549829978653195 0.43029680915935309 -0.0018470446992495562 0.0017331968653515478 -0.11455100062770628 -0.033809822766470175 0.0072870001514628458 0.0013046234513883748 0.043978034194302067 0.11190464847587178 -0.061836678353713925 -0.032793991886801807
leaf_weight=30040 20707 1656845 45102 658 796957 12869 31391 73669 29967 138353 118557 52627 3614 16388
leaf_count=30040 20707 1656845 45102 658 796957 12869 31391 73669 29967 138353 118557 52627 3614 16388
internal_value=-1.61744e-07 -0.000587285 -0.0345095 0.0099815 0.000377067 0.00430202 -0.00838131 -0.0579434 0.0596144 0.00143813 0.0209983 0.0822996 0.100731 -0.0893816
internal_weight=3.02774e+06 2.9977e+06 82855 45760 2.91485e+06 2.01283e+06 902017 105060 99077 1.91376e+06 256910 69110 56241 37095
internal_count=3027744 2997704 82855 45760 2914849 2012832 902017 105060 99077 1913755 256910 69110 56241 37095
is_linear=0
shrinkage=0.02


Tree=210
num_leaves=15
num_cat=0
split_feature=9 1 1 9 4 0 4 0 0 1 4 0 9 1
split_gain=244683 257300 242074 303282 534381 797279 1.14964e+06 817851 608585 527650 506999 454213 379118 562341
threshold=0.84602341055870067 112.1427345275879 91.967914581298842 -0.31321409344673151 181.72499847412112 1639.5000000000002 86.485000610351577 3793.5000000000005 2780.5000000000005 60.882759094238288 125.04500198364259 4564.5000000000009 -0.36922183632850641 46.332124710083015
decision_type=2 2 2 2 2 2 2 2 2 2 2 2 2 2
left_child=2 -2 3 4 5 -1 8 -8 -7 -6 12 -12 -9 -14
right_child=1 -3 -4 -5 9 6 7 10 -10 -11 11 -13 13 -15
leaf_value=-0.0069436784237452325 -0.090758093423511474 -0.69493079090604981 -0.0066943925338330146 -0.0020107604259934583 -0.15808162570723255 0.06238287281510406 -0.013887766253441854 0.1709131812904062 0.16384286586848382 -0.013029001281535252 -0.014875778772402527 0.077732840220659058 0.64598233618093115 -0.13833366367597871
leaf_weight=263355 7101 284 1199603 1063496 11788 108842 167048 20465 30213 67005 40518 44380 402 3244
leaf_count=263355 7101 284 1199603 1063496 11788 108842 167048 20465 30213 67005 40518 44380 402 3244
internal_value=-1.39845e-07 -0.114903 0.00028118 0.00487705 0.0145502 0.0202758 0.0375442 0.0139207 0.0844378 -0.0347475 0.0565326 0.0335381 0.137451 -0.0503208
internal_weight=3.02774e+06 7385 3.02036e+06 1.82076e+06 757260 678467 415112 276057 139055 78793 109009 84898 24111 3646
internal_count=3027744 7385 3020359 1820756 757260 678467 415112 276057 139055 78793 109009 84898 24111 3646
is_linear=0
shrinkage=0.02


Tree=211
num_leaves=15
num_cat=0
split_feature=7 7 7 7 7 6 4 7 7 4 4 7 4 5
split_gain=283124 381736 402092 1.38342e+06 789350 1.41493e+06 1.78103e+06 1.71197e+06 1.68454e+06 814139 741924 730829 807273 595601
threshold=10063.905273437502 10317.209472656252 10885.485839843752 10842.659179687502 10776.799804687502 62.752407073974616 -47.895000457763665 10704.640625000002 10687.838867187502 72.58499908447267 38.194999694824226 10726.607421875002 -104.25500106811522 -0.052500000223517411
decision_type=2 2 2 2 2 2 2 2 2 2 2 2 2 2
left_child=-1 -2 3 4 5 -3 7 -7 9 -8 -5 -9 13 -13
right_child=1 2 -4 10 -6 6 8 11 -10 -11 -12 12 -14 -15
leaf_value=0.095975094241579795 -0.064805295244087444 -0.091417226968831977 -0.0017787209746360747 0.039150069290619413 -0.046898492308838934 -0.11136967431859363 -0.020720437694408896 0.78314277555992318 -0.0695917206279906 0.22571559377383857 0.17949498560700658 0.027158403948345792 0.15759508460871913 0.64404047855158797
leaf_weight=12235 36346 25176 2739165 30674 84878 3362 7665 1714 29915 17826 29617 763 4905 3503
leaf_count=12235 36346 25176 2739165 30674 84878 3362 7665 1714 29915 17826 29617 763 4905 3503
internal_value=-1.38821e-07 -0.000389868 0.000396213 0.0252185 -0.002596 0.0370581 0.0835021 0.282859 0.0321976 0.151634 0.108111 0.404615 0.333093 0.534034
internal_weight=3.02774e+06 3.01551e+06 2.97916e+06 239998 179707 94829 69653 14247 55406 25491 60291 10885 9171 4266
internal_count=3027744 3015509 2979163 239998 179707 94829 69653 14247 55406 25491 60291 10885 9171 4266
is_linear=0
shrinkage=0.02


Tree=212
num_leaves=15
num_cat=0
split_feature=7 8 7 4 8 4 4 4 7 5 4 8 7 7
split_gain=281538 1.31607e+06 745600 886166 636786 1.55641e+06 761599 876800 690368 604665 583760 581514 500008 1.02173e+06
threshold=12651.690429687502 0.83320444822311412 12770.223632812502 51.245000839233406 -0.80862879753112782 -98.334999084472642 29.175000190734867 -23.474999427795407 12833.731933593752 0.052500000223517425 -99.924999237060533 0.58100306987762462 12775.467285156252 12793.212890625002
decision_type=2 2 2 2 2 2 2 2 2 2 2 2 2 2
left_child=-1 4 -3 9 8 -6 7 -7 12 -4 -10 -8 -2 -14
right_child=1 2 3 -5 5 6 11 -9 10 -11 -12 -13 13 -15
leaf_value=-0.0014714305396756275 -0.086531536378827018 -0.022903837147511076 -0.8096278504638269 -0.13293888176048735 0.31893832980426395 0.10527266522694738 -0.16746884202489468 -0.070025434369720585 -0.44107949393473256 -0.10122620162541185 0.066697806014077751 0.16080786464106606 0.20510898618096129 -0.028607632379781148
leaf_weight=2861206 13151 21342 1503 8176 10061 19792 2339 26931 2516 712 1408 26846 12046 19715
leaf_count=2861206 13151 21342 1503 8176 10061 19792 2339 26931 2516 712 1408 26846 12046 19715
internal_value=-2.04897e-08 0.025278 -0.0905835 -0.229433 0.0525565 0.0853156 0.0543126 0.00423756 -0.00511654 -0.583403 -0.259169 0.134449 0.0171325 0.0600701
internal_weight=3.02774e+06 166538 31733 10391 134805 85969 75908 46723 48836 2215 3924 29185 44912 31761
internal_count=3027744 166538 31733 10391 134805 85969 75908 46723 48836 2215 3924 29185 44912 31761
is_linear=0
shrinkage=0.02


Tree=213
num_leaves=15
num_cat=0
split_feature=7 7 0 7 7 7 8 8 0 8 8 6 8 7
split_gain=279047 2.20875e+06 1.32117e+06 886995 1.31502e+06 2.19908e+06 1.92751e+06 2.01639e+06 1.86194e+06 1.19278e+06 1.7495e+06 1.21129e+06 1.01517e+06 2.93399e+06
threshold=11203.687988281252 11255.992675781252 1146.5000000000002 11111.218750000002 11012.080078125002 10996.903320312502 -0.93786895275115956 0.628044754266739 2582.5000000000005 -0.91953414678573597 -0.72193637490272511 93.535774230957045 -0.79548987746238697 10885.485839843752
decision_type=2 2 2 2 2 2 2 2 2 2 2 2 2 2
left_child=3 2 -2 4 5 12 -6 8 -8 -7 11 -11 13 -1
right_child=1 -3 -4 -5 6 9 7 -9 -10 10 -12 -13 -14 -15
leaf_value=0.037163671017733997 0.027518270812377316 0.0025860062100072894 -0.097499491128272692 0.035283668257043134 0.16610853793390512 0.38192873478845862 -0.062955534764419535 -0.020644890743615977 -0.31695465599750328 0.062622723989688878 0.17387144111072661 -0.37010990860998583 0.0080195128370665076 -0.18901786863730419
leaf_weight=51621 43785 1669127 148383 332603 13333 6870 23009 70949 23171 5962 30578 4558 562519 41276
leaf_count=51621 43785 1669127 148383 332603 13333 6870 23009 70949 23171 5962 30578 4558 562519 41276
internal_value=-8.69766e-08 -0.00480665 -0.0690145 0.00766967 -0.00334522 0.00747181 -0.0616613 -0.0876009 -0.190442 0.138176 0.097346 -0.125039 -0.00209596 -0.0633426
internal_weight=3.02774e+06 1.8613e+06 192168 1.16645e+06 833846 703384 130462 117129 46180 47968 41098 10520 655416 92897
internal_count=3027744 1861295 192168 1166449 833846 703384 130462 117129 46180 47968 41098 10520 655416 92897
is_linear=0
shrinkage=0.02


Tree=214
num_leaves=15
num_cat=0
split_feature=7 7 7 7 7 0 7 0 9 7 0 9 7 9
split_gain=271165 368349 391607 378124 1.32576e+06 901607 857327 1.24394e+06 815340 958282 679588 1.06419e+06 1.34546e+06 632552
threshold=10063.905273437502 10317.209472656252 10079.553710937502 10885.485839843752 10842.659179687502 3940.5000000000005 10676.442871093752 6664.5000000000009 0.62378269433975231 10789.606445312502 1679.5000000000002 -0.15299023687839505 10877.847656250002 -0.72323438525199879
decision_type=2 2 2 2 2 2 2 2 2 2 2 2 2 2
left_child=-1 2 -2 4 5 13 -7 8 -8 -10 -6 12 -12 -3
right_child=1 3 -4 -5 10 6 7 -9 9 -11 11 -13 -14 -15
leaf_value=0.09392630519699724 0.028968925411189336 -0.14953533161114224 -0.11016313692363269 -0.0017184476905749927 0.019322809760773815 0.22354983338690454 0.036851133914802395 -0.30110828584692506 0.65649095754821529 -0.31249756313846438 0.17865284603972093 0.04621891482079634 0.59897984112420921 -0.011393470460775197
leaf_weight=12235 12150 14789 24196 2739165 22745 12028 19093 4075 1771 523 15890 17892 3764 127428
leaf_count=12235 12150 14789 24196 2739165 22745 12028 19093 4075 1771 523 15890 17892 3764 127428
internal_value=-9.54148e-08 -0.000381505 -0.0636574 0.000390669 0.0244618 -0.00276686 0.0844715 0.0187095 0.0797596 0.435169 0.105608 0.15786 0.259416 -0.0257683
internal_weight=3.02774e+06 3.01551e+06 36346 2.97916e+06 239998 179707 37490 25462 21387 2294 60291 37546 19654 142217
internal_count=3027744 3015509 36346 2979163 239998 179707 37490 25462 21387 2294 60291 37546 19654 142217
is_linear=0
shrinkage=0.02


Tree=215
num_leaves=15
num_cat=0
split_feature=7 8 0 8 4 0 7 7 4 0 7 7 4 5
split_gain=269984 1.26408e+06 750600 1.17055e+06 969535 1.14774e+06 818035 716215 851377 583104 539884 1.15575e+06 521216 483170
threshold=12651.690429687502 0.83320444822311412 1283.5000000000002 -0.80862879753112782 -99.924999237060533 4473.5000000000009 12833.731933593752 12770.223632812502 51.245000839233406 2983.5000000000005 12775.467285156252 12793.212890625002 -134.70500183105466 -1.0000000180025095e-35
decision_type=2 2 2 2 2 2 2 2 2 2 2 2 2 2
left_child=-1 2 -2 6 5 -5 10 -3 9 -9 -4 -12 -7 -6
right_child=1 7 3 4 13 12 -8 8 -10 -11 11 -13 -14 -15
leaf_value=-0.0014409287819284707 -0.023898117701221539 -0.022463318135585365 -0.10883759524595008 0.46036803262878656 0.027030588124293643 0.28552252796101119 -0.31593283229053726 -0.097383241726292508 -0.13030068150657209 -0.79352863535865314 0.26330630681421735 -0.036453706280599033 -0.24548362991372341 0.15022602866160711
leaf_weight=2861206 37952 21342 9302 6751 21830 1315 3204 710 8176 1505 8075 14142 1663 30571
leaf_count=2861206 37952 21342 9302 6751 21830 1315 3204 710 8176 1505 8075 14142 1663 30571
internal_value=-2.71595e-08 0.0247539 0.0514882 0.081028 0.133 0.316272 -0.0119767 -0.088796 -0.224882 -0.571835 0.0190112 0.0725657 -0.0108289 0.0989187
internal_weight=3.02774e+06 166538 134805 96853 62130 9729 34723 31733 10391 2215 31519 22217 2978 52401
internal_count=3027744 166538 134805 96853 62130 9729 34723 31733 10391 2215 31519 22217 2978 52401
is_linear=0
shrinkage=0.02


Tree=216
num_leaves=15
num_cat=0
split_feature=7 7 7 4 4 7 7 7 4 4 4 4 4 0
split_gain=268518 1.44099e+06 2.29862e+06 1.72714e+06 1.73413e+06 1.21602e+06 1.25746e+06 2.1169e+06 1.39252e+06 1.26552e+06 906358 1.01423e+06 917124 1.2998e+06
threshold=11192.689941406252 11326.603515625002 11345.829101562502 57.354999542236335 85.215000152587905 11111.218750000002 11012.080078125002 10996.903320312502 -166.18499755859372 -115.55500030517577 -17.855000495910641 185.4049987792969 284.63999938964849 3699.5000000000005
decision_type=2 2 2 2 2 2 2 2 2 2 2 2 2 2
left_child=5 -2 3 -3 -5 6 7 -1 -9 -10 -8 -12 13 -13
right_child=1 2 -4 4 -6 -7 10 8 9 -11 11 12 -14 -15
leaf_value=-0.0021493476548978259 -0.041452726664572184 0.031786755656654411 0.00055818378662043173 0.75653055668244762 0.21855350639746784 0.047899838282171078 -0.12409222238393799 -0.2645379981891019 0.44802404317552763 0.12452963441854722 0.017986401835429263 0.21334419531451015 0.036626593368284013 -0.40504993943956003
leaf_weight=655416 345778 12701 1585173 3294 8780 238172 52995 3237 5511 39220 62959 1660 5480 7368
leaf_count=655416 345778 12701 1585173 3294 8780 238172 52995 3237 5511 39220 62959 1660 5480 7368
internal_value=-6.60755e-08 -0.00440972 0.00354642 0.194664 0.365829 0.00804459 -0.0033397 0.00723794 0.135476 0.164477 -0.0603653 -0.0167591 -0.167451 -0.291232
internal_weight=3.02774e+06 1.95573e+06 1.60995e+06 24775 12074 1.07202e+06 833846 703384 47968 44731 130462 77467 14508 9028
internal_count=3027744 1955726 1609948 24775 12074 1072018 833846 703384 47968 44731 130462 77467 14508 9028
is_linear=0
shrinkage=0.02


Tree=217
num_leaves=15
num_cat=0
split_feature=17 9 4 0 1 9 4 0 4 0 0 1 4 0
split_gain=249447 232960 251829 345106 231151 272011 523288 720292 1.09348e+06 793050 574710 491120 473437 429004
threshold=0.068815600126981749 0.84602341055870067 -117.57500076293944 658.50000000000011 91.967914581298842 -0.31321409344673151 181.72499847412112 1639.5000000000002 86.485000610351577 3793.5000000000005 2780.5000000000005 60.882759094238288 125.04500198364259 4564.5000000000009
decision_type=2 2 2 2 2 2 2 2 2 2 2 2 2 2
left_child=-1 4 -3 -4 5 6 7 -2 10 -10 -9 -8 -11 -14
right_child=1 2 3 -5 -6 -7 11 8 9 12 -12 -13 13 -15
leaf_value=0.074817064346718892 -0.0067085064689419559 0.11104341431952211 0.11081729074948514 -0.25667814099275693 -0.0069866711329579813 -0.0021980624629040013 -0.15543124906967307 0.060247723595751368 -0.014901786739795234 0.13300753938499882 0.15958531222861677 -0.014499779329995941 -0.014975950317326982 0.075322394013131663
leaf_weight=17711 262054 1577 1316 4492 1195544 1055577 11623 107972 165729 24013 29706 66065 40139 44226
leaf_count=17711 262054 1577 1316 4492 1195544 1055577 11623 107972 165729 24013 29706 66065 40139 44226
internal_value=0 -0.00044047 -0.112557 -0.173359 -0.000164341 0.00434918 0.0135452 0.019212 0.0357072 0.0126081 0.0816914 -0.0356023 0.0546733 0.0323635
internal_weight=3.02774e+06 3.01003e+06 7385 5808 3.00265e+06 1.8071e+06 751527 673839 411785 274107 137678 77688 108378 84365
internal_count=3027744 3010033 7385 5808 3002648 1807104 751527 673839 411785 274107 137678 77688 108378 84365
is_linear=0
shrinkage=0.02


Tree=218
num_leaves=15
num_cat=0
split_feature=7 7 7 8 1 7 8 7 8 7 7 8 7 7
split_gain=262597 2.06137e+06 918847 1.74049e+06 934320 844557 1.10321e+06 1.2821e+06 1.15632e+06 1.33558e+06 1.49077e+06 1.29381e+06 5.79968e+06 1.88746e+06
threshold=11203.687988281252 11255.992675781252 11241.354003906252 0.68684327602386486 113.16841888427736 11367.486328125002 -0.95380857586860646 11943.131835937502 0.91401654481887828 12035.524414062502 12160.130859375002 0.78062468767166149 11403.272949218752 11684.184082031252
decision_type=2 2 2 2 2 2 2 2 2 2 2 2 2 2
left_child=-1 2 4 -4 -2 -3 7 -7 9 11 -11 13 -13 -8
right_child=1 5 3 -5 -6 6 8 -9 -10 10 -12 12 -14 -15
leaf_value=0.0074402771567219474 -0.037982963262095819 0.043342517747149339 -0.36409181060071044 0.19928636007889775 -0.17566465994131736 -0.11940597281305851 -0.012757375685813145 -0.012666630492682518 -0.021883927010587018 -0.061203758536799609 0.01803845285155976 0.85262047475692171 0.079116424583211914 0.091666687504748601
leaf_weight=1166449 157323 180430 9466 2847 22532 63933 173913 152054 433959 130396 349400 4110 65912 115020
leaf_count=1166449 157323 180430 9466 2847 22532 63933 173913 152054 433959 130396 349400 4110 65912 115020
internal_value=9.31697e-09 -0.00466271 -0.0666913 -0.23377 -0.0552405 0.00247904 -0.00247386 -0.0442661 0.00461882 0.0183311 -0.00349829 0.0475087 0.124633 0.028814
internal_weight=3.02774e+06 1.8613e+06 192168 12313 179855 1.66913e+06 1.4887e+06 215987 1.27271e+06 838751 479796 358955 70022 288933
internal_count=3027744 1861295 192168 12313 179855 1669127 1488697 215987 1272710 838751 479796 358955 70022 288933
is_linear=0
shrinkage=0.02


Tree=219
num_leaves=15
num_cat=0
split_feature=7 7 7 4 4 7 7 0 7 0 4 4 8 4
split_gain=260356 354232 376184 389089 361371 360058 1.27623e+06 861220 820396 1.19071e+06 758171 687422 743946 564442
threshold=10063.905273437502 10317.209472656252 10079.553710937502 -23.474999427795407 -179.76999664306638 10885.485839843752 10842.659179687502 3940.5000000000005 10676.442871093752 6664.5000000000009 112.51499938964845 38.194999694824226 0.99928829073905956 -130.45500183105466
decision_type=2 2 2 2 2 2 2 2 2 2 2 2 2 2
left_child=-1 2 3 -2 -4 6 7 10 -9 13 -3 -8 -13 -10
right_child=1 5 4 -5 -6 -7 11 8 9 -11 -12 12 -14 -15
leaf_value=0.092035276277391193 0.23340619186580003 -0.0066052156276932908 0.075798926245380233 -0.034027309642357777 -0.14047047260321496 -0.0016745582949361268 0.037109532184983716 0.21846933363343662 0.38462322175742619 -0.29481156624937965 -0.13924525475454869 0.18950558441156676 -0.40673747643742064 0.043400068904623793
leaf_weight=12235 2828 122157 3630 9322 20566 2739165 30674 12028 2147 4075 20060 28764 853 19240
leaf_count=12235 2828 122157 3630 9322 20566 2739165 30674 12028 2147 4075 20060 28764 853 19240
internal_value=4.09549e-08 -0.000373676 -0.0624251 0.0283589 -0.108006 0.000383556 0.0238726 -0.00284258 0.0824195 0.0180896 -0.025323 0.103489 0.172201 0.0778195
internal_weight=3.02774e+06 3.01551e+06 36346 12150 24196 2.97916e+06 239998 179707 37490 25462 142217 60291 29617 21387
internal_count=3027744 3015509 36346 12150 24196 2979163 239998 179707 37490 25462 142217 60291 29617 21387
is_linear=0
shrinkage=0.02


Tree=220
num_leaves=15
num_cat=0
split_feature=7 4 7 8 4 7 9 6 5 7 9 8 7 4
split_gain=255580 1.27994e+06 1.25182e+06 761797 1.02777e+06 722688 608472 778278 517648 505741 682513 844834 1.38274e+06 1.5874e+06
threshold=12160.130859375002 -170.43499755859372 12045.062011718752 0.98550301790237438 73.944999694824233 12205.631347656252 0.58100306987762462 77.653331756591811 -0.10249999910593031 12005.891601562502 0.30185525119304663 -0.82075369358062733 12032.813476562502 -99.924999237060533
decision_type=2 2 2 2 2 2 2 2 2 2 2 2 2 2
left_child=2 8 9 4 6 -3 -4 -8 -2 -1 -11 12 13 -12
right_child=1 5 3 -5 -6 -7 7 -9 -10 10 11 -13 -14 -15
leaf_value=-0.00072620788032033657 -0.73633597490656733 0.063077341917567059 -0.028505842674536326 0.015576629962765574 -0.17972494971695913 -0.0025352614413642499 -0.082687643658386961 -0.40847780276067819 0.20645637880807838 0.0090446757587356406 0.65705818965793328 -0.040498820946125828 0.015759269097444573 0.17770391954272949
leaf_weight=2180647 227 78781 95211 49416 29908 454421 12060 3869 15167 73371 3868 9802 11339 9657
leaf_count=2180647 227 78781 95211 49416 29908 454421 12060 3869 15167 73371 3868 9802 11339 9657
internal_value=5.67e-08 0.0123525 -0.00273338 -0.0519968 -0.0756707 0.00716001 -0.0476556 -0.162027 0.192084 0.00136651 0.0436029 0.116721 0.178694 0.31518
internal_weight=3.02774e+06 548596 2.47915e+06 190464 141048 533202 111140 15929 15394 2.28868e+06 108037 34666 24864 13525
internal_count=3027744 548596 2479148 190464 141048 533202 111140 15929 15394 2288684 108037 34666 24864 13525
is_linear=0
shrinkage=0.02


Tree=221
num_leaves=15
num_cat=0
split_feature=7 8 7 4 8 4 4 4 7 4 8 7 9 7
split_gain=252916 1.20991e+06 687328 822395 570770 1.44006e+06 711759 819138 636976 554435 549527 475208 619052 474625
threshold=12651.690429687502 0.83320444822311412 12770.223632812502 51.245000839233406 -0.80862879753112782 -96.604999542236314 29.175000190734867 -23.474999427795407 12833.731933593752 -99.924999237060533 0.58100306987762462 12670.761718750002 -0.61637485027313221 12684.181640625002
decision_type=2 2 2 2 2 2 2 2 2 2 2 2 2 2
left_child=-1 4 -3 -4 8 13 7 -7 -2 -10 -8 12 -9 -6
right_child=1 2 3 -5 5 6 10 11 9 -11 -12 -13 -14 -15
leaf_value=-0.0013945659841129035 0.016883369465443738 -0.022150304303382128 -0.56144026449717832 -0.12748836100833241 0.55705641590153609 0.10091704515279329 -0.16540041943151693 0.65926276604034617 -0.42580355915136969 0.069032994547122584 0.15371508489463098 -0.093936902323612737 -0.045757806668256448 0.22975801525491701
leaf_weight=2861206 44912 21342 2215 8176 2269 19447 2339 785 2516 1408 26846 24815 1331 8137
leaf_count=2861206 44912 21342 2215 8176 2269 19447 2339 785 2516 1408 26846 24815 1331 8137
internal_value=3.31888e-08 0.0239587 -0.0871316 -0.220445 0.050114 0.0811285 0.0507316 0.00203268 -0.00448791 -0.248518 0.128091 -0.0693824 0.217654 0.301593
internal_weight=3.02774e+06 166538 31733 10391 134805 85969 75563 46378 48836 3924 29185 26931 2116 10406
internal_count=3027744 166538 31733 10391 134805 85969 75563 46378 48836 3924 29185 26931 2116 10406
is_linear=0
shrinkage=0.02


Tree=222
num_leaves=15
num_cat=0
split_feature=4 9 9 4 0 13 14 0 4 9 9 0 4 3
split_gain=226412 255754 225606 242318 321826 217708 502142 259021 200512 243029 241335 575524 741953 402474
threshold=-272.92999267578119 0.28203156590461737 0.84602341055870067 -121.7849998474121 598.50000000000011 -8.7000002861022931 0.63077637553215038 815.50000000000011 189.52500152587893 -0.24311956018209455 -0.30268207192420954 2323.5000000000005 77.655002593994155 4.4530341625213632
decision_type=2 2 2 2 2 2 2 2 2 2 2 2 2 2
left_child=1 -1 5 -4 -5 6 -2 -8 10 -10 11 -7 13 -13
right_child=2 -3 3 4 -6 8 7 -9 9 -11 -12 12 -14 -15
leaf_value=-0.43919558970216471 1.1910326593053518e-05 -0.061965235220234255 0.12356011687285198 0.12650188181147745 -0.23954565827370719 -0.0094615015035135371 -0.011841471175327531 0.043860806074587234 -0.04315553247731696 0.089034694552669685 -0.0074187668687985681 0.14383089858372003 0.012208785509896392 0.041363386522812205
leaf_weight=757 662046 11592 1426 1196 4763 432678 40414 192073 76178 5992 1192983 27828 343657 34161
leaf_count=757 662046 11592 1426 1196 4763 432678 40414 192073 76178 5992 1192983 27828 343657 34161
internal_value=5.49344e-08 -0.0854279 0.000350198 -0.109982 -0.165986 0.000621448 0.00889183 0.0341777 -0.00287902 -0.0335061 -0.00163993 0.00658364 0.0236979 0.087379
internal_weight=3.02774e+06 12349 3.0154e+06 7385 5959 3.00801e+06 894533 232487 2.11348e+06 82170 2.03131e+06 838324 405646 61989
internal_count=3027744 12349 3015395 7385 5959 3008010 894533 232487 2113477 82170 2031307 838324 405646 61989
is_linear=0
shrinkage=0.02


Tree=223
num_leaves=15
num_cat=0
split_feature=5 9 6 17 9 9 8 6 6 17 13 17 17 9
split_gain=239939 359255 280915 362548 256587 290978 410004 331598 242701 231734 236168 742739 728071 361265
threshold=0.082499999552965178 -0.67629325389862049 102.84941864013673 0.7278977930545808 -0.89691269397735585 -0.72811940312385548 -0.62955906987190235 102.84941864013673 91.002529144287124 0.25177776813507086 6.0999999046325692 0.57749369740486156 0.62695243954658519 0.19226697832345965
decision_type=2 2 2 2 2 2 2 2 2 2 2 2 2 2
left_child=4 2 3 -2 -1 6 8 -8 -6 -7 12 -12 -11 -13
right_child=1 -3 -4 -5 5 9 7 -9 -10 10 11 13 -14 -15
leaf_value=-0.10080868307018545 0.015392611053921309 0.0085063675901833075 0.24405057148974674 0.63464473605749028 0.36467327189353915 0.015304899125870431 0.0025356814391264675 0.097520671533991285 -0.034510559576656559 -0.0024155535913294064 -0.0050472280948955063 -0.031459435428944263 0.048575648739291689 -0.10820466031408023
leaf_weight=10186 6392 27448 5537 392 2333 300394 53821 20217 821 1534147 842944 61446 120818 40848
leaf_count=10186 6392 27448 5537 392 2333 300394 53821 20217 821 1534147 842944 61446 120818 40848
internal_value=3.84991e-08 0.0487958 0.138469 0.0520593 -0.000649572 -0.000306617 0.0380148 0.0284825 0.260977 -0.00132658 -0.00324803 -0.0112235 0.00130723 -0.0621131
internal_weight=3.02774e+06 39769 12321 6784 2.98798e+06 2.97779e+06 77192 74038 3154 2.9006e+06 2.6002e+06 945238 1.65496e+06 102294
internal_count=3027744 39769 12321 6784 2987975 2977789 77192 74038 3154 2900597 2600203 945238 1654965 102294
is_linear=0
shrinkage=0.02


Tree=224
num_leaves=15
num_cat=0
split_feature=7 7 6 7 4 7 7 9 7 9 6 3 4 4
split_gain=250248 1.96844e+06 889449 963700 1.28338e+06 841000 1.18945e+06 2.82808e+06 2.03387e+06 1.36673e+06 2.06672e+06 1.34351e+06 1.32277e+06 1.00358e+06
threshold=11203.687988281252 11255.992675781252 119.6270217895508 11220.772949218752 123.38499832153322 11111.218750000002 11012.080078125002 0.52074289321899425 10996.903320312502 0.39300885796546942 97.784881591796889 5.2470958232879648 163.74500274658206 -81.344997406005845
decision_type=2 2 2 2 2 2 2 2 2 2 2 2 2 2
left_child=5 2 3 4 -2 6 8 12 -1 11 -11 -10 -8 -9
right_child=1 -3 -4 -5 -6 -7 7 13 9 10 -12 -13 -14 -15
leaf_value=-0.0023758898692650297 0.017745289811786597 0.0024272598926863283 -0.19208931654257677 -0.10935734762114713 -0.17452862187359083 0.034151838009109092 0.048877295518158011 -0.29305318577435741 0.090287030838409998 0.11753414803588733 -0.35603750123952327 0.37686235954381031 -0.1460103723390804 -0.10310773269417473
leaf_weight=655416 88178 1669127 19800 67719 16471 332603 67781 19907 13453 17078 4690 12747 17524 25250
leaf_count=655416 88178 1669127 19800 67719 16471 332603 67781 19907 13453 17078 4690 12747 17524 25250
internal_value=1.13869e-07 -0.00455165 -0.0651659 -0.0505758 -0.0125308 0.00726333 -0.00346217 -0.0589243 0.00682547 0.132524 0.0153837 0.229805 0.00882934 -0.18689
internal_weight=3.02774e+06 1.8613e+06 192168 172368 104649 1.16645e+06 833846 130462 703384 47968 21768 26200 85305 45157
internal_count=3027744 1861295 192168 172368 104649 1166449 833846 130462 703384 47968 21768 26200 85305 45157
is_linear=0
shrinkage=0.02


Tree=225
num_leaves=15
num_cat=0
split_feature=7 7 7 9 0 7 1 0 7 7 9 7 1 7
split_gain=250301 339361 414400 2.73386e+06 1.98431e+06 1.08988e+06 1.34851e+06 925772 879076 1.43474e+06 1.12327e+06 874048 715231 701177
threshold=10063.905273437502 10630.448242187502 10776.799804687502 0.61151722073555004 2167.5000000000005 10687.838867187502 44.081222534179695 2323.5000000000005 10812.011230468752 10885.485839843752 0.58594399690628063 10726.607421875002 113.16841888427736 10762.993652343752
decision_type=2 2 2 2 2 2 2 2 2 2 2 2 2 2
left_child=-1 -2 3 5 11 6 -3 -8 10 12 -4 -5 -10 -7
right_child=1 2 8 4 -6 13 7 -9 9 -11 -12 -13 -14 -15
leaf_value=0.090240583775212768 -0.052756724959811263 -0.14227935347597787 -0.038003816236511348 0.72675092458724977 0.55431538257156177 -0.12802296165620966 -0.059004066966167203 0.21019910289122037 0.070376096267126376 -0.0016493426266948636 -0.27038586748034404 0.017681415879498699 0.37083869715393719 0.15154889457513393
leaf_weight=12235 48648 9091 51013 758 6462 28283 6910 19562 80934 2739165 9933 7360 3289 4101
leaf_count=12235 48648 9091 51013 758 6462 28283 6910 19562 80934 2739165 9933 7360 3289 4101
internal_value=6.5855e-08 -0.000366364 0.000492856 0.0446793 0.293079 -0.00865712 0.0677701 0.139932 -0.000771556 0.000850777 -0.075916 0.0847043 0.0821524 -0.0925825
internal_weight=3.02774e+06 3.01551e+06 2.96686e+06 82527 14580 67947 35563 26472 2.88433e+06 2.82339e+06 60946 8118 84223 32384
internal_count=3027744 3015509 2966861 82527 14580 67947 35563 26472 2884334 2823388 60946 8118 84223 32384
is_linear=0
shrinkage=0.02


Tree=226
num_leaves=15
num_cat=0
split_feature=7 7 4 4 4 4 4 0 4 7 3 5 7 7
split_gain=242388 883868 1.1006e+06 851882 737951 675402 628690 619078 941880 600263 578077 528096 485648 470713
threshold=12651.690429687502 12747.715332031252 -166.18499755859372 10.105000019073488 -30.474999427795407 -123.85499954223631 -23.474999427795407 1264.5000000000002 41.414999008178718 12775.467285156252 6.4649960994720468 -1.0000000180025095e-35 12684.181640625002 12721.992675781252
decision_type=2 2 2 2 2 2 2 2 2 2 2 2 2 2
left_child=-1 2 -2 6 5 9 11 -5 12 -3 -6 -4 -9 -13
right_child=1 4 3 7 10 -7 -8 8 -10 -11 -12 13 -14 -15
leaf_value=-0.0013651005870156858 0.80672856410916183 -0.34920914920458623 0.043532218551314526 -0.049086082285495387 -0.028235827416492054 0.097427157563071382 -0.088706289775596719 0.54528419268691897 0.14036921701936972 -0.0067051704107152377 -0.18988129945502466 0.16216913597990476 -0.15488331979044367 0.70270634168154233
leaf_weight=2861206 824 2501 20093 4004 49553 33142 14011 4030 13032 11074 10765 2160 435 914
leaf_count=2861206 824 2501 20093 4004 49553 33142 14011 4030 13032 11074 10765 2160 435 914
internal_value=1.63603e-07 0.0234549 0.085244 0.0749765 -0.0108996 0.0487658 0.017011 0.175151 0.226465 -0.0700187 -0.0571118 0.0809585 0.476873 0.324652
internal_weight=3.02774e+06 166538 59503 58679 107035 46717 37178 21501 17497 13575 60318 23167 4465 3074
internal_count=3027744 166538 59503 58679 107035 46717 37178 21501 17497 13575 60318 23167 4465 3074
is_linear=0
shrinkage=0.02


Tree=227
num_leaves=15
num_cat=0
split_feature=17 1 9 4 0 0 4 4 1 4 0 9 4 0
split_gain=233395 218629 272651 485055 1.13718e+06 558606 540157 517696 473155 339299 885647 342612 329723 551895
threshold=0.068815600126981749 91.967914581298842 -0.31321409344673151 137.32500457763675 2880.5000000000005 4564.5000000000009 86.485000610351577 178.41500091552737 59.768112182617195 86.485000610351577 1718.5000000000002 -0.89691269397735585 163.74500274658206 4993.5000000000009
decision_type=2 2 2 2 2 2 2 2 2 2 2 2 2 2
left_child=-1 2 3 4 9 -5 -6 -7 -9 10 -2 -12 -4 -14
right_child=1 -3 12 5 6 7 -8 8 -10 -11 11 -13 13 -15
leaf_value=0.072370076259014163 -0.0040991582727907218 -0.0070631264808945484 -0.0039510615894542299 -0.053330615476401992 0.15735211218077891 0.077638094727516996 0.05434966370014075 -0.1705371332236425 0.0020756824148303816 -0.033172795924562876 0.43973541084646195 0.061596556438922749 -0.023309362933581705 0.21152859444615396
leaf_weight=17711 271282 1196196 1046259 83438 25493 35821 101212 7161 55621 70265 958 100276 8491 7560
leaf_count=17711 271282 1196196 1046259 83438 25493 35821 101212 7161 55621 70265 958 100276 8491 7560
internal_value=2.67745e-07 -0.000425788 0.00395143 0.0131704 0.0222548 -0.015248 0.0750847 0.0169795 -0.0176365 0.00713571 0.0147396 0.0652182 -0.00257056 0.0873606
internal_weight=3.02774e+06 3.01003e+06 1.81384e+06 751527 569486 182041 126705 98603 62782 442781 372516 101234 1.06231e+06 16051
internal_count=3027744 3010033 1813837 751527 569486 182041 126705 98603 62782 442781 372516 101234 1062310 16051
is_linear=0
shrinkage=0.02


Tree=228
num_leaves=15
num_cat=0
split_feature=7 7 7 8 7 4 7 7 7 7 9 7 7 9
split_gain=241890 1.59532e+06 1.26766e+06 1.04636e+06 1.2208e+06 1.17599e+06 1.15038e+06 1.68425e+06 971040 1.03423e+06 945460 909796 1.13283e+06 2.71866e+06
threshold=11200.212402343752 11313.050781250002 11367.486328125002 -0.95380857586860646 11943.131835937502 -62.774999618530266 12651.690429687502 12533.940917968752 11405.892578125002 11435.369140625002 0.64018929004669201 11111.218750000002 11012.080078125002 0.52074289321899425
decision_type=2 2 2 2 2 2 2 2 2 2 2 2 2 2
left_child=11 -2 -3 4 8 6 7 10 -4 -10 -5 12 -1 -14
right_child=1 2 3 5 -6 -7 -8 -9 9 -11 -12 -13 13 -15
leaf_value=0.0066355139380140796 -0.050188894511253031 0.059383785968951663 -0.058891233583453648 0.061185824449395555 -0.012390313399275984 -0.0057820338777498249 0.19068849556497378 -0.17130318239963682 -0.34100745451403008 -0.06816139113543862 -0.04114011466305776 0.037305569968284769 0.0088997296772576635 -0.18299615091597715
leaf_weight=703384 261928 145200 41336 199280 152054 994615 19053 15656 12729 9868 44106 298073 85305 45157
leaf_count=703384 261928 145200 41336 199280 152054 994615 19053 15656 12729 9868 44106 298073 85305 45157
internal_value=3.13996e-07 -0.00436772 0.00297806 -0.00252381 -0.0432251 0.00438372 0.0407408 0.0297049 -0.116547 -0.221941 0.0426415 0.00731623 -0.00340429 -0.0575302
internal_weight=3.02774e+06 1.89582e+06 1.6339e+06 1.4887e+06 215987 1.27271e+06 278095 259042 63933 22597 243386 1.13192e+06 833846 130462
internal_count=3027744 1895825 1633897 1488697 215987 1272710 278095 259042 63933 22597 243386 1131919 833846 130462
is_linear=0
shrinkage=0.02


Tree=229
num_leaves=15
num_cat=0
split_feature=7 7 7 7 7 1 0 7 0 1 7 8 7 0
split_gain=239225 327507 359789 331579 1.18635e+06 797139 795959 729638 1.11425e+06 698281 558217 3.66984e+06 1.48333e+06 1.31596e+06
threshold=10063.905273437502 10317.209472656252 10079.553710937502 10885.485839843752 10842.659179687502 46.332124710083015 3843.5000000000005 10676.442871093752 6664.5000000000009 113.16841888427736 10934.424316406252 -0.87084275484085072 10927.158203125002 3148.5000000000005
decision_type=2 2 2 2 2 2 2 2 2 2 2 2 2 2
left_child=-1 2 -2 4 6 -6 -3 -8 -9 -7 11 -5 13 -13
right_child=1 3 -4 10 5 9 7 8 -10 -11 -12 12 -14 -15
leaf_value=0.088221588579576182 0.028760111246573565 -0.025362994473407334 -0.10459939213336304 -0.21417164352382081 0.83006178459605651 0.076231576693075509 0.20202023983280559 0.071274512373764698 -0.28675669137360199 0.38173020481629011 0.00010789930242713564 0.026747333825610797 -0.085358591035426756 0.2671332528715773
leaf_weight=12235 12150 139724 24196 34414 582 56558 12558 23350 4075 3151 2644019 23581 22315 14836
leaf_count=12235 12150 139724 24196 34414 582 56558 12558 23350 4075 3151 2644019 23581 22315 14836
internal_value=2.69685e-07 -0.000357961 -0.0600228 0.000370147 0.0229111 0.0996725 -0.00284609 0.0758273 0.0179898 0.0924151 -0.0016049 -0.0491971 0.0443059 0.119626
internal_weight=3.02774e+06 3.01551e+06 36346 2.97916e+06 239998 60291 179707 39983 27425 59709 2.73916e+06 95146 60732 38417
internal_count=3027744 3015509 36346 2979163 239998 60291 179707 39983 27425 59709 2739165 95146 60732 38417
is_linear=0
shrinkage=0.02


Tree=230
num_leaves=15
num_cat=0
split_feature=5 8 6 17 1 6 8 8 8 3 17 6 14 16
split_gain=229198 300132 284041 355944 235719 269342 256599 200908 297491 235201 218365 184547 174067 178199
threshold=0.082499999552965178 0.73663246631622326 102.84941864013673 0.7278977930545808 91.967914581298842 48.036645889282234 -0.9504232108592986 0.9509047567844392 0.97559595108032238 5.5284960269927987 0.10156411677598955 72.465961456298842 0.82292342185974132 11.900000095367433
decision_type=2 2 2 2 2 2 2 2 2 2 2 2 2 2
left_child=4 2 3 -2 5 -1 -7 10 9 -9 -8 -10 -12 -14
right_child=1 -3 -4 -5 -6 6 7 8 11 -11 12 -13 13 -15
leaf_value=-0.038573378719951451 0.0076941127238928202 0.010568206496171436 0.23546545372789518 0.62091051634271344 -0.0075732078871286928 -0.016782916806759623 0.080598859515326887 -0.079512693389426292 0.030355889399049794 0.017595122170161133 0.0091015750484606094 -0.013415632572328083 0.10639765352848601 -0.062639563745418458
leaf_weight=57764 6519 27311 5547 392 1183017 187563 17704 36181 61595 13769 1311177 102846 13296 3063
leaf_count=57764 6519 27311 5547 392 1183017 187563 17704 36181 61595 13769 1311177 102846 13296 3063
internal_value=3.47778e-07 0.0476914 0.128999 0.0433262 -0.000634556 0.00391323 0.0053181 0.0079761 -0.0100045 -0.0527458 0.0108417 0.00298068 0.00991085 0.0747276
internal_weight=3.02774e+06 39769 12458 6911 2.98798e+06 1.80496e+06 1.74719e+06 1.55963e+06 214391 49950 1.34524e+06 164441 1.32754e+06 16359
internal_count=3027744 39769 12458 6911 2987975 1804958 1747194 1559631 214391 49950 1345240 164441 1327536 16359
is_linear=0
shrinkage=0.02


Tree=231
num_leaves=15
num_cat=0
split_feature=5 8 0 6 0 17 1 6 8 0 0 8 8 0
split_gain=220163 288315 385224 272765 479430 281830 226385 258678 246438 577274 204895 192954 285713 444319
threshold=0.082499999552965178 0.73663246631622326 4872.5000000000009 102.84941864013673 3450.5000000000005 0.69379836320877086 91.967914581298842 48.036645889282234 -0.9504232108592986 3383.5000000000005 6664.5000000000009 0.9509047567844392 0.97559595108032238 3867.5000000000005
decision_type=2 2 2 2 2 2 2 2 2 2 2 2 2 2
left_child=6 3 -3 4 5 -2 7 -1 9 -9 -4 -10 13 -13
right_child=1 2 10 -5 -6 -7 -8 8 11 -11 -12 12 -14 -15
leaf_value=-0.037802044747170041 0.092234970460202806 -0.015235346105574477 0.28255095263196306 0.23076461938101062 -0.23949051139915789 0.59646200947266248 -0.0074217449909350849 0.0043089581132397118 0.010624925438001195 -0.075755454645741849 -0.31877342189788821 -0.016233798678792911 0.0029210873443915979 -0.15203584962789882
leaf_weight=57764 4650 24477 2594 5547 1780 481 1183017 138945 1345240 48618 240 36917 164441 13033
leaf_count=57764 4650 24477 2594 5547 1780 481 1183017 138945 1345240 48618 240 36917 164441 13033
internal_value=4.00554e-07 0.046742 0.0103569 0.126433 0.0424779 0.140575 -0.000621863 0.00383496 0.00521175 -0.0164473 0.230678 0.00781659 -0.00980449 -0.0516911
internal_weight=3.02774e+06 39769 27311 12458 6911 5131 2.98798e+06 1.80496e+06 1.74719e+06 187563 2834 1.55963e+06 214391 49950
internal_count=3027744 39769 27311 12458 6911 5131 2987975 1804958 1747194 187563 2834 1559631 214391 49950
is_linear=0
shrinkage=0.02


Tree=232
num_leaves=15
num_cat=0
split_feature=17 9 1 1 6 9 0 1 8 8 9 9 0 8
split_gain=217734 209980 244054 200834 228995 207996 401901 335228 257252 385023 216394 308583 493814 579603
threshold=0.1505244001746178 0.84602341055870067 112.1427345275879 91.967914581298842 45.521247863769538 -0.3094827383756637 1480.5000000000002 38.237623214721687 -0.27835701406002039 -0.6880970001220702 0.33203230798244482 0.21586849540472033 3867.5000000000005 0.94224876165390026
decision_type=2 2 2 2 2 2 2 2 2 2 2 2 2 2
left_child=-1 3 -3 4 -2 6 -6 -7 9 -8 11 -9 -13 -14
right_child=1 2 -4 -5 5 7 8 10 -10 -11 -12 12 13 -15
leaf_value=0.036125799201486453 -0.03988702669964822 -0.083825267797217121 -0.67319540036823156 -0.0069204916230113803 -0.0087454414533841458 0.4216727584298452 -0.036867928370250158 -0.0028412522267267908 0.02190045173065196 0.35492523314671121 0.0065681262312725598 -0.017830783801050423 -0.052858742657729774 -0.26223441739929648
leaf_weight=65287 46878 7088 283 1180902 230721 740 1796 321287 491331 2258 581972 73397 15879 7925
leaf_count=65287 46878 7088 283 1180902 230721 740 1796 321287 491331 2258 581972 73397 15879 7925
internal_value=4.15863e-07 -0.000795832 -0.107337 -0.000529712 0.00372401 0.00490783 0.0130573 -0.00100251 0.0232117 0.181685 -0.00131938 -0.0122881 -0.04351 -0.122647
internal_weight=3.02774e+06 2.96246e+06 7371 2.95509e+06 1.77418e+06 1.72731e+06 726106 1.0012e+06 495385 4054 1.00046e+06 418488 97201 23804
internal_count=3027744 2962457 7371 2955086 1774184 1727306 726106 1001200 495385 4054 1000460 418488 97201 23804
is_linear=0
shrinkage=0.02


Tree=233
num_leaves=15
num_cat=0
split_feature=7 4 7 7 9 7 0 7 9 9 7 4 4 0
split_gain=230371 1.21437e+06 1.20813e+06 744748 1.02714e+06 696476 506248 480324 651124 805508 1.33131e+06 884721 781597 820400
threshold=12160.130859375002 -170.43499755859372 12045.062011718752 12075.718750000002 0.60120347142219555 12205.631347656252 2244.5000000000005 12005.891601562502 0.30185525119304663 0.57128185033798229 12029.130859375002 -170.43499755859372 -101.35499954223631 3654.5000000000005
decision_type=2 2 2 2 2 2 2 2 2 2 2 2 2 2
left_child=2 -2 7 4 6 -3 -4 -1 -9 10 12 -12 13 -10
right_child=1 5 3 -5 -6 -7 -8 8 9 -11 11 -13 -14 -15
leaf_value=-0.00060649698541615426 0.1867947713618289 0.061563984657522247 -0.027613811013267462 -0.020872269402255252 -0.45178141502250024 -0.0028477392954041137 -0.13801233043913633 0.008840108870203426 1.0149258409045421 -0.039505668290459428 1.0064811782239311 0.032833239835758796 0.24129033396941957 0.32893151062177095
leaf_weight=2180647 15394 78781 31392 120559 3211 454421 35302 73371 1261 9802 373 14794 6858 1578
leaf_count=2180647 15394 78781 31392 120559 3211 454421 35302 73371 1261 9802 373 14794 6858 1578
internal_value=3.8403e-07 0.0117279 -0.00259475 -0.0509908 -0.102923 0.00667008 -0.0860614 0.00143296 0.0425943 0.114012 0.174524 0.0574267 0.357426 0.63613
internal_weight=3.02774e+06 548596 2.47915e+06 190464 69905 533202 66694 2.28868e+06 108037 34666 24864 15167 9697 2839
internal_count=3027744 548596 2479148 190464 69905 533202 66694 2288684 108037 34666 24864 15167 9697 2839
is_linear=0
shrinkage=0.02


Tree=234
num_leaves=15
num_cat=0
split_feature=7 7 7 8 7 7 9 7 0 9 6 6 8 8
split_gain=230497 1.26511e+06 2.16774e+06 1.26252e+06 1.10718e+06 1.08648e+06 2.61853e+06 1.94705e+06 1.83897e+06 1.30804e+06 1.97687e+06 1.21946e+06 963357 912884
threshold=11192.689941406252 11326.603515625002 11345.829101562502 0.9270903766155244 11111.218750000002 11012.080078125002 0.52074289321899425 10996.903320312502 2721.5000000000005 0.39300885796546942 97.784881591796889 101.56772613525392 -0.93786895275115956 -0.79548987746238697
decision_type=2 2 2 2 2 2 2 2 2 2 2 2 2 2
left_child=4 -2 3 -3 5 7 12 13 -8 11 -11 -9 -7 -1
right_child=1 2 -4 -5 -6 6 8 9 -10 10 -12 -13 -14 -15
leaf_value=-0.060658766323432083 -0.038793849375952788 0.022557881205824023 0.00046787300068270395 0.31142767421871742 0.045483758650856326 0.16486698569011213 -0.060262829972248577 0.079461522664411935 -0.31611434734956856 0.11471772036737843 -0.3484451800692509 0.35290007090346287 -0.020154986021161902 0.0070127973452965469
leaf_weight=92897 345778 10508 1585173 14267 238172 13333 24111 12303 21046 17078 4690 13897 71972 562519
leaf_count=92897 345778 10508 1585173 14267 238172 13333 24111 12303 21046 17078 4690 13897 71972 562519
internal_value=5.21693e-07 -0.00408501 0.00336979 0.188967 0.00745392 -0.00340897 -0.0564159 0.00642327 -0.17955 0.12941 0.0148124 0.224579 0.00877928 -0.00257955
internal_weight=3.02774e+06 1.95573e+06 1.60995e+06 24775 1.07202e+06 833846 130462 703384 45157 47968 21768 26200 85305 655416
internal_count=3027744 1955726 1609948 24775 1072018 833846 130462 703384 45157 47968 21768 26200 85305 655416
is_linear=0
shrinkage=0.02


Tree=235
num_leaves=15
num_cat=0
split_feature=7 7 7 9 7 7 1 0 7 0 9 7 1 9
split_gain=227131 321513 343201 340817 321985 1.1476e+06 768084 756560 734644 1.08128e+06 738202 884127 672400 592213
threshold=10063.905273437502 10317.209472656252 10079.553710937502 -0.58503037691116322 10885.485839843752 10842.659179687502 48.351116180419929 3940.5000000000005 10676.442871093752 6664.5000000000009 0.62378269433975231 10789.606445312502 113.16841888427736 -0.72323438525199879
decision_type=2 2 2 2 2 2 2 2 2 2 2 2 2 2
left_child=-1 2 3 -2 5 7 -7 13 -9 10 -10 -12 -8 -3
right_child=1 4 -4 -5 -6 6 12 8 9 -11 11 -13 -14 -15
leaf_value=0.085962903541948757 -0.042740730893078872 -0.14357342109277516 -0.10300164119432437 0.18733465632648535 -0.0015733759414616809 0.77055851152122379 0.07458612488255971 0.20590905889137751 0.032383557695963495 -0.28188405686160928 0.62398707891568117 -0.30668269348860239 0.3743809086389307 -0.0099090618495217241
leaf_weight=12235 8459 14789 24196 3691 2739165 662 56478 12028 19093 4075 1771 523 3151 127428
leaf_count=12235 8459 14789 24196 3691 2739165 662 56478 12028 19093 4075 1771 523 3151 127428
internal_value=5.28346e-07 -0.000348529 -0.0594648 0.0272479 0.000372884 0.0225853 0.0980829 -0.00274774 0.0771658 0.0162911 0.0732104 0.411389 0.0904888 -0.0238179
internal_weight=3.02774e+06 3.01551e+06 36346 12150 2.97916e+06 239998 60291 179707 37490 25462 21387 2294 59629 142217
internal_count=3027744 3015509 36346 12150 2979163 239998 60291 179707 37490 25462 21387 2294 59629 142217
is_linear=0
shrinkage=0.02


Tree=236
num_leaves=15
num_cat=0
split_feature=17 4 9 9 4 0 4 4 9 0 6 9 0 4
split_gain=211088 206597 238635 204858 232820 318857 250876 189031 574354 783868 948740 628102 546476 422016
threshold=0.068815600126981749 -272.92999267578119 0.28203156590461737 0.84602341055870067 -117.57500076293944 756.50000000000011 -27.634999275207516 216.25000000000003 -0.6710444688796996 3745.5000000000005 103.51959609985353 -0.6304970085620879 4247.5000000000009 253.45999908447268
decision_type=2 2 2 2 2 2 2 2 2 2 2 2 2 2
left_child=-1 2 -2 7 -5 -6 -7 -3 -9 -10 11 13 -12 -11
right_child=1 3 -4 4 5 6 -8 8 9 10 12 -13 -14 -15
leaf_value=0.06882507427503036 -0.42375829443005258 0.0009024875057118938 -0.059361439264687212 0.10977956295575625 0.085690192238368948 -0.18268246449985828 -0.59413346962828739 0.055014175725098403 0.53172405248706711 -0.076102761882321443 -0.99184180836011016 0.016231411613276167 -0.27356888754441816 -0.31799107083060368
leaf_weight=17711 757 2931745 11580 1577 1512 3591 705 18990 814 8040 455 20716 5053 4498
leaf_count=17711 757 2931745 11580 1577 1512 3591 705 18990 814 8040 455 20716 5053 4498
internal_value=6.14599e-07 -0.000404568 -0.0820476 -6.82877e-05 -0.105204 -0.163669 -0.251432 0.000191704 -0.035383 -0.0787623 -0.0917168 -0.0513985 -0.334597 -0.163066
internal_weight=3.02774e+06 3.01003e+06 12337 2.9977e+06 7385 5808 4296 2.99031e+06 58566 39576 38762 33254 5508 12538
internal_count=3027744 3010033 12337 2997696 7385 5808 4296 2990311 58566 39576 38762 33254 5508 12538
is_linear=0
shrinkage=0.02


Tree=237
num_leaves=15
num_cat=0
split_feature=7 7 5 0 5 7 7 7 0 7 1 7 0 7
split_gain=225689 833648 631905 578595 724986 462632 949864 598309 998929 846108 936496 454397 1.26358e+06 440057
threshold=12651.690429687502 12747.715332031252 -0.047500001266598695 1205.5000000000002 -1.0000000180025095e-35 12533.940917968752 12494.988769531252 12293.167480468752 2051.5000000000005 12456.649414062502 70.626064300537124 12264.441894531252 3107.5000000000005 12035.524414062502
decision_type=2 2 2 2 2 2 2 2 2 2 2 2 2 2
left_child=5 3 -3 -2 -5 6 7 11 -9 -10 -11 13 -13 -1
right_child=1 2 -4 4 -6 -7 -8 8 9 10 -12 12 -14 -15
leaf_value=0.0016379090346720596 -0.019591950579033117 0.10663412543756744 -0.030847772403630108 0.046084421045308466 0.21033487718816843 -0.047698609492905532 0.071813378335100361 0.047114610164712967 -0.25675734521624061 -0.3891799282944528 0.15065207198606578 -0.0007183593474059134 0.26561851663578284 -0.021601220173325587
leaf_weight=2252592 16136 15655 91380 23681 19686 83500 71911 14052 14436 1711 5069 27233 9640 381062
leaf_count=2252592 16136 15655 91380 23681 19686 83500 71911 14052 14436 1711 5069 27233 9640 381062
internal_value=4.66536e-07 0.0226328 -0.0107313 0.0826409 0.120676 -0.00131693 7.74981e-05 -0.00182925 -0.0836552 -0.17025 0.0140447 -0.000748312 0.0689648 -0.00172461
internal_weight=3.02774e+06 166538 107035 59503 43367 2.86121e+06 2.77771e+06 2.7058e+06 35268 21216 6780 2.67053e+06 36873 2.63365e+06
internal_count=3027744 166538 107035 59503 43367 2861206 2777706 2705795 35268 21216 6780 2670527 36873 2633654
is_linear=0
shrinkage=0.02


Tree=238
num_leaves=15
num_cat=0
split_feature=1 6 0 0 6 1 0 0 17 14 14 13 13 14
split_gain=206606 227783 189905 236111 275323 177506 235951 158616 127012 136250 117170 331665 114129 275280
threshold=94.415195465087905 45.521247863769538 7396.0000000000009 6011.5000000000009 130.65711212158206 34.920551300048835 4302.5000000000009 1580.5000000000002 0.068815600126981749 0.55135354399681102 0.84016233682632457 9.9000000953674334 -9.0999999046325666 0.6374681591987611
decision_type=2 2 2 2 2 2 2 2 2 2 2 2 2 2
left_child=1 7 3 12 -5 6 -3 -1 9 -7 -10 -12 13 -2
right_child=2 5 -4 4 -6 8 -8 -9 10 -11 11 -13 -14 -15
leaf_value=0.013580372114971482 -0.0077236964389704671 0.070482923881346582 -0.12012840296903093 0.03456506753395882 0.26411631316075274 0.031286487069259093 0.68514497527420348 -0.064477010152543535 0.0038858260213217345 0.18094773398217789 0.11462492066671624 -0.093489593337269958 -0.011904248467487643 0.037568617815219432
leaf_weight=15360 234437 889 5900 15444 2408 10911 339 32300 1879903 3124 11426 4175 741523 69605
leaf_count=15360 234437 889 5900 15444 2408 10911 339 32300 1879903 3124 11426 4175 741523 69605
internal_value=4.66027e-07 0.00386095 -0.00706986 -0.00644145 0.0656602 0.00493827 0.244346 -0.0393225 0.00478303 0.0647056 0.00433899 0.0589057 -0.00767315 0.002646
internal_weight=3.02774e+06 1.95843e+06 1.06932e+06 1.06342e+06 17852 1.91077e+06 1228 47660 1.90954e+06 14035 1.8955e+06 15601 1.04556e+06 304042
internal_count=3027744 1958427 1069317 1063417 17852 1910767 1228 47660 1909539 14035 1895504 15601 1045565 304042
is_linear=0
shrinkage=0.02


Tree=239
num_leaves=15
num_cat=0
split_feature=7 7 0 7 8 0 7 7 8 7 7 8 7 7
split_gain=220321 1.79658e+06 1.25249e+06 779736 971910 1.21385e+06 1.0827e+06 1.09377e+06 1.05643e+06 1.25e+06 1.29522e+06 1.24923e+06 5.54913e+06 1.74039e+06
threshold=11203.687988281252 11255.992675781252 1501.5000000000002 11367.486328125002 -0.95380857586860646 2502.5000000000005 11435.369140625002 11418.196777343752 0.91401654481887828 12035.524414062502 12160.130859375002 0.78062468767166149 11403.272949218752 11684.184082031252
decision_type=2 2 2 2 2 2 2 2 2 2 2 2 2 2
left_child=-1 2 -2 -3 5 -5 7 -7 9 11 -11 13 -13 -6
right_child=1 3 -4 4 8 6 -8 -9 -10 10 -12 12 -14 -15
leaf_value=0.0068156240365319504 0.015246493858815205 0.041660915639248224 -0.095847750347439378 0.00097513703896518627 -0.012659587230385792 -0.1415513142281003 -0.051483860569011844 -0.47080572889308614 -0.021037073992319175 -0.057504324920675878 0.01635794124915383 0.83350199863083141 0.076890481447689493 0.087613693574986176
leaf_weight=1166449 58242 180430 133926 119603 173913 23125 68375 4884 433959 130396 349400 4110 65912 115020
leaf_count=1166449 58242 180430 133926 119603 173913 23125 68375 4884 433959 130396 349400 4110 65912 115020
internal_value=5.32435e-07 -0.0042704 -0.0621783 0.00239691 -0.00236212 -0.0415886 -0.0944009 -0.199112 0.00429513 0.0174018 -0.00371663 0.0456291 0.121413 0.0272593
internal_weight=3.02774e+06 1.8613e+06 192168 1.66913e+06 1.4887e+06 215987 96384 28009 1.27271e+06 838751 479796 358955 70022 288933
internal_count=3027744 1861295 192168 1669127 1488697 215987 96384 28009 1272710 838751 479796 358955 70022 288933
is_linear=0
shrinkage=0.02


Tree=240
num_leaves=15
num_cat=0
split_feature=7 7 7 4 4 7 7 1 0 4 7 0 1 4
split_gain=218220 311355 328220 361975 346888 303624 1.09969e+06 739701 726970 707286 675763 1.0272e+06 644253 581559
threshold=10063.905273437502 10317.209472656252 10079.553710937502 -23.474999427795407 -179.76999664306638 10885.485839843752 10842.659179687502 46.332124710083015 3843.5000000000005 112.51499938964845 10676.442871093752 6664.5000000000009 113.16841888427736 -130.45500183105466
decision_type=2 2 2 2 2 2 2 2 2 2 2 2 2 2
left_child=-1 2 3 -2 -4 6 8 -8 9 -3 -10 13 -9 -12
right_child=1 5 4 -5 -6 -7 7 12 10 -11 11 -13 -14 -15
leaf_value=0.084259773842999389 0.22405724702133201 -0.0065270813722214504 0.078983324088591503 -0.033889455755245809 -0.13290069172371649 -0.0015216320074794164 0.79942616116356202 0.073307013468239382 0.19377073436105621 -0.13779570255740253 0.35246860649729927 -0.27593546580812339 0.36674929363733794 0.032822939427148104
leaf_weight=12235 2828 120731 3630 9322 20566 2739165 582 56558 12558 18993 2547 4075 3151 20803
leaf_count=12235 2828 120731 3630 9322 20566 2739165 582 56558 12558 18993 2547 4075 3151 20803
internal_value=5.36854e-07 -0.000341605 -0.0585165 0.0262827 -0.101093 0.000368321 0.0219381 0.095843 -0.00286049 -0.0243795 0.0723262 0.0166652 0.0888519 0.0678265
internal_weight=3.02774e+06 3.01551e+06 36346 12150 24196 2.97916e+06 239998 60291 179707 139724 39983 27425 59709 23350
internal_count=3027744 3015509 36346 12150 24196 2979163 239998 60291 179707 139724 39983 27425 59709 23350
is_linear=0
shrinkage=0.02


Tree=241
num_leaves=15
num_cat=0
split_feature=7 7 7 9 7 8 0 7 8 8 7 0 0 9
split_gain=218386 1.09898e+06 709723 985555 609230 515556 484649 461709 614900 926591 1.18755e+06 629593 545522 730368
threshold=12160.130859375002 12045.062011718752 12075.718750000002 0.60120347142219555 12187.129394531252 0.96999460458755504 2244.5000000000005 12005.891601562502 -0.96539688110351551 -0.82075369358062733 12029.130859375002 990.50000000000011 2502.5000000000005 -0.56790637969970692
decision_type=2 2 2 2 2 2 2 2 2 2 2 2 2 2
left_child=1 7 3 6 -2 -6 -3 -1 -9 10 11 -10 -11 -14
right_child=4 2 -4 -5 5 -7 -8 8 9 12 -12 -13 13 -15
leaf_value=-0.00068417958035666196 0.079609265778810251 -0.025677421897558107 -0.019282596891911946 -0.44110237813158293 0.0087376918700812541 -0.10252786164995153 -0.13369460596210231 -0.058089657843427574 -0.039868128808894586 -0.037916856362216173 0.053603650347184083 0.39609507593739501 0.21339929319346243 0.01155328110190754
leaf_weight=2180647 47828 31392 120559 3211 483526 17242 35302 20106 1557 30358 15333 8814 10884 20985
leaf_count=2180647 47828 31392 120559 3211 483526 17242 35302 20106 1557 30358 15333 8814 10884 20985
internal_value=6.33223e-07 -0.0025261 -0.0486842 -0.0993803 0.011419 0.00490468 -0.0828641 0.00131537 0.0416712 0.0644865 0.165478 0.330667 0.0227497 0.0805343
internal_weight=3.02774e+06 2.47915e+06 190464 69905 548596 500768 66694 2.28868e+06 108037 87931 25704 10371 62227 31869
internal_count=3027744 2479148 190464 69905 548596 500768 66694 2288684 108037 87931 25704 10371 62227 31869
is_linear=0
shrinkage=0.02


Tree=242
num_leaves=15
num_cat=0
split_feature=7 8 7 6 8 7 7 7 8 7 7 7 7 7
split_gain=211695 1.12645e+06 648661 511042 498877 613935 456117 950518 451033 465357 450001 543203 613906 576705
threshold=12651.690429687502 0.83320444822311412 12770.223632812502 94.327411651611342 -0.80862879753112782 12833.731933593752 12775.467285156252 12793.212890625002 -0.78596645593643177 12721.992675781252 12549.336914062502 12494.988769531252 12504.404785156252 12293.167480468752
decision_type=2 2 2 2 2 2 2 2 2 2 2 2 2 2
left_child=10 4 -3 -4 5 6 -2 -8 9 -6 11 13 -13 -1
right_child=1 2 3 -5 8 -7 7 -9 -10 -11 -12 12 -14 -15
leaf_value=-0.0007056216412710827 -0.081919087941176083 -0.022142858920757128 -0.15576499879872505 -0.54922763926185336 0.70966616514796399 -0.24346661216982424 0.19799366201707672 -0.027431149937188551 0.06878804724025965 0.11300284366413822 -0.05543019307725066 0.17922473615975743 0.027350902238391143 -0.082101919445006874
leaf_weight=2670527 13151 21342 8845 1546 888 3924 12046 19715 83818 1263 60077 12201 83133 35268
leaf_count=2670527 13151 21342 8845 1546 888 3924 12046 19715 83818 1263 60077 12201 83133 35268
internal_value=6.13704e-07 0.0219201 -0.0852702 -0.214779 0.0471572 -0.00389024 0.0170908 0.0581005 0.0761527 0.361477 -0.00127528 -0.000113601 0.0468049 -0.00176687
internal_weight=3.02774e+06 166538 31733 10391 134805 48836 44912 31761 85969 2151 2.86121e+06 2.80113e+06 95334 2.7058e+06
internal_count=3027744 166538 31733 10391 134805 48836 44912 31761 85969 2151 2861206 2801129 95334 2705795
is_linear=0
shrinkage=0.02


Tree=243
num_leaves=15
num_cat=0
split_feature=7 7 0 7 9 7 7 9 7 0 9 1 3 5
split_gain=210293 1.7227e+06 1.20931e+06 780466 1.44445e+06 773396 1.02836e+06 2.51856e+06 1.87594e+06 1.76309e+06 1.25544e+06 1.71597e+06 1.26138e+06 779133
threshold=11203.687988281252 11255.992675781252 1127.5000000000002 11241.354003906252 0.58100306987762462 11111.218750000002 11012.080078125002 0.52074289321899425 10996.903320312502 2721.5000000000005 0.39300885796546942 97.964721679687514 5.7165071964263925 1.0000000180025095e-35
decision_type=2 2 2 2 2 2 2 2 2 2 2 2 2 2
left_child=5 2 -2 -4 -5 6 8 13 -1 -9 12 -12 -10 -8
right_child=1 -3 3 4 -6 -7 7 9 10 -11 11 -13 -14 -15
leaf_value=-0.0028978290123388242 0.032584334475388256 0.0023567662083230317 -0.074550714569602147 0.21349450413013388 -0.35456757157560931 0.032443959290883874 0.13466319133561103 -0.059156674943317195 0.10080268825720397 -0.30967377802722779 0.10004230581519047 -0.35339060363874841 0.38166395844937462 -0.020265000582254979
leaf_weight=655416 42985 1669127 137646 2208 9329 332603 15965 24111 15100 21046 17662 4106 11100 69340
leaf_count=655416 42985 1669127 137646 2208 9329 332603 15965 24111 15100 21046 17662 4106 11100 69340
internal_value=6.06045e-07 -0.004172 -0.0608766 -0.0878066 -0.245757 0.0066588 -0.00362658 -0.0551962 0.00593905 -0.175957 0.126659 0.0143894 0.219895 0.00874227
internal_weight=3.02774e+06 1.8613e+06 192168 149183 11537 1.16645e+06 833846 130462 703384 45157 47968 21768 26200 85305
internal_count=3027744 1861295 192168 149183 11537 1166449 833846 130462 703384 45157 47968 21768 26200 85305
is_linear=0
shrinkage=0.02


Tree=244
num_leaves=15
num_cat=0
split_feature=7 7 7 4 4 7 7 1 7 8 8 1 4 7
split_gain=210020 298116 315241 347686 333169 294041 1.05623e+06 711584 669850 1.36225e+06 1.5881e+06 1.06787e+06 1.65046e+06 1.59645e+06
threshold=10063.905273437502 10317.209472656252 10079.553710937502 -23.474999427795407 -179.76999664306638 10885.485839843752 10842.659179687502 48.351116180419929 10776.799804687502 -0.80862879753112782 0.58100306987762462 53.894113540649421 -46.575000762939446 10704.640625000002
decision_type=2 2 2 2 2 2 2 2 2 2 2 2 2 2
left_child=-1 2 3 -2 -4 6 8 -8 11 -10 -11 -3 13 -13
right_child=1 5 4 -5 -6 -7 7 -9 9 10 -12 12 -14 -15
leaf_value=0.082661637212808281 0.21967734210375614 -0.084243439870949205 0.077493514418939646 -0.033126732319993947 -0.13015825878908874 -0.0015002900577471149 0.74128499776264845 0.086706563047881255 0.17875396778414293 -0.24922141005000206 -0.024581475227241866 -0.10782361462649874 0.023475965632079196 0.38036839725737642
leaf_weight=12235 2828 23155 3630 9322 20566 2739165 662 59629 9751 15983 59144 3533 57111 11030
leaf_count=12235 2828 23155 3630 9322 20566 2739165 662 59629 9751 15983 59144 3533 57111 11030
internal_value=5.82254e-07 -0.00033507 -0.0572597 0.0258459 -0.0989854 0.000359598 0.0215863 0.094016 -0.00271735 -0.0435288 -0.0723999 0.033812 0.0719577 0.261938
internal_weight=3.02774e+06 3.01551e+06 36346 12150 24196 2.97916e+06 239998 60291 179707 84878 75127 94829 71674 14563
internal_count=3027744 3015509 36346 12150 24196 2979163 239998 60291 179707 84878 75127 94829 71674 14563
is_linear=0
shrinkage=0.02


Tree=245
num_leaves=15
num_cat=0
split_feature=1 9 9 4 0 0 4 4 1 0 8 1 4 4
split_gain=201457 245164 242300 455319 1.29939e+06 473432 513866 464942 431297 408405 363278 478375 358280 342614
threshold=91.967914581298842 0.84602341055870067 -0.31321409344673151 125.04500198364259 2642.5000000000005 4501.5000000000009 174.94499969482425 86.485000610351577 59.768112182617195 3793.5000000000005 0.9293411672115327 46.332124710083015 30.365000724792484 94.255001068115249
decision_type=2 2 2 2 2 2 2 2 2 2 2 2 2 2
left_child=2 -2 3 4 13 -5 -7 12 -8 -9 -11 -12 -6 -1
right_child=1 -3 -4 5 7 6 8 9 -10 10 11 -13 -14 -15
leaf_value=0.01071658093599334 -0.0061527034954040535 -0.39114364281488057 -0.0019442336127993133 -0.040181907396409401 -0.13114996113372607 0.074535912792739703 -0.15590835784582149 0.028214949764926611 0.0027634136624403228 0.15727177219542063 0.58300284726771268 -0.14041670431147263 0.15285725028759028 -0.058623703599311634
leaf_weight=379022 1199603 652 1070229 112049 1864 40762 7718 65354 60467 20465 402 3244 35102 30811
leaf_count=379022 1199603 652 1070229 112049 1864 40762 7718 65354 60467 20465 402 3244 35102 30811
internal_value=6.47225e-07 -0.00636511 0.00418156 0.012839 0.0227945 -0.0113186 0.0183673 0.0788433 -0.0152169 0.0541792 0.124515 -0.0592721 0.138504 0.00550227
internal_weight=3.02774e+06 1.20026e+06 1.82749e+06 757260 536264 220996 108947 126431 68185 89465 24111 3646 36966 409833
internal_count=3027744 1200255 1827489 757260 536264 220996 108947 126431 68185 89465 24111 3646 36966 409833
is_linear=0
shrinkage=0.02


Tree=246
num_leaves=15
num_cat=0
split_feature=5 4 8 8 0 0 5 0 8 4 8 9 0 4
split_gain=205473 389683 731927 1.05477e+06 789140 620625 514564 352679 493896 597688 416948 457136 333446 746366
threshold=0.062499998137354858 253.45999908447268 0.754115790128708 0.76719006896018993 6664.5000000000009 5317.5000000000009 0.0224999999627471 4913.5000000000009 0.85705029964447033 209.04499816894534 0.7692478895187379 0.19226697832345965 2283.5000000000005 109.48500061035158
decision_type=2 2 2 2 2 2 2 2 2 2 2 2 2 2
left_child=1 -1 -3 4 -4 6 -5 8 12 -10 -9 -12 -2 -14
right_child=7 2 3 5 -6 -7 -8 10 9 -11 11 -13 13 -15
leaf_value=-0.00072894281023819121 0.0014870564633006351 0.11832672792708022 -0.82066293641395383 0.19710153908565126 -0.080741183280718817 0.046682612620307602 -0.42642747580482054 -0.00049289753337349116 -0.019192077205555848 -0.33567930780529487 0.14802525493084903 0.59815661750447002 0.208536829364139 0.029992551243561153
leaf_weight=2840326 44234 4380 1566 657 913 5505 2611 7891 59898 2476 8426 1003 12767 35091
leaf_count=2840326 44234 4380 1566 657 913 5505 2611 7891 59898 2476 8426 1003 12767 35091
internal_value=6.39546e-07 -0.00127719 -0.100829 -0.186169 -0.549582 -0.0829677 -0.300848 0.0212437 0.0116444 -0.0318075 0.106796 0.196493 0.0410749 0.0776565
internal_weight=3.02774e+06 2.85596e+06 15632 11252 2479 8773 3268 171786 154466 62374 17320 9429 92092 47858
internal_count=3027744 2855958 15632 11252 2479 8773 3268 171786 154466 62374 17320 9429 92092 47858
is_linear=0
shrinkage=0.02


Tree=247
num_leaves=15
num_cat=0
split_feature=5 9 4 4 4 8 6 8 4 5 6 4 4 8
split_gain=201728 292855 307717 294771 256495 656824 479150 581109 501090 508330 336258 278340 251211 337193
threshold=0.082499999552965178 -0.67629325389862049 168.98500061035159 253.45999908447268 225.66500091552737 0.74141710996627819 108.13460922241212 0.77619159221649181 253.45999908447268 0.032499999739229686 71.970363616943374 237.56500244140628 284.63999938964849 0.84898290038108837
decision_type=2 2 2 2 2 2 2 2 2 2 2 2 2 2
left_child=4 -2 -3 -4 -1 11 7 8 -7 10 -10 -6 13 -8
right_child=1 2 3 -5 5 6 12 -9 9 -11 -12 -13 -14 -15
leaf_value=9.9942370211179217e-05 0.12570566023365759 0.04708347723836414 -0.16262665248212435 0.20164105923659922 -0.089232306272202605 -0.071170276745855479 0.17820986787810919 -0.00059888017014242314 -0.89555169256077605 -0.11291611537234687 -0.38465070147291919 0.12490903205045997 -0.13051396051665945 -0.62604297410472964
leaf_weight=2946537 12321 20572 5837 1039 3261 5640 240 15923 766 1905 1632 9425 1241 1405
leaf_count=2946537 12321 20572 5837 1039 3261 5640 240 15923 766 1905 1632 9425 1241 1405
internal_value=6.04587e-07 0.0447425 0.00836607 -0.107368 -0.000595037 -0.0500016 -0.102882 -0.0755338 -0.195414 -0.357714 -0.550899 0.0698344 -0.346882 -0.508325
internal_weight=3.02774e+06 39769 27448 6876 2.98798e+06 41438 28752 25866 9943 4303 2398 12686 2886 1645
internal_count=3027744 39769 27448 6876 2987975 41438 28752 25866 9943 4303 2398 12686 2886 1645
is_linear=0
shrinkage=0.02


Tree=248
num_leaves=15
num_cat=0
split_feature=9 1 1 6 9 0 11 9 0 9 0 0 3 9
split_gain=193431 225037 195933 222297 209659 452493 298266 262565 280780 474452 406498 362851 257662 215193
threshold=0.84602341055870067 114.24315261840822 91.967914581298842 48.036645889282234 -0.3094827383756637 1421.5000000000002 0.70911693572998058 0.33203230798244482 3046.5000000000005 0.025054947473108772 5317.5000000000009 3890.5000000000005 4.8177998065948495 -0.61393934488296498
decision_type=2 2 2 2 2 2 2 2 2 2 2 2 2 2
left_child=2 -2 3 -1 5 -5 13 8 -6 10 -10 -11 -13 -7
right_child=1 -3 -4 4 7 6 -8 -9 9 11 -12 12 -14 -15
leaf_value=-0.033725875848580687 -0.079789254402726342 -0.64944669683911815 -0.0060250393721260585 -0.0098822181510958371 -7.6420282287549744e-05 -0.020408955072799922 0.033276817452171807 0.0083708014847717945 -0.013170689039795274 -0.021231276652282229 0.15920203462757518 -0.14812272714714403 -0.040999028096248918 0.031734499615438415
leaf_weight=59218 7106 279 1199603 224837 273923 86131 377942 596251 74377 32224 5897 26245 13667 50044
leaf_count=59218 7106 279 1199603 224837 273923 86131 377942 596251 74377 32224 5897 26245 13667 50044
internal_value=4.73357e-07 -0.102162 0.000250613 0.00438534 0.00566673 0.0137834 0.024133 -0.000198699 -0.0121836 -0.033942 -0.000489532 -0.0711628 -0.11146 -0.00124529
internal_weight=3.02774e+06 7385 3.02036e+06 1.82076e+06 1.76154e+06 738954 514117 1.02258e+06 426333 152410 80274 72136 39912 136175
internal_count=3027744 7385 3020359 1820756 1761538 738954 514117 1022584 426333 152410 80274 72136 39912 136175
is_linear=0
shrinkage=0.02


Tree=249
num_leaves=15
num_cat=0
split_feature=7 7 8 0 7 8 8 7 9 7 7 9 8 7
split_gain=203779 1.05874e+06 693130 676458 586082 493437 473444 756108 690875 534659 437791 592986 749100 1.22686e+06
threshold=12160.130859375002 12045.062011718752 0.98550301790237438 1798.5000000000002 12187.129394531252 0.95309019088745128 0.77619159221649181 12069.897949218752 0.59719622135162365 12069.897949218752 12005.891601562502 0.30185525119304663 -0.82075369358062733 12032.813476562502
decision_type=2 2 2 2 2 2 2 2 2 2 2 2 2 2
left_child=1 10 3 -3 -2 -6 7 8 -5 -8 -1 -12 13 -13
right_child=4 2 -4 6 5 -7 9 -9 -10 -11 11 12 -14 -15
leaf_value=-0.00061695160472186896 0.077912550909901193 -0.01399896760090134 0.016710305037415288 -0.13038131177457982 0.008850141640124088 -0.088993187169798885 -0.10332074918367778 -0.029402856384913485 -0.46737777032354749 -0.30570972305641958 0.0084147658609334472 0.29569950807449547 -0.03926232153635785 0.013661989407548409
leaf_weight=2180647 47828 53152 49416 19679 479234 21534 12880 43777 2770 8790 73371 13525 9802 11339
leaf_count=2180647 47828 53152 49416 19679 479234 21534 12880 43777 2770 8790 73371 13525 9802 11339
internal_value=4.10636e-07 -0.00244035 -0.0477455 -0.0703272 0.0110303 0.00464095 -0.104384 -0.077811 -0.172154 -0.18552 0.00133011 0.0406268 0.108781 0.167137
internal_weight=3.02774e+06 2.47915e+06 190464 141048 548596 500768 87896 66226 22449 21670 2.28868e+06 108037 34666 24864
internal_count=3027744 2479148 190464 141048 548596 500768 87896 66226 22449 21670 2288684 108037 34666 24864
is_linear=0
shrinkage=0.02


Tree=250
num_leaves=15
num_cat=0
split_feature=4 9 9 4 14 9 9 4 10 9 6 4 4 4
split_gain=190019 222036 186993 221894 186217 325086 224824 226816 224353 205358 296481 454789 283292 252568
threshold=-272.92999267578119 0.28203156590461737 0.84602341055870067 -117.57500076293944 0.84016233682632457 -0.57362857460975636 -0.89691269397735585 80.134998321533217 5.5000000000000009 -0.72323438525199879 102.84941864013673 99.454998016357436 216.25000000000003 225.66500091552737
decision_type=2 2 2 2 2 2 2 2 2 2 2 2 2 2
left_child=1 -1 4 -4 6 -6 7 -2 -7 10 -8 -12 -13 -11
right_child=2 -3 3 -5 5 8 9 -9 -10 13 11 12 -14 -15
leaf_value=-0.40788234185985717 -0.031941628856024674 -0.056400949304621271 0.10974239231885964 -0.15720469595750827 0.17787979363253353 0.062272343834774299 0.0073461923932919568 -0.2356091500074031 -0.093195954464177722 0.00020350781004268277 0.0066105904438297511 0.25163888016151903 0.05939330359588843 -0.050797162217887437
leaf_weight=757 7397 11592 1577 5808 6424 11150 67683 3098 5554 2840919 13740 7463 5213 39369
leaf_count=757 7397 11592 1577 5808 6424 11150 67683 3098 5554 2840919 13740 7463 5213 39369
internal_value=3.51827e-07 -0.0782612 0.000321123 -0.100127 0.000568072 0.0570877 0.000129939 -0.0922308 0.0105539 0.000456146 0.0295291 0.0863409 0.172689 -0.000493758
internal_weight=3.02774e+06 12349 3.0154e+06 7385 3.00801e+06 23128 2.98488e+06 10495 16704 2.97439e+06 94099 26416 12676 2.88029e+06
internal_count=3027744 12349 3015395 7385 3008010 23128 2984882 10495 16704 2974387 94099 26416 12676 2880288
is_linear=0
shrinkage=0.02


Tree=251
num_leaves=15
num_cat=0
split_feature=16 17 16 4 8 8 4 8 4 4 0 0 8 4
split_gain=200844 200267 281665 214182 282484 257263 180488 366134 185643 170779 195629 262063 302943 228759
threshold=-23.100000381469723 0.30188140273094183 10.700000286102297 -252.27499389648435 -0.96114355325698841 -0.91667112708091725 -30.474999427795407 0.58100306987762462 -67.514999389648423 189.52500152587893 3745.5000000000005 5038.5000000000009 0.67130485177040111 253.45999908447268
decision_type=2 2 2 2 2 2 2 2 2 2 2 2 2 2
left_child=-1 2 -2 4 -3 -6 7 -4 -9 -5 -11 12 -12 -14
right_child=1 3 6 9 5 -7 -8 8 -10 10 11 -13 13 -15
leaf_value=0.022755304847912217 -0.00080237238771081125 -0.33732245735387034 0.048259357682728786 -0.0022079138590849114 0.020993322052168969 -0.13221838941224953 0.014253092411507772 0.77897084021809126 0.19536402223573984 0.096945461259585197 0.13880521591760978 -0.010730279845563273 -0.082318033747119476 -0.26980051991240733
leaf_weight=147582 399940 1456 71816 2162886 9681 7998 135857 386 506 4571 2259 54192 25724 2890
leaf_count=147582 399940 1456 71816 2162886 9681 7998 135857 386 506 4571 2259 54192 25724 2890
internal_value=3.21148e-07 -0.00116573 0.00902396 -0.00389526 -0.0705079 -0.0483543 0.027866 0.0532963 0.45377 -0.00332908 -0.0303788 -0.0372315 -0.0837304 -0.101342
internal_weight=3.02774e+06 2.88016e+06 608505 2.27166e+06 19135 17679 208565 72708 892 2.25252e+06 89636 85065 30873 28614
internal_count=3027744 2880162 608505 2271657 19135 17679 208565 72708 892 2252522 89636 85065 30873 28614
is_linear=0
shrinkage=0.02


Tree=252
num_leaves=15
num_cat=0
split_feature=7 7 4 4 4 4 4 7 3 5 7 4 7 7
split_gain=201091 770665 1.00317e+06 779615 710570 632812 596754 574124 547644 496254 466690 607146 575372 457169
threshold=12651.690429687502 12747.715332031252 -166.18499755859372 10.105000019073488 -30.474999427795407 -123.85499954223631 -23.474999427795407 12775.467285156252 6.5536155700683603 -1.0000000180025095e-35 12721.992675781252 58.664999008178718 12684.181640625002 12721.992675781252
decision_type=2 2 2 2 2 2 2 2 2 2 2 2 2 2
left_child=-1 2 -2 6 5 7 9 -3 -6 -4 11 -5 -13 -11
right_child=1 4 3 10 8 -7 -8 -9 -10 13 -12 12 -14 -15
leaf_value=-0.0012431879520851828 0.76786812866906196 -0.34018976818423013 0.03983059896105863 0.37279620142391984 -0.028511863378389957 0.094934791849277181 -0.089189496058003886 -0.0052272877046454259 -0.18789649479112339 0.15225787937758739 0.055850123460136188 -0.11652191597267221 0.2853649240162901 0.68489196954867537
leaf_weight=2861206 824 2501 20093 6747 49902 33142 14011 11074 10416 2160 9064 2737 2953 914
leaf_count=2861206 824 2501 20093 6747 49902 33142 14011 11074 10416 2160 9064 2737 2953 914
internal_value=3.46508e-07 0.0213638 0.0790605 0.0692584 -0.0107152 0.0478328 0.0138068 -0.0671458 -0.0560621 0.0761097 0.165089 0.244592 0.0921808 0.312341
internal_weight=3.02774e+06 166538 59503 58679 107035 46717 37178 13575 60318 23167 21501 12437 5690 3074
internal_count=3027744 166538 59503 58679 107035 46717 37178 13575 60318 23167 21501 12437 5690 3074
is_linear=0
shrinkage=0.02


Tree=253
num_leaves=15
num_cat=0
split_feature=16 17 16 9 9 1 17 16 17 17 17 16 9 9
split_gain=192914 192396 270483 241249 239910 298698 195301 362028 293607 209740 172034 535069 395083 257323
threshold=-23.100000381469723 0.30188140273094183 10.299999713897707 0.54481467604637157 0.35140028595924383 152.08866119384768 0.47716167569160467 -4.0999999046325675 0.64568331837654125 0.58165580034255993 0.66024422645568859 12.700000286102297 -0.57362857460975636 -0.89691269397735585
decision_type=2 2 2 2 2 2 2 2 2 2 2 2 2 2
left_child=-1 2 -2 4 10 -6 -5 8 -8 -9 13 12 -12 -3
right_child=1 3 -4 6 5 -7 7 9 -10 -11 11 -13 -14 -15
leaf_value=0.022301657491877586 -0.00090076543425392632 -0.13272341606158028 0.027088477690478556 -0.0074930208386293704 0.023145832857362728 0.60238942266387097 -0.017247019564724922 -0.034253323008527431 0.089593165394935517 -0.092606884372311529 0.13503271026220848 -0.058166455380701997 0.023444090615429847 -0.0033869999348695541
leaf_weight=147582 396629 6169 211876 397355 144273 347 48907 67330 13019 38868 17929 22371 43407 1471682
leaf_count=147582 396629 6169 211876 397355 144273 347 48907 67330 13019 38868 17929 22371 43407 1471682
internal_value=4.50871e-07 -0.00114235 0.00884509 -0.0038177 -6.54529e-05 0.0245774 -0.0151389 -0.0332079 0.00522502 -0.0556174 -0.00234784 0.0255432 0.0560794 -0.0039278
internal_weight=3.02774e+06 2.88016e+06 608505 2.27166e+06 1.70618e+06 144620 565479 168124 61926 106198 1.56156e+06 83707 61336 1.47785e+06
internal_count=3027744 2880162 608505 2271657 1706178 144620 565479 168124 61926 106198 1561558 83707 61336 1477851
is_linear=0
shrinkage=0.02


Tree=254
num_leaves=15
num_cat=0
split_feature=5 4 0 0 0 4 0 0 4 1 4 4 4 0
split_gain=193176 255628 498787 431166 423232 237413 205854 187736 636208 641184 611006 378445 1.29365e+06 357678
threshold=0.082499999552965178 168.98500061035159 3699.5000000000005 5317.5000000000009 3405.5000000000005 225.66500091552737 8224.5000000000018 5542.5000000000009 163.74500274658206 51.359128952026374 -198.48500061035153 91.68500137329103 118.69499969482423 6976.5000000000009
decision_type=2 2 2 2 2 2 2 2 2 2 2 2 2 2
left_child=5 2 -2 4 -3 7 -7 10 11 -10 -1 -9 -13 -11
right_child=1 3 -4 -5 -6 6 -8 8 9 13 -12 12 -14 -15
leaf_value=-0.081441296074868039 0.042513580619076119 0.17998505396944547 0.28579874288141421 0.13559117162948281 -0.19413319945386068 -0.034373246298822019 -0.19280120686122476 0.012913304708534088 -0.24400908664905072 0.1347329425471315 8.6251538460087619e-05 -0.56751597974467827 -0.026702613804994467 -0.022798953502366534
leaf_weight=37253 24221 1492 3907 3920 6229 37855 3583 70771 2193 32340 2780794 2012 14162 7012
leaf_count=37253 24221 1492 3907 3920 6229 37855 3583 70771 2193 32340 2780794 2012 14162 7012
internal_value=4.7965e-07 0.0437838 0.0763963 -0.0350138 -0.121697 -0.0005824 -0.0481157 8.62284e-05 0.0237274 0.0880983 -0.000991775 -0.00703732 -0.0942886 0.106664
internal_weight=3.02774e+06 39769 28128 11641 7721 2.98798e+06 41438 2.94654e+06 128490 41545 2.81805e+06 86945 16174 39352
internal_count=3027744 39769 28128 11641 7721 2987975 41438 2946537 128490 41545 2818047 86945 16174 39352
is_linear=0
shrinkage=0.02


Tree=255
num_leaves=15
num_cat=0
split_feature=17 1 8 9 9 6 8 9 9 8 1 8 9 8
split_gain=187355 180532 236723 232337 211931 488062 208481 351308 232892 221404 864291 546146 498672 263335
threshold=0.068815600126981749 94.415195465087905 -0.94326764345169056 0.84602341055870067 -0.72323438525199879 102.84941864013673 -0.83855623006820668 1.0025126284674004e-09 -0.80448952317237843 0.90560716390609752 38.237623214721687 0.65120527148246776 0.31095837056636816 0.99299550056457531
decision_type=2 2 2 2 2 2 2 2 2 2 2 2 2 2
left_child=-1 2 -2 4 5 -3 -4 8 -8 11 -11 -9 13 -12
right_child=1 3 6 -5 -6 -7 7 9 -10 10 12 -13 -14 -15
leaf_value=0.064840528591411747 -0.01579690282990483 -0.062529263466798657 0.026435610237707081 -0.41354079384290454 -0.0085658763459170398 0.085267084559026526 -0.070040143845116656 -0.0043499805419174135 0.012168977110777577 0.64288512159484867 -0.092825055608944593 0.42231099979417808 -0.76983689801534017 -0.018262321150868756
leaf_weight=17711 230200 13156 175793 552 1024383 27822 13980 490931 936624 733 26251 1193 365 68050
leaf_count=17711 230200 13156 175793 552 1024383 27822 13980 490931 936624 733 26251 1193 365 68050
internal_value=4.32e-07 -0.000381294 0.00324548 -0.00699615 -0.00678161 0.0378129 0.00580319 0.00344493 0.0109592 -0.00871304 -0.0365967 -0.00330707 -0.0419255 -0.0390265
internal_weight=3.02774e+06 3.01003e+06 1.94412e+06 1.06591e+06 1.06536e+06 40978 1.71392e+06 1.53813e+06 950604 587523 95399 492124 94666 94301
internal_count=3027744 3010033 1944120 1065913 1065361 40978 1713920 1538127 950604 587523 95399 492124 94666 94301
is_linear=0
shrinkage=0.02


Tree=256
num_leaves=15
num_cat=0
split_feature=5 0 8 0 0 8 8 6 6 8 0 5 6 0
split_gain=186228 399159 305541 367844 333847 599663 296591 266254 255836 222529 300495 207800 199299 201325
threshold=0.052500000223517425 2303.5000000000005 0.65120527148246776 4872.5000000000009 4953.5000000000009 0.7692478895187379 0.82817849516868602 124.35945892333986 146.3159103393555 0.9293411672115327 3630.5000000000005 0.11250000074505807 108.13460922241212 5834.5000000000009
decision_type=2 2 2 2 2 2 2 2 2 2 2 2 2 2
left_child=-1 -2 3 11 6 7 -4 -6 -8 10 -10 -3 13 -7
right_child=1 2 4 -5 5 12 8 -9 9 -11 -12 -13 -14 -15
leaf_value=-0.0017032187082554925 -0.0097065182128613821 0.22993459454920501 0.044401413948826712 -0.26786144571108361 -0.069871411625471003 0.25355919006292438 -0.0085764569389245853 0.14669825533833922 -0.045821073171165259 0.092733824764641481 -0.75567404577141428 -0.27569432546926098 -0.016109018883427809 0.087868080417573449
leaf_weight=2708261 147439 6496 72589 720 8802 9351 63090 3049 422 436 543 334 1918 4294
leaf_count=2708261 147439 6496 72589 720 8802 9351 63090 3049 422 436 543 334 1918 4294
internal_value=4.09503e-07 0.0144417 0.0351359 0.159463 0.0294201 0.0931205 0.0166749 -0.0140744 -0.0145349 -0.280881 -0.448926 0.204839 0.174706 0.201521
internal_weight=3.02774e+06 319483 172044 7550 164494 27414 137080 11851 64491 1401 965 6830 15563 13645
internal_count=3027744 319483 172044 7550 164494 27414 137080 11851 64491 1401 965 6830 15563 13645
is_linear=0
shrinkage=0.02


Tree=257
num_leaves=15
num_cat=0
split_feature=7 7 0 7 7 7 8 8 0 7 7 8 7 7
split_gain=198589 1.6456e+06 1.16194e+06 760513 935700 970619 1.21587e+06 898030 1.13825e+06 1.04541e+06 1.03769e+06 977679 1.08226e+06 1.26078e+06
threshold=11203.687988281252 11255.992675781252 1165.5000000000002 11367.486328125002 11326.603515625002 11345.829101562502 0.9270903766155244 -0.95380857586860646 2481.5000000000005 11435.369140625002 11418.196777343752 0.92534694075584423 12035.524414062502 12160.130859375002
decision_type=2 2 2 2 2 2 2 2 2 2 2 2 2 2
left_child=-1 2 -2 4 -3 6 -6 8 -5 10 -10 12 -9 -14
right_child=1 3 -4 7 5 -7 -8 11 9 -11 -12 -13 13 -15
leaf_value=0.006470615559576052 0.029990390012739426 -0.024086811370133764 -0.086506318024930792 0.0015198017781421383 0.021255910697417117 0.044234983358854667 0.30473838102039275 0.040277254849370156 -0.13769529803766742 -0.048830127359342425 -0.45809483456942601 -0.022923433844003166 -0.057027879373840955 0.01493572863738986
leaf_weight=1166449 44588 59179 147580 118616 10508 96476 14267 392984 23377 69110 4884 378375 132272 369079
leaf_count=1166449 44588 59179 147580 118616 10508 96476 14267 392984 23377 69110 4884 378375 132272 369079
internal_value=3.61418e-07 -0.00405446 -0.0594758 0.00232655 0.0411035 0.0729205 0.184561 -0.00237346 -0.0400796 -0.0907505 -0.193209 0.00402576 0.0154276 -0.00405123
internal_weight=3.02774e+06 1.8613e+06 192168 1.66913e+06 180430 121251 24775 1.4887e+06 215987 97371 28261 1.27271e+06 894335 501351
internal_count=3027744 1861295 192168 1669127 180430 121251 24775 1488697 215987 97371 28261 1272710 894335 501351
is_linear=0
shrinkage=0.02


Tree=258
num_leaves=15
num_cat=0
split_feature=7 7 7 9 7 7 9 1 1 7 9 7 9 7
split_gain=197720 289285 300417 304981 271788 1.01679e+06 692843 674443 615458 535449 2.75599e+06 1.62288e+06 1.16677e+06 1.01229e+06
threshold=10063.905273437502 10317.209472656252 10079.553710937502 -0.58503037691116322 10885.485839843752 10842.659179687502 -0.70835387706756581 46.332124710083015 113.16841888427736 10934.424316406252 -0.32822401821613306 10927.158203125002 -0.68151110410690297 10942.675292968752
decision_type=2 2 2 2 2 2 2 2 2 2 2 2 2 2
left_child=-1 2 3 -2 5 6 -3 -7 -9 10 11 12 -6 -11
right_child=1 4 -4 -5 9 7 -8 8 -10 13 -12 -13 -14 -15
leaf_value=0.080204335875245114 -0.041477987631681014 -0.11654346359743918 -0.09713327486535836 0.17616509068092431 0.028624702991420291 0.76366294317551564 0.010511159258913246 0.069962534125507334 0.35677041785621222 0.10958353116614551 -0.13955612065422515 -0.091750029371997735 0.29944592657265789 -0.0011523419551319899
leaf_weight=12235 8459 19214 24196 3691 11860 582 160493 56558 3151 33434 55221 14339 13726 2610585
leaf_count=12235 8459 19214 24196 3691 11860 582 160493 56558 3151 33434 55221 14339 13726 2610585
internal_value=3.2964e-07 -0.000325345 -0.0564005 0.0247278 0.000358957 0.0207666 -0.00307895 0.0918313 0.0851557 -0.00142917 -0.0480407 0.0785387 0.173972 0.000248331
internal_weight=3.02774e+06 3.01551e+06 36346 12150 2.97916e+06 239998 179707 60291 59709 2.73916e+06 95146 39925 25586 2.64402e+06
internal_count=3027744 3015509 36346 12150 2979163 239998 179707 60291 59709 2739165 95146 39925 25586 2644019
is_linear=0
shrinkage=0.02


Tree=259
num_leaves=15
num_cat=0
split_feature=7 8 7 6 8 7 7 7 8 7 9 9 7 7
split_gain=194444 1.05765e+06 605609 532137 458035 590525 449316 864712 600601 552321 1.81763e+06 472989 431943 912490
threshold=12651.690429687502 0.83320444822311412 12762.339355468752 94.327411651611342 -0.80862879753112782 12833.731933593752 12533.940917968752 12494.988769531252 0.98550301790237438 12293.167480468752 0.57128185033798229 0.10024872794747354 12775.467285156252 12793.212890625002
decision_type=2 2 2 2 2 2 2 2 2 2 2 2 2 2
left_child=6 4 -3 -4 5 12 7 9 -9 -1 11 -11 -2 -14
right_child=1 2 3 -5 -6 -7 -8 8 -10 10 -12 -13 13 -15
leaf_value=-0.00062888618261546685 -0.07922467250045867 -0.0056012847132680156 -0.13477783897008744 -0.50875753394498069 0.07324542079943315 -0.23841558515293793 -0.04693167874300197 0.084393074179804003 -0.14276164063448091 -0.074279009318482928 -0.31120446004262142 0.098220528788100434 0.19410014537362572 -0.026769370686255289
leaf_weight=2670527 13151 17813 12188 1732 85969 3924 83500 66916 4995 13167 9824 12277 12046 19715
leaf_count=2670527 13151 17813 12188 1732 85969 3924 83500 66916 4995 13167 9824 12277 12046 19715
internal_value=4.16267e-07 0.0210078 -0.0828576 -0.181644 0.0454621 -0.0034512 -0.00122239 0.000151823 0.0685968 -0.00166745 -0.0802858 0.00895895 0.0171259 0.0570339
internal_weight=3.02774e+06 166538 31733 13920 134805 48836 2.86121e+06 2.77771e+06 71911 2.7058e+06 35268 25444 44912 31761
internal_count=3027744 166538 31733 13920 134805 48836 2861206 2777706 71911 2705795 35268 25444 44912 31761
is_linear=0
shrinkage=0.02


Tree=260
num_leaves=15
num_cat=0
split_feature=1 9 6 8 8 9 5 3 14 9 5 9 8 5
split_gain=179892 216305 210701 202979 172280 476245 452576 253555 181678 211120 178943 170951 512662 212230
threshold=91.967914581298842 0.84602341055870067 48.036645889282234 -0.9504232108592986 0.9509047567844392 0.11756056174635889 0.047500001266598708 5.0134437084198007 0.84016233682632457 -0.80448952317237843 0.082499999552965178 0.54481467604637157 0.65120527148246776 0.037499999627470977
decision_type=2 2 2 2 2 2 2 2 2 2 2 2 2 2
left_child=2 -2 -1 -4 8 -6 7 -7 9 10 -5 -11 13 -13
right_child=1 -3 3 4 5 6 -8 -9 -10 11 -12 12 -14 -15
leaf_value=-0.033148890022367102 -0.0058155468565151136 -0.36743828584150245 -0.014475996705420114 -0.088384499654514198 0.0017441988295109779 -0.16976351889237812 0.15093959668380022 -0.029496645650029577 0.090324674471639652 0.015287925536421996 0.32861383600033978 -0.0018263033334437323 0.42222626536839986 0.22025235663093756
leaf_weight=59237 1199603 652 187573 11658 191636 14565 2757 7984 11206 894787 417 442813 1138 1718
leaf_count=59237 1199603 652 187573 11658 191636 14565 2757 7984 11206 894787 417 442813 1138 1718
internal_value=3.32957e-07 -0.00601506 0.00395114 0.00519419 0.00752846 -0.00902578 -0.0905534 -0.120135 0.010162 0.00949712 -0.0737222 0.0102473 0.000126958 -0.000963045
internal_weight=3.02774e+06 1.20026e+06 1.82749e+06 1.76825e+06 1.58068e+06 216942 25306 22549 1.36374e+06 1.35253e+06 12075 1.34046e+06 445669 444531
internal_count=3027744 1200255 1827489 1768252 1580679 216942 25306 22549 1363737 1352531 12075 1340456 445669 444531
is_linear=0
shrinkage=0.02


Tree=261
num_leaves=15
num_cat=0
split_feature=7 7 7 4 4 7 7 7 8 8 4 7 7 8
split_gain=189056 279276 288341 324490 324199 259906 975092 635246 1.3045e+06 1.49157e+06 819294 3.06438e+06 1.27703e+06 1.12357e+06
threshold=10063.905273437502 10317.209472656252 10079.553710937502 -179.76999664306638 -23.474999427795407 10885.485839843752 10842.659179687502 10776.799804687502 -0.80862879753112782 0.58100306987762462 -45.075000762939446 10704.640625000002 10687.838867187502 -0.79909458756446827
decision_type=2 2 2 2 2 2 2 2 2 2 2 2 2 2
left_child=-1 2 4 -4 -2 6 7 10 -9 -10 11 -3 -12 -13
right_child=1 5 3 -5 -6 -7 -8 8 9 -11 12 13 -14 -15
leaf_value=0.078427417087956197 0.21123706766164327 -0.07902865487422471 0.078840643013623132 -0.12608495762175143 -0.032878648580680792 -0.0013943427564743996 0.089903047052154655 0.174735909979301 -0.24239966287785644 -0.024693851196709863 0.083873961099134503 -0.063004035304181402 -0.086032663235800264 0.46408488463141617
leaf_weight=12235 2828 12765 3630 20566 9322 2739165 60291 9751 15983 59144 35100 1953 35663 9348
leaf_count=12235 2828 12765 3630 20566 9322 2739165 60291 9751 15983 59144 35100 1953 35663 9348
internal_value=3.60307e-07 -0.000318099 -0.0554147 -0.0953203 0.0240664 0.000354261 0.0203109 -0.00304062 -0.0427839 -0.0710363 0.0325327 0.133311 -0.00175503 0.373018
internal_weight=3.02774e+06 3.01551e+06 36346 24196 12150 2.97916e+06 239998 179707 84878 75127 94829 24066 70763 11301
internal_count=3027744 3015509 36346 24196 12150 2979163 239998 179707 84878 75127 94829 24066 70763 11301
is_linear=0
shrinkage=0.02


Tree=262
num_leaves=15
num_cat=0
split_feature=16 4 14 9 4 17 4 9 4 9 9 9 4 9
split_gain=181144 178109 205856 172856 212574 167349 163432 446588 322414 305163 308277 370779 536193 334165
threshold=-23.100000381469723 -272.92999267578119 0.66342735290527355 0.84602341055870067 -115.55500030517577 0.068815600126981749 216.25000000000003 -0.6710444688796996 237.56500244140628 -0.46017313003540034 -0.54366442561149586 -0.63350945711135853 253.45999908447268 -0.65224117040634144
decision_type=2 2 2 2 2 2 2 2 2 2 2 2 2 2
left_child=-1 2 -2 5 -5 -3 -7 8 -8 10 11 12 -9 -14
right_child=1 3 -4 4 -6 6 7 9 -10 -11 -12 -13 13 -15
leaf_value=0.021610590744451312 -0.033937711722536158 0.06347189068192155 -0.23365128364427479 0.10275659799717157 -0.15519217068441635 -0.00022403626689922337 -0.066111477244172129 -0.046713584108694493 0.10955029705434488 -0.00073827384759682162 -0.25030876950812742 0.052276632212873653 -0.11160764484061429 -0.48007212931009746
leaf_weight=147582 9404 16236 2637 1638 5708 2788905 6508 8034 11644 14092 5441 5844 1684 2387
leaf_count=147582 9404 16236 2637 1638 5708 2788905 6508 8034 11644 14092 5441 5844 1684 2387
internal_value=3.87554e-07 -0.001107 -0.0778346 -0.000784606 -0.0976109 -0.000535624 -0.000901194 -0.0348403 0.0465678 -0.0742675 -0.118547 -0.0784873 -0.14161 -0.328306
internal_weight=3.02774e+06 2.88016e+06 12041 2.86812e+06 7346 2.86078e+06 2.84454e+06 55634 18152 37482 23390 17949 12105 4071
internal_count=3027744 2880162 12041 2868121 7346 2860775 2844539 55634 18152 37482 23390 17949 12105 4071
is_linear=0
shrinkage=0.02


Tree=263
num_leaves=15
num_cat=0
split_feature=7 4 7 7 0 7 6 7 4 7 0 1 7 4
split_gain=188914 1.12927e+06 981033 662752 743091 647839 467132 419167 592930 552111 478186 436316 401539 435799
threshold=12160.130859375002 -170.43499755859372 12045.062011718752 12114.529785156252 1992.5000000000002 12205.631347656252 62.752407073974616 12005.891601562502 -98.334999084472642 12032.813476562502 4064.5000000000005 46.332124710083015 12232.945800781252 -139.19499969482419
decision_type=2 2 2 2 2 2 2 2 2 2 2 2 2 2
left_child=2 -2 7 4 -4 -3 -6 -1 9 10 -9 -10 -7 -14
right_child=1 5 3 -5 6 12 -8 8 11 -11 -12 -13 13 -15
leaf_value=-0.00062547850984787741 0.17944214559627952 0.058685479996670308 -0.010467004886450611 -0.0038396360620232988 0.014331512983470254 -0.058777327405103226 -0.14044893253958532 0.35542874954734854 0.64826453629662073 -0.0052772615844330706 0.049896867196330651 0.018391079170985983 -0.091472109616263855 0.0074812410372876691
leaf_weight=2180647 15394 78781 39729 83736 9009 47008 57990 6079 432 5205 3094 93227 18647 388766
leaf_count=2180647 15394 78781 39729 83736 9009 47008 57990 6079 432 5205 3094 93227 18647 388766
internal_value=3.11041e-07 0.0106203 -0.00234975 -0.0459606 -0.079004 0.00574294 -0.119637 0.00127972 0.0397315 0.159269 0.252543 0.0213655 -0.00343652 0.00295003
internal_weight=3.02774e+06 548596 2.47915e+06 190464 106728 533202 66999 2.28868e+06 108037 14378 9173 93659 454421 407413
internal_count=3027744 548596 2479148 190464 106728 533202 66999 2288684 108037 14378 9173 93659 454421 407413
is_linear=0
shrinkage=0.02


Tree=264
num_leaves=15
num_cat=0
split_feature=5 9 4 0 0 17 6 0 4 8 6 8 4 0
split_gain=177249 269990 278838 648638 333912 229811 295042 333018 228657 593951 441734 535614 465001 771031
threshold=0.082499999552965178 -0.67379364371299733 168.98500061035159 3677.5000000000005 5422.5000000000009 0.74277102947235119 102.49963378906251 3450.5000000000005 225.66500091552737 0.74141710996627819 108.13460922241212 0.77619159221649181 253.45999908447268 6664.5000000000009
decision_type=2 2 2 2 2 2 2 2 2 2 2 2 2 2
left_child=8 5 3 -3 -4 6 7 -2 -1 -10 11 12 -11 -14
right_child=1 2 4 -5 -6 -7 -8 -9 9 10 -12 -13 13 -15
leaf_value=9.8220845411445837e-05 0.096490631565193857 -0.0079126032310343677 -0.17877298472381409 0.28789731998950957 0.15403969790667182 0.58653620812822793 0.21071818049072175 -0.23083416536117571 0.066749632284833424 -0.066644060700592811 -0.33177106141776913 0.00070432576991944775 -0.60671465821100246 -0.071460952346603726
leaf_weight=2946537 4781 16963 5308 3583 1551 398 5516 1669 12686 5640 2886 15923 2174 2129
leaf_count=2946537 4781 16963 5308 3583 1551 398 5516 1669 12686 5640 2886 15923 2174 2129
internal_value=3.72271e-07 0.0419399 0.00692452 0.0437874 -0.103398 0.119482 0.103469 0.0115629 -0.000557961 -0.0472064 -0.0974927 -0.0712342 -0.186326 -0.342671
internal_weight=3.02774e+06 39769 27405 20546 6859 12364 11966 6450 2.98798e+06 41438 28752 25866 9943 4303
internal_count=3027744 39769 27405 20546 6859 12364 11966 6450 2987975 41438 28752 25866 9943 4303
is_linear=0
shrinkage=0.02


Tree=265
num_leaves=15
num_cat=0
split_feature=16 17 16 9 0 8 0 17 16 9 1 1 0 6
split_gain=173067 174456 252843 221825 420903 407588 368630 231476 283222 218278 287562 215600 166238 181698
threshold=-23.100000381469723 0.30188140273094183 10.700000286102297 0.54481467604637157 1185.5000000000002 0.58100306987762462 2225.5000000000005 0.47716167569160467 -18.100000381469723 0.35140028595924383 152.08866119384768 93.063949584960952 1580.5000000000002 54.11424636840821
decision_type=2 2 2 2 2 2 2 2 2 2 2 2 2 2
left_child=12 2 -2 9 -5 7 -7 -6 -9 -3 -11 -8 -1 -14
right_child=1 3 -4 4 5 6 11 8 -10 10 -12 -13 13 -15
leaf_value=-0.0088087110158715284 -0.00088166058171239639 -0.0022086711140147427 0.02628030369101126 0.016551013139747883 -0.016056707237556568 -0.070013717071453777 0.57902649258274241 0.036886311999842686 -0.058461429283127961 0.022069438122164657 0.59041282687951868 0.12998635269716322 -0.11140556385593514 0.041185740907610124
leaf_weight=49381 399940 1561558 208565 133508 300336 1128 1022 13972 114770 144273 347 743 3218 94983
leaf_count=49381 399940 1561558 208565 133508 300336 1128 1022 13972 114770 144273 347 743 3218 94983
internal_value=3.58832e-07 -0.00108206 0.00842834 -0.00362963 -0.0144855 -0.024078 0.212111 -0.0256754 -0.0481114 -3.16073e-05 0.023474 0.391806 0.0211233 0.0361744
internal_weight=3.02774e+06 2.88016e+06 608505 2.27166e+06 565479 431971 2893 429078 128742 1.70618e+06 144620 1765 147582 98201
internal_count=3027744 2880162 608505 2271657 565479 431971 2893 429078 128742 1706178 144620 1765 147582 98201
is_linear=0
shrinkage=0.02


Tree=266
num_leaves=15
num_cat=0
split_feature=7 7 5 5 7 7 7 7 1 7 7 7 7 7
split_gain=187299 717380 597586 437998 435000 815904 527126 428249 460348 414313 401791 696812 764215 815527
threshold=12651.690429687502 12747.715332031252 -0.047500001266598695 -1.0000000180025095e-35 12533.940917968752 12494.988769531252 12293.167480468752 12264.441894531252 108.72930145263673 12504.404785156252 12213.161132812502 12175.382324218752 12045.062011718752 12114.529785156252
decision_type=2 2 2 2 2 2 2 2 2 2 2 2 2 2
left_child=4 3 -3 -2 5 6 7 10 -9 -7 11 12 -1 -14
right_child=1 2 -4 -5 -6 9 -8 8 -10 -11 -12 -13 13 -15
leaf_value=0.0012505369140050797 0.025106845873084826 0.10380187909699377 -0.0298944833314841 0.13381940780573454 -0.046174922096528868 0.17279329772977753 -0.078419038329920907 0.045635588980291922 0.30009923661098903 0.04492048354225079 -0.053243518194227749 0.061013387254598199 -0.077412165944623051 0.00062095336807939535
leaf_weight=2288684 31499 15655 91380 28004 83500 12201 35268 33777 3096 59710 58786 71903 106728 107553
leaf_count=2288684 31499 15655 91380 28004 83500 12201 35268 33777 3096 59710 58786 71903 106728 107553
internal_value=4.29237e-07 0.0206182 -0.0103319 0.0762847 -0.0011997 0.000152442 -0.00161475 -0.000600143 0.0670775 0.0666377 -0.00154794 -0.00036748 -0.00213102 -0.0382471
internal_weight=3.02774e+06 166538 107035 59503 2.86121e+06 2.77771e+06 2.7058e+06 2.67053e+06 36873 71911 2.63365e+06 2.57487e+06 2.50296e+06 214281
internal_count=3027744 166538 107035 59503 2861206 2777706 2705795 2670527 36873 71911 2633654 2574868 2502965 214281
is_linear=0
shrinkage=0.02


Tree=267
num_leaves=15
num_cat=0
split_feature=7 7 0 7 7 7 8 4 4 8 4 8 0 0
split_gain=185725 1.57572e+06 1.11616e+06 755344 923975 1.80766e+06 1.67749e+06 2.34197e+06 1.21426e+06 1.47262e+06 1.7561e+06 1.05231e+06 967344 902718
threshold=11203.687988281252 11255.992675781252 1520.5000000000002 11111.218750000002 11012.080078125002 10996.903320312502 -0.93786895275115956 -27.634999275207516 -166.18499755859372 -0.91953414678573597 -104.25500106811522 -0.72318184375762928 2820.5000000000005 892.50000000000011
decision_type=2 2 2 2 2 2 2 2 2 2 2 2 2 2
left_child=3 2 -2 4 5 -1 -6 12 -7 10 -10 -11 -8 -13
right_child=1 -3 -4 -5 6 8 7 -9 9 11 -12 13 -14 -15
leaf_value=-0.0035143669705808606 0.014268399911403547 0.0023232129802622371 -0.09023040490035461 0.031740089328147592 0.15969428284180018 -0.24986801211762641 -0.096457477660004343 -0.01494961546913778 0.92218698306901914 -0.093409698283447556 0.19453511384781932 -0.064249964853807989 -0.29887212547053127 0.21293133805274675
leaf_weight=655416 58991 1669127 133177 332603 13333 3237 17485 79082 2018 8310 3858 5796 20562 24749
leaf_count=655416 58991 1669127 133177 332603 13333 3237 17485 79082 2018 8310 3858 5796 20562 24749
internal_value=4.6107e-07 -0.00392083 -0.0581526 0.00625764 -0.00390699 0.0051602 -0.0527894 -0.0769885 0.123662 0.150744 0.445579 0.106052 -0.2059 0.160331
internal_weight=3.02774e+06 1.8613e+06 192168 1.16645e+06 833846 703384 130462 117129 47968 44731 5876 38855 38047 30545
internal_count=3027744 1861295 192168 1166449 833846 703384 130462 117129 47968 44731 5876 38855 38047 30545
is_linear=0
shrinkage=0.02


Tree=268
num_leaves=15
num_cat=0
split_feature=7 7 7 5 7 7 0 7 0 1 1 5 7 5
split_gain=181653 267931 275698 251877 250167 933746 668915 663266 987599 648921 594132 555003 515358 2.47082e+06
threshold=10063.905273437502 10317.209472656252 10079.553710937502 -0.0074999998323619357 10885.485839843752 10842.659179687502 3940.5000000000005 10676.442871093752 5918.5000000000009 48.351116180419929 113.16841888427736 -1.0000000180025095e-35 10934.424316406252 -0.012499999720603226
decision_type=2 2 2 2 2 2 2 2 2 2 2 2 2 2
left_child=-1 2 3 -2 5 6 11 -8 -9 -7 -11 -3 13 -6
right_child=1 4 -4 -5 12 9 7 8 -10 10 -12 -13 -14 -15
leaf_value=0.07687673597486426 0.16109098341584308 0.029587328671974961 -0.093298564877160456 -0.036713921164483528 -0.17323623647094558 0.70613622032106005 0.19454634015031519 0.091450306196567854 -0.18675610456657801 0.066099368226376479 0.34790248718137456 -0.052566056416841596 0.00027709136725664527 0.035238206978184382
leaf_weight=12235 3690 51637 24196 8460 37573 662 12028 18412 7050 56478 3151 90580 2644019 57573
leaf_count=12235 3690 51637 24196 8460 37573 662 12028 18412 7050 56478 3151 90580 2644019 57573
internal_value=4.92945e-07 -0.000311669 -0.0542776 0.0234416 0.000346892 0.019926 -0.00292501 0.0722173 0.0143758 0.0880268 0.081047 -0.0227372 -0.00136864 -0.0470974
internal_weight=3.02774e+06 3.01551e+06 36346 12150 2.97916e+06 239998 179707 37490 25462 60291 59629 142217 2.73916e+06 95146
internal_count=3027744 3015509 36346 12150 2979163 239998 179707 37490 25462 60291 59629 142217 2739165 95146
is_linear=0
shrinkage=0.02


Tree=269
num_leaves=15
num_cat=0
split_feature=7 7 7 4 4 7 7 7 4 4 5 4 0 7
split_gain=181186 1.06705e+06 1.98347e+06 1.57425e+06 1.67083e+06 1.01926e+06 888160 1.73546e+06 1.16629e+06 1.2167e+06 841012 787270 765429 752088
threshold=11192.689941406252 11326.603515625002 11345.829101562502 57.354999542236335 86.485000610351577 11111.218750000002 11012.080078125002 10996.903320312502 -166.18499755859372 -115.55500030517577 -0.037499999627470963 120.28499984741212 1009.5000000000001 10975.385253906252
decision_type=2 2 2 2 2 2 2 2 2 2 2 2 2 2
left_child=5 -2 3 -3 -5 6 7 13 -9 10 -10 -4 -11 -1
right_child=1 2 11 4 -6 -7 -8 8 9 12 -12 -13 -14 -15
leaf_value=0.0033852368785327923 -0.035498007355336772 0.025261160174758792 0.0060407458079878044 0.71768197728498972 0.19578249537618886 0.043097399378937952 -0.051739514342402364 -0.24489156714557955 -0.010830303354719841 -0.050904072531572898 0.56528193958174899 -0.035077112072408767 0.15749186131710266 -0.070832954228739156
leaf_weight=595295 345778 12701 1369604 3422 8652 238172 130462 3237 1337 9208 4174 215569 30012 60121
leaf_count=595295 345778 12701 1369604 3422 8652 238172 130462 3237 1337 9208 4174 215569 30012 60121
internal_value=5.60679e-07 -0.00362169 0.00322474 0.180758 0.344172 0.00660878 -0.00381386 0.00507586 0.121188 0.147728 0.425744 0.000448895 0.108564 -0.00342371
internal_weight=3.02774e+06 1.95573e+06 1.60995e+06 24775 12074 1.07202e+06 833846 703384 47968 44731 5511 1.58517e+06 39220 655416
internal_count=3027744 1955726 1609948 24775 12074 1072018 833846 703384 47968 44731 5511 1585173 39220 655416
is_linear=0
shrinkage=0.02


Tree=270
num_leaves=15
num_cat=0
split_feature=4 8 13 17 17 16 4 9 16 6 4 9 13 8
split_gain=168245 196910 168243 651983 608842 320164 268636 236630 209648 175870 153324 187939 170885 173529
threshold=-272.92999267578119 -0.95706567168235768 8.5000000000000018 0.54474714398384105 0.65286192297935497 -4.0999999046325675 -50.684999465942376 -0.89691269397735585 12.900000095367433 66.219779968261733 50.194999694824226 0.28203156590461737 -5.2999999523162833 0.85705029964447033
decision_type=2 2 2 2 2 2 2 2 2 2 2 2 2 2
left_child=1 -1 4 -4 7 -5 -7 -2 9 -6 11 -11 -12 -14
right_child=2 -3 3 5 8 6 -8 -9 -10 10 12 -13 13 -15
leaf_value=-0.36707686411942675 -0.11485240139178642 -0.051867271336643851 -6.763716581101214e-05 0.033538133949959102 -0.0036124034819312693 -0.10422009279340017 -0.038661992176535147 0.0014298194337914825 -0.041581134919869298 0.0062312456609253386 0.074024130776582778 0.086384294100326234 0.27569514684334484 0.1059045329236359
leaf_weight=842 7015 11507 805001 16558 14586 37624 74557 1973124 8876 21793 20960 25265 4038 5998
leaf_count=842 7015 11507 805001 16558 14586 37624 74557 1973124 8876 21793 20960 25265 4038 5998
internal_value=6.29659e-07 -0.0736407 0.000302464 -0.0067512 0.00346646 -0.0485399 -0.0606568 0.00101728 0.0512344 0.0601309 0.0720419 0.0492743 0.10658 0.174428
internal_weight=3.02774e+06 12349 3.0154e+06 933740 2.08166e+06 128739 112181 1.98014e+06 101516 92640 78054 47058 30996 10036
internal_count=3027744 12349 3015395 933740 2081655 128739 112181 1980139 101516 92640 78054 47058 30996 10036
is_linear=0
shrinkage=0.02


Tree=271
num_leaves=15
num_cat=0
split_feature=1 4 1 4 8 8 4 5 8 4 8 1 4 4
split_gain=180100 201159 277678 247865 406457 616529 351655 255003 384707 237477 217600 237234 204783 199444
threshold=89.135951995849624 125.04500198364259 60.367588043212898 32.655000686645515 0.9509047567844392 0.98162811994552623 99.454998016357436 0.062499998137354858 0.44019871950149542 166.17499542236331 0.96819859743118297 34.920551300048835 86.485000610351577 -191.76499938964841
decision_type=2 2 2 2 2 2 2 2 2 2 2 2 2 2
left_child=1 3 9 -1 7 6 -6 12 -9 -3 11 -8 -5 -2
right_child=13 2 -4 4 5 -7 10 8 -10 -11 -12 -13 -14 -15
leaf_value=0.001532990330435636 -0.042827546425217904 -0.017266331473818414 -0.0034626591481530435 0.037269184939620011 -0.11601897391994728 0.01578871043798805 0.51045158642628152 0.41944724047276405 0.067887782897941215 -0.12041282675363313 0.22495488999535768 -0.06727264843769265 0.0028108368316942275 -0.0038209762310511854
leaf_weight=961881 54608 19889 206557 188259 27225 89472 295 1280 36187 16198 1938 4186 108890 1310879
leaf_count=961881 54608 19889 206557 188259 27225 89472 295 1280 36187 16198 1938 4186 108890 1310879
internal_value=6.07648e-07 0.00442162 -0.0124067 0.00729805 0.0194124 -0.0116572 -0.0846298 0.030844 0.0800075 -0.0635857 0.0484716 -0.0281827 0.0246425 -0.00538123
internal_weight=3.02774e+06 1.66226e+06 242644 1.41961e+06 457732 123116 33644 334616 37467 36087 6419 4481 297149 1.36549e+06
internal_count=3027744 1662257 242644 1419613 457732 123116 33644 334616 37467 36087 6419 4481 297149 1365487
is_linear=0
shrinkage=0.02


Tree=272
num_leaves=15
num_cat=0
split_feature=5 9 9 8 9 6 6 17 9 8 6 6 6 8
split_gain=168277 233689 230340 333465 386516 275159 267829 239076 201991 340223 249440 219088 196688 619606
threshold=0.077500000596046462 -0.89691269397735585 -0.51523202657699574 0.8696289360523225 0.23015601187944415 102.84941864013673 102.84941864013673 0.7278977930545808 -0.72811940312385548 -0.62955906987190235 102.84941864013673 91.002529144287124 109.96387100219728 -0.83855623006820668
decision_type=2 2 2 2 2 2 2 2 2 2 2 2 2 2
left_child=1 -1 6 5 -5 -4 7 -2 9 11 -11 -3 -10 -14
right_child=2 8 3 4 -6 -7 -8 -9 12 10 -12 -13 13 -15
leaf_value=-0.097546914249725031 0.016357868257333118 0.34680419861499134 -0.051420821858959832 -0.0092666590283577883 0.53568870496088383 -0.54801186406776958 0.14560131216349545 0.33611806267960603 0.00093762274748789747 0.00082959422336045449 0.084618733434710339 -0.036477411681277369 0.05007013265910204 -0.023541255678814491
leaf_weight=9915 24819 2154 979 19335 525 814 11181 962 2476484 52847 19430 821 52494 354984
leaf_count=9915 24819 2154 979 19335 525 814 11181 962 2476484 52847 19430 821 52494 354984
internal_value=6.55545e-07 -0.000661872 0.0335555 -0.0182388 0.0054006 -0.278667 0.0638949 0.028416 -0.000336918 0.0320086 0.0233632 0.241257 -0.00118103 -0.0140571
internal_weight=3.02774e+06 2.96913e+06 58615 21653 19860 1793 36962 25781 2.95921e+06 75252 72277 2975 2.88396e+06 407478
internal_count=3027744 2969129 58615 21653 19860 1793 36962 25781 2959214 75252 72277 2975 2883962 407478
is_linear=0
shrinkage=0.02


Tree=273
num_leaves=15
num_cat=0
split_feature=7 7 0 7 7 8 8 7 7 8 7 8 7 7
split_gain=178466 1.83241e+06 1.16199e+06 717880 871250 892390 1.71518e+06 2.1526e+06 1.94367e+06 857174 1.09364e+06 924549 875356 919363
threshold=11208.158691406252 11255.992675781252 1580.5000000000002 11367.486328125002 11326.603515625002 0.90560716390609752 0.9570656716823579 11345.829101562502 11359.210937500002 -0.95380857586860646 11943.131835937502 -0.8281784951686858 11405.892578125002 11435.369140625002
decision_type=2 2 2 2 2 2 2 2 2 2 2 2 2 2
left_child=-1 2 -2 4 -3 -6 8 -8 -7 10 12 -11 -5 -14
right_child=1 3 -4 9 5 6 7 -9 -10 11 -12 -13 13 -15
leaf_value=0.0059866658299365929 0.010182231228785832 -0.023023842277834314 -0.10651468363976556 -0.053855213344008446 0.019472976376305514 -0.10826265692335962 0.29253774213286782 -0.00014741223230912845 0.59265503720906909 0.040444550246749832 -0.010013298427799633 -0.0040570484261290805 -0.32092193784379436 -0.063674805024461462
leaf_weight=1201596 50137 59179 106884 41336 64252 2176 14097 34961 5765 227344 152054 1045366 12729 9868
leaf_count=1201596 50137 59179 106884 41336 64252 2176 14097 34961 5765 227344 152054 1045366 12729 9868
internal_value=6.92282e-07 -0.00393805 -0.0692548 0.00220691 0.0398813 0.070583 0.128183 0.0839988 0.400692 -0.00235945 -0.0391979 0.00389251 -0.108596 -0.208662
internal_weight=3.02774e+06 1.82615e+06 157021 1.66913e+06 180430 121251 56999 49058 7941 1.4887e+06 215987 1.27271e+06 63933 22597
internal_count=3027744 1826148 157021 1669127 180430 121251 56999 49058 7941 1488697 215987 1272710 63933 22597
is_linear=0
shrinkage=0.02


Tree=274
num_leaves=15
num_cat=0
split_feature=7 7 4 4 0 4 4 4 7 4 4 7 0 7
split_gain=179937 627107 1.01366e+06 691745 687162 652151 644502 570673 562881 1.28207e+06 511150 535663 515390 456805
threshold=12620.221679687502 12762.339355468752 -166.18499755859372 6.9049999713897714 1244.5000000000002 100.814998626709 10.105000019073488 -30.474999427795407 12549.336914062502 -123.85499954223631 34.98500061035157 12684.181640625002 2780.5000000000005 12494.988769531252
decision_type=2 2 2 2 2 2 2 2 2 2 2 2 2 2
left_child=8 2 -2 -3 -4 6 7 -6 13 -10 11 -8 -12 -1
right_child=1 3 4 -5 5 -7 10 -9 9 -11 12 -13 -14 -15
leaf_value=-0.0015705778208777812 0.74859094445939767 0.02330335709230285 -0.038201262904048947 -0.096526044120520307 0.099610995036804151 -0.037407573654194164 0.56078263365383396 -0.10800429623839065 -0.4342250006790076 -0.039848442174350497 0.0686023617704834 0.017829284854597775 0.26628564123419413 0.042971311635790856
leaf_weight=2705795 824 52339 26498 30486 21531 14474 2576 7013 3551 44565 12740 1012 9006 95334
leaf_count=2705795 824 52339 26498 30486 21531 14474 2576 7013 3551 44565 12740 1012 9006 95334
internal_value=6.95795e-07 0.0194796 0.0543564 -0.0208092 0.0482468 0.0817611 0.113776 0.0485812 -0.00121967 -0.0690383 0.187183 0.408123 0.150558 -5.4478e-05
internal_weight=3.02774e+06 178499 95674 82825 94850 68352 53878 28544 2.84924e+06 48116 25334 3588 21746 2.80113e+06
internal_count=3027744 178499 95674 82825 94850 68352 53878 28544 2849245 48116 25334 3588 21746 2801129
is_linear=0
shrinkage=0.02


Tree=275
num_leaves=15
num_cat=0
split_feature=1 8 4 4 4 1 4 8 4 8 8 4 8 1
split_gain=172724 224021 358880 267347 194104 291905 227604 194217 391157 572556 349306 294480 1.99847e+06 326290
threshold=94.415195465087905 -0.94326764345169056 2.0849999189376835 -86.084999084472642 125.04500198364259 60.367588043212898 166.17499542236331 0.9509047567844392 30.365000724792484 -0.27835701406002039 0.97559595108032238 -65.884998321533189 0.58100306987762462 44.081222534179695
decision_type=2 2 2 2 2 2 2 2 2 2 2 2 2 2
left_child=1 2 3 -1 7 6 -6 8 11 -10 -9 12 13 -3
right_child=-2 4 -4 -5 5 -7 -8 10 9 -11 -12 -13 -14 -15
leaf_value=-0.037741452431817195 -0.0064638829258458113 -0.079940854819521345 -0.21840586811897719 0.0062657784771462848 -0.016946964186954804 -0.0013780856162085191 -0.11792654323047959 -0.056170888531455854 0.39589194068003125 0.026446371573471465 0.0058486604572548064 -0.006499238443013782 0.77093098013073247 0.018096253779262158
leaf_weight=94047 1069317 14098 3407 133720 19889 245314 16198 48455 1675 404393 145013 468244 1392 362582
leaf_count=94047 1069317 14098 3407 133720 19889 245314 16198 48455 1675 404393 145013 468244 1392 362582
internal_value=7.5272e-07 0.00353052 -0.0149587 -0.011906 0.00600519 -0.00919189 -0.0622933 0.008963 0.011844 0.0279801 -0.00968643 0.00410159 0.0172306 0.0144249
internal_weight=3.02774e+06 1.95843e+06 231174 227767 1.72725e+06 281401 36087 1.44585e+06 1.25238e+06 406068 193468 846316 378072 376680
internal_count=3027744 1958427 231174 227767 1727253 281401 36087 1445852 1252384 406068 193468 846316 378072 376680
is_linear=0
shrinkage=0.02


Tree=276
num_leaves=15
num_cat=0
split_feature=1 9 4 8 8 8 4 4 1 5 4 9 9 9
split_gain=167386 200257 197262 686018 222507 323369 451984 403470 331236 214837 184957 747537 436242 335725
threshold=89.135951995849624 0.79457080364227306 -191.76499938964841 -0.9981776475906371 -0.9975467026233672 -0.78813534975051869 -113.56499862670897 -76.854999542236314 152.08866119384768 -0.072500001639127717 125.04500198364259 0.23015601187944415 -0.3094827383756637 0.0050125007983297118
decision_type=2 2 2 2 2 2 2 2 2 2 2 2 2 2
left_child=10 2 3 -2 -4 7 9 8 -6 -7 12 13 -1 -12
right_child=1 -3 4 -5 5 6 -8 -9 -10 -11 11 -13 -14 -15
leaf_value=0.022313489753428568 0.20595606682697257 -0.16096496421791057 -0.041423403394402973 -0.062298826259954448 0.043356480026432193 0.077876223872234696 -0.0027364817736044711 -0.0084999336309316085 0.42116938536437465 -0.067926345243290748 -0.009396879651357895 0.47793260860443115 -0.0010167338301588253 -0.12582828406858504
leaf_weight=489083 4115 3283 58358 50493 113866 4332 971162 100068 926 58884 231074 1230 930530 10340
leaf_count=489083 4115 3283 58358 50493 113866 4332 971162 100068 926 58884 231074 1230 930530 10340
internal_value=7.82176e-07 -0.00518762 -0.00481099 -0.04205 -0.00325548 -0.00147214 -0.00610981 0.0208536 0.0464408 -0.0579239 0.00426289 -0.0118735 0.00702105 -0.0143888
internal_weight=3.02774e+06 1.36549e+06 1.3622e+06 54608 1.3076e+06 1.24924e+06 1.03438e+06 214860 114792 63216 1.66226e+06 242644 1.41961e+06 241414
internal_count=3027744 1365487 1362204 54608 1307596 1249238 1034378 214860 114792 63216 1662257 242644 1419613 241414
is_linear=0
shrinkage=0.02


Tree=277
num_leaves=15
num_cat=0
split_feature=7 7 6 7 4 7 6 4 8 4 7 7 7 7
split_gain=172838 1.76147e+06 850277 796174 1.28208e+06 696918 1.0615e+06 1.11883e+06 811236 1.06415e+06 1.04182e+06 1.008e+06 1.51288e+06 840379
threshold=11208.158691406252 11255.992675781252 95.444126129150405 11241.354003906252 -46.575000762939446 11367.486328125002 82.23685455322267 41.414999008178718 -0.95380857586860646 -62.774999618530266 11943.131835937502 12651.690429687502 12542.048828125002 11408.886230468752
decision_type=2 2 2 2 2 2 2 2 2 2 2 2 2 2
left_child=-1 2 3 -2 -5 6 -3 -8 10 11 13 12 -10 -7
right_child=1 5 -4 4 -6 8 7 -9 9 -11 -12 -13 -14 -15
leaf_value=0.0058916628657220173 -0.025238801094235194 -0.030232970910509926 -0.14428484233912026 -0.40478846711673766 0.14786289971968966 -0.058113696122637067 0.022451716633170561 0.1459160895475807 0.03915932100936715 -0.0059378370040027153 -0.0097025865111120338 0.17867995324079985 -0.18107935898435221 -0.21592670640372943
leaf_weight=1201596 106664 59100 42515 5417 2425 44576 71541 49789 245909 994615 152054 19053 13133 19357
leaf_count=1201596 106664 59100 42515 5417 2425 44576 71541 49789 245909 994615 152054 19053 13133 19357
internal_value=8.16775e-07 -0.00387533 -0.0679152 -0.0395496 -0.233918 0.0021495 0.0392698 0.0731246 -0.0023497 0.00373242 -0.0381874 0.0383174 0.0279869 -0.105921
internal_weight=3.02774e+06 1.82615e+06 157021 114506 7842 1.66913e+06 180430 121330 1.4887e+06 1.27271e+06 215987 278095 259042 63933
internal_count=3027744 1826148 157021 114506 7842 1669127 180430 121330 1488697 1272710 215987 278095 259042 63933
is_linear=0
shrinkage=0.02


Tree=278
num_leaves=15
num_cat=0
split_feature=17 4 8 5 4 0 8 1 1 0 0 4 8 8
split_gain=163175 157727 178056 157279 227352 569474 396505 351725 300506 350982 233392 224455 528198 475621
threshold=0.068815600126981749 -272.92999267578119 -0.96539688110351551 0.082499999552965178 168.98500061035159 4729.5000000000009 0.85705029964447033 97.964721679687514 93.708389282226577 5367.5000000000009 4220.5000000000009 225.66500091552737 0.75086346268653881 0.88782846927642833
decision_type=2 2 2 2 2 2 2 2 2 2 2 2 2 2
left_child=-1 2 -2 11 5 -5 8 -8 9 -6 -10 -3 -13 -14
right_child=1 3 -4 4 6 -7 7 -9 10 -11 -12 12 13 -15
leaf_value=0.060512348170921416 -0.42152861806128522 6.4405499527100027e-05 -0.055146822618310519 0.052874959721667517 -0.2580334733514521 0.53020218843674871 -0.02726036142812507 -0.38247646482426872 0.33568339304974598 0.26313455845362932 0.039646630687424494 0.049677700956652811 -0.16778413649355819 0.0061873639809425542
leaf_weight=17711 546 2917504 11791 26635 1841 1029 2594 1948 1781 708 2637 14561 16187 10271
leaf_count=17711 546 2917504 11791 26635 1841 1029 2594 1948 1781 708 2637 14561 16187 10271
internal_value=7.64538e-07 -0.000355478 -0.0716917 -6.16494e-05 0.0397454 0.0708157 -0.0349328 -0.180118 0.0598372 -0.112806 0.159479 -0.000588863 -0.0470422 -0.100271
internal_weight=3.02774e+06 3.01003e+06 12337 2.9977e+06 39173 27664 11509 4542 6967 2549 4418 2.95852e+06 41019 26458
internal_count=3027744 3010033 12337 2997696 39173 27664 11509 4542 6967 2549 4418 2958523 41019 26458
is_linear=0
shrinkage=0.02


Tree=279
num_leaves=15
num_cat=0
split_feature=7 7 7 4 4 7 6 4 7 7 8 7 7 4
split_gain=173546 261416 265339 313780 301306 237539 1.07718e+06 1.50013e+06 1.4525e+06 1.31432e+06 1.03208e+06 764089 1.04843e+06 881395
threshold=10063.905273437502 10317.209472656252 10079.553710937502 -175.06500244140622 -23.474999427795407 10776.799804687502 62.752407073974616 -47.895000457763665 10704.640625000002 10687.838867187502 -0.79909458756446827 10812.011230468752 10885.485839843752 -81.344997406005845
decision_type=2 2 2 2 2 2 2 2 2 2 2 2 2 2
left_child=-1 2 4 -4 -2 6 -3 8 -8 -9 -10 13 -13 -7
right_child=1 5 3 -5 -6 11 7 9 10 -11 -12 12 -14 -15
leaf_value=0.075141834396884891 0.20307679715274929 -0.080606911046240862 0.073577415265770621 -0.12320437742155516 -0.032261896868385015 -0.27161522794155596 -0.10813844682612217 0.13042831239145103 -0.05910379766203655 -0.064980079701710172 0.45596767031733121 0.070334171225074044 -0.0013025813713334164 -0.041933313446445394
leaf_weight=12235 2828 25176 3848 20348 9322 7632 3362 25491 1878 29915 9007 84223 2739165 53314
leaf_count=12235 2828 25176 3848 20348 9322 7632 3362 25491 1878 29915 9007 84223 2739165 53314
internal_value=7.51217e-07 -0.000304365 -0.0536101 -0.091891 0.0226352 0.00034614 0.0314905 0.072014 0.254976 0.0249297 0.367127 -0.0006779 0.000834611 -0.0707355
internal_weight=3.02774e+06 3.01551e+06 36346 24196 12150 2.97916e+06 94829 69653 14247 55406 10885 2.88433e+06 2.82339e+06 60946
internal_count=3027744 3015509 36346 24196 12150 2979163 94829 69653 14247 55406 10885 2884334 2823388 60946
is_linear=0
shrinkage=0.02


Tree=280
num_leaves=15
num_cat=0
split_feature=1 4 8 0 8 8 0 8 4 4 1 0 4 1
split_gain=160985 186172 659557 318548 201721 200973 354218 320207 428013 382772 318397 232070 612142 384416
threshold=89.135951995849624 -191.76499938964841 -0.9981776475906371 4729.5000000000009 -0.96114355325698841 -0.9975467026233672 2603.5000000000005 -0.78813534975051869 -113.56499862670897 -76.854999542236314 152.08866119384768 3427.5000000000005 181.72499847412112 119.45204162597658
decision_type=2 2 2 2 2 2 2 2 2 2 2 2 2 2
left_child=-1 2 -2 -4 -5 6 -3 9 -9 10 -7 12 -10 -13
right_child=1 5 3 4 -6 7 -8 8 11 -11 -12 13 -14 -15
leaf_value=0.0041805665774280144 0.20190950579250966 0.0025699820083792159 -0.14759858845338275 -0.22452813139788602 -0.020835237303167716 0.042231178480946985 -0.09707103766132745 -0.056794949548846986 -0.01036494129307739 -0.0082578273167511346 0.41264925025306243 0.025168813819466607 0.30965991750465127 -0.032285797545102496
leaf_weight=1662257 4115 33515 12731 2047 35715 113866 24843 63506 700655 100068 926 211373 2389 59738
leaf_count=1662257 4115 33515 12731 2047 35715 113866 24843 63506 700655 100068 926 211373 2389 59738
internal_value=7.50556e-07 -0.00508747 -0.0412664 -0.0611209 -0.0319341 -0.00358002 -0.0398562 -0.00188951 -0.00649109 0.0203329 0.0452551 -0.00321117 -0.00927305 0.0125082
internal_weight=3.02774e+06 1.36549e+06 54608 50493 37762 1.31088e+06 58358 1.25252e+06 1.03766e+06 214860 114792 974155 703044 271111
internal_count=3027744 1365487 54608 50493 37762 1310879 58358 1252521 1037661 214860 114792 974155 703044 271111
is_linear=0
shrinkage=0.02


Tree=281
num_leaves=15
num_cat=0
split_feature=9 6 13 14 6 9 9 9 6 9 9 5 5 6
split_gain=166576 164534 157901 296986 142973 251086 189327 151305 190222 210815 135319 155374 132060 131542
threshold=0.84602341055870067 96.100204467773452 -12.099999904632567 0.62756019830703746 79.263111114501967 1.0000000180025095e-35 0.34535919129848486 0.52074289321899425 48.036645889282234 0.62927502393722545 0.74366798996925365 -0.052500000223517411 -0.067499998956918703 48.036645889282234
decision_type=2 2 2 2 2 2 2 2 2 2 2 2 2 2
left_child=2 12 3 -1 5 13 -7 -8 9 -9 -10 -12 -2 -4
right_child=1 -3 4 -5 -6 6 7 8 10 -11 11 -13 -14 -15
leaf_value=0.00037033674574743936 -0.32957116437126616 -0.52539075135481395 -0.030802063110717134 0.029700268393790811 -0.0055200804116104498 -0.027112073159669223 0.036164661114959751 -0.22395876675444129 -0.0029441679309803433 -0.027491162513731977 0.36680558361138382 0.055807103274505103 -0.044672369918152398 0.019294556159004578
leaf_weight=483985 716 329 22261 193217 1621874 123023 45929 3156 156114 7060 726 5113 6340 357901
leaf_count=483985 716 329 22261 193217 1621874 123023 45929 3156 156114 7060 726 5113 6340 357901
internal_value=7.61746e-07 -0.0948054 0.000232889 0.008739 -0.0022255 0.00518262 -0.00727437 0.00391616 -0.00468816 -0.088347 0.000594046 0.09504 -0.0740105 0.0163603
internal_weight=3.02774e+06 7385 3.02036e+06 677202 2.34316e+06 721283 341121 218098 172169 10216 161953 5839 7056 380162
internal_count=3027744 7385 3020359 677202 2343157 721283 341121 218098 172169 10216 161953 5839 7056 380162
is_linear=0
shrinkage=0.02


Tree=282
num_leaves=15
num_cat=0
split_feature=5 4 0 4 0 1 1 5 0 0 0 4 0 5
split_gain=157954 437907 380077 944890 461728 392908 344534 302624 290983 263480 250386 213695 333504 196637
threshold=0.052500000223517425 253.45999908447268 2303.5000000000005 109.48500061035158 4953.5000000000009 86.249126434326186 65.295005798339858 0.027499999850988392 4800.5000000000009 7396.0000000000009 5759.5000000000009 128.49500274658206 4764.5000000000009 0.06749999895691873
decision_type=2 2 2 2 2 2 2 2 2 2 2 2 2 2
left_child=1 -1 -2 5 11 13 7 10 -8 -6 -3 12 -5 -4
right_child=2 6 3 4 9 -7 8 -9 -10 -11 -12 -13 -14 -15
leaf_value=-0.0010007046863222127 -0.010263283156513982 -0.036839227019332524 0.1374359038571816 0.028422975842337283 0.094725553794133679 0.056554339536946635 -0.40032269643433011 -0.12474825053541871 -0.039209740129118112 -0.19919883553563217 -0.77313152206285651 -0.027333429809105515 0.49764269311711723 0.27172940163700288
leaf_weight=2694849 147439 244 13461 23536 25901 20554 968 1174 10261 1271 765 80229 612 6480
leaf_count=2694849 147439 244 13461 23536 25901 20554 968 1174 10261 1271 765 80229 612 6480
internal_value=6.99123e-07 -0.00156828 0.0133007 0.0334941 0.00748587 0.117959 -0.115523 -0.344859 -0.0706699 0.080908 -0.597207 -0.0116335 0.0405166 0.181191
internal_weight=3.02774e+06 2.70826e+06 319483 172044 131549 40495 13412 2183 11229 27172 1009 104377 24148 19941
internal_count=3027744 2708261 319483 172044 131549 40495 13412 2183 11229 27172 1009 104377 24148 19941
is_linear=0
shrinkage=0.02


Tree=283
num_leaves=15
num_cat=0
split_feature=9 4 0 14 13 9 0 9 0 4 6 6 4 4
split_gain=159995 200418 288059 154217 380148 182875 228179 157346 320439 585640 352123 263143 232800 271926
threshold=0.84602341055870067 -121.7849998474121 598.50000000000011 0.84016233682632457 9.9000000953674334 -0.89691269397735585 2983.5000000000005 -0.72323438525199879 1127.5000000000002 18.98499965667725 100.98052978515626 95.869716644287124 99.454998016357436 216.25000000000003
decision_type=2 2 2 2 2 2 2 2 2 2 2 2 2 2
left_child=3 -2 -3 5 -5 6 -1 8 -7 11 -11 -10 -12 -14
right_child=1 2 -4 4 -6 7 -8 -9 9 10 12 -13 13 -15
leaf_value=-0.057465494792654614 0.11945152916055703 0.13279771518564565 -0.21345554771101116 0.097979154651621742 -0.089550930293123887 -0.034372995794090262 -0.4184989183185906 -0.00070455218126372473 0.57507026734749478 0.0071939683745652887 0.02334356017549797 0.002704135394906148 0.23229366985713465 0.047048177500586395
leaf_weight=9750 1426 1196 4763 17462 5737 25858 745 2892566 1190 44976 8446 439 7882 5308
leaf_count=9750 1426 1196 4763 17462 5737 25858 745 2892566 1190 44976 8446 439 7882 5308
internal_value=6.49901e-07 -0.0929137 -0.143851 0.000228146 0.0515844 -0.000169533 -0.0834698 0.000123452 0.0255736 0.0482906 0.0390944 0.421793 0.105373 0.15784
internal_weight=3.02774e+06 7385 5959 3.02036e+06 23199 2.99716e+06 10495 2.98666e+06 94099 68241 66612 1629 21636 13190
internal_count=3027744 7385 5959 3020359 23199 2997160 10495 2986665 94099 68241 66612 1629 21636 13190
is_linear=0
shrinkage=0.02


Tree=284
num_leaves=15
num_cat=0
split_feature=17 16 4 9 9 4 0 4 0 4 8 0 0 8
split_gain=155200 153035 151262 169215 151312 194494 291966 248038 148864 146959 372301 590372 373457 488214
threshold=0.068815600126981749 -23.100000381469723 -272.92999267578119 0.27140200138092047 0.84602341055870067 -115.55500030517577 795.50000000000011 -29.045000076293942 1069.5000000000002 216.25000000000003 0.74141710996627819 3745.5000000000005 5080.5000000000009 0.7692478895187379
decision_type=2 2 2 2 2 2 2 2 2 2 2 2 2 2
left_child=-1 8 3 -3 9 -6 -7 -8 -2 -4 -11 -12 -13 -14
right_child=1 2 4 -5 5 6 7 -9 -10 10 11 12 13 -15
leaf_value=0.059014928210223458 -0.017668529629018843 -0.38426993221634326 -0.00019035419512217089 -0.054039107918767558 0.099992902511278695 0.083872758526872468 -0.16454174488324794 -0.57818697606056846 0.030545164040998472 0.041314131707706488 0.50643506597791399 -0.18621292771928122 -0.15973453947130262 0.01937102216469282
leaf_weight=17711 33116 647 2788905 11383 1638 1582 3434 692 113002 18152 690 9721 9229 17842
leaf_count=17711 33116 647 2788905 11383 1638 1582 3434 692 113002 18152 690 9721 9229 17842
internal_value=6.65156e-07 -0.000346762 -0.00136542 -0.0721057 -0.00106676 -0.0916579 -0.146737 -0.235152 0.0196175 -0.000832478 -0.0330156 -0.0690144 -0.0799417 -0.041725
internal_weight=3.02774e+06 3.01003e+06 2.86392e+06 12030 2.85188e+06 7346 5708 4126 146118 2.84454e+06 55634 37482 36792 27071
internal_count=3027744 3010033 2863915 12030 2851885 7346 5708 4126 146118 2844539 55634 37482 36792 27071
is_linear=0
shrinkage=0.02


Tree=285
num_leaves=15
num_cat=0
split_feature=7 8 0 8 7 7 5 7 7 7 7 5 9 0
split_gain=168023 964152 600320 821228 707186 552430 525074 480479 1.04507e+06 467650 1.20813e+06 588245 495077 484644
threshold=12651.690429687502 0.83320444822311412 1244.5000000000002 -0.80862879753112782 12833.731933593752 12770.223632812502 0.0224999999627471 12775.467285156252 12793.212890625002 12833.731933593752 12770.223632812502 -0.017499999608844515 -0.80448952317237843 3004.5000000000005
decision_type=2 2 2 2 2 2 2 2 2 2 2 2 2 2
left_child=-1 2 -2 4 7 -3 -7 -4 -9 10 12 -12 -5 -13
right_child=1 5 3 9 -6 6 -8 8 -10 -11 11 13 -14 -15
leaf_value=-0.0011360924789691443 -0.025975511992564874 -0.021381818195949111 -0.10011071991066375 -0.21094951669787032 -0.29145612491979761 -0.47995263553587025 -0.12702935474581101 0.24997750962867013 -0.033063477730433923 0.29204613879108926 -0.3720151513888294 -0.1917316223996432 0.151608941578836 0.11438906984947321
leaf_weight=2861206 36814 21342 9419 1550 3204 2112 8279 8192 14337 5280 2379 3603 45197 4830
leaf_count=2861206 36814 21342 9419 1550 3204 2112 8279 8192 14337 5280 2379 3603 45197 4830
internal_value=6.05078e-07 0.0195287 0.042877 0.0687443 -0.00866703 -0.0796393 -0.199156 0.019775 0.0699203 0.112043 0.0954826 -0.0949757 0.139545 -0.0164708
internal_weight=3.02774e+06 166538 134805 97991 35152 31733 10391 31948 22529 62839 57559 10812 46747 8433
internal_count=3027744 166538 134805 97991 35152 31733 10391 31948 22529 62839 57559 10812 46747 8433
is_linear=0
shrinkage=0.02


Tree=286
num_leaves=15
num_cat=0
split_feature=1 8 0 4 4 0 8 4 8 0 8 0 8 8
split_gain=152094 197717 499868 329433 174692 748232 512230 355677 1.11917e+06 337585 832272 762040 670062 1.14139e+06
threshold=94.415195465087905 -0.94326764345169056 3254.5000000000005 28.025000572204593 125.04500198364259 4501.5000000000009 0.7692478895187379 253.45999908447268 0.75801146030426036 2642.5000000000005 -0.70835387706756581 4913.5000000000009 0.9400848150253297 0.97426396608352672
decision_type=2 2 2 2 2 2 2 2 2 2 2 2 2 2
left_child=1 2 3 -1 9 -6 7 -7 -9 -3 -11 -12 -13 -14
right_child=-2 4 -4 -5 5 6 -8 8 -10 10 11 12 13 -15
leaf_value=0.0074719381085587722 -0.0060657849719791624 0.0012596330636356252 -0.059501787791478356 -0.31872198277941116 -0.040705752675916536 -0.0064298921955277481 0.055451121345991061 0.019543084439495439 -0.59798986010028699 -0.0021540268716199974 0.057418798107667819 0.015275957857843501 -0.53129090952935276 0.07825823145876265
leaf_weight=161707 1069317 931249 68229 1238 143687 48487 83836 3677 1714 276553 225165 7829 2968 2088
leaf_count=161707 1069317 931249 68229 1238 143687 48487 83836 3677 1714 276553 225165 7829 2968 2088
internal_value=5.22763e-07 0.0033128 -0.0140571 0.0049741 0.00563765 -0.00877951 0.0245319 -0.0235806 -0.177534 0.00844366 0.0214439 0.0488576 -0.100675 -0.279901
internal_weight=3.02774e+06 1.95843e+06 231174 162945 1.72725e+06 281401 137714 53878 5391 1.44585e+06 514603 238050 12885 5056
internal_count=3027744 1958427 231174 162945 1727253 281401 137714 53878 5391 1445852 514603 238050 12885 5056
is_linear=0
shrinkage=0.02


Tree=287
num_leaves=15
num_cat=0
split_feature=7 7 1 7 4 4 7 7 7 4 4 8 4 7
split_gain=166618 1.68349e+06 709386 772648 1.03924e+06 698148 670325 826736 841059 1.45058e+06 1.60599e+06 756847 933102 1.20198e+06
threshold=11208.158691406252 11255.992675781252 101.55073547363283 11241.354003906252 -24.884999275207516 109.48500061035158 11367.486328125002 11326.603515625002 11345.829101562502 57.354999542236335 85.215000152587905 -0.99545019865036 120.28499984741212 11388.711914062502
decision_type=2 2 2 2 2 2 2 2 2 2 2 2 2 2
left_child=-1 2 3 5 -5 -2 7 -3 9 -9 -11 -8 -13 -14
right_child=1 6 -4 4 -6 -7 11 8 -10 10 -12 12 13 -15
leaf_value=0.0057842922852329951 -0.0086991919322390778 -0.022787258370922908 -0.15036313922469133 -0.34439610488862055 0.15986121072451626 -0.13871981890743076 -0.05026425926295524 0.023056430559366806 0.041694356363439072 0.70514653495776747 0.18748879243188463 0.0087174004351134159 0.30890656733013128 -0.045181936089643056
leaf_weight=1201596 96086 59179 32037 6816 2143 19939 121025 12701 96476 3294 8780 1169362 3902 194408
leaf_count=1201596 96086 59179 32037 6816 2143 19939 121025 12701 96476 3294 8780 1169362 3902 194408
internal_value=4.24312e-07 -0.00380533 -0.0664116 -0.0448819 -0.223731 -0.0310536 0.00208462 0.0384898 0.068397 0.17232 0.329183 -0.00232791 0.00191429 -0.0381995
internal_weight=3.02774e+06 1.82615e+06 157021 124984 8959 116025 1.66913e+06 180430 121251 24775 12074 1.4887e+06 1.36767e+06 198310
internal_count=3027744 1826148 157021 124984 8959 116025 1669127 180430 121251 24775 12074 1488697 1367672 198310
is_linear=0
shrinkage=0.02


Tree=288
num_leaves=15
num_cat=0
split_feature=5 9 9 0 9 0 9 1 0 0 9 9 3 1
split_gain=152838 407466 406398 355440 276395 337272 265893 192245 184625 198212 257783 324108 167174 167026
threshold=0.052500000223517425 0.19226697832345965 -0.34093956649303431 2283.5000000000005 -0.80448952317237843 3517.5000000000005 0.25018208473920828 113.16841888427736 7396.0000000000009 5542.5000000000009 -0.63895034790039051 -0.69697046279907215 7.2444679737091073 117.99668884277345
decision_type=2 2 2 2 2 2 2 2 2 2 2 2 2 2
left_child=4 2 3 -2 5 7 -3 -1 9 13 11 12 -11 -5
right_child=1 6 -4 8 -6 -7 -8 -9 -10 10 -12 -13 -14 -15
leaf_value=-0.11265315450416025 -0.0038138422868423368 0.44475714335204358 -0.032139015831917243 0.047643890648421998 -0.0010462504342893407 0.44040304913710748 0.091783306478439505 0.26952170174255036 -0.19455063767625771 0.082562230349016871 0.23195815993159932 -0.072566958429303718 0.37560733126841223 -0.024123602087767537
leaf_weight=15252 111210 1348 69305 106797 2692006 467 2318 536 1271 2070 5092 4068 1246 14758
leaf_count=15252 111210 1348 69305 106797 2692006 467 2318 536 1271 2070 5092 4068 1246 14758
internal_value=4.60769e-07 0.0130832 0.010646 0.0226756 -0.0015429 -0.0837406 0.222435 -0.0995147 0.0444472 0.0467281 0.12262 0.0470062 0.193479 0.0389292
internal_weight=3.02774e+06 319483 315817 246512 2.70826e+06 16255 3666 15788 135302 134031 12476 7384 3316 121555
internal_count=3027744 319483 315817 246512 2708261 16255 3666 15788 135302 134031 12476 7384 3316 121555
is_linear=0
shrinkage=0.02


Tree=289
num_leaves=15
num_cat=0
split_feature=6 1 1 8 16 5 8 8 3 6 8 8 8 1
split_gain=150433 196700 149735 317791 130006 124296 113251 352720 247045 171894 160306 127055 119313 113229
threshold=45.521247863769538 81.522422790527358 38.237623214721687 0.93508470058441173 -15.099999904632567 -0.052500000223517411 0.94968119263648998 0.97559595108032238 5.4694533348083505 72.465961456298842 0.9570656716823579 0.99848333001136791 -0.95706567168235768 71.16568756103517
decision_type=2 2 2 2 2 2 2 2 2 2 2 2 2 2
left_child=-1 2 3 -2 -3 -6 12 8 10 11 -8 -9 -4 -13
right_child=1 4 6 -5 5 -7 7 9 -10 -11 -12 13 -14 -15
leaf_value=-0.035247347356154778 0.036927975652530573 0.0071822308746394663 -0.0099569198853875357 0.52187690681800614 -0.02543834727429127 -0.0043722729848381537 -0.021650054531520017 0.083497569001829794 0.025865694285421629 -0.01806970522071643 -0.12992192625181059 0.0067799276705272091 0.011792481519869807 0.12965466465058031
leaf_weight=47660 2416 367279 114235 687 122121 1355374 7892 13769 8820 57208 17850 46046 863188 3199
leaf_count=47660 2416 367279 114235 687 122121 1355374 7892 13769 8820 57208 17850 46046 863188 3199
internal_value=5.53498e-07 0.000564391 0.00711423 0.145633 -0.00346651 -0.00611364 0.00673329 -0.00916141 -0.0654602 0.00702757 -0.0967499 0.029812 0.00925045 0.0147871
internal_weight=3.02774e+06 2.98008e+06 1.13531e+06 3103 1.84477e+06 1.4775e+06 1.13221e+06 154784 34562 120222 25742 63014 977423 49245
internal_count=3027744 2980084 1135310 3103 1844774 1477495 1132207 154784 34562 120222 25742 63014 977423 49245
is_linear=0
shrinkage=0.02


Tree=290
num_leaves=15
num_cat=0
split_feature=9 1 4 0 4 14 9 9 5 0 9 0 8 4
split_gain=149535 188448 154680 216514 176190 148359 189721 156214 238662 336373 232010 361822 447947 370628
threshold=0.84602341055870067 114.24315261840822 -128.41500091552732 579.50000000000011 -20.624999999999996 0.86594891548156749 -0.57933691143989552 -0.80448952317237843 0.042500000447034843 3562.5000000000005 -0.72811940312385548 873.50000000000011 -0.62955906987190235 18.98499965667725
decision_type=2 2 2 2 2 2 2 2 2 2 2 2 2 2
left_child=5 2 -2 -4 -5 7 -7 8 9 -1 11 -9 -13 -14
right_child=1 -3 3 4 -6 6 -8 10 -10 -11 -12 12 13 -15
leaf_value=-0.12264735405949771 0.13871588286265557 -0.59062856403601627 0.13339689115237777 -0.11847447694146863 -0.45594676498496245 0.20016977128702504 0.019670482994665912 -0.051329675650619036 0.035311492910739109 0.43727899044483631 -0.00053322741211780673 0.32294998986173518 0.33301521907060661 0.037599260561736299
leaf_weight=13136 1182 279 1158 4042 724 3292 7917 14908 7632 434 2917346 2459 1747 51488
leaf_count=13136 1182 279 1158 4042 724 3292 7917 14908 7632 434 2917346 2459 1747 51488
internal_value=5.80669e-07 -0.0898253 -0.0693573 -0.111041 -0.170591 0.000220515 0.0728147 -5.0131e-05 -0.0541335 -0.104429 0.000333809 0.0361559 0.0595792 0.047355
internal_weight=3.02774e+06 7385 7106 5924 4766 3.02036e+06 11209 3.00915e+06 21202 13570 2.98795e+06 70602 55694 53235
internal_count=3027744 7385 7106 5924 4766 3020359 11209 3009150 21202 13570 2987948 70602 55694 53235
is_linear=0
shrinkage=0.02


Tree=291
num_leaves=15
num_cat=0
split_feature=7 7 7 9 7 9 7 7 7 6 7 7 9 7
split_gain=165293 253868 253294 264939 225147 1.53265e+06 993333 1.62873e+06 944629 924521 734605 999539 985326 711119
threshold=10063.905273437502 10317.209472656252 10079.553710937502 -0.58503037691116322 10776.799804687502 0.60596671700477611 10704.640625000002 10762.993652343752 10687.838867187502 64.402248382568374 10812.011230468752 10885.485839843752 0.58594399690628063 10762.993652343752
decision_type=2 2 2 2 2 2 2 2 2 2 2 2 2 2
left_child=-1 2 3 -2 5 8 -7 -8 9 -3 12 -12 -6 -10
right_child=1 4 -4 -5 10 6 7 -9 13 -11 11 -13 -14 -15
leaf_value=0.073333241111599765 -0.040038235971922083 -0.052768554389219534 -0.090229535406487343 0.16281419320413992 -0.03383804493230242 -0.10278749829396253 0.45552648518585082 0.044751364799397016 -0.12856155043797407 0.13145706233747381 0.06868961855072564 -0.0012568303080514763 -0.25148376470539779 0.16417125425325071
leaf_weight=12235 8459 19558 24196 3691 51013 3726 8132 7348 27722 24581 84223 2739165 9933 3762
leaf_count=12235 8459 19558 24196 3691 51013 3726 8132 7348 27722 24581 84223 2739165 9933 3762
internal_value=5.90354e-07 -0.000297182 -0.0528277 0.0216671 0.000343863 0.030665 0.190163 0.260697 -0.00986222 0.0498327 -0.000653108 0.000829934 -0.0693458 -0.0935415
internal_weight=3.02774e+06 3.01551e+06 36346 12150 2.97916e+06 94829 19206 15480 75623 44139 2.88433e+06 2.82339e+06 60946 31484
internal_count=3027744 3015509 36346 12150 2979163 94829 19206 15480 75623 44139 2884334 2823388 60946 31484
is_linear=0
shrinkage=0.02


Tree=292
num_leaves=15
num_cat=0
split_feature=17 13 17 17 16 9 18 9 9 16 16 18 3 5
split_gain=146891 145970 641198 544604 291203 274385 252382 200972 180784 275061 192370 145517 144224 139067
threshold=0.068815600126981749 8.5000000000000018 0.56203973293304454 0.65286192297935497 -4.0999999046325675 0.19226697832345965 0.11757510900497438 -0.89691269397735585 -0.57362857460975636 -9.9000000953674299 13.09999990463257 0.12686245143413546 4.9871461391448983 0.06749999895691873
decision_type=2 2 2 2 2 2 2 2 2 2 2 2 2 2
left_child=-1 3 -3 7 -4 12 8 -2 9 -5 -10 -7 -6 -11
right_child=1 2 4 6 5 11 -8 -9 10 13 -12 -13 -14 -15
leaf_value=0.057413442507066544 -0.1066327298898843 -0.00084485972254329396 0.035098672880439129 0.065226940679692424 -0.013819145626911554 -0.14150355948605328 -0.00013993059996679475 0.00066822386889410458 0.061326681031318685 0.18433114585506846 -0.089328533176691066 -0.062021035670318872 -0.078644517675809947 0.41921768073101479
leaf_weight=17711 6997 822891 13403 9932 37544 21053 30799 1968133 51972 4303 3618 16427 21637 1324
leaf_count=17711 6997 822891 13403 9932 37544 21053 30799 1968133 51972 4303 3618 16427 21637 1324
internal_value=6.04687e-07 -0.000337395 -0.00690897 0.00261435 -0.0522428 -0.0643561 0.0476888 0.000287557 0.0683903 0.128639 0.0515068 -0.106694 -0.0375294 0.240248
internal_weight=3.02774e+06 3.01003e+06 932955 2.07708e+06 110064 96661 101948 1.97513e+06 71149 15559 55590 37480 59181 5627
internal_count=3027744 3010033 932955 2077078 110064 96661 101948 1975130 71149 15559 55590 37480 59181 5627
is_linear=0
shrinkage=0.02


Tree=293
num_leaves=15
num_cat=0
split_feature=5 9 4 4 17 4 8 1 8 4 5 1 4 4
split_gain=145559 233133 239615 250923 206336 200743 510644 368120 430679 435677 452878 351781 253513 245026
threshold=0.082499999552965178 -0.67629325389862049 168.98500061035159 253.45999908447268 0.74277102947235119 225.66500091552737 0.74141710996627819 111.06461334228517 0.77619159221649181 253.45999908447268 0.032499999739229686 68.606311798095717 237.56500244140628 284.63999938964849
decision_type=2 2 2 2 2 2 2 2 2 2 2 2 2 2
left_child=5 4 -3 -4 -2 -1 12 8 9 -8 11 -11 -7 -9
right_child=1 2 3 -5 -6 6 7 13 -10 10 -12 -13 -14 -15
leaf_value=0.00010947512591676087 0.095039072427709009 0.039717293895097365 -0.1475615630744514 0.18851435578272843 0.55332158239042339 -0.090348789444081062 -0.05570220792255557 -0.4722576113960158 -0.0036794906199638321 -0.84911007580445641 -0.090562104701486443 -0.33218861800025756 0.11401241719127926 -0.081181521488286487
leaf_weight=2946537 11924 20572 5837 1039 397 3261 5703 1582 16062 786 1906 1632 9425 1081
leaf_count=2946537 11924 20572 5837 1039 397 3261 5703 1582 16062 786 1906 1632 9425 1081
internal_value=6.14158e-07 0.0380065 0.00555104 -0.0965758 0.110244 -0.00050535 -0.0442138 -0.0908403 -0.067907 -0.170683 -0.321851 -0.503033 0.061449 -0.314412
internal_weight=3.02774e+06 39769 27448 6876 12321 2.98798e+06 41438 28752 26089 10027 4324 2418 12686 2663
internal_count=3027744 39769 27448 6876 12321 2987975 41438 28752 26089 10027 4324 2418 12686 2663
is_linear=0
shrinkage=0.02


Tree=294
num_leaves=15
num_cat=0
split_feature=7 8 0 8 4 0 7 7 4 0 7 7 7 4
split_gain=159745 921360 575648 777270 846272 1.03866e+06 678198 534385 785650 632826 479989 461942 1.01851e+06 824877
threshold=12651.690429687502 0.83320444822311412 1244.5000000000002 -0.80862879753112782 -99.924999237060533 4473.5000000000009 12833.731933593752 12762.339355468752 62.024999618530281 1146.5000000000002 12775.467285156252 12775.467285156252 12783.602539062502 -117.57500076293944
decision_type=2 2 2 2 2 2 2 2 2 2 2 2 2 2
left_child=-1 2 -2 6 5 -5 11 -3 9 -9 -7 -4 13 -13
right_child=1 7 3 4 -6 10 -8 8 -10 -11 -12 12 -14 -15
leaf_value=-0.0011078186574463085 -0.025556985229275072 -0.0053294515715297834 -0.097812743038270866 0.41779780745044554 0.077874670059279977 -0.21527215666308266 -0.28504758200926361 -0.10474206935405582 -0.098151512222038328 -0.73806675288776236 0.31592749303328121 0.055866097843137751 0.019109259140754491 0.75516803775398322
leaf_weight=2861206 36814 17813 9419 6751 53110 1944 3204 1064 11301 1555 1034 1257 19821 1451
leaf_count=2861206 36814 17813 9419 6751 53110 1944 3204 1064 11301 1555 1034 1257 19821 1451
internal_value=5.26572e-07 0.0190415 0.0418659 0.067196 0.10932 0.280719 -0.00811503 -0.0779008 -0.170696 -0.482156 -0.030386 0.0197379 0.0689063 0.431973
internal_weight=3.02774e+06 166538 134805 97991 62839 9729 35152 31733 13920 2619 2978 31948 22529 2708
internal_count=3027744 166538 134805 97991 62839 9729 35152 31733 13920 2619 2978 31948 22529 2708
is_linear=0
shrinkage=0.02


Tree=295
num_leaves=15
num_cat=0
split_feature=4 8 6 4 1 4 1 8 8 4 1 8 4 8
split_gain=142844 163239 144010 202778 178645 189228 344833 349631 338575 168820 142723 182145 141405 584920
threshold=-272.92999267578119 -0.95706567168235768 45.521247863769538 -45.075000762939446 81.522422790527358 253.45999908447268 66.682300567626967 0.7692478895187379 0.75552397966384899 153.73500061035159 34.920551300048835 0.95892572402954113 -191.76499938964841 -0.9981776475906371
decision_type=2 2 2 2 2 2 2 2 2 2 2 2 2 2
left_child=1 -1 3 -2 5 10 7 8 -7 -5 11 -4 13 -6
right_child=2 -3 4 9 12 6 -8 -9 -10 -11 -12 -13 -14 -15
leaf_value=-0.33502837050688661 -0.088490941273662721 -0.048028851474510317 0.068966247004952852 0.016117707427032568 0.19439659870029175 -0.19289498355070298 0.012565196353956108 -0.042961553950131001 -0.77219552388009816 -0.12052554852599721 0.0075628732659621294 0.60820318558956477 -0.0020003659418592096 -0.050201124173708256
leaf_weight=842 17440 11507 887 26030 4194 914 5464 1691 726 4190 1123100 341 1774346 56072
leaf_count=842 17440 11507 887 26030 4194 914 5464 1691 726 4190 1123100 341 1774346 56072
internal_value=5.2019e-07 -0.0678544 0.000278638 -0.0342074 0.000832584 0.00707632 -0.0852796 -0.245342 -0.452479 -0.00286081 0.00779954 0.222425 -0.00302378 -0.0331494
internal_weight=3.02774e+06 12349 3.0154e+06 47660 2.96774e+06 1.13312e+06 8795 3331 1640 30220 1.12433e+06 1228 1.83461e+06 60266
internal_count=3027744 12349 3015395 47660 2967735 1133123 8795 3331 1640 30220 1124328 1228 1834612 60266
is_linear=0
shrinkage=0.02


Tree=296
num_leaves=15
num_cat=0
split_feature=9 1 4 13 4 9 9 4 1 5 9 9 4 9
split_gain=143325 181025 148508 142814 148751 234803 220126 145245 248586 223801 211293 204260 200541 185222
threshold=0.84602341055870067 114.24315261840822 -128.41500091552732 -12.099999904632567 -252.27499389648435 0.27140200138092047 0.39964112639427191 189.52500152587893 57.961744308471687 0.077500000596046462 0.23015601187944415 -0.89691269397735585 83.954998016357436 -0.23015601187944409
decision_type=2 2 2 2 2 2 2 2 2 2 2 2 2 2
left_child=3 2 -2 -1 5 -5 -7 9 -9 -6 11 -11 -13 -10
right_child=1 -3 -4 4 7 6 -8 8 13 10 -12 12 -14 -15
leaf_value=0.0083053307158025679 0.13599968549267283 -0.57878030057596908 -0.10872320286972534 -0.31186290968950098 -0.0014490981246782562 0.025193312894783361 -0.11481970324422475 -0.14343538406056092 -0.025499409124890408 0.34500920194903373 0.46952755177192723 -0.024082059596821814 0.075822796287049174 0.087484265621407001
leaf_weight=677202 1182 279 5924 1338 2197959 9913 8198 6717 77947 868 463 13370 20123 6261
leaf_count=677202 1182 279 5924 1338 2197959 9913 8198 6717 77947 868 463 13370 20123 6261
internal_value=4.60075e-07 -0.0879404 -0.0678797 0.000215779 -0.00212222 -0.0571889 -0.0382113 -0.00166107 -0.0264379 -0.000651966 0.0496454 0.0438521 0.0359461 -0.0170893
internal_weight=3.02774e+06 7385 7106 3.02036e+06 2.34316e+06 19449 18111 2.32371e+06 90925 2.23278e+06 34824 34361 33493 84208
internal_count=3027744 7385 7106 3020359 2343157 19449 18111 2323708 90925 2232783 34824 34361 33493 84208
is_linear=0
shrinkage=0.02


Tree=297
num_leaves=15
num_cat=0
split_feature=7 7 7 7 6 7 7 0 1 0 0 1 0 0
split_gain=158942 243681 242534 219195 974084 706932 958073 634325 601078 561261 563769 556182 539960 730256
threshold=10063.905273437502 10317.209472656252 10079.553710937502 10776.799804687502 62.752407073974616 10812.011230468752 10885.485839843752 2012.5000000000002 48.351116180419929 5080.5000000000009 1933.5000000000002 113.16841888427736 2051.5000000000005 6664.5000000000009
decision_type=2 2 2 2 2 2 2 2 2 2 2 2 2 2
left_child=-1 2 -2 4 -3 9 7 -7 -9 10 -5 -10 -6 -14
right_child=1 3 -4 5 12 6 -8 8 11 -11 -12 -13 13 -15
leaf_value=0.071910467429561226 0.021138091753886427 -0.076344113685259313 -0.088356159608394255 -0.015565603719765991 -0.0026146823125078617 0.0057197655047786589 -0.0012353884177274317 0.71797505691351693 0.090288959071768343 0.25798584997712337 -0.13935529264376958 0.38495340269204931 0.15097026103054886 -0.061690782595117802
leaf_weight=12235 12150 25176 24196 28578 26342 37328 2739165 645 43536 2032 30336 2714 35418 7893
leaf_count=12235 12150 25176 24196 28578 26342 37328 2739165 645 43536 2032 30336 2714 35418 7893
internal_value=4.3995e-07 -0.000291556 -0.0517573 0.000336496 0.0302541 -0.000647207 0.000807633 0.0672448 0.116206 -0.0680336 -0.0793206 0.10766 0.0687896 0.112209
internal_weight=3.02774e+06 3.01551e+06 36346 2.97916e+06 94829 2.88433e+06 2.82339e+06 84223 46895 60946 58914 46250 69653 43311
internal_count=3027744 3015509 36346 2979163 94829 2884334 2823388 84223 46895 60946 58914 46250 69653 43311
is_linear=0
shrinkage=0.02


Tree=298
num_leaves=15
num_cat=0
split_feature=7 7 0 7 7 7 7 4 6 4 4 4 7 4
split_gain=156777 1.61653e+06 1.07938e+06 653694 826673 929459 1.07578e+06 1.33082e+06 1.03552e+06 1.10582e+06 1.253e+06 906777 792021 756745
threshold=11208.158691406252 11255.992675781252 1580.5000000000002 11111.218750000002 11020.570800781252 10996.903320312502 11006.409179687502 -166.18499755859372 100.66884994506837 253.45999908447268 284.63999938964849 -115.55500030517577 11000.174316406252 -128.41500091552732
decision_type=2 2 2 2 2 2 2 2 2 2 2 2 2 2
left_child=3 2 -2 4 5 -1 7 -7 9 -8 -11 12 13 -9
right_child=1 -3 -4 -5 -6 6 8 11 -10 10 -12 -13 -14 -15
leaf_value=-0.0039524508642228102 0.011521457575859926 0.0020804906056756394 -0.10095077664299253 0.027823462157843305 -0.055899453428512547 -0.24783045191902442 -0.03760401519498062 -0.35731500307885333 0.15153686826863463 -0.85176491511426355 0.1479540091345394 0.13984300384119006 0.65018890779240524 0.3909853469825148
leaf_weight=655416 50137 1669127 106884 367750 107669 3074 21544 766 11243 1442 762 27281 2872 1777
leaf_count=655416 50137 1669127 106884 367750 107669 3074 21544 766 11243 1442 762 27281 2872 1777
internal_value=5.18068e-07 -0.00369114 -0.0650397 0.00561098 -0.00418555 0.00348262 0.0723402 0.149452 -0.00650823 -0.0813646 -0.507011 0.186869 0.423089 0.165059
internal_weight=3.02774e+06 1.82615e+06 157021 1.2016e+06 833846 726177 70761 35770 34991 23748 2204 32696 5415 2543
internal_count=3027744 1826148 157021 1201596 833846 726177 70761 35770 34991 23748 2204 32696 5415 2543
is_linear=0
shrinkage=0.02


Tree=299
num_leaves=15
num_cat=0
split_feature=7 7 7 9 7 0 7 7 9 9 7 5 7 0
split_gain=155314 908346 628838 887114 544958 437669 414779 392705 543383 1.01254e+06 1.14758e+06 609533 596434 490076
threshold=12160.130859375002 12045.062011718752 12075.718750000002 0.60120347142219555 12187.129394531252 2244.5000000000005 12175.382324218752 12005.891601562502 0.38087770342826849 0.57128185033798229 12032.813476562502 -0.057499999180436127 12024.351074218752 2206.5000000000005
decision_type=2 2 2 2 2 2 2 2 2 2 2 2 2 2
left_child=1 7 3 5 6 -3 -2 -1 -9 10 11 13 -13 -10
right_child=4 2 -4 -5 -6 -7 -8 8 9 -11 -12 12 -14 -15
leaf_value=-0.0004820014894419971 0.014972182343996323 -0.021801770073703285 -0.016419121990307345 -0.4160194528632451 0.003468738177524168 -0.12444896730136522 0.13276424392270211 0.01371056904504441 0.18283706754191306 -0.039788549879606387 0.019979498125786657 0.48190874828096725 0.12342438699913513 0.97103952228853485
leaf_weight=2180647 23817 31392 120559 3211 500768 35302 24011 82642 458 9802 6630 3504 3956 1045
leaf_count=2180647 23817 31392 120559 3211 500768 35302 24011 82642 458 9802 6630 3504 3956 1045
internal_value=4.9889e-07 -0.00213034 -0.0440945 -0.0918143 0.00962983 -0.0761451 0.0741229 0.00136208 0.0385803 0.119475 0.219553 0.36699 0.292229 0.733665
internal_weight=3.02774e+06 2.47915e+06 190464 69905 548596 66694 47828 2.28868e+06 108037 25395 15593 8963 7460 1503
internal_count=3027744 2479148 190464 69905 548596 66694 47828 2288684 108037 25395 15593 8963 7460 1503
is_linear=0
shrinkage=0.02


end of trees

feature_importances:
Column_7=1316
Column_4=565
Column_8=526
Column_0=474
Column_9=465
Column_17=172
Column_1=157
Column_5=151
Column_6=149
Column_16=72
Column_14=65
Column_13=57
Column_3=18
Column_18=10
Column_11=2
Column_10=1

parameters:
[boosting: gbdt]
[objective: regression]
[metric: l2]
[tree_learner: serial]
[device_type: cpu]
[data_sample_strategy: bagging]
[data: ]
[valid: ]
[num_iterations: 300]
[learning_rate: 0.02]
[num_leaves: 15]
[num_threads: 4]
[seed: 4]
[deterministic: 0]
[force_col_wise: 0]
[force_row_wise: 0]
[histogram_pool_size: -1]
[max_depth: -1]
[min_data_in_leaf: 200]
[min_sum_hessian_in_leaf: 0.001]
[bagging_fraction: 0.7]
[pos_bagging_fraction: 1]
[neg_bagging_fraction: 1]
[bagging_freq: 0]
[bagging_seed: 17945]
[bagging_by_query: 0]
[feature_fraction: 0.6]
[feature_fraction_bynode: 1]
[feature_fraction_seed: 386]
[extra_trees: 0]
[extra_seed: 27504]
[early_stopping_round: 0]
[early_stopping_min_delta: 0]
[first_metric_only: 0]
[max_delta_step: 0]
[lambda_l1: 1]
[lambda_l2: 10]
[linear_lambda: 0]
[min_gain_to_split: 0]
[drop_rate: 0.1]
[max_drop: 50]
[skip_drop: 0.5]
[xgboost_dart_mode: 0]
[uniform_drop: 0]
[drop_seed: 27159]
[top_rate: 0.2]
[other_rate: 0.1]
[min_data_per_group: 100]
[max_cat_threshold: 32]
[cat_l2: 10]
[cat_smooth: 10]
[max_cat_to_onehot: 4]
[top_k: 20]
[monotone_constraints: ]
[monotone_constraints_method: basic]
[monotone_penalty: 0]
[feature_contri: ]
[forcedsplits_filename: ]
[refit_decay_rate: 0.9]
[cegb_tradeoff: 1]
[cegb_penalty_split: 0]
[cegb_penalty_feature_lazy: ]
[cegb_penalty_feature_coupled: ]
[path_smooth: 0]
[interaction_constraints: ]
[verbosity: -1]
[saved_feature_importance_type: 0]
[use_quantized_grad: 0]
[num_grad_quant_bins: 4]
[quant_train_renew_leaf: 0]
[stochastic_rounding: 1]
[linear_tree: 0]
[max_bin: 255]
[max_bin_by_feature: ]
[min_data_in_bin: 3]
[bin_construct_sample_cnt: 200000]
[data_random_seed: 51]
[is_enable_sparse: 1]
[enable_bundle: 1]
[use_missing: 1]
[zero_as_missing: 0]
[feature_pre_filter: 1]
[pre_partition: 0]
[two_round: 0]
[header: 0]
[label_column: ]
[weight_column: ]
[group_column: ]
[ignore_column: ]
[categorical_feature: ]
[forcedbins_filename: ]
[precise_float_parser: 0]
[parser_config_file: ]
[objective_seed: 17345]
[num_class: 1]
[is_unbalance: 0]
[scale_pos_weight: 1]
[sigmoid: 1]
[boost_from_average: 1]
[reg_sqrt: 0]
[alpha: 0.9]
[fair_c: 1]
[poisson_max_delta_step: 0.7]
[tweedie_variance_power: 1.5]
[lambdarank_truncation_level: 30]
[lambdarank_norm: 1]
[label_gain: ]
[lambdarank_position_bias_regularization: 0]
[eval_at: ]
[multi_error_top_k: 1]
[auc_mu_weights: ]
[num_machines: 1]
[local_listen_port: 12400]
[time_out: 120]
[machine_list_filename: ]
[machines: ]
[gpu_platform_id: -1]
[gpu_device_id: -1]
[gpu_use_dp: 0]
[num_gpu: 1]

end of parameters

pandas_categorical:null
