tree
version=v4
num_class=1
num_tree_per_iteration=1
label_index=0
max_feature_idx=25
objective=regression
feature_names=Column_0 Column_1 Column_2 Column_3 Column_4 Column_5 Column_6 Column_7 Column_8 Column_9 Column_10 Column_11 Column_12 Column_13 Column_14 Column_15 Column_16 Column_17 Column_18 Column_19 Column_20 Column_21 Column_22 Column_23 Column_24 Column_25
feature_infos=[1:10052] [17.980072021484375:400.35589599609375] [-85.591636657714844:64.589332580566406] [0.0030836109071969986:137.3016357421875] [-341.35000610351562:427.41000366210938] [-0.44999998807907104:0.1550000011920929] [17.186140060424805:392.201904296875] [10038.6181640625:12870.568359375] [-1:1] [-0.99998748302459717:0.85439145565032959] [-25:25] [0:0.99383389949798584] [0:0.6786121129989624] [-25:25] [-0.07535572350025177:0.96812313795089722] [1.2707172572845593e-05:0.70555102825164795] [-25:25] [-0.33253172039985657:0.92736095190048218] [1.0667117749108002e-06:0.841361403465271] [10027.96484375:14717.158203125] [10042.990234375:13162.302734375] [10032.80859375:12956.9853515625] [10018.4990234375:12913.451171875] [10018.0498046875:12913.4521484375] [10024.5322265625:12913.451171875] [0:0.23114879429340363]
tree_sizes=1595 1644 1661 1642 1643 1663 1626 1640 1663 1656 1648 1648 1650 1645 1659 1650 1654 1656 1643 1661 1655 1649 1665 1654 1666 1648 1661 1644 1659 1631 1637 1661 1655 1676 1644 1648 1659 1668 1665 1646 1649 1648 1660 1645 1649 1611 1667 1655 1652 1627 1649 1657 1661 1649 1648 1633 1627 1634 1638 1670 1641 1673 1637 1672 1632 1666 1620 1670 1665 1645 1645 1635 1652 1655 1600 1643 1648 1632 1640 1637 1620 1622 1652 1615 1638 1655 1647 1609 1648 1603 1630 1630 1625 1591 1607 1629 1628 1645 1636 1637 1657 1633 1627 1650 1580 1656 1618 1615 1618 1625 1626 1668 1652 1640 1651 1621 1589 1654 1609 1628 1623 1638 1627 1660 1624 1659 1579 1593 1637 1665 1638 1655 1620 1603 1640 1603 1635 1635 1655 1652 1664 1640 1576 1619 1646 1626 1624 1616 1588 1610 1644 1637 1606 1638 1611 1585 1543 1590 1657 1623 1603 1585 1632 1578 1655 1647 1642 1653 1642 1637 1642 1595 1578 1545 1624 1646 1638 1620 1559 1614 1603 1615 1655 1601 1641 1568 1599 1581 1605 1617 1606 1657 1652 1568 1604 1606 1612 1624 1649 1586 1569 1581 1567 1647 1640 1596 1633 1606 1613 1641 1587 1589 1585 1594 1636 1625 1626 1627 1648 1646 1552 1639 1636 1619 1603 1642 1636 1565 1643 1643 1593 1631 1640 1564 1542 1560 1564 1631 1609 1569 1583 1625 1575 1558 1639 1570 1620 1605 1576 1552 1574 1639 1549 1558 1607 1638 1614 1527 1597 1573 1600 1621 1559 1608 1612 1588 1574 1611 1615 1533 1624 1546 1612 1647 1561 1647 1560 1627 1584 1623 1597 1574 1580 1577 1601 1596 1575 1608 1580 1545 1561 1545 1622 1591 1533 1604 1647 1650 1600 1553

Tree=0
num_leaves=15
num_cat=0
split_feature=8 7 20 9 7 24 7 7 0 0 25 7 20 7
split_gain=3.58846e+07 5.81256e+06 9.0728e+06 4.74647e+06 5.27097e+06 5.22661e+06 1.93209e+07 5.07595e+06 5.0398e+06 4.54136e+06 3.86755e+06 3.68551e+06 4.87396e+06 7.25934e+06
threshold=-0.66993230581283558 10942.550292968752 10920.458984375002 0.55122801661491405 10765.747070312502 12220.685058593752 12205.039550781252 10699.223144531252 2571.5000000000005 3702.5000000000005 0.033636385574936874 10880.121582031252 10981.982910156252 11006.505859375002
decision_type=2 2 2 2 2 2 2 2 2 2 2 2 2 2
left_child=3 2 9 5 7 11 -7 -5 -6 -2 -9 -1 -13 -14
right_child=1 -3 -4 4 8 6 -8 10 -10 -11 -12 12 13 -15
leaf_value=0.94566517827868879 0.88220962572528439 0.88634417732223914 1.2550457608172123 0.58659939797611416 0.77000635209857449 1.8601386040212016 0.8536094698202199 0.88633065799658117 0.66025361984890907 1.068212127936925 1.4790189359467152 0.57158743344263885 1.8095964418200294 0.77584627573733722
leaf_weight=46951 174414 1460768 42269 7830 348080 8284 95062 8374 322367 75114 9283 49119 2727 376697
leaf_count=46951 174414 1460768 42269 7830 348080 8284 95062 8374 322367 75114 9283 49119 2727 376697
internal_value=0.843898 0.902624 0.984117 0.763161 0.727965 0.805478 0.934381 1.01022 0.717233 0.938208 1.19812 0.77746 0.759029 0.783301
internal_weight=3.02734e+06 1.75256e+06 291797 1.27477e+06 695934 578840 103346 25487 670447 249528 17657 475494 428543 379424
internal_count=3027339 1752565 291797 1274774 695934 578840 103346 25487 670447 249528 17657 475494 428543 379424
is_linear=0
shrinkage=1


Tree=1
num_leaves=15
num_cat=0
split_feature=8 7 20 8 7 24 7 7 25 24 7 20 21 20
split_gain=3.44634e+07 5.58244e+06 8.71361e+06 4.48996e+06 5.04602e+06 5.03469e+06 1.85567e+07 4.87517e+06 3.71517e+06 3.63543e+06 3.55568e+06 4.70139e+06 3.49249e+06 5.71559e+06
threshold=-0.66993230581283558 10942.550292968752 10920.458984375002 -0.83435350656509388 10765.747070312502 12220.685058593752 12205.039550781252 10699.223144531252 0.033879151567816741 12725.326171875002 10880.121582031252 10897.885742187502 10945.590332031252 10957.179199218752
decision_type=2 2 2 2 2 2 2 2 2 2 2 2 2 2
left_child=3 2 -2 5 7 10 -7 -5 -9 -6 -1 -12 13 -3
right_child=1 12 -4 4 9 6 -8 8 -10 -11 11 -13 -14 -15
leaf_value=0.099732713253478739 0.092424188421725034 -0.081390907885756203 0.40292719490241263 -0.2521587545494971 -0.13097102275896882 0.99594074461527404 0.0095177042731858872 0.042873265313087314 0.62364563111002091 0.17100497967325509 -0.34670396114549051 -0.066848495802502156 0.047474807112441203 -1.2516925470475797
leaf_weight=46951 249528 49197 42269 7830 657139 8284 95062 8412 9245 16335 25536 399980 1409853 1718
leaf_count=46951 249528 49197 42269 7830 657139 8284 95062 8412 9245 16335 25536 399980 1409853 1718
internal_value=1.66936e-07 0.0575517 0.137415 -0.0791218 -0.11319 -0.0377665 0.0886762 0.162999 0.347141 -0.123644 -0.0654256 -0.0836509 0.0415977 -0.121118
internal_weight=3.02734e+06 1.75256e+06 291797 1.27477e+06 698961 575813 103346 25487 17657 673474 472467 425516 1.46077e+06 50915
internal_count=3027339 1752565 291797 1274774 698961 575813 103346 25487 17657 673474 472467 425516 1460768 50915
is_linear=0
shrinkage=0.02


Tree=2
num_leaves=15
num_cat=0
split_feature=4 7 20 23 7 0 0 7 23 20 7 21 20 7
split_gain=3.05874e+07 5.5854e+06 8.78592e+06 4.3118e+06 1.88782e+07 5.35197e+06 4.27874e+06 3.83879e+06 3.68533e+06 4.88864e+06 2.84449e+06 7.86565e+06 3.70931e+06 2.63798e+06
threshold=3.9550000429153447 10942.550292968752 10920.458984375002 12225.526855468752 12205.039550781252 2434.5000000000005 3702.5000000000005 10880.121582031252 10940.427734375002 10957.179199218752 11185.928222656252 11202.996582031252 11166.539550781252 12233.516601562502
decision_type=2 2 2 2 2 2 2 2 2 2 2 2 2 2
left_child=3 2 6 5 -5 -1 -2 -7 9 -3 11 -10 -12 -9
right_child=1 8 -4 4 -6 7 -8 13 10 -11 12 -13 -14 -15
leaf_value=-0.043787204051276951 0.036279053333905527 -0.10279443495068988 0.40993427433351914 0.93596713476623616 -0.026459941883195306 0.045309166480329149 0.21798064071073792 -0.1420097229205125 0.076557626818408997 -1.3013444916497576 -0.16597488046186523 0.51315060563361736 0.039760414171376872 -0.63787949880845385
leaf_weight=583563 167268 41113 40760 8471 210390 45595 75114 505885 223478 1398 36236 17813 1065936 4319
leaf_count=583563 167268 41113 40760 8471 210390 45595 75114 505885 223478 1398 36236 17813 1065936 4319
internal_value=1.88568e-07 0.0573473 0.138291 -0.0704734 0.0108317 -0.0860914 0.092595 -0.130507 0.0408104 -0.142507 0.0466121 0.108809 0.032995 -0.14622
internal_weight=3.02734e+06 1.66912e+06 283142 1.35822e+06 218861 1.13936e+06 242382 555799 1.38597e+06 42511 1.34346e+06 241291 1.10217e+06 510204
internal_count=3027339 1669116 283142 1358223 218861 1139362 242382 555799 1385974 42511 1343463 241291 1102172 510204
is_linear=0
shrinkage=0.02


Tree=3
num_leaves=15
num_cat=0
split_feature=4 22 4 4 4 19 19 4 19 24 4 24 21 22
split_gain=2.93761e+07 4.26e+06 8.64185e+06 3.794e+06 3.08185e+06 4.22701e+06 2.63141e+06 3.93644e+06 2.2383e+06 6.52732e+06 2.0821e+06 1.75867e+06 1.58984e+06 4.19303e+06
threshold=3.9550000429153447 12225.106445312502 -249.45500183105466 -113.6949996948242 -174.19499969482419 12341.337890625002 12237.233886718752 -30.874999999999996 10941.420898437502 10984.035156250002 284.38999938964849 12725.326171875002 12773.829101562502 12707.513183593752
decision_type=2 2 2 2 2 2 2 2 2 2 2 2 2 2
left_child=1 3 -3 8 5 -4 7 11 -1 -10 12 -6 13 -2
right_child=10 2 4 -5 6 -7 -8 -9 9 -11 -12 -13 -14 -15
leaf_value=-0.039297701183684842 0.057644594584136372 1.286921479604636 1.0192623658347215 -0.061655598548964435 0.2511266729939286 0.11405367280432616 -0.04870892080562722 -0.075258021170644382 -0.61620765242214437 -0.14669777556657038 0.32813980229219075 0.73955019662454302 0.22250936214313016 -0.13228457572766711
leaf_weight=66481 1587868 2096 2611 818207 10661 9716 173965 14766 12442 243201 11177 4077 22183 47888
leaf_count=66481 1587868 2096 2611 818207 10661 9716 173965 14766 12442 243201 11177 4077 22183 47888
internal_value=1.75456e-07 -0.069064 0.0119652 -0.0845468 -0.00047728 0.30646 -0.019087 0.15553 -0.142688 -0.169572 0.0562004 0.386651 0.0543651 0.0520835
internal_weight=3.02734e+06 1.35822e+06 217892 1.14033e+06 215796 12327 203469 29504 322124 255643 1.66912e+06 14738 1.65794e+06 1.63576e+06
internal_count=3027339 1358223 217892 1140331 215796 12327 203469 29504 322124 255643 1669116 14738 1657939 1635756
is_linear=0
shrinkage=0.02


Tree=4
num_leaves=15
num_cat=0
split_feature=8 7 19 8 7 7 24 7 23 4 7 21 7 23
split_gain=3.07254e+07 5.10912e+06 9.43306e+06 4.57629e+06 4.84101e+06 4.68023e+06 4.53978e+06 1.66337e+07 3.7139e+06 3.60682e+06 3.31842e+06 4.5203e+06 6.99348e+06 3.20518e+06
threshold=-0.68934190273284901 10942.550292968752 10950.788574218752 -0.83435350656509388 10765.747070312502 10699.223144531252 12220.685058593752 12205.039550781252 10951.334960937502 -94.514999389648423 10880.121582031252 10980.927246093752 11006.505859375002 10940.427734375002
decision_type=2 2 2 2 2 2 2 2 2 2 2 2 2 2
left_child=3 2 -2 6 5 -5 10 -8 -4 -6 -1 -12 -13 -3
right_child=1 13 8 4 9 -7 7 -9 -10 -11 11 12 -14 -15
leaf_value=0.098820186563398457 0.093942070170222006 -0.12351511870124787 0.92523131994191821 -0.24584739183953339 -0.18129692057919519 0.34236004302080442 0.94456989376637479 0.010654176676642264 0.36064277821789975 -0.084498469036213317 -0.25876949237349917 0.95250903318082325 -0.062163914211292318 0.043749055280067006
leaf_weight=46951 266377 47327 6028 7830 250348 17461 8284 95062 20563 400049 49119 2727 373670 1435543
leaf_count=46951 266377 47327 6028 7830 250348 17461 8284 95062 20563 400049 49119 2727 373670 1435543
internal_value=3.63764e-07 0.053489 0.129809 -0.075898 -0.111203 0.160227 -0.0344681 0.0855993 0.488932 -0.12176 -0.0607326 -0.0783395 -0.0547874 0.0384099
internal_weight=3.02734e+06 1.77584e+06 292968 1.2515e+06 675688 25291 575813 103346 26591 650397 472467 425516 376397 1.48287e+06
internal_count=3027339 1775838 292968 1251501 675688 25291 575813 103346 26591 650397 472467 425516 376397 1482870
is_linear=0
shrinkage=0.02


Tree=5
num_leaves=15
num_cat=0
split_feature=4 7 20 0 22 7 0 22 20 7 7 23 20 7
split_gain=2.71209e+07 5.1509e+06 8.17133e+06 4.10138e+06 3.96571e+06 1.69547e+07 4.94752e+06 3.82821e+06 5.28335e+06 3.5223e+06 2.76415e+06 7.5751e+06 3.56734e+06 2.57878e+06
threshold=3.9550000429153447 10942.550292968752 10920.458984375002 3702.5000000000005 12225.106445312502 12205.039550781252 2434.5000000000005 10935.586425781252 10957.179199218752 10880.121582031252 11185.928222656252 11188.487304687502 11164.589355468752 12208.447753906252
decision_type=2 2 2 2 2 2 2 2 2 2 2 2 2 2
left_child=4 2 3 -2 6 -6 -1 8 -3 -8 11 -9 -12 -11
right_child=1 7 -4 -5 5 -7 9 10 -10 13 12 -13 -14 -15
leaf_value=-0.040611095365301775 0.032527084375624161 -0.10780215742288278 0.39370185616810488 0.21042256768295395 0.89128988578730028 -0.023567169916535465 0.044471868795743719 0.06025915437954283 -1.2952662072417216 -0.13325518216259069 -0.17290525348422964 0.38389422367173304 0.036778862721974497 -0.49181355622262085
leaf_weight=583639 167268 38885 40760 75114 8419 209473 45595 209821 1549 502952 33461 33547 1068711 8145
leaf_count=583639 167268 38885 40760 75114 8419 209473 45595 209821 1549 502952 33461 33547 1068711 8145
internal_value=5.42231e-07 0.0540004 0.131732 0.0876633 -0.0663596 0.0118206 -0.0812981 0.0381197 -0.153603 -0.123953 0.0438822 0.104885 0.0304115 -0.138979
internal_weight=3.02734e+06 1.66912e+06 283142 242382 1.35822e+06 217892 1.14033e+06 1.38597e+06 40434 556692 1.34554e+06 243368 1.10217e+06 511097
internal_count=3027339 1669116 283142 242382 1358223 217892 1140331 1385974 40434 556692 1345540 243368 1102172 511097
is_linear=0
shrinkage=0.02


Tree=6
num_leaves=15
num_cat=0
split_feature=8 7 19 9 7 7 24 7 23 25 4 7 20 7
split_gain=2.84459e+07 4.70373e+06 8.80466e+06 4.42536e+06 4.61672e+06 4.49392e+06 4.18983e+06 1.53596e+07 3.56157e+06 3.54719e+06 3.34143e+06 3.10652e+06 3.71e+06 6.71767e+06
threshold=-0.68934190273284901 10942.550292968752 10950.788574218752 0.55122801661491405 10765.747070312502 10699.223144531252 12220.685058593752 12205.039550781252 10951.334960937502 0.033414689823985107 -94.514999389648423 10869.183593750002 10981.982910156252 11006.505859375002
decision_type=2 2 2 2 2 2 2 2 2 2 2 2 2 2
left_child=3 2 -2 6 5 -5 11 -8 -4 -7 -6 -1 -13 -14
right_child=1 -3 8 4 10 9 7 -9 -10 -11 -12 12 13 -15
leaf_value=0.10586950231862446 0.090044728533852716 0.0369982263914512 0.89890212526776292 -0.2407699435546273 -0.17548556820652939 0.033555575141879117 0.90835264375878455 0.010917568905827162 0.34602642236904435 0.60452015648360791 -0.082187489245835632 -0.22912452956210622 0.93573365579088719 -0.058702022691878124
leaf_weight=42364 266377 1482870 6028 7830 250348 8229 8284 95062 20563 9232 397193 53706 2727 376526
leaf_count=42364 266377 1482870 6028 7830 250348 8229 8284 95062 20563 9232 397193 53706 2727 376526
internal_value=5.18277e-07 0.0514667 0.124696 -0.0730281 -0.107906 0.15714 -0.0324739 0.0829352 0.471651 0.335611 -0.11826 -0.0575677 -0.0735618 -0.051527
internal_weight=3.02734e+06 1.77584e+06 292968 1.2515e+06 672832 25291 578669 103346 26591 17461 647541 475323 432959 379253
internal_count=3027339 1775838 292968 1251501 672832 25291 578669 103346 26591 17461 647541 475323 432959 379253
is_linear=0
shrinkage=0.02


Tree=7
num_leaves=15
num_cat=0
split_feature=8 7 19 0 9 7 7 0 24 7 23 23 20 7
split_gain=2.73235e+07 4.54022e+06 8.43082e+06 4.23954e+06 3.95458e+06 4.38343e+06 4.31945e+06 4.28271e+06 4.02377e+06 1.47521e+07 3.4157e+06 3.13806e+06 3.99658e+06 3.001e+06
threshold=-0.66993230581283558 10942.550292968752 10950.788574218752 3839.5000000000005 0.55122801661491405 10765.747070312502 10699.223144531252 2571.5000000000005 12220.685058593752 12205.039550781252 10951.334960937502 10940.427734375002 10957.179199218752 10880.121582031252
decision_type=2 2 2 2 2 2 2 2 2 2 2 2 2 2
left_child=4 2 3 -2 8 6 -6 -7 13 -10 -4 12 -3 -1
right_child=1 11 10 -5 5 7 -8 -9 9 -11 -12 -13 -14 -15
leaf_value=0.095375318736898362 0.039920230952042349 -0.091604932466899949 0.88158873276004335 0.21882853326645568 -0.23596068754457711 -0.063714668540392289 0.32814920367295236 -0.16488819651620845 0.89020747930307353 0.010699239720146548 0.33984155549103606 0.042080804713943702 -1.1150623003624183 -0.073038882464607935
leaf_weight=46951 192119 43381 6024 73148 7830 348080 17657 322367 8284 95062 20506 1415815 1572 428543
leaf_count=46951 192119 43381 6024 73148 7830 348080 17657 322367 8284 95062 20506 1415815 1572 428543
internal_value=7.17127e-07 0.0512451 0.123269 0.0892611 -0.0704501 -0.102576 0.154821 -0.112363 -0.0318243 0.0812783 0.463139 0.0368572 -0.127636 -0.0564077
internal_weight=3.02734e+06 1.75256e+06 291797 265267 1.27477e+06 695934 25487 670447 578840 103346 26530 1.46077e+06 44953 475494
internal_count=3027339 1752565 291797 265267 1274774 695934 25487 670447 578840 103346 26530 1460768 44953 475494
is_linear=0
shrinkage=0.02


Tree=8
num_leaves=15
num_cat=0
split_feature=4 7 23 9 9 23 7 0 7 22 22 7 7 22
split_gain=2.40558e+07 4.57473e+06 6.64281e+06 3.99964e+06 3.84614e+06 4.31557e+06 5.14561e+06 4.43277e+06 5.25237e+06 3.5528e+06 3.43543e+06 1.33743e+07 3.04903e+06 4.30261e+06
threshold=3.9550000429153447 10942.550292968752 10870.834472656252 -0.17292127013206479 0.55122801661491405 12738.863281250002 10974.288085937502 2551.5000000000005 11130.324218750002 10935.586425781252 12225.106445312502 12205.039550781252 11199.130371093752 11205.650878906252
decision_type=2 2 2 2 2 2 2 2 2 2 2 2 2 2
left_child=4 2 3 -2 10 6 -6 -8 -9 -3 -1 -12 -10 -14
right_child=1 9 -4 -5 5 -7 7 8 12 -11 11 -13 13 -15
leaf_value=-0.048602374295827672 0.078650080002880818 -0.14880541832321684 0.28613545876859614 -0.54918761894974544 -0.0096311545738546576 0.20577907842919524 -0.078104476354187199 -0.38758155194519645 0.0034062197817589703 0.041442863356784446 0.83891940503686724 0.011610038567963277 -0.34398639118765223 -0.12131406495276148
leaf_weight=521697 204456 40434 74555 4131 179128 18682 272892 46056 40851 1345540 8419 107513 50132 112853
leaf_count=521697 204456 40434 74555 4131 179128 18682 272892 46056 40851 1345540 8419 107513 50132 112853
internal_value=7.77252e-07 0.0508577 0.124113 0.0661901 -0.0624971 -0.0941557 -0.102142 -0.133839 -0.194697 0.0358916 -0.0267182 0.0717567 -0.151099 -0.189822
internal_weight=3.02734e+06 1.66912e+06 283142 208587 1.35822e+06 720594 701912 522784 249892 1.38597e+06 637629 115932 203836 162985
internal_count=3027339 1669116 283142 208587 1358223 720594 701912 522784 249892 1385974 637629 115932 203836 162985
is_linear=0
shrinkage=0.02


Tree=9
num_leaves=15
num_cat=0
split_feature=9 9 7 7 23 7 7 20 7 22 7 20 7 22
split_gain=2.13786e+07 5.73593e+06 4.88949e+06 8.08694e+06 4.14763e+06 4.84614e+06 4.12332e+06 3.93047e+06 1.15011e+07 7.23853e+06 3.53315e+06 6.2612e+06 8.18301e+06 3.34259e+06
threshold=-0.17292127013206479 0.55122801661491405 10942.550292968752 10853.744628906252 12738.863281250002 10974.288085937502 11130.324218750002 12183.192871093752 12205.039550781252 12254.410156250002 11199.130371093752 11199.758789062502 11230.460449218752 10935.586425781252
decision_type=2 2 2 2 2 2 2 2 2 2 2 2 2 2
left_child=2 7 3 -1 5 -3 -7 -2 9 -9 -8 12 -12 -4
right_child=1 4 13 -5 -6 6 10 8 -10 -11 11 -13 -14 -15
leaf_value=0.060911077883987946 -0.035929668868575793 -0.010481635434120022 -0.13816721298882467 0.29667392619155886 0.20166569827329503 -0.2570860662413505 -0.002351611924520991 0.26801678682481983 -0.024301317346974046 1.0781704849096156 -0.19301043045103963 -0.095493423642554143 -0.73477817636873399 0.043995253137707364
leaf_weight=196911 700777 179520 41775 82606 18682 86459 101251 33372 115001 5076 49297 273750 14407 1128455
leaf_count=196911 700777 179520 41775 82606 18682 86459 101251 33372 115001 5076 49297 273750 14407 1128455
internal_value=7.46942e-07 -0.0509483 0.0554427 0.130595 -0.0923901 -0.100189 -0.130853 -0.0158544 0.0758222 0.375228 -0.10597 -0.137059 -0.315631 0.0374913
internal_weight=3.02734e+06 1.57759e+06 1.44975e+06 279517 723366 704684 525164 854226 153449 38448 438705 337454 63704 1.17023e+06
internal_count=3027339 1577592 1449747 279517 723366 704684 525164 854226 153449 38448 438705 337454 63704 1170230
is_linear=0
shrinkage=0.02


Tree=10
num_leaves=15
num_cat=0
split_feature=8 9 22 4 0 0 20 21 22 4 17 20 22 8
split_gain=2.44443e+07 3.75317e+06 3.4412e+06 8.50547e+06 3.34014e+06 3.12133e+06 3.06492e+06 2.89401e+06 2.29342e+06 2.27388e+06 2.13328e+06 1.87944e+06 4.26254e+06 4.30963e+06
threshold=-0.68934190273284901 0.56217131018638622 12225.106445312502 -174.19499969482419 2532.5000000000005 1779.5000000000002 12396.565429687502 10766.908203125002 12727.998535156252 -249.45500183105466 0.49147778749465948 11440.046386718752 11357.017578125002 0.92106926441192638
decision_type=2 2 2 2 2 2 2 2 2 2 2 2 2 2
left_child=1 2 9 6 8 -2 -4 -6 -3 -1 -9 12 -7 -14
right_child=5 4 3 -5 7 11 -8 10 -10 -11 -12 -13 13 -15
leaf_value=-0.29742052457029156 0.01258411276562923 -0.06352808639810345 1.0612318817475883 0.027731802304136188 0.12468593088401213 0.077071798738054878 0.039712010740590407 -0.13164114844374786 0.33296612325646791 -0.045995832370471695 -0.25876065078055865 0.0399510309015155 0.067412297706637342 0.47000480897228464
leaf_weight=14838 644617 335103 4515 101312 15015 564883 1588 240188 5929 465310 67703 523547 19767 23024
leaf_count=14838 644617 335103 4515 101312 15015 564883 1588 240188 5929 465310 67703 523547 19767 23024
internal_value=7.60724e-07 -0.0676966 -0.0308787 0.0714491 -0.100278 0.0477098 0.795936 -0.146379 -0.0566252 -0.0537717 -0.159601 0.0677256 0.091654 0.28409
internal_weight=3.02734e+06 1.2515e+06 587563 107415 663938 1.77584e+06 6103 322906 341032 480148 307891 1.13122e+06 607674 42791
internal_count=3027339 1251501 587563 107415 663938 1775838 6103 322906 341032 480148 307891 1131221 607674 42791
is_linear=0
shrinkage=0.02


Tree=11
num_leaves=15
num_cat=0
split_feature=8 7 23 9 7 7 0 24 7 25 23 7 7 19
split_gain=2.34834e+07 4.05901e+06 6.33112e+06 3.71694e+06 4.07078e+06 4.12885e+06 3.89795e+06 3.51057e+06 1.27987e+07 3.36288e+06 3.30407e+06 7.85728e+06 2.88398e+06 4.17441e+06
threshold=-0.69446012377738942 11185.928222656252 11188.487304687502 0.55122801661491405 10765.747070312502 10699.223144531252 2413.5000000000005 12220.685058593752 12205.039550781252 0.033176848664879806 11347.997070312502 11346.758300781252 10880.121582031252 10989.383789062502
decision_type=2 2 2 2 2 2 2 2 2 2 2 2 2 2
left_child=3 2 -2 7 5 -5 -6 12 -9 -7 -3 -12 -1 -14
right_child=1 10 -4 4 6 9 -8 8 -10 -11 11 -13 13 -15
leaf_value=0.096079611179257396 0.072426577728111105 -0.036043483863447016 0.34879717224989232 -0.23091006423628116 -0.05818909257818989 0.026016244132973734 -0.15707516186315076 0.82937800765698688 0.010165521332612259 0.58352222514460017 0.6088390675705222 0.037090080550222344 -0.24215069435131362 -0.046499544871955546
leaf_weight=46951 572762 274007 35184 7830 310727 8153 327549 8284 95062 9217 9709 893713 49287 378904
leaf_count=46951 572762 274007 35184 7830 310727 8153 327549 8284 95062 9217 9709 893713 49287 378904
internal_value=8.42419e-07 0.0464598 0.0884266 -0.0667856 -0.0990928 0.150186 -0.108937 -0.0297309 0.075906 0.322011 0.0247903 0.0432413 -0.0527087 -0.0690252
internal_weight=3.02734e+06 1.78538e+06 607946 1.24196e+06 663476 25200 638276 578488 103346 17370 1.17743e+06 903422 475142 428191
internal_count=3027339 1785375 607946 1241964 663476 25200 638276 578488 103346 17370 1177429 903422 475142 428191
is_linear=0
shrinkage=0.02


Tree=12
num_leaves=15
num_cat=0
split_feature=4 7 19 0 22 20 20 0 7 20 7 23 7 23
split_gain=2.05908e+07 4.12096e+06 8.21069e+06 3.96001e+06 3.32772e+06 4.9251e+06 3.26701e+06 3.59177e+06 3.71047e+06 7.56006e+06 3.23823e+06 3.0119e+06 2.51235e+06 7.00002e+06
threshold=3.9550000429153447 10942.550292968752 10950.788574218752 3864.5000000000005 10935.586425781252 10957.179199218752 11424.174804687502 2708.5000000000005 10976.409667968752 11005.549804687502 11013.437500000002 10951.334960937502 11185.928222656252 11188.487304687502
decision_type=2 2 2 2 2 2 2 2 2 2 2 2 2 2
left_child=6 2 3 -2 5 -3 7 -1 -9 10 -10 -4 13 -6
right_child=1 4 11 -5 12 -7 -8 8 9 -11 -12 -13 -14 -15
leaf_value=-0.046019700934069645 0.03374567891609645 -0.10168252866177854 0.84946029686121705 0.20831051832408878 0.053480557933279479 -1.2481778923558302 -0.019338390187186312 -0.043279054271395639 -0.071682046475748981 -0.15077672138953216 -0.83987489407535054 0.33765332877448673 0.025378531448095303 0.36458798896257061
leaf_weight=463541 185418 38885 6024 72223 209821 1549 534917 126997 2865 220499 9404 19477 1102172 33547
leaf_count=463541 185418 38885 6024 72223 209821 1549 534917 126997 2865 220499 9404 19477 1102172 33547
internal_value=9.47414e-07 0.0470528 0.11658 0.0826867 0.0328483 -0.145902 -0.0578209 -0.0828231 -0.13024 -0.177681 -0.660696 0.458842 0.0382209 0.0963784
internal_weight=3.02734e+06 1.66912e+06 283142 257641 1.38597e+06 40434 1.35822e+06 823306 359765 232768 12269 25501 1.34554e+06 243368
internal_count=3027339 1669116 283142 257641 1385974 40434 1358223 823306 359765 232768 12269 25501 1345540 243368
is_linear=0
shrinkage=0.02


Tree=13
num_leaves=15
num_cat=0
split_feature=9 9 7 7 23 7 0 20 7 20 7 23 0 0
split_gain=1.84602e+07 4.90463e+06 4.43842e+06 7.61184e+06 3.86008e+06 4.50693e+06 3.86011e+06 6.87547e+06 4.35476e+06 3.5687e+06 1.07098e+07 6.39299e+06 2.85886e+06 2.77884e+06
threshold=-0.17292127013206479 0.55122801661491405 10942.550292968752 10853.744628906252 12738.863281250002 10974.288085937502 2273.5000000000005 11038.571289062502 11013.437500000002 12183.192871093752 12205.039550781252 12254.214843750002 1661.5000000000002 3915.5000000000005
decision_type=2 2 2 2 2 2 2 2 2 2 2 2 2 2
left_child=2 9 3 13 5 -3 -7 8 -8 -2 11 -11 -5 -1
right_child=1 4 -4 12 -6 6 7 -9 -10 10 -12 -13 -14 -15
leaf_value=0.0087445978602010456 -0.034020874239203379 -0.0066774229149393332 0.034416539310369511 0.10304370846650562 0.19801445633591766 -0.064952848273269151 -0.13404599837490266 -0.14413210432967757 -0.71340372317898604 0.26057094461417446 -0.024153824943704851 1.021630650986578 0.36066069892181624 0.1762023438188407
leaf_weight=141921 700777 179520 1170230 24509 18682 245818 8057 256689 14600 33367 115001 5081 58097 54990
leaf_count=141921 700777 179520 1170230 24509 18682 245818 8057 256689 14600 33367 115001 5081 58097 54990
internal_value=8.85461e-07 -0.0473432 0.0515199 0.123121 -0.0856644 -0.0931878 -0.122759 -0.173624 -0.507531 -0.0148918 0.0724639 0.361387 0.284248 0.0555161
internal_weight=3.02734e+06 1.57759e+06 1.44975e+06 279517 723366 704684 525164 279346 22657 854226 153449 38448 82606 196911
internal_count=3027339 1577592 1449747 279517 723366 704684 525164 279346 22657 854226 153449 38448 82606 196911
is_linear=0
shrinkage=0.02


Tree=14
num_leaves=15
num_cat=0
split_feature=8 9 24 4 19 24 4 4 4 17 19 8 4 9
split_gain=2.1006e+07 3.37541e+06 3.11728e+06 7.60786e+06 2.7565e+06 2.61056e+06 2.22321e+06 2.15725e+06 2.0226e+06 1.78212e+06 1.43126e+06 1.26086e+06 1.24574e+06 3.01662e+06
threshold=-0.69446012377738942 0.56217131018638622 12220.685058593752 -174.19499969482419 12402.195800781252 12725.326171875002 -94.514999389648423 -249.45500183105466 284.38999938964849 0.20985870063304904 12790.271972656252 -0.95380857586860646 50.155000686645515 0.20284801721572879
decision_type=2 2 2 2 2 2 2 2 2 2 2 2 2 2
left_child=1 2 7 4 -4 6 9 -1 12 -3 -7 -9 -2 -14
right_child=8 5 3 -5 -6 10 -8 11 -10 -11 -12 -13 13 -15
leaf_value=-0.28744005309702891 0.019545552885013581 0.07893915903010118 1.0078385557333804 0.027726145667179451 0.042568851842909199 0.33078384916136783 -0.069986735054554342 -0.076970087531402068 0.312023615979169 -0.15889899352602438 -0.21680529834686668 -0.01106502902421316 0.057987195722877631 -0.25741368237840012
leaf_weight=14838 625731 13304 4497 101056 1606 8633 393318 222317 11177 236884 2443 243068 1136216 12251
leaf_count=14838 625731 13304 4497 101056 1606 8633 393318 222317 11177 236884 2443 243068 1136216 12251
internal_value=9.36646e-07 -0.0631645 -0.0283572 0.0691742 0.754317 -0.0943975 -0.0996385 -0.0501218 0.0439409 -0.146249 0.209915 -0.0425493 0.0422503 0.0546205
internal_weight=3.02734e+06 1.24196e+06 587382 107159 6103 654582 643506 480223 1.78538e+06 250188 11076 465385 1.7742e+06 1.14847e+06
internal_count=3027339 1241964 587382 107159 6103 654582 643506 480223 1785375 250188 11076 465385 1774198 1148467
is_linear=0
shrinkage=0.02


Tree=15
num_leaves=15
num_cat=0
split_feature=8 0 8 24 0 22 4 4 19 4 24 19 22 22
split_gain=2.01741e+07 3.23196e+06 3.26231e+06 3.23608e+06 2.7978e+06 2.57222e+06 5.7402e+06 2.15948e+06 2.74848e+06 1.99184e+06 1.87658e+06 1.84796e+06 4.65038e+06 3.95968e+06
threshold=-0.69446012377738942 2333.5000000000005 -0.77128207683563221 10766.296875000002 1759.5000000000002 12225.106445312502 -249.45500183105466 -174.19499969482419 12341.337890625002 -41.434999465942376 10804.111328125002 11438.562500000002 11357.017578125002 11742.427734375002
decision_type=2 2 2 2 2 2 2 2 2 2 2 2 2 2
left_child=1 -1 5 -4 -2 9 -7 8 -8 -3 -5 12 -6 -13
right_child=4 2 3 10 11 6 7 -9 -10 -11 -12 13 -14 -15
leaf_value=-0.027879800603773892 0.0096046948384890373 -0.077239384023913712 0.17354029782745525 -0.62520608879399009 0.06959688141182728 1.0731578663883046 0.83740588427182772 -0.028518061403159555 0.099966603204583518 -0.48361481997903871 -0.16147248779087681 -0.14867201330730526 0.27756562610317564 0.050701771325030426
leaf_weight=588079 640885 332773 11608 3538 571840 2096 2611 66766 8856 4886 220751 43421 46498 482731
leaf_count=588079 640885 332773 11608 3538 571840 2096 2611 66766 8856 4886 220751 43421 46498 482731
internal_value=9.70595e-07 -0.0619011 -0.0924976 -0.151962 0.0430621 -0.0589353 0.0427801 0.0150406 0.268464 -0.0831339 -0.168815 0.0617972 0.0852401 0.0342458
internal_weight=3.02734e+06 1.24196e+06 653885 235897 1.78538e+06 417988 80329 78233 11467 337659 224289 1.14449e+06 618338 526152
internal_count=3027339 1241964 653885 235897 1785375 417988 80329 78233 11467 337659 224289 1144490 618338 526152
is_linear=0
shrinkage=0.02


Tree=16
num_leaves=15
num_cat=0
split_feature=8 7 24 19 9 7 7 25 24 7 7 7 7 7
split_gain=1.9378e+07 3.63093e+06 6.50548e+06 3.19764e+06 2.87267e+06 3.75257e+06 3.97742e+06 3.2363e+06 3.06787e+06 1.12249e+07 2.75213e+06 4.18023e+06 4.77272e+06 2.76736e+06
threshold=-0.66993230581283558 11185.928222656252 11203.458007812502 11206.098144531252 0.55122801661491405 10765.747070312502 10699.223144531252 0.034105401486158378 12220.685058593752 12205.039550781252 10857.246582031252 10974.288085937502 11130.324218750002 11199.130371093752
decision_type=2 2 2 2 2 2 2 2 2 2 2 2 2 2
left_child=4 2 -2 -3 8 6 -6 -8 -1 -10 -7 -12 -13 -14
right_child=1 3 -4 -5 5 10 7 -9 9 -11 11 12 13 -15
leaf_value=-0.047873611121166289 0.072302710297025841 -0.068973892725789535 0.48092485474441243 0.034591583907938227 -0.22354872416826044 -0.29203478315745313 0.034917950626496483 0.57686462890248491 0.77797795778991563 0.010784371922108354 0.018328404557206579 -0.25048941730112362 0.0084079239403289513 -0.11245154803852989
leaf_weight=475494 579168 134986 16006 1022405 7830 27401 8447 9210 8284 95062 121355 83574 97460 340657
leaf_count=475494 579168 134986 16006 1022405 7830 27401 8447 9210 8284 95062 121355 83574 97460 340657
internal_value=1.01984e-06 0.0431562 0.0832997 0.0225123 -0.0593287 -0.0867097 0.151444 0.317768 -0.0264079 0.0723505 -0.0957652 -0.0873975 -0.111991 -0.0855665
internal_weight=3.02734e+06 1.75256e+06 595174 1.15739e+06 1.27477e+06 695934 25487 17657 578840 103346 670447 643046 521691 438117
internal_count=3027339 1752565 595174 1157391 1274774 695934 25487 17657 578840 103346 670447 643046 521691 438117
is_linear=0
shrinkage=0.02


Tree=17
num_leaves=15
num_cat=0
split_feature=4 7 19 23 20 20 7 20 7 23 4 7 23 20
split_gain=1.69597e+07 3.89217e+06 7.75989e+06 2.99019e+06 4.1747e+06 2.93017e+06 3.08042e+06 7.94402e+06 5.97687e+06 2.7437e+06 2.73864e+06 2.25839e+06 6.53373e+06 3.483e+06
threshold=10.015000343322756 10942.550292968752 10950.788574218752 10940.427734375002 10957.179199218752 11424.174804687502 11203.090820312502 11199.758789062502 11240.761718750002 10951.334960937502 -249.45500183105466 11185.928222656252 11188.487304687502 11164.589355468752
decision_type=2 2 2 2 2 2 2 2 2 2 2 2 2 2
left_child=5 2 -2 4 -3 6 10 8 -8 -4 -1 12 -5 -13
right_child=1 3 9 11 -6 -7 7 -9 -10 -11 -12 13 -14 -15
leaf_value=-0.45349921386851066 0.079768720899869541 -0.098093756938513646 0.82149985602352105 0.049481738098983583 -1.2058367811549793 -0.015046341007227704 -0.25227338252914161 -0.081474437964663179 -0.82226265138001386 0.3311343096531959 -0.039971350887431319 -0.17885215681655608 0.35439432849087965 0.030150647223593129
leaf_weight=6473 248566 40757 6024 198770 1398 574011 36926 263888 9186 18870 540050 32917 32732 1016771
leaf_count=6473 248566 40757 6024 198770 1398 574011 36926 263888 9186 18870 540050 32917 32732 1016771
internal_value=1.06735e-06 0.0448065 0.113495 0.0306118 -0.135108 -0.050012 -0.0734443 -0.123804 -0.365975 0.450079 -0.0448774 0.0360655 0.0926068 0.0235949
internal_weight=3.02734e+06 1.5968e+06 273460 1.32334e+06 42155 1.43053e+06 856523 310000 46112 24894 546523 1.28119e+06 231502 1.04969e+06
internal_count=3027339 1596805 273460 1323345 42155 1430534 856523 310000 46112 24894 546523 1281190 231502 1049688
is_linear=0
shrinkage=0.02


Tree=18
num_leaves=15
num_cat=0
split_feature=8 7 21 0 23 7 21 7 8 7 23 7 7 23
split_gain=1.79886e+07 3.32519e+06 5.63183e+06 3.08218e+06 3.03422e+06 7.58983e+06 3.99144e+06 4.16033e+06 2.98578e+06 5.08403e+06 2.24066e+06 1.07602e+07 2.55472e+06 2.20563e+06
threshold=-0.69446012377738942 11185.928222656252 11202.996582031252 2353.5000000000005 11347.997070312502 11368.623535156252 11406.906250000002 11346.758300781252 -0.77128207683563221 10775.280273437502 12225.526855468752 12205.039550781252 12205.039550781252 10805.962402343752
decision_type=2 2 2 2 2 2 2 2 2 2 2 2 2 2
left_child=3 2 -2 -1 -3 6 7 -6 10 -10 12 -12 -5 -11
right_child=1 4 -4 8 5 -7 -8 -9 9 13 11 -13 -14 -15
leaf_value=-0.025492461068097612 0.067740691112136639 -0.037246879821487562 0.41843788420095551 -0.071980262693450328 0.59099216725767212 0.026148053856728654 0.87670819158267366 0.10734180614155112 0.30720394911020393 -0.56124849509327901 0.80238928308352786 -0.031578536127419746 -0.50569790258501901 -0.15492180994767432
leaf_weight=593022 589051 274007 18895 328748 9709 862782 4363 26568 9504 5469 6745 73777 5514 219185
leaf_count=593022 589051 274007 18895 328748 9709 862782 4363 26568 9504 5469 6745 73777 5514 219185
internal_value=9.47195e-07 0.0406628 0.0786471 -0.058452 0.0210497 0.0387312 0.305797 0.236911 -0.0885705 -0.145666 -0.0563353 0.0383703 -0.0791499 -0.164838
internal_weight=3.02734e+06 1.78538e+06 607946 1.24196e+06 1.17743e+06 903422 40640 36277 648942 234158 414784 80522 334262 224654
internal_count=3027339 1785375 607946 1241964 1177429 903422 40640 36277 648942 234158 414784 80522 334262 224654
is_linear=0
shrinkage=0.02


Tree=19
num_leaves=15
num_cat=0
split_feature=4 20 4 19 20 4 19 25 19 19 20 24 4 19
split_gain=1.5681e+07 2.76792e+06 2.93034e+06 2.81352e+06 4.64681e+06 1.87728e+06 1.67665e+06 2.87123e+06 1.91498e+06 3.43976e+06 1.97546e+06 1.6316e+06 1.48042e+06 1.47867e+06
threshold=10.015000343322756 11424.174804687502 -113.6949996948242 10941.420898437502 10974.470214843752 284.38999938964849 13462.845214843752 0.036945587024092681 12772.923339843752 12728.486816406252 12689.021972656252 12675.733398437502 64.115001678466811 11098.546875000002
decision_type=2 2 2 2 2 2 2 2 2 2 2 2 2 2
left_child=1 2 3 -1 -5 6 8 -8 9 11 -10 -2 -12 -6
right_child=5 -3 -4 4 13 -7 7 -9 10 -11 12 -13 -14 -15
leaf_value=-0.020491538905019448 0.041470227375665018 -0.01410593567375616 -0.048028585733601095 -0.56348367390204268 -0.0019099015444771945 0.30126038728552418 0.094219922309583259 -0.89369814963962724 0.87975022565750749 -0.17130659253199068 -0.05964831738885578 0.22574741952286015 0.28220364258640962 -0.17179803663033086
leaf_weight=66481 1506548 574011 620218 11418 24186 11177 2723 2060 1670 30311 7573 19458 15285 134220
leaf_count=66481 1506548 574011 620218 11418 24186 11177 2723 2060 1670 30311 7573 19458 15285 134220
internal_value=1.0479e-06 -0.0480898 -0.0708641 -0.130795 -0.173971 0.0430843 0.0412626 -0.332241 0.0423948 0.0396305 0.217702 0.0438214 0.168968 -0.145861
internal_weight=3.02734e+06 1.43053e+06 856523 236305 169824 1.5968e+06 1.58563e+06 4783 1.58084e+06 1.55632e+06 24528 1.52601e+06 22858 158406
internal_count=3027339 1430534 856523 236305 169824 1596805 1585628 4783 1580845 1556317 24528 1526006 22858 158406
is_linear=0
shrinkage=0.02


Tree=20
num_leaves=15
num_cat=0
split_feature=4 7 21 9 9 24 7 7 4 7 21 7 21 21
split_gain=1.50601e+07 3.67832e+06 5.9383e+06 3.50671e+06 2.98348e+06 3.80419e+06 4.16074e+06 3.46099e+06 4.80166e+06 3.35177e+06 5.37404e+06 7.1366e+06 2.83427e+06 2.68053e+06
threshold=10.015000343322756 10942.550292968752 10871.481933593752 -0.17292127013206479 0.55122801661491405 12725.326171875002 10974.288085937502 11130.324218750002 -115.9449996948242 11200.173339843752 11202.996582031252 11235.322753906252 10945.590332031252 10969.715332031252
decision_type=2 2 2 2 2 2 2 2 2 2 2 2 2 2
left_child=4 2 3 -2 -1 6 -6 8 -8 -9 11 -11 -3 -4
right_child=1 12 13 -5 5 -7 7 9 -10 10 -12 -13 -14 -15
leaf_value=-0.017953975584029318 0.06504644238822925 -0.1232605751292191 0.20971745389700622 -0.55263239227636274 -0.00032658786892137494 0.19832839782737341 -0.43355338599599513 0.0086375256449679749 -0.11968245420204998 -0.17681282340673968 -0.079475334889245228 -0.69062654509642873 0.034071203673462488 0.53388872395205422
leaf_weight=708105 198344 47496 59046 3736 179520 19699 29695 106342 56764 54275 262637 13497 1275849 12334
leaf_count=708105 198344 47496 59046 3736 179520 19699 29695 106342 56764 54275 262637 13497 1275849 12334
internal_value=1.01841e-06 0.0422227 0.108997 0.0536001 -0.0471281 -0.0757231 -0.0834081 -0.111914 -0.227522 -0.0890234 -0.120455 -0.279227 0.0284235 0.265799
internal_weight=3.02734e+06 1.5968e+06 273460 202080 1.43053e+06 722429 702730 523210 86459 436751 330409 67772 1.32334e+06 71380
internal_count=3027339 1596805 273460 202080 1430534 722429 702730 523210 86459 436751 330409 67772 1323345 71380
is_linear=0
shrinkage=0.02


Tree=21
num_leaves=15
num_cat=0
split_feature=8 7 21 20 8 7 7 24 7 7 20 24 24 7
split_gain=1.60725e+07 3.13993e+06 5.43609e+06 3.0465e+06 2.76826e+06 3.45938e+06 3.79545e+06 2.8108e+06 1.03978e+07 2.74148e+06 4.20906e+06 2.52426e+06 2.42367e+06 2.30611e+06
threshold=-0.69446012377738942 11185.928222656252 11204.439941406252 11166.539550781252 -0.83435350656509388 10765.747070312502 10699.223144531252 12220.685058593752 12205.039550781252 10880.121582031252 10887.128906250002 12725.326171875002 10901.408203125002 10857.246582031252
decision_type=2 2 2 2 2 2 2 2 2 2 2 2 2 2
left_child=4 2 -2 -3 7 6 -6 9 -9 12 -11 13 -1 -7
right_child=1 3 -4 -5 5 11 -8 8 -10 10 -12 -13 -14 -15
leaf_value=0.077024788424931878 0.065123394024406381 -0.15867842777417712 0.42522497413178251 0.025189733483824205 -0.21858469840374598 -0.27907382672115105 0.31154358276352823 0.75047396841640213 0.012087019273355867 -0.36256104919873056 -0.046734534700962761 0.20713576351743979 0.95514160309663965 -0.089254550996274259
leaf_weight=45668 590697 37212 17249 1140217 7830 26729 17370 8284 95062 17598 407918 11076 1283 603146
leaf_count=45668 590697 37212 17249 1140217 7830 26729 17370 8284 95062 17598 407918 11076 1283 603146
internal_value=9.21659e-07 0.0384363 0.0753473 0.0193774 -0.0552513 -0.083012 0.146803 -0.0231344 0.0713417 -0.043801 -0.0598044 -0.0920497 0.101219 -0.0973139
internal_weight=3.02734e+06 1.78538e+06 607946 1.17743e+06 1.24196e+06 666151 25200 575813 103346 472467 425516 640951 46951 629875
internal_count=3027339 1785375 607946 1177429 1241964 666151 25200 575813 103346 472467 425516 640951 46951 629875
is_linear=0
shrinkage=0.02


Tree=22
num_leaves=15
num_cat=0
split_feature=8 0 17 0 9 23 23 4 21 23 4 23 20 23
split_gain=1.5436e+07 2.86116e+06 2.86269e+06 2.5309e+06 2.52789e+06 2.03316e+06 2.45886e+06 1.77658e+06 1.67706e+06 3.59321e+06 1.6259e+06 1.59017e+06 3.31532e+06 1.50141e+06
threshold=-0.69446012377738942 2232.5000000000005 0.24476148933172229 1779.5000000000002 0.63649341464042675 10772.299804687502 10805.962402343752 -38.67499923706054 12773.829101562502 12706.215332031252 284.38999938964849 12677.269531250002 12743.632324218752 12225.526855468752
decision_type=2 2 2 2 2 2 2 2 2 2 2 2 2 2
left_child=1 -1 13 -2 7 -6 -7 -4 9 10 11 -5 -13 -3
right_child=3 2 4 8 5 6 -8 -9 -10 -11 -12 12 -14 -15
leaf_value=-0.020818342323995622 0.0061244535669978516 0.0060244829196348607 -0.059434143572112443 0.053128276336730028 0.10880122255906988 -0.72626348160366316 -0.15377698959727612 -0.46705440197056425 0.21732068327167939 -0.15878514740662536 0.29992270646954128 0.5523277504041787 -0.16343241005510173 0.27857067477453329
leaf_weight=563167 648123 51493 387068 1058554 11696 3035 211609 4315 25088 31427 11001 7126 4056 9581
leaf_count=563167 648123 51493 387068 1058554 11696 3035 211609 4315 25088 31427 11001 7126 4056 9581
internal_value=1.01462e-06 -0.0541461 -0.0817958 0.0376676 -0.0947103 -0.147912 -0.161905 -0.06394 0.0556438 0.0519948 0.0581256 0.0556362 0.292787 0.0488192
internal_weight=3.02734e+06 1.24196e+06 678797 1.78538e+06 617723 226340 214644 391383 1.13725e+06 1.11216e+06 1.08074e+06 1.06974e+06 11182 61074
internal_count=3027339 1241964 678797 1785375 617723 226340 214644 391383 1137252 1112164 1080737 1069736 11182 61074
is_linear=0
shrinkage=0.02


Tree=23
num_leaves=15
num_cat=0
split_feature=8 7 23 8 0 0 0 23 24 7 21 21 7 7
split_gain=1.48394e+07 3.08041e+06 5.18643e+06 3.31838e+06 2.7892e+06 2.71273e+06 2.69792e+06 2.6341e+06 2.30038e+06 2.20264e+06 5.76256e+06 2.87105e+06 2.18155e+06 4.32841e+06
threshold=-0.66993230581283558 10942.550292968752 10870.834472656252 0.98362845182418834 2072.5000000000005 2551.5000000000005 3816.5000000000005 10940.427734375002 10944.684570312502 11185.928222656252 11204.439941406252 11187.601074218752 10775.280273437502 10699.223144531252
decision_type=2 2 2 2 2 2 2 2 2 2 2 2 2 2
left_child=5 2 3 6 -4 -1 -2 8 -3 10 -9 -11 13 -7
right_child=1 7 4 -5 -6 12 -8 9 -10 11 -12 -13 -14 -15
leaf_value=-0.023745744006419676 0.0088557990135213465 -0.10160046025746124 0.095766096032051676 -0.54331878570023462 0.33944855422609616 -0.26095432504940358 0.16335199025404276 0.058920735417156839 -1.0082244821752644 -0.10602840376074894 0.44652935285051842 0.026853953761043305 -0.088329686926318443 0.40843739326517392
leaf_weight=659690 145155 43814 32293 3739 44954 6336 65656 242053 1139 69162 16371 1088229 598876 9872
leaf_count=659690 145155 43814 32293 3739 44954 6336 65656 242053 1139 69162 16371 1088229 598876 9872
internal_value=9.78591e-07 0.0377658 0.0970911 0.046492 0.237603 -0.0519181 0.0569784 0.0259146 -0.124792 0.0307005 0.0834919 0.0189125 -0.0821326 0.146759
internal_weight=3.02734e+06 1.75256e+06 291797 214550 77247 1.27477e+06 210811 1.46077e+06 44953 1.41582e+06 258424 1.15739e+06 615084 16208
internal_count=3027339 1752565 291797 214550 77247 1274774 210811 1460768 44953 1415815 258424 1157391 615084 16208
is_linear=0
shrinkage=0.02


Tree=24
num_leaves=15
num_cat=0
split_feature=8 7 21 8 22 24 0 0 17 0 7 21 21 21
split_gain=1.42518e+07 2.95844e+06 4.97962e+06 3.18877e+06 2.87824e+06 3.1812e+06 2.70486e+06 2.6053e+06 2.80983e+06 2.56423e+06 2.16208e+06 5.51705e+06 2.77538e+06 2.21875e+06
threshold=-0.66993230581283558 10942.550292968752 10871.481933593752 0.98362845182418834 10935.586425781252 10944.684570312502 2072.5000000000005 2551.5000000000005 0.23908232897520068 3839.5000000000005 11185.928222656252 11204.439941406252 11174.830078125002 12773.829101562502
decision_type=2 2 2 2 2 2 2 2 2 2 2 2 2 2
left_child=7 2 3 9 5 -3 -4 -1 -9 -2 11 -6 -12 -14
right_child=1 4 6 -5 10 -7 -8 8 -10 -11 12 -13 13 -15
leaf_value=-0.023270837063599465 0.0095133048788169326 -0.1070752392157549 0.092826925469627078 -0.53273334605516875 0.058461555576241157 -1.1471308933714024 0.33333043696554393 0.061297911259695588 -0.093376478909956637 0.16059019604141636 -0.14097220123265 0.43760421680753525 0.020101480908916291 0.2035296732401336
leaf_weight=659690 146211 41324 32071 3736 244481 1201 44908 51242 563842 64871 42039 16371 1088329 27023
leaf_count=659690 146211 41324 32071 3736 244481 1201 44908 51242 563842 64871 42039 16371 1088329 27023
internal_value=9.21291e-07 0.0370104 0.0951493 0.0456862 0.0253962 -0.136712 0.233157 -0.0508797 -0.0804899 0.0559487 0.0302578 0.0822724 0.0185342 0.0245474
internal_weight=3.02734e+06 1.75256e+06 291797 214818 1.46077e+06 42525 76979 1.27477e+06 615084 211082 1.41824e+06 260852 1.15739e+06 1.11535e+06
internal_count=3027339 1752565 291797 214818 1460768 42525 76979 1274774 615084 211082 1418243 260852 1157391 1115352
is_linear=0
shrinkage=0.02


Tree=25
num_leaves=15
num_cat=0
split_feature=4 9 20 9 24 24 4 4 4 20 0 5 4 24
split_gain=1.24017e+07 2.83008e+06 6.09726e+06 2.65332e+06 3.46455e+06 2.1095e+06 6.93188e+06 2.10368e+06 1.97146e+06 1.8872e+06 1.87532e+06 1.63051e+06 1.55377e+06 1.57945e+06
threshold=10.015000343322756 0.15994049608707431 11594.234375000002 0.55122801661491405 12725.326171875002 12220.685058593752 -174.19499969482419 -249.45500183105466 -113.6949996948242 12396.565429687502 2052.5000000000005 0.082499999552965178 87.844997406005874 12771.544921875002
decision_type=2 2 2 2 2 2 2 2 2 2 2 2 2 2
left_child=3 10 -3 5 8 7 9 -1 -5 -7 -2 12 -12 -14
right_child=1 2 -4 4 -6 6 -8 -9 -10 -11 11 -13 13 -15
leaf_value=-0.26683078488776746 0.012951935139771649 -0.0086193184858712885 -0.85496512676624814 -0.13161718708465592 0.191797988507168 0.9278688740242419 0.026171993925788659 -0.025416060619135063 -0.056493993733996044 0.047826678214774904 0.098120616442753175 0.2069814217694238 0.036271406994996029 0.34718028882178414
leaf_weight=14808 587535 14860 4407 192434 19699 4486 123972 563593 510296 1246 236705 28550 718162 6586
leaf_count=14808 587535 14860 4407 192434 19699 4486 123972 563593 510296 1246 236705 28550 718162 6586
internal_value=8.58404e-07 0.0383153 -0.202551 -0.0427668 -0.0697332 -0.0152543 0.0576396 -0.0316012 -0.0770672 0.736989 0.0412584 0.058057 0.0536326 0.0391015
internal_weight=3.02734e+06 1.5968e+06 19267 1.43053e+06 722429 708105 129704 578401 702730 5732 1.57754e+06 990003 961453 724748
internal_count=3027339 1596805 19267 1430534 722429 708105 129704 578401 702730 5732 1577538 990003 961453 724748
is_linear=0
shrinkage=0.02


Tree=26
num_leaves=15
num_cat=0
split_feature=8 7 19 23 9 7 7 22 7 22 20 7 7 7
split_gain=1.32043e+07 2.80796e+06 6.46508e+06 3.00558e+06 2.56179e+06 3.81014e+06 4.50178e+06 2.54131e+06 2.0624e+06 5.12789e+06 2.75835e+06 2.03551e+06 4.23128e+06 3.50271e+06
threshold=-0.69446012377738942 10942.550292968752 10950.788574218752 10951.334960937502 0.61516112089157116 10765.747070312502 10699.223144531252 10935.586425781252 11185.928222656252 11175.656738281252 11164.589355468752 10857.246582031252 10974.288085937502 11130.324218750002
decision_type=2 2 2 2 2 2 2 2 2 2 2 2 2 2
left_child=4 2 -2 -4 -1 6 -6 -3 9 -9 -10 -7 -13 -14
right_child=1 7 3 -5 5 11 -8 8 10 -11 -12 12 13 -15
leaf_value=-0.024551588820727301 0.061672635822194406 -0.12336451994252323 0.78061525420945976 0.27318845606627157 -0.2142436872498954 -0.26909177445895366 0.41315344584411057 0.035169790091599699 -0.1597891083240513 0.25508461329197391 0.022234335997395896 0.027852176154509491 -0.23714890118558216 -0.085296238878110081
leaf_weight=693920 266741 45547 6029 20690 7108 24909 12800 216184 34290 52755 1143139 106766 74915 321546
leaf_count=693920 266741 45547 6029 20690 7108 24909 12800 216184 34290 52755 1143139 106766 74915 321546
internal_value=8.7814e-07 0.0348383 0.0913906 0.387937 -0.0500792 -0.0824006 0.18915 0.0237139 0.0283463 0.0783162 0.016932 -0.0926401 -0.0839007 -0.113996
internal_weight=3.02734e+06 1.78538e+06 293460 26719 1.24196e+06 548044 19908 1.49192e+06 1.44637e+06 268939 1.17743e+06 528136 503227 396461
internal_count=3027339 1785375 293460 26719 1241964 548044 19908 1491915 1446368 268939 1177429 528136 503227 396461
is_linear=0
shrinkage=0.02


Tree=27
num_leaves=15
num_cat=0
split_feature=8 7 19 0 23 0 9 7 20 7 7 20 20 7
split_gain=1.26814e+07 2.69682e+06 6.20937e+06 3.43979e+06 2.88683e+06 2.53762e+06 2.6594e+06 4.10018e+06 3.83788e+06 3.47458e+06 2.69226e+06 6.40966e+06 2.32137e+06 2.25761e+06
threshold=-0.69446012377738942 10942.550292968752 10950.788574218752 3890.5000000000005 10951.334960937502 2151.5000000000005 0.63649341464042675 10974.288085937502 11038.571289062502 11013.437500000002 11211.744628906252 11201.510742187502 10916.906250000002 10974.288085937502
decision_type=2 2 2 2 2 2 2 2 2 2 2 2 2 2
left_child=5 2 3 -2 -4 -1 -7 -8 9 -9 -10 -12 13 -3
right_child=1 12 4 -5 -6 6 7 8 10 -11 11 -13 -14 -15
leaf_value=-0.016654633271304585 0.017067335592277428 -0.056776076204098275 0.76502879041969285 0.17936838033264002 0.2677273237455553 -0.04507535455758354 0.0053964380654598423 -0.091090344708572621 -0.067837386310872883 -0.67147225341478556 -0.59094599037501971 -0.14030831513317857 0.026482790348871469 -0.49426707494392852
leaf_weight=543238 195468 18457 6029 71273 20690 447799 68598 6567 85237 11107 15741 63677 1467128 6330
leaf_count=543238 195468 18457 6029 71273 20690 447799 68598 6567 85237 11107 15741 63677 1467128 6330
internal_value=9.10252e-07 0.0341416 0.0895636 0.0604392 0.380186 -0.0490777 -0.074285 -0.126408 -0.175995 -0.455999 -0.145913 -0.22969 0.0232396 -0.168656
internal_weight=3.02734e+06 1.78538e+06 293460 266741 26719 1.24196e+06 698726 250927 182329 17674 164655 79418 1.49192e+06 24787
internal_count=3027339 1785375 293460 266741 26719 1241964 698726 250927 182329 17674 164655 79418 1491915 24787
is_linear=0
shrinkage=0.02


Tree=28
num_leaves=15
num_cat=0
split_feature=8 7 24 20 0 20 7 24 7 20 23 7 23 20
split_gain=1.21801e+07 2.63023e+06 5.15086e+06 2.76503e+06 2.38423e+06 2.11016e+06 3.18054e+06 2.61737e+06 2.54508e+06 1.71598e+06 1.71604e+06 1.57335e+06 2.85794e+06 2.63412e+06
threshold=-0.66993230581283558 11185.928222656252 11203.458007812502 11166.539550781252 2551.5000000000005 11419.446777343752 10880.121582031252 10906.415527343752 11421.926269531252 12846.489746093752 12760.748046875002 12723.007324218752 12677.269531250002 12704.233886718752
decision_type=2 2 2 2 2 2 2 2 2 2 2 2 2 2
left_child=4 2 -2 -3 -1 6 7 -6 -8 11 -11 12 -5 -14
right_child=1 3 -4 9 5 -7 8 -9 -10 10 -12 -13 13 -15
leaf_value=-0.020625009980070313 0.058596323843678945 -0.15446462626969881 0.42219399472944685 0.021017850638946452 0.025517278900066682 -0.029549311042015813 -0.12128658717173656 0.84476379474543406 -0.72412916469050903 -0.14942793511714875 0.47805109029857351 -0.078176148586691224 0.74574658135600536 0.15430520646296192
leaf_weight=659690 579168 36572 16006 1028893 41410 243179 326068 1611 2816 2414 6228 61609 3607 18068
leaf_count=659690 579168 36572 16006 1028893 41410 243179 326068 1611 2816 2414 6228 61609 3607 18068
internal_value=8.31753e-07 0.0342148 0.0683815 0.0166445 -0.0470365 -0.0753626 -0.105317 0.0563851 -0.12647 0.0222291 0.302803 0.0200462 0.025807 0.253028
internal_weight=3.02734e+06 1.75256e+06 595174 1.15739e+06 1.27477e+06 615084 371905 43021 328884 1.12082e+06 8642 1.11218e+06 1.05057e+06 21675
internal_count=3027339 1752565 595174 1157391 1274774 615084 371905 43021 328884 1120819 8642 1112177 1050568 21675
is_linear=0
shrinkage=0.02


Tree=29
num_leaves=15
num_cat=0
split_feature=9 9 24 20 19 22 9 25 20 5 17 25 6 25
split_gain=1.03742e+07 2.90387e+06 3.2723e+06 3.01238e+06 2.59012e+06 2.15125e+06 2.78579e+06 5.19109e+06 1.50356e+06 1.43086e+06 1.42256e+06 1.32835e+06 1.70742e+06 1.03731e+06
threshold=-0.17292127013206479 0.55122801661491405 12725.326171875002 12183.192871093752 12790.271972656252 12179.673339843752 0.30041404068470007 0.075888738036155715 12196.410644531252 0.082499999552965178 0.33213816583156591 0.036945587024092681 69.553680419921889 0.060386307537555702
decision_type=2 2 2 2 2 2 2 2 2 2 2 2 2 2
left_child=9 3 10 -2 11 8 13 -8 -5 -1 -3 -4 -13 -7
right_child=1 2 4 5 -6 6 7 -9 -10 -11 -12 12 -14 -15
leaf_value=0.035311106441548869 -0.028095554490416889 -0.028408282013989754 0.1171071129325615 0.23057497340427316 -0.20408446960250973 0.024870141492123465 0.11484145650157748 0.84940298950892978 0.88000526283830027 0.15786497471582775 -0.090606231449897892 0.1207277600440871 0.72673270672264312 -0.14318294534878626
leaf_weight=1410591 700777 209427 6784 5314 4993 84193 39961 4249 1945 39156 494240 2989 4933 17787
leaf_count=1410591 700777 209427 6784 5314 4993 84193 39961 4249 1945 39156 494240 2989 4933 17787
internal_value=9.11949e-07 -0.0354906 -0.0649772 -0.0105206 0.189199 0.0697378 0.053036 0.185616 0.405559 0.0386222 -0.0720954 0.322776 0.498528 -0.00445207
internal_weight=3.02734e+06 1.57759e+06 723366 854226 19699 153449 146190 44210 7259 1.44975e+06 703667 14706 7922 101980
internal_count=3027339 1577592 723366 854226 19699 153449 146190 44210 7259 1449747 703667 14706 7922 101980
is_linear=0
shrinkage=0.02


Tree=30
num_leaves=15
num_cat=0
split_feature=8 9 4 4 23 23 25 19 23 4 4 19 4 25
split_gain=1.13108e+07 2.37198e+06 1.73844e+06 1.5581e+06 1.91564e+06 1.85188e+06 1.70245e+06 1.83692e+06 1.27378e+06 4.76271e+06 1.87202e+06 1.59982e+06 2.56057e+06 1.16115e+06
threshold=-0.69954469799995411 0.61516112089157116 284.38999938964849 -94.514999389648423 10766.468261718752 10805.962402343752 0.049069123342633254 10698.044921875002 12225.526855468752 -249.45500183105466 -249.45500183105466 12402.195800781252 -174.19499969482419 0.019221969880163673
decision_type=2 2 2 2 2 2 2 2 2 2 2 2 2 2
left_child=1 8 -2 4 6 -6 -3 -8 10 -10 -1 12 -11 -5
right_child=2 3 -4 13 5 -7 7 -9 9 11 -12 -13 -14 -15
leaf_value=-0.253321726263811 0.030466215730709335 -0.75798536664419514 0.28056636126081513 -0.1054111908277939 -0.63457682710474306 -0.12861835552848638 -0.22328290840043363 0.36773733689446358 0.974744767807601 0.68838427241357436 -0.029850427453267794 -0.02413423119764925 0.07938203657142516 -0.025671832897492544
leaf_weight=15418 1784180 787 11177 108062 2929 190594 2921 7455 2096 2985 533814 103995 35499 225427
leaf_count=15418 1784180 787 11177 108062 2929 190594 2921 7455 2096 2985 533814 103995 35499 225427
internal_value=1.07675e-06 -0.0466667 0.0320248 -0.0781758 -0.121613 -0.136309 0.13305 0.2013 -0.0222247 0.0305927 -0.0361282 0.0166357 0.126786 -0.0515126
internal_weight=3.02734e+06 1.23198e+06 1.79536e+06 538175 204686 193523 11163 10376 693807 144575 549232 142479 38484 333489
internal_count=3027339 1231982 1795357 538175 204686 193523 11163 10376 693807 144575 549232 142479 38484 333489
is_linear=0
shrinkage=0.02


Tree=31
num_leaves=15
num_cat=0
split_feature=8 0 17 0 9 23 23 4 9 19 23 4 20 19
split_gain=1.08656e+07 2.32653e+06 2.53655e+06 2.21977e+06 2.06881e+06 1.70991e+06 2.30693e+06 1.61924e+06 1.5333e+06 2.2392e+06 1.50497e+06 2.41783e+06 1.49446e+06 1.8295e+06
threshold=-0.69446012377738942 2151.5000000000005 0.26605693995952612 1346.5000000000002 0.63474419713020336 10772.299804687502 10805.962402343752 -37.545000076293938 -0.72804987430572499 10832.099121093752 12225.526855468752 -168.94499969482419 12846.489746093752 12728.486816406252
decision_type=2 2 2 2 2 2 2 2 2 2 2 2 2 2
left_child=1 -1 10 -2 7 -6 -7 -4 9 -5 -3 -12 13 -10
right_child=3 2 4 8 5 6 -8 -9 12 -11 11 -13 -14 -15
leaf_value=-0.014382924005167927 -0.0046400078794123605 -0.002859138141403796 -0.050683772966125008 -0.17105077656936638 0.094495808426949032 -0.68265120680954483 -0.1360570799207865 -0.44223075974790071 0.043438479397746033 0.19476734854789224 0.69137290685552144 0.06797465171654736 0.28956886745971416 -0.086509114655791544
leaf_weight=543238 490314 72945 376087 7716 12730 3124 216740 4263 1182672 50136 3367 9470 9561 44976
leaf_count=543238 490314 72945 376087 7716 12730 3124 216740 4263 1182672 50136 3367 9470 9561 44976
internal_value=1.07082e-06 -0.0454281 -0.0695642 0.0316032 -0.0838197 -0.130806 -0.143854 -0.0550838 0.0453249 0.145955 0.0322941 0.231897 0.0406183 0.038677
internal_weight=3.02734e+06 1.24196e+06 698726 1.78538e+06 612944 232594 219864 380350 1.29506e+06 57852 85782 12837 1.23721e+06 1.22765e+06
internal_count=3027339 1241964 698726 1785375 612944 232594 219864 380350 1295061 57852 85782 12837 1237209 1227648
is_linear=0
shrinkage=0.02


Tree=32
num_leaves=15
num_cat=0
split_feature=4 7 19 22 20 0 22 0 20 7 7 24 7 4
split_gain=9.49589e+06 2.92847e+06 5.44237e+06 3.11226e+06 4.24157e+06 3.00568e+06 2.98428e+06 2.23441e+06 2.41159e+06 6.22773e+06 1.96008e+06 4.2431e+06 1.80106e+06 1.77388e+06
threshold=10.015000343322756 10947.744140625002 10950.788574218752 10935.586425781252 10957.179199218752 3839.5000000000005 10950.734863281252 4398.5000000000009 12253.191406250002 12208.447753906252 12723.007324218752 12675.733398437502 10889.665527343752 253.78499603271487
decision_type=2 2 2 2 2 2 2 2 2 2 2 2 2 2
left_child=7 2 5 4 -3 -2 -4 -1 12 -10 11 13 -9 -5
right_child=1 3 6 10 -6 -7 -8 8 9 -11 -12 -13 -14 -15
leaf_value=-0.027184029753372717 0.015767083158413856 -0.11584104247090471 0.74323431742521562 0.023557506943240811 -1.1822330424447638 0.16536033585627161 0.24541218040137458 0.19093840183251054 0.89585477403599545 -0.043353946287772629 -0.09140151735024675 0.28988513818193712 -0.13452154097308372 0.27790239102255998
leaf_weight=1225025 178598 34804 5928 1183158 1549 76832 25630 7065 3326 18395 54390 24855 176723 11061
leaf_count=1225025 178598 34804 5928 1183158 1549 76832 25630 7065 3326 18395 54390 24855 176723 11061
internal_value=1.03508e-06 0.0335276 0.0913891 0.0208492 -0.161593 0.0607687 0.339132 -0.0374223 -0.0984476 0.100806 0.0260586 0.0312999 -0.122001 0.0259156
internal_weight=3.02734e+06 1.5968e+06 286988 1.30982e+06 36353 255430 31558 1.43053e+06 205509 21721 1.27346e+06 1.21907e+06 183788 1.19422e+06
internal_count=3027339 1596805 286988 1309817 36353 255430 31558 1430534 205509 21721 1273464 1219074 183788 1194219
is_linear=0
shrinkage=0.02


Tree=33
num_leaves=15
num_cat=0
split_feature=4 7 23 9 24 9 24 17 9 7 7 4 7 24
split_gain=9.11984e+06 2.81258e+06 4.11807e+06 3.0722e+06 2.87697e+06 2.47802e+06 5.77419e+06 2.20692e+06 2.08801e+06 2.78041e+06 3.47195e+06 3.90317e+06 2.74996e+06 4.7438e+06
threshold=10.015000343322756 10947.744140625002 10870.834472656252 -0.17292127013206479 10913.860351562502 0.15994049608707431 11594.064941406252 0.24476148933172229 0.55122801661491405 10974.288085937502 11130.324218750002 -113.6949996948242 11200.173339843752 11202.134277343752
decision_type=2 2 2 2 2 2 2 2 2 2 2 2 2 2
left_child=7 2 3 -2 -3 -6 -7 -1 -9 -10 11 -11 -12 -14
right_child=1 4 -4 -5 5 6 -8 8 9 10 12 -13 13 -15
leaf_value=0.041195602005027684 0.051718320345457612 -0.22675578746732414 0.20795670210399408 -0.52615737290788278 0.027396838211513987 -0.014979942122394032 -0.84495665920452701 -0.018774323445651914 0.0028826515528598703 -0.39691812886764533 0.021838239567255537 -0.10886607483927531 -0.24849426420828408 -0.058516426622751472
leaf_weight=132129 199883 18557 83366 3739 1271993 14955 4312 637512 160643 29271 100367 52683 66467 251462
leaf_count=132129 199883 18557 83366 3739 1271993 14955 4312 637512 160643 29271 100367 52683 66467 251462
internal_value=1.09718e-06 0.0328571 0.0895622 0.0410817 0.0204321 0.0239863 -0.201074 -0.0366737 -0.0445982 -0.0695078 -0.0927538 -0.211784 -0.0694285 -0.0982403
internal_weight=3.02734e+06 1.5968e+06 286988 203622 1.30982e+06 1.29126e+06 19267 1.43053e+06 1.2984e+06 660893 500250 81954 418296 317929
internal_count=3027339 1596805 286988 203622 1309817 1291260 19267 1430534 1298405 660893 500250 81954 418296 317929
is_linear=0
shrinkage=0.02


Tree=34
num_leaves=15
num_cat=0
split_feature=8 7 22 23 7 20 7 0 9 7 20 7 7 20
split_gain=9.72944e+06 2.39278e+06 4.70992e+06 2.69477e+06 7.31658e+06 4.24205e+06 4.05258e+06 2.16926e+06 2.29858e+06 3.81997e+06 3.50151e+06 3.27549e+06 2.69461e+06 6.07908e+06
threshold=-0.69954469799995411 11185.928222656252 11175.656738281252 11347.997070312502 11368.623535156252 11405.708496093752 11346.758300781252 2151.5000000000005 0.63649341464042675 10974.288085937502 11038.571289062502 11013.437500000002 11219.278320312502 11201.510742187502
decision_type=2 2 2 2 2 2 2 2 2 2 2 2 2 2
left_child=7 2 -2 -3 5 6 -5 -1 -9 -10 11 -11 -12 -14
right_child=1 3 -4 4 -6 -7 -8 8 9 10 12 -13 13 -15
leaf_value=-0.013170078029496504 0.044705788336230345 -0.041657600550347854 0.24174682955490309 0.56463702292295714 0.017447677200320345 0.82969266760378135 0.08405597746323476 -0.039695783288985986 0.012270085958428828 -0.077602701045655489 -0.062504300211962183 -0.64254220438426901 -0.61975569266804864 -0.1396673769963454
leaf_weight=538610 558019 275656 53137 9618 867892 5119 25916 447704 67522 6541 90037 11028 12907 57633
leaf_count=538610 558019 275656 53137 9618 867892 5119 25916 447704 67522 6541 90037 11028 12907 57633
internal_value=9.36625e-07 0.0297018 0.0618412 0.0131145 0.0297329 0.291938 0.214258 -0.0432818 -0.0666719 -0.115829 -0.164381 -0.432378 -0.135033 -0.227587
internal_weight=3.02734e+06 1.79536e+06 611156 1.1842e+06 908545 40653 35534 1.23198e+06 693372 245668 178146 17569 160577 70540
internal_count=3027339 1795357 611156 1184201 908545 40653 35534 1231982 693372 245668 178146 17569 160577 70540
is_linear=0
shrinkage=0.02


Tree=35
num_leaves=15
num_cat=0
split_feature=8 7 19 0 23 22 0 8 7 23 7 20 7 7
split_gain=9.34427e+06 2.30435e+06 5.62081e+06 3.13624e+06 2.67621e+06 2.22277e+06 2.08388e+06 2.16191e+06 3.81255e+06 2.24363e+06 3.43118e+06 3.43756e+06 3.07754e+06 2.49481e+06
threshold=-0.69954469799995411 10942.550292968752 10950.788574218752 3890.5000000000005 10951.334960937502 10935.586425781252 2212.5000000000005 -0.77128207683563221 10775.280273437502 10805.962402343752 10974.288085937502 11038.571289062502 11013.437500000002 11219.278320312502
decision_type=2 2 2 2 2 2 2 2 2 2 2 2 2 2
left_child=6 2 3 -2 -4 -3 -1 -8 -9 -10 -11 12 -12 -13
right_child=1 5 4 -5 -6 -7 7 8 9 10 11 13 -14 -15
leaf_value=-0.013620756217965997 0.011155559254796488 -0.11767197041891141 0.72607539188455694 0.16605265740241307 0.24818532485774925 0.023407581721175824 -0.039399602147753447 0.26780252138921234 -0.51683332452414721 0.02479821161249654 -0.075658061053724995 -0.062769694526203221 -0.63524879363346576 -0.22298089736325824
leaf_weight=553576 195910 46076 6036 71311 20959 1455065 437285 10018 5853 50451 6169 88346 10842 69442
leaf_count=553576 195910 46076 6036 71311 20959 1455065 437285 10018 5853 50451 6169 88346 10842 69442
internal_value=9.27938e-07 0.029108 0.0802878 0.0524964 0.35527 0.0190765 -0.0424164 -0.0659129 -0.113993 -0.130554 -0.120494 -0.162428 -0.432479 -0.133288
internal_weight=3.02734e+06 1.79536e+06 294216 267221 26995 1.50114e+06 1.23198e+06 678406 241121 231103 225250 174799 17011 157788
internal_count=3027339 1795357 294216 267221 26995 1501141 1231982 678406 241121 231103 225250 174799 17011 157788
is_linear=0
shrinkage=0.02


Tree=36
num_leaves=15
num_cat=0
split_feature=8 7 22 19 17 0 7 19 22 0 19 8 7 7
split_gain=8.97432e+06 2.26592e+06 4.53972e+06 2.44663e+06 2.0522e+06 2.48524e+06 1.98805e+06 4.60553e+06 3.04446e+06 2.9905e+06 2.40194e+06 2.16138e+06 1.80474e+06 1.96998e+06
threshold=-0.69954469799995411 11185.928222656252 11175.656738281252 11206.098144531252 0.26605693995952612 2611.5000000000005 10947.744140625002 10950.788574218752 10950.734863281252 3816.5000000000005 10913.085937500002 0.69195944070816051 11203.090820312502 12753.250976562502
decision_type=2 2 2 2 2 2 2 2 2 2 2 2 2 2
left_child=4 2 6 12 -1 -6 7 9 -9 -2 -8 -12 -3 -14
right_child=1 3 -4 -5 5 -7 10 8 -10 -11 11 -13 13 -15
leaf_value=0.026760116159185221 0.0082633387270655591 -0.003000742937560765 0.23642697649695443 0.022962530919667552 -0.022585456550168217 -0.083409332738850261 -0.2097913836126897 0.7060716277462824 0.20871077663564644 0.15416808446136146 0.14565730167488644 -0.011008482479989295 -0.15913694639304385 0.92665834353520327
leaf_weight=153859 198587 79788 53137 1042985 568810 509313 19942 5956 28266 78355 43592 183321 60762 666
leaf_count=153859 198587 79788 53137 1042985 568810 509313 19942 5956 28266 78355 43592 183321 60762 666
internal_value=8.94973e-07 0.0285259 0.0598018 0.0123843 -0.0415683 -0.0513196 0.0429788 0.0766017 0.295453 0.0495482 0.000595288 0.0190934 -0.0657393 -0.147216
internal_weight=3.02734e+06 1.79536e+06 611156 1.1842e+06 1.23198e+06 1.07812e+06 558019 311164 34222 276942 246855 226913 141216 61428
internal_count=3027339 1795357 611156 1184201 1231982 1078123 558019 311164 34222 276942 246855 226913 141216 61428
is_linear=0
shrinkage=0.02


Tree=37
num_leaves=15
num_cat=0
split_feature=5 7 20 20 7 20 7 24 7 7 20 7 21 7
split_gain=7.59681e+06 2.18362e+06 4.63774e+06 2.01636e+06 2.26801e+06 3.53242e+06 6.09768e+06 1.97236e+06 1.93461e+06 1.74599e+06 6.019e+06 4.1904e+06 1.62999e+06 3.21921e+06
threshold=-0.0074999998323619357 10942.550292968752 10920.458984375002 11432.057617187502 10976.409667968752 10986.533691406252 11013.437500000002 10913.860351562502 10974.288085937502 11203.090820312502 11199.758789062502 11240.761718750002 12773.829101562502 12723.007324218752
decision_type=2 2 2 2 2 2 2 2 2 2 2 2 2 2
left_child=3 2 -2 4 -1 6 -6 8 -3 -7 11 -11 13 -9
right_child=1 7 -4 -5 5 9 -8 12 -10 10 -12 -13 -14 -15
leaf_value=-0.013137894614623622 0.042958287394648312 -0.055752067651874578 0.26919403182845913 -0.006389040034515645 -0.025367364440343963 -0.023293876683854062 -0.67922301601189206 0.020845582047029722 -0.46835440509550086 -0.22721271964520878 -0.066852532878213689 -0.73299322719502746 0.1709188603111402 -0.1530702052263623
leaf_weight=263098 258260 16653 42153 452720 12305 168367 10628 1449463 6244 31192 236549 8291 27565 43851
leaf_count=263098 258260 16653 42153 452720 12305 168367 10628 1449463 6244 31192 236549 8291 27565 43851
internal_value=1.00586e-06 0.0253775 0.0747109 -0.0395535 -0.0601084 -0.0865509 -0.328553 0.015777 -0.168425 -0.0740553 -0.105015 -0.33358 0.0185512 0.0157376
internal_weight=3.02734e+06 1.84419e+06 300413 1.18315e+06 730430 467332 22933 1.54378e+06 22897 444399 276032 39483 1.52088e+06 1.49331e+06
internal_count=3027339 1844189 300413 1183150 730430 467332 22933 1543776 22897 444399 276032 39483 1520879 1493314
is_linear=0
shrinkage=0.02


Tree=38
num_leaves=15
num_cat=0
split_feature=8 17 21 23 23 21 4 4 9 4 23 4 23 4
split_gain=8.34865e+06 2.03502e+06 1.70923e+06 2.90341e+06 2.06908e+06 2.78458e+06 1.68855e+06 1.64593e+06 1.57168e+06 1.51614e+06 1.30289e+06 3.06286e+06 1.24115e+06 2.61966e+06
threshold=-0.66993230581283558 0.30344274640083319 12773.829101562502 12706.215332031252 12677.269531250002 12688.229980468752 172.26499938964847 284.38999938964849 0.55122801661491405 -113.6949996948242 12225.526855468752 -168.94499969482419 12225.526855468752 -222.23500061035153
decision_type=2 2 2 2 2 2 2 2 2 2 2 2 2 2
left_child=1 10 3 4 7 -6 -7 -2 12 -10 -1 -12 -3 -14
right_child=2 8 -4 -5 5 6 -8 -9 9 -11 11 -13 13 -15
leaf_value=-0.0077104182398713616 0.026523840032073923 -0.040059227876658943 0.18612780881527169 -0.12508833834146571 0.70484617571579977 0.15908516180427973 -0.87968832900725225 0.27186486760583445 -0.12743690363858032 -0.053838380721606127 0.61447205782029124 0.053493394529381941 0.80020401116077466 0.028644700824477308
leaf_weight=228928 1649332 371530 27023 49501 4117 10937 654 11001 155893 397335 4401 33181 1789 81717
leaf_count=228928 1649332 371530 27023 49501 4117 10937 654 11001 155893 397335 4401 33181 1789 81717
internal_value=8.5616e-07 -0.0389419 0.0283269 0.0258546 0.0303133 0.258703 0.0997649 0.0281511 -0.0519335 -0.0745795 0.0102083 0.119333 -0.0243996 0.0452684
internal_weight=3.02734e+06 1.27477e+06 1.75256e+06 1.72554e+06 1.67604e+06 15708 11591 1.66033e+06 1.00826e+06 553228 266510 37582 455036 83506
internal_count=3027339 1274774 1752565 1725542 1676041 15708 11591 1660333 1008264 553228 266510 37582 455036 83506
is_linear=0
shrinkage=0.02


Tree=39
num_leaves=15
num_cat=0
split_feature=8 7 22 20 9 7 7 25 7 7 7 0 7 7
split_gain=8.02107e+06 2.12816e+06 4.3837e+06 2.43395e+06 1.94975e+06 2.76443e+06 3.35731e+06 2.83685e+06 2.26319e+06 3.52502e+06 3.97551e+06 3.37197e+06 2.56511e+06 2.48346e+06
threshold=-0.69954469799995411 11185.928222656252 11175.656738281252 11164.589355468752 0.55122801661491405 10765.747070312502 10699.223144531252 0.033176848664879806 10857.246582031252 10974.288085937502 11130.324218750002 3134.5000000000005 10997.610839843752 11199.130371093752
decision_type=2 2 2 2 2 2 2 2 2 2 2 2 2 2
left_child=4 2 -2 -3 -1 6 -6 -8 -7 -10 11 -11 -13 -12
right_child=1 3 -4 -5 5 8 7 -9 9 10 13 12 -14 -15
leaf_value=-0.012551385644368685 0.040747382996130323 -0.15399225820321605 0.23084220242037781 0.016298220413500521 -0.20085660896235827 -0.25190846069390466 0.02618422231178166 0.53909821756655696 0.037395168253454146 -0.10675744982057309 0.02884392849542446 -0.17023401121001164 -0.52859825188464937 -0.088320343622946024
leaf_weight=578375 558019 34573 53137 1149628 7828 26540 8139 9169 113103 46142 93822 14161 18363 316340
leaf_count=578375 558019 34573 53137 1149628 7828 26540 8139 9169 113103 46142 93822 14161 18363 316340
internal_value=9.45646e-07 0.0269685 0.0572787 0.0113253 -0.0392985 -0.0629664 0.142665 0.298059 -0.0711929 -0.0632208 -0.0865012 -0.21673 -0.372667 -0.0615196
internal_weight=3.02734e+06 1.79536e+06 611156 1.1842e+06 1.23198e+06 653607 25136 17308 628471 601931 488828 78666 32524 410162
internal_count=3027339 1795357 611156 1184201 1231982 653607 25136 17308 628471 601931 488828 78666 32524 410162
is_linear=0
shrinkage=0.02


Tree=40
num_leaves=15
num_cat=0
split_feature=9 7 7 22 20 7 23 7 20 7 5 7 22 7
split_gain=7.07954e+06 2.59962e+06 5.74941e+06 2.34424e+06 4.30482e+06 2.30012e+06 2.29522e+06 3.63292e+06 9.24398e+06 2.69755e+06 2.75762e+06 3.59105e+06 2.16923e+06 1.99939e+06
threshold=-0.20045207440853116 10942.550292968752 10853.744628906252 10935.586425781252 10957.179199218752 10686.048828125002 11353.098144531252 11211.744628906252 11201.510742187502 11365.239746093752 -1.0000000180025095e-35 11346.758300781252 10653.151855468752 11240.761718750002
decision_type=2 2 2 2 2 2 2 2 2 2 2 2 2 2
left_child=1 2 5 4 -3 12 7 -2 13 10 -8 -12 -1 -9
right_child=6 3 -4 -5 -6 -7 9 8 -10 -11 11 -13 -14 -15
leaf_value=0.015476032078904651 -0.030460843688902436 -0.08819188350198473 0.22743693721166774 0.024388909227384181 -1.1593667717542766 -0.026921701758594138 0.0035745354317786595 -0.35170584588526377 -0.074021848496174214 -0.015030296888616262 0.69418977287538952 0.12194403774885822 0.22755366163281185 -0.71879628697307696
leaf_weight=41984 560893 40226 82133 1121668 1549 119241 23632 16408 146344 809157 6823 12267 35686 9328
leaf_count=41984 560893 40226 82133 1121668 1549 119241 23632 16408 146344 809157 6823 12267 35686 9328
internal_value=8.87259e-07 0.0320591 0.0868814 0.0189097 -0.128179 0.0282459 -0.0291776 -0.0551247 -0.13551 -0.00685177 0.148017 0.326729 0.112934 -0.484986
internal_weight=3.02734e+06 1.44249e+06 279044 1.16344e+06 41775 196911 1.58485e+06 732973 172080 851879 42722 19090 77670 25736
internal_count=3027339 1442487 279044 1163443 41775 196911 1584852 732973 172080 851879 42722 19090 77670 25736
is_linear=0
shrinkage=0.02


Tree=41
num_leaves=15
num_cat=0
split_feature=8 20 4 20 23 4 22 23 20 22 20 22 4 20
split_gain=7.43003e+06 1.86348e+06 1.54108e+06 1.54063e+06 1.51717e+06 1.51144e+06 1.28386e+06 2.40503e+06 1.63762e+06 1.11426e+06 1.69558e+06 1.21358e+06 4.80978e+06 3.144e+06
threshold=-0.69954469799995411 11419.446777343752 284.38999938964849 12846.489746093752 12760.748046875002 -271.19000244140619 12707.513183593752 12677.269531250002 12704.233886718752 11742.427734375002 11594.234375000002 12225.106445312502 -174.19499969482419 12396.565429687502
decision_type=2 2 2 2 2 2 2 2 2 2 2 2 2 2
left_child=1 5 3 6 -5 -1 7 -2 -9 10 -3 -11 13 -13
right_child=2 9 -4 4 -6 -7 -8 8 -10 11 -12 12 -14 -15
leaf_value=-0.33956664984695617 0.024315442002659088 0.015909333274594036 0.25996415414802143 -0.16076238660314776 0.41456670355697833 -0.054801623461980066 -0.056778350922718525 0.61848297302928501 0.15501247198439777 -0.051781045239814805 0.25165664417229833 0.76681122495596843 -0.01224992610714936 0.14931492226695206
leaf_weight=7522 1680133 61897 11177 2424 7457 738431 76983 3958 13225 224142 15191 5099 170376 9324
leaf_count=7522 1680133 61897 11177 2424 7457 738431 76983 3958 13225 224142 15191 5099 170376 9324
internal_value=7.9307e-07 -0.0378231 0.0259558 0.0244884 0.273406 -0.0576777 0.0231006 0.0267239 0.262069 -0.00734983 0.0623927 -0.020498 0.0174457 0.368001
internal_weight=3.02734e+06 1.23198e+06 1.79536e+06 1.78418e+06 9881 745953 1.7743e+06 1.69732e+06 17183 486029 77088 408941 184799 14423
internal_count=3027339 1231982 1795357 1784180 9881 745953 1774299 1697316 17183 486029 77088 408941 184799 14423
is_linear=0
shrinkage=0.02


Tree=42
num_leaves=15
num_cat=0
split_feature=8 7 21 20 21 7 23 20 9 20 7 20 20 7
split_gain=7.14645e+06 1.9988e+06 4.83354e+06 2.49087e+06 1.87313e+06 3.2933e+06 2.46062e+06 2.30834e+06 2.29532e+06 3.86496e+06 2.64555e+06 1.82213e+06 1.75157e+06 2.85698e+06
threshold=-0.66993230581283558 11185.928222656252 11204.439941406252 11166.539550781252 12773.829101562502 12723.007324218752 12677.269531250002 12704.233886718752 0.15994049608707431 11594.234375000002 11769.250976562502 12804.312011718752 11419.446777343752 11418.445800781252
decision_type=2 2 2 2 2 2 2 2 2 2 2 2 2 2
left_child=12 2 -2 -3 5 6 8 -8 -5 -10 -11 -7 13 -1
right_child=1 3 -4 4 -6 11 7 -9 9 10 -12 -13 -14 -15
leaf_value=-0.050664845878926883 0.046403660425672753 -0.15151286735089106 0.39478620524624225 0.020412034817051714 0.18065405295636594 -0.12526706200399773 0.69512840170509005 0.13794919111913634 -0.044154905105798344 -0.89695585561114044 -0.034232049073065887 -0.68981847356231474 -0.0071939812626933336 -0.39168676472342057
leaf_weight=757514 578803 36572 16371 995764 27023 42410 3607 16784 26568 4072 2183 2408 507314 9946
leaf_count=757514 578803 36572 16371 995764 27023 42410 3607 16784 26568 4072 2183 2408 507314 9946
internal_value=9.086e-07 0.0262083 0.0559929 0.0108915 0.0161921 0.0121273 0.0193012 0.236803 0.0149871 -0.149546 -0.596403 -0.155747 -0.036029 -0.0550894
internal_weight=3.02734e+06 1.75256e+06 595174 1.15739e+06 1.12082e+06 1.0938e+06 1.04898e+06 20391 1.02859e+06 32823 6255 44818 1.27477e+06 767460
internal_count=3027339 1752565 595174 1157391 1120819 1093796 1048978 20391 1028587 32823 6255 44818 1274774 767460
is_linear=0
shrinkage=0.02


Tree=43
num_leaves=15
num_cat=0
split_feature=4 7 19 7 7 23 19 9 7 9 23 23 9 23
split_gain=6.47122e+06 2.52978e+06 5.3266e+06 2.65806e+06 2.60329e+06 3.36803e+06 2.65997e+06 2.42828e+06 5.90486e+06 2.18221e+06 2.96302e+06 2.02299e+06 2.014e+06 2.65637e+06
threshold=31.384999275207523 10947.744140625002 10950.788574218752 10992.782226562502 11185.928222656252 11171.723144531252 11206.098144531252 0.15994049608707431 11470.466308593752 -0.69185054302215565 10958.754882812502 10951.334960937502 0.55122801661491405 12738.863281250002
decision_type=2 2 2 2 2 2 2 2 2 2 2 2 2 2
left_child=12 2 -2 -3 5 9 -6 -8 -9 -5 -11 -4 -1 -14
right_child=1 3 11 4 6 -7 7 8 -10 10 -12 -13 13 -15
leaf_value=-0.0071770488305066193 0.05722104417234166 -0.092155146774964822 0.66988219870847243 0.18473586726187918 -0.080923431085763928 0.24022208860721705 0.032376873919476898 0.18918146145504303 -0.59242370339608019 -0.56163382049405652 0.0093903904704417934 0.25930571630113003 -0.05784141086059702 0.18372492539429608
leaf_weight=937036 224850 79504 6192 28845 102582 49387 768088 7370 8114 3834 66796 21375 704684 18682
leaf_count=937036 224850 79504 6192 28845 102582 49387 768088 7370 8114 3834 66796 21375 704684 18682
internal_value=8.29265e-07 0.0322281 0.0893986 0.0192794 0.0278399 0.105226 0.014839 0.0273767 -0.220516 0.0381863 -0.0216813 0.351738 -0.0265305 -0.0516001
internal_weight=3.02734e+06 1.36694e+06 252417 1.11452e+06 1.03502e+06 148862 886154 783572 15484 99475 70630 27567 1.6604e+06 723366
internal_count=3027339 1366937 252417 1114520 1035016 148862 886154 783572 15484 99475 70630 27567 1660402 723366
is_linear=0
shrinkage=0.02


Tree=44
num_leaves=15
num_cat=0
split_feature=8 0 7 23 8 20 7 20 7 9 17 0 7 7
split_gain=6.61791e+06 1.94666e+06 2.81246e+06 3.57193e+06 2.79554e+06 2.6916e+06 1.91933e+06 3.1158e+06 1.93381e+06 1.91555e+06 1.90232e+06 2.21811e+06 1.66525e+06 1.57848e+06
threshold=-0.69954469799995411 1739.5000000000002 10947.744140625002 10870.834472656252 0.98362845182418834 10916.906250000002 10679.781738281252 10658.433593750002 10853.744628906252 -0.72323438525199879 0.20504906773567202 2591.5000000000005 10976.409667968752 10889.665527343752
decision_type=2 2 2 2 2 2 2 2 2 2 2 2 2 2
left_child=10 -2 3 4 6 12 7 -3 -8 -7 -1 -12 -4 -5
right_child=1 2 5 13 -6 9 8 -9 -10 -11 11 -13 -14 -15
leaf_value=0.072931859533569718 -0.0035765028769190309 0.030576479435040209 -0.091076747926022203 0.42790262707351595 -0.65336497145352768 0.16939401395200934 -0.028718822999060697 0.34719680411533865 0.21735356154117672 0.024349348578543605 -0.015210156280751086 -0.070339534118579281 -0.50096364467731425 0.18164359518542333
leaf_weight=61269 637312 29679 14094 13418 2193 37960 79119 21387 15224 892937 614949 555764 5510 46524
leaf_count=61269 637312 29679 14094 13418 2193 37960 79119 21387 15224 892937 614949 555764 5510 46524
internal_value=8.41481e-07 0.0244963 0.0399457 0.106645 0.053763 0.0253808 0.064472 0.163223 0.0110082 0.0302657 -0.0356961 -0.0413817 -0.206479 0.236831
internal_weight=3.02734e+06 1.79536e+06 1.15804e+06 207544 147602 950501 145409 51066 94343 930897 1.23198e+06 1.17071e+06 19604 59942
internal_count=3027339 1795357 1158045 207544 147602 950501 145409 51066 94343 930897 1231982 1170713 19604 59942
is_linear=0
shrinkage=0.02


Tree=45
num_leaves=15
num_cat=0
split_feature=9 24 19 9 20 9 19 5 19 22 5 20 19 1
split_gain=5.94028e+06 2.76051e+06 2.4233e+06 1.75239e+06 2.80534e+06 2.14221e+06 2.38806e+06 1.7038e+06 1.66014e+06 2.51687e+06 1.35179e+06 992948 1.33277e+06 1.30692e+06
threshold=0.53606674075126659 12725.326171875002 12790.271972656252 -0.24782751500606534 12183.192871093752 0.31095837056636816 12214.616699218752 0.0074999998323619374 12402.195800781252 12265.739746093752 0.082499999552965178 12689.021972656252 12157.729003906252 81.393573760986342
decision_type=2 2 2 2 2 2 2 2 2 2 2 2 2 2
left_child=3 -2 11 10 -5 6 7 -6 9 -7 -1 -3 13 -13
right_child=1 2 -4 4 5 8 -8 -9 -10 -11 -12 12 -14 -15
leaf_value=0.026285259163283545 -0.056048089058683664 0.98442567520782731 -0.19650669339273588 -0.022841640762928016 -0.035606633196800158 0.17904716740946858 -0.027949512730453391 0.28538591727921941 0.094789579953199948 0.72255770563321864 0.14634367173582644 0.21887057497945894 0.11652911567807614 0.8433907175949853
leaf_weight=1381464 712687 823 4993 723198 9832 10136 82696 20188 23756 5132 38551 2805 8504 2574
leaf_count=1381464 712687 823 4993 723198 9832 10136 82696 20188 23756 5132 38551 2805 8504 2574
internal_value=8.3184e-07 -0.0495917 0.183902 0.0158274 -0.00643724 0.0717429 0.0275194 0.180279 0.199437 0.362091 0.0295457 0.313105 0.272627 0.518735
internal_weight=3.02734e+06 732386 19699 2.29495e+06 874938 151740 112716 30020 39024 15268 1.42002e+06 14706 13883 5379
internal_count=3027339 732386 19699 2294953 874938 151740 112716 30020 39024 15268 1420015 14706 13883 5379
is_linear=0
shrinkage=0.02


Tree=46
num_leaves=15
num_cat=0
split_feature=8 0 17 0 16 17 16 4 23 4 4 23 23 23
split_gain=6.12724e+06 1.86185e+06 1.81393e+06 2.20735e+06 1.46895e+06 1.50374e+06 1.52986e+06 1.25778e+06 1.12492e+06 2.77654e+06 1.06058e+06 1.1489e+06 1.16729e+06 1.10921e+06
threshold=-0.69954469799995411 1739.5000000000002 0.30344274640083319 2413.5000000000005 -18.100000381469723 0.49345955252647405 -1.4999999999999998 284.38999938964849 12225.526855468752 -168.94499969482419 122.95499801635744 12310.619140625002 12773.843750000002 12677.269531250002
decision_type=2 2 2 2 2 2 2 2 2 2 2 2 2 2
left_child=2 -2 8 -4 -5 -6 -7 10 -1 -10 -3 -12 13 -13
right_child=1 7 3 4 5 6 -8 -9 9 -11 11 12 -14 -15
leaf_value=-0.0037375148970537476 -0.0038834917124772367 0.052354052464650858 -0.015908972984183638 0.01323002015645392 -0.06597195364876049 -0.048741137902148485 -0.19826707641787381 0.24972458163822606 0.58732312370090833 0.050562028772705658 0.026241380316145403 -0.036726776042117527 0.26737499477194576 -0.23175115478252292
leaf_weight=222956 637312 687086 473958 64122 312727 41049 82177 11177 4401 30592 392130 48262 4014 15376
leaf_count=222956 637312 687086 473958 64122 312727 41049 82177 11177 4401 30592 392130 48262 4014 15376
internal_value=1.03216e-06 0.023571 -0.0343471 -0.0468357 -0.0761464 -0.0892923 -0.148465 0.03868 0.0128107 0.118218 0.036621 0.0131094 -0.0629996 -0.0838772
internal_weight=3.02734e+06 1.79536e+06 1.23198e+06 974033 500075 435953 123226 1.15804e+06 257949 34993 1.14687e+06 459782 67652 63638
internal_count=3027339 1795357 1231982 974033 500075 435953 123226 1158045 257949 34993 1146868 459782 67652 63638
is_linear=0
shrinkage=0.02


Tree=47
num_leaves=15
num_cat=0
split_feature=9 7 7 1 7 22 7 22 7 19 7 22 19 7
split_gain=5.57119e+06 2.62128e+06 3.28761e+06 2.64792e+06 3.37094e+06 2.21327e+06 2.76043e+06 3.63786e+06 6.45563e+06 2.6894e+06 1.67418e+06 4.53619e+06 2.25725e+06 2.07183e+06
threshold=0.53606674075126659 10974.288085937502 11130.324218750002 79.374374389648452 11002.349121093752 12727.998535156252 11199.130371093752 11198.842285156252 11211.744628906252 12790.271972656252 11187.670410156252 11175.656738281252 11206.098144531252 11368.623535156252
decision_type=2 2 2 2 2 2 2 2 2 2 2 2 2 2
left_child=10 -2 3 -3 -5 6 -4 8 -8 -7 11 -1 -12 -14
right_child=1 2 5 4 -6 9 7 -9 -10 -11 12 -13 13 -15
leaf_value=0.025917530084174838 0.018221425660910479 -0.014623622095934451 0.03350265892869566 -0.13359249714819968 -0.43836143126138077 0.28610307438831362 -0.068745188053607034 -0.053583585816588702 -0.48115679118241744 -0.22085890563812738 -0.077664302536964533 0.21170306391801602 0.070214991228981449 0.0014312503658383941
leaf_weight=642841 180142 26174 101458 36346 24176 15621 41595 277263 23903 5708 124754 57241 203258 1266859
leaf_count=642841 180142 26174 101458 36346 24176 15621 41595 277263 23903 5708 124754 57241 203258 1266859
internal_value=1.05371e-06 -0.0480261 -0.069636 -0.18271 -0.255388 -0.0485755 -0.058132 -0.0852562 -0.219302 0.150391 0.0153281 0.0411108 0.0040103 0.0109417
internal_weight=3.02734e+06 732386 552244 86696 60522 465548 444219 342761 65498 21329 2.29495e+06 700082 1.59487e+06 1.47012e+06
internal_count=3027339 732386 552244 86696 60522 465548 444219 342761 65498 21329 2294953 700082 1594871 1470117
is_linear=0
shrinkage=0.02


Tree=48
num_leaves=15
num_cat=0
split_feature=8 0 21 22 24 21 0 22 4 20 21 4 8 21
split_gain=5.73228e+06 1.84047e+06 2.00339e+06 2.8963e+06 2.88923e+06 1.7077e+06 1.68008e+06 1.65202e+06 4.72373e+06 2.86441e+06 1.76469e+06 1.66709e+06 1.4504e+06 1.30481e+06
threshold=-0.66993230581283558 1266.5000000000002 12773.829101562502 12707.513183593752 12675.733398437502 12688.229980468752 2091.5000000000005 12225.106445312502 -174.19499969482419 12396.565429687502 12199.246093750002 -271.19000244140619 0.70960983633995067 12228.966308593752
decision_type=2 2 2 2 2 2 2 2 2 2 2 2 2 2
left_child=6 -2 3 4 -3 -6 -1 10 9 -9 11 -8 -5 -10
right_child=1 2 -4 12 5 -7 7 8 13 -11 -12 -13 -14 -15
leaf_value=-0.0056215759246150869 -0.011254528979050221 0.034746880326038988 0.22617724468205658 0.13613895460465641 0.72954061141784499 0.19095375146520407 -0.30323105434310466 0.73711684770362784 0.43181740417592901 0.14770653591172575 -0.30126420652777053 -0.055458169064559741 -0.19419041983523355 -0.043019263192956007
leaf_weight=543195 452748 1229027 21679 6374 3444 7435 11054 5099 2363 9324 12361 596883 31858 94495
leaf_count=543195 452748 1229027 21679 6374 3444 7435 11054 5099 2363 9324 12361 596883 31858 94495
internal_value=9.76958e-07 0.0234725 0.0355685 0.0323338 0.0376209 0.361971 -0.0322677 -0.052052 0.0189037 0.35645 -0.0647816 -0.0599683 -0.139097 -0.0313913
internal_weight=3.02734e+06 1.75256e+06 1.29982e+06 1.27814e+06 1.23991e+06 10879 1.27477e+06 731579 111281 14423 620298 607937 38232 96858
internal_count=3027339 1752565 1299817 1278138 1239906 10879 1274774 731579 111281 14423 620298 607937 38232 96858
is_linear=0
shrinkage=0.02


Tree=49
num_leaves=15
num_cat=0
split_feature=4 7 21 22 20 0 0 21 7 7 0 7 7 22
split_gain=5.20259e+06 2.30971e+06 4.39122e+06 2.68984e+06 3.57293e+06 2.27991e+06 1.91148e+06 2.08704e+06 5.05435e+06 1.81463e+06 1.79718e+06 1.67738e+06 1.64301e+06 1.52001e+06
threshold=31.384999275207523 10947.744140625002 10966.222167968752 10939.849609375002 10957.179199218752 3940.5000000000005 4398.5000000000009 12254.822753906252 12205.039550781252 10889.665527343752 6951.5000000000009 10699.223144531252 10889.665527343752 10865.598144531252
decision_type=2 2 2 2 2 2 2 2 2 2 2 2 2 2
left_child=6 2 5 4 -3 13 -1 12 -9 -4 -7 -12 -8 -2
right_child=1 3 9 -5 -6 10 7 8 -10 -11 11 -13 -14 -15
leaf_value=-0.015722517742418975 -0.020926113768974162 -0.10658885795614645 0.95928471558669515 0.022275676758831731 -1.0171495590167878 0.19191219540910337 0.19582011889529549 0.81990882747750804 -0.024637125633502396 0.32008893120451559 0.063300959740123869 -0.4823770699929939 -0.11504076395115018 0.11605646870356191
leaf_weight=1454893 113552 35110 2020 1077607 1803 65192 7065 3326 18852 14476 8834 3014 176266 45329
leaf_count=1454893 113552 35110 2020 1077607 1803 65192 7065 3326 18852 14476 8834 3014 176266 45329
internal_value=1.07105e-06 0.0288972 0.0835246 0.0165246 -0.151329 0.0614572 -0.0237879 -0.0808829 0.10233 0.398896 0.150736 -0.0758015 -0.103051 0.01816
internal_weight=3.02734e+06 1.36694e+06 252417 1.11452e+06 36913 235921 1.6604e+06 205509 22178 16496 77040 11848 183331 158881
internal_count=3027339 1366937 252417 1114520 36913 235921 1660402 205509 22178 16496 77040 11848 183331 158881
is_linear=0
shrinkage=0.02


Tree=50
num_leaves=15
num_cat=0
split_feature=8 17 0 0 20 20 20 23 8 20 20 20 8 4
split_gain=5.33122e+06 1.73799e+06 1.94401e+06 1.70482e+06 1.37295e+06 1.19704e+06 3.43646e+06 3.14919e+06 3.99344e+06 2.65752e+06 2.62173e+06 1.95219e+06 3.18139e+06 1.7969e+06
threshold=-0.69954469799995411 0.20504906773567202 2591.5000000000005 2212.5000000000005 11419.446777343752 11445.590332031252 11777.104492187502 11353.098144531252 0.92106926441192638 11594.234375000002 11685.419921875002 11400.935058593752 0.96999460458755504 118.33499908447267
decision_type=2 2 2 2 2 2 2 2 2 2 2 2 2 2
left_child=1 -1 -3 -2 -4 7 9 -5 -9 -7 -11 12 -10 -8
right_child=3 2 4 5 -6 6 13 8 11 10 -12 -13 -14 -15
leaf_value=0.071791661750283758 0.00050127336697973815 -0.012971571435119199 -0.089484696248992052 0.04634468541692674 -0.024900225318613575 -0.083474890918780562 0.070051913870728899 0.028966641816982067 -0.21965855204157755 -0.84514622004729878 -0.09345785011311257 0.72953090723747738 0.48113500626064837 -0.013369404866788972
leaf_weight=61269 810421 614949 341466 492936 214298 29114 227055 19291 3495 4102 3388 6144 9955 189456
leaf_count=61269 810421 614949 341466 492936 214298 29114 227055 19291 3495 4102 3388 6144 9955 189456
internal_value=1.10977e-06 -0.0320383 -0.0374728 0.0219867 -0.0645824 0.0396651 0.0157777 0.0600166 0.233275 -0.169989 -0.505711 0.434306 0.299004 0.0321071
internal_weight=3.02734e+06 1.23198e+06 1.17071e+06 1.79536e+06 555764 984936 453115 531821 38885 36604 7490 19594 13450 416511
internal_count=3027339 1231982 1170713 1795357 555764 984936 453115 531821 38885 36604 7490 19594 13450 416511
is_linear=0
shrinkage=0.02


Tree=51
num_leaves=15
num_cat=0
split_feature=8 17 4 8 4 20 24 24 4 4 22 4 19 19
split_gain=5.12096e+06 1.74025e+06 1.36205e+06 1.22883e+06 1.28248e+06 1.2285e+06 1.36714e+06 1.17327e+06 2.19219e+06 1.39252e+06 1.04831e+06 2.51329e+06 1.03919e+06 971862
threshold=-0.66993230581283558 0.30344274640083319 284.38999938964849 -0.83435350656509388 -113.6949996948242 12846.489746093752 12760.902343750002 12220.685058593752 -222.23500061035153 -249.45500183105466 12225.106445312502 -168.94499969482419 12708.687011718752 12728.486816406252
decision_type=2 2 2 2 2 2 2 2 2 2 2 2 2 2
left_child=1 10 5 7 12 13 -7 9 -9 -3 -1 -12 -5 -2
right_child=2 3 -4 4 -6 6 -8 8 -10 -11 11 -13 -14 -15
leaf_value=-0.0010860089243898761 0.022481180016660295 -0.23869154338177981 0.24216462268225086 -0.11709434631265998 -0.043462698121554177 -0.17907322646161114 0.4027546062105079 0.74063592089997554 0.034731053913026513 -0.025945443886622201 0.56419103500399981 0.053531216766865564 0.33398547024038439 -0.057885357463871766
leaf_weight=229067 1670317 12735 11177 153832 399120 2142 6500 1789 80724 358003 4354 33089 2061 62429
leaf_count=229067 1670317 12735 11177 153832 399120 2142 6500 1789 80724 358003 4354 33089 2061 62429
internal_value=1.09013e-06 -0.0304985 0.0221858 -0.0425124 -0.0624652 0.0207725 0.258501 -0.0180791 0.0501242 -0.0332597 0.0149526 0.113048 -0.11111 0.0195853
internal_weight=3.02734e+06 1.27477e+06 1.75256e+06 1.00826e+06 555013 1.74139e+06 8642 453251 82513 370738 266510 37443 155893 1.73275e+06
internal_count=3027339 1274774 1752565 1008264 555013 1741388 8642 453251 82513 370738 266510 37443 155893 1732746
is_linear=0
shrinkage=0.02


Tree=52
num_leaves=15
num_cat=0
split_feature=8 7 24 24 17 0 9 7 7 7 24 7 4 7
split_gain=4.92424e+06 1.69055e+06 3.78806e+06 2.10837e+06 1.6335e+06 1.85124e+06 1.52588e+06 2.91569e+06 2.06785e+06 3.58447e+06 4.22478e+06 1.70735e+06 1.6019e+06 1.44862e+06
threshold=-0.69954469799995411 11185.928222656252 11187.234375000002 11192.021972656252 0.20504906773567202 2131.5000000000005 0.63649341464042675 10974.288085937502 11130.324218750002 11211.744628906252 11202.134277343752 11164.235351562502 -37.545000076293938 12816.793945312502
decision_type=2 2 2 2 2 2 2 2 2 2 2 2 2 2
left_child=4 2 -2 -3 -1 -6 12 -8 -9 11 -11 -10 13 -7
right_child=1 3 -4 -5 5 6 7 8 9 10 -12 -13 -14 -15
leaf_value=0.069869626919278394 0.035417774826367224 -0.089490653286123725 0.24294437474463407 0.014554689788761699 -0.0073188222776146327 -0.028228186290389163 0.01733492198588002 -0.27046609135865479 0.48221397220964884 -0.47859460872775045 -0.11675683594945406 -0.015316989608563453 -0.39192687081279542 -0.50535596017118833
leaf_weight=61269 573684 83830 37472 1100371 507699 417556 63565 38406 2884 16653 57317 59111 4971 2551
leaf_count=61269 573684 83830 37472 1100371 507699 417556 63565 38406 2884 16653 57317 59111 4971 2551
internal_value=1.18259e-06 0.021131 0.0481457 0.00718857 -0.030791 -0.0360596 -0.0580672 -0.0986205 -0.140889 -0.104271 -0.198272 0.00790181 -0.0353658 -0.0311374
internal_weight=3.02734e+06 1.79536e+06 611156 1.1842e+06 1.23198e+06 1.17071e+06 663014 237936 174371 135965 73970 61995 425078 420107
internal_count=3027339 1795357 611156 1184201 1231982 1170713 663014 237936 174371 135965 73970 61995 425078 420107
is_linear=0
shrinkage=0.02


Tree=53
num_leaves=15
num_cat=0
split_feature=5 0 23 23 24 0 21 24 24 21 5 23 19 24
split_gain=4.37775e+06 2.00507e+06 1.35892e+06 1.45652e+06 3.00998e+06 1.31503e+06 1.52237e+06 1.98625e+06 2.11753e+06 1.89343e+06 1.20739e+06 1.10713e+06 1.41301e+06 960589
threshold=-0.022499999962747094 3994.5000000000005 11388.271972656252 10958.754882812502 10984.035156250002 1053.5000000000002 12773.829101562502 12709.020507812502 12697.016601562502 12688.229980468752 0.082499999552965178 12738.863281250002 11938.380859375002 12771.544921875002
decision_type=2 2 2 2 2 2 2 2 2 2 2 2 2 2
left_child=1 11 3 -3 -5 -2 7 8 10 -10 -7 -1 -13 -8
right_child=5 2 -4 4 -6 6 13 -9 9 -11 -12 12 -14 -15
leaf_value=-0.026757092290882033 -0.014438788608888786 -0.019965366077994057 -0.03503252816292473 -0.58586453400056437 -0.14822089370687874 0.020720816049145867 0.031186079606985693 -0.10974984306220313 0.72756480842007132 0.096304118262427366 0.14258629611872731 0.663756923760636 0.065651415638172048 0.26773588311913543
leaf_weight=666164 461315 28558 85115 6887 71200 1565663 11771 45063 3182 4707 33200 1671 26361 16482
leaf_count=666164 461315 28558 85115 6887 71200 1565663 11771 45063 3182 4707 33200 1671 26361 16482
internal_value=1.08962e-06 -0.0373896 -0.0946347 -0.142196 -0.18689 0.0154709 0.0236835 0.0211931 0.0248662 0.351522 0.0232522 -0.0215754 0.101529 0.169229
internal_weight=3.02734e+06 885956 191760 106645 78087 2.14138e+06 1.68007e+06 1.65182e+06 1.60675e+06 7889 1.59886e+06 694196 28032 28253
internal_count=3027339 885956 191760 106645 78087 2141383 1680068 1651815 1606752 7889 1598863 694196 28032 28253
is_linear=0
shrinkage=0.02


Tree=54
num_leaves=15
num_cat=0
split_feature=8 7 23 23 7 20 7 9 7 7 7 20 7 7
split_gain=4.59059e+06 1.67504e+06 3.66921e+06 2.36533e+06 6.6355e+06 3.98382e+06 3.63754e+06 1.56481e+06 2.66101e+06 3.31798e+06 1.97037e+06 6.15895e+06 2.08266e+06 1.56273e+06
threshold=-0.70585528016090382 11185.928222656252 11175.624023437502 11347.997070312502 11368.623535156252 11405.708496093752 11346.758300781252 0.63474419713020336 10765.747070312502 10699.223144531252 11219.278320312502 11201.510742187502 10857.246582031252 10971.728027343752
decision_type=2 2 2 2 2 2 2 2 2 2 2 2 2 2
left_child=7 2 -2 -3 5 6 -5 -1 9 -9 12 -12 -10 -14
right_child=1 3 -4 4 -6 -7 -8 8 10 -11 11 -13 13 -15
leaf_value=-0.013078696701733741 0.031532284403059337 -0.044579747784738326 0.20182457140869176 0.52597838172831557 0.010228794290376082 0.79249207692577794 0.072384600326866236 -0.20513410619745254 -0.23129000536235786 0.40067614172821175 -0.50181653882215171 -0.082106453669062246 0.04451135131477147 -0.05889114134609294
leaf_weight=775219 563988 279942 55591 9718 874979 5119 25916 5502 21702 10513 16140 104384 83454 195172
leaf_count=775219 563988 279942 55591 9718 874979 5119 25916 5502 21702 10513 16140 104384 83454 195172
internal_value=1.13885e-06 0.0201259 0.0468146 0.00629597 0.0218492 0.271278 0.196201 -0.0301382 -0.0604091 0.192549 -0.0700395 -0.138349 -0.0426225 -0.0279195
internal_weight=3.02734e+06 1.81525e+06 619579 1.19567e+06 915732 40753 35634 1.21209e+06 436867 16015 420852 120524 300328 278626
internal_count=3027339 1815253 619579 1195674 915732 40753 35634 1212086 436867 16015 420852 120524 300328 278626
is_linear=0
shrinkage=0.02


Tree=55
num_leaves=15
num_cat=0
split_feature=4 7 19 22 19 23 21 6 21 7 19 7 7 4
split_gain=4.20922e+06 2.16687e+06 5.50192e+06 2.41949e+06 2.80028e+06 1.61791e+06 1.93192e+06 1.68776e+06 1.39427e+06 2.34042e+06 4.86606e+06 5.06492e+06 1.88526e+06 1.85247e+06
threshold=31.384999275207523 10942.550292968752 10950.788574218752 10939.849609375002 10966.589843750002 10951.334960937502 10973.330566406252 95.033611297607436 11431.873535156252 11203.090820312502 11204.585449218752 11240.761718750002 11418.445800781252 -249.45500183105466
decision_type=2 2 2 2 2 2 2 2 2 2 2 2 2 2
left_child=8 2 -2 4 -3 -4 -7 -8 9 13 11 -11 -12 -1
right_child=1 3 5 -5 -6 6 7 -9 -10 10 12 -13 -14 -15
leaf_value=-0.35002928877623618 0.049975546680723106 -0.11269640100475997 0.66092503945663406 0.020063682061681711 -1.3084217175613804 -0.0049797025550597862 0.73930296334425383 0.21775025352662156 0.00050879499953794375 -0.1595452319903134 -0.029591155138848545 -0.6507154555144915 -0.24214283973237552 -0.010193913680044315
leaf_weight=6473 218891 40538 5996 1084525 789 6097 4406 5695 683694 53833 266386 9943 17798 622275
leaf_count=6473 218891 40538 5996 1084525 789 6097 4406 5695 683694 53833 266386 9943 17798 622275
internal_value=1.17845e-06 0.0259926 0.0804076 0.0143398 -0.135836 0.380389 0.276198 0.445757 -0.0213965 -0.03673 -0.078346 -0.236211 -0.0429111 -0.0136981
internal_weight=3.02734e+06 1.36694e+06 241085 1.12585e+06 41327 22194 16198 10101 1.6604e+06 976708 347960 63776 284184 628748
internal_count=3027339 1366937 241085 1125852 41327 22194 16198 10101 1660402 976708 347960 63776 284184 628748
is_linear=0
shrinkage=0.02


Tree=56
num_leaves=15
num_cat=0
split_feature=8 0 7 19 22 8 8 7 7 23 7 7 23 7
split_gain=4.2659e+06 1.57628e+06 2.6234e+06 3.5645e+06 2.60561e+06 2.17928e+06 2.1342e+06 2.0951e+06 1.7728e+06 2.07834e+06 1.70617e+06 2.76087e+06 2.43272e+06 2.10892e+06
threshold=-0.66576555371284474 2091.5000000000005 10947.744140625002 10950.788574218752 10935.586425781252 0.72930297255516063 0.68809700012207042 10976.409667968752 12723.007324218752 12677.269531250002 10997.610839843752 11189.119628906252 11175.624023437502 11006.505859375002
decision_type=2 2 2 2 2 2 2 2 2 2 2 2 2 2
left_child=-1 -2 3 -3 7 -5 -6 -4 9 10 -8 12 13 -12
right_child=1 2 4 5 6 -7 8 -9 -10 -11 11 -13 -14 -15
leaf_value=-0.027765265541144921 -0.0017341091408718831 0.071520397774225503 -0.037816616635767936 0.14203638067494695 0.169302938517392 0.53057676327596126 -0.121870738424517 -0.38007257439997849 -0.12812318571614567 0.25180503728121101 0.62730566696705858 0.011822808009645641 0.23715192586107819 0.011384365622703259
leaf_weight=1278530 745224 161307 20558 11517 40794 11591 31491 10965 30667 16090 2312 569801 43968 52524
leaf_count=1278530 745224 161307 20558 11517 40794 11591 31491 10965 30667 16090 2312 569801 43968 52524
internal_value=1.07639e-06 0.0203007 0.0366628 0.104812 0.0213196 0.337075 0.0284563 -0.156951 0.0207609 0.0271378 0.0219708 0.0287474 0.12634 0.0374629
internal_weight=3.02734e+06 1.74881e+06 1.00358e+06 184415 819170 23108 787647 31523 746853 716186 700096 668605 98804 54836
internal_count=3027339 1748809 1003585 184415 819170 23108 787647 31523 746853 716186 700096 668605 98804 54836
is_linear=0
shrinkage=0.02


Tree=57
num_leaves=15
num_cat=0
split_feature=9 7 7 4 24 7 20 7 7 7 7 23 9 23
split_gain=4.14979e+06 2.37954e+06 3.4293e+06 3.0117e+06 2.39819e+06 2.60145e+06 3.44504e+06 5.4023e+06 1.84551e+06 1.53926e+06 1.37959e+06 3.24037e+06 1.69268e+06 1.5376e+06
threshold=0.53606674075126659 10976.409667968752 11130.324218750002 -115.9449996948242 12725.326171875002 11199.130371093752 11199.758789062502 11211.744628906252 10997.610839843752 11240.761718750002 12723.007324218752 12677.269531250002 -0.68669712543487538 12738.863281250002
decision_type=2 2 2 2 2 2 2 2 2 2 2 2 2 2
left_child=10 -2 3 8 5 -4 7 -7 -3 -9 11 -1 -13 -12
right_child=1 2 4 -5 -6 6 -8 9 -10 -11 13 12 -14 -15
leaf_value=0.013709498979701838 0.020073925983079416 -0.16125175701026284 0.03763889047772561 -0.093896725726138844 0.17407702721642423 -0.065505913500843893 -0.047447779959378183 -0.32032573085605814 -0.49162238772993166 -0.64882664910447552 -0.1842408730780962 0.55345737099548575 0.155376332143497 -0.0087953570587291172
leaf_weight=2171818 187189 11730 101458 51909 19699 39367 280687 15151 16010 9186 28495 5266 22551 66823
leaf_count=2171818 187189 11730 101458 51909 19699 39367 280687 15151 16010 9186 28495 5266 22551 66823
internal_value=1.14474e-06 -0.041449 -0.0625724 -0.183833 -0.0418228 -0.0513657 -0.0775869 -0.210355 -0.352033 -0.444535 0.0132292 0.0164573 0.230909 -0.0612582
internal_weight=3.02734e+06 732386 545197 79649 465548 445849 344391 63704 27740 24337 2.29495e+06 2.19964e+06 27817 95318
internal_count=3027339 732386 545197 79649 465548 445849 344391 63704 27740 24337 2294953 2199635 27817 95318
is_linear=0
shrinkage=0.02


Tree=58
num_leaves=15
num_cat=0
split_feature=9 8 7 7 25 7 7 7 4 24 7 21 7 19
split_gain=3.98553e+06 2.40225e+06 2.3482e+06 3.03903e+06 2.89599e+06 2.63532e+06 3.26988e+06 2.89801e+06 3.12034e+06 2.30327e+06 2.49846e+06 3.13779e+06 5.20593e+06 2.19659e+06
threshold=0.53606674075126659 -0.95380857586860646 10765.747070312502 10699.223144531252 0.044394118711352355 10857.246582031252 10974.288085937502 11130.324218750002 -115.9449996948242 12725.326171875002 11199.130371093752 11202.996582031252 11211.744628906252 12790.271972656252
decision_type=2 2 2 2 2 2 2 2 2 2 2 2 2 2
left_child=1 -1 3 -2 -5 -4 -7 8 -8 10 -9 12 -12 -11
right_child=2 -3 5 4 -6 6 7 9 -10 13 11 -13 -14 -15
leaf_value=-0.041133316003577981 -0.18447613164080945 0.020704248235050775 -0.23963459494209013 0.07453538454673525 0.58393111250619423 0.051977394960856793 -0.33312784066909251 0.036886186777659369 -0.080293326625327968 0.29361034134665387 -0.058571230856368305 -0.045061957143344204 -0.40846212627175749 -0.19157477055743483
leaf_weight=287230 7837 2007723 27442 10778 7615 126470 29695 101458 57001 14706 44049 272638 27704 4993
leaf_count=287230 7837 2007723 27442 10778 7615 126470 29695 101458 57001 14706 44049 272638 27704 4993
internal_value=1.05067e-06 0.0129647 -0.0406204 0.145159 0.285637 -0.0475232 -0.0397522 -0.0607599 -0.166923 -0.0409867 -0.0503388 -0.0760358 -0.193703 0.170597
internal_weight=3.02734e+06 2.29495e+06 732386 26230 18393 706156 678714 552244 86696 465548 445849 344391 71753 19699
internal_count=3027339 2294953 732386 26230 18393 706156 678714 552244 86696 465548 445849 344391 71753 19699
is_linear=0
shrinkage=0.02


Tree=59
num_leaves=15
num_cat=0
split_feature=8 7 21 20 17 0 13 14 20 24 0 7 21 4
split_gain=3.82211e+06 1.54517e+06 3.50137e+06 2.09101e+06 1.4972e+06 1.78152e+06 1.43496e+06 1.53187e+06 1.30667e+06 1.23853e+06 1.19645e+06 2.13158e+06 2.60134e+06 2.88282e+06
threshold=-0.70585528016090382 11185.928222656252 11202.996582031252 11164.589355468752 0.32226191461086279 2111.5000000000005 -10.499999999999998 0.66362661123275768 12846.489746093752 12760.902343750002 2551.5000000000005 10947.744140625002 10976.944824218752 284.38999938964849
decision_type=2 2 2 2 2 2 2 2 2 2 2 2 2 2
left_child=4 2 10 -3 -1 -6 -7 -8 -5 -10 -2 -12 13 -13
right_child=1 3 -4 8 5 6 7 -9 9 -11 11 12 -14 -15
leaf_value=0.0097104180018507767 0.0076394477827428867 -0.14728961965485568 0.3080957262880224 0.0076966737896139214 -0.0079568991433113558 -0.0059325532425554307 -0.064572178890026838 -0.16514079637233234 -0.1777087377910081 0.35710709684523007 0.11397115945740571 -0.15667529059722063 0.076549955679622098 0.29008457742243726
leaf_weight=318767 304798 34962 19440 1150751 380075 124320 313847 75077 2224 7737 158722 47231 82815 6573
leaf_count=318767 304798 34962 19440 1150751 380075 124320 313847 75077 2224 7737 158722 47231 82815 6573
internal_value=9.94683e-07 0.0183642 0.0439975 0.0050812 -0.0275002 -0.0407782 -0.0650828 -0.0839895 0.00967203 0.237638 0.0354376 0.0641246 0.00620937 -0.102052
internal_weight=3.02734e+06 1.81525e+06 619579 1.19567e+06 1.21209e+06 893319 513244 388924 1.16071e+06 9961 600139 295341 136619 53804
internal_count=3027339 1815253 619579 1195674 1212086 893319 513244 388924 1160712 9961 600139 295341 136619 53804
is_linear=0
shrinkage=0.02


Tree=60
num_leaves=15
num_cat=0
split_feature=9 7 7 7 7 7 1 7 8 23 7 20 7 7
split_gain=3.74881e+06 2.25681e+06 2.91925e+06 2.52958e+06 3.1319e+06 2.77982e+06 2.38857e+06 3.1074e+06 2.24339e+06 1.99671e+06 2.35166e+06 3.2243e+06 4.99803e+06 1.71626e+06
threshold=0.53606674075126659 10765.747070312502 10699.223144531252 10857.246582031252 10974.288085937502 11130.324218750002 79.374374389648452 11002.349121093752 -0.95380857586860646 12738.863281250002 11199.130371093752 11199.758789062502 11219.278320312502 11365.239746093752
decision_type=2 2 2 2 2 2 2 2 2 2 2 2 2 2
left_child=8 2 -2 -3 -5 6 -6 -8 13 10 -7 12 -12 -1
right_child=1 3 -4 4 5 9 7 -9 -10 -11 11 -13 -14 -15
leaf_value=0.05054665792413892 -0.18034135681683044 -0.23438063427013808 0.28041448278574038 0.051224047846075635 -0.0034456837427373037 0.036438653935517332 -0.11517879496554186 -0.40778452431636164 0.020053037011630536 0.16277661006493932 -0.091064496289106303 -0.044017016966660681 -0.4855903953475656 -0.066185179561184471
leaf_weight=65155 7837 27442 18393 126470 26174 101458 36346 24176 2007723 18682 45871 281704 17833 222075
leaf_count=65155 7837 27442 18393 126470 26174 101458 36346 24176 2007723 18682 45871 281704 17833 222075
internal_value=1.00441e-06 -0.0393957 0.142733 -0.0461627 -0.0385493 -0.0591089 -0.163084 -0.232111 0.0125737 -0.0397432 -0.0482134 -0.0730789 -0.201565 -0.0397049
internal_weight=3.02734e+06 732386 26230 706156 678714 552244 86696 60522 2.29495e+06 465548 446866 345408 63704 287230
internal_count=3027339 732386 26230 706156 678714 552244 86696 60522 2294953 465548 446866 345408 63704 287230
is_linear=0
shrinkage=0.02


Tree=61
num_leaves=15
num_cat=0
split_feature=8 17 0 0 21 22 24 21 16 17 16 8 4 22
split_gain=3.51838e+06 1.51158e+06 1.67556e+06 1.48994e+06 1.75211e+06 2.59103e+06 2.65254e+06 1.5038e+06 1.30714e+06 1.32219e+06 1.31698e+06 1.2853e+06 1.18364e+06 995031
threshold=-0.66576555371284474 0.30344274640083319 2631.5000000000005 1150.5000000000002 12773.829101562502 12707.513183593752 12675.733398437502 12688.229980468752 -18.100000381469723 0.49970324337482458 -1.6999999880790708 0.70960983633995067 284.38999938964849 12225.106445312502
decision_type=2 2 2 2 2 2 2 2 2 2 2 2 2 2
left_child=1 13 -3 -2 5 6 12 -8 -4 -10 -11 -7 -5 -1
right_child=3 2 8 4 -6 11 7 -9 9 10 -12 -13 -14 -15
leaf_value=0.001442365610934415 -0.014889372029892971 -0.012192617736625057 0.023107161775519899 0.026116724160548856 0.20847819178100838 0.1195059006440745 0.67433934959644037 0.17916307252681535 -0.054768969313147259 -0.037767034498360309 -0.18379603693209198 -0.18578577964130047 0.2343870481109406 0.1122971925353745
leaf_weight=229656 410616 536750 60430 1255157 21320 6630 3560 7879 302556 36974 74468 32646 11001 37696
leaf_count=229656 410616 536750 60430 1255157 21320 6630 3560 7879 302556 36974 74468 32646 11001 37696
internal_value=9.15918e-07 -0.0252156 -0.0363975 0.0184364 0.0286623 0.0257495 0.0306687 0.333726 -0.0637811 -0.0764642 -0.135355 -0.134233 0.0279281 0.0170763
internal_weight=3.02734e+06 1.27853e+06 1.01118e+06 1.74881e+06 1.33819e+06 1.31687e+06 1.2776e+06 11439 474428 413998 111442 39276 1.26616e+06 267352
internal_count=3027339 1278530 1011178 1748809 1338193 1316873 1277597 11439 474428 413998 111442 39276 1266158 267352
is_linear=0
shrinkage=0.02


Tree=62
num_leaves=15
num_cat=0
split_feature=9 7 7 7 7 20 7 24 19 8 0 19 7 24
split_gain=3.51302e+06 2.16785e+06 2.80313e+06 2.4261e+06 3.00454e+06 2.68427e+06 6.19846e+06 2.26115e+06 2.10232e+06 2.09694e+06 1.69865e+06 1.706e+06 1.65556e+06 2.86298e+06
threshold=0.53606674075126659 10765.747070312502 10699.223144531252 10857.246582031252 10974.288085937502 10986.533691406252 11013.437500000002 12725.326171875002 12790.271972656252 -0.95380857586860646 3113.5000000000005 10767.543457031252 12723.007324218752 12675.733398437502
decision_type=2 2 2 2 2 2 2 2 2 2 2 2 2 2
left_child=9 2 -2 -3 -5 6 -6 -7 -9 -1 11 -4 13 -11
right_child=1 3 10 4 5 7 -8 8 -10 12 -12 -13 -14 -15
leaf_value=-0.038371557028613459 -0.17621761413076839 -0.22909667252029903 -0.032889199926756402 0.050616138820405221 -0.00065850263568446475 -0.055252022018360644 -0.59251879630744575 0.28347100824592686 -0.1911842802856151 0.019691999495078421 0.61116688031392186 0.41344924261151039 -0.082411949529744177 0.22212585108730579
leaf_weight=287230 7837 27442 7716 126470 17219 503318 12008 14706 4993 1917471 4529 6148 61903 28349
leaf_count=287230 7837 27442 7716 126470 17219 503318 12008 14706 4993 1917471 4529 6148 61903 28349
internal_value=9.69814e-07 -0.0381366 0.140366 -0.044769 -0.0373129 -0.0574502 -0.243946 -0.047024 0.163126 0.0121719 0.275281 0.165194 0.0194029 0.0226424
internal_weight=3.02734e+06 732386 26230 706156 678714 552244 29227 523017 19699 2.29495e+06 18393 13864 2.00772e+06 1.94582e+06
internal_count=3027339 732386 26230 706156 678714 552244 29227 523017 19699 2294953 18393 13864 2007723 1945820
is_linear=0
shrinkage=0.02


Tree=63
num_leaves=15
num_cat=0
split_feature=9 8 25 17 17 5 20 20 9 20 8 25 25 20
split_gain=3.37536e+06 2.00511e+06 1.24667e+06 1.11081e+06 1.03328e+06 964586 968712 3.52946e+06 4.23565e+06 2.02447e+06 1.70371e+06 1.15223e+06 1.13096e+06 1.11167e+06
threshold=0.55122801661491405 -0.95380857586860646 0.036945587024092681 0.12508517503738406 0.33335362374782568 0.082499999552965178 12183.192871093752 12396.565429687502 -0.44019870460033411 12289.903808593752 0.70960983633995067 0.078993257135152831 0.086208455264568343 12107.019042968752
decision_type=2 2 2 2 2 2 2 2 2 2 2 2 2 2
left_child=1 2 -1 -3 -2 6 12 8 -8 11 -9 -10 -5 -14
right_child=4 3 -4 5 -6 -7 7 10 9 -11 -12 -13 13 -15
leaf_value=-0.00782593356383008 -0.0014471070068110693 0.13777196823283899 -0.095905403883337056 0.011647418780130425 -0.053453880354905108 0.11292635734818941 0.003540943988693358 0.10966624527673473 0.16568514692809441 0.46612356229710883 -0.027075274824659126 0.63776866028732415 -0.059258655740976149 -0.56031594627791381
leaf_weight=190130 219291 30939 97100 1504713 504075 41072 60828 44734 58112 12088 196527 2136 63782 1812
leaf_count=190130 219291 30939 97100 1504713 504075 41072 60828 44734 58112 12088 196527 2136 63782 1812
internal_value=9.63201e-07 0.0118341 -0.0376042 0.0188754 -0.0376881 0.0170223 0.0149963 0.0439031 0.126551 0.229975 -0.00171743 0.182526 0.00810344 -0.0731837
internal_weight=3.02734e+06 2.30397e+06 287230 2.01674e+06 723366 1.9858e+06 1.94473e+06 374425 133164 72336 241261 60248 1.57031e+06 65594
internal_count=3027339 2303973 287230 2016743 723366 1985804 1944732 374425 133164 72336 241261 60248 1570307 65594
is_linear=0
shrinkage=0.02


Tree=64
num_leaves=15
num_cat=0
split_feature=5 7 19 19 7 7 4 4 7 21 7 7 21 7
split_gain=3.15093e+06 1.44828e+06 4.0926e+06 2.03947e+06 1.59998e+06 1.62384e+06 1.15216e+06 1.04303e+06 1.32101e+06 1.02939e+06 1.71333e+06 1.46733e+06 2.89561e+06 2.5997e+06
threshold=-0.022499999962747094 11196.523925781252 11204.585449218752 11204.585449218752 11208.547363281252 12753.250976562502 284.38999938964849 11.105000019073488 11182.957519531252 11444.021484375002 11754.592285156252 10880.121582031252 10810.560058593752 10833.774902343752
decision_type=2 2 2 2 2 2 2 2 2 2 2 2 2 2
left_child=9 3 4 6 -3 -6 -2 -5 -9 11 -11 12 -1 -14
right_child=1 2 -4 7 5 -7 -8 8 -10 10 -12 -13 13 -15
leaf_value=-0.069338128053620662 0.024878062084423874 -0.049153973483421674 0.010961714499451944 -0.051459407009692287 -0.2156639296222933 0.81566147719523441 0.23438945809920086 0.38562943138709915 0.11025154028419837 0.12082433518120683 -0.020320963989757405 -0.060676125457394474 0.51030545145263861 0.080927266940386641
leaf_weight=46131 742600 62551 1243243 6083 47606 609 10640 12937 15114 39250 277925 490248 7264 25138
leaf_count=46131 742600 62551 1243243 6083 47606 609 10640 12937 15114 39250 277925 490248 7264 25138
internal_value=9.99497e-07 0.0131254 0.000582624 0.0346942 -0.115903 -0.20247 0.0278406 0.185879 0.237348 -0.0317207 -0.00285109 -0.0478192 0.0324382 0.177315
internal_weight=3.02734e+06 2.14138e+06 1.35401e+06 787374 110766 48215 753240 34134 28051 885956 317175 568781 78533 32402
internal_count=3027339 2141383 1354009 787374 110766 48215 753240 34134 28051 885956 317175 568781 78533 32402
is_linear=0
shrinkage=0.02


Tree=65
num_leaves=15
num_cat=0
split_feature=8 7 21 20 17 20 7 7 7 21 20 24 7 20
split_gain=3.04361e+06 1.43856e+06 3.32666e+06 1.96176e+06 1.36001e+06 1.18919e+06 1.95754e+06 1.63296e+06 1.62897e+06 1.79482e+06 1.1855e+06 1.15783e+06 1.13792e+06 3.53663e+06
threshold=-0.70585528016090382 11185.928222656252 11184.482421875002 11164.589355468752 0.20504906773567202 11432.057617187502 11754.592285156252 11456.161132812502 11418.445800781252 11402.060058593752 12846.489746093752 12760.902343750002 10942.550292968752 10920.458984375002
decision_type=2 2 2 2 2 2 2 2 2 2 2 2 2 2
left_child=4 2 12 -3 -1 8 7 -7 -6 -10 -5 -12 13 -2
right_child=1 3 -4 10 5 6 -8 -9 9 -11 11 -13 -14 -15
leaf_value=0.068156856498802126 0.026669502562983435 -0.14401545714050715 0.20955158309568692 0.0061364162319882658 -0.040208874914802531 0.012626735416263073 -0.020522608099839176 0.22057398248872073 -0.61334691290935239 -0.12815810789852342 -0.17641759474644222 0.34067054949168035 -0.00052419639331358298 0.22030134130017037
leaf_weight=60158 251512 34962 43595 1150751 705430 35478 366623 26297 3875 14225 2224 7737 280091 44381
leaf_count=60158 251512 34962 43595 1150751 705430 35478 366623 26297 3875 14225 2224 7737 280091 44381
internal_value=1.10051e-06 0.0163878 0.0411209 0.00357124 -0.02454 -0.0293815 -0.00297261 0.101169 -0.0450178 -0.232314 0.00801795 0.225157 0.0283693 0.0557189
internal_weight=3.02734e+06 1.81525e+06 619579 1.19567e+06 1.21209e+06 1.15193e+06 428398 61775 723530 18100 1.16071e+06 9961 575984 295893
internal_count=3027339 1815253 619579 1195674 1212086 1151928 428398 61775 723530 18100 1160712 9961 575984 295893
is_linear=0
shrinkage=0.02


Tree=66
num_leaves=15
num_cat=0
split_feature=9 7 7 25 7 7 7 4 7 20 7 7 23 19
split_gain=3.08782e+06 2.09731e+06 2.68702e+06 2.71215e+06 2.31167e+06 2.89541e+06 2.56466e+06 2.88063e+06 1.84269e+06 3.53597e+06 4.9036e+06 1.80325e+06 1.65824e+06 2.01086e+06
threshold=0.53606674075126659 10765.747070312502 10699.223144531252 0.044394118711352355 10857.246582031252 10974.288085937502 11130.324218750002 -115.9449996948242 11199.130371093752 11202.923339843752 11240.761718750002 10997.610839843752 12738.863281250002 12790.271972656252
decision_type=2 2 2 2 2 2 2 2 2 2 2 2 2 2
left_child=-1 2 -2 -4 -3 -6 7 11 -8 10 -10 -7 -11 -14
right_child=1 4 3 -5 5 6 8 -9 9 12 -12 -13 13 -15
leaf_value=0.011411701670386899 -0.17013951456324911 -0.222205641892604 0.067624570840456255 0.56058128393557716 0.051317829492776308 -0.14560025256974771 0.039206728892001809 -0.071404190014418015 -0.11806880732230589 -0.038930270445033374 -0.60420510889300949 -0.45837660437333078 0.28130915308842908 -0.18675088319692953
leaf_weight=2294953 7837 27442 10778 7615 126470 13685 101458 57001 61301 274516 9591 16010 13672 5010
leaf_count=2294953 7837 27442 10778 7615 126470 13685 101458 57001 61301 274516 9591 16010 13672 5010
internal_value=1.07711e-06 -0.0357541 0.13982 0.271911 -0.0422777 -0.0349996 -0.0547678 -0.154638 -0.0361666 -0.0571709 -0.183915 -0.314331 -0.0265204 0.155754
internal_weight=3.02734e+06 732386 26230 18393 706156 678714 552244 86696 465548 364090 70892 29695 293198 18682
internal_count=3027339 732386 26230 18393 706156 678714 552244 86696 465548 364090 70892 29695 293198 18682
is_linear=0
shrinkage=0.02


Tree=67
num_leaves=15
num_cat=0
split_feature=9 17 22 8 25 5 21 8 9 20 22 19 20 8
split_gain=2.97408e+06 1.48585e+06 1.18713e+06 1.275e+06 1.18864e+06 1.12528e+06 1.06308e+06 1.07107e+06 1.05568e+06 2.53153e+06 2.32757e+06 3.20148e+06 3.07235e+06 1.58523e+06
threshold=-0.24782751500606534 0.20504906773567202 11352.343261718752 -0.9504232108592986 0.037217073142528541 0.082499999552965178 11359.682617187502 -0.94326764345169056 0.56217131018638622 12183.192871093752 11501.432128906252 11694.944824218752 11594.234375000002 0.96152326464653026
decision_type=2 2 2 2 2 2 2 2 2 2 2 2 2 2
left_child=5 -2 6 4 -4 -1 7 -3 9 10 13 12 -12 -5
right_child=1 2 3 8 -6 -7 -8 -9 -10 -11 11 -13 -14 -15
leaf_value=0.018116451759571765 0.064327186051589297 0.03313094543423975 -0.012959320072920956 0.029112818014800843 -0.10903247517314793 0.12765484068179692 -0.2870317061544872 -0.04783008017275682 -0.02814478192006932 0.13571430989151131 -0.10890491483811456 -0.019508547155882176 -0.78186407565633387 0.19233406039630069
leaf_weight=1381464 81947 72873 145338 93752 79785 38551 6998 633578 201320 71544 7189 176755 4353 31892
leaf_count=1381464 81947 72873 145338 93752 79785 38551 6998 633578 201320 71544 7189 176755 4353 31892
internal_value=9.88611e-07 -0.0186314 -0.0230886 -0.00654924 -0.0470117 0.0210911 -0.0419105 -0.0394783 0.00897435 0.0283601 0.00389159 -0.0405919 -0.363167 0.0705552
internal_weight=3.02734e+06 1.60732e+06 1.52538e+06 811928 225123 1.42002e+06 713449 706451 586805 385485 313941 188297 11542 125644
internal_count=3027339 1607324 1525377 811928 225123 1420015 713449 706451 586805 385485 313941 188297 11542 125644
is_linear=0
shrinkage=0.02


Tree=68
num_leaves=15
num_cat=0
split_feature=17 21 7 22 20 7 20 7 21 7 7 24 0 7
split_gain=1.68015e+06 1.20825e+06 2.12071e+06 1.34867e+06 1.52833e+06 1.16637e+06 7.66922e+06 4.62576e+06 1.68723e+06 5.58837e+06 2.23727e+06 1.91321e+06 1.52697e+06 1.55725e+06
threshold=0.15326625853776935 12773.829101562502 12767.550292968752 12775.008300781252 12730.045898437502 11200.173339843752 11202.923339843752 11240.761718750002 10976.944824218752 11006.505859375002 10919.207031250002 10992.633300781252 4044.5000000000005 10679.781738281252
decision_type=2 2 2 2 2 2 2 2 2 2 2 2 2 2
left_child=-1 2 5 -4 -5 8 7 -7 9 11 -10 12 -2 -14
right_child=1 -3 3 4 -6 6 -8 -9 10 -11 -12 -13 13 -15
leaf_value=0.099997347385240923 -0.013620429185260904 0.088685958353682717 -0.10125545699325994 -0.9302270260784361 -0.2159955548351607 -0.12820266323193943 -0.00060567413118485221 -0.58352143621151631 0.97298815290712182 -0.37109532730331313 0.039443387725315318 -0.94188705586609034 0.19279634257666281 0.027112061061351993
leaf_weight=65741 475978 57342 34616 1718 3940 114511 1614082 9671 1019 16493 496737 848 28881 105762
leaf_count=65741 475978 57342 34616 1718 3940 114511 1614082 9671 1019 16493 496737 848 28881 105762
internal_value=9.16229e-07 -0.00221911 -0.00401426 -0.148117 -0.434128 -0.00198734 -0.0122585 -0.163706 0.0138727 -0.00792664 0.0413741 0.00187489 0.00320098 0.0626633
internal_weight=3.02734e+06 2.9616e+06 2.90426e+06 40274 5658 2.86398e+06 1.73826e+06 124182 1.12572e+06 627962 497756 611469 610621 134643
internal_count=3027339 2961598 2904256 40274 5658 2863982 1738264 124182 1125718 627962 497756 611469 610621 134643
is_linear=0
shrinkage=0.02


Tree=69
num_leaves=15
num_cat=0
split_feature=9 17 4 22 4 25 4 20 22 4 25 20 9 9
split_gain=2.83809e+06 1.3981e+06 1.11442e+06 1.10591e+06 1.26589e+06 1.1365e+06 1.10299e+06 2.52321e+06 2.08221e+06 1.53923e+06 1.02512e+06 970183 949622 911726
threshold=-0.24782751500606534 0.2223223149776459 284.38999938964849 11352.343261718752 -249.45500183105466 0.043383892625570304 60.784999847412116 12188.944335937502 11501.432128906252 115.35499954223634 0.070413887500762953 11009.908691406252 0.72443613409996044 -0.47019329667091364
decision_type=2 2 2 2 2 2 2 2 2 2 2 2 2 2
left_child=2 -2 13 4 11 6 -5 8 -8 -9 -6 -3 -12 -1
right_child=1 3 -4 5 10 -7 7 9 -10 -11 12 -13 -14 -15
leaf_value=0.0096499411575671559 0.051781256238816652 -0.52921969130894431 0.21943368288989645 -0.0023518316853418128 -0.045202791623682022 -0.042791593702301109 0.28993048128425325 0.17695867337818136 -0.0070419820779160413 0.76454791985494386 0.023495198620898973 -0.033835165882542324 0.3346553918762642 0.046638409926883069
leaf_weight=1051800 106606 3729 11177 475303 652816 245776 11312 4082 56929 3168 40526 2743 4334 357038
leaf_count=1051800 106606 3729 11177 475303 652816 245776 11312 4082 56929 3168 40526 2743 4334 357038
internal_value=7.74137e-07 -0.0182007 0.0206031 -0.0231723 -0.0414329 -0.00702997 0.00892808 0.0799393 0.0422208 0.434417 -0.0388475 -0.319642 0.0536252 0.0190241
internal_weight=3.02734e+06 1.60732e+06 1.42002e+06 1.50072e+06 704148 796570 550794 75491 68241 7250 697676 6472 44860 1.40884e+06
internal_count=3027339 1607324 1420015 1500718 704148 796570 550794 75491 68241 7250 697676 6472 44860 1408838
is_linear=0
shrinkage=0.02


Tree=70
num_leaves=15
num_cat=0
split_feature=9 8 23 19 0 20 4 20 9 8 4 21 19 21
split_gain=2.73199e+06 1.72855e+06 1.65065e+06 1.93166e+06 1.54142e+06 1.20291e+06 5.93443e+06 3.0789e+06 3.69331e+06 2.11486e+06 2.0104e+06 1.88411e+06 1.83596e+06 1.48535e+06
threshold=0.53606674075126659 -0.95380857586860646 12738.863281250002 12790.271972656252 1130.5000000000002 12188.944335937502 -164.48500061035153 12396.565429687502 -0.45021446049213404 0.70960983633995067 131.08499908447268 12773.829101562502 12728.486816406252 12274.462402343752
decision_type=2 2 2 2 2 2 2 2 2 2 2 2 2 2
left_child=1 -1 -2 -4 -3 -6 -7 8 -8 -9 13 12 -11 -10
right_child=2 4 3 -5 5 6 7 9 10 11 -12 -13 -14 -15
leaf_value=-0.035155651213398802 -0.038489714805880558 -0.014875990608978025 0.27495874643380397 -0.18379067438437169 0.018296527400152113 0.79036194460578546 0.011958550056359468 0.15609268272458868 0.1373191286679388 -0.0081525656708432911 0.55386444725912176 0.18554023178934823 -0.1809310028041323 0.40438661214547561
leaf_weight=287230 713704 459318 13672 5010 1253702 4412 44511 31648 31820 116185 7925 15719 31199 11284
leaf_count=287230 713704 459318 13672 5010 1253702 4412 44511 31648 31820 116185 7925 15719 31199 11284
internal_value=8.41978e-07 0.0107339 -0.0336311 0.151901 0.0172991 0.0268436 0.0632017 0.052123 0.145111 0.00650008 0.261231 -0.0225341 -0.0447371 0.207312
internal_weight=3.02734e+06 2.29495e+06 732386 18682 2.00772e+06 1.5484e+06 294703 290291 95540 194751 51029 163103 147384 43104
internal_count=3027339 2294953 732386 18682 2007723 1548405 294703 290291 95540 194751 51029 163103 147384 43104
is_linear=0
shrinkage=0.02


Tree=71
num_leaves=15
num_cat=0
split_feature=5 4 17 21 22 24 21 4 24 8 4 13 24 17
split_gain=2.61731e+06 1.15476e+06 1.01846e+06 1.01354e+06 1.77521e+06 2.183e+06 1.50517e+06 1.03728e+06 1.00686e+06 1.94398e+06 999891 974744 819249 816244
threshold=-0.022499999962747094 284.38999938964849 0.3297963440418244 12773.829101562502 12707.513183593752 12697.016601562502 12688.229980468752 122.95499801635744 12787.393554687502 0.82309290766716015 -122.685001373291 -12.099999904632567 12748.286621093752 0.12508517503738406
decision_type=2 2 2 2 2 2 2 2 2 2 2 2 2 2
left_child=2 3 -1 4 5 13 -7 8 -6 -10 11 -4 -9 -2
right_child=1 -3 10 -5 7 6 -8 12 9 -11 -12 -13 -14 -15
leaf_value=0.0050882878387242337 0.11728599827512792 0.21462879947688049 0.0076153365608809557 0.11753074411079933 -0.0088266594556976451 0.66737785733595534 0.12672097247013564 -0.39906533534981542 -0.11140635383677326 -0.93994825913435465 -0.026577409502716604 -0.10625950635572266 -0.090300713379424982 0.0093321922521029683
leaf_weight=252135 28404 11177 38107 35058 36359 3246 5623 7189 6280 1373 453237 142477 6593 2000081
leaf_count=252135 28404 11177 38107 35058 36359 3246 5623 7189 6280 1373 453237 142477 6593 2000081
internal_value=9.62133e-07 0.0119625 -0.0289102 0.0108981 0.00911326 0.0122141 0.325129 -0.100182 -0.0527407 -0.261088 -0.0424347 -0.0822303 -0.251533 0.0108444
internal_weight=3.02734e+06 2.14138e+06 885956 2.13021e+06 2.09515e+06 2.03735e+06 8869 57794 44012 7653 633821 180584 13782 2.02848e+06
internal_count=3027339 2141383 885956 2130206 2095148 2037354 8869 57794 44012 7653 633821 180584 13782 2028485
is_linear=0
shrinkage=0.02


Tree=72
num_leaves=15
num_cat=0
split_feature=9 7 7 4 7 19 19 7 7 24 19 8 8 20
split_gain=2.60489e+06 1.77116e+06 4.87419e+06 2.32814e+06 2.01144e+06 3.40284e+06 1.90748e+06 1.87616e+06 1.34395e+06 2.76292e+06 1.33116e+06 1.57869e+06 1.31108e+06 1.19581e+06
threshold=-0.24782751500606534 10942.550292968752 10853.744628906252 39.375000000000007 10679.781738281252 10646.074707031252 10913.085937500002 10976.409667968752 12723.007324218752 12675.733398437502 10954.149902343752 0.72930297255516063 0.72694364190101635 12177.085937500002
decision_type=2 2 2 2 2 2 2 2 2 2 2 2 2 2
left_child=1 2 4 -4 5 -1 7 -3 9 -8 -5 -12 -11 -2
right_child=13 6 3 10 -6 -7 8 -9 -10 12 11 -13 -14 -15
leaf_value=-0.0078348475267101762 -0.025355264782419319 -0.067911335675754317 -0.018545061787262819 0.1922356823440422 -0.033408064929931577 0.29102217929063906 0.012159047728652193 -0.49986497196081231 -0.079608413945569195 0.48880578481886611 0.1766090454958249 0.54817651369045961 0.14529542467352471 0.020144145469556365
leaf_weight=41338 1327594 15400 15933 44555 131049 24128 1034776 5436 60232 5514 7874 10948 22832 279730
leaf_count=41338 1327594 15400 15933 44555 131049 24128 1034776 5436 60232 5514 7874 10948 22832 279730
internal_value=9.15403e-07 0.0197387 0.0652308 0.197562 0.0118167 0.102339 0.00877158 -0.180792 0.0122892 0.0174965 0.251886 0.392912 0.212266 -0.0174367
internal_weight=3.02734e+06 1.42002e+06 275825 79310 196515 65466 1.14419e+06 20836 1.12335e+06 1.06312e+06 63377 18822 28346 1.60732e+06
internal_count=3027339 1420015 275825 79310 196515 65466 1144190 20836 1123354 1063122 63377 18822 28346 1607324
is_linear=0
shrinkage=0.02


Tree=73
num_leaves=15
num_cat=0
split_feature=8 7 24 24 8 24 7 13 14 8 14 7 24 7
split_gain=2.36486e+06 1.33642e+06 3.07722e+06 1.77782e+06 1.10366e+06 1.99964e+06 1.08116e+06 1.05086e+06 1.74834e+06 1.02307e+06 970132 929906 1.15698e+06 1.1729e+06
threshold=-0.70585528016090382 11185.928222656252 11203.458007812502 11192.021972656252 0.97315356135368358 10873.781250000002 11204.128417968752 -9.4999999999999982 0.64459627866745006 -1.0000000180025095e-35 0.69723030924797069 10880.121582031252 10984.035156250002 11019.201171875002
decision_type=2 2 2 2 2 2 2 2 2 2 2 2 2 2
left_child=7 2 4 6 10 -6 -3 -1 -9 -4 -2 -10 13 -13
right_child=1 3 9 -5 5 -7 -8 8 11 -11 -12 12 -14 -15
leaf_value=0.0090349061199163916 0.029282619104951314 -0.025717396707084221 -0.17814575247426709 0.0088821261031717027 -0.49162721237351165 -0.023271374934465003 -0.16960618857788629 -0.019579924112742144 0.066545582162065409 0.34908871981637779 0.11748684103461349 -0.17563965159199108 -0.085303240872637062 -0.57568375424628149
leaf_weight=326550 506258 50282 1617 1109665 4041 36520 35727 722306 13553 15821 55322 15214 130836 3627
leaf_count=326550 506258 50282 1617 1109665 4041 36520 35727 722306 13553 15821 55322 15214 130836 3627
internal_value=9.72537e-07 0.0144454 0.0382843 0.00209222 0.0306965 -0.0700428 -0.0854999 -0.0216313 -0.0329397 0.300124 0.0379737 -0.0920531 -0.106418 -0.252916
internal_weight=3.02734e+06 1.81525e+06 619579 1.19567e+06 602141 40561 86009 1.21209e+06 885536 17438 561580 163230 149677 18841
internal_count=3027339 1815253 619579 1195674 602141 40561 86009 1212086 885536 17438 561580 163230 149677 18841
is_linear=0
shrinkage=0.02


Tree=74
num_leaves=15
num_cat=0
split_feature=9 24 19 4 4 19 4 6 19 4 0 4 23 24
split_gain=2.46853e+06 1.72682e+06 1.85919e+06 1.11442e+06 1.03625e+06 1.34476e+06 1.20385e+06 1.10844e+06 994881 1.17668e+06 1.28071e+06 1.14834e+06 1.22884e+06 1.72132e+06
threshold=0.53606674075126659 12725.326171875002 12790.271972656252 284.38999938964849 -23.954999923706051 12148.167968750002 -164.48500061035153 56.850828170776374 12208.879882812502 -168.94499969482419 3092.5000000000005 -122.685001373291 10958.754882812502 10975.953125000002
decision_type=2 2 2 2 2 2 2 2 2 2 2 2 2 2
left_child=3 8 4 -1 5 7 -7 -3 11 -10 -11 12 -2 -14
right_child=1 2 -4 -5 -6 6 -8 -9 9 10 -12 -13 13 -15
leaf_value=0.0092278054136299675 0.046525708694341646 -0.19157908290179809 -0.18048893806340097 0.20933326359804155 -0.058221973878364031 0.90091022110860286 0.11190900050947819 0.79318743829294336 0.10826781869973624 -0.08178853718161859 -0.27806529397144586 -0.013716404106564547 -0.42258772841115438 -0.086073924796079282
leaf_weight=2283776 26500 526 4993 11177 3109 862 6892 3317 9228 52090 17853 483434 6404 117178
leaf_count=2283776 26500 526 4993 11177 3109 862 6892 3317 9228 52090 17853 483434 6404 117178
internal_value=8.75634e-07 -0.0319684 0.152704 0.0102033 0.265877 0.35274 0.200671 0.658248 -0.0370749 -0.103915 -0.131921 -0.0287203 -0.0770455 -0.103545
internal_weight=3.02734e+06 732386 19699 2.29495e+06 14706 11597 7754 3843 712687 79171 69943 633516 150082 123582
internal_count=3027339 732386 19699 2294953 14706 11597 7754 3843 712687 79171 69943 633516 150082 123582
is_linear=0
shrinkage=0.02


Tree=75
num_leaves=15
num_cat=0
split_feature=9 8 23 19 0 20 4 20 9 9 4 20 21 21
split_gain=2.37144e+06 1.55541e+06 1.49776e+06 1.77777e+06 1.44884e+06 1.14963e+06 5.2618e+06 2.85772e+06 3.37577e+06 1.89236e+06 1.6507e+06 1.58305e+06 1.58004e+06 1.57351e+06
threshold=0.55122801661491405 -0.95380857586860646 12738.863281250002 12790.271972656252 1150.5000000000002 12183.192871093752 -164.48500061035153 12396.565429687502 -0.44019870460033411 -0.70459485054016102 131.08499908447268 12718.564453125002 12274.462402343752 12773.829101562502
decision_type=2 2 2 2 2 2 2 2 2 2 2 2 2 2
left_child=1 -1 -2 -4 -3 -6 -7 8 -8 11 12 -9 -10 -11
right_child=2 4 3 -5 5 6 7 9 10 13 -12 -13 -14 -15
leaf_value=-0.033623334353363003 -0.036276547864480278 -0.014626324141444805 0.26316703895372107 -0.17692910815900068 0.016990242958993432 0.71281694240326077 0.0079020822329640347 0.50062039382076717 0.12317701024729701 -0.03076017439046947 0.47634989851652315 0.066834990499258715 0.39582264063836226 0.17856914581288771
leaf_weight=287230 704684 470105 13672 5010 1245633 4857 45258 5279 34654 164931 9776 9262 11264 15724
leaf_count=287230 704684 470105 13672 5010 1245633 4857 45258 5279 34654 164931 9776 9262 11264 15724
internal_value=9.15068e-07 0.00991943 -0.0315899 0.145113 0.016121 0.0254668 0.0605433 0.0498219 0.136206 0.00514066 0.240448 0.224555 0.190131 -0.0125314
internal_weight=3.02734e+06 2.30397e+06 723366 18682 2.01674e+06 1.54664e+06 301005 296148 100952 195196 55694 14541 45918 180655
internal_count=3027339 2303973 723366 18682 2016743 1546638 301005 296148 100952 195196 55694 14541 45918 180655
is_linear=0
shrinkage=0.02


Tree=76
num_leaves=15
num_cat=0
split_feature=9 17 23 20 19 1 5 4 9 24 22 4 4 9
split_gain=2.29418e+06 1.27494e+06 1.05779e+06 1.22414e+06 1.10072e+06 1.14105e+06 1.04539e+06 942811 1.11778e+06 878161 3.18772e+06 1.18865e+06 1.12044e+06 781236
threshold=-0.24782751500606534 0.23908232897520068 12738.863281250002 12689.021972656252 12074.169921875002 81.393573760986342 0.082499999552965178 -113.6949996948242 0.64018929004669201 12516.182128906252 12225.106445312502 -249.45500183105466 -249.45500183105466 -0.45021446049213404
decision_type=2 2 2 2 2 2 2 2 2 2 2 2 2 2
left_child=6 -2 7 -4 5 -5 13 8 9 10 11 -3 -12 -1
right_child=1 2 3 4 -6 -7 -8 -9 -10 -11 12 -13 -14 -15
leaf_value=0.0071895537607094134 0.041920140578552464 -0.2010800027332886 0.90196633037064999 0.063482037615344211 0.03012241230092038 0.75995008090604577 0.12123562998242066 -0.015598578804957575 -0.10543957177946797 -0.15081148353376578 0.82422330807187794 -0.022782215214315889 0.20686442577633218 0.042371430153165086
leaf_weight=1048981 137293 16382 704 2012 34122 1761 38551 1095144 112121 21117 1271 170808 14589 332483
leaf_count=1048981 137293 16382 704 2012 34122 1761 38551 1095144 112121 21117 1271 170808 14589 332483
internal_value=1.0593e-06 -0.0163636 -0.0218072 0.0814948 0.066018 0.389705 0.0185243 -0.0245934 -0.0538841 -0.0280942 -0.0153248 -0.038396 0.256828 0.0156572
internal_weight=3.02734e+06 1.60732e+06 1.47003e+06 38599 37895 3773 1.42002e+06 1.43143e+06 336288 224167 203050 187190 15860 1.38146e+06
internal_count=3027339 1607324 1470031 38599 37895 3773 1420015 1431432 336288 224167 203050 187190 15860 1381464
is_linear=0
shrinkage=0.02


Tree=77
num_leaves=15
num_cat=0
split_feature=4 7 21 22 0 7 4 0 7 0 7 22 8 0
split_gain=2.13161e+06 1.74517e+06 3.78753e+06 2.33794e+06 1.93995e+06 1.70263e+06 2.01307e+06 1.61598e+06 1.56911e+06 1.54061e+06 1.48774e+06 1.37361e+06 2.02606e+06 1.2713e+06
threshold=32.604999542236335 10947.744140625002 10969.715332031252 10939.849609375002 3793.5000000000005 10976.409667968752 284.38999938964849 6951.5000000000009 10699.223144531252 4284.5000000000009 10919.207031250002 10865.598144531252 0.98362845182418834 4452.5000000000009
decision_type=2 2 2 2 2 2 2 2 2 2 2 2 2 2
left_child=13 2 4 5 11 -3 9 -6 -9 -7 -4 12 -2 -1
right_child=1 3 10 -5 7 6 -8 8 -10 -11 -12 -13 -14 -15
leaf_value=-0.0087437859587094074 -0.020793927989275041 -0.050243549982561808 0.89978853034355877 0.013239867951309454 0.15996989617077395 -0.16786644117782787 0.19070641015174275 0.042321940895691315 -0.48546401497548219 -0.66372018682490963 0.29573789105707959 0.098016304926884179 -0.57805878819549739 -0.062927711056825236
leaf_weight=1476706 105374 24124 1844 1066979 71164 4312 2353 8834 3014 6005 13809 43941 2666 196214
leaf_count=1476706 105374 24124 1844 1066979 71164 4312 2353 8834 3014 6005 13809 43941 2666 196214
internal_value=1.20392e-06 0.0186527 0.0662927 0.00783398 0.046219 -0.14889 -0.336527 0.123967 -0.0922354 -0.456843 0.367428 0.00374787 -0.0345974 -0.0150993
internal_weight=3.02734e+06 1.35442e+06 250646 1.10377e+06 234993 36794 12670 83012 11848 10317 15653 151981 108040 1.67292e+06
internal_count=3027339 1354419 250646 1103773 234993 36794 12670 83012 11848 10317 15653 151981 108040 1672920
is_linear=0
shrinkage=0.02


Tree=78
num_leaves=15
num_cat=0
split_feature=4 7 23 7 24 7 7 23 20 7 23 20 3 0
split_gain=2.04719e+06 1.68486e+06 4.04986e+06 2.05014e+06 2.21773e+06 1.88703e+06 3.2377e+06 1.75001e+06 2.20402e+06 1.77829e+06 2.69068e+06 2.05046e+06 1.70849e+06 1.61103e+06
threshold=32.604999542236335 10942.550292968752 10870.834472656252 10686.048828125002 10652.759277343752 10997.610839843752 11006.505859375002 10966.328125000002 10957.179199218752 11185.928222656252 11171.723144531252 11164.589355468752 4.7732071876525888 6408.5000000000009
decision_type=2 2 2 2 2 2 2 2 2 2 2 2 2 2
left_child=-1 2 3 4 -2 -3 12 8 -8 10 -9 -11 -7 -5
right_child=1 5 -4 13 -6 6 7 9 -10 11 -12 -13 -14 -15
leaf_value=-0.014797301548011382 -0.0063723555856231096 -0.07670926918342548 0.20469933599046769 -0.020948405748407787 0.22389289160777601 -0.007251453569280618 0.10259616410099071 0.011633317931741424 -0.69435063901709737 -0.15757503086880253 0.200662454023531 0.010228814334493234 0.59170861915040851 -0.43403686264469893
leaf_weight=1672920 34687 96233 62565 105989 32308 2806 2499 78155 3106 30155 49000 847090 5920 3906
leaf_count=1672920 34687 96233 62565 105989 32308 2806 2499 78155 3106 30155 49000 847090 5920 3906
internal_value=1.15735e-06 0.0182796 0.0664126 0.0174924 0.104688 0.00794177 0.0159389 0.0126228 -0.339477 0.014591 0.0844871 0.00445886 0.399312 -0.0356692
internal_weight=3.02734e+06 1.35442e+06 239455 176890 66995 1.11496e+06 1.01873e+06 1.01e+06 5605 1.0044e+06 127155 877245 8726 109895
internal_count=3027339 1354419 239455 176890 66995 1114964 1018731 1010005 5605 1004400 127155 877245 8726 109895
is_linear=0
shrinkage=0.02


Tree=79
num_leaves=15
num_cat=0
split_feature=5 0 7 21 7 19 0 7 7 7 7 8 24 21
split_gain=2.12561e+06 1.55952e+06 1.59891e+06 1.80734e+06 1.33544e+06 3.8198e+06 1.80531e+06 1.75963e+06 1.49467e+06 1.3914e+06 3.93831e+06 1.93413e+06 1.54954e+06 1.37379e+06
threshold=-0.027499999850988385 3967.5000000000005 10880.121582031252 11158.158691406252 11196.523925781252 11206.098144531252 3301.5000000000005 11208.547363281252 12753.250976562502 10947.744140625002 11057.007324218752 -0.83435350656509388 11216.794921875002 10969.715332031252
decision_type=2 2 2 2 2 2 2 2 2 2 2 2 2 2
left_child=1 -1 -3 -4 6 7 -2 -6 -9 13 11 -11 -12 -8
right_child=4 2 3 -5 5 -7 9 8 -10 10 12 -13 -14 -15
leaf_value=-0.013592602314362684 0.0086616605403680106 0.1770587280232436 -0.21626330493803472 -0.059085751893928729 -0.040562503540513391 0.0083081050529428321 0.10127595364772995 -0.20154129173833685 0.75977152904481371 0.84505788241132285 0.10510424152378614 -0.066565836318553492 0.36847886347711439 0.36338791237842599
leaf_weight=600618 543154 8990 38533 121598 71337 1303379 124064 55368 645 931 52160 87243 10777 8542
leaf_count=600618 543154 8990 38533 121598 71337 1303379 124064 55368 645 931 52160 87243 10777 8542
internal_value=1.12952e-06 -0.0286994 -0.0823457 -0.0969193 0.00978679 -0.00190713 0.0300205 -0.106449 -0.190338 0.0709085 0.029415 -0.0568453 0.150255 0.118187
internal_weight=3.02734e+06 769739 169121 160131 2.2576e+06 1.43073e+06 826871 127350 56013 283717 151111 88174 62937 132606
internal_count=3027339 769739 169121 160131 2257600 1430729 826871 127350 56013 283717 151111 88174 62937 132606
is_linear=0
shrinkage=0.02


Tree=80
num_leaves=15
num_cat=0
split_feature=9 7 7 7 7 4 7 25 7 21 7 7 24 19
split_gain=2.06449e+06 1.98077e+06 3.44546e+06 2.76091e+06 2.3357e+06 2.55722e+06 2.11891e+06 2.5568e+06 1.75068e+06 2.94373e+06 4.56131e+06 1.6407e+06 1.47571e+06 1.68615e+06
threshold=0.53606674075126659 10775.280273437502 10857.246582031252 10974.288085937502 11130.324218750002 -115.9449996948242 10699.223144531252 0.050538912415504463 11199.130371093752 11202.996582031252 11211.744628906252 10997.610839843752 12725.326171875002 12790.271972656252
decision_type=2 2 2 2 2 2 2 2 2 2 2 2 2 2
left_child=-1 6 -3 -4 5 11 -2 -8 -6 10 -10 -5 -11 -14
right_child=1 2 3 4 8 -7 7 -9 9 12 -12 -13 13 -15
leaf_value=0.0093314291941547362 -0.16199940095696597 -0.28599257181883431 0.055877199390386337 -0.13254451252465502 0.043503587874841751 -0.064601095534651862 0.076763948837267754 0.5170515783332893 -0.038730323030058175 -0.034340453368238592 -0.36623820742451946 -0.43088274689839301 0.252644552998115 -0.17244066374148936
leaf_weight=2294953 7837 21418 126470 13685 101458 57001 16715 7702 44049 272638 27704 16010 14706 4993
leaf_count=2294953 7837 21418 126470 13685 101458 57001 16715 7702 44049 272638 27704 16010 14706 4993
internal_value=1.24848e-06 -0.0292348 -0.036295 -0.0284113 -0.047715 -0.143023 0.123982 0.215802 -0.0299636 -0.0504368 -0.165216 -0.293485 -0.0222601 0.144867
internal_weight=3.02734e+06 732386 700132 678714 552244 86696 32254 24417 465548 364090 71753 29695 292337 19699
internal_count=3027339 732386 700132 678714 552244 86696 32254 24417 465548 364090 71753 29695 292337 19699
is_linear=0
shrinkage=0.02


Tree=81
num_leaves=15
num_cat=0
split_feature=17 21 23 13 14 0 23 0 17 13 17 0 19 23
split_gain=1.48093e+06 1.00901e+06 1.55283e+06 1.05926e+06 1.14908e+06 898110 896116 813384 663719 848256 759806 724424 620338 617119
threshold=0.15326625853776935 12773.829101562502 12773.843750000002 -9.0999999046325666 0.64100536704063427 8173.0000000000009 12786.631835937502 3239.5000000000005 0.43767431378364569 8.5000000000000018 0.58230808377265941 2651.5000000000005 12951.521484375002 12738.863281250002
decision_type=2 2 2 2 2 2 2 2 2 2 2 2 2 2
left_child=-1 2 3 4 -2 8 7 -4 -5 -10 -11 -12 13 -3
right_child=1 12 6 5 -6 -7 -8 -9 9 10 11 -13 -14 -15
leaf_value=0.093882080527866618 0.0032985287665081606 -0.047577275255917185 -0.13307792858940876 -0.0014851188765285914 0.059485993966878273 -0.21443938362725173 -0.1554531185244169 -0.94787529990157326 -0.0050113621124834792 -0.030223219729948025 -0.041799585230767031 -0.1552225885694091 -0.11252675325688111 0.13513822141961165
leaf_weight=65741 628286 8947 793 1356077 189493 8596 5718 1289 382437 241457 45249 44861 5932 42463
leaf_count=65741 628286 8947 793 1356077 189493 8596 5718 1289 382437 241457 45249 44861 5932 42463
internal_value=1.17459e-06 -0.00208308 -0.00372355 -0.00296414 0.0163187 -0.0105503 -0.285356 -0.639661 -0.00970263 -0.0253095 -0.048721 -0.0982781 0.0809894 0.103336
internal_weight=3.02734e+06 2.9616e+06 2.90426e+06 2.89646e+06 817779 2.07868e+06 7800 2082 2.07008e+06 714004 331567 90110 57342 51410
internal_count=3027339 2961598 2904256 2896456 817779 2078677 7800 2082 2070081 714004 331567 90110 57342 51410
is_linear=0
shrinkage=0.02


Tree=82
num_leaves=15
num_cat=0
split_feature=8 7 23 23 7 20 7 19 7 19 19 7 17 13
split_gain=1.80699e+06 1.19614e+06 2.93225e+06 1.88779e+06 6.29692e+06 3.83028e+06 3.48356e+06 1.32492e+06 1.15002e+06 1.81217e+06 1.48246e+06 1.26047e+06 1.10455e+06 1.08702e+06
threshold=-0.70585528016090382 11185.928222656252 11175.624023437502 11347.997070312502 11368.623535156252 11405.708496093752 11346.758300781252 11364.079589843752 11204.128417968752 11274.076171875002 11204.585449218752 11365.239746093752 0.3297963440418244 -8.7000002861022931
decision_type=2 2 2 2 2 2 2 2 2 2 2 2 2 2
left_child=12 2 -2 8 5 6 7 -5 9 -3 -10 -12 -1 -14
right_child=1 3 -4 4 -6 -7 -8 -9 10 -11 11 -13 13 -15
leaf_value=0.011236725925411787 0.021518842496959182 -0.00092471806600756491 0.17375178224011048 0.24264823673231814 0.0035152943993917384 0.76888337074153068 0.063040203850439125 0.71374779238914277 -0.16556233074569171 0.74297177818545568 -0.018851388007903872 -0.24543175156729316 0.0042335257076299461 -0.045265150082971439
leaf_weight=347001 563988 101562 55591 4276 874979 5119 25916 5442 51660 1317 114672 10731 249312 615773
leaf_count=347001 563988 101562 55591 4276 874979 5119 25916 5442 51660 1317 114672 10731 249312 615773
internal_value=1.0475e-06 0.0126273 0.0351804 0.000940454 0.0148352 0.257817 0.184204 0.506925 -0.0445103 0.00866932 -0.0754081 -0.0382585 -0.0189083 -0.031
internal_weight=3.02734e+06 1.81525e+06 619579 1.19567e+06 915732 40753 35634 9718 279942 102879 177063 125403 1.21209e+06 865085
internal_count=3027339 1815253 619579 1195674 915732 40753 35634 9718 279942 102879 177063 125403 1212086 865085
is_linear=0
shrinkage=0.02


Tree=83
num_leaves=15
num_cat=0
split_feature=9 22 19 4 19 4 9 0 19 21 4 19 17 0
split_gain=1.93734e+06 1.14171e+06 1.88797e+06 1.03266e+06 975584 1.09052e+06 1.10671e+06 1.08413e+06 1.01726e+06 3.3333e+06 1.21027e+06 1.49039e+06 1.41678e+06 1.20896e+06
threshold=0.55122801661491405 12727.998535156252 12790.271972656252 284.38999938964849 12208.879882812502 -168.94499969482419 0.62378269433975231 2789.5000000000005 11604.673339843752 11691.399902343752 -118.1949996948242 10954.149902343752 0.6167568862438203 3632.5000000000005
decision_type=2 2 2 2 2 2 2 2 2 2 2 2 2 2
left_child=3 4 -3 -1 8 6 -6 -7 10 -10 11 13 -13 -2
right_child=1 2 -4 -5 5 7 -8 -9 9 -11 -12 12 -14 -15
leaf_value=0.0080307200630561574 -0.27585371405963666 0.22927824416509285 -0.19547582968126104 0.2006546246284622 0.00014685595859899658 -0.073322023010202242 0.57354384096727629 -0.24681281269301583 0.47642663009118863 0.0036131365070440863 -0.018846740664429852 -0.10744711916814545 -0.42408989108348105 0.091600435161963492
leaf_weight=2292796 4191 15621 5708 11177 7222 44864 1645 21223 6366 92359 402304 91565 6016 24282
leaf_count=2292796 4191 15621 5708 11177 7222 44864 1645 21223 6366 92359 402304 91565 6016 24282
internal_value=1.17699e-06 -0.0285523 0.115568 0.00896605 -0.0329325 -0.101122 0.107052 -0.129066 -0.0247804 0.0341465 -0.0357915 -0.0898651 -0.12701 0.0374355
internal_weight=3.02734e+06 723366 21329 2.30397e+06 702037 74954 8867 66087 627083 98725 528358 126054 97581 28473
internal_count=3027339 723366 21329 2303973 702037 74954 8867 66087 627083 98725 528358 126054 97581 28473
is_linear=0
shrinkage=0.02


Tree=84
num_leaves=15
num_cat=0
split_feature=5 0 7 21 7 21 7 0 7 7 8 21 7 5
split_gain=1.90269e+06 1.45024e+06 1.49979e+06 1.71836e+06 1.2341e+06 3.38346e+06 2.14989e+06 1.72092e+06 1.33399e+06 3.73956e+06 1.85961e+06 1.31978e+06 1.49081e+06 1.26568e+06
threshold=-0.027499999850988385 3967.5000000000005 10880.121582031252 11158.158691406252 11196.523925781252 11202.996582031252 11235.322753906252 3301.5000000000005 10947.744140625002 11057.007324218752 -0.83435350656509388 10969.715332031252 10919.207031250002 0.062499998137354858
decision_type=2 2 2 2 2 2 2 2 2 2 2 2 2 2
left_child=1 -1 -3 -4 7 6 -6 -2 11 10 -10 -9 -13 -12
right_child=4 2 3 -5 5 -7 -8 8 9 -11 13 12 -14 -15
leaf_value=-0.012584812129347794 0.0078566328825103258 0.1723494210145731 -0.20936875360228943 -0.056109753146535976 -0.085212081010103094 0.0068908118202869999 -0.44334276380360643 0.098348858151569823 0.82830567169993774 0.14575396877828997 -0.096184399737644227 0.89719428063600559 0.22614794319197054 0.12398792767511065
leaf_weight=600618 543154 8990 38533 121598 102753 1320812 7164 124064 931 62937 75122 1632 6910 12121
leaf_count=600618 543154 8990 38533 121598 102753 1320812 7164 124064 931 62937 75122 1632 6910 12121
internal_value=1.16947e-06 -0.0271527 -0.0788853 -0.093 0.00925949 -0.00198195 -0.108592 0.0287103 0.0686312 0.0280027 -0.0560527 0.114924 0.355257 -0.0655841
internal_weight=3.02734e+06 769739 169121 160131 2.2576e+06 1.43073e+06 109917 826871 283717 151111 88174 132606 8542 87243
internal_count=3027339 769739 169121 160131 2257600 1430729 109917 826871 283717 151111 88174 132606 8542 87243
is_linear=0
shrinkage=0.02


Tree=85
num_leaves=15
num_cat=0
split_feature=9 7 19 7 7 4 7 19 19 7 19 9 17 0
split_gain=1.82042e+06 1.47506e+06 1.76631e+06 1.32164e+06 4.39654e+06 2.08647e+06 1.82175e+06 3.13641e+06 1.74173e+06 1.72401e+06 1.1727e+06 1.47721e+06 1.15822e+06 1.13685e+06
threshold=-0.24782751500606534 12723.007324218752 12762.363769531252 10942.550292968752 10853.744628906252 39.375000000000007 10679.781738281252 10646.074707031252 10913.085937500002 10976.409667968752 10954.149902343752 -0.68419089913368214 0.20504906773567202 6643.5000000000009
decision_type=2 2 2 2 2 2 2 2 2 2 2 2 2 2
left_child=1 2 3 4 6 -6 7 -1 9 -5 -7 -12 -2 -8
right_child=12 -3 -4 8 5 10 13 -9 -10 -11 11 -13 -14 -15
leaf_value=-0.01272752608361662 0.058667288194915672 -0.080286616199451918 0.25598486206269833 -0.065078386692729875 -0.021276086647285652 0.17874545625914595 -0.023311502826070502 0.27418998765079994 0.012118870321825483 -0.4810474843849456 0.15788594737625811 0.51728361427235103 -0.018511287243692033 -0.30658429038896656
leaf_weight=41338 81947 60299 12644 15400 15933 44555 125123 24128 1050478 5369 7874 10948 1525377 5926
leaf_count=41338 81947 60299 12644 15400 15933 44555 125123 24128 1050478 5369 7874 10948 1525377 5926
internal_value=1.25233e-06 0.0165015 0.0207943 0.0185848 0.0576249 0.183305 0.0068956 0.0930436 0.00853229 -0.172791 0.234733 0.367098 -0.0145761 -0.0361436
internal_weight=3.02734e+06 1.42002e+06 1.35972e+06 1.34707e+06 275825 79310 196515 65466 1.07125e+06 20769 63377 18822 1.60732e+06 131049
internal_count=3027339 1420015 1359716 1347072 275825 79310 196515 65466 1071247 20769 63377 18822 1607324 131049
is_linear=0
shrinkage=0.02


Tree=86
num_leaves=15
num_cat=0
split_feature=8 7 21 23 7 20 7 22 7 19 19 7 20 7
split_gain=1.57788e+06 1.0851e+06 2.84882e+06 1.79432e+06 6.05421e+06 3.6746e+06 3.34793e+06 1.47893e+06 1.08949e+06 1.7349e+06 1.39159e+06 1.21103e+06 1.04134e+06 2.59606e+06
threshold=-0.70585528016090382 11185.928222656252 11184.482421875002 11347.997070312502 11368.623535156252 11405.708496093752 11346.758300781252 11357.017578125002 11204.128417968752 11274.076171875002 11204.585449218752 11365.239746093752 11419.446777343752 11418.445800781252
decision_type=2 2 2 2 2 2 2 2 2 2 2 2 2 2
left_child=12 2 -2 8 5 6 7 -5 9 -3 -10 -12 13 -1
right_child=1 3 -4 4 -6 -7 -8 -9 10 -11 11 -13 -14 -15
leaf_value=-0.028257818458158751 0.021480503624192421 -0.0012684613267363299 0.18914575354270266 0.11062990701666926 0.0031155821268277735 0.75304046208154773 0.061585030871227055 0.65443603817960638 -0.16106388644944605 0.72659510804372529 -0.018700615345765077 -0.24079263811456628 0.0052680895957641196 -0.35507153475524161
leaf_weight=723328 575984 101562 43595 2823 874979 5119 25916 6895 51660 1317 114672 10731 478913 9845
leaf_count=723328 575984 101562 43595 2823 874979 5119 25916 6895 51660 1317 114672 10731 478913 9845
internal_value=1.25639e-06 0.0117999 0.0332807 0.000668752 0.0142152 0.252468 0.180367 0.496743 -0.0436426 0.00811876 -0.0737164 -0.0377233 -0.0176687 -0.0326511
internal_weight=3.02734e+06 1.81525e+06 619579 1.19567e+06 915732 40753 35634 9718 279942 102879 177063 125403 1.21209e+06 733173
internal_count=3027339 1815253 619579 1195674 915732 40753 35634 9718 279942 102879 177063 125403 1212086 733173
is_linear=0
shrinkage=0.02


Tree=87
num_leaves=15
num_cat=0
split_feature=9 7 7 7 7 7 4 4 7 22 7 7 7 8
split_gain=1.72114e+06 1.89775e+06 2.46263e+06 2.17072e+06 2.63227e+06 2.1898e+06 2.35859e+06 1.95606e+06 1.68244e+06 2.5284e+06 4.54626e+06 1.5418e+06 1.41402e+06 1.40297e+06
threshold=0.53606674075126659 10765.747070312502 10699.223144531252 10857.246582031252 10974.288085937502 11130.324218750002 -115.9449996948242 -48.325000762939446 11199.130371093752 11198.842285156252 11211.744628906252 10997.610839843752 10759.808593750002 0.53606674075126659
decision_type=2 2 2 2 2 2 2 2 2 2 2 2 2 2
left_child=-1 2 -2 -3 -5 6 11 12 -7 10 -10 -6 -4 -8
right_child=1 3 7 4 5 8 13 -9 9 -11 -12 -13 -14 -15
leaf_value=0.0085204157717701512 -0.15642146837890092 -0.20725476079198404 0.65060148183565747 0.056455308653904725 -0.1254672884464651 0.044514240461965289 -0.07082245811654371 0.0058820928777564094 -0.033759526230587096 -0.02289016271268696 -0.37984171768977393 -0.41466952940745605 0.2031144331376418 1.0117107323435277
leaf_weight=2294953 7837 27442 5722 126470 13685 101458 56528 7076 41595 298592 23903 16010 5595 473
leaf_count=2294953 7837 27442 5722 126470 13685 101458 56528 7076 41595 298592 23903 16010 5595 473
internal_value=1.34517e-06 -0.0266931 0.140319 -0.0328987 -0.0258461 -0.0446947 -0.136978 0.266773 -0.0275068 -0.0475771 -0.160099 -0.281478 0.429745 -0.0616633
internal_weight=3.02734e+06 732386 26230 706156 678714 552244 86696 18393 465548 364090 65498 29695 11317 57001
internal_count=3027339 732386 26230 706156 678714 552244 86696 18393 465548 364090 65498 29695 11317 57001
is_linear=0
shrinkage=0.02


Tree=88
num_leaves=15
num_cat=0
split_feature=9 7 24 21 20 7 7 4 21 20 7 19 0 7
split_gain=1.66543e+06 1.41203e+06 2.38732e+06 1.50721e+06 1.64352e+06 1.3748e+06 4.22255e+06 2.00389e+06 1.8299e+06 2.05713e+06 1.7518e+06 1.9191e+06 1.45666e+06 1.42945e+06
threshold=-0.24782751500606534 12723.007324218752 12675.733398437502 12773.829101562502 12804.312011718752 10942.550292968752 10853.744628906252 39.375000000000007 10962.941894531252 10963.913085937502 10686.048828125002 10646.074707031252 6408.5000000000009 11184.371582031252
decision_type=2 2 2 2 2 2 2 2 2 2 2 2 2 2
left_child=1 2 5 4 -3 6 10 -8 9 -7 11 -1 -12 -10
right_child=-2 3 -4 -5 -6 8 7 -9 13 -11 12 -13 -14 -15
leaf_value=-0.01307291011661893 -0.013941654922246667 -0.10934115941956353 0.20157174582282752 0.08880811955561578 -0.64561096875898305 -0.066127555786494291 -0.021450473596242307 0.22944077039368777 0.063003838830720249 -0.54456701812644104 -0.029319866957517818 0.18626737119881248 -0.42625299747892409 0.0012799756808323504
leaf_weight=41338 1607324 42085 28346 15806 2408 68902 15933 63377 184833 3783 115112 36254 3811 798027
leaf_count=41338 1607324 42085 28346 15806 2408 68902 15933 63377 184833 3783 115112 36254 3811 798027
internal_value=1.35564e-06 0.0157835 0.0199836 -0.0789138 -0.138504 0.016116 0.0558729 0.179041 0.0057266 -0.0911004 0.00615762 0.0800784 -0.0420749 0.0128881
internal_weight=3.02734e+06 1.42002e+06 1.35972e+06 60299 44493 1.33137e+06 275825 79310 1.05554e+06 72685 196515 77592 118923 982860
internal_count=3027339 1420015 1359716 60299 44493 1331370 275825 79310 1055545 72685 196515 77592 118923 982860
is_linear=0
shrinkage=0.02


Tree=89
num_leaves=15
num_cat=0
split_feature=5 0 4 22 21 21 22 24 21 25 21 4 4 5
split_gain=1.67058e+06 1.37575e+06 974065 955442 1.00672e+06 928437 1.53299e+06 1.6472e+06 1.56986e+06 1.04584e+06 1.15074e+06 825753 772864 749327
threshold=-0.027499999850988385 3967.5000000000005 284.38999938964849 11352.343261718752 11359.682617187502 12773.829101562502 12707.513183593752 12697.016601562502 12688.229980468752 0.061927152797579772 12705.688476562502 87.844997406005874 -111.73500061035155 -0.092500001192092882
decision_type=2 2 2 2 2 2 2 2 2 2 2 2 2 2
left_child=1 -1 5 4 12 6 7 -2 -9 -8 -11 -12 -3 -5
right_child=2 3 -4 13 -6 -7 9 8 -10 10 11 -13 -14 -15
leaf_value=-0.011253709475856433 0.0076884447500716211 -0.13476602673194849 0.19483764699435382 -0.62794110072742815 -0.6477950081947863 0.10633194122470654 -0.054663883166980301 0.62476177701661084 0.081809684603532509 -0.95092032869830412 -0.06563762716294147 -0.44290945248008412 0.065597042085483157 -0.022209463943539686
leaf_weight=600618 2140089 74814 11177 815 1429 37564 48712 3290 6019 906 6105 3738 8578 83485
leaf_count=600618 2140089 74814 11177 815 1429 37564 48712 3290 6019 906 6105 3738 8578 83485
internal_value=1.25543e-06 -0.0254425 0.00867651 -0.075829 -0.123216 0.0077494 0.00607241 0.00884384 0.274167 -0.0940935 -0.272561 -0.209217 -0.11415 -0.0281396
internal_weight=3.02734e+06 769739 2.2576e+06 169121 84821 2.24642e+06 2.20886e+06 2.1494e+06 9309 59461 10749 9843 83392 84300
internal_count=3027339 769739 2257600 169121 84821 2246423 2208859 2149398 9309 59461 10749 9843 83392 84300
is_linear=0
shrinkage=0.02


Tree=90
num_leaves=15
num_cat=0
split_feature=9 7 7 7 20 7 7 25 24 22 25 8 7 22
split_gain=1.59129e+06 1.86463e+06 3.21818e+06 2.55498e+06 2.01481e+06 5.13406e+06 1.99898e+06 2.28096e+06 1.55538e+06 1.24822e+06 1.8812e+06 1.24581e+06 1.64441e+06 1.43045e+06
threshold=0.55122801661491405 10775.280273437502 10857.246582031252 10974.288085937502 10986.533691406252 11013.437500000002 10699.223144531252 0.050938224419951446 12725.326171875002 12746.740234375002 0.047889804467558868 -0.95380857586860646 11365.239746093752 11385.273925781252
decision_type=2 2 2 2 2 2 2 2 2 2 2 2 2 2
left_child=11 6 -3 -4 5 -5 -2 -8 -6 10 -10 12 -1 -14
right_child=1 2 3 4 8 -7 7 -9 9 -11 -12 -13 13 -15
leaf_value=0.057498444372909019 -0.15284449697023214 -0.27402054454929486 0.05593981665150783 0.014043898025313375 -0.041658469486896318 -0.52777887650335042 0.081077089938683691 0.50069203887820024 0.073216654433842052 0.036994057247019596 0.80254329158835225 0.013676178110224056 -0.221179810502484 -0.04109075190693124
leaf_weight=65155 7830 21418 126459 17219 495157 11771 16201 7612 3295 13932 2472 2016743 19315 202760
leaf_count=65155 7830 21418 126459 17219 495157 11771 16201 7612 3295 13932 2472 2016743 19315 202760
internal_value=1.10573e-06 -0.0258769 -0.0327453 -0.025032 -0.0438608 -0.206061 0.124232 0.215365 -0.0347239 0.139515 0.386691 0.00812596 -0.0308431 -0.0567634
internal_weight=3.02734e+06 723366 691723 670305 543846 28990 31643 23813 514856 19699 5767 2.30397e+06 287230 222075
internal_count=3027339 723366 691723 670305 543846 28990 31643 23813 514856 19699 5767 2303973 287230 222075
is_linear=0
shrinkage=0.02


Tree=91
num_leaves=15
num_cat=0
split_feature=5 7 19 7 19 7 4 7 6 7 24 7 23 24
split_gain=1.55691e+06 1.06929e+06 3.21342e+06 1.54928e+06 1.45804e+06 1.36505e+06 1.07597e+06 1.10135e+06 982952 924878 6.24887e+06 2.36948e+06 2.16986e+06 1.7469e+06
threshold=-0.027499999850988385 11196.523925781252 11206.098144531252 11208.547363281252 11204.585449218752 12753.250976562502 11.105000019073488 11182.957519531252 90.609458923339858 11368.623535156252 11368.294921875002 11346.758300781252 11383.837402343752 11398.932128906252
decision_type=2 2 2 2 2 2 2 2 2 2 2 2 2 2
left_child=-1 4 3 -3 -2 8 -6 -8 -5 10 -4 -12 -11 -13
right_child=1 2 9 5 6 -7 7 -9 -10 12 11 13 -14 -15
leaf_value=-0.024561787604771308 0.02081946403192228 -0.036150887515055581 0.001236246549879864 -0.12607862866257036 -0.055515212255259599 0.73127064665583252 0.34442197527936474 0.093038176960566737 -0.30330135980643547 -0.16106239207699688 0.73278035142063314 0.14904709735619498 0.0050875671498959276 0.57104568468299532
leaf_weight=769739 790935 71337 166241 36225 7872 645 12937 15127 19143 32376 4733 17939 1077073 5017
leaf_count=769739 790935 71337 166241 36225 7872 645 12937 15127 19143 32376 4733 17939 1077073 5017
internal_value=1.10875e-06 0.00837602 -0.0020879 -0.0979733 0.0264815 -0.176688 0.151059 0.209004 -0.187396 0.0072815 0.0475769 0.325698 0.000237544 0.241484
internal_weight=3.02734e+06 2.2576e+06 1.43073e+06 127350 826871 56013 35936 28064 55368 1.30338e+06 193930 27689 1.10945e+06 22956
internal_count=3027339 2257600 1430729 127350 826871 56013 35936 28064 55368 1303379 193930 27689 1109449 22956
is_linear=0
shrinkage=0.02


Tree=92
num_leaves=15
num_cat=0
split_feature=5 7 19 20 7 7 6 7 7 8 8 20 8 19
split_gain=1.49527e+06 1.02693e+06 3.08616e+06 1.51938e+06 1.4879e+06 1.31165e+06 944441 923269 1.49684e+06 900480 883216 1.90476e+06 826914 1.06726e+06
threshold=-0.027499999850988385 11196.523925781252 11206.098144531252 11202.923339843752 11208.547363281252 12753.250976562502 88.241321563720717 11130.324218750002 11182.957519531252 -0.95844322443008412 0.97559595108032238 10876.795410156252 -0.83435350656509388 12039.306640625002
decision_type=2 2 2 2 2 2 2 2 2 2 2 2 2 2
left_child=-1 3 4 10 -3 6 -6 -5 -9 -4 -2 -12 13 -11
right_child=1 2 9 7 5 -7 -8 8 -10 12 11 -13 -14 -15
leaf_value=-0.024070558292905893 0.024494774016418999 -0.035427971555849237 -0.047466908977037113 -0.086784836598131701 -0.11815640249180817 0.71686852631314113 -0.28790579248654696 0.33462730567226651 0.06980090041491932 0.018608481667611695 -0.49620856829416354 -0.026633402998317887 0.0073588921845828114 0.15983994266175885
leaf_weight=769739 749244 71337 110552 5868 34019 645 21349 15032 19758 59388 3848 33121 1099984 33455
leaf_count=769739 749244 71337 110552 5868 34019 645 21349 15032 19758 59388 3848 33121 1099984 33455
internal_value=1.21514e-06 0.00820868 -0.00204592 0.025952 -0.0960135 -0.173153 -0.18365 0.145155 0.18429 0.00713607 0.0197857 -0.0756317 0.0121971 0.0695117
internal_weight=3.02734e+06 2.2576e+06 1.43073e+06 826871 127350 56013 55368 40658 34790 1.30338e+06 786213 36969 1.19283e+06 92843
internal_count=3027339 2257600 1430729 826871 127350 56013 55368 40658 34790 1303379 786213 36969 1192827 92843
is_linear=0
shrinkage=0.02


Tree=93
num_leaves=15
num_cat=0
split_feature=5 0 4 22 21 21 22 24 21 4 24 22 0 24
split_gain=1.43606e+06 1.3197e+06 928478 914831 952521 880357 1.46918e+06 1.58601e+06 1.50464e+06 913573 943823 982594 961623 812010
threshold=-0.027499999850988385 3967.5000000000005 284.38999938964849 11352.343261718752 11359.682617187502 12773.829101562502 12707.513183593752 12697.016601562502 12688.229980468752 122.95499801635744 12787.393554687502 12801.595703125002 2930.5000000000005 12748.286621093752
decision_type=2 2 2 2 2 2 2 2 2 2 2 2 2 2
left_child=1 -1 5 4 -3 6 7 -2 -9 10 -8 12 -12 -11
right_child=2 3 -4 -5 -6 -7 9 8 -10 13 11 -13 -14 -15
leaf_value=-0.0096924641037029486 0.0070858023269411699 -0.11048911685282403 0.18979717826475187 -0.026273713030376927 -0.62957040361267891 0.10313538545744272 -0.0078086610353799747 0.61180298016866086 0.080247894198763922 -0.3819773726896511 -0.23096848581900947 -0.028952992615154806 -0.88616427922563201 -0.076027496171491613
leaf_weight=600618 2140089 83392 11177 84300 1429 37564 37754 3290 6019 7189 2397 3979 1431 6711
leaf_count=600618 2140089 83392 11177 84300 1429 37564 37754 3290 6019 7189 2397 3979 1431 6711
internal_value=1.20439e-06 -0.0235892 0.00804452 -0.0729384 -0.119308 0.00713937 0.00550639 0.00821953 0.268568 -0.092553 -0.0492274 -0.249256 -0.477573 -0.234425
internal_weight=3.02734e+06 769739 2.2576e+06 169121 84821 2.24642e+06 2.20886e+06 2.1494e+06 9309 59461 45561 7807 3828 13900
internal_count=3027339 769739 2257600 169121 84821 2246423 2208859 2149398 9309 59461 45561 7807 3828 13900
is_linear=0
shrinkage=0.02


Tree=94
num_leaves=15
num_cat=0
split_feature=9 7 7 25 7 7 20 7 7 23 22 25 25 25
split_gain=1.43412e+06 1.75037e+06 2.27023e+06 2.32373e+06 2.02724e+06 2.41966e+06 2.104e+06 5.09963e+06 1.30025e+06 1.29595e+06 1.25837e+06 1.50754e+06 1.11114e+06 1.08367e+06
threshold=0.53606674075126659 10765.747070312502 10699.223144531252 0.044394118711352355 10857.246582031252 10974.288085937502 10986.533691406252 11013.437500000002 10790.399414062502 12738.863281250002 12746.740234375002 0.047889804467558868 0.047889804467558868 0.066820703446865096
decision_type=2 2 2 2 2 2 2 2 2 2 2 2 2 2
left_child=-1 2 -2 -4 8 -6 7 -7 -3 -8 11 -11 -12 -10
right_child=1 4 3 -5 5 6 9 -9 13 10 12 -13 -14 -15
leaf_value=0.007777455758476535 -0.1488842696185127 -0.079240468149225654 0.06834416785529665 0.52464523633683313 0.055397183445339171 0.013968081300187313 -0.038411413297875424 -0.52286376693460834 -0.50594580683296531 0.07063281388095255 0.19413643150683946 0.78346498598227698 -0.16524084363010755 -0.10983932805547979
leaf_weight=2294953 7837 15651 10778 7615 126470 17219 504335 12008 7361 2482 7772 2268 6160 4430
leaf_count=2294953 7837 15651 10778 7615 126470 17219 504335 12008 7361 2482 7772 2268 6160 4430
internal_value=1.08735e-06 -0.0243661 0.13603 0.257444 -0.0303259 -0.0235104 -0.0415818 -0.206694 -0.198821 -0.0323513 0.131179 0.411927 0.0352327 -0.357345
internal_weight=3.02734e+06 732386 26230 18393 706156 678714 552244 29227 27442 523017 18682 4750 13932 11791
internal_count=3027339 732386 26230 18393 706156 678714 552244 29227 27442 523017 18682 4750 13932 11791
is_linear=0
shrinkage=0.02


Tree=95
num_leaves=15
num_cat=0
split_feature=9 24 19 8 25 19 25 8 25 19 21 8 20 20
split_gain=1.37751e+06 1.25821e+06 1.44912e+06 1.11931e+06 1.07996e+06 997076 1.11933e+06 1.3634e+06 1.3134e+06 965360 3.32873e+06 1.03797e+06 934093 3.21531e+06
threshold=0.55122801661491405 12725.326171875002 12772.923339843752 -0.95380857586860646 0.036945587024092681 12208.879882812502 0.069667566567659392 0.53606674075126659 0.09386321529746057 11604.673339843752 11691.399902343752 -0.81390005350112904 12183.192871093752 12396.565429687502
decision_type=2 2 2 2 2 2 2 2 2 2 2 2 2 2
left_child=3 5 -3 4 -1 6 9 -8 -9 -2 11 -11 -5 -14
right_child=1 2 -4 12 -6 -7 7 8 -10 10 -12 -13 13 -15
leaf_value=-0.0016617021076208549 -0.039956650532315854 0.23500148645831967 -0.15612815729270901 0.0061670840506820694 -0.083640094811660487 -0.096816050877454762 0.039673444455174123 0.84739462107754038 0.096022235746110365 -0.1601588499410071 0.00086404847111498856 0.62751445444072196 0.11767201898937796 -0.0022665999265608105
leaf_weight=190130 478014 14590 5109 1627725 97100 76173 49284 1685 2070 779 91076 4586 139236 249782
leaf_count=190130 478014 14590 5109 1627725 97100 76173 49284 1685 2070 779 91076 4586 139236 249782
internal_value=1.0754e-06 -0.024076 0.133532 0.0075605 -0.0293771 -0.0284901 -0.0201944 0.0677065 0.43455 -0.0283113 0.0294076 0.513055 0.0128214 0.0406633
internal_weight=3.02734e+06 723366 19699 2.30397e+06 287230 703667 627494 53039 3755 574455 96441 5365 2.01674e+06 389018
internal_count=3027339 723366 19699 2303973 287230 703667 627494 53039 3755 574455 96441 5365 2016743 389018
is_linear=0
shrinkage=0.02


Tree=96
num_leaves=15
num_cat=0
split_feature=17 9 0 5 4 0 24 20 25 19 4 0 4 24
split_gain=1.32627e+06 1.36947e+06 912502 1.01103e+06 1.02309e+06 1.63992e+06 1.45742e+06 2.99025e+06 2.75338e+06 1.45508e+06 1.21897e+06 999896 999735 1.1397e+06
threshold=0.15326625853776935 -0.24782751500606534 1073.5000000000002 0.082499999552965178 147.99500274658206 3454.5000000000005 11410.450683593752 11405.708496093752 0.015946426428854469 13462.845214843752 40.375000000000007 4541.5000000000009 96.255001068115249 10766.296875000002
decision_type=2 2 2 2 2 2 2 2 2 2 2 2 2 2
left_child=-1 2 -2 4 5 -4 7 -6 11 12 -11 -8 -7 -14
right_child=1 -3 3 -5 6 9 8 -9 -10 10 -12 -13 13 -15
leaf_value=0.088844872173137052 -0.01781670112274707 -0.014770609912669644 0.012673609706236343 0.13293227441592537 0.0095818609736852949 0.17697167882832876 -1.3380806108780237 0.72052713299560578 -0.065426894895086365 0.1427145695938635 -0.90307982395300546 -0.26259527739944993 0.21828464225390576 0.043122345875856651
leaf_weight=65741 309246 1570551 611839 31410 147623 37859 914 2395 94217 746 1089 562 16665 136482
leaf_count=65741 309246 1570551 611839 31410 147623 37859 914 2395 94217 746 1089 562 16665 136482
internal_value=1.14831e-06 -0.00197127 0.0124797 0.0211404 0.0177962 0.0287033 -0.0179232 0.0209793 -0.0789067 0.0795585 -0.479443 -0.933116 0.0849538 0.0621961
internal_weight=3.02734e+06 2.9616e+06 1.39105e+06 1.0818e+06 1.05039e+06 804680 245711 150018 95693 192841 1835 1476 191006 153147
internal_count=3027339 2961598 1391047 1081801 1050391 804680 245711 150018 95693 192841 1835 1476 191006 153147
is_linear=0
shrinkage=0.02


Tree=97
num_leaves=15
num_cat=0
split_feature=9 24 20 8 0 20 4 20 9 8 4 24 21 24
split_gain=1.29481e+06 1.20401e+06 1.14294e+06 1.05858e+06 1.23385e+06 1.15075e+06 5.40779e+06 2.73541e+06 3.41772e+06 1.89769e+06 1.87216e+06 1.74314e+06 1.49978e+06 1.5004e+06
threshold=0.53606674075126659 12725.326171875002 12689.021972656252 -0.95380857586860646 1111.5000000000002 12188.944335937502 -164.48500061035153 12396.565429687502 -0.45021446049213404 0.70960983633995067 131.08499908447268 12270.561035156252 12773.829101562502 12709.020507812502
decision_type=2 2 2 2 2 2 2 2 2 2 2 2 2 2
left_child=3 -2 -3 -1 -5 -6 -7 8 -8 -9 11 -10 13 -11
right_child=1 2 -4 4 5 6 7 9 10 12 -12 -13 -14 -15
leaf_value=-0.028521419602076992 -0.027416407175029401 0.85613678289919382 0.098998685987761792 -0.016576742070068047 0.012636132275529384 0.75062082113587769 0.005632227075232539 0.14431003122103003 0.12355647376065865 -0.010884456128632159 0.52727450321442448 0.42459674319928964 0.16086273477784555 -0.16585963006484578
leaf_weight=287230 712687 823 18876 451584 1260029 4412 44777 31821 33375 116204 7925 9995 15776 31825
leaf_count=287230 712687 823 18876 451584 1260029 4412 44777 31821 33375 116204 7925 9995 15776 31825
internal_value=1.05576e-06 -0.0231524 0.13105 0.00739006 0.0125278 0.0209738 0.0564513 0.0459264 0.133316 0.00300468 0.244752 0.193016 -0.0244525 -0.0442119
internal_weight=3.02734e+06 732386 19699 2.29495e+06 2.00772e+06 1.55614e+06 296110 291698 96072 195626 51295 43370 163805 148029
internal_count=3027339 732386 19699 2294953 2007723 1556139 296110 291698 96072 195626 51295 43370 163805 148029
is_linear=0
shrinkage=0.02


Tree=98
num_leaves=15
num_cat=0
split_feature=5 0 7 19 19 8 7 19 0 7 7 24 7 20
split_gain=1.25414e+06 1.27395e+06 1.41349e+06 1.43823e+06 1.09606e+06 1.13238e+06 986128 2.91412e+06 1.52526e+06 1.4346e+06 1.22609e+06 1.22173e+06 2.69782e+06 1.7975e+06
threshold=-0.027499999850988385 3967.5000000000005 10880.121582031252 11007.974121093752 10954.149902343752 -0.89492630958557118 11196.523925781252 11206.098144531252 3301.5000000000005 11208.547363281252 12753.250976562502 11176.049804687502 10954.217285156252 10845.565429687502
decision_type=2 2 2 2 2 2 2 2 2 2 2 2 2 2
left_child=1 -1 -3 4 5 -4 8 9 -2 -8 -11 12 -10 -14
right_child=6 2 3 -5 -6 -7 7 -9 11 10 -12 -13 13 -15
leaf_value=-0.0083906355464579783 0.0052726884564188439 0.17336670381410593 -0.33018995716547261 -0.05959302137676066 -0.42252846287481405 0.017272312455593571 -0.034351489248456012 0.0063914440547950466 0.10168771958385713 -0.17973536587622177 0.69092413624188365 0.16384889886134094 -0.4138790854776751 -0.014811338453324427
leaf_weight=600618 543154 8990 6551 136997 7823 8760 71337 1303379 142004 55368 645 40728 4727 96258
leaf_count=600618 543154 8990 6551 136997 7823 8760 71337 1303379 142004 55368 645 40728 4727 96258
internal_value=1.22386e-06 -0.0220443 -0.0705307 -0.0842335 -0.230062 -0.131511 0.00751783 -0.00253096 0.024905 -0.0938419 -0.169588 0.062488 0.0454925 -0.0335306
internal_weight=3.02734e+06 769739 169121 160131 23134 15311 2.2576e+06 1.43073e+06 826871 127350 56013 283717 242989 100985
internal_count=3027339 769739 169121 160131 23134 15311 2257600 1430729 826871 127350 56013 283717 242989 100985
is_linear=0
shrinkage=0.02


Tree=99
num_leaves=15
num_cat=0
split_feature=17 9 4 9 24 24 21 24 21 21 9 24 21 21
split_gain=1.26167e+06 1.26611e+06 860102 860678 1.1556e+06 3.43574e+06 1.02882e+06 850621 827827 998124 1.33677e+06 922223 788161 2.53863e+06
threshold=0.162966363132 -0.24782751500606534 284.38999938964849 -0.47019329667091364 12315.227050781252 12270.561035156252 10826.996093750002 12737.893554687502 10728.667968750002 10803.544921875002 -0.72323438525199879 10652.759277343752 11424.436523437502 11397.451660156252
decision_type=2 2 2 2 2 2 2 2 2 2 2 2 2 2
left_child=-1 2 3 8 5 6 -5 -3 11 -10 -11 -2 13 -8
right_child=1 7 -4 4 -6 -7 12 -9 9 10 -12 -13 -14 -15
leaf_value=0.080037256906340504 -0.012311226478493028 -0.016754562166493292 0.18934126269384016 -0.14997890628691898 -0.024199817122993711 0.48623222050336012 0.060969208687981322 0.078458054972124172 -0.085594628938677156 0.076888898380340534 -0.0068626351376054771 0.11971932332104052 0.032442438588555285 0.40240332872403073
leaf_weight=76775 38197 1526053 10824 10180 89157 7318 56817 38469 56521 84204 804147 47433 170965 10279
leaf_count=76775 38197 1526053 10824 10180 89157 7318 56817 38469 56521 84204 804147 47433 170965 10279
internal_value=1.17897e-06 -0.00208165 0.0118375 0.0104391 0.0377949 0.0594232 0.046822 -0.0144129 0.00128787 -0.00410873 0.00107666 0.0608296 0.0552437 0.113329
internal_weight=3.02734e+06 2.95056e+06 1.38604e+06 1.37522e+06 344716 255559 248241 1.56452e+06 1.0305e+06 944872 888351 85630 238061 67096
internal_count=3027339 2950564 1386042 1375218 344716 255559 248241 1564522 1030502 944872 888351 85630 238061 67096
is_linear=0
shrinkage=0.02


Tree=100
num_leaves=15
num_cat=0
split_feature=9 24 19 8 0 25 9 19 0 19 25 0 0 21
split_gain=1.19082e+06 1.13064e+06 1.37927e+06 986503 1.16821e+06 1.05114e+06 1.14006e+06 1.04774e+06 1.03213e+06 960788 1.07204e+06 1.80722e+06 1.06098e+06 912944
threshold=0.55122801661491405 12725.326171875002 12772.923339843752 -0.95380857586860646 1092.5000000000002 0.088395316153764739 -0.72804987430572499 12310.327148437502 3454.5000000000005 12208.879882812502 0.069667566567659392 4702.5000000000009 7400.5000000000009 12773.829101562502
decision_type=2 2 2 2 2 2 2 2 2 2 2 2 2 2
left_child=3 9 -3 8 -5 6 7 -6 -1 10 12 -12 -2 -8
right_child=1 2 -4 4 5 -7 13 -9 -10 -11 11 -13 -14 -15
leaf_value=-0.0038323774362216158 -0.024918284511496372 0.22601477673589712 -0.15556900409987068 -0.016579209878314686 0.088461533713485863 -0.05953950634331899 0.018308195733559133 0.44873512615680455 -0.088000985965472303 -0.093640296677453827 0.1908692260600284 -0.042932135244228821 -0.53559407993858932 0.17667070319560993
leaf_weight=205968 572833 14590 5109 446436 56124 63621 1432444 3417 81262 76173 25071 27968 1622 14701
leaf_count=205968 572833 14590 5109 446436 56124 63621 1432444 3417 81262 76173 25071 27968 1622 14701
internal_value=1.23698e-06 -0.0223849 0.12702 0.00702977 0.0119687 0.0200849 0.0234475 0.10921 -0.0276473 -0.0265692 -0.0184259 0.0675982 -0.0263695 0.0199182
internal_weight=3.02734e+06 723366 19699 2.30397e+06 2.01674e+06 1.57031e+06 1.50669e+06 59541 287230 703667 627494 53039 574455 1.44714e+06
internal_count=3027339 723366 19699 2303973 2016743 1570307 1506686 59541 287230 703667 627494 53039 574455 1447145
is_linear=0
shrinkage=0.02


Tree=101
num_leaves=15
num_cat=0
split_feature=17 9 7 7 1 7 7 20 7 19 7 23 7 7
split_gain=1.2087e+06 1.15962e+06 1.51079e+06 2.20075e+06 2.08745e+06 2.16432e+06 1.74982e+06 3.75212e+06 2.59169e+06 1.50001e+06 2.51519e+06 1.13587e+06 2.18974e+06 2.30685e+06
threshold=0.15326625853776935 0.55122801661491405 10976.409667968752 11130.324218750002 87.910800933837905 10992.782226562502 11203.090820312502 11191.833496093752 11227.193847656252 10989.383789062502 11013.437500000002 10923.535644531252 10775.280273437502 10857.246582031252
decision_type=2 2 2 2 2 2 2 2 2 2 2 2 2 2
left_child=-1 -2 11 4 9 -6 -5 8 -8 10 -4 12 -3 -14
right_child=1 2 3 6 5 -7 7 -9 -10 -11 -12 -13 13 -15
leaf_value=0.084815739865321732 0.0051373473809815141 0.11186795787008168 0.087671818230427259 0.038090371251668545 -0.056647134778661297 -0.34826758630413379 -0.12610564367122076 -0.02710039239355282 -0.51470547611006501 0.066127557549858967 -0.48569911912318459 0.074770712353852686 -0.2624119015426456 -0.001467588677227913
leaf_weight=65741 2252910 30507 5962 128645 16790 25866 19801 289993 10506 23720 6272 92298 21396 36932
leaf_count=65741 2252910 30507 5962 128645 16790 25866 19801 289993 10506 23720 6272 92298 21396 36932
internal_value=1.22024e-06 -0.00188175 -0.0241952 -0.0413057 -0.138919 -0.233522 -0.0242109 -0.049234 -0.260941 -0.0266472 -0.206433 0.0256393 -0.0254098 -0.0972166
internal_weight=3.02734e+06 2.9616e+06 708688 527555 78610 42656 448945 320300 30307 35954 12234 181133 88835 58328
internal_count=3027339 2961598 708688 527555 78610 42656 448945 320300 30307 35954 12234 181133 88835 58328
is_linear=0
shrinkage=0.02


Tree=102
num_leaves=15
num_cat=0
split_feature=5 0 7 20 7 7 7 20 9 7 20 7 7 9
split_gain=1.12098e+06 1.21242e+06 1.04259e+06 2.45435e+06 2.19732e+06 2.14507e+06 1.56319e+06 2.21697e+06 1.13239e+06 2.2213e+06 2.93442e+06 1.8339e+06 1.14347e+06 1.75992e+06
threshold=-0.027499999850988385 1641.5000000000002 10880.121582031252 10821.331054687502 10935.090332031252 10853.744628906252 10775.280273437502 10720.114746093752 0.60596671700477611 10976.409667968752 11038.571289062502 11019.201171875002 11361.743164062502 0.3199767023324967
decision_type=2 2 2 2 2 2 2 2 2 2 2 2 2 2
left_child=1 -1 3 6 -4 -5 7 -3 12 -10 11 -11 -6 -14
right_child=-2 2 4 5 8 -7 -8 -9 9 10 -12 -13 13 -15
leaf_value=0.014584138851778563 0.0071074695857769668 -0.21081066588514183 -0.21637065807971723 0.53163038449252997 0.11399246920229043 0.075367595862516679 -0.28367603879753039 0.27525185065812807 0.063244537495907485 -0.081640131289815634 -0.073604234727165471 -0.53046195043053768 -0.087864595756220257 0.034390846688794899
leaf_weight=257273 2257600 7026 28820 6232 28638 12146 9070 8036 41943 5850 165313 9655 86842 102895
leaf_count=257273 2257600 7026 28820 6232 28638 12146 9070 8036 41943 5850 165313 9655 86842 102895
internal_value=1.10609e-06 -0.0208412 -0.0386258 0.0562145 -0.0472057 0.230293 -0.0763966 0.0485266 -0.0361492 -0.0678747 -0.0982914 -0.361286 -0.00378474 -0.0215666
internal_weight=3.02734e+06 769739 512466 42510 469956 18378 24132 15062 441136 222761 180818 15505 218375 189737
internal_count=3027339 769739 512466 42510 469956 18378 24132 15062 441136 222761 180818 15505 218375 189737
is_linear=0
shrinkage=0.02


Tree=103
num_leaves=15
num_cat=0
split_feature=17 4 7 24 21 7 8 21 4 21 7 24 7 22
split_gain=1.16229e+06 978406 1.25927e+06 2.73705e+06 1.4789e+06 2.92955e+06 2.59549e+06 1.86953e+06 1.95183e+06 1.67393e+06 1.648e+06 1.6748e+06 1.33871e+06 2.49489e+06
threshold=0.12508517503738406 32.604999542236335 10679.781738281252 10652.759277343752 10803.544921875002 10942.550292968752 0.97920829057693493 10976.944824218752 284.38999938964849 10969.715332031252 11006.505859375002 10988.351074218752 11184.371582031252 11171.453125000002
decision_type=2 2 2 2 2 2 2 2 2 2 2 2 2 2
left_child=-1 -2 3 -3 -4 6 9 8 10 -6 11 -7 13 -9
right_child=1 2 4 -5 5 7 -8 12 -10 -11 -12 -13 -14 -15
leaf_value=0.10435143733397646 -0.011775446097704978 -0.013475804206075102 -0.079825566124543515 0.27152419314281007 0.11396746757786386 -0.089583404121123172 -0.20419176346786377 0.014962368276586991 0.2345793581771001 0.38020337550969041 -0.53752825923596825 -0.95465303899958276 0.00033201900295604271 0.19717601729459902
leaf_weight=42092 1649308 32570 73599 22984 87306 64218 9447 109968 6614 10586 3656 898 872739 41354
leaf_count=42092 1649308 32570 73599 22984 87306 64218 9447 109968 6614 10586 3656 898 872739 41354
internal_value=1.05966e-06 -0.00147062 0.0112514 0.104463 0.00720627 0.0125148 0.112239 0.00277771 -0.0933383 0.142794 -0.124905 -0.101658 0.00985413 0.0647685
internal_weight=3.02734e+06 2.98525e+06 1.33594e+06 55554 1.28038e+06 1.20679e+06 107339 1.09945e+06 75386 97892 68772 65116 1.02406e+06 151322
internal_count=3027339 2985247 1335939 55554 1280385 1206786 107339 1099447 75386 97892 68772 65116 1024061 151322
is_linear=0
shrinkage=0.02


Tree=104
num_leaves=15
num_cat=0
split_feature=9 24 19 21 4 1 19 4 0 9 25 0 19 23
split_gain=1.04693e+06 1.08659e+06 1.34009e+06 1.76079e+06 1.2861e+06 970881 887687 1.07365e+06 1.15288e+06 1.03886e+06 994424 1.64522e+06 990998 3.23513e+06
threshold=0.53606674075126659 12725.326171875002 12165.428710937502 12785.703613281252 -25.224999427795407 52.411420822143562 12208.879882812502 -168.94499969482419 3092.5000000000005 0.62378269433975231 0.069667566567659392 4702.5000000000009 11604.673339843752 11694.520507812502
decision_type=2 2 2 2 2 2 2 2 2 2 2 2 2 2
left_child=-1 6 4 -4 5 -3 10 9 -9 -8 12 -12 -2 -14
right_child=1 2 3 -5 -6 -7 7 8 -10 -11 11 -13 13 -15
leaf_value=0.0066451831187684923 -0.036543158277222723 -0.21059607009606168 0.27544304130809655 -0.17239002878054752 -0.10661920388902268 0.70421567930772067 0.015562656679583561 -0.067196049007576947 -0.25341530290273623 0.56865578350055612 0.18198545076754219 -0.039587490700880565 0.51223765782663644 0.0056837568265857667
leaf_weight=2294953 479800 532 6234 8016 1497 3420 7583 52090 17853 1645 25444 28310 5317 94645
leaf_count=2294953 479800 532 6234 8016 1497 3420 7583 52090 17853 1645 25444 28310 5317 94645
internal_value=1.00053e-06 -0.0208185 0.125672 0.0235795 0.392123 0.580842 -0.0248693 -0.0880054 -0.114758 0.114669 -0.0169778 0.0653062 -0.024608 0.0326762
internal_weight=3.02734e+06 732386 19699 14250 5449 3952 712687 79171 69943 9228 633516 53754 579762 99962
internal_count=3027339 732386 19699 14250 5449 3952 712687 79171 69943 9228 633516 53754 579762 99962
is_linear=0
shrinkage=0.02


Tree=105
num_leaves=15
num_cat=0
split_feature=17 9 7 22 21 20 9 7 9 7 24 19 24 9
split_gain=1.11902e+06 1.05942e+06 1.24663e+06 2.06747e+06 1.25956e+06 1.51015e+06 1.2264e+06 1.16875e+06 1.37886e+06 1.59089e+06 2.67945e+06 2.03994e+06 1.15242e+06 1.30514e+06
threshold=0.162966363132 -0.24782751500606534 12723.007324218752 12676.985351562502 12773.829101562502 12804.312011718752 -0.68669712543487538 12544.754394531252 -0.49964705109596247 11203.090820312502 11216.794921875002 11204.585449218752 12787.393554687502 -0.56790637969970692
decision_type=2 2 2 2 2 2 2 2 2 2 2 2 2 2
left_child=-1 2 3 7 5 12 -5 8 9 10 -2 -11 -4 -14
right_child=1 -3 4 6 -6 -7 -8 -9 -10 11 -12 -13 13 -15
leaf_value=0.075376828465864812 0.016344414351674313 -0.013240424905693868 -0.061127572522889001 0.46312025230674053 0.07625674456400576 -0.62045807446435208 0.12187047996078806 -0.073359326306466743 0.051424538531611858 -0.14410949784648711 0.27212513942934752 -0.0099423968356205338 -0.18611971497947469 -0.85227693501251933
leaf_weight=76775 546959 1564522 34725 5253 15333 2407 21176 62244 317070 53246 16878 304593 4581 1577
leaf_count=76775 546959 1564522 34725 5253 15333 2407 21176 62244 317070 53246 16878 304593 4581 1577
internal_value=1.07193e-06 -0.00196048 0.010772 0.0147582 -0.0794772 -0.134642 0.189847 0.0111999 0.0154494 0.003073 0.0240057 -0.0299098 -0.105895 -0.357824
internal_weight=3.02734e+06 2.95056e+06 1.38604e+06 1.32742e+06 58623 43290 26429 1.30099e+06 1.23875e+06 921676 563837 357839 40883 6158
internal_count=3027339 2950564 1386042 1327419 58623 43290 26429 1300990 1238746 921676 563837 357839 40883 6158
is_linear=0
shrinkage=0.02


Tree=106
num_leaves=15
num_cat=0
split_feature=4 19 0 24 21 24 0 21 19 4 20 20 4 4
split_gain=904909 1.10716e+06 1.4466e+06 1.33687e+06 1.60718e+06 1.47031e+06 890358 1.3316e+06 2.46414e+06 1.89023e+06 833537 832119 793245 756109
threshold=32.604999542236335 13462.845214843752 3216.5000000000005 12771.544921875002 12732.083007812502 12675.733398437502 4452.5000000000009 12254.822753906252 12525.206542968752 -168.94499969482419 12730.045898437502 10736.485351562502 284.38999938964849 -249.45500183105466
decision_type=2 2 2 2 2 2 2 2 2 2 2 2 2 2
left_child=6 3 -3 4 5 12 -1 11 9 -9 -7 -8 -2 -13
right_child=1 2 -4 -5 -6 10 7 8 -10 -11 -12 13 -14 -15
leaf_value=-0.0045190359453664139 0.010769550819679197 0.11483682161397164 -0.86039802415955746 0.1944416754270987 -0.12354198761263446 0.41603952884242484 0.49232402333603087 0.53401111674957868 -0.20414383799248953 0.057568106827055106 0.08723275689498157 -0.18190878912765435 0.18125410447650342 -0.055456476901385152
leaf_weight=1476706 1277674 1121 1315 16027 34714 5430 1045 5743 6953 7918 7137 21577 11001 152978
leaf_count=1476706 1277674 1121 1315 16027 34714 5430 1045 5743 6953 7918 7137 21577 11001 152978
internal_value=9.91792e-07 0.0121534 -0.412971 0.0129224 0.0107433 0.0143267 -0.00983775 -0.049864 0.102168 0.258107 0.229524 -0.0677162 0.0122263 -0.0710971
internal_weight=3.02734e+06 1.35442e+06 2436 1.35198e+06 1.33596e+06 1.30124e+06 1.67292e+06 196214 20614 13661 12567 175600 1.28868e+06 174555
internal_count=3027339 1354419 2436 1351983 1335956 1301242 1672920 196214 20614 13661 12567 175600 1288675 174555
is_linear=0
shrinkage=0.02


Tree=107
num_leaves=15
num_cat=0
split_feature=9 7 7 7 7 20 7 4 7 7 24 7 20 7
split_gain=961655 1.56553e+06 2.14343e+06 1.88184e+06 2.16183e+06 1.87938e+06 4.90947e+06 1.75644e+06 1.22798e+06 1.22726e+06 1.12682e+06 1.36418e+06 5.68805e+06 1.42783e+06
threshold=0.53606674075126659 10765.747070312502 10699.223144531252 10857.246582031252 10974.288085937502 11031.993164062502 11019.201171875002 -46.995000839233391 10790.399414062502 10759.808593750002 12725.326171875002 11210.325195312502 11201.510742187502 11019.201171875002
decision_type=2 2 2 2 2 2 2 2 2 2 2 2 2 2
left_child=-1 2 -2 8 -5 6 -6 9 -3 -4 11 13 -13 -7
right_child=1 3 7 4 5 10 -8 -9 -10 -11 -12 12 -14 -15
leaf_value=0.0063688735184785792 -0.14510427014297622 -0.071723270901913175 0.60603635272841716 0.055562590591380807 0.0062394557065454494 -0.13126362496427565 -0.39639892050364994 -0.0018330694946790116 -0.34198377787079587 0.19189544937943673 0.12386111352531501 -0.335576973069863 -0.029565629080920787 0.031440042788497477
leaf_weight=2294953 7837 15651 5794 126470 30810 24726 19951 6925 11791 5674 19699 26776 261483 168799
leaf_count=2294953 7837 15651 5794 126470 30810 24726 19951 6925 11791 5674 19699 26776 261483 168799
internal_value=1.0158e-06 -0.0199526 0.131738 -0.025589 -0.0190225 -0.036104 -0.152059 0.249712 -0.187929 0.40148 -0.024364 -0.030427 -0.0580013 0.0106462
internal_weight=3.02734e+06 732386 26230 706156 678714 552244 50761 18393 27442 11468 501483 481784 288259 193525
internal_count=3027339 732386 26230 706156 678714 552244 50761 18393 27442 11468 501483 481784 288259 193525
is_linear=0
shrinkage=0.02


Tree=108
num_leaves=15
num_cat=0
split_feature=17 5 0 7 21 7 7 7 21 4 7 21 9 7
split_gain=1.06539e+06 982933 1.20464e+06 985540 2.32501e+06 2.07233e+06 1.88785e+06 1.78446e+06 2.01301e+06 1.33995e+06 985775 2.40543e+06 1.26953e+06 3.0914e+06
threshold=0.12508517503738406 -0.027499999850988385 1661.5000000000002 10880.121582031252 10810.560058593752 10935.090332031252 10853.744628906252 10775.280273437502 10714.142578125002 -156.56500244140622 10976.409667968752 11018.312988281252 0.60596671700477611 11033.102539062502
decision_type=2 2 2 2 2 2 2 2 2 2 2 2 2 2
left_child=-1 2 -2 4 7 -5 9 8 -4 -6 -7 -12 13 -13
right_child=1 -3 3 5 6 10 -8 -9 -10 -11 11 12 -14 -15
leaf_value=0.099906828327780084 0.014147114028192402 0.0052974782183918068 -0.20928973036480764 -0.21243466069441538 0.96018462625554024 0.054605973414067512 0.068030392350437216 -0.34037533738625514 0.26008405188280459 0.31662790769212701 -0.29868942513633623 0.80185004405732685 -0.078381846462842464 -0.011525773452471048
leaf_weight=42092 257261 2225477 6846 28566 1728 42730 12666 7367 7818 5144 14562 1876 164628 208578
leaf_count=42092 257261 2225477 6846 28566 1728 42730 12666 7367 7818 5144 14562 1876 164628 208578
internal_value=9.66618e-07 -0.00140803 -0.0210493 -0.0390681 0.0541902 -0.0474795 0.212968 -0.0866522 0.0409587 0.479617 -0.0365766 -0.0465772 -0.0367816 -0.00423744
internal_weight=3.02734e+06 2.98525e+06 759770 502509 41569 460940 19538 22031 14664 6872 432374 389644 375082 210454
internal_count=3027339 2985247 759770 502509 41569 460940 19538 22031 14664 6872 432374 389644 375082 210454
is_linear=0
shrinkage=0.02


Tree=109
num_leaves=15
num_cat=0
split_feature=17 5 7 19 22 7 7 7 7 20 22 7 22 20
split_gain=1.03199e+06 977195 851782 3.64249e+06 1.39869e+06 1.09603e+06 941908 837646 768627 6.11349e+06 2.23814e+06 3.3799e+06 1.51365e+06 676324
threshold=0.18074148148298266 -0.027499999850988385 11203.090820312502 11204.585449218752 11217.410644531252 11149.020507812502 12753.250976562502 11235.322753906252 11368.623535156252 11400.935058593752 11357.017578125002 11346.758300781252 11381.416992187502 12757.649902343752
decision_type=2 2 2 2 2 2 2 2 2 2 2 2 2 2
left_child=-1 -2 4 6 -3 -6 7 -4 9 10 -5 -12 -10 -9
right_child=1 2 3 8 5 -7 -8 13 12 -11 11 -13 -14 -15
leaf_value=0.062648570260101691 -0.021951767200323481 0.015868109473403492 -0.11994219491278495 -0.013713276064265019 -0.076611945146244961 0.24941618344509237 0.64586515298436897 -0.40999510020091423 -0.16004073009190034 0.63598314070377282 0.60347800054272738 0.071129017220459154 -4.8213021631953689e-05 0.040543911755311725
leaf_weight=101637 744943 833242 69515 148831 5369 17726 600 7196 24196 6637 5906 24659 1035249 1633
leaf_count=101637 744943 833242 69515 148831 5369 17726 600 7196 24196 6637 5906 24659 1035249 1633
internal_value=1.04204e-06 -0.00217549 0.0045801 -0.00547066 0.0201247 0.173622 -0.137204 -0.143283 0.00288021 0.0403732 0.0183035 0.174158 -0.00370368 -0.32671
internal_weight=3.02734e+06 2.9257e+06 2.18076e+06 1.32442e+06 856337 23095 78944 78344 1.24548e+06 186033 179396 30565 1.05944e+06 8829
internal_count=3027339 2925702 2180759 1324422 856337 23095 78944 78344 1245478 186033 179396 30565 1059445 8829
is_linear=0
shrinkage=0.02


Tree=110
num_leaves=15
num_cat=0
split_feature=17 5 7 19 20 7 7 7 20 19 7 23 8 7
split_gain=997188 906285 818257 2.4638e+06 1.38678e+06 1.2556e+06 1.0701e+06 923609 5.84164e+06 2.03454e+06 2.91403e+06 1.97726e+06 950814 799825
threshold=0.12508517503738406 -0.027499999850988385 11196.523925781252 11206.098144531252 11202.923339843752 11208.547363281252 12753.250976562502 11368.623535156252 11400.935058593752 11355.990234375002 11346.758300781252 11383.837402343752 0.9084724783897401 11130.324218750002
decision_type=2 2 2 2 2 2 2 2 2 2 2 2 2 2
left_child=-1 -2 4 5 -3 -4 -7 8 9 -5 -11 -9 -10 -6
right_child=1 2 3 7 13 6 -8 11 12 10 -12 -13 -14 -15
leaf_value=0.096656492377749675 -0.020221931648386152 0.015032564486624494 -0.032400723473740289 -0.0080714165739725393 -0.081096277068260725 -0.16840536276566301 0.64498577920171141 -0.15753125625744502 -0.073954233112366805 0.50137280168794052 0.062502356724963834 0.0017450975646537471 0.70477010685662056 0.17128552570506078
leaf_weight=42092 759770 776887 71325 150843 5864 55366 645 32114 698 7822 26641 1056478 6014 34780
leaf_count=42092 759770 776887 71325 150843 5864 55366 645 32114 698 7822 26641 1056478 6014 34780
internal_value=1.12179e-06 -0.00136203 0.00507672 -0.00416434 0.0209915 -0.0880629 -0.158925 0.00417862 0.0446189 0.0236078 0.162229 -0.00295502 0.623796 0.134861
internal_weight=3.02734e+06 2.98525e+06 2.22548e+06 1.40795e+06 817531 127336 56011 1.28061e+06 192018 185306 34463 1.08859e+06 6712 40644
internal_count=3027339 2985247 2225477 1407946 817531 127336 56011 1280610 192018 185306 34463 1088592 6712 40644
is_linear=0
shrinkage=0.02


Tree=111
num_leaves=15
num_cat=0
split_feature=17 9 7 23 8 7 9 7 23 19 4 25 7 19
split_gain=965207 913660 1.16971e+06 1.98718e+06 1.21975e+06 1.09145e+06 1.51721e+06 1.43033e+06 2.44679e+06 1.83597e+06 1.36948e+06 3.19501e+06 1.0478e+06 1.85195e+06
threshold=0.18767879158258441 -0.29443810880184168 12723.007324218752 12677.269531250002 0.72694364190101635 12544.754394531252 -0.47990448772907252 11203.090820312502 11216.631835937502 11204.585449218752 154.66500091552737 0.016689867712557319 10699.223144531252 10802.654296875002
decision_type=2 2 2 2 2 2 2 2 2 2 2 2 2 2
left_child=-1 2 3 5 -5 6 7 8 12 -9 -11 -12 -2 -14
right_child=1 -3 -4 4 -6 -7 -8 9 -10 10 11 -13 13 -15
leaf_value=0.057275334076006372 0.082618836814954022 -0.012558711249466139 -0.078132657847641396 0.46910197070215531 0.12033547598137345 -0.071152772897165012 0.056460799277573068 -0.13703653005480548 0.25836075161366495 0.0060902417263637917 -1.0137840306588362 -0.083786829871185117 -0.097282622766077659 0.019467960270352198
leaf_weight=113282 78687 1573982 57747 5005 20103 62437 268669 53108 17051 272436 1528 37755 62814 402735
leaf_count=113282 78687 1573982 57747 5005 20103 62437 268669 53108 17051 272436 1528 37755 62814 402735
internal_value=1.20883e-06 -0.00222547 0.00991141 0.0138769 0.190018 0.0103577 0.0146178 0.00247852 0.022517 -0.0283504 -0.00982952 -0.12021 0.0151233 0.00371364
internal_weight=3.02734e+06 2.91406e+06 1.34008e+06 1.28233e+06 25108 1.25722e+06 1.19478e+06 926114 561287 364827 311719 39283 544236 465549
internal_count=3027339 2914057 1340075 1282328 25108 1257220 1194783 926114 561287 364827 311719 39283 544236 465549
is_linear=0
shrinkage=0.02


Tree=112
num_leaves=15
num_cat=0
split_feature=17 4 16 5 17 21 21 4 17 4 20 4 8 20
split_gain=934689 863513 827584 898986 842744 759027 1.01531e+06 642187 627950 598562 536900 1.64338e+06 979730 3.36454e+06
threshold=0.12508517503738406 284.38999938964849 -20.100000381469723 -0.027499999850988385 0.37123006582260137 12773.829101562502 12732.083007812502 -102.50500106811522 0.48757193982601171 122.95499801635744 12183.192871093752 -168.94499969482419 0.89789968729019176 12396.565429687502
decision_type=2 2 2 2 2 2 2 2 2 2 2 2 2 2
left_child=-1 2 8 4 -4 6 10 -6 -2 -8 -5 -12 -13 -14
right_child=1 -3 3 5 7 -7 9 -9 -10 -11 11 12 13 -15
leaf_value=0.093578586953805387 0.0085483789821531857 0.17594501887051867 0.00070508915740791634 -0.002867664125312809 -0.075070107772176098 0.097261808261841623 -0.046798168338916181 -0.023191946391357809 0.069408335412260866 -0.20855319352899387 0.32464899848626438 -0.0084946421674421298 0.18379988044176324 -0.033266914088451803
leaf_weight=42092 196946 10942 288894 1594608 160488 32421 29941 235518 103421 13174 7173 196444 52156 63121
leaf_count=42092 196946 10942 288894 1594608 160488 32421 29941 235518 103421 13174 7173 196444 52156 63121
internal_value=1.15669e-06 -0.00131859 -0.00197131 -0.0055072 -0.0252694 0.00129774 -0.000292855 -0.0442178 0.0295051 -0.0962606 0.00186997 0.0255596 0.018667 0.0649502
internal_weight=3.02734e+06 2.98525e+06 2.9743e+06 2.67394e+06 684900 1.98904e+06 1.95662e+06 396006 300367 43115 1.9135e+06 318894 311721 115277
internal_count=3027339 2985247 2974305 2673938 684900 1989038 1956617 396006 300367 43115 1913502 318894 311721 115277
is_linear=0
shrinkage=0.02


Tree=113
num_leaves=15
num_cat=0
split_feature=17 5 5 7 19 7 20 7 20 19 7 8 19 7
split_gain=903738 839128 727574 778552 2.94679e+06 1.12911e+06 762385 1.57194e+06 2.85342e+06 1.10631e+06 2.00166e+06 1.1086e+06 1.09906e+06 955565
threshold=0.162966363132 0.082499999552965178 -0.027499999850988385 10679.781738281252 10646.074707031252 10065.734863281252 10804.545898437502 10889.665527343752 10947.686035156252 10917.168945312502 10921.647949218752 0.73663246631622326 10862.234863281252 10861.880371093752
decision_type=2 2 2 2 2 2 2 2 2 2 2 2 2 2
left_child=-1 2 -2 4 5 -4 -5 8 12 -9 11 -11 -8 -14
right_child=1 -3 3 6 -6 -7 7 9 -10 10 -12 -13 13 -15
leaf_value=0.06773947750310505 -0.019977471767058587 0.088540827997144661 0.1386191742725115 -0.051123591236991207 0.24898554796289926 -0.095051781231049084 0.013088513270247647 -0.077140912939465303 0.75010624233994361 0.09821528054410214 0.0011993335711694543 0.48276494207702531 0.30007137692680641 0.063401942384869278
leaf_weight=76775 750996 40585 11405 107465 23665 30029 50383 71723 2528 7313 1821827 5081 12425 15139
leaf_count=76775 750996 40585 11405 107465 23665 30029 50383 71723 2528 7313 1821827 5081 12425 15139
internal_value=1.17017e-06 -0.00176163 -0.00302137 0.00287682 0.0709857 -0.0307138 0.00075897 0.00356606 0.0901443 -8.99875e-05 0.00292331 0.256128 0.0686465 0.170156
internal_weight=3.02734e+06 2.95056e+06 2.90998e+06 2.15898e+06 65099 41434 2.09388e+06 1.98642e+06 80475 1.90594e+06 1.83422e+06 12394 77947 27564
internal_count=3027339 2950564 2909979 2158983 65099 41434 2093884 1986419 80475 1905944 1834221 12394 77947 27564
is_linear=0
shrinkage=0.02


Tree=114
num_leaves=15
num_cat=0
split_feature=5 0 7 21 7 19 7 19 24 8 7 7 8 19
split_gain=868937 842723 820300 2.73097e+06 3.03949e+06 2.4135e+06 2.32475e+06 2.23825e+06 2.11179e+06 1.85476e+06 1.61183e+06 1.39244e+06 1.28459e+06 1.26793e+06
threshold=0.082499999552965178 8173.0000000000009 10775.280273437502 10803.544921875002 10880.121582031252 10913.085937500002 10919.207031250002 10646.074707031252 10879.510253906252 0.73663246631622326 10640.455566406252 10065.734863281252 -0.87837451696395863 10950.788574218752
decision_type=2 2 2 2 2 2 2 2 2 2 2 2 2 2
left_child=1 2 7 -4 8 12 9 11 -5 -7 -9 -1 -6 -11
right_child=-2 -3 3 4 5 6 -8 10 -10 13 -12 -13 -14 -15
leaf_value=0.14622876827476361 0.090196862333828065 -0.16875480796028236 -0.12629901661750614 0.070249110967656347 -0.19436850435277964 0.090318845517836227 -0.0016162394797778058 0.46314609426371994 0.33277937704678601 0.027418666899227777 0.087849131094149463 -0.10334274979723146 -0.047685726894077823 0.73977627060857654
leaf_weight=11174 42120 11959 70033 90946 36010 10566 2531090 4833 14157 1356 83783 44613 70899 3800
leaf_count=11174 42120 11959 70033 90946 36010 10566 2531090 4833 14157 1356 83783 44613 70899 3800
internal_value=1.28032e-06 -0.00127163 -0.000597407 -0.00297095 0.000160188 -0.00401779 -0.00010978 0.0458971 0.105639 0.242261 0.108368 -0.0533366 -0.0971064 0.55285
internal_weight=3.02734e+06 2.98522e+06 2.97326e+06 2.82886e+06 2.75882e+06 2.65372e+06 2.54681e+06 144403 105103 15722 88616 55787 106909 5156
internal_count=3027339 2985219 2973260 2828857 2758824 2653721 2546812 144403 105103 15722 88616 55787 106909 5156
is_linear=0
shrinkage=0.02


Tree=115
num_leaves=15
num_cat=0
split_feature=17 9 7 7 1 7 7 22 7 19 7 22 7 7
split_gain=878451 830121 1.33639e+06 1.83208e+06 1.87841e+06 1.9651e+06 1.76225e+06 5.45274e+06 1.32508e+06 1.29842e+06 2.10269e+06 1.17342e+06 1.95334e+06 1.88113e+06
threshold=0.20985870063304904 0.56217131018638622 10976.409667968752 11130.324218750002 87.722831726074233 10992.782226562502 11210.325195312502 11202.510742187502 11240.761718750002 10989.383789062502 11013.437500000002 10922.497558593752 10775.280273437502 10857.246582031252
decision_type=2 2 2 2 2 2 2 2 2 2 2 2 2 2
left_child=-1 -2 11 4 9 -6 -5 8 -8 10 -4 12 -3 -14
right_child=1 2 3 6 5 -7 7 -9 -10 -11 -12 -13 13 -15
leaf_value=0.045439417636525051 0.0034471405506351113 0.10476599069913324 0.085509932537025102 0.031811198787359336 -0.048567446524338739 -0.32742784818797371 -0.21795966191158997 -0.022321207110969785 -0.5078336533063863 0.06824432454537413 -0.44956425528941973 0.076592301894566617 -0.24511833899760274 -0.0053656929607156919
leaf_weight=161123 2186665 29272 5699 154665 16690 25638 18830 245625 9500 23009 6047 89191 21207 34178
leaf_count=161123 2186665 29272 5699 154665 16690 25638 18830 245625 9500 23009 6047 89191 21207 34178
internal_value=1.34788e-06 -0.00255307 -0.0218604 -0.0383048 -0.128064 -0.217511 -0.0221598 -0.05263 -0.31531 -0.0190962 -0.1901 0.0259737 -0.0273585 -0.0971954
internal_weight=3.02734e+06 2.86622e+06 679551 505703 77083 42328 428620 273955 28330 34755 11746 173848 84657 55385
internal_count=3027339 2866216 679551 505703 77083 42328 428620 273955 28330 34755 11746 173848 84657 55385
is_linear=0
shrinkage=0.02


Tree=116
num_leaves=15
num_cat=0
split_feature=5 13 4 14 23 7 14 7 4 7 8 22 20 23
split_gain=832127 795579 964139 1.36421e+06 1.10181e+06 2.42705e+06 939233 845615 670402 600566 543602 846805 532053 706186
threshold=0.082499999552965178 -9.0999999046325666 -105.83499908447264 0.57397708296775829 12225.526855468752 12208.447753906252 0.64100536704063427 12531.084472656252 -249.45500183105466 11182.957519531252 -0.91849520802497853 11007.041015625002 12846.489746093752 12760.748046875002
decision_type=2 2 2 2 2 2 2 2 2 2 2 2 2 2
left_child=1 6 3 4 -3 -6 -1 -7 -5 10 11 -8 -4 -14
right_child=-2 2 12 8 5 7 9 -9 -10 -11 -12 -13 13 -15
leaf_value=0.003736581731315624 0.08826570054086591 -0.024623983747118369 -0.002940384636780354 -0.27665411847235699 0.58674545536349221 0.17937409242355415 0.17829445584317949 -0.086507071631579183 -0.080291235513532053 0.025641028134614347 0.079401700769820893 0.81605222472304906 -0.17945332959419602 0.26585784020514835
leaf_weight=646761 42120 160019 1832467 7393 3768 8650 7175 10683 115459 116609 67393 934 1854 6054
leaf_count=646761 42120 160019 1832467 7393 3768 8650 7175 10683 115459 116609 67393 934 1854 6054
internal_value=1.22764e-06 -0.00124443 -0.00769921 -0.0405733 -0.0059818 0.123105 0.0152707 0.0324841 -0.0921297 0.0540993 0.0980421 0.252669 -0.00223351 0.161359
internal_weight=3.02734e+06 2.98522e+06 2.14635e+06 305972 183120 23101 838872 19333 122852 192111 75502 8109 1.84038e+06 7908
internal_count=3027339 2985219 2146347 305972 183120 23101 838872 19333 122852 192111 75502 8109 1840375 7908
is_linear=0
shrinkage=0.02


Tree=117
num_leaves=15
num_cat=0
split_feature=0 4 16 21 7 22 25 7 20 7 20 7 7 20
split_gain=805772 854907 767150 654046 1.42609e+06 970893 1.04835e+06 908711 876619 1.20918e+06 1.01665e+06 4.93929e+06 2.47989e+06 3.19938e+06
threshold=8173.0000000000009 284.38999938964849 -20.100000381469723 12773.829101562502 12767.550292968752 12775.008300781252 0.040661120787262924 12816.793945312502 12804.312011718752 12723.007324218752 12183.192871093752 12200.578613281252 12043.893554687502 12040.458496093752
decision_type=2 2 2 2 2 2 2 2 2 2 2 2 2 2
left_child=1 2 -1 4 8 7 -7 -6 10 -10 12 -12 13 -4
right_child=-2 -3 3 -5 5 6 -8 -9 9 -11 11 -13 -14 -15
leaf_value=0.030127799484315831 -0.16377344458054108 0.17774818440524931 -0.0043162057887428436 0.066906082360615599 -0.054588675743595577 -0.18061017524594417 -0.7748678977225758 -0.45613061062686766 -0.017399171454269995 -0.60632215106820719 0.20874358766706053 0.00043113732673063371 -0.072818102535714538 0.19311439701975613
leaf_weight=304067 11959 10854 1933976 51929 29123 3627 1762 2434 3573 2278 51838 373616 212914 33389
leaf_count=304067 11959 10854 1933976 51929 29123 3627 1762 2434 3573 2278 51838 373616 212914 33389
internal_value=1.30723e-06 0.000651386 1.10185e-05 -0.00338017 -0.00475851 -0.128129 -0.375989 -0.085695 -0.0030127 -0.247334 -0.00246314 0.0258166 -0.00798168 -0.000964551
internal_weight=3.02734e+06 3.01538e+06 3.00453e+06 2.70046e+06 2.64853e+06 36946 5389 31557 2.61158e+06 5851 2.60573e+06 425454 2.18028e+06 1.96736e+06
internal_count=3027339 3015380 3004526 2700459 2648530 36946 5389 31557 2611584 5851 2605733 425454 2180279 1967365
is_linear=0
shrinkage=0.02


Tree=118
num_leaves=15
num_cat=0
split_feature=17 13 17 5 17 7 20 7 7 19 23 9 25 9
split_gain=854167 758476 861501 833602 950945 622726 570719 527632 501328 2.27807e+06 1.02725e+06 756319 689497 687769
threshold=0.10326559469103815 -9.0999999046325666 0.59111854434013378 -0.027499999850988385 0.52852085232734691 10880.121582031252 11215.655761718752 11240.761718750002 11203.090820312502 11204.585449218752 11216.631835937502 -0.59959703683853138 0.066820703446865096 0.71458885073661815
decision_type=2 2 2 2 2 2 2 2 2 2 2 2 2 2
left_child=-1 2 -2 4 -3 -6 7 -7 10 13 -5 -12 -11 -10
right_child=1 3 -4 8 5 6 -8 -9 9 12 11 -13 -14 -15
leaf_value=0.10588547185838974 0.0074358289574252183 -0.017386733331199829 0.068960514426125233 0.0097516201967639653 0.048692299436499838 -0.16449591934329758 -0.071503055626290085 -0.53306638101665238 -0.13639551961560376 0.0046703494725668293 0.25130619899591439 -0.036728275954233627 -0.052739778640032889 0.3355001279952598
leaf_weight=30161 741029 465152 103778 591605 11197 23237 48669 1658 60236 839004 12232 5190 92939 1252
leaf_count=30161 741029 465152 103778 591605 11197 23237 48669 1658 60236 839004 12232 5190 92939 1252
internal_value=1.17128e-06 -0.0010647 0.0149944 -0.00736796 -0.0286147 -0.0902221 -0.11137 -0.189248 -7.66044e-05 -0.00883544 0.0142105 0.165528 -0.00105542 -0.126734
internal_weight=3.02734e+06 2.99718e+06 844807 2.15237e+06 549913 84761 73564 24895 1.60246e+06 993431 609027 17422 931943 61488
internal_count=3027339 2997178 844807 2152371 549913 84761 73564 24895 1602458 993431 609027 17422 931943 61488
is_linear=0
shrinkage=0.02


Tree=119
num_leaves=15
num_cat=0
split_feature=5 16 5 7 20 7 22 4 7 4 7 8 20 7
split_gain=789544 728794 677915 671712 3.46218e+06 1.56153e+06 1.0893e+06 1.19438e+06 863651 782226 731634 2.16852e+06 1.45354e+06 1.57088e+06
threshold=0.082499999552965178 -22.100000381469723 -0.032499999739229672 11203.090820312502 11202.923339843752 11240.761718750002 11175.656738281252 93.954998016357436 11182.957519531252 175.27500152587893 10947.744140625002 -0.8594742715358733 10920.458984375002 10921.647949218752
decision_type=2 2 2 2 2 2 2 2 2 2 2 2 2 2
left_child=1 -1 -3 6 5 -5 10 -8 -9 -10 12 -12 -4 -14
right_child=-2 2 3 4 -6 -7 7 8 9 -11 11 -13 13 -15
leaf_value=0.036457919078291427 0.08597755604768309 -0.02256180298442859 0.0077286967858257944 -0.11438820193935265 0.00027972311309434412 -0.45792821549231066 0.029086524399164093 0.27349860936132492 0.037861210936638072 0.34121840323769831 0.46685434109972967 -0.02056228066897392 0.30085263000638451 0.056688030617534982
leaf_weight=192196 42120 604029 288914 67045 1275704 5738 105264 15567 21892 4016 3680 346289 14221 40664
leaf_count=192196 42120 604029 288914 67045 1275704 5738 105264 15567 21892 4016 3680 346289 14221 40664
internal_value=1.13594e-06 -0.00121223 -0.00380455 0.00137138 -0.00737534 -0.141531 0.0154043 0.0649094 0.155799 0.0849989 0.00493271 -0.0154237 0.0256544 0.119996
internal_weight=3.02734e+06 2.98522e+06 2.79302e+06 2.18899e+06 1.34849e+06 72783 840507 146739 41475 25908 693768 349969 343799 54885
internal_count=3027339 2985219 2793023 2188994 1348487 72783 840507 146739 41475 25908 693768 349969 343799 54885
is_linear=0
shrinkage=0.02


Tree=120
num_leaves=15
num_cat=0
split_feature=17 0 4 21 23 20 22 0 13 4 17 14 4 20
split_gain=819481 775262 849117 705409 1.20788e+06 849692 823496 852420 745901 913527 1.19125e+06 880761 721813 600330
threshold=0.10326559469103815 8173.0000000000009 284.38999938964849 12773.829101562502 12773.843750000002 12804.312011718752 12801.595703125002 2930.5000000000005 -9.0999999046325666 -105.83499908447264 0.53668037056922924 0.6342817246913911 147.99500274658206 11432.057617187502
decision_type=2 2 2 2 2 2 2 2 2 2 2 2 2 2
left_child=-1 2 3 4 5 8 7 -6 11 10 13 -2 -7 -10
right_child=1 -3 -4 -5 6 12 -8 -9 9 -11 -12 -13 -14 -15
leaf_value=0.10371330750200423 0.0031041950015113749 -0.16388401082975823 0.17773877496971899 0.06800853314698288 -0.2133944933889067 -0.10916235271023668 -0.039138530956518307 -0.80299910233764271 -0.045984115424959671 -0.002200294818997665 -0.13046725075572804 0.051286047679801633 -0.59739056373250043 0.018790898787725933
leaf_weight=30161 617405 11639 10654 58008 2530 4927 3927 1603 156534 1788167 48772 201208 1599 90205
leaf_count=30161 617405 11639 10654 58008 2530 4927 3927 1603 156534 1788167 48772 201208 1599 90205
internal_value=1.18152e-06 -0.00104282 -0.00040744 -0.00104604 -0.00241957 -0.00174166 -0.246764 -0.443466 -0.00122869 -0.00758382 -0.0401588 0.0149474 -0.229522 -0.0223032
internal_weight=3.02734e+06 2.99718e+06 2.98554e+06 2.97488e+06 2.91688e+06 2.90882e+06 8060 4133 2.90229e+06 2.08368e+06 295511 818613 6526 246739
internal_count=3027339 2997178 2985539 2974885 2916877 2908817 8060 4133 2902291 2083678 295511 818613 6526 246739
is_linear=0
shrinkage=0.02


Tree=121
num_leaves=15
num_cat=0
split_feature=0 4 13 14 4 14 23 4 21 20 22 23 19 25
split_gain=742387 781403 665812 818654 780268 1.24098e+06 1.02512e+06 1.39572e+06 688434 728206 653541 636838 636066 592559
threshold=8173.0000000000009 284.38999938964849 -9.7000002861022931 0.64100536704063427 -105.83499908447264 0.56931421160697948 12225.526855468752 -174.19499969482419 12773.829101562502 12804.312011718752 12236.513183593752 12773.843750000002 12402.195800781252 0.020905316807329658
decision_type=2 2 2 2 2 2 2 2 2 2 2 2 2 2
left_child=1 2 3 -1 5 6 -4 12 9 11 -9 13 -8 -6
right_child=-2 -3 4 -5 8 -7 7 10 -10 -11 -12 -13 -14 -15
leaf_value=0.004403982253231074 -0.15720021472425044 0.16993747903868031 -0.019774664598943038 0.051755270662479383 -0.017427518249884585 -0.083364079163812804 0.62116481914444621 0.33033805784048498 0.079277867989686876 -0.24091439292439956 -0.025263224963791808 -0.2070845988900149 0.21029115323720265 0.006679986324279491
leaf_weight=630525 11959 10854 155081 190067 614634 126454 2544 2415 41822 5112 14008 6033 3718 1212113
leaf_count=630525 11959 10854 155081 190067 614634 126454 2544 2415 41822 5112 14008 6033 3718 1212113
internal_value=1.04624e-06 0.000625032 1.28126e-05 0.0153721 -0.00575832 -0.0354733 -0.00140335 0.124141 -0.000948958 -0.00277498 0.0271959 -0.00210944 0.37794 -0.00143135
internal_weight=3.02734e+06 3.01538e+06 3.00453e+06 820592 2.18393e+06 304220 177766 22685 1.87971e+06 1.83789e+06 16423 1.83278e+06 6262 1.82675e+06
internal_count=3027339 3015380 3004526 820592 2183934 304220 177766 22685 1879714 1837892 16423 1832780 6262 1826747
is_linear=0
shrinkage=0.02


Tree=122
num_leaves=15
num_cat=0
split_feature=16 9 7 7 7 20 7 7 25 1 7 7 20 7
split_gain=715573 738157 1.18963e+06 2.4277e+06 1.78435e+06 1.67029e+06 3.98936e+06 1.59291e+06 1.72001e+06 963475 1.56381e+06 1.34751e+06 1.36356e+06 2.89447e+06
threshold=-20.100000381469723 0.53606674075126659 10775.280273437502 10857.246582031252 10974.288085937502 10986.533691406252 11013.437500000002 10699.223144531252 0.050538912415504463 103.4827346801758 11130.324218750002 11199.130371093752 11202.923339843752 11219.278320312502
decision_type=2 2 2 2 2 2 2 2 2 2 2 2 2 2
left_child=-1 -2 7 -4 -5 6 -6 -3 -9 11 -11 -7 13 -13
right_child=1 2 3 4 5 9 -8 8 -10 10 -12 12 -14 -15
leaf_value=0.028966830182828831 0.0026229901947369579 -0.14875603520374545 -0.25080145800072806 0.052363562636595237 0.021526137454068058 0.049513943303062434 -0.46807781907994939 0.072253835281961484 0.47022223086848136 -0.23311549345279425 -0.038516428768972724 -0.033094816569587446 -0.013806753991731001 -0.34198458493307071
leaf_weight=306589 2062356 7112 18844 110514 15484 99041 11666 13578 6381 22075 65555 42501 228668 16975
leaf_count=306589 2062356 7112 18844 110514 15484 99041 11666 13578 6381 22075 65555 42501 228668 16975
internal_value=1.07302e-06 -0.00326303 -0.0217002 -0.0272678 -0.0203864 -0.036404 -0.188944 0.108103 0.199659 -0.0276779 -0.0875594 -0.0141232 -0.0359976 -0.121298
internal_weight=3.02734e+06 2.72075e+06 658394 631323 612479 501965 27150 27071 19959 474815 87630 387185 288144 59476
internal_count=3027339 2720750 658394 631323 612479 501965 27150 27071 19959 474815 87630 387185 288144 59476
is_linear=0
shrinkage=0.02


Tree=123
num_leaves=15
num_cat=0
split_feature=17 9 7 23 20 21 20 7 23 9 7 23 20 20
split_gain=794689 714531 1.00945e+06 1.85956e+06 1.25242e+06 1.04295e+06 1.30235e+06 1.03211e+06 1.86698e+06 1.14334e+06 1.32266e+06 2.15878e+06 1.53009e+06 1.13015e+06
threshold=0.21437171846628192 -0.24782751500606534 12723.007324218752 12677.269531250002 12704.233886718752 12773.829101562502 12804.312011718752 12584.038574218752 12534.007324218752 -0.47019329667091364 11203.090820312502 11216.631835937502 11159.052734375002 10840.199707031252
decision_type=2 2 2 2 2 2 2 2 2 2 2 2 2 2
left_child=-1 2 3 7 -5 6 -4 9 -9 10 11 -2 -12 -11
right_child=1 -3 5 4 -6 -7 -8 8 -10 13 12 -13 -14 -15
leaf_value=0.041619256657568264 0.013087433990932189 -0.011943874839223739 -0.098906469783850218 0.53831608694984168 0.12640755372421736 0.068074624019872354 -0.58084432227828831 -0.60296824116808889 -0.057219863965187891 -0.15277124412925294 -0.2177784875740035 0.24327550745393603 -0.019876821188691631 0.052978748340208465
leaf_weight=173023 534918 1512982 38867 3424 21158 14976 2371 2748 27627 11082 16318 16799 364159 286887
leaf_count=173023 534918 1512982 38867 3424 21158 14976 2371 2748 27627 11082 16318 16799 364159 286887
internal_value=9.96463e-07 -0.00252195 0.00810568 0.0117346 0.183978 -0.0748437 -0.12675 0.00837423 -0.106776 0.0112184 0.000317123 0.0201007 -0.02837 0.0453216
internal_weight=3.02734e+06 2.85432e+06 1.34133e+06 1.28512e+06 24582 56214 41238 1.26054e+06 30375 1.23016e+06 932194 551717 380477 297969
internal_count=3027339 2854316 1341334 1285120 24582 56214 41238 1260538 30375 1230163 932194 551717 380477 297969
is_linear=0
shrinkage=0.02


Tree=124
num_leaves=15
num_cat=0
split_feature=5 16 5 4 7 19 23 4 7 7 8 4 7 19
split_gain=735051 664283 606613 646886 627416 3.53739e+06 1.13773e+06 1.58554e+06 753580 862881 690063 877963 1.33984e+06 1.9354e+06
threshold=0.082499999552965178 -22.100000381469723 -0.032499999739229672 -271.19000244140619 11204.128417968752 11204.585449218752 11216.631835937502 57.174999237060554 12753.250976562502 11235.322753906252 -0.95844322443008412 118.33499908447267 12584.038574218752 12772.923339843752
decision_type=2 2 2 2 2 2 2 2 2 2 2 2 2 2
left_child=1 -1 3 -3 6 8 -4 -8 9 -6 -7 -12 -13 -14
right_child=-2 2 4 -5 5 10 7 -9 -10 -11 11 12 13 -15
leaf_value=0.034794473633860429 0.082957339987360573 -0.20178477052765925 0.010678905683597171 -0.019013155895941332 -0.118777662616511 -0.04388696879094578 -0.02818773817283593 0.29270206515039859 0.59860613481841818 -0.3161010827384978 0.01465232831330672 -0.010701943746187588 -0.2232883899339721 0.22517225600853358
leaf_weight=192196 42120 7838 824397 596191 64311 125363 11217 13645 538 10279 897870 211800 25034 4540
leaf_count=192196 42120 7838 824397 596191 64311 125363 11217 13645 538 10279 897870 211800 25034 4540
internal_value=9.32754e-07 -0.00116981 -0.00364474 -0.0213882 0.00125143 -0.00727357 0.0146999 0.147972 -0.140598 -0.146009 0.000648 0.00554901 -0.0283129 -0.15439
internal_weight=3.02734e+06 2.98522e+06 2.79302e+06 604029 2.18899e+06 1.33974e+06 849259 24862 75128 74590 1.26461e+06 1.13924e+06 241374 29574
internal_count=3027339 2985219 2793023 604029 2188994 1339735 849259 24862 75128 74590 1264607 1139244 241374 29574
is_linear=0
shrinkage=0.02


Tree=125
num_leaves=15
num_cat=0
split_feature=17 0 4 20 7 19 4 7 4 20 7 25 20 7
split_gain=764887 704713 773714 645063 806339 2.6974e+06 2.62701e+06 2.3959e+06 4.67873e+06 2.38916e+06 4.88038e+06 2.25419e+06 2.20792e+06 2.03873e+06
threshold=0.10326559469103815 8173.0000000000009 284.38999938964849 12846.489746093752 12544.754394531252 12292.824218750002 -168.94499969482419 12238.857910156252 132.79499816894534 12209.516601562502 12194.770507812502 0.068190522491931929 12203.833007812502 12043.893554687502
decision_type=2 2 2 2 2 2 2 2 2 2 2 2 2 2
left_child=-1 2 3 4 5 7 -7 9 12 13 -11 -6 -9 -2
right_child=1 -3 -4 -5 11 6 -8 8 -10 10 -12 -13 -14 -15
leaf_value=0.10019885694157545 0.002151736052095953 -0.15626294409163485 0.16965066966263437 0.14740402205058079 -0.014220075803081248 0.44587151566650163 0.065786038531889968 0.40129079327363898 -1.2512362772250207 0.41633238520023946 0.031054323175612835 -0.20212010171489692 -0.15559425471368907 -0.055786804059694099
leaf_weight=30161 2170139 11639 10654 11658 219359 7680 134561 3076 1488 16110 71420 28894 36955 273545
leaf_count=30161 2170139 11639 10654 11658 219359 7680 134561 3076 1488 16110 71420 28894 36955 273545
internal_value=9.33522e-07 -0.0010077 -0.000401912 -0.0010115 -0.0015959 0.00155894 0.086338 -0.00312863 -0.153808 -0.00065645 0.102005 -0.036097 -0.112713 -0.00433407
internal_weight=3.02734e+06 2.99718e+06 2.98554e+06 2.97488e+06 2.96323e+06 2.71497e+06 142241 2.57273e+06 41519 2.53121e+06 87530 248253 40031 2.44368e+06
internal_count=3027339 2997178 2985539 2974885 2963227 2714974 142241 2572733 41519 2531214 87530 248253 40031 2443684
is_linear=0
shrinkage=0.02


Tree=126
num_leaves=15
num_cat=0
split_feature=5 13 14 5 14 7 7 20 20 7 19 7 20 8
split_gain=704019 650864 818136 612115 812798 571009 532072 577659 516842 758576 510219 956760 1.19063e+06 491528
threshold=0.082499999552965178 -9.0999999046325666 0.64809018373489391 -0.027499999850988385 0.66362661123275768 11182.957519531252 10880.121582031252 11038.571289062502 11393.706542968752 11418.445800781252 10816.355957031252 11013.437500000002 10990.665527343752 -0.91849520802497853
decision_type=2 2 2 2 2 2 2 2 2 2 2 2 2 2
left_child=1 2 -1 4 8 13 -6 -8 9 -3 -2 12 -12 -4
right_child=10 3 5 -5 6 -7 7 -9 -10 -11 11 -13 -14 -15
leaf_value=0.0035296163653288515 -0.081355571508985966 -0.031230367547367008 0.24789345821074424 -0.00067403345601675343 0.077898702387616314 0.022868719658853603 -0.22553490325796446 -0.074866184026301977 0.0088950669456330962 -0.58841085097476242 0.1771177541366 0.048367320497468995 0.75827381715554254 0.077679735007839826
leaf_weight=660531 6521 268462 7601 1591152 7407 107855 12196 61434 204725 971 7787 26097 1715 62885
leaf_count=660531 6521 268462 7601 1591152 7407 107855 12196 61434 204725 971 7787 26097 1715 62885
internal_value=9.1147e-07 -0.00114485 0.0137929 -0.00698313 -0.0250642 0.0518032 -0.0835957 -0.0998503 -0.0150592 -0.0332602 0.0811873 0.110977 0.282699 0.0960679
internal_weight=3.02734e+06 2.98522e+06 838872 2.14635e+06 555195 178341 81037 73630 474158 269433 42120 35599 9502 70486
internal_count=3027339 2985219 838872 2146347 555195 178341 81037 73630 474158 269433 42120 35599 9502 70486
is_linear=0
shrinkage=0.02


Tree=127
num_leaves=15
num_cat=0
split_feature=17 16 17 4 17 8 20 7 7 7 7 22 7 4
split_gain=740800 702970 822751 816909 1.07803e+06 672833 680991 730911 682731 670171 922626 702016 1.31935e+06 642617
threshold=0.19986895471811297 -18.100000381469723 0.49755463004112249 -94.514999389648423 0.43767431378364569 -1.0000000180025095e-35 11424.174804687502 12816.793945312502 11421.926269531252 10775.280273437502 10699.223144531252 10807.774902343752 10833.774902343752 -129.87499999999997
decision_type=2 2 2 2 2 2 2 2 2 2 2 2 2 2
left_child=13 2 -2 4 5 6 8 -8 -3 10 -6 -11 -13 -1
right_child=1 3 -4 -5 9 -7 7 -9 -10 11 -12 12 -14 -15
leaf_value=0.1715978848688019 0.0029562279706481453 -0.028812813500542243 0.06485591317854715 -0.00095844449684578644 -0.17725084706312536 0.98658612653013111 0.043019645769924994 -0.40619682401848922 -0.57523094614174053 -0.3577181092591345 0.39132868172691632 0.51908969394423154 -0.077951878047174558 0.030541020140597983
leaf_weight=14424 271137 158695 125708 2075386 1902 263 92205 1462 910 3514 2828 1485 154258 123162
leaf_count=14424 271137 158695 125708 2075386 1902 263 92205 1462 910 3514 2828 1485 154258 123162
internal_value=9.21197e-07 -0.00215791 0.0225653 -0.00609367 -0.0316188 -0.00577206 -0.00684152 0.0359652 -0.0319642 -0.0715766 0.162799 -0.0785476 -0.072226 0.0453404
internal_weight=3.02734e+06 2.88975e+06 396845 2.49291e+06 417522 253535 253272 93667 159605 163987 4730 159257 155743 137586
internal_count=3027339 2889753 396845 2492908 417522 253535 253272 93667 159605 163987 4730 159257 155743 137586
is_linear=0
shrinkage=0.02


Tree=128
num_leaves=15
num_cat=0
split_feature=5 0 7 20 7 20 19 24 4 7 8 8 7 7
split_gain=674706 662675 710690 2.55559e+06 2.85099e+06 2.43017e+06 2.10587e+06 2.01211e+06 1.96647e+06 2.82386e+06 1.89444e+06 1.88035e+06 1.85713e+06 1.7017e+06
threshold=0.082499999552965178 8173.0000000000009 10775.280273437502 10804.545898437502 10880.121582031252 10887.128906250002 10646.074707031252 10879.510253906252 -48.325000762939446 10679.781738281252 -0.89492630958557118 0.98362845182418834 10978.788574218752 10759.808593750002
decision_type=2 2 2 2 2 2 2 2 2 2 2 2 2 2
left_child=1 2 6 -4 7 10 -1 -5 13 -10 -6 12 -12 -8
right_child=-2 -3 3 4 5 -7 8 -9 9 -11 11 -13 -14 -15
leaf_value=-0.053500312610745553 0.07947920264129843 -0.14963872679540269 -0.12183675165282999 0.067921771323752711 -0.30849449357471154 -0.001002209884143755 0.58432720211944789 0.32419202154752214 0.25003346579229091 -0.019244724902761211 0.060546481963232111 -0.47265695265973412 -0.36104977876412575 0.14110577025406287
leaf_weight=55787 42120 11959 70260 90887 17415 2600217 5722 14157 22256 51854 27163 3829 4929 8784
leaf_count=55787 42120 11959 70260 90887 17415 2600217 5722 14157 22256 51854 27163 3829 4929 8784
internal_value=9.41527e-07 -0.00112071 -0.000522839 -0.00273212 0.00030184 -0.00374367 0.042754 0.102488 0.103349 0.0616449 -0.137369 -0.054341 -0.00429803 0.316221
internal_weight=3.02734e+06 2.98522e+06 2.97326e+06 2.82886e+06 2.7586e+06 2.65355e+06 144403 105044 88616 74110 53336 35921 32092 14506
internal_count=3027339 2985219 2973260 2828857 2758597 2653553 144403 105044 88616 74110 53336 35921 32092 14506
is_linear=0
shrinkage=0.02


Tree=129
num_leaves=15
num_cat=0
split_feature=17 4 21 7 19 4 7 4 20 7 20 7 20 19
split_gain=716553 666084 649898 1.40571e+06 2.61703e+06 2.43301e+06 2.2714e+06 4.49857e+06 2.25682e+06 4.55887e+06 2.11807e+06 1.94975e+06 3.76616e+06 2.35462e+06
threshold=0.12508517503738406 284.38999938964849 12773.829101562502 12544.754394531252 12292.824218750002 -168.94499969482419 12238.857910156252 132.79499816894534 12209.516601562502 12194.770507812502 12203.833007812502 12043.893554687502 12040.458496093752 12081.696289062502
decision_type=2 2 2 2 2 2 2 2 2 2 2 2 2 2
left_child=-1 2 3 4 6 -6 8 10 11 -10 -8 12 -2 -13
right_child=1 -3 -4 -5 5 -7 7 -9 9 -11 -12 13 -14 -15
leaf_value=0.081934476090736758 -0.0021471785281938754 0.15453136380840038 0.064686446299783679 -0.054005861928276 0.43387757128210136 0.064866134518054286 0.39310023773628167 -1.226722349668536 0.40651929003115611 0.030463334377967954 -0.15236240834857626 -0.14952751864006 0.20092649286231076 -0.018758131332435486
leaf_weight=42092 2135394 10942 57781 201531 7542 133451 3076 1488 15750 70937 36908 76470 37156 196821
leaf_count=42092 2135394 10942 57781 201531 7542 133451 3076 1488 15750 70937 36908 76470 37156 196821
internal_value=9.23747e-07 -0.0011546 -0.00172787 -0.00304387 0.000739161 0.0846348 -0.0038566 -0.150654 -0.00145208 0.0988275 -0.110311 -0.00500665 0.00132679 -0.0553531
internal_weight=3.02734e+06 2.98525e+06 2.9743e+06 2.91652e+06 2.71499e+06 140993 2.574e+06 41472 2.53253e+06 86687 39984 2.44584e+06 2.17255e+06 273291
internal_count=3027339 2985247 2974305 2916524 2714993 140993 2574000 41472 2532528 86687 39984 2445841 2172550 273291
is_linear=0
shrinkage=0.02


Tree=130
num_leaves=15
num_cat=0
split_feature=7 19 7 21 7 23 7 19 5 21 0 7 1 7
split_gain=648706 4.35739e+06 2.21873e+06 1.72017e+06 3.86719e+06 1.80702e+06 1.5734e+06 1.8852e+06 1.50197e+06 1.46115e+06 1.15509e+06 1.11499e+06 1.00396e+06 1.25862e+06
threshold=11200.173339843752 11204.585449218752 11219.278320312502 10976.944824218752 11006.505859375002 10997.298339843752 10919.207031250002 10973.657714843752 0.027499999850988392 12773.829101562502 4044.5000000000005 11240.761718750002 104.18016433715822 10942.550292968752
decision_type=2 2 2 2 2 2 2 2 2 2 2 2 2 2
left_child=3 2 -2 4 5 10 -5 -8 -6 11 -1 -4 13 -9
right_child=1 -3 9 6 8 -7 7 12 -10 -11 -12 -13 -14 -15
leaf_value=-0.015023677724965158 -0.068417581766185787 0.0014148973672348003 -0.20947279742615491 0.82085885039571427 -0.43790196750063382 -0.83923802015269344 -0.86654109990078465 0.32367015234871382 -0.026939721400409469 0.15299746884123028 0.050366393211046238 -0.46055011108649652 0.0065368352459330261 0.05716787894279636
leaf_weight=484227 105072 1743587 21344 1019 11483 1019 910 7262 5154 3231 139086 10601 211552 281792
leaf_count=484227 105072 1743587 21344 1019 11483 1019 910 7262 5154 3231 139086 10601 211552 281792
internal_value=9.20616e-07 -0.00721214 -0.114458 0.0118839 -0.0098362 -0.00181444 0.0395869 0.0379831 -0.310683 -0.251922 -0.000431938 -0.292912 0.0396446 0.0638743
internal_weight=3.02734e+06 1.88384e+06 140248 1.1435e+06 640969 624332 502535 501516 16637 35176 623313 31945 500606 289054
internal_count=3027339 1883835 140248 1143504 640969 624332 502535 501516 16637 35176 623313 31945 500606 289054
is_linear=0
shrinkage=0.02


Tree=131
num_leaves=15
num_cat=0
split_feature=17 0 4 7 19 7 0 21 7 21 7 4 19 4
split_gain=688472 647603 706922 613915 1.14352e+06 3.3413e+06 713613 619800 2.9246e+06 2.74631e+06 2.41895e+06 2.92452e+06 2.03911e+06 1.72955e+06
threshold=0.10326559469103815 8173.0000000000009 284.38999938964849 10065.734863281252 10646.074707031252 10679.781738281252 2032.5000000000002 10803.544921875002 10889.665527343752 10948.961914062502 10775.280273437502 -46.995000839233391 10913.085937500002 -174.19499969482419
decision_type=2 2 2 2 2 2 2 2 2 2 2 2 2 2
left_child=-1 2 3 -2 -5 6 -6 10 9 13 11 -7 -10 -9
right_child=1 -3 -4 4 5 7 -8 8 12 -11 -12 -13 -14 -15
leaf_value=0.095062029055129255 0.14493236724356251 -0.149787464192843 0.16217151425315476 -0.10154911870221461 -0.054961712962592522 0.29851364273531433 0.28652936143825508 0.41268987103722921 -0.094342436084168896 0.7227025246994202 -0.12410783316729482 -0.025430237554688876 -0.00074867211051662919 0.064323276101968502
leaf_weight=30161 11483 11639 10654 45013 2795 14152 19521 6000 96643 2731 71364 52363 2541878 110942
leaf_count=30161 11483 11639 10654 45013 2795 14152 19521 6000 96643 2731 71364 52363 2541878 110942
internal_value=8.0204e-07 -0.000956119 -0.0003754 -0.000958081 -0.00152389 1.92253e-05 0.243752 -0.00185972 0.000209002 0.0969062 -0.0432404 0.0435276 -0.00417715 0.082231
internal_weight=3.02734e+06 2.99718e+06 2.98554e+06 2.97488e+06 2.9634e+06 2.91839e+06 22316 2.89607e+06 2.75819e+06 119673 137879 66515 2.63852e+06 116942
internal_count=3027339 2997178 2985539 2974885 2963402 2918389 22316 2896073 2758194 119673 137879 66515 2638521 116942
is_linear=0
shrinkage=0.02


Tree=132
num_leaves=15
num_cat=0
split_feature=17 16 4 17 16 17 4 24 24 17 18 9 25 9
split_gain=676236 690770 816728 986237 827583 768748 606482 1.01205e+06 602518 575000 561059 508949 507122 637100
threshold=0.21437171846628192 -18.100000381469723 -94.514999389648423 0.47429822385311132 -1.4999999999999998 0.49755463004112249 -129.87499999999997 12225.679199218752 11432.399902343752 0.57800757884979259 0.064700100570917143 0.75889986753463756 0.020905316807329658 0.58100306987762462
decision_type=2 2 2 2 2 2 2 2 2 2 2 2 2 2
left_child=6 5 3 8 10 -2 7 -1 11 -6 -5 -3 13 -4
right_child=1 2 12 4 9 -7 -8 -9 -10 -11 -12 -13 -14 -15
leaf_value=0.083322558477919473 0.0030855109875167377 -0.035245161323884111 -0.0054758348636952262 0.09859105956222329 -0.07378762326631029 0.063095246295172366 0.025866532987283745 0.49765711760057058 0.025384935681415373 -0.18358667404016385 -0.057882092912869249 0.93843142061455309 0.0060304678609310446 -0.053614316469161621
leaf_weight=14596 266187 182444 555853 13424 47749 125708 155623 2804 108595 31791 28843 205 1356430 137087
leaf_count=14596 266187 182444 555853 13424 47749 125708 155623 2804 108595 31791 28843 205 1356430 137087
internal_value=8.941e-07 -0.00232644 -0.00625155 -0.0319076 -0.0796923 0.022336 0.0383923 0.150341 -0.0119205 -0.117691 -0.00817418 -0.0341009 -0.00108043 -0.0149999
internal_weight=3.02734e+06 2.85432e+06 2.46242e+06 413051 121807 391895 173023 17400 291244 79540 42267 182649 2.04937e+06 692940
internal_count=3027339 2854316 2462421 413051 121807 391895 173023 17400 291244 79540 42267 182649 2049370 692940
is_linear=0
shrinkage=0.02


Tree=133
num_leaves=15
num_cat=0
split_feature=17 4 7 22 7 7 25 25 9 21 7 7 22 7
split_gain=649478 635012 1.30868e+06 2.17899e+06 2.87082e+06 1.51926e+06 1.08495e+06 1.05215e+06 956589 919530 2.04801e+06 1.21169e+06 2.28229e+06 1.98954e+06
threshold=0.21437171846628192 -113.6949996948242 10880.121582031252 10815.655761718752 10853.744628906252 10935.090332031252 0.019221969880163673 0.035882869735360153 0.24076627939939502 11431.873535156252 11421.926269531252 12535.058593750002 12225.106445312502 12205.039550781252
decision_type=2 2 2 2 2 2 2 2 2 2 2 2 2 2
left_child=-1 2 3 7 8 6 -4 -2 -5 10 -7 12 -11 -14
right_child=1 -3 5 4 -6 9 -8 -9 -10 11 -12 -13 13 -15
leaf_value=0.037625203679959772 -0.70025453550860794 0.0012598448211421334 0.052498464478305813 0.093263300818006323 0.053657295102704367 -0.047058833070186379 -0.27493095068717199 -0.040451507718729768 0.7401695888171671 -0.0024889318094470066 -0.55744481280613534 -0.1031795587391612 0.59579736319413745 0.12747785112877591
leaf_weight=173023 1050 2502042 5297 1142 10037 173503 17116 11008 4642 77321 3193 27341 4692 15932
leaf_count=173023 1050 2502042 5297 1142 10037 173503 17116 11008 4642 77321 3193 27341 4692 15932
internal_value=9.64526e-07 -0.00227986 -0.0274201 0.10405 0.258344 -0.0387218 -0.197558 -0.0984409 0.612828 -0.0269268 -0.0563129 0.0145187 0.0473811 0.23426
internal_weight=3.02734e+06 2.85432e+06 352274 27879 15821 324395 22413 12058 5784 301982 176696 125286 97945 20624
internal_count=3027339 2854316 352274 27879 15821 324395 22413 12058 5784 301982 176696 125286 97945 20624
is_linear=0
shrinkage=0.02


Tree=134
num_leaves=15
num_cat=0
split_feature=17 0 7 19 7 22 20 7 9 7 0 7 7 4
split_gain=637801 618494 694207 4.09484e+06 2.11792e+06 1.34687e+06 1.28422e+06 4.04702e+06 2.52987e+06 2.22982e+06 1.43744e+06 1.12166e+06 1.03178e+06 2.96116e+06
threshold=0.10326559469103815 8173.0000000000009 11200.173339843752 11204.585449218752 11219.278320312502 11205.650878906252 10974.470214843752 11006.505859375002 -0.65761160850524891 10889.665527343752 4202.5000000000009 11240.761718750002 10976.409667968752 238.91999816894534
decision_type=2 2 2 2 2 2 2 2 2 2 2 2 2 2
left_child=-1 2 6 4 -4 11 7 10 -9 -8 -2 -6 -12 -14
right_child=1 -3 3 -5 5 -7 9 8 -10 -11 12 -13 13 -15
leaf_value=0.091497093076791811 -0.014304873599802124 -0.14636809822742514 -0.066782031409000506 0.00062021320935683394 -0.20962361013727365 0.075508670821935756 0.68488316958899287 0.12901263211089681 -0.48234592133610349 0.03275277411586458 0.082038989680966207 -0.46822519504624893 -0.45995965338386968 0.32077123044141348
leaf_weight=30161 485902 11639 105068 1720547 20698 4534 2096 3566 11188 509767 104115 9943 4914 3201
leaf_count=30161 485902 11639 105068 1720547 20698 4534 2096 3566 11188 509767 104115 9943 4914 3201
internal_value=9.43596e-07 -0.00092009 -0.000352572 -0.00785051 -0.111765 -0.246071 0.012052 -0.00747824 -0.334594 0.0354365 0.000596071 -0.293666 0.0651057 -0.151978
internal_weight=3.02734e+06 2.99718e+06 2.98554e+06 1.86079e+06 140243 35175 1.12475e+06 612886 14754 511863 598132 30641 112230 8115
internal_count=3027339 2997178 2985539 1860790 140243 35175 1124749 612886 14754 511863 598132 30641 112230 8115
is_linear=0
shrinkage=0.02


Tree=135
num_leaves=15
num_cat=0
split_feature=5 13 0 5 0 24 19 20 8 19 9 21 21 24
split_gain=624056 587400 538338 530764 919802 612905 795678 699649 483839 482849 592104 461336 682483 488268
threshold=0.082499999552965178 -9.0999999046325666 8173.0000000000009 -0.027499999850988385 1600.5000000000002 12737.893554687502 11954.246093750002 12689.021972656252 -0.73642870783805836 10816.355957031252 -0.67629325389862049 12773.829101562502 12732.083007812502 12787.393554687502
decision_type=2 2 2 2 2 2 2 2 2 2 2 2 2 2
left_child=1 -1 3 4 -3 -6 -7 -8 -9 -2 -11 12 13 -5
right_child=9 2 -4 11 5 6 7 8 -10 10 -12 -13 -14 -15
leaf_value=0.013112995231928975 -0.081683085178390263 0.014713557472893844 -0.16172648129590539 0.0010005172818087907 -0.045190880344957648 0.72361228913107456 0.76066218756567794 0.13175592464483063 -0.14650085909224325 0.23014981945831894 0.052065747675654306 0.082801348361176377 -0.090005018809469053 -0.24489426851521742
leaf_weight=838872 6521 177001 8904 1521643 363375 759 529 6308 4126 10655 24944 26396 34079 3227
leaf_count=838872 6521 177001 8904 1521643 363375 759 529 6308 4126 10655 24944 26396 34079 3227
internal_value=8.96291e-07 -0.00107784 -0.00662419 -0.00597731 -0.0228655 -0.0405982 0.101686 0.0580063 0.0216858 0.0764378 0.105418 -9.58721e-05 -0.00150002 0.000478528
internal_weight=3.02734e+06 2.98522e+06 2.14635e+06 2.13744e+06 552098 375097 11722 10963 10434 42120 35599 1.58534e+06 1.55895e+06 1.52487e+06
internal_count=3027339 2985219 2146347 2137443 552098 375097 11722 10963 10434 42120 35599 1585345 1558949 1524870
is_linear=0
shrinkage=0.02


Tree=136
num_leaves=15
num_cat=0
split_feature=17 7 19 7 7 19 7 8 7 23 8 6 9 8
split_gain=615907 597754 4.65516e+06 1.49838e+06 1.23523e+06 1.21991e+06 3.91786e+06 3.2297e+06 2.89193e+06 2.30309e+06 1.74797e+06 1.44815e+06 1.56094e+06 980368
threshold=0.14011336863040927 11203.090820312502 11204.585449218752 11219.278320312502 12753.250976562502 10989.383789062502 11019.201171875002 -0.92210632562637318 11006.505859375002 10997.298339843752 0.53606674075126659 104.09495925903322 -0.72323438525199879 0.98865905404090892
decision_type=2 2 2 2 2 2 2 2 2 2 2 2 2 2
left_child=-1 5 3 -3 -5 6 9 8 -7 13 -8 -9 -13 -2
right_child=1 2 -4 4 -6 7 10 11 -10 -11 -12 12 -14 -15
leaf_value=0.067352423960373317 0.0049777361826312807 -0.083739822630424357 -0.00013653241302415296 -0.25761571113748544 0.61056452046951726 0.93705119331852804 -0.46150702988460723 0.055348491349451273 0.18656747952970382 -0.85355860357994884 -0.032576871091586149 0.29385470086022103 -0.024112172212300526 -0.18165286848539236
leaf_weight=53343 634349 77430 1697470 34506 659 2714 10791 282371 8379 1252 5866 6362 200395 11452
leaf_count=53343 634349 77430 1697470 34506 659 2714 10791 282371 8379 1252 5866 6362 200395 11452
internal_value=9.6054e-07 -0.0012073 -0.00839744 -0.132927 -0.241176 0.00997425 -0.00780122 0.0335591 0.37086 -2.5104e-06 -0.310565 0.0259019 -0.0143144 0.00166542
internal_weight=3.02734e+06 2.974e+06 1.81006e+06 112595 35165 1.16393e+06 663710 500221 11093 647053 16657 489128 206757 645801
internal_count=3027339 2973996 1810065 112595 35165 1163931 663710 500221 11093 647053 16657 489128 206757 645801
is_linear=0
shrinkage=0.02


Tree=137
num_leaves=15
num_cat=0
split_feature=5 0 19 8 21 20 13 14 14 8 0 21 14 25
split_gain=597953 558818 557148 1.87995e+06 621222 746381 593713 885440 694630 971865 801163 567212 487202 469069
threshold=0.082499999552965178 8173.0000000000009 13462.845214843752 0.82309290766716015 12773.829101562502 12804.312011718752 -2.6999999284744258 0.68644723296165477 0.61200520396232616 -0.71208626031875599 2032.5000000000002 12688.229980468752 0.71692201495170604 0.09386321529746057
decision_type=2 2 2 2 2 2 2 2 2 2 2 2 2 2
left_child=1 2 4 11 5 6 7 -1 -8 10 -10 -4 -12 -3
right_child=-2 13 3 -5 -6 -7 8 -9 9 -11 12 -13 -14 -15
leaf_value=0.0034855442762358013 0.074822134729588333 -0.37900876729916305 0.25700202859711829 -0.77931178979326821 0.067073579410220546 -0.21471299984879924 -0.00080827450069544994 0.055584899406083521 -0.010356812373689673 -0.0047249171741695645 -0.070828755955814421 -0.11732393417317515 -0.16103867892463961 -0.072448295398715279
leaf_weight=1099826 42120 2525 2064 1577 54248 6526 1214138 148038 68097 253898 83956 7376 33516 9434
leaf_count=1099826 42120 2525 2064 1577 54248 6526 1214138 148038 68097 253898 83956 7376 33516 9434
internal_value=9.58318e-07 -0.00105497 -0.000505943 -0.142405 2.22715e-05 -0.00122878 -0.00074786 0.00966667 -0.00860702 -0.0301525 -0.0649405 -0.0352923 -0.0965783 -0.137439
internal_weight=3.02734e+06 2.98522e+06 2.97326e+06 11017 2.96224e+06 2.908e+06 2.90147e+06 1.24786e+06 1.6536e+06 439467 185569 9440 117472 11959
internal_count=3027339 2985219 2973260 11017 2962243 2907995 2901469 1247864 1653605 439467 185569 9440 117472 11959
is_linear=0
shrinkage=0.02


Tree=138
num_leaves=15
num_cat=0
split_feature=7 20 7 20 7 8 7 9 7 6 9 8 8 20
split_gain=587165 3.81258e+06 2.97413e+06 1.35484e+06 4.26051e+06 3.02469e+06 2.8009e+06 2.40597e+06 2.17442e+06 1.25583e+06 1.22295e+06 1.02033e+06 1.23878e+06 1.46712e+06
threshold=11200.173339843752 11201.510742187502 11240.761718750002 10974.470214843752 11006.505859375002 -0.92210632562637318 11006.505859375002 -0.65761160850524891 10889.665527343752 104.09495925903322 -0.71335092186927784 -0.95380857586860646 -0.844174563884735 12218.577148437502
decision_type=2 2 2 2 2 2 2 2 2 2 2 2 2 2
left_child=3 2 -2 4 -1 6 -5 -6 -7 -10 -11 -3 13 -13
right_child=1 11 -4 5 7 8 -8 -9 9 10 -12 12 -14 -15
leaf_value=4.5759588608468942e-06 -0.087451779105539529 -0.036830808293053172 -0.45940497247412843 0.91809183374807291 0.1253556112630109 0.66897477308683106 0.1809789698048965 -0.4635594715147735 0.053544441028442358 0.1722260900449169 -0.022342716340650815 0.027302510113375082 -0.0005453512909789971 0.16608256191608925
leaf_weight=612986 108796 251214 9328 2715 3574 2099 8506 12343 280252 13771 207258 171863 1305606 37028
leaf_count=612986 108796 251214 9328 2715 3574 2099 8506 12343 280252 13771 207258 171863 1305606 37028
internal_value=8.48956e-07 -0.00686155 -0.116861 0.0113061 -0.00838626 0.0353722 0.359989 -0.331328 0.028129 0.0254323 -0.010213 0.000497875 0.00668991 0.0519095
internal_weight=3.02734e+06 1.88384e+06 118124 1.1435e+06 628903 514601 11221 15917 503380 501281 221029 1.76571e+06 1.5145e+06 208891
internal_count=3027339 1883835 118124 1143504 628903 514601 11221 15917 503380 501281 221029 1765711 1514497 208891
is_linear=0
shrinkage=0.02


Tree=139
num_leaves=15
num_cat=0
split_feature=16 5 24 7 7 24 24 0 24 7 19 7 9 7
split_gain=579643 559428 651996 5.00582e+06 2.12132e+06 2.8325e+06 1.79109e+06 1.754e+06 1.44345e+06 1.53462e+06 1.43043e+06 2.07224e+06 1.32347e+06 1.60635e+06
threshold=-22.100000381469723 0.062499998137354858 12182.593261718752 12200.578613281252 12043.893554687502 12037.662109375002 12075.574218750002 5495.5000000000009 12216.741699218752 12535.058593750002 12292.824218750002 12291.576660156252 -0.70459485054016102 12680.433105468752
decision_type=2 2 2 2 2 2 2 2 2 2 2 2 2 2
left_child=-1 2 4 7 5 -2 -6 -4 -5 10 11 -10 13 -11
right_child=1 -3 3 8 6 -7 -8 -9 9 12 -12 -13 -14 -15
leaf_value=0.033292660222906632 -0.0058939193941420333 0.033931168853594283 0.18482281795660341 -0.16008376615907427 -0.15247272937678133 0.17021266239441762 -0.029943931178259199 0.65617511232491454 0.019760075671030681 0.51232122988797468 0.097819165751625636 -0.31286891608327588 -0.040012515973301375 0.042535860789032917
leaf_weight=195662 1904185 160781 39488 22318 68731 37237 156074 3425 74675 3644 103607 8317 234858 14337
leaf_count=195662 1904185 160781 39488 22318 68731 37237 156074 3425 74675 3644 103607 8317 234858 14337
internal_value=9.14341e-07 -0.00229957 -0.00448069 0.0159917 -0.00925022 -0.00251528 -0.0674106 0.222587 -0.00321253 0.004758 0.0482627 -0.0136076 -0.0273497 0.137975
internal_weight=3.02734e+06 2.83168e+06 2.6709e+06 504669 2.16623e+06 1.94142e+06 224805 42913 461756 439438 186599 82992 252839 17981
internal_count=3027339 2831677 2670896 504669 2166227 1941422 224805 42913 461756 439438 186599 82992 252839 17981
is_linear=0
shrinkage=0.02


Tree=140
num_leaves=15
num_cat=0
split_feature=17 20 7 19 7 7 4 20 7 25 20 4 7 20
split_gain=585916 589614 731446 2.59628e+06 2.21962e+06 2.1824e+06 4.33722e+06 2.10679e+06 4.34605e+06 2.0315e+06 2.01862e+06 1.9075e+06 1.90672e+06 3.49426e+06
threshold=0.10326559469103815 12846.489746093752 12539.944824218752 12292.824218750002 12279.564941406252 12238.857910156252 132.79499816894534 12209.516601562502 12194.770507812502 0.068190522491931929 12203.833007812502 -41.434999465942376 12043.893554687502 12040.458496093752
decision_type=2 2 2 2 2 2 2 2 2 2 2 2 2 2
left_child=-1 2 3 5 -5 7 10 12 -9 -4 -7 -12 13 -2
right_child=1 -3 9 4 -6 6 -8 8 -10 -11 11 -13 -14 -15
leaf_value=0.0876965780502275 -0.00093188703082119038 0.1410137055340715 -0.013214724431026463 0.3013631842533106 0.056667330647330191 0.38446483679912496 -1.2031930178857455 0.39262242826822197 0.029046908485589006 -0.18761260709903879 -0.33625030497384845 -0.03833779635092989 -0.053447799039304779 0.19423729891261249
leaf_weight=30161 2152909 11658 230074 17046 113590 3076 1488 16110 71420 30218 13597 23358 275314 37320
leaf_count=30161 2152909 11658 230074 17046 113590 3076 1488 16110 71420 30218 13597 23358 275314 37320
internal_value=9.65647e-07 -0.00088181 -0.00143637 0.0016231 0.0886172 -0.00275731 -0.146577 -0.000417897 0.0960008 -0.0334676 -0.10701 -0.148012 -0.00384127 0.00239452
internal_weight=3.02734e+06 2.99718e+06 2.98552e+06 2.72523e+06 130636 2.59459e+06 41519 2.55307e+06 87530 260292 40031 36955 2.46554e+06 2.19023e+06
internal_count=3027339 2997178 2985520 2725228 130636 2594592 41519 2553073 87530 260292 40031 36955 2465543 2190229
is_linear=0
shrinkage=0.02


Tree=141
num_leaves=15
num_cat=0
split_feature=17 16 17 9 7 22 8 7 7 22 7 0 0 20
split_gain=570156 612705 711990 625855 804175 1.60146e+06 992930 781412 2.85121e+06 1.44344e+06 1.34169e+06 1.26234e+06 1.15143e+06 1.02391e+06
threshold=0.21437171846628192 -18.100000381469723 0.48757193982601171 -0.24782751500606534 12723.007324218752 12676.985351562502 0.72694364190101635 10942.550292968752 10853.744628906252 10971.971191406252 10699.223144531252 6408.5000000000009 2052.5000000000005 10693.399414062502
decision_type=2 2 2 2 2 2 2 2 2 2 2 2 2 2
left_child=-1 2 -2 4 5 7 -7 8 10 -9 13 -12 -10 -3
right_child=1 3 -4 -5 -6 6 -8 9 12 -11 11 -13 -14 -15
leaf_value=0.035252809307182227 0.0016559463388785992 0.0078680420561677775 0.058482284611468843 -0.015302249078067218 -0.074976899176445344 0.43856980845347621 0.1078068791792228 -0.090998039098873967 0.042280358096761068 0.0040975081802207634 -0.043213831209996396 -0.43607855676833773 0.21827812390481749 0.17529712608844233
leaf_weight=173023 257871 47341 134024 1308381 48292 4653 16445 69415 23871 794612 85450 3392 39446 21123
leaf_count=173023 257871 47341 134024 1308381 48292 4653 16445 69415 23871 794612 85450 3392 39446 21123
internal_value=9.30111e-07 -0.00213608 0.021091 -0.00583275 0.00490321 0.00839253 0.180928 0.0050348 0.038628 -0.00354331 -0.00698886 -0.0582611 0.151943 0.0595428
internal_weight=3.02734e+06 2.85432e+06 391895 2.46242e+06 1.15404e+06 1.10575e+06 21098 1.08465e+06 220623 864027 157306 88842 63317 68464
internal_count=3027339 2854316 391895 2462421 1154040 1105748 21098 1084650 220623 864027 157306 88842 63317 68464
is_linear=0
shrinkage=0.02


Tree=142
num_leaves=15
num_cat=0
split_feature=5 19 8 23 24 4 19 4 6 23 9 8 4 24
split_gain=560881 517013 1.79325e+06 767915 1.19505e+06 1.03365e+06 921856 1.03111e+06 864340 817669 1.55045e+06 774550 570629 727575
threshold=0.082499999552965178 13462.845214843752 0.82309290766716015 12738.863281250002 12709.020507812502 132.79499816894534 12089.533203125002 -22.494999885559078 56.850828170776374 12677.269531250002 -0.6497569978237151 0.89789968729019176 -164.48500061035153 12748.286621093752
decision_type=2 2 2 2 2 2 2 2 2 2 2 2 2 2
left_child=1 3 -3 4 9 -6 7 8 -5 -1 -11 -12 13 -8
right_child=-2 2 -4 6 5 -7 12 -9 -10 10 11 -13 -14 -15
leaf_value=-0.0017638690539826904 0.072465637523985466 -0.033103181143349446 -0.75976212228103179 -0.21838242909095809 -0.069778021669631873 -0.36151242411546991 0.82490988149092748 0.034041699477308507 0.65747565554569321 0.47740381067244386 0.0019746828158583468 0.42355868884917991 0.030441715277709384 0.049393522861632566
leaf_weight=2833591 42120 9440 1577 527 29701 5800 822 3403 2937 3952 17669 1924 72716 1160
leaf_count=2833591 42120 9440 1577 527 29701 5800 822 3403 2937 3952 17669 1924 72716 1160
internal_value=9.40367e-07 -0.00102173 -0.137715 -0.000514927 -0.00222153 -0.117529 0.0600009 0.28159 0.523975 -0.000788372 0.116561 0.0435695 0.039595 0.373562
internal_weight=3.02734e+06 2.98522e+06 11017 2.9742e+06 2.89264e+06 35501 81565 6867 3464 2.85714e+06 23545 19593 74698 1982
internal_count=3027339 2985219 11017 2974202 2892637 35501 81565 6867 3464 2857136 23545 19593 74698 1982
is_linear=0
shrinkage=0.02


Tree=143
num_leaves=15
num_cat=0
split_feature=7 20 7 20 7 8 7 9 7 0 8 7 7 19
split_gain=567207 4.4291e+06 2.36283e+06 1.22471e+06 4.075e+06 2.92449e+06 2.70233e+06 2.31359e+06 2.07309e+06 1.12435e+06 1.74488e+06 1.49415e+06 1.22236e+06 2.82545e+06
threshold=11203.090820312502 11199.758789062502 11240.761718750002 10974.470214843752 11006.505859375002 -0.92210632562637318 11006.505859375002 -0.65761160850524891 10889.665527343752 4070.5000000000005 -0.87837451696395863 10880.121582031252 10976.409667968752 10909.058593750002
decision_type=2 2 2 2 2 2 2 2 2 2 2 2 2 2
left_child=3 2 -2 4 9 6 -5 -6 -7 -1 11 -11 -12 -14
right_child=1 -3 -4 5 7 8 -8 -9 -10 10 12 -13 13 -15
leaf_value=-0.014285038183512427 -0.10942513026099361 6.5045256825459633e-05 -0.44793995372779272 0.89995263089521105 0.12377961858085526 0.65179615858212869 0.17641384984384226 -0.45371682484198372 0.02351315574227307 0.098915683880517594 0.097609324132033867 -0.28125685951878743 -0.50270856623490179 0.23279572596870449
leaf_weight=479738 80155 1759475 9186 2715 3574 2099 8553 12343 536253 6715 107438 10736 4387 3972
leaf_count=479738 80155 1759475 9186 2715 3574 2099 8553 12343 536253 6715 107438 10736 4387 3972
internal_value=9.9631e-07 -0.0069108 -0.144278 0.0108439 -0.00821577 0.0326528 0.351394 -0.324048 0.0259749 -9.57113e-06 0.051384 -0.134996 0.0794815 -0.153351
internal_weight=3.02734e+06 1.84882e+06 89341 1.17852e+06 628903 549620 11268 15917 538352 612986 133248 17451 115797 8359
internal_count=3027339 1848816 89341 1178523 628903 549620 11268 15917 538352 612986 133248 17451 115797 8359
is_linear=0
shrinkage=0.02


Tree=144
num_leaves=15
num_cat=0
split_feature=17 4 21 24 9 20 4 13 17 17 4 24 4 23
split_gain=549552 565214 569529 1.01689e+06 1.32103e+06 695081 624726 585870 1.08854e+06 973735 1.27384e+06 480948 971078 992290
threshold=0.10326559469103815 284.38999938964849 12773.829101562502 12787.393554687502 -0.56790637969970692 12804.312011718752 147.99500274658206 2.1000000238418584 0.62238925695419323 0.54591253399848949 -51.17499923706054 12258.833496093752 -168.94499969482419 12219.798828125002
decision_type=2 2 2 2 2 2 2 2 2 2 2 2 2 2
left_child=-1 2 3 5 -5 7 -7 8 -2 11 -11 -9 -13 -14
right_child=1 -3 -4 4 -6 6 -8 9 -10 10 -12 12 13 -15
leaf_value=0.08493166862948566 0.0020438296129622283 0.14233166584442689 0.060669870171801456 -0.09964712280905344 -0.74466392233451362 -0.096052786351453395 -0.55024056573918767 -0.0094525707792085367 0.065893162685777121 -0.13322270980783352 -0.017665027185900552 0.29769565688591765 0.46360324060871833 0.013070381889512981
leaf_weight=30161 1467982 10977 58008 6382 1577 4927 1599 1018763 115176 56757 116407 5216 1975 131432
leaf_count=30161 1467982 10977 58008 6382 1577 4927 1599 1018763 115176 56757 116407 5216 1975 131432
internal_value=1.00936e-06 -0.000853933 -0.00138075 -0.00261019 -0.228228 -0.0019945 -0.208012 -0.00153235 0.00668932 -0.0113149 -0.0555463 -0.00469671 0.0302529 0.0197746
internal_weight=3.02734e+06 2.99718e+06 2.9862e+06 2.92819e+06 7959 2.92023e+06 6526 2.91371e+06 1.58316e+06 1.33055e+06 173164 1.15739e+06 138623 133407
internal_count=3027339 2997178 2986201 2928193 7959 2920234 6526 2913708 1583158 1330550 173164 1157386 138623 133407
is_linear=0
shrinkage=0.02


Tree=145
num_leaves=15
num_cat=0
split_feature=0 17 21 24 8 13 17 17 8 0 24 21 24 25
split_gain=536623 533019 524649 986264 1.26908e+06 578911 1.06812e+06 950027 877135 583982 471819 460611 632443 427449
threshold=8173.0000000000009 0.10326559469103815 12773.829101562502 12787.393554687502 0.82309290766716015 2.1000000238418584 0.61151048541069042 0.52585801482200634 -0.68035647273063649 2393.5000000000005 12725.326171875002 12543.533203125002 12535.246093750002 0.09386321529746057
decision_type=2 2 2 2 2 2 2 2 2 2 2 2 2 2
left_child=1 -1 3 5 -5 6 -3 -7 9 -9 -4 -8 -13 -2
right_child=13 2 10 4 -6 7 11 8 -10 -11 -12 12 -14 -15
leaf_value=0.084624784818784202 -0.36425715932902497 0.0024101990792223808 -0.073160128697778104 -0.097657299217185869 -0.72986449236229822 -0.0032808117471678656 0.077582651824389171 -0.037827128603187092 -0.01250756774984616 -0.13776534885630573 0.083765912197570347 -0.57835274488064647 -0.0063840244964025929 -0.071607042828084833
leaf_weight=29841 2525 1457702 9077 6382 1577 1122570 110997 41274 115554 53994 48978 801 16633 9434
leaf_count=29841 2525 1457702 9077 6382 1577 1122570 110997 41274 115554 53994 48978 801 16633 9434
internal_value=9.54802e-07 0.000531467 -0.000309335 -0.0014901 -0.223684 -0.000883597 0.00728199 -0.0105969 -0.0495513 -0.0944767 0.0592215 0.0625726 -0.0329806 -0.133651
internal_weight=3.02734e+06 3.01538e+06 2.98554e+06 2.92748e+06 7959 2.91952e+06 1.58613e+06 1.33339e+06 210822 95268 58055 128431 17434 11959
internal_count=3027339 3015380 2985539 2927484 7959 2919525 1586133 1333392 210822 95268 58055 128431 17434 11959
is_linear=0
shrinkage=0.02


Tree=146
num_leaves=15
num_cat=0
split_feature=7 20 7 21 7 8 7 20 7 6 5 8 6 20
split_gain=548813 4.23646e+06 2.25702e+06 1.38258e+06 3.16299e+06 2.78023e+06 2.58869e+06 1.58333e+06 1.47767e+06 1.74466e+06 1.20744e+06 1.52053e+06 1.19299e+06 1.09642e+06
threshold=11203.090820312502 11199.758789062502 11240.761718750002 10976.944824218752 11006.505859375002 -0.92210632562637318 11006.505859375002 10995.187500000002 10947.744140625002 83.738174438476577 0.027499999850988392 0.75335711240768444 104.09495925903322 10974.470214843752
decision_type=2 2 2 2 2 2 2 2 2 2 2 2 2 2
left_child=3 2 -2 4 7 6 -5 -1 9 -7 11 -6 13 -10
right_child=1 -3 -4 5 10 8 -8 -9 12 -11 -12 -13 -14 -15
leaf_value=-0.00074007745080798991 -0.10708114382865916 2.4467009693684418e-05 -0.43792969813629529 0.88193012252947611 -0.31243085607818427 0.59685131736488406 0.17376459611055819 -0.86401008742676499 -0.65020442181428795 0.11014296264221303 -0.026839684723444661 -1.0372149884700774 -0.015519396562907566 0.048951390638685616
leaf_weight=623491 80155 1759475 9186 2715 10183 3518 8553 841 890 17906 5154 1300 211041 292931
leaf_count=623491 80155 1759475 9186 2715 10183 3518 8553 841 890 17906 5154 1300 211041 292931
internal_value=8.11472e-07 -0.006798 -0.141144 0.0106665 -0.00917152 0.0343207 0.345028 -0.00191679 0.0276618 0.190307 -0.281252 -0.395317 0.0207563 0.0468115
internal_weight=3.02734e+06 1.84882e+06 89341 1.17852e+06 640969 537554 11268 624332 526286 21424 16637 11483 504862 293821
internal_count=3027339 1848816 89341 1178523 640969 537554 11268 624332 526286 21424 16637 11483 504862 293821
is_linear=0
shrinkage=0.02


Tree=147
num_leaves=15
num_cat=0
split_feature=7 19 7 21 7 9 23 7 6 19 21 9 7 6
split_gain=527072 4.07796e+06 1.35109e+06 1.3279e+06 3.0381e+06 1.63345e+06 1.61934e+06 1.30882e+06 1.73396e+06 1.61447e+06 1.24106e+06 1.0607e+06 984427 876255
threshold=11203.090820312502 11204.585449218752 11219.278320312502 10976.944824218752 11006.505859375002 -0.65761160850524891 10997.298339843752 10944.346679687502 83.738174438476577 10973.657714843752 12773.829101562502 -0.63895034790039051 11002.349121093752 110.03726196289064
decision_type=2 2 2 2 2 2 2 2 2 2 2 2 2 2
left_child=3 2 13 4 6 -6 12 8 -5 -9 -4 -7 -1 -2
right_child=1 -3 10 7 5 11 -8 9 -10 -11 -12 -13 -14 -15
leaf_value=-0.0020116410562785697 -0.045523517273477448 0.00090402829528449377 -0.26382656848976432 0.61237710471505158 0.047434867311758312 -0.84469316536801997 -0.7946227342255261 -0.80923415295973555 0.10725419124717078 0.029333441718082023 0.14711824896414061 -0.31825314597737175 0.43762569499179294 -0.22230441502324866
leaf_weight=621279 63868 1736175 31945 3337 4547 1796 1019 910 14509 518798 3231 10294 2034 13597
leaf_count=621279 63868 1736175 31945 3337 4547 1796 1019 910 14509 518798 3231 10294 2034 13597
internal_value=6.86366e-07 -0.0066621 -0.123271 0.010453 -0.00898879 -0.275643 -0.00187873 0.0336347 0.201998 0.0278495 -0.226049 -0.397092 -0.000569983 -0.0765778
internal_weight=3.02734e+06 1.84882e+06 112641 1.17852e+06 640969 16637 624332 537554 17846 519708 35176 12090 623313 77465
internal_count=3027339 1848816 112641 1178523 640969 16637 624332 537554 17846 519708 35176 12090 623313 77465
is_linear=0
shrinkage=0.02


Tree=148
num_leaves=15
num_cat=0
split_feature=17 4 7 20 7 7 25 25 8 9 22 20 7 7
split_gain=523898 592737 1.0873e+06 2.1139e+06 2.54987e+06 1.37988e+06 1.03931e+06 1.00526e+06 854509 782287 760036 740054 1.77799e+06 1.08945e+06
threshold=0.2525623887777329 -113.6949996948242 10880.121582031252 10821.331054687502 10853.744628906252 10935.090332031252 0.019221969880163673 0.035609401762485511 -0.97058293223381031 0.47709186375141149 10926.428222656252 11432.057617187502 11421.926269531252 12535.058593750002
decision_type=2 2 2 2 2 2 2 2 2 2 2 2 2 2
left_child=-1 2 3 7 8 6 10 -2 -5 -8 -4 12 -7 -13
right_child=1 -3 5 4 -6 11 9 -9 -10 -11 -12 13 -14 -15
leaf_value=0.024367648878561871 -0.6867006297093069 0.00068385029943038495 -0.075723202752219734 0.088752193797383597 0.061109275319700312 -0.043141004763393317 -0.31379868458381821 -0.036769806559819866 0.75558292824857876 0.12971382945298768 0.4966076093654696 0.046276483424487397 -0.4838452353122446 -0.099232072871567406
leaf_weight=316078 1026 2374103 4042 953 8682 169110 15060 11751 4029 1773 1194 89046 3733 26759
leaf_count=316078 1026 2374103 4042 953 8682 169110 15060 11751 4029 1773 1194 89046 3733 26759
internal_value=5.45626e-07 -0.00284024 -0.0276545 0.0954428 0.268281 -0.0381325 -0.190523 -0.0894574 0.628463 -0.267034 0.0554833 -0.0264749 -0.0526867 0.0126481
internal_weight=3.02734e+06 2.71126e+06 337158 26441 13664 310717 22069 12777 4982 16833 5236 288648 172843 115805
internal_count=3027339 2711261 337158 26441 13664 310717 22069 12777 4982 16833 5236 288648 172843 115805
is_linear=0
shrinkage=0.02


Tree=149
num_leaves=15
num_cat=0
split_feature=16 9 7 23 21 21 7 7 21 7 21 21 7 7
split_gain=513820 491515 835395 1.81946e+06 986850 867695 829715 3.07025e+06 1.6768e+06 1.34597e+06 1.24403e+06 921653 971232 903506
threshold=-22.100000381469723 -0.29443810880184168 12723.007324218752 12677.269531250002 12688.229980468752 12773.829101562502 10942.550292968752 10853.744628906252 10969.715332031252 10699.223144531252 10690.383300781252 10803.544921875002 10797.149902343752 10974.288085937502
decision_type=2 2 2 2 2 2 2 2 2 2 2 2 2 2
left_child=-1 2 3 6 -5 -4 7 9 13 10 -2 -11 -13 -8
right_child=1 -3 5 4 -6 -7 8 -9 -10 11 -12 12 -14 -15
leaf_value=0.031345070324865172 0.0067100940642610954 -0.0098210267944113163 -0.11527930977934511 0.45173342923264231 0.12145100955558798 0.062527598070482138 -0.047797182064409006 0.15413774239739678 0.0061747317865590854 -0.10477119325741731 0.18100589191550115 0.23621855616145077 -0.024372593959910177 -0.20087729661855899
leaf_weight=195662 56353 1535506 41555 4419 19859 14911 52805 67893 894767 57667 23083 6859 34219 21781
leaf_count=195662 56353 1535506 41555 4419 19859 14911 52805 67893 894767 57667 23083 6859 34219 21781
internal_value=5.25726e-07 -0.0021654 0.00690381 0.0103308 0.18173 -0.0683227 0.00690559 0.0397021 -0.00142023 -0.00390784 0.0573747 -0.053208 0.019186 -0.0925217
internal_weight=3.02734e+06 2.83168e+06 1.29617e+06 1.2397e+06 24278 56466 1.21543e+06 246074 969353 178181 79436 98745 41078 74586
internal_count=3027339 2831677 1296171 1239705 24278 56466 1215427 246074 969353 178181 79436 98745 41078 74586
is_linear=0
shrinkage=0.02


Tree=150
num_leaves=15
num_cat=0
split_feature=5 17 13 17 17 5 13 19 21 20 24 19 20 24
split_gain=518860 489381 525964 889498 615908 864855 455336 454830 380531 451901 439816 367669 440996 356626
threshold=0.082499999552965178 0.2525623887777329 -2.6999999284744258 0.61151048541069042 0.54591253399848949 -0.0074999998323619357 10.09999990463257 10816.355957031252 12761.528320312502 12795.735839843752 12787.393554687502 12402.195800781252 12203.833007812502 12258.833496093752
decision_type=2 2 2 2 2 2 2 2 2 2 2 2 2 2
left_child=1 -1 3 -3 8 -6 -7 -2 9 10 13 12 -5 -4
right_child=7 2 4 11 5 6 -8 -9 -10 -11 -12 -13 -14 -15
leaf_value=0.022769027105075255 -0.083762817988555768 0.00068956986514329772 -0.010603687060213401 0.066587024715295554 -0.090227121474951724 0.032977496649898221 -0.04430193239070522 0.097824956600910923 0.064285026008219184 -0.24768400245574657 -0.25772438440284362 -0.013349551202996121 0.25157293168829337 0.022767473153501531
leaf_weight=310839 6521 1035998 1133725 84697 89711 56791 65848 35599 29823 3128 2791 21986 5481 144401
leaf_count=310839 6521 1035998 1133725 84697 89711 56791 65848 35599 29823 3128 2791 21986 5481 144401
internal_value=5.64922e-07 -0.000983055 -0.0037438 0.00648209 -0.0114367 -0.0430389 -0.00851586 0.0696979 -0.00632875 -0.00796931 -0.00738198 0.0599795 0.0778573 -0.00683329
internal_weight=3.02734e+06 2.98522e+06 2.67438e+06 1.14816e+06 1.52622e+06 212350 122639 42120 1.31387e+06 1.28404e+06 1.28092e+06 112164 90178 1.27813e+06
internal_count=3027339 2985219 2674380 1148162 1526218 212350 122639 42120 1313868 1284045 1280917 112164 90178 1278126
is_linear=0
shrinkage=0.02


Tree=151
num_leaves=15
num_cat=0
split_feature=4 17 4 22 21 24 8 21 4 23 9 23 21 9
split_gain=528194 509221 553437 760940 489342 1.13043e+06 1.02443e+06 496986 1.05283e+06 820171 622406 1.23277e+06 1.0517e+06 843264
threshold=284.38999938964849 0.18767879158258441 -129.87499999999997 12236.513183593752 12761.528320312502 12787.393554687502 0.82309290766716015 12732.083007812502 127.66500091552736 12738.863281250002 -0.29443810880184168 12677.269531250002 12688.229980468752 -0.47019329667091364
decision_type=2 2 2 2 2 2 2 2 2 2 2 2 2 2
left_child=1 2 3 -1 5 7 -7 9 -9 10 11 13 -13 -3
right_child=-2 4 -4 -5 -6 6 -8 8 -10 -11 -12 12 -14 -15
leaf_value=0.094079026332046706 0.13717266123708047 -0.0030377548280111745 0.025704295533372827 0.50417342217672823 0.050773136119302176 -0.12391747049381505 -0.71123163890476004 -0.013952572037328675 -0.24000410421330368 0.2672443455243273 -0.010799000195015425 0.45613391213561988 0.083222953571338035 0.035844595143017292
leaf_weight=10059 11177 954645 100551 2199 68287 4831 1568 33922 10877 4517 1518677 4216 10668 291145
leaf_count=10059 11177 954645 100551 2199 68287 4831 1568 33922 10877 4517 1518677 4216 10668 291145
internal_value=5.41189e-07 -0.000508224 0.04118 0.168 -0.00212815 -0.00340255 -0.26872 -0.00280139 -0.0688786 -0.0017378 -0.00217592 0.00821191 0.189089 0.00604937
internal_weight=3.02734e+06 3.01616e+06 112809 12258 2.90335e+06 2.83507e+06 6399 2.82867e+06 44799 2.78387e+06 2.77935e+06 1.26067e+06 14884 1.24579e+06
internal_count=3027339 3016162 112809 12258 2903353 2835066 6399 2828667 44799 2783868 2779351 1260674 14884 1245790
is_linear=0
shrinkage=0.02


Tree=152
num_leaves=15
num_cat=0
split_feature=4 20 23 25 4 4 20 19 21 4 20 25 20 4
split_gain=507295 503947 693502 506532 905400 540534 701741 1.97536e+06 848924 801835 1.20343e+06 780351 1.22755e+06 1.16429e+06
threshold=284.38999938964849 12846.489746093752 12760.748046875002 0.088395316153764739 238.91999816894534 50.155000686645515 12396.565429687502 12292.824218750002 12761.528320312502 146.004997253418 12795.735839843752 0.024618388153612617 12177.085937500002 116.86500167846681
decision_type=2 2 2 2 2 2 2 2 2 2 2 2 2 2
left_child=1 3 -3 5 -5 -1 7 11 9 -8 -11 -7 -13 -14
right_child=-2 2 -4 4 -6 6 8 -9 -10 10 -12 12 13 -15
leaf_value=-0.0062704212747867185 0.13443166042532473 -0.17048074137991878 0.20878677185463992 -0.034382649163339926 -0.34586803610285172 -0.011345113183225577 -0.012209119792793207 0.27186105444385511 0.1127258015048896 -0.099446663896252799 -0.66033748791837032 0.018974359742005117 0.034519859693828918 0.22942542420618986
leaf_weight=1817666 11177 2424 9302 84729 3895 317331 80154 12048 14600 38470 1584 584475 27101 22383
leaf_count=1817666 11177 2424 9302 84729 3895 317331 80154 12048 14600 38470 1584 584475 27101 22383
internal_value=5.67049e-07 -0.000498032 0.130304 -0.00100898 -0.04811 0.000422777 0.0115014 0.0174823 -0.0312355 -0.0487286 -0.121788 0.0142577 0.0270733 0.12271
internal_weight=3.02734e+06 3.01616e+06 11726 3.00444e+06 88624 2.91581e+06 1.09815e+06 963338 134808 120208 40054 951290 633959 49484
internal_count=3027339 3016162 11726 3004436 88624 2915812 1098146 963338 134808 120208 40054 951290 633959 49484
is_linear=0
shrinkage=0.02


Tree=153
num_leaves=15
num_cat=0
split_feature=7 19 7 21 7 8 7 4 23 6 7 7 7 19
split_gain=519297 3.28462e+06 1.73417e+06 1.36225e+06 2.89971e+06 2.67254e+06 2.47269e+06 1.88396e+06 1.55962e+06 1.37761e+06 1.91339e+06 1.56099e+06 2.00943e+06 1.28681e+06
threshold=11200.173339843752 11204.585449218752 11219.278320312502 10976.944824218752 11006.505859375002 -0.92210632562637318 11006.505859375002 284.38999938964849 10997.298339843752 104.09495925903322 10976.409667968752 11057.007324218752 11167.782714843752 10973.657714843752
decision_type=2 2 2 2 2 2 2 2 2 2 2 2 2 2
left_child=3 2 -2 4 8 6 -5 -6 -1 10 -7 13 -13 -12
right_child=1 -3 -4 5 7 9 -8 -9 -10 -11 11 12 -14 -15
leaf_value=-0.00046574504519990929 -0.058862565594056795 0.0010370692411224769 -0.22109520784493103 0.86472665487866862 -0.38485433555816684 0.20928540348567995 0.17214105540398258 0.12198040517474291 -0.77973972075882192 -0.0091674194762339355 -0.80069859864495119 0.23191882397584246 0.042806811043836615 -0.030969733064307087
leaf_weight=623313 105072 1743587 35176 2715 12841 29867 8506 3796 1019 218127 870 26498 147768 68184
leaf_count=623313 105072 1743587 35176 2715 12841 29867 8506 3796 1019 218127 870 26498 147768 68184
internal_value=5.33683e-07 -0.00645309 -0.0995656 0.0106324 -0.00869637 0.0352853 0.34034 -0.269207 -0.00175013 0.0283114 0.0582359 0.0396869 0.071574 -0.0407822
internal_weight=3.02734e+06 1.88384e+06 140248 1.1435e+06 640969 502535 11221 16637 624332 491314 273187 243320 174266 69054
internal_count=3027339 1883835 140248 1143504 640969 502535 11221 16637 624332 491314 273187 243320 174266 69054
is_linear=0
shrinkage=0.02


Tree=154
num_leaves=15
num_cat=0
split_feature=7 19 7 21 7 8 7 4 24 7 4 19 25 21
split_gain=501521 3.74521e+06 1.23909e+06 1.23101e+06 2.78494e+06 2.58131e+06 2.38729e+06 1.80944e+06 1.49789e+06 1.3142e+06 1.90775e+06 1.46369e+06 1.2572e+06 1.17534e+06
threshold=11203.090820312502 11204.585449218752 11219.278320312502 10976.944824218752 11006.505859375002 -0.92210632562637318 11006.505859375002 284.38999938964849 10992.633300781252 10947.744140625002 64.115001678466811 10973.657714843752 0.024033023044466976 12773.829101562502
decision_type=2 2 2 2 2 2 2 2 2 2 2 2 2 2
left_child=3 2 -2 4 8 6 -5 -6 -1 10 -7 -11 -12 -4
right_child=1 -3 13 5 7 9 -8 -9 -10 11 12 -13 -14 -15
leaf_value=-0.00056481395149396234 -0.073533013889067828 0.00075207126019406171 -0.25343903543429502 0.84749558770416145 -0.37716323859620188 0.0054215447173732705 0.16743506489731211 0.119547206504937 -0.8358228078221166 -0.77742759432999986 1.0332596034896306 0.021042259282834933 0.30492670649339543 0.14647124041549445
leaf_weight=623482 77465 1736175 31945 2715 12841 11580 8553 3796 850 910 1056 503952 8788 3231
leaf_count=623482 77465 1736175 31945 2715 12841 11580 8553 3796 850 910 1056 503952 8788 3231
internal_value=4.80296e-07 -0.0064988 -0.118249 0.0101963 -0.00852276 0.0325162 0.331902 -0.263826 -0.00171538 0.0261 0.179485 0.0195876 0.384029 -0.216675
internal_weight=3.02734e+06 1.84882e+06 112641 1.17852e+06 640969 537554 11268 16637 624332 526286 21424 504862 9844 35176
internal_count=3027339 1848816 112641 1178523 640969 537554 11268 16637 624332 526286 21424 504862 9844 35176
is_linear=0
shrinkage=0.02


Tree=155
num_leaves=15
num_cat=0
split_feature=7 24 7 0 4 5 7 23 23 7 21 7 7 7
split_gain=493020 1.14473e+06 2.92493e+06 728681 726867 588453 623448 3.04527e+06 787759 1.03151e+06 666579 783880 1.05785e+06 745815
threshold=10065.734863281252 10652.759277343752 10679.781738281252 8173.0000000000009 59.594999313354499 0.062499998137354858 12238.857910156252 12230.999511718752 10860.633789062502 11019.201171875002 10966.222167968752 10950.715332031252 10997.610839843752 11006.505859375002
decision_type=2 2 2 2 2 2 2 2 2 2 2 2 2 2
left_child=-1 -2 4 5 -3 -4 8 -8 -7 10 -10 -12 -13 -14
right_child=1 2 3 -5 -6 6 7 -9 9 -11 11 12 13 -15
leaf_value=0.12838241991420044 -0.098535640585360476 -0.056721460849948793 -0.002386884257009145 -0.17263005041300986 0.26216845072082839 -0.063583467912123146 -1.1634343780296441 -0.012780471095624966 0.08698796353583392 0.037114032370176728 0.61382143725267146 -0.031230417613029585 0.61511346880206486 0.18873671130501826
leaf_weight=11908 46898 3303 2767775 9825 21109 20690 956 19334 16917 95063 2269 4497 2783 4012
leaf_count=11908 46898 3303 2767775 9825 21109 20690 956 19334 16917 95063 2269 4497 2783 4012
internal_value=4.92688e-07 -0.000506908 0.00104211 -0.000766011 0.219016 -0.00018996 0.0363233 -0.067543 0.0507389 0.0695837 0.170813 0.275239 0.206721 0.364016
internal_weight=3.02734e+06 3.01543e+06 2.96853e+06 2.94412e+06 24412 2.9343e+06 166521 20290 146231 125541 30478 13561 11292 6795
internal_count=3027339 3015431 2968533 2944121 24412 2934296 166521 20290 146231 125541 30478 13561 11292 6795
is_linear=0
shrinkage=0.02


Tree=156
num_leaves=15
num_cat=0
split_feature=20 21 25 9 20 4 4 8 20 6 19 4 8 8
split_gain=481136 628615 486970 591561 731491 741796 549623 578891 538029 621643 527619 713070 842825 618239
threshold=12846.489746093752 12785.703613281252 0.088395316153764739 -0.72804987430572499 10833.982421875002 37.174999237060554 221.06999969482425 0.88256284594535839 10887.128906250002 102.69880676269533 11519.751464843752 80.805000305175795 0.9084724783897401 0.96152326464653026
decision_type=2 2 2 2 2 2 2 2 2 2 2 2 2 2
left_child=2 -2 3 4 -1 -6 10 -8 -7 -10 13 -12 -13 -4
right_child=1 -3 6 -5 5 8 7 -9 9 -11 11 12 -14 -15
leaf_value=-0.12102971195230663 -0.19942864373060074 0.19318166136064807 -0.0034150627004723906 -0.00062537944847811154 -0.017074963122052936 0.32040583401398492 -0.23399189447226271 0.23309202987085001 0.043443242181048121 0.19926768711894594 -0.030662840063990459 -0.094161404240081639 -0.51898696109215869 0.51197564124809281
leaf_weight=8614 1949 9777 55044 2841819 24380 4719 9411 1188 30236 15482 15996 4683 3104 937
leaf_count=8614 1949 9777 55044 2841819 24380 4719 9411 1188 30236 15482 15996 4683 3104 937
internal_value=5.04424e-07 0.127809 -0.000496886 0.00091574 0.0534032 0.0735002 -0.046222 -0.181466 0.117277 0.0962443 -0.0282301 -0.107126 -0.263953 0.005301
internal_weight=3.02734e+06 11726 3.01561e+06 2.92525e+06 83431 74817 90363 10599 50437 45718 79764 23783 7787 55981
internal_count=3027339 11726 3015613 2925250 83431 74817 90363 10599 50437 45718 79764 23783 7787 55981
is_linear=0
shrinkage=0.02


Tree=157
num_leaves=15
num_cat=0
split_feature=16 19 8 23 20 20 4 19 4 6 8 20 19 25
split_gain=478725 462783 1.39967e+06 617277 1.2824e+06 1.11011e+06 735894 609733 714817 745755 591497 917204 1.10705e+06 851416
threshold=-22.100000381469723 13462.845214843752 0.82309290766716015 12738.863281250002 12804.312011718752 12689.021972656252 131.08499908447268 12089.533203125002 -22.494999885559078 57.979869842529304 -0.95380857586860646 11349.686035156252 11351.640625000002 0.036945587024092681
decision_type=2 2 2 2 2 2 2 2 2 2 2 2 2 2
left_child=-1 3 -3 4 10 -5 -6 8 9 -7 11 -2 -13 -14
right_child=1 2 -4 5 6 7 -8 -9 -10 -11 -12 12 13 -15
leaf_value=0.030255681567582276 0.042693990926655705 -0.038907317250800669 -0.69575589552188832 0.80395534876824648 -0.13552834656532844 -0.21329486500133168 -0.5717711658967124 0.029998101161544059 0.030911056787566362 0.62219996397485045 0.00047451295944525172 -0.4335140808197358 -0.013465824501920782 -0.10004338088375013
leaf_weight=195662 52255 8813 1512 771 5175 518 2202 71861 3113 2320 2485626 2979 122217 72315
leaf_count=195662 52255 8813 1512 771 5175 518 2202 71861 3113 2320 2485626 2979 122217 72315
internal_value=5.12428e-07 -0.00209014 -0.135679 -0.00160077 -0.00318434 0.0536634 -0.266345 0.0461265 0.240504 0.469483 -0.00247365 -0.0318122 -0.0515253 -0.0456536
internal_weight=3.02734e+06 2.83168e+06 10325 2.82135e+06 2.74277e+06 78583 7377 77812 5951 2838 2.73539e+06 249766 197511 194532
internal_count=3027339 2831677 10325 2821352 2742769 78583 7377 77812 5951 2838 2735392 249766 197511 194532
is_linear=0
shrinkage=0.02


Tree=158
num_leaves=15
num_cat=0
split_feature=7 19 7 23 7 23 21 7 21 5 23 7 24 19
split_gain=488002 2.8303e+06 2.09592e+06 2.98318e+06 1.94836e+06 1.87237e+06 1.81176e+06 1.76031e+06 1.53049e+06 1.45816e+06 1.34478e+06 1.21059e+06 3.40584e+06 2.76004e+06
threshold=12535.058593750002 12292.824218750002 12238.857910156252 12225.526855468752 12279.564941406252 12225.526855468752 12228.966308593752 12194.770507812502 12572.442871093752 0.052500000223517425 12172.963378906252 12043.893554687502 12037.662109375002 12081.696289062502
decision_type=2 2 2 2 2 2 2 2 2 2 2 2 2 2
left_child=1 2 5 9 10 11 -5 -7 -2 -4 -3 12 -1 -13
right_child=8 4 3 6 -6 7 -8 -9 -10 -11 -12 13 -14 -15
leaf_value=-0.00019916688502075568 -0.10888370085672099 -0.055790231128499901 -0.40795781277558413 0.41593852795576169 0.064288166714052922 0.44786034202561181 -0.11898355600949423 0.078607048671889543 0.00056041523602733947 -1.2096745941987608 0.38120865539074666 -0.14268012940546482 0.17535207391375363 -0.0051332640056557669
leaf_weight=2164955 66525 3528 3989 2729 102873 5848 33648 43671 220459 1173 13915 76885 45117 242024
leaf_count=2164955 66525 3528 3989 2729 102873 5848 33648 43671 220459 1173 13915 76885 45117 242024
internal_value=4.59533e-07 0.00259907 -0.00175671 -0.142674 0.0974445 0.000513976 -0.0787499 0.122296 -0.0248124 -0.592128 0.292839 -0.00187107 0.00338535 -0.0382976
internal_weight=3.02734e+06 2.74036e+06 2.62004e+06 41539 120316 2.5785e+06 36377 49519 286984 5162 17443 2.52898e+06 2.21007e+06 318909
internal_count=3027339 2740355 2620039 41539 120316 2578500 36377 49519 286984 5162 17443 2528981 2210072 318909
is_linear=0
shrinkage=0.02


Tree=159
num_leaves=15
num_cat=0
split_feature=4 17 20 23 25 4 20 0 20 4 9 20 20 25
split_gain=467264 482428 462237 634327 483157 1.01663e+06 1.26121e+06 641174 621452 500639 1.69678e+06 2.78038e+06 685723 677375
threshold=284.38999938964849 0.10326559469103815 12846.489746093752 12760.748046875002 0.08292692527174951 253.78499603271487 10963.913085937502 6951.5000000000009 10903.394042968752 50.155000686645515 0.22540952265262607 11594.234375000002 10693.399414062502 0.023657686077058319
decision_type=2 2 2 2 2 2 2 2 2 2 2 2 2 2
left_child=1 -1 4 -4 7 -6 8 9 -7 12 13 -12 -3 -11
right_child=-2 2 3 -5 5 6 -8 -9 -10 10 11 -13 -14 -15
leaf_value=0.079363077521556122 0.12901852287586726 -0.099307517226871145 -0.16309075902853601 0.19991071294789362 -0.033887212959709173 -0.40096775819670477 -1.1454369382009995 -0.17689518835213711 0.68190830410651448 -0.009854871537967512 -0.046125906996735674 -0.86832935649054743 -0.0044364847031550724 0.024445614563211305
leaf_weight=29961 11177 31006 2424 9234 120727 626 732 8172 308 338790 5893 2273 1746913 719103
leaf_count=29961 11177 31006 2424 9234 120727 626 732 8172 308 338790 5893 2273 1746913 719103
internal_value=4.18019e-07 -0.000478104 -0.00127943 0.124357 -0.00177226 -0.0406815 -0.529882 -0.000102415 -0.0404117 0.000406202 0.0112428 -0.27577 -0.00609155 0.0134609
internal_weight=3.02734e+06 3.01616e+06 2.9862e+06 11658 2.97454e+06 122393 1666 2.85215e+06 934 2.84398e+06 1.06606e+06 8166 1.77792e+06 1.05789e+06
internal_count=3027339 3016162 2986201 11658 2974543 122393 1666 2852150 934 2843978 1066059 8166 1777919 1057893
is_linear=0
shrinkage=0.02


Tree=160
num_leaves=15
num_cat=0
split_feature=5 13 14 17 8 14 23 21 21 19 25 5 22 22
split_gain=460750 451880 667792 441963 843328 555531 505774 1.02259e+06 725122 498198 719809 616239 611810 440383
threshold=0.082499999552965178 -9.7000002861022931 0.63109514117240917 0.44345134496688848 -0.66576555371284474 0.67896097898483287 12225.526855468752 12301.853027343752 12221.579101562502 12402.195800781252 0.075888738036155715 1.0000000180025095e-35 12727.998535156252 10874.985351562502
decision_type=2 2 2 2 2 2 2 2 2 2 2 2 2 2
left_child=1 2 -1 6 5 -5 7 -3 -8 10 12 -12 -10 -7
right_child=-2 3 -4 4 -6 13 8 -9 9 -11 11 -13 -14 -15
leaf_value=0.0011531430848739613 0.065678879923849465 -0.0050946058612429722 0.04265221038156617 -0.02823835762153935 0.00099763326387549691 0.058263371748538469 0.34576041675117652 0.49434279078833221 0.03628052585109557 0.003512885495292958 0.49092098010128199 -0.21386319893937772 0.25977070854149281 -0.106480657048036
leaf_weight=605739 42120 1246662 208481 238135 385915 7172 2830 1632 62227 150178 2630 605 5309 67704
leaf_count=605739 42120 1246662 208481 238135 385915 7172 2830 1632 62227 150178 2630 605 5309 67704
internal_value=2.87698e-07 -0.000926616 0.0117794 -0.00569197 -0.018788 -0.0431812 0.000525947 -0.00443768 0.0282133 0.0241305 0.0678747 0.358855 0.0538852 -0.0906947
internal_weight=3.02734e+06 2.98522e+06 814220 2.171e+06 698926 313011 1.47207e+06 1.24829e+06 223779 220949 70771 3235 67536 74876
internal_count=3027339 2985219 814220 2170999 698926 313011 1472073 1248294 223779 220949 70771 3235 67536 74876
is_linear=0
shrinkage=0.02


Tree=161
num_leaves=15
num_cat=0
split_feature=5 21 9 24 21 9 9 25 24 22 25 25 22 22
split_gain=446022 678624 664810 484272 1.45428e+06 967833 2.10352e+06 2.10381e+06 1.35094e+06 1.04158e+06 1.56707e+06 871478 865138 749588
threshold=0.062499998137354858 10862.582031250002 -0.67629325389862049 12182.593261718752 12199.246093750002 0.51117742061615001 0.31095837056636816 0.071285773068666472 12725.326171875002 12746.740234375002 0.04243122227489949 0.047889804467558868 12542.148925781252 12179.673339843752
decision_type=2 2 2 2 2 2 2 2 2 2 2 2 2 2
left_child=3 -2 -3 -1 13 6 -6 12 -7 10 -10 -11 -8 -5
right_child=1 2 -4 4 5 8 7 -9 9 11 -12 -13 -14 -15
leaf_value=-0.0058908868010126795 -0.056945618339338672 0.12540431559167634 0.024872000654052175 0.46864228517656609 0.0082634029197794032 -0.075363156408741971 0.067387883254604 0.58936386140235431 -0.027369452664811226 0.15390920856096443 0.63393511007700132 -0.16435579534326614 0.35687866128610718 0.12458075964974452
leaf_weight=2310861 29247 34428 111537 2852 367514 93694 26221 4202 2632 7772 3135 6160 4893 22191
leaf_count=2310861 29247 34428 111537 2852 367514 93694 26221 4202 2632 7772 3135 6160 4893 22191
internal_value=3.78238e-07 0.0309722 0.0485911 -0.00190238 0.0151258 0.0079036 0.0224329 0.169843 -0.0437093 0.106806 0.332594 0.0131707 0.113014 0.163936
internal_weight=3.02734e+06 175212 145965 2.85213e+06 541266 516223 402830 35316 113393 19699 5767 13932 31114 25043
internal_count=3027339 175212 145965 2852127 541266 516223 402830 35316 113393 19699 5767 13932 31114 25043
is_linear=0
shrinkage=0.02


Tree=162
num_leaves=15
num_cat=0
split_feature=7 20 7 21 7 8 7 4 23 7 19 1 7 21
split_gain=480646 3.63162e+06 2.03266e+06 1.16611e+06 2.65001e+06 2.48075e+06 2.29108e+06 1.69489e+06 1.48304e+06 1.23746e+06 1.42184e+06 1.2026e+06 1.11966e+06 1.01179e+06
threshold=11203.090820312502 11199.758789062502 11240.761718750002 10976.944824218752 11006.505859375002 -0.92210632562637318 11006.505859375002 284.38999938964849 10976.772460937502 10919.207031250002 10973.657714843752 104.18016433715822 10976.409667968752 11180.475585937502
decision_type=2 2 2 2 2 2 2 2 2 2 2 2 2 2
left_child=3 2 -2 4 8 6 -5 -6 -1 -7 -11 12 -12 -14
right_child=1 -3 -4 5 7 9 -8 -9 -10 10 11 -13 13 -15
leaf_value=0.001784758618013485 -0.098423611935805511 -4.534195379458205e-05 -0.41239573826825504 0.83029946996706094 -0.36696940540192574 0.71830806665448566 0.16408253679697057 0.1137642745614207 -0.28258596837969324 -0.76150747301267541 0.16021341554140162 -0.012022067758663598 0.0091635531775603272 0.088083304258134737
leaf_weight=616918 80155 1759475 9186 2715 12841 1019 8553 3796 7414 910 32981 207302 183464 100610
leaf_count=616918 80155 1759475 9186 2715 12841 1019 8553 3796 7414 910 32981 207302 183464 100610
internal_value=5.18091e-07 -0.00636206 -0.130749 0.00998184 -0.00823704 0.0317055 0.325202 -0.257279 -0.00159661 0.0254155 0.0240576 0.0254355 0.0499262 0.0371166
internal_weight=3.02734e+06 1.84882e+06 89341 1.17852e+06 640969 537554 11268 16637 624332 526286 525267 524357 317055 284074
internal_count=3027339 1848816 89341 1178523 640969 537554 11268 16637 624332 526286 525267 524357 317055 284074
is_linear=0
shrinkage=0.02


Tree=163
num_leaves=15
num_cat=0
split_feature=16 17 4 8 24 23 24 4 23 4 24 0 4 23
split_gain=450744 509732 599484 879361 572674 703183 586297 1.04097e+06 689570 571830 567664 501089 495544 1.02932e+06
threshold=-22.100000381469723 0.25725664198398596 -94.514999389648423 0.53606674075126659 11432.399902343752 11743.289062500002 12046.562988281252 -168.94499969482419 11913.592285156252 -234.370002746582 12152.229492187502 6238.5000000000009 -129.87499999999997 12230.999511718752
decision_type=2 2 2 2 2 2 2 2 2 2 2 2 2 2
left_child=-1 12 3 4 -3 9 8 10 -7 -6 -8 -12 13 -2
right_child=1 2 -4 -5 5 6 7 -9 -10 -11 11 -13 -14 -15
leaf_value=0.029358170571925277 0.050840072790337233 -0.045609040442511399 -0.00064606672603581832 0.96966308550646074 -0.17467751164940168 0.019316334340985709 -0.027035639143109941 -0.031149971502908165 -0.17503738335923877 0.10822667842060357 0.1664747110506781 0.6551307680993107 0.013933674464094922 0.38566595529407471
leaf_weight=195662 24701 264314 2091157 344 3136 12279 6584 72763 17999 31295 13940 885 287975 4305
leaf_count=195662 24701 264314 2091157 344 3136 12279 6584 72763 17999 31295 13940 885 287975 4305
internal_value=5.17755e-07 -0.00202811 -0.00504082 -0.0267387 -0.0275716 0.00243642 -0.0196958 0.00492126 -0.0962378 0.0824157 0.127475 0.196069 0.0218719 0.100651
internal_weight=3.02734e+06 2.83168e+06 2.5147e+06 423539 423195 158881 124450 94172 30278 34431 21409 14825 316981 29006
internal_count=3027339 2831677 2514696 423539 423195 158881 124450 94172 30278 34431 21409 14825 316981 29006
is_linear=0
shrinkage=0.02


Tree=164
num_leaves=15
num_cat=0
split_feature=7 19 4 7 4 20 7 7 20 19 7 20 4 20
split_gain=480015 2.6359e+06 2.12817e+06 2.02421e+06 3.952e+06 1.99727e+06 4.35089e+06 1.90235e+06 3.2558e+06 2.02958e+06 1.89572e+06 1.78548e+06 1.87829e+06 1.40845e+06
threshold=12535.058593750002 12292.824218750002 -168.94499969482419 12238.857910156252 115.35499954223634 12209.516601562502 12194.770507812502 12043.893554687502 12040.458496093752 12081.696289062502 12033.012207031252 12203.833007812502 -41.434999465942376 12573.163574218752
decision_type=2 2 2 2 2 2 2 2 2 2 2 2 2 2
left_child=1 3 -3 5 11 7 -7 8 -1 -9 -10 -5 -13 -2
right_child=13 2 -4 4 -6 6 -8 9 10 -11 -12 12 -14 -15
leaf_value=0.00030028833297159963 -0.10607946682192422 0.40567616836693204 0.071393401808401841 0.36437666744573194 -1.0371330175013431 0.38271093057047467 0.025999078531681576 -0.13936182600996397 0.32420766448861477 -0.018680874949539218 0.040273115434058024 -0.32285191970684957 -0.026390179680630618 -0.0005132320567480021
leaf_weight=2172394 65495 8164 112152 3076 1866 16875 72008 76885 19570 202660 18108 13597 23000 221489
leaf_count=2172394 65495 8164 112152 3076 1866 16875 72008 76885 19570 202660 18108 13597 23000 221489
internal_value=6.36113e-07 0.0025779 0.094108 -0.00162563 -0.140112 0.000605868 0.0937587 -0.00272018 0.00349763 -0.0518764 0.187796 -0.0976695 -0.136594 -0.0246083
internal_weight=3.02734e+06 2.74036e+06 120316 2.62004e+06 41539 2.5785e+06 88883 2.48962e+06 2.21007e+06 279545 37678 39673 36597 286984
internal_count=3027339 2740355 120316 2620039 41539 2578500 88883 2489617 2210072 279545 37678 39673 36597 286984
is_linear=0
shrinkage=0.02


Tree=165
num_leaves=15
num_cat=0
split_feature=7 24 7 4 21 7 19 7 7 24 4 7 8 4
split_gain=476124 1.07023e+06 2.81657e+06 693113 599143 2.55648e+06 2.09591e+06 2.14787e+06 1.98303e+06 1.72136e+06 1.67029e+06 2.92398e+06 1.61584e+06 1.49598e+06
threshold=10065.734863281252 10652.759277343752 10679.781738281252 59.594999313354499 10803.544921875002 10880.121582031252 10913.085937500002 10919.207031250002 10790.399414062502 10879.510253906252 -42.844999313354485 10759.808593750002 0.73663246631622326 -174.19499969482419
decision_type=2 2 2 2 2 2 2 2 2 2 2 2 2 2
left_child=-1 -2 3 -3 8 9 -7 12 10 -6 11 -4 -8 -11
right_child=1 2 4 -5 5 6 7 -9 -10 13 -12 -13 -14 -15
leaf_value=0.12616357798236594 -0.095283322996110517 -0.054363651841354547 0.54417833007665661 0.25703647532556684 0.065154081537657935 -0.087547430012602526 0.084903146231948307 -0.000368700098096261 -0.14107977956351639 0.68185137731035683 -0.031043370962562624 0.019167186857627149 0.50354113131874478 0.19118828187781098
leaf_weight=11908 46898 3303 6017 21109 93909 111311 10653 2566425 50726 3181 70614 14340 5635 11310
leaf_count=11908 46898 3303 6017 21109 93909 111311 10653 2566425 50726 3181 70614 14340 5635 11310
internal_value=6.21029e-07 -0.000498009 0.000999754 0.214897 -0.000774556 0.00125426 -0.00257765 0.00108473 -0.0408971 0.096479 0.0149746 0.174539 0.229957 0.299294
internal_weight=3.02734e+06 3.01543e+06 2.96853e+06 24412 2.94412e+06 2.80242e+06 2.69402e+06 2.58271e+06 141697 108400 90971 20357 16288 14491
internal_count=3027339 3015431 2968533 24412 2944121 2802424 2694024 2582713 141697 108400 90971 20357 16288 14491
is_linear=0
shrinkage=0.02


Tree=166
num_leaves=15
num_cat=0
split_feature=7 23 7 24 23 8 4 7 24 7 23 7 7 24
split_gain=464602 2.82218e+06 2.77816e+06 3.60848e+06 3.20104e+06 2.58652e+06 3.04417e+06 1.97175e+06 1.70836e+06 1.11794e+06 974145 1.80028e+06 1.91193e+06 1.39992e+06
threshold=11200.173339843752 11271.606933593752 11368.623535156252 11368.294921875002 11383.837402343752 0.90368562936782848 52.375000000000007 11227.193847656252 11185.670898437502 11282.365722656252 11175.624023437502 11130.324218750002 11171.963378906252 11226.084472656252
decision_type=2 2 2 2 2 2 2 2 2 2 2 2 2 2
left_child=10 7 3 9 -4 -5 -7 -2 -9 -3 -1 -12 -13 -14
right_child=1 2 4 5 -6 6 -8 8 -10 -11 11 12 13 -15
leaf_value=0.0023117594723666272 -0.031861213380519053 0.33855782235127718 -0.16039947740646565 0.061796011113260566 0.00094673902024373468 0.11454922341722545 0.61719857842081349 -0.41729033079939626 -0.11935671645109058 0.018304332389114046 -0.12102240008082726 0.28214792986131865 0.03533983195134012 0.28720992861104344
leaf_weight=972335 179087 4537 50923 14429 1433186 8119 11869 8693 66886 106106 20650 16358 124671 9490
leaf_count=972335 179087 4537 50923 14429 1433186 8119 11869 8693 66886 106106 20650 16358 124671 9490
internal_value=7.4518e-07 -0.00610356 0.00357497 0.0871099 -0.00459043 0.26593 0.413186 -0.0680176 -0.153676 0.0314662 0.0100571 0.0540522 0.0780776 0.0531763
internal_weight=3.02734e+06 1.88384e+06 1.62917e+06 145060 1.48411e+06 34417 19988 254666 75579 110643 1.1435e+06 171169 150519 134161
internal_count=3027339 1883835 1629169 145060 1484109 34417 19988 254666 75579 110643 1143504 171169 150519 134161
is_linear=0
shrinkage=0.02


Tree=167
num_leaves=15
num_cat=0
split_feature=7 19 4 7 4 23 7 19 4 23 7 22 19 7
split_gain=461016 2.5309e+06 2.04401e+06 1.94454e+06 3.79662e+06 1.70262e+06 1.57255e+06 1.49342e+06 1.77545e+06 1.33772e+06 1.14424e+06 3.01894e+06 2.5075e+06 1.25643e+06
threshold=12535.058593750002 12292.824218750002 -168.94499969482419 12238.857910156252 116.86500167846681 12225.526855468752 12194.770507812502 12208.879882812502 -65.215000152587876 12608.909667968752 12043.893554687502 12036.090820312502 12081.696289062502 12033.012207031252
decision_type=2 2 2 2 2 2 2 2 2 2 2 2 2 2
left_child=1 3 -3 5 7 10 -7 -5 -9 -2 11 -1 -12 -13
right_child=9 2 -4 4 -6 6 -8 8 -10 -11 12 13 -14 -15
leaf_value=0.00016455921919804448 -0.083941079168183622 0.39756102433993556 0.069954101296467744 0.27130518481638538 -1.0219827918430233 0.42443755397956595 0.075431461203056493 -0.38147206061553851 -0.055618178404296142 0.0070485351134886715 -0.13658651105639696 0.2757776062627636 -0.0054831758315261958 0.057652448741311382
leaf_weight=2167759 98289 8164 112152 3975 1844 5848 43671 8903 26817 188695 76885 21926 242024 20387
leaf_count=2167759 98289 8164 112152 3975 1844 5848 43671 8903 26817 188695 76885 21926 242024 20387
internal_value=7.90844e-07 0.00252653 0.0922151 -0.00159242 -0.137326 0.000594724 0.116725 -0.0959823 -0.13692 -0.0241162 -0.00167963 0.00343071 -0.0370939 0.170721
internal_weight=3.02734e+06 2.74036e+06 120316 2.62004e+06 41539 2.5785e+06 49519 39695 35720 286984 2.52898e+06 2.21007e+06 318909 42313
internal_count=3027339 2740355 120316 2620039 41539 2578500 49519 39695 35720 286984 2528981 2210072 318909 42313
is_linear=0
shrinkage=0.02


Tree=168
num_leaves=15
num_cat=0
split_feature=7 19 7 7 19 7 19 7 7 4 7 4 19 23
split_gain=456918 1.02407e+06 2.83024e+06 647520 547783 2.69175e+06 2.0812e+06 2.06188e+06 1.63792e+06 3.27314e+06 1.50518e+06 1.35895e+06 1.35207e+06 1.37464e+06
threshold=10065.734863281252 10646.074707031252 10679.781738281252 10640.455566406252 10808.586914062502 10880.121582031252 10913.085937500002 10919.207031250002 10775.280273437502 -46.995000839233391 10759.808593750002 -65.215000152587876 10950.788574218752 10966.328125000002
decision_type=2 2 2 2 2 2 2 2 2 2 2 2 2 2
left_child=-1 -2 3 -3 8 -6 -7 12 9 10 -4 -10 -8 -14
right_child=1 2 4 -5 5 6 7 -9 11 -11 -12 -13 13 -15
leaf_value=0.12359293895917717 -0.093183176982870056 0.42157730803490728 0.54968082647172434 0.16415494184266885 0.10351134755343427 -0.088202449889803983 0.080283824367272258 -0.00035232246880227545 -0.30678290874268122 -0.036612766265976905 0.13529339291193368 -0.066321313175312563 0.6445436969259023 -0.0031096872138428439
leaf_weight=11908 46921 4907 5794 19221 99256 108846 9980 2566425 10791 55485 8880 72617 4452 1856
leaf_count=11908 46921 4907 5794 19221 99256 108846 9980 2566425 10791 55485 8880 72617 4452 1856
internal_value=7.68301e-07 -0.000487701 0.000977768 0.216662 -0.000790396 0.00123324 -0.00253881 0.00107172 -0.0375642 0.0336513 0.299178 -0.0974646 0.225315 0.454278
internal_weight=3.02734e+06 3.01543e+06 2.96851e+06 24128 2.94438e+06 2.79082e+06 2.69156e+06 2.58271e+06 153567 70159 14674 83408 16288 6308
internal_count=3027339 3015431 2968510 24128 2944382 2790815 2691559 2582713 153567 70159 14674 83408 16288 6308
is_linear=0
shrinkage=0.02


Tree=169
num_leaves=15
num_cat=0
split_feature=0 7 20 7 21 8 7 7 4 20 6 7 7 7
split_gain=448383 505780 2.83151e+06 2.17497e+06 1.09328e+06 2.376e+06 2.26638e+06 2.19006e+06 1.58194e+06 1.34866e+06 1.3061e+06 1.71012e+06 1.39712e+06 1.9209e+06
threshold=8173.0000000000009 11200.173339843752 11199.758789062502 11240.761718750002 10976.944824218752 -0.92210632562637318 11006.505859375002 11006.505859375002 284.38999938964849 10995.187500000002 104.09495925903322 10976.409667968752 11057.007324218752 11167.782714843752
decision_type=2 2 2 2 2 2 2 2 2 2 2 2 2 2
left_child=1 4 3 -3 6 7 9 -6 -8 -1 11 -7 -13 -14
right_child=-2 2 -4 -5 5 10 8 -9 -10 -11 -12 12 13 -15
leaf_value=0.00067529314074883098 -0.1221693875938531 -0.076721806445411392 0.00034112689820824083 -0.39760420051923895 0.81420618727097904 0.19844528819001106 -0.35725699738153699 0.1624013584052808 0.11140854988903071 -0.79606396288485148 -0.0099970227765376132 -0.038346505500152561 0.22496334553654673 0.040064566465944591
leaf_weight=614981 11959 104212 1768394 9186 2715 29867 11887 8506 3796 841 218112 68617 26498 147768
leaf_count=614981 11959 104212 1768394 9186 2715 29867 11887 8506 3796 841 218112 68617 26498 147768
internal_value=8.60483e-07 0.000485798 -0.00587162 -0.102748 0.0110393 0.0330666 -0.00647395 0.320696 -0.243819 -0.000425654 0.026485 0.0556583 0.0380924 0.0681907
internal_weight=3.02734e+06 3.01538e+06 1.88179e+06 113398 1.13359e+06 502083 631505 11221 15683 615822 490862 272750 242883 174266
internal_count=3027339 3015380 1881792 113398 1133588 502083 631505 11221 15683 615822 490862 272750 242883 174266
is_linear=0
shrinkage=0.02


Tree=170
num_leaves=15
num_cat=0
split_feature=7 19 4 7 23 24 9 7 25 23 19 4 4 23
split_gain=442331 2.43079e+06 1.96319e+06 1.89208e+06 2.63675e+06 1.97831e+06 1.77255e+06 1.33288e+06 1.32332e+06 1.22566e+06 1.34132e+06 1.09055e+06 1.02095e+06 978698
threshold=12535.058593750002 12292.824218750002 -168.94499969482419 12223.541503906252 12225.526855468752 12216.741699218752 -0.44019870460033411 12291.576660156252 0.066820703446865096 12280.350097656252 12208.879882812502 -249.45500183105466 -1.0000000180025095e-35 12738.863281250002
decision_type=2 2 2 2 2 2 2 2 2 2 2 2 2 2
left_child=1 3 -3 4 11 6 -5 9 13 10 -7 -1 -9 -2
right_child=8 2 -4 5 -6 7 -8 12 -10 -11 -12 -13 -14 -15
leaf_value=-0.14138230871862575 -0.034397937269952626 0.38961975438522567 0.068555367938668316 -1.2439826270006373 0.18741508941644519 0.3784394613083048 -0.28130652750441498 -0.54411630167161196 -0.1319093200009753 0.37593561588483787 -0.070521627207371207 0.00033106977408996338 -0.10256362187352033 0.050173641340017151
leaf_weight=21902 166449 8164 112152 825 30086 2805 9331 3662 38996 2897 48934 2494707 4890 81539
leaf_count=21902 166449 8164 112152 825 30086 2805 9331 3662 38996 2897 48934 2494707 4890 81539
internal_value=8.27044e-07 0.00247486 0.0903718 -0.00156182 0.00132265 -0.101705 -0.360656 -0.0600338 -0.0236224 -0.023669 -0.0461126 -0.000902808 -0.292055 -0.00658963
internal_weight=3.02734e+06 2.74036e+06 120316 2.62004e+06 2.5467e+06 73344 10156 63188 286984 54636 51739 2.51661e+06 8552 247988
internal_count=3027339 2740355 120316 2620039 2546695 73344 10156 63188 286984 54636 51739 2516609 8552 247988
is_linear=0
shrinkage=0.02


Tree=171
num_leaves=15
num_cat=0
split_feature=19 9 9 23 23 19 19 25 25 13 14 14 9 9
split_gain=425509 758448 827785 631580 985191 776718 768529 605057 527238 484669 889152 781834 716303 468870
threshold=13462.845214843752 -0.56790637969970692 0.6765151619911195 12738.863281250002 12706.215332031252 12951.521484375002 12074.169921875002 0.036945587024092681 0.013540516141802074 2.1000000238418584 0.70356088876724254 0.6342817246913911 0.015035989694297315 0.66075414419174205
decision_type=2 2 2 2 2 2 2 2 2 2 2 2 2 2
left_child=3 -2 -3 4 5 9 7 -5 -7 10 -1 -11 -13 -9
right_child=1 2 -4 6 -6 8 -8 13 -10 11 -12 12 -14 -15
leaf_value=0.0026385475246019901 0.027710980293839796 -0.68321203319547152 -0.13045578475341443 -0.13079981060042978 -0.10574032880706641 0.66222776066947986 0.036683290130210433 0.11516117169751434 0.12212791014569789 -0.0010395102522816023 0.055436671966093379 -0.01066673104624279 -0.074766937468790984 0.49950292181911515
leaf_weight=1432961 6002 1577 3438 1274 35544 1109 77941 2062 2060 1036165 140045 160579 123256 3326
leaf_count=1432961 6002 1577 3438 1274 35544 1109 77941 2062 2060 1036165 140045 160579 123256 3326
internal_value=7.37576e-07 -0.124011 -0.305291 0.000454102 -0.00110064 0.000183927 0.0543241 0.260343 0.312632 -0.000159401 0.00733951 -0.00909564 -0.0385041 0.352904
internal_weight=3.02734e+06 11017 5015 3.01632e+06 2.93172e+06 2.89618e+06 84603 6662 3169 2.89301e+06 1.57301e+06 1.32e+06 283835 5388
internal_count=3027339 11017 5015 3016322 2931719 2896175 84603 6662 3169 2893006 1573006 1320000 283835 5388
is_linear=0
shrinkage=0.02


Tree=172
num_leaves=15
num_cat=0
split_feature=7 24 7 0 0 5 7 23 23 7 21 7 7 7
split_gain=437797 990202 2.59751e+06 628501 527841 519151 549198 2.52333e+06 709548 951228 637565 715429 1.01726e+06 704556
threshold=10065.734863281252 10652.759277343752 10679.781738281252 8173.0000000000009 2013.5000000000002 0.062499998137354858 12238.857910156252 12230.999511718752 10860.633789062502 11019.201171875002 10966.222167968752 10950.715332031252 10997.610839843752 11006.505859375002
decision_type=2 2 2 2 2 2 2 2 2 2 2 2 2 2
left_child=-1 -2 4 5 -3 -4 8 -8 -7 10 -10 -12 -13 -14
right_child=1 2 3 -5 -6 6 7 -9 9 -11 11 12 13 -15
leaf_value=0.12097929253891185 -0.091649924133487951 -0.056341263887859504 -0.0022691453217557685 -0.16035391591947401 0.23926041886120558 -0.060878557222806697 -1.0609608529764176 -0.013544881883297133 0.080738536958772686 0.034324666518559505 0.58830825729883263 -0.03395332076134553 0.59768225213510773 0.18326769915150506
leaf_weight=11908 46898 2715 2767775 9825 21697 20690 956 19334 16917 95063 2269 4497 2783 4012
leaf_count=11908 46898 2715 2767775 9825 21697 20690 956 19334 16917 95063 2269 4497 2783 4012
internal_value=7.48254e-07 -0.000477392 0.000963284 -0.000740628 0.206374 -0.000205639 0.0340902 -0.0633951 0.0476202 0.0655051 0.162715 0.264842 0.199381 0.35363
internal_weight=3.02734e+06 3.01543e+06 2.96853e+06 2.94412e+06 24412 2.9343e+06 166521 20290 146231 125541 30478 13561 11292 6795
internal_count=3027339 3015431 2968533 2944121 24412 2934296 166521 20290 146231 125541 30478 13561 11292 6795
is_linear=0
shrinkage=0.02


Tree=173
num_leaves=15
num_cat=0
split_feature=20 23 25 9 6 23 21 22 20 25 25 20 21 9
split_gain=422817 594716 437573 512094 784928 512587 564677 552595 499209 849379 432656 479696 393676 577448
threshold=12846.489746093752 12760.748046875002 0.088395316153764739 -0.72323438525199879 106.43545532226564 10832.577636718752 10899.677246093752 12051.870117187502 12066.269531250002 0.045077400282025344 0.013540516141802074 12330.791992187502 12838.442382812502 0.75179949402809154
decision_type=2 2 2 2 2 2 2 2 2 2 2 2 2 2
left_child=2 -2 3 4 5 -1 -7 -8 9 -9 11 -10 -5 -14
right_child=1 -3 -4 12 -6 6 7 8 10 -11 -12 -13 13 -15
leaf_value=-0.12096873890527832 -0.15872420477954444 0.19249193470721015 -0.043809519183893787 -0.00033075268133841415 0.15545948196594092 0.22270787947740883 -0.029207905664873208 0.02395704201449738 -0.18647152431332578 0.69666959397010164 0.021045321935108736 0.44271445711196339 -0.22514835820394644 0.51635584728983874
leaf_weight=9494 2424 9302 90363 2823688 20669 5898 37455 1622 628 1389 16647 2045 5268 447
leaf_count=9494 2424 9302 90363 2823688 20669 5898 37455 1622 628 1389 16647 2045 5268 447
internal_value=7.5712e-07 0.119813 -0.000465515 0.00087355 0.0463366 0.016318 0.0361772 0.0177411 0.0964657 0.335571 0.0590461 0.294741 -0.000666677 -0.166347
internal_weight=3.02734e+06 11726 3.01561e+06 2.92525e+06 95847 75178 65684 59786 22331 3011 19320 2673 2.8294e+06 5715
internal_count=3027339 11726 3015613 2925250 95847 75178 65684 59786 22331 3011 19320 2673 2829403 5715
is_linear=0
shrinkage=0.02


Tree=174
num_leaves=15
num_cat=0
split_feature=7 20 7 21 7 4 23 0 7 19 4 7 23 7
split_gain=427148 3.27618e+06 1.80233e+06 1.0585e+06 2.43576e+06 1.55244e+06 1.40827e+06 1.12191e+06 1.07833e+06 1.3815e+06 927067 1.72689e+06 925499 5.4211e+06
threshold=11203.090820312502 11199.758789062502 11240.761718750002 10976.944824218752 11006.505859375002 284.38999938964849 10976.772460937502 4044.5000000000005 10919.207031250002 10973.657714843752 -179.65499877929685 10925.662597656252 11353.098144531252 11346.758300781252
decision_type=2 2 2 2 2 2 2 2 2 2 2 2 2 2
left_child=3 2 -2 4 6 -6 7 10 -5 -10 11 -1 -3 -14
right_child=1 12 -4 8 5 -7 -8 -9 9 -11 -12 -13 13 -15
leaf_value=0.71788693003951565 -0.093701246147993342 -0.036431787443339546 -0.38935088223026254 0.67693350422139309 -0.35168941557513189 0.10839924902994995 -0.2753958988755717 0.052306639512135836 -0.7454918128925796 0.030195756287897082 -0.014539382860181381 -0.58822425608298146 0.47035125991051502 0.0027039457387709786
leaf_weight=1642 80155 240715 9186 1019 12841 3796 7414 136515 910 535625 478233 528 9971 1508789
leaf_count=1642 80155 240715 9186 1019 12841 3796 7414 136515 910 535625 478233 528 9971 1508789
internal_value=8.41524e-07 -0.0059972 -0.12414 0.0094103 -0.0079476 -0.24671 -0.00158126 0.00171377 0.0301073 0.0288662 -0.0126638 0.398837 2.41236e-06 0.00577725
internal_weight=3.02734e+06 1.84882e+06 89341 1.17852e+06 640969 16637 624332 616918 537554 536535 480403 2170 1.75948e+06 1.51876e+06
internal_count=3027339 1848816 89341 1178523 640969 16637 624332 616918 537554 536535 480403 2170 1759475 1518760
is_linear=0
shrinkage=0.02


Tree=175
num_leaves=15
num_cat=0
split_feature=7 19 4 7 24 7 4 7 24 24 9 21 24 21
split_gain=428124 2.32961e+06 1.88637e+06 1.80537e+06 2.46425e+06 2.06478e+06 2.55099e+06 1.95393e+06 3.02356e+06 1.88433e+06 1.65033e+06 1.64262e+06 1.55898e+06 1.41191e+06
threshold=12535.058593750002 12292.824218750002 -168.94499969482419 12223.541503906252 12182.593261718752 12194.770507812502 115.35499954223634 12043.893554687502 12037.662109375002 12216.741699218752 -0.44019870460033411 12074.601562500002 12205.034667968752 12212.514648437502
decision_type=2 2 2 2 2 2 2 2 2 2 2 2 2 2
left_child=1 3 -3 4 7 6 12 8 -1 10 -5 -9 -6 -11
right_child=-2 2 -4 9 5 -7 -8 11 -10 13 -12 -13 -14 -15
leaf_value=5.5678762731926929e-07 -0.023239963111407889 0.38181796263105361 0.067097471602153888 -1.2044088121060126 0.062263432424381822 0.025885073945691547 0.77575132085854592 -0.13377408970574908 0.16540631353478827 0.34768382725179287 -0.27549336808791569 -0.021443036284472528 0.34069304337122064 -0.080650305131819297
leaf_weight=2164955 286984 8164 112152 825 21076 56472 3004 75552 45117 3235 9331 167514 13005 59953
leaf_count=2164955 286984 8164 112152 825 21076 56472 3004 75552 45117 3235 9331 167514 13005 59953
internal_value=7.95617e-07 0.00243477 0.0884828 -0.001517 0.0013006 0.102036 0.217958 -0.00254161 0.00337794 -0.0993386 -0.352064 -0.056363 0.168579 -0.0586693
internal_weight=3.02734e+06 2.74036e+06 120316 2.62004e+06 2.5467e+06 93557 37085 2.45314e+06 2.21007e+06 73344 10156 243066 34081 63188
internal_count=3027339 2740355 120316 2620039 2546695 93557 37085 2453138 2210072 73344 10156 243066 34081 63188
is_linear=0
shrinkage=0.02


Tree=176
num_leaves=15
num_cat=0
split_feature=7 19 7 7 20 7 20 7 4 7 7 21 7 4
split_gain=418846 941455 2.60758e+06 614484 552810 2.36124e+06 2.07942e+06 1.84683e+06 1.54492e+06 2.69009e+06 1.38765e+06 1.37561e+06 1.26146e+06 1.13071e+06
threshold=10065.734863281252 10646.074707031252 10679.781738281252 10640.455566406252 10804.545898437502 10880.121582031252 10887.128906250002 10790.399414062502 -42.844999313354485 10759.808593750002 10889.665527343752 10878.187011718752 10869.183593750002 -197.13000488281247
decision_type=2 2 2 2 2 2 2 2 2 2 2 2 2 2
left_child=-1 -2 3 -3 7 11 -7 8 9 -4 -8 -6 -9 -13
right_child=1 2 4 -5 5 6 10 12 -10 -11 -12 13 -14 -15
leaf_value=0.11833198546277311 -0.08934475027687977 0.40758022920857995 0.52264566954439795 0.15681712068121245 0.062955734382596384 -0.12183345490581246 0.34800504119754783 -0.18656903278650575 -0.029276660877746989 0.019069228464761424 -0.00050069048185625675 0.68456064598436894 0.058584833625392907 0.19643355010647578
leaf_weight=11908 46921 4907 6017 19221 92228 57143 4568 40403 71722 14340 2631271 2192 10592 13906
leaf_count=11908 46921 4907 6017 19221 92228 57143 4568 40403 71722 14340 2631271 2192 10592 13906
internal_value=8.08238e-07 -0.000466868 0.000938247 0.207964 -0.00075894 0.0011996 -0.00248327 -0.0391036 0.0143726 0.168098 0.000104592 0.0927478 -0.135647 0.263285
internal_weight=3.02734e+06 3.01543e+06 2.96851e+06 24128 2.94438e+06 2.80131e+06 2.69298e+06 143074 92079 20357 2.63584e+06 108326 50995 16098
internal_count=3027339 3015431 2968510 24128 2944382 2801308 2692982 143074 92079 20357 2635839 108326 50995 16098
is_linear=0
shrinkage=0.02


Tree=177
num_leaves=15
num_cat=0
split_feature=5 19 23 20 20 19 5 0 17 16 19 20 0 20
split_gain=417386 402213 565460 1.25826e+06 1.09632e+06 807942 452501 889955 539263 552938 409928 535724 407132 564436
threshold=0.082499999552965178 13462.845214843752 12738.863281250002 12804.312011718752 12689.021972656252 12107.345703125002 -0.032499999739229672 1620.5000000000002 0.33213816583156591 -18.100000381469723 12951.521484375002 12689.021972656252 2850.5000000000005 10736.485351562502
decision_type=2 2 2 2 2 2 2 2 2 2 2 2 2 2
left_child=1 2 3 6 -4 -6 7 -1 -9 -10 12 -12 -8 -14
right_child=-2 -3 4 -5 5 -7 10 8 9 -11 11 -13 13 -15
leaf_value=0.018330602559552042 0.062512472116481088 -0.12144749480749857 0.77336342897449584 -0.250115000944163 0.24756283814399141 0.02437377112104425 -0.0046080835410037676 0.0028077339460595781 0.022783805182625336 -0.058029122354817018 0.41299102972256924 -0.078479982215448288 0.074665566333720582 0.0087473132714791721
leaf_weight=199761 42120 11017 823 8136 7105 73637 1315717 119878 38969 258402 2179 1487 55160 892948
leaf_count=199761 42120 11017 823 8136 7105 73637 1315717 119878 38969 258402 2179 1487 55160 892948
internal_value=9.34455e-07 -0.000881273 -0.00043426 -0.00189872 0.0514951 0.0440421 -0.00119773 -0.0163832 -0.0330027 -0.0474385 0.00293444 0.213964 0.00259175 0.0125831
internal_weight=3.02734e+06 2.98522e+06 2.9742e+06 2.89264e+06 81565 80742 2.8845e+06 617010 417249 297371 2.26749e+06 3666 2.26382e+06 948108
internal_count=3027339 2985219 2974202 2892637 81565 80742 2884501 617010 417249 297371 2267491 3666 2263825 948108
is_linear=0
shrinkage=0.02


Tree=178
num_leaves=15
num_cat=0
split_feature=4 20 23 25 4 19 0 19 9 9 0 19 19 20
split_gain=408282 407171 560315 422519 732079 1.06656e+06 590053 571879 479499 427012 653384 892286 618297 572355
threshold=284.38999938964849 12846.489746093752 12760.748046875002 0.086208455264568343 253.78499603271487 10966.589843750002 7400.5000000000009 10904.243164062502 0.67481940984725963 -0.72804987430572499 1130.5000000000002 12310.327148437502 10832.099121093752 10887.128906250002
decision_type=2 2 2 2 2 2 2 2 2 2 2 2 2 2
left_child=1 3 -3 6 8 7 9 -6 -5 10 -1 12 -12 -14
right_child=-2 2 -4 4 5 -7 -8 -9 -10 -11 11 -13 13 -15
leaf_value=-0.038917230307814625 0.12060156283695804 -0.15323565924819099 0.18767260363466898 -0.045754328816370426 -0.38932965708549155 -1.1407100011370508 -0.24465899821425932 0.64022195864327347 0.13693148988089918 -0.00047730709520900729 -0.13196337684566303 0.39908729083414329 0.31028435001596882 0.06590272922012165
leaf_weight=24919 11177 2424 9302 92723 671 581 3912 306 6117 2819496 5731 3373 4206 42401
leaf_count=24919 11177 2424 9302 92723 671 581 3912 306 6117 2819496 5731 3373 4206 42401
internal_value=9.91314e-07 -0.00044631 0.117128 -0.000905585 -0.0412411 -0.470015 0.000489021 -0.0636306 -0.0344354 0.000820552 0.0461992 0.0842715 0.0639099 0.088019
internal_weight=3.02734e+06 3.01616e+06 11726 3.00444e+06 100398 1558 2.90404e+06 977 98840 2.90013e+06 80630 55711 52338 46607
internal_count=3027339 3016162 11726 3004436 100398 1558 2904038 977 98840 2900126 80630 55711 52338 46607
is_linear=0
shrinkage=0.02


Tree=179
num_leaves=15
num_cat=0
split_feature=8 25 8 24 4 4 24 23 1 3 25 4 4 20
split_gain=399820 777646 681368 1.35769e+06 2.63498e+06 689253 629326 983798 690348 715861 604165 1.17163e+06 874176 634654
threshold=-0.95380857586860646 0.036945587024092681 -0.844174563884735 12190.638671875002 -143.60500335693357 -222.23500061035153 10909.731933593752 10881.010742187502 45.777591705322273 3.2152301073074345 0.019421698525547985 213.45500183105472 -113.6949996948242 12396.565429687502
decision_type=2 2 2 2 2 2 2 2 2 2 2 2 2 2
left_child=1 -1 3 5 -5 -2 7 8 -7 -10 11 -4 -12 -14
right_child=2 -3 10 4 -6 6 -8 -9 9 -11 12 -13 13 -15
leaf_value=0.0010702894664086917 -0.092995344289061435 -0.068493809377179679 -0.016777530241764191 0.56471392194043679 0.077808304346625154 -0.14323638684628454 0.043934870567166363 -0.15295026174865309 0.21558116205783256 -0.00054891368851723275 -0.036694069374107963 -1.1022437188388714 0.014517147758164706 -0.022337962724919724
leaf_weight=190130 21918 97100 656116 5081 35121 7389 164581 18495 9403 17575 181186 388 1407348 215508
leaf_count=190130 21918 97100 656116 5081 35121 7389 164581 18495 9403 17575 181186 388 1407348 215508
internal_value=9.52415e-07 -0.0224478 0.00235421 0.0319414 0.139472 0.0138759 0.0246523 -0.035379 0.0279189 0.074833 -0.00100755 -0.0174359 0.00497088 0.00962283
internal_weight=3.02734e+06 287230 2.74011e+06 279563 40202 239361 217443 52862 34367 26978 2.46055e+06 656504 1.80404e+06 1.62286e+06
internal_count=3027339 287230 2740109 279563 40202 239361 217443 52862 34367 26978 2460546 656504 1804042 1622856
is_linear=0
shrinkage=0.02


Tree=180
num_leaves=15
num_cat=0
split_feature=17 19 8 21 21 8 21 19 0 6 8 21 8 19
split_gain=411218 397200 1.37852e+06 526933 497343 448516 847785 1.05592e+06 847880 631768 628173 1.27868e+06 651409 989374
threshold=0.072292223572731032 13462.845214843752 0.82309290766716015 12688.229980468752 12773.829101562502 -0.95380857586860646 11349.949218750002 11351.640625000002 4482.5000000000009 108.55185699462892 -0.844174563884735 12040.240722656252 -0.90854626893997181 12341.337890625002
decision_type=2 2 2 2 2 2 2 2 2 2 2 2 2 2
left_child=-1 4 3 -3 5 6 9 -8 -9 -2 11 -7 -13 -14
right_child=1 2 -4 -5 -6 10 7 8 -10 -11 -12 12 13 -15
leaf_value=0.094549576285287651 0.0088479881327838059 0.25913682594239162 -0.66614402035459008 -0.10768815800403038 0.058978689435428548 0.0068091867066245792 -0.42318760448254111 -0.024858592062582952 -0.15591036916242335 0.17320897665474161 -0.0020561358792855859 0.075679129849165014 0.34258311503141964 -0.034121659938406559
leaf_weight=18279 43115 1994 1577 7164 55852 214806 2878 193942 21977 11937 2392517 47797 9573 3931
leaf_count=18279 43115 1994 1577 7164 55852 214806 2878 193942 21977 11937 2392517 47797 9573 3931
internal_value=8.85354e-07 -0.000573771 -0.121956 -0.0276205 -0.000138771 -0.0012611 -0.025636 -0.0432874 -0.0382042 0.044512 0.00124028 0.0298034 0.110363 0.232979
internal_weight=3.02734e+06 3.00906e+06 10735 9158 2.99832e+06 2.94247e+06 273849 218797 215919 55052 2.66862e+06 276107 61301 13504
internal_count=3027339 3009060 10735 9158 2998325 2942473 273849 218797 215919 55052 2668624 276107 61301 13504
is_linear=0
shrinkage=0.02


Tree=181
num_leaves=15
num_cat=0
split_feature=5 21 9 20 25 17 16 17 5 20 25 9 21 21
split_gain=398130 595910 570884 418118 405392 402848 379977 418572 393169 508359 425608 363512 341756 340563
threshold=0.062499998137354858 10862.582031250002 -0.67629325389862049 12846.489746093752 0.024799733422696594 0.74596279859542858 -22.100000381469723 0.25502470135688787 -0.032499999739229672 10081.102539062502 0.088395316153764739 0.4301296621561051 12785.703613281252 12838.442382812502
decision_type=2 2 2 2 2 2 2 2 2 2 2 2 2 2
left_child=3 -2 5 6 -4 -3 -1 -8 9 -9 13 -12 -5 -10
right_child=1 2 4 12 -6 -7 7 8 10 -11 11 -13 -14 -15
leaf_value=0.025815115837045481 -0.053123211624389148 0.10533387286417725 -0.029794169857417136 -0.14933078858373566 0.050918344639104003 0.52104611769799769 0.018726316276154665 -0.47156579695849554 -0.00049175064413590206 -0.021102706716408473 -0.079469099634754195 0.060195946288084765 0.16606199262898116 -0.23362165861760834
leaf_weight=180372 29247 33478 37484 1598 74053 950 284905 994 1778570 538276 46532 8868 9512 2500
leaf_count=180372 29247 33478 37484 1598 74053 950 284905 994 1778570 538276 46532 8868 9512 2500
internal_value=8.4162e-07 0.0292627 0.045773 -0.00179686 0.023793 0.116954 -0.00227594 -0.0041804 -0.00692751 -0.0219418 -0.00251855 -0.0571054 0.120602 -0.000820305
internal_weight=3.02734e+06 175212 145965 2.85213e+06 111537 34428 2.84102e+06 2.66064e+06 2.37574e+06 539270 1.83647e+06 55400 11110 1.78107e+06
internal_count=3027339 175212 145965 2852127 111537 34428 2841017 2660645 2375740 539270 1836470 55400 11110 1781070
is_linear=0
shrinkage=0.02


Tree=182
num_leaves=15
num_cat=0
split_feature=7 19 7 7 23 23 21 21 7 23 8 7 22 23
split_gain=408495 1.94685e+06 1.85524e+06 1.74379e+06 2.51638e+06 1.55486e+06 1.47835e+06 1.4338e+06 1.39516e+06 1.21178e+06 1.12732e+06 1.05442e+06 2.72105e+06 2.33141e+06
threshold=12539.944824218752 12292.824218750002 12279.564941406252 12238.857910156252 12225.526855468752 12225.526855468752 12228.966308593752 12572.442871093752 12194.770507812502 12172.963378906252 0.83204790949821483 12043.893554687502 12036.090820312502 12087.429687500002
decision_type=2 2 2 2 2 2 2 2 2 2 2 2 2 2
left_child=1 3 9 5 -5 11 -6 -2 -7 -3 -8 12 -1 -13
right_child=7 2 -4 4 6 8 10 -9 -10 -11 -12 13 -14 -15
leaf_value=0.00024151417215135553 -0.11262020337206044 -0.061662322179405579 0.047961507807573807 -0.54279110190717172 0.37557144940095299 0.40142571795822718 -0.17680121680463681 0.00010322986804354718 0.072691741512143679 0.353142579060508 0.085988256014170372 -0.11765253694829353 0.16216461706812349 6.0445144391751927e-05
leaf_weight=2167759 56921 3528 115088 5162 2729 5848 24792 217848 43671 13915 8856 96494 42313 222415
leaf_count=2167759 56921 3528 115088 5162 2729 5848 24792 217848 43671 13915 8856 96494 42313 222415
internal_value=8.18552e-07 0.00232203 0.0771054 -0.00146105 -0.129997 0.000610121 -0.071287 -0.0232517 0.111588 0.269256 -0.107631 -0.00156331 0.00334235 -0.0355591
internal_weight=3.02734e+06 2.75257e+06 132531 2.62004e+06 41539 2.5785e+06 36377 274769 49519 17443 33648 2.52898e+06 2.21007e+06 318909
internal_count=3027339 2752570 132531 2620039 41539 2578500 36377 274769 49519 17443 33648 2528981 2210072 318909
is_linear=0
shrinkage=0.02


Tree=183
num_leaves=15
num_cat=0
split_feature=0 4 17 19 8 23 20 20 19 4 4 1 8 20
split_gain=393489 437299 411187 381489 1.32431e+06 594833 1.18989e+06 1.04682e+06 744959 873430 739773 713388 511226 898012
threshold=8173.0000000000009 284.38999938964849 0.072292223572731032 13462.845214843752 0.82309290766716015 12738.863281250002 12804.312011718752 12689.021972656252 12074.169921875002 -22.494999885559078 132.79499816894534 52.411420822143562 -0.95380857586860646 11349.686035156252
decision_type=2 2 2 2 2 2 2 2 2 2 2 2 2 2
left_child=1 2 -1 5 -5 6 12 -7 9 11 -8 -9 13 -4
right_child=-2 -3 3 4 -6 7 10 8 -10 -11 -12 -13 -14 -15
leaf_value=0.095586783786118873 -0.11444688496791533 0.12711541461404399 0.043783111502281022 -0.027069471191118528 -0.65291151117662549 0.75913985222506242 -0.12565355583758184 -0.22511132390675193 0.027678537376495355 0.015244777171524936 -0.55334750623485196 0.59609191474262357 0.0016875359952537039 -0.046563564513388389
leaf_weight=17883 11959 10854 55769 9158 1577 820 5904 491 76420 3249 2223 2856 2619660 208516
leaf_count=17883 11959 10854 55769 9158 1577 820 5904 491 76420 3249 2223 2856 2619660 208516
internal_value=8.34937e-07 0.000455119 -2.86216e-06 -0.000575545 -0.119531 -0.000146029 -0.00166852 0.0523686 0.0452966 0.249062 -0.243181 0.475305 -0.000987085 -0.0274977
internal_weight=3.02734e+06 3.01538e+06 3.00453e+06 2.98664e+06 10735 2.97591e+06 2.89207e+06 83836 83016 6596 8127 3347 2.88394e+06 264285
internal_count=3027339 3015380 3004526 2986643 10735 2975908 2892072 83836 83016 6596 8127 3347 2883945 264285
is_linear=0
shrinkage=0.02


Tree=184
num_leaves=15
num_cat=0
split_feature=7 20 7 23 7 7 20 7 23 7 20 7 9 7
split_gain=400935 3.14044e+06 1.72487e+06 887825 5.20486e+06 1.99367e+06 4.00718e+06 1.76206e+06 1.04644e+06 872066 853839 2.9202e+06 1.67297e+06 1.59406e+06
threshold=11203.090820312502 11199.758789062502 11240.761718750002 11353.098144531252 11346.758300781252 11368.623535156252 11409.897949218752 11368.623535156252 11388.271972656252 11418.445800781252 10974.470214843752 11006.505859375002 -0.65761160850524891 10889.665527343752
decision_type=2 2 2 2 2 2 2 2 2 2 2 2 2 2
left_child=10 2 -2 7 -5 6 -6 -3 9 -7 11 -1 -13 -12
right_child=1 3 -4 4 5 8 -8 -9 -10 -11 13 12 -14 -15
leaf_value=0.000149432338946987 -0.091702265431289995 -0.017130449931783785 -0.38092858631505744 0.46093411211517277 0.070737166268025883 -0.071551465732638028 0.69783325007662866 -0.19397487536273847 0.001365717987866068 -0.37979421168609168 0.57612419444952723 0.10665074696347088 -0.38442381767691047 0.02521233892631173
leaf_weight=612986 80155 215556 9186 9971 42129 33872 4503 25159 1424176 4109 2099 3574 12343 547521
leaf_count=612986 80155 215556 9186 9971 42129 33872 4503 25159 1424176 4109 2099 3574 12343 547521
internal_value=8.1304e-07 -0.00581028 -0.12148 6.37342e-05 0.00571981 0.00270843 0.13143 -0.0356212 -0.00139768 -0.104991 0.00911699 -0.0067973 -0.274159 0.0273268
internal_weight=3.02734e+06 1.84882e+06 89341 1.75948e+06 1.51876e+06 1.50879e+06 46632 240715 1.46216e+06 37981 1.17852e+06 628903 15917 549620
internal_count=3027339 1848816 89341 1759475 1518760 1508789 46632 240715 1462157 37981 1178523 628903 15917 549620
is_linear=0
shrinkage=0.02


Tree=185
num_leaves=15
num_cat=0
split_feature=7 19 7 7 0 5 7 22 23 7 21 7 7 7
split_gain=397396 895462 2.49118e+06 586455 549879 458895 501296 2.28967e+06 628749 871818 609988 669363 971559 668019
threshold=10065.734863281252 10646.074707031252 10679.781738281252 10640.455566406252 8173.0000000000009 0.062499998137354858 12238.857910156252 12230.186035156252 10860.633789062502 11019.201171875002 10966.222167968752 10950.715332031252 10997.610839843752 11006.505859375002
decision_type=2 2 2 2 2 2 2 2 2 2 2 2 2 2
left_child=-1 -2 3 -3 5 -4 8 -8 -7 10 -10 -12 -13 -14
right_child=1 2 4 -5 -6 6 7 -9 9 -11 11 12 13 -15
leaf_value=0.1152620768751772 -0.087134432040828158 0.39827895321786877 -0.0021841762308391884 0.1533012999935611 -0.1500397546320115 -0.056604163471985353 -1.0114262869540702 -0.013681390694263667 0.07468468969932493 0.031950773795891327 0.56763340948286056 -0.036585321484996526 0.57982268159380101 0.17630728514914132
leaf_weight=11908 46921 4907 2767805 19221 9825 20921 956 19334 16917 95063 2269 4497 2783 4012
leaf_count=11908 46921 4907 2767805 19221 9825 20921 956 19334 16917 95063 2269 4497 2783 4012
internal_value=8.24497e-07 -0.000454719 0.000915644 0.203268 -0.000743232 -0.000242866 0.0319777 -0.061168 0.044885 0.0618012 0.154865 0.254758 0.191441 0.342186
internal_weight=3.02734e+06 3.01543e+06 2.96851e+06 24128 2.94438e+06 2.93456e+06 166752 20290 146462 125541 30478 13561 11292 6795
internal_count=3027339 3015431 2968510 24128 2944382 2934557 166752 20290 146462 125541 30478 13561 11292 6795
is_linear=0
shrinkage=0.02


Tree=186
num_leaves=15
num_cat=0
split_feature=7 20 24 7 7 9 7 9 7 21 7 24 7 24
split_gain=395113 1.98216e+06 1.71801e+06 2.93864e+06 2.45612e+06 1.47938e+06 1.16685e+06 761035 1.37831e+06 823832 1.01308e+06 724366 699078 641164
threshold=12544.754394531252 12557.668457031252 12258.833496093752 12249.082519531252 12238.857910156252 0.28987027704715734 12607.619628906252 -0.70459485054016102 12680.433105468752 12761.528320312502 12816.793945312502 12240.137695312502 12233.516601562502 12528.304199218752
decision_type=2 2 2 2 2 2 2 2 2 2 2 2 2 2
left_child=2 6 3 -1 5 12 -2 8 -3 10 -9 -5 -4 -6
right_child=1 7 4 11 13 -7 -8 9 -10 -11 -12 -13 -14 -15
leaf_value=-0.00070644823291394327 -0.14327550850641918 0.46034510652086097 0.10659348831576203 -0.69200978309604244 0.01202705347432584 0.58514824179781455 -0.65570670543983045 -0.034401803302088245 0.035008328140883706 0.044612612077080172 -0.46472004474979822 -0.26593569606977041 0.46705694199503361 0.10238843145926736
leaf_weight=2580871 28504 3729 11256 2242 113759 4726 1887 145134 16489 64924 2212 5570 2654 43382
leaf_count=2580871 28504 3729 11256 2242 113759 4726 1887 145134 16489 64924 2212 5570 2654 43382
internal_value=8.56854e-07 -0.0234295 0.00222899 -0.00187957 0.0627328 0.279761 -0.175299 -0.00357025 0.113647 -0.0147397 -0.0408931 -0.388947 0.175657 0.0369782
internal_weight=3.02734e+06 262879 2.76446e+06 2.58868e+06 175777 18636 30391 232488 20218 212270 147346 7812 13910 157141
internal_count=3027339 262879 2764460 2588683 175777 18636 30391 232488 20218 212270 147346 7812 13910 157141
is_linear=0
shrinkage=0.02


Tree=187
num_leaves=15
num_cat=0
split_feature=16 19 9 4 23 20 20 4 19 4 5 0 25 22
split_gain=378247 378380 631498 700329 475384 1.10164e+06 982876 694466 506395 644010 472016 864184 403433 523465
threshold=-23.100000381469723 13462.845214843752 -0.56790637969970692 27.98499965667725 12738.863281250002 12804.312011718752 12689.021972656252 131.08499908447268 12064.754882812502 -22.494999885559078 -0.032499999739229672 1620.5000000000002 0.088395316153764739 12254.410156250002
decision_type=2 2 2 2 2 2 2 2 2 2 2 2 2 2
left_child=-1 4 -3 -4 5 10 -6 -7 9 -8 11 -2 -12 -14
right_child=1 2 3 -5 6 7 8 -9 -10 -11 12 -13 13 -15
leaf_value=0.031734779287926139 0.017417265562109145 0.022821741618629775 -0.12379296758853951 -0.63864101002159535 0.74487177494321222 -0.11946632806873062 0.43817822456359862 -0.53949136226087491 0.02562505754571482 0.017390639695105369 0.0039426929053421279 -0.034419121258897928 -0.063104099692715673 0.12853451155653745
leaf_weight=143127 189638 5640 3329 1543 789 5375 2787 2222 73499 3034 2128208 399946 61932 6270
leaf_count=143127 189638 5640 3329 1543 789 5375 2787 2222 73499 3034 2128208 399946 61932 6270
internal_value=8.10432e-07 -0.00157406 -0.12129 -0.287828 -0.00113572 -0.00251329 0.0468978 -0.242867 0.0398618 0.219266 -0.00185701 -0.017746 0.00240815 -0.0454697
internal_weight=3.02734e+06 2.88421e+06 10512 4872 2.8737e+06 2.79359e+06 80109 7597 79320 5821 2.78599e+06 589584 2.19641e+06 68202
internal_count=3027339 2884212 10512 4872 2873700 2793591 80109 7597 79320 5821 2785994 589584 2196410 68202
is_linear=0
shrinkage=0.02


Tree=188
num_leaves=15
num_cat=0
split_feature=13 17 8 0 21 22 6 19 0 23 23 8 0 22
split_gain=373010 448152 397736 719548 690488 1.0213e+06 522208 467788 425887 399271 992873 1.43245e+06 1.07707e+06 1.41117e+06
threshold=-12.099999904632567 0.56659251451492321 -0.95380857586860646 2372.5000000000005 11349.949218750002 11352.343261718752 103.74929046630861 12261.636230468752 4637.5000000000009 11347.997070312502 11415.656250000002 0.92106926441192638 2091.5000000000005 11373.154785156252
decision_type=2 2 2 2 2 2 2 2 2 2 2 2 2 2
left_child=1 -1 3 -2 6 -6 -5 8 -7 -4 11 -11 -13 -14
right_child=2 -3 9 4 5 7 -8 -9 -10 10 -12 12 13 -15
leaf_value=0.0060755296445523027 0.0068725347545918374 0.050887874746420876 -0.0093657353356466737 -0.017392143608589917 -0.46003405756948712 -0.077838686345060623 0.21477576177272337 0.011660987686605903 -0.20967899842986357 0.01420213749388082 0.0015843448621196932 0.054123385327594954 0.11168347593151562 0.47334035391150631
leaf_weight=563558 112807 106059 1109819 15973 2849 59031 5106 19150 11750 64248 924517 15173 9017 8282
leaf_count=563558 112807 106059 1109819 15973 2849 59031 5106 19150 11750 64248 924517 15173 9017 8282
internal_value=7.88621e-07 0.0131739 -0.00374055 -0.0289275 -0.0643943 -0.0878686 0.0389205 -0.0760284 -0.0997516 -0.00106146 0.00796312 0.0689292 0.177172 0.285003
internal_weight=3.02734e+06 669617 2.35772e+06 226666 113859 92780 21079 89931 70781 2.13106e+06 1.02124e+06 96720 32472 17299
internal_count=3027339 669617 2357722 226666 113859 92780 21079 89931 70781 2131056 1021237 96720 32472 17299
is_linear=0
shrinkage=0.02


Tree=189
num_leaves=15
num_cat=0
split_feature=7 19 7 4 21 22 7 4 4 0 4 4 0 6
split_gain=391158 2.04741e+06 1.69719e+06 1.69326e+06 1.22233e+06 1.07336e+06 2.30501e+06 1.07019e+06 1.04036e+06 972826 953246 942598 832760 786431
threshold=12535.058593750002 12292.824218750002 12291.576660156252 -168.94499969482419 12572.442871093752 12254.410156250002 12249.082519531252 213.45500183105472 -156.56500244140622 2131.5000000000005 -1.0000000180025095e-35 -249.45500183105466 6408.5000000000009 66.45511627197267
decision_type=2 2 2 2 2 2 2 2 2 2 2 2 2 2
left_child=1 2 5 13 7 6 11 8 -2 -8 -4 -1 -7 -3
right_child=4 3 10 -5 -6 12 9 -9 -10 -11 -12 -13 -14 -15
leaf_value=-0.13141696313836468 -0.7148381240592202 0.092630613973960177 -0.52606084212758186 0.062734384095194121 0.00046103601409577707 0.095513290902001863 -0.10972239492109873 -0.60038765423514628 -0.074353676947151698 -0.56885863631865474 -0.099398721211832686 0.00032010886792275438 0.58120797876546337 0.50457820368509576
leaf_weight=21902 1021 2853 3662 112152 220459 27557 3482 1640 63864 3933 4890 2553134 1479 5311
leaf_count=21902 1021 2853 3662 112152 220459 27557 3482 1640 63864 3933 4890 2553134 1479 5311
internal_value=7.84669e-07 0.00232731 -0.00137739 0.0829955 -0.022214 -0.000455689 -0.00181552 -0.0973464 -0.0845409 -0.353694 -0.2825 -0.000800881 0.120445 0.36091
internal_weight=3.02734e+06 2.74036e+06 2.62004e+06 120316 286984 2.61149e+06 2.58245e+06 66525 64885 7415 8552 2.57504e+06 29036 8164
internal_count=3027339 2740355 2620039 120316 286984 2611487 2582451 66525 64885 7415 8552 2575036 29036 8164
is_linear=0
shrinkage=0.02


Tree=190
num_leaves=15
num_cat=0
split_feature=7 22 7 21 7 4 23 0 7 4 25 25 4 7
split_gain=389779 2.94068e+06 1.71198e+06 977743 2.22627e+06 1.38832e+06 1.36508e+06 1.04651e+06 1.01977e+06 1.64819e+06 1.22383e+06 980877 868992 1.83793e+06
threshold=11203.090820312502 11202.510742187502 11240.761718750002 10976.944824218752 11006.505859375002 284.38999938964849 10976.772460937502 4044.5000000000005 10947.744140625002 64.115001678466811 0.024033023044466976 0.072107497602701201 -168.94499969482419 10869.183593750002
decision_type=2 2 2 2 2 2 2 2 2 2 2 2 2 2
left_child=3 2 -2 4 6 11 7 12 9 -5 -11 -6 13 -1
right_child=1 -3 -4 8 5 -7 -8 -9 -10 10 -12 -13 -14 -15
leaf_value=0.78262263177081726 -0.08473400709575396 0.00024533949806116009 -0.36600196471909591 0.0022692053356510047 -0.26761050178443768 0.099862399842175084 -0.27118974831315551 0.050500299875217904 0.023266895373773921 0.9946399360928706 0.27617143844588293 -0.78917602001651799 -0.014604009921272516 -0.11697843418639135
leaf_weight=1665 88616 1750615 9585 11580 11190 3796 7414 136515 516130 1056 8788 1651 476758 1980
leaf_count=1665 88616 1750615 9585 11580 11190 3796 7414 136515 516130 1056 8788 1651 476758 1980
internal_value=6.70463e-07 -0.005729 -0.112222 0.00898912 -0.00769351 -0.235957 -0.0016071 0.00163701 0.028881 0.164056 0.354177 -0.335233 -0.0122491 0.294962
internal_weight=3.02734e+06 1.84882e+06 98201 1.17852e+06 640969 16637 624332 616918 537554 21424 9844 12841 480403 3645
internal_count=3027339 1848816 98201 1178523 640969 16637 624332 616918 537554 21424 9844 12841 480403 3645
is_linear=0
shrinkage=0.02


Tree=191
num_leaves=15
num_cat=0
split_feature=7 24 7 4 0 5 7 4 20 7 20 8 8 7
split_gain=379437 864096 2.27518e+06 614284 513316 434117 504906 2.65174e+06 1.86603e+06 2.17541e+06 1.8611e+06 1.72093e+06 1.60339e+06 1.62846e+06
threshold=10065.734863281252 10652.759277343752 10679.781738281252 59.594999313354499 8173.0000000000009 0.062499998137354858 10775.280273437502 -46.995000839233391 10804.545898437502 10880.121582031252 10887.128906250002 -0.89492630958557118 0.98362845182418834 10978.788574218752
decision_type=2 2 2 2 2 2 2 2 2 2 2 2 2 2
left_child=-1 -2 3 -3 5 6 7 -4 -8 -10 11 -11 13 -13
right_child=1 2 4 -5 -6 -7 8 -9 9 10 -12 12 -14 -15
leaf_value=0.11262749670313441 -0.085613746971975616 -0.060318904439875823 0.28920176537515591 0.23281700493207008 -0.14494089231232832 0.031151770805810268 -0.11061540043756045 -0.017967814154057946 0.092075155230083611 -0.28463018467186935 -0.0018834586307121782 0.06425680114624123 -0.45166266548048095 -0.33090576633458008
leaf_weight=11908 46898 3303 14674 21109 9825 166521 63397 47951 97112 17415 2492034 26832 3431 4929
leaf_count=11908 46898 3303 14674 21109 9825 166521 63397 47951 97112 17415 2492034 26832 3431 4929
internal_value=6.78132e-07 -0.000444453 0.000901361 0.193146 -0.000693331 -0.000209843 -0.0020968 0.0540411 -0.00339661 -0.000823152 -0.00436882 -0.122079 -0.041581 0.00284591
internal_weight=3.02734e+06 3.01543e+06 2.96853e+06 24412 2.94412e+06 2.9343e+06 2.76778e+06 62625 2.70515e+06 2.64175e+06 2.54464e+06 52607 35192 31761
internal_count=3027339 3015431 2968533 24412 2944121 2934296 2767775 62625 2705150 2641753 2544641 52607 35192 31761
is_linear=0
shrinkage=0.02


Tree=192
num_leaves=15
num_cat=0
split_feature=7 24 7 7 9 24 4 4 21 4 4 22 7 20
split_gain=375750 1.94179e+06 2.92383e+06 2.11466e+06 1.78678e+06 1.39962e+06 1.47855e+06 1.21861e+06 1.17377e+06 1.02826e+06 1.00103e+06 881328 1.47917e+06 2.12155e+06
threshold=12535.058593750002 12270.561035156252 12279.564941406252 12249.082519531252 -0.44019870460033411 12535.246093750002 -49.735000610351555 105.09499740600587 12572.442871093752 213.45500183105472 -153.3450012207031 12225.106445312502 12205.039550781252 12188.944335937502
decision_type=2 2 2 2 2 2 2 2 2 2 2 2 2 2
left_child=1 3 4 11 -3 -4 -7 -5 9 10 -2 12 13 -1
right_child=8 2 5 7 -6 6 -8 -9 -10 -11 -12 -13 -14 -15
leaf_value=-0.0024514048330665085 -0.66108586161315031 0.088925206427790698 -0.0042937157030630132 -0.18649282739358461 0.41465651703725309 0.42869373209183786 0.068304738021872535 -0.80746706948431979 0.0004477277670638587 -0.58848417993169844 -0.072161078643384544 0.082228526735783722 -0.11528954592318254 0.13519093154194706
leaf_weight=2444636 1166 12724 91622 11991 14321 6410 15681 1405 220459 1640 63719 50688 45258 45619
leaf_count=2444636 1166 12724 91622 11991 14321 6410 15681 1405 220459 1640 63719 50688 45258 45619
internal_value=6.20004e-07 0.00228086 0.0746292 -0.00163678 0.261498 0.0301658 0.173024 -0.252177 -0.0217722 -0.0953968 -0.0828448 -0.000338053 -0.00198898 7.05909e-05
internal_weight=3.02734e+06 2.74036e+06 140758 2.5996e+06 27045 113713 22091 13396 286984 66525 64885 2.5862e+06 2.53551e+06 2.49026e+06
internal_count=3027339 2740355 140758 2599597 27045 113713 22091 13396 286984 66525 64885 2586201 2535513 2490255
is_linear=0
shrinkage=0.02


Tree=193
num_leaves=15
num_cat=0
split_feature=17 4 20 23 21 9 21 23 9 20 4 0 4 0
split_gain=365174 374031 354338 502813 369683 521151 354956 875836 830635 766204 856731 494998 358865 337369
threshold=0.072292223572731032 284.38999938964849 12846.489746093752 12760.748046875002 12838.442382812502 0.75179949402809154 12761.528320312502 12773.843750000002 -0.56790637969970692 12795.735839843752 140.20500183105472 1111.5000000000002 9.0050001144409197 4878.5000000000009
decision_type=2 2 2 2 2 2 2 2 2 2 2 2 2 2
left_child=-1 2 4 -4 6 -6 7 9 12 -2 -11 -8 -9 -13
right_child=1 -3 3 -5 5 -7 11 8 -10 10 -12 13 -14 -15
leaf_value=0.089098796937852665 -0.0010420507135535024 0.11570528229835755 -0.1470667147942977 0.17603065159514686 -0.21743000966745957 0.486936325098284 -0.03886260692343154 0.084108054353511069 -0.62687483556178958 -0.065389238071310529 -0.6047747563904966 0.10971548461224813 -0.24211151601754932 -0.1122487106413504
leaf_weight=18279 2914581 11021 2424 9258 5284 447 17088 2288 1577 3651 1731 33473 3262 2975
leaf_count=18279 2914581 11021 2424 9258 5284 447 17088 2288 1577 3651 1731 33473 3262 2975
internal_value=5.26827e-07 -0.000541002 -0.000968723 0.108918 -0.00139895 -0.161736 -0.00109011 -0.0020236 -0.223309 -0.00148272 -0.239674 0.0499389 -0.107714 0.0915717
internal_weight=3.02734e+06 3.00906e+06 2.99804e+06 11682 2.98636e+06 5731 2.98063e+06 2.92709e+06 7127 2.91996e+06 5382 53536 5550 36448
internal_count=3027339 3009060 2998039 11682 2986357 5731 2980626 2927090 7127 2919963 5382 53536 5550 36448
is_linear=0
shrinkage=0.02


Tree=194
num_leaves=15
num_cat=0
split_feature=16 17 5 0 24 25 21 20 23 25 5 21 0 21
split_gain=354743 366742 429305 829736 421424 518033 402969 348726 322817 309185 310179 300666 283618 518737
threshold=-23.100000381469723 0.25502470135688787 -0.032499999739229672 1620.5000000000002 12737.893554687502 0.050538912415504463 12705.688476562502 10081.102539062502 12752.988281250002 0.088395316153764739 0.017499999608844522 12838.442382812502 1130.5000000000002 12761.528320312502
decision_type=2 2 2 2 2 2 2 2 2 2 2 2 2 2
left_child=-1 -2 3 -3 6 8 7 -5 -6 12 -11 -10 -4 -14
right_child=1 2 9 4 5 -7 -8 -9 11 10 -12 -13 13 -15
leaf_value=0.030732651283788243 0.01895717256254147 0.015827617701533941 -0.012062558554793752 -0.46678089955681379 0.48284213076270632 -0.077209464817599299 -0.22127505656104979 -0.037036081490651414 0.084418434537672837 0.0070542196992457529 -0.081692703949222678 0.62690738386518496 0.0042206356928580265 0.08867884276026311
leaf_weight=143127 311866 178374 459865 747 1256 4773 4852 355856 5082 27939 36102 435 1467398 29667
leaf_count=143127 311866 178374 459865 747 1256 4773 4852 355856 5082 27939 36102 435 1467398 29667
internal_value=4.50043e-07 -0.00152471 -0.00400796 -0.0196502 -0.0366162 0.0822809 -0.0404164 -0.0379494 0.194626 0.000259735 -0.0429799 0.128253 0.00167499 0.00589492
internal_weight=3.02734e+06 2.88421e+06 2.57235e+06 551375 373001 11546 361455 356603 6773 2.02097e+06 64041 5517 1.95693e+06 1.49706e+06
internal_count=3027339 2884212 2572346 551375 373001 11546 361455 356603 6773 2020971 64041 5517 1956930 1497065
is_linear=0
shrinkage=0.02


Tree=195
num_leaves=15
num_cat=0
split_feature=5 13 14 8 0 24 6 22 23 22 8 24 0 8
split_gain=352919 351894 566525 356260 672828 579375 557704 469968 380325 894625 1.60941e+06 1.50772e+06 934705 802256
threshold=0.082499999552965178 -10.499999999999998 0.63109514117240917 -0.95380857586860646 2292.5000000000005 11335.357910156252 103.74929046630861 12254.410156250002 11347.997070312502 11411.009277343752 0.92106926441192638 11388.288085937502 1387.5000000000002 -0.83435350656509388
decision_type=2 2 2 2 2 2 2 2 2 2 2 2 2 2
left_child=1 2 -1 4 -3 6 -6 -7 -5 10 -10 -12 -13 -11
right_child=-2 3 -4 8 5 7 -8 -9 9 13 11 12 -14 -15
leaf_value=0.00069886704322820491 0.05748207866736884 0.0074648190001595427 0.04002344915003745 -0.010587645151898327 -0.022425391577675188 -0.10445973549049364 0.23513269319135346 0.0083971046818457733 0.0073173896572524769 0.04996359049128446 0.11945336441636979 0.13604591848113035 0.67473943454400509 -0.0063086878848449589
leaf_weight=563748 42120 104493 197998 1039678 13798 76679 4436 18275 52643 116682 20781 1985 3694 770329
leaf_count=563748 42120 104493 197998 1039678 13798 76679 4436 18275 52643 116682 20781 1985 3694 770329
internal_value=4.71955e-07 -0.000810749 0.0109208 -0.00482993 -0.0291307 -0.0629128 0.0403272 -0.0827403 -0.00219252 0.00684184 0.0712847 0.198498 0.487022 0.00109412
internal_weight=3.02734e+06 2.98522e+06 761746 2.22347e+06 217681 113188 18234 94954 2.00579e+06 966114 79103 26460 5679 887011
internal_count=3027339 2985219 761746 2223473 217681 113188 18234 94954 2005792 966114 79103 26460 5679 887011
is_linear=0
shrinkage=0.02


Tree=196
num_leaves=15
num_cat=0
split_feature=7 19 7 21 21 7 23 4 7 4 19 6 21 7
split_gain=384191 2.89185e+06 1.19869e+06 982253 941331 2.14099e+06 1.34216e+06 1.31451e+06 977090 1.57882e+06 1.28669e+06 907927 952798 876012
threshold=11203.090820312502 11206.098144531252 11219.278320312502 12773.829101562502 10976.944824218752 11006.505859375002 10997.298339843752 284.38999938964849 10947.744140625002 64.115001678466811 10973.657714843752 110.03726196289064 11158.158691406252 11368.623535156252
decision_type=2 2 2 2 2 2 2 2 2 2 2 2 2 2
left_child=4 2 11 -4 5 6 -1 -7 9 -6 -10 12 -2 -3
right_child=1 13 3 -5 8 7 -8 -9 10 -11 -12 -13 -14 -15
leaf_value=-0.00028454311988464334 -0.1699065481353462 0.035844147262878531 -0.22607404791147059 0.13787187333736947 0.0024128389463667953 -0.32789421286168702 -0.72319063445221932 0.095480269683344873 -0.72434097965903899 0.34683541343155411 0.024280878718199186 -0.20499620797659288 0.011548381722789195 -0.0049097212350024634
leaf_weight=623313 14778 245946 34226 3241 11580 12841 1019 3796 910 9844 515220 13941 53270 1483414
leaf_count=623313 14778 245946 34226 3241 11580 12841 1019 3796 910 9844 515220 13941 53270 1483414
internal_value=5.421e-07 -0.00568791 -0.100856 -0.194563 0.00892432 -0.00744473 -0.00147603 -0.231294 0.0284423 0.160759 0.0229469 -0.0580151 -0.0278771 0.000886372
internal_weight=3.02734e+06 1.84882e+06 119456 37467 1.17852e+06 640969 624332 16637 537554 21424 516130 81989 68048 1.72936e+06
internal_count=3027339 1848816 119456 37467 1178523 640969 624332 16637 537554 21424 516130 81989 68048 1729360
is_linear=0
shrinkage=0.02


Tree=197
num_leaves=15
num_cat=0
split_feature=7 20 19 4 7 4 25 22 7 0 4 4 7 7
split_gain=370253 1.79646e+06 1.51192e+06 1.74621e+06 1.62198e+06 1.10873e+06 1.03807e+06 998754 2.13212e+06 914926 911099 880495 858266 973249
threshold=12544.754394531252 12557.668457031252 12292.824218750002 -168.94499969482419 12291.576660156252 213.45500183105472 0.077846381813287749 12254.410156250002 12249.082519531252 2131.5000000000005 -1.0000000180025095e-35 -249.45500183105466 12279.564941406252 12233.516601562502
decision_type=2 2 2 2 2 2 2 2 2 2 2 2 2 2
left_child=2 5 4 -4 7 6 -2 8 11 -10 -6 -1 13 -5
right_child=1 -3 3 12 10 -7 -8 -9 9 -11 -12 -13 -14 -15
leaf_value=-0.12699011473818458 -0.10495613258042229 -0.0037747458842944189 0.34908727499101433 -0.058543873274286631 -0.51425422751565908 -0.78241322550338599 -0.51201275290339465 0.11620954498239719 -0.10356058860941496 -0.54881218619253502 -0.097131050853274781 0.00033323992287654129 0.030804162352975683 0.30019495617342534
leaf_weight=21902 26513 232488 8164 4299 3662 1119 2759 29036 3482 3933 4890 2553134 121784 10174
leaf_count=21902 26513 232488 8164 4299 3662 1119 2759 29036 3482 3933 4890 2553134 121784 10174
internal_value=4.16887e-07 -0.0226808 0.00215731 0.0651532 -0.00131536 -0.167261 -0.143485 -0.000414312 -0.00172603 -0.340151 -0.276139 -0.000750192 0.0481164 0.193668
internal_weight=3.02734e+06 262879 2.76446e+06 144421 2.62004e+06 30391 29272 2.61149e+06 2.58245e+06 7415 8552 2.57504e+06 136257 14473
internal_count=3027339 262879 2764460 144421 2620039 30391 29272 2611487 2582451 7415 8552 2575036 136257 14473
is_linear=0
shrinkage=0.02


Tree=198
num_leaves=15
num_cat=0
split_feature=7 20 7 7 20 23 22 7 23 21 8 7 7 23
split_gain=369639 2.27237e+06 2.50153e+06 2.24162e+06 4.23188e+06 2.93937e+06 1.27614e+06 2.75985e+06 1.05873e+06 987005 2.19858e+06 2.12126e+06 2.05277e+06 1.28978e+06
threshold=11199.130371093752 11247.871582031252 11227.193847656252 11368.623535156252 11400.935058593752 11383.837402343752 11357.017578125002 11346.758300781252 11186.758300781252 10976.944824218752 -0.92210632562637318 11006.505859375002 11006.505859375002 10976.772460937502
decision_type=2 2 2 2 2 2 2 2 2 2 2 2 2 2
left_child=9 2 -2 4 6 -5 -3 -8 -4 12 11 -11 13 -1
right_child=1 3 8 5 -6 -7 7 -9 -10 10 -12 -13 -14 -15
leaf_value=0.0017081651636452612 -0.026006489227568479 0.016075852695856575 -0.37720942310265915 -0.15017620571360829 0.55237528590674478 0.00088246587036917975 0.48748021194813768 0.069617136814926858 -0.13941357573814275 0.79270375385809388 0.023924172727895585 0.15123960808052786 -0.22647804346871195 -0.26348693595353073
leaf_weight=616918 189127 110404 8770 53437 7065 1433186 7694 35281 51188 2715 478997 8506 16637 7414
leaf_count=616918 189127 110404 8770 53437 7065 1433186 7694 35281 51188 2715 478997 8506 16637 7414
internal_value=2.71914e-07 -0.00539754 -0.061697 0.00311692 0.0741366 -0.00454833 0.0520731 0.144525 -0.174253 0.00904833 0.0304103 0.307016 -0.00728962 -0.00144519
internal_weight=3.02734e+06 1.89615e+06 249085 1.64707e+06 160444 1.48662e+06 153379 42975 59958 1.13119e+06 490218 11221 640969 624332
internal_count=3027339 1896152 249085 1647067 160444 1486623 153379 42975 59958 1131187 490218 11221 640969 624332
is_linear=0
shrinkage=0.02


Tree=199
num_leaves=15
num_cat=0
split_feature=17 13 17 17 9 19 21 19 8 21 17 25 19 8
split_gain=344324 342862 934009 819052 641060 444159 399480 340938 808806 384891 304541 270687 256115 352938
threshold=0.072292223572731032 6.2999999523162851 0.56281241774559032 0.62830656766891491 0.085330490022897734 12402.195800781252 12761.528320312502 13462.845214843752 0.82309290766716015 12688.229980468752 0.70698785781860363 0.063056781888008132 12180.612792968752 0.99591365456581127
decision_type=2 2 2 2 2 2 2 2 2 2 2 2 2 2
left_child=-1 3 6 7 11 12 -3 -2 9 -9 -6 -4 -5 -14
right_child=1 2 4 5 10 -7 -8 8 -10 -11 -12 -13 13 -15
leaf_value=0.086517638249541964 0.0016477479942157839 -0.0047751194136812364 -0.0099680630839422656 0.065757879032420696 -0.092966311528753579 -0.020070813984410379 0.080755255545536572 0.2593099328150254 -0.61370122690144757 -0.13149997738005995 -0.21969972158897919 -0.11894510131726101 0.12884223269748823 0.54620937592947738
leaf_weight=18279 1791331 937788 66828 93799 39444 25627 22354 1309 1181 4267 9393 10548 4193 998
leaf_count=18279 1791331 937788 66828 93799 39444 25627 22354 1309 1181 4267 9393 10548 4193 998
internal_value=3.2709e-07 -0.000525515 -0.00950688 0.00454909 -0.0606534 0.0541315 -0.00278296 0.00111248 -0.140581 -0.0394514 -0.117382 -0.0248377 0.0733417 0.209983
internal_weight=3.02734e+06 3.00906e+06 1.08636e+06 1.9227e+06 126213 124617 960142 1.79809e+06 6757 5576 48837 77376 98990 5191
internal_count=3027339 3009060 1086355 1922705 126213 124617 960142 1798088 6757 5576 48837 77376 98990 5191
is_linear=0
shrinkage=0.02


Tree=200
num_leaves=15
num_cat=0
split_feature=5 19 9 21 24 19 8 21 23 24 23 9 8 19
split_gain=338390 350203 405375 358944 421101 320569 1.14328e+06 478825 441431 913859 743412 1.22829e+06 707237 641942
threshold=0.082499999552965178 10816.355957031252 -0.67629325389862049 10962.941894531252 11018.407226562502 13462.845214843752 0.82309290766716015 12688.229980468752 12738.863281250002 12709.020507812502 12677.269531250002 -0.6497569978237151 0.89789968729019176 12097.700195312502
decision_type=2 2 2 2 2 2 2 2 2 2 2 2 2 2
left_child=5 -2 3 -3 -5 8 7 -7 9 10 -1 -12 -13 -10
right_child=1 2 -4 4 -6 6 -8 -9 13 -11 11 12 -14 -15
leaf_value=-0.0013657640350421146 -0.078367997186004332 0.020776500056287707 0.036826058492902755 0.41762517266523252 0.10881347460232357 0.24364344597851595 -0.60511263525854064 -0.10027941958356032 0.22881580654838607 -0.10252260076422527 0.43263393272372141 0.0067375721777775868 0.40958952241008012 0.028312576853996244
leaf_weight=2833591 6521 3577 24944 3608 3470 2064 1577 7376 6976 35501 3952 17669 1924 74589
leaf_count=2833591 6521 3577 24944 3608 3470 2064 1577 7376 6976 35501 3952 17669 1924 74589
internal_value=3.17492e-07 0.0562863 0.0809678 0.184173 0.2666 -0.000794029 -0.10843 -0.0249024 -0.000394954 -0.00168887 -0.000435615 0.111458 0.0464867 0.0454872
internal_weight=3.02734e+06 42120 35599 10655 7078 2.98522e+06 11017 9440 2.9742e+06 2.89264e+06 2.85714e+06 23545 19593 81565
internal_count=3027339 42120 35599 10655 7078 2985219 11017 9440 2974202 2892637 2857136 23545 19593 81565
is_linear=0
shrinkage=0.02


Tree=201
num_leaves=15
num_cat=0
split_feature=4 25 20 23 21 8 25 4 0 1 21 24 4 20
split_gain=337883 381815 321917 472173 364223 457256 340826 757864 554823 428656 365667 768929 782607 746104
threshold=284.38999938964849 0.039198905229568488 12846.489746093752 12760.748046875002 12838.442382812502 -0.65938973426818837 0.088395316153764739 238.91999816894534 7400.5000000000009 65.575256347656264 12761.528320312502 12787.393554687502 9.0050001144409197 12795.735839843752
decision_type=2 2 2 2 2 2 2 2 2 2 2 2 2 2
left_child=2 -2 4 -4 6 -6 8 -8 10 -9 11 13 -13 -1
right_child=1 -3 3 -5 5 -7 7 9 -10 -11 -12 12 -14 -15
leaf_value=0.00098120739581501314 -0.22130707953338369 0.15086485158084631 -0.14404445632017321 0.16889719433235725 -0.21345216514743151 0.43050645456274517 -0.026588319564115594 -0.70138334132110791 -0.22561032929125485 -0.19800456629949545 0.053356764924059677 0.079302177554198425 -0.36030820532749747 -0.24949246315626139
leaf_weight=2841508 1231 9946 2424 9302 5268 472 84704 867 4318 3028 52393 2480 4643 4755
leaf_count=2841508 1231 9946 2424 9302 5268 472 84704 867 4318 3028 52393 2480 4643 4755
internal_value=3.80776e-07 0.109712 -0.000406534 0.104137 -0.000814906 -0.159839 -0.000509969 -0.0391506 0.000666583 -0.311567 0.00100361 4.21306e-05 -0.207351 0.000561881
internal_weight=3.02734e+06 11177 3.01616e+06 11726 3.00444e+06 5740 2.9987e+06 88599 2.9101e+06 3895 2.90578e+06 2.85339e+06 7123 2.84626e+06
internal_count=3027339 11177 3016162 11726 3004436 5740 2998696 88599 2910097 3895 2905779 2853386 7123 2846263
is_linear=0
shrinkage=0.02


Tree=202
num_leaves=15
num_cat=0
split_feature=7 23 23 19 7 20 4 20 19 19 23 4 7 7
split_gain=367547 454295 431344 1.38622e+06 1.17917e+06 1.0245e+06 875572 890777 1.65691e+06 779587 727065 652806 574904 567873
threshold=12805.279296875002 12752.988281250002 12738.863281250002 12951.521484375002 12767.550292968752 12804.312011718752 -23.954999923706051 12795.735839843752 11869.722656250002 12728.486816406252 12773.843750000002 131.08499908447268 12785.869140625002 12544.754394531252
decision_type=2 2 2 2 2 2 2 2 2 2 2 2 2 2
left_child=2 -2 5 6 -5 13 7 9 -9 -4 12 -7 -8 -1
right_child=1 -3 3 4 -6 11 10 8 -10 -11 -12 -13 -14 -15
leaf_value=0.0021255038060210684 -0.23160024916313776 -0.028537871440714204 0.60704820463914833 0.037362960426637851 -0.32038529184029885 -0.11289750294450789 0.023796637366733559 0.47944357893211276 -0.15713419575979182 0.21847547230227282 0.15218151878085018 -0.51226263543793127 -0.20021255216420014 -0.037126156291670716
leaf_weight=2764460 5823 18042 2546 8113 6740 5871 19331 2284 5688 10905 13546 2265 5996 155729
leaf_count=2764460 5823 18042 2546 8113 6740 5871 19331 2284 5688 10905 13546 2265 5996 155729
internal_value=2.76413e-07 -0.0781617 0.0006216 0.0479311 -0.125081 -0.000592646 0.090564 0.193197 0.0256168 0.292422 0.0339672 -0.224573 -0.0292934 3.21489e-05
internal_weight=3.02734e+06 23865 3.00347e+06 75149 14853 2.92832e+06 60296 21423 7972 13451 38873 8136 25327 2.92019e+06
internal_count=3027339 23865 3003474 75149 14853 2928325 60296 21423 7972 13451 38873 8136 25327 2920189
is_linear=0
shrinkage=0.02


Tree=203
num_leaves=15
num_cat=0
split_feature=7 19 7 7 20 7 20 7 8 8 7 7 21 7
split_gain=365467 818790 2.30045e+06 554105 495745 2.15257e+06 1.89947e+06 1.72208e+06 1.64439e+06 1.74788e+06 1.492e+06 1.45594e+06 1.30271e+06 1.26071e+06
threshold=10065.734863281252 10646.074707031252 10679.781738281252 10640.455566406252 10804.545898437502 10880.121582031252 10887.128906250002 10794.216308593752 -0.89492630958557118 0.98362845182418834 10978.788574218752 10825.204589843752 10878.187011718752 10889.665527343752
decision_type=2 2 2 2 2 2 2 2 2 2 2 2 2 2
left_child=-1 -2 3 -3 7 12 8 -4 -7 10 -10 -9 -6 -8
right_child=1 2 4 -5 5 6 13 11 9 -11 -12 -13 -14 -15
leaf_value=0.11053430828232903 -0.083322401529397641 0.38487858368658551 0.008122875321209061 0.14675824378270799 0.059552076508238044 -0.27843892903719769 0.33169724458386796 -0.21840853220456619 0.050254786819938481 -0.44509695095135321 -0.32412759272283231 0.039299833442136521 0.25449998387792061 -0.00048556215910211086
leaf_weight=11908 46921 4907 100512 19221 92228 17415 4568 30213 30867 3932 4929 12349 16098 2631271
leaf_count=11908 46921 4907 100512 19221 92228 17415 4568 30213 30867 3932 4929 12349 16098 2631271
internal_value=2.65353e-07 -0.000436594 0.000873789 0.195326 -0.000720317 0.00113438 -0.00238199 -0.037032 -0.116451 -0.0453903 -0.00137209 -0.143645 0.0885437 9.13708e-05
internal_weight=3.02734e+06 3.01543e+06 2.96851e+06 24128 2.94438e+06 2.80131e+06 2.69298e+06 143074 57143 39728 35796 42562 108326 2.63584e+06
internal_count=3027339 3015431 2968510 24128 2944382 2801308 2692982 143074 57143 39728 35796 42562 108326 2635839
is_linear=0
shrinkage=0.02


Tree=204
num_leaves=15
num_cat=0
split_feature=7 20 7 20 19 8 8 7 7 21 7 4 8 4
split_gain=354780 1.89748e+06 1.97674e+06 1.82499e+06 1.62976e+06 1.57926e+06 1.67882e+06 1.52874e+06 1.43302e+06 1.27913e+06 1.21075e+06 1.13293e+06 1.12648e+06 1.07229e+06
threshold=10775.280273437502 10804.545898437502 10880.121582031252 10887.128906250002 10760.094726562502 -0.89492630958557118 0.98362845182418834 10759.808593750002 10978.788574218752 10878.187011718752 10889.665527343752 -65.215000152587876 -0.96664980053901661 -197.13000488281247
decision_type=2 2 2 2 2 2 2 2 2 2 2 2 2 2
left_child=4 11 9 5 -1 12 8 -6 -7 -3 -5 -2 -4 -11
right_child=1 2 3 10 7 6 -8 -9 -10 13 -12 -13 -14 -15
leaf_value=0.0024438646761106527 -0.29180863564545267 0.056147077315098659 -0.03296712291742239 0.32507779157364558 0.43265120591919415 0.049250016601812593 -0.43621759620582562 0.076632277485137984 -0.31765816764132554 0.65964872600163904 -0.00045658151211579699 -0.069478690648802161 -0.38069329117257961 0.18431880110725832
leaf_weight=130108 10744 91645 5404 4568 6963 30867 3932 15677 4929 2192 2632145 62248 12011 13906
leaf_count=130108 10744 91645 5404 4568 6963 30867 3932 15677 4929 2192 2632145 62248 12011 13906
internal_value=2.6266e-07 -0.00157804 0.00104493 -0.00231497 0.0297008 -0.114126 -0.0444862 0.186271 -0.00134617 0.0850438 0.000108617 -0.10224 -0.272873 0.249413
internal_weight=3.02734e+06 2.87459e+06 2.8016e+06 2.69386e+06 152748 57143 39728 22640 35796 107743 2.63671e+06 72992 17415 16098
internal_count=3027339 2874591 2801599 2693856 152748 57143 39728 22640 35796 107743 2636713 72992 17415 16098
is_linear=0
shrinkage=0.02


Tree=205
num_leaves=15
num_cat=0
split_feature=7 22 7 19 7 19 25 4 19 7 4 22 19 7
split_gain=352839 439065 396272 347603 1.14732e+06 610088 755652 711714 544564 460217 1.53988e+06 1.71332e+06 1.45432e+06 1.68476e+06
threshold=12805.279296875002 12754.311523437502 12816.793945312502 13462.845214843752 12767.550292968752 12772.923339843752 0.013540516141802074 23.505000114440922 12808.767089843752 12544.754394531252 102.36500167846681 12662.536132812502 12292.824218750002 12279.564941406252
decision_type=2 2 2 2 2 2 2 2 2 2 2 2 2 2
left_child=3 2 -2 5 -5 9 8 -8 -7 12 11 -11 -1 -14
right_child=1 -3 -4 4 -6 6 7 -9 -10 10 -12 -13 13 -15
leaf_value=-0.0013251881707972391 -0.10420532282286873 -0.026873729520339753 -0.44466771513293973 0.05536976435430957 -0.37861184299288253 0.16030275498498608 -0.039922299489585644 0.15246127540364574 0.58827676621951419 -0.069792600937277877 -0.13300767497022109 0.066578675137486137 0.24811340656528799 0.038536985790317412
leaf_weight=2620039 3881 17875 2109 6167 4016 3674 17591 13654 1757 70811 44525 76819 17443 126978
leaf_count=2620039 3881 17875 2109 6167 4016 3674 17591 13654 1757 70811 44525 76819 17443 126978
internal_value=2.74399e-07 -0.0765818 -0.224622 0.00060904 -0.115987 0.00100608 0.0820645 0.0441702 0.299588 2.95787e-07 -0.029928 0.00116751 0.00208069 0.0638649
internal_weight=3.02734e+06 23865 5990 3.00347e+06 10183 2.99329e+06 36676 31245 5431 2.95662e+06 192155 147630 2.76446e+06 144421
internal_count=3027339 23865 5990 3003474 10183 2993291 36676 31245 5431 2956615 192155 147630 2764460 144421
is_linear=0
shrinkage=0.02


Tree=206
num_leaves=15
num_cat=0
split_feature=7 19 7 21 21 7 24 7 19 5 7 7 24 23
split_gain=354201 2.70764e+06 1.11057e+06 914376 870387 1.96831e+06 1.27394e+06 925516 1.23564e+06 1.17422e+06 853934 818498 4.45865e+06 2.81012e+06
threshold=11203.090820312502 11206.098144531252 11219.278320312502 12773.829101562502 10976.944824218752 11006.505859375002 10992.633300781252 10947.744140625002 10973.657714843752 0.047500001266598708 11002.349121093752 11368.623535156252 11368.294921875002 11383.837402343752
decision_type=2 2 2 2 2 2 2 2 2 2 2 2 2 2
left_child=4 2 -2 -4 5 6 10 9 -9 -6 -1 12 -3 -13
right_child=1 11 3 -5 7 -7 -8 8 -10 -11 -12 13 -14 -15
leaf_value=-0.0017297844551801219 -0.05631249413609031 0.00033716989330302038 -0.21814870002585676 0.13299706962999353 0.090671670397541967 -0.22180372708982871 -0.77067834881849073 -0.71032486996443378 0.02329562955626972 0.49128817354229121 0.40773322568597636 -0.14613866203564377 0.24576635392794088 0.00065465633977973765
leaf_weight=621448 81989 211529 34226 3241 17935 16637 850 910 515220 3489 2034 54130 34417 1429284
leaf_count=621448 81989 211529 34226 3241 17935 16637 850 910 515220 3489 2034 54130 34417 1429284
internal_value=2.7599e-07 -0.00546164 -0.0975485 -0.187746 0.00856868 -0.00717145 -0.00144851 0.0273367 0.0219884 0.156114 -0.000387433 0.000899803 0.0346905 -0.00470279
internal_weight=3.02734e+06 1.84882e+06 119456 37467 1.17852e+06 640969 624332 537554 516130 21424 623482 1.72936e+06 245946 1.48341e+06
internal_count=3027339 1848816 119456 37467 1178523 640969 624332 537554 516130 21424 623482 1729360 245946 1483414
is_linear=0
shrinkage=0.02


Tree=207
num_leaves=15
num_cat=0
split_feature=4 17 16 17 17 4 20 19 22 4 4 19 20 9
split_gain=330118 340501 308062 382210 326316 566032 425769 605508 842309 609994 603629 556568 495892 624847
threshold=284.38999938964849 0.10326559469103815 -20.100000381469723 0.45416918396949774 0.32099780440330511 -94.514999389648423 11414.768554687502 11938.380859375002 12048.484375000002 -168.94499969482419 -234.370002746582 12044.764648437502 12203.833007812502 0.53606674075126659
decision_type=2 2 2 2 2 2 2 2 2 2 2 2 2 2
left_child=1 -1 3 -3 -4 6 -6 10 11 -10 -8 -9 -11 -14
right_child=-2 2 4 -5 5 -7 7 8 9 12 -12 -13 13 -15
leaf_value=0.066674438065342609 0.10844385049867712 -0.00095933085414037832 0.0084817997073739024 0.044689546290473746 -0.049122919408671452 -0.0024876844904048886 -0.20792267537493975 -0.10139169131245486 0.095760423363859801 0.051370585691663292 0.073567003292219102 -0.39027027021787514 -0.0043209453153494164 -0.15681010491035
leaf_weight=29961 11177 175858 702643 125875 204117 1638456 3263 9943 17430 17501 44238 3642 23262 19973
leaf_count=29961 11177 175858 702643 125875 204117 1638456 3263 9943 17430 17501 44238 3642 23262 19973
internal_value=2.22081e-07 -0.000401989 -0.0010752 0.018085 -0.00322886 -0.00738084 -0.0307287 -0.00376454 -0.0337716 -0.00849956 0.0541904 -0.179069 -0.0384312 -0.0747858
internal_weight=3.02734e+06 3.01616e+06 2.9862e+06 301733 2.68447e+06 1.98182e+06 343369 139252 91751 78166 47501 13585 60736 43235
internal_count=3027339 3016162 2986201 301733 2684468 1981825 343369 139252 91751 78166 47501 13585 60736 43235
is_linear=0
shrinkage=0.02


Tree=208
num_leaves=15
num_cat=0
split_feature=0 8 21 0 21 9 8 21 25 19 22 25 19 20
split_gain=319398 331280 680518 886702 784804 831606 640126 1.19572e+06 715103 1.20873e+06 693600 614972 870743 939119
threshold=8173.0000000000009 -0.95380857586860646 11311.797363281252 2333.5000000000005 10999.363769531252 0.20284801721572879 -0.844174563884735 12040.240722656252 0.075888738036155715 12246.272949218752 12048.484375000002 0.023448563180863861 12525.206542968752 12177.085937500002
decision_type=2 2 2 2 2 2 2 2 2 2 2 2 2 2
left_child=1 2 4 -4 -1 -6 7 -3 10 -10 -9 -8 13 -13
right_child=-2 6 3 -5 5 -7 11 8 9 -11 -12 12 -14 -15
leaf_value=-0.0045420529663254029 -0.10311121398872912 0.0093402341538003988 0.0053623523324893623 -0.070552766057202856 0.10807113759334547 0.52213163412044827 -0.014293567890512796 0.36389441690641883 -0.15964288717022615 0.51349919194028804 0.070159502981708116 0.005578916429023844 -0.039171884052883348 0.055833927119464444
leaf_weight=27960 11959 216834 123084 123076 10750 2360 862685 3418 1462 3900 52127 1269273 149979 168472
leaf_count=27960 11959 216834 123084 123076 10750 2360 862685 3418 1462 3900 52127 1269273 149979 168472
internal_value=1.86712e-07 0.000409474 -0.0200205 -0.0325952 0.0553373 0.182951 0.00256049 0.0313358 0.109627 0.330001 0.0882973 -0.00070114 0.0066843 0.0114681
internal_weight=3.02734e+06 3.01538e+06 287230 246160 41070 13110 2.72815e+06 277741 60907 5362 55545 2.45041e+06 1.58772e+06 1.43774e+06
internal_count=3027339 3015380 287230 246160 41070 13110 2728150 277741 60907 5362 55545 2450409 1587724 1437745
is_linear=0
shrinkage=0.02


Tree=209
num_leaves=15
num_cat=0
split_feature=7 24 7 0 24 7 7 19 7 7 24 8 0 19
split_gain=350482 793896 2.09697e+06 471119 452195 1.98494e+06 1.60234e+06 1.55353e+06 2.1878e+06 1.45906e+06 1.38828e+06 1.26036e+06 1.25735e+06 1.15911e+06
threshold=10065.734863281252 10652.759277343752 10679.781738281252 1993.5000000000002 10804.111328125002 10869.183593750002 10794.216308593752 10913.085937500002 10919.207031250002 10825.204589843752 10879.510253906252 0.73413100838661205 5918.5000000000009 10944.996093750002
decision_type=2 2 2 2 2 2 2 2 2 2 2 2 2 2
left_child=-1 -2 3 -3 6 10 12 -7 11 -8 -6 -9 -4 -13
right_child=1 2 4 -5 5 7 9 8 -10 -11 -12 13 -14 -15
leaf_value=0.10824447396232127 -0.08206394972025681 -0.064817961969854246 0.027836666727862714 0.21623624682549147 0.064374683425312579 -0.071922041230763123 -0.21513502022658185 0.082460653269715356 -0.00033629857655034611 0.041521376967533705 0.31247748084640387 0.098436584241134689 -0.25092303590692733 0.61774803208721263
leaf_weight=11908 46898 2675 92525 21737 86093 121651 29692 10768 2566425 12622 10069 2761 6949 4566
leaf_count=11908 46898 2675 92525 21737 86093 121651 29692 10768 2566425 12622 10069 2761 6949 4566
internal_value=2.66643e-07 -0.000427543 0.000862445 0.185424 -0.000668519 0.00109462 -0.0355134 -0.00207851 0.00120922 -0.138584 0.0903832 0.220292 0.00833976 0.422462
internal_weight=3.02734e+06 3.01543e+06 2.96853e+06 24412 2.94412e+06 2.80233e+06 141788 2.70617e+06 2.58452e+06 42314 96162 18095 99474 7327
internal_count=3027339 3015431 2968533 24412 2944121 2802333 141788 2706171 2584520 42314 96162 18095 99474 7327
is_linear=0
shrinkage=0.02


Tree=210
num_leaves=15
num_cat=0
split_feature=4 17 21 24 4 0 24 8 1 21 21 4 24 8
split_gain=316501 329300 278396 725863 694320 432062 406163 451254 727324 537532 401188 873738 750251 1.13196e+06
threshold=284.38999938964849 0.072292223572731032 12761.528320312502 12787.393554687502 9.0050001144409197 1111.5000000000002 12771.544921875002 0.83815535902977001 78.065124511718764 12838.442382812502 12732.083007812502 129.36499786376956 12675.733398437502 -0.80862879753112782
decision_type=2 2 2 2 2 2 2 2 2 2 2 2 2 2
left_child=1 -1 3 10 -5 -4 7 8 9 -7 12 -12 -3 -14
right_child=-2 2 5 4 -6 6 -8 -9 -10 -11 11 -13 13 -15
leaf_value=0.08457961817784565 0.10618374978790211 -0.0015654522176077759 -0.043066818134131796 0.081054661747429271 -0.34279954252198719 0.055334581594015629 0.12498244735001239 -0.17893162718982666 0.19691197389738804 -0.20580794555195986 -0.011688198562673852 -0.21786203748950783 -0.10255977481383013 0.15788004904324968
leaf_weight=18123 11177 2839707 19017 2288 4735 8506 25576 4125 8243 4997 35000 10737 8954 26154
leaf_count=18123 11177 2839707 19017 2288 4735 8506 25576 4125 8243 4997 35000 10737 8954 26154
internal_value=3.19974e-07 -0.000393508 -0.000907454 -0.00185304 -0.204792 0.0383734 0.0684801 0.0125946 0.0489917 -0.0413847 -0.00136433 -0.0601261 -0.000429248 0.0914462
internal_weight=3.02734e+06 3.01616e+06 2.99804e+06 2.92758e+06 7023 70464 51447 25871 21746 13503 2.92055e+06 45737 2.87482e+06 35108
internal_count=3027339 3016162 2998039 2927575 7023 70464 51447 25871 21746 13503 2920552 45737 2874815 35108
is_linear=0
shrinkage=0.02


Tree=211
num_leaves=15
num_cat=0
split_feature=4 25 17 8 23 0 23 9 8 23 4 23 23 4
split_gain=303979 371726 316267 272836 651576 847427 737754 814235 578080 955723 2.00445e+06 614141 1.08111e+06 580667
threshold=284.38999938964849 0.039198905229568488 0.072292223572731032 -0.95380857586860646 11310.994140625002 2333.5000000000005 10997.298339843752 0.20284801721572879 -0.844174563884735 12186.253417968752 -143.60500335693357 12549.391601562502 12567.304199218752 -222.23500061035153
decision_type=2 2 2 2 2 2 2 2 2 2 2 2 2 2
left_child=2 -2 -1 4 6 -6 -4 -8 9 13 -11 -12 -13 -5
right_child=1 -3 3 8 5 -7 7 -9 -10 10 11 12 -14 -15
leaf_value=0.082888958366009777 -0.22254088572856479 0.14467000149870962 -0.0041514567111943087 -0.084886307385412765 0.0053797487666178787 -0.068908113069699239 0.10405004242744158 0.51420288079511534 -0.0020381741607593115 0.50145229764414201 0.024100193231338038 0.43898422324663117 -0.054290236611410241 0.023172609754983843
leaf_weight=18123 1231 9946 27943 21917 122788 122888 10912 2346 2434794 4806 28106 4189 3078 214272
leaf_count=18123 1231 9946 27943 21917 122788 122888 10912 2346 2434794 4806 28106 4189 3078 214272
internal_value=2.9368e-07 0.104062 -0.000385665 -0.000889338 -0.0194368 -0.0317805 0.0541567 0.176961 0.00107328 0.0284843 0.118646 0.0665079 0.230263 0.0131421
internal_weight=3.02734e+06 11177 3.01616e+06 2.99804e+06 286877 245676 41201 13258 2.71116e+06 276368 40179 35373 7267 236189
internal_count=3027339 11177 3016162 2998039 286877 245676 41201 13258 2711162 276368 40179 35373 7267 236189
is_linear=0
shrinkage=0.02


Tree=212
num_leaves=15
num_cat=0
split_feature=4 20 23 21 8 23 8 20 22 4 8 21 4 23
split_gain=291932 285414 427971 337242 419420 282264 280992 640031 722942 658163 602180 1.0049e+06 1.0926e+06 1.09711e+06
threshold=284.38999938964849 12846.489746093752 12760.748046875002 12838.442382812502 -0.65938973426818837 12798.446777343752 -0.95380857586860646 11349.686035156252 11341.825683593752 -234.370002746582 -0.844174563884735 12040.240722656252 -55.81500053405761 12049.435058593752
decision_type=2 2 2 2 2 2 2 2 2 2 2 2 2 2
left_child=1 3 -3 6 -5 -4 7 -1 -9 -10 11 -8 13 -13
right_child=-2 2 5 4 -6 -7 10 8 9 -11 -12 12 -14 -15
leaf_value=0.041390708181795709 0.10197930589752094 -0.13821683755928416 0.2760749931236221 -0.20512929810825359 0.41161474770035489 0.055367406720052595 0.008951445750372676 -0.40858459462821833 -0.32658890705069155 -0.026842770007894756 -0.0016770785086022044 0.55483799770286657 -0.012467502585701756 0.13428420738124042
leaf_weight=55806 11177 2424 4390 5268 472 4912 216990 2034 2959 224472 2433862 2648 22280 37645
leaf_count=55806 11177 2424 4390 5268 472 4912 216990 2034 2959 224472 2433862 2648 22280 37645
internal_value=3.80704e-07 -0.000377853 0.0980597 -0.000762376 -0.153783 0.159715 -0.00046895 -0.0193503 -0.0341238 -0.0307569 0.00151616 0.0293155 0.0999206 0.162054
internal_weight=3.02734e+06 3.01616e+06 11726 3.00444e+06 5740 9302 2.9987e+06 285271 229465 227431 2.71342e+06 279563 62573 40293
internal_count=3027339 3016162 11726 3004436 5740 9302 2998696 285271 229465 227431 2713425 279563 62573 40293
is_linear=0
shrinkage=0.02


Tree=213
num_leaves=15
num_cat=0
split_feature=0 4 25 4 8 25 8 21 4 23 25 21 21 25
split_gain=301795 324499 304667 394129 280299 620631 588048 1.07562e+06 1.18393e+06 966048 926291 996561 558242 550381
threshold=8173.0000000000009 284.38999938964849 0.09386321529746057 221.06999969482425 -0.95380857586860646 0.036663843318820007 -0.844174563884735 12040.240722656252 -57.374999999999993 12049.435058593752 0.049069123342633254 12237.253906250002 11368.787597656252 0.021474050357937816
decision_type=2 2 2 2 2 2 2 2 2 2 2 2 2 2
left_child=1 4 -2 -4 5 -1 7 -6 9 -9 -11 -12 -7 -8
right_child=2 -3 3 -5 6 12 13 8 -10 10 11 -13 -14 -15
leaf_value=0.002407658010993961 -0.29490742404268105 0.10950665509788293 0.040209557077403764 -0.23728193313608809 0.0087018836198802883 0.028609118906872458 -0.015212712159308249 0.54460785005136103 -0.0096296972273289799 0.079166924103450304 -0.097675073892101755 0.40001939325223801 -0.085344655519025384 0.0052673913748277693
leaf_weight=189014 2525 10854 6445 2989 216834 22218 764365 2589 22938 25048 1989 8343 75998 1675190
leaf_count=189014 2525 10854 6445 2989 216834 22218 764365 2589 22938 25048 1989 8343 75998 1675190
internal_value=4.03806e-07 0.000398253 -0.100229 -0.0478649 3.7238e-06 -0.018785 0.00198984 0.0295635 0.103819 0.172341 0.144953 0.304205 -0.059566 -0.00114949
internal_weight=3.02734e+06 3.01538e+06 11959 9434 3.00453e+06 287230 2.7173e+06 277741 60907 37969 35380 10332 98216 2.43956e+06
internal_count=3027339 3015380 11959 9434 3004526 287230 2717296 277741 60907 37969 35380 10332 98216 2439555
is_linear=0
shrinkage=0.02


Tree=214
num_leaves=15
num_cat=0
split_feature=7 19 7 7 20 7 20 7 7 4 7 20 4 7
split_gain=338189 762472 2.12074e+06 530065 442046 1.92088e+06 1.62714e+06 1.55892e+06 1.55207e+06 1.39749e+06 2.46594e+06 1.20972e+06 1.94843e+06 1.11458e+06
threshold=10065.734863281252 10646.074707031252 10679.781738281252 10640.455566406252 10804.545898437502 10869.183593750002 10887.128906250002 10889.665527343752 10790.399414062502 -42.844999313354485 10759.808593750002 10845.565429687502 -164.48500061035153 10869.183593750002
decision_type=2 2 2 2 2 2 2 2 2 2 2 2 2 2
left_child=-1 -2 3 -3 8 11 -7 -8 9 10 -4 -6 -13 -10
right_child=1 2 4 -5 5 6 7 -9 13 -11 -12 12 -14 -15
leaf_value=0.10632931957994961 -0.080404304487635164 0.3729380404689781 0.49971032905008989 0.14004766006939184 0.026706978859006605 -0.10017137921741705 0.27954534248705354 -0.00045061960862364994 -0.17134490070578776 -0.027465707767966897 0.017570833856774857 0.6431700999136658 0.13038794371114393 0.059092093615550595
leaf_weight=11908 46921 4907 6017 19221 54346 65952 7968 2631271 40403 71722 14340 3202 38569 10592
leaf_count=11908 46921 4907 6017 19221 54346 65952 7968 2631271 40403 71722 14340 3202 38569 10592
internal_value=4.27596e-07 -0.000419812 0.000844702 0.187547 -0.000685872 0.0010655 -0.00205641 0.000395751 -0.0349746 0.0140486 0.160255 0.0889222 0.169841 -0.123479
internal_weight=3.02734e+06 3.01543e+06 2.96851e+06 24128 2.94438e+06 2.80131e+06 2.70519e+06 2.63924e+06 143074 92079 20357 96117 41771 50995
internal_count=3027339 3015431 2968510 24128 2944382 2801308 2705191 2639239 143074 92079 20357 96117 41771 50995
is_linear=0
shrinkage=0.02


Tree=215
num_leaves=15
num_cat=0
split_feature=7 19 7 21 21 8 7 7 6 7 7 7 22 22
split_gain=334796 2.58529e+06 920930 884442 842489 2.03119e+06 2.00477e+06 1.92003e+06 1.18737e+06 1.57712e+06 1.24252e+06 1.96173e+06 1.24948e+06 1.00843e+06
threshold=11203.090820312502 11204.585449218752 11219.278320312502 12773.829101562502 10976.944824218752 -0.92210632562637318 11006.505859375002 11006.505859375002 104.09495925903322 10976.409667968752 11057.007324218752 11167.782714843752 11261.050292968752 10979.071289062502
decision_type=2 2 2 2 2 2 2 2 2 2 2 2 2 2
left_child=4 2 -2 -4 7 6 -6 13 9 -7 -11 -12 -13 -1
right_child=1 -3 3 -5 5 8 -8 -9 -10 10 11 12 -14 -15
leaf_value=-0.00024146483275915755 -0.059606541639590165 0.00071463699478713824 -0.21490141680671435 0.13199774835744141 0.76484498414205848 0.18482950934853637 0.14167148584078587 -0.21913833120505699 -0.013932691228188541 -0.04155791061689057 0.2170745488258243 0.025892292121964155 0.4487893444517968 -0.51382926861921407
leaf_weight=622809 77465 1736175 31945 3231 2715 29867 8553 16637 222974 69054 26498 175063 2830 1523
leaf_count=622809 77465 1736175 31945 3231 2715 29867 8553 16637 222974 69054 26498 175063 2830 1523
internal_value=5.44812e-07 -0.00530965 -0.0981561 -0.183009 0.00833095 0.0267958 0.292371 -0.00715488 0.0211042 0.0468606 0.0317847 0.0565646 0.0326449 -0.00150256
internal_weight=3.02734e+06 1.84882e+06 112641 35176 1.17852e+06 537554 11268 640969 526286 303312 273445 204391 177893 624332
internal_count=3027339 1848816 112641 35176 1178523 537554 11268 640969 526286 303312 273445 204391 177893 624332
is_linear=0
shrinkage=0.02


Tree=216
num_leaves=15
num_cat=0
split_feature=7 24 23 19 7 4 7 24 7 4 9 7 7 24
split_gain=327764 430084 406730 1.27344e+06 1.06219e+06 834671 823295 1.34312e+06 2.53199e+06 2.26043e+06 1.29785e+06 1.31361e+06 1.15366e+06 1.09843e+06
threshold=12805.279296875002 12815.684082031252 12738.863281250002 12951.521484375002 12767.550292968752 -23.954999923706051 12544.754394531252 12258.833496093752 12249.082519531252 -143.60500335693357 -0.68419089913368214 12680.433105468752 12279.564941406252 12542.293945312502
decision_type=2 2 2 2 2 2 2 2 2 2 2 2 2 2
left_child=2 -2 6 5 -5 -4 7 8 -1 -9 11 -8 -11 -12
right_child=1 -3 3 4 -6 -7 10 9 -10 12 13 -13 -14 -15
leaf_value=-0.00055363110730943712 -0.13580358321253402 0.042381416913143018 0.18759589821287784 0.034878918489784486 -0.30466139087553862 0.032130197103549293 0.45114369308638874 0.32613339629284227 -0.36093239729623094 0.14407947966022799 -0.21829114982330666 -0.019452780945541103 0.010369831447094946 -0.040458700276939256
leaf_weight=2580871 15561 8304 21423 8113 6740 38873 4109 11524 7812 32065 15431 5594 132188 138731
leaf_count=2580871 15561 8304 21423 8113 6740 38873 4109 11524 7812 32065 15431 5594 132188 138731
internal_value=5.90247e-07 -0.0738102 0.000587326 0.0465272 -0.119298 0.087389 -0.000591767 0.00199017 -0.00164256 0.0554869 -0.0441476 0.180091 0.0364795 -0.0582722
internal_weight=3.02734e+06 23865 3.00347e+06 75149 14853 60296 2.92832e+06 2.76446e+06 2.58868e+06 175777 163865 9703 164253 154162
internal_count=3027339 23865 3003474 75149 14853 60296 2928325 2764460 2588683 175777 163865 9703 164253 154162
is_linear=0
shrinkage=0.02


Tree=217
num_leaves=15
num_cat=0
split_feature=7 24 7 23 24 7 24 4 4 4 7 9 7 24
split_gain=326260 1.70175e+06 1.7469e+06 1.43335e+06 1.4318e+06 1.43123e+06 1.37487e+06 1.27098e+06 1.21688e+06 1.03493e+06 1.29336e+06 919732 1.30206e+06 941130
threshold=10775.280273437502 10804.111328125002 10880.121582031252 10721.086914062502 10906.415527343752 10909.046386718752 10879.510253906252 -174.19499969482419 -80.674999237060533 -48.325000762939446 10759.808593750002 -0.36449530720710749 10699.223144531252 10652.759277343752
decision_type=2 2 2 2 2 2 2 2 2 2 2 2 2 2
left_child=3 8 6 11 -4 -6 -3 -8 -2 10 -5 12 13 -1
right_child=1 2 4 9 5 -7 7 -9 -10 -11 -12 -13 -14 -15
leaf_value=-0.016056042839312328 -0.32922692052853531 0.051745369037164056 -0.081203908169670228 0.52521671005103254 0.21249051913790087 -0.00053731090410306058 0.61368029169117211 0.16145324012513729 -0.068165246336368876 0.055025264725794339 0.12530610908054779 -0.11200460943113555 -0.19655055808905125 0.12102972208767962
leaf_weight=41492 8018 93347 88707 5119 12667 2592538 3181 11310 64823 23431 8784 25633 9572 38717
leaf_count=41492 8018 93347 88707 5119 12667 2592538 3181 11310 64823 23431 8784 25633 9572 38717
internal_value=5.88245e-07 -0.00151294 0.000968423 0.0284823 -0.00219139 0.000499275 0.079897 0.26108 -0.0969432 0.136184 0.272824 -0.00636559 0.0238039 0.050122
internal_weight=3.02734e+06 2.87459e+06 2.80175e+06 152748 2.69391e+06 2.6052e+06 107838 14491 72841 37334 13903 115414 89781 80209
internal_count=3027339 2874591 2801750 152748 2693912 2605205 107838 14491 72841 37334 13903 115414 89781 80209
is_linear=0
shrinkage=0.02


Tree=218
num_leaves=15
num_cat=0
split_feature=7 24 7 0 0 7 9 21 7 20 7 24 7 20
split_gain=326909 717605 1.88946e+06 450741 413853 361605 1.95477e+06 1.66529e+06 1.68148e+06 1.58402e+06 1.44847e+06 1.27643e+06 1.2582e+06 1.0488e+06
threshold=10065.734863281252 10652.759277343752 10679.781738281252 2013.5000000000002 8173.0000000000009 10775.280273437502 0.60596671700477611 10803.544921875002 10869.183593750002 10887.128906250002 10889.665527343752 10879.510253906252 10759.808593750002 10891.312988281252
decision_type=2 2 2 2 2 2 2 2 2 2 2 2 2 2
left_child=-1 -2 3 -3 5 6 -4 -7 11 -10 -11 -9 -8 -13
right_child=1 2 4 -5 -6 7 12 8 9 10 -12 13 -14 -15
leaf_value=0.10454125723704329 -0.078027395684421907 -0.066723162478701123 -0.024482093995131293 0.20639703898069517 -0.13016004744132587 -0.09582093260334483 0.42863013338886263 0.058520070489129071 -0.10112570636561763 0.26970205352488263 -0.00019368207658906574 0.41870100234164087 0.094883607284901236 -0.043965311558677972
leaf_weight=11908 46898 2715 46985 21697 9825 72624 6964 85489 62646 7968 2628696 7408 12855 2661
leaf_count=11908 46898 2715 46985 21697 9825 72624 6964 85489 62646 7968 2628696 7408 12855 2661
internal_value=6.46666e-07 -0.000412525 0.000813916 0.176006 -0.000639325 -0.000205197 0.0457899 -0.00127691 0.00118012 -0.0017388 0.000622955 0.0836253 0.212313 0.296505
internal_weight=3.02734e+06 3.01543e+06 2.96853e+06 24412 2.94412e+06 2.9343e+06 66804 2.86749e+06 2.79487e+06 2.69931e+06 2.63666e+06 95558 19819 10069
internal_count=3027339 3015431 2968533 24412 2944121 2934296 66804 2867492 2794868 2699310 2636664 95558 19819 10069
is_linear=0
shrinkage=0.02


Tree=219
num_leaves=15
num_cat=0
split_feature=7 23 7 7 21 7 21 24 23 21 8 7 7 23
split_gain=320560 2.02449e+06 4.65263e+06 1.68602e+06 3.21367e+06 1.22882e+06 1.22446e+06 1.06978e+06 906655 885643 1.93388e+06 1.91566e+06 1.84027e+06 1.21925e+06
threshold=11199.130371093752 11353.098144531252 11346.758300781252 11368.623535156252 11406.906250000002 11368.623535156252 11158.158691406252 11148.072753906252 11388.271972656252 10976.944824218752 -0.92210632562637318 11006.505859375002 11006.505859375002 10976.772460937502
decision_type=2 2 2 2 2 2 2 2 2 2 2 2 2 2
left_child=9 5 -3 4 -4 6 7 -2 -5 12 11 -11 13 -1
right_child=1 2 3 8 -6 -7 -8 -9 -10 10 -12 -13 -14 -15
leaf_value=0.001550013688218224 -0.073498947066660866 0.43566413694563444 0.066089833473658224 -0.09777352437040561 0.62470377214178929 -0.18149067838314692 -0.026069121819260493 -0.33682730311662851 0.0012246686936100723 0.7496298176616687 0.022578910120553224 0.14005323564283387 -0.2145835589205253 -0.25629225480146522
leaf_weight=616918 17579 9971 42075 37981 4557 25159 325148 9506 1424176 2715 478997 8506 16637 7414
leaf_count=616918 17579 9971 42075 37981 4557 25159 325148 9506 1424176 2715 478997 8506 16637 7414
internal_value=7.02205e-07 -0.00502601 0.00527562 0.00242847 0.120802 -0.0464825 -0.0368344 -0.16601 -0.00134755 0.00842671 0.028662 0.288083 -0.00704959 -0.00151591
internal_weight=3.02734e+06 1.89615e+06 1.51876e+06 1.50879e+06 46632 377392 352233 27085 1.46216e+06 1.13119e+06 490218 11221 640969 624332
internal_count=3027339 1896152 1518760 1508789 46632 377392 352233 27085 1462157 1131187 490218 11221 640969 624332
is_linear=0
shrinkage=0.02


Tree=220
num_leaves=15
num_cat=0
split_feature=5 21 0 19 25 4 4 0 19 19 25 25 24 4
split_gain=316805 499244 481837 417496 489823 1.31335e+06 441226 507610 412698 456581 330801 354047 328680 1.62866e+06
threshold=0.062499998137354858 10862.582031250002 737.50000000000011 11073.797851562502 0.024799733422696594 147.99500274658206 119.77499771118165 2372.5000000000005 12272.382812500002 12165.428710937502 0.049764083698391921 0.074902944266796126 12182.593261718752 -168.94499969482419
decision_type=2 2 2 2 2 2 2 2 2 2 2 2 2 2
left_child=12 -2 -3 -4 5 -5 7 -6 9 -7 -9 -12 -1 -14
right_child=1 2 3 4 6 8 -8 10 -10 -11 11 -13 13 -15
leaf_value=-0.0048887583958499552 -0.049304724095997995 -0.038680199799709394 0.11259687748464538 0.0028782856065439574 0.035674660839209886 -0.24260004149718936 0.01687365330017853 0.14296824865654856 0.055309799059644921 -0.95597417055994061 0.39880153651181277 -0.37726928577955032 0.19935006672153008 0.0059865676271813233
leaf_weight=2310861 29247 25012 38033 28764 11184 592 28569 7946 375 937 4312 241 18014 523252
leaf_count=2310861 29247 25012 38033 28764 11184 592 28569 7946 375 937 4312 241 18014 523252
internal_value=7.44649e-07 0.0261034 0.0412154 0.0577391 0.0325667 -0.0308762 0.0698021 0.133615 -0.538171 -0.683153 0.221151 0.356981 -0.00160288 0.0124255
internal_weight=3.02734e+06 175212 145965 120953 82920 30668 52252 23683 1904 1529 12499 4553 2.85213e+06 541266
internal_count=3027339 175212 145965 120953 82920 30668 52252 23683 1904 1529 12499 4553 2852127 541266
is_linear=0
shrinkage=0.02


Tree=221
num_leaves=15
num_cat=0
split_feature=7 21 7 19 20 4 7 4 7 7 19 19 7 20
split_gain=317416 371980 676167 979722 639859 802352 636296 1.36827e+06 484047 1.31206e+06 1.34458e+06 1.27622e+06 1.55704e+06 2.81854e+06
threshold=12805.279296875002 12761.528320312502 12767.550292968752 13462.845214843752 12795.735839843752 140.20500183105472 12775.274902343752 -51.17499923706054 12629.550292968752 12544.754394531252 12545.217773437502 12292.824218750002 12223.541503906252 12209.516601562502
decision_type=2 2 2 2 2 2 2 2 2 2 2 2 2 2
left_child=1 2 4 6 8 -6 -4 -8 9 11 -11 12 13 -1
right_child=-2 -3 3 -5 5 -7 7 -9 -10 10 -12 -13 -14 -15
leaf_value=-0.0019125336801399946 -0.072635583509125121 0.051519651866692912 -0.24206168122068464 -0.47990421398132449 -0.056236720479509505 -0.56820490528700474 0.24270446690310757 -0.14100060687489269 0.052880716498788283 -0.2238469817537625 -0.034137578401955637 0.059946485401404737 -0.09205500944293421 0.13477361703459306
leaf_weight=2484859 23865 56253 5766 2500 4136 1731 5945 9883 69918 19506 63815 143982 73344 61836
leaf_count=2484859 23865 56253 5766 2500 4136 1731 5945 9883 69918 19506 63815 143982 73344 61836
internal_value=6.83904e-07 0.000578084 -0.000394392 -0.105889 0.000475502 -0.208001 -0.0623848 0.00318008 0.000895494 -0.000381205 -0.0785716 0.0019761 -0.00120982 0.00140683
internal_weight=3.02734e+06 3.00347e+06 2.94722e+06 24094 2.92313e+06 5867 21594 15828 2.91726e+06 2.84734e+06 83321 2.76402e+06 2.62004e+06 2.5467e+06
internal_count=3027339 3003474 2947221 24094 2923127 5867 21594 15828 2917260 2847342 83321 2764021 2620039 2546695
is_linear=0
shrinkage=0.02


Tree=222
num_leaves=15
num_cat=0
split_feature=7 20 7 22 7 7 22 7 20 21 8 0 8 20
split_gain=316641 2.48873e+06 1.42612e+06 784085 1.57478e+06 2.03133e+06 1.63808e+06 788268 2.67915e+06 1.66283e+06 2.17055e+06 1.25442e+06 1.14118e+06 1.10268e+06
threshold=11203.090820312502 11188.286132812502 11230.460449218752 11171.453125000002 11130.324218750002 11171.963378906252 11230.870605468752 11019.201171875002 11020.893554687502 10976.944824218752 -0.82622474431991566 1523.5000000000002 -0.68419089913368214 10995.187500000002
decision_type=2 2 2 2 2 2 2 2 2 2 2 2 2 2
left_child=3 2 -2 7 -5 -6 -7 9 12 13 11 -11 -9 -1
right_child=1 -3 -4 4 5 6 -8 8 -10 10 -12 -13 -14 -15
leaf_value=-0.0019367476064601262 -0.092772806451913187 -0.00086373705389061045 -0.37763675546678493 -0.12097100257932901 0.25929633241132277 0.026497976033821327 0.33243781757556529 -0.30525209688854821 -0.00072123780228349052 0.028419027662933503 0.060889399194945328 0.73082585477294926 -0.08496846480059235 -0.72235250481987678
leaf_weight=628933 53276 1787449 8091 21000 18710 161878 7307 17338 179186 1509 118131 3115 20575 841
leaf_count=628933 53276 1787449 8091 21000 18710 161878 7307 17338 179186 1509 118131 3115 20575 841
internal_value=5.78911e-07 -0.00516363 -0.130387 0.00810197 0.0432474 0.0616068 0.0397303 0.000529905 -0.0330427 0.0102157 0.0775512 0.502162 -0.185761 -0.00291028
internal_weight=3.02734e+06 1.84882e+06 61367 1.17852e+06 208895 187895 169185 969628 217099 752529 122755 4624 37913 629774
internal_count=3027339 1848816 61367 1178523 208895 187895 169185 969628 217099 752529 122755 4624 37913 629774
is_linear=0
shrinkage=0.02


Tree=223
num_leaves=15
num_cat=0
split_feature=5 23 19 24 21 6 22 19 24 22 19 24 19 21
split_gain=304338 480444 425613 308362 1.2575e+06 686278 576422 561540 1.08439e+06 491878 987913 519226 1.08275e+06 1.01264e+06
threshold=0.062499998137354858 10860.633789062502 11073.797851562502 12182.593261718752 12199.246093750002 82.011241912841811 12179.673339843752 12402.195800781252 12270.561035156252 11970.351074218752 11968.078613281252 12037.662109375002 11998.295410156252 12040.240722656252
decision_type=2 2 2 2 2 2 2 2 2 2 2 2 2 2
left_child=3 -2 -3 9 5 -5 -7 8 -6 10 -1 13 -13 -11
right_child=1 2 -4 4 7 6 -8 -9 -10 11 -12 12 -14 -15
leaf_value=-0.0021669229363553691 -0.048187476404777038 0.093132196819095778 0.018289434944290115 0.045352307913486344 -0.0090625534257207045 0.56794493550980452 0.19587611602340926 -0.010508247033879479 0.087803682320296353 -0.048372572943297637 0.13964787098151971 0.57164860101559489 -0.012009939585202051 -0.36345216374868133
leaf_weight=1919508 29381 43170 102661 12488 106905 1973 10582 327884 81434 120937 19842 1268 245093 4213
leaf_count=1919508 29381 43170 102661 12488 106905 1973 10582 327884 81434 120937 19842 1268 245093 4213
internal_value=5.49033e-07 0.0255845 0.04045 -0.0015712 0.0120167 0.150393 0.254753 0.00530096 0.0328228 -0.0047539 -0.000715256 -0.0258357 -0.00898273 -0.0590076
internal_weight=3.02734e+06 175212 145831 2.85213e+06 541266 25043 12555 516223 188339 2.31086e+06 1.93935e+06 371511 246361 125150
internal_count=3027339 175212 145831 2852127 541266 25043 12555 516223 188339 2310861 1939350 371511 246361 125150
is_linear=0
shrinkage=0.02


Tree=224
num_leaves=15
num_cat=0
split_feature=16 17 5 0 16 9 21 22 21 8 25 21 21 25
split_gain=296038 293811 430259 727831 336499 320688 515245 1.05055e+06 858826 760989 606619 460012 376630 331744
threshold=-23.100000381469723 0.30344274640083319 -0.032499999739229672 1620.5000000000002 8.5000000000000018 0.60120347142219555 11013.787109375002 10885.120117187502 11142.453125000002 -0.94326764345169056 0.019221969880163673 12732.083007812502 11022.662597656252 0.070413887500762953
decision_type=2 2 2 2 2 2 2 2 2 2 2 2 2 2
left_child=-1 4 3 -3 -2 6 7 -5 12 11 -9 -10 -8 -7
right_child=1 2 -4 5 -6 13 8 10 9 -11 -12 -13 -14 -15
leaf_value=0.028074998601692554 -0.00077193740772705036 0.01404753240030745 -0.00016448373647581641 0.034678573387078901 0.029499893447168728 -0.067618526754222599 0.82678667226360414 -0.011573462304598639 -0.071837018739379296 0.041059820579361361 -0.2557860767485744 0.12607901394242269 0.21234183337857729 0.027291174639723442
leaf_weight=143127 385085 157327 1773441 15856 237439 147178 437 5758 61473 61017 13866 5077 3894 16364
leaf_count=143127 385085 157327 1773441 15856 237439 147178 437 5758 61473 61017 13866 5077 3894 16364
internal_value=6.19036e-07 -0.00139264 -0.00474163 -0.0213666 0.0107744 -0.0382033 -0.01874 -0.0863858 -0.000538236 -0.00995159 -0.184174 -0.0567213 0.276106 -0.0581207
internal_weight=3.02734e+06 2.88421e+06 2.26169e+06 488247 622524 330920 167378 35480 131898 127567 19624 66550 4331 163542
internal_count=3027339 2884212 2261688 488247 622524 330920 167378 35480 131898 127567 19624 66550 4331 163542
is_linear=0
shrinkage=0.02


Tree=225
num_leaves=15
num_cat=0
split_feature=7 19 7 7 20 7 20 7 7 7 0 20 4 8
split_gain=316127 682261 1.91459e+06 506129 391860 1.7216e+06 1.44756e+06 1.4199e+06 1.39099e+06 1.28765e+06 1.16542e+06 1.11845e+06 1.80244e+06 1.11118e+06
threshold=10065.734863281252 10646.074707031252 10679.781738281252 10640.455566406252 10804.545898437502 10869.183593750002 10887.128906250002 10794.216308593752 10889.665527343752 10869.183593750002 5918.5000000000009 10845.565429687502 -164.48500061035153 0.98362845182418834
decision_type=2 2 2 2 2 2 2 2 2 2 2 2 2 2
left_child=-1 -2 3 -3 7 11 13 10 -8 -9 -4 -6 -13 -7
right_child=1 2 4 -5 5 6 8 9 -10 -11 -12 12 -14 -15
leaf_value=0.10280294944666965 -0.076066118161525129 0.35933733642016386 0.026624377856110163 0.13177637859966421 0.024337917914194297 -0.073804109161886594 0.26402879238544935 -0.19305989380973265 -0.00045693514700338413 0.061317369555055026 -0.24164730437717158 0.61721566100959735 0.12402031578792025 -0.42013268538012172
leaf_weight=11908 46921 4907 93563 19221 54346 62020 7968 31970 2631271 10592 6949 3202 38569 3932
leaf_count=11908 46921 4907 93563 19221 54346 62020 7968 31970 2631271 10592 6949 3202 38569 3932
internal_value=6.68498e-07 -0.000405633 0.000790521 0.178187 -0.000663762 0.000985198 -0.00197034 -0.0329474 0.000342551 -0.129755 0.00805475 0.0841598 0.161966 -0.0945128
internal_weight=3.02734e+06 3.01543e+06 2.96851e+06 24128 2.94438e+06 2.80131e+06 2.70519e+06 143074 2.63924e+06 42562 100512 96117 41771 65952
internal_count=3027339 3015431 2968510 24128 2944382 2801308 2705191 143074 2639239 42562 100512 96117 41771 65952
is_linear=0
shrinkage=0.02


Tree=226
num_leaves=15
num_cat=0
split_feature=7 24 23 4 7 23 7 7 24 7 4 7 24 7
split_gain=306681 413012 381449 865216 781074 1.05059e+06 1.22926e+06 1.13599e+06 1.20842e+06 2.3854e+06 2.10821e+06 1.1006e+06 951516 1.09156e+06
threshold=12805.279296875002 12815.684082031252 12738.863281250002 -164.48500061035153 12707.136718750002 12677.269531250002 12671.147949218752 12544.754394531252 12258.833496093752 12249.082519531252 -143.60500335693357 12279.564941406252 12542.293945312502 12607.619628906252
decision_type=2 2 2 2 2 2 2 2 2 2 2 2 2 2
left_child=2 -2 4 -4 5 7 -7 8 9 -1 -10 -12 13 -9
right_child=1 -3 3 -5 -6 6 -8 12 10 -11 11 -13 -14 -15
leaf_value=-0.00044973488252077583 -0.13214728609922172 0.042464540017047227 0.65065542247162356 0.03744821441576103 -0.093348842986580097 0.31571013572671847 0.018043488783227365 -0.14445764793171811 0.31405705121358457 -0.35024080963933429 0.13942268583224565 0.0088242377154936387 -0.040091946908322511 -0.64159934160460086
leaf_weight=2580871 15561 8304 922 74227 35844 9095 14214 13404 11524 7812 32065 132188 89281 2027
leaf_count=2580871 15561 8304 922 74227 35844 9095 14214 13404 11524 7812 32065 132188 89281 2027
internal_value=7.02048e-07 -0.0713967 0.000568254 0.0450575 -0.000573607 0.000576388 0.134277 -0.000510248 0.00193909 -0.00150667 0.0526825 0.0343263 -0.0651686 -0.210136
internal_weight=3.02734e+06 23865 3.00347e+06 75149 2.92832e+06 2.89248e+06 23309 2.86917e+06 2.76446e+06 2.58868e+06 175777 164253 104712 15431
internal_count=3027339 23865 3003474 75149 2928325 2892481 23309 2869172 2764460 2588683 175777 164253 104712 15431
is_linear=0
shrinkage=0.02


Tree=227
num_leaves=15
num_cat=0
split_feature=5 6 9 13 17 4 17 23 23 6 17 16 9 23
split_gain=294176 347128 345655 295304 367770 319824 701096 442615 574946 283297 279485 536603 275397 367149
threshold=0.077500000596046462 102.35916137695314 -0.67629325389862049 -12.099999904632567 0.56659251451492321 -113.6949996948242 0.35975331068038946 12219.798828125002 12428.203613281252 92.820999145507827 0.59111854434013378 -0.50000001490116108 -0.90470352768897999 12058.219726562502
decision_type=2 2 2 2 2 2 2 2 2 2 2 2 2 2
left_child=3 12 -3 4 -1 6 7 9 -9 -5 -8 -12 13 -2
right_child=1 2 -4 5 -6 -7 10 8 -10 -11 11 -13 -14 -15
leaf_value=0.004466458667496633 -0.05989270538495485 0.23019225392285214 0.038945355117321015 0.030887376554645841 0.045615006019944788 -0.0014258848132894179 -0.036613039013030639 0.27240790331148179 0.012234347866280372 -0.039892159525025027 0.019955677372109622 -0.16336364710326756 0.010163283662370305 0.82818038011590644
leaf_weight=550586 359 6919 8330 54165 103151 2016968 157645 5877 8037 38824 9442 19716 46946 374
leaf_count=550586 359 6919 8330 54165 103151 2016968 157645 5877 8037 38824 9442 19716 46946 374
internal_value=6.96229e-07 0.0427881 0.125816 -0.000907721 0.0109598 -0.00426532 -0.0237638 0.017082 0.122245 0.00133476 -0.0471387 -0.104014 0.0162123 0.398251
internal_weight=3.02734e+06 62928 15249 2.96441e+06 653737 2.31067e+06 293706 106903 13914 92989 186803 29158 47679 733
internal_count=3027339 62928 15249 2964411 653737 2310674 293706 106903 13914 92989 186803 29158 47679 733
is_linear=0
shrinkage=0.02


Tree=228
num_leaves=15
num_cat=0
split_feature=7 22 7 22 7 7 23 23 7 7 21 7 23 7
split_gain=305319 2.26894e+06 1.44209e+06 758304 1.50951e+06 1.79664e+06 1.6144e+06 680843 4.47567e+06 1.627e+06 3.08561e+06 1.50023e+06 864555 823658
threshold=11203.090820312502 11202.510742187502 11240.761718750002 11175.656738281252 11130.324218750002 11174.096191406252 11225.611816406252 11353.098144531252 11346.758300781252 11368.623535156252 11406.906250000002 11368.623535156252 11388.271972656252 11418.445800781252
decision_type=2 2 2 2 2 2 2 2 2 2 2 2 2 2
left_child=3 2 -2 -1 -5 -6 -7 11 -9 10 -10 -3 13 -11
right_child=1 7 -4 4 5 6 -8 8 9 12 -12 -13 -14 -15
leaf_value=0.00091009535964031003 -0.07338483566743266 -0.013990761496551945 -0.33152992282277477 -0.11707506792489573 0.24583866869296198 0.022793951377121563 0.27857572894671545 0.42717523686819064 0.064930519250011628 -0.063116045426705972 0.61230224979303582 -0.17753325478366375 0.001060844329741408 -0.36267567784961607
leaf_weight=987966 88616 206696 9585 20620 19278 140050 10609 9971 42075 33872 4557 25159 1424176 4109
leaf_count=987966 88616 206696 9585 20620 19278 140050 10609 9971 42075 33872 4557 25159 1424176 4109
internal_value=7.61577e-07 -0.00507028 -0.0986127 0.00795598 0.0444842 0.0640935 0.0408228 0.000177521 0.00505088 0.0022584 0.118541 -0.031744 -0.00145094 -0.0956116
internal_weight=3.02734e+06 1.84882e+06 98201 1.17852e+06 190557 169937 150659 1.75062e+06 1.51876e+06 1.50879e+06 46632 231855 1.46216e+06 37981
internal_count=3027339 1848816 98201 1178523 190557 169937 150659 1750615 1518760 1508789 46632 231855 1462157 37981
is_linear=0
shrinkage=0.02


Tree=229
num_leaves=15
num_cat=0
split_feature=7 24 7 4 0 0 7 4 21 7 19 7 24 7
split_gain=303012 657656 1.74428e+06 534632 378741 374741 347720 2.313e+06 1.54324e+06 1.55315e+06 1.50802e+06 1.69461e+06 1.22424e+06 1.19863e+06
threshold=10065.734863281252 10652.759277343752 10679.781738281252 59.594999313354499 6951.5000000000009 8173.0000000000009 10775.280273437502 -48.325000762939446 10803.544921875002 10880.121582031252 10913.085937500002 10919.207031250002 10879.510253906252 10759.808593750002
decision_type=2 2 2 2 2 2 2 2 2 2 2 2 2 2
left_child=-1 -2 3 -3 -5 6 7 13 -8 12 -11 -12 -10 -4
right_child=1 2 5 4 -6 -7 8 -9 9 10 11 -13 -14 -15
leaf_value=0.1006480139995088 -0.074699182151252305 -0.0673313235095927 0.49327159437697332 0.25106775774779772 0.046406989294010971 -0.12386776453968545 -0.092270338129103069 -0.01709537284495451 0.048964567795222118 -0.075167524222553142 0.20447712459604112 -0.00010808604740825973 0.24650232488112511 0.12128272255606541
leaf_weight=11908 46898 3303 5722 16468 4641 9825 72624 52298 93326 107787 16288 2562976 14491 8784
leaf_count=11908 46898 3303 5722 16468 4641 9825 72624 52298 93326 107787 16288 2562976 14491 8784
internal_value=7.80309e-07 -0.000397004 0.000777091 0.169104 0.206116 -0.000619204 -0.000206099 0.0448973 -0.00125703 0.00110824 -0.00187837 0.00118465 0.075535 0.268257
internal_weight=3.02734e+06 3.01543e+06 2.96853e+06 24412 21109 2.94412e+06 2.9343e+06 66804 2.86749e+06 2.79487e+06 2.68705e+06 2.57926e+06 107817 14506
internal_count=3027339 3015431 2968533 24412 21109 2944121 2934296 66804 2867492 2794868 2687051 2579264 107817 14506
is_linear=0
shrinkage=0.02


Tree=230
num_leaves=15
num_cat=0
split_feature=7 19 7 7 25 22 8 22 7 0 8 0 0 20
split_gain=293989 1.50226e+06 1.5436e+06 1.25324e+06 1.04869e+06 947056 853162 823284 1.8702e+06 844391 819509 786082 712016 670255
threshold=12535.058593750002 12292.824218750002 12291.576660156252 12279.564941406252 0.066820703446865096 12533.729980468752 0.70585528016090404 12254.410156250002 12249.082519531252 2131.5000000000005 -0.92210632562637318 6408.5000000000009 2910.5000000000005 12557.668457031252
decision_type=2 2 2 2 2 2 2 2 2 2 2 2 2 2
left_child=1 2 7 12 11 -5 -4 8 -1 -10 -7 -2 -3 -6
right_child=4 3 6 5 13 10 -8 -9 9 -11 -12 -13 -14 -15
leaf_value=-0.00055357752503289951 -0.0021994462653045334 0.079935349181247728 -0.49967786307428397 0.012464136985614705 -0.27543999929124308 0.40904175951349303 -0.096028107735993129 0.10560801334284829 -0.091166435815283831 -0.51887705317494115 0.10082168698750243 -0.67288624794779084 0.33827523149149036 -0.072606142504304833
leaf_weight=2575036 247297 7465 3662 80431 8265 4252 4890 29036 3482 3933 18190 691 9978 30731
leaf_count=2575036 247297 7465 3662 80431 8265 4252 4890 29036 3482 3933 18190 691 9978 30731
internal_value=8.3487e-07 0.00201779 -0.00115559 0.0711169 -0.019258 0.0445259 -0.269257 -0.000276586 -0.00146752 -0.318425 0.159376 -0.0040954 0.227825 -0.115656
internal_weight=3.02734e+06 2.74036e+06 2.62004e+06 120316 286984 102873 8552 2.61149e+06 2.58245e+06 7415 22442 247988 17443 38996
internal_count=3027339 2740355 2620039 120316 286984 102873 8552 2611487 2582451 7415 22442 247988 17443 38996
is_linear=0
shrinkage=0.02


Tree=231
num_leaves=15
num_cat=0
split_feature=7 20 7 23 7 7 20 7 23 7 8 0 21 8
split_gain=293317 2.30988e+06 1.32782e+06 841874 4.29897e+06 1.56312e+06 3.30419e+06 1.37069e+06 829598 791283 737970 1.09597e+06 731028 1.80308e+06
threshold=11203.090820312502 11188.286132812502 11230.460449218752 11353.098144531252 11346.758300781252 11368.623535156252 11409.897949218752 11368.623535156252 11388.271972656252 11418.445800781252 0.96999460458755504 1819.5000000000002 10976.944824218752 -0.92210632562637318
decision_type=2 2 2 2 2 2 2 2 2 2 2 2 2 2
left_child=12 2 -2 7 10 6 -6 -3 9 -7 -5 -12 -1 -14
right_child=1 3 -4 4 5 8 -8 -9 -10 -11 11 -13 13 -15
leaf_value=-0.0066270735909175846 -0.089314981649692274 -0.018936584368741509 -0.36418557799159706 0.1416044891067926 0.061075396326453424 -0.061813326713682781 0.63051229466574177 -0.1739707719132548 0.001034023854484924 -0.35542657376631043 -0.028297455352804719 0.63560056583649116 0.27521636464453525 0.019635671085381484
leaf_weight=640969 53276 243530 8091 2785 42129 33872 4503 25159 1424176 4109 1191 5995 11268 526286
leaf_count=640969 53276 243530 8091 2785 42129 33872 4503 25159 1424176 4109 1191 5995 11268 526286
internal_value=7.39468e-07 -0.00496964 -0.125609 -0.000827122 0.00494613 0.00220933 0.116187 -0.0334594 -0.00142646 -0.0936638 0.418654 0.525678 0.00779804 0.0249981
internal_weight=3.02734e+06 1.84882e+06 61367 1.78745e+06 1.51876e+06 1.50879e+06 46632 268689 1.46216e+06 37981 9971 7186 1.17852e+06 537554
internal_count=3027339 1848816 61367 1787449 1518760 1508789 46632 268689 1462157 37981 9971 7186 1178523 537554
is_linear=0
shrinkage=0.02


Tree=232
num_leaves=15
num_cat=0
split_feature=7 20 7 7 20 7 20 7 7 7 0 4 7 4
split_gain=291870 575642 1.67878e+06 451926 368384 1.60226e+06 1.34937e+06 1.33113e+06 1.30192e+06 1.22489e+06 1.1064e+06 1.09289e+06 2.12913e+06 1.11551e+06
threshold=10065.734863281252 10658.433593750002 10679.781738281252 10640.455566406252 10804.545898437502 10869.183593750002 10887.128906250002 10794.216308593752 10889.665527343752 10825.204589843752 5918.5000000000009 -44.215000152587884 10853.744628906252 -160.13500213623044
decision_type=2 2 2 2 2 2 2 2 2 2 2 2 2 2
left_child=-1 -2 3 -3 7 11 -7 10 -8 -9 -4 12 13 -6
right_child=1 2 4 -5 5 6 8 9 -10 -11 -12 -13 -14 -15
leaf_value=0.098780235111386297 -0.069766528734548777 0.35036704691549597 0.025969446759630345 0.12642266758598403 0.78670391580608623 -0.091240011107409244 0.25544615508655527 -0.1941867127108958 -0.00043191722512197329 0.042987642702596349 -0.23546073026730227 0.040718617643310244 0.036552720921057956 0.29736395432657908
leaf_weight=11908 47082 4437 93157 19179 2396 65952 7968 30213 2632145 12232 6949 70670 14659 8392
leaf_count=11908 47082 4437 93157 19179 2396 65952 7968 30213 2632145 12232 6949 70670 14659 8392
internal_value=7.68421e-07 -0.000389633 0.000711002 0.168629 -0.000636218 0.000959316 -0.00189104 -0.0319983 0.000341293 -0.125842 0.00779999 0.0811999 0.193561 0.406675
internal_weight=3.02734e+06 3.01543e+06 2.96835e+06 23616 2.94473e+06 2.80218e+06 2.70606e+06 142551 2.64011e+06 42445 100106 96117 25447 10788
internal_count=3027339 3015431 2968349 23616 2944733 2802182 2706065 142551 2640113 42445 100106 96117 25447 10788
is_linear=0
shrinkage=0.02


Tree=233
num_leaves=15
num_cat=0
split_feature=9 20 0 19 19 6 19 8 20 22 4 20 9 9
split_gain=286304 960946 651509 650000 578873 521862 367408 917679 650063 472592 470936 445192 534262 412706
threshold=-0.72323438525199879 10833.982421875002 1053.5000000000002 12310.327148437502 10887.753906250002 102.69880676269533 12951.521484375002 0.82309290766716015 12704.233886718752 12775.008300781252 64.115001678466811 12804.312011718752 0.74616098403930675 -0.57933691143989552
decision_type=2 2 2 2 2 2 2 2 2 2 2 2 2 2
left_child=1 -1 -3 4 -4 -6 9 8 -8 11 -11 -2 13 -13
right_child=6 2 3 -5 5 -7 7 -9 -10 10 -12 12 -14 -15
leaf_value=-0.12200322649346952 -0.00079878243506316935 -0.032917332589234398 0.26562055039256921 0.29847393150084012 0.0075999146139462083 0.14184673290359889 0.22169741337167168 -0.54931375891740164 -0.10255991304283082 0.012190413582779776 0.17111601883568056 0.1427221898203572 0.25428306536001166 -0.17590605830668249
leaf_weight=13800 2859199 23358 5524 5484 36112 17043 2977 1577 14370 18208 12625 1837 1514 13711
leaf_count=13800 2859199 23358 5524 5484 36112 17043 2977 1577 14370 18208 12625 1837 1514 13711
internal_value=8.50723e-07 0.0330515 0.0575113 0.0904314 0.0709404 0.0506622 -0.00114372 -0.0889597 -0.0468158 -0.000571759 0.0772997 -0.0014068 -0.103235 -0.138191
internal_weight=3.02734e+06 101321 87521 64163 58679 53155 2.92602e+06 18924 17347 2.90709e+06 30833 2.87626e+06 17062 15548
internal_count=3027339 101321 87521 64163 58679 53155 2926018 18924 17347 2907094 30833 2876261 17062 15548
is_linear=0
shrinkage=0.02


Tree=234
num_leaves=15
num_cat=0
split_feature=7 23 7 23 19 7 20 4 20 19 19 23 4 7
split_gain=295578 373599 372320 370786 1.15722e+06 969414 900628 787286 845689 1.52114e+06 727506 595315 580848 521599
threshold=12805.279296875002 12752.988281250002 12816.793945312502 12738.863281250002 12951.521484375002 12767.550292968752 12804.312011718752 -26.615000724792477 12795.735839843752 11869.722656250002 12728.486816406252 12773.843750000002 132.79499816894534 12785.869140625002
decision_type=2 2 2 2 2 2 2 2 2 2 2 2 2 2
left_child=3 2 -2 6 7 -6 -1 8 10 -10 -5 13 -8 -9
right_child=1 -3 -4 4 5 -7 12 11 9 -11 -12 -13 -14 -15
leaf_value=1.8071426002371159e-05 -0.089202901517517252 -0.025091422311654329 -0.42249587877235378 0.60228882785515281 0.033632726270621291 -0.29073943682388026 -0.10657708883323337 0.02372954974747294 0.45077522939667042 -0.16217527626411682 0.2115860563277582 0.13662063630419138 -0.48546083373442606 -0.18919424772374996
leaf_weight=2920189 3735 18042 2088 2318 8113 6740 5913 19679 2284 5498 10678 13843 2223 5996
leaf_count=2920189 3735 18042 2088 2318 8113 6740 5913 19679 2284 5498 10678 13843 2223 5996
internal_value=8.69119e-07 -0.0700922 -0.209237 0.000558053 0.044421 -0.113656 -0.000567735 0.0833737 0.183009 0.0180694 0.281684 0.0309532 -0.210571 -0.026049
internal_weight=3.02734e+06 23865 5823 3.00347e+06 75149 14853 2.92832e+06 60296 20778 7782 12996 39518 8136 25675
internal_count=3027339 23865 5823 3003474 75149 14853 2928325 60296 20778 7782 12996 39518 8136 25675
is_linear=0
shrinkage=0.02


Tree=235
num_leaves=15
num_cat=0
split_feature=5 21 0 9 25 4 25 19 0 0 25 20 4 19
split_gain=284545 433052 446592 472161 486450 876875 739911 313560 287297 408519 300010 284446 1.40742e+06 1.28172e+06
threshold=0.062499998137354858 10862.582031250002 737.50000000000011 -0.67629325389862049 0.024799733422696594 146.004997253418 0.019421698525547985 12165.428710937502 3049.5000000000005 5326.5000000000009 0.049069123342633254 12183.192871093752 -174.19499969482419 12208.879882812502
decision_type=2 2 2 2 2 2 2 2 2 2 2 2 2 2
left_child=11 -2 -3 8 5 -5 7 -7 -4 -10 -11 -1 -13 -14
right_child=1 2 3 4 -6 6 -8 -9 9 10 -12 12 13 -15
leaf_value=-0.0046147715483728516 -0.045492712800252522 -0.038104498292479409 0.18212333482328533 0.00035140333364256759 0.06714706333787078 -0.26436423786878588 0.090916269117411228 -0.84715567453641516 -0.011429806357509257 -0.22315331363210489 0.29827602028272943 0.19467457583286993 0.087209951694152271 -0.005936987172047937
leaf_weight=2299644 29247 25012 15857 30806 58099 590 839 1036 9847 500 3379 16251 67606 468626
leaf_count=2299644 29247 25012 15857 30806 58099 590 839 1036 9847 500 3379 16251 67606 468626
internal_value=8.30834e-07 0.0247388 0.0388134 0.0547214 0.0322294 -0.0287463 -0.390932 -0.638608 0.124155 0.0571015 0.230658 -0.00151895 0.0113669 0.00580798
internal_weight=3.02734e+06 175212 145965 120953 91370 33271 2465 1626 29583 13726 3879 2.85213e+06 552483 536232
internal_count=3027339 175212 145965 120953 91370 33271 2465 1626 29583 13726 3879 2852127 552483 536232
is_linear=0
shrinkage=0.02


Tree=236
num_leaves=15
num_cat=0
split_feature=5 21 9 20 19 8 24 16 24 21 9 9 20 23
split_gain=274106 334034 681290 398690 386242 370560 406664 265090 260712 1.19248e+06 797526 1.10821e+06 936480 699225
threshold=0.077500000596046462 10962.941894531252 -0.67629325389862049 10967.396484375002 11117.741699218752 0.42604035139083868 12065.986328125002 -23.100000381469723 12182.593261718752 12199.246093750002 0.51117742061615001 0.31095837056636816 12531.822265625002 12549.391601562502
decision_type=2 2 2 2 2 2 2 2 2 2 2 2 2 2
left_child=7 3 4 -2 -3 6 -6 -1 -9 -10 11 -11 -12 -13
right_child=1 2 -4 -5 5 -7 -8 8 9 10 12 13 -14 -15
leaf_value=0.026106026116763985 -0.0080266519427854306 0.3064067208585371 0.027570661979455121 -0.41981157404316266 -0.048120365782733605 -0.05639251779760495 0.76705705175741024 -0.0051288659124287686 0.14697687150035638 0.0066989389148585333 -0.11389294219253035 0.088701757351392449 0.0057182119994880409 0.34646681843616656
leaf_weight=138816 17482 6522 34011 984 452 2956 521 2293234 24392 366543 45140 29047 62323 4916
leaf_count=138816 17482 6522 34011 984 452 2956 521 2293234 24392 366543 45140 29047 62323 4916
internal_value=7.79634e-07 0.0413027 0.070994 -0.0301859 0.212145 0.055287 0.391715 -0.0008761 -0.00220177 0.010407 0.00384627 0.0168274 -0.0445304 0.126104
internal_weight=3.02734e+06 62928 44462 18466 10451 3929 973 2.96441e+06 2.8256e+06 532361 507969 400506 107463 33963
internal_count=3027339 62928 44462 18466 10451 3929 973 2964411 2825595 532361 507969 400506 107463 33963
is_linear=0
shrinkage=0.02


Tree=237
num_leaves=15
num_cat=0
split_feature=7 19 21 7 19 7 8 19 4 4 7 8 7 20
split_gain=290729 1.43614e+06 1.40441e+06 1.44921e+06 1.35808e+06 1.63655e+06 1.43857e+06 1.09428e+06 1.09181e+06 1.03633e+06 962551 923474 865972 836807
threshold=10775.280273437502 10767.543457031252 10803.544921875002 10880.121582031252 10913.085937500002 10921.647949218752 0.73663246631622326 10944.996093750002 -85.235000610351548 -212.43000030517575 10727.798339843752 -0.87837451696395863 10930.946777343752 10887.128906250002
decision_type=2 2 2 2 2 2 2 2 2 2 2 2 2 2
left_child=1 -1 8 9 11 6 -6 -8 -2 -4 -3 13 -7 -5
right_child=2 10 3 4 5 12 7 -9 -10 -11 -12 -13 -14 -15
leaf_value=0.0062368364595886266 -0.3181769098790968 0.53984387362543307 0.49319606803885913 -0.25294657029840822 0.044726104968325776 -0.14634631546953192 -0.05063852735909103 0.48049734469859057 -0.06206767718577335 0.063571549009804967 0.13405169898857686 -0.030605038017438843 0.00028182542368308241 -0.060025602736291268
leaf_weight=137201 7405 2860 2285 17484 14962 16204 1985 7066 65345 105532 12687 75301 2542496 18526
leaf_count=137201 7405 2860 2285 17484 14962 16204 1985 7066 65345 105532 12687 75301 2542496 18526
internal_value=8.35005e-07 0.026887 -0.00142791 0.000824831 -0.0020528 0.000895295 0.165201 0.364083 -0.0881767 0.0727218 0.209001 -0.0704505 -0.000647317 -0.15374
internal_weight=3.02734e+06 152748 2.87459e+06 2.80184e+06 2.69402e+06 2.58271e+06 24013 9051 72750 107817 15547 111311 2.5587e+06 36010
internal_count=3027339 152748 2874591 2801841 2694024 2582713 24013 9051 72750 107817 15547 111311 2558700 36010
is_linear=0
shrinkage=0.02


Tree=238
num_leaves=15
num_cat=0
split_feature=17 4 20 19 19 20 24 16 17 20 4 19 9 4
split_gain=272360 280482 248487 403546 410158 279268 951514 240565 306826 266002 1.05878e+06 968406 1.13142e+06 820396
threshold=0.072292223572731032 284.38999938964849 12846.489746093752 12208.879882812502 12790.271972656252 12820.129882812502 12748.286621093752 -20.100000381469723 0.45416918396949774 12183.192871093752 -174.19499969482419 12208.879882812502 0.51117742061615001 109.44499969482423
decision_type=2 2 2 2 2 2 2 2 2 2 2 2 2 2
left_child=-1 2 5 -4 -5 7 -7 8 -2 -9 -11 13 -13 -12
right_child=1 -3 3 4 -6 6 -8 9 -10 10 11 12 -14 -15
leaf_value=0.076947678087961408 -0.00084576059058015746 0.10019790203455824 0.36308454602749252 -0.15308460551819736 0.12625723961427066 -0.27088994730300903 0.074286665105545421 -0.0057108632665789517 0.040190575160424208 0.18285610308233005 0.052374934622527042 0.01036367260554528 -0.07515144022063594 0.2708349278505337
leaf_weight=18279 175676 11021 1830 3027 6825 6240 6527 2178199 124542 13852 48345 349789 75179 8008
leaf_count=18279 175676 11021 1830 3027 6825 6240 6527 2178199 124542 13852 48345 349789 75179 8008
internal_value=8.739e-07 -0.000466799 -0.000837189 0.0911842 0.04036 -0.00119747 -0.0945003 -0.000796553 0.0161784 -0.00270289 0.0105286 0.00556541 -0.00476575 0.0834619
internal_weight=3.02734e+06 3.00906e+06 2.99804e+06 11682 9852 2.98636e+06 12767 2.97359e+06 300218 2.67337e+06 495173 481321 424968 56353
internal_count=3027339 3009060 2998039 11682 9852 2986357 12767 2973590 300218 2673372 495173 481321 424968 56353
is_linear=0
shrinkage=0.02


Tree=239
num_leaves=15
num_cat=0
split_feature=13 17 17 4 19 16 0 0 21 4 16 19 8 21
split_gain=270347 866858 637018 537009 399605 317444 312246 303661 288457 486898 267707 237160 665439 334960
threshold=8.5000000000000018 0.56281241774559032 0.64796206355094921 -51.17499923706054 12402.195800781252 6.9000000953674325 6238.5000000000009 976.50000000000011 12245.706054687502 -168.94499969482419 -4.7000000476837149 13462.845214843752 0.82309290766716015 12688.229980468752
decision_type=2 2 2 2 2 2 2 2 2 2 2 2 2 2
left_child=2 8 11 10 5 7 -5 -4 -2 -10 -3 -1 13 -13
right_child=1 3 4 6 -6 -7 -8 -9 9 -11 -12 12 -14 -15
leaf_value=0.0018946773964361907 -0.0068237859986952079 0.045284782564350361 0.00073519626154758613 -0.023840572791202153 -0.022181052738280648 -0.019745503441594262 -0.2934903067103023 0.10819459707606933 0.23333450385130242 0.018472171946209856 -0.13992542810616637 0.23636946333539086 -0.53008067483750598 -0.1078829855145612
leaf_weight=1965112 707923 3433 12860 73476 22949 12759 1749 57777 4358 123545 33936 1474 1250 4738
leaf_count=1965112 707923 3433 12860 73476 22949 12759 1749 57777 4358 123545 33936 1474 1250 4738
internal_value=9.09262e-07 -0.00884772 0.00403776 -0.0609411 0.0517164 0.072052 -0.0301484 0.088634 -0.00182956 0.0258109 -0.122903 0.00146706 -0.110995 -0.025946
internal_weight=3.02734e+06 948420 2.07892e+06 112594 106345 83396 75225 70637 835826 127903 37369 1.97257e+06 7462 6212
internal_count=3027339 948420 2078919 112594 106345 83396 75225 70637 835826 127903 37369 1972574 7462 6212
is_linear=0
shrinkage=0.02


Tree=240
num_leaves=15
num_cat=0
split_feature=7 24 21 24 7 20 7 24 20 22 8 22 7 7
split_gain=293961 380691 322686 654908 753817 562812 708571 420822 437135 379859 510526 337590 2.42637e+06 1.0917e+06
threshold=12805.279296875002 12815.684082031252 12761.528320312502 12787.393554687502 12767.550292968752 12795.735839843752 12723.007324218752 12771.544921875002 12804.312011718752 12790.105468750002 0.69195944070816051 12676.985351562502 12671.147949218752 12544.754394531252
decision_type=2 2 2 2 2 2 2 2 2 2 2 2 2 2
left_child=2 -2 3 5 -5 11 -7 8 -4 -9 -11 13 -13 -1
right_child=1 -3 7 4 -6 6 -8 9 -10 10 -12 12 -14 -15
leaf_value=0.0018938741476146484 -0.12822519692985748 0.039416201917502641 0.062419921514190693 0.073209316963313384 -0.3653588873619365 -0.043926899673233114 -0.51402357622359207 0.21428636272323157 -0.087652075542410779 -0.052088192467118495 0.18039446656926 0.37217590976000497 -0.0004026902289677826 -0.063410483433733289
leaf_weight=2764021 15561 8304 18765 2525 4112 3984 1883 8945 13228 8576 6739 7971 56401 106324
leaf_count=2764021 15561 8304 18765 2525 4112 3984 1883 8945 13228 8576 6739 7971 56401 106324
internal_value=8.57822e-07 -0.0699002 0.000556515 -0.000349236 -0.198647 9.89955e-05 -0.195425 0.0480028 0.000361711 0.110803 0.0502599 0.000490552 0.045783 -0.000525351
internal_weight=3.02734e+06 23865 3.00347e+06 2.94722e+06 6637 2.94058e+06 5867 56253 31993 24260 15315 2.93472e+06 64372 2.87034e+06
internal_count=3027339 23865 3003474 2947221 6637 2940584 5867 56253 31993 24260 15315 2934717 64372 2870345
is_linear=0
shrinkage=0.02


Tree=241
num_leaves=15
num_cat=0
split_feature=7 22 7 22 7 7 22 7 22 21 8 22 0 4
split_gain=288188 2.08538e+06 1.34421e+06 726548 1.43529e+06 1.88224e+06 1.52241e+06 775472 2.52237e+06 1.53663e+06 2.02157e+06 1.19901e+06 1.19618e+06 1.17106e+06
threshold=11203.090820312502 11202.510742187502 11240.761718750002 11171.453125000002 11130.324218750002 11171.963378906252 11230.870605468752 11019.201171875002 11023.841308593752 10976.944824218752 -0.82622474431991566 10947.228515625002 1503.5000000000002 192.47499847412112
decision_type=2 2 2 2 2 2 2 2 2 2 2 2 2 2
left_child=3 2 -2 7 -5 -6 -7 9 11 -1 12 -9 -11 -12
right_child=1 -3 -4 4 5 6 -8 8 -10 10 13 -13 -14 -15
leaf_value=-0.0025705103509242287 -0.070248107195759538 0.00010514279942780797 -0.31947793976747718 -0.11521580156069532 0.24938512895121751 0.025273448154563539 0.32021408732675272 0.18489334484307521 0.0008790886492617149 0.017430509808979647 0.04866182327320235 -0.20216385035212536 0.70565778045169125 0.45397383453051798
leaf_weight=629774 88616 1750615 9585 21000 18710 161878 7307 3478 174395 1489 115217 39226 3135 2914
leaf_count=629774 88616 1750615 9585 21000 18710 161878 7307 3478 174395 1489 115217 39226 3135 2914
internal_value=8.19821e-07 -0.0049259 -0.0946047 0.00772964 0.041561 0.0590884 0.0380301 0.000440696 -0.0328583 0.0100475 0.0747775 -0.170604 0.484558 0.0586976
internal_weight=3.02734e+06 1.84882e+06 98201 1.17852e+06 208895 187895 169185 969628 217099 752529 122755 42704 4624 118131
internal_count=3027339 1848816 98201 1178523 208895 187895 169185 969628 217099 752529 122755 42704 4624 118131
is_linear=0
shrinkage=0.02


Tree=242
num_leaves=15
num_cat=0
split_feature=7 21 24 4 7 7 7 0 25 24 8 7 4 7
split_gain=285008 2.90561e+06 2.65076e+06 1.09865e+06 1.00328e+06 1.14537e+06 990750 965046 946297 1.06624e+06 754742 746611 736039 853117
threshold=12043.893554687502 12074.601562500002 12037.662109375002 -168.94499969482419 12033.012207031252 12007.106445312502 11972.123535156252 1954.5000000000002 0.062477556988596923 12098.945800781252 0.42604035139083868 12021.527343750002 -271.19000244140619 11421.926269531252
decision_type=2 2 2 2 2 2 2 2 2 2 2 2 2 2
left_child=2 7 12 -3 5 6 10 -2 -5 -10 -4 -7 13 -1
right_child=1 3 4 8 -6 11 -8 -9 9 -11 -12 -13 -14 -15
leaf_value=-0.1164475290592915 -0.031619651576736608 0.12513770413013384 0.78489439892303747 0.0056908457611555404 0.050082864417117394 0.55045082280343116 -0.043607751726126492 -0.18056419477590971 -0.46446148962506978 -0.05268120484239075 0.079185946883046768 0.25092647940448654 0.0013060785412014133 -0.77208187520907645
leaf_weight=7699 26953 27878 1169 627592 20078 4942 7401 49113 2584 83147 1253 10274 2156380 876
leaf_count=7699 26953 27878 1169 627592 20078 4942 7401 49113 2584 83147 1253 10274 2156380 876
internal_value=8.89638e-07 -0.0100904 0.0037326 0.00199104 0.155444 0.239875 0.0714152 -0.127799 -0.00282342 -0.0651455 0.421637 0.348508 0.000570271 -0.184249
internal_weight=3.02734e+06 817267 2.21007e+06 741201 45117 25039 9823 76066 713323 85731 2422 15216 2.16496e+06 8575
internal_count=3027339 817267 2210072 741201 45117 25039 9823 76066 713323 85731 2422 15216 2164955 8575
is_linear=0
shrinkage=0.02


Tree=243
num_leaves=15
num_cat=0
split_feature=7 24 23 20 20 4 4 0 25 7 25 4 7 24
split_gain=282637 365837 344934 842229 816504 534661 443054 933908 965227 690671 563821 648857 434488 1.29427e+06
threshold=12805.279296875002 12815.684082031252 12738.863281250002 12689.021972656252 12804.312011718752 131.08499908447268 -23.954999923706051 3113.5000000000005 0.038914348930120475 12723.007324218752 0.046465480700135238 -72.844997406005845 12544.754394531252 12553.947753906252
decision_type=2 2 2 2 2 2 2 2 2 2 2 2 2 2
left_child=2 -2 4 -4 12 -6 7 8 -5 -8 11 -9 -1 -14
right_child=1 -3 3 6 5 -7 9 10 -10 -11 -12 -13 13 -15
leaf_value=0.0018487543361612627 -0.12571638327030057 0.038622010775164424 0.67528068940894226 0.12643416691300144 -0.099434920368761892 -0.46085070836203434 0.15846318752926891 0.37755728242359965 0.53733386116599224 -0.034572790885436459 -0.15505149322039447 -0.21485537822493908 -0.14875148964688018 -0.0038932213719419795
leaf_weight=2764460 15561 8304 823 12459 5871 2265 9078 2078 2794 40241 6539 1137 30729 125000
leaf_count=2764460 15561 8304 823 12459 5871 2265 9078 2078 2794 40241 6539 1137 30729 125000
internal_value=8.84143e-07 -0.0685406 0.000545734 0.042852 -0.000540099 -0.200495 0.035759 0.104315 0.202006 0.000983276 -0.0484977 0.168025 1.76776e-05 -0.032485
internal_weight=3.02734e+06 23865 3.00347e+06 75149 2.92832e+06 8136 74326 25007 15253 49319 9754 3215 2.92019e+06 155729
internal_count=3027339 23865 3003474 75149 2928325 8136 74326 25007 15253 49319 9754 3215 2920189 155729
is_linear=0
shrinkage=0.02


Tree=244
num_leaves=15
num_cat=0
split_feature=7 20 7 7 0 17 0 0 20 7 7 20 7 7
split_gain=280065 548507 1.60142e+06 434763 341520 313133 294072 341124 274307 1.47163e+06 1.31366e+06 1.301e+06 1.2244e+06 1.1677e+06
threshold=10065.734863281252 10658.433593750002 10679.781738281252 10640.455566406252 8173.0000000000009 0.072292223572731032 1974.5000000000002 6951.5000000000009 10804.545898437502 10869.183593750002 10794.216308593752 10887.128906250002 10889.665527343752 10869.183593750002
decision_type=2 2 2 2 2 2 2 2 2 2 2 2 2 2
left_child=-1 -2 3 -3 5 -4 -5 -8 10 -10 -7 -11 -13 -12
right_child=1 2 4 6 -6 8 7 -9 9 11 13 12 -14 -15
leaf_value=0.096762052320820108 -0.068103478705548059 0.34294893842507995 0.086313440291850826 -0.072619828168157818 -0.11828169584665908 0.012585955723511495 0.20183957725360674 -0.019738790868476807 0.077671902138830018 -0.092531848550982607 -0.18102938841843458 0.24759065251486828 -0.00071036988065088997 0.06226053439924191
leaf_weight=11908 47082 4437 16619 2637 9825 96648 13011 3531 95796 62151 31928 7958 2613333 10475
leaf_count=11908 47082 4437 16619 2637 9825 96648 13011 3531 95796 62151 31928 7958 2613333 10475
internal_value=9.10615e-07 -0.000381514 0.000692866 0.164696 -0.000622945 -0.000228658 0.123299 0.154558 -0.000721796 0.000649782 -0.028134 -0.0021001 4.43834e-05 -0.120927
internal_weight=3.02734e+06 3.01543e+06 2.96835e+06 23616 2.94473e+06 2.93491e+06 19179 16542 2.91829e+06 2.77924e+06 139051 2.68344e+06 2.62129e+06 42403
internal_count=3027339 3015431 2968349 23616 2944733 2934908 19179 16542 2918289 2779238 139051 2683442 2621291 42403
is_linear=0
shrinkage=0.02


Tree=245
num_leaves=15
num_cat=0
split_feature=5 21 9 8 1 8 24 19 24 19 9 6 21 19
split_gain=262168 407921 391252 273241 271272 326420 389234 618760 398646 456007 428967 451873 350523 311151
threshold=0.062499998137354858 10862.582031250002 -0.67629325389862049 0.70960983633995067 94.94791412353517 0.89291974902153026 10772.733398437502 10772.573242187502 10797.577148437502 10795.645507812502 -0.72323438525199879 106.43545532226564 12838.442382812502 10866.328125000002
decision_type=2 2 2 2 2 2 2 2 2 2 2 2 2 2
left_child=4 3 -3 -2 -1 6 7 -6 9 -8 11 -10 13 -12
right_child=1 2 -4 -5 5 -7 8 -9 10 -11 12 -13 -14 -15
leaf_value=0.0028006705627532176 -0.16674316034310874 0.096333581728479528 0.019210211795499657 -0.013870326793971922 0.031017644159930517 0.012743181642324719 -0.086923764905391873 0.40339725615718025 -0.023681373620091321 -0.46295706624776417 0.03509514399977811 0.13695569058540136 0.24264430020430364 -0.025059596290220906
leaf_weight=1931446 5835 34428 111537 23412 26313 192846 7864 1905 13616 1535 36393 14410 2002 623797
leaf_count=1931446 5835 34428 111537 23412 26313 192846 7864 1905 13616 1535 36393 14410 2002 623797
internal_value=9.3037e-07 0.0237463 0.0374064 -0.0444169 -0.00145787 -0.0103916 -0.0165214 0.0562917 -0.019459 -0.148765 -0.0176961 0.0589313 -0.02094 -0.0217431
internal_weight=3.02734e+06 175212 145965 29247 2.85213e+06 920681 727835 28218 699617 9399 690218 28026 662192 660190
internal_count=3027339 175212 145965 29247 2852127 920681 727835 28218 699617 9399 690218 28026 662192 660190
is_linear=0
shrinkage=0.02


Tree=246
num_leaves=15
num_cat=0
split_feature=7 20 7 7 20 23 23 7 8 20 21 19 23 7
split_gain=274376 1.7483e+06 2.23936e+06 1.94272e+06 3.57625e+06 2.3636e+06 1.01325e+06 1.55596e+06 914497 889420 846376 809450 753698 1.49342e+06
threshold=11199.130371093752 11247.871582031252 11227.193847656252 11368.623535156252 11400.935058593752 11383.837402343752 11362.559570312502 11346.758300781252 0.9084724783897401 11159.052734375002 11106.084472656252 11186.842773437502 11175.624023437502 11130.324218750002
decision_type=2 2 2 2 2 2 2 2 2 2 2 2 2 2
left_child=12 2 9 4 6 -5 -3 -8 -6 10 -2 -4 -1 -14
right_child=1 3 11 5 8 -7 7 -9 -10 -11 -12 -13 13 -15
leaf_value=0.0011088711113894909 0.3186457306899308 0.022870796712513797 -0.34030371678502941 -0.13490563584380511 -0.043116591342186157 0.00055278468677368226 0.4623668322632325 0.086231299632712061 0.60221831248444679 -0.0015818722549131503 -0.14693206615699092 -0.13045192213090989 -0.11122552678092591 0.070778280814729574
leaf_weight=968653 1645 122564 8578 53437 1026 1433186 5308 25507 6039 159536 27946 51380 20650 141884
leaf_count=968653 1645 122564 8578 53437 1026 1433186 5308 25507 6039 159536 27946 51380 20650 141884
internal_value=9.25316e-07 -0.0046496 -0.0540322 0.00281877 0.0689343 -0.00431716 0.0486517 0.151152 0.50857 -0.0202639 -0.12095 -0.160527 0.00779636 0.0476491
internal_weight=3.02734e+06 1.89615e+06 249085 1.64707e+06 160444 1.48662e+06 153379 30815 7065 189127 29591 59958 1.13119e+06 162534
internal_count=3027339 1896152 249085 1647067 160444 1486623 153379 30815 7065 189127 29591 59958 1131187 162534
is_linear=0
shrinkage=0.02


Tree=247
num_leaves=15
num_cat=0
split_feature=7 24 23 19 7 20 20 7 19 7 24 7 19 7
split_gain=271628 351161 329506 1.03144e+06 874425 783720 718763 454612 452199 418016 1.24303e+06 1.14747e+06 1.08008e+06 1.47071e+06
threshold=12805.279296875002 12815.684082031252 12738.863281250002 12951.521484375002 12767.550292968752 12804.312011718752 12689.021972656252 12723.007324218752 11745.066894531252 12544.754394531252 12553.947753906252 12607.619628906252 12292.824218750002 12291.576660156252
decision_type=2 2 2 2 2 2 2 2 2 2 2 2 2 2
left_child=2 -2 5 6 -5 9 -4 -7 -8 12 11 -11 13 -1
right_child=1 -3 3 4 -6 7 8 -9 -10 10 -12 -13 -14 -15
leaf_value=-0.00026081673970537126 -0.12320964046019431 0.037798662602389031 0.66213089286923266 0.032530981787726863 -0.27553897419007567 -0.049283471036532696 0.39586768657309973 -0.34828718829458427 0.061116605968060775 -0.11265125175251632 -0.0038401936963712293 -0.59689456520153727 0.055060866866205524 -0.26281322467519791
leaf_weight=2611487 15561 8304 823 8113 6740 4139 1651 3997 57822 28637 125000 2092 144421 8552
leaf_count=2611487 15561 8304 823 8113 6740 4139 1651 3997 57822 28637 125000 2092 144421 8552
internal_value=9.50168e-07 -0.0671924 0.000535084 0.0418844 -0.107355 -0.000526187 0.0786593 -0.196426 0.0704748 2.02766e-05 -0.0318603 -0.145802 0.00181631 -0.00111881
internal_weight=3.02734e+06 23865 3.00347e+06 75149 14853 2.92832e+06 60296 8136 59473 2.92019e+06 155729 30729 2.76446e+06 2.62004e+06
internal_count=3027339 23865 3003474 75149 14853 2928325 60296 8136 59473 2920189 155729 30729 2764460 2620039
is_linear=0
shrinkage=0.02


Tree=248
num_leaves=15
num_cat=0
split_feature=8 20 19 4 8 20 19 21 24 4 24 4 23 24
split_gain=257973 564573 888314 609285 497463 916955 1.6008e+06 1.53159e+06 697424 664008 879620 1.16885e+06 609258 619299
threshold=-0.95380857586860646 11349.686035156252 11351.640625000002 -234.370002746582 -0.844174563884735 11000.277343750002 11040.188476562502 10924.975097656252 10918.003417968752 -49.735000610351555 12190.638671875002 -143.60500335693357 10881.010742187502 10901.408203125002
decision_type=2 2 2 2 2 2 2 2 2 2 2 2 2 2
left_child=1 -1 -3 -4 5 7 -7 8 12 10 -8 -12 -2 -14
right_child=4 2 3 -5 -6 6 9 -9 -10 -11 11 -13 13 -15
leaf_value=0.039064144572819669 0.026421077626569641 -0.37132082580971448 -0.31191951332541679 -0.023527154189253028 -0.00098130470374187392 0.65205588574927786 0.04259679970919051 -0.40766159248203643 0.27023337446936013 -0.012094733023294127 0.44178196363268885 0.1055863212491118 -0.20566232221549158 -0.0089052949844675034
leaf_weight=55806 35043 3032 2959 225433 2460546 1729 120282 4167 3302 62165 5081 22127 12114 13553
leaf_count=55806 35043 3032 2959 225433 2460546 1729 120282 4167 3302 62165 5081 22127 12114 13553
internal_value=8.9572e-07 -0.0180312 -0.0318005 -0.0272771 0.00189117 0.0271722 0.0477426 -0.0366024 -0.0123873 0.042728 0.0658344 0.16851 -0.0278013 -0.101813
internal_weight=3.02734e+06 287230 231424 228392 2.74011e+06 279563 211384 68179 64012 209655 147490 27208 60710 25667
internal_count=3027339 287230 231424 228392 2740109 279563 211384 68179 64012 209655 147490 27208 60710 25667
is_linear=0
shrinkage=0.02


Tree=249
num_leaves=15
num_cat=0
split_feature=7 23 22 7 0 9 4 23 7 7 7 4 7 19
split_gain=273180 2.81797e+06 2.42009e+06 1.08834e+06 993277 1.13143e+06 992011 846854 754719 975858 876633 689349 815883 647439
threshold=12043.893554687502 12087.429687500002 12036.090820312502 12033.012207031252 2111.5000000000005 0.55122801661491405 -168.94499969482419 12071.892089843752 12007.106445312502 12021.527343750002 11972.123535156252 -271.19000244140619 11421.926269531252 11990.697265625002
decision_type=2 2 2 2 2 2 2 2 2 2 2 2 2 2
left_child=2 4 11 7 -2 -6 -3 8 10 -10 -4 12 -1 -5
right_child=1 6 3 13 5 -7 -8 -9 9 -11 -12 -13 -14 -15
leaf_value=-0.11182944036410562 -0.028078259422215725 0.1205080634199467 0.50421622771621089 0.66683273146534694 -0.13876953982502679 -0.50085963802425826 -0.00099965680952877824 1.0917073599632752 0.56639453261645867 0.20833527339999694 -0.063079359090914139 0.0014411809682336654 -0.75298975102788435 0.027666268509619642
leaf_weight=7699 35968 27951 1365 645 56910 3667 692771 460 4278 10582 5241 2159184 876 19742
leaf_count=7699 35968 27951 1365 645 56910 3667 692771 460 4278 10582 5241 2159184 876 19742
internal_value=8.93135e-07 -0.00987876 0.00365435 0.153436 -0.111342 -0.160768 0.00371423 0.251212 0.2327 0.311729 0.054723 0.000730017 -0.178132 0.0482061
internal_weight=3.02734e+06 817267 2.21007e+06 42313 96545 60577 720722 21926 21466 14860 6606 2.16776e+06 8575 20387
internal_count=3027339 817267 2210072 42313 96545 60577 720722 21926 21466 14860 6606 2167759 8575 20387
is_linear=0
shrinkage=0.02


Tree=250
num_leaves=15
num_cat=0
split_feature=13 14 14 4 22 21 9 14 4 9 25 19 8 21
split_gain=255009 684392 569953 503396 484899 258488 248728 222927 217816 236332 284158 215467 537509 266201
threshold=6.2999999523162851 0.67433816194534313 0.68889290094375621 -60.42499923706054 11074.038085937502 12773.829101562502 -0.90470352768897999 0.51137384772300731 11.105000019073488 -0.90470352768897999 0.050938224419951446 13462.845214843752 0.82309290766716015 12688.229980468752
decision_type=2 2 2 2 2 2 2 2 2 2 2 2 2 2
left_child=2 5 11 -3 -4 7 -5 -2 -6 10 -10 -1 13 -13
right_child=1 3 4 6 8 -7 -8 -9 9 -11 -12 12 -14 -15
leaf_value=0.0010698242569455875 0.0085583739053752671 -0.10155741047090619 0.079488293770826973 0.43708389252742513 -0.013368160795553585 0.075942039918756019 -0.024995518570709446 -0.011311195851528864 0.1021147121375591 0.032910458053595507 0.77399945755004884 0.22572314729795431 -0.50296147049852391 -0.10655117076492548
leaf_weight=1724425 398238 46655 68189 458 62348 17013 108101 521786 778 72434 365 1246 1157 4146
leaf_count=1724425 398238 46655 68189 458 62348 17013 108101 521786 778 72434 365 1246 1157 4146
internal_value=9.8034e-07 -0.00772518 0.004362 -0.0466224 0.03597 -0.00128166 -0.0230058 -0.00271051 0.0141339 0.0374376 0.32154 0.000634638 -0.113779 -0.0294888
internal_weight=3.02734e+06 1.09225e+06 1.93509e+06 155214 204114 937037 108559 920024 135925 73577 1143 1.73097e+06 6549 5392
internal_count=3027339 1092251 1935088 155214 204114 937037 108559 920024 135925 73577 1143 1730974 6549 5392
is_linear=0
shrinkage=0.02


Tree=251
num_leaves=15
num_cat=0
split_feature=7 24 7 4 0 0 7 4 24 7 7 24 20 9
split_gain=266486 580899 1.53016e+06 486954 350337 329321 315002 2.17848e+06 1.33489e+06 1.1225e+06 1.07627e+06 1.54878e+06 1.11521e+06 1.24909e+06
threshold=10065.734863281252 10652.759277343752 10679.781738281252 59.594999313354499 6951.5000000000009 8173.0000000000009 10775.280273437502 -48.325000762939446 10797.577148437502 10759.808593750002 10889.665527343752 10909.731933593752 10897.885742187502 0.44621255993843084
decision_type=2 2 2 2 2 2 2 2 2 2 2 2 2 2
left_child=-1 -2 3 -3 -5 6 7 9 -8 -4 11 -10 13 -12
right_child=1 2 5 4 -6 -7 8 -9 10 -11 12 -13 -14 -15
leaf_value=0.094387396813986571 -0.070203662853002585 -0.067251279765280322 0.47725895611123448 0.23694445042680187 0.040119943199563121 -0.11611470574368887 -0.093432213276463214 -0.01742289026798963 0.041083412646054356 0.11727707693385636 -0.13070587887337007 0.35546053122709326 0.00015700838158543403 0.075517775930960776
leaf_weight=11908 46898 3303 5722 16468 4641 9825 61400 52298 123083 8784 50805 6595 2610335 15274
leaf_count=11908 46898 3303 5722 16468 4641 9825 61400 52298 123083 8784 50805 6595 2610335 15274
internal_value=1.02548e-06 -0.000372013 0.000731439 0.158389 0.193711 -0.000576345 -0.000189083 0.0427399 -0.00118935 0.259507 0.000829328 0.0570979 -0.0018972 -0.0830333
internal_weight=3.02734e+06 3.01543e+06 2.96853e+06 24412 21109 2.94412e+06 2.9343e+06 66804 2.86749e+06 14506 2.80609e+06 129678 2.67641e+06 66079
internal_count=3027339 3015431 2968533 24412 21109 2944121 2934296 66804 2867492 14506 2806092 129678 2676414 66079
is_linear=0
shrinkage=0.02


Tree=252
num_leaves=15
num_cat=0
split_feature=7 21 24 9 7 7 7 7 9 19 24 24 7 24
split_gain=260478 2.69132e+06 2.4414e+06 1.01578e+06 922445 1.07273e+06 902408 692835 690076 620588 607078 550524 533712 3.27095e+06
threshold=12043.893554687502 12074.601562500002 12037.662109375002 0.58100306987762462 12033.012207031252 12007.106445312502 11972.123535156252 12021.527343750002 -0.90470352768897999 11990.697265625002 12054.002441406252 12065.986328125002 12205.039550781252 12182.593261718752
decision_type=2 2 2 2 2 2 2 2 2 2 2 2 2 2
left_child=2 3 -1 -2 5 6 8 -7 -4 -6 -5 -9 13 -3
right_child=1 12 4 10 9 7 -8 11 -10 -11 -12 -13 -14 -15
leaf_value=0.00053369457487172252 -0.10534361800497616 -0.018384119149249201 0.74868511662632853 -0.57246962260668566 0.65364632287644298 0.52978889811212304 -0.04267771001675074 0.21534017626311572 0.073902969779059594 0.02771366756215643 -0.025269721464026975 1.0763450469100904 -0.0090090913056860237 0.15646457954146109
leaf_weight=2164955 71919 160670 1169 3041 645 4942 7401 9977 1253 19433 1106 297 522207 58324
leaf_count=2164955 71919 160670 1169 3041 645 4942 7401 9977 1253 19433 1106 297 522207 58324
internal_value=1.06753e-06 -0.00964616 0.00356857 -0.122931 0.149165 0.230124 0.067096 0.335255 0.40134 0.048138 -0.426949 0.241254 0.00198122 0.0281877
internal_weight=3.02734e+06 817267 2.21007e+06 76066 45117 25039 9823 15216 2422 20078 4147 10274 741201 218994
internal_count=3027339 817267 2210072 76066 45117 25039 9823 15216 2422 20078 4147 10274 741201 218994
is_linear=0
shrinkage=0.02


Tree=253
num_leaves=15
num_cat=0
split_feature=5 0 21 19 25 0 25 8 25 25 13 14 8 0
split_gain=249698 277595 290302 502004 350438 350114 327273 319307 254332 250356 249117 408329 272952 531367
threshold=0.082499999552965178 2172.5000000000005 10962.941894531252 11017.678710937502 0.010609865654259922 4996.5000000000009 0.035609401762485511 0.79178315401077282 0.048261513933539398 0.069667566567659392 -12.099999904632567 0.63109514117240917 -0.95380857586860646 2253.5000000000005
decision_type=2 2 2 2 2 2 2 2 2 2 2 2 2 2
left_child=10 -2 5 6 -5 7 -4 -3 -9 -6 11 -1 13 -12
right_child=1 2 3 4 9 -7 -8 8 -10 -11 12 -13 -14 -15
leaf_value=0.0006512139212137111 -0.022281811285025134 -0.2133098444999755 0.46962695578494179 -0.35394560970366001 0.12471170736642757 0.16641457960208275 0.15716692444655819 0.27871950760228503 -0.19698655855638905 -0.12486118605016698 0.0077379894533884663 0.036203857786405884 -0.0015049350389821057 -0.053596211237624536
leaf_weight=482382 14559 3668 2327 750 10943 2896 3184 1216 701 1876 107137 176490 2099684 119526
leaf_count=482382 14559 3668 2327 750 10943 2896 3184 1216 701 1876 107137 176490 2099684 119526
internal_value=1.22543e-06 0.0483514 0.0856585 0.128915 0.0634392 -0.0116924 0.289717 -0.104182 0.104636 0.0881175 -0.000681126 0.010175 -0.00375586 -0.0246062
internal_weight=3.02734e+06 42120 27561 19080 13569 8481 5511 5585 1917 12819 2.98522e+06 658872 2.32635e+06 226663
internal_count=3027339 42120 27561 19080 13569 8481 5511 5585 1917 12819 2985219 658872 2326347 226663
is_linear=0
shrinkage=0.02


Tree=254
num_leaves=15
num_cat=0
split_feature=4 25 13 14 4 14 23 4 4 20 20 25 4 23
split_gain=246095 364622 236387 455346 295389 697228 384811 424988 356250 323441 531383 307734 945160 427265
threshold=284.38999938964849 0.039198905229568488 -9.2999997138977033 0.63109514117240917 -113.6949996948242 0.58338662981987011 12144.800292968752 -168.94499969482419 -249.45500183105466 11901.587890625002 11432.057617187502 0.019609481096267704 213.45500183105472 11343.042968750002
decision_type=2 2 2 2 2 2 2 2 2 2 2 2 2 2
left_child=2 -2 3 -1 5 6 9 -8 -7 10 -4 12 13 -6
right_child=1 -3 4 -5 11 8 7 -9 -10 -11 -12 -13 -14 -15
leaf_value=5.8340194238559157e-05 -0.22980639037552331 0.13385652969984543 -0.017731877655994484 0.033847311904942674 -0.030552027248883902 -0.20248430033423107 0.1720489066028284 0.0077607765269884967 -0.054599058919749643 -0.10408760274664111 0.10022287303695977 0.0042861819842544046 -1.0448522914765586 0.003847040271690947
leaf_weight=626573 1231 9946 113449 214018 276123 6990 10263 16282 94606 13658 17644 1323390 345 302821
leaf_count=626573 1231 9946 113449 214018 276123 6990 10263 16282 94606 13658 17644 1323390 345 302821
internal_value=1.21908e-06 0.0936324 -0.000346053 0.00866148 -0.00382639 -0.0232853 0.00133516 0.0713205 -0.064793 -0.0115029 -0.00184959 -0.00103537 -0.0131924 -0.0125595
internal_weight=3.02734e+06 11177 3.01616e+06 840591 2.17557e+06 272892 171296 26545 101596 144751 131093 1.90268e+06 579289 578944
internal_count=3027339 11177 3016162 840591 2175571 272892 171296 26545 101596 144751 131093 1902679 579289 578944
is_linear=0
shrinkage=0.02


Tree=255
num_leaves=15
num_cat=0
split_feature=7 20 7 23 7 4 7 20 7 23 7 23 7 0
split_gain=261277 2.20365e+06 1.08861e+06 800278 4.00834e+06 1.49563e+06 1.43932e+06 3.0537e+06 1.24332e+06 751249 757754 734778 1.31302e+06 1.79999e+06
threshold=11204.128417968752 11188.286132812502 11230.460449218752 11353.098144531252 11346.758300781252 58.465000152587898 11368.623535156252 11409.897949218752 11368.623535156252 11388.271972656252 11418.445800781252 11168.909667968752 11130.324218750002 3542.5000000000005
decision_type=2 2 2 2 2 2 2 2 2 2 2 2 2 2
left_child=11 2 -2 8 5 -5 7 -6 -3 10 -8 -1 -13 -14
right_child=1 3 -4 4 6 -7 9 -9 -10 -11 -12 12 13 -15
leaf_value=-0.00033114875413573056 -0.092736367436742462 -0.01895605670480164 -0.34415098516371684 0.063189237838609427 0.058426830615745308 0.5800599237471552 -0.058057975714735352 0.60585403416707784 -0.16674696747465695 0.00088976267909867193 -0.3453811915034895 -0.109957495698535 0.023810230452491001 0.16683772106508538
leaf_weight=963156 46156 238851 8091 3398 42129 6573 33872 4503 25159 1424176 4109 21258 160863 45045
leaf_count=963156 46156 238851 8091 3398 42129 6573 33872 4503 25159 1424176 4109 21258 160863 45045
internal_value=1.11355e-06 -0.00472849 -0.130292 -0.000907058 0.00467986 0.404158 0.00203719 0.111408 -0.0330457 -0.00145165 -0.0892255 0.00730027 0.0396552 0.055106
internal_weight=3.02734e+06 1.83702e+06 54247 1.78277e+06 1.51876e+06 9971 1.50879e+06 46632 264010 1.46216e+06 37981 1.19032e+06 227166 205908
internal_count=3027339 1837017 54247 1782770 1518760 9971 1508789 46632 264010 1462157 37981 1190322 227166 205908
is_linear=0
shrinkage=0.02


Tree=256
num_leaves=15
num_cat=0
split_feature=7 24 4 20 7 19 9 7 24 7 7 9 20 7
split_gain=257267 1.31877e+06 1.22607e+06 835866 1.16328e+06 901592 608891 1.13297e+06 606194 2.18799e+06 1.92329e+06 1.62945e+06 835572 1.86398e+06
threshold=12535.058593750002 12535.246093750002 -49.735000610351555 12557.668457031252 12557.411132812502 12538.593750000002 -0.70459485054016102 12680.433105468752 12220.685058593752 12223.541503906252 12194.770507812502 -0.44019870460033411 12209.516601562502 12189.963378906252
decision_type=2 2 2 2 2 2 2 2 2 2 2 2 2 2
left_child=1 8 -3 4 -2 -6 7 -5 9 12 -10 -11 -1 -14
right_child=3 2 -4 6 5 -7 -8 -9 10 11 -12 -13 13 -15
leaf_value=-0.0016940444638565552 -0.022934318089899618 0.38857530067737628 0.060397934069179017 0.41632270654212572 -0.42626963056391914 -0.11671870060102921 -0.012663457160722841 0.030694540039314565 0.33657066503346367 -1.0563132854307076 0.021670063060112738 -0.18568775905603807 0.32945768850902857 -0.01189524116354705
leaf_weight=2484859 30362 6410 15681 3729 6038 9995 220371 16489 8095 903 181348 14993 9854 18212
leaf_count=2484859 30362 6410 15681 3729 6038 9995 220371 16489 8095 903 181348 14993 9854 18212
internal_value=1.115e-06 0.00188791 0.155757 -0.0180149 -0.0957322 -0.233489 -0.00302447 0.101991 0.000636858 -0.00194825 0.0351431 -0.235779 -0.000468163 0.108028
internal_weight=3.02734e+06 2.74036e+06 22091 286984 46395 16033 240589 20218 2.71826e+06 2.52882e+06 189443 15896 2.51292e+06 28066
internal_count=3027339 2740355 22091 286984 46395 16033 240589 20218 2718264 2528821 189443 15896 2512925 28066
is_linear=0
shrinkage=0.02


Tree=257
num_leaves=15
num_cat=0
split_feature=5 23 0 24 8 0 8 21 8 8 24 21 21 8
split_gain=244205 386898 410303 354906 410621 344901 375682 365046 282392 354391 395146 403689 303304 257300
threshold=0.062499998137354858 10860.633789062502 737.50000000000011 11940.630859375002 0.97559595108032238 5326.5000000000009 0.66452467441558849 11897.421875000002 0.42604035139083868 0.86057791113853466 12182.593261718752 12414.312988281252 12705.688476562502 0.70960983633995067
decision_type=2 2 2 2 2 2 2 2 2 2 2 2 2 2
left_child=-1 13 -3 4 5 7 -7 -4 -5 -10 -11 -12 -13 -2
right_child=1 2 3 8 -6 6 -8 -9 9 10 11 12 -14 -15
leaf_value=-0.0014068578998408254 -0.16206775387847244 -0.037460850175097232 0.070419605675606511 0.2609911744690408 -0.057010820303553721 -0.20562974968163863 0.29061244118442447 0.36653172213941254 -0.074474467997941995 -0.044262796470486421 0.32463133216860912 -0.051277747472808118 0.18185949574685617 -0.01379581348228478
leaf_weight=2852127 5834 25012 63401 1632 8281 680 5438 1701 17343 10383 3002 4805 4153 23547
leaf_count=2852127 5834 25012 63401 1632 8281 680 5438 1701 17343 10383 3002 4805 4153 23547
internal_value=1.07588e-06 0.0229185 0.0362585 0.051522 0.0762311 0.0917297 0.235208 0.0782119 0.00397109 -0.00666088 0.045986 0.124308 0.0568866 -0.043283
internal_weight=3.02734e+06 175212 145831 120819 79501 71220 6118 65102 41318 39686 22343 11960 8958 29381
internal_count=3027339 175212 145831 120819 79501 71220 6118 65102 41318 39686 22343 11960 8958 29381
is_linear=0
shrinkage=0.02


Tree=258
num_leaves=15
num_cat=0
split_feature=17 13 17 17 9 16 19 16 21 19 25 19 20 20
split_gain=239204 241061 721342 633550 507086 368804 345895 318206 268542 246614 228112 222791 266099 220841
threshold=0.072292223572731032 6.2999999523162851 0.56281241774559032 0.62830656766891491 0.085330490022897734 -4.4999999999999991 12402.195800781252 10.09999990463257 12761.528320312502 12180.612792968752 0.062477556988596923 10781.623046875002 11215.655761718752 11931.432617187502
decision_type=2 2 2 2 2 2 2 2 2 2 2 2 2 2
left_child=-1 3 8 -2 10 -6 7 9 -3 13 -4 -7 -13 -5
right_child=1 2 4 6 5 11 -8 -9 -10 -11 -12 12 -14 -15
leaf_value=0.072112446388442969 0.00079539446910243143 -0.0036923769911471056 -0.0072324213345577176 0.084964985984532837 0.048766349284855945 0.039882509475849336 -0.018056090180912192 -0.034535255114600878 0.066433615465740406 0.22896444899050961 -0.10632852614033284 -0.19245392232669065 -0.088888959578812057 -0.00047657387481964987
leaf_weight=18279 1798088 937788 66587 68728 5633 3105 25627 11493 22354 4084 10789 18168 21931 14685
leaf_count=18279 1798088 937788 66587 68728 5633 3105 25627 11493 22354 4084 10789 18168 21931 14685
internal_value=1.10984e-06 -0.000437173 -0.00796806 0.00381789 -0.0529162 -0.10337 0.0474255 0.064378 -0.00205901 0.0773732 -0.0210622 -0.123213 -0.135849 0.0699244
internal_weight=3.02734e+06 3.00906e+06 1.08636e+06 1.9227e+06 126213 48837 124617 98990 960142 87497 77376 43204 40099 83413
internal_count=3027339 3009060 1086355 1922705 126213 48837 124617 98990 960142 87497 77376 43204 40099 83413
is_linear=0
shrinkage=0.02


Tree=259
num_leaves=15
num_cat=0
split_feature=8 20 19 0 8 19 19 20 4 24 4 23 23 23
split_gain=234564 547540 834204 661466 476266 858447 1.53754e+06 1.40285e+06 628260 792165 1.06842e+06 607332 582857 826212
threshold=-0.95380857586860646 11349.686035156252 11351.640625000002 4482.5000000000009 -0.844174563884735 11003.285156250002 11040.188476562502 10930.687988281252 -49.735000610351555 12190.638671875002 -143.60500335693357 10936.996093750002 12549.391601562502 12567.304199218752
decision_type=2 2 2 2 2 2 2 2 2 2 2 2 2 2
left_child=1 -1 -3 -4 5 7 -7 11 9 -8 -11 -2 -12 -14
right_child=4 2 3 -5 -6 6 8 -9 -10 10 12 -13 13 -15
leaf_value=0.039034004910492553 -0.019777098402857567 -0.35977055436839095 -0.015278112154101962 -0.13081842470315752 -0.0010070440594278846 0.63869510814881725 0.041952350134876859 -0.40119389444045828 -0.011797656944099962 0.42271127926528551 0.044710648456985032 0.51996931407860747 0.46908812995384097 -0.065267255492974074
leaf_weight=55806 63408 3032 206477 21915 2460546 1729 120282 3936 62165 5081 16982 835 3395 1750
leaf_count=55806 63408 3032 206477 21915 2460546 1729 120282 3936 62165 5081 16982 835 3395 1750
internal_value=1.09332e-06 -0.0171934 -0.0307534 -0.0263699 0.00180356 0.0265401 0.0464434 -0.0351664 0.0415289 0.0640047 0.161442 -0.0126816 0.101283 0.287557
internal_weight=3.02734e+06 287230 231424 228392 2.74011e+06 279563 211384 68179 209655 147490 27208 64243 22127 5145
internal_count=3027339 287230 231424 228392 2740109 279563 211384 68179 209655 147490 27208 64243 22127 5145
is_linear=0
shrinkage=0.02


Tree=260
num_leaves=15
num_cat=0
split_feature=7 23 20 7 0 24 24 7 20 24 7 7 20 5
split_gain=259351 2.58292e+06 2.41935e+06 1.53563e+06 942480 775743 685295 668760 3.3881e+06 1.96389e+06 1.45359e+06 1.15985e+06 1.02682e+06 909520
threshold=12043.893554687502 12087.429687500002 12040.458496093752 12033.012207031252 2111.5000000000005 12075.574218750002 12054.002441406252 12205.039550781252 12203.833007812502 12216.741699218752 12233.516601562502 12194.770507812502 12214.725097656252 -0.012499999720603226
decision_type=2 2 2 2 2 2 2 2 2 2 2 2 2 2
left_child=2 4 6 5 -2 -4 -1 8 -3 10 -9 -10 -11 -13
right_child=1 7 3 -5 -6 -7 -8 9 11 12 -12 13 -14 -15
leaf_value=0.00046485109596022936 -0.025658545685804897 -0.0075791457536619339 0.26347942044571537 0.029659994205087074 -0.15491009150130827 1.02104977898273 0.37205884791884403 -0.1012148959840516 0.29051853185942611 0.31402885798965258 -0.46763156763003483 0.39191943481882763 -0.0013462186806442347 0.014711818680757197
leaf_weight=2170417 35968 158573 19022 18108 60577 548 1977 26527 22942 4155 5168 3057 484921 15379
leaf_count=2170417 35968 158573 19022 18108 60577 548 1977 26527 22942 4155 5168 3057 484921 15379
internal_value=1.14858e-06 -0.0096252 0.00356093 0.162431 -0.106765 0.285205 0.000804743 0.00338854 0.0344792 -0.00854918 -0.16109 0.195623 0.00133941 0.0774389
internal_weight=3.02734e+06 817267 2.21007e+06 37678 96545 19570 2.17239e+06 720722 199951 520771 31695 41378 489076 18436
internal_count=3027339 817267 2210072 37678 96545 19570 2172394 720722 199951 520771 31695 41378 489076 18436
is_linear=0
shrinkage=0.02


Tree=261
num_leaves=15
num_cat=0
split_feature=7 21 4 4 7 20 7 20 4 1 7 20 21 20
split_gain=256274 1.61059e+06 1.083e+06 1.01367e+06 954286 1.79178e+06 1.17638e+06 2.06465e+06 1.20058e+06 970091 1.1555e+06 1.1468e+06 935773 2.14217e+06
threshold=11191.409667968752 11158.158691406252 -69.895000457763658 -36.305000305175774 11057.007324218752 11204.393554687502 11019.201171875002 11020.893554687502 -19.734999656677243 103.82711791992189 11167.782714843752 11045.292480468752 11064.754394531252 11009.908691406252
decision_type=2 2 2 2 2 2 2 2 2 2 2 2 2 2
left_child=4 2 -2 -4 6 9 12 8 -8 10 -6 -11 13 -1
right_child=1 -3 3 -5 5 -7 7 -9 -10 11 -12 -13 -14 -15
leaf_value=0.0029661139384769609 -0.32247784578541072 -0.0017486442375863763 0.33079496830516297 -0.10832305210947617 0.18083525573171075 0.20848734163331284 -0.32623738602925473 0.014656772171522548 -0.091657334710934152 -0.54838097826638643 0.026017399501874677 -0.017855934065289885 -0.095572360999430797 0.15226566501691005
leaf_weight=698498 9208 1931793 2279 25875 25791 24208 14582 47216 21743 1657 76359 73099 34361 40670
leaf_count=698498 9208 1931793 2279 25875 25791 24208 14582 47216 21743 1657 76359 73099 34361 40670
internal_value=1.25401e-06 -0.00426445 -0.134308 -0.0726719 0.00793921 0.0471461 -0.00126123 -0.0725557 -0.18589 0.0250574 0.0651201 -0.0296873 0.00643937 0.0111827
internal_weight=3.02734e+06 1.96916e+06 37362 28154 1.05818e+06 201114 857070 83541 36325 176906 102150 74756 773529 739168
internal_count=3027339 1969155 37362 28154 1058184 201114 857070 83541 36325 176906 102150 74756 773529 739168
is_linear=0
shrinkage=0.02


Tree=262
num_leaves=15
num_cat=0
split_feature=25 9 0 4 4 1 19 20 25 25 4 20 9 19
split_gain=233451 491340 445408 376696 333142 631826 563179 526870 303889 292413 541484 881928 627072 962191
threshold=0.08292692527174951 0.67481940984725963 6951.5000000000009 284.38999938964849 238.91999816894534 65.212997436523452 10966.589843750002 10891.312988281252 0.039198905229568488 0.023657686077058319 134.48500061035159 11363.539550781252 -0.59636875987052906 12208.879882812502
decision_type=2 2 2 2 2 2 2 2 2 2 2 2 2 2
left_child=2 4 3 9 -2 6 -6 -7 -5 10 -1 -12 13 -13
right_child=1 -3 -4 8 5 7 -8 -9 -10 -11 11 12 -14 -15
leaf_value=-0.0046553655332728537 -0.027824043771993157 0.1266775810794297 -0.14011360351273131 -0.22723039458494682 -0.21050446184723207 -0.25516185931950974 -0.94578879302087493 0.13950527327658596 0.17451976220071744 0.0061680206398968419 -0.0003785780617925514 -1.083669746549506 -0.12383725706301237 -0.27973802699228167
leaf_weight=1053522 115238 7891 8887 827 1084 2735 675 2659 7615 1797512 16950 731 7912 3101
leaf_count=1053522 115238 7891 8887 827 1084 2735 675 2659 7615 1797512 16950 731 7912 3101
internal_value=1.18928e-06 -0.0261877 0.00117901 0.00161426 -0.0360532 -0.168401 -0.496426 -0.0607068 0.134939 0.00122294 -0.00699057 -0.0926973 -0.225825 -0.435524
internal_weight=3.02734e+06 130282 2.89706e+06 2.88817e+06 122391 7153 1759 5394 8442 2.87973e+06 1.08222e+06 28694 11744 3832
internal_count=3027339 130282 2897057 2888170 122391 7153 1759 5394 8442 2879728 1082216 28694 11744 3832
is_linear=0
shrinkage=0.02


Tree=263
num_leaves=15
num_cat=0
split_feature=8 20 19 0 8 20 19 21 24 24 1 25 19 24
split_gain=226823 524271 800998 625754 450979 822447 1.46347e+06 1.39821e+06 655635 560749 603418 508903 691909 758492
threshold=-0.95380857586860646 11349.686035156252 11351.640625000002 4482.5000000000009 -0.844174563884735 11000.277343750002 11040.188476562502 10924.975097656252 10918.003417968752 10868.184570312502 45.777591705322273 0.023448563180863861 12525.206542968752 12725.326171875002
decision_type=2 2 2 2 2 2 2 2 2 2 2 2 2 2
left_child=1 -1 -3 -4 5 7 -7 8 9 10 -2 -6 13 -13
right_child=4 2 3 -5 11 6 -8 -9 -10 -11 -12 12 -14 -15
leaf_value=0.038112262608087089 -0.12240917679037587 -0.35257846185598302 -0.015092573891484275 -0.12747069247312831 -0.013340138597744904 0.62313592117500483 0.040531167408080292 -0.3890892701797749 0.26260488414183675 -0.086881236079287577 0.085461779231629759 0.0086269175365176268 -0.035168628590087868 0.1674396338800678
leaf_weight=55806 7383 3032 206477 21915 862685 1729 209655 4167 3302 30481 22846 1435761 149979 12121
leaf_count=55806 7383 3032 206477 21915 862685 1729 209655 4167 3302 30481 22846 1435761 149979 12121
internal_value=9.76014e-07 -0.0169075 -0.0301762 -0.0258808 0.00177346 0.0258443 0.0453259 -0.0345544 -0.0114177 -0.0263629 0.0346679 -0.000961518 0.00572173 0.00995759
internal_weight=3.02734e+06 287230 231424 228392 2.74011e+06 279563 211384 68179 64012 60710 30229 2.46055e+06 1.59786e+06 1.44788e+06
internal_count=3027339 287230 231424 228392 2740109 279563 211384 68179 64012 60710 30229 2460546 1597861 1447882
is_linear=0
shrinkage=0.02


Tree=264
num_leaves=15
num_cat=0
split_feature=7 19 20 7 20 7 20 7 9 7 22 9 9 9
split_gain=257025 1.33973e+06 1.25694e+06 1.27433e+06 1.16423e+06 1.17608e+06 1.07944e+06 1.18329e+06 1.42772e+06 866326 817388 1.02362e+06 796643 1.42846e+06
threshold=10775.280273437502 10767.543457031252 10804.545898437502 10869.183593750002 10887.128906250002 10909.046386718752 10845.565429687502 10833.774902343752 0.24076627939939502 10727.798339843752 10929.715820312502 -0.64684358239173878 0.44621255993843084 0.2631117850542069
decision_type=2 2 2 2 2 2 2 2 2 2 2 2 2 2
left_child=1 -1 -2 6 12 10 -4 8 -8 -3 -6 -12 13 -5
right_child=2 9 3 4 5 -7 7 -9 -10 -11 11 -13 -14 -15
leaf_value=0.0053357518642062427 -0.083270581430516466 0.51504955190731672 0.013312742242215575 -0.056631902917231428 0.069014070682146628 -0.0010955967302381244 0.16698684482275356 0.10081724495026106 0.7570550461958081 0.13006807650580249 -0.035163956406420706 0.49312917931718697 0.033393698607463607 -0.2946807479880188
leaf_weight=137201 72992 2860 53763 34803 23168 2610291 4453 34724 2594 12687 2178 4476 16959 14190
leaf_count=137201 72992 2860 53763 34803 23168 2610291 4453 34724 2594 12687 2178 4476 16959 14190
internal_value=9.6177e-07 0.0252807 -0.00134241 0.000792402 -0.00174213 0.00033142 0.0725775 0.148835 0.384959 0.201175 0.125196 0.320411 -0.0847357 -0.125625
internal_weight=3.02734e+06 152748 2.87459e+06 2.8016e+06 2.70606e+06 2.64011e+06 95534 41771 7047 15547 29822 6654 65952 48993
internal_count=3027339 152748 2874591 2801599 2706065 2640113 95534 41771 7047 15547 29822 6654 65952 48993
is_linear=0
shrinkage=0.02


Tree=265
num_leaves=15
num_cat=0
split_feature=5 21 20 25 21 25 22 6 20 21 25 5 5 6
split_gain=233345 366977 326635 295779 410978 245696 246924 239696 251686 360475 282128 455950 537607 444374
threshold=0.062499998137354858 10862.582031250002 11086.708496093752 0.03747996129095555 12527.309082031252 0.08292692527174951 11043.581542968752 110.03726196289064 12846.489746093752 12838.442382812502 0.088395316153764739 0.012499999720603229 -0.087500002235174165 69.250827789306655
decision_type=2 2 2 2 2 2 2 2 2 2 2 2 2 2
left_child=7 -2 5 -4 -5 6 -3 8 9 10 -1 12 -12 -13
right_child=1 2 3 4 -6 -7 -8 -9 -10 -11 11 13 -14 -15
leaf_value=0.0020212764092716836 -0.04224874816901035 0.063172890408313698 -0.014861399421818813 0.080014197742929283 -0.079651393577456236 0.35229079794237533 0.31220522702207332 -0.016501319865865401 0.09700762729689856 -0.16008481826312576 -0.49081265158028864 -0.2733226458311927 0.020400160254253473 -0.06113954785472437
leaf_weight=2390898 29247 40365 56331 38597 7733 1290 1649 365359 10830 5574 830 4461 40302 33873
leaf_count=2390898 29247 40365 56331 38597 7733 1290 1649 365359 10830 5574 830 4461 40302 33873
internal_value=1.06286e-06 0.0224031 0.0353596 0.0159249 0.0533523 0.0814188 0.0730196 -0.00137521 0.000847187 0.000426174 0.000788997 -0.036282 0.00996715 -0.0858971
internal_weight=3.02734e+06 175212 145965 102661 46330 43304 42014 2.85213e+06 2.48677e+06 2.47594e+06 2.47036e+06 79466 41132 38334
internal_count=3027339 175212 145965 102661 46330 43304 42014 2852127 2486768 2475938 2470364 79466 41132 38334
is_linear=0
shrinkage=0.02


Tree=266
num_leaves=15
num_cat=0
split_feature=17 13 17 17 16 20 16 21 25 20 8 20 8 21
split_gain=223323 225676 717451 559119 367169 338970 256406 253825 253335 247990 266582 209858 259924 505759
threshold=0.072292223572731032 8.5000000000000018 0.56281241774559032 0.64796206355094921 -2.4999999999999996 12396.565429687502 12.700000286102297 12245.706054687502 0.04306538216769696 12196.410644531252 0.99638897180557262 12396.565429687502 0.89789968729019176 12289.675292968752
decision_type=2 2 2 2 2 2 2 2 2 2 2 2 2 2
left_child=-1 3 7 -2 -4 6 9 -3 -6 -5 -11 12 -9 -14
right_child=1 2 4 5 8 -7 -8 11 -10 10 -12 -13 13 -15
leaf_value=0.069677418335748004 0.0008549813544406526 -0.0067943204144975643 0.039418516674195131 0.072120558754311143 -0.047840794745866957 -0.016637383077424545 -0.040490338738543137 0.044571812450492292 -0.11694027662332357 0.14570268079614132 0.59384716927923675 0.011292483980767517 0.01573981442511839 0.42938187304002334
leaf_weight=18279 1959176 704270 14129 70840 67498 24897 7908 19931 30967 1979 721 102003 2529 2212
leaf_count=18279 1959176 704270 14129 70840 67498 24897 7908 19931 30967 1979 721 102003 2529 2212
internal_value=1.02737e-06 -0.000422456 -0.00852628 0.00327942 -0.0559017 0.04794 0.0676798 -0.00210624 -0.0695823 0.0793159 0.267131 0.0239562 0.0762862 0.209234
internal_weight=3.02734e+06 3.00906e+06 943539 2.06552e+06 112594 106345 81448 830945 98465 73540 2700 126675 24672 4741
internal_count=3027339 3009060 943539 2065521 112594 106345 81448 830945 98465 73540 2700 126675 24672 4741
is_linear=0
shrinkage=0.02


Tree=267
num_leaves=15
num_cat=0
split_feature=7 23 23 19 7 4 7 23 7 7 24 7 7 4
split_gain=256084 323531 319116 971853 827023 714866 682394 989862 1.10063e+06 911401 965978 2.37065e+06 1.71917e+06 988421
threshold=12805.279296875002 12752.988281250002 12738.863281250002 12951.521484375002 12767.550292968752 -26.615000724792477 12707.136718750002 12677.269531250002 12671.147949218752 12544.754394531252 12270.561035156252 12279.564941406252 12249.082519531252 105.09499740600587
decision_type=2 2 2 2 2 2 2 2 2 2 2 2 2 2
left_child=2 -2 6 5 -5 -4 7 9 -9 10 12 -12 -1 -14
right_child=1 -3 3 4 -6 -7 -8 8 -10 -11 11 -13 13 -15
leaf_value=-0.00011699280823410988 -0.19472751416128653 -0.023364341925453416 0.17185093651310854 0.032388198486557149 -0.26721456528846627 0.026958035291524299 -0.087241612820296771 0.30200826863992553 0.020341873976920437 -0.058419668109595459 0.21980050709805032 0.015031115800137345 -0.16803160111117341 -0.72729137105234098
leaf_weight=2586201 5823 18042 20778 8113 6740 39518 35844 9095 14214 104712 27045 137818 11991 1405
leaf_count=2586201 5823 18042 20778 8113 6740 39518 35844 9095 14214 104712 27045 137818 11991 1405
internal_value=1.08622e-06 -0.0652414 0.000519712 0.0412119 -0.103653 0.0769087 -0.000524694 0.000550205 0.130329 -0.000504557 0.00168934 0.048634 -0.00128799 -0.227188
internal_weight=3.02734e+06 23865 3.00347e+06 75149 14853 60296 2.92832e+06 2.89248e+06 23309 2.86917e+06 2.76446e+06 164863 2.5996e+06 13396
internal_count=3027339 23865 3003474 75149 14853 60296 2928325 2892481 23309 2869172 2764460 164863 2599597 13396
is_linear=0
shrinkage=0.02


Tree=268
num_leaves=15
num_cat=0
split_feature=7 21 7 7 21 7 7 7 21 7 23 7 9 23
split_gain=256052 495691 1.45193e+06 409097 299481 1.29095e+06 1.09893e+06 1.12334e+06 998809 993478 968216 1.31404e+06 1.28807e+06 931008
threshold=10065.734863281252 10653.623535156252 10679.781738281252 10640.455566406252 10803.544921875002 10869.183593750002 10794.216308593752 10825.204589843752 10883.895019531252 10909.046386718752 10842.660644531252 10833.774902343752 0.24076627939939502 10931.110839843752
decision_type=2 2 2 2 2 2 2 2 2 2 2 2 2 2
left_child=-1 -2 3 -3 6 10 -4 -8 -7 13 -6 12 -12 -10
right_child=1 2 4 -5 5 8 7 -9 9 -11 11 -13 -14 -15
leaf_value=0.092521092663183147 -0.064740132278101437 0.33060233845773423 0.0072819365580228555 0.11689506539148209 0.012085173817639688 -0.084411770134292061 -0.17961384404542607 0.047955997003683484 0.057265750278964148 -0.0012935356031532786 0.090182882811901205 0.095021769886123097 0.64874648731447404 0.327679270065735
leaf_weight=11908 47087 4404 99974 19179 50161 57178 30195 12168 26041 2616741 2998 39305 3677 6323
leaf_count=11908 47087 4404 99974 19179 50161 57178 30195 12168 26041 2616741 2998 39305 3677 6323
internal_value=1.01546e-06 -0.000364647 0.000656752 0.156928 -0.00059526 0.000842192 -0.028895 -0.114252 -0.00171643 6.87635e-05 0.0728579 0.139139 0.398387 0.110182
internal_weight=3.02734e+06 3.01543e+06 2.96834e+06 23583 2.94476e+06 2.80242e+06 142337 42363 2.70628e+06 2.6491e+06 96141 45980 6675 32364
internal_count=3027339 3015431 2968344 23583 2944761 2802424 142337 42363 2706283 2649105 96141 45980 6675 32364
is_linear=0
shrinkage=0.02


Tree=269
num_leaves=15
num_cat=0
split_feature=9 20 0 20 5 20 20 6 5 9 0 24 6 9
split_gain=232133 795991 565068 378349 682963 671283 307062 292079 381714 305661 259809 456178 381605 269223
threshold=-0.72323438525199879 10833.982421875002 1053.5000000000002 12330.791992187502 0.037499999627470977 12730.045898437502 10887.128906250002 110.03726196289064 0.077500000596046462 -0.68151110410690297 4510.5000000000009 10944.684570312502 102.35916137695314 -0.90470352768897999
decision_type=2 2 2 2 2 2 2 2 2 2 2 2 2 2
left_child=1 -1 -3 4 6 -5 -4 -2 -9 -10 12 -12 13 -6
right_child=7 2 3 5 10 -7 -8 8 9 -11 11 -13 -14 -15
leaf_value=-0.11135900802270157 0.0013928652996674754 -0.032192809476287117 0.27003361123426373 0.33988298024624658 0.36427235370281386 0.0068796166239540229 -0.040471688744682932 -0.020642022652956494 0.27399875585038375 0.026531251915284697 0.28751483108091408 -0.11670612653652165 0.25931125277521955 0.072990030963111227
leaf_weight=13800 2551109 23358 1345 5616 1367 4252 21296 366112 3052 5745 1544 3959 8390 16394
leaf_count=13800 2551109 23358 1345 5616 1367 4252 21296 366112 3052 5745 1544 3959 8390 16394
internal_value=1.0948e-06 0.0297612 0.052023 0.0826816 0.0619535 0.19655 -0.021914 -0.00102952 -0.0175125 0.112603 0.12193 -0.00297271 0.148205 0.0956025
internal_weight=3.02734e+06 101321 87521 64163 54295 9868 22641 2.92602e+06 374909 8797 31654 5503 26151 17761
internal_count=3027339 101321 87521 64163 54295 9868 22641 2926018 374909 8797 31654 5503 26151 17761
is_linear=0
shrinkage=0.02


Tree=270
num_leaves=15
num_cat=0
split_feature=7 22 23 7 23 7 7 23 7 7 8 21 5 21
split_gain=245885 312596 305815 655679 940072 1.05736e+06 875374 907433 2.74802e+06 2.18356e+06 1.36517e+06 896835 878031 874764
threshold=12805.279296875002 12754.311523437502 12738.863281250002 12707.136718750002 12677.269531250002 12671.147949218752 12544.754394531252 12225.526855468752 12238.857910156252 12218.136230468752 0.7837890386581422 12221.579101562502 0.052500000223517425 12301.853027343752
decision_type=2 2 2 2 2 2 2 2 2 2 2 2 2 2
left_child=2 -2 3 4 6 -6 7 8 13 10 -9 -11 -10 -1
right_child=1 -3 -4 -5 5 -7 -8 9 12 11 -12 -13 -14 -15
leaf_value=-0.0011298447065144004 -0.18884170178671678 -0.021986633053858822 0.040344483117765777 -0.085515515496448855 0.29528346734918459 0.019210863703171002 -0.057246188319184724 0.30132620347418987 -0.31880334746573658 0.30438925280530066 -0.0033938553522256331 0.010528632687327562 -0.94017691134197268 0.41329081986218236
leaf_weight=2533200 5990 17875 75149 35844 9095 14214 104712 19003 4032 4236 8514 192273 1173 2029
leaf_count=2533200 5990 17875 75149 35844 9095 14214 104712 19003 4032 4236 8514 192273 1173 2029
internal_value=1.1779e-06 -0.0639288 0.000509371 -0.000513037 0.00054061 0.127014 -0.000487282 0.00166282 -0.00173997 0.0402485 0.207075 0.0168784 -0.460374 -0.000796538
internal_weight=3.02734e+06 23865 3.00347e+06 2.92832e+06 2.89248e+06 23309 2.86917e+06 2.76446e+06 2.54043e+06 224026 27517 196509 5205 2.53523e+06
internal_count=3027339 23865 3003474 2928325 2892481 23309 2869172 2764460 2540434 224026 27517 196509 5205 2535229
is_linear=0
shrinkage=0.02


Tree=271
num_leaves=15
num_cat=0
split_feature=5 23 21 8 4 25 24 21 8 4 25 8 4 24
split_gain=223798 373666 354184 715417 995364 895083 362049 665181 323835 347458 354865 535331 523692 457674
threshold=0.057499999180436141 10860.633789062502 12107.362792968752 0.86057791113853466 156.99500274658206 0.015946426428854469 12182.593261718752 12414.312988281252 0.97920829057693493 38.23500061035157 0.023046401329338554 0.69195944070816051 122.95499801635744 10944.684570312502
decision_type=2 2 2 2 2 2 2 2 2 2 2 2 2 2
left_child=-1 -2 8 4 -4 -6 -5 -8 9 -3 11 -11 -12 -14
right_child=1 2 3 6 5 -7 7 -9 -10 10 12 -13 13 -15
leaf_value=-0.0015982340453288371 -0.038937047727228953 -0.0084119618776659077 -0.042832836783701915 -0.063075840632999272 -0.92821425564886983 -0.21678116690029306 0.31038573419532078 0.030708625670545629 -0.035577362343677858 0.26768579174275897 0.15940136718639775 -0.0094051262855162875 0.21464883786560093 0.027615860624689233
leaf_weight=2786313 38141 28132 17187 7852 959 2656 4492 13929 18151 3061 29924 30357 6008 40177
leaf_count=2786313 38141 28132 17187 7852 959 2656 4492 13929 18151 3061 29924 30357 6008 40177
internal_value=1.13871e-06 0.0184896 0.0292869 -0.018785 -0.106382 -0.407558 0.0505841 0.099041 0.0438113 0.0542811 0.0703833 0.0160476 0.0942355 0.0519878
internal_weight=3.02734e+06 241026 202885 47075 20802 3615 26273 18421 155810 137659 109527 33418 76109 46185
internal_count=3027339 241026 202885 47075 20802 3615 26273 18421 155810 137659 109527 33418 76109 46185
is_linear=0
shrinkage=0.02


Tree=272
num_leaves=15
num_cat=0
split_feature=7 23 20 7 20 9 9 7 4 4 4 7 7 7
split_gain=247576 1.17751e+06 1.14841e+06 1.16982e+06 1.1344e+06 1.21952e+06 1.62005e+06 1.99906e+06 978592 906347 864650 903242 828840 807358
threshold=10775.280273437502 10721.086914062502 10804.545898437502 10880.121582031252 10887.128906250002 0.44621255993843084 -0.17292127013206479 10974.288085937502 -65.215000152587876 -212.43000030517575 -80.674999237060533 10759.808593750002 10909.046386718752 10699.223144531252
decision_type=2 2 2 2 2 2 2 2 2 2 2 2 2 2
left_child=1 13 8 9 5 6 7 -5 -2 -4 11 -3 -6 -1
right_child=2 10 3 4 12 -7 -8 -9 -10 -11 -12 -13 -14 -15
leaf_value=0.011311747332800206 -0.2558082772035199 0.53896633249496528 0.45855850507775914 0.078827347323405336 0.1114820015348249 0.064234977920027955 -0.26756070075939359 -0.41239158383949576 -0.049183583722953159 0.056779226960376933 0.069558030120598691 0.12427329672323677 -0.0010790774211156015 -0.16147136792622108
leaf_weight=103342 10744 3605 2285 16581 26422 15084 21347 4131 62248 105458 28693 5036 2610291 12072
leaf_count=103342 10744 3605 2285 16581 26422 15084 21347 4131 62248 105458 28693 5036 2610291 12072
internal_value=1.09332e-06 0.0248118 -0.00131736 0.000723212 -0.0018615 -0.0900145 -0.145337 -0.0192968 -0.0796287 0.0653421 0.12243 0.297707 4.92867e-05 -0.00677316
internal_weight=3.02734e+06 152748 2.87459e+06 2.8016e+06 2.69386e+06 57143 42059 20712 72992 107743 37334 8641 2.63671e+06 115414
internal_count=3027339 152748 2874591 2801599 2693856 57143 42059 20712 72992 107743 37334 8641 2636713 115414
is_linear=0
shrinkage=0.02


Tree=273
num_leaves=15
num_cat=0
split_feature=7 24 7 4 0 0 7 4 24 25 7 21 19 22
split_gain=245476 527602 1.40257e+06 461861 329913 299142 277777 1.99886e+06 1.14695e+06 1.0222e+06 924892 1.44863e+06 1.05296e+06 1.21699e+06
threshold=10065.734863281252 10652.759277343752 10679.781738281252 59.594999313354499 6951.5000000000009 8173.0000000000009 10775.280273437502 -46.995000839233391 10797.577148437502 0.052129447460174567 10889.665527343752 10948.961914062502 10913.085937500002 10904.609863281252
decision_type=2 2 2 2 2 2 2 2 2 2 2 2 2 2
left_child=-1 -2 3 -3 -5 6 7 9 -8 -4 11 -10 -12 -14
right_child=1 2 5 4 -6 -7 8 -9 10 -11 12 -13 13 -15
leaf_value=0.090590336615790509 -0.066908028181733789 -0.068107314877213943 0.095987708218048556 0.2279908331982487 0.036994873220827874 -0.11067451754120029 -0.086630755166808168 -0.017930366651519349 0.043079368458966164 0.43175571127336965 -0.065372823302742272 0.50781200760344181 0.26641184912844629 -2.0309402747674442e-05
leaf_weight=11908 46898 3303 8116 16468 4641 9825 61400 52130 126947 6558 100250 2731 6866 2569298
leaf_count=11908 46898 3303 8116 16468 4641 9825 61400 52130 126947 6558 100250 2731 6866 2569298
internal_value=1.09593e-06 -0.000356935 0.000694679 0.151636 0.186037 -0.000557398 -0.000188306 0.0401245 -0.00112762 0.24624 0.000743568 0.0529051 -0.00178395 0.00069081
internal_weight=3.02734e+06 3.01543e+06 2.96853e+06 24412 21109 2.94412e+06 2.9343e+06 66804 2.86749e+06 14674 2.80609e+06 129678 2.67641e+06 2.57616e+06
internal_count=3027339 3015431 2968533 24412 21109 2944121 2934296 66804 2867492 14674 2806092 129678 2676414 2576164
is_linear=0
shrinkage=0.02


Tree=274
num_leaves=15
num_cat=0
split_feature=7 23 23 7 4 4 9 7 7 21 4 7 5 23
split_gain=243148 2.48116e+06 2.11101e+06 1.24871e+06 862054 806070 787446 686960 1.42394e+06 633385 614518 777577 559677 496784
threshold=12043.893554687502 12087.429687500002 12046.645019531252 12033.012207031252 -168.94499969482419 -71.405002593994126 0.55122801661491405 12013.128906250002 11972.123535156252 12098.424316406252 -271.19000244140619 11421.926269531252 -0.087500002235174165 12214.562988281252
decision_type=2 2 2 2 2 2 2 2 2 2 2 2 2 2
left_child=2 5 10 7 12 6 -2 8 -4 -7 11 -1 -3 -14
right_child=1 4 3 -5 -6 9 -8 -9 -10 -11 -12 -13 13 -15
leaf_value=-0.1029799339802067 -0.15456454312676043 -0.52493099071490001 0.71130915789810456 0.049955890190262073 -0.0009591083789706852 -0.067108066933878927 -0.48551158980776871 0.41205490527896155 -0.094300204417689978 -0.33399777609988646 0.0018467390187825109 -0.72888626744461915 0.022479400897183813 0.19562995359725371
leaf_weight=7699 11527 531 1169 15680 692771 77469 3830 9091 3426 3719 2172131 876 11216 16204
leaf_count=7699 11527 531 1169 15680 692771 77469 3830 9091 3426 3719 2172131 876 11216 16204
internal_value=1.15891e-06 -0.00931963 0.00344795 0.17186 0.00343517 -0.104527 -0.237366 0.311385 0.111748 -0.0793734 0.00117928 -0.167698 0.11231 0.124838
internal_weight=3.02734e+06 817267 2.21007e+06 29366 720722 96545 15357 13686 4595 81188 2.18071e+06 8575 27951 27420
internal_count=3027339 817267 2210072 29366 720722 96545 15357 13686 4595 81188 2180706 8575 27951 27420
is_linear=0
shrinkage=0.02


Tree=275
num_leaves=15
num_cat=0
split_feature=7 20 7 22 7 7 22 22 7 7 20 7 22 7
split_gain=240180 2.07764e+06 1.04137e+06 707312 1.24207e+06 1.60266e+06 1.65363e+06 643098 3.86149e+06 1.36178e+06 2.96584e+06 1.05328e+06 712608 1.10117e+06
threshold=11204.128417968752 11188.286132812502 11230.460449218752 11175.656738281252 11130.324218750002 11174.096191406252 11261.050292968752 11352.343261718752 11346.758300781252 11368.623535156252 11409.897949218752 11368.623535156252 11385.273925781252 11418.445800781252
decision_type=2 2 2 2 2 2 2 2 2 2 2 2 2 2
left_child=3 2 -2 -1 -5 -6 -7 11 -9 10 -10 -3 13 -11
right_child=1 7 -4 4 5 6 -8 8 9 12 -12 -13 -14 -15
leaf_value=0.00014275987459163393 -0.08972278861204 -0.019434484672829055 -0.33562115861992531 -0.10515677288219413 0.23090596024582069 0.027604818665624201 0.45624128641718797 0.38703454587469993 0.0555580585375842 -0.062039863091326114 0.59345501586230243 -0.1826711756296206 0.00017747950929526083 -0.53294215068645223
leaf_weight=993772 46156 235633 8091 20620 19278 152975 3677 10449 44869 34520 4503 16939 1433759 2098
leaf_count=993772 46156 235633 8091 20620 19278 152975 3677 10449 44869 34520 4503 16939 1433759 2098
internal_value=1.06253e-06 -0.00453357 -0.126454 0.00699933 0.0416648 0.0588782 0.0376946 -0.000823007 0.00405726 0.00142157 0.104728 -0.030389 -0.00204791 -0.0891585
internal_weight=3.02734e+06 1.83702e+06 54247 1.19032e+06 196550 175930 156652 1.78277e+06 1.5302e+06 1.51975e+06 49372 252572 1.47038e+06 36618
internal_count=3027339 1837017 54247 1190322 196550 175930 156652 1782770 1530198 1519749 49372 252572 1470377 36618
is_linear=0
shrinkage=0.02


Tree=276
num_leaves=15
num_cat=0
split_feature=9 20 19 6 22 20 25 22 20 19 24 20 20 9
split_gain=214701 742058 457765 492882 421224 379479 612230 345298 452650 296883 569544 573976 534769 527655
threshold=-0.72323438525199879 10833.982421875002 10887.753906250002 106.43545532226564 12051.870117187502 12066.269531250002 0.045404333621263511 12310.745117187502 12730.045898437502 12951.521484375002 12771.544921875002 12804.312011718752 12689.021972656252 -0.56790637969970692
decision_type=2 2 2 2 2 2 2 2 2 2 2 2 2 2
left_child=1 -1 -3 4 -4 6 -6 -7 -9 10 11 -2 -11 -14
right_child=9 2 3 -5 5 7 -8 8 -10 12 -12 -13 13 -15
leaf_value=-0.10763354849628684 -0.00069851146193486706 0.20376877827813636 -0.031836930935432786 0.124316618564695 0.025890865658858724 -0.070917850027067561 0.59794518477698477 0.22016346320346414 -0.016703953087800653 0.2206193086381556 0.084262913126402494 -0.11509294185123332 -0.019147371373498309 -0.24498742994233727
leaf_weight=13800 2858077 7115 38339 19387 1650 6761 1361 6651 6257 2096 31374 17643 9508 7320
leaf_count=13800 2858077 7115 38339 19387 1650 6761 1361 6651 6257 2096 31374 17643 9508 7320
internal_value=1.06927e-06 0.0286219 0.0501163 0.0364959 0.00857736 0.0768798 0.285595 0.044799 0.105419 -0.000990091 -0.00047595 -0.00140074 -0.0799291 -0.117474
internal_weight=3.02734e+06 101321 87521 80406 61019 22680 3011 19669 12908 2.92602e+06 2.90709e+06 2.87572e+06 18924 16828
internal_count=3027339 101321 87521 80406 61019 22680 3011 19669 12908 2926018 2907094 2875720 18924 16828
is_linear=0
shrinkage=0.02


Tree=277
num_leaves=15
num_cat=0
split_feature=7 21 7 7 4 20 4 7 7 19 19 7 7 4
split_gain=242373 280277 542382 870178 1.51061e+06 488976 642474 411698 963946 1.75746e+06 766700 1.41431e+06 1.25002e+06 793320
threshold=12805.279296875002 12761.528320312502 12767.550292968752 12775.274902343752 -48.325000762939446 12795.735839843752 140.20500183105472 12629.550292968752 12549.705566406252 12545.217773437502 12292.824218750002 12291.576660156252 12279.564941406252 -1.0000000180025095e-35
decision_type=2 2 2 2 2 2 2 2 2 2 2 2 2 2
left_child=1 2 5 -4 -5 7 -7 8 10 -10 11 -1 -12 -13
right_child=-2 -3 3 4 -6 6 -8 -9 9 -11 12 13 -14 -15
leaf_value=-0.00022647918511899408 -0.063470787110244647 0.044724391035184718 -0.27452523493015302 0.23936947320897362 -0.15720539527742705 -0.046011989627852704 -0.50412790871433388 0.048750754294254052 -0.27444056370311593 -0.024059386873350172 0.20408788454958676 -0.4798874988898732 0.024475629753894758 -0.090657552570740305
leaf_weight=2611487 23865 56253 7438 5993 10663 4136 1731 69918 13924 57448 17443 3662 138488 4890
leaf_count=2611487 23865 56253 7438 5993 10663 4136 1731 69918 13924 57448 17443 3662 138488 4890
internal_value=1.10508e-06 0.000505656 -0.00033848 -0.0948217 -0.0144545 0.000440617 -0.181806 0.000807768 -0.000369658 -0.0729383 0.00149638 -0.00106786 0.0445796 -0.257696
internal_weight=3.02734e+06 3.00347e+06 2.94722e+06 24094 16656 2.92313e+06 5867 2.91726e+06 2.84734e+06 71372 2.77597e+06 2.62004e+06 155931 8552
internal_count=3027339 3003474 2947221 24094 16656 2923127 5867 2917260 2847342 71372 2775970 2620039 155931 8552
is_linear=0
shrinkage=0.02


Tree=278
num_leaves=15
num_cat=0
split_feature=7 20 7 9 9 22 6 23 7 7 9 20 7 7
split_gain=238598 1.80122e+06 824565 940099 848222 623325 970625 785189 639871 963042 522173 518425 1.1814e+06 1.00416e+06
threshold=10971.728027343752 10970.681640625002 11006.505859375002 -0.65761160850524891 -0.63895034790039051 10991.809082031252 95.033611297607436 11007.869628906252 10942.550292968752 10939.776855468752 -0.70835387706756581 11159.052734375002 11204.128417968752 11184.371582031252
decision_type=2 2 2 2 2 2 2 2 2 2 2 2 2 2
left_child=5 2 -2 -4 -5 7 8 -1 9 -7 -3 12 -12 -13
right_child=1 10 3 4 -6 6 -8 -9 -10 -11 11 13 -14 -15
leaf_value=0.006134287115880932 -0.070072552212223527 0.045882327839657816 0.065720179954514471 -0.75599327140123895 -0.26207313658136833 -0.02850700190808738 0.034985569673871647 -0.71414475500780372 0.16764492219449678 0.83212636705594001 -0.018287359287735283 0.063178536341067154 -0.19517701051829492 -0.002290493189893121
leaf_weight=598011 34920 93626 2983 1618 9755 774 35707 596 7011 1571 211881 98525 16252 1914109
leaf_count=598011 34920 93626 2983 1618 9755 774 35707 596 7011 1571 211881 98525 16252 1914109
internal_value=9.92786e-07 -0.00291671 -0.122567 -0.250118 -0.332946 0.0108059 0.08253 0.00540519 0.263749 0.549139 -0.000390523 -0.00232415 -0.0308969 0.000914717
internal_weight=3.02734e+06 2.38367e+06 49276 14356 11373 643670 45063 598607 9356 2345 2.33439e+06 2.24077e+06 228133 2.01263e+06
internal_count=3027339 2383669 49276 14356 11373 643670 45063 598607 9356 2345 2334393 2240767 228133 2012634
is_linear=0
shrinkage=0.02


Tree=279
num_leaves=15
num_cat=0
split_feature=7 24 7 0 0 0 7 24 22 0 7 7 24 20
split_gain=235001 506582 1.34457e+06 359856 285791 283309 265116 1.09885e+06 1.04163e+06 945910 1.2105e+06 878970 1.31404e+06 949868
threshold=10065.734863281252 10652.759277343752 10679.781738281252 1993.5000000000002 6951.5000000000009 8173.0000000000009 10775.280273437502 10797.577148437502 10722.078125000002 3175.5000000000005 10727.798339843752 10889.665527343752 10909.731933593752 10897.885742187502
decision_type=2 2 2 2 2 2 2 2 2 2 2 2 2 2
left_child=-1 -2 3 -3 -5 6 8 -8 -4 10 -10 12 -9 -13
right_child=1 2 5 4 -6 -7 7 11 9 -11 -12 13 -14 -15
leaf_value=0.088636194973294127 -0.065561278031819312 -0.070199656125997045 -0.042103092221709694 0.21316580646004168 0.036112900246923915 -0.10770819625607514 -0.084794139689908482 0.036827374542901074 0.55500828902820643 0.28815173259692378 0.013615377443977892 -0.076616101417845375 0.32640138004755742 0.00016006510287739435
leaf_weight=11908 46898 2675 32430 17096 4641 9825 61400 123083 1768 9292 23314 66079 6595 2610335
leaf_count=11908 46898 2675 32430 17096 4641 9825 61400 123083 1768 9292 23314 66079 6595 2610335
internal_value=9.1779e-07 -0.000349391 0.000681062 0.148468 0.175399 -0.00054485 -0.000185658 -0.00110331 0.0391977 0.115891 0.0519843 0.000728212 0.0515784 -0.00173576
internal_weight=3.02734e+06 3.01543e+06 2.96853e+06 24412 21737 2.94412e+06 2.9343e+06 2.86749e+06 66804 34374 25082 2.80609e+06 129678 2.67641e+06
internal_count=3027339 3015431 2968533 24412 21737 2944121 2934296 2867492 66804 34374 25082 2806092 129678 2676414
is_linear=0
shrinkage=0.02


Tree=280
num_leaves=15
num_cat=0
split_feature=7 9 19 7 19 25 19 19 25 7 19 19 25 9
split_gain=234001 251646 231780 776197 432840 616550 451968 343200 301343 433435 1.22328e+06 1.09004e+06 822834 622854
threshold=12805.279296875002 -0.63895034790039051 13462.845214843752 12767.550292968752 12772.923339843752 0.013540516141802074 12808.767089843752 12951.521484375002 0.019609481096267704 12539.944824218752 12530.788574218752 12402.195800781252 0.059381766244769103 0.30041404068470007
decision_type=2 2 2 2 2 2 2 2 2 2 2 2 2 2
left_child=2 -2 4 -4 8 6 -6 -7 -1 10 -10 -11 -13 -12
right_child=1 -3 3 -5 5 7 -8 -9 9 11 13 12 -14 -15
leaf_value=-0.010387992597888389 0.055702377585654744 -0.098054267942059459 0.046229490922908768 -0.31072613157296092 0.13871464923109245 0.07784227668435674 0.52856724353314255 -0.067301197216482381 0.0045513947094573612 0.1209169925515524 0.078847748372739834 -0.02010287030966847 -0.13653326636975041 0.29251571885769528
leaf_weight=813690 5538 18327 6167 4016 3674 21996 1757 9249 1968652 17122 18465 98755 32187 7744
leaf_count=813690 5538 18327 6167 4016 3674 21996 1757 9249 1968652 17122 18465 98755 32187 7744
internal_value=9.73097e-07 -0.062365 0.000496733 -0.0947124 0.000820951 0.0690966 0.26558 0.0348692 -2.62138e-05 0.00390828 0.00635885 -0.0291062 -0.0487312 0.142069
internal_weight=3.02734e+06 23865 3.00347e+06 10183 2.99329e+06 36676 5431 31245 2.95662e+06 2.14292e+06 1.99486e+06 148064 130942 26209
internal_count=3027339 23865 3003474 10183 2993291 36676 5431 31245 2956615 2142925 1994861 148064 130942 26209
is_linear=0
shrinkage=0.02


Tree=281
num_leaves=15
num_cat=0
split_feature=7 21 20 7 9 9 24 24 0 20 7 7 20 9
split_gain=232930 2.39541e+06 2.20876e+06 1.41334e+06 927942 783791 844679 638596 601726 588006 475458 461850 3.3529e+06 2.39652e+06
threshold=12043.893554687502 12074.601562500002 12040.458496093752 12033.012207031252 0.57128185033798229 0.40984697639942175 12075.574218750002 12054.002441406252 2172.5000000000005 12052.993652343752 12029.321777343752 12205.039550781252 12203.833007812502 -0.2852825373411178
decision_type=2 2 2 2 2 2 2 2 2 2 2 2 2 2
left_child=2 4 7 5 8 6 -4 -1 -2 -6 -9 12 -3 -14
right_child=1 11 3 -5 9 -7 -8 10 -10 -11 -12 -13 13 -15
leaf_value=0.00041297389758925115 -0.027981557901413247 -0.011548595575596041 0.18543284984646063 0.027798884941607281 -0.54638448871449574 0.54163033775748681 0.97801431785774906 -0.14300189793433246 -0.14617925923878131 -0.033141958133120063 0.54894498682418358 -0.0083759653426048134 0.032522741306137616 0.33700321016039264
leaf_weight=2170417 28785 177616 15473 18108 3103 3549 548 543 42924 1254 1434 522207 20209 21169
leaf_count=2170417 28785 177616 15473 18108 3103 3549 548 543 42924 1254 1434 522207 20209 21169
internal_value=1.00019e-06 -0.00912184 0.00337459 0.155173 -0.115998 0.272957 0.213138 0.00074108 -0.0987438 -0.399085 0.359123 0.00184771 0.0262262 0.188339
internal_weight=3.02734e+06 817267 2.21007e+06 37678 76066 19570 16021 2.17239e+06 71709 4357 1977 741201 218994 41378
internal_count=3027339 817267 2210072 37678 76066 19570 16021 2172394 71709 4357 1977 741201 218994 41378
is_linear=0
shrinkage=0.02


Tree=282
num_leaves=15
num_cat=0
split_feature=4 17 4 21 8 9 21 21 4 8 21 21 21 8
split_gain=212329 216471 204138 1.44694e+06 499832 335282 337213 529627 197408 477804 3.254e+06 641329 751959 966435
threshold=284.38999938964849 0.072292223572731032 -249.45500183105466 12237.253906250002 -0.71333315968513478 0.27604819834232336 11008.622558593752 11402.060058593752 142.18499755859378 0.9969644844532014 12155.399414062502 11428.208984375002 11402.060058593752 0.9084724783897401
decision_type=2 2 2 2 2 2 2 2 2 2 2 2 2 2
left_child=1 -1 3 4 5 -3 -7 -8 -4 11 -11 12 -10 -14
right_child=-2 2 8 -5 -6 6 7 -9 9 10 -12 -13 13 -15
leaf_value=0.06857315571392221 0.086971987188169578 -0.39612151413652058 0.0015383000557086376 0.46058357797301719 0.42941712167449725 -0.27047001572767937 0.058082317672474668 -0.17321598744600633 -0.0054398580612252069 -0.035053868224412893 0.55624416179097746 -0.057856002773737598 -0.033043049270041196 0.49808340050325511
leaf_weight=18123 11177 1646 2647748 1957 667 3727 7805 8020 174858 21502 4492 120148 2739 2730
leaf_count=18123 11177 1646 2647748 1957 667 3727 7805 8020 174858 21502 4492 120148 2739 2730
internal_value=1.09481e-06 -0.000321474 -0.000738173 -0.0590396 -0.105738 -0.122772 -0.0995684 -0.0591722 -0.000271004 -0.0149446 0.0673017 -0.0220618 0.00178896 0.232505
internal_weight=3.02734e+06 3.01616e+06 2.99804e+06 23822 21865 21198 19552 15825 2.97422e+06 326469 25994 300475 180327 5469
internal_count=3027339 3016162 2998039 23822 21865 21198 19552 15825 2974217 326469 25994 300475 180327 5469
is_linear=0
shrinkage=0.02


Tree=283
num_leaves=15
num_cat=0
split_feature=8 21 0 21 21 21 4 8 21 21 21 23 4 24
split_gain=211033 518045 652594 610437 588397 472550 418871 409122 797574 1.31082e+06 1.30882e+06 620601 583426 652490
threshold=-0.95380857586860646 11311.797363281252 2232.5000000000005 10999.363769531252 12254.822753906252 11018.312988281252 2.0949999094009404 -0.844174563884735 10999.363769531252 10924.975097656252 11133.393066406252 10931.110839843752 -49.735000610351555 12190.638671875002
decision_type=2 2 2 2 2 2 2 2 2 2 2 2 2 2
left_child=1 3 -3 -1 6 -5 -4 8 9 11 -10 -2 13 -12
right_child=7 2 4 5 -6 -7 -8 -9 10 -11 12 -13 -14 -15
leaf_value=-0.0033689980131162674 -0.022050804006759947 0.0066789954453870329 -0.075330688681989 0.78709391024179076 0.026279219751954568 0.13880620748084269 -0.42119148250367761 -0.00089414247866182427 0.56213717761896609 -0.37811768464112988 0.040681677731852502 0.39082041701720438 -0.012336499017312659 0.14914372265658646
leaf_weight=27960 62531 117923 100748 457 26078 12653 1411 2460546 1921 4167 120090 1481 62165 27208
leaf_count=27960 62531 117923 100748 457 26078 12653 1411 2460546 1921 4167 120090 1481 62165 27208
internal_value=1.15141e-06 -0.0163081 -0.0272796 0.0494412 -0.0585052 0.161989 -0.0801486 0.00171082 0.0246374 -0.0348409 0.0438222 -0.0124386 0.039042 0.060725
internal_weight=3.02734e+06 287230 246160 41070 128237 13110 102159 2.74011e+06 279563 68179 211384 64012 209463 147298
internal_count=3027339 287230 246160 41070 128237 13110 102159 2740109 279563 68179 211384 64012 209463 147298
is_linear=0
shrinkage=0.02


Tree=284
num_leaves=15
num_cat=0
split_feature=7 20 0 4 19 7 23 8 0 4 4 8 0 22
split_gain=229938 1.72114e+06 991082 1.24378e+06 818902 1.8109e+06 1.52979e+06 1.27845e+06 1.26774e+06 1.452e+06 1.00783e+06 796856 828796 766600
threshold=10971.728027343752 10970.681640625002 1739.5000000000002 284.38999938964849 10948.333007812502 10921.647949218752 10966.328125000002 -0.83435350656509388 3967.5000000000005 -179.65499877929685 -23.954999923706051 -0.87837451696395863 6643.5000000000009 11013.413085937502
decision_type=2 2 2 2 2 2 2 2 2 2 2 2 2 2
left_child=4 2 -2 -4 8 6 -6 -7 9 -1 13 -10 -13 -9
right_child=1 -3 3 -5 5 7 -8 10 11 -11 -12 12 -14 -15
leaf_value=0.60995280506410998 0.030296793843748195 -0.00039366108599879588 -0.22368584049561691 0.098827391536778275 0.48465867602760654 -0.4035069257815681 0.024408552506281198 0.18332178149479716 -0.073393007113792569 -0.020879686759446785 -0.0062053563370853418 0.10345234016525964 -0.036428826822873142 0.019815877720069455
leaf_weight=1455 12961 2334393 30654 5661 6852 2630 4991 26824 16634 387785 70583 84705 21173 20038
leaf_count=1455 12961 2334393 30654 5661 6852 2630 4991 26824 16634 387785 70583 84705 21173 20038
internal_value=1.2069e-06 -0.00286306 -0.119824 -0.173397 0.0106082 0.0550378 0.290881 0.0317541 -0.000845544 -0.0185059 0.0415348 0.0552611 0.0754786 0.113427
internal_weight=3.02734e+06 2.38367e+06 49276 36315 643670 131918 11843 120075 511752 389240 117445 122512 105878 46862
internal_count=3027339 2383669 49276 36315 643670 131918 11843 120075 511752 389240 117445 122512 105878 46862
is_linear=0
shrinkage=0.02


Tree=285
num_leaves=15
num_cat=0
split_feature=25 9 6 9 9 24 9 23 24 23 25 21 19 23
split_gain=204066 462575 300253 454367 266086 525964 511714 608985 2.43675e+06 577517 1.09999e+06 469757 633344 934573
threshold=0.08292692527174951 0.65120527148246776 69.250827789306655 -0.05255246348679065 -0.30041404068469996 10690.167968750002 -0.47990448772907252 12310.619140625002 12270.561035156252 12219.798828125002 0.047159690409898765 10826.996093750002 11443.329589843752 11437.249023437502
decision_type=2 2 2 2 2 2 2 2 2 2 2 2 2 2
left_child=4 2 3 -2 6 -6 -1 8 9 11 -11 -8 -13 -14
right_child=1 -3 -4 -5 5 -7 7 -9 -10 10 -12 12 13 -15
leaf_value=0.00066409757621757831 -0.22653467962528079 0.082795988165209611 -0.027147383372202155 0.041361290175269232 -0.10706389802489674 -0.0031137860979716199 -0.12795394943987548 -0.013556378376145149 0.4178985657128037 0.022561277141109989 0.4877105222010642 0.090671871890048411 -0.2313723677339701 0.023137105829520398
leaf_weight=990009 7456 14302 104696 3828 19705 1567109 7334 92407 6873 5476 3226 58192 6008 140718
leaf_count=990009 7456 14302 104696 3828 19705 1567109 7334 92407 6873 5476 3226 58192 6008 140718
internal_value=1.23498e-06 -0.0244839 -0.0377193 -0.135695 0.00110243 -0.00440531 0.00777277 0.0297486 0.0473131 0.0357672 0.195365 0.0292149 0.034846 0.0127005
internal_weight=3.02734e+06 130282 115980 11284 2.89706e+06 1.58681e+06 1.31024e+06 320234 227827 220954 8702 212252 204918 146726
internal_count=3027339 130282 115980 11284 2897057 1586814 1310243 320234 227827 220954 8702 212252 204918 146726
is_linear=0
shrinkage=0.02


Tree=286
num_leaves=15
num_cat=0
split_feature=7 23 20 7 0 9 4 9 24 20 24 20 4 7
split_gain=228023 2.28309e+06 2.12458e+06 1.35794e+06 859225 1.06163e+06 796969 747943 810710 673837 612316 575308 541837 745700
threshold=12043.893554687502 12087.429687500002 12040.458496093752 12033.012207031252 1954.5000000000002 0.55122801661491405 -168.94499969482419 0.40984697639942175 12075.574218750002 12113.682128906252 12054.002441406252 12076.266113281252 -271.19000244140619 11421.926269531252
decision_type=2 2 2 2 2 2 2 2 2 2 2 2 2 2
left_child=2 4 10 7 -2 9 -3 8 -4 11 12 -6 13 -1
right_child=1 6 3 -5 5 -7 -8 -9 -10 -11 -12 -13 -14 -15
leaf_value=-0.094771281390844356 -0.018339952825166709 0.10789458225574411 0.18209036320355174 0.027363368056501969 -0.14551629962451784 -0.46636099175108425 -0.0010150248663940366 0.53012860612609336 0.95857398973143659 -0.45820514919080341 0.35168609839440834 0.0021450011700372869 0.0010647161303948996 -0.70769356617809154
leaf_weight=7699 33418 27951 15473 18108 43025 3824 692771 3549 548 2295 1977 13983 2161842 876
leaf_count=7699 33418 27951 15473 18108 43025 3824 692771 3549 548 2295 1977 13983 2161842 876
internal_value=1.23868e-06 -0.009025 0.00333911 0.152217 -0.100353 -0.143759 0.00321011 0.267669 0.209233 -0.122881 0.000756273 -0.109303 0.000434988 -0.15814
internal_weight=3.02734e+06 817267 2.21007e+06 37678 96545 63127 720722 19570 16021 59303 2.17239e+06 57008 2.17042e+06 8575
internal_count=3027339 817267 2210072 37678 96545 63127 720722 19570 16021 59303 2172394 57008 2170417 8575
is_linear=0
shrinkage=0.02


Tree=287
num_leaves=15
num_cat=0
split_feature=7 20 7 7 20 23 22 7 4 8 9 20 21 6
split_gain=226538 1.53885e+06 2.10501e+06 1.74526e+06 3.12837e+06 2.05989e+06 921619 2.11928e+06 1.00581e+06 816241 805186 785523 768502 718241
threshold=11199.130371093752 11247.871582031252 11227.193847656252 11368.623535156252 11400.935058593752 11383.837402343752 11357.017578125002 11346.758300781252 58.465000152587898 0.9084724783897401 -0.40984697639942164 11159.052734375002 11106.084472656252 110.03726196289064
decision_type=2 2 2 2 2 2 2 2 2 2 2 2 2 2
left_child=-1 2 11 4 6 -5 10 8 -8 -6 -3 12 -2 -13
right_child=1 3 -4 5 9 -7 7 -9 -10 -11 -12 13 -14 -15
leaf_value=0.007084565997773502 0.30644125940144135 0.18817941889264878 -0.15380523447559249 -0.12589145064871574 -0.044538283555078037 0.0005650021133956595 0.061726706361187364 0.05940385093984487 0.56923390011269737 0.56510860329246615 -0.0010437663541853874 0.017691875288349018 -0.13719648858000819 -0.1005694330606875
leaf_weight=1131187 1645 9869 59958 53437 1026 1433186 2182 35281 5512 6039 100535 135328 27946 24208
leaf_count=1131187 1645 9869 59958 53437 1026 1433186 2182 35281 5512 6039 100535 135328 27946 24208
internal_value=1.23169e-06 -0.00422448 -0.0505546 0.00278226 0.0654478 -0.00398131 0.0464776 0.125045 0.425576 0.476633 0.0158862 -0.0178151 -0.112438 -0.000258154
internal_weight=3.02734e+06 1.89615e+06 249085 1.64707e+06 160444 1.48662e+06 153379 42975 7694 7065 110404 189127 29591 159536
internal_count=3027339 1896152 249085 1647067 160444 1486623 153379 42975 7694 7065 110404 189127 29591 159536
is_linear=0
shrinkage=0.02


Tree=288
num_leaves=15
num_cat=0
split_feature=8 24 0 23 9 22 8 22 22 24 4 24 25 13
split_gain=198526 497091 622619 619790 589808 556717 405633 751353 1.2551e+06 850740 556361 621807 941644 477908
threshold=-0.95380857586860646 11307.107910156252 2232.5000000000005 10997.298339843752 0.20284801721572879 12225.106445312502 -0.844174563884735 11001.121582031252 11139.823730468752 10941.625488281252 -49.735000610351555 12190.638671875002 0.052129447460174567 -1.0000000180025095e-35
decision_type=2 2 2 2 2 2 2 2 2 2 2 2 2 2
left_child=1 3 -3 -1 -5 -4 7 9 -9 13 11 -10 -13 -2
right_child=6 2 5 4 -6 -7 -8 8 10 -11 -12 12 -14 -15
leaf_value=-0.0028869046030414154 0.035311350511853613 0.006613535266074352 -0.080565171025008472 0.10003756165259158 0.45187879345615367 0.016489699194223807 -0.00093430816684998827 0.55067379832823371 0.040035297649129532 -0.34886819874862718 -0.011745030572079103 0.071764712029318375 0.33266329208622808 -0.073231017479823371
leaf_weight=27974 33387 118468 97180 10027 2346 31235 2460546 1921 120090 3243 62165 19485 7723 31549
leaf_count=27974 33387 118468 97180 10027 2346 31235 2460546 1921 120090 3243 62165 19485 7723 31549
internal_value=1.28742e-06 -0.0158173 -0.026454 0.0492583 0.167062 -0.0569584 0.00165952 0.0244882 0.0431087 -0.033241 0.0384276 0.0596018 0.145917 -0.0174265
internal_weight=3.02734e+06 287230 246883 40347 12373 128415 2.74011e+06 279563 211384 68179 209463 147298 27208 64936
internal_count=3027339 287230 246883 40347 12373 128415 2740109 279563 211384 68179 209463 147298 27208 64936
is_linear=0
shrinkage=0.02


Tree=289
num_leaves=15
num_cat=0
split_feature=7 24 7 4 21 24 7 20 4 24 19 0 20 4
split_gain=227320 305758 266804 311849 263463 537893 624716 458773 611393 368803 404830 490453 397574 530612
threshold=12805.279296875002 12815.684082031252 12816.793945312502 -99.344997406005845 12761.528320312502 12787.393554687502 12767.550292968752 12795.735839843752 140.20500183105472 12771.544921875002 12951.521484375002 1035.5000000000002 12804.312011718752 -21.224999427795407
decision_type=2 2 2 2 2 2 2 2 2 2 2 2 2 2
left_child=4 2 -2 -4 5 7 -7 -1 -9 12 11 -11 13 -6
right_child=1 -3 3 -5 9 6 -8 8 -10 10 -12 -13 -14 -15
leaf_value=0.00043127887161736709 -0.062470411365991546 0.036499688624290282 -0.38655980117803751 -0.038948656172146059 0.15645030585166397 0.067441168543160762 -0.33180645796467184 -0.04398522128991008 -0.49088014597183399 -0.024002072920668433 -0.11463657803336753 0.19169738893317786 -0.085173492522683067 -0.056767995151257966
leaf_weight=2934717 11263 8304 2575 1723 10094 2525 4112 4136 1731 5794 3010 15456 13228 8671
leaf_count=2934717 11263 8304 2575 1723 10094 2525 4112 4136 1731 5794 3010 15456 13228 8671
internal_value=1.33375e-06 -0.0614679 -0.113739 -0.247627 0.000489965 -0.000328458 -0.18004 7.776e-05 -0.176451 0.0433618 0.102153 0.1329 -0.001236 0.0579468
internal_weight=3.02734e+06 23865 15561 4298 3.00347e+06 2.94722e+06 6637 2.94058e+06 5867 56253 24260 21250 31993 18765
internal_count=3027339 23865 15561 4298 3003474 2947221 6637 2940584 5867 56253 24260 21250 31993 18765
is_linear=0
shrinkage=0.02


Tree=290
num_leaves=15
num_cat=0
split_feature=5 23 9 4 1 4 4 25 24 21 24 21 22 19
split_gain=205512 344653 350534 318564 266449 424412 345320 501371 884970 778267 330301 423573 325768 298603
threshold=0.057499999180436141 10860.633789062502 -0.72804987430572499 253.78499603271487 94.94791412353517 -125.01499938964842 253.78499603271487 0.068190522491931929 10941.625488281252 10952.320800781252 12152.229492187502 12036.037109375002 12045.368164062502 12530.788574218752
decision_type=2 2 2 2 2 2 2 2 2 2 2 2 2 2
left_child=4 -2 -3 -4 6 10 -1 -8 -9 -10 11 -6 -13 -12
right_child=1 2 3 -5 5 -7 7 8 9 -11 13 12 -14 -15
leaf_value=0.0033049305952419341 -0.03743393832990425 0.11906057001981379 0.015981754717053345 0.17145827002771546 -0.049146613375680638 -0.0052770186671984203 0.050284090775127556 -0.0067463610349211755 -0.84783616163292708 -0.052611073902020085 0.17085466090908505 -0.51179968077203508 -0.11813637307102642 -0.061652997308007489
leaf_weight=1878467 38141 15627 181839 5419 100638 786497 3593 2471 1362 770 5066 1370 2174 3905
leaf_count=1878467 38141 15627 181839 5419 100638 786497 3593 2471 1362 770 5066 1370 2174 3905
internal_value=1.22815e-06 0.0177183 0.0280879 0.0204901 -0.00153141 -0.0104877 0.00273941 -0.126718 -0.264697 -0.562226 -0.0467021 -0.0567303 -0.271332 0.0696879
internal_weight=3.02734e+06 241026 202885 187258 2.78631e+06 899650 1.88666e+06 8196 4603 2132 113153 104182 3544 8971
internal_count=3027339 241026 202885 187258 2786313 899650 1886663 8196 4603 2132 113153 104182 3544 8971
is_linear=0
shrinkage=0.02


Tree=291
num_leaves=15
num_cat=0
split_feature=7 21 24 9 4 7 7 7 7 8 19 23 4 7
split_gain=224045 2.18877e+06 1.97706e+06 840747 765734 739606 997782 781344 622396 550955 550129 539024 511994 717449
threshold=12043.893554687502 12074.601562500002 12037.662109375002 0.57128185033798229 -168.94499969482419 12033.012207031252 12007.106445312502 11972.123535156252 12021.527343750002 0.42604035139083868 11990.697265625002 12053.269531250002 -271.19000244140619 11421.926269531252
decision_type=2 2 2 2 2 2 2 2 2 2 2 2 2 2
left_child=2 3 12 -2 -3 6 7 9 -8 -4 -7 -5 13 -1
right_child=1 4 5 11 -6 10 8 -9 -10 -11 -12 -13 -14 -15
leaf_value=-0.091412196722514771 -0.09468474664625301 0.10434901394067778 0.67100090085095121 -0.52159840046765904 -0.0024796518117118156 0.61396681568640843 0.49257802878664464 -0.052517292250318252 0.21913631863980648 0.068040292392863119 0.024638722389883207 -0.030209883321445034 0.0011923737223508543 -0.69260713887268477
leaf_weight=7699 71709 27878 1169 3103 713323 645 4942 7401 10274 1253 19433 1254 2156380 876
leaf_count=7699 71709 27878 1169 3103 713323 645 4942 7401 10274 1253 19433 1254 2156380 876
internal_value=1.12644e-06 -0.00894603 0.00330975 -0.111108 0.00153971 0.134331 0.206824 0.0496125 0.308214 0.360635 0.0438679 -0.380568 0.000578687 -0.153566
internal_weight=3.02734e+06 817267 2.21007e+06 76066 741201 45117 25039 9823 15216 2422 20078 4357 2.16496e+06 8575
internal_count=3027339 817267 2210072 76066 741201 45117 25039 9823 15216 2422 20078 4357 2164955 8575
is_linear=0
shrinkage=0.02


Tree=292
num_leaves=15
num_cat=0
split_feature=7 24 7 4 7 4 0 7 4 24 7 7 20 8
split_gain=223724 474298 1.2855e+06 426772 301137 304062 262602 256506 1.85313e+06 1.05127e+06 959840 838320 1.06068e+06 1.26591e+06
threshold=10065.734863281252 10652.759277343752 10679.781738281252 59.594999313354499 10640.455566406252 169.55500030517581 8173.0000000000009 10775.280273437502 -46.995000839233391 10797.577148437502 10759.808593750002 10880.121582031252 10887.128906250002 -0.89492630958557118
decision_type=2 2 2 2 2 2 2 2 2 2 2 2 2 2
left_child=-1 -2 3 -3 -5 -6 7 8 10 -9 -4 -11 13 -13
right_child=1 2 6 4 5 -7 -8 9 -10 11 -12 12 -14 -15
leaf_value=0.086483631300827535 -0.063440406046321104 -0.066068834422616074 0.43704109995386503 0.3163088360173571 0.18648377723366266 -0.013657805050845753 -0.1037151590020168 -0.082958058021153441 -0.01735625171001464 0.052942600082350813 0.10613297647841723 -0.22938630469381718 0.00022368850720874589 -0.023285115742726629
leaf_weight=11908 46898 3303 5794 4859 12212 4038 9825 61400 52130 117666 8880 17415 2633264 37747
leaf_count=11908 46898 3303 5794 4859 12212 4038 9825 61400 52130 117666 8880 17415 2633264 37747
internal_value=1.15078e-06 -0.000340649 0.000656428 0.145161 0.178229 0.136771 -0.000542253 -0.000196437 0.0385421 -0.00109907 0.237001 0.000692368 -0.00159468 -0.0883827
internal_weight=3.02734e+06 3.01543e+06 2.96853e+06 24412 21109 16250 2.94412e+06 2.9343e+06 66804 2.86749e+06 14674 2.80609e+06 2.68843e+06 55162
internal_count=3027339 3015431 2968533 24412 21109 16250 2944121 2934296 66804 2867492 14674 2806092 2688426 55162
is_linear=0
shrinkage=0.02


Tree=293
num_leaves=15
num_cat=0
split_feature=7 20 0 5 19 7 23 0 8 9 0 7 19 5
split_gain=221796 1.63808e+06 949479 1.0693e+06 787310 1.73501e+06 1.46175e+06 1.21306e+06 1.17653e+06 963217 785024 844230 798956 914330
threshold=10971.728027343752 10970.681640625002 1739.5000000000002 0.042500000447034843 10948.333007812502 10921.647949218752 10966.328125000002 3967.5000000000005 -0.83435350656509388 -0.65512093901634205 4175.5000000000009 10950.715332031252 10973.657714843752 0.042500000447034843
decision_type=2 2 2 2 2 2 2 2 2 2 2 2 2 2
left_child=4 2 -2 -4 7 6 -6 -1 -7 10 12 -12 -10 -14
right_child=1 -3 3 -5 5 8 -8 -9 9 -11 11 -13 13 -15
leaf_value=-0.018087304533278611 0.030020184540600681 -0.00040285233387706557 -0.22238381959188949 0.052617807530024596 0.47425115551555236 -0.38635864659872965 0.024351589002833105 0.054071320848955697 -0.096258958671220876 0.083752047941188887 0.093324218777644893 -0.4181500616152411 -0.00019191843502714784 0.30597237416775269
leaf_weight=389240 12961 2334393 29312 7003 6852 2630 4991 122512 17992 74883 1916 3926 13199 5529
leaf_count=389240 12961 2334393 29312 7003 6852 2630 4991 122512 17992 74883 1916 3926 13199 5529
internal_value=1.16621e-06 -0.00281193 -0.116916 -0.169352 0.0104187 0.0539828 0.284832 -0.000811973 0.0311922 0.0405748 -0.0353919 -0.250526 -0.00110558 0.0903098
internal_weight=3.02734e+06 2.38367e+06 49276 36315 643670 131918 11843 511752 120075 117445 42562 5842 36720 18728
internal_count=3027339 2383669 49276 36315 643670 131918 11843 511752 120075 117445 42562 5842 36720 18728
is_linear=0
shrinkage=0.02


Tree=294
num_leaves=15
num_cat=0
split_feature=16 5 22 0 24 0 4 0 8 4 8 8 24 19
split_gain=196462 200179 265532 319997 269708 338534 338944 475163 380570 333718 824920 332079 278684 335016
threshold=-23.100000381469723 0.062499998137354858 10865.598144531252 717.50000000000011 11940.630859375002 5326.5000000000009 124.47500228881837 3259.5000000000005 0.73663246631622326 154.66500091552737 0.8027104139328004 0.66452467441558849 11002.004394531252 11098.546875000002
decision_type=2 2 2 2 2 2 2 2 2 2 2 2 2 2
left_child=-1 -2 -3 -4 5 6 7 8 12 -6 -11 -7 -5 -14
right_child=1 2 3 4 9 11 -8 -9 -10 10 -12 -13 13 -15
leaf_value=0.022871629831529263 -0.0024267733456291218 -0.03620054791331289 -0.036321460447002275 0.064493153596075631 0.035097174333173851 -0.20897485242727151 0.0068206190322760733 0.30723737359989223 0.036150580371842204 -0.57193506217172829 -0.025638449879799702 0.27044705903632094 0.43966927930515981 0.059612551509199786
leaf_weight=143127 2720417 27615 22927 3458 29489 645 31298 3813 26411 1281 7709 5048 2679 1422
leaf_count=143127 2720417 27615 22927 3458 29489 645 31298 3813 26411 1281 7709 5048 2679 1422
internal_value=1.14132e-06 -0.00113386 0.0203384 0.0318056 0.0455994 0.0677375 0.0555013 0.0958135 0.071998 0.00257269 -0.104032 0.215855 0.197032 0.308357
internal_weight=3.02734e+06 2.88421e+06 163795 136180 113253 74774 69081 37783 33970 38479 8990 5693 7559 4101
internal_count=3027339 2884212 163795 136180 113253 74774 69081 37783 33970 38479 8990 5693 7559 4101
is_linear=0
shrinkage=0.02


Tree=295
num_leaves=15
num_cat=0
split_feature=7 24 23 19 7 4 7 23 7 7 19 7 7 23
split_gain=218718 294249 290184 848400 711639 666125 610702 891360 996194 787976 825757 1.35586e+06 1.05552e+06 877615
threshold=12805.279296875002 12815.684082031252 12738.863281250002 12951.521484375002 12767.550292968752 -26.615000724792477 12707.136718750002 12677.269531250002 12671.147949218752 12544.754394531252 12292.824218750002 12291.576660156252 12279.564941406252 12172.963378906252
decision_type=2 2 2 2 2 2 2 2 2 2 2 2 2 2
left_child=2 -2 6 5 -5 -4 7 9 -9 10 11 -1 13 -12
right_child=1 -3 3 4 -6 -7 -8 8 -10 -11 12 -13 -14 -15
leaf_value=-0.00020217302881455569 -0.11157147184927116 0.035812257860899595 0.1642849182586967 0.030126917567828131 -0.24779092280134835 0.024419346602598053 -0.082550778367004404 0.28698469267877197 0.019015331257361909 -0.054350513782242198 -0.087606266004624789 -0.25229516531794749 0.028048798286133797 0.26532684706676168
leaf_weight=2611487 15561 8304 20778 8113 6740 39518 35844 9095 14214 104712 3528 8552 126978 13915
leaf_count=2611487 15561 8304 20778 8113 6740 39518 35844 9095 14214 104712 3528 8552 126978 13915
internal_value=1.1426e-06 -0.0602939 0.00048044 0.0392841 -0.0960673 0.0726366 -0.000515494 0.000501373 0.123654 -0.000499534 0.00154041 -0.00102599 0.0480962 0.193933
internal_weight=3.02734e+06 23865 3.00347e+06 75149 14853 60296 2.92832e+06 2.89248e+06 23309 2.86917e+06 2.76446e+06 2.62004e+06 144421 17443
internal_count=3027339 23865 3003474 75149 14853 60296 2928325 2892481 23309 2869172 2764460 2620039 144421 17443
is_linear=0
shrinkage=0.02


Tree=296
num_leaves=15
num_cat=0
split_feature=7 20 7 23 7 7 20 7 23 7 7 23 7 20
split_gain=218193 1.91231e+06 943335 736703 3.56522e+06 1.27849e+06 2.64068e+06 1.08932e+06 665871 1.189e+06 1.56106e+06 1.62365e+06 798925 2.21592e+06
threshold=11204.128417968752 11186.542480468752 11230.460449218752 11353.098144531252 11346.758300781252 11368.623535156252 11409.897949218752 11365.239746093752 11168.909667968752 11130.324218750002 11171.963378906252 11256.803222656252 11019.201171875002 11025.715332031252
decision_type=2 2 2 2 2 2 2 2 2 2 2 2 2 2
left_child=8 2 -2 7 -5 6 -6 -3 12 -10 -11 -12 -1 -14
right_child=1 3 -4 4 5 -7 -8 -9 9 10 11 -13 13 -15
leaf_value=0.0090509391204475018 -0.091929005908222408 -0.01790643898580082 -0.34477727681067932 0.38122622934885353 0.055793708299518636 -0.0013050871649848428 0.56485708082538477 -0.15118251459479057 -0.10489992541015138 0.21633811475448941 0.024636372498325926 0.42085043008675482 -0.16090774173016406 -0.0016159564167588009
leaf_weight=752271 42622 241496 6844 9971 42129 1462157 4503 27295 21258 20817 180867 4224 44183 166702
leaf_count=752271 42622 241496 6844 9971 42129 1462157 4503 27295 21258 20817 180867 4224 44183 166702
internal_value=1.12091e-06 -0.00432097 -0.126976 -0.000926109 0.00447538 0.00198306 0.105062 -0.0314455 0.00667137 0.0374719 0.0521749 0.0337008 -0.000593403 -0.0349957
internal_weight=3.02734e+06 1.83702e+06 49466 1.78755e+06 1.51876e+06 1.50879e+06 46632 268791 1.19032e+06 227166 205908 185091 963156 210885
internal_count=3027339 1837017 49466 1787551 1518760 1508789 46632 268791 1190322 227166 205908 185091 963156 210885
is_linear=0
shrinkage=0.02


Tree=297
num_leaves=15
num_cat=0
split_feature=7 19 7 7 24 19 7 9 24 7 7 24 19 7
split_gain=213279 458235 1.29599e+06 409651 261914 255645 438771 1.25532e+06 1.06437e+06 950120 810591 1.05546e+06 1.05008e+06 1.30305e+06
threshold=10065.734863281252 10646.074707031252 10679.781738281252 10640.455566406252 10681.454101562502 10698.044921875002 10775.280273437502 0.61151722073555004 10797.577148437502 10759.808593750002 10880.121582031252 10879.510253906252 10913.085937500002 10921.647949218752
decision_type=2 2 2 2 2 2 2 2 2 2 2 2 2 2
left_child=-1 -2 3 -3 -5 -4 7 -7 -8 -9 11 -10 -12 -14
right_child=1 2 5 4 -6 6 8 9 10 -11 12 -13 13 -15
leaf_value=0.08444063551257848 -0.062339173813538935 0.30955647036630157 -0.089647637119161419 -0.029852976586300255 0.14527929887866622 -0.0094149613581662218 -0.084417612770276346 0.380272008966763 0.029435660502244075 0.083518459124304667 -0.061755521243709283 0.21166567167141725 0.14747747364462815 -0.00051046615277611945
leaf_weight=11908 46921 4907 12815 4437 14784 40255 60279 6656 103175 12263 111735 14491 24013 2558700
leaf_count=11908 46921 4907 12815 4437 14784 40255 60279 6656 103175 12263 111735 14491 24013 2558700
internal_value=1.15098e-06 -0.000332575 0.000647717 0.146599 0.104856 -0.000548777 -0.00015898 0.0537446 -0.00126964 0.188068 0.000512968 0.0518942 -0.00173102 0.000866023
internal_weight=3.02734e+06 3.01543e+06 2.96851e+06 24128 19221 2.94438e+06 2.93157e+06 59174 2.87239e+06 18919 2.81211e+06 117666 2.69445e+06 2.58271e+06
internal_count=3027339 3015431 2968510 24128 19221 2944382 2931567 59174 2872393 18919 2812114 117666 2694448 2582713
is_linear=0
shrinkage=0.02


Tree=298
num_leaves=15
num_cat=0
split_feature=25 9 0 6 9 25 9 0 19 9 21 19 9 0
split_gain=192130 447211 389054 287677 429178 274866 454888 776598 685987 729743 635814 785054 589269 623557
threshold=0.08292692527174951 0.65120527148246776 6951.5000000000009 69.250827789306655 -0.05255246348679065 0.023657686077058319 -0.29443810880184168 936.50000000000011 12519.374511718752 -0.50931808352470387 12761.528320312502 12728.486816406252 0.31095837056636816 5760.5000000000009
decision_type=2 2 2 2 2 2 2 2 2 2 2 2 2 2
left_child=2 3 5 4 -2 -1 7 -7 9 -9 11 -10 13 -8
right_child=1 -3 -4 -5 -6 6 12 8 10 -11 -12 -13 -14 -15
leaf_value=-0.0064937839278064267 -0.22095828844417906 0.081726078709103492 -0.13098243020903641 -0.02642270041171095 0.039407374503992697 -0.021873838612178207 -0.026289578901184246 0.021791441772571352 -0.008132958061188772 0.074125860345449018 0.13178572525559348 -0.15677342090433294 0.0088417833335777858 0.22299090918133882
leaf_weight=1082216 7456 14302 8887 104696 3828 164432 353564 446694 55896 139967 9012 19050 613289 4050
leaf_count=1082216 7456 14302 8887 104696 3828 164432 353564 446694 55896 139967 9012 19050 613289 4050
internal_value=1.19757e-06 -0.0237571 0.0010697 -0.0367708 -0.132673 0.00147649 0.00625269 0.0170759 0.0266264 0.0342786 -0.0268413 -0.045931 -0.00305617 -0.0234603
internal_weight=3.02734e+06 130282 2.89706e+06 115980 11284 2.88817e+06 1.80595e+06 835051 670619 586661 83958 74946 970903 357614
internal_count=3027339 130282 2897057 115980 11284 2888170 1805954 835051 670619 586661 83958 74946 970903 357614
is_linear=0
shrinkage=0.02


Tree=299
num_leaves=15
num_cat=0
split_feature=7 23 20 20 4 4 20 7 7 7 9 7 20 4
split_gain=208338 283303 742510 658777 454654 365947 765762 602562 384221 646904 372875 289246 1.0435e+06 923106
threshold=12805.279296875002 12738.863281250002 12689.021972656252 12804.312011718752 131.08499908447268 -23.954999923706051 12795.735839843752 12723.007324218752 12753.250976562502 12767.550292968752 0.71953120827674877 12544.754394531252 12557.668457031252 213.45500183105472
decision_type=2 2 2 2 2 2 2 2 2 2 2 2 2 2
left_child=1 3 -3 11 -5 6 -4 -7 -8 10 -10 -1 13 -13
right_child=-2 2 5 4 -6 7 8 -9 9 -11 -12 12 -14 -15
leaf_value=0.0014799186883606786 -0.058845626860858979 0.63261923802571529 0.19171171026896744 -0.086939244424433973 -0.42020275755976583 0.14763769372712851 -0.19132987901147022 -0.032665586905011618 -0.15969428248333364 -0.069865190443328784 0.483541267844738 -0.10996508658923899 -0.0010368259973321267 -0.69291156383612396
leaf_weight=2764460 23865 823 14104 5871 2265 9078 3866 40241 453 4906 1678 29272 125338 1119
leaf_count=2764460 23865 823 14104 5871 2265 9078 3866 40241 453 4906 1678 29272 125338 1119
internal_value=1.1722e-06 0.000468958 0.0388098 -0.000515098 -0.180122 0.0321502 0.094456 0.000545092 -0.0314114 0.0565889 0.346688 -1.40703e-05 -0.0265335 -0.131651
internal_weight=3.02734e+06 3.00347e+06 75149 2.92832e+06 8136 74326 25007 49319 10903 7037 2131 2.92019e+06 155729 30391
internal_count=3027339 3003474 75149 2928325 8136 74326 25007 49319 10903 7037 2131 2920189 155729 30391
is_linear=0
shrinkage=0.02


end of trees

feature_importances:
Column_7=1058
Column_4=391
Column_20=375
Column_19=302
Column_21=267
Column_23=253
Column_24=243
Column_8=234
Column_0=225
Column_9=221
Column_22=149
Column_25=129
Column_17=116
Column_5=89
Column_6=37
Column_16=34
Column_13=30
Column_14=25
Column_1=19
Column_3=2
Column_18=1

parameters:
[boosting: gbdt]
[objective: regression]
[metric: l2]
[tree_learner: serial]
[device_type: cpu]
[data_sample_strategy: bagging]
[data: ]
[valid: ]
[num_iterations: 300]
[learning_rate: 0.02]
[num_leaves: 15]
[num_threads: 4]
[seed: 1]
[deterministic: 0]
[force_col_wise: 0]
[force_row_wise: 0]
[histogram_pool_size: -1]
[max_depth: -1]
[min_data_in_leaf: 200]
[min_sum_hessian_in_leaf: 0.001]
[bagging_fraction: 0.7]
[pos_bagging_fraction: 1]
[neg_bagging_fraction: 1]
[bagging_freq: 0]
[bagging_seed: 18467]
[bagging_by_query: 0]
[feature_fraction: 0.6]
[feature_fraction_bynode: 1]
[feature_fraction_seed: 26500]
[extra_trees: 0]
[extra_seed: 15724]
[early_stopping_round: 0]
[early_stopping_min_delta: 0]
[first_metric_only: 0]
[max_delta_step: 0]
[lambda_l1: 1]
[lambda_l2: 10]
[linear_lambda: 0]
[min_gain_to_split: 0]
[drop_rate: 0.1]
[max_drop: 50]
[skip_drop: 0.5]
[xgboost_dart_mode: 0]
[uniform_drop: 0]
[drop_seed: 6334]
[top_rate: 0.2]
[other_rate: 0.1]
[min_data_per_group: 100]
[max_cat_threshold: 32]
[cat_l2: 10]
[cat_smooth: 10]
[max_cat_to_onehot: 4]
[top_k: 20]
[monotone_constraints: ]
[monotone_constraints_method: basic]
[monotone_penalty: 0]
[feature_contri: ]
[forcedsplits_filename: ]
[refit_decay_rate: 0.9]
[cegb_tradeoff: 1]
[cegb_penalty_split: 0]
[cegb_penalty_feature_lazy: ]
[cegb_penalty_feature_coupled: ]
[path_smooth: 0]
[interaction_constraints: ]
[verbosity: -1]
[saved_feature_importance_type: 0]
[use_quantized_grad: 0]
[num_grad_quant_bins: 4]
[quant_train_renew_leaf: 0]
[stochastic_rounding: 1]
[linear_tree: 0]
[max_bin: 255]
[max_bin_by_feature: ]
[min_data_in_bin: 3]
[bin_construct_sample_cnt: 200000]
[data_random_seed: 41]
[is_enable_sparse: 1]
[enable_bundle: 1]
[use_missing: 1]
[zero_as_missing: 0]
[feature_pre_filter: 1]
[pre_partition: 0]
[two_round: 0]
[header: 0]
[label_column: ]
[weight_column: ]
[group_column: ]
[ignore_column: ]
[categorical_feature: ]
[forcedbins_filename: ]
[precise_float_parser: 0]
[parser_config_file: ]
[objective_seed: 19169]
[num_class: 1]
[is_unbalance: 0]
[scale_pos_weight: 1]
[sigmoid: 1]
[boost_from_average: 1]
[reg_sqrt: 0]
[alpha: 0.9]
[fair_c: 1]
[poisson_max_delta_step: 0.7]
[tweedie_variance_power: 1.5]
[lambdarank_truncation_level: 30]
[lambdarank_norm: 1]
[label_gain: ]
[lambdarank_position_bias_regularization: 0]
[eval_at: ]
[multi_error_top_k: 1]
[auc_mu_weights: ]
[num_machines: 1]
[local_listen_port: 12400]
[time_out: 120]
[machine_list_filename: ]
[machines: ]
[gpu_platform_id: -1]
[gpu_device_id: -1]
[gpu_use_dp: 0]
[num_gpu: 1]

end of parameters

pandas_categorical:null
